# https://github.com/mikedh/trimesh
v 0.00856291 0.05265501 0.00977498
v 0.00867224 0.05265501 0.00968225
v 0.00856291 0.05313117 0.00967538
v 0.00856291 0.06057047 0.00278669
v 0.00891067 0.05265501 0.00946998
v 0.00860813 0.05313117 0.00963485
v 0.00856291 0.05338588 0.00959226
v 0.01295254 0.05265501 0.00309444
v 0.00903757 0.06009755 0.00298796
v 0.00959478 0.05313117 0.00871709
v 0.00934142 0.05313117 0.00895546
v 0.00910299 0.05313117 0.00917665
v 0.00903625 0.05352865 0.00911277
v 0.01283398 0.05265501 0.00348119
v 0.01282388 0.05360814 0.00299758
v 0.01286077 0.05316362 0.00313085
v 0.01280588 0.05302572 0.00340494
v 0.00895238 0.06002455 0.00330602
v 0.00922901 0.05982986 0.00314184
v 0.00950301 0.05963599 0.00297835
v 0.00907928 0.06013811 0.00278669
v 0.00983277 0.05313117 0.00848490
v 0.00951662 0.05360814 0.00864152
v 0.00945910 0.05388151 0.00858725
v 0.00922067 0.05405834 0.00873426
v 0.00896687 0.05384582 0.00904957
v 0.00907182 0.05456128 0.00866763
v 0.00879870 0.05456128 0.00890600
v 0.00856291 0.05456128 0.00910796
v 0.01240323 0.05228430 0.00455832
v 0.01239884 0.05265501 0.00449718
v 0.01235800 0.05313117 0.00441131
v 0.01280544 0.05396749 0.00278669
v 0.01279622 0.05390747 0.00290347
v 0.01239181 0.05360408 0.00406509
v 0.01231980 0.05344266 0.00432751
v 0.01234263 0.05408430 0.00390435
v 0.00888081 0.05995316 0.00357118
v 0.00902044 0.05962221 0.00390710
v 0.00987975 0.05903735 0.00323320
v 0.00994298 0.05911603 0.00291583
v 0.00996713 0.05914767 0.00278669
v 0.00942046 0.05954109 0.00329571
v 0.00993420 0.05862608 0.00383497
v 0.00987624 0.05265501 0.00852955
v 0.01004749 0.05313117 0.00824653
v 0.00997328 0.05360814 0.00815997
v 0.00975505 0.05360814 0.00839834
v 0.00938972 0.05419949 0.00851787
v 0.00900156 0.05485735 0.00860374
v 0.01183592 0.05253820 0.00573712
v 0.01192418 0.05268016 0.00552004
v 0.01190969 0.05313117 0.00542525
v 0.01185831 0.05360814 0.00531533
v 0.01230575 0.05528565 0.00286637
v 0.01235273 0.05452558 0.00353546
v 0.01230970 0.05434388 0.00382672
v 0.01234790 0.05500093 0.00305322
v 0.01188773 0.05404293 0.00499659
v 0.01182802 0.05385636 0.00524389
v 0.01185656 0.05444447 0.00483516
v 0.00861428 0.05969521 0.00452397
v 0.00893394 0.05952567 0.00422447
v 0.00920574 0.05932532 0.00404792
v 0.00955745 0.05921824 0.00357118
v 0.00999392 0.05870476 0.00357118
v 0.01037725 0.05811585 0.00377520
v 0.01044355 0.05819535 0.00345783
v 0.00984814 0.05852712 0.00415302
v 0.01005144 0.05836975 0.00401563
v 0.00966284 0.05882644 0.00401220
v 0.01008569 0.05265501 0.00829118
v 0.01032411 0.05265501 0.00800816
v 0.01028591 0.05313117 0.00794427
v 0.01091118 0.05491089 0.00624408
v 0.01041589 0.05531242 0.00669129
v 0.00992190 0.05384987 0.00809884
v 0.01042028 0.05342400 0.00765370
v 0.00930981 0.05456128 0.00842514
v 0.00938753 0.05514694 0.00802877
v 0.00905162 0.05551359 0.00818196
v 0.00890189 0.05517533 0.00851856
v 0.01181353 0.05285537 0.00570827
v 0.01173010 0.05268016 0.00591847
v 0.01163437 0.05313117 0.00595351
v 0.01173976 0.05360814 0.00555370
v 0.01187456 0.05492387 0.00441818
v 0.01230970 0.05481842 0.00335273
v 0.01186183 0.05629151 0.00293919
v 0.01193164 0.05599543 0.00309650
v 0.01216085 0.05547222 0.00305322
v 0.01180430 0.05476163 0.00473555
v 0.01193208 0.05458642 0.00455557
v 0.01177796 0.05417353 0.00515253
v 0.01167565 0.05404293 0.00543211
v 0.01172834 0.05458642 0.00499659
v 0.00885271 0.05943077 0.00452397
v 0.00939104 0.05902680 0.00418874
v 0.01031182 0.05802824 0.00404723
v 0.01048702 0.05778976 0.00404723
v 0.01057133 0.05793252 0.00359797
v 0.00998557 0.05820914 0.00439071
v 0.00898400 0.05910629 0.00478913
v 0.01045804 0.05313117 0.00770659
v 0.01143546 0.05408430 0.00585596
v 0.01137882 0.05440634 0.00576597
v 0.01084927 0.05522887 0.00615890
v 0.01138936 0.05348647 0.00624958
v 0.00996757 0.05536596 0.00720100
v 0.01033070 0.05562959 0.00657519
v 0.00948105 0.05628746 0.00719001
v 0.00956360 0.05599057 0.00729030
v 0.00988370 0.05568394 0.00710002
v 0.01143634 0.05313117 0.00631759
v 0.00951882 0.05541869 0.00771140
v 0.00931332 0.05555172 0.00786527
v 0.00903405 0.05634505 0.00769079
v 0.00897741 0.05576830 0.00810639
v 0.01145215 0.05260877 0.00644811
v 0.01149518 0.05363004 0.00598785
v 0.01187105 0.05538056 0.00393114
v 0.01179904 0.05524104 0.00424920
v 0.01174239 0.05506420 0.00455557
v 0.01144864 0.05686177 0.00309444
v 0.01096827 0.05733306 0.00357118
v 0.01138409 0.05676199 0.00340563
v 0.01139507 0.05631261 0.00390504
v 0.01140604 0.05585591 0.00440307
v 0.01186753 0.05584050 0.00343448
v 0.01151187 0.05506988 0.00503300
v 0.01141483 0.05493279 0.00535174
v 0.01147279 0.05456371 0.00549737
v 0.01041984 0.05769242 0.00432682
v 0.01072589 0.05740283 0.00403693
v 0.01090284 0.05723329 0.00387206
v 0.01081766 0.05757155 0.00357118
v 0.01092436 0.05773784 0.00300102
v 0.00988678 0.05809313 0.00470876
v 0.01015594 0.05789278 0.00451779
v 0.00888520 0.05898949 0.00510719
v 0.01088484 0.05294947 0.00716116
v 0.01093753 0.05539192 0.00584153
v 0.01044179 0.05582428 0.00625782
v 0.00970148 0.05555091 0.00740571
v 0.01017702 0.05602058 0.00645704
v 0.00938050 0.05660463 0.00705537
v 0.00893701 0.05666222 0.00758844
v 0.00936557 0.05599057 0.00752799
v 0.01134984 0.05241977 0.00666793
v 0.00886325 0.05608629 0.00800885
v 0.01141658 0.05539760 0.00489561
v 0.01082468 0.05709701 0.00418943
v 0.01091382 0.05677903 0.00436804
v 0.00856291 0.05918173 0.00535724
v 0.00891857 0.05855470 0.00563957
v 0.01000841 0.05777515 0.00490935
v 0.00950037 0.05773054 0.00580925
v 0.00940114 0.05759589 0.00612730
v 0.01032587 0.05754559 0.00464419
v 0.01042555 0.05722761 0.00481180
v 0.01093007 0.05585510 0.00535106
v 0.01092260 0.05631828 0.00485989
v 0.00947051 0.05816533 0.00528167
v 0.00937172 0.05804852 0.00559904
v 0.00901912 0.05867150 0.00532220
v 0.01043652 0.05629233 0.00578177
v 0.01034080 0.05614145 0.00609983
v 0.00992366 0.05671008 0.00619669
v 0.00950520 0.05727790 0.00628049
v 0.00949423 0.05678390 0.00673800
v 0.00939236 0.05710188 0.00659717
v 0.00906260 0.05683825 0.00727038
v 0.00874118 0.05648295 0.00786802
v 0.00894667 0.05715623 0.00712063
v 0.00894711 0.05811260 0.00616440
v 0.00905381 0.05823671 0.00584703
v 0.00922769 0.05792117 0.00598717
v 0.00908367 0.05779462 0.00633339
v 0.00895150 0.05764050 0.00665076
v 0.00923779 0.05745961 0.00646528
v 0.00960751 0.05742959 0.00596244
v 0.01001368 0.05732901 0.00539433
v 0.00907445 0.05732252 0.00680326
v 0.00756312 0.01715062 0.01240327
v 0.00253512 0.01744498 0.01488754
v 0.00149660 0.01758004 0.01528776
v 0.00842378 0.01725105 0.01181332
v 0.00837566 0.01723027 0.01183712
v 0.00788116 0.01725451 0.01226235
v 0.00771447 0.01743805 0.01257532
v 0.00729878 0.01751078 0.01294503
v 0.00634605 0.01749346 0.01344347
v 0.00570996 0.01757312 0.01385223
v 0.00539332 0.01751078 0.01391446
v 0.00396422 0.01746230 0.01440801
v 0.00301149 0.01750386 0.01482470
v 0.00181395 0.01764584 0.01523468
v 0.00162563 0.01783285 0.01532680
v 0.00158169 0.01834884 0.01541771
v 0.00807157 0.01756965 0.01243073
v 0.00754777 0.01762506 0.01286877
v 0.00664177 0.01757312 0.01336904
v 0.00800043 0.01815145 0.01284986
v 0.00673942 0.01787440 0.01341419
v 0.00705118 0.01814106 0.01332450
v 0.00578599 0.01787440 0.01388456
v 0.00468121 0.01763199 0.01429149
v 0.00444058 0.01755926 0.01433480
v 0.00328419 0.01759736 0.01477956
v 0.00189904 0.01796444 0.01526824
v 0.00198622 0.01834884 0.01529569
v 0.00373615 0.01856355 0.01477101
v 0.00373615 0.01860165 0.01477101
v 0.00196251 0.01870900 0.01528898
v 0.00205806 0.04264576 0.01358928
v 0.00205806 0.04312367 0.01355573
v 0.00823896 0.01789864 0.01251736
v 0.00789232 0.01787440 0.01276749
v 0.00838891 0.01775319 0.01229712
v 0.00765379 0.01787440 0.01292429
v 0.00842378 0.01833845 0.01257776
v 0.00822571 0.01832807 0.01272723
v 0.00804995 0.01847005 0.01288158
v 0.00781490 0.01832807 0.01297859
v 0.00709931 0.01845966 0.01335623
v 0.00686426 0.01832114 0.01344652
v 0.00472654 0.01787440 0.01430979
v 0.00612216 0.01853585 0.01382111
v 0.00589828 0.01836616 0.01389432
v 0.00479838 0.01834884 0.01433907
v 0.00444058 0.01787440 0.01441473
v 0.00335045 0.01787440 0.01480213
v 0.00301149 0.01787440 0.01491316
v 0.00129852 0.05160473 0.01287487
v 0.00158169 0.04312367 0.01363565
v 0.00612216 0.01863974 0.01382111
v 0.00491625 0.05074589 0.01211104
v 0.00383658 0.05169823 0.01241609
v 0.00378079 0.05202376 0.01240266
v 0.00348785 0.05169823 0.01249967
v 0.00301149 0.05169823 0.01259545
v 0.00196181 0.05074589 0.01288890
v 0.00187811 0.05109912 0.01287304
v 0.00804995 0.01862589 0.01288158
v 0.00709931 0.01865013 0.01335623
v 0.00159773 0.05124457 0.01288951
v 0.00144987 0.05153893 0.01286999
v 0.00802693 0.04920828 0.01048944
v 0.00158169 0.05027145 0.01298957
v 0.00526777 0.05074589 0.01196340
v 0.00491625 0.05122379 0.01207566
v 0.00301149 0.05217614 0.01254542
v 0.00494973 0.05170516 0.01199940
v 0.00483883 0.05217614 0.01197560
v 0.00481512 0.05228349 0.01196584
v 0.00345158 0.05228349 0.01242951
v 0.00349831 0.05217960 0.01243866
v 0.00253512 0.05217614 0.01262962
v 0.00158169 0.05074589 0.01294198
v 0.00741456 0.05027145 0.01086586
v 0.00715441 0.05074589 0.01102143
v 0.00623934 0.05074589 0.01149608
v 0.00129852 0.05094328 0.01294381
v 0.00765170 0.05169823 0.01056814
v 0.00739224 0.05074589 0.01084512
v 0.00619679 0.05122379 0.01147533
v 0.00522383 0.05122379 0.01194205
v 0.00518268 0.05155278 0.01192253
v 0.00586898 0.05228349 0.01151316
v 0.00712093 0.05122379 0.01099825
v 0.00766425 0.05228349 0.01049737
v 0.00762240 0.05217614 0.01053946
v 0.00638162 0.05169823 0.01133258
v 0.00611310 0.05196489 0.01143568
v 0.00589828 0.05214497 0.01151682
v 0.00675895 0.05228349 0.01106048
v 0.00708675 0.05157010 0.01097323
v 0.00686217 0.05171901 0.01107695
v 0.00761124 0.05228349 0.01053153
v 0.00677220 0.05217614 0.01106780
v 0.00842378 0.01834031 0.01257798
v 0.00842378 0.01801138 0.01244859
v 0.00851984 0.01807151 0.01241313
v 0.00857321 0.01835092 0.01246392
v 0.00857195 0.01873290 0.01246297
v 0.00855877 0.01754805 0.01197800
v 0.00869814 0.01791589 0.01211506
v 0.00899197 0.01807858 0.01193391
v 0.00881178 0.01835092 0.01222719
v 0.00903654 0.01882485 0.01198184
v 0.01006053 0.04931607 0.00871935
v 0.00979119 0.05027102 0.00892062
v 0.00951871 0.05122244 0.00911901
v 0.00949800 0.05169991 0.00909985
v 0.00907233 0.04979355 0.00961548
v 0.00885887 0.04836466 0.00991068
v 0.00883438 0.04884214 0.00989342
v 0.00862092 0.04836466 0.01010332
v 0.00842378 0.01731108 0.01187353
v 0.00872075 0.01739597 0.01166651
v 0.00903152 0.01756220 0.01149783
v 0.00887645 0.01776026 0.01181507
v 0.00946284 0.01808212 0.01145278
v 0.00904282 0.01835092 0.01198854
v 0.00927449 0.01882485 0.01173456
v 0.01029910 0.04931607 0.00846057
v 0.01004107 0.04979355 0.00870114
v 0.00950239 0.01882485 0.01149591
v 0.00974096 0.01882485 0.01124576
v 0.00996824 0.01882485 0.01100711
v 0.00977424 0.05074850 0.00889954
v 0.00975666 0.05122244 0.00887653
v 0.00973594 0.05169991 0.00884778
v 0.00947163 0.05206067 0.00907588
v 0.00904973 0.05027102 0.00959344
v 0.00859581 0.04884214 0.01008415
v 0.00856567 0.01710241 0.01151892
v 0.00888335 0.01724388 0.01133777
v 0.00949423 0.01757988 0.01100999
v 0.00981191 0.01777441 0.01083172
v 0.00934920 0.01776734 0.01132723
v 0.00993245 0.01809273 0.01096974
v 0.00928140 0.01835092 0.01173552
v 0.01091751 0.05027102 0.00767275
v 0.01048933 0.04979355 0.00820276
v 0.01027964 0.04979355 0.00844141
v 0.01020681 0.01882485 0.01073780
v 0.01041274 0.01882485 0.01049915
v 0.01002035 0.05027102 0.00868197
v 0.00950239 0.01835092 0.01149783
v 0.00996070 0.01835092 0.01100137
v 0.01041399 0.01847824 0.01050107
v 0.00999900 0.05074850 0.00866089
v 0.00997828 0.05122244 0.00863788
v 0.00995191 0.05169991 0.00860913
v 0.00993120 0.05201115 0.00858613
v 0.00919162 0.01702460 0.01069563
v 0.00902336 0.01711302 0.01101958
v 0.00994187 0.01714132 0.01002760
v 0.00862406 0.01664615 0.01060937
v 0.00876156 0.01676994 0.01074738
v 0.00894174 0.01669567 0.01046273
v 0.01040081 0.01715546 0.00953114
v 0.00995066 0.01760110 0.01051353
v 0.01040583 0.01762586 0.01001323
v 0.01003479 0.01790881 0.01069084
v 0.01029220 0.01787344 0.01036018
v 0.01048871 0.01787344 0.01012249
v 0.01038574 0.01815993 0.01046848
v 0.01131806 0.05074850 0.00711015
v 0.01090056 0.05074850 0.00765166
v 0.01025829 0.05027102 0.00841840
v 0.01099159 0.01835092 0.00969503
v 0.01023192 0.01832970 0.01068221
v 0.01138838 0.01803968 0.00910560
v 0.01023757 0.05074850 0.00839444
v 0.01044978 0.05074850 0.00815675
v 0.01021623 0.05122244 0.00837048
v 0.01040960 0.05155136 0.00811171
v 0.00845015 0.01664615 0.01060937
v 0.01137520 0.01619344 0.00575589
v 0.00907986 0.01662493 0.01014453
v 0.00952311 0.01663554 0.00962602
v 0.00939754 0.01671689 0.00994422
v 0.00984079 0.01673104 0.00942571
v 0.01013775 0.01685129 0.00927524
v 0.01047992 0.01709180 0.00928770
v 0.01092065 0.01711656 0.00865226
v 0.01082083 0.01720851 0.00896950
v 0.01097339 0.01752683 0.00918131
v 0.01085159 0.01766477 0.00949951
v 0.01048682 0.01743841 0.00971995
v 0.01095392 0.01797955 0.00962986
v 0.01146372 0.05027102 0.00688684
v 0.01144928 0.05074850 0.00687246
v 0.01143045 0.05122244 0.00683029
v 0.01129609 0.05122244 0.00706798
v 0.01102801 0.05122951 0.00742356
v 0.01088486 0.05107743 0.00763345
v 0.01122954 0.01835092 0.00935095
v 0.01139215 0.01835092 0.00911231
v 0.01191136 0.01835092 0.00824397
v 0.01331644 0.01835092 0.00581915
v 0.01112281 0.01785222 0.00930207
v 0.01129107 0.01772136 0.00895225
v 0.01379609 0.01800784 0.00487414
v 0.01329258 0.01804675 0.00577602
v 0.01042781 0.05122244 0.00813183
v 0.01085850 0.05139221 0.00760949
v 0.01173117 0.01615100 0.00452432
v 0.01130865 0.01618283 0.00547699
v 0.01131869 0.01619344 0.00575589
v 0.01143233 0.01618283 0.00547699
v 0.01199109 0.01615100 0.00452432
v 0.01188813 0.01617575 0.00486360
v 0.01222967 0.01624649 0.00452432
v 0.01155538 0.01635613 0.00593033
v 0.01101671 0.01658603 0.00738234
v 0.01049561 0.01661432 0.00824685
v 0.01006869 0.01658603 0.00881136
v 0.00968195 0.01658249 0.00927524
v 0.00996447 0.01665323 0.00910751
v 0.01030664 0.01674519 0.00881136
v 0.01039139 0.01668860 0.00856504
v 0.01081329 0.01672750 0.00800532
v 0.01175754 0.01673458 0.00656385
v 0.01142982 0.01708473 0.00775326
v 0.01133250 0.01717668 0.00807145
v 0.01227801 0.01670275 0.00567922
v 0.01110586 0.01740304 0.00880273
v 0.01138524 0.01759403 0.00863501
v 0.01171046 0.04979355 0.00644021
v 0.01182598 0.05003759 0.00619198
v 0.01381430 0.01835092 0.00491535
v 0.01190948 0.05022504 0.00598688
v 0.01191011 0.05074850 0.00589678
v 0.01140847 0.05169991 0.00676991
v 0.01189064 0.05122244 0.00585461
v 0.01137394 0.05217738 0.00670570
v 0.01125591 0.05169991 0.00700856
v 0.01101796 0.05169991 0.00734017
v 0.01179082 0.01768599 0.00803408
v 0.01426508 0.01801492 0.00393488
v 0.01428706 0.01835092 0.00397514
v 0.01328693 0.01759049 0.00529489
v 0.01369188 0.01768953 0.00469396
v 0.01377726 0.01756220 0.00437576
v 0.01387897 0.01785930 0.00453007
v 0.01083338 0.05169991 0.00757882
v 0.01079446 0.05217738 0.00751652
v 0.01298306 0.05228349 0.00309434
v 0.01236842 0.01617222 0.00396747
v 0.01230124 0.01620758 0.00428471
v 0.01254044 0.01643041 0.00452432
v 0.01237218 0.01662847 0.00536198
v 0.01195154 0.01660018 0.00595333
v 0.01144049 0.01662140 0.00680921
v 0.01091688 0.01665323 0.00768712
v 0.01185799 0.01666030 0.00624565
v 0.01326998 0.01714132 0.00478693
v 0.01278404 0.01667798 0.00477159
v 0.01268986 0.01676287 0.00508979
v 0.01195280 0.04979355 0.00595333
v 0.01236779 0.05074850 0.00490769
v 0.01234958 0.05122244 0.00486552
v 0.01233012 0.05169991 0.00482239
v 0.01136327 0.05228349 0.00668940
v 0.01126909 0.05228349 0.00682358
v 0.01120694 0.05217738 0.00694339
v 0.01096836 0.05217738 0.00727884
v 0.01472779 0.01803260 0.00295154
v 0.01475541 0.01835092 0.00300329
v 0.01424687 0.01757988 0.00341446
v 0.01335473 0.01741719 0.00496807
v 0.01358389 0.01739950 0.00453007
v 0.01366865 0.01724388 0.00414095
v 0.01095706 0.05228349 0.00726254
v 0.01284871 0.05228349 0.00352468
v 0.01299122 0.05217738 0.00309434
v 0.01281104 0.01618990 0.00294483
v 0.01253228 0.01629600 0.00409494
v 0.01295104 0.01655420 0.00404702
v 0.01284368 0.01663201 0.00452432
v 0.01253479 0.01658249 0.00495848
v 0.01333841 0.01707765 0.00452432
v 0.01318899 0.01674165 0.00404702
v 0.01308226 0.01684068 0.00452432
v 0.01229810 0.04945047 0.00523643
v 0.01237972 0.05027102 0.00494890
v 0.01285247 0.05217738 0.00353714
v 0.01246636 0.05169991 0.00452432
v 0.01277902 0.05148062 0.00381029
v 0.01373708 0.01715193 0.00382371
v 0.01298871 0.01633491 0.00310009
v 0.01338926 0.01658249 0.00309434
v 0.01331267 0.01663908 0.00346813
v 0.01362721 0.01677702 0.00309434
v 0.01348030 0.01683714 0.00360519
v 0.01350353 0.01701399 0.00400868
v 0.01388462 0.01701399 0.00309434
v 0.00062836 0.06212551 0.00630777
v 0.00108277 0.06252553 0.00551175
v 0.00090914 0.06242649 0.00572193
v 0.00062836 0.06230823 0.00598061
v 0.00015179 0.06232445 0.00601580
v 0.00062836 0.06243759 0.00574285
v -0.00032478 0.06247516 0.00580182
v 0.00015179 0.06245637 0.00577709
v -0.00032478 0.06232573 0.00604053
v 0.00108351 0.06389850 -0.00340797
v 0.00110494 0.06290848 0.00478136
v 0.00062836 0.06280345 0.00504290
v 0.00110494 0.06301521 0.00452268
v -0.00044670 0.06338364 0.00383033
v 0.00062836 0.06304253 0.00452268
v 0.00015179 0.06306644 0.00452268
v -0.00032478 0.06293964 0.00485079
v -0.00080136 0.06294263 0.00485649
v -0.00080136 0.06247772 0.00579801
v -0.00080136 0.06231165 0.00603672
v -0.00624981 0.06052456 0.00620315
v -0.00551684 0.06298234 -0.00340797
v -0.00560108 0.06300368 -0.00309983
v 0.00110494 0.06394077 -0.00309983
v 0.00110494 0.06400780 -0.00262337
v 0.00062836 0.06291872 0.00480514
v -0.00030262 0.06343615 0.00361159
v -0.00080136 0.06339090 0.00384745
v 0.00062836 0.06342505 0.00347940
v 0.00110494 0.06351129 0.00309328
v 0.00062836 0.06353562 0.00309328
v -0.00032478 0.06308437 0.00452268
v -0.00127793 0.06292385 0.00481465
v -0.00113015 0.06338748 0.00383794
v -0.00127793 0.06259512 0.00547561
v -0.00127793 0.06245082 0.00575807
v -0.00127793 0.06229243 0.00599583
v -0.00127793 0.06207513 0.00630777
v -0.00122990 0.06207983 0.00630777
v -0.00624981 0.06087463 0.00567628
v -0.00487550 0.06338364 -0.00245028
v -0.00463832 0.06344170 -0.00261481
v -0.00448464 0.06341096 -0.00309983
v -0.00582422 0.06290976 -0.00294101
v -0.00586264 0.06293025 -0.00262337
v -0.00591879 0.06296013 -0.00214690
v -0.00556561 0.06307668 -0.00262337
v -0.00526119 0.06333283 -0.00167043
v -0.00493387 0.06340285 -0.00214690
v 0.00062836 0.06403042 -0.00262337
v 0.00110494 0.06406799 -0.00214690
v 0.00062836 0.06396980 -0.00309983
v 0.00015179 0.06355569 0.00309328
v -0.00032478 0.06357148 0.00309328
v -0.00080136 0.06346092 0.00356975
v 0.00015179 0.06390150 0.00164201
v -0.00155944 0.06290463 0.00477375
v -0.00223108 0.06250846 0.00539002
v -0.00172642 0.06252126 0.00550224
v -0.00127793 0.06305790 0.00452268
v -0.00080136 0.06356892 0.00309328
v -0.00127793 0.06354117 0.00309328
v -0.00175450 0.06350660 0.00309328
v -0.00223108 0.06346988 0.00309328
v -0.00223108 0.06339688 0.00339191
v -0.00250446 0.06338236 0.00334911
v -0.00223108 0.06296270 0.00442948
v -0.00173234 0.06298362 0.00454931
v -0.00270617 0.06247302 0.00532440
v -0.00154983 0.06242820 0.00572383
v -0.00223108 0.06194706 0.00630777
v -0.00618331 0.06094038 0.00563253
v -0.00624981 0.06092330 0.00560210
v -0.00439819 0.06338193 -0.00336517
v -0.00461246 0.06350105 -0.00214690
v -0.00413589 0.06358984 -0.00262337
v -0.00413589 0.06351897 -0.00309983
v -0.00596977 0.06298959 -0.00167043
v -0.00556561 0.06318555 -0.00167043
v -0.00600007 0.06300368 -0.00119397
v -0.00528853 0.06334351 -0.00119397
v -0.00502328 0.06342334 -0.00167043
v 0.00015179 0.06403939 -0.00262337
v 0.00062836 0.06408464 -0.00214690
v 0.00129852 0.06404579 -0.00214690
v 0.00110494 0.06409404 -0.00167043
v -0.00080136 0.06405476 -0.00262337
v -0.00032478 0.06389979 0.00164106
v 0.00062836 0.06388570 0.00159255
v 0.00015179 0.06397749 0.00118837
v -0.00032478 0.06398005 0.00118837
v -0.00080136 0.06388357 0.00158209
v -0.00127793 0.06393181 0.00118837
v -0.00157126 0.06385667 0.00144990
v -0.00223108 0.06356765 0.00261681
v -0.00270617 0.06351129 0.00261681
v -0.00268031 0.06341524 0.00308567
v -0.00300246 0.06339218 0.00292115
v -0.00413589 0.06293452 0.00342519
v -0.00367409 0.06299813 0.00359638
v -0.00314063 0.06295715 0.00403766
v -0.00295369 0.06290122 0.00429063
v -0.00270617 0.06292299 0.00434103
v -0.00270617 0.06262244 0.00499915
v -0.00301798 0.06244356 0.00527304
v -0.00252662 0.06195688 0.00620886
v -0.00223108 0.06198291 0.00625070
v -0.00567570 0.06092373 0.00608332
v -0.00586559 0.06102662 0.00576568
v -0.00461246 0.06352794 -0.00167043
v -0.00413589 0.06361162 -0.00214690
v -0.00293965 0.06384557 -0.00222964
v -0.00263524 0.06387716 -0.00262337
v -0.00365932 0.06362826 -0.00309983
v -0.00365932 0.06357192 -0.00340797
v -0.00598898 0.06299216 -0.00071750
v -0.00594909 0.06297167 -0.00024103
v -0.00556561 0.06306345 0.00071190
v -0.00500185 0.06342121 -0.00071750
v -0.00504988 0.06342847 -0.00119397
v -0.00080136 0.06408849 -0.00214690
v 0.00062836 0.06410342 -0.00167043
v 0.00110494 0.06408037 -0.00119397
v 0.00129852 0.06406756 -0.00119397
v -0.00049325 0.06395528 -0.00340797
v -0.00080136 0.06399371 -0.00309983
v -0.00127793 0.06404878 -0.00262337
v -0.00080136 0.06396041 0.00118837
v 0.00110494 0.06386734 0.00151267
v 0.00110494 0.06392369 0.00118837
v 0.00062836 0.06395315 0.00118837
v 0.00110494 0.06397791 0.00071190
v 0.00062836 0.06399969 0.00071190
v 0.00015179 0.06401505 0.00071190
v -0.00032478 0.06402189 0.00071190
v -0.00080136 0.06401975 0.00071190
v -0.00127793 0.06400737 0.00071190
v -0.00175450 0.06396852 0.00071190
v -0.00173972 0.06388826 0.00120453
v -0.00211877 0.06386990 0.00105522
v -0.00260716 0.06387033 0.00060158
v -0.00270617 0.06359240 0.00214035
v -0.00318274 0.06359070 0.00166388
v -0.00318274 0.06350574 0.00214035
v -0.00413589 0.06302417 0.00309328
v -0.00437529 0.06289909 0.00333294
v -0.00317018 0.06341865 0.00258543
v -0.00354258 0.06341096 0.00214035
v -0.00344135 0.06338108 0.00240569
v -0.00413589 0.06248967 0.00442472
v -0.00356844 0.06247302 0.00486791
v -0.00352558 0.06292555 0.00387313
v -0.00317905 0.06252255 0.00501532
v -0.00333569 0.06238465 0.00518555
v -0.00443735 0.06196798 0.00527780
v -0.00413589 0.06202091 0.00536339
v -0.00461246 0.06156582 0.00585888
v -0.00318274 0.06202902 0.00584556
v -0.00544665 0.06090153 0.00630777
v -0.00535799 0.06100997 0.00621647
v -0.00524863 0.06142707 0.00564680
v -0.00542892 0.06152099 0.00532916
v -0.00461246 0.06353434 -0.00119397
v -0.00294483 0.06385154 -0.00191199
v -0.00275124 0.06388186 -0.00210125
v -0.00223108 0.06396510 -0.00214690
v -0.00223108 0.06393864 -0.00262337
v -0.00253697 0.06386136 -0.00293150
v -0.00175450 0.06403896 -0.00214690
v -0.00590623 0.06295075 0.00023543
v -0.00585673 0.06292598 0.00071190
v -0.00582052 0.06290763 0.00099055
v -0.00557743 0.06298148 0.00116459
v -0.00453784 0.06342633 0.00071190
v -0.00484078 0.06335931 0.00043895
v -0.00488511 0.06338620 0.00012131
v -0.00493683 0.06340285 -0.00024103
v -0.00461246 0.06350275 -0.00024103
v -0.00461246 0.06352751 -0.00071750
v -0.00127793 0.06408208 -0.00214690
v -0.00080136 0.06408891 -0.00167043
v 0.00015179 0.06409916 -0.00167043
v 0.00015179 0.06408849 -0.00119397
v 0.00062836 0.06408977 -0.00119397
v 0.00062836 0.06407013 -0.00071750
v 0.00062836 0.06404793 -0.00024103
v 0.00062836 0.06402487 0.00023543
v 0.00110494 0.06405604 -0.00071750
v -0.00096982 0.06394462 -0.00340797
v -0.00127793 0.06397791 -0.00309983
v -0.00175450 0.06393821 -0.00309983
v -0.00175450 0.06400651 -0.00262337
v 0.00129852 0.06387588 0.00138713
v 0.00129852 0.06396767 0.00071190
v 0.00129852 0.06400694 0.00004237
v 0.00015179 0.06403683 0.00023543
v 0.00015179 0.06405690 -0.00024103
v -0.00032478 0.06404067 0.00023543
v -0.00080136 0.06404281 0.00023543
v -0.00127793 0.06404024 0.00023543
v -0.00175450 0.06400609 0.00023543
v -0.00225915 0.06389723 0.00074138
v -0.00223108 0.06394291 0.00023543
v -0.00274238 0.06387545 0.00019264
v -0.00292488 0.06383404 0.00032198
v -0.00413589 0.06359753 0.00023543
v -0.00413589 0.06354630 0.00071190
v -0.00365932 0.06364321 0.00071190
v -0.00365932 0.06357661 0.00118837
v -0.00369700 0.06346475 0.00169812
v -0.00415141 0.06344555 0.00119502
v -0.00444326 0.06339516 0.00104001
v -0.00490432 0.06292044 0.00245894
v -0.00532695 0.06289866 0.00190259
v -0.00555822 0.06248540 0.00305809
v -0.00539493 0.06245039 0.00340046
v -0.00456518 0.06274240 0.00352315
v -0.00459104 0.06250589 0.00403575
v -0.00441814 0.06243972 0.00432011
v -0.00508904 0.06304808 0.00166388
v -0.00507352 0.06294904 0.00209280
v -0.00460286 0.06204268 0.00500295
v -0.00475507 0.06190138 0.00516463
v -0.00493092 0.06150904 0.00577329
v -0.00510825 0.06107059 0.00630777
v -0.00494496 0.06198548 0.00484698
v -0.00542670 0.06199231 0.00438478
v -0.00590475 0.06152056 0.00486315
v -0.00508978 0.06159228 0.00548322
v -0.00295665 0.06385368 -0.00024103
v -0.00296330 0.06385453 -0.00071750
v -0.00295591 0.06385368 -0.00119397
v -0.00294852 0.06385240 -0.00167043
v -0.00223108 0.06396639 -0.00167043
v -0.00222590 0.06388228 -0.00309413
v -0.00206409 0.06386179 -0.00340321
v -0.00223108 0.06396510 -0.00119397
v -0.00175450 0.06403683 -0.00167043
v -0.00508904 0.06314627 0.00118837
v -0.00605696 0.06251571 0.00213274
v -0.00540158 0.06293153 0.00166388
v -0.00465384 0.06344768 0.00026206
v -0.00413589 0.06361375 -0.00024103
v -0.00294557 0.06385197 0.00000433
v -0.00127793 0.06407824 -0.00167043
v -0.00127793 0.06406927 -0.00119397
v -0.00127793 0.06405091 -0.00024103
v -0.00080136 0.06407909 -0.00119397
v -0.00032478 0.06408422 -0.00119397
v -0.00032478 0.06407312 -0.00071750
v 0.00015179 0.06407440 -0.00071750
v -0.00080136 0.06405732 -0.00024103
v -0.00080136 0.06406885 -0.00071750
v -0.00175450 0.06403042 -0.00119397
v -0.00223108 0.06395913 -0.00071750
v -0.00581535 0.06242777 0.00287550
v -0.00571265 0.06237397 0.00319314
v -0.00605253 0.06206360 0.00357355
v -0.00590180 0.06199615 0.00391022
v -0.00491762 0.06245039 0.00386932
v -0.00508165 0.06251230 0.00356404
v -0.00508904 0.06107955 0.00630777
v -0.00624981 0.06214216 0.00307807
v -0.00589145 0.06246235 0.00261681
v -0.00600155 0.06227664 0.00305809
v -0.00624981 0.06187405 0.00376566
v -0.00508946 0.06310637 -0.00357757
v -0.00509716 0.06298404 -0.00404788
v -0.00547115 0.06297009 -0.00357757
v -0.00494311 0.06293724 -0.00441309
v -0.00538043 0.06292165 -0.00388452
v -0.00634408 0.06245618 -0.00391885
v -0.00449210 0.06247506 -0.00632346
v -0.00463587 0.06253663 -0.00597385
v -0.00492856 0.06245700 -0.00582506
v -0.00640998 0.06249230 -0.00357757
v -0.00591189 0.06199398 -0.00586460
v -0.00677199 0.06147679 -0.00622045
v -0.00651182 0.06202190 -0.00498121
v -0.00678226 0.06195704 -0.00480433
v -0.00687383 0.06200466 -0.00453067
v -0.00720503 0.06191764 -0.00421748
v -0.00702616 0.06205637 -0.00405620
v -0.01311614 0.05497902 -0.00363584
v -0.00440480 0.06005574 -0.01050942
v -0.00440480 0.06190614 -0.00757519
v -0.00440480 0.06203257 -0.00733588
v -0.00489091 0.05579832 -0.01384840
v -0.00461362 0.06200384 -0.00726304
v -0.00476082 0.06197264 -0.00720477
v -0.00486438 0.06195047 -0.00716419
v -0.00505009 0.06199563 -0.00686973
v -0.00533679 0.06194883 -0.00668244
v -0.00632867 0.06148992 -0.00671573
v -0.00650155 0.06153426 -0.00640150
v -0.00725809 0.06196197 -0.00389909
v -0.00664618 0.06141357 -0.00653781
v -0.00699450 0.06123461 -0.00643376
v -0.00774419 0.06101542 -0.00577200
v -0.00783148 0.06107124 -0.00548274
v -0.00727349 0.06149403 -0.00531417
v -0.00736164 0.06155067 -0.00500722
v -0.00711089 0.06186838 -0.00453067
v -0.00750285 0.06161717 -0.00454420
v -0.00824655 0.06103020 -0.00487300
v -0.00775617 0.06150060 -0.00439333
v -0.01310501 0.05503813 -0.00357757
v -0.01304852 0.05497902 -0.00402603
v -0.00461362 0.05583609 -0.01387754
v -0.00450665 0.05962638 -0.01102759
v -0.00489347 0.05910919 -0.01145628
v -0.00461533 0.05980206 -0.01072480
v -0.00472573 0.05997857 -0.01039809
v -0.00484298 0.06050808 -0.00952718
v -0.00483956 0.06145955 -0.00809649
v -0.00452205 0.06152030 -0.00817973
v -0.00465385 0.06163359 -0.00790920
v -0.00461362 0.06187495 -0.00750132
v -0.00536588 0.05628842 -0.01337497
v -0.00556614 0.05685570 -0.01296918
v -0.00509031 0.05635738 -0.01342908
v -0.00509031 0.05659546 -0.01327300
v -0.00509031 0.06154411 -0.00775104
v -0.00505094 0.06177561 -0.00735044
v -0.00490546 0.06191353 -0.00720477
v -0.00518274 0.06188069 -0.00700083
v -0.00580320 0.06149485 -0.00720477
v -0.00584172 0.06148746 -0.00718292
v -0.00650155 0.06130275 -0.00688950
v -0.00831416 0.06107945 -0.00453067
v -0.00855122 0.06091198 -0.00453067
v -0.00686869 0.06107289 -0.00691239
v -0.00732142 0.06105565 -0.00632971
v -0.00721701 0.06097191 -0.00664810
v -0.00763978 0.06093825 -0.00608935
v -0.00869072 0.06053763 -0.00528816
v -0.00876860 0.06060331 -0.00500722
v -0.00841344 0.06085451 -0.00502179
v -0.01299204 0.05537390 -0.00340797
v -0.01295610 0.05528852 -0.00384186
v -0.01302285 0.05504962 -0.00402186
v -0.00524179 0.05717012 -0.01285160
v -0.00482415 0.05954183 -0.01094227
v -0.00521098 0.05901478 -0.01134390
v -0.00538813 0.05770455 -0.01242499
v -0.00541124 0.05822585 -0.01198486
v -0.00494140 0.06008939 -0.01008073
v -0.00537444 0.06054173 -0.00909537
v -0.00509031 0.06060741 -0.00920046
v -0.00582888 0.05675801 -0.01289530
v -0.00556614 0.05709377 -0.01279125
v -0.00534278 0.06147679 -0.00764074
v -0.00582973 0.06148089 -0.00720477
v -0.00586311 0.06146283 -0.00720477
v -0.00676514 0.06099654 -0.00715691
v -0.00914516 0.06052121 -0.00431321
v -0.00917597 0.06054420 -0.00405412
v -0.00892008 0.06064517 -0.00449530
v -0.00718877 0.06048427 -0.00758352
v -0.00732056 0.06058114 -0.00726512
v -0.00763721 0.06046046 -0.00704141
v -0.00826880 0.06057950 -0.00584795
v -0.00900480 0.06038740 -0.00500722
v -0.00782720 0.06013291 -0.00738894
v -0.00825853 0.06009842 -0.00678545
v -0.00867703 0.06005081 -0.00621941
v -0.00873950 0.05962720 -0.00691239
v -0.00897742 0.05942607 -0.00691239
v -0.00908183 0.05951309 -0.00657943
v -0.00917169 0.05959601 -0.00626207
v -0.00909124 0.05999416 -0.00563049
v -0.00909381 0.06046949 -0.00463160
v -0.01254274 0.05640910 -0.00340797
v -0.01253333 0.05636395 -0.00357757
v -0.01258125 0.05602244 -0.00406869
v -0.01253504 0.05588862 -0.00453067
v -0.01249567 0.05580160 -0.00483138
v -0.00500986 0.05966004 -0.01062492
v -0.00540782 0.05869707 -0.01152599
v -0.00767487 0.05905993 -0.00902254
v -0.00727948 0.06006969 -0.00814331
v -0.00570650 0.05757074 -0.01230741
v -0.00863509 0.05762903 -0.00950637
v -0.00768086 0.05858132 -0.00950637
v -0.00569280 0.06044732 -0.00895802
v -0.00619089 0.06046456 -0.00850228
v -0.00587338 0.06055405 -0.00864171
v -0.00544975 0.06105893 -0.00821094
v -0.00584600 0.05725303 -0.01246453
v -0.00869500 0.05533120 -0.01099013
v -0.00859401 0.05564809 -0.01089857
v -0.00824484 0.05677771 -0.01054376
v -0.00860428 0.05710198 -0.00995795
v -0.00876689 0.05731132 -0.00964060
v -0.00651952 0.06106468 -0.00726512
v -0.00687126 0.06057868 -0.00772711
v -0.00961586 0.06003932 -0.00429344
v -0.00965266 0.06007790 -0.00405412
v -0.00996417 0.05990715 -0.00357757
v -0.00701675 0.06039643 -0.00787798
v -0.00745236 0.06014686 -0.00783948
v -0.00773734 0.06006148 -0.00766259
v -0.00917083 0.06007298 -0.00531313
v -0.00924187 0.06014850 -0.00500722
v -0.00866419 0.05956317 -0.00715067
v -0.00916655 0.05911411 -0.00718708
v -0.00924358 0.05967318 -0.00595929
v -0.00923930 0.05918800 -0.00691239
v -0.00956451 0.05903202 -0.00656486
v -0.00956194 0.05998185 -0.00461079
v -0.01055126 0.05907306 -0.00424453
v -0.01249738 0.05628021 -0.00391990
v -0.01208231 0.05686391 -0.00453067
v -0.01203695 0.05678263 -0.00489589
v -0.01256157 0.05551674 -0.00499682
v -0.01211740 0.05650187 -0.00503636
v -0.01204466 0.05633850 -0.00548274
v -0.00784346 0.05874305 -0.00918902
v -0.00816012 0.05858378 -0.00902462
v -0.00798895 0.05888917 -0.00886542
v -0.00781779 0.05918800 -0.00870622
v -0.00778441 0.05963295 -0.00819221
v -0.00763465 0.05950570 -0.00850957
v -0.00759785 0.05995148 -0.00797995
v -0.00668983 0.06047606 -0.00804550
v -0.00893206 0.05745991 -0.00933053
v -0.00909638 0.05760768 -0.00899965
v -0.00877887 0.05778583 -0.00918902
v -0.00863252 0.05810353 -0.00901941
v -0.00831502 0.05826690 -0.00918798
v -0.00800093 0.05842452 -0.00934717
v -0.00964581 0.05533120 -0.01004119
v -0.00955081 0.05564809 -0.00994755
v -0.00961329 0.05622685 -0.00953134
v -0.00976905 0.05646739 -0.00921503
v -0.00966806 0.05677196 -0.00911098
v -0.00908354 0.05709787 -0.00947308
v -0.00922475 0.05729080 -0.00915572
v -0.01013533 0.05960750 -0.00395527
v -0.01018668 0.05966825 -0.00357757
v -0.00791963 0.05977825 -0.00783324
v -0.00823543 0.05960586 -0.00768653
v -0.00963811 0.05911247 -0.00624647
v -0.01016272 0.05916419 -0.00500722
v -0.01049991 0.05901642 -0.00453067
v -0.00961842 0.05861662 -0.00715691
v -0.00947807 0.05893022 -0.00691239
v -0.00871982 0.05914203 -0.00769589
v -0.00903647 0.05898358 -0.00750548
v -0.00918795 0.05866588 -0.00769173
v -0.00933600 0.05879969 -0.00733067
v -0.00954054 0.05866752 -0.00720477
v -0.01002408 0.05853453 -0.00653052
v -0.00983152 0.05882596 -0.00638798
v -0.01015759 0.05868558 -0.00595929
v -0.01063770 0.05868968 -0.00492086
v -0.01002921 0.05901970 -0.00558574
v -0.01070702 0.05877835 -0.00453067
v -0.01094579 0.05848937 -0.00453067
v -0.01059319 0.05911904 -0.00392718
v -0.01201128 0.05720296 -0.00389284
v -0.01211226 0.05697638 -0.00405204
v -0.01194110 0.05710198 -0.00453067
v -0.01164841 0.05735812 -0.00500722
v -0.01189489 0.05694272 -0.00503636
v -0.01197619 0.05668330 -0.00521428
v -0.01200186 0.05623835 -0.00573350
v -0.01201556 0.05579504 -0.00624959
v -0.00846307 0.05841221 -0.00886334
v -0.00874293 0.05869379 -0.00820054
v -0.00858545 0.05901067 -0.00801325
v -0.00813530 0.05903612 -0.00851893
v -0.00795985 0.05933495 -0.00835557
v -0.00954226 0.05708966 -0.00895490
v -0.01010709 0.05672517 -0.00860217
v -0.01010025 0.05719146 -0.00811522
v -0.01009083 0.05765858 -0.00762722
v -0.00908097 0.05806905 -0.00850749
v -0.00893035 0.05792785 -0.00885085
v -0.00876432 0.05824063 -0.00870310
v -0.00972454 0.05503813 -0.01012755
v -0.01002579 0.05562920 -0.00946163
v -0.01008484 0.05622029 -0.00905063
v -0.00970743 0.05590915 -0.00963019
v -0.01000696 0.05646739 -0.00894866
v -0.01010196 0.05909934 -0.00526943
v -0.01051018 0.05758633 -0.00705702
v -0.01060860 0.05770866 -0.00673863
v -0.01016272 0.05821682 -0.00678961
v -0.00968603 0.05869215 -0.00691239
v -0.01036469 0.05746320 -0.00744513
v -0.00889012 0.05883910 -0.00785301
v -0.00906043 0.05852632 -0.00801012
v -0.00950546 0.05847870 -0.00747426
v -0.01049135 0.05804360 -0.00643584
v -0.01055297 0.05812242 -0.00617467
v -0.01063085 0.05820697 -0.00585732
v -0.01056324 0.05860759 -0.00523822
v -0.01081999 0.05791143 -0.00598842
v -0.01107587 0.05770045 -0.00580217
v -0.01108101 0.05818234 -0.00485947
v -0.01152004 0.05765776 -0.00476687
v -0.01112894 0.05825048 -0.00453067
v -0.01099885 0.05856244 -0.00405412
v -0.01062657 0.05916091 -0.00357757
v -0.01204209 0.05724400 -0.00357757
v -0.01155171 0.05770127 -0.00444847
v -0.01147212 0.05759701 -0.00500722
v -0.01157824 0.05725878 -0.00537348
v -0.01168778 0.05697884 -0.00551187
v -0.01159279 0.05682204 -0.00595929
v -0.01183241 0.05642552 -0.00591871
v -0.01194367 0.05611274 -0.00605085
v -0.01207718 0.05550853 -0.00642023
v -0.01226203 0.05503813 -0.00643584
v -0.01195308 0.05566369 -0.00656798
v -0.01018326 0.05646739 -0.00871038
v -0.01053671 0.05665375 -0.00806215
v -0.01064626 0.05682368 -0.00774480
v -0.01053757 0.05714057 -0.00758039
v -0.01019439 0.05730804 -0.00786549
v -0.01042203 0.05503813 -0.00937631
v -0.01057522 0.05529016 -0.00906520
v -0.01060175 0.05581556 -0.00863027
v -0.01051532 0.05613327 -0.00850540
v -0.01062572 0.05633604 -0.00818805
v -0.01063171 0.05726863 -0.00726304
v -0.01094493 0.05744021 -0.00647538
v -0.01101083 0.05761179 -0.00611952
v -0.01069161 0.05780553 -0.00643584
v -0.01114092 0.05778254 -0.00548274
v -0.01118114 0.05832354 -0.00405412
v -0.01106218 0.05863550 -0.00340797
v -0.01194624 0.05741804 -0.00340797
v -0.01187093 0.05748208 -0.00357757
v -0.01141906 0.05799188 -0.00405412
v -0.01111695 0.05729408 -0.00634219
v -0.01149865 0.05716027 -0.00569084
v -0.01153202 0.05672353 -0.00622045
v -0.01161076 0.05645344 -0.00640254
v -0.01186408 0.05596825 -0.00642023
v -0.01202668 0.05534598 -0.00672614
v -0.01207119 0.05499133 -0.00689678
v -0.01155513 0.05628514 -0.00673759
v -0.01162873 0.05597893 -0.00690303
v -0.01079431 0.05644358 -0.00784676
v -0.01100142 0.05675965 -0.00720477
v -0.01079773 0.05692958 -0.00737229
v -0.01146784 0.05612916 -0.00705598
v -0.01105191 0.05671696 -0.00716315
v -0.01064198 0.05503813 -0.00913803
v -0.01088845 0.05504059 -0.00881027
v -0.01100313 0.05520149 -0.00852101
v -0.01110925 0.05540016 -0.00820262
v -0.01085850 0.05697802 -0.00720477
v -0.01096376 0.05706257 -0.00691239
v -0.01103052 0.05717012 -0.00665955
v -0.01163215 0.05781292 -0.00357757
v -0.01111952 0.05682450 -0.00691239
v -0.01145500 0.05660285 -0.00653885
v -0.01193597 0.05511858 -0.00704453
v -0.01154914 0.05580735 -0.00720477
v -0.01160049 0.05547323 -0.00737021
v -0.01152603 0.05528770 -0.00763658
v -0.01157567 0.05503813 -0.00772190
v -0.01181359 0.05499133 -0.00734212
v -0.01104678 0.05623342 -0.00763138
v -0.01141306 0.05605774 -0.00720477
v -0.01135145 0.05597811 -0.00737021
v 0.01470663 0.01851793 -0.00534607
v 0.01476379 0.01879747 -0.00549395
v 0.01431206 0.01785262 -0.00596559
v 0.01420834 0.01810893 -0.00667611
v 0.01435493 0.01834801 -0.00643635
v 0.01421111 0.01857666 -0.00716087
v 0.01423831 0.01760153 -0.00581071
v 0.01417884 0.01768114 -0.00612834
v 0.01374877 0.01855421 -0.00862565
v 0.01424061 0.01838977 -0.00686598
v 0.01375338 0.01879747 -0.00864840
v 0.01084293 0.01872621 -0.01331314
v 0.01054285 0.01834801 -0.01347239
v 0.01427703 0.01756291 -0.00548345
v 0.01394283 0.01729616 -0.00551845
v 0.01369070 0.01719436 -0.00595946
v 0.01337310 0.01706047 -0.00643635
v 0.01361095 0.01726301 -0.00643635
v 0.01373218 0.01763233 -0.00715299
v 0.01366672 0.01771638 -0.00747062
v 0.01377827 0.01803402 -0.00774801
v 0.01356992 0.01837646 -0.00879803
v 0.01335282 0.01835584 -0.00926792
v 0.01329381 0.01852002 -0.00962142
v 0.01321822 0.01871943 -0.00993906
v 0.01193078 0.01615556 -0.00643635
v 0.01235117 0.01618323 -0.00548345
v 0.01150255 0.01613155 -0.00738925
v 0.01123520 0.01613155 -0.00738925
v 0.01078116 0.01834801 -0.01325013
v 0.01131172 0.01869750 -0.01282575
v 0.01046311 0.01806065 -0.01339626
v 0.01345238 0.01700566 -0.00595946
v 0.01376629 0.01713042 -0.00538282
v 0.01307809 0.01682217 -0.00643635
v 0.01279599 0.01666844 -0.00671461
v 0.01330165 0.01711554 -0.00678811
v 0.01328229 0.01760754 -0.00817414
v 0.01321637 0.01767409 -0.00849177
v 0.01332792 0.01800453 -0.00881816
v 0.01327031 0.01808727 -0.00909029
v 0.01283471 0.01850749 -0.01061370
v 0.01276049 0.01873274 -0.01093133
v 0.01231014 0.01620019 -0.00573983
v 0.01258902 0.01630720 -0.00548345
v 0.01186532 0.01618349 -0.00677236
v 0.01140391 0.01617722 -0.00786526
v 0.01100012 0.01834801 -0.01301213
v 0.01092175 0.01806117 -0.01293250
v 0.01144217 0.01879747 -0.01270675
v 0.01233872 0.01853907 -0.01148259
v 0.01059356 0.01790195 -0.01306376
v 0.01040641 0.01762659 -0.01287738
v 0.01314308 0.01676736 -0.00595946
v 0.01283978 0.01663842 -0.00643635
v 0.01135321 0.01620228 -0.00811201
v 0.01154220 0.01636828 -0.00829927
v 0.01239680 0.01662146 -0.00738925
v 0.01232720 0.01666322 -0.00767713
v 0.01272085 0.01672220 -0.00703224
v 0.01293658 0.01702575 -0.00738925
v 0.01301586 0.01691874 -0.00690974
v 0.01304121 0.01746816 -0.00833689
v 0.01284946 0.01709910 -0.00777951
v 0.01290016 0.01753524 -0.00881816
v 0.01282088 0.01759814 -0.00914191
v 0.01274159 0.01767044 -0.00945955
v 0.01313847 0.01776623 -0.00881816
v 0.01286743 0.01800166 -0.00977018
v 0.01279783 0.01808701 -0.01004494
v 0.01263557 0.01834827 -0.01075283
v 0.01241201 0.01836733 -0.01115796
v 0.01290523 0.01659144 -0.00595946
v 0.01296469 0.01654524 -0.00548345
v 0.01087658 0.01763025 -0.01239524
v 0.01072401 0.01774352 -0.01271287
v 0.01135090 0.01810789 -0.01239349
v 0.01132693 0.01765661 -0.01188685
v 0.01220965 0.01822142 -0.01128834
v 0.01189206 0.01803089 -0.01153159
v 0.01015842 0.01754046 -0.01298938
v 0.01059310 0.01755951 -0.01258424
v 0.01015289 0.01729616 -0.01264725
v 0.01017086 0.01656769 -0.01120434
v 0.01062582 0.01660136 -0.01067670
v 0.01112089 0.01657265 -0.00975268
v 0.01144770 0.01661206 -0.00929504
v 0.01192340 0.01661336 -0.00834214
v 0.01263465 0.01678746 -0.00738925
v 0.01185150 0.01666243 -0.00863090
v 0.01183398 0.01715104 -0.01002481
v 0.01236315 0.01710980 -0.00881816
v 0.01230461 0.01715522 -0.00906141
v 0.01260100 0.01729720 -0.00881816
v 0.01222763 0.01721577 -0.00937904
v 0.01175423 0.01721185 -0.01034244
v 0.01242354 0.01753028 -0.00977018
v 0.01234195 0.01759605 -0.01008081
v 0.01266139 0.01776336 -0.00977018
v 0.01252679 0.01788708 -0.01022169
v 0.01237560 0.01802645 -0.01072308
v 0.01230784 0.01810371 -0.01097071
v 0.01097799 0.01754907 -0.01215286
v 0.01080145 0.01720637 -0.01182823
v 0.01063965 0.01730764 -0.01215898
v 0.01161088 0.01784375 -0.01170922
v 0.01144171 0.01753837 -0.01156922
v 0.01175930 0.01771325 -0.01132334
v 0.01033081 0.01720272 -0.01232261
v 0.01046126 0.01664155 -0.01104771
v 0.01077886 0.01673734 -0.01080358
v 0.01087382 0.01668018 -0.01048595
v 0.01094480 0.01663738 -0.01024706
v 0.01137533 0.01666269 -0.00958205
v 0.01135828 0.01715078 -0.01097858
v 0.01192847 0.01753524 -0.01072308
v 0.01185103 0.01760676 -0.01100571
v 0.01225529 0.01768714 -0.01039844
v 0.01216679 0.01778816 -0.01072308
v 0.01113287 0.01737263 -0.01169872
v 0.01048385 0.01710379 -0.01200498
v 0.01125687 0.01722099 -0.01129621
v 0.01093927 0.01711998 -0.01151059
v 0.01155879 0.01741413 -0.01115096
v 0.01110337 0.01706987 -0.01116234
v 0.00798084 0.05714086 0.00806656
v 0.00701810 0.05761793 0.00854039
v 0.00839111 0.05265495 0.00992049
v 0.00716599 0.05730006 0.00866062
v 0.00748383 0.05710881 0.00852681
v 0.00674150 0.05765103 0.00870393
v 0.00682967 0.05742510 0.00881511
v 0.00833920 0.05313149 0.00987330
v 0.00810100 0.05313149 0.01006723
v 0.00815291 0.05265495 0.01010924
v 0.00129852 0.05313149 0.01263286
v 0.00205862 0.05265495 0.01263673
v 0.00253501 0.05228402 0.01261540
v 0.00158151 0.05723228 0.01098837
v 0.00695837 0.05706573 0.00897866
v 0.00709347 0.05674838 0.00907562
v 0.00728900 0.05692859 0.00880219
v 0.00842950 0.05662071 0.00804652
v 0.00664054 0.05723228 0.00908726
v 0.00854398 0.05348824 0.00957530
v 0.00804412 0.05343097 0.01002521
v 0.00754142 0.05290452 0.01048222
v 0.00781161 0.05265495 0.01034777
v 0.00129852 0.05360804 0.01253201
v 0.00158151 0.05313149 0.01261088
v 0.00253501 0.05265495 0.01256369
v 0.00205862 0.05313149 0.01254688
v 0.00158151 0.05658603 0.01136006
v 0.00187162 0.05719708 0.01096574
v 0.00622245 0.05683192 0.00960116
v 0.00668320 0.05633751 0.00959081
v 0.00700032 0.05616098 0.00948610
v 0.00713471 0.05584363 0.00958047
v 0.00757342 0.05532454 0.00955720
v 0.00607597 0.05714979 0.00950290
v 0.00575885 0.05727169 0.00960568
v 0.00825743 0.05361854 0.00976858
v 0.00816215 0.05408458 0.00965158
v 0.00795809 0.05374832 0.00996186
v 0.00747387 0.05468196 0.00995798
v 0.00755706 0.05436462 0.01001680
v 0.00658508 0.05479965 0.01047964
v 0.00714253 0.05360804 0.01053006
v 0.00658436 0.05337055 0.01095605
v 0.00731033 0.05309051 0.01057789
v 0.00757270 0.05265495 0.01050226
v 0.00663271 0.05313149 0.01098578
v 0.00671164 0.05265495 0.01103297
v 0.00158151 0.05360804 0.01249517
v 0.00158151 0.05393431 0.01240855
v 0.00302136 0.05266546 0.01245057
v 0.00286991 0.05298859 0.01240855
v 0.00253644 0.05314095 0.01244604
v 0.00334631 0.05251309 0.01240855
v 0.00237859 0.05342887 0.01240144
v 0.00202307 0.05359543 0.01242665
v 0.00184104 0.05386128 0.01238916
v 0.00158151 0.05634802 0.01149128
v 0.00204156 0.05696747 0.01106335
v 0.00586408 0.05693858 0.00976212
v 0.00596932 0.05655188 0.00991855
v 0.00632697 0.05644470 0.00975436
v 0.00671804 0.05542331 0.01008015
v 0.00703587 0.05524520 0.00997996
v 0.00766656 0.05503661 0.00963542
v 0.00730820 0.05506656 0.00988558
v 0.00537631 0.05742615 0.00967614
v 0.00513030 0.05716555 0.00998642
v 0.00539267 0.05706783 0.00993083
v 0.00565220 0.05672736 0.01001422
v 0.00849705 0.05481016 0.00905623
v 0.00807185 0.05443712 0.00957530
v 0.00777393 0.05455954 0.00976664
v 0.00715604 0.05492785 0.01006205
v 0.00799079 0.05475499 0.00950096
v 0.00681047 0.05502243 0.01023012
v 0.00630848 0.05498985 0.01054105
v 0.00565646 0.05482330 0.01096704
v 0.00599847 0.05456059 0.01089593
v 0.00609588 0.05430472 0.01094183
v 0.00618192 0.05398685 0.01099936
v 0.00649975 0.05368790 0.01090304
v 0.00634332 0.05356075 0.01103685
v 0.00634617 0.05313149 0.01113704
v 0.00578872 0.05265495 0.01150162
v 0.00158151 0.05503661 0.01206530
v 0.00129852 0.05399631 0.01242729
v 0.00350202 0.05410454 0.01197739
v 0.00447685 0.05268490 0.01201359
v 0.00380777 0.05395901 0.01193602
v 0.00335342 0.05438301 0.01192955
v 0.00253501 0.05456059 0.01204138
v 0.00205862 0.05456059 0.01212865
v 0.00158151 0.05534660 0.01193990
v 0.00184673 0.05528828 0.01191469
v 0.00192495 0.05627499 0.01145508
v 0.00253501 0.05683612 0.01102845
v 0.00611295 0.05623401 0.01000581
v 0.00622387 0.05598970 0.01006981
v 0.00612503 0.05529406 0.01048934
v 0.00856247 0.05505290 0.00887071
v 0.00492907 0.05765103 0.00971557
v 0.00539267 0.05682929 0.01007369
v 0.00453302 0.05757379 0.00994505
v 0.00481317 0.05725645 0.01005300
v 0.00434531 0.05678726 0.01053265
v 0.00466314 0.05669321 0.01046671
v 0.00548155 0.05609478 0.01041177
v 0.00565646 0.05577743 0.01049192
v 0.00491699 0.05634487 0.01053846
v 0.00535072 0.05642368 0.01030511
v 0.00583707 0.05500351 0.01078669
v 0.00576027 0.05456059 0.01101229
v 0.00548297 0.05514012 0.01088947
v 0.00516585 0.05528460 0.01095993
v 0.00535214 0.05500351 0.01100776
v 0.00428487 0.05487426 0.01146284
v 0.00444272 0.05456217 0.01152296
v 0.00475416 0.05440455 0.01146155
v 0.00590959 0.05412136 0.01108081
v 0.00571334 0.05302852 0.01146542
v 0.00202662 0.05504239 0.01197739
v 0.00367125 0.05427635 0.01187719
v 0.00475700 0.05254619 0.01194054
v 0.00543106 0.05316512 0.01153976
v 0.00423581 0.05341941 0.01192115
v 0.00396562 0.05359017 0.01197222
v 0.00491485 0.05406251 0.01150098
v 0.00395140 0.05503399 0.01151326
v 0.00378359 0.05532033 0.01145120
v 0.00277534 0.05480018 0.01190887
v 0.00253501 0.05486691 0.01193666
v 0.00302990 0.05554520 0.01153588
v 0.00288342 0.05580738 0.01145702
v 0.00253501 0.05589302 0.01149516
v 0.00207355 0.05602175 0.01153782
v 0.00348780 0.05640109 0.01104719
v 0.00290760 0.05675994 0.01098643
v 0.00299363 0.05743666 0.01058759
v 0.00348780 0.05727431 0.01053588
v 0.00314011 0.05760689 0.01043827
v 0.00311522 0.05765103 0.01041758
v 0.00393362 0.05738097 0.01030187
v 0.00375373 0.05719708 0.01048934
v 0.00407156 0.05710513 0.01042986
v 0.00393362 0.05694488 0.01058436
v 0.00385114 0.05631019 0.01099936
v 0.00416897 0.05620091 0.01093019
v 0.00516442 0.05623611 0.01048352
v 0.00535072 0.05595765 0.01053976
v 0.00535214 0.05547165 0.01078346
v 0.00435171 0.05588356 0.01101423
v 0.00518647 0.05388965 0.01144409
v 0.00491699 0.05539494 0.01100776
v 0.00396420 0.05456059 0.01168391
v 0.00528601 0.05360804 0.01148094
v 0.00348780 0.05540860 0.01148805
v 0.00399193 0.05602122 0.01107757
v 0.00348780 0.05751232 0.01037880
v 0.00715231 0.06104939 -0.00627509
v 0.00714186 0.06104570 -0.00629860
v 0.00717471 0.06103400 -0.00627509
v 0.00700400 0.06095583 -0.00661606
v 0.00730013 0.06084380 -0.00644851
v 0.00742057 0.06043261 -0.00700525
v 0.00730809 0.06028181 -0.00739738
v 0.00710304 0.06054464 -0.00719749
v 0.00737279 0.06088442 -0.00627509
v 0.00754699 0.06052371 -0.00668720
v 0.00751265 0.06001835 -0.00759667
v 0.00719511 0.06013099 -0.00777715
v 0.00696169 0.06044862 -0.00751495
v 0.00710951 0.05534266 -0.01194650
v 0.00720457 0.05503735 -0.01201352
v 0.00755744 0.06074285 -0.00627509
v 0.00781724 0.06053418 -0.00627509
v 0.00792674 0.06044308 -0.00627509
v 0.00774657 0.06025349 -0.00686945
v 0.00762812 0.06011499 -0.00727921
v 0.00763309 0.06059573 -0.00643558
v 0.00733198 0.05995249 -0.00790767
v 0.00775951 0.05967242 -0.00781890
v 0.00758930 0.05960593 -0.00815752
v 0.00705377 0.06003128 -0.00809521
v 0.00763459 0.05551378 -0.01151146
v 0.00699106 0.05566028 -0.01187007
v 0.00755545 0.05577231 -0.01145090
v 0.00805564 0.06033351 -0.00627509
v 0.00805315 0.06007375 -0.00673306
v 0.00794615 0.05997957 -0.00705111
v 0.00778290 0.05989647 -0.00741854
v 0.00801583 0.05956469 -0.00762959
v 0.00790683 0.05946313 -0.00794706
v 0.00807257 0.05914551 -0.00816928
v 0.00775404 0.05930493 -0.00832213
v 0.00760124 0.05914612 -0.00864136
v 0.00711897 0.05913566 -0.00911285
v 0.00741609 0.05946374 -0.00847557
v 0.00709856 0.05959116 -0.00861196
v 0.00796705 0.05518015 -0.01139917
v 0.00787249 0.05551378 -0.01132333
v 0.00709060 0.05625982 -0.01145913
v 0.00740863 0.05608993 -0.01134214
v 0.00794018 0.05613979 -0.01090769
v 0.00846028 0.05617980 -0.01045854
v 0.00806211 0.05582217 -0.01100587
v 0.00819898 0.06021163 -0.00627509
v 0.00820296 0.05927538 -0.00778715
v 0.00948903 0.05865553 -0.00674481
v 0.00938700 0.05855396 -0.00706286
v 0.00839010 0.05898546 -0.00794529
v 0.00791878 0.05899654 -0.00848674
v 0.00854787 0.05866784 -0.00817222
v 0.00871659 0.05835884 -0.00833095
v 0.00840404 0.05852750 -0.00849027
v 0.00760572 0.05867461 -0.00912284
v 0.00743700 0.05899223 -0.00895941
v 0.00689151 0.05942804 -0.00897763
v 0.00712494 0.05867030 -0.00959375
v 0.00815369 0.05551378 -0.01108465
v 0.00846973 0.05523309 -0.01093944
v 0.00854887 0.05491547 -0.01101234
v 0.00693979 0.05657744 -0.01134744
v 0.00781326 0.05650543 -0.01075072
v 0.00814224 0.05637616 -0.01058964
v 0.00894803 0.05619704 -0.00998999
v 0.00875044 0.05602961 -0.01026924
v 0.00855285 0.05586218 -0.01054261
v 0.00852249 0.05674118 -0.01003878
v 0.00861904 0.05646665 -0.01013049
v 0.01093038 0.05498995 -0.00830567
v 0.00987674 0.05856751 -0.00627509
v 0.00982548 0.05851457 -0.00643558
v 0.00995737 0.05817664 -0.00673306
v 0.00953780 0.05823634 -0.00729920
v 0.00889079 0.05853304 -0.00786534
v 0.00808650 0.05867892 -0.00865018
v 0.00901770 0.05819018 -0.00817222
v 0.00888531 0.05803937 -0.00848968
v 0.00856778 0.05820988 -0.00865371
v 0.00792325 0.05852134 -0.00896823
v 0.00696070 0.05850657 -0.00991121
v 0.00839159 0.05551378 -0.01086830
v 0.00920683 0.05507797 -0.01034684
v 0.00904906 0.05494625 -0.01055672
v 0.00768585 0.05685875 -0.01059376
v 0.00800338 0.05669378 -0.01047441
v 0.00941637 0.05618288 -0.00950027
v 0.00951043 0.05586526 -0.00960257
v 0.00991954 0.05527556 -0.00953261
v 0.00958260 0.05547254 -0.00976482
v 0.00935764 0.05560365 -0.00992003
v 0.00944921 0.05528603 -0.01001468
v 0.00904010 0.05587941 -0.01007935
v 0.00885744 0.05646665 -0.00988769
v 0.00951939 0.05503735 -0.01008052
v 0.00898087 0.05672333 -0.00954848
v 0.00907593 0.05646665 -0.00964960
v 0.00822934 0.05691723 -0.01013579
v 0.00805515 0.05722377 -0.01004349
v 0.00837268 0.05705880 -0.00989651
v 0.00853642 0.05723239 -0.00957905
v 0.00871858 0.05788179 -0.00880362
v 0.00886939 0.05754078 -0.00895412
v 0.00901422 0.05772236 -0.00863666
v 0.00899780 0.05722316 -0.00909286
v 0.01088359 0.05529895 -0.00812284
v 0.00985534 0.05805106 -0.00705052
v 0.00943378 0.05812554 -0.00761666
v 0.01004546 0.05827636 -0.00643558
v 0.01034010 0.05802275 -0.00627509
v 0.01030128 0.05791995 -0.00647850
v 0.01006786 0.05789410 -0.00690002
v 0.01014849 0.05740474 -0.00737092
v 0.00997877 0.05773406 -0.00724335
v 0.00911774 0.05829482 -0.00786534
v 0.00935564 0.05801967 -0.00786534
v 0.00945419 0.05767250 -0.00811813
v 0.00917498 0.05785593 -0.00830391
v 0.00855185 0.05772359 -0.00911638
v 0.00840105 0.05804060 -0.00897117
v 0.00808351 0.05820372 -0.00912226
v 0.00759875 0.05819695 -0.00959081
v 0.00743202 0.05802460 -0.00990827
v 0.00711449 0.05818895 -0.01005348
v 0.00986728 0.05615087 -0.00898998
v 0.00996782 0.05583325 -0.00911638
v 0.00985086 0.05551378 -0.00945794
v 0.00954975 0.05637370 -0.00918340
v 0.01043068 0.05489454 -0.00910168
v 0.00999519 0.05495794 -0.00962432
v 0.00979014 0.05508475 -0.00977835
v 0.01004646 0.05551378 -0.00922043
v 0.00758482 0.05770697 -0.01004819
v 0.00775055 0.05787009 -0.00974660
v 0.00838711 0.05755001 -0.00943384
v 0.00933176 0.05750446 -0.00843560
v 0.00944672 0.05718684 -0.00858433
v 0.01047150 0.05541837 -0.00868898
v 0.01040530 0.05624628 -0.00811813
v 0.01042123 0.05674857 -0.00766898
v 0.01072632 0.05644818 -0.00736680
v 0.00970752 0.05793042 -0.00742971
v 0.01043516 0.05788487 -0.00627509
v 0.01038788 0.05765096 -0.00666545
v 0.01041227 0.05720592 -0.00718044
v 0.01031820 0.05706619 -0.00749791
v 0.01000017 0.05728594 -0.00773777
v 0.00987724 0.05760356 -0.00756081
v 0.00953880 0.05778145 -0.00786534
v 0.00988421 0.05713144 -0.00805523
v 0.00952586 0.05737520 -0.00830273
v 0.00987674 0.05664454 -0.00852319
v 0.00998375 0.05632692 -0.00867193
v 0.01031372 0.05656390 -0.00798703
v 0.00999619 0.05681382 -0.00820514
v 0.01015695 0.05694000 -0.00786240
v 0.01048543 0.05692154 -0.00735916
v 0.01089952 0.05675349 -0.00672894
v 0.01082138 0.05659468 -0.00704699
v 0.01135641 0.05630537 -0.00627509
v 0.01083333 0.05725332 -0.00627509
v 0.01047050 0.05777653 -0.00634798
v 0.01047946 0.05731364 -0.00691236
v 0.01080844 0.05707112 -0.00654493
v 0.01071786 0.05692462 -0.00689767
v 0.01102594 0.05692400 -0.00627509
v 0.01124592 0.05651835 -0.00627509
v 0.01090699 0.05713021 -0.00627509
v 0.01063972 0.05742813 -0.00644616
v -0.00449366 0.06103130 0.00672734
v -0.00413656 0.06108971 0.00681548
v -0.00481154 0.06096921 0.00664826
v -0.00463678 0.06085917 0.00689406
v -0.00413656 0.06092249 0.00705372
v -0.00395560 0.06095323 0.00709754
v -0.00545625 0.06058867 0.00676914
v -0.00508952 0.06091081 0.00655306
v -0.00508264 0.06065998 0.00691924
v -0.00491888 0.06054748 0.00718015
v -0.00461338 0.06060527 0.00724663
v -0.00636999 0.06009070 0.00673590
v -0.00523676 0.06047125 0.00708697
v -0.00556634 0.06075589 0.00642966
v -0.00596816 0.06061387 0.00630777
v -0.00668718 0.05999910 0.00660897
v -0.00526979 0.06001263 0.00759216
v -0.00495259 0.06008394 0.00766772
v -0.00461338 0.05993516 0.00798504
v -0.00428656 0.06000463 0.00805958
v -0.00396868 0.06006673 0.00812808
v -0.00423151 0.06046571 0.00756295
v -0.00395560 0.06051428 0.00761886
v -0.00508952 0.05540184 0.01101520
v -0.01089808 0.05538401 0.00630777
v -0.00615669 0.05996713 0.00705372
v -0.00583881 0.06005996 0.00716856
v -0.00556634 0.06014050 0.00726023
v -0.00556634 0.05993393 0.00749848
v -0.00652274 0.06029788 0.00630777
v -0.00652480 0.06020566 0.00644175
v -0.00711171 0.05992103 0.00630777
v -0.00704497 0.05984110 0.00647751
v -0.00691149 0.05968126 0.00680944
v -0.00673328 0.05954540 0.00712676
v -0.00655163 0.05982389 0.00693133
v -0.00529456 0.05954602 0.00808023
v -0.00512323 0.05981528 0.00787423
v -0.00556634 0.05969540 0.00776694
v -0.00497668 0.05961794 0.00815478
v -0.00461338 0.05969663 0.00823940
v -0.00399964 0.05960688 0.00861918
v -0.00483769 0.05574242 0.01094318
v -0.00508952 0.05563975 0.01089382
v -0.00534685 0.05529426 0.01096534
v -0.00452050 0.05586353 0.01100412
v -0.01060772 0.05536065 0.00672079
v -0.01053203 0.05567787 0.00662156
v -0.00641540 0.05964930 0.00724311
v -0.00601701 0.05978762 0.00736450
v -0.00587734 0.05960811 0.00767376
v -0.00722937 0.05955831 0.00666337
v -0.00673603 0.05907080 0.00760475
v -0.00641884 0.05918760 0.00772161
v -0.00619522 0.05950544 0.00756043
v -0.00704015 0.05946179 0.00694342
v -0.00724726 0.05909969 0.00715799
v -0.00726377 0.05863800 0.00764857
v -0.00556634 0.05947286 0.00800518
v -0.00556634 0.05923432 0.00823234
v -0.00527048 0.05905727 0.00854463
v -0.00495259 0.05913904 0.00862018
v -0.00461338 0.05946302 0.00847764
v -0.00431752 0.05953618 0.00854715
v -0.00395560 0.05937142 0.00886094
v -0.00508952 0.05633875 0.01053670
v -0.00450467 0.05679122 0.01053267
v -0.00534135 0.05623916 0.01048482
v -0.00552643 0.05642543 0.01031004
v -0.00565923 0.05610022 0.01041884
v -0.00601564 0.05644326 0.01008288
v -0.00583330 0.05578300 0.01049389
v -0.00615119 0.05561332 0.01041431
v -0.00629912 0.05529549 0.01048835
v -0.00414275 0.05600923 0.01105701
v -0.00398794 0.05629141 0.01098246
v -0.00414275 0.05645679 0.01084194
v -0.01064350 0.05591210 0.00630777
v -0.01017218 0.05541967 0.00724361
v -0.01020933 0.05599017 0.00680843
v -0.01047079 0.05603628 0.00644930
v -0.00603766 0.05932408 0.00785660
v -0.00588078 0.05914272 0.00814773
v -0.00737868 0.05968373 0.00634554
v -0.00699543 0.05873759 0.00774579
v -0.00619797 0.05902592 0.00803943
v -0.00741445 0.05879353 0.00732168
v -0.00758096 0.05848492 0.00748538
v -0.00774197 0.05816770 0.00765361
v -0.00741583 0.05831770 0.00780975
v -0.00725001 0.05814925 0.00810945
v -0.00699543 0.05848738 0.00798403
v -0.00673053 0.05859005 0.00807771
v -0.00556634 0.05897366 0.00847059
v -0.00523126 0.05856054 0.00900600
v -0.00509227 0.05885009 0.00881309
v -0.00556634 0.05873513 0.00868465
v -0.00428725 0.05904190 0.00901003
v -0.00396936 0.05912367 0.00908206
v -0.00461338 0.05922449 0.00869775
v -0.00583950 0.05673097 0.01001841
v -0.00411798 0.05694738 0.01058959
v -0.00395560 0.05719820 0.01050396
v -0.00441109 0.05768448 0.01001891
v -0.00615738 0.05658712 0.00994084
v -0.00631563 0.05626928 0.01002194
v -0.00601220 0.05596128 0.01032062
v -0.00648214 0.05547807 0.01030904
v -0.00687777 0.05551373 0.01007684
v -0.01012677 0.05627789 0.00670668
v -0.00585463 0.05864783 0.00860709
v -0.00641265 0.05870808 0.00818450
v -0.00602665 0.05883657 0.00832502
v -0.00773165 0.05863123 0.00716756
v -0.00805985 0.05800294 0.00748639
v -0.00821191 0.05768510 0.00764606
v -0.00789059 0.05783695 0.00780875
v -0.00756720 0.05798880 0.00797144
v -0.00820847 0.05815786 0.00716856
v -0.00714405 0.05710291 0.00898989
v -0.00701263 0.05743428 0.00882367
v -0.00688052 0.05776564 0.00865695
v -0.00669819 0.05808286 0.00853405
v -0.00582642 0.05815233 0.00906443
v -0.00699543 0.05825008 0.00819558
v -0.00772133 0.05767096 0.00810743
v -0.00767935 0.05714902 0.00854866
v -0.00736216 0.05730947 0.00867257
v -0.00638031 0.05821257 0.00864083
v -0.00617252 0.05852980 0.00850182
v -0.00486865 0.05814433 0.00953387
v -0.00461338 0.05844926 0.00938478
v -0.00491406 0.05864230 0.00907854
v -0.00556634 0.05846709 0.00892239
v -0.00556634 0.05822979 0.00912890
v -0.00461338 0.05895829 0.00893549
v -0.00410835 0.05883411 0.00927497
v -0.00573285 0.05761194 0.00949156
v -0.00593995 0.05729410 0.00959934
v -0.00604867 0.05694676 0.00977009
v -0.00413656 0.05776871 0.01007281
v -0.00643673 0.05684471 0.00962302
v -0.00675461 0.05670208 0.00952329
v -0.00653512 0.05648568 0.00977563
v -0.00677456 0.05577255 0.01001337
v -0.00711584 0.05551373 0.00992070
v -0.00721767 0.05525061 0.00998517
v -0.00962380 0.05576517 0.00762944
v -0.00952609 0.05608301 0.00752064
v -0.00966715 0.05631293 0.00720281
v -0.01001392 0.05659572 0.00657019
v -0.01023410 0.05644879 0.00641858
v -0.00938917 0.05648630 0.00739572
v -0.00911051 0.05665905 0.00758864
v -0.00956944 0.05663077 0.00708646
v -0.00852979 0.05751911 0.00747883
v -0.00868047 0.05720128 0.00763900
v -0.00698924 0.05694368 0.00920395
v -0.00682686 0.05724185 0.00909465
v -0.00632664 0.05769801 0.00908005
v -0.00664452 0.05755969 0.00897377
v -0.00731193 0.05678508 0.00910624
v -0.00614430 0.05801585 0.00895815
v -0.00625783 0.05716255 0.00950667
v -0.00818576 0.05718099 0.00809685
v -0.00781628 0.05683180 0.00866803
v -0.00749564 0.05696705 0.00882921
v -0.00413656 0.05800663 0.00991516
v -0.00461338 0.05821135 0.00958877
v -0.00424665 0.05854455 0.00946788
v -0.00395560 0.05793716 0.01001942
v -0.00395560 0.05805273 0.00994286
v -0.00702846 0.05651273 0.00944874
v -0.00689153 0.05638486 0.00961043
v -0.00699199 0.05598526 0.00976053
v -0.00732707 0.05588013 0.00959330
v -0.00775642 0.05534220 0.00956006
v -0.00970086 0.05551373 0.00771154
v -0.00920821 0.05634121 0.00769441
v -0.00969673 0.05681028 0.00676914
v -0.00905547 0.05609346 0.00801224
v -0.00892405 0.05650166 0.00788228
v -0.00863162 0.05666151 0.00806966
v -0.00877336 0.05694307 0.00773269
v -0.00925156 0.05685209 0.00727131
v -0.00912771 0.05716931 0.00713280
v -0.00845342 0.05699041 0.00799612
v -0.00762913 0.05660065 0.00898535
v -0.00747087 0.05645187 0.00918280
v -0.00720873 0.05619797 0.00950264
v -0.00831374 0.05686315 0.00821018
v -0.00813416 0.05663200 0.00852801
v -0.00410766 0.05838041 0.00965425
v -0.00774816 0.05628281 0.00908005
v -0.00764358 0.05565943 0.00947896
v -0.00796765 0.05554201 0.00930368
v -0.00828897 0.05542397 0.00912840
v -0.00985774 0.05694799 0.00643419
v -0.00941256 0.05698979 0.00695097
v -0.00957426 0.05712812 0.00661602
v -0.00915386 0.05577623 0.00811247
v -0.00886556 0.05593300 0.00829984
v -0.00873758 0.05634367 0.00816938
v -0.00867566 0.05577255 0.00858644
v -0.00856419 0.05608977 0.00848721
v -0.00925638 0.05733345 0.00681498
v -0.00794082 0.05645740 0.00880655
v -0.00824631 0.05631416 0.00862723
v -0.00785206 0.05599017 0.00915610
v -0.00817888 0.05574181 0.00904126
v -0.00875822 0.05551373 0.00866652
v 0.00015163 0.05542566 0.01196859
v -0.00032462 0.05542837 0.01196803
v 0.00062838 0.05541681 0.01196859
v 0.00015163 0.05640373 0.01152938
v -0.00032462 0.05640168 0.01153162
v -0.00080138 0.05540865 0.01196015
v -0.00080138 0.05639149 0.01152263
v 0.00110463 0.05540593 0.01196521
v 0.00110463 0.05640101 0.01151925
v 0.00062838 0.05640373 0.01152488
v 0.00062838 0.05729338 0.01101987
v 0.00015163 0.05817351 0.01050417
v -0.00080138 0.05727841 0.01101312
v -0.00127762 0.05535968 0.01194103
v -0.00127762 0.05634251 0.01149170
v -0.00165564 0.05531139 0.01192247
v -0.00127762 0.05749267 0.01086353
v -0.00127762 0.05725461 0.01099737
v 0.00129801 0.05538212 0.01195509
v 0.00129801 0.05647650 0.01145458
v 0.00110463 0.05727773 0.01101368
v 0.00062838 0.05817011 0.01050192
v 0.00015163 0.05841156 0.01034052
v -0.00032462 0.05816398 0.01049911
v -0.00080138 0.05814970 0.01048955
v -0.00304066 0.05673701 0.01097263
v -0.00165975 0.05627790 0.01145795
v -0.00223011 0.05594190 0.01153050
v -0.00179244 0.05603508 0.01155750
v -0.00197296 0.05527058 0.01190110
v -0.00161604 0.05721516 0.01097319
v -0.00175336 0.05783615 0.01059584
v -0.00124882 0.05793409 0.01059753
v 0.00095497 0.05815310 0.01049180
v 0.00062838 0.05840816 0.01033378
v -0.00032462 0.05840272 0.01032928
v 0.00015163 0.05873600 0.01010208
v -0.00032462 0.05872852 0.01009083
v -0.00080138 0.05838776 0.01031522
v -0.00107087 0.05813814 0.01048224
v -0.00365936 0.05661730 0.01090008
v -0.00319289 0.05650167 0.01106823
v -0.00223011 0.05776065 0.01054635
v -0.00318312 0.05735595 0.01058909
v -0.00365936 0.05727025 0.01053567
v -0.00365936 0.05694309 0.01071844
v -0.00270636 0.05586028 0.01148832
v -0.00303294 0.05579702 0.01145571
v -0.00138820 0.05811841 0.01045806
v -0.00175336 0.05807420 0.01042825
v -0.00223011 0.05799871 0.01038439
v 0.00110463 0.05868023 0.01006271
v 0.00062838 0.05872104 0.01009589
v 0.00015163 0.05897474 0.00990975
v -0.00032462 0.05926448 0.00967299
v -0.00032462 0.05896726 0.00991144
v -0.00080138 0.05871220 0.01007734
v -0.00080138 0.05895025 0.00990244
v -0.00127762 0.05868091 0.01005540
v -0.00365936 0.05637856 0.01102943
v -0.00394583 0.05721244 0.01049855
v -0.00346701 0.05814834 0.01001266
v -0.00258756 0.05770011 0.01050642
v -0.00363931 0.05792117 0.01012008
v -0.00318826 0.05553584 0.01153275
v -0.00163352 0.05864350 0.01002785
v -0.00223011 0.05832246 0.01014594
v -0.00270636 0.05825581 0.01009477
v 0.00129801 0.05866050 0.01004472
v 0.00110463 0.05891896 0.00985857
v 0.00062838 0.05923796 0.00965556
v 0.00062838 0.05895909 0.00989344
v 0.00015163 0.05925700 0.00967187
v -0.00032462 0.05950322 0.00946998
v -0.00080138 0.05950526 0.00947391
v -0.00080138 0.05926720 0.00966399
v -0.00127762 0.05923660 0.00963812
v -0.00378485 0.05809597 0.00996880
v -0.00318312 0.05842721 0.00986251
v -0.00365936 0.05867003 0.00957176
v -0.00392834 0.05862649 0.00953915
v -0.00365936 0.05536784 0.01147145
v -0.00318312 0.05873872 0.00962406
v -0.00175336 0.05917470 0.00959370
v -0.00212571 0.05912369 0.00955433
v 0.00110463 0.05919715 0.00962069
v 0.00110463 0.05943520 0.00941655
v 0.00062838 0.05975352 0.00921241
v 0.00015163 0.05949506 0.00946491
v 0.00062838 0.05999226 0.00900546
v -0.00390829 0.05528282 0.01143546
v 0.00110463 0.06204294 0.00636288
v 0.00015163 0.05976712 0.00922647
v 0.00015163 0.06000518 0.00901558
v -0.00080138 0.05975352 0.00923603
v -0.00127762 0.05973244 0.00921522
v -0.00127762 0.05947465 0.00945367
v -0.00395509 0.05858976 0.00955658
v -0.00318312 0.05928693 0.00920060
v -0.00318312 0.05952499 0.00901445
v -0.00365936 0.05919851 0.00913874
v -0.00365936 0.05943656 0.00893347
v -0.00395509 0.05913730 0.00907632
v -0.00293008 0.05955900 0.00904539
v -0.00175336 0.05941344 0.00940587
v 0.00110463 0.05971135 0.00917867
v 0.00110463 0.05994941 0.00896834
v 0.00110463 0.06019562 0.00872990
v 0.00110463 0.06043436 0.00848526
v 0.00062838 0.06021603 0.00876701
v -0.00305763 0.06150630 0.00672617
v 0.00062838 0.06207015 0.00640674
v 0.00110463 0.06189195 0.00660132
v 0.00129801 0.06148929 0.00717044
v 0.00062838 0.06045409 0.00850214
v 0.00015163 0.06021807 0.00877714
v -0.00032462 0.06045681 0.00850664
v -0.00032462 0.06021875 0.00877207
v -0.00032462 0.05999906 0.00901052
v -0.00080138 0.05999158 0.00900208
v -0.00175336 0.05968823 0.00916854
v -0.00127762 0.05997049 0.00897959
v -0.00175336 0.05992628 0.00893460
v -0.00261276 0.05959436 0.00907913
v -0.00258087 0.06006708 0.00860224
v -0.00318312 0.05974808 0.00877657
v -0.00365936 0.05967394 0.00869503
v -0.00223011 0.05987459 0.00888117
v -0.00223011 0.06010721 0.00864329
v 0.00129801 0.06027384 0.00861630
v 0.00129801 0.06073023 0.00812197
v 0.00110463 0.06064181 0.00824682
v -0.00270636 0.06138659 0.00703097
v -0.00270636 0.06155051 0.00679253
v -0.00353490 0.06103018 0.00719013
v -0.00318312 0.06108868 0.00726155
v 0.00015163 0.06208647 0.00640449
v 0.00062838 0.06191712 0.00664519
v 0.00110463 0.06150154 0.00718563
v 0.00129801 0.06106691 0.00771313
v 0.00015163 0.06045613 0.00850720
v 0.00062838 0.06065201 0.00826369
v 0.00015163 0.06065542 0.00826875
v -0.00080138 0.06045273 0.00850270
v -0.00032462 0.06065609 0.00826875
v -0.00080138 0.06065677 0.00826482
v -0.00080138 0.06021467 0.00876420
v -0.00127762 0.06043640 0.00848920
v -0.00127762 0.06019835 0.00874114
v -0.00175336 0.06039763 0.00845040
v -0.00175336 0.06015958 0.00869615
v -0.00252121 0.06052959 0.00811185
v -0.00289819 0.06002286 0.00855893
v -0.00175336 0.06062005 0.00821195
v -0.00223011 0.06056563 0.00815122
v -0.00318312 0.05998614 0.00851507
v -0.00365936 0.05991200 0.00843015
v -0.00395509 0.06006912 0.00813097
v 0.00110463 0.06087987 0.00795945
v -0.00385223 0.06097033 0.00712264
v -0.00223011 0.06159404 0.00684539
v -0.00270636 0.06114853 0.00734422
v -0.00245847 0.06098869 0.00761809
v -0.00214114 0.06101998 0.00765689
v -0.00223011 0.06183277 0.00648941
v -0.00318312 0.06088803 0.00749999
v -0.00270636 0.06095809 0.00758210
v -0.00032462 0.06208716 0.00638312
v 0.00015163 0.06151514 0.00720306
v 0.00062838 0.06151718 0.00720306
v 0.00110463 0.06131313 0.00742351
v 0.00110463 0.06107439 0.00772100
v 0.00015163 0.06108800 0.00773787
v -0.00032462 0.06089483 0.00797688
v -0.00127762 0.06065133 0.00825132
v -0.00080138 0.06089483 0.00797294
v -0.00269042 0.06068738 0.00788915
v -0.00175336 0.06085810 0.00793021
v -0.00318312 0.06064929 0.00777105
v -0.00365936 0.06012149 0.00819171
v -0.00175336 0.06185930 0.00654396
v -0.00176004 0.06202118 0.00630777
v -0.00175336 0.06104379 0.00769176
v -0.00365936 0.06036022 0.00791671
v -0.00127762 0.06106215 0.00771988
v -0.00127762 0.06088939 0.00795832
v -0.00080138 0.06107916 0.00773506
v 0.00015163 0.06132605 0.00744150
v -0.00032462 0.06108732 0.00773844
v -0.00127762 0.06205383 0.00633813
v 0.00158157 0.06308266 -0.00643610
v 0.00204309 0.06298552 -0.00644775
v 0.00158157 0.06294909 -0.00677562
v 0.00187446 0.06291347 -0.00670492
v 0.00204418 0.06251924 -0.00740726
v 0.00187611 0.06243506 -0.00765199
v 0.00158157 0.06246744 -0.00771259
v 0.00282433 0.06195988 -0.00813291
v 0.00253472 0.06199712 -0.00819506
v 0.00158157 0.06233549 -0.00795111
v 0.00129852 0.06243829 -0.00785943
v 0.00621648 0.06152356 -0.00632267
v 0.00396417 0.06250630 -0.00636695
v 0.00253472 0.06185950 -0.00843358
v 0.00373533 0.06194855 -0.00763257
v 0.00396417 0.06154298 -0.00823158
v 0.00336414 0.06150899 -0.00863480
v 0.00301102 0.06156565 -0.00870628
v 0.00205842 0.06205297 -0.00827276
v 0.00129852 0.06235734 -0.00800083
v 0.00668566 0.06104919 -0.00677795
v 0.00576153 0.06153651 -0.00680592
v 0.00481330 0.06201331 -0.00681446
v 0.00526387 0.06200117 -0.00632811
v 0.00253472 0.05537781 -0.01385653
v 0.00299241 0.05504673 -0.01388683
v 0.00666705 0.05489454 -0.01243243
v 0.00427459 0.06246096 -0.00627450
v 0.00432879 0.06198093 -0.00722235
v 0.00205842 0.06188945 -0.00851050
v 0.00253472 0.06162151 -0.00877543
v 0.00392202 0.06178422 -0.00782058
v 0.00426309 0.06149118 -0.00814146
v 0.00396417 0.06139728 -0.00847010
v 0.00464632 0.06192669 -0.00713145
v 0.00443993 0.06107833 -0.00870550
v 0.00413444 0.06096419 -0.00902793
v 0.00381745 0.06102167 -0.00909319
v 0.00348787 0.06107267 -0.00915845
v 0.00348787 0.06088567 -0.00939697
v 0.00301102 0.06137866 -0.00894402
v 0.00154762 0.06206916 -0.00837376
v 0.00129852 0.06223916 -0.00818341
v 0.00664351 0.06055539 -0.00769317
v 0.00618035 0.06056025 -0.00817952
v 0.00621210 0.06105000 -0.00725653
v 0.00528742 0.06154137 -0.00727984
v 0.00282050 0.05530172 -0.01383089
v 0.00623236 0.05543205 -0.01247283
v 0.00136586 0.06194855 -0.00858430
v 0.00253472 0.06057725 -0.01008610
v 0.00241920 0.06101762 -0.00956556
v 0.00205842 0.06062258 -0.01014593
v 0.00129852 0.06195422 -0.00859052
v 0.00458118 0.06142642 -0.00804356
v 0.00442952 0.06132199 -0.00831704
v 0.00442952 0.06158184 -0.00787652
v 0.00494306 0.06163122 -0.00741891
v 0.00480235 0.06152680 -0.00772580
v 0.00473173 0.06101843 -0.00861771
v 0.00443993 0.06090024 -0.00894402
v 0.00422477 0.06052787 -0.00954692
v 0.00396417 0.06057320 -0.00960596
v 0.00348787 0.06064768 -0.00969764
v 0.00301102 0.06113985 -0.00924236
v 0.00129852 0.06211854 -0.00835589
v 0.00689151 0.06035383 -0.00774988
v 0.00684826 0.06029554 -0.00789439
v 0.00649788 0.06045987 -0.00801093
v 0.00689151 0.06008831 -0.00817253
v 0.00637360 0.06030121 -0.00837220
v 0.00600734 0.06045987 -0.00849729
v 0.00585679 0.06063148 -0.00833957
v 0.00556718 0.06095367 -0.00804900
v 0.00573744 0.06105081 -0.00773124
v 0.00511989 0.06144180 -0.00759761
v 0.00637306 0.05505320 -0.01254197
v 0.00564273 0.05528715 -0.01287294
v 0.00587431 0.05551867 -0.01263443
v 0.00610534 0.05574938 -0.01238814
v 0.00285937 0.06053758 -0.01003638
v 0.00253472 0.06038540 -0.01032384
v 0.00205842 0.06043235 -0.01038289
v 0.00524964 0.06103867 -0.00817875
v 0.00504981 0.06093991 -0.00849651
v 0.00568981 0.06054487 -0.00861616
v 0.00492389 0.06076020 -0.00882515
v 0.00479852 0.06058049 -0.00913126
v 0.00454230 0.06044287 -0.00944902
v 0.00426036 0.06007293 -0.01004570
v 0.00396417 0.06013931 -0.01012107
v 0.00396417 0.06037730 -0.00984448
v 0.00348787 0.06045178 -0.00993616
v 0.00689151 0.06027531 -0.00787963
v 0.00656686 0.06002436 -0.00856410
v 0.00673549 0.06014255 -0.00824634
v 0.00624933 0.06014255 -0.00869230
v 0.00586226 0.06027450 -0.00881350
v 0.00348787 0.05587161 -0.01339892
v 0.00288565 0.05629174 -0.01337328
v 0.00596409 0.05503782 -0.01278437
v 0.00539308 0.05539158 -0.01292267
v 0.00481714 0.05586109 -0.01291956
v 0.00539308 0.05562957 -0.01279991
v 0.00563178 0.05622860 -0.01239125
v 0.00574894 0.05599061 -0.01245651
v 0.00574948 0.05683573 -0.01198569
v 0.00621100 0.05634274 -0.01198025
v 0.00667252 0.05584975 -0.01197093
v 0.00253472 0.06014659 -0.01060198
v 0.00176935 0.06002679 -0.01095005
v 0.00326888 0.06004541 -0.01049166
v 0.00301102 0.06008264 -0.01053051
v 0.00457789 0.05998145 -0.00994626
v 0.00517026 0.05957185 -0.01001929
v 0.00491678 0.05964551 -0.01009465
v 0.00442241 0.05979122 -0.01023838
v 0.00426693 0.05960099 -0.01052196
v 0.00396417 0.05991427 -0.01035881
v 0.00571718 0.06008912 -0.00911106
v 0.00358696 0.05999279 -0.01043961
v 0.00345174 0.06018221 -0.01026713
v 0.00659533 0.05957185 -0.00906600
v 0.00603472 0.05999764 -0.00901006
v 0.00662380 0.05911610 -0.00956634
v 0.00375996 0.05577933 -0.01335697
v 0.00393680 0.05550248 -0.01342223
v 0.00427787 0.05533572 -0.01337251
v 0.00348787 0.05683897 -0.01293898
v 0.00320921 0.05716277 -0.01284730
v 0.00336086 0.05770675 -0.01242621
v 0.00394720 0.05646255 -0.01295918
v 0.00377694 0.05674345 -0.01288848
v 0.00539308 0.05632088 -0.01244175
v 0.00527811 0.05726800 -0.01196705
v 0.00559564 0.05715305 -0.01189246
v 0.00590989 0.05934842 -0.00979709
v 0.00548779 0.05948037 -0.00991907
v 0.00608016 0.05906834 -0.00999210
v 0.00576262 0.05916224 -0.01008766
v 0.00458446 0.05950871 -0.01043106
v 0.00426036 0.05912095 -0.01099511
v 0.00457844 0.05902948 -0.01090499
v 0.00396417 0.05967546 -0.01059111
v 0.00425269 0.05864173 -0.01146437
v 0.00396417 0.05893639 -0.01129345
v 0.00676833 0.05928447 -0.00924858
v 0.00605771 0.05953380 -0.00950108
v 0.00634623 0.05899224 -0.00990197
v 0.00689151 0.05900924 -0.00945213
v 0.00664241 0.05866035 -0.01005814
v 0.00348787 0.05707777 -0.01280069
v 0.00350703 0.05745419 -0.01254896
v 0.00396417 0.05731495 -0.01247826
v 0.00381745 0.05818031 -0.01194685
v 0.00479031 0.05679121 -0.01243786
v 0.00426419 0.05722267 -0.01241689
v 0.00504051 0.05758533 -0.01186760
v 0.00541936 0.05742424 -0.01179690
v 0.00567722 0.05769542 -0.01147059
v 0.00584912 0.05740076 -0.01155916
v 0.00615297 0.05722915 -0.01147137
v 0.00396417 0.05869759 -0.01151332
v 0.00634623 0.05875344 -0.01015137
v 0.00549162 0.05900601 -0.01040465
v 0.00491678 0.05917357 -0.01057013
v 0.00441529 0.05883520 -0.01118546
v 0.00532902 0.05881253 -0.01068667
v 0.00516642 0.05861825 -0.01096869
v 0.00413444 0.05809855 -0.01188158
v 0.00457023 0.05854054 -0.01137580
v 0.00481166 0.05822241 -0.01150711
v 0.00472242 0.05768490 -0.01193208
v 0.00443993 0.05776989 -0.01198880
v 0.00607852 0.05859235 -0.01046602
v 0.00689151 0.05854054 -0.00994393
v 0.00689151 0.05827907 -0.01015991
v 0.00677600 0.05832521 -0.01021507
v 0.00659205 0.05814308 -0.01049088
v 0.00604238 0.05808398 -0.01092441
v 0.00367839 0.05763552 -0.01236639
v 0.00539308 0.05779256 -0.01154595
v 0.00599475 0.05754647 -0.01135871
v 0.00572430 0.05819650 -0.01101531
v 0.00621374 0.05776585 -0.01104095
v 0.00576098 0.05868868 -0.01055848
v 0.00590168 0.05839402 -0.01074105
v 0.00689151 0.05820703 -0.01021430
v 0.00689151 0.05798684 -0.01037823
v -0.00099396 0.06004636 -0.01144740
v -0.00117817 0.06004636 -0.01144740
v -0.00175366 0.06046455 -0.01089916
v -0.00032469 0.05960353 -0.01197116
v -0.00080139 0.05961338 -0.01197293
v -0.00149578 0.06003815 -0.01143711
v -0.00222980 0.06043061 -0.01084842
v -0.00002383 0.05957890 -0.01193922
v -0.00032469 0.05940155 -0.01220926
v -0.00114300 0.05959203 -0.01194206
v -0.00032469 0.05916289 -0.01245836
v -0.00175366 0.06000804 -0.01140979
v -0.00222980 0.06019250 -0.01111775
v -0.00270649 0.06014214 -0.01106062
v -0.00270649 0.06038025 -0.01078667
v 0.00001692 0.05914045 -0.01244346
v -0.00068975 0.05913498 -0.01242891
v -0.00373970 0.06000421 -0.01092613
v -0.00002551 0.05863905 -0.01288844
v -0.00018291 0.05863905 -0.01288844
v -0.00413602 0.05994181 -0.01083280
v 0.00014028 0.05839328 -0.01301051
v 0.00015200 0.05802380 -0.01326919
v -0.00032469 0.05777474 -0.01341042
v -0.00032469 0.05801285 -0.01326103
v -0.00080139 0.05770304 -0.01337352
v 0.00046068 0.05772876 -0.01337919
v -0.00391162 0.05528527 -0.01430322
v 0.00015200 0.05778569 -0.01340971
v -0.00032469 0.05676483 -0.01384440
v -0.00157504 0.05672050 -0.01382914
v 0.00094072 0.05626727 -0.01383446
v 0.00015200 0.05741950 -0.01355342
v -0.00365932 0.05531757 -0.01431990
v -0.00318319 0.05503732 -0.01439016
v -0.00000597 0.05674568 -0.01383482
v -0.00032469 0.05646652 -0.01396150
v -0.00080139 0.05646652 -0.01395476
v -0.00318319 0.05534658 -0.01432628
v 0.00062814 0.05634719 -0.01386179
v -0.00032469 0.05497875 -0.01439512
v 0.00015256 0.05649060 -0.01389514
v -0.00002160 0.05529677 -0.01430251
v -0.00032469 0.05533016 -0.01431067
v 0.00014307 0.05506852 -0.01434829
v 0.01190419 0.05548854 -0.00594455
v 0.00808230 0.06056904 -0.00581949
v 0.01185377 0.05581091 -0.00577691
v 0.01231542 0.05530952 0.00278669
v 0.00797358 0.06048194 -0.00613702
v 0.00857861 0.06012183 -0.00585851
v 0.00827925 0.06030154 -0.00599777
v 0.00818156 0.06064038 -0.00548244
v 0.00842000 0.06045518 -0.00548244
v 0.01137374 0.05674923 -0.00576982
v 0.01142731 0.05685281 -0.00548244
v 0.01178234 0.05615112 -0.00548244
v 0.01190209 0.05591311 -0.00548244
v 0.01232173 0.05532323 -0.00484206
v 0.01238107 0.05504476 -0.00500260
v 0.01144516 0.05645223 -0.00594100
v 0.01233538 0.05536027 0.00261728
v 0.01231647 0.05578965 0.00196625
v 0.01190839 0.05638022 0.00261728
v 0.01239630 0.05602080 0.00120524
v 0.01238107 0.05552832 0.00213122
v 0.00873407 0.06019180 -0.00545406
v 0.00898459 0.06005736 -0.00527755
v 0.00889636 0.05996956 -0.00559509
v 0.00905550 0.05965130 -0.00585851
v 0.00847672 0.06002512 -0.00617605
v 0.00848723 0.06051143 -0.00523498
v 0.01129391 0.05709082 -0.00548244
v 0.01129548 0.05660176 -0.00608735
v 0.01119097 0.05692208 -0.00594100
v 0.01095358 0.05730413 -0.00595874
v 0.01134117 0.05717518 -0.00523232
v 0.01182016 0.05622520 -0.00523764
v 0.01186533 0.05631025 -0.00492011
v 0.01230650 0.05623754 -0.00335462
v 0.01233381 0.05582669 -0.00394445
v 0.01236112 0.05541720 -0.00452896
v 0.01235114 0.05587745 0.00166380
v 0.01232645 0.05628007 0.00105889
v 0.01185272 0.05675335 0.00201592
v 0.01135535 0.05766835 0.00192013
v 0.01140105 0.05726229 0.00252415
v 0.01278916 0.05530197 0.00052760
v 0.00802925 0.06100391 0.00278669
v 0.00787169 0.06136127 0.00214098
v 0.00945150 0.05957174 -0.00526070
v 0.00959120 0.05933030 -0.00544430
v 0.00937272 0.05949217 -0.00557823
v 0.00904131 0.06010675 -0.00500526
v 0.00927976 0.05987079 -0.00500526
v 0.00951137 0.05963278 -0.00500526
v 0.00952608 0.05917460 -0.00586029
v 0.00990790 0.05859912 -0.00617782
v 0.00802032 0.06099705 -0.00478174
v 0.00830708 0.06085370 -0.00452896
v 0.00854605 0.06055944 -0.00491745
v 0.00885434 0.06042157 -0.00452896
v 0.00871464 0.06037631 -0.00504783
v 0.01104601 0.05745640 -0.00550994
v 0.01088740 0.05720467 -0.00622660
v 0.01036745 0.05809430 -0.00613170
v 0.01091734 0.05772253 -0.00536891
v 0.01098246 0.05781239 -0.00500526
v 0.01129968 0.05758535 -0.00452896
v 0.01134065 0.05765120 -0.00427529
v 0.01138844 0.05724994 -0.00491390
v 0.01182856 0.05671014 -0.00430190
v 0.01185955 0.05677050 -0.00405266
v 0.01191890 0.05687338 -0.00357636
v 0.01220356 0.05652357 -0.00310007
v 0.01233118 0.05628556 -0.00310007
v 0.01245355 0.05599062 -0.00310007
v 0.01236584 0.05598788 -0.00353911
v 0.01241469 0.05555096 -0.00408282
v 0.01235376 0.05633152 0.00071120
v 0.01183644 0.05719919 0.00099769
v 0.01193308 0.05696529 0.00116887
v 0.01189526 0.05682811 0.00166380
v 0.01138792 0.05772596 0.00166380
v 0.01124086 0.05796397 0.00166380
v 0.01092416 0.05820747 0.00214098
v 0.01116996 0.05785491 0.00210373
v 0.01284745 0.05505161 0.00069612
v 0.01291520 0.05503721 0.00023490
v 0.01280176 0.05533489 0.00023490
v 0.00816528 0.06089348 0.00278669
v 0.00859962 0.06060540 0.00261728
v 0.00848145 0.06098059 0.00188022
v 0.00818156 0.06112326 0.00214098
v 0.00853870 0.06103409 0.00156180
v 0.00771570 0.06158830 0.00166380
v 0.00978185 0.05932138 -0.00505049
v 0.00991683 0.05908406 -0.00523941
v 0.00986063 0.05902370 -0.00548244
v 0.00998930 0.05868760 -0.00586029
v 0.00912902 0.06018357 -0.00452896
v 0.00936747 0.05996408 -0.00452896
v 0.00961273 0.05972538 -0.00452896
v 0.00985065 0.05948806 -0.00452896
v 0.01017838 0.05839129 -0.00599599
v 0.01021724 0.05818003 -0.00627450
v 0.00995937 0.05847840 -0.00627450
v 0.00806864 0.06103409 -0.00452896
v 0.00851979 0.06101351 -0.00341405
v 0.00861590 0.06061569 -0.00452896
v 0.00892052 0.06047645 -0.00415732
v 0.01043205 0.05818278 -0.00581417
v 0.01104864 0.05793311 -0.00455379
v 0.01049140 0.05825960 -0.00548244
v 0.01091419 0.05818826 -0.00441188
v 0.01122931 0.05787892 -0.00409080
v 0.01138109 0.05770881 -0.00395776
v 0.01143781 0.05734734 -0.00452896
v 0.01194726 0.05698175 -0.00311337
v 0.01186795 0.05725680 -0.00262288
v 0.01235954 0.05634112 -0.00262288
v 0.01250555 0.05599062 -0.00262288
v 0.01281384 0.05536851 -0.00214658
v 0.01279126 0.05531157 -0.00247742
v 0.01222194 0.05656953 0.00071120
v 0.01281699 0.05537262 -0.00024139
v 0.01237057 0.05636101 0.00023490
v 0.01184799 0.05721771 0.00071120
v 0.01170094 0.05745640 0.00071120
v 0.01146250 0.05784188 0.00071120
v 0.01143676 0.05780484 0.00118750
v 0.01087322 0.05861078 0.00142787
v 0.01097668 0.05837826 0.00161767
v 0.01082017 0.05854082 0.00174540
v 0.01074875 0.05844548 0.00214098
v 0.01087847 0.05814299 0.00239643
v 0.01097248 0.05789676 0.00258003
v 0.01081965 0.05805589 0.00271396
v 0.01294987 0.05503721 -0.00024139
v 0.00883806 0.06040991 0.00261728
v 0.00891842 0.06047576 0.00224476
v 0.00881810 0.06084958 0.00118750
v 0.00858019 0.06106633 0.00118750
v 0.00897514 0.06052446 0.00192722
v 0.00900718 0.06055670 0.00166380
v 0.00997985 0.05916020 -0.00492188
v 0.00897566 0.06052378 -0.00383979
v 0.00919730 0.06026999 -0.00402694
v 0.00946830 0.06006353 -0.00389744
v 0.00941946 0.06001346 -0.00421498
v 0.00990422 0.05954842 -0.00423449
v 0.01005023 0.05925005 -0.00452896
v 0.00856863 0.06105055 -0.00310007
v 0.00880655 0.06086124 -0.00310007
v 0.00901663 0.06056219 -0.00357636
v 0.01028814 0.05894619 -0.00452896
v 0.01041945 0.05864028 -0.00483585
v 0.01096723 0.05825686 -0.00405266
v 0.01098929 0.05839061 -0.00353024
v 0.01125609 0.05800101 -0.00357636
v 0.01141628 0.05776300 -0.00357636
v 0.01184169 0.05720948 -0.00296347
v 0.01172877 0.05749481 -0.00262288
v 0.01189054 0.05730276 -0.00214658
v 0.01237057 0.05636375 -0.00214658
v 0.01284063 0.05542063 -0.00167117
v 0.01283170 0.05495216 -0.00310007
v 0.01297035 0.05503721 -0.00167117
v 0.01292413 0.05503721 -0.00214658
v 0.01285218 0.05506945 -0.00263086
v 0.01283117 0.05540554 -0.00071858
v 0.01284483 0.05542749 -0.00119488
v 0.01237372 0.05636718 -0.00024139
v 0.01189421 0.05730962 -0.00167117
v 0.01189158 0.05729659 -0.00119488
v 0.01188528 0.05728012 -0.00071858
v 0.01187373 0.05725886 -0.00024139
v 0.01123824 0.05833368 -0.00067512
v 0.01095988 0.05873631 -0.00024139
v 0.01094412 0.05870750 0.00023490
v 0.01092364 0.05867663 0.00071120
v 0.01097353 0.05876305 -0.00071858
v 0.01128130 0.05804354 0.00118750
v 0.01044518 0.05914099 0.00118750
v 0.01022880 0.05937900 0.00118750
v 0.01041104 0.05910326 0.00149084
v 0.00941106 0.06000592 0.00224298
v 0.00987849 0.05951549 0.00214098
v 0.00957492 0.05971166 0.00261728
v 0.00981284 0.05942633 0.00261728
v 0.01089318 0.05863548 0.00118750
v 0.01048930 0.05919586 0.00071120
v 0.01028184 0.05943387 0.00071120
v 0.01004340 0.05970000 0.00071120
v 0.01051083 0.05875551 0.00214098
v 0.01044255 0.05867046 0.00250020
v 0.01297140 0.05503721 -0.00071858
v 0.00911432 0.06017191 0.00261728
v 0.00935276 0.05994967 0.00261728
v 0.00906337 0.06061157 0.00118750
v 0.00935539 0.06042912 0.00071120
v 0.00911747 0.06065273 0.00071120
v 0.00939688 0.06046890 0.00023490
v 0.00884962 0.06089073 0.00071120
v 0.00861117 0.06109102 0.00071120
v 0.00836853 0.06137842 -0.00024139
v 0.00813061 0.06155127 -0.00024139
v 0.00944887 0.06004502 0.00192545
v 0.00930129 0.06037151 0.00118750
v 0.00779081 0.06178927 -0.00024139
v 0.00950507 0.06010126 -0.00357636
v 0.00994204 0.05958614 -0.00391696
v 0.00907808 0.06062323 -0.00310007
v 0.01047669 0.05918214 -0.00310007
v 0.01043047 0.05912933 -0.00347525
v 0.01035432 0.05903673 -0.00405266
v 0.01054182 0.05879872 -0.00405266
v 0.00802400 0.06147581 -0.00289429
v 0.00828870 0.06132560 -0.00262288
v 0.00861328 0.06108759 -0.00262288
v 0.00885172 0.06089348 -0.00262288
v 0.01087322 0.05861078 -0.00334043
v 0.01089370 0.05864096 -0.00310007
v 0.01135115 0.05813751 -0.00239937
v 0.01145409 0.05781993 -0.00310007
v 0.01146355 0.05792419 -0.00258474
v 0.01175031 0.05754077 -0.00214658
v 0.01237687 0.05637473 -0.00167117
v 0.01298296 0.05503721 -0.00119488
v 0.01237740 0.05637404 -0.00119488
v 0.01137531 0.05817386 -0.00167117
v 0.01136849 0.05816631 -0.00119488
v 0.01080704 0.05900107 -0.00071858
v 0.01078551 0.05897431 -0.00024139
v 0.01075820 0.05894619 0.00023490
v 0.01052028 0.05923770 0.00023490
v 0.01072721 0.05891464 0.00071120
v 0.01121933 0.05840364 -0.00119488
v 0.01098089 0.05876923 -0.00119488
v 0.00999035 0.05964033 0.00118750
v 0.00994886 0.05959506 0.00155204
v 0.00982649 0.05993801 0.00071120
v 0.00999928 0.05918831 0.00261728
v 0.01032018 0.05947571 0.00023490
v 0.01008227 0.05975487 0.00023490
v 0.00987481 0.05999288 0.00023490
v 0.00958857 0.06019042 0.00071120
v 0.00963689 0.06023090 0.00023490
v 0.00989844 0.06001963 -0.00024139
v 0.00941368 0.06048262 -0.00024139
v 0.00917524 0.06069594 -0.00024139
v 0.00890424 0.06093463 -0.00024139
v 0.00915896 0.06067811 0.00023490
v 0.00887745 0.06091611 0.00023490
v 0.00863901 0.06111640 0.00023490
v 0.00866580 0.06114041 -0.00024139
v 0.00839111 0.06139145 -0.00071858
v 0.00815267 0.06156772 -0.00071858
v 0.00947881 0.06007656 0.00166380
v 0.00779869 0.06180574 -0.00071858
v 0.00974298 0.05986051 -0.00357636
v 0.00931599 0.06038934 -0.00310007
v 0.00955391 0.06015064 -0.00310007
v 0.00979235 0.05991058 -0.00310007
v 0.01002764 0.05967257 -0.00310007
v 0.00997775 0.05962250 -0.00357636
v 0.01026609 0.05942015 -0.00310007
v 0.00911117 0.06065547 -0.00262288
v 0.00934961 0.06042295 -0.00262288
v 0.01071513 0.05887897 -0.00310007
v 0.01052238 0.05923153 -0.00262288
v 0.01076083 0.05893247 -0.00262288
v 0.00805026 0.06149502 -0.00262288
v 0.00808597 0.06152177 -0.00214658
v 0.00832441 0.06134755 -0.00214658
v 0.00835382 0.06136676 -0.00167117
v 0.00838166 0.06138390 -0.00119488
v 0.00863271 0.06110885 -0.00214658
v 0.00864846 0.06112806 -0.00167117
v 0.00887115 0.06090720 -0.00214658
v 0.01093204 0.05869446 -0.00262288
v 0.01095778 0.05872944 -0.00214658
v 0.01119622 0.05839335 -0.00214658
v 0.01136376 0.05815534 -0.00214658
v 0.01121197 0.05841118 -0.00167117
v 0.01081019 0.05900724 -0.00119488
v 0.01056913 0.05928434 -0.00071858
v 0.01054707 0.05927062 -0.00024139
v 0.01097406 0.05875139 -0.00167117
v 0.01034329 0.05950864 -0.00024139
v 0.01035169 0.05952304 -0.00071858
v 0.01057228 0.05927817 -0.00119488
v 0.00989319 0.06001346 -0.00071858
v 0.00940948 0.06047919 -0.00071858
v 0.00917156 0.06070006 -0.00071858
v 0.00891159 0.06093806 -0.00071858
v 0.00867367 0.06115275 -0.00071858
v 0.00814322 0.06156155 -0.00119488
v 0.00779343 0.06179956 -0.00119488
v 0.00958963 0.06018494 -0.00262288
v 0.00982807 0.05994761 -0.00262288
v 0.01006703 0.05970960 -0.00262288
v 0.01030495 0.05946954 -0.00262288
v 0.00912850 0.06066919 -0.00214658
v 0.00938322 0.06045656 -0.00167117
v 0.00936641 0.06044078 -0.00214658
v 0.00960958 0.06020277 -0.00214658
v 0.01009014 0.05973018 -0.00214658
v 0.01032858 0.05949423 -0.00214658
v 0.01054602 0.05925622 -0.00214658
v 0.01078393 0.05896745 -0.00214658
v 0.00811591 0.06154372 -0.00167117
v 0.00866159 0.06114521 -0.00119488
v 0.00888691 0.06091955 -0.00167117
v 0.00914478 0.06068153 -0.00167117
v 0.01079812 0.05899009 -0.00167117
v 0.01055967 0.05926857 -0.00167117
v 0.01034066 0.05950726 -0.00167117
v 0.00986431 0.05998397 -0.00167117
v 0.00962586 0.06021855 -0.00167117
v 0.00939793 0.06046890 -0.00119488
v 0.00915948 0.06069182 -0.00119488
v 0.00889951 0.06092983 -0.00119488
v -0.01306637 0.05519712 -0.00340705
v -0.01300859 0.05519712 0.00159463
v -0.01301240 0.05495883 0.00201056
v -0.01307526 0.05517578 -0.00340705
v -0.01255263 0.05497662 -0.00570281
v -0.01301176 0.05497662 -0.00421873
v -0.01303335 0.05497662 -0.00410923
v -0.01308796 0.05519712 0.00118735
v -0.01304605 0.05506197 0.00167244
v -0.01345819 0.05394522 0.00156966
v -0.01199952 0.05479524 -0.00715039
v -0.01202111 0.05390610 -0.00766526
v -0.01343406 0.05481302 -0.00197676
v -0.01204206 0.05455695 -0.00722531
v -0.01220336 0.05455695 -0.00691121
v -0.01249865 0.05393100 -0.00672198
v -0.01252024 0.05446448 -0.00630989
v -0.01246182 0.05478100 -0.00618310
v -0.01252469 0.05490904 -0.00586611
v -0.01294572 0.05479167 -0.00476241
v -0.01299652 0.05489482 -0.00444447
v -0.01319211 0.05455695 -0.00405255
v -0.01344358 0.05437201 -0.00297383
v -0.01345120 0.05439335 0.00071091
v -0.01314893 0.05503352 0.00118735
v -0.01343279 0.05433644 0.00098563
v -0.01360679 0.05360380 0.00118735
v -0.01350455 0.05364292 0.00170222
v -0.01341437 0.05382786 0.00188665
v -0.01347978 0.05409460 0.00116238
v -0.01210874 0.05406970 -0.00740014
v -0.01205667 0.05356468 -0.00780262
v -0.01207001 0.05360380 -0.00775651
v -0.01346772 0.05445381 -0.00262419
v -0.01348359 0.05458895 -0.00214006
v -0.01362266 0.05408037 -0.00214774
v -0.01364489 0.05408037 -0.00167130
v -0.01364934 0.05408037 -0.00119486
v -0.01349566 0.05460674 -0.00162616
v -0.01343406 0.05481302 -0.00175391
v -0.01208842 0.05346154 -0.00780262
v -0.01250754 0.05300986 -0.00721763
v -0.01254247 0.05360380 -0.00681323
v -0.01297493 0.05297073 -0.00624842
v -0.01257168 0.05408393 -0.00645494
v -0.01298763 0.05348643 -0.00581808
v -0.01298953 0.05408037 -0.00534644
v -0.01295397 0.05432577 -0.00524942
v -0.01299843 0.05443958 -0.00500640
v -0.01307336 0.05460318 -0.00457414
v -0.01344295 0.05389899 -0.00389118
v -0.01346899 0.05398790 -0.00357611
v -0.01347978 0.05403414 -0.00340705
v -0.01349693 0.05411594 -0.00311984
v -0.01357504 0.05408037 -0.00262419
v -0.01349248 0.05449293 -0.00024197
v -0.01347661 0.05446092 0.00023447
v -0.01359980 0.05408037 0.00023447
v -0.01354328 0.05408037 0.00071091
v -0.01390716 0.05290316 0.00002891
v -0.01390779 0.05242659 0.00096642
v -0.01361695 0.05312723 0.00166379
v -0.01731348 0.01899882 0.00118735
v -0.01733063 0.01897748 0.00071091
v -0.01685816 0.01890635 -0.00405255
v -0.01682578 0.01893480 -0.00452900
v -0.01629552 0.01905928 -0.00722724
v -0.01390716 0.05289961 -0.00240998
v -0.01390970 0.05291383 -0.00214774
v -0.01391859 0.05298852 -0.00071842
v -0.01364489 0.05408037 -0.00071842
v -0.01351026 0.05454628 -0.00119486
v -0.01255009 0.05265065 -0.00730312
v -0.01300795 0.05265065 -0.00632910
v -0.01343342 0.05243370 -0.00525903
v -0.01303272 0.05312723 -0.00596889
v -0.01305494 0.05362869 -0.00551358
v -0.01310575 0.05408037 -0.00500640
v -0.01344549 0.05345087 -0.00436666
v -0.01347661 0.05360380 -0.00405063
v -0.01356488 0.05360380 -0.00357611
v -0.01358964 0.05360380 -0.00340705
v -0.01363346 0.05360380 -0.00309967
v -0.01363346 0.05408037 -0.00024197
v -0.01391414 0.05295651 -0.00024197
v -0.01410212 0.05170106 -0.00024197
v -0.01400432 0.05217408 0.00023447
v -0.01393129 0.05266132 0.00020661
v -0.01391859 0.05249416 0.00071091
v -0.01407290 0.05170106 0.00023447
v -0.01402210 0.05170106 0.00071091
v -0.01392367 0.05217408 0.00106344
v -0.01391668 0.05158369 0.00148897
v -0.01727538 0.01903083 0.00157542
v -0.01734333 0.01930468 0.00118735
v -0.01738206 0.01930468 0.00071091
v -0.01732364 0.01897392 0.00023447
v -0.01737635 0.01930468 0.00023447
v -0.01731221 0.01897748 -0.00024197
v -0.01729633 0.01898815 -0.00071842
v -0.01727856 0.01900237 -0.00119486
v -0.01725569 0.01903438 -0.00167130
v -0.01679339 0.01898815 -0.00500640
v -0.01724109 0.01905928 -0.00192585
v -0.01677243 0.01903794 -0.00531474
v -0.01644857 0.01930468 -0.00691121
v -0.01625615 0.01930468 -0.00755671
v -0.01391414 0.05247282 -0.00291524
v -0.01392748 0.05263998 -0.00259057
v -0.01398781 0.05217408 -0.00262419
v -0.01408306 0.05170106 -0.00214774
v -0.01401829 0.05217408 -0.00214774
v -0.01394971 0.05265065 -0.00214774
v -0.01409576 0.05170106 -0.00167130
v -0.01396812 0.05265065 -0.00071842
v -0.01249675 0.05204248 -0.00766526
v -0.01258692 0.05219186 -0.00742223
v -0.01295778 0.05198202 -0.00668836
v -0.01302637 0.05215629 -0.00646262
v -0.01345438 0.05217408 -0.00531378
v -0.01347343 0.05261508 -0.00499199
v -0.01344612 0.05296362 -0.00482389
v -0.01355662 0.05217408 -0.00500640
v -0.01358266 0.05265065 -0.00452900
v -0.01357694 0.05312723 -0.00405255
v -0.01410465 0.05170106 -0.00071842
v -0.01439106 0.04917593 -0.00119486
v -0.01415419 0.05122448 -0.00024197
v -0.01412561 0.05122448 0.00023447
v -0.01394780 0.05172595 0.00122097
v -0.01727474 0.01930468 0.00157830
v -0.01390525 0.05098975 0.00190490
v -0.01438216 0.04909768 -0.00045618
v -0.01438661 0.04914036 -0.00071842
v -0.01442471 0.04883805 -0.00119486
v -0.01734841 0.01930468 -0.00024197
v -0.01438725 0.04914391 -0.00157717
v -0.01440566 0.04888073 -0.00170973
v -0.01724109 0.01910907 -0.00192585
v -0.01693437 0.01978125 -0.00452900
v -0.01697374 0.01930468 -0.00405255
v -0.01690960 0.01930468 -0.00452900
v -0.01684356 0.01930468 -0.00500640
v -0.01678640 0.01930468 -0.00538678
v -0.01678640 0.01978125 -0.00535989
v -0.01633108 0.01964610 -0.00729736
v -0.01296159 0.05012196 -0.00717152
v -0.01256724 0.05122093 -0.00777860
v -0.01255200 0.05122093 -0.00780262
v -0.01366331 0.05217408 -0.00452900
v -0.01390652 0.05147344 -0.00382490
v -0.01392621 0.05165838 -0.00354825
v -0.01398209 0.05122093 -0.00357611
v -0.01398463 0.05139164 -0.00340705
v -0.01400622 0.05122448 -0.00340705
v -0.01398781 0.05170106 -0.00309967
v -0.01404877 0.05122448 -0.00309967
v -0.01404623 0.05170106 -0.00262419
v -0.01414022 0.05122448 -0.00214774
v -0.01415165 0.05122448 -0.00167130
v -0.01248151 0.05170106 -0.00780262
v -0.01253041 0.05170106 -0.00772097
v -0.01348423 0.05170106 -0.00539063
v -0.01361568 0.05170106 -0.00500640
v -0.01392494 0.05122093 -0.00390943
v -0.01391732 0.05074435 0.00195677
v -0.01725569 0.01918376 -0.00167130
v -0.01439360 0.04874914 -0.00204977
v -0.01437391 0.04906923 -0.00189415
v -0.01698834 0.01978125 -0.00405255
v -0.01685943 0.01978125 -0.00500640
v -0.01410275 0.05074435 -0.00309967
v -0.01409322 0.05043849 -0.00340705
v -0.01404115 0.05074435 -0.00357611
v -0.01394844 0.05072657 -0.00407465
v -0.01390907 0.05055586 -0.00430903
v -0.01404433 0.05091507 -0.00340705
v -0.01410338 0.05122448 -0.00262419
v -0.01406338 0.05074435 -0.00340705
v 0.00747264 0.06142747 0.00274944
v 0.00756405 0.06148961 0.00243190
v 0.00730786 0.06158261 0.00260131
v 0.00667421 0.06199932 0.00251528
v 0.00765110 0.06152291 0.00214098
v 0.00763307 0.06153550 0.00214098
v 0.00707281 0.06195343 0.00192722
v 0.00699197 0.06189941 0.00224476
v 0.00682905 0.06204196 0.00210816
v 0.00615810 0.06244811 0.00199907
v 0.00606545 0.06239044 0.00231660
v 0.00141294 0.06357191 0.00278669
v 0.00745896 0.06093278 -0.00606695
v 0.00765110 0.06154728 0.00203721
v 0.00765110 0.06163135 0.00166380
v 0.00735325 0.06182711 0.00166380
v 0.00711509 0.06198145 0.00166380
v 0.00659462 0.06242821 0.00097906
v 0.00622712 0.06248223 0.00166380
v 0.00563079 0.06289771 0.00094802
v 0.00533977 0.06298219 0.00118750
v 0.00524277 0.06293345 0.00155115
v 0.00589196 0.06251878 0.00215074
v 0.00574831 0.06246760 0.00253036
v 0.00158208 0.06356216 0.00278669
v 0.00158208 0.06360521 0.00261728
v 0.00129852 0.06386027 0.00147133
v 0.00717416 0.06103473 -0.00627450
v 0.00729977 0.06110093 -0.00592858
v 0.00755410 0.06100548 -0.00574942
v 0.00753980 0.06194814 0.00000873
v 0.00723075 0.06207040 0.00071120
v 0.00717852 0.06202815 0.00118750
v 0.00687506 0.06230880 0.00071120
v 0.00663691 0.06245217 0.00071120
v 0.00636330 0.06250741 0.00115823
v 0.00567991 0.06292086 0.00063049
v 0.00544051 0.06301387 0.00075821
v 0.00491631 0.06312637 0.00118750
v 0.00432309 0.06340986 0.00071120
v 0.00424785 0.06338752 0.00099946
v 0.00494864 0.06300046 0.00169129
v 0.00469494 0.06290462 0.00240086
v 0.00188926 0.06353170 0.00278669
v 0.00205839 0.06355769 0.00261728
v 0.00235376 0.06386109 0.00099946
v 0.00205839 0.06387449 0.00107485
v 0.00140175 0.06385621 0.00145004
v 0.00158208 0.06343179 -0.00543100
v 0.00709768 0.06149529 -0.00530682
v 0.00717354 0.06155297 -0.00500526
v 0.00762250 0.06105503 -0.00548244
v 0.00765110 0.06103432 -0.00548244
v 0.00765110 0.06188682 -0.00024139
v 0.00755161 0.06195586 -0.00024139
v 0.00693041 0.06233804 0.00023490
v 0.00732900 0.06206999 0.00019499
v 0.00669225 0.06248385 0.00023490
v 0.00572779 0.06294239 0.00023490
v 0.00539325 0.06308657 0.00023490
v 0.00440268 0.06343504 0.00023490
v 0.00282200 0.06386596 0.00054623
v 0.00396429 0.06356379 0.00023490
v 0.00348797 0.06354470 0.00118750
v 0.00395248 0.06342570 0.00116976
v 0.00348424 0.06343301 0.00165581
v 0.00378645 0.06339158 0.00149084
v 0.00444061 0.06304433 0.00214098
v 0.00254653 0.06344682 0.00262526
v 0.00253471 0.06356420 0.00214098
v 0.00252103 0.06388342 0.00070765
v 0.00205839 0.06392404 0.00071120
v 0.00129852 0.06390861 0.00119726
v 0.00156902 0.06388708 0.00120967
v 0.00158208 0.06355850 -0.00500526
v 0.00205839 0.06350327 -0.00500526
v 0.00205839 0.06340011 -0.00532545
v 0.00231397 0.06337940 -0.00525538
v 0.00711882 0.06106884 -0.00627450
v 0.00698451 0.06142544 -0.00562436
v 0.00660954 0.06195830 -0.00479860
v 0.00682407 0.06157287 -0.00547269
v 0.00691486 0.06185920 -0.00452896
v 0.00731905 0.06159764 -0.00450590
v 0.00755286 0.06148108 -0.00433117
v 0.00749192 0.06142950 -0.00464870
v 0.00765110 0.06190185 -0.00071858
v 0.00755970 0.06196073 -0.00071858
v 0.00694533 0.06234536 -0.00024139
v 0.00670655 0.06249278 -0.00024139
v 0.00578935 0.06297975 -0.00071858
v 0.00577070 0.06296351 -0.00024139
v 0.00539325 0.06311338 -0.00024139
v 0.00474593 0.06339605 -0.00071858
v 0.00470613 0.06338387 -0.00035226
v 0.00448352 0.06344235 -0.00021301
v 0.00444061 0.06348987 -0.00071858
v 0.00286179 0.06387368 0.00023490
v 0.00253471 0.06392404 0.00023490
v 0.00301539 0.06343991 0.00214098
v 0.00332319 0.06339564 0.00198222
v 0.00285931 0.06339930 0.00247270
v 0.00421613 0.06294076 0.00278669
v 0.00158208 0.06395247 0.00071120
v 0.00205839 0.06396344 0.00023490
v 0.00205839 0.06361496 -0.00452896
v 0.00249740 0.06342895 -0.00499905
v 0.00253471 0.06355850 -0.00452896
v 0.00351658 0.06300006 -0.00551792
v 0.00297808 0.06296107 -0.00595519
v 0.00253471 0.06306180 -0.00595874
v 0.00253471 0.06294117 -0.00627450
v 0.00666675 0.06151073 -0.00581949
v 0.00616494 0.06197576 -0.00531215
v 0.00476956 0.06246923 -0.00582924
v 0.00521417 0.06244933 -0.00531569
v 0.00531428 0.06249481 -0.00500526
v 0.00572033 0.06246273 -0.00444115
v 0.00523282 0.06293792 -0.00348501
v 0.00667670 0.06199404 -0.00452896
v 0.00705913 0.06194368 -0.00381052
v 0.00760136 0.06151479 -0.00405266
v 0.00765110 0.06189778 -0.00100684
v 0.00755472 0.06195749 -0.00119488
v 0.00692357 0.06234089 -0.00167117
v 0.00669971 0.06248791 -0.00071858
v 0.00578252 0.06297935 -0.00119488
v 0.00475339 0.06339808 -0.00119488
v 0.00444061 0.06349393 -0.00119488
v 0.00396429 0.06361334 -0.00071858
v 0.00289600 0.06387327 -0.00024139
v 0.00253471 0.06392932 -0.00024139
v 0.00205839 0.06399024 -0.00071858
v 0.00158208 0.06404872 -0.00119488
v 0.00205839 0.06398171 -0.00024139
v 0.00158208 0.06403288 -0.00071858
v 0.00158208 0.06400973 -0.00024139
v 0.00158208 0.06398415 0.00023490
v 0.00129852 0.06390170 -0.00326238
v 0.00148631 0.06386352 -0.00341937
v 0.00180407 0.06384159 -0.00332713
v 0.00286366 0.06340051 -0.00483585
v 0.00253471 0.06363202 -0.00405266
v 0.00301103 0.06354795 -0.00405266
v 0.00301787 0.06344397 -0.00453162
v 0.00369504 0.06287619 -0.00570063
v 0.00337729 0.06292858 -0.00579377
v 0.00396429 0.06293792 -0.00535206
v 0.00279775 0.06290543 -0.00621064
v 0.00256270 0.06293467 -0.00627450
v 0.00439584 0.06276328 -0.00543809
v 0.00492377 0.06252609 -0.00547801
v 0.00445305 0.06253421 -0.00597648
v 0.00420681 0.06290015 -0.00524917
v 0.00473598 0.06292452 -0.00438793
v 0.00483547 0.06296878 -0.00405266
v 0.00495984 0.06302362 -0.00361716
v 0.00532050 0.06298056 -0.00310007
v 0.00611892 0.06242780 -0.00383802
v 0.00677557 0.06204806 -0.00405266
v 0.00662758 0.06244283 -0.00249693
v 0.00710887 0.06197820 -0.00349210
v 0.00765110 0.06158708 -0.00357991
v 0.00765110 0.06154809 -0.00375287
v 0.00765110 0.06189413 -0.00119488
v 0.00754726 0.06195261 -0.00158514
v 0.00734641 0.06207527 -0.00171464
v 0.00668541 0.06247816 -0.00167117
v 0.00669287 0.06248304 -0.00119488
v 0.00690367 0.06233642 -0.00214658
v 0.00666489 0.06246436 -0.00214658
v 0.00575267 0.06295945 -0.00167117
v 0.00539325 0.06311256 -0.00167117
v 0.00494554 0.06329045 -0.00167117
v 0.00470738 0.06338427 -0.00167117
v 0.00444061 0.06346550 -0.00167117
v 0.00396429 0.06359262 -0.00167117
v 0.00396429 0.06361496 -0.00119488
v 0.00290719 0.06387124 -0.00071858
v 0.00253471 0.06392566 -0.00071858
v 0.00205839 0.06399105 -0.00119488
v 0.00158208 0.06404629 -0.00167117
v 0.00129852 0.06407472 -0.00167117
v 0.00162001 0.06389033 -0.00314087
v 0.00192035 0.06386921 -0.00300960
v 0.00301103 0.06360278 -0.00357636
v 0.00348797 0.06355850 -0.00310007
v 0.00348797 0.06350043 -0.00357636
v 0.00386294 0.06340864 -0.00357636
v 0.00375971 0.06338590 -0.00385664
v 0.00347989 0.06342530 -0.00403049
v 0.00331573 0.06339605 -0.00437463
v 0.00396429 0.06284166 -0.00559065
v 0.00396429 0.06268814 -0.00595874
v 0.00430195 0.06245704 -0.00626563
v 0.00396429 0.06303661 -0.00500526
v 0.00446175 0.06298706 -0.00453960
v 0.00419250 0.06336356 -0.00331737
v 0.00491631 0.06314018 -0.00310007
v 0.00543118 0.06300087 -0.00263530
v 0.00627065 0.06250456 -0.00310007
v 0.00617302 0.06245501 -0.00357636
v 0.00565815 0.06291152 -0.00248363
v 0.00570043 0.06293142 -0.00214658
v 0.00723759 0.06206877 -0.00262288
v 0.00716919 0.06201841 -0.00310007
v 0.00765110 0.06188844 -0.00142016
v 0.00753669 0.06194530 -0.00190178
v 0.00728361 0.06209842 -0.00214658
v 0.00539325 0.06307317 -0.00214658
v 0.00467939 0.06337574 -0.00191420
v 0.00446549 0.06342489 -0.00210224
v 0.00396429 0.06355526 -0.00214658
v 0.00281516 0.06385905 -0.00150975
v 0.00286801 0.06386637 -0.00119488
v 0.00253471 0.06391876 -0.00119488
v 0.00205839 0.06397156 -0.00167117
v 0.00158208 0.06401298 -0.00214658
v 0.00158208 0.06395856 -0.00262288
v 0.00207083 0.06388505 -0.00260603
v 0.00232454 0.06385662 -0.00243573
v 0.00396429 0.06350327 -0.00262288
v 0.00400596 0.06343625 -0.00313555
v 0.00426961 0.06339077 -0.00299984
v 0.00434361 0.06341189 -0.00262288
v 0.00205839 0.06393135 -0.00214658
v 0.00129852 0.06386878 -0.00349156
v 0.00089049 0.06385365 -0.00382882
v 0.00129852 0.06358219 -0.00500634
v 0.00062814 0.06390756 -0.00357732
v 0.00062814 0.06392979 -0.00340797
v 0.00062814 0.06386405 -0.00390304
v 0.00110483 0.06359827 -0.00500634
v 0.00129852 0.06344315 -0.00549349
v 0.00114167 0.06344930 -0.00552664
v 0.00062814 0.06350605 -0.00548268
v 0.00015200 0.06387541 -0.00400033
v 0.00015200 0.06392695 -0.00357732
v 0.00062814 0.06363043 -0.00500634
v -0.00438330 0.06290261 -0.00525640
v -0.00440395 0.05986645 -0.01077000
v 0.00100770 0.06339019 -0.00576301
v 0.00062814 0.06340059 -0.00578967
v 0.00015200 0.06352261 -0.00548268
v 0.00015200 0.06365171 -0.00500634
v -0.00032469 0.06387824 -0.00400610
v -0.00032469 0.06393404 -0.00357732
v -0.00001713 0.06394965 -0.00340797
v -0.00382845 0.06353301 -0.00340797
v -0.00319491 0.06345025 -0.00453216
v -0.00392167 0.06290686 -0.00575220
v -0.00410253 0.06277350 -0.00593020
v -0.00440395 0.06249353 -0.00636042
v -0.00304420 0.06340721 -0.00487951
v -0.00413602 0.05998894 -0.01077000
v -0.00413602 0.06011946 -0.01059416
v 0.00110483 0.06297969 -0.00684541
v 0.00015200 0.06340390 -0.00579616
v 0.00062814 0.06298300 -0.00686847
v 0.00015200 0.06298395 -0.00688792
v -0.00032469 0.06298489 -0.00689945
v -0.00032469 0.06339964 -0.00578679
v -0.00032469 0.06351078 -0.00548268
v -0.00032469 0.06364367 -0.00500634
v -0.00080139 0.06387161 -0.00393331
v -0.00080139 0.06392600 -0.00357732
v -0.00365932 0.06354058 -0.00357732
v -0.00318319 0.06356091 -0.00405366
v -0.00270649 0.06357794 -0.00453000
v -0.00365932 0.06294611 -0.00584660
v -0.00415779 0.06254366 -0.00646419
v -0.00270370 0.06344646 -0.00502508
v -0.00365932 0.06045004 -0.01038301
v -0.00334506 0.06049686 -0.01046445
v -0.00412820 0.06036444 -0.01022592
v -0.00032469 0.06104591 -0.01007458
v 0.00062814 0.06182056 -0.00889202
v 0.00110483 0.06196906 -0.00860881
v 0.00110483 0.06250771 -0.00779593
v 0.00062814 0.06252805 -0.00783124
v -0.00032469 0.06276356 -0.00738805
v -0.00032469 0.06287848 -0.00713726
v -0.00080139 0.06297780 -0.00688936
v -0.00080139 0.06338546 -0.00575004
v -0.00080139 0.06347957 -0.00548268
v -0.00175366 0.06356943 -0.00500634
v -0.00127753 0.06359543 -0.00500634
v -0.00222980 0.06363658 -0.00453000
v -0.00115249 0.06385932 -0.00386197
v -0.00129818 0.06389148 -0.00361335
v -0.00222980 0.06353065 -0.00500634
v -0.00319882 0.06299104 -0.00599361
v -0.00365932 0.06284349 -0.00608513
v -0.00401377 0.06245995 -0.00674452
v -0.00254350 0.06338782 -0.00527586
v -0.00365932 0.06059853 -0.01014520
v -0.00302745 0.06053090 -0.01050624
v -0.00272547 0.06038997 -0.01077000
v -0.00278743 0.06037484 -0.01077000
v -0.00296047 0.06147533 -0.00906497
v -0.00080139 0.06088134 -0.01033689
v -0.00080139 0.06105727 -0.01009836
v -0.00032469 0.06145121 -0.00951969
v 0.00015200 0.06161106 -0.00924945
v 0.00062814 0.06199980 -0.00865421
v 0.00110483 0.06215681 -0.00834145
v 0.00110483 0.06237199 -0.00803374
v 0.00062814 0.06238475 -0.00806905
v 0.00015200 0.06253751 -0.00783124
v -0.00080139 0.06275363 -0.00738805
v -0.00032469 0.06254508 -0.00783052
v -0.00080139 0.06254602 -0.00782043
v -0.00127753 0.06295888 -0.00683676
v -0.00104811 0.06337599 -0.00572337
v -0.00175366 0.06343275 -0.00540701
v -0.00175366 0.06387682 -0.00349300
v -0.00222980 0.06340863 -0.00533567
v -0.00270649 0.06294470 -0.00631213
v -0.00305034 0.06291632 -0.00624079
v -0.00336795 0.06287234 -0.00617593
v -0.00365932 0.06268884 -0.00643608
v -0.00365932 0.06250630 -0.00683388
v -0.00400596 0.06197284 -0.00767702
v -0.00415332 0.06206790 -0.00742192
v -0.00440395 0.06194257 -0.00750839
v -0.00175366 0.06304921 -0.00643608
v -0.00175366 0.06292767 -0.00674668
v -0.00220524 0.06297071 -0.00645410
v -0.00432357 0.06191846 -0.00760280
v -0.00415332 0.06183002 -0.00784709
v -0.00413602 0.06158315 -0.00827659
v -0.00270649 0.06055786 -0.01054804
v -0.00235427 0.06046422 -0.01077000
v -0.00270649 0.06110550 -0.00970562
v -0.00365932 0.06201588 -0.00775773
v -0.00302689 0.06196528 -0.00813967
v -0.00270649 0.06200122 -0.00820885
v -0.00222980 0.06205371 -0.00829100
v -0.00127753 0.06251954 -0.00778440
v -0.00270649 0.06149519 -0.00909596
v -0.00270649 0.06134338 -0.00933449
v -0.00127753 0.06057063 -0.01077000
v -0.00127753 0.06064913 -0.01066839
v -0.00127753 0.06088701 -0.01032176
v -0.00080139 0.06160774 -0.00926963
v -0.00032469 0.06161957 -0.00928116
v 0.00015200 0.06184893 -0.00891652
v 0.00015200 0.06201162 -0.00867871
v -0.00032469 0.06201020 -0.00868015
v -0.00032469 0.06185792 -0.00891868
v -0.00080139 0.06200074 -0.00866429
v -0.00175366 0.06062975 -0.01066046
v -0.00202997 0.06290497 -0.00668975
v -0.00221975 0.06252568 -0.00741111
v -0.00320719 0.06254508 -0.00694990
v -0.00270649 0.06248832 -0.00727635
v -0.00306485 0.06244860 -0.00720068
v -0.00175366 0.06281511 -0.00698521
v -0.00222980 0.06059711 -0.01060929
v -0.00222980 0.06048550 -0.01077000
v -0.00205397 0.06243583 -0.00765252
v -0.00175366 0.06246941 -0.00771161
v -0.00204113 0.06100004 -0.01001981
v -0.00175366 0.06262405 -0.00738805
v -0.00175366 0.06055408 -0.01077000
v -0.00196633 0.06052381 -0.01077000
v -0.01616144 0.01930473 -0.00780262
v -0.01613658 0.01930473 -0.00786598
v -0.01588009 0.01885377 -0.00836733
v -0.01584506 0.01855313 -0.00822569
v -0.01588687 0.01974836 -0.00836547
v -0.01581229 0.01956504 -0.00858633
v -0.01593207 0.01930473 -0.00834217
v -0.01581229 0.01902976 -0.00858726
v -0.01578066 0.01871078 -0.00854346
v -0.01539309 0.01848347 -0.00913986
v -0.01547558 0.01842115 -0.00881930
v -0.01238410 0.05170050 -0.00796104
v -0.01202140 0.05122020 -0.00861428
v -0.01531287 0.01930473 -0.00951820
v -0.01546089 0.01930473 -0.00927964
v -0.01569930 0.01930473 -0.00882861
v -0.01568913 0.01885377 -0.00877456
v -0.01544281 0.01882811 -0.00922839
v -0.01483039 0.01864846 -0.00998880
v -0.01440328 0.01854580 -0.01051717
v -0.01495920 0.01845414 -0.00967103
v -0.01527784 0.01882811 -0.00946602
v -0.00922935 0.01759989 -0.01434812
v -0.00922935 0.01759989 -0.01423257
v -0.01203609 0.05300938 -0.00816232
v -0.01207563 0.05265008 -0.00822103
v -0.01211405 0.05217712 -0.00827601
v -0.01200219 0.05148785 -0.00858633
v -0.01185643 0.05122020 -0.00885284
v -0.01189033 0.05074358 -0.00889571
v -0.01489254 0.01967503 -0.01005310
v -0.01490496 0.01930473 -0.01006894
v -0.01488463 0.01896376 -0.01004471
v -0.01501909 0.01881344 -0.00980708
v -0.01395922 0.01852014 -0.01103343
v -0.01444170 0.01882811 -0.01056470
v -0.01425187 0.01882811 -0.01080326
v -0.01401458 0.01882811 -0.01109867
v -0.01357617 0.01882811 -0.01162052
v -0.01449819 0.01846148 -0.01024786
v -0.01064515 0.01804718 -0.01387473
v -0.00870959 0.01766221 -0.01473578
v -0.00864970 0.01764388 -0.01475349
v -0.00833219 0.01756322 -0.01485879
v -0.00890167 0.01757422 -0.01444038
v -0.00985533 0.01802151 -0.01437421
v -0.00937737 0.01787120 -0.01453263
v -0.01152310 0.05241543 -0.00905879
v -0.01190502 0.05265008 -0.00845959
v -0.01212761 0.05315236 -0.00789953
v -0.01151745 0.05383430 -0.00857701
v -0.01156265 0.05351533 -0.00863106
v -0.01154344 0.05217712 -0.00908674
v -0.01158073 0.05170050 -0.00914079
v -0.01161914 0.05122020 -0.00919298
v -0.01165191 0.05074358 -0.00923584
v -0.01120559 0.05122020 -0.00974744
v -0.01098978 0.05170050 -0.00994687
v -0.01445752 0.01978136 -0.01058427
v -0.01426769 0.01978136 -0.01082283
v -0.01427560 0.01930473 -0.01083588
v -0.01350951 0.01852747 -0.01154131
v -0.01295811 0.01904442 -0.01239957
v -0.01009487 0.01810951 -0.01429780
v -0.01110729 0.01852014 -0.01386354
v -0.01080560 0.01835882 -0.01396792
v -0.00790621 0.01754489 -0.01501534
v -0.00870959 0.01790419 -0.01497061
v -0.00848134 0.01783820 -0.01504330
v -0.00803728 0.01771354 -0.01517656
v -0.00771977 0.01762922 -0.01525390
v -0.00747232 0.01758889 -0.01530702
v -0.00920901 0.01806184 -0.01481686
v -0.01093667 0.05217712 -0.00987511
v -0.01117169 0.05170050 -0.00970830
v -0.01103497 0.05429626 -0.00904947
v -0.01161349 0.05407995 -0.00826390
v -0.01147451 0.05407995 -0.00850246
v -0.01115135 0.05455657 -0.00874381
v -0.01141011 0.05170050 -0.00937842
v -0.01144288 0.05122020 -0.00943154
v -0.01054684 0.05179582 -0.01046499
v -0.01057057 0.05147685 -0.01048922
v -0.01402814 0.01978136 -0.01111171
v -0.01403718 0.01930473 -0.01112383
v -0.01248806 0.01903342 -0.01288135
v -0.01201349 0.01903709 -0.01335847
v -0.01359877 0.01930473 -0.01164288
v -0.01295811 0.01916908 -0.01239957
v -0.01249258 0.01930473 -0.01288694
v -0.01020674 0.01835148 -0.01437514
v -0.01001013 0.01868512 -0.01471808
v -0.00969262 0.01851280 -0.01482245
v -0.00881241 0.01845414 -0.01534336
v -0.00952652 0.01819750 -0.01471714
v -0.01120898 0.01882811 -0.01393623
v -0.01013781 0.01900409 -0.01480567
v -0.00638985 0.01760722 -0.01576737
v -0.00500343 0.01759622 -0.01625381
v -0.00831411 0.01803251 -0.01532473
v -0.00770169 0.01811684 -0.01571984
v -0.00751413 0.01787853 -0.01557820
v -0.00699549 0.01795552 -0.01586522
v -0.00653109 0.01786753 -0.01596772
v -0.00863162 0.01813517 -0.01522874
v -0.01069826 0.05217712 -0.01016772
v -0.01098639 0.05455657 -0.00898237
v -0.01072311 0.05453457 -0.00930760
v -0.01058526 0.05435859 -0.00955175
v -0.01062707 0.05407995 -0.00960300
v -0.01049939 0.05217712 -0.01040628
v -0.01155474 0.05440992 -0.00816232
v -0.01108695 0.05488288 -0.00864783
v -0.00998301 0.05265008 -0.01083588
v -0.00974460 0.05265008 -0.01108189
v -0.01002821 0.05217712 -0.01089645
v -0.00979093 0.05217712 -0.01111730
v -0.01200332 0.02003433 -0.01334822
v -0.01247676 0.02002700 -0.01287016
v -0.01358860 0.01978136 -0.01162704
v -0.01382702 0.01978136 -0.01135027
v -0.01225755 0.01930473 -0.01312550
v -0.01201914 0.01930473 -0.01336406
v -0.01151293 0.01930473 -0.01380763
v -0.01127452 0.01930473 -0.01399773
v -0.01097509 0.01930473 -0.01423536
v -0.01248467 0.01978136 -0.01287762
v -0.00940562 0.01878778 -0.01516072
v -0.00912992 0.01860446 -0.01523806
v -0.00985307 0.01883911 -0.01490166
v -0.00870959 0.01842115 -0.01538437
v -0.00823615 0.01854213 -0.01575059
v -0.01073667 0.01930473 -0.01442081
v -0.00926438 0.01891977 -0.01531075
v -0.01017736 0.01930473 -0.01483456
v -0.00957511 0.01930473 -0.01520731
v -0.00933670 0.01930473 -0.01535362
v -0.00604296 0.01800685 -0.01628270
v -0.00556614 0.01791152 -0.01635632
v -0.00512998 0.01785653 -0.01644857
v -0.00493790 0.01807651 -0.01670577
v -0.00794802 0.01820116 -0.01565927
v -0.00635369 0.01807651 -0.01622772
v -0.00738306 0.01804351 -0.01578787
v -0.00794802 0.01843948 -0.01581583
v -0.00751413 0.01830382 -0.01591088
v -0.00667120 0.01816450 -0.01616808
v -0.00843388 0.01834049 -0.01549340
v -0.01065306 0.05497453 -0.00915850
v -0.01051408 0.05467390 -0.00947534
v -0.01012312 0.05438792 -0.01004285
v -0.00950505 0.05407995 -0.01084147
v -0.00996267 0.05407995 -0.01034291
v -0.01017962 0.05407995 -0.01010435
v -0.01008810 0.05335401 -0.01048176
v -0.00967228 0.05312670 -0.01101946
v -0.00918190 0.05300938 -0.01147048
v -0.00946664 0.05265008 -0.01131952
v -0.00951183 0.05217712 -0.01135493
v -0.01098865 0.01978136 -0.01424189
v -0.01201123 0.01978136 -0.01335660
v -0.01224964 0.01978136 -0.01311618
v -0.01074910 0.01978136 -0.01444224
v -0.01044402 0.01978136 -0.01468080
v -0.00722600 0.01860080 -0.01619510
v -0.00831185 0.01882811 -0.01578787
v -0.00731413 0.01891977 -0.01623517
v -0.00868134 0.01948805 -0.01573662
v -0.01020674 0.01978136 -0.01485133
v -0.00934234 0.01978136 -0.01536107
v -0.00584975 0.01855680 -0.01669552
v -0.00556614 0.01847614 -0.01674584
v -0.00690849 0.01847981 -0.01626033
v -0.00958528 0.05473256 -0.01045194
v -0.00965985 0.05441359 -0.01053395
v -0.00919658 0.05442825 -0.01101759
v -0.00926664 0.05407995 -0.01108096
v -0.00957059 0.05371331 -0.01091322
v -0.00962709 0.05339434 -0.01097286
v -0.00935590 0.05315236 -0.01128318
v -0.00805762 0.05312670 -0.01229426
v -0.00922822 0.05265008 -0.01150496
v -0.00907681 0.05360333 -0.01138382
v -0.00883840 0.05360333 -0.01157579
v -0.00853332 0.05360333 -0.01181435
v -0.00829490 0.05360333 -0.01200072
v -0.00776610 0.05350067 -0.01243404
v -0.00927342 0.05217712 -0.01154038
v -0.00905082 0.05122020 -0.01184510
v -0.00885648 0.05074358 -0.01205943
v -0.00870959 0.05074358 -0.01216566
v -0.00852654 0.05074358 -0.01229799
v -0.00628477 0.01905909 -0.01668061
v -0.00602263 0.01887210 -0.01672720
v -0.00491304 0.01898943 -0.01717916
v -0.00844857 0.01931940 -0.01582142
v -0.00771073 0.01953938 -0.01620256
v -0.00747232 0.01934873 -0.01626033
v -0.00634691 0.01930107 -0.01670577
v -0.00868134 0.01963837 -0.01573662
v -0.00828926 0.05074358 -0.01246200
v -0.00771751 0.05054560 -0.01287296
v -0.00750622 0.05072158 -0.01299131
v -0.00741695 0.05122020 -0.01299131
v -0.00708475 0.05074358 -0.01325689
v -0.00870959 0.01966403 -0.01571891
v -0.00684634 0.05074358 -0.01339108
v -0.00911071 0.05474722 -0.01093559
v -0.00868812 0.05436592 -0.01145837
v -0.00898642 0.05407995 -0.01131859
v -0.00781921 0.05312670 -0.01247132
v -0.00868247 0.05250709 -0.01192990
v -0.00900337 0.05170050 -0.01181342
v -0.00823050 0.05393329 -0.01194947
v -0.00874800 0.05407995 -0.01150496
v -0.00724068 0.05291772 -0.01287203
v -0.00881241 0.05122020 -0.01202495
v -0.00870959 0.05105155 -0.01212373
v -0.00848247 0.05122020 -0.01226444
v -0.00821016 0.05158684 -0.01240888
v -0.00533789 0.01952471 -0.01715959
v -0.00507914 0.01934506 -0.01720059
v -0.00771073 0.01954671 -0.01620256
v -0.00846213 0.01978869 -0.01582701
v -0.00756497 0.05217712 -0.01277138
v -0.00737289 0.05170050 -0.01296056
v -0.00702939 0.05122020 -0.01322987
v -0.00790056 0.01973369 -0.01609539
v -0.00533789 0.01955404 -0.01715959
v -0.00870959 0.05426326 -0.01147514
v -0.00727345 0.05265374 -0.01289253
v -0.00751187 0.05265374 -0.01274063
v -0.00786666 0.05265374 -0.01250394
v -0.00870959 0.05170416 -0.01202961
v -0.00791525 0.05217712 -0.01253376
v -0.00750170 0.01973369 -0.01627058
v -0.00732656 0.05217712 -0.01292701
v -0.01301734 0.05543213 -0.00309983
v -0.01304139 0.05554739 -0.00262337
v -0.01256044 0.05649569 -0.00308271
v -0.01313620 0.05551371 -0.00167043
v -0.01311009 0.05551371 -0.00214690
v -0.01296100 0.05577418 -0.00246549
v -0.01248075 0.05671648 -0.00291343
v -0.01244571 0.05667457 -0.00323107
v -0.00643394 0.06250650 -0.00340797
v -0.01299192 0.05584004 -0.00167043
v -0.01299741 0.05586100 -0.00119397
v -0.01297474 0.05580337 -0.00214690
v -0.01262434 0.05646649 -0.00262337
v -0.01208294 0.05730102 -0.00309983
v -0.01249311 0.05673743 -0.00262337
v -0.01234814 0.05697544 -0.00262337
v -0.01210973 0.05735117 -0.00262337
v -0.00647791 0.06253046 -0.00309983
v -0.00771874 0.06195116 -0.00241319
v -0.01103930 0.05526972 0.00618603
v -0.01253846 0.05681079 -0.00119397
v -0.01252403 0.05678833 -0.00167043
v -0.01250960 0.05676438 -0.00214690
v -0.01298986 0.05585127 -0.00071750
v -0.01254258 0.05681677 -0.00071750
v -0.01157658 0.05821338 -0.00214690
v -0.01140550 0.05845139 -0.00214690
v -0.01154634 0.05816922 -0.00253587
v -0.01236326 0.05700314 -0.00214690
v -0.01212554 0.05738559 -0.00214690
v -0.01160268 0.05825904 -0.00167043
v -0.00679464 0.06244214 -0.00252541
v -0.00879261 0.06109268 -0.00262337
v -0.00798738 0.06179548 -0.00214690
v -0.00774897 0.06197136 -0.00214690
v -0.00684136 0.06246759 -0.00214690
v -0.01065111 0.05589692 0.00630777
v -0.01056591 0.05622624 0.00618794
v -0.01310322 0.05551371 -0.00024103
v -0.01312177 0.05551371 -0.00071750
v -0.01199706 0.05765728 -0.00142316
v -0.01213928 0.05740805 -0.00167043
v -0.01237769 0.05702634 -0.00167043
v -0.01238937 0.05704879 -0.00119397
v -0.01298024 0.05582358 -0.00024103
v -0.01252334 0.05679058 -0.00024103
v -0.01238456 0.05702858 -0.00024103
v -0.01214615 0.05740954 -0.00024103
v -0.01239143 0.05705478 -0.00071750
v -0.01200324 0.05766626 -0.00082592
v -0.01200324 0.05766626 -0.00110552
v -0.01090394 0.05890645 -0.00309983
v -0.01112793 0.05872009 -0.00262337
v -0.01143916 0.05849705 -0.00167043
v -0.01116709 0.05877023 -0.00214690
v -0.01161162 0.05827401 -0.00119397
v -0.01145153 0.05851201 -0.00119397
v -0.00903102 0.06090706 -0.00262337
v -0.00829724 0.06155747 -0.00214690
v -0.00952296 0.06044003 -0.00309983
v -0.00801486 0.06181419 -0.00167043
v -0.00777645 0.06199157 -0.00167043
v -0.00688465 0.06249154 -0.00167043
v -0.00651913 0.06060768 0.00585127
v -0.00651913 0.06044751 0.00608903
v -0.01039415 0.05634150 0.00630777
v -0.01017017 0.05666259 0.00630777
v -0.01013787 0.05676887 0.00625166
v -0.01012551 0.05722842 0.00576663
v -0.01055011 0.05668579 0.00569435
v -0.01064630 0.05682500 0.00537671
v -0.01104479 0.05718202 0.00428492
v -0.01154841 0.05627339 0.00432772
v -0.01195858 0.05567089 0.00420313
v -0.01305169 0.05556162 0.00028203
v -0.01187888 0.05785338 -0.00123581
v -0.01296718 0.05578915 0.00015460
v -0.01286825 0.05596503 0.00028203
v -0.01262709 0.05646649 0.00023543
v -0.01249174 0.05673893 0.00023543
v -0.01236601 0.05697769 0.00023543
v -0.01212760 0.05739009 0.00023543
v -0.01160681 0.05825754 -0.00071750
v -0.01187338 0.05785338 -0.00068707
v -0.01094311 0.05895809 -0.00262337
v -0.01047659 0.05944833 -0.00309983
v -0.01023887 0.05974098 -0.00309983
v -0.01070538 0.05925972 -0.00262337
v -0.01120144 0.05880915 -0.00167043
v -0.01097746 0.05900824 -0.00214690
v -0.01121312 0.05881813 -0.00119397
v -0.01143573 0.05849555 -0.00071750
v -0.00933333 0.06066906 -0.00262337
v -0.00883383 0.06113010 -0.00214690
v -0.00831992 0.06157618 -0.00167043
v -0.00979434 0.06020202 -0.00309983
v -0.01007329 0.06002165 -0.00270991
v -0.00957174 0.06047296 -0.00262337
v -0.00855832 0.06138682 -0.00119397
v -0.00831992 0.06157244 -0.00119397
v -0.00801211 0.06181045 -0.00119397
v -0.00777370 0.06199232 -0.00119397
v -0.00691969 0.06250800 -0.00071750
v -0.00690664 0.06250501 -0.00119397
v -0.00678365 0.06053284 0.00573810
v -0.00652669 0.06085243 0.00547466
v -0.01005268 0.05682351 0.00630777
v -0.00957861 0.05760938 0.00614229
v -0.00942058 0.05795068 0.00600724
v -0.00957998 0.05808615 0.00565821
v -0.01001214 0.05754576 0.00558403
v -0.01052469 0.05759741 0.00469101
v -0.01063737 0.05727931 0.00487456
v -0.01078921 0.05738934 0.00448749
v -0.01062294 0.05772614 0.00437337
v -0.01094654 0.05751657 0.00404621
v -0.01110457 0.05727857 0.00404621
v -0.01133885 0.05690658 0.00401293
v -0.01145497 0.05659149 0.00414893
v -0.01202935 0.05535355 0.00435054
v -0.01186033 0.05597626 0.00404526
v -0.01202866 0.05580860 0.00388549
v -0.01209531 0.05551297 0.00404526
v -0.01304757 0.05548228 0.00071190
v -0.01295001 0.05575172 0.00047224
v -0.01256044 0.05649194 0.00067101
v -0.01247594 0.05670750 0.00048460
v -0.01255083 0.05637443 0.00118837
v -0.01209324 0.05733620 0.00071190
v -0.01196270 0.05762884 0.00023543
v -0.01193385 0.05757495 0.00071190
v -0.01158894 0.05822610 -0.00024103
v -0.01003275 0.05997898 -0.00309983
v -0.01100219 0.05904641 -0.00167043
v -0.01009253 0.06004035 -0.00239227
v -0.01100769 0.05905614 -0.00119397
v -0.01119732 0.05880017 -0.00071750
v -0.01099464 0.05903818 -0.00071750
v -0.01140962 0.05846411 -0.00024103
v -0.01117121 0.05877173 -0.00024103
v -0.00935944 0.06069301 -0.00214690
v -0.00884758 0.06114507 -0.00167043
v -0.00855832 0.06138383 -0.00167043
v -0.00963220 0.06052984 -0.00071750
v -0.00885788 0.06114807 -0.00119397
v -0.00959716 0.06049317 -0.00214690
v -0.00962945 0.06052760 -0.00038274
v -0.00885720 0.06114283 -0.00071750
v -0.00831098 0.06156495 -0.00071750
v -0.00776408 0.06198708 -0.00071750
v -0.00713886 0.06235532 -0.00024103
v -0.00690045 0.06249528 -0.00024103
v -0.00710107 0.06042880 0.00558784
v -0.00686129 0.06010772 0.00629065
v -0.00669090 0.06095347 0.00517414
v -0.00696366 0.06061142 0.00544803
v -0.00726459 0.06053808 0.00527019
v -0.00637348 0.06104103 0.00531489
v -0.00971258 0.05726734 0.00630777
v -0.00913820 0.05813330 0.00618889
v -0.00926187 0.05829272 0.00587124
v -0.00913889 0.05861006 0.00571337
v -0.00941028 0.05841397 0.00552697
v -0.00967961 0.05821862 0.00534057
v -0.00984519 0.05788481 0.00546230
v -0.00999634 0.05800082 0.00507999
v -0.01009253 0.05813479 0.00476139
v -0.01049377 0.05804348 0.00414322
v -0.01068546 0.05788931 0.00400912
v -0.01101868 0.05762810 0.00374474
v -0.01153192 0.05672396 0.00383128
v -0.01208294 0.05590815 0.00356975
v -0.01252059 0.05536627 0.00309328
v -0.01247868 0.05528469 0.00334340
v -0.01300978 0.05540070 0.00118837
v -0.01251510 0.05630258 0.00157734
v -0.01203553 0.05723890 0.00118837
v -0.01151405 0.05812956 0.00092778
v -0.01156421 0.05819093 0.00023543
v -0.01154085 0.05816024 0.00061014
v -0.00998878 0.05993258 -0.00340797
v -0.01055423 0.05955087 -0.00167043
v -0.01056316 0.05955835 -0.00119397
v -0.01009596 0.06004335 -0.00214690
v -0.00962258 0.06052161 -0.00119397
v -0.00961708 0.06051637 -0.00144504
v -0.01055217 0.05955012 -0.00071750
v -0.01010009 0.06004934 -0.00039130
v -0.01010627 0.06005607 -0.00071750
v -0.01095753 0.05897830 0.00023543
v -0.01097815 0.05900974 -0.00024103
v -0.01111693 0.05870587 0.00071190
v -0.01114441 0.05873955 0.00023543
v -0.01093280 0.05894387 0.00071190
v -0.01010627 0.06005458 -0.00119397
v -0.00986992 0.06029408 -0.00071750
v -0.01010077 0.06004934 -0.00167043
v -0.01008085 0.06002988 -0.00007365
v -0.00960540 0.06050365 -0.00006509
v -0.00874246 0.06105601 0.00118837
v -0.00877681 0.06108071 0.00071190
v -0.00880841 0.06110466 0.00023543
v -0.00883865 0.06112786 -0.00024103
v -0.00853016 0.06136661 -0.00024103
v -0.00798326 0.06178874 -0.00024103
v -0.00774485 0.06197211 -0.00024103
v -0.00772424 0.06195639 0.00006615
v -0.00708596 0.06233511 0.00023543
v -0.00684755 0.06246908 0.00023543
v -0.00717871 0.06000144 0.00613563
v -0.00700076 0.06085991 0.00500866
v -0.00684549 0.06104328 0.00485649
v -0.00812067 0.05998946 0.00513895
v -0.00780256 0.06010622 0.00533486
v -0.00745766 0.06026788 0.00546135
v -0.00733330 0.06011146 0.00581799
v -0.00716291 0.06094673 0.00467389
v -0.00927836 0.05783017 0.00630777
v -0.00867032 0.05861830 0.00619840
v -0.00816327 0.05954114 0.00568865
v -0.00847931 0.05937573 0.00553648
v -0.00862566 0.05952767 0.00517889
v -0.00909698 0.05904192 0.00516368
v -0.00924058 0.05872457 0.00539573
v -0.00955868 0.05853597 0.00512849
v -0.00964182 0.05864225 0.00481084
v -0.01031033 0.05834885 0.00400817
v -0.01057690 0.05814527 0.00382558
v -0.01143298 0.05704205 0.00356975
v -0.01157726 0.05680405 0.00356975
v -0.01062912 0.05821189 0.00356975
v -0.01051576 0.05854420 0.00318934
v -0.01057416 0.05861830 0.00287169
v -0.01062019 0.05867817 0.00261681
v -0.01056454 0.05908383 0.00189688
v -0.01107296 0.05769920 0.00342709
v -0.01154291 0.05721345 0.00292590
v -0.01201080 0.05672546 0.00241710
v -0.01204721 0.05631606 0.00300198
v -0.01246769 0.05622400 0.00189498
v -0.01250136 0.05580561 0.00246275
v -0.01258655 0.05553317 0.00261967
v -0.01297199 0.05532511 0.00152028
v -0.01260510 0.05603539 0.00170668
v -0.01255151 0.05590815 0.00214035
v -0.01238043 0.05646350 0.00170668
v -0.01209943 0.05695000 0.00161918
v -0.01187751 0.05747765 0.00118837
v -0.01163910 0.05783467 0.00118837
v -0.01104548 0.05861231 0.00142993
v -0.01090326 0.05888849 0.00118837
v -0.01071913 0.05926197 0.00023543
v -0.01069439 0.05923577 0.00071190
v -0.01048690 0.05947378 0.00071190
v -0.01066485 0.05920059 0.00118837
v -0.01005611 0.06000593 0.00023543
v -0.01001214 0.05996251 0.00071190
v -0.00957655 0.06047596 0.00023543
v -0.00898018 0.06084794 0.00118837
v -0.00870329 0.06102682 0.00154976
v -0.00820312 0.06148113 0.00102289
v -0.00822922 0.06150134 0.00071190
v -0.00826220 0.06152753 0.00023543
v -0.00750712 0.06207315 0.00022878
v -0.00741162 0.06206417 0.00071190
v -0.00702756 0.06230293 0.00071190
v -0.00675960 0.06242343 0.00096012
v -0.00678983 0.06243915 0.00071190
v -0.00765072 0.05999545 0.00565251
v -0.00734292 0.05974098 0.00630777
v -0.00637485 0.06152005 0.00438573
v -0.00682213 0.06150582 0.00388929
v -0.00700076 0.06111214 0.00451888
v -0.00842366 0.05980459 0.00500010
v -0.00830755 0.05967137 0.00537100
v -0.00798257 0.05983378 0.00551175
v -0.00728039 0.06102607 0.00435625
v -0.00770431 0.06098490 0.00379895
v -0.00822235 0.06006655 0.00482035
v -0.00784516 0.05967810 0.00585793
v -0.00872047 0.05961972 0.00486125
v -0.00890873 0.05933307 0.00501246
v -0.00918698 0.05913847 0.00484603
v -0.00962670 0.05957482 0.00335196
v -0.00937318 0.05884208 0.00498678
v -0.00971808 0.05873206 0.00452268
v -0.01004306 0.05855243 0.00419172
v -0.01006711 0.05906362 0.00328254
v -0.01209737 0.05647174 0.00259304
v -0.01032407 0.05884134 0.00307711
v -0.01043400 0.05891618 0.00261681
v -0.01052057 0.05902695 0.00214035
v -0.01013238 0.05913772 0.00296489
v -0.01019627 0.05921631 0.00261681
v -0.01000252 0.05945507 0.00261681
v -0.01062156 0.05914820 0.00157924
v -0.01080982 0.05884882 0.00166293
v -0.01093761 0.05845738 0.00214035
v -0.01105922 0.05815650 0.00242851
v -0.01112174 0.05777254 0.00309328
v -0.01205271 0.05678833 0.00214035
v -0.01044636 0.05943935 0.00118837
v -0.00977373 0.06019229 0.00071190
v -0.01020795 0.05967511 0.00118837
v -0.00972358 0.06014289 0.00118837
v -0.00952639 0.06043030 0.00071190
v -0.00923714 0.06060993 0.00118837
v -0.00917805 0.06055304 0.00166388
v -0.00914301 0.06051936 0.00191400
v -0.00908942 0.06047296 0.00223165
v -0.00865039 0.06097667 0.00186740
v -0.00835221 0.06111513 0.00214035
v -0.00801624 0.06135314 0.00214035
v -0.00787264 0.06157768 0.00166388
v -0.00798326 0.06159788 0.00118456
v -0.00735116 0.06202450 0.00118837
v -0.00654387 0.06250950 0.00114652
v -0.00671907 0.06238675 0.00127776
v -0.00634325 0.06198109 0.00341663
v -0.00713955 0.06141601 0.00368102
v -0.00854458 0.05993931 0.00452268
v -0.00738345 0.06109717 0.00404621
v -0.00780119 0.06106499 0.00348130
v -0.00862840 0.06048494 0.00325591
v -0.00913271 0.06003137 0.00331868
v -0.00912721 0.05955087 0.00426685
v -0.00922065 0.05963844 0.00394921
v -0.00937867 0.05970505 0.00353456
v -0.00937112 0.05989665 0.00313322
v -0.00967823 0.05962871 0.00309328
v -0.01005886 0.05952617 0.00226684
v -0.01010558 0.05957631 0.00194919
v -0.01014749 0.05961673 0.00166388
v -0.00990084 0.05985549 0.00166388
v -0.00966312 0.06008526 0.00166388
v -0.00941646 0.06032327 0.00166388
v -0.00962464 0.06004784 0.00193207
v -0.00957792 0.06000293 0.00224972
v -0.00951883 0.05994979 0.00261681
v -0.00928042 0.06016984 0.00261681
v -0.00901041 0.06040785 0.00261681
v -0.00859062 0.06092877 0.00214035
v -0.00824571 0.06103879 0.00261681
v -0.00795577 0.06110690 0.00305048
v -0.00756415 0.06137185 0.00309328
v -0.00765278 0.06142574 0.00272333
v -0.00772149 0.06147664 0.00240569
v -0.00777783 0.06151481 0.00214035
v -0.00723436 0.06194592 0.00190354
v -0.00727833 0.06197511 0.00166388
v -0.00663868 0.06235233 0.00166388
v -0.00640027 0.06248031 0.00166388
v -0.00699527 0.06214351 0.00166388
v -0.00624981 0.06200804 0.00346704
v -0.00624981 0.06206193 0.00331868
v -0.00644218 0.06203797 0.00309328
v -0.00725497 0.06148187 0.00336337
v -0.00747964 0.06124013 0.00358116
v -0.00811929 0.06093625 0.00318078
v -0.00870055 0.06054706 0.00293826
v -0.00920691 0.06009798 0.00300103
v -0.00976411 0.05971178 0.00261681
v -0.00877200 0.06060619 0.00261681
v -0.00848412 0.06084494 0.00261681
v -0.00819006 0.06099538 0.00286313
v -0.00732574 0.06152678 0.00309328
v -0.00748514 0.06157917 0.00258543
v -0.00699801 0.06203573 0.00209375
v -0.00715879 0.06189802 0.00222214
v -0.00631920 0.06243989 0.00196916
v -0.00624981 0.06246010 0.00201196
v -0.00684136 0.06199456 0.00252742
v 0.01518119 0.01911165 -0.00391244
v 0.01518119 0.01898987 -0.00391244
v 0.01521323 0.01882854 -0.00356544
v 0.01528840 0.01882461 -0.00309998
v 0.01531574 0.01882461 -0.00262306
v 0.01526598 0.01863605 -0.00262306
v 0.01532535 0.01882461 -0.00071841
v 0.01531360 0.01882461 -0.00024148
v 0.01527687 0.01863605 -0.00024148
v 0.01513655 0.01882461 0.00137043
v 0.01518119 0.01882461 0.00113197
v 0.01522582 0.01882461 0.00071160
v 0.01527473 0.01882461 0.00023468
v 0.01527025 0.01863605 -0.00004047
v 0.01472059 0.01915753 -0.00582984
v 0.01476445 0.01880143 -0.00549615
v 0.01472059 0.01894467 -0.00582984
v 0.01337595 0.01930130 -0.00977026
v 0.01327205 0.01956368 -0.01003827
v 0.01375413 0.01882473 -0.00865006
v 0.01326005 0.01903733 -0.01002075
v 0.01327205 0.01930130 -0.01004002
v 0.01277982 0.01906752 -0.01096316
v 0.01332608 0.01885703 -0.00977639
v 0.01313260 0.01885703 -0.01020643
v 0.01286986 0.01886497 -0.01075296
v 0.01277982 0.01905084 -0.01096316
v 0.01237024 0.01882473 -0.01153246
v 0.01136500 0.01911676 -0.01288301
v 0.01316954 0.01879799 -0.01009170
v 0.01263114 0.01886497 -0.01115322
v 0.01220863 0.01879799 -0.01174354
v 0.01219478 0.01882473 -0.01177069
v 0.01136500 0.01901536 -0.01288301
v 0.01087692 0.01907440 -0.01334808
v 0.01074855 0.01879799 -0.01341552
v 0.01195651 0.01882473 -0.01208599
v 0.01176673 0.01882473 -0.01232422
v 0.01150214 0.01884379 -0.01265179
v 0.01087692 0.01904422 -0.01334808
v 0.00849492 0.05766378 0.00714885
v 0.00850061 0.05814739 0.00668003
v 0.00804910 0.05865129 0.00670421
v 0.00813798 0.05882583 0.00639452
v 0.00802919 0.05910300 0.00621199
v 0.00788343 0.05896905 0.00653026
v 0.00756559 0.05910996 0.00669329
v 0.00772060 0.05880089 0.00685633
v 0.00755848 0.05863215 0.00716211
v 0.00848781 0.05860896 0.00618936
v 0.00846008 0.05905371 0.00567140
v 0.00843021 0.05949673 0.00514485
v 0.00811238 0.05966025 0.00536873
v 0.00798795 0.05954080 0.00568622
v 0.00752720 0.05955355 0.00618078
v 0.00774478 0.05919926 0.00639452
v 0.00704085 0.05954717 0.00665117
v 0.00706431 0.05909024 0.00714651
v 0.00655877 0.05859330 0.00808026
v 0.00738215 0.05894992 0.00701000
v 0.00701312 0.06000527 0.00614412
v 0.00670097 0.05775598 0.00865127
v 0.00852549 0.06054570 0.00293100
v 0.00856247 0.05869304 0.00597953
v 0.00856247 0.05940395 0.00506060
v 0.00852976 0.05960806 0.00482736
v 0.00824250 0.05979304 0.00498337
v 0.00805479 0.06007427 0.00482190
v 0.00793249 0.05997801 0.00513939
v 0.00780166 0.05982609 0.00550680
v 0.00767012 0.05967417 0.00586329
v 0.00734375 0.05984000 0.00600371
v 0.00686807 0.05983537 0.00646785
v 0.00672373 0.05966489 0.00678456
v 0.00655806 0.05906937 0.00760130
v 0.00682256 0.05918128 0.00725104
v 0.00624164 0.05869710 0.00816763
v 0.00520638 0.05769104 0.00955460
v 0.00639949 0.05888323 0.00789460
v 0.00598354 0.05901486 0.00802722
v 0.00747814 0.05999193 0.00564409
v 0.00716030 0.06011370 0.00582663
v 0.00681190 0.06027258 0.00594286
v 0.00669600 0.06011370 0.00628453
v 0.00801284 0.06099103 0.00285456
v 0.00827592 0.06068660 0.00309170
v 0.00845012 0.06048191 0.00324849
v 0.00158151 0.05765103 0.01072237
v 0.00856247 0.05955181 0.00485310
v 0.00856247 0.05964227 0.00470957
v 0.00856247 0.05974897 0.00452391
v 0.00838115 0.05993452 0.00452391
v 0.00777464 0.06017458 0.00498883
v 0.00761466 0.06009398 0.00532660
v 0.00814295 0.06015197 0.00452391
v 0.00795666 0.06047321 0.00419394
v 0.00763883 0.06059035 0.00441782
v 0.00652535 0.05952746 0.00710283
v 0.00638314 0.05934828 0.00740706
v 0.00624093 0.05916968 0.00770895
v 0.00504497 0.05902182 0.00851554
v 0.00410783 0.05903052 0.00899997
v 0.00463399 0.05810854 0.00950077
v 0.00491699 0.05778265 0.00962324
v 0.00566215 0.05958197 0.00763952
v 0.00475487 0.06008413 0.00766214
v 0.00566571 0.05910648 0.00811458
v 0.00727194 0.06026272 0.00544440
v 0.00692851 0.06043147 0.00556219
v 0.00661067 0.06053352 0.00574160
v 0.00633621 0.06019198 0.00643743
v 0.00617125 0.06007775 0.00671201
v 0.00648909 0.05998265 0.00660202
v 0.00634617 0.06044074 0.00608171
v 0.00129852 0.06350009 0.00309404
v 0.00158151 0.06348386 0.00309404
v 0.00795453 0.06094580 0.00309404
v 0.00813016 0.06061296 0.00357066
v 0.00805052 0.06054860 0.00387645
v 0.00205862 0.05779251 0.01056479
v 0.00205862 0.05803084 0.01040410
v 0.00856247 0.05994380 0.00417522
v 0.00846150 0.06001396 0.00423372
v 0.00706502 0.06052018 0.00524470
v 0.00825601 0.06028244 0.00405509
v 0.00752933 0.06098349 0.00379766
v 0.00729967 0.06075619 0.00452391
v 0.00743050 0.06092203 0.00404729
v 0.00620823 0.05962372 0.00721360
v 0.00597927 0.05948687 0.00753109
v 0.00472856 0.05911460 0.00859901
v 0.00378999 0.05912098 0.00908265
v 0.00395495 0.05886294 0.00921605
v 0.00396420 0.05854286 0.00947113
v 0.00431687 0.05820306 0.00957644
v 0.00507128 0.05999309 0.00756775
v 0.00543675 0.05992467 0.00739770
v 0.00444059 0.06015719 0.00774171
v 0.00444059 0.05991887 0.00797963
v 0.00444059 0.05943237 0.00844845
v 0.00474349 0.05959936 0.00813096
v 0.00506061 0.05951180 0.00804750
v 0.00488357 0.06026504 0.00736103
v 0.00444059 0.06039551 0.00746868
v 0.00489494 0.05931349 0.00832286
v 0.00634617 0.06059730 0.00584301
v 0.00679056 0.06058977 0.00543269
v 0.00619401 0.06152219 0.00438584
v 0.00604255 0.06143231 0.00470333
v 0.00616556 0.06102466 0.00528916
v 0.00554981 0.06047669 0.00660904
v 0.00501155 0.06044596 0.00704042
v 0.00530734 0.06012820 0.00725026
v 0.00562518 0.06003484 0.00713949
v 0.00577023 0.06057991 0.00629155
v 0.00129852 0.06343921 0.00329296
v 0.00129852 0.06340152 0.00340841
v 0.00158151 0.06339050 0.00337798
v 0.00184246 0.06337948 0.00334600
v 0.00202449 0.06342935 0.00309482
v 0.00204653 0.06351227 0.00278669
v 0.00761821 0.06105076 0.00348017
v 0.00777606 0.06087448 0.00361201
v 0.00854825 0.06009167 0.00391623
v 0.00856247 0.06010326 0.00386553
v 0.00253501 0.05773047 0.01052345
v 0.00253501 0.05796879 0.01036977
v 0.00253501 0.05828829 0.01013185
v 0.00708422 0.06100785 0.00431329
v 0.00662987 0.06102119 0.00481488
v 0.00672728 0.06155408 0.00357066
v 0.00662703 0.06149435 0.00386787
v 0.00651184 0.06142361 0.00418614
v 0.00719230 0.06107105 0.00404729
v 0.00715462 0.06152508 0.00299809
v 0.00379141 0.05959183 0.00860291
v 0.00348780 0.05941845 0.00890012
v 0.00348780 0.05918070 0.00913726
v 0.00340746 0.05868434 0.00958814
v 0.00372529 0.05861070 0.00952573
v 0.00409645 0.06000121 0.00805764
v 0.00396420 0.05830511 0.00964899
v 0.00406730 0.06047032 0.00756541
v 0.00469443 0.06052424 0.00715509
v 0.00444059 0.06058339 0.00722998
v 0.00572472 0.06151407 0.00483282
v 0.00381914 0.06151233 0.00626113
v 0.00634972 0.06158365 0.00403481
v 0.00571690 0.06198839 0.00392403
v 0.00558820 0.06191765 0.00424152
v 0.00523197 0.06055208 0.00672371
v 0.00129852 0.06299619 0.00453717
v 0.00155592 0.06297068 0.00455511
v 0.00252719 0.06297416 0.00406055
v 0.00205862 0.06294864 0.00441236
v 0.00239494 0.06340268 0.00293568
v 0.00301141 0.06304026 0.00357066
v 0.00282227 0.05768234 0.01049302
v 0.00301141 0.05821697 0.01007023
v 0.00148268 0.05864085 0.01002810
v 0.00301141 0.05845530 0.00988223
v 0.00301141 0.05874813 0.00964352
v 0.00191641 0.05910938 0.00954524
v 0.00129852 0.05917664 0.00960296
v 0.00614637 0.06196810 0.00339125
v 0.00624449 0.06202434 0.00309404
v 0.00348780 0.05964691 0.00866219
v 0.00236579 0.06054048 0.00812082
v 0.00268362 0.06001628 0.00854908
v 0.00301141 0.05925202 0.00919966
v 0.00301141 0.05898587 0.00943759
v 0.00301141 0.05949035 0.00897344
v 0.00329440 0.05815899 0.01002030
v 0.00421590 0.05766552 0.01000782
v 0.00392296 0.06026446 0.00784312
v 0.00377862 0.06005861 0.00811614
v 0.00333209 0.06101945 0.00717694
v 0.00375017 0.06052482 0.00762938
v 0.00396420 0.06091101 0.00703184
v 0.00348780 0.06141781 0.00659500
v 0.00348994 0.06115803 0.00693433
v 0.00396420 0.06108787 0.00679314
v 0.00527037 0.06199187 0.00436946
v 0.00348780 0.06157263 0.00635708
v 0.00473425 0.06196752 0.00480162
v 0.00444059 0.06202608 0.00490771
v 0.00419599 0.06193911 0.00523456
v 0.00387887 0.06199999 0.00534611
v 0.00603402 0.06189910 0.00370873
v 0.00587333 0.06204464 0.00355818
v 0.00586977 0.06221280 0.00309404
v 0.00562589 0.06241459 0.00284909
v 0.00552848 0.06237226 0.00309404
v 0.00518220 0.06243431 0.00336706
v 0.00473923 0.06244938 0.00386709
v 0.00129852 0.06290399 0.00477197
v 0.00137958 0.06290168 0.00476807
v 0.00169670 0.06287384 0.00473531
v 0.00301141 0.06292661 0.00388581
v 0.00236365 0.06291386 0.00432265
v 0.00205862 0.06283789 0.00465028
v 0.00344087 0.06294053 0.00354804
v 0.00377151 0.06291153 0.00337486
v 0.00325103 0.06289878 0.00381014
v 0.00394429 0.06294401 0.00306830
v 0.00299363 0.05786325 0.01031829
v 0.00158151 0.05965735 0.00913258
v 0.00129852 0.05968982 0.00915988
v 0.00129852 0.05941497 0.00939780
v 0.00348780 0.06010906 0.00816997
v 0.00205862 0.06058049 0.00815983
v 0.00249448 0.06074227 0.00784390
v 0.00230535 0.06099567 0.00762392
v 0.00205862 0.06081823 0.00789538
v 0.00236579 0.06005745 0.00858965
v 0.00264665 0.05953384 0.00901869
v 0.00232881 0.05957153 0.00905691
v 0.00205862 0.05960284 0.00908499
v 0.00348069 0.05765103 0.01028943
v 0.00395709 0.05765103 0.01011469
v 0.00396420 0.05773511 0.01005618
v 0.00322330 0.06145840 0.00665975
v 0.00455293 0.06237052 0.00418458
v 0.00423510 0.06243431 0.00430939
v 0.00347785 0.06181386 0.00592570
v 0.00331218 0.06196288 0.00574862
v 0.00301141 0.06200289 0.00581649
v 0.00301141 0.06186314 0.00605519
v 0.00347785 0.06204696 0.00549354
v 0.00490561 0.06249171 0.00354414
v 0.00529028 0.06247722 0.00309404
v 0.00441286 0.06249693 0.00403402
v 0.00444059 0.06264190 0.00357066
v 0.00129852 0.06252360 0.00546858
v 0.00158151 0.06252071 0.00541085
v 0.00238641 0.06244649 0.00527980
v 0.00205862 0.06248070 0.00533753
v 0.00348069 0.06252535 0.00454185
v 0.00396420 0.06247316 0.00438584
v 0.00396420 0.06261580 0.00404729
v 0.00254070 0.06253462 0.00502628
v 0.00423510 0.06290805 0.00289278
v 0.00429554 0.06291849 0.00278669
v 0.00158151 0.06062108 0.00821053
v 0.00158151 0.06038855 0.00844845
v 0.00205862 0.06033231 0.00839853
v 0.00140944 0.06148218 0.00716134
v 0.00205862 0.06102061 0.00765746
v 0.00290546 0.06149609 0.00670811
v 0.00253501 0.06153204 0.00676272
v 0.00158151 0.06085940 0.00793907
v 0.00205862 0.06009398 0.00862397
v 0.00158151 0.06015081 0.00867702
v 0.00158151 0.05989567 0.00891572
v 0.00304340 0.06160975 0.00647253
v 0.00301141 0.06248244 0.00488118
v 0.00253501 0.06205740 0.00590464
v 0.00129852 0.06202725 0.00633368
v 0.00158151 0.06200405 0.00628999
v 0.00129852 0.06051091 0.00837357
v 0.00158151 0.06105598 0.00770037
v 0.00205862 0.06157785 0.00683058
v 0.00158151 0.06185561 0.00652792
v 0.00195339 0.06196984 0.00623227
v 0.00129852 0.06095160 0.00785404
v -0.00461813 0.01755263 -0.01630524
v -0.00461813 0.01778665 -0.01654303
v -0.00413569 0.01772350 -0.01659556
v -0.00306310 0.01713658 -0.01622829
v -0.00461813 0.01779037 -0.01654672
v -0.00307989 0.01760835 -0.01670893
v -0.00270634 0.01804668 -0.01721445
v -0.00270634 0.01780523 -0.01698680
v -0.00270634 0.01711429 -0.01625502
v -0.00270634 0.01757120 -0.01674856
v -0.00223027 0.01775694 -0.01702781
v -0.00223027 0.01753777 -0.01678957
v -0.00461813 0.01802440 -0.01674856
v -0.00302951 0.01808754 -0.01717620
v -0.00365963 0.01842187 -0.01726514
v -0.00223027 0.01799468 -0.01726468
v -0.00175363 0.01727403 -0.01654625
v -0.00175363 0.01707343 -0.01630801
v -0.00175363 0.01772350 -0.01705592
v -0.00127756 0.01705486 -0.01633382
v -0.00080092 0.01703629 -0.01635271
v -0.00175363 0.01796125 -0.01729647
v -0.00032485 0.01702886 -0.01636147
v -0.00444670 0.01855188 -0.01718081
v -0.00413569 0.01826213 -0.01704440
v -0.00413569 0.01849988 -0.01721906
v -0.00172293 0.01839215 -0.01752873
v -0.00413569 0.01882677 -0.01734117
v -0.00365963 0.01882677 -0.01741444
v -0.00257834 0.01901993 -0.01764578
v -0.00154455 0.01857788 -0.01763564
v -0.00127756 0.01830671 -0.01754670
v -0.00127756 0.01725545 -0.01657206
v -0.00127756 0.01771236 -0.01707390
v -0.00127756 0.01749319 -0.01683565
v -0.00080092 0.01724059 -0.01659095
v -0.00080092 0.01825842 -0.01755131
v -0.00032485 0.01822870 -0.01755592
v -0.00127756 0.01795010 -0.01730845
v -0.00032485 0.01723316 -0.01659971
v 0.00015179 0.01722945 -0.01660109
v 0.00062844 0.01722945 -0.01659787
v 0.00015179 0.01704000 -0.01636331
v 0.00062844 0.01704743 -0.01635962
v 0.00110451 0.01705486 -0.01635455
v -0.00461813 0.01861875 -0.01714671
v -0.00461813 0.01883420 -0.01722643
v -0.00460828 0.01883048 -0.01722781
v -0.00461813 0.01930225 -0.01732320
v -0.00461234 0.01930225 -0.01732458
v -0.00304688 0.01941741 -0.01765361
v -0.00272487 0.01927625 -0.01768541
v -0.00223027 0.01894935 -0.01766559
v -0.00223027 0.01930225 -0.01776006
v -0.00172293 0.01880820 -0.01768218
v -0.00127756 0.01882677 -0.01773518
v -0.00080092 0.01882677 -0.01778587
v -0.00127756 0.01854445 -0.01764992
v -0.00080092 0.01849616 -0.01767573
v -0.00032485 0.01846644 -0.01770154
v -0.00080092 0.01770493 -0.01708311
v -0.00080092 0.01747834 -0.01684487
v 0.00015179 0.01845158 -0.01772043
v 0.00015179 0.01821384 -0.01755822
v -0.00032485 0.01793524 -0.01731767
v 0.00015179 0.01769007 -0.01709878
v -0.00032485 0.01769750 -0.01709095
v -0.00032485 0.01747091 -0.01685270
v 0.00015179 0.01746719 -0.01686054
v 0.00110451 0.01768264 -0.01710800
v 0.00062844 0.01746719 -0.01686699
v 0.00110451 0.01747091 -0.01686975
v 0.00129852 0.05453243 -0.01435735
v 0.00096609 0.05485190 -0.01431634
v -0.00304688 0.01961800 -0.01765361
v -0.00175363 0.01930225 -0.01780937
v -0.00223027 0.01977773 -0.01774670
v -0.00032485 0.01882677 -0.01782965
v 0.00015179 0.01882677 -0.01785453
v 0.00062844 0.01844787 -0.01772366
v 0.00062844 0.01821013 -0.01755960
v 0.00015179 0.01792781 -0.01731998
v 0.00062844 0.01768636 -0.01710523
v 0.00062844 0.01792410 -0.01732136
v 0.00110451 0.01792038 -0.01731767
v 0.00129852 0.05439128 -0.01439560
v 0.00111667 0.05458816 -0.01436887
v 0.00062844 0.05493734 -0.01433892
v -0.00127756 0.01930225 -0.01784900
v -0.00175363 0.01977773 -0.01779140
v -0.00127756 0.05169812 -0.01492693
v -0.00080092 0.01930225 -0.01788172
v -0.00032485 0.01930225 -0.01790245
v 0.00015179 0.01930225 -0.01790338
v 0.00062844 0.01882677 -0.01785361
v 0.00110451 0.01847016 -0.01770015
v 0.00110451 0.01823242 -0.01755592
v 0.00129852 0.01810612 -0.01745131
v 0.00129852 0.05408296 -0.01447117
v 0.00062844 0.05455844 -0.01443477
v 0.00022882 0.05497820 -0.01436380
v -0.00127756 0.01977773 -0.01782043
v -0.00080092 0.05169812 -0.01497162
v 0.00062844 0.01930225 -0.01788863
v -0.00032485 0.05169812 -0.01496748
v 0.00110451 0.05122264 -0.01497393
v 0.00110451 0.01930225 -0.01785545
v 0.00110451 0.01882677 -0.01781490
v 0.00110451 0.05408296 -0.01449375
v 0.00015179 0.05455844 -0.01447025
v 0.00014484 0.05497820 -0.01437025
v -0.00080092 0.05299455 -0.01479006
v -0.00080092 0.05217732 -0.01491356
v 0.00129852 0.05122264 -0.01496656
v -0.00032485 0.05217732 -0.01490665
v 0.00062844 0.05169812 -0.01494075
v 0.00110451 0.05169812 -0.01492693
v 0.00129852 0.05150496 -0.01493891
v 0.00110451 0.05251536 -0.01479283
v 0.00062844 0.05408296 -0.01452739
v 0.00037651 0.05288683 -0.01476979
v 0.00005913 0.05293140 -0.01478038
v -0.00032485 0.05455844 -0.01449514
v -0.00026578 0.05497820 -0.01439237
v -0.00032485 0.05297598 -0.01478730
v -0.00032485 0.05265280 -0.01483568
v 0.00015179 0.05217732 -0.01489098
v 0.00129852 0.05169812 -0.01491725
v 0.00062844 0.05217732 -0.01487439
v 0.00110451 0.05217732 -0.01485227
v 0.00129852 0.05198415 -0.01487301
v 0.00129852 0.05238534 -0.01480158
v 0.00062844 0.05260451 -0.01480619
v -0.01298875 0.01857577 0.00956317
v -0.01395927 0.01901367 0.00865966
v -0.01438123 0.01953620 0.00809862
v -0.01438123 0.01954356 0.00809862
v -0.01152748 0.05102791 0.00715301
v -0.01169535 0.05170131 0.00676684
v -0.00585117 0.01760430 0.01481418
v -0.01011207 0.01856473 0.01287763
v -0.01296123 0.01903574 0.01001654
v -0.01305939 0.01885911 0.00973885
v -0.01353639 0.01895111 0.00918590
v -0.01396935 0.01930437 0.00866695
v -0.01379323 0.01930437 0.00890578
v -0.01110001 0.05122294 0.00769139
v -0.01106699 0.05170131 0.00765010
v -0.01104773 0.05195522 0.00762501
v -0.01116606 0.05265438 0.00731169
v -0.01164214 0.05170131 0.00684456
v -0.01162471 0.05213921 0.00676684
v -0.00727483 0.01810108 0.01430494
v -0.00921219 0.01852057 0.01337877
v -0.01011207 0.01862361 0.01287763
v -0.01107249 0.01902471 0.01193446
v -0.01249707 0.01904310 0.01050067
v -0.01296123 0.01910198 0.01001654
v -0.01091380 0.05122294 0.00793022
v -0.01088169 0.05170131 0.00788893
v -0.01064411 0.05170131 0.00818686
v -0.01098168 0.05265438 0.00754971
v -0.01092389 0.05312907 0.00746875
v -0.01110735 0.05312907 0.00722992
v -0.01140364 0.05265438 0.00696438
v -0.01153298 0.05265438 0.00676684
v -0.00734822 0.01835130 0.01433409
v -0.00829396 0.01845434 0.01387424
v -0.00921219 0.01869720 0.01337877
v -0.01107249 0.01911670 0.01193446
v -0.00628414 0.05195522 0.01143413
v -0.00691341 0.05217601 0.01104634
v -0.00786833 0.05122294 0.01057516
v -0.00810592 0.05122294 0.01041729
v -0.00871317 0.05074824 0.01004325
v -0.00949014 0.05074824 0.00942796
v -0.00974606 0.05122294 0.00916080
v -0.00998365 0.05122294 0.00894788
v -0.01249707 0.01919030 0.01050067
v -0.01202099 0.01957300 0.01097833
v -0.01046248 0.05122294 0.00846212
v -0.01067622 0.05122294 0.00822329
v -0.01042854 0.05170131 0.00842488
v -0.01011574 0.05251823 0.00859813
v -0.01038726 0.05217601 0.00836902
v -0.01059641 0.05217601 0.00813100
v -0.01056981 0.05242255 0.00809943
v -0.01070924 0.05261022 0.00788407
v -0.01053220 0.05273901 0.00805895
v -0.01068539 0.05312907 0.00775616
v -0.01062026 0.05352281 0.00768087
v -0.01056522 0.05383927 0.00761853
v -0.01106149 0.05341242 0.00716678
v -0.00734547 0.01870456 0.01433490
v -0.00828387 0.01882599 0.01386857
v -0.00604289 0.05170131 0.01158714
v -0.00606857 0.05213921 0.01151914
v -0.00686571 0.05265438 0.01101800
v -0.00710421 0.05265438 0.01087228
v -0.00781788 0.05170131 0.01054925
v -0.00805638 0.05170131 0.01039138
v -0.00839028 0.05170131 0.01015336
v -0.00868474 0.05109783 0.01002059
v -0.00945161 0.05122294 0.00939882
v -0.00854256 0.05265438 0.00991048
v -0.00883793 0.05265438 0.00967165
v -0.00878931 0.05312907 0.00963441
v -0.00970020 0.05170131 0.00911951
v -0.00993778 0.05170131 0.00890983
v -0.01019188 0.05170131 0.00867181
v -0.01022490 0.05122294 0.00870905
v -0.01014876 0.05217601 0.00863052
v -0.01032397 0.05262862 0.00832935
v -0.00988825 0.05217601 0.00886935
v -0.00959379 0.05276477 0.00902479
v -0.01007630 0.05283469 0.00855846
v -0.01023958 0.05312907 0.00826782
v -0.01016161 0.05360745 0.00817634
v -0.01011207 0.05390183 0.00811886
v -0.01005520 0.05421829 0.00805814
v -0.01019463 0.05456052 0.00774482
v -0.01052027 0.05408214 0.00755862
v -0.01069823 0.05408214 0.00732060
v -0.00589795 0.05265438 0.01146975
v -0.00681159 0.05299292 0.01098562
v -0.00740326 0.05312907 0.01058811
v -0.00821141 0.05341610 0.01001978
v -0.00825268 0.05312907 0.01004973
v -0.00751150 0.05266174 0.01061159
v -0.00776651 0.05217601 0.01051687
v -0.00800501 0.05217601 0.01035981
v -0.00830405 0.05265438 0.01008778
v -0.00834900 0.05217601 0.01012178
v -0.00849119 0.05312907 0.00987243
v -0.00930300 0.05312907 0.00919075
v -0.00871226 0.05360745 0.00957045
v -0.00954151 0.05312907 0.00897864
v -0.00979010 0.05312907 0.00873981
v -0.01002768 0.05312907 0.00850584
v -0.00957636 0.05422197 0.00853499
v -0.00974698 0.05456052 0.00822572
v -0.00998456 0.05456052 0.00798284
v -0.00994053 0.05360745 0.00841436
v -0.00970295 0.05360745 0.00865885
v -0.00964149 0.05390551 0.00859894
v -0.01012950 0.05486594 0.00766629
v -0.01045423 0.05460099 0.00738213
v -0.01062576 0.05446852 0.00722264
v -0.00654374 0.05314011 0.01106334
v -0.00604105 0.05405270 0.01103096
v -0.00638596 0.05360745 0.01100343
v -0.00630065 0.05387607 0.01096538
v -0.00682168 0.05442804 0.01051606
v -0.00692167 0.05408214 0.01057273
v -0.00731520 0.05351913 0.01052901
v -0.00796006 0.05358905 0.01011531
v -0.00779311 0.05408214 0.01005459
v -0.00772248 0.05433973 0.01001087
v -0.00812701 0.05373624 0.00995987
v -0.00858567 0.05416309 0.00946925
v -0.00866456 0.05384663 0.00952754
v -0.00773074 0.05250719 0.01049339
v -0.00895076 0.05360745 0.00935672
v -0.00921494 0.05360745 0.00911870
v -0.00945344 0.05360745 0.00889687
v -0.00926815 0.05456052 0.00870014
v -0.00919201 0.05488434 0.00862566
v -0.00966901 0.05488066 0.00814881
v -0.00909478 0.05420725 0.00900860
v -0.00902414 0.05456052 0.00893816
v -0.01064503 0.05519712 0.00677250
v -0.01072025 0.05504257 0.00676684
v -0.01055972 0.05478498 0.00713844
v -0.00985431 0.05503153 0.00785898
v -0.01002768 0.05519712 0.00756671
v -0.01003685 0.05519712 0.00755619
v -0.01090096 0.05462675 0.00676684
v -0.00633367 0.05519712 0.01050634
v -0.00588052 0.05443908 0.01099290
v -0.00638963 0.05503521 0.01053549
v -0.00747206 0.05452372 0.01010235
v -0.00716017 0.05408214 0.01043429
v -0.00662813 0.05503521 0.01040271
v -0.00703358 0.05506833 0.01016388
v -0.00731336 0.05493217 0.01005621
v -0.00826828 0.05446484 0.00958341
v -0.00803161 0.05408214 0.00989429
v -0.00763075 0.05465987 0.00994853
v -0.00842606 0.05459731 0.00941501
v -0.00871226 0.05487698 0.00909279
v -0.00878564 0.05456052 0.00915837
v -0.00888013 0.05402694 0.00926848
v -0.00915807 0.05389079 0.00906770
v -0.00890397 0.05503889 0.00881429
v -0.00909753 0.05519712 0.00853094
v -0.00956535 0.05519712 0.00805976
v -0.00980202 0.05519712 0.00780878
v -0.00642449 0.05519712 0.01045615
v -0.00698863 0.05519712 0.01013879
v -0.00716384 0.05519712 0.01003840
v -0.00723447 0.05519712 0.00999792
v -0.00785824 0.05503521 0.00963036
v -0.00817747 0.05478130 0.00951378
v -0.00780504 0.05519712 0.00959393
v -0.00860768 0.05519712 0.00900293
v -0.00885627 0.05519712 0.00876572
v -0.01679134 0.01959594 0.00341169
v -0.01676563 0.01906151 0.00334280
v -0.01678648 0.01930218 0.00339959
v -0.01628820 0.01952161 0.00476581
v -0.01628820 0.01954639 0.00476581
v -0.01303582 0.05122256 0.00448512
v -0.01342846 0.05147030 0.00333489
v -0.01348267 0.05165789 0.00311471
v -0.01533472 0.01906505 0.00619440
v -0.01581563 0.01906151 0.00528623
v -0.01629932 0.01905797 0.00434547
v -0.01582814 0.01942251 0.00574520
v -0.01582814 0.01957116 0.00574520
v -0.01295034 0.05098189 0.00476115
v -0.01304694 0.05079431 0.00457077
v -0.01300037 0.05170035 0.00440086
v -0.01313728 0.05170035 0.00404709
v -0.01346599 0.05217815 0.00297739
v -0.01356190 0.05217815 0.00261756
v -0.01359734 0.05265241 0.00214136
v -0.01588304 0.01928095 0.00545753
v -0.01207470 0.05122256 0.00630426
v -0.01257367 0.05122256 0.00542727
v -0.01254310 0.05170035 0.00537141
v -0.01251113 0.05217815 0.00530857
v -0.01248819 0.05251084 0.00526342
v -0.01256881 0.05266303 0.00503486
v -0.01297119 0.05205428 0.00433150
v -0.01305111 0.05219939 0.00408479
v -0.01317203 0.05265241 0.00357089
v -0.01309280 0.05313021 0.00357089
v -0.01344097 0.05248607 0.00290431
v -0.01348059 0.05264887 0.00262408
v -0.01349518 0.05314790 0.00216510
v -0.01345974 0.05351598 0.00201103
v -0.01188150 0.05170035 0.00649139
v -0.01203995 0.05170035 0.00625306
v -0.01237978 0.05217815 0.00554644
v -0.01210319 0.05265241 0.00587787
v -0.01235476 0.05266303 0.00544403
v -0.01245275 0.05282583 0.00521734
v -0.01302122 0.05265241 0.00397447
v -0.01253754 0.05313021 0.00490313
v -0.01295659 0.05338857 0.00382133
v -0.01298022 0.05313021 0.00387718
v -0.01299829 0.05357261 0.00355553
v -0.01345001 0.05299925 0.00246954
v -0.01345765 0.05351244 0.00202173
v -0.01201146 0.05200827 0.00621163
v -0.01212126 0.05217107 0.00598447
v -0.01153194 0.05292847 0.00668317
v -0.01204898 0.05313021 0.00579315
v -0.01201146 0.05341334 0.00573403
v -0.01241661 0.05313021 0.00514146
v -0.01250001 0.05344166 0.00481236
v -0.01257854 0.05360446 0.00453725
v -0.01282108 0.05357261 0.00400706
v -0.01290447 0.05370710 0.00370402
v -0.01296771 0.05389822 0.00338609
v -0.01312477 0.05360446 0.00309423
v -0.01300941 0.05406810 0.00308212
v -0.01296910 0.05438310 0.00291548
v -0.01301010 0.05454944 0.00260267
v -0.01154584 0.05392653 0.00622792
v -0.01159170 0.05360446 0.00629868
v -0.01165286 0.05408226 0.00597935
v -0.01159170 0.05456006 0.00582573
v -0.01195655 0.05372833 0.00565536
v -0.01209902 0.05358323 0.00548825
v -0.01205037 0.05400086 0.00533743
v -0.01199478 0.05431585 0.00523549
v -0.01252572 0.05397962 0.00438783
v -0.01261120 0.05411765 0.00408433
v -0.01252503 0.05456006 0.00391954
v -0.01247777 0.05480427 0.00381527
v -0.01251877 0.05499185 0.00352993
v -0.01249167 0.05519712 0.00340005
v -0.01290586 0.05470163 0.00275162
v -0.01296632 0.05483258 0.00243416
v -0.01111497 0.05408226 0.00676091
v -0.01148885 0.05424153 0.00615623
v -0.01143117 0.05456006 0.00606360
v -0.01111636 0.05494937 0.00628657
v -0.01153680 0.05482550 0.00573869
v -0.01178143 0.05456006 0.00547615
v -0.01195030 0.05456006 0.00514100
v -0.01206566 0.05456006 0.00490266
v -0.01208095 0.05501308 0.00451491
v -0.01205315 0.05519712 0.00442600
v -0.01215670 0.05519712 0.00420024
v -0.01232279 0.05499185 0.00400333
v -0.01223384 0.05519712 0.00402009
v -0.01235546 0.05519712 0.00373428
v -0.01241592 0.05512280 0.00366166
v -0.01299968 0.05491752 0.00214136
v -0.01097806 0.05443618 0.00676556
v -0.01106215 0.05436186 0.00669015
v -0.01099891 0.05468039 0.00660450
v -0.01076402 0.05494583 0.00676556
v -0.01105729 0.05519712 0.00620930
v -0.01194961 0.05515465 0.00466806
v -0.01201354 0.05483612 0.00479327
v 0.00129852 0.01930112 -0.01783587
v 0.00158194 0.01930112 -0.01780615
v 0.00284734 0.01957614 -0.01764675
v 0.00205863 0.01930112 -0.01775212
v 0.00267920 0.01916653 -0.01766296
v 0.00285341 0.01930112 -0.01764608
v 0.00253533 0.01930112 -0.01769201
v 0.00396454 0.01930112 -0.01740091
v 0.00763334 0.01930112 -0.01577318
v 0.00912149 0.01930112 -0.01490934
v 0.00856246 0.01930112 -0.01528960
v 0.00857026 0.01916653 -0.01529432
v 0.00911629 0.01916653 -0.01490529
v 0.00880081 0.01930112 -0.01514709
v 0.00129852 0.01882431 -0.01778669
v 0.00184282 0.01857846 -0.01763656
v 0.00129852 0.01870588 -0.01775111
v 0.00280574 0.01904868 -0.01763656
v 0.00158194 0.01853289 -0.01765862
v 0.00396454 0.01882431 -0.01736263
v 0.00396454 0.01845800 -0.01721748
v 0.00327810 0.01810011 -0.01716056
v 0.00129852 0.01849457 -0.01768352
v 0.00282827 0.01916624 -0.01764154
v 0.00158194 0.01829458 -0.01753624
v 0.00430429 0.01852824 -0.01718333
v 0.00396454 0.01916624 -0.01739038
v 0.00445423 0.01880718 -0.01724808
v 0.00427309 0.01760666 -0.01670520
v 0.00301115 0.01806005 -0.01718262
v 0.00129852 0.01839762 -0.01763371
v 0.01015289 0.01882431 -0.01396947
v 0.00205863 0.01794917 -0.01726302
v 0.00129852 0.01825627 -0.01754762
v 0.00253533 0.01799764 -0.01722246
v 0.00538855 0.01835379 -0.01676070
v 0.00522648 0.01807979 -0.01670022
v 0.00443603 0.01785367 -0.01679698
v 0.00474718 0.01895464 -0.01718902
v 0.00631420 0.01701830 -0.01502605
v 0.00474285 0.01666069 -0.01527864
v 0.00412055 0.01718317 -0.01618225
v 0.00380333 0.01714253 -0.01622280
v 0.00348784 0.01711437 -0.01626122
v 0.00348784 0.01730653 -0.01649886
v 0.00396454 0.01757734 -0.01673366
v 0.00459117 0.01768300 -0.01663405
v 0.00618333 0.01760056 -0.01576530
v 0.00682210 0.01707664 -0.01486668
v 0.00129852 0.01705777 -0.01635158
v 0.00748167 0.01620208 -0.01285312
v 0.00985387 0.01882431 -0.01423913
v 0.00205863 0.01771086 -0.01709012
v 0.00158194 0.01792421 -0.01729788
v 0.00253533 0.01775934 -0.01706451
v 0.00567197 0.01851634 -0.01669880
v 0.00554456 0.01819879 -0.01664614
v 0.00620326 0.01805889 -0.01625269
v 0.00474718 0.01916508 -0.01718902
v 0.00572050 0.01882431 -0.01672228
v 0.00604466 0.01670539 -0.01474074
v 0.00444123 0.01664850 -0.01530994
v 0.00572744 0.01665721 -0.01481047
v 0.00539375 0.01661802 -0.01488304
v 0.00587911 0.01657652 -0.01456357
v 0.00754321 0.01620208 -0.01287233
v 0.00301115 0.01709667 -0.01629822
v 0.00301115 0.01727605 -0.01653657
v 0.00348784 0.01754483 -0.01676497
v 0.00650141 0.01767197 -0.01568562
v 0.00682210 0.01729143 -0.01510503
v 0.00710031 0.01713730 -0.01479481
v 0.00682210 0.01682527 -0.01451164
v 0.00634627 0.01675242 -0.01465963
v 0.00802250 0.01620150 -0.01240060
v 0.00748167 0.01620208 -0.01287233
v 0.00129852 0.01723280 -0.01658994
v 0.00158194 0.01723541 -0.01658567
v 0.00205863 0.01724035 -0.01657500
v 0.00158194 0.01706358 -0.01634731
v 0.00415868 0.01665750 -0.01530140
v 0.01015289 0.01834799 -0.01381578
v 0.01003241 0.01834799 -0.01392180
v 0.00961552 0.01882431 -0.01444831
v 0.00158194 0.01768590 -0.01710507
v 0.00301115 0.01751436 -0.01679627
v 0.00253533 0.01749055 -0.01682616
v 0.00584618 0.01835379 -0.01655792
v 0.00668776 0.01882431 -0.01625340
v 0.00663402 0.01850967 -0.01622707
v 0.00652048 0.01819212 -0.01616802
v 0.00712545 0.01806905 -0.01576246
v 0.00682210 0.01798894 -0.01584642
v 0.00682210 0.01775063 -0.01560095
v 0.00698157 0.01671149 -0.01425478
v 0.00666349 0.01666098 -0.01433661
v 0.00205863 0.01707635 -0.01633664
v 0.00634627 0.01662209 -0.01442127
v 0.00682210 0.01658029 -0.01408189
v 0.00729879 0.01663747 -0.01391326
v 0.00754581 0.01667753 -0.01382717
v 0.00808924 0.01665402 -0.01339742
v 0.00863267 0.01663109 -0.01296838
v 0.00895075 0.01669204 -0.01285454
v 0.00912409 0.01662470 -0.01253650
v 0.00944131 0.01668188 -0.01239064
v 0.00253533 0.01725254 -0.01655650
v 0.00743833 0.01768271 -0.01519752
v 0.00777549 0.01754657 -0.01486739
v 0.00804417 0.01761682 -0.01479268
v 0.00741753 0.01721684 -0.01469947
v 0.00765501 0.01709260 -0.01438214
v 0.00727452 0.01702962 -0.01453867
v 0.00925150 0.01655214 -0.01220067
v 0.00970913 0.01655359 -0.01170262
v 0.00129852 0.01747111 -0.01686885
v 0.00158194 0.01747372 -0.01686671
v 0.00205863 0.01747865 -0.01685248
v 0.01015289 0.01797820 -0.01355537
v 0.00995354 0.01808211 -0.01384851
v 0.00969093 0.01830300 -0.01418506
v 0.00953838 0.01843187 -0.01437360
v 0.00910243 0.01882431 -0.01489442
v 0.00858586 0.01891313 -0.01530212
v 0.00635581 0.01834973 -0.01630605
v 0.00763421 0.01882431 -0.01577527
v 0.00756921 0.01854334 -0.01574467
v 0.00744353 0.01822579 -0.01567139
v 0.00804763 0.01808588 -0.01526939
v 0.00777549 0.01777124 -0.01510574
v 0.00729879 0.01677448 -0.01415162
v 0.00786302 0.01674284 -0.01371475
v 0.00840645 0.01671758 -0.01328643
v 0.00903482 0.01711495 -0.01340098
v 0.00919777 0.01700378 -0.01310926
v 0.00953925 0.01709086 -0.01295273
v 0.00925150 0.01674371 -0.01266955
v 0.00876614 0.01677970 -0.01311922
v 0.00869160 0.01705284 -0.01356889
v 0.00956872 0.01662325 -0.01207260
v 0.00969093 0.01698550 -0.01264038
v 0.01001248 0.01709493 -0.01248883
v 0.01001941 0.01662731 -0.01156103
v 0.00820451 0.01789489 -0.01498407
v 0.00836139 0.01770419 -0.01468026
v 0.00825218 0.01707751 -0.01392749
v 0.00824958 0.01682963 -0.01356676
v 0.01015289 0.01772073 -0.01323306
v 0.00991194 0.01764033 -0.01333837
v 0.00972473 0.01773234 -0.01361087
v 0.00889095 0.01768010 -0.01423842
v 0.00912236 0.01799735 -0.01441772
v 0.00943958 0.01811433 -0.01429392
v 0.00902269 0.01849631 -0.01481829
v 0.00873754 0.01878222 -0.01515128
v 0.00848359 0.01859529 -0.01524235
v 0.00815337 0.01834799 -0.01532986
v 0.00839172 0.01834799 -0.01518756
v 0.00892215 0.01817848 -0.01473505
v 0.00860407 0.01802202 -0.01485671
v 0.00908596 0.01755528 -0.01392109
v 0.00935204 0.01721626 -0.01327006
v 0.00850786 0.01714746 -0.01383428
v 0.00857373 0.01758431 -0.01436222
v 0.00959385 0.01753380 -0.01347142
v 0.01015289 0.01754280 -0.01299756
v 0.00985734 0.01719884 -0.01280616
v 0.01015289 0.01728244 -0.01262686
v 0.00874794 0.01785077 -0.01454863
v 0.00940404 0.01766094 -0.01378875
v 0.00874881 0.01834160 -0.01494067
v 0.00158194 0.05122310 -0.01495498
v 0.00205863 0.05122310 -0.01489317
v 0.00158194 0.05169663 -0.01490177
v 0.00396454 0.05074309 -0.01451212
v 0.00246165 0.05122310 -0.01480788
v 0.00209330 0.05172582 -0.01482822
v 0.00237065 0.05158960 -0.01478989
v 0.00157934 0.05219934 -0.01481336
v 0.00195723 0.05205664 -0.01479693
v 0.00396454 0.05122310 -0.01446439
v 0.00440830 0.05074309 -0.01437675
v 0.00253532 0.05312693 -0.01452307
v 0.00301115 0.05312693 -0.01443935
v 0.00301115 0.05265016 -0.01450351
v 0.00348784 0.05217664 -0.01445343
v 0.00993881 0.05435940 -0.01003026
v 0.00253532 0.05360694 -0.01443074
v 0.00158194 0.05408047 -0.01443700
v 0.00141900 0.05245232 -0.01478050
v 0.00205863 0.05360694 -0.01449021
v 0.00351818 0.05266314 -0.01436971
v 0.00400007 0.05172257 -0.01437597
v 0.00426702 0.05158311 -0.01431650
v 0.00434069 0.05122310 -0.01434702
v 0.00531661 0.05217664 -0.01388225
v 0.00542495 0.05167068 -0.01389398
v 0.00611486 0.04912468 -0.01382513
v 0.00299382 0.05359397 -0.01434467
v 0.00328937 0.05342532 -0.01430946
v 0.00337690 0.05312693 -0.01433685
v 0.00936591 0.05464156 -0.01041679
v 0.00927404 0.05489454 -0.01037688
v 0.00955398 0.05489454 -0.01011946
v 0.00985647 0.05468048 -0.00994341
v 0.01015288 0.05382100 -0.00996923
v 0.00998301 0.05408047 -0.01007799
v 0.00941531 0.05327613 -0.01093555
v 0.00934511 0.05360694 -0.01087608
v 0.00949938 0.05408047 -0.01054041
v 0.00944478 0.05432047 -0.01048799
v 0.00982093 0.05489454 -0.00985656
v 0.00344018 0.05489454 -0.01385564
v 0.00282307 0.05386965 -0.01430712
v 0.00253532 0.05394749 -0.01433294
v 0.00378166 0.05252043 -0.01431416
v 0.00523861 0.05255935 -0.01385017
v 0.00586871 0.05265016 -0.01353640
v 0.00555496 0.05217664 -0.01376723
v 0.00563903 0.05149554 -0.01382435
v 0.00634627 0.05122310 -0.01349572
v 0.00661235 0.05122310 -0.01335879
v 0.00665569 0.05074309 -0.01338305
v 0.00348784 0.05456048 -0.01395658
v 0.00373919 0.05480697 -0.01382591
v 0.00482172 0.05312693 -0.01386973
v 0.00496039 0.05268908 -0.01391511
v 0.00383713 0.05456048 -0.01386190
v 0.00399747 0.05410641 -0.01392137
v 0.01015288 0.05345126 -0.01009207
v 0.01005235 0.05360694 -0.01015310
v 0.00988247 0.05323720 -0.01044730
v 0.01015288 0.05304909 -0.01021492
v 0.00967186 0.05309450 -0.01071568
v 0.00946038 0.05295504 -0.01098172
v 0.00898195 0.05292909 -0.01145275
v 0.00891521 0.05325018 -0.01139798
v 0.00910676 0.05360694 -0.01108813
v 0.00863613 0.05456048 -0.01108969
v 0.00514760 0.05287720 -0.01381183
v 0.00539635 0.05268908 -0.01374688
v 0.00612613 0.05292585 -0.01335488
v 0.00617813 0.05265016 -0.01338461
v 0.00626133 0.05217664 -0.01342608
v 0.00627173 0.05213448 -0.01342686
v 0.00637661 0.05166095 -0.01343469
v 0.00658808 0.05147608 -0.01334549
v 0.00685070 0.05122310 -0.01322812
v 0.00471685 0.05342207 -0.01383608
v 0.00428696 0.05396695 -0.01385330
v 0.00828858 0.05489454 -0.01124540
v 0.00992754 0.05291612 -0.01049503
v 0.00948378 0.05265016 -0.01100675
v 0.00924890 0.05265016 -0.01124462
v 0.00901055 0.05265016 -0.01147779
v 0.00852086 0.05208258 -0.01193787
v 0.00848619 0.05240043 -0.01190891
v 0.00770788 0.05217664 -0.01251531
v 0.00737593 0.05217664 -0.01275318
v 0.00764288 0.05265016 -0.01246602
v 0.00781102 0.05312693 -0.01224693
v 0.00753714 0.05336694 -0.01239168
v 0.00807450 0.05349018 -0.01196056
v 0.00859280 0.05360694 -0.01151926
v 0.00883028 0.05360694 -0.01132677
v 0.00835705 0.05456048 -0.01132834
v 0.00571357 0.05348370 -0.01338070
v 0.00587044 0.05310098 -0.01342530
v 0.00658895 0.05384695 -0.01286898
v 0.00665049 0.05360694 -0.01290575
v 0.00675016 0.05312693 -0.01296365
v 0.00708905 0.05251070 -0.01288619
v 0.00713845 0.05217664 -0.01292062
v 0.00720085 0.05169663 -0.01296287
v 0.00677703 0.05166095 -0.01321012
v 0.00724332 0.05122310 -0.01299026
v 0.00803637 0.05489454 -0.01145744
v 0.01015288 0.05267935 -0.01029081
v 0.00972213 0.05265016 -0.01075324
v 0.00951238 0.05217664 -0.01103649
v 0.00928270 0.05217664 -0.01127435
v 0.01015288 0.05217664 -0.01035732
v 0.01015288 0.05122310 -0.01048095
v 0.00904436 0.05217664 -0.01151221
v 0.00884588 0.05122310 -0.01180954
v 0.00864480 0.05074309 -0.01204271
v 0.00860753 0.05122310 -0.01200672
v 0.00856160 0.05169663 -0.01196838
v 0.00829118 0.05122310 -0.01224537
v 0.00802336 0.05150203 -0.01239873
v 0.00743833 0.05169663 -0.01279073
v 0.00757267 0.05312693 -0.01241672
v 0.00730832 0.05355829 -0.01250123
v 0.00747300 0.05368478 -0.01234161
v 0.00714105 0.05408047 -0.01245272
v 0.00737940 0.05408047 -0.01227197
v 0.00760041 0.05445021 -0.01196369
v 0.00844112 0.05421993 -0.01139954
v 0.00811870 0.05456048 -0.01152160
v 0.00648495 0.05416479 -0.01281812
v 0.00677790 0.05403506 -0.01269684
v 0.00688884 0.05360694 -0.01276648
v 0.00698851 0.05312693 -0.01281264
v 0.00805370 0.05122310 -0.01242063
v 0.00809704 0.05074309 -0.01244959
v 0.00954185 0.05169663 -0.01106544
v 0.00956959 0.05122310 -0.01109282
v 0.00930957 0.05169663 -0.01130330
v 0.00907122 0.05169663 -0.01154273
v 0.00888315 0.05074309 -0.01183693
v 0.00833452 0.05074309 -0.01228058
v 0.00707345 0.05433993 -0.01240029
v 0.00681603 0.05452480 -0.01249027
v 0.00933557 0.05122310 -0.01133069
v 0.00912409 0.05074309 -0.01159907
v 0.00909723 0.05122310 -0.01157168
v 0.00697117 0.05465778 -0.01233300
v 0.00650661 0.05489454 -0.01252627
v 0.00665829 0.05489454 -0.01243785
v -0.00127752 0.01882487 0.01594574
v 0.00039619 0.01859062 0.01572171
v -0.00175406 0.01882487 0.01596269
v -0.00175406 0.01834831 0.01598454
v -0.00127752 0.01834831 0.01595030
v -0.00080099 0.01834831 0.01589487
v 0.00039619 0.01856643 0.01572171
v -0.00222991 0.01834831 0.01597933
v -0.00127752 0.01787175 0.01582541
v -0.00222991 0.01788711 0.01585573
v -0.00082841 0.01783297 0.01578106
v -0.00032445 0.01793204 0.01576508
v 0.00002798 0.01801691 0.01573932
v -0.00032445 0.01834831 0.01582573
v 0.00017266 0.01838364 0.01574877
v 0.00129852 0.01806529 0.01544289
v 0.00129852 0.01756224 0.01531147
v 0.00110448 0.01754535 0.01533462
v -0.00270645 0.01834831 0.01590921
v -0.00318299 0.01796238 0.01577747
v -0.00270645 0.01790171 0.01583062
v -0.00174035 0.01782721 0.01582182
v -0.00100463 0.01763252 0.01572203
v -0.00157167 0.01763213 0.01572268
v -0.00127752 0.01763136 0.01572334
v 0.00110448 0.01787175 0.01546017
v 0.00129852 0.01785639 0.01541060
v -0.00450426 0.01762176 0.01526158
v -0.00534626 0.01815170 0.01525310
v -0.00350525 0.01825461 0.01574029
v -0.00350525 0.01804725 0.01574029
v -0.00464277 0.01782875 0.01534375
v -0.00508914 0.01797160 0.01529223
v -0.00534626 0.01807681 0.01525310
v 0.01280442 0.05439118 -0.00437430
v 0.01283538 0.05406759 -0.00453141
v 0.01232631 0.05393358 -0.00626974
v 0.01237976 0.05409047 -0.00597254
v 0.01233442 0.05441733 -0.00582161
v 0.01238971 0.05457095 -0.00549268
v 0.01233184 0.05489454 -0.00533789
v 0.01292607 0.05360672 -0.00452986
v 0.01281916 0.05360672 -0.00491143
v 0.01279078 0.05389762 -0.00480849
v 0.01235248 0.05356095 -0.00643150
v 0.01230272 0.05337137 -0.00667530
v 0.01225590 0.05368843 -0.00658784
v 0.01196727 0.05412315 -0.00695625
v 0.01188617 0.05455787 -0.00679526
v 0.01203878 0.05455787 -0.00643614
v 0.01280553 0.05303797 -0.00534253
v 0.01279078 0.05248231 -0.00576202
v 0.01041645 0.05489454 -0.00912026
v 0.01326078 0.05197895 -0.00431393
v 0.01296477 0.05265228 -0.00500663
v 0.01283575 0.05264575 -0.00549423
v 0.01286266 0.05317199 -0.00504997
v 0.01244059 0.05312950 -0.00643614
v 0.01232594 0.05312950 -0.00672715
v 0.01186368 0.05312950 -0.00769771
v 0.01190866 0.05356749 -0.00739199
v 0.01216411 0.05356095 -0.00686569
v 0.01187253 0.05399241 -0.00723565
v 0.01181834 0.05431273 -0.00714510
v 0.01135350 0.05480629 -0.00763502
v 0.01290284 0.05217507 -0.00548262
v 0.01280553 0.05217507 -0.00580923
v 0.01251542 0.05265228 -0.00643614
v 0.01087355 0.05479648 -0.00858003
v 0.01049940 0.05455787 -0.00919378
v 0.01293749 0.05170112 -0.00548262
v 0.01236797 0.05265228 -0.00681616
v 0.01191050 0.05265228 -0.00778904
v 0.01172766 0.05312950 -0.00793609
v 0.01138078 0.05395645 -0.00815512
v 0.01183014 0.05338445 -0.00763502
v 0.01147736 0.05410028 -0.00789816
v 0.01090194 0.05489454 -0.00844304
v 0.01127019 0.05489454 -0.00772248
v 0.01282064 0.05170112 -0.00585567
v 0.01277898 0.05051789 -0.00619931
v 0.01239451 0.05217507 -0.00687266
v 0.01084848 0.05489454 -0.00853823
v 0.01091263 0.05455787 -0.00863730
v 0.01073753 0.05455787 -0.00887491
v 0.01036890 0.05426043 -0.00950724
v 0.01176747 0.05265228 -0.00802664
v 0.01193446 0.05217507 -0.00783934
v 0.01181797 0.05189397 -0.00809785
v 0.01179696 0.05217507 -0.00807695
v 0.01136272 0.05294318 -0.00859938
v 0.01146925 0.05311316 -0.00836409
v 0.01142907 0.05360672 -0.00823020
v 0.01098193 0.05408393 -0.00874256
v 0.01269088 0.05026947 -0.00645781
v 0.01081236 0.05408393 -0.00898094
v 0.01042788 0.05394338 -0.00957458
v 0.01048059 0.05360672 -0.00964191
v 0.01029112 0.05360672 -0.00987952
v 0.01138668 0.05265228 -0.00863498
v 0.01183346 0.05157691 -0.00811565
v 0.01146446 0.05122390 -0.00875108
v 0.01141580 0.05217507 -0.00867910
v 0.01139921 0.04931831 -0.00912800
v 0.01137746 0.04979552 -0.00909626
v 0.01148621 0.05074669 -0.00878745
v 0.01094580 0.05312950 -0.00916747
v 0.01090157 0.05348251 -0.00910013
v 0.01099114 0.05265228 -0.00923480
v 0.01078324 0.05312950 -0.00940585
v 0.01054511 0.05312950 -0.00972705
v 0.01035895 0.05312950 -0.00996543
v 0.01101879 0.05217507 -0.00927350
v 0.01136014 0.05013873 -0.00907150
v 0.01122780 0.04931831 -0.00936638
v 0.01090488 0.05122390 -0.00957612
v 0.01088719 0.05160960 -0.00955213
v 0.01087060 0.05192665 -0.00953123
v 0.01082010 0.05265228 -0.00947319
v 0.01039360 0.05287781 -0.01000645
v 0.01075006 0.05074669 -0.00984314
v 0.01072647 0.05122390 -0.00981451
v 0.01073384 0.05174034 -0.00973479
v 0.01041387 0.05256076 -0.01002812
v 0.01040023 0.04911239 -0.01048940
v 0.01048834 0.05122390 -0.01011480
v 0.01046290 0.05170112 -0.01008385
v 0.01043636 0.05217507 -0.01005289
v 0.01528369 0.01863605 -0.00051969
v 0.01522537 0.01837255 -0.00024148
v 0.01513965 0.01813425 -0.00024148
v 0.01522618 0.01839401 -0.00071841
v 0.01521099 0.01837854 0.00023468
v 0.01514100 0.01814023 0.00023468
v 0.01521723 0.01845215 -0.00262306
v 0.01520095 0.01849257 -0.00309998
v 0.01519173 0.01844042 0.00071160
v 0.01497933 0.01787149 0.00023468
v 0.01497201 0.01787149 -0.00024148
v 0.01473384 0.01757879 -0.00262306
v 0.01490094 0.01787149 -0.00262306
v 0.01509001 0.01821410 -0.00262306
v 0.01511686 0.01820212 0.00071160
v 0.01486757 0.01787149 0.00214085
v 0.01472462 0.01757704 0.00214085
v 0.01474117 0.01755783 0.00166393
v 0.01475256 0.01754859 0.00118776
v 0.01508160 0.01825427 -0.00309998
v 0.01517681 0.01855071 -0.00339959
v 0.01476314 0.01794435 -0.00405307
v 0.01519444 0.01863605 0.00094624
v 0.01517491 0.01851952 0.00109146
v 0.01476124 0.01754311 0.00023468
v 0.01476124 0.01754136 0.00071160
v 0.01451792 0.01734073 -0.00262306
v 0.01471648 0.01759800 -0.00309998
v 0.01487517 0.01787149 -0.00309998
v 0.01432397 0.01701884 0.00071160
v 0.01431990 0.01702633 0.00023468
v 0.01498557 0.01834809 0.00214085
v 0.01490175 0.01834809 0.00261701
v 0.01477643 0.01787149 0.00260173
v 0.01470427 0.01760524 0.00243205
v 0.01451548 0.01733899 0.00214085
v 0.01454450 0.01731977 0.00166393
v 0.01455861 0.01731054 0.00118776
v 0.01479216 0.01783755 -0.00357003
v 0.01460337 0.01780112 -0.00452923
v 0.01471404 0.01803942 -0.00452923
v 0.01468800 0.01810031 -0.00478374
v 0.01463863 0.01770605 -0.00405307
v 0.01517735 0.01863605 0.00110675
v 0.01456213 0.01730330 0.00071160
v 0.01427948 0.01708122 -0.00262306
v 0.01449649 0.01736020 -0.00309998
v 0.01469532 0.01762146 -0.00340647
v 0.01409584 0.01678054 0.00071160
v 0.01432044 0.01702682 0.00118776
v 0.01409014 0.01678802 0.00023468
v 0.01483746 0.01834809 0.00278669
v 0.01481359 0.01818690 0.00278669
v 0.01475066 0.01795558 0.00278669
v 0.01424178 0.01712614 0.00247180
v 0.01465409 0.01777018 0.00278669
v 0.01463754 0.01771279 0.00275000
v 0.01418834 0.01718627 0.00278669
v 0.01427704 0.01709145 0.00214085
v 0.01430606 0.01705527 0.00166393
v 0.01466386 0.01765589 -0.00372442
v 0.01405433 0.01681572 -0.00119381
v 0.01404104 0.01682520 -0.00167073
v 0.01402721 0.01683443 -0.00214689
v 0.01400415 0.01684317 -0.00262306
v 0.01425832 0.01710593 -0.00309998
v 0.01407983 0.01679701 -0.00024148
v 0.01406736 0.01680624 -0.00071841
v 0.01422903 0.01713662 -0.00346685
v 0.01420136 0.01716457 -0.00378403
v 0.01436520 0.01747448 -0.00452923
v 0.01432288 0.01751865 -0.00500539
v 0.01408282 0.01678877 0.00118776
v 0.01385794 0.01659663 0.00071160
v 0.01385225 0.01659613 0.00023468
v 0.01384194 0.01660262 -0.00024148
v 0.01375161 0.01666475 0.00243893
v 0.01417884 0.01717704 0.00278669
v 0.01371146 0.01673912 0.00278669
v 0.01369437 0.01671266 0.00275612
v 0.01401609 0.01685340 0.00214085
v 0.01405054 0.01681722 0.00166393
v 0.01417016 0.01719077 -0.00405307
v 0.01411211 0.01723643 -0.00452923
v 0.01405189 0.01728060 -0.00500539
v 0.01404864 0.01728110 -0.00502144
v 0.01381644 0.01662009 -0.00119381
v 0.01380288 0.01662982 -0.00167073
v 0.01378931 0.01663980 -0.00214689
v 0.01376626 0.01665677 -0.00262306
v 0.01374401 0.01667274 -0.00292648
v 0.01392956 0.01684317 -0.00309157
v 0.01382946 0.01661086 -0.00071841
v 0.01361950 0.01676706 -0.00405307
v 0.01393173 0.01700536 -0.00405307
v 0.01387395 0.01704779 -0.00452923
v 0.01371445 0.01670193 -0.00324443
v 0.01377819 0.01664479 0.00214085
v 0.01381264 0.01662233 0.00166393
v 0.01384492 0.01660586 0.00118776
v 0.01299913 0.01609607 0.00023468
v 0.01323730 0.01623107 0.00023468
v 0.01300266 0.01608684 -0.00024148
v 0.01324083 0.01622733 -0.00024148
v 0.01349364 0.01647960 0.00214085
v 0.01366752 0.01670119 0.00278669
v 0.01351887 0.01655446 0.00260555
v 0.01368868 0.01671815 0.00278669
v 0.01381210 0.01709544 -0.00502144
v 0.01349364 0.01643593 -0.00167073
v 0.01349364 0.01645739 -0.00214689
v 0.01349364 0.01649033 -0.00262306
v 0.01353080 0.01655746 -0.00309157
v 0.01343912 0.01655845 -0.00357614
v 0.01338134 0.01659114 -0.00405307
v 0.01332193 0.01663132 -0.00452923
v 0.01356037 0.01680948 -0.00452923
v 0.01297797 0.01611603 0.00071160
v 0.01322563 0.01623606 -0.00071841
v 0.01264921 0.01608684 -0.00024148
v 0.01279270 0.01619713 -0.00392390
v 0.01297770 0.01632913 -0.00407065
v 0.01301704 0.01642720 -0.00452923
v 0.01327989 0.01666226 -0.00486705
v 0.01278592 0.05481609 0.00146282
v 0.01281268 0.05489454 0.00117712
v 0.01278231 0.05432907 0.00239570
v 0.01326678 0.05388454 0.00053463
v 0.01282181 0.05407085 0.00257946
v 0.01287831 0.05360672 0.00278669
v 0.01292164 0.05360672 0.00261701
v 0.01280673 0.05439771 0.00214085
v 0.01287427 0.05489454 0.00085386
v 0.01290443 0.05408393 0.00214085
v 0.01293034 0.05455787 0.00118785
v 0.01329120 0.05396626 0.00023485
v 0.01329375 0.05359364 0.00070096
v 0.01336957 0.05360672 0.00023485
v 0.01329120 0.05217507 0.00204159
v 0.01326614 0.05247251 0.00194837
v 0.01329311 0.05263921 0.00165194
v 0.01326635 0.05294972 0.00148562
v 0.01326656 0.05343021 0.00101013
v 0.01330671 0.05402509 -0.00024198
v 0.01340356 0.05360672 -0.00024198
v 0.01337828 0.05265228 0.00118785
v 0.01337595 0.05312950 0.00071102
v 0.01345050 0.05312950 0.00023485
v 0.01348660 0.05312950 -0.00024198
v 0.01344200 0.05170112 0.00166401
v 0.01337531 0.05217507 0.00166401
v 0.01330862 0.05166189 0.00217706
v 0.01278209 0.05480629 -0.00382864
v 0.01283009 0.05455461 -0.00401374
v 0.01295116 0.05408393 -0.00405264
v 0.01329885 0.05400875 -0.00071748
v 0.01339485 0.05360672 -0.00071748
v 0.01348703 0.05312950 -0.00071748
v 0.01348129 0.05312950 -0.00119364
v 0.01346005 0.05217507 0.00118785
v 0.01345644 0.05265228 0.00071102
v 0.01351018 0.05265228 0.00023485
v 0.01353354 0.05265228 -0.00024198
v 0.01347089 0.05122390 0.00166401
v 0.01351124 0.05170112 0.00118785
v 0.01325573 0.05147886 0.00238094
v 0.01334154 0.05122390 0.00214085
v 0.01281247 0.05489454 -0.00339137
v 0.01289849 0.05455787 -0.00357647
v 0.01328207 0.05346289 -0.00299099
v 0.01331648 0.05315565 -0.00312982
v 0.01327655 0.05301510 -0.00344100
v 0.01327081 0.05250520 -0.00389034
v 0.01337977 0.05360672 -0.00119364
v 0.01336363 0.05360672 -0.00167048
v 0.01327846 0.05393030 -0.00167048
v 0.01347237 0.05312950 -0.00167048
v 0.01353375 0.05265228 -0.00071748
v 0.01352802 0.05265228 -0.00119364
v 0.01352186 0.05265228 -0.00167048
v 0.01351230 0.05217507 0.00071102
v 0.01285027 0.05489454 -0.00309964
v 0.01295711 0.05455787 -0.00309964
v 0.01329970 0.05361652 -0.00257653
v 0.01328525 0.05214238 -0.00406471
v 0.01340823 0.05312950 -0.00262348
v 0.01339464 0.05265228 -0.00309964
v 0.01345326 0.05312950 -0.00214664
v 0.01334069 0.05360672 -0.00214664
v 0.01326423 0.05387801 -0.00214664
v 0.01325531 0.05384532 -0.00238674
v 0.01350890 0.05265228 -0.00214664
v 0.01336448 0.05217507 -0.00357647
v 0.01340186 0.05170112 -0.00357647
v 0.01346876 0.05265228 -0.00262348
v 0.01344179 0.05217507 -0.00309964
v 0.01349956 0.05217507 -0.00262348
v 0.01347789 0.05170112 -0.00309964
v -0.00534352 0.05152909 0.01191557
v -0.00511999 0.05169087 0.01197894
v -0.00552728 0.05169087 0.01181582
v -0.00570624 0.05169417 0.01173670
v 0.00062794 0.04407747 0.01361273
v -0.00365952 0.05122204 0.01248216
v -0.00398042 0.05122204 0.01240867
v -0.00392351 0.05151258 0.01239254
v -0.00498080 0.05217619 0.01195194
v -0.00538192 0.05519712 0.01098299
v 0.00110448 0.05519712 0.01204681
v 0.00129852 0.05503535 0.01209181
v 0.00129852 0.05027119 0.01301014
v 0.00110448 0.05027119 0.01302401
v 0.00062794 0.05122204 0.01295239
v 0.00015140 0.05122204 0.01296476
v -0.00032445 0.05122204 0.01295501
v -0.00318299 0.05170077 0.01253728
v -0.00366844 0.05168426 0.01243004
v -0.00342228 0.05241721 0.01238542
v -0.00461260 0.05217619 0.01207081
v -0.00489304 0.05247003 0.01192419
v -0.00544088 0.05503535 0.01101111
v -0.00508914 0.05503535 0.01114460
v 0.00051138 0.05433211 0.01238954
v 0.00110448 0.05503535 0.01210906
v 0.00082884 0.05431560 0.01237754
v 0.00110448 0.05403827 0.01244016
v 0.00129852 0.05074662 0.01296401
v 0.00110448 0.05074662 0.01297901
v -0.00111571 0.05153899 0.01286914
v 0.00062794 0.05170077 0.01290589
v 0.00015140 0.05170077 0.01291902
v -0.00032445 0.05170077 0.01290927
v -0.00076602 0.05170077 0.01287964
v -0.00270645 0.05217619 0.01258378
v -0.00318299 0.05217619 0.01247541
v -0.00317407 0.05260539 0.01241729
v -0.00300951 0.05296526 0.01240042
v -0.00413606 0.05265162 0.01212593
v -0.00461740 0.05263841 0.01197856
v -0.00416623 0.05315346 0.01201531
v -0.00401950 0.05360577 0.01195794
v -0.00392968 0.05388310 0.01192194
v -0.00486767 0.05434862 0.01143934
v -0.00559721 0.05458303 0.01107523
v -0.00396807 0.05519712 0.01145021
v -0.00442678 0.05484055 0.01144834
v -0.00459614 0.05452690 0.01148809
v 0.00015140 0.05433541 0.01239142
v -0.00032445 0.05408119 0.01248441
v 0.00015140 0.05408119 0.01247729
v 0.00065331 0.05412741 0.01244841
v 0.00062794 0.05360577 0.01259841
v 0.00110448 0.05360577 0.01255753
v 0.00110448 0.05122204 0.01292989
v 0.00090975 0.05196819 0.01286502
v 0.00062794 0.05204083 0.01287177
v -0.00127752 0.05313034 0.01263740
v -0.00222991 0.05265162 0.01259878
v -0.00222991 0.05217619 0.01265465
v 0.00015140 0.05208705 0.01287777
v -0.00032445 0.05201441 0.01287102
v -0.00058432 0.05194838 0.01286277
v -0.00270645 0.05265162 0.01251479
v -0.00269342 0.05312704 0.01242667
v -0.00252543 0.05340437 0.01239479
v -0.00318299 0.05408119 0.01206631
v -0.00365952 0.05360577 0.01207906
v -0.00362250 0.05405808 0.01195606
v -0.00318299 0.05444437 0.01195081
v -0.00292998 0.05478773 0.01189457
v -0.00261251 0.05489337 0.01194444
v -0.00343874 0.05433541 0.01191407
v -0.00032445 0.05433541 0.01239067
v -0.00061723 0.05432881 0.01238879
v -0.00078590 0.05412081 0.01245666
v -0.00080099 0.05360577 0.01260591
v -0.00032445 0.05360577 0.01261828
v 0.00015140 0.05360577 0.01261453
v 0.00110448 0.05313034 0.01264790
v 0.00108322 0.05169747 0.01288114
v -0.00127752 0.05360577 0.01255453
v -0.00175406 0.05313034 0.01258228
v -0.00222991 0.05313034 0.01250616
v -0.00164710 0.05392602 0.01240829
v -0.00274553 0.05459954 0.01200894
v -0.00222991 0.05498582 0.01198006
v -0.00107251 0.05519712 0.01202056
v -0.00127752 0.05519712 0.01200406
v -0.00127752 0.05503535 0.01206593
v -0.00179040 0.05508156 0.01199806
v -0.00127752 0.05400856 0.01244054
v -0.00190285 0.05519712 0.01193919
v -0.00203998 0.05519712 0.01192194
v -0.00157784 0.05519712 0.01197481
v -0.00172321 0.05519712 0.01196019
f 4891 4375 4400
f 4063 4053 4062
f 768 2122 3225
f 3231 2122 3991
f 3991 2122 3993
f 4335 4333 4522
f 4891 4400 1078
f 4223 2589 2588
f 4235 4236 4227
f 4375 391 4056
f 4110 4970 4112
f 4186 4160 4185
f 4235 4053 4244
f 238 216 213
f 238 239 216
f 390 4375 4891
f 390 391 4375
f 3640 4634 4639
f 4639 4768 3640
f 3640 4768 4764
f 830 3216 3217
f 3189 3216 830
f 825 830 826
f 800 825 822
f 3230 3226 768
f 768 3225 3230
f 3230 3225 3226
f 3238 2122 3231
f 3231 3225 3238
f 3238 3225 2122
f 3993 4019 4006
f 4006 4019 4018
f 3993 2122 4007
f 4007 4019 3993
f 2122 4019 4007
f 3085 3122 3123
f 3085 3062 3060
f 3121 3122 3085
f 3120 3121 3085
f 2628 2601 2597
f 2561 2596 2597
f 2597 2596 2627
f 2597 2631 2628
f 2625 2596 2624
f 2635 2627 2625
f 2627 2596 2625
f 2553 2591 2584
f 2602 2601 2628
f 3646 4634 3640
f 822 825 2111
f 4952 4936 3619
f 4785 4778 4774
f 3626 3630 4724
f 1055 1058 3628
f 1053 1058 1055
f 3630 3626 3629
f 3629 3626 3628
f 3628 3631 3629
f 3616 4949 3618
f 3016 3032 3033
f 3047 4400 3025
f 3047 3920 4400
f 3925 4405 4400
f 4400 3920 3925
f 4062 4053 4061
f 4061 4058 4062
f 4223 4225 4226
f 4226 4227 4223
f 4223 4227 4228
f 4120 4093 4092
f 4233 4243 4234
f 4072 4073 4057
f 4057 4073 4058
f 4375 4056 3026
f 392 4056 391
f 4110 4112 4111
f 4053 4063 4054
f 4054 4244 4053
f 4245 4236 4235
f 4235 4244 4245
f 2857 2822 2821
f 382 350 381
f 4931 4936 4952
f 1217 1195 1216
f 310 327 306
f 291 310 306
f 291 285 290
f 289 285 284
f 290 285 289
f 331 310 330
f 4882 4874 4892
f 4874 4873 4872
f 3162 3163 3120
f 3120 3161 3162
f 3161 3165 3162
f 3188 3217 3216
f 3216 3189 3188
f 799 800 768
f 830 800 799
f 768 3189 799
f 799 3189 830
f 802 800 822
f 830 825 831
f 831 800 830
f 825 800 831
f 3165 3192 3166
f 3191 3165 3161
f 3191 3192 3165
f 3213 3189 768
f 768 3209 3229
f 3229 3239 768
f 2125 2132 2133
f 4039 4028 2129
f 2129 2133 4039
f 4010 4019 4021
f 2590 2591 2553
f 3033 3060 3061
f 3061 3062 3033
f 3060 3062 3061
f 3033 3032 3058
f 3086 3085 3123
f 3062 3085 3086
f 3119 3161 3120
f 3120 3085 3119
f 3084 3085 3060
f 2629 2627 2635
f 2629 2597 2627
f 2593 2555 2595
f 2593 2625 2624
f 2595 2625 2593
f 2624 2596 2593
f 2593 2596 2561
f 2635 2625 2626
f 2626 2625 2595
f 2592 2555 2553
f 2553 2584 2592
f 2635 2626 2616
f 2616 2626 2595
f 2628 2631 2632
f 2632 2602 2628
f 3008 2604 2605
f 2606 3016 2605
f 3007 2604 3008
f 2614 2629 2635
f 2615 2614 2635
f 4586 4560 4585
f 4560 4584 4585
f 4383 4522 4333
f 4587 4560 4586
f 791 825 826
f 791 2111 825
f 2131 2133 2132
f 2005 2121 2034
f 1414 1416 1393
f 3618 3619 3620
f 4783 4774 4782
f 4892 4874 1076
f 1095 1093 1077
f 1085 1093 1095
f 1094 1093 1085
f 4892 1076 1094
f 1094 1076 1093
f 4697 3626 4714
f 3635 1058 1074
f 3632 1058 3635
f 3632 3629 1058
f 1058 3629 1060
f 1060 3629 3631
f 3628 1058 1060
f 1060 3631 3628
f 4950 3616 4951
f 4949 3616 4950
f 4952 3619 4934
f 4934 3619 3618
f 3618 4949 4934
f 4368 4365 4386
f 4386 4365 4390
f 4386 4405 3937
f 3937 3939 4386
f 4390 4400 4386
f 4400 4405 4386
f 4359 4354 4353
f 3015 3016 2606
f 3032 3016 3015
f 3033 3062 3034
f 3034 3016 3033
f 3004 3007 3008
f 2603 3007 3004
f 3046 3047 3025
f 3920 3047 3046
f 3101 3920 3100
f 3920 3074 3100
f 4405 3925 3934
f 3917 3920 3101
f 3917 3919 3920
f 4724 3630 4738
f 4738 4725 4724
f 3630 4725 4738
f 4095 4086 4096
f 4096 4097 4074
f 4074 4095 4096
f 4097 4098 4074
f 4062 4058 4074
f 4074 4063 4062
f 4096 4086 4094
f 4052 4061 4053
f 2623 2589 4223
f 4237 4227 4236
f 4236 4228 4237
f 4237 4228 4227
f 2553 2555 2521
f 4050 4057 4058
f 4056 4057 4050
f 4050 2521 4056
f 4085 4111 4087
f 4087 4111 4112
f 4069 4057 4056
f 4110 4083 4672
f 4672 4970 4110
f 4672 4971 4970
f 4975 4673 4662
f 4084 4111 4085
f 4084 4083 4110
f 4110 4111 4084
f 4084 4069 4083
f 4181 4185 4160
f 4244 4054 4055
f 4236 4245 4246
f 4246 4245 4244
f 2857 2821 2856
f 2780 2821 2822
f 2757 2797 2798
f 2857 2856 2850
f 2850 2856 2862
f 2850 2822 2857
f 377 419 420
f 306 327 328
f 353 350 328
f 381 350 380
f 380 350 353
f 284 285 244
f 297 285 296
f 294 285 293
f 355 382 381
f 381 380 355
f 355 380 353
f 355 349 373
f 374 414 412
f 4935 3622 4936
f 214 199 213
f 216 4645 215
f 4645 199 215
f 199 214 215
f 213 216 215
f 215 214 213
f 4647 4644 4646
f 4646 4644 4974
f 4974 4644 235
f 235 4645 216
f 235 4644 4645
f 243 235 216
f 11 10 23
f 23 13 11
f 1195 1196 1183
f 1216 1195 1215
f 1727 1728 1720
f 245 244 262
f 262 244 261
f 237 238 213
f 213 236 237
f 1195 1217 1218
f 1221 1196 1218
f 305 291 290
f 290 289 304
f 304 305 290
f 369 370 343
f 361 362 340
f 373 349 348
f 343 370 371
f 373 348 371
f 371 348 345
f 4883 4882 4892
f 4861 4882 4883
f 1063 4841 4854
f 4802 4783 4801
f 4802 4798 4783
f 454 425 440
f 396 433 434
f 4874 4872 394
f 361 393 394
f 435 396 434
f 460 4872 4889
f 4532 4511 4531
f 4533 4511 4532
f 3159 3188 3189
f 768 800 801
f 801 802 768
f 800 802 801
f 3234 3239 3227
f 3227 3213 3234
f 3235 3213 3227
f 3192 3191 3215
f 3169 3167 3134
f 3207 3229 3209
f 3207 3172 3171
f 3209 3172 3207
f 2128 4019 2122
f 2128 2129 4019
f 2133 2129 2128
f 2122 2125 2128
f 2125 2133 2128
f 4019 2129 4029
f 4029 2129 4028
f 4029 4021 4019
f 4010 4021 4022
f 4041 4028 4039
f 4041 4029 4028
f 4498 4497 4496
f 826 830 862
f 830 869 862
f 3059 3060 3033
f 3033 3058 3059
f 3118 3119 3085
f 3085 3084 3118
f 3178 3210 830
f 3115 3081 3080
f 3109 3081 3115
f 3109 3078 3081
f 2600 2597 2601
f 2600 2599 2597
f 2561 2597 2598
f 2598 2599 2561
f 2597 2599 2598
f 2631 2597 2630
f 2597 2629 2630
f 2594 2592 2584
f 2594 2616 2595
f 2595 2555 2594
f 2555 2592 2594
f 2543 2583 2584
f 2543 2517 2542
f 2543 2572 2583
f 2542 2527 2543
f 2527 2572 2543
f 2622 2632 2631
f 2621 2632 2622
f 2621 2603 2633
f 2633 2632 2621
f 2603 2602 2633
f 2602 2632 2633
f 2618 2605 2619
f 2619 3028 2618
f 2606 2605 3014
f 3014 3015 2606
f 3029 3015 3014
f 2605 2618 3014
f 3014 3028 3029
f 3014 2618 3028
f 2501 2530 2531
f 2575 3007 2603
f 2603 2576 2575
f 2604 3007 2575
f 2575 2605 2604
f 2619 2605 2575
f 2576 2531 2575
f 4349 4354 4359
f 4629 4338 4600
f 4635 4338 4629
f 4334 4338 4635
f 4634 3646 4334
f 4334 3646 3651
f 3651 4376 4334
f 1983 4552 4549
f 4549 1953 2121
f 4549 2121 2005
f 4586 4585 4616
f 4616 4585 4584
f 4616 4596 4586
f 4522 4383 4544
f 1361 1375 1359
f 4729 4511 4713
f 4511 4712 4713
f 1489 1474 1461
f 1475 1474 1489
f 789 2122 768
f 2123 2121 2127
f 2130 2123 2127
f 1931 4538 3990
f 2035 2034 2121
f 2056 1393 2081
f 2081 1393 1416
f 2081 1459 2056
f 1416 1459 2081
f 1371 1393 2056
f 1983 1954 1982
f 1347 1954 1361
f 1361 1359 1347
f 1954 1347 1932
f 1468 1434 2093
f 2093 1459 1468
f 1361 1376 1377
f 3618 3620 4772
f 4772 3616 3618
f 4809 4816 4797
f 4801 4816 4809
f 4783 4782 4796
f 4797 4816 4796
f 4801 4783 4796
f 4796 4816 4801
f 4781 4782 4774
f 4781 4774 4777
f 4797 4796 4781
f 4781 4796 4782
f 4854 4841 4867
f 4792 1050 1051
f 1051 1054 3628
f 1053 1054 1051
f 4813 1050 4792
f 1075 4874 1077
f 1075 1076 4874
f 1077 1093 1075
f 1093 1076 1075
f 3612 3626 4697
f 3612 4969 3615
f 3615 3613 3612
f 3614 3613 3615
f 3615 4792 3614
f 4792 3613 3614
f 4747 3634 4758
f 1053 1055 1059
f 1059 1054 1053
f 1059 1055 3628
f 3628 1054 1059
f 3630 3629 3633
f 3629 3632 3633
f 3633 3634 3630
f 4933 4934 4920
f 4952 4934 4933
f 4920 4919 4933
f 4933 4931 4952
f 4941 4926 4940
f 4967 4966 4969
f 3615 4969 4968
f 4969 4966 4968
f 4784 4800 4785
f 4783 4800 4784
f 4785 4774 4784
f 4784 4774 4783
f 4799 4800 4783
f 4819 4800 4799
f 4783 4798 4799
f 4791 4778 4785
f 4785 4800 4791
f 1085 1095 1105
f 4368 4386 4391
f 4390 4365 4389
f 4367 4365 4368
f 4368 4353 4367
f 3062 3086 3087
f 3087 3086 3123
f 3016 3034 3035
f 3009 3004 3008
f 3012 3011 3020
f 4056 2521 3013
f 3025 3026 3013
f 3013 3026 4056
f 3129 3121 3164
f 3164 3121 3120
f 3120 3163 3164
f 3165 3166 3128
f 3128 3127 3165
f 3069 3074 3920
f 3920 3046 3069
f 3069 3046 3074
f 3937 4405 3936
f 4405 3934 3936
f 3928 3925 3920
f 3920 3927 3928
f 3932 3927 3924
f 3938 3927 3932
f 3932 3948 3938
f 3101 3143 3921
f 3142 3143 3101
f 1908 2915 2893
f 1912 2915 1908
f 1964 1952 1981
f 1964 1989 1965
f 1981 1989 1964
f 2776 2742 2864
f 4731 4725 3630
f 4746 4743 4732
f 4732 4743 4733
f 4732 4747 4748
f 4748 4761 4757
f 4063 4074 4075
f 4075 4074 4098
f 4075 4076 4063
f 4127 4097 4096
f 4096 4094 4127
f 4239 4228 4238
f 4238 4228 4236
f 4051 4052 4234
f 4061 4052 4051
f 4058 4061 4051
f 4224 4050 4233
f 4224 4226 4225
f 4234 4226 4224
f 4224 4233 4234
f 4085 4087 4071
f 4071 4092 4093
f 4093 4094 4071
f 4071 4094 4086
f 4970 4971 4972
f 4083 4069 4677
f 4677 4672 4083
f 4677 4069 4056
f 4662 5005 4987
f 4987 4975 4662
f 4976 4672 4673
f 4673 4975 4976
f 4971 4672 4976
f 4648 4644 4647
f 4666 4654 4652
f 4652 4648 4647
f 4654 4648 4652
f 4655 4654 4666
f 4655 4648 4654
f 4647 4646 4651
f 4662 4673 4674
f 4057 4069 4070
f 4069 4084 4070
f 4070 4084 4085
f 1661 1689 1658
f 1658 1614 1657
f 1690 1689 1661
f 4230 2623 4223
f 4248 4261 4262
f 4108 4109 4079
f 1657 1614 1654
f 3313 4306 3277
f 3277 3312 3313
f 3277 3309 3310
f 4185 4181 4209
f 4209 4181 4180
f 4067 4054 4066
f 4067 4055 4054
f 4260 4246 4244
f 4260 4261 4248
f 2862 2856 2854
f 2854 2856 2821
f 2854 2850 2862
f 2821 2780 2779
f 2797 2757 2796
f 543 575 544
f 544 575 576
f 576 546 544
f 620 621 576
f 617 680 681
f 2887 2890 2906
f 2876 2890 2887
f 648 2905 594
f 716 2905 648
f 2923 2922 2901
f 74 46 73
f 429 430 73
f 73 430 74
f 421 377 420
f 421 430 429
f 353 328 332
f 349 355 332
f 332 355 353
f 332 328 327
f 327 310 332
f 310 331 332
f 389 421 429
f 429 73 389
f 379 351 350
f 379 389 359
f 324 328 350
f 350 351 324
f 306 328 324
f 324 325 306
f 324 351 325
f 74 430 450
f 450 421 420
f 430 421 450
f 298 285 297
f 298 244 285
f 284 221 203
f 1177 1183 1184
f 295 296 285
f 285 294 295
f 297 296 295
f 23 10 22
f 22 48 23
f 1222 1196 1221
f 1222 274 276
f 270 264 1184
f 261 264 270
f 270 262 261
f 382 355 383
f 350 382 383
f 383 374 350
f 414 374 383
f 413 374 412
f 412 414 413
f 2278 2279 2229
f 2229 2275 2278
f 3624 3619 4936
f 471 470 30
f 4936 4931 4921
f 4921 4935 4936
f 4918 4917 4931
f 4909 4918 4919
f 4909 4919 4920
f 4920 4916 4909
f 4930 4950 4951
f 4899 4909 4907
f 4907 4909 4916
f 2158 89 55
f 2178 2179 2158
f 213 199 212
f 199 211 212
f 207 193 206
f 185 340 184
f 4650 199 4645
f 4974 235 4983
f 216 239 240
f 252 240 239
f 7 13 1194
f 1194 13 26
f 1248 1250 1216
f 1188 1736 1724
f 1717 1720 1722
f 1722 1733 1730
f 1722 1720 1728
f 1734 1232 1724
f 1724 1723 1734
f 1734 1723 1260
f 239 238 251
f 238 237 251
f 250 237 236
f 245 262 250
f 250 236 245
f 250 251 237
f 1216 1255 1256
f 1255 1218 1256
f 1256 1217 1216
f 1256 1218 1217
f 1219 1196 1195
f 1195 1218 1219
f 1219 1218 1196
f 1287 1252 1293
f 1251 1252 1216
f 1264 1228 239
f 1262 1228 1264
f 1257 1218 1255
f 307 291 306
f 310 291 309
f 309 304 310
f 330 310 323
f 310 304 323
f 4056 392 360
f 340 185 360
f 189 190 184
f 184 190 191
f 283 289 284
f 284 203 283
f 283 203 218
f 342 340 362
f 184 317 188
f 188 317 187
f 188 189 184
f 372 345 343
f 343 371 372
f 372 371 345
f 385 371 370
f 370 411 385
f 4874 4882 4890
f 4882 4881 4890
f 4860 4882 4861
f 4860 4881 4882
f 4861 4836 4860
f 4819 4841 4842
f 1056 4811 4814
f 4814 1063 1056
f 4884 4883 4892
f 4861 4883 4884
f 4886 4885 4893
f 4893 4884 4892
f 4885 4884 4893
f 4892 1094 4893
f 1094 1123 4893
f 4840 4841 4819
f 4819 4837 4840
f 4798 4802 4817
f 4817 4799 4798
f 4836 4837 4817
f 4876 4848 460
f 460 4889 4876
f 4876 4871 4870
f 4876 4889 4872
f 4872 4871 4876
f 4826 4807 4806
f 428 427 423
f 432 4872 460
f 432 394 4872
f 361 394 395
f 395 396 361
f 433 396 395
f 395 432 433
f 394 432 395
f 397 398 361
f 361 396 397
f 396 435 397
f 434 463 441
f 441 465 440
f 401 362 361
f 361 400 401
f 401 400 362
f 361 398 399
f 399 400 361
f 4874 4890 4875
f 4875 4890 4881
f 4605 4632 4633
f 3186 3159 3185
f 3185 3159 3182
f 3119 3118 3117
f 3084 3116 3117
f 3117 3118 3084
f 3218 3213 768
f 3237 3235 3227
f 3190 3191 3161
f 3190 3215 3191
f 3170 3172 3202
f 3226 3225 3202
f 768 3226 3202
f 3202 3209 768
f 3199 3198 3170
f 3195 3196 3167
f 3167 3169 3195
f 3195 3169 3201
f 3239 3229 3228
f 3229 3207 3228
f 3227 3239 3228
f 3931 3944 3945
f 3940 3944 3942
f 3942 3944 3931
f 3931 3930 3942
f 3967 3944 3966
f 3231 3991 3966
f 3991 3967 3966
f 3970 3991 3993
f 3970 3967 3991
f 4538 4523 4512
f 4512 4523 4508
f 4497 4498 4501
f 2552 2588 2550
f 2550 2588 2589
f 3113 3116 3084
f 3157 3116 3113
f 3158 3157 3181
f 3158 3116 3157
f 3158 3117 3116
f 3158 3182 3159
f 3159 3117 3158
f 3211 3178 830
f 3182 3158 3179
f 3179 3158 3181
f 3178 3179 3154
f 3178 3154 3177
f 3115 1006 1004
f 3078 3054 3053
f 3081 3078 3053
f 3053 3080 3081
f 3053 3054 3027
f 3111 3078 3110
f 3078 3109 3110
f 3076 3084 3060
f 3060 3059 3077
f 3057 3058 3032
f 3082 3077 3057
f 2631 2630 2636
f 2636 2630 2629
f 2591 2590 2585
f 2585 2584 2591
f 2585 2543 2584
f 2585 2590 2553
f 2517 2543 2544
f 2620 2603 2621
f 2620 2576 2603
f 2574 2531 2530
f 2619 2575 2574
f 2574 2575 2531
f 2610 2622 2631
f 2631 2612 2610
f 2610 2612 2611
f 2501 2531 2532
f 2480 2479 2509
f 2614 2615 2567
f 2568 2567 2615
f 2583 2572 2571
f 2571 2572 2527
f 2571 2568 2616
f 4634 4334 4610
f 4610 4334 4635
f 4635 4611 4610
f 4610 4609 4634
f 4635 4629 4628
f 4583 4616 4584
f 4596 4616 4583
f 4583 4584 4560
f 2006 4624 1983
f 1983 1982 2006
f 2006 1982 4642
f 1983 4624 4593
f 2031 2034 2038
f 2031 4549 2034
f 2032 4549 2031
f 2031 2008 2032
f 2005 2034 2004
f 2004 4549 2005
f 2034 4549 2004
f 4346 4353 4354
f 4343 4340 4346
f 4354 4349 4346
f 4346 4349 4343
f 4327 4326 4496
f 4496 4497 4327
f 4497 4500 4327
f 4535 4526 4511
f 1396 4526 4535
f 4621 4588 4587
f 4587 4620 4621
f 1374 1359 1375
f 4601 4621 1374
f 4636 1359 1374
f 1374 4621 4636
f 1473 4712 1461
f 1461 1474 1473
f 1473 1474 4712
f 1475 4712 4726
f 4726 1474 1475
f 4712 1474 4726
f 1461 4712 1467
f 1467 1424 1461
f 4696 4712 4511
f 1424 1467 4696
f 4712 4718 4727
f 4727 4718 4737
f 1404 1379 1403
f 1403 1379 1399
f 1403 1399 1421
f 1421 1433 1403
f 1403 1433 1434
f 1488 1489 1461
f 1475 1489 1488
f 1463 1422 1431
f 2124 2131 2132
f 2124 2132 2125
f 2124 2130 2131
f 2123 2130 2124
f 2133 2131 2138
f 2121 1953 2126
f 2127 2121 2126
f 2126 2130 2127
f 4548 4523 4538
f 4549 4523 4548
f 1953 4549 4537
f 4537 1931 1953
f 4549 4548 4537
f 4538 1931 4537
f 4537 4548 4538
f 1983 4549 2007
f 2007 2008 1983
f 2033 4549 2032
f 2032 2008 2033
f 2033 2007 4549
f 2008 2007 2033
f 2038 2034 2057
f 2034 2035 2057
f 2082 2083 2056
f 2056 1459 2082
f 2082 2093 2083
f 1459 2093 2082
f 1458 1434 1468
f 1468 1459 1458
f 1458 1459 1416
f 1357 1344 1356
f 1356 1344 1353
f 1373 1371 2030
f 2056 2030 2055
f 2055 1371 2056
f 2030 1371 2055
f 1361 1954 1360
f 1348 1359 4636
f 1348 1347 1359
f 4637 2006 4642
f 4624 2006 4637
f 4637 1932 4636
f 4636 1932 4641
f 4641 1932 1347
f 4641 1348 4636
f 1347 1348 4641
f 1434 1433 2094
f 2094 2093 1434
f 2094 1433 1421
f 2083 2093 2094
f 4777 4774 4773
f 3616 4772 4773
f 4773 4772 3620
f 1083 1082 1064
f 1056 1063 1064
f 1064 4857 1083
f 1063 4857 1064
f 4866 4867 4841
f 1085 1086 1066
f 1066 1084 1085
f 1085 1110 1111
f 1111 1086 1085
f 1110 1086 1111
f 3627 3613 4792
f 4792 1051 3627
f 3628 3613 3627
f 3627 1051 3628
f 1052 4813 1056
f 1050 4813 1052
f 1053 1051 1052
f 1052 1051 1050
f 4812 4811 1056
f 1056 4813 4812
f 4792 4811 4812
f 4812 4813 4792
f 1104 1094 1085
f 1085 1084 1104
f 1104 1084 1082
f 4723 3626 4724
f 4723 4714 3626
f 4697 4714 4709
f 4709 4695 4697
f 4685 4944 4697
f 4926 4944 4685
f 4965 3612 4697
f 4969 3612 4965
f 4697 4967 4965
f 4965 4967 4969
f 3634 3633 3638
f 3638 3633 3632
f 4759 4747 4758
f 4758 3634 4759
f 4759 3634 3640
f 3640 4764 4759
f 3636 3632 3635
f 4931 4933 4932
f 4932 4933 4919
f 4932 4918 4931
f 4919 4918 4932
f 4942 4926 4941
f 4697 4944 4956
f 4941 4940 4955
f 4925 4926 4678
f 4925 4940 4926
f 4963 3616 3615
f 3615 4968 4963
f 4951 3616 4963
f 4963 4968 4966
f 4818 4837 4819
f 4819 4799 4818
f 4818 4817 4837
f 4799 4817 4818
f 4793 4811 4792
f 4793 4814 4811
f 4368 4391 4392
f 4392 4391 4431
f 3952 3939 3937
f 4399 1077 4390
f 4390 4430 4399
f 4390 4427 4428
f 4428 4462 4463
f 4421 4386 4404
f 4421 4391 4386
f 4404 4386 4374
f 4386 3961 4374
f 3960 4386 3939
f 3960 3961 4386
f 4388 4389 4365
f 4366 4353 4365
f 4365 4367 4366
f 4366 4367 4353
f 4444 4407 1081
f 3932 3931 3943
f 3943 3948 3932
f 4020 4011 4010
f 4020 4030 4496
f 4010 4022 4020
f 4022 4030 4020
f 3063 3034 3062
f 3062 3087 3063
f 3090 3087 3123
f 2603 3004 3003
f 3003 2564 2603
f 3003 3004 3005
f 3005 2564 3003
f 2524 2564 3005
f 3010 3011 3005
f 3005 3004 3010
f 3004 3009 3010
f 2561 2523 2559
f 2559 2558 2555
f 2559 2593 2561
f 2555 2593 2559
f 3137 3166 3171
f 3171 3138 3137
f 3171 3172 3139
f 3139 3138 3171
f 3139 3172 3170
f 3933 3934 3925
f 3920 3919 3922
f 3919 3924 3922
f 3926 3927 3920
f 3926 3924 3927
f 3920 3922 3926
f 3926 3922 3924
f 3918 3917 3101
f 3101 3921 3918
f 3919 3917 3918
f 3918 3921 3919
f 3923 3931 3932
f 3923 3930 3931
f 3932 3924 3923
f 3923 3924 3919
f 3919 3921 3923
f 3921 3930 3923
f 3929 3921 3143
f 3929 3930 3921
f 3929 3143 3940
f 3173 3962 3940
f 3940 3143 3145
f 3149 3173 3145
f 3134 3167 3147
f 1912 1915 1916
f 1916 2915 1912
f 1915 1925 1916
f 2943 2915 1916
f 1916 1925 2943
f 1911 1910 1913
f 1912 1908 1911
f 1911 1908 1910
f 1924 1925 1915
f 2943 1925 1924
f 2984 2944 2941
f 2941 2944 2943
f 2781 2790 2778
f 2828 2790 2781
f 1928 1952 1940
f 1913 2785 1918
f 1918 2785 1933
f 1918 1920 1913
f 1933 1934 1918
f 1934 1920 1918
f 1909 1908 1907
f 1907 2785 1909
f 1910 1908 1909
f 1913 1910 1909
f 1909 2785 1913
f 1933 2785 2783
f 2916 2944 2945
f 2893 2915 2916
f 2916 2915 2943
f 2943 2944 2916
f 1938 1939 1921
f 1913 1920 1921
f 1921 1940 1938
f 1941 1939 1938
f 1960 1964 1965
f 2054 2030 2056
f 1977 1991 1989
f 1950 1976 1977
f 1965 1989 1990
f 1990 1991 1965
f 1989 1991 1990
f 2121 2123 2117
f 2897 2919 2898
f 2897 2918 2919
f 2899 2922 2923
f 2899 2921 2922
f 2899 2920 2921
f 2898 2919 2899
f 2919 2920 2899
f 2872 2878 2879
f 2879 2878 2893
f 1906 1908 2893
f 2893 2878 1906
f 2713 2714 1906
f 1907 1908 1906
f 1906 2714 1907
f 2712 2711 2742
f 2712 2714 2713
f 2875 2881 2873
f 2872 2881 2875
f 2873 2866 2868
f 2868 2875 2873
f 2868 2864 2742
f 2742 2711 2868
f 4734 4737 4735
f 4752 4743 4746
f 4752 4734 4743
f 4746 4732 4745
f 4748 4757 4745
f 3634 4747 4744
f 4747 4732 4744
f 3630 3634 4744
f 4744 4731 3630
f 4744 4732 4731
f 4555 4532 4531
f 4531 4554 4555
f 4560 4532 4559
f 4740 4511 4729
f 4735 4737 4736
f 4737 4718 4736
f 4678 4684 2154
f 2154 2153 4678
f 1475 1493 1494
f 1494 1476 1475
f 4066 4054 4065
f 4077 4075 4098
f 4076 4075 4077
f 4077 4098 4097
f 4077 4065 4076
f 1628 1597 1633
f 1633 1629 1628
f 1597 1629 1633
f 1660 3401 1661
f 1634 1597 1628
f 1815 1817 1816
f 4206 4183 4186
f 1661 1658 1688
f 1687 1658 1686
f 1687 1688 1658
f 1661 1688 1687
f 4234 4243 4231
f 4231 4051 4234
f 4050 4051 4231
f 4058 4051 4060
f 4060 4051 4050
f 2521 4050 2520
f 4050 4224 2520
f 2520 2552 2553
f 2553 2521 2520
f 4089 4071 4088
f 4088 4071 4087
f 4092 4071 4091
f 4120 4092 4091
f 4091 4119 4120
f 4978 4972 4971
f 4973 4112 4970
f 4970 4972 4973
f 4975 4987 4977
f 4977 4976 4975
f 4971 4976 4977
f 4977 4978 4971
f 4653 4652 4647
f 4647 4651 4653
f 4653 4651 4664
f 186 4669 4656
f 4656 4655 186
f 199 4650 4656
f 4648 4655 4656
f 5000 4651 5004
f 4663 4651 4662
f 4662 4674 4663
f 4664 4651 4663
f 5062 5052 5047
f 5000 5004 5028
f 5028 5004 5033
f 5028 5033 5047
f 5047 5052 5028
f 5052 5053 5028
f 5029 5034 5005
f 5000 5028 5029
f 5029 5028 5053
f 1653 1658 1657
f 1657 1654 1653
f 1659 1658 1689
f 1614 1658 1659
f 1689 1684 1659
f 1658 1653 1652
f 1686 1658 1685
f 1661 3401 3399
f 3399 1690 1661
f 3350 3349 3404
f 4239 4238 4251
f 4251 4238 4250
f 2623 4230 4240
f 4239 4251 4240
f 2589 2623 4240
f 4223 4228 4229
f 4229 4230 4223
f 4229 4228 4239
f 4239 4240 4229
f 4229 4240 4230
f 4182 4160 4186
f 4157 4156 4182
f 4186 4183 4182
f 4182 4183 4157
f 4160 4182 4161
f 4161 4182 4156
f 4133 4132 4155
f 4160 4159 4155
f 4155 4154 4160
f 4132 4154 4155
f 4157 4183 4184
f 4066 4079 4080
f 4080 4079 4109
f 4106 4132 4133
f 1689 1690 1703
f 1703 1684 1689
f 3308 3349 3350
f 3309 3277 3308
f 3308 3307 3349
f 3277 3307 3308
f 4068 4067 4066
f 4055 4067 4068
f 4066 4080 4273
f 4261 4082 4273
f 4273 4274 4261
f 4247 4260 4248
f 4246 4260 4247
f 4248 4236 4247
f 4236 4246 4247
f 567 564 563
f 2855 2820 531
f 2821 2820 2855
f 2855 2854 2821
f 2806 2841 2797
f 2806 2845 2841
f 2727 2694 2726
f 2726 2763 2727
f 2694 2692 2726
f 2227 2275 2229
f 2229 2184 2227
f 2744 2779 2780
f 2780 2781 2744
f 2744 2781 2778
f 2744 2712 2742
f 2832 2828 2826
f 2826 2790 2832
f 2832 2790 2828
f 570 615 571
f 570 571 536
f 536 571 568
f 2849 2850 2813
f 2727 2763 2764
f 1851 1848 1826
f 545 544 546
f 3874 3846 3883
f 3883 3875 3874
f 3891 3875 3883
f 3880 3907 3877
f 3900 3915 3901
f 4175 4143 4174
f 4176 4143 4175
f 1831 1830 1856
f 3877 3907 3892
f 483 1827 1807
f 1885 1854 1853
f 1827 1852 1853
f 1853 1884 1885
f 1853 1852 1884
f 489 1852 487
f 487 1852 1827
f 487 497 498
f 695 696 626
f 626 694 695
f 695 694 736
f 740 696 739
f 577 546 576
f 576 578 577
f 577 578 546
f 582 632 633
f 633 585 582
f 576 575 619
f 619 620 576
f 621 620 682
f 621 681 683
f 686 687 621
f 722 686 658
f 687 686 722
f 704 635 703
f 631 585 633
f 630 635 631
f 633 632 631
f 636 635 704
f 585 635 636
f 702 635 630
f 706 703 702
f 702 703 635
f 749 523 747
f 600 643 590
f 522 523 749
f 2927 2905 2924
f 2924 2905 716
f 2924 2922 2927
f 2924 2901 2922
f 2908 2906 2890
f 2928 2906 2908
f 2908 2905 2927
f 2890 2905 2908
f 775 758 754
f 824 791 826
f 826 859 824
f 715 672 716
f 716 648 715
f 715 648 672
f 556 522 555
f 556 555 590
f 2873 2881 2882
f 131 132 92
f 51 446 30
f 354 331 349
f 349 332 354
f 354 332 331
f 350 377 378
f 378 379 350
f 389 379 378
f 377 421 378
f 421 389 378
f 388 379 359
f 334 351 358
f 351 379 358
f 379 388 358
f 358 388 359
f 1275 1245 82
f 108 75 78
f 74 450 104
f 78 74 104
f 448 141 104
f 244 298 248
f 281 221 284
f 221 281 223
f 284 244 223
f 223 281 284
f 314 22 10
f 13 7 6
f 294 1177 315
f 315 295 294
f 315 1177 297
f 297 295 315
f 359 336 335
f 335 358 359
f 334 358 335
f 72 336 359
f 72 73 46
f 359 389 72
f 72 389 73
f 46 22 45
f 45 72 46
f 336 72 45
f 22 314 45
f 45 314 336
f 273 280 276
f 276 274 273
f 278 280 273
f 273 270 278
f 1184 1183 1197
f 1197 1183 1196
f 386 428 423
f 414 383 386
f 355 385 386
f 427 428 386
f 370 369 410
f 410 411 370
f 440 411 410
f 440 425 422
f 422 411 440
f 422 385 411
f 425 386 422
f 422 386 385
f 3874 3875 3834
f 3834 3846 3874
f 1233 1232 1271
f 1271 1311 1312
f 3814 3811 3779
f 3657 3658 3654
f 3668 3658 3672
f 3858 3814 3822
f 3670 3660 3659
f 3654 3658 3659
f 3659 3660 3654
f 178 179 158
f 2365 2309 2308
f 2308 2361 2365
f 2309 2261 2308
f 2365 2361 2418
f 2155 2168 2149
f 2149 1493 1501
f 2149 2168 1493
f 2232 2246 2234
f 2280 2246 2232
f 1950 1337 1949
f 1337 1341 1949
f 1926 1337 1950
f 2719 2687 2717
f 2717 2687 2686
f 2799 2757 2798
f 4936 3622 3623
f 3623 3624 4936
f 4786 4787 4777
f 17 32 14
f 4902 4911 4912
f 4912 4913 4902
f 4914 4902 4913
f 4912 4917 4914
f 4914 4913 4912
f 58 34 55
f 58 56 34
f 92 93 57
f 57 87 92
f 56 87 57
f 34 56 57
f 469 470 444
f 470 471 444
f 416 415 444
f 3622 4935 3621
f 3621 4804 3622
f 4935 4804 3621
f 452 4804 470
f 4922 4921 4931
f 4931 4917 4922
f 4912 4911 4922
f 4922 4917 4912
f 8 17 14
f 16 17 8
f 4938 4804 4935
f 4908 4909 4899
f 4918 4909 4908
f 4899 4902 4908
f 4902 4914 4908
f 4917 4918 4908
f 4908 4914 4917
f 4947 2302 4927
f 4960 2302 4947
f 2363 2302 2300
f 4949 4950 4929
f 4950 4930 4929
f 4920 4934 4929
f 4929 4934 4949
f 4929 4916 4920
f 4929 4930 4916
f 4948 4930 4951
f 4951 4963 4948
f 55 89 90
f 20 9 19
f 2215 2178 2214
f 2260 2261 2214
f 2305 2261 2260
f 2260 2273 2305
f 2216 2178 2215
f 2178 2158 2157
f 4899 4907 4906
f 228 212 230
f 207 206 227
f 227 206 230
f 227 231 207
f 230 212 227
f 212 231 227
f 225 228 226
f 226 228 206
f 205 206 193
f 205 226 206
f 225 226 205
f 208 193 207
f 4661 4655 4666
f 4670 198 199
f 210 211 199
f 199 198 210
f 235 243 249
f 4985 4646 4974
f 242 243 216
f 241 252 243
f 240 252 241
f 243 242 241
f 216 240 241
f 241 242 216
f 243 252 258
f 1226 1228 1262
f 257 252 239
f 257 1200 252
f 1239 1245 1275
f 1275 82 1239
f 1239 82 1208
f 1195 1194 1211
f 1194 28 1211
f 1250 1248 1238
f 1747 1741 1746
f 1746 1741 1730
f 1730 1733 1746
f 1739 1728 1727
f 1747 1748 1764
f 1732 1722 1728
f 1733 1722 1732
f 1732 1748 1747
f 1747 1746 1732
f 1732 1746 1733
f 1736 1188 1749
f 1203 3777 3731
f 3731 1188 1203
f 1724 1232 1735
f 1735 1188 1724
f 1718 1723 1724
f 1725 1718 1724
f 1719 1718 1725
f 1727 1720 1726
f 1720 1719 1726
f 1719 1725 1726
f 1724 1736 1726
f 1726 1725 1724
f 1717 1722 1721
f 1268 1734 1260
f 1232 1734 1268
f 1260 1269 1268
f 1268 1269 1232
f 1260 1723 4980
f 1723 1718 4980
f 1747 1764 1765
f 1765 1764 1781
f 1795 1814 1815
f 1814 1795 1798
f 268 251 267
f 251 250 267
f 1254 1255 1216
f 1252 1287 1254
f 1254 1294 1255
f 1287 1294 1254
f 1288 1252 1283
f 1283 1325 1288
f 1283 1252 1286
f 1252 1251 1286
f 1292 1264 1293
f 1293 1252 1292
f 239 254 255
f 239 251 253
f 253 254 239
f 253 251 268
f 1295 255 254
f 1295 1257 1255
f 1255 1294 1295
f 1265 1229 1262
f 1231 1229 1265
f 1296 1269 1260
f 1307 1269 1306
f 1269 1296 1306
f 1304 1303 1326
f 1326 1332 1304
f 1304 1265 1303
f 1305 1265 1304
f 1308 1269 1307
f 326 307 306
f 329 307 326
f 306 325 326
f 326 352 334
f 325 351 326
f 351 352 326
f 334 312 333
f 333 312 329
f 333 326 334
f 329 326 333
f 291 307 292
f 293 285 292
f 285 291 292
f 311 307 329
f 329 312 311
f 311 292 307
f 293 292 311
f 311 294 293
f 311 312 294
f 357 351 334
f 357 352 351
f 291 305 308
f 308 309 291
f 305 304 308
f 304 309 308
f 4056 360 4671
f 4664 4663 4671
f 201 191 190
f 218 203 201
f 192 193 184
f 184 191 192
f 200 201 190
f 219 283 200
f 190 189 200
f 189 188 200
f 218 201 200
f 322 323 304
f 330 323 322
f 322 331 330
f 349 331 322
f 322 348 349
f 337 342 343
f 317 342 337
f 341 317 184
f 341 342 317
f 184 340 341
f 340 342 341
f 299 188 187
f 299 200 188
f 302 287 286
f 219 200 286
f 200 299 286
f 286 283 219
f 286 287 283
f 319 318 343
f 384 385 355
f 371 385 384
f 384 355 373
f 373 371 384
f 4870 4871 4844
f 4841 1063 4843
f 4843 4842 4841
f 4843 1063 4819
f 4819 4842 4843
f 4819 1063 4832
f 1063 4814 4832
f 4856 4857 1063
f 4854 4867 4855
f 4867 4857 4855
f 4857 4856 4855
f 4855 1063 4854
f 4855 4856 1063
f 1083 4857 4880
f 4880 4857 4867
f 4894 1123 4886
f 4886 4893 4894
f 4894 4893 1123
f 4862 4884 4885
f 4862 4885 4886
f 4886 4868 4862
f 4861 4884 4862
f 4862 4836 4861
f 4862 4837 4836
f 4862 4868 4841
f 4822 4817 4802
f 460 475 474
f 460 4848 4878
f 4878 475 460
f 4848 475 4878
f 462 463 434
f 4851 4848 4826
f 4788 4807 4808
f 4788 4806 4807
f 4777 4787 4788
f 4787 4806 4788
f 451 452 423
f 4824 452 451
f 4827 451 423
f 4806 451 4827
f 423 427 453
f 4826 4806 4829
f 4829 4849 4826
f 4829 4806 473
f 473 4849 4829
f 398 397 436
f 436 397 435
f 464 435 434
f 434 441 464
f 464 441 435
f 466 441 463
f 398 436 437
f 437 436 435
f 4768 4639 4638
f 4638 4632 4768
f 4639 4632 4638
f 4604 4605 4577
f 4604 4630 4605
f 4604 4577 4768
f 4768 4630 4604
f 4631 4632 4605
f 4605 4630 4631
f 4768 4632 4631
f 4631 4630 4768
f 4634 4609 4608
f 4608 4633 4634
f 4605 4633 4608
f 4640 4632 4639
f 4640 4633 4632
f 4640 4639 4634
f 4634 4633 4640
f 3217 3188 3187
f 3188 3159 3187
f 3159 3186 3187
f 3233 3234 3213
f 3213 3218 3233
f 3239 3234 3233
f 768 3239 3233
f 3233 3218 768
f 3213 3235 3222
f 3222 3221 3213
f 3235 3237 3222
f 3227 3203 3222
f 3222 3237 3227
f 3193 3166 3192
f 3215 3190 3184
f 3208 3172 3209
f 3209 3202 3208
f 3208 3202 3172
f 3201 3169 3200
f 3169 3199 3200
f 3204 3203 3227
f 3171 3203 3204
f 3204 3205 3171
f 3931 3945 3946
f 3946 3945 3944
f 4008 3994 4005
f 4008 4006 4018
f 4008 4005 4006
f 4026 4016 4025
f 4027 4016 4026
f 4037 4026 4035
f 3990 4538 4539
f 4538 4512 4539
f 4504 4501 4498
f 4502 4500 4497
f 4497 4501 4502
f 4508 4509 4502
f 4502 4501 4508
f 4021 4029 4031
f 4043 4033 4031
f 4032 4022 4021
f 4032 4033 4022
f 4021 4031 4032
f 4032 4031 4033
f 4034 4030 4022
f 4022 4033 4034
f 4496 4030 4034
f 2587 2549 2552
f 2552 2550 2587
f 2587 2550 2549
f 2549 2550 2518
f 2542 2517 2515
f 3280 3270 3269
f 3288 3289 3264
f 3289 3288 3287
f 3287 3288 3264
f 3336 3372 3326
f 3336 3374 3337
f 3535 3541 3494
f 3422 3373 3375
f 3498 3546 3499
f 3383 3386 3338
f 3339 3300 3338
f 1006 1034 1026
f 1017 1024 1040
f 1033 1006 3115
f 3115 1034 1033
f 1033 1034 1006
f 1018 1017 991
f 1042 1034 3115
f 1049 1034 1042
f 3080 3053 3079
f 1022 1042 1043
f 2490 2473 2488
f 3027 2530 2499
f 2499 2530 2501
f 3112 3113 3078
f 3157 3113 3112
f 3112 3078 3111
f 3111 3157 3112
f 830 3217 3232
f 3232 3211 830
f 3178 3211 3212
f 3212 3179 3178
f 3211 3232 3212
f 3212 3232 3217
f 3212 3186 3185
f 3185 3182 3212
f 3182 3179 3212
f 3217 3187 3212
f 3212 3187 3186
f 3111 3154 3155
f 3181 3157 3155
f 3210 3178 3176
f 3178 3177 3176
f 3115 1004 1032
f 1006 963 1005
f 1005 1004 1006
f 963 1004 1005
f 1044 1045 1041
f 1041 1022 1044
f 1044 1022 1043
f 3115 1045 1044
f 1044 1042 3115
f 1043 1042 1044
f 3078 3113 3108
f 3108 3076 3078
f 3108 3113 3084
f 3084 3076 3108
f 3050 3076 3060
f 3060 3077 3050
f 3027 3054 3050
f 3050 3054 3078
f 3078 3076 3050
f 3030 3015 3029
f 3029 3057 3030
f 3058 3057 3083
f 3083 3057 3077
f 3083 3059 3058
f 3083 3077 3059
f 2553 2552 2586
f 2586 2585 2553
f 2543 2585 2586
f 2573 2530 3027
f 2573 2574 2530
f 2619 2574 2573
f 2573 3028 2619
f 3027 3028 2573
f 2634 2612 2631
f 2614 2612 2634
f 2631 2636 2634
f 2629 2614 2634
f 2634 2636 2629
f 2608 2610 2609
f 2622 2610 2608
f 2608 2607 2622
f 2577 2620 2621
f 2576 2620 2577
f 2577 2531 2576
f 2577 2532 2531
f 2580 2607 2581
f 2580 2577 2621
f 2532 2577 2580
f 2621 2622 2580
f 2622 2607 2580
f 2613 2612 2614
f 2567 2568 2525
f 2494 2526 2527
f 2494 2525 2526
f 3260 3261 3249
f 2616 2594 2617
f 2617 2571 2616
f 2617 2594 2584
f 2584 2583 2617
f 2583 2571 2617
f 3953 3938 3948
f 3651 3645 1061
f 4613 4611 4635
f 4635 4628 4613
f 4598 4629 4600
f 4598 4628 4629
f 2038 2008 2037
f 2037 2031 2038
f 2008 2031 2037
f 4595 4627 4596
f 4626 4627 4595
f 4499 4506 4383
f 4499 4327 4500
f 4344 4340 4342
f 4382 4372 4371
f 4371 4372 4353
f 1396 4535 4563
f 4563 4535 4562
f 4589 4563 4562
f 4590 4563 4589
f 4589 1374 4590
f 4527 4528 4511
f 4511 4526 4527
f 4533 4562 4534
f 4562 4535 4534
f 4534 4511 4533
f 4534 4535 4511
f 4636 4621 4619
f 4619 4621 4620
f 4619 4620 4587
f 4587 4618 4619
f 4601 4588 4623
f 4623 4621 4601
f 4588 4621 4623
f 4617 4587 4586
f 4617 4618 4587
f 4617 4619 4618
f 4626 4619 4617
f 4617 4627 4626
f 4586 4596 4617
f 4596 4627 4617
f 4511 4528 1430
f 4528 4527 1430
f 1401 1428 1427
f 4511 1424 1465
f 1465 4696 4511
f 1424 4696 1465
f 1464 1467 4712
f 4712 4696 1464
f 1464 4696 1467
f 4720 4718 4712
f 4712 4707 4720
f 4706 4707 4691
f 4718 4720 4706
f 4706 4720 4707
f 4691 4707 4692
f 1378 1379 1361
f 1399 1379 1378
f 1361 1377 1378
f 1404 1403 1400
f 1400 1428 1401
f 1422 1423 1400
f 1400 1379 1404
f 1401 1379 1400
f 1426 1427 1400
f 1400 1427 1428
f 1400 1423 1424
f 1431 1422 1432
f 1432 1403 1431
f 1422 1403 1432
f 1438 1403 1413
f 1454 1455 1414
f 1470 1455 1454
f 1424 1423 1462
f 1462 1423 1422
f 1461 1424 1462
f 1462 1422 1461
f 1487 1488 1460
f 1460 1488 1461
f 1461 1422 1460
f 1422 1463 1460
f 1439 1438 1413
f 1403 1438 1439
f 1482 1485 1452
f 1491 1485 1482
f 2120 2119 2118
f 2118 789 2120
f 2118 2125 2122
f 2122 789 2118
f 2118 2124 2125
f 2123 2124 2118
f 2118 2117 2123
f 4039 2133 2135
f 2133 2138 2135
f 2137 2138 2131
f 2131 2130 2137
f 3990 2126 1930
f 1930 2126 1953
f 1930 1931 3990
f 1953 1931 1930
f 2134 2126 3990
f 2130 2126 2134
f 2039 2008 2038
f 2039 2010 2008
f 2039 2040 2010
f 1983 2008 2009
f 2009 2010 1983
f 2008 2010 2009
f 1984 1954 1983
f 1985 1360 1954
f 1954 1984 1985
f 1985 2014 1361
f 1361 1360 1985
f 2036 2035 2121
f 2036 2058 2035
f 1456 1416 1414
f 1414 1455 1456
f 1457 1458 1416
f 1455 1458 1457
f 1416 1456 1457
f 1457 1456 1455
f 1469 1455 1470
f 1469 1458 1455
f 1370 1371 1357
f 1355 1344 1357
f 1357 1358 1355
f 1357 1356 1367
f 1367 1356 1366
f 1367 1368 1357
f 1365 1356 1353
f 1975 2001 1976
f 1975 1976 1950
f 1950 1358 1975
f 1975 1358 1357
f 2028 2030 2002
f 1357 1371 1372
f 1372 1373 1357
f 1371 1373 1372
f 1932 4637 4643
f 1954 1932 4643
f 4643 4637 4642
f 4643 1982 1954
f 4642 1982 4643
f 1398 1377 1376
f 1398 1378 1377
f 1421 1399 1398
f 1399 1378 1398
f 2083 2094 2084
f 2056 2083 2084
f 2084 2094 1421
f 4775 4774 4778
f 4775 4773 4774
f 4778 3617 4775
f 4775 3617 3616
f 3616 4773 4775
f 1056 1064 1065
f 1065 1064 1082
f 1082 1084 1065
f 1065 1066 1056
f 1084 1066 1065
f 4865 4868 4886
f 4867 4866 4865
f 4841 4868 4865
f 4865 4866 4841
f 1056 1066 1067
f 1067 1066 1086
f 1067 1068 1056
f 1086 1068 1067
f 1070 1071 1058
f 1080 1100 1097
f 3642 3638 1092
f 3632 3636 1092
f 3644 3645 3640
f 1122 1123 1094
f 1094 1104 1122
f 4683 4684 4678
f 4678 4682 4683
f 4683 4682 4684
f 2140 4682 4693
f 4693 4692 2140
f 4717 4734 4735
f 4735 4736 4717
f 4717 4736 4718
f 4689 4690 4680
f 4680 4690 4691
f 4680 4693 4682
f 4691 4692 4680
f 4692 4693 4680
f 4714 4723 4710
f 4710 4709 4714
f 4695 4709 4710
f 4724 4725 4710
f 4710 4723 4724
f 4698 4685 4697
f 4678 4926 4679
f 4926 4685 4679
f 4679 4680 4678
f 3637 3638 3632
f 3632 1092 3637
f 3637 1092 3638
f 4748 4747 4760
f 4747 4759 4760
f 4760 4761 4748
f 4760 4759 4764
f 3635 1074 3641
f 3641 3636 3635
f 1074 1092 3641
f 3641 1092 3636
f 4943 4944 4926
f 4926 4942 4943
f 4943 4942 4944
f 4944 4942 4958
f 4958 4956 4944
f 4966 4967 4958
f 4697 4956 4958
f 4961 2302 4960
f 4940 4925 4924
f 4924 2153 2176
f 4678 2153 4924
f 4924 4925 4678
f 4779 4793 4792
f 4791 4793 4779
f 4778 4791 4779
f 4779 4792 3615
f 4779 3617 4778
f 3615 3616 4779
f 3616 3617 4779
f 4810 4793 4791
f 4814 4793 4810
f 4810 4832 4814
f 4819 4832 4810
f 4810 4800 4819
f 4810 4791 4800
f 4369 4353 4368
f 4368 4392 4369
f 4411 4392 4431
f 4409 4377 4411
f 3955 3982 3983
f 3955 3983 3977
f 1077 4399 1096
f 1096 4399 1105
f 1096 1095 1077
f 1096 1105 1095
f 1133 4399 4439
f 1105 4399 1133
f 1133 1134 1105
f 4439 4399 4438
f 4438 4399 4430
f 4429 4430 4390
f 4390 4428 4429
f 4429 4428 4430
f 4430 4428 4461
f 4430 4466 1170
f 4402 4374 3961
f 3961 3960 4402
f 4387 4388 4365
f 4365 4385 4387
f 4389 4388 4387
f 4423 4424 4390
f 4390 4389 4423
f 4453 4452 4481
f 4475 4444 4474
f 4487 4469 4458
f 4458 4428 4463
f 4459 4428 4458
f 4476 4444 4475
f 4481 4452 4451
f 4011 4020 4023
f 4023 4020 4496
f 3040 3035 3034
f 3034 3063 3040
f 3129 3164 3092
f 3012 3022 3023
f 3023 3043 3025
f 3025 3013 3023
f 3023 3013 3012
f 3021 3022 3012
f 2564 2524 2563
f 2603 2564 2563
f 2601 2602 2563
f 2563 2602 2603
f 3005 3011 3006
f 3006 2524 3005
f 3006 3011 3012
f 3012 3013 3006
f 3013 2556 3006
f 3019 3020 3011
f 3011 3010 3019
f 3019 3010 3020
f 3016 3020 3017
f 3020 3010 3017
f 3008 2605 3017
f 3017 2605 3016
f 2554 3013 2521
f 2554 2556 3013
f 2554 2521 2555
f 2555 2556 2554
f 2555 2558 2557
f 2557 2556 2555
f 2557 3006 2556
f 2558 2559 2522
f 2522 2559 2523
f 2522 2557 2558
f 2523 3006 2522
f 3006 2557 2522
f 3135 3128 3166
f 3166 3137 3135
f 3170 3198 3168
f 3198 3199 3168
f 3168 3169 3134
f 3168 3199 3169
f 3134 3131 3130
f 3134 3130 3136
f 3136 3168 3134
f 3136 3139 3170
f 3170 3168 3136
f 3096 3131 3134
f 3096 3095 3131
f 3131 3095 3094
f 3132 3130 3094
f 3094 3130 3131
f 3074 3046 3073
f 3046 3072 3073
f 3073 3100 3074
f 3071 3072 3046
f 3102 3072 3071
f 3925 3928 3935
f 3935 3933 3925
f 3935 3928 3927
f 3927 3938 3935
f 3949 3936 3934
f 3934 3933 3949
f 3937 3936 3949
f 3949 3952 3937
f 3949 3935 3952
f 3933 3935 3949
f 3941 3942 3930
f 3930 3929 3941
f 3940 3942 3941
f 3941 3929 3940
f 3167 3173 3175
f 3175 3173 3149
f 3175 3147 3167
f 3174 3173 3940
f 3940 3145 3174
f 3174 3145 3173
f 3140 3145 3143
f 3101 3100 3140
f 3134 3147 3103
f 3103 3072 3102
f 3103 3073 3072
f 3149 3145 3103
f 2984 2982 2986
f 2986 2985 2984
f 2933 2936 2970
f 2971 2936 2959
f 1914 1911 1913
f 1912 1911 1914
f 1914 1915 1912
f 1914 1924 1915
f 2826 2828 2827
f 2828 2781 2827
f 2827 2780 2826
f 2827 2781 2780
f 2831 1934 1933
f 2831 1940 1934
f 1928 1940 2831
f 1933 2783 2831
f 1952 1964 1963
f 1963 1940 1952
f 1964 1940 1963
f 1938 1940 1962
f 1962 1940 1964
f 1962 1960 1938
f 1964 1960 1962
f 1907 2714 2747
f 2778 2745 2743
f 2745 2714 2743
f 2743 2744 2778
f 2714 2712 2743
f 2712 2744 2743
f 2745 2783 2746
f 2746 2714 2745
f 2746 2783 2785
f 2785 2747 2746
f 2746 2747 2714
f 2717 2750 2751
f 1952 1980 1979
f 1981 1952 1979
f 1979 1989 1981
f 1979 1980 1950
f 1937 1920 1934
f 1937 1921 1920
f 1934 1940 1937
f 1940 1921 1937
f 1965 1941 1961
f 1961 1941 1938
f 1961 1960 1965
f 1938 1960 1961
f 2053 2054 2044
f 1965 1991 1992
f 1994 1991 1995
f 1995 1967 1994
f 1966 1941 1965
f 1965 1967 1966
f 1995 2025 2019
f 1995 1991 2003
f 2003 2025 1995
f 2003 1977 2002
f 1991 1977 2003
f 2111 791 2104
f 791 2108 2104
f 2927 2922 2951
f 2922 2921 2951
f 2975 2963 2949
f 2949 2953 2927
f 2927 2951 2949
f 2917 2916 2945
f 505 2868 2866
f 504 2868 505
f 531 2820 505
f 2775 504 505
f 505 2820 2776
f 2776 2775 505
f 530 564 531
f 531 505 530
f 530 505 532
f 530 532 2873
f 530 563 564
f 2880 2881 2872
f 2872 2879 2880
f 2880 2879 2894
f 2898 2899 2880
f 2880 2897 2898
f 2894 2897 2880
f 2776 2864 2863
f 2863 2775 2776
f 490 504 2775
f 490 2863 2864
f 2775 2863 490
f 2864 2868 490
f 490 2868 504
f 2895 2879 2893
f 2893 2916 2895
f 2916 2917 2895
f 2896 2897 2894
f 2894 2879 2896
f 2879 2895 2896
f 2918 2897 2896
f 2896 2917 2918
f 2896 2895 2917
f 2711 2712 2685
f 2685 2712 2713
f 2713 1906 2685
f 2685 1906 2878
f 2875 2868 2869
f 2872 2875 2869
f 4761 4763 4762
f 4762 4752 4761
f 4753 4762 4763
f 4752 4762 4753
f 4749 4732 4748
f 4748 4745 4749
f 4749 4745 4732
f 4756 4757 4761
f 4756 4745 4757
f 4746 4745 4756
f 4756 4752 4746
f 4761 4752 4756
f 4554 4763 4557
f 4557 4555 4554
f 4765 4764 4768
f 4768 4769 4765
f 4765 4760 4764
f 4761 4760 4765
f 4768 4577 4607
f 4577 4606 4607
f 4739 4727 4737
f 4739 4740 4727
f 4712 4727 4728
f 4727 4740 4728
f 4728 4740 4729
f 4729 4713 4728
f 4728 4713 4712
f 2153 2154 2142
f 2142 2154 4684
f 2155 2149 2142
f 2142 4682 2140
f 4684 4682 2142
f 2140 4692 2142
f 1476 1494 2142
f 2142 4692 4707
f 2142 4707 4708
f 1495 1494 1493
f 1495 2142 1494
f 1495 2168 2155
f 2155 2142 1495
f 4064 4054 4063
f 4064 4065 4054
f 4063 4076 4064
f 4076 4065 4064
f 4131 4130 4124
f 3461 3401 3460
f 1616 1587 1597
f 1597 1634 1616
f 1628 1601 1615
f 1615 1634 1628
f 1615 1616 1634
f 1568 1544 1541
f 1541 1563 1564
f 1564 1563 1587
f 1565 1601 1599
f 1565 1566 1541
f 1541 1564 1565
f 1571 1605 1570
f 1575 1574 1605
f 1628 1642 1635
f 1635 1639 1628
f 1635 1636 1599
f 1599 1639 1635
f 1635 1642 1605
f 1715 4222 4221
f 3525 3523 3526
f 3523 3524 3462
f 3462 3401 3461
f 4233 4050 4232
f 4050 4231 4232
f 4243 4233 4232
f 4232 4231 4243
f 4059 4050 4058
f 4058 4060 4059
f 4059 4060 4050
f 2551 2520 4224
f 2551 4224 4225
f 2551 2588 2552
f 2552 2520 2551
f 2551 4225 4223
f 4223 2588 2551
f 4119 4091 4090
f 4090 4071 4089
f 4090 4091 4071
f 4123 4152 4151
f 4151 4131 4123
f 4123 4131 4124
f 4123 4124 4093
f 4093 4122 4123
f 4121 4123 4122
f 4119 4149 4121
f 4120 4119 4121
f 4121 4093 4120
f 4121 4122 4093
f 4169 4168 4196
f 4196 4199 4169
f 4978 4977 4990
f 4990 4977 4989
f 4990 5010 4991
f 4991 4978 4990
f 4666 4652 4665
f 4665 4653 4666
f 4652 4653 4665
f 199 4656 4659
f 4659 4656 4669
f 4659 4670 199
f 4669 4670 4659
f 4648 4656 4649
f 4649 4650 4645
f 4645 4644 4649
f 4644 4648 4649
f 5047 5048 5020
f 5020 5048 5049
f 1730 1741 1742
f 5014 4140 4991
f 5030 5029 5005
f 5000 5029 5030
f 5030 4651 5000
f 5030 5005 4662
f 4662 4651 5030
f 1658 1652 1683
f 1683 1685 1658
f 1707 1687 1686
f 1686 1685 1707
f 3311 3277 3310
f 3312 3277 3311
f 3359 4306 3313
f 3264 3285 3286
f 3286 3285 3321
f 3286 3287 3264
f 3321 3287 3286
f 3279 2497 3278
f 3367 3414 3415
f 3415 3368 3367
f 3415 3414 3482
f 3419 3417 3431
f 3321 3285 3320
f 3320 3368 3321
f 3320 3367 3368
f 4252 4240 4251
f 4242 2518 4241
f 4241 2518 2550
f 4241 2550 2589
f 2589 4240 4241
f 4183 4206 4210
f 4206 4221 4210
f 4210 4221 4222
f 4108 4135 4136
f 4160 4161 4136
f 4136 4159 4160
f 4136 4156 4157
f 4136 4161 4156
f 4136 4155 4159
f 4136 4135 4155
f 4133 4155 4134
f 4155 4135 4134
f 4134 4106 4133
f 4304 4289 4303
f 4289 4288 4303
f 4302 4303 4109
f 1583 4162 4192
f 1583 1552 4162
f 1614 3277 1585
f 4305 4289 4304
f 4306 4289 4305
f 4211 4184 4183
f 4211 4222 1715
f 4183 4210 4211
f 4211 4210 4222
f 4211 1685 1705
f 4191 1652 1653
f 4192 4162 4191
f 4191 1653 1654
f 4191 1614 4192
f 4191 1654 1614
f 4286 4080 4109
f 4109 4303 4286
f 4287 4273 4286
f 4286 4273 4080
f 4286 4303 4288
f 4108 4079 4107
f 4079 4106 4107
f 4106 4134 4107
f 4107 4135 4108
f 4107 4134 4135
f 4078 4079 4066
f 4078 4106 4079
f 4066 4065 4078
f 4065 4077 4078
f 1684 3307 1655
f 1614 1659 1655
f 1655 1659 1684
f 3346 1684 1702
f 3346 3307 1684
f 4081 4068 4066
f 4066 4273 4081
f 4081 4273 4082
f 4259 4260 4244
f 4259 4081 4082
f 4068 4081 4259
f 2728 2694 2727
f 2656 2673 2674
f 2674 2696 2697
f 2826 2780 2825
f 2825 2834 2826
f 2823 2780 2822
f 2823 2858 2859
f 2849 2858 2823
f 2822 2850 2823
f 2823 2850 2849
f 2849 2848 2861
f 2861 2848 2847
f 2861 2847 2835
f 679 732 680
f 567 563 2884
f 565 2855 531
f 2854 2855 565
f 2854 565 2818
f 2818 565 531
f 2797 2794 2836
f 2835 2847 2836
f 2836 2794 2835
f 2804 2763 2805
f 2805 2763 2762
f 2763 2726 2762
f 2691 2667 2690
f 2692 2667 2691
f 2761 2762 2726
f 2805 2762 2761
f 2761 2804 2805
f 2806 2804 2761
f 2669 2230 2668
f 3728 3774 3729
f 3773 3774 3728
f 2777 2742 2776
f 2777 2744 2742
f 2776 2820 2777
f 2779 2744 2777
f 2777 2820 2821
f 2821 2779 2777
f 2790 2791 2752
f 2717 2751 2752
f 2833 2790 2826
f 2833 2791 2790
f 2826 2834 2833
f 2784 2745 2778
f 2778 2790 2784
f 2756 2795 2796
f 2756 2719 2717
f 2756 2796 2757
f 2757 2719 2756
f 2794 2795 2755
f 2755 2756 2717
f 2795 2756 2755
f 2797 2796 2837
f 2837 2794 2797
f 729 662 661
f 725 661 660
f 681 725 734
f 734 683 681
f 617 571 616
f 616 571 615
f 616 680 617
f 616 679 680
f 615 679 616
f 568 571 608
f 608 571 617
f 617 573 608
f 568 608 572
f 572 608 573
f 498 497 508
f 2810 2847 2811
f 2811 2764 2810
f 2697 2696 2731
f 3808 3771 3805
f 3805 3806 3851
f 3889 3892 3907
f 2682 2681 2698
f 2698 2707 2682
f 2698 2734 2735
f 2735 2707 2698
f 2698 2733 2734
f 570 536 569
f 569 611 570
f 2740 611 2708
f 2708 2707 2735
f 2708 2683 2682
f 2682 2707 2708
f 2662 2681 2682
f 2682 2683 2662
f 2662 2683 2684
f 2662 569 536
f 1897 517 516
f 1898 500 519
f 1877 1848 1851
f 637 636 704
f 585 636 637
f 1851 1826 1850
f 3877 3835 3876
f 4177 4143 4176
f 4177 4152 4143
f 4152 4177 4179
f 4179 4209 4180
f 4208 4209 4179
f 4179 4177 4208
f 4203 4175 4174
f 4174 4143 4173
f 4141 4168 4169
f 4141 4171 4143
f 1858 1857 1885
f 1856 1830 1858
f 1830 1857 1858
f 1847 1857 1830
f 1874 1857 1847
f 1883 500 1902
f 1902 1884 1883
f 1884 1852 1883
f 489 500 1883
f 1883 1852 489
f 1888 1858 1885
f 3901 3915 3910
f 3910 3914 3901
f 3913 3898 3901
f 3901 3914 3913
f 3913 3914 3898
f 1828 3914 1807
f 3898 3914 1828
f 1807 1827 1828
f 1827 1853 1828
f 1828 1853 1854
f 3878 3835 3877
f 3915 3900 3908
f 3908 3910 3915
f 3888 3910 3908
f 3916 1874 3902
f 3902 3912 3916
f 3886 3910 3888
f 484 483 486
f 497 487 492
f 499 487 498
f 499 515 516
f 516 517 499
f 499 517 500
f 499 500 489
f 489 487 499
f 3592 3588 3590
f 3589 3588 3592
f 3555 3553 3589
f 3553 3588 3589
f 3447 3505 3506
f 3506 3505 3555
f 3554 3553 3555
f 3439 3498 3499
f 3438 3498 3439
f 3439 3386 3438
f 3447 3446 3503
f 626 696 697
f 706 702 699
f 699 702 630
f 699 630 626
f 707 642 706
f 707 740 739
f 706 740 707
f 3451 642 708
f 708 707 739
f 642 707 708
f 709 642 704
f 706 642 709
f 704 703 709
f 709 703 706
f 739 696 738
f 737 695 736
f 696 695 737
f 3456 3450 3451
f 3396 3450 3456
f 3456 3452 3396
f 3452 3456 3516
f 3561 3562 3516
f 3559 3558 3596
f 3559 3511 3558
f 3559 3516 3511
f 3559 3596 3561
f 3561 3516 3559
f 3510 3511 3451
f 3510 708 739
f 3451 708 3510
f 739 3558 746
f 3558 3511 746
f 746 3510 739
f 3511 3510 746
f 3550 3551 3499
f 3584 3562 3596
f 3561 3596 3597
f 3597 3562 3561
f 3596 3562 3597
f 3564 3520 3560
f 581 582 546
f 632 582 581
f 546 580 581
f 581 580 632
f 583 547 546
f 546 582 583
f 583 584 547
f 583 582 585
f 585 584 583
f 546 578 579
f 579 580 546
f 579 578 626
f 632 580 579
f 579 631 632
f 626 630 579
f 630 631 579
f 574 619 575
f 573 619 574
f 574 575 543
f 543 573 574
f 618 681 621
f 621 682 618
f 617 681 618
f 618 682 620
f 620 619 618
f 618 573 617
f 618 619 573
f 657 722 658
f 621 689 623
f 621 687 688
f 688 689 621
f 687 689 688
f 626 578 625
f 693 694 626
f 690 689 687
f 687 691 690
f 701 693 626
f 692 691 687
f 626 625 692
f 692 625 691
f 683 734 735
f 683 735 724
f 718 735 734
f 725 660 718
f 718 734 725
f 718 724 735
f 1851 1850 1881
f 1881 1850 1515
f 1841 1868 1871
f 1842 1841 1871
f 1842 1817 1815
f 1815 1841 1842
f 634 635 585
f 585 631 634
f 634 631 635
f 749 747 748
f 527 503 526
f 528 503 527
f 776 3258 756
f 756 763 776
f 598 657 599
f 599 657 658
f 590 555 562
f 562 600 590
f 559 527 526
f 528 527 559
f 2952 2924 716
f 2886 2905 2890
f 2890 2876 2886
f 2928 2908 2931
f 2927 2953 2931
f 2931 2908 2927
f 2963 2964 2931
f 2929 2906 2928
f 2928 2956 2929
f 2955 2956 2928
f 811 836 3258
f 811 3258 776
f 775 754 753
f 753 774 775
f 753 754 2876
f 2876 754 755
f 758 757 755
f 755 754 758
f 791 824 823
f 672 660 607
f 2873 2882 2883
f 567 2884 2883
f 2900 2882 2881
f 2900 2899 2923
f 2923 2901 2900
f 2901 2882 2900
f 2881 2880 2900
f 2900 2880 2899
f 130 131 92
f 419 377 417
f 30 470 31
f 14 32 31
f 31 32 53
f 92 132 96
f 107 76 75
f 132 131 107
f 27 28 1194
f 1194 26 27
f 75 108 105
f 53 32 54
f 149 141 448
f 448 104 449
f 419 448 449
f 420 419 449
f 449 450 420
f 265 264 261
f 1184 264 265
f 265 248 1184
f 1184 248 316
f 316 248 298
f 316 1177 1184
f 316 298 297
f 297 1177 316
f 222 203 221
f 221 223 222
f 222 223 203
f 1183 1177 1182
f 1195 1183 1182
f 1182 1194 1195
f 1182 7 1194
f 10 11 5
f 5 314 10
f 12 11 13
f 13 6 12
f 12 5 11
f 6 5 12
f 334 335 313
f 313 312 334
f 294 312 313
f 313 314 294
f 336 314 313
f 313 335 336
f 277 1222 276
f 1196 1222 277
f 276 280 277
f 277 280 278
f 278 270 277
f 387 383 355
f 355 386 387
f 387 386 383
f 425 454 426
f 426 386 425
f 427 386 426
f 426 455 427
f 426 454 440
f 440 455 426
f 2653 2654 2643
f 3780 3759 3781
f 3758 3781 3759
f 1824 1825 1805
f 1824 1830 1825
f 1824 1847 1830
f 1805 1822 1823
f 1823 1822 1845
f 1823 1824 1805
f 1821 1822 1805
f 3711 3716 3691
f 3658 3668 3669
f 3670 3658 3669
f 3669 3686 3670
f 3686 3668 3685
f 1274 1286 1251
f 1274 1244 1283
f 1283 1286 1274
f 1312 1311 3809
f 3809 1271 1312
f 1233 1271 3809
f 3809 1203 1233
f 3777 1203 3809
f 3713 3689 3688
f 3670 3691 3688
f 3688 1210 3670
f 3688 3689 1210
f 3671 3658 3670
f 3670 3659 3671
f 3671 3659 3658
f 1176 3660 3670
f 1176 1178 1175
f 3654 3660 1176
f 1176 3652 3654
f 1175 3652 1176
f 1207 1238 1208
f 1193 1204 1189
f 1208 150 1192
f 1192 1191 1208
f 3653 178 3654
f 179 178 3653
f 3654 3652 3653
f 3653 174 179
f 3652 174 3653
f 2366 2309 2365
f 2312 2311 2366
f 2180 2158 2179
f 89 2158 2180
f 2312 2366 2316
f 2300 2362 2306
f 2261 2305 2306
f 2306 2363 2300
f 2331 2363 2306
f 2306 2273 2331
f 2306 2305 2273
f 2362 2308 2364
f 2364 2306 2362
f 2210 2255 2256
f 2208 2207 2204
f 1499 1500 1480
f 1501 1493 1499
f 1493 1500 1499
f 1475 1480 1492
f 1480 1500 1492
f 1492 1493 1475
f 1492 1500 1493
f 2240 1444 2241
f 1408 1444 2240
f 1408 2241 1444
f 2204 2207 2252
f 2200 1408 2240
f 2286 2280 2238
f 2238 2280 2232
f 2248 2280 2286
f 2246 2280 2248
f 2204 2249 2250
f 2292 2250 2249
f 2204 2171 2203
f 2202 2201 2246
f 2246 2248 2202
f 2202 2248 2249
f 2204 2203 2202
f 2171 2201 2202
f 2202 2203 2171
f 1344 1355 1345
f 1345 1355 1358
f 1974 1358 1950
f 1950 1949 1974
f 1972 1949 1346
f 1346 1949 1341
f 1341 1345 1346
f 1951 1980 1952
f 1952 1926 1951
f 1950 1980 1951
f 1951 1926 1950
f 2749 2751 2750
f 2666 2686 2687
f 2352 2799 2798
f 2412 2354 2411
f 2690 2667 2344
f 2344 2667 2341
f 2229 2279 2276
f 4803 4804 4787
f 3622 4804 4803
f 3619 3624 4795
f 4795 4803 4787
f 34 17 15
f 15 17 16
f 16 8 15
f 88 87 56
f 56 58 88
f 55 87 88
f 88 58 55
f 445 444 471
f 30 446 445
f 445 471 30
f 416 444 445
f 472 470 469
f 469 452 472
f 472 452 470
f 468 452 469
f 424 413 414
f 423 452 424
f 414 386 424
f 424 386 423
f 4824 4804 4823
f 4823 452 4824
f 4804 452 4823
f 4910 4922 4911
f 4921 4922 4910
f 4911 4902 4910
f 4902 8 4910
f 14 31 458
f 458 31 470
f 4921 4910 4923
f 4923 4910 8
f 4935 4921 4923
f 4923 4938 4935
f 4804 4938 4923
f 4946 4947 4927
f 4960 4947 4946
f 4959 4955 4960
f 4960 4946 4959
f 4959 4946 4948
f 4959 4963 4966
f 4959 4948 4963
f 2331 2273 4915
f 4915 2363 2331
f 4915 4907 4916
f 4927 2302 4915
f 2302 2363 4915
f 91 87 55
f 55 90 91
f 129 90 89
f 151 122 129
f 123 122 151
f 123 130 92
f 151 130 123
f 92 87 123
f 87 122 123
f 100 135 125
f 125 136 100
f 2323 2266 2322
f 2310 2261 2309
f 2310 2311 2261
f 2309 2366 2310
f 2310 2366 2311
f 2262 2311 2312
f 2261 2311 2262
f 2182 2214 2178
f 2217 2179 2178
f 2178 2216 2217
f 4899 4906 4898
f 55 34 4898
f 230 206 229
f 229 228 230
f 206 228 229
f 193 203 204
f 204 205 193
f 203 205 204
f 224 223 225
f 225 205 224
f 203 223 224
f 224 205 203
f 184 193 194
f 193 208 194
f 186 4655 4660
f 4655 4661 4660
f 4660 185 186
f 4660 4661 185
f 233 212 211
f 211 210 233
f 4982 4983 235
f 235 249 4982
f 259 243 246
f 259 249 243
f 246 4998 259
f 259 4998 249
f 5003 4985 5002
f 5033 5004 5003
f 5003 5004 4651
f 5049 5048 5031
f 5031 5003 5002
f 5031 5048 5047
f 5023 5026 5050
f 5023 1199 5024
f 252 1200 1187
f 1187 258 252
f 243 258 1187
f 1225 1200 1228
f 1228 1226 1225
f 1225 1226 1200
f 1201 1200 1227
f 1200 1226 1227
f 1227 1229 1201
f 1227 1226 1262
f 1262 1229 1227
f 1228 1200 256
f 1200 257 256
f 239 1228 256
f 256 257 239
f 1230 1231 1201
f 1201 1229 1230
f 1230 1229 1231
f 1201 1231 1223
f 1223 1199 1201
f 4997 5023 5024
f 1245 1239 1249
f 1240 1239 1208
f 1208 1238 1240
f 1240 1238 1248
f 29 1211 28
f 1246 1249 1247
f 1245 1249 1246
f 1247 1213 1246
f 1250 1238 1237
f 1216 1250 1237
f 1237 1251 1216
f 1237 1274 1251
f 1289 1290 1252
f 1252 1288 1289
f 1289 1288 1325
f 1755 1764 1748
f 3732 1749 3731
f 3779 1749 3732
f 1767 1749 3779
f 1768 1749 1767
f 3699 1188 3731
f 3731 1749 3699
f 3699 1749 1188
f 1750 1749 1768
f 1202 1203 1188
f 1202 1735 1232
f 1188 1735 1202
f 1202 1232 1233
f 1233 1203 1202
f 1716 1718 1719
f 1716 1720 1717
f 1716 1719 1720
f 1736 1749 1737
f 1737 1726 1736
f 1727 1726 1737
f 1749 1750 1737
f 1731 1722 1730
f 1260 4980 4981
f 4981 4980 4995
f 1758 1741 1747
f 1758 1759 1741
f 1760 1761 1741
f 1741 1759 1760
f 1782 1765 1781
f 1796 1795 1815
f 1815 1816 1796
f 1796 1816 1817
f 1839 1838 1819
f 1815 1814 1819
f 1814 1798 1819
f 266 250 262
f 266 267 250
f 262 270 266
f 270 273 266
f 266 273 274
f 274 267 266
f 1327 1294 1287
f 1327 1295 1294
f 1216 1252 1253
f 1253 1254 1216
f 1252 1254 1253
f 1301 1264 239
f 1301 1300 1264
f 1326 1303 1291
f 1303 1329 1291
f 1291 1329 1292
f 1252 1290 1291
f 1291 1292 1252
f 1264 1292 1297
f 1292 1329 1297
f 1262 1264 1297
f 1297 1265 1262
f 1297 1329 1303
f 1303 1265 1297
f 1299 1300 1263
f 1263 1295 1299
f 1263 1301 239
f 1300 1301 1263
f 268 267 275
f 275 267 274
f 268 275 269
f 269 275 274
f 1257 1295 1258
f 1221 1218 1258
f 1218 1257 1258
f 1258 1222 1221
f 1231 1265 1266
f 1266 1265 1305
f 1305 1306 1266
f 1266 1296 1260
f 1266 1306 1296
f 1311 1308 1331
f 1331 1308 1307
f 1305 1304 1331
f 1307 1306 1331
f 1331 1306 1305
f 1232 1269 1270
f 1270 1308 1311
f 1270 1271 1232
f 1311 1271 1270
f 334 352 356
f 356 357 334
f 352 357 356
f 4667 4671 360
f 4667 360 185
f 4664 4671 4667
f 4667 4653 4664
f 4676 4677 4056
f 4056 4671 4676
f 4676 4674 4677
f 220 201 203
f 191 201 202
f 193 192 202
f 202 192 191
f 201 220 202
f 202 203 193
f 202 220 203
f 218 200 217
f 303 304 289
f 303 322 304
f 303 287 302
f 345 348 347
f 347 322 345
f 348 322 347
f 346 320 345
f 345 322 346
f 346 322 320
f 339 337 343
f 343 318 339
f 339 318 317
f 400 403 402
f 363 342 362
f 363 402 365
f 362 400 363
f 400 402 363
f 345 320 344
f 320 319 344
f 343 345 344
f 344 319 343
f 318 319 301
f 302 286 301
f 301 319 320
f 4801 4809 4821
f 4821 4809 4808
f 4830 4807 4826
f 4826 4848 4830
f 4848 4852 4830
f 4869 4852 4848
f 4870 4844 4869
f 4869 4876 4870
f 4848 4876 4869
f 1103 4880 4867
f 1083 4880 1103
f 1103 1082 1083
f 1103 4895 1123
f 1123 1122 1103
f 1103 1104 1082
f 1103 1122 1104
f 4863 4840 4837
f 4837 4862 4863
f 4841 4840 4863
f 4863 4862 4841
f 4836 4817 4835
f 4835 4860 4836
f 434 433 461
f 461 462 434
f 475 462 461
f 461 474 475
f 460 474 461
f 461 432 460
f 433 432 461
f 480 4849 473
f 4826 4849 4850
f 4850 4851 4826
f 4849 480 4850
f 4789 4788 4808
f 4808 4809 4789
f 4777 4788 4789
f 4805 4806 4787
f 4787 4804 4805
f 4805 4804 4824
f 427 455 456
f 456 453 427
f 456 455 440
f 473 4806 456
f 4806 453 456
f 440 465 456
f 456 465 473
f 4806 4827 4828
f 4828 453 4806
f 4828 4827 423
f 423 453 4828
f 442 441 440
f 368 369 343
f 479 466 473
f 465 441 467
f 441 466 467
f 466 479 467
f 473 465 467
f 467 479 473
f 476 462 475
f 463 462 476
f 476 466 463
f 439 437 435
f 406 437 439
f 400 399 404
f 404 403 400
f 399 405 404
f 438 437 406
f 406 405 438
f 438 405 399
f 438 399 398
f 398 437 438
f 4881 4860 4859
f 4860 4835 4859
f 4864 4875 4881
f 4864 4847 4875
f 4845 4872 4873
f 4845 4871 4872
f 4845 4873 4874
f 4874 4875 4845
f 4845 4844 4871
f 4579 4608 4609
f 4579 4610 4611
f 4609 4610 4579
f 4579 4580 4560
f 4560 4559 4579
f 4577 4605 4578
f 4605 4608 4578
f 4608 4579 4578
f 4578 4559 4577
f 4578 4579 4559
f 3194 3222 3203
f 3221 3222 3194
f 3194 3203 3171
f 3171 3166 3194
f 3166 3193 3194
f 3213 3221 3219
f 3219 3236 3213
f 3192 3215 3219
f 3215 3236 3219
f 3160 3117 3159
f 3159 3184 3160
f 3161 3119 3160
f 3119 3117 3160
f 3160 3190 3161
f 3160 3184 3190
f 3213 3184 3183
f 3183 3184 3159
f 3189 3213 3183
f 3183 3159 3189
f 3214 3236 3215
f 3215 3184 3214
f 3213 3236 3214
f 3214 3184 3213
f 3227 3228 3206
f 3206 3204 3227
f 3205 3204 3206
f 3206 3228 3207
f 3206 3207 3171
f 3171 3205 3206
f 3231 3966 3223
f 3223 3195 3201
f 3201 3200 3223
f 3223 3200 3199
f 3167 3196 3197
f 3197 3173 3167
f 3197 3223 3224
f 3196 3195 3197
f 3195 3223 3197
f 3969 3946 3970
f 3947 3943 3931
f 3931 3946 3947
f 3947 3969 3971
f 3946 3969 3947
f 3948 3943 3947
f 3967 3970 3968
f 3970 3946 3968
f 3968 3944 3967
f 3968 3946 3944
f 3970 3973 3972
f 3971 3969 3972
f 3972 3969 3970
f 3972 3947 3971
f 3973 3947 3972
f 4005 3994 3992
f 3994 3973 3992
f 3992 3973 3970
f 4006 4005 3992
f 3993 4006 3992
f 3992 3970 3993
f 3994 4008 3995
f 4010 4011 3995
f 4004 2130 3990
f 4004 2137 2130
f 4036 4026 4025
f 4025 4035 4036
f 4036 4035 4026
f 4507 4515 4512
f 4507 4504 4515
f 4507 4512 4508
f 4508 4501 4507
f 4501 4504 4507
f 4041 4043 4042
f 4043 4031 4042
f 4029 4041 4042
f 4042 4031 4029
f 2546 2518 2517
f 2544 2518 2546
f 2529 2528 2541
f 2542 2515 2541
f 2541 2527 2542
f 2541 2528 2527
f 3281 3280 3269
f 3260 3280 3281
f 3264 3289 3290
f 3282 3261 3260
f 3282 3281 3269
f 3260 3281 3282
f 3322 3287 3321
f 3322 3369 3371
f 3321 3369 3322
f 3335 836 3372
f 3372 3336 3335
f 3374 3336 3328
f 3328 3373 3374
f 3431 3417 3490
f 3490 3494 3431
f 3535 3494 3490
f 3493 3494 3541
f 3493 3427 3492
f 3492 3494 3493
f 3426 3427 3375
f 3492 3427 3491
f 3544 3496 3543
f 3543 3496 3541
f 3438 3496 3497
f 3497 3498 3438
f 3546 3498 3497
f 3544 3546 3545
f 3546 3497 3545
f 3541 3496 3495
f 3495 3493 3541
f 3495 3496 3438
f 3374 3373 3421
f 3421 3422 3374
f 3373 3422 3421
f 3423 3383 3374
f 3374 3422 3423
f 3422 3434 3423
f 3383 3434 3435
f 3435 3386 3383
f 3428 3434 3422
f 3375 3427 3428
f 3428 3422 3375
f 3428 3435 3434
f 3427 3386 3428
f 3386 3435 3428
f 3383 3382 3424
f 3374 3383 3424
f 3424 3425 3374
f 836 3335 3299
f 3299 3336 3337
f 3299 3335 3336
f 3334 3382 3383
f 3334 3338 3300
f 3334 3300 3298
f 3339 3338 3387
f 3387 3338 3386
f 3265 3266 3253
f 997 955 963
f 1047 1034 1049
f 1047 1026 1034
f 1000 955 999
f 1024 1017 1039
f 989 1017 1018
f 989 945 944
f 1018 991 989
f 1021 1024 996
f 996 993 1021
f 1024 1021 1020
f 996 1024 1025
f 1025 1022 996
f 1042 1022 1025
f 3080 3079 3114
f 3115 3080 3114
f 3114 1045 3115
f 1023 1022 1041
f 1041 1045 1023
f 3027 2473 2498
f 2498 2490 3027
f 2473 2490 2498
f 3027 2490 2489
f 2469 3079 3053
f 2469 2489 2490
f 2469 3053 3027
f 3027 2489 2469
f 2469 3114 3079
f 2469 2490 2488
f 3052 2473 3027
f 3027 2499 3052
f 3052 2499 2473
f 2501 2473 2500
f 2500 2499 2501
f 2473 2499 2500
f 3181 3155 3180
f 3180 3155 3154
f 3180 3179 3181
f 3180 3154 3179
f 3156 3157 3111
f 3111 3155 3156
f 3156 3155 3157
f 3210 3176 912
f 3115 1032 1031
f 1031 3109 3115
f 3152 3176 3177
f 3152 1031 3176
f 3111 3110 3152
f 871 914 872
f 871 872 830
f 3055 3077 3082
f 3055 3050 3077
f 3029 3028 3055
f 3028 3050 3055
f 3051 3028 3027
f 3027 3050 3051
f 3051 3050 3028
f 3015 3030 3031
f 3031 3030 3057
f 3032 3015 3031
f 3031 3057 3032
f 2549 2518 2548
f 2552 2549 2548
f 2548 2586 2552
f 2547 2518 2544
f 2547 2544 2543
f 2543 2586 2547
f 2547 2548 2518
f 2586 2548 2547
f 2511 2512 2480
f 2480 2512 2491
f 2491 787 2480
f 2470 787 2491
f 2540 2512 2509
f 2540 2525 2512
f 2512 2525 2493
f 2493 2494 2470
f 2525 2494 2493
f 2568 2571 2569
f 2569 2525 2568
f 2567 2525 2566
f 2470 2494 2495
f 2495 2528 2529
f 2527 2528 2495
f 2495 2494 2527
f 2470 2497 3250
f 3264 3260 3250
f 3260 3249 3250
f 2470 3249 3244
f 3981 3982 3955
f 4357 4379 4377
f 4357 4349 4359
f 3975 3994 3976
f 3976 3948 3975
f 3994 3995 3976
f 3976 3995 3979
f 3976 3953 3948
f 3976 3979 3953
f 3953 3979 3954
f 3955 3938 3954
f 3938 3953 3954
f 3996 3995 4011
f 3979 3995 3996
f 3996 4013 3997
f 4376 4407 4408
f 4407 4447 4408
f 4408 4447 4337
f 4408 4334 4376
f 4408 4337 4334
f 4482 4453 4481
f 4337 4447 4448
f 4338 4334 4448
f 4334 4337 4448
f 4414 4450 4448
f 4448 4451 4414
f 3651 1061 3647
f 4615 4598 4582
f 4582 4598 4583
f 4582 4583 4560
f 4614 4613 4628
f 4614 4580 4613
f 4614 4582 4580
f 4615 4582 4614
f 4614 4598 4615
f 4628 4598 4614
f 4611 4613 4612
f 4613 4580 4612
f 4612 4579 4611
f 4580 4579 4612
f 4596 4583 4597
f 4583 4598 4597
f 4567 4595 4596
f 4594 4593 4626
f 4626 4595 4594
f 4508 4523 4524
f 4524 4549 4552
f 4524 4523 4549
f 4510 4502 4509
f 4510 4509 4508
f 4011 4023 4024
f 4350 4362 4353
f 4383 4363 4332
f 4332 4499 4383
f 4327 4499 4332
f 4590 1374 4575
f 4575 4563 4590
f 4575 1374 1396
f 1396 4563 4575
f 4561 4589 4562
f 4561 4562 4533
f 4588 4589 4561
f 4561 4532 4560
f 4533 4532 4561
f 4560 4587 4561
f 4587 4588 4561
f 4622 4588 4601
f 4622 4589 4588
f 4601 1374 4622
f 1374 4589 4622
f 1394 1374 1375
f 4625 4593 4624
f 4624 4637 4625
f 4626 4593 4625
f 4625 4619 4626
f 4625 4637 4636
f 4636 4619 4625
f 1425 1427 1426
f 1424 1427 1425
f 1426 1400 1425
f 1425 1400 1424
f 4529 1424 4511
f 1430 1427 4529
f 4511 1430 4529
f 1429 1403 1422
f 1422 1400 1429
f 1429 1400 1403
f 1413 1403 1437
f 1414 1413 1437
f 1437 1454 1414
f 1470 1454 1435
f 1435 1469 1470
f 1458 1469 1435
f 1435 1403 1434
f 1434 1458 1435
f 1453 1413 1412
f 1453 1439 1413
f 1412 1452 1453
f 1487 1460 1472
f 1472 1460 1463
f 1463 1439 1472
f 1431 1403 1440
f 1403 1439 1440
f 1440 1463 1431
f 1440 1439 1463
f 1490 1485 1491
f 1490 1488 1487
f 1475 1488 1490
f 1490 1491 1475
f 1483 1482 1452
f 4027 4026 4040
f 4040 2135 2138
f 4040 4026 4039
f 4039 2135 4040
f 4040 2137 4027
f 2138 2137 4040
f 4027 2137 2139
f 2137 4004 2139
f 3990 2130 2136
f 2136 2134 3990
f 2130 2134 2136
f 2063 2040 2062
f 2010 2040 2041
f 2061 2039 2038
f 2040 2039 2061
f 2038 2062 2061
f 2061 2062 2040
f 2010 1985 2011
f 2011 1985 1984
f 1983 2010 2011
f 2011 1984 1983
f 2078 2050 2063
f 2078 2079 2050
f 2063 2062 2078
f 2058 2036 2060
f 2060 2036 2121
f 2060 2113 2050
f 1412 1387 1410
f 1389 1368 1388
f 1368 1387 1388
f 1388 1413 1414
f 1414 1389 1388
f 1412 1413 1388
f 1388 1387 1412
f 1357 1368 1369
f 1369 1370 1357
f 1393 1371 1391
f 1371 1370 1391
f 1340 1339 1344
f 1344 1345 1340
f 1340 1345 1341
f 2141 2148 2145
f 2141 2666 2147
f 2147 2148 2141
f 1366 1356 1364
f 1356 1365 1364
f 1364 1365 1353
f 1353 1352 1364
f 2000 2028 2002
f 1373 2028 2000
f 1357 1373 2000
f 1976 2001 2000
f 2000 1975 1357
f 2001 1975 2000
f 2002 1977 2000
f 2000 1977 1976
f 1392 2028 1373
f 1397 1398 1376
f 1421 1398 1420
f 1420 2084 1421
f 4887 4865 4886
f 4886 1123 4887
f 1123 4895 4887
f 1057 1058 1053
f 1057 1070 1058
f 1053 1052 1057
f 1057 1052 1056
f 1056 1068 1057
f 1139 1140 1108
f 1069 1057 1068
f 1070 1057 1069
f 1164 1140 1139
f 1100 1080 3649
f 1058 1071 1072
f 3640 3634 3639
f 3639 3644 3640
f 3634 3638 3639
f 3639 3638 3642
f 3642 1092 3639
f 3639 1092 1100
f 4725 4731 4716
f 4716 4715 4725
f 4716 4732 4733
f 4731 4732 4716
f 4681 4682 4678
f 4678 4680 4681
f 4681 4680 4682
f 4685 4698 4699
f 4697 4695 4699
f 4699 4698 4697
f 4680 4679 4687
f 4966 4958 4957
f 4957 4958 4942
f 4957 4959 4966
f 4957 4942 4941
f 4941 4955 4957
f 4955 4959 4957
f 4964 4967 4697
f 4697 4958 4964
f 4964 4958 4967
f 4954 4955 4940
f 4940 2303 4954
f 4962 2303 2302
f 2302 4961 4962
f 4955 4954 4962
f 4962 4954 2303
f 4960 4955 4962
f 4962 4961 4960
f 2258 2303 2304
f 2257 2303 2258
f 2300 2302 2257
f 2302 2303 2257
f 2257 2255 2300
f 2257 2256 2255
f 2258 4924 2211
f 2211 2257 2258
f 2210 2256 2211
f 2256 2257 2211
f 2210 2211 2174
f 2174 2211 4924
f 2207 2208 2174
f 4377 4379 4370
f 4370 4393 4377
f 4379 4357 4370
f 4353 4369 4370
f 4359 4353 4370
f 4370 4357 4359
f 4370 4369 4392
f 4392 4393 4370
f 4410 4393 4392
f 4392 4411 4410
f 4377 4393 4410
f 4410 4411 4377
f 4442 4411 4431
f 4409 4411 4442
f 4442 4441 4409
f 3998 3986 3999
f 3982 3981 3999
f 3999 3981 3998
f 4409 4441 4440
f 4440 3986 4409
f 4409 3986 4001
f 4439 4438 4464
f 4464 4438 4430
f 1137 1108 1106
f 1085 1105 1106
f 1105 1134 1135
f 4462 4428 4457
f 1097 1100 1098
f 4430 1170 1172
f 3939 3958 4401
f 4401 4402 3939
f 4441 4402 4401
f 3958 4440 4401
f 4401 4440 4441
f 3959 3960 3939
f 3939 4402 3959
f 3959 4402 3960
f 4404 4374 4403
f 4374 4402 4403
f 4403 4421 4404
f 4403 4442 4431
f 4431 4391 4403
f 4391 4421 4403
f 4403 4402 4441
f 4441 4442 4403
f 4389 4387 4422
f 4422 4423 4389
f 4468 4453 4484
f 4484 4469 4468
f 4468 4469 4434
f 4365 4353 4364
f 4364 4385 4365
f 4424 4423 4419
f 4434 4469 4436
f 4493 4469 4484
f 4475 4469 4493
f 4484 4476 4493
f 4493 4476 4475
f 4473 4474 1081
f 4485 4458 4475
f 4486 4458 4485
f 4443 4444 1081
f 1081 4474 4443
f 4443 4474 4444
f 4460 4428 4459
f 4460 4461 4428
f 4459 4458 4460
f 4460 4458 4486
f 4488 4469 4475
f 4475 4458 4488
f 4488 4458 4469
f 4415 4451 4452
f 4415 4449 4414
f 4414 4451 4415
f 4415 4416 4382
f 4382 4381 4415
f 4452 4453 4415
f 4453 4416 4415
f 3065 3063 3087
f 3065 3040 3063
f 3087 3090 3065
f 3038 3022 3035
f 3124 3164 3163
f 3124 3092 3164
f 3043 3023 3042
f 3035 3022 3036
f 3022 3021 3036
f 2524 3006 2562
f 2562 2563 2524
f 2601 2563 2562
f 2562 2600 2601
f 2561 2599 2562
f 2599 2600 2562
f 3008 3017 3018
f 3018 3017 3010
f 3018 3009 3008
f 3018 3010 3009
f 3099 3135 3137
f 3099 3094 3067
f 3132 3094 3099
f 3099 3130 3132
f 3099 3136 3130
f 3099 3137 3138
f 3138 3139 3099
f 3139 3136 3099
f 3066 3094 3095
f 3097 3075 3066
f 3066 3096 3097
f 3095 3096 3066
f 3025 3049 3044
f 3107 3075 3097
f 3102 3075 3107
f 3049 3075 3070
f 3070 3044 3049
f 3071 3044 3070
f 3102 3071 3070
f 3070 3075 3102
f 3955 3977 3950
f 3950 3938 3955
f 3950 3935 3938
f 3143 3142 3141
f 3141 3140 3143
f 3141 3142 3101
f 3101 3140 3141
f 3149 3103 3148
f 3148 3103 3147
f 3148 3175 3149
f 3147 3175 3148
f 3134 3103 3144
f 3144 3103 3102
f 3102 3107 3144
f 2976 2936 2975
f 2975 2936 2974
f 2936 2973 2974
f 2993 2973 2972
f 2936 2971 2972
f 2972 2973 2936
f 2933 2970 2968
f 1941 1966 1942
f 1942 1966 1967
f 2941 2914 2913
f 2942 2941 2943
f 2942 2914 2941
f 2983 2939 2982
f 2983 2982 2984
f 2984 2941 2983
f 2830 2831 2783
f 1907 2747 2748
f 2748 2747 2785
f 1928 2831 2789
f 2789 2751 1928
f 2789 2784 2790
f 2829 2784 2789
f 2789 2830 2829
f 2831 2830 2789
f 1978 1977 1989
f 1989 1979 1978
f 1950 1977 1978
f 1978 1979 1950
f 1991 1994 1993
f 1993 1994 1967
f 1993 1992 1991
f 1993 1967 1965
f 1965 1992 1993
f 1996 1967 1995
f 2051 2026 2050
f 2110 2026 2051
f 2053 2044 2042
f 2042 2019 2025
f 2025 2003 2029
f 2053 2042 2029
f 2029 2042 2025
f 2029 2003 2002
f 2029 2054 2053
f 2002 2030 2029
f 2030 2054 2029
f 2085 2080 2056
f 2056 2084 2085
f 2085 2084 2090
f 2090 2088 2085
f 2085 2088 2065
f 2070 2045 2069
f 2069 2045 2044
f 2056 2080 2069
f 2069 2054 2056
f 2069 2044 2054
f 2050 2026 2049
f 2063 2050 2077
f 2077 2087 2063
f 1923 1936 1919
f 1924 1914 1919
f 1919 1914 1913
f 1913 1923 1919
f 1935 1947 1924
f 1924 1919 1935
f 1935 1919 1936
f 1955 1947 1935
f 1935 1936 1955
f 2110 2113 2105
f 2111 2104 2105
f 2100 2104 2106
f 2106 2104 2108
f 2921 2920 2950
f 2950 2951 2921
f 2950 2920 2919
f 2919 2949 2950
f 2950 2949 2951
f 2962 2949 2963
f 2953 2949 2962
f 2963 2931 2962
f 2962 2931 2953
f 2947 2917 2945
f 2984 2985 2947
f 2947 2944 2984
f 2945 2944 2947
f 2917 2947 2948
f 2948 2988 2975
f 2987 2988 2948
f 2948 2947 2985
f 2985 2986 2948
f 2948 2986 2987
f 2867 505 2866
f 532 505 2867
f 2867 2866 2873
f 2873 532 2867
f 2871 2878 2872
f 2872 2711 2871
f 2865 2711 2872
f 2872 2869 2865
f 2865 2868 2711
f 2865 2869 2868
f 4734 4752 4750
f 4752 4753 4750
f 4532 4555 4556
f 4556 4557 4532
f 4555 4557 4556
f 4558 4559 4532
f 4532 4557 4558
f 4576 4557 4763
f 4576 4763 4577
f 4577 4559 4576
f 4559 4558 4576
f 4576 4558 4557
f 4767 4763 4761
f 4768 4607 4767
f 4767 4607 4606
f 4767 4602 4763
f 4606 4602 4767
f 4577 4763 4603
f 4763 4602 4603
f 4603 4606 4577
f 4603 4602 4606
f 4740 4739 4741
f 4741 4739 4737
f 4511 4740 4741
f 4741 4742 4511
f 4531 4511 4530
f 4511 4742 4530
f 2150 2142 2149
f 1493 2168 1502
f 1502 1495 1493
f 2168 1495 1502
f 4153 4131 4151
f 4132 4131 4153
f 4153 4154 4132
f 4153 4179 4180
f 4180 4181 4153
f 4151 4152 4153
f 4152 4179 4153
f 4153 4181 4160
f 4160 4154 4153
f 4100 4131 4132
f 4130 4131 4100
f 4100 4128 4130
f 4130 4128 4125
f 4125 4094 4093
f 4093 4124 4125
f 4124 4130 4125
f 4099 4077 4097
f 4099 4100 4077
f 4128 4100 4099
f 1662 1624 1666
f 1666 1624 1632
f 1595 1629 1597
f 1595 1632 1624
f 1628 1629 1595
f 1595 1627 1628
f 1555 1533 1532
f 1587 1563 1555
f 1599 1601 1638
f 1638 1639 1599
f 1638 1601 1628
f 1628 1639 1638
f 1587 1616 1617
f 1617 1615 1587
f 1616 1615 1617
f 1541 1566 1567
f 1567 1568 1541
f 1566 1568 1567
f 1600 1565 1599
f 1566 1565 1600
f 1601 1565 1598
f 1598 1565 1564
f 1598 1564 1587
f 1587 1615 1598
f 1598 1615 1601
f 1636 1635 1674
f 1635 1796 1674
f 1817 1568 1569
f 1604 1568 1566
f 1605 1574 1573
f 1573 1570 1605
f 1572 1570 1573
f 4197 4198 4169
f 4174 4173 4197
f 4171 4198 4197
f 4197 4173 4171
f 4176 4175 4202
f 4175 4203 4202
f 4174 4204 4202
f 4202 4203 4174
f 1606 1607 1571
f 3523 3569 3534
f 3572 3541 3535
f 3535 3571 3572
f 3572 3543 3541
f 3577 3571 3601
f 3577 3572 3571
f 3601 3569 3578
f 3578 3577 3601
f 3578 3569 3600
f 3600 3579 3578
f 3403 3404 3349
f 3406 3403 3464
f 3461 3520 3521
f 3521 3462 3461
f 4089 4088 4116
f 4118 4149 4119
f 4119 4090 4118
f 4150 4121 4144
f 4123 4121 4150
f 4144 4143 4150
f 4143 4152 4150
f 4152 4123 4150
f 4199 4196 4214
f 4989 4977 4988
f 4988 5006 4989
f 4988 4977 4987
f 4988 4987 5005
f 5005 5006 4988
f 4650 4649 4657
f 4657 4649 4656
f 4995 4980 4994
f 4994 4980 1718
f 1717 1721 5045
f 4989 5006 5007
f 5007 5008 4989
f 5007 5006 5005
f 5005 5034 5007
f 5034 5008 5007
f 5034 5029 5035
f 5035 5008 5034
f 5057 5062 5061
f 5052 5062 5055
f 5062 5057 5055
f 5055 5057 5042
f 1571 1570 1547
f 1570 1548 1547
f 5015 4166 4140
f 4140 5014 5015
f 1702 1684 1704
f 1684 1703 1704
f 3313 3312 3358
f 3312 3311 3358
f 3523 3534 3532
f 3532 3534 3533
f 3362 3359 3313
f 3313 3361 3362
f 3362 3361 3413
f 3483 3482 4301
f 3415 3482 3483
f 3414 2465 2466
f 2466 2465 2482
f 3370 3368 3417
f 3417 3419 3370
f 3321 3368 3370
f 3370 3369 3321
f 3370 3419 3369
f 3365 3367 3366
f 3367 3320 3366
f 4264 4252 4251
f 4264 4251 4250
f 4266 4280 4281
f 4279 4280 4266
f 4275 4286 4288
f 4275 4288 4289
f 4287 4286 4275
f 4275 4273 4287
f 4274 4273 4275
f 4158 4136 4157
f 4157 4184 4158
f 4158 4184 4162
f 4162 4163 4137
f 4108 4136 4137
f 4137 4158 4162
f 4136 4158 4137
f 4318 4302 4164
f 4319 4302 4318
f 4303 4302 4319
f 4304 4303 4319
f 4192 1614 1584
f 1584 1583 4192
f 1552 1583 1584
f 1614 1585 1584
f 1584 1585 1552
f 4320 4319 4318
f 4320 4305 4304
f 4304 4319 4320
f 3259 3277 4306
f 4212 4211 1705
f 4184 4211 4212
f 1705 1685 4212
f 1685 1683 4212
f 1706 1707 1685
f 1685 4211 1706
f 4190 4191 4162
f 4190 4213 4191
f 4162 4184 4190
f 4184 4212 4190
f 4190 4212 4213
f 4132 4106 4105
f 4106 4078 4105
f 3306 3307 3277
f 3306 1655 3307
f 3307 3346 3347
f 4055 4068 4258
f 4068 4259 4258
f 4244 4055 4258
f 4258 4259 4244
f 4261 4260 4272
f 4272 4259 4261
f 4260 4259 4272
f 4271 4082 4261
f 4261 4259 4271
f 4271 4259 4082
f 2695 2728 2696
f 2696 2674 2695
f 2695 2674 2673
f 2695 2673 2694
f 2694 2728 2695
f 2656 2674 2657
f 2676 2674 2697
f 2676 2698 2677
f 2677 2657 2676
f 2676 2657 2674
f 2824 2825 2780
f 2859 2825 2824
f 2780 2823 2824
f 2824 2823 2859
f 2834 2825 2860
f 2860 2825 2859
f 2835 2834 2860
f 2860 2861 2835
f 2859 2858 2860
f 2860 2858 2849
f 2849 2861 2860
f 663 664 602
f 602 662 663
f 663 662 729
f 730 663 729
f 563 530 2874
f 2874 2884 563
f 2874 530 2873
f 2873 2883 2874
f 2874 2883 2884
f 2852 2818 2817
f 2817 2815 2852
f 566 564 602
f 531 564 566
f 602 664 566
f 566 664 603
f 2817 2818 2770
f 2839 2840 2797
f 2797 2836 2839
f 2839 2836 2840
f 2807 2808 2763
f 2763 2804 2807
f 2807 2804 2806
f 2807 2806 2797
f 2797 2840 2807
f 2840 2808 2807
f 2763 2808 2809
f 2810 2764 2809
f 2809 2764 2763
f 2840 2836 2846
f 2846 2808 2840
f 2846 2809 2808
f 2846 2836 2847
f 2846 2847 2810
f 2810 2809 2846
f 2725 2726 2692
f 2692 2691 2725
f 2693 2667 2692
f 2692 2668 2693
f 2693 2668 2667
f 2275 2227 2274
f 2274 2332 2275
f 2228 2227 2184
f 2717 2752 2753
f 2753 2752 2791
f 2790 2752 2788
f 2788 2752 2751
f 2835 2794 2793
f 2794 2755 2793
f 2793 2834 2835
f 2754 2755 2717
f 2717 2753 2754
f 2754 2753 2791
f 2796 2795 2838
f 2838 2837 2796
f 2838 2795 2794
f 2794 2837 2838
f 727 681 680
f 601 661 662
f 601 660 661
f 601 662 602
f 602 564 601
f 601 564 567
f 567 607 601
f 601 607 660
f 2735 2734 2768
f 2812 2848 2849
f 2849 2813 2812
f 2847 2848 2812
f 2812 2811 2847
f 2696 2728 2729
f 2734 2733 2766
f 2765 2733 2764
f 2814 2766 2765
f 2765 2766 2733
f 2765 2813 2814
f 2765 2812 2813
f 2764 2811 2765
f 2811 2812 2765
f 2764 2733 2730
f 2730 2733 2731
f 2727 2764 2730
f 2730 2728 2727
f 2730 2729 2728
f 2730 2731 2696
f 2696 2729 2730
f 2697 2731 2732
f 2731 2733 2732
f 3851 3806 3852
f 3852 3889 3851
f 3892 3889 3852
f 3855 3853 3808
f 3891 3883 3855
f 3855 3851 3891
f 3851 3889 3890
f 3890 3875 3891
f 3891 3851 3890
f 3890 3880 3875
f 3907 3880 3890
f 3890 3889 3907
f 2681 2662 2680
f 2680 2662 2661
f 3771 2680 3727
f 3727 2680 2661
f 2733 2698 2699
f 2697 2732 2699
f 2699 2732 2733
f 2699 2676 2697
f 2698 2676 2699
f 2677 2698 2700
f 2706 2698 2681
f 2681 2705 2706
f 2706 2700 2698
f 2705 2700 2706
f 3808 3853 3807
f 3807 3771 3808
f 3807 2705 2681
f 2740 2708 2741
f 2741 2708 2735
f 603 2773 2741
f 614 615 570
f 570 613 614
f 668 2773 603
f 2684 2683 673
f 673 2683 2710
f 610 2708 611
f 2683 2708 610
f 611 569 610
f 569 2662 609
f 609 610 569
f 673 610 609
f 539 538 516
f 516 515 539
f 548 537 540
f 585 586 549
f 516 538 549
f 549 584 585
f 538 537 549
f 549 537 548
f 548 547 549
f 547 584 549
f 1849 1826 1848
f 585 1826 1849
f 1849 586 585
f 1902 500 1901
f 1876 1849 1848
f 1848 1877 1878
f 638 1826 585
f 585 637 638
f 638 637 1826
f 704 742 1507
f 1507 1514 1508
f 1513 1514 1507
f 3723 3740 3724
f 3721 3758 3759
f 3721 3693 3720
f 4176 4206 4207
f 4207 4177 4176
f 4207 4206 4186
f 4208 4177 4207
f 4186 4185 4207
f 4207 4209 4208
f 4185 4209 4207
f 4143 4171 4172
f 4172 4173 4143
f 4171 4173 4172
f 4170 4141 4169
f 4171 4141 4170
f 4169 4198 4170
f 4170 4198 4171
f 4167 4166 4168
f 4168 4141 4167
f 4113 4087 4112
f 4140 4141 4113
f 4112 4973 4113
f 4991 4140 4113
f 4113 4973 4972
f 4113 4978 4991
f 4972 4978 4113
f 4115 4116 4088
f 4115 4143 4144
f 4144 4145 4115
f 1861 1859 1832
f 1832 1831 1856
f 1832 1859 1833
f 3902 1874 1846
f 1874 1847 1846
f 1846 1824 3902
f 1847 1824 1846
f 1858 1888 1889
f 1888 1904 1889
f 1885 1884 1903
f 1884 1904 1903
f 1903 1888 1885
f 1903 1904 1888
f 1807 3914 3909
f 3914 3910 3909
f 3909 3886 1807
f 3910 3886 3909
f 3898 1828 1829
f 1829 1828 1854
f 1829 3912 3898
f 1829 1854 3912
f 3892 3852 3887
f 3877 3892 3887
f 3887 3878 3877
f 3888 3908 3887
f 3887 3908 3878
f 3873 3831 3835
f 3828 3832 3873
f 3873 3832 3831
f 1885 1857 1887
f 1887 1857 1874
f 482 483 1807
f 1827 483 481
f 483 484 481
f 744 3609 736
f 3596 3558 3595
f 3595 3611 3596
f 3609 3611 3595
f 3591 3590 3609
f 3607 3590 3588
f 3607 3588 3608
f 3607 3611 3609
f 3609 3590 3607
f 3555 3589 3557
f 3557 3506 3555
f 3557 3589 3592
f 3592 3590 3557
f 3504 3503 3446
f 3555 3505 3504
f 3504 3505 3447
f 3447 3503 3504
f 3500 3504 3446
f 3500 3439 3499
f 3500 3554 3555
f 3555 3504 3500
f 3499 3553 3500
f 3553 3554 3500
f 3445 3502 3446
f 3301 3300 3341
f 696 740 741
f 741 697 696
f 740 697 741
f 698 740 706
f 706 699 698
f 698 697 740
f 626 697 698
f 698 699 626
f 651 598 650
f 651 652 598
f 650 3391 651
f 3506 652 651
f 3609 744 3610
f 3610 744 720
f 704 642 641
f 641 640 704
f 3397 641 642
f 3560 3520 3513
f 3513 3520 3461
f 3461 3452 3513
f 3518 3564 3560
f 3560 3513 3518
f 3518 3513 3452
f 3593 737 3558
f 3593 3558 739
f 739 738 3593
f 3593 738 696
f 696 737 3593
f 3451 3511 3512
f 3512 3456 3451
f 3511 3516 3512
f 3512 3516 3456
f 3517 3516 3562
f 3452 3516 3517
f 3562 3518 3517
f 3517 3518 3452
f 3580 3579 3600
f 3605 3584 3596
f 3605 3607 3608
f 3596 3611 3605
f 3611 3607 3605
f 3523 3520 3566
f 3520 3564 3566
f 3568 3564 3600
f 3523 3564 3568
f 3600 3569 3568
f 3568 3569 3523
f 656 598 655
f 656 657 598
f 655 722 656
f 722 657 656
f 576 621 622
f 622 623 576
f 621 623 622
f 624 623 689
f 689 690 624
f 624 578 576
f 576 623 624
f 691 625 629
f 629 625 578
f 654 692 687
f 654 722 655
f 687 722 654
f 655 598 654
f 598 652 653
f 653 654 598
f 653 3610 720
f 652 3591 653
f 653 3591 3609
f 3609 3610 653
f 658 686 659
f 643 600 659
f 659 599 658
f 600 599 659
f 711 712 643
f 685 686 621
f 685 724 686
f 621 683 684
f 683 724 684
f 684 685 621
f 724 685 684
f 556 592 593
f 593 648 594
f 594 556 593
f 649 660 672
f 649 718 660
f 717 718 649
f 649 711 717
f 591 556 590
f 591 592 556
f 1541 1544 1542
f 1542 1521 1541
f 1546 1568 1817
f 1817 1842 1546
f 526 503 525
f 525 3275 526
f 503 756 524
f 524 525 503
f 3275 525 524
f 763 756 752
f 752 502 749
f 752 756 503
f 503 502 752
f 521 502 503
f 521 522 749
f 749 502 521
f 555 522 529
f 529 562 555
f 522 521 529
f 528 562 529
f 529 503 528
f 529 521 503
f 3275 3274 3302
f 3301 3343 3302
f 3302 3274 3301
f 3448 3391 3447
f 3448 651 3391
f 3390 3446 3447
f 3447 3391 3390
f 3390 3445 3446
f 3389 3445 3390
f 2901 2924 2925
f 2924 2952 2925
f 670 2952 671
f 672 607 671
f 671 607 670
f 716 672 671
f 671 2952 716
f 2905 2886 2904
f 2904 2886 2903
f 2903 595 2904
f 594 2905 2904
f 2904 595 594
f 554 2886 2876
f 554 747 523
f 2876 748 554
f 554 748 747
f 2957 2929 2956
f 2930 2929 2957
f 2956 2955 2957
f 2954 2955 2928
f 2928 2931 2954
f 2954 2931 2964
f 2994 2963 2975
f 2975 3000 2994
f 810 776 786
f 810 811 776
f 882 922 886
f 886 922 928
f 957 974 930
f 2876 755 751
f 751 755 757
f 751 757 758
f 758 759 751
f 749 748 751
f 751 752 749
f 761 752 751
f 783 761 758
f 760 759 758
f 758 761 760
f 760 751 759
f 761 751 760
f 2960 2930 2959
f 2930 769 2907
f 2887 2906 2907
f 2906 2929 2907
f 2907 2929 2930
f 774 753 773
f 791 823 790
f 858 823 824
f 865 828 858
f 858 828 823
f 2910 2936 2933
f 2936 2910 2932
f 2932 2910 2909
f 606 607 567
f 2882 607 606
f 2902 2882 2901
f 2902 607 2882
f 376 377 350
f 376 417 377
f 51 84 376
f 376 84 417
f 83 84 51
f 419 417 119
f 417 84 119
f 92 96 61
f 61 93 92
f 61 57 93
f 126 127 89
f 135 127 126
f 89 125 126
f 126 125 135
f 128 153 151
f 127 153 128
f 89 127 128
f 128 129 89
f 151 129 128
f 152 127 135
f 152 153 127
f 179 174 183
f 23 48 24
f 24 13 23
f 132 107 106
f 106 105 132
f 106 107 75
f 75 105 106
f 53 54 86
f 457 104 450
f 450 449 457
f 457 449 104
f 261 244 260
f 260 265 261
f 244 248 260
f 248 265 260
f 1 1182 1177
f 1 1177 294
f 1182 1 2
f 314 5 2
f 294 314 2
f 2 1 294
f 1220 1197 1196
f 1196 277 1220
f 1184 1197 271
f 1197 1220 271
f 271 277 270
f 2694 2673 2671
f 2671 2673 2656
f 2656 2654 2671
f 2656 2655 2672
f 2672 2654 2656
f 2655 2654 2672
f 2652 2653 2643
f 2669 2653 2652
f 2643 2642 2650
f 2229 2230 2650
f 2643 2654 2646
f 2646 2654 2655
f 2647 2640 2646
f 2646 2655 2656
f 2656 2657 2646
f 2638 2642 2643
f 2638 2637 3773
f 3773 3728 2638
f 3719 3693 3705
f 3720 3693 3719
f 3840 3800 3799
f 3799 3800 3759
f 3816 3800 3840
f 3840 3799 3816
f 3816 3799 3783
f 3784 3759 3780
f 3784 3799 3759
f 3783 3799 3784
f 3834 3797 3801
f 3759 3800 3801
f 3846 3834 3801
f 3801 3800 3846
f 3839 3876 3835
f 3875 3880 3839
f 3839 3880 3877
f 3877 3876 3839
f 3902 1824 3911
f 3911 1823 1845
f 1824 1823 3911
f 3811 3814 3815
f 3859 3814 3858
f 3859 1821 3814
f 3858 1822 3859
f 1822 1821 3859
f 3692 3693 3672
f 3683 3692 3672
f 3682 3692 3683
f 3682 3683 3666
f 3672 3658 3666
f 3666 3683 3672
f 3710 3711 3686
f 3690 3691 3670
f 3690 3711 3691
f 3670 3686 3690
f 3686 3711 3690
f 3687 3668 3686
f 3686 3669 3687
f 3687 3669 3668
f 3686 3685 3709
f 3709 3710 3686
f 3724 3740 3709
f 3724 3709 3695
f 3695 3709 3685
f 3695 3723 3724
f 3722 3723 3695
f 3684 3668 3672
f 3684 3685 3668
f 3672 3695 3684
f 3684 3695 3685
f 1283 1244 1282
f 1244 1285 1282
f 1282 1325 1283
f 1282 1324 1325
f 3777 3809 3778
f 3779 3732 3778
f 3731 3777 3778
f 3778 3732 3731
f 1313 3809 1311
f 3713 3688 3712
f 3712 3688 3691
f 3714 3689 3713
f 3858 3822 3869
f 3822 3868 3869
f 3869 1822 3858
f 3869 3868 1822
f 3729 3774 3730
f 3654 3655 3656
f 3656 3657 3654
f 158 159 133
f 133 152 135
f 153 152 133
f 1209 1204 1193
f 3673 1176 3670
f 3670 1210 3673
f 1210 1209 3673
f 3673 1209 1193
f 1190 1191 1178
f 1178 1189 1190
f 1208 1191 1190
f 1190 1207 1208
f 1206 1207 1190
f 1190 1189 1206
f 1193 1189 1181
f 1178 1176 1181
f 1181 1189 1178
f 1206 1189 1205
f 1205 1189 1204
f 1204 1236 1205
f 1205 1207 1206
f 1238 1207 1205
f 1205 1237 1238
f 1205 1236 1237
f 173 1192 150
f 1175 1178 1179
f 1178 1191 1179
f 1191 1192 1179
f 2264 2265 2215
f 2312 2316 2264
f 2315 2264 2314
f 2265 2264 2315
f 2219 2265 2266
f 89 2180 2181
f 2405 2445 2406
f 2406 2348 2405
f 2372 2366 2365
f 2372 2316 2366
f 2365 2373 2372
f 2372 2373 2316
f 2349 2348 2356
f 2361 2308 2298
f 2298 2308 2362
f 2254 2298 2255
f 2261 2306 2307
f 2306 2364 2307
f 2307 2308 2261
f 2307 2364 2308
f 2420 2373 2423
f 2418 2417 2423
f 2358 2417 2418
f 2359 2294 2358
f 2358 2418 2361
f 2295 2294 2359
f 2296 2254 2253
f 2253 2295 2296
f 2199 1499 1480
f 1480 1498 2199
f 1412 1408 1443
f 1443 1408 1442
f 1446 1479 1480
f 2205 2171 2204
f 2204 2252 2205
f 2153 2142 2152
f 2239 2234 2246
f 2246 2200 2239
f 2170 2200 2198
f 2198 2200 2246
f 2198 2201 2171
f 2246 2201 2198
f 2170 2199 1497
f 1504 1498 1497
f 1480 1479 1497
f 1497 1498 1480
f 2290 2248 2286
f 2290 2292 2249
f 2247 2249 2204
f 2204 2202 2247
f 2247 2202 2249
f 1972 1346 1999
f 1999 1346 1345
f 1999 1345 1358
f 2717 2686 2718
f 2718 2750 2717
f 2718 2749 2750
f 2716 2718 2686
f 2749 2718 2716
f 2751 2749 1917
f 1335 1341 1337
f 1335 2716 2686
f 1335 1340 1341
f 1339 1340 1335
f 1337 1926 1335
f 2842 2352 2798
f 2841 2352 2842
f 2798 2797 2842
f 2797 2841 2842
f 2799 2352 2287
f 2845 2844 2353
f 2354 2287 2353
f 2353 2287 2352
f 2721 2758 2243
f 2757 2758 2721
f 2243 2195 2194
f 2390 2340 2389
f 2390 2387 2386
f 2386 2431 2390
f 2410 2411 2354
f 2432 2411 2410
f 2431 2411 2391
f 2391 2390 2431
f 2340 2390 2391
f 2391 2411 2432
f 2385 2431 2386
f 2385 2384 2431
f 2384 2385 2337
f 2386 2387 2337
f 2337 2385 2386
f 2388 2390 2389
f 2387 2390 2388
f 2277 2276 2336
f 2336 2337 2277
f 2229 2276 2277
f 2277 2340 2341
f 2341 2667 2277
f 2667 2668 2277
f 2277 2230 2229
f 2277 2668 2230
f 2444 2445 2405
f 2447 2411 2431
f 2431 2384 2430
f 2430 2447 2431
f 2414 2448 2449
f 2414 2447 2448
f 3624 3623 4794
f 4794 4795 3624
f 4794 3623 3622
f 4776 4773 3620
f 4777 4773 4776
f 4901 4902 34
f 34 15 4901
f 4901 8 4902
f 4901 15 8
f 452 468 443
f 413 424 443
f 443 424 452
f 443 415 413
f 443 468 469
f 469 444 443
f 443 444 415
f 14 458 459
f 459 458 470
f 470 4804 4937
f 4804 4923 4937
f 4937 459 470
f 4923 459 4937
f 4927 4915 4928
f 4928 4915 4916
f 4916 4930 4928
f 4930 4948 4928
f 90 129 121
f 87 91 121
f 121 91 90
f 121 122 87
f 121 129 122
f 2329 2269 2268
f 20 41 2324
f 2324 2323 20
f 2266 2323 2324
f 2268 2266 2324
f 2324 2329 2268
f 2321 2323 2322
f 2322 2266 2321
f 2342 2279 2321
f 2279 2278 2321
f 2259 2214 2261
f 2261 2262 2259
f 2215 2214 2259
f 2259 2262 2215
f 2223 2182 4907
f 4907 4915 2223
f 2223 4915 2273
f 2224 2273 2260
f 2260 2214 2224
f 2214 2182 2224
f 2224 2223 2273
f 2182 2223 2224
f 4904 4906 4907
f 2218 2217 2216
f 2218 2216 2215
f 2218 2180 2179
f 2179 2217 2218
f 2218 2219 2180
f 2215 2265 2218
f 2265 2219 2218
f 2159 4898 4896
f 2159 2182 2178
f 4905 4900 4899
f 4899 4898 4905
f 4905 4898 4900
f 33 4898 34
f 4900 4898 33
f 4899 4900 33
f 33 4902 4899
f 34 4902 33
f 195 185 184
f 184 194 195
f 232 231 212
f 212 233 232
f 207 231 232
f 209 210 198
f 209 233 210
f 207 232 209
f 209 232 233
f 246 234 5025
f 4646 4985 4986
f 4985 5003 4986
f 4986 4651 4646
f 4986 5003 4651
f 4974 4983 4984
f 4984 4985 4974
f 5002 4985 4984
f 4984 5001 5002
f 5050 5026 1185
f 5026 1199 1185
f 1185 5023 5050
f 1199 5023 1185
f 5026 5023 5027
f 5002 5001 5027
f 5027 5031 5002
f 5049 5031 5027
f 5027 5023 5049
f 5033 5003 5032
f 5003 5031 5032
f 5047 5033 5032
f 5032 5031 5047
f 1224 1231 1260
f 1224 1223 1231
f 1247 1249 1214
f 1214 1249 1239
f 1214 1213 1247
f 1214 1215 1195
f 1195 1213 1214
f 1216 1215 1214
f 1214 1248 1216
f 1214 1240 1248
f 1239 1240 1214
f 1211 29 1212
f 1195 1211 1212
f 1212 29 1245
f 1245 1246 1212
f 1212 1213 1195
f 1212 1246 1213
f 1244 1274 1273
f 1274 1237 1273
f 1787 1788 1768
f 1786 1788 1787
f 1768 1767 1787
f 1787 1767 1786
f 1805 1788 1803
f 1803 1788 1786
f 1803 1821 1805
f 1805 1825 1809
f 1833 1834 1809
f 1825 1830 1809
f 1830 1831 1809
f 1809 1832 1833
f 1831 1832 1809
f 1836 1838 1839
f 1833 1859 1862
f 1862 1834 1833
f 1862 1859 1863
f 1768 1788 1769
f 1791 1771 1790
f 3779 3811 1784
f 1784 1767 3779
f 1729 1721 1722
f 1722 1731 1729
f 1766 1782 1783
f 1765 1782 1766
f 1747 1765 1766
f 1766 1758 1747
f 1759 1758 1778
f 1778 1760 1759
f 1838 1866 1843
f 1843 1819 1838
f 1800 1798 1781
f 1800 1819 1798
f 1330 1300 1299
f 1299 1295 1330
f 1295 1327 1330
f 1264 1300 1302
f 1293 1264 1302
f 1300 1330 1302
f 1302 1330 1327
f 1302 1287 1293
f 1302 1327 1287
f 1290 1289 1328
f 1328 1291 1290
f 1328 1289 1326
f 1326 1291 1328
f 255 1295 1298
f 1295 1263 1298
f 239 255 1298
f 1298 1263 239
f 1222 1258 1259
f 274 1222 1259
f 1259 269 274
f 1259 1258 1295
f 1259 1295 254
f 268 269 1259
f 1259 253 268
f 254 253 1259
f 1260 1231 1267
f 1267 1266 1260
f 1231 1266 1267
f 1310 1270 1269
f 185 4661 4668
f 4668 4667 185
f 4668 4661 4666
f 4666 4653 4668
f 4653 4667 4668
f 4674 4676 4675
f 4675 4676 4671
f 4675 4663 4674
f 4675 4671 4663
f 282 200 283
f 282 217 200
f 282 283 218
f 218 217 282
f 289 283 288
f 288 303 289
f 283 287 288
f 287 303 288
f 317 337 338
f 338 339 317
f 337 339 338
f 343 365 366
f 365 402 366
f 366 402 403
f 342 363 364
f 364 363 365
f 343 342 364
f 364 365 343
f 318 301 300
f 300 301 286
f 317 318 300
f 187 317 300
f 300 299 187
f 300 286 299
f 320 322 321
f 321 301 320
f 302 301 321
f 321 303 302
f 322 303 321
f 4853 4830 4852
f 4852 4869 4853
f 4853 4869 4844
f 4844 4821 4831
f 4831 4853 4844
f 4830 4853 4831
f 4807 4830 4831
f 4808 4807 4831
f 4831 4821 4808
f 4888 1103 4867
f 4895 1103 4888
f 4867 4865 4888
f 4888 4887 4895
f 4865 4887 4888
f 473 466 478
f 477 478 466
f 473 478 477
f 477 480 473
f 477 4850 480
f 4790 4809 4797
f 4790 4789 4809
f 4797 4781 4790
f 4790 4781 4777
f 4777 4789 4790
f 4825 451 4806
f 4806 4805 4825
f 4824 451 4825
f 4825 4805 4824
f 408 407 440
f 408 368 407
f 369 368 408
f 440 410 408
f 408 410 369
f 4877 476 475
f 4851 476 4877
f 4877 475 4848
f 4848 4851 4877
f 409 439 435
f 406 439 409
f 409 368 406
f 435 441 409
f 441 442 409
f 407 368 409
f 440 407 409
f 409 442 440
f 367 404 405
f 367 368 343
f 403 404 367
f 367 405 406
f 406 368 367
f 343 366 367
f 367 366 403
f 4881 4859 4858
f 4858 4864 4881
f 4858 4859 4835
f 4858 4839 4864
f 4875 4847 4846
f 4846 4845 4875
f 4846 4847 4822
f 3192 3219 3220
f 3220 3219 3221
f 3220 3193 3192
f 3221 3194 3220
f 3220 3194 3193
f 3965 3223 3966
f 3224 3223 3965
f 3965 3197 3224
f 3965 3966 3944
f 3940 3962 3963
f 3962 3173 3963
f 3173 3197 3963
f 3963 3965 3944
f 3197 3965 3963
f 3975 3948 3974
f 3948 3947 3974
f 3974 3994 3975
f 3974 3973 3994
f 3974 3947 3973
f 4010 3995 4009
f 4009 3995 4008
f 4009 4019 4010
f 4018 4019 4009
f 4009 4008 4018
f 4025 4016 4015
f 4016 4002 4015
f 4015 4515 4025
f 4016 4004 4003
f 4003 4002 4016
f 4003 4004 3990
f 4512 4002 4003
f 4037 4035 4049
f 4035 4046 4049
f 4033 4046 4047
f 4047 4035 4048
f 4047 4046 4035
f 4515 4504 4503
f 4503 4504 4498
f 4503 4047 4048
f 4498 4047 4503
f 2519 2518 4242
f 2519 2485 2518
f 2517 2544 2545
f 2545 2546 2517
f 2544 2546 2545
f 2529 2541 2513
f 2513 2497 2529
f 2513 3278 2497
f 2467 2466 2483
f 2483 2466 2482
f 2484 2485 2467
f 2518 2485 2484
f 2517 2518 2484
f 2484 2515 2517
f 2484 2516 2515
f 3283 3280 3260
f 3283 3290 3280
f 3283 3260 3264
f 3264 3290 3283
f 3295 3290 3289
f 3289 3322 3295
f 3295 3322 3296
f 3295 3296 3270
f 3270 3280 3295
f 3289 3287 3323
f 3323 3322 3289
f 3287 3322 3323
f 886 889 888
f 925 890 884
f 891 890 925
f 3372 836 3420
f 836 879 3420
f 3420 879 891
f 891 879 919
f 987 1012 982
f 1013 984 1012
f 1012 1038 1013
f 3326 3372 940
f 3372 891 940
f 3270 3296 3293
f 3296 3328 3293
f 3293 3265 3270
f 3293 3266 3265
f 3294 3266 3293
f 3293 3328 3294
f 3336 3327 3329
f 3329 3328 3336
f 3329 3327 3294
f 3294 3328 3329
f 3431 3494 3433
f 3433 3494 3492
f 3492 3429 3433
f 3418 3419 3431
f 3431 3378 3418
f 3418 3378 3371
f 3371 3369 3418
f 3369 3419 3418
f 3331 3322 3371
f 3371 3378 3331
f 3296 3322 3331
f 3330 3328 3296
f 3296 3331 3330
f 3330 3331 3376
f 3375 3373 3330
f 3373 3328 3330
f 3430 3491 3427
f 3376 3429 3430
f 3430 3429 3492
f 3492 3491 3430
f 3542 3496 3544
f 3544 3545 3542
f 3542 3497 3496
f 3542 3545 3497
f 3427 3493 3437
f 3493 3495 3437
f 3437 3386 3427
f 3438 3386 3437
f 3437 3495 3438
f 3436 3434 3383
f 3383 3423 3436
f 3436 3423 3434
f 3382 3334 3333
f 3333 3334 3298
f 3337 3380 3333
f 3374 3425 3385
f 3425 3380 3385
f 3337 3374 3385
f 3385 3380 3337
f 3381 3424 3382
f 3425 3424 3381
f 3382 3333 3381
f 3381 3380 3425
f 3381 3333 3380
f 3273 3274 3258
f 3258 836 3273
f 3298 3300 3273
f 3273 3300 3301
f 3301 3274 3273
f 3332 3299 3337
f 3337 3333 3332
f 3332 3333 3298
f 3298 3273 3272
f 3383 3338 3384
f 3384 3334 3383
f 3338 3334 3384
f 3386 3389 3388
f 3388 3387 3386
f 2474 1023 2473
f 1022 1023 2474
f 996 1022 994
f 2578 2580 2581
f 2581 2579 2578
f 2532 2580 2578
f 2578 2579 2532
f 764 2479 2480
f 2480 787 764
f 2478 857 2477
f 856 857 2478
f 3269 3270 3256
f 3270 3265 3256
f 3265 3253 3256
f 3268 3282 3269
f 3261 3282 3268
f 894 945 946
f 894 857 856
f 944 945 894
f 946 897 894
f 998 999 955
f 955 997 998
f 1006 1026 998
f 1026 999 998
f 998 963 1006
f 998 997 963
f 1029 1025 1024
f 1042 1025 1029
f 1026 1047 1029
f 1029 999 1026
f 1024 1039 1030
f 1030 1029 1024
f 999 1029 1030
f 1017 989 1009
f 939 981 982
f 939 940 891
f 984 940 939
f 990 991 946
f 990 989 991
f 946 945 990
f 945 989 990
f 946 993 947
f 947 897 946
f 991 1020 992
f 992 993 946
f 946 991 992
f 992 1021 993
f 992 1020 1021
f 1019 1020 991
f 1019 1017 1040
f 1019 991 1017
f 1040 1024 1019
f 1024 1020 1019
f 1046 1023 1045
f 2488 2473 2472
f 2473 1023 2472
f 1023 1046 2468
f 1045 3114 2468
f 2468 1046 1045
f 2471 2469 2488
f 2488 2472 2471
f 2471 2472 1023
f 1023 2468 2471
f 3114 2469 2471
f 2471 2468 3114
f 963 914 964
f 964 912 963
f 963 912 962
f 3151 3110 3109
f 3109 1031 3151
f 3151 3152 3110
f 1031 3152 3151
f 3111 3152 3153
f 3153 3152 3177
f 3153 3154 3111
f 3153 3177 3154
f 830 3210 870
f 870 871 830
f 3210 871 870
f 3082 3057 3056
f 3056 3055 3082
f 3056 3057 3029
f 3029 3055 3056
f 2509 2512 2510
f 2512 2511 2510
f 2480 2509 2510
f 2510 2511 2480
f 2508 2538 2509
f 2508 2509 2479
f 2525 2540 2539
f 2539 2538 2525
f 2539 2540 2509
f 2509 2538 2539
f 2492 2493 2470
f 2512 2493 2492
f 2470 2491 2492
f 2492 2491 2512
f 2526 2525 2570
f 2525 2569 2570
f 2570 2569 2571
f 2527 2526 2570
f 2570 2571 2527
f 2525 2538 2565
f 2565 2566 2525
f 2538 2582 2565
f 2565 2582 2581
f 2581 2607 2565
f 2565 2608 2609
f 2607 2608 2565
f 2567 2566 2565
f 2609 2610 2565
f 2565 2610 2611
f 2611 2612 2565
f 2612 2613 2565
f 2614 2567 2565
f 2565 2613 2614
f 2496 2497 2470
f 2470 2495 2496
f 2529 2497 2496
f 2496 2495 2529
f 3243 3249 2470
f 2470 3250 3243
f 3243 3250 3249
f 4378 4357 4377
f 4378 4377 4409
f 4409 4001 4378
f 4349 4357 4358
f 4358 4357 4013
f 3980 3954 3979
f 3980 3996 3997
f 3979 3996 3980
f 3997 3998 3980
f 3998 3981 3980
f 3980 3981 3955
f 3955 3954 3980
f 4349 4358 4355
f 4355 4358 4013
f 4335 4338 4336
f 4338 4448 4336
f 4336 4333 4335
f 4336 4448 4333
f 4477 4476 4484
f 4444 4476 4477
f 4446 4447 4407
f 4446 4478 4447
f 4446 4477 4478
f 4479 4448 4447
f 4447 4478 4479
f 4406 4407 4376
f 4376 1062 4406
f 1081 4407 4406
f 4406 1062 1081
f 4356 1062 4376
f 1061 1062 4356
f 4356 3647 1061
f 4356 4376 3651
f 3651 3647 4356
f 1079 1062 1061
f 1079 1080 1097
f 1081 1062 1079
f 1079 1061 3645
f 3645 1080 1079
f 1079 1098 1081
f 1097 1098 1079
f 4560 4580 4581
f 4581 4582 4560
f 4580 4582 4581
f 4335 4522 4547
f 4522 4546 4547
f 4569 4598 4599
f 4599 4571 4569
f 4598 4571 4599
f 4572 4571 4598
f 4572 4598 4600
f 4546 4571 4572
f 4600 4338 4572
f 4572 4547 4546
f 4572 4338 4335
f 4335 4547 4572
f 4545 4546 4522
f 4545 4571 4546
f 4522 4544 4545
f 4596 4597 4568
f 4568 4567 4596
f 4568 4598 4569
f 4568 4597 4598
f 4568 4569 4544
f 4595 4567 4566
f 4566 4594 4595
f 4593 4594 4566
f 4521 4520 4544
f 4506 4520 4521
f 4521 4544 4383
f 4383 4506 4521
f 4542 4520 4541
f 4541 4566 4542
f 4542 4566 4567
f 4567 4568 4542
f 4525 4541 4540
f 4508 4524 4525
f 4553 4524 4552
f 4550 4564 4541
f 4524 4553 4550
f 4326 4327 4328
f 4327 4331 4328
f 4328 4024 4326
f 4342 4024 4328
f 4342 4328 4329
f 4329 4328 4331
f 4326 4024 4325
f 4325 4024 4023
f 4496 4326 4325
f 4325 4023 4496
f 4343 4349 4347
f 4349 4355 4347
f 4012 3996 4011
f 4011 4024 4012
f 4024 4347 4012
f 4012 4347 4355
f 4013 3996 4012
f 4012 4355 4013
f 4341 4340 4343
f 4341 4024 4340
f 4343 4347 4341
f 4341 4347 4024
f 4339 4342 4340
f 4340 4024 4339
f 4339 4024 4342
f 4362 4350 4361
f 4353 4362 4361
f 4361 4371 4353
f 4361 4381 4382
f 4382 4371 4361
f 4352 4350 4344
f 4352 4332 4363
f 4353 4346 4345
f 4345 4350 4353
f 4345 4346 4340
f 4345 4340 4344
f 4344 4350 4345
f 4381 4380 4412
f 4412 4415 4381
f 4449 4415 4412
f 4414 4449 4412
f 4412 4380 4414
f 4413 4450 4414
f 4414 4380 4413
f 4413 4383 4333
f 4413 4448 4450
f 4333 4448 4413
f 4327 4332 4330
f 4330 4331 4327
f 4351 4352 4344
f 4332 4352 4351
f 1380 1375 1361
f 1380 1394 1375
f 1361 1379 1380
f 1402 1427 1430
f 1402 1380 1379
f 1394 1380 1402
f 1402 1379 1401
f 1401 1427 1402
f 1418 1430 4527
f 1418 1402 1430
f 1396 1374 1395
f 1374 1394 1395
f 1395 4526 1396
f 1466 1427 1424
f 1436 1437 1403
f 1454 1437 1436
f 1403 1435 1436
f 1436 1435 1454
f 1487 1472 1486
f 1486 1472 1452
f 1486 1490 1487
f 1452 1485 1486
f 1485 1490 1486
f 1452 1472 1471
f 1471 1472 1439
f 1471 1453 1452
f 1439 1453 1471
f 1451 1452 1412
f 1412 1443 1451
f 1482 1483 1448
f 4017 4016 4027
f 4027 2139 4017
f 4017 4004 4016
f 4017 2139 4004
f 2012 1985 2010
f 2010 2041 2012
f 2012 1376 1361
f 2012 2041 1376
f 2064 2040 2063
f 2064 2041 2040
f 2063 2087 2064
f 2064 2087 2065
f 2065 2041 2064
f 1376 2041 2067
f 2067 1397 1376
f 2067 2088 2090
f 1398 1397 2067
f 2090 2084 2067
f 2067 1420 1398
f 2084 1420 2067
f 2079 2078 2059
f 2059 2078 2062
f 2059 2060 2079
f 2035 2058 2059
f 2059 2057 2035
f 2038 2057 2059
f 2059 2062 2038
f 2050 2079 2075
f 2075 2060 2050
f 2079 2060 2075
f 2116 2060 2121
f 2113 2060 2116
f 2121 2117 2116
f 2117 2113 2116
f 1412 1410 1450
f 1370 1369 1386
f 1386 1368 1389
f 1386 1369 1368
f 1366 2164 2192
f 1406 1384 2192
f 2192 1408 1406
f 2241 1408 2192
f 2234 2239 2192
f 2192 2239 2200
f 2240 2241 2192
f 2192 2200 2240
f 2165 2164 1366
f 2145 2164 2165
f 1366 1364 2165
f 2166 2148 2147
f 2147 2666 2166
f 2666 2689 2166
f 2166 2689 2687
f 2193 2194 2166
f 2166 2194 2195
f 2052 1373 2030
f 2052 1392 1373
f 2030 2028 2052
f 2028 1392 2052
f 1140 1141 1138
f 1138 1108 1140
f 1088 1069 1068
f 1113 1138 1141
f 1099 1080 3645
f 1099 3649 1080
f 1100 3649 3648
f 3645 3644 3648
f 3648 3649 3645
f 1100 1092 1091
f 1091 1092 1074
f 4711 4701 4695
f 4715 4701 4711
f 4695 4710 4711
f 4725 4715 4711
f 4711 4710 4725
f 4689 4701 4702
f 4702 4701 4715
f 4715 4716 4702
f 4689 4680 4688
f 4688 4701 4689
f 4688 4680 4695
f 4695 4701 4688
f 4689 4704 4705
f 4705 4704 4706
f 4705 4706 4691
f 4691 4690 4705
f 4705 4690 4689
f 4718 4706 4719
f 4706 4704 4719
f 4734 4717 4730
f 4717 4716 4730
f 4743 4734 4730
f 4733 4743 4730
f 4730 4716 4733
f 4695 4680 4694
f 4680 4687 4694
f 4694 4699 4695
f 2258 2304 2301
f 2301 2304 2303
f 2213 4924 2176
f 2207 2174 2206
f 2206 2252 2207
f 2206 2205 2252
f 2171 2205 2206
f 3984 3983 3982
f 3956 3999 3986
f 3939 3952 3956
f 3956 3984 3982
f 3986 4440 3988
f 4000 3998 3997
f 3997 4001 4000
f 4000 3986 3998
f 4000 4001 3986
f 4467 1133 4439
f 4430 1172 4467
f 4439 4464 4467
f 4467 4464 4430
f 1107 1108 1085
f 1085 1106 1107
f 1107 1106 1108
f 1134 1161 1162
f 1162 1135 1134
f 1161 1164 1162
f 1139 1108 1136
f 1136 1108 1137
f 1137 1106 1136
f 1136 1106 1105
f 1105 1135 1136
f 4456 4457 4425
f 4425 4457 4428
f 4390 4424 4425
f 4424 4419 4425
f 1126 1098 1100
f 1171 1156 1173
f 1173 1156 1166
f 1173 1164 1171
f 1124 1098 1127
f 1155 1156 1127
f 1127 1126 1155
f 1098 1126 1127
f 1171 1164 1174
f 1174 1172 1171
f 1158 1170 4466
f 1158 1154 1170
f 4466 4491 1158
f 1169 1156 1171
f 1153 1172 1170
f 1170 1154 1153
f 1171 1172 1153
f 1153 1169 1171
f 1153 1154 1124
f 4373 4395 4396
f 4373 4364 4353
f 4353 4372 4373
f 4372 4395 4373
f 4385 4364 4373
f 4418 4432 4396
f 4434 4396 4433
f 4396 4432 4433
f 4382 4416 4417
f 4417 4418 4382
f 4432 4418 4417
f 4454 4468 4434
f 4453 4468 4454
f 4434 4433 4454
f 4454 4433 4432
f 4454 4416 4453
f 4454 4417 4416
f 4432 4417 4454
f 4385 4419 4420
f 4420 4387 4385
f 4420 4422 4387
f 4423 4422 4420
f 4420 4419 4423
f 4435 4396 4434
f 4434 4436 4435
f 4435 4436 4396
f 4470 4469 4487
f 4470 4436 4469
f 4470 4458 4463
f 4487 4458 4470
f 4463 4462 4470
f 4396 4436 4437
f 4471 4457 4456
f 4456 4436 4471
f 4462 4457 4471
f 4471 4470 4462
f 4436 4470 4471
f 4475 4474 4494
f 4494 4485 4475
f 4430 4461 4465
f 4461 4460 4465
f 4465 4466 4430
f 4465 4491 4466
f 4465 4460 4491
f 4472 4473 1081
f 4472 4460 4473
f 1081 1102 4472
f 1081 1098 1101
f 1101 1102 1081
f 3091 3065 3090
f 3123 3122 3091
f 3091 3090 3123
f 3091 3122 3121
f 3091 3121 3129
f 3129 3092 3091
f 3092 3065 3091
f 3088 3065 3092
f 3092 3124 3088
f 3043 3042 3037
f 3037 3023 3022
f 3037 3042 3023
f 3039 3040 3022
f 3022 3038 3039
f 3035 3040 3039
f 3039 3038 3035
f 3024 3021 3012
f 3024 3036 3021
f 3012 3020 3024
f 3035 3036 3024
f 3016 3035 3024
f 3024 3020 3016
f 2560 3006 2523
f 2560 2562 3006
f 2560 2523 2561
f 2561 2562 2560
f 3068 3043 3067
f 3067 3066 3068
f 3068 3066 3043
f 3067 3094 3093
f 3093 3066 3067
f 3094 3066 3093
f 3048 3075 3049
f 3048 3066 3075
f 3043 3066 3048
f 3025 3043 3048
f 3048 3049 3025
f 3145 3140 3106
f 3106 3105 3145
f 3106 3140 3100
f 3100 3073 3106
f 3073 3105 3106
f 3073 3103 3104
f 3104 3105 3073
f 3045 3046 3025
f 3025 3044 3045
f 3045 3071 3046
f 3045 3044 3071
f 3134 3144 3150
f 3150 3144 3107
f 3952 3935 3951
f 3951 3950 3952
f 3935 3950 3951
f 2977 2970 2936
f 2936 2976 2977
f 2990 2973 2993
f 2990 2997 2973
f 2973 2997 2998
f 2998 2974 2973
f 2975 2974 2998
f 2997 2990 2998
f 2998 3000 2975
f 2998 2990 3000
f 2099 2104 2100
f 2099 2105 2104
f 2096 2099 2100
f 2095 2099 2096
f 2981 2988 2987
f 2981 2980 2988
f 2987 2986 2981
f 2981 2986 2982
f 2982 2939 2938
f 2938 2981 2982
f 2980 2981 2938
f 2939 2912 2938
f 2100 2101 2097
f 2097 2096 2100
f 2107 2101 2100
f 2108 2101 2107
f 2100 2106 2107
f 2107 2106 2108
f 2995 2968 2970
f 2970 2977 2995
f 2933 2968 2969
f 2969 2101 2933
f 2968 2995 2969
f 1941 1942 1922
f 1939 1941 1922
f 1922 1921 1939
f 1913 1921 1922
f 1922 1923 1913
f 1947 1971 1948
f 2943 1924 1948
f 1924 1947 1948
f 1948 2942 2943
f 1971 2942 1948
f 1959 2942 1971
f 1959 1947 1955
f 1959 1971 1947
f 2914 2942 1959
f 1955 1936 1959
f 2782 2830 2783
f 2829 2830 2782
f 2782 2783 2745
f 2745 2784 2782
f 2782 2784 2829
f 2786 2785 1907
f 1907 2748 2786
f 2786 2748 2785
f 2787 2789 2790
f 2751 2789 2787
f 2790 2788 2787
f 2787 2788 2751
f 2022 2023 1995
f 2046 2045 2070
f 2023 2022 2046
f 1995 2023 2024
f 2024 1996 1995
f 2026 1996 2024
f 2024 2049 2026
f 2016 2015 2110
f 2017 2026 2110
f 1923 1922 1943
f 1943 1922 1942
f 1967 1996 1997
f 1997 1996 2026
f 2068 2051 2050
f 2110 2051 2068
f 2050 2113 2068
f 2068 2113 2110
f 1995 2019 2020
f 2020 2042 2044
f 2044 2045 2020
f 2080 2074 2091
f 2070 2069 2091
f 2091 2069 2080
f 2050 2074 2076
f 2076 2077 2050
f 2065 2087 2076
f 2087 2077 2076
f 2089 2085 2065
f 2065 2076 2089
f 2089 2076 2074
f 2098 1959 1936
f 2914 1959 2098
f 2098 2099 2095
f 2098 2913 2914
f 2111 2105 2114
f 2114 2105 2113
f 2114 2118 2119
f 822 2111 2114
f 2114 802 822
f 768 802 2114
f 2117 2118 2114
f 2114 2113 2117
f 2114 789 768
f 2120 789 2114
f 2114 2119 2120
f 2917 2948 2946
f 2919 2918 2946
f 2918 2917 2946
f 2946 2948 2975
f 2975 2949 2946
f 2946 2949 2919
f 2711 2685 2870
f 2870 2871 2711
f 2870 2685 2878
f 2878 2871 2870
f 4751 4750 4753
f 4751 4741 4737
f 4753 4741 4751
f 4737 4734 4751
f 4734 4750 4751
f 4770 4765 4769
f 4770 4769 4768
f 4761 4765 4766
f 4766 4767 4761
f 4765 4770 4766
f 4754 4753 4763
f 4754 4741 4753
f 4742 4741 4755
f 4755 4530 4742
f 4755 4754 4763
f 4741 4754 4755
f 4531 4530 4755
f 4755 4554 4531
f 4755 4763 4554
f 4722 2142 4708
f 4722 1405 2142
f 4708 4707 4721
f 4721 4722 4708
f 1405 4722 4721
f 4721 4707 4712
f 1476 2142 1441
f 2142 1405 1441
f 1475 1476 1441
f 1405 4721 1441
f 1441 4712 1475
f 1441 4721 4712
f 4097 4127 4126
f 4126 4099 4097
f 4128 4099 4126
f 4126 4127 4094
f 4094 4125 4126
f 4126 4125 4128
f 1628 1627 1667
f 1624 1662 1663
f 1631 1595 1630
f 1632 1595 1631
f 3401 1660 1619
f 1592 1593 1562
f 1661 1630 1621
f 1556 1561 1560
f 1597 1562 1596
f 1596 1595 1597
f 1562 1595 1596
f 1630 1595 1622
f 1622 1621 1630
f 1593 1621 1622
f 1562 1593 1594
f 1594 1595 1562
f 1593 1622 1594
f 1594 1622 1595
f 1627 1595 1626
f 1626 1667 1627
f 1597 1587 1590
f 1543 1555 1563
f 1543 1563 1541
f 1541 1521 1543
f 1543 1521 1533
f 1533 1555 1543
f 1553 1555 1554
f 1531 1555 1532
f 1531 1554 1555
f 1513 1507 1512
f 1512 1507 742
f 1515 1514 1525
f 1517 1514 1513
f 1517 1512 1511
f 1513 1512 1517
f 1517 1531 1532
f 1521 1514 1517
f 1532 1533 1517
f 1533 1521 1517
f 1637 1600 1599
f 1599 1636 1637
f 1636 1674 1637
f 1602 1603 1566
f 1566 1600 1602
f 1568 1604 1818
f 1818 1569 1568
f 1566 1603 1818
f 1818 1604 1566
f 1817 1569 1818
f 1818 1796 1817
f 1603 1796 1818
f 1714 4221 1701
f 1701 4221 4206
f 1666 1692 1693
f 4205 4206 4176
f 4176 4202 4205
f 1635 1645 1672
f 1608 1635 1605
f 1608 1645 1635
f 1608 1605 1571
f 1571 1607 1608
f 1607 1645 1608
f 1708 1709 1687
f 1687 1707 1708
f 1715 4221 1708
f 1707 1706 1708
f 1708 4211 1715
f 1708 1706 4211
f 1687 1709 1696
f 1696 1695 1687
f 1661 1687 1691
f 1687 1695 1691
f 3601 3571 3570
f 3570 3569 3601
f 3570 3534 3569
f 3570 3571 3535
f 3535 3534 3570
f 3544 3543 3574
f 3549 3578 3579
f 3549 3550 3499
f 3579 3580 3549
f 3549 3580 3550
f 3404 3403 3405
f 3405 3403 3406
f 3401 3462 3463
f 3463 3464 3401
f 3463 3462 3524
f 3524 3464 3463
f 3401 3464 3402
f 3402 3464 3403
f 3402 3349 3401
f 3402 3403 3349
f 3406 3464 3465
f 3465 3525 3526
f 3465 3464 3524
f 3465 3524 3523
f 3523 3525 3465
f 3565 3520 3523
f 3523 3521 3565
f 3565 3521 3520
f 3523 3462 3522
f 3522 3521 3523
f 3462 3521 3522
f 4149 4118 4117
f 4117 4118 4090
f 4117 4090 4089
f 4089 4116 4117
f 4658 4656 4650
f 4650 4657 4658
f 4658 4657 4656
f 1718 1716 5019
f 5019 4994 1718
f 5019 1716 1717
f 5020 4994 5019
f 5023 4997 5022
f 5049 5023 5022
f 5046 5045 1721
f 5061 5062 5046
f 5046 5060 5061
f 5046 5062 5047
f 5047 5020 5046
f 5020 5045 5046
f 5010 4990 5009
f 5009 4990 4989
f 4989 5008 5009
f 5008 5038 5009
f 5054 5053 5052
f 5054 5029 5053
f 5054 5035 5029
f 5039 5038 5037
f 5037 5038 5008
f 1730 1744 1745
f 1745 1731 1730
f 1607 1606 1580
f 1576 1575 1611
f 5039 5043 5017
f 4195 4196 4168
f 4168 4166 4195
f 4166 5015 4195
f 1549 1575 1576
f 1574 1575 1549
f 1572 1573 1549
f 1549 1573 1574
f 1549 1570 1572
f 1549 1548 1570
f 1710 1704 1703
f 3457 1704 1710
f 1710 1703 1690
f 1690 3399 1710
f 3399 3457 1710
f 3351 3405 3406
f 3351 3308 3350
f 3350 3404 3351
f 3404 3405 3351
f 3355 3311 3354
f 3311 3353 3354
f 3354 3351 3406
f 3523 3532 3527
f 3527 3467 3523
f 3470 3467 3527
f 3535 3490 3489
f 3489 3490 3417
f 3357 3358 3311
f 3469 3410 3409
f 3409 3467 3470
f 3355 3354 3409
f 3360 3361 3313
f 3360 3410 3361
f 3313 3358 3360
f 3358 3357 3360
f 3360 3357 3410
f 4301 4285 4284
f 4284 4281 4298
f 4294 4296 4295
f 4279 4294 4295
f 4295 4280 4279
f 4281 4280 4295
f 4295 4296 4281
f 4299 4284 4298
f 3413 4284 4299
f 4298 4281 4297
f 4281 4296 4297
f 4297 4299 4298
f 4310 4296 4294
f 4306 3359 4323
f 3359 4308 4323
f 4263 4262 4261
f 4261 4274 4263
f 4248 4262 4263
f 4274 4275 4263
f 4263 4275 4276
f 4277 4293 4294
f 4292 4293 4277
f 3285 3316 3317
f 3284 3285 3264
f 3284 3316 3285
f 3314 3284 3278
f 3316 3284 3314
f 2459 3482 3414
f 3414 2466 2459
f 4317 2467 4301
f 4301 3482 4317
f 3482 2459 4317
f 3365 3366 3319
f 3319 3320 3285
f 3319 3366 3320
f 4240 4252 4253
f 4252 4264 4267
f 4267 4253 4252
f 4266 4253 4267
f 4276 4275 4291
f 4292 4277 4291
f 4291 4277 4276
f 4289 4292 4291
f 4139 4164 4302
f 4139 4302 4109
f 4138 4137 4163
f 4163 4164 4138
f 4108 4137 4138
f 4164 4139 4138
f 4138 4109 4108
f 4138 4139 4109
f 4305 4320 4189
f 4189 4163 4162
f 4305 4187 1551
f 4162 1552 1551
f 1551 4187 4162
f 4193 4320 4318
f 4318 4164 4193
f 4193 4164 4163
f 4163 4189 4193
f 4193 4189 4320
f 3277 3259 3276
f 4322 1551 1552
f 4305 1551 4322
f 4306 4305 4322
f 4322 3259 4306
f 1682 1683 1652
f 1682 4212 1683
f 4213 4212 1682
f 1652 4191 1682
f 4191 4213 1682
f 4104 4105 4078
f 4102 4078 4077
f 1655 3306 1656
f 1614 1655 1656
f 3307 3347 3348
f 3401 3349 3348
f 3349 3307 3348
f 3348 3347 3399
f 3398 3346 1702
f 3398 3347 3346
f 1702 1704 3398
f 3398 1704 3457
f 3398 3457 3399
f 3399 3347 3398
f 2704 2679 2677
f 3854 3807 3853
f 2705 3807 3854
f 3853 3855 3854
f 3854 3855 3883
f 2677 2679 2678
f 678 679 615
f 615 677 678
f 678 677 679
f 679 677 731
f 731 677 664
f 732 679 731
f 731 730 732
f 664 663 731
f 663 730 731
f 2818 2852 2853
f 2850 2854 2853
f 2854 2818 2853
f 2819 2818 531
f 531 566 2819
f 2819 2770 2818
f 566 2770 2819
f 604 566 603
f 604 2770 566
f 2724 2761 2726
f 2726 2725 2724
f 2724 2725 2691
f 3735 3708 3738
f 3720 3719 3735
f 3735 3721 3720
f 3758 3721 3735
f 3735 3738 3780
f 3735 3719 3705
f 3780 3781 3735
f 3781 3758 3735
f 3780 3738 3739
f 3738 3708 3739
f 2226 2274 2227
f 21 2274 9
f 2332 2274 21
f 3729 3730 3698
f 3698 3730 9
f 2792 2833 2834
f 2834 2793 2792
f 2791 2833 2792
f 2792 2793 2755
f 2792 2754 2791
f 2755 2754 2792
f 726 661 725
f 726 727 661
f 726 725 681
f 681 727 726
f 680 732 733
f 733 727 680
f 733 730 729
f 732 730 733
f 543 544 514
f 544 545 514
f 514 545 546
f 548 540 514
f 498 508 514
f 514 547 548
f 546 547 514
f 534 533 536
f 534 536 568
f 568 541 534
f 2816 2815 2817
f 2817 2768 2816
f 2816 2768 2815
f 2817 2770 2769
f 2769 2768 2817
f 2769 2770 2735
f 2735 2768 2769
f 2767 2768 2734
f 2815 2768 2767
f 2734 2766 2767
f 2814 2815 2767
f 2767 2766 2814
f 3808 3805 3850
f 3850 3855 3808
f 3850 3805 3851
f 3851 3855 3850
f 3772 2680 3771
f 2681 2680 3772
f 3771 3807 3772
f 3772 3807 2681
f 612 2741 613
f 612 613 570
f 570 611 612
f 613 2741 2774
f 2735 2770 2771
f 2771 2741 2735
f 676 677 615
f 615 614 676
f 667 614 613
f 667 668 603
f 613 668 667
f 2710 2683 2709
f 2683 610 2709
f 2709 673 2710
f 2709 610 673
f 2684 673 2663
f 673 609 2663
f 2663 2662 2684
f 2663 609 2662
f 511 2662 536
f 536 533 511
f 513 499 498
f 515 499 513
f 498 514 513
f 513 514 540
f 513 540 537
f 513 539 515
f 513 537 538
f 538 539 513
f 516 549 550
f 1880 551 586
f 586 1849 1880
f 1849 1876 1880
f 1880 1876 1897
f 1880 1897 516
f 516 550 1880
f 1880 550 551
f 500 1898 1900
f 1900 1901 500
f 1898 1901 1900
f 1902 1901 1891
f 1891 1884 1902
f 1891 1904 1884
f 1861 1889 1891
f 1891 1889 1904
f 1863 1859 1890
f 1890 1859 1861
f 1890 1869 1863
f 1861 1891 1890
f 1890 1891 1901
f 1896 1876 1898
f 517 1897 1896
f 1897 1876 1896
f 1879 1876 1848
f 1898 1876 1879
f 1848 1878 1879
f 1879 1878 1869
f 1863 1869 1865
f 1870 1878 1867
f 1869 1878 1870
f 1867 1878 1892
f 1892 1868 1867
f 1871 1868 1892
f 1882 1877 1851
f 1882 1878 1877
f 1851 1881 1882
f 1882 1892 1878
f 1871 1892 1882
f 1826 637 1505
f 1505 1507 1508
f 1505 637 704
f 704 1507 1505
f 3796 3831 3830
f 3835 3831 3798
f 3798 3797 3834
f 3834 3836 3798
f 3798 3839 3835
f 3838 3839 3798
f 3821 3868 3822
f 3722 3695 3725
f 3725 3695 3721
f 3672 3693 3694
f 3693 3721 3694
f 3694 3695 3672
f 3721 3695 3694
f 4165 4141 4140
f 4165 4167 4141
f 4140 4166 4165
f 4166 4167 4165
f 4114 4088 4087
f 4114 4115 4088
f 4141 4115 4114
f 4087 4113 4114
f 4114 4113 4141
f 4142 4141 4143
f 4143 4115 4142
f 4142 4115 4141
f 1861 1832 1860
f 1860 1889 1861
f 1858 1889 1860
f 1856 1858 1860
f 1860 1832 1856
f 3835 3878 3879
f 3879 3873 3835
f 3878 3908 3879
f 3912 1854 1886
f 1886 1854 1885
f 1885 1887 1886
f 1855 3916 3912
f 3912 1886 1855
f 1855 1886 1887
f 1874 3916 1855
f 1855 1887 1874
f 1807 3886 3885
f 3885 482 1807
f 485 481 484
f 485 487 1827
f 1827 481 485
f 745 737 736
f 736 3609 745
f 3590 3591 3556
f 3556 3557 3590
f 3556 3591 652
f 3556 652 3506
f 3506 3557 3556
f 3446 3502 3501
f 3501 3502 3439
f 3501 3500 3446
f 3439 3500 3501
f 3442 3386 3441
f 3441 3502 3442
f 3442 3502 3443
f 3443 3386 3442
f 3389 3341 3340
f 3340 3388 3389
f 3340 3300 3339
f 3340 3341 3300
f 3339 3387 3340
f 3387 3388 3340
f 3394 3450 3396
f 3451 3450 3394
f 3394 642 3451
f 3394 3397 642
f 1511 640 639
f 3563 3518 3562
f 3564 3518 3563
f 3562 3598 3563
f 3600 3564 3563
f 3459 3460 3401
f 3401 1556 3459
f 3396 3452 3453
f 3550 3580 3581
f 3562 3584 3583
f 3583 3598 3562
f 3583 3584 3551
f 3588 3586 3606
f 3584 3605 3606
f 3608 3588 3606
f 3606 3605 3608
f 3551 3584 3552
f 3552 3553 3499
f 3499 3551 3552
f 3567 3564 3523
f 3523 3566 3567
f 3567 3566 3564
f 578 624 627
f 627 624 690
f 628 690 691
f 691 629 628
f 628 627 690
f 628 629 578
f 578 627 628
f 694 693 721
f 693 701 721
f 736 694 721
f 721 744 736
f 720 744 721
f 721 653 720
f 700 701 626
f 626 692 700
f 700 721 701
f 653 721 700
f 692 654 719
f 654 653 719
f 719 700 692
f 653 700 719
f 686 724 723
f 723 659 686
f 724 659 723
f 710 711 643
f 643 659 710
f 710 659 724
f 717 711 710
f 710 718 717
f 724 718 710
f 647 649 672
f 593 649 647
f 672 648 647
f 648 593 647
f 646 593 592
f 646 649 593
f 712 711 646
f 1522 1542 1544
f 1522 1514 1521
f 1521 1542 1522
f 1527 1881 1515
f 558 559 526
f 526 3275 558
f 3275 3302 558
f 3447 3506 3507
f 3507 3448 3447
f 3506 651 3507
f 651 3448 3507
f 597 3391 650
f 597 596 3391
f 650 598 597
f 561 599 600
f 598 599 561
f 561 562 528
f 600 562 561
f 561 597 598
f 596 597 561
f 3342 3341 3389
f 3389 3390 3342
f 3342 3343 3301
f 3301 3341 3342
f 3342 3390 3391
f 3391 596 3342
f 2926 2952 670
f 2926 2925 2952
f 2926 670 2901
f 2901 2925 2926
f 2886 554 557
f 557 554 523
f 594 595 557
f 557 556 594
f 523 522 557
f 522 556 557
f 2958 2957 2955
f 2930 2957 2958
f 2993 2972 2958
f 2958 2972 2971
f 2959 2930 2958
f 2958 2971 2959
f 2955 2954 2989
f 2989 2990 2955
f 2989 2964 2963
f 2989 2954 2964
f 2963 2994 2989
f 2989 2994 3000
f 3000 2990 2989
f 758 781 782
f 782 783 758
f 884 890 852
f 852 890 891
f 811 810 785
f 785 817 811
f 785 810 786
f 785 782 781
f 777 758 775
f 775 774 777
f 885 882 886
f 929 928 972
f 886 928 929
f 972 930 929
f 929 930 886
f 886 930 931
f 1001 955 1000
f 1000 957 1001
f 971 957 1000
f 750 748 2876
f 2876 751 750
f 750 751 748
f 767 769 2930
f 2930 2960 767
f 771 2907 770
f 770 2907 769
f 771 753 2889
f 2889 2907 771
f 774 773 806
f 769 798 803
f 803 828 832
f 2909 2910 2115
f 791 790 2115
f 2933 2101 2934
f 2934 2910 2933
f 2959 2936 2966
f 605 2883 2882
f 2882 606 605
f 567 2883 605
f 605 606 567
f 670 607 669
f 607 2902 669
f 2901 670 669
f 669 2902 2901
f 350 374 375
f 375 376 350
f 374 413 375
f 413 415 375
f 375 415 416
f 416 376 375
f 418 376 416
f 51 376 418
f 446 51 418
f 416 445 418
f 418 445 446
f 52 83 51
f 52 51 30
f 30 31 52
f 52 31 53
f 53 83 52
f 447 448 419
f 447 149 448
f 114 119 84
f 114 86 108
f 141 149 114
f 149 447 114
f 114 104 141
f 419 119 114
f 114 447 419
f 114 108 78
f 78 104 114
f 57 61 37
f 37 61 59
f 37 35 17
f 37 17 34
f 34 57 37
f 36 37 59
f 35 37 36
f 36 54 32
f 32 17 36
f 17 35 36
f 158 179 180
f 179 183 180
f 158 171 169
f 76 107 110
f 147 173 150
f 147 174 3652
f 1192 173 147
f 147 3652 1175
f 1175 1179 147
f 147 1179 1192
f 182 166 159
f 151 161 142
f 161 133 142
f 142 130 151
f 131 130 142
f 142 107 131
f 25 27 26
f 25 24 27
f 25 26 13
f 13 24 25
f 116 115 117
f 80 115 116
f 117 81 116
f 116 81 80
f 109 80 76
f 109 115 80
f 82 81 118
f 118 147 150
f 118 150 1208
f 1208 82 118
f 118 81 117
f 117 147 118
f 80 81 50
f 50 79 80
f 50 81 82
f 50 82 1245
f 28 27 50
f 50 29 28
f 1245 29 50
f 80 79 77
f 76 80 77
f 120 105 108
f 108 86 120
f 120 86 105
f 105 86 95
f 132 105 95
f 95 96 132
f 94 61 95
f 95 61 96
f 3 5 6
f 3 2 5
f 1182 2 3
f 3 6 7
f 7 1182 3
f 279 1220 277
f 277 271 279
f 279 271 1220
f 272 270 1184
f 1184 271 272
f 272 271 270
f 2654 2653 2670
f 2670 2671 2654
f 2670 2653 2669
f 2669 2668 2670
f 2670 2668 2692
f 2670 2692 2694
f 2694 2671 2670
f 2651 2652 2643
f 2651 2650 2230
f 2643 2650 2651
f 2651 2230 2669
f 2669 2652 2651
f 2229 2650 2641
f 2641 2650 2642
f 2641 2184 2229
f 2642 2638 2641
f 2641 2638 2184
f 2643 2646 2645
f 2645 2646 2640
f 3786 2637 2640
f 2640 2637 2639
f 2639 2638 2640
f 2637 2638 2639
f 3817 2640 2647
f 3817 3816 2640
f 3800 3816 3841
f 3875 3839 3837
f 3837 3839 3838
f 3837 3834 3875
f 3837 3836 3834
f 3838 3798 3837
f 3837 3798 3836
f 3759 3801 3760
f 3760 3801 3797
f 3760 3797 3761
f 3761 3721 3760
f 3760 3721 3759
f 3845 3881 3846
f 3846 3800 3845
f 2660 2646 2659
f 2647 2646 2660
f 2660 3845 3843
f 3814 1821 3860
f 3860 3815 3814
f 3811 3815 1801
f 1801 1784 3811
f 3716 3711 3741
f 3711 3710 3741
f 3741 3748 3716
f 3741 3709 3740
f 3710 3709 3741
f 3740 3723 3741
f 3716 3748 3747
f 3747 3748 3764
f 1326 1289 1284
f 1322 1326 1284
f 1284 1281 1322
f 1284 1285 1244
f 1244 1281 1284
f 1277 1281 1244
f 1316 3809 1315
f 3744 3714 3713
f 1280 1281 1242
f 1281 1277 1242
f 3779 3812 3813
f 3813 3814 3779
f 3813 3822 3814
f 3857 3809 1316
f 1845 1822 3896
f 3904 3896 1822
f 3897 3896 3904
f 3864 3829 3828
f 3828 3873 3864
f 3864 3873 3900
f 3901 3898 3864
f 3864 3900 3901
f 3667 3666 3658
f 3667 3656 3666
f 3658 3657 3667
f 3657 3656 3667
f 3661 3656 3655
f 138 102 103
f 134 135 100
f 100 133 134
f 134 133 135
f 159 166 160
f 160 133 159
f 166 142 160
f 160 142 133
f 162 133 161
f 153 133 162
f 162 161 151
f 151 153 162
f 102 70 69
f 103 102 69
f 69 3677 103
f 1204 1209 1234
f 1210 1244 1234
f 1234 1209 1210
f 1237 1236 1235
f 1235 1236 1204
f 1235 1234 1244
f 1204 1234 1235
f 1176 3673 1180
f 1180 1181 1176
f 1180 3673 1193
f 1193 1181 1180
f 2263 2262 2312
f 2312 2264 2263
f 2215 2262 2263
f 2263 2264 2215
f 2314 2264 2313
f 2313 2264 2316
f 2368 2315 2314
f 2375 2376 2342
f 2342 2321 2375
f 2380 2376 2328
f 2336 2276 2335
f 2335 2337 2336
f 2267 2266 2268
f 2267 2219 2266
f 2180 2219 2220
f 2219 2267 2220
f 2220 2267 2268
f 2268 2269 2220
f 2220 2269 2270
f 89 2181 124
f 124 125 89
f 136 125 124
f 2356 2348 2404
f 2404 2406 2356
f 2348 2406 2404
f 2356 2292 2351
f 2351 2349 2356
f 2299 2298 2362
f 2255 2298 2299
f 2299 2362 2300
f 2300 2255 2299
f 2209 2255 2210
f 2209 2254 2255
f 2209 2253 2254
f 2208 2253 2209
f 2210 2174 2209
f 2209 2174 2208
f 2445 2423 2416
f 2416 2423 2417
f 2415 2406 2416
f 2416 2406 2445
f 2416 2358 2415
f 2417 2358 2416
f 2365 2418 2419
f 2418 2423 2419
f 2419 2373 2365
f 2419 2423 2373
f 2357 2294 2356
f 2357 2406 2415
f 2356 2406 2357
f 2415 2358 2357
f 2357 2358 2294
f 2356 2294 2293
f 2293 2292 2356
f 2250 2292 2293
f 2359 2358 2360
f 2297 2295 2359
f 2359 2360 2297
f 2297 2254 2296
f 2296 2295 2297
f 2361 2298 2297
f 2298 2254 2297
f 2297 2358 2361
f 2297 2360 2358
f 2169 2170 2149
f 2169 2199 2170
f 2169 2149 1501
f 1477 1443 1442
f 1483 1451 1477
f 1477 1451 1443
f 1408 2200 1445
f 1445 1446 1408
f 1445 2200 1479
f 1479 1446 1445
f 2172 2152 2151
f 2171 2172 2151
f 2151 2150 2171
f 2142 2150 2151
f 2151 2152 2142
f 2167 2198 2171
f 2170 2198 2167
f 2149 2170 2167
f 2171 2150 2167
f 2167 2150 2149
f 1478 2200 2170
f 2170 1497 1478
f 1479 2200 1478
f 1478 1497 1479
f 1504 1497 1496
f 1496 1497 2199
f 1496 1498 1504
f 1496 2199 1498
f 2249 2248 2291
f 2291 2290 2249
f 2248 2290 2291
f 1973 1974 1949
f 1973 1949 1972
f 1972 1999 1973
f 1358 1974 1973
f 1973 1999 1358
f 1928 2751 1929
f 1929 1917 1928
f 2751 1917 1929
f 1927 1952 1928
f 1928 1917 1927
f 1917 1335 1927
f 1927 1926 1952
f 1927 1335 1926
f 2686 2666 2665
f 2715 1917 2749
f 2715 1335 1917
f 2749 2716 2715
f 2716 1335 2715
f 2799 2287 2800
f 2757 2799 2800
f 2800 2758 2757
f 2243 2758 2800
f 2800 2287 2243
f 2288 2287 2354
f 2243 2287 2288
f 2841 2845 2407
f 2845 2353 2407
f 2407 2352 2841
f 2407 2353 2352
f 2687 2721 2722
f 2722 2721 2193
f 2722 2166 2687
f 2193 2166 2722
f 2720 2719 2757
f 2757 2721 2720
f 2687 2719 2720
f 2720 2721 2687
f 2688 2666 2687
f 2687 2689 2688
f 2688 2689 2666
f 2244 2195 2243
f 2243 2281 2244
f 2345 2346 2283
f 2193 2721 2242
f 2242 2194 2193
f 2242 2721 2243
f 2243 2194 2242
f 2348 2349 2285
f 2285 2346 2348
f 2286 2238 2285
f 2285 2351 2292
f 2285 2283 2346
f 2285 2290 2286
f 2292 2290 2285
f 2409 2410 2354
f 2354 2353 2409
f 2446 2844 2432
f 2432 2410 2446
f 2410 2409 2446
f 2338 2337 2387
f 2338 2277 2337
f 2387 2388 2338
f 2450 2444 2420
f 2445 2444 2450
f 2420 2423 2450
f 2450 2423 2445
f 2384 2428 2429
f 2429 2430 2384
f 2448 2447 2457
f 2447 2430 2457
f 2430 2429 2457
f 2449 2455 2439
f 2384 2337 2383
f 2383 2428 2384
f 2425 2426 2383
f 2420 2426 2421
f 2421 2426 2425
f 2421 2424 2422
f 2421 2383 2424
f 2425 2383 2421
f 2411 2447 2413
f 2447 2414 2413
f 2437 2444 2405
f 2443 2444 2437
f 4815 4794 3622
f 4795 4794 4815
f 3622 4803 4815
f 4803 4795 4815
f 3619 4795 4780
f 4787 4786 4780
f 4780 4795 4787
f 4780 4786 4777
f 4777 4776 4780
f 431 4923 8
f 431 459 4923
f 431 8 14
f 14 459 431
f 4948 4946 4945
f 4945 4928 4948
f 4945 4946 4927
f 4927 4928 4945
f 2270 2269 68
f 68 2272 2270
f 99 70 102
f 99 67 70
f 102 133 99
f 99 133 100
f 100 67 99
f 40 41 20
f 40 68 41
f 67 68 40
f 2329 2324 2377
f 2323 2321 2333
f 2333 2321 2278
f 2332 21 2333
f 20 2323 2333
f 2333 2278 2275
f 2275 2332 2333
f 2333 21 9
f 9 20 2333
f 4907 2182 2222
f 2222 4904 4907
f 2182 4904 2222
f 4897 4904 2182
f 4897 2159 4896
f 2182 2159 4897
f 4903 4898 4906
f 4906 4904 4903
f 4904 4897 4903
f 4896 4898 4903
f 4903 4897 4896
f 4898 2159 2177
f 2178 2157 2177
f 2177 2159 2178
f 2143 2156 2157
f 2143 2158 55
f 2143 2157 2158
f 55 4898 2143
f 4898 2156 2143
f 197 209 198
f 198 4670 197
f 197 4669 186
f 197 4670 4669
f 186 185 196
f 196 197 186
f 209 197 196
f 185 195 196
f 196 194 208
f 196 195 194
f 196 208 207
f 207 209 196
f 1186 1199 5026
f 1186 1200 1201
f 1201 1199 1186
f 243 1187 1186
f 1186 1187 1200
f 4999 5025 5026
f 5026 5027 4999
f 4999 5027 5001
f 4999 4984 4983
f 5001 4984 4999
f 4983 4982 4999
f 249 4998 4999
f 4999 4982 249
f 5051 234 5026
f 5026 5025 5051
f 5051 5025 234
f 1260 4997 1261
f 1261 1224 1260
f 1261 4997 5024
f 5024 1224 1261
f 1198 1224 5024
f 1223 1224 1198
f 5024 1199 1198
f 1199 1223 1198
f 1781 1792 1799
f 1799 1800 1781
f 1820 1819 1799
f 1819 1800 1799
f 1764 1755 1774
f 1781 1764 1774
f 1774 1792 1781
f 1789 1809 1790
f 1820 1799 1812
f 1812 1799 1792
f 1812 1836 1839
f 1839 1819 1812
f 1812 1819 1820
f 1812 1791 1790
f 1792 1791 1812
f 1790 1809 1810
f 1810 1809 1834
f 1790 1771 1770
f 1770 1769 1788
f 1770 1789 1790
f 1788 1789 1770
f 1727 1737 1738
f 1738 1737 1750
f 1738 1739 1727
f 1738 1751 1739
f 1721 1729 5058
f 5058 5046 1721
f 5061 5060 5065
f 5065 1729 1731
f 1794 1798 1795
f 1783 1782 1794
f 1781 1798 1794
f 1794 1782 1781
f 1795 1796 1777
f 1796 1793 1777
f 1777 1794 1795
f 1783 1794 1777
f 1777 1766 1783
f 1758 1766 1777
f 1777 1778 1758
f 1308 1270 1309
f 1270 1310 1309
f 1269 1308 1309
f 1309 1310 1269
f 4817 4822 4838
f 4838 4839 4817
f 4822 4847 4838
f 4847 4864 4838
f 4864 4839 4838
f 4834 4835 4817
f 4834 4858 4835
f 466 476 4879
f 4879 477 466
f 4879 476 4851
f 4851 4850 4879
f 4850 477 4879
f 4820 4846 4822
f 4845 4846 4820
f 4844 4845 4820
f 4801 4821 4820
f 4820 4821 4844
f 4820 4802 4801
f 4820 4822 4802
f 3964 3944 3940
f 3940 3963 3964
f 3964 3963 3944
f 4512 4515 4513
f 4515 4015 4513
f 4513 4002 4512
f 4513 4015 4002
f 4512 4003 3989
f 3989 4539 4512
f 3989 4003 3990
f 3990 4539 3989
f 4037 4049 4038
f 4038 4041 4039
f 4039 4026 4038
f 4038 4026 4037
f 4044 4047 4498
f 4033 4047 4044
f 4044 4034 4033
f 4044 4498 4496
f 4496 4034 4044
f 4025 4515 4514
f 4515 4503 4514
f 4514 4035 4025
f 4514 4503 4048
f 4048 4035 4514
f 2467 2483 2487
f 2487 2483 2516
f 2487 2484 2467
f 2516 2484 2487
f 2515 2516 2481
f 2516 2483 2481
f 2481 2483 2482
f 3280 3290 3315
f 3315 3295 3280
f 3290 3295 3315
f 920 891 3372
f 3372 3420 920
f 920 3420 891
f 878 879 836
f 1012 987 1016
f 3267 1013 1038
f 3266 1013 3267
f 1038 3253 3267
f 3267 3253 3266
f 3294 3327 3324
f 3326 940 985
f 985 3324 3327
f 984 1013 985
f 985 940 984
f 3379 3331 3378
f 3379 3433 3429
f 3379 3429 3376
f 3376 3331 3379
f 3377 3430 3427
f 3376 3430 3377
f 3427 3426 3377
f 3377 3330 3376
f 3377 3426 3375
f 3375 3330 3377
f 836 3299 837
f 837 3273 836
f 837 3272 3273
f 2476 994 2475
f 2475 2474 2505
f 2502 2473 2501
f 2501 2474 2502
f 2502 2474 2473
f 788 764 787
f 2479 764 788
f 856 2478 855
f 897 857 896
f 896 894 897
f 857 894 896
f 860 824 859
f 859 898 860
f 963 955 965
f 965 916 963
f 955 916 965
f 915 914 963
f 963 916 915
f 872 914 915
f 915 916 872
f 872 916 873
f 830 872 873
f 873 874 830
f 864 911 898
f 864 859 826
f 864 898 859
f 1048 1047 1049
f 1048 1029 1047
f 1049 1042 1048
f 1042 1029 1048
f 1037 1039 1017
f 968 1007 1008
f 1017 1009 1008
f 1008 1009 968
f 1008 1037 1017
f 1007 1037 1008
f 957 971 926
f 968 1009 1010
f 980 1009 989
f 981 939 938
f 891 925 938
f 938 939 891
f 982 1012 983
f 983 939 982
f 1012 984 983
f 984 939 983
f 3210 912 913
f 912 964 913
f 913 964 914
f 913 871 3210
f 914 871 913
f 963 962 1003
f 1003 1031 1032
f 1003 1004 963
f 1003 1032 1004
f 2536 2579 2581
f 2579 2536 2535
f 2535 2534 2579
f 2538 2508 2537
f 2537 2582 2538
f 2508 2536 2537
f 2581 2582 2537
f 2537 2536 2581
f 2461 787 2470
f 2470 3244 3245
f 3245 3241 2470
f 3262 3249 3261
f 3262 3254 3249
f 3261 3268 3262
f 3249 3254 3252
f 3252 3245 3244
f 3255 3268 3269
f 3269 3256 3255
f 3255 3262 3268
f 3254 3262 3255
f 4013 4357 4014
f 4357 4378 4014
f 4014 4378 4001
f 3997 4013 4014
f 4014 4001 3997
f 4483 4477 4484
f 4478 4477 4483
f 4484 4453 4483
f 4453 4482 4483
f 4445 4446 4407
f 4477 4446 4445
f 4407 4444 4445
f 4444 4477 4445
f 4448 4479 4480
f 4480 4482 4481
f 4481 4451 4480
f 4451 4448 4480
f 4570 4545 4544
f 4571 4545 4570
f 4544 4569 4570
f 4569 4571 4570
f 4544 4520 4543
f 4543 4568 4544
f 4520 4542 4543
f 4543 4542 4568
f 4541 4564 4565
f 4565 4566 4541
f 4564 4566 4565
f 1983 4593 4592
f 4593 4566 4592
f 4592 4566 4564
f 4540 4541 4518
f 4518 4517 4540
f 4502 4510 4505
f 4517 4518 4505
f 4500 4502 4505
f 4505 4499 4500
f 4506 4499 4505
f 4541 4525 4551
f 4551 4525 4524
f 4551 4550 4541
f 4524 4550 4551
f 4516 4510 4508
f 4508 4525 4516
f 4516 4505 4510
f 4517 4505 4516
f 4540 4517 4516
f 4516 4525 4540
f 4573 4550 4553
f 4564 4550 4573
f 1983 4564 4573
f 4350 4352 4360
f 4381 4361 4360
f 4360 4361 4350
f 4360 4352 4363
f 4360 4380 4381
f 4363 4380 4360
f 4384 4380 4363
f 4384 4413 4380
f 4384 4363 4383
f 4383 4413 4384
f 4348 4330 4332
f 4332 4351 4348
f 4342 4329 4348
f 4344 4342 4348
f 4348 4351 4344
f 4348 4329 4331
f 4331 4330 4348
f 1394 1402 1417
f 1402 1418 1417
f 1417 1395 1394
f 1418 1395 1417
f 1419 4527 4526
f 4526 1395 1419
f 1419 1418 4527
f 1419 1395 1418
f 4536 4529 1427
f 1427 1466 4536
f 1424 4529 4536
f 4536 1466 1424
f 1484 1483 1452
f 1452 1451 1484
f 1484 1451 1483
f 1481 1448 1480
f 1482 1448 1481
f 1481 1480 1475
f 1475 1491 1481
f 1491 1482 1481
f 1480 1448 1447
f 1447 1448 1408
f 1447 1446 1480
f 1408 1446 1447
f 1442 1408 1449
f 1408 1448 1449
f 1449 1448 1483
f 1449 1477 1442
f 1483 1477 1449
f 2014 1985 2013
f 1985 2012 2013
f 1361 2014 2013
f 2013 2012 1361
f 2066 2041 2065
f 2066 2067 2041
f 2065 2088 2066
f 2088 2067 2066
f 2058 2060 2086
f 2086 2059 2058
f 2060 2059 2086
f 1385 1384 1410
f 1385 1410 1387
f 1385 1387 1368
f 1368 1367 1385
f 1406 1408 1407
f 1407 1384 1406
f 1408 1384 1407
f 1410 1384 1409
f 1409 1450 1410
f 1409 1384 1408
f 1409 1408 1412
f 1412 1450 1409
f 1390 1391 1370
f 1370 1386 1390
f 1393 1391 1390
f 1383 1384 1366
f 1366 2192 1383
f 1383 2192 1384
f 2232 2234 2233
f 2233 2185 2232
f 2148 2166 2162
f 2162 2190 2185
f 2196 2166 2195
f 1353 1344 1343
f 1344 1339 1343
f 1343 1352 1353
f 1343 1351 1352
f 2146 2141 2145
f 2145 1381 2146
f 1085 1108 1109
f 1108 1138 1109
f 1138 1113 1109
f 1109 1110 1085
f 1109 1113 1110
f 1140 1164 1145
f 1164 1146 1145
f 1147 1146 1164
f 1087 1068 1086
f 1087 1088 1068
f 1087 1086 1110
f 1112 1088 1087
f 1110 1113 1087
f 1087 1113 1112
f 1142 1141 1140
f 1142 1113 1141
f 1142 1143 1113
f 1116 1088 1115
f 1115 1145 1146
f 1115 1147 1116
f 1146 1147 1115
f 1140 1145 1115
f 3645 3649 3650
f 3650 1099 3645
f 3649 1099 3650
f 1100 3648 3643
f 3643 3648 3644
f 3643 3639 1100
f 3644 3639 3643
f 1058 1072 1073
f 1073 1074 1058
f 1073 1091 1074
f 4689 4702 4703
f 4703 4702 4716
f 4703 4704 4689
f 4703 4719 4704
f 4703 4716 4717
f 4703 4717 4718
f 4718 4719 4703
f 4686 4694 4687
f 4686 4679 4685
f 4686 4687 4679
f 4939 4924 2258
f 2258 2301 4939
f 4940 4924 4939
f 4939 2301 4940
f 4953 2303 4940
f 4940 2301 4953
f 4953 2301 2303
f 2175 2213 2176
f 2176 2153 2175
f 2153 2152 2175
f 2175 2152 2174
f 2212 2174 4924
f 4924 2213 2212
f 2212 2175 2174
f 2213 2175 2212
f 2173 2206 2174
f 2173 2152 2172
f 2174 2152 2173
f 2173 2172 2171
f 2171 2206 2173
f 3978 3950 3977
f 3952 3950 3978
f 3978 3956 3952
f 3984 3956 3978
f 3986 3988 3957
f 3957 3958 3939
f 3939 3956 3957
f 3957 4440 3958
f 3957 3988 4440
f 3982 3999 3985
f 3985 3956 3982
f 3999 3956 3985
f 1159 4467 1172
f 1172 1174 1159
f 1134 1133 1159
f 1133 4467 1159
f 1159 1174 1164
f 1135 1162 1163
f 1163 1136 1135
f 1163 1162 1164
f 1163 1164 1139
f 1139 1136 1163
f 4426 4428 4427
f 4426 4425 4428
f 4426 4427 4390
f 4390 4425 4426
f 1166 1156 1157
f 1157 1156 1155
f 1091 1119 1120
f 4492 1158 4491
f 1154 1158 4492
f 1152 1153 1124
f 1169 1153 1152
f 1124 1127 1152
f 1152 1127 1156
f 1156 1169 1152
f 4398 4419 4385
f 4385 4373 4398
f 4397 4373 4396
f 4396 4437 4397
f 4397 4437 4419
f 4419 4398 4397
f 4397 4398 4373
f 4396 4395 4394
f 4394 4418 4396
f 4382 4418 4394
f 4394 4372 4382
f 4394 4395 4372
f 4419 4437 4455
f 4455 4437 4436
f 4455 4436 4456
f 4456 4425 4455
f 4455 4425 4419
f 4485 4494 4489
f 4486 4485 4489
f 4474 4473 4489
f 4489 4494 4474
f 4489 4460 4486
f 4473 4460 4489
f 4460 4472 4490
f 4490 4472 1102
f 1124 1102 1125
f 1102 1101 1125
f 1125 1098 1124
f 1125 1101 1098
f 3089 3088 3124
f 3127 3128 3089
f 3040 3065 3041
f 3022 3040 3041
f 3041 3037 3022
f 3065 3088 3064
f 3064 3041 3065
f 3037 3041 3064
f 3088 3089 3064
f 3064 3089 3067
f 3067 3043 3064
f 3043 3037 3064
f 3146 3104 3103
f 3105 3104 3146
f 3146 3103 3145
f 3145 3105 3146
f 3133 3150 3107
f 3097 3096 3133
f 3133 3107 3097
f 3133 3096 3134
f 3134 3150 3133
f 2999 2977 2976
f 2975 2988 2999
f 2999 2976 2975
f 2988 2995 2999
f 2999 2995 2977
f 2941 2913 2940
f 2940 2912 2939
f 2913 2098 2940
f 2940 2098 2912
f 2940 2983 2941
f 2939 2983 2940
f 2937 2938 2912
f 2937 2098 2095
f 2912 2098 2937
f 2980 2938 2979
f 2988 2980 2979
f 2938 2937 2979
f 2979 2937 2095
f 2988 2979 3001
f 3001 2979 2097
f 3002 3001 2097
f 3002 2995 2988
f 2988 3001 3002
f 2101 2969 2996
f 2996 2969 2995
f 2995 3002 2996
f 2996 2097 2101
f 2996 3002 2097
f 2021 2022 1995
f 1995 2020 2021
f 2021 2020 2045
f 2045 2046 2021
f 2021 2046 2022
f 2023 2046 2048
f 2015 2016 1987
f 2110 2015 2018
f 2018 2017 2110
f 2015 1987 2018
f 2018 1987 2017
f 1969 1986 1970
f 1923 1943 1944
f 1968 1997 1969
f 1967 1997 1968
f 1968 1942 1967
f 1968 1943 1942
f 1998 1997 2026
f 1969 1997 1998
f 1998 1986 1969
f 2017 1987 1998
f 1998 1987 1986
f 2019 2042 2043
f 2043 2020 2019
f 2042 2020 2043
f 2070 2091 2073
f 2073 2091 2074
f 2073 2048 2070
f 2074 2048 2073
f 2092 2074 2080
f 2092 2089 2074
f 2080 2085 2092
f 2085 2089 2092
f 2102 2098 1936
f 2102 1958 1988
f 1988 1987 2102
f 2102 1987 2016
f 2102 2016 2110
f 2110 2105 2103
f 2103 2102 2110
f 2098 2102 2103
f 2105 2099 2103
f 2099 2098 2103
f 4767 4766 4771
f 4771 4766 4770
f 4768 4767 4771
f 4771 4770 4768
f 1624 1663 1664
f 1628 1667 1664
f 1664 1668 1628
f 1643 1642 1628
f 1628 1668 1643
f 1605 1642 1643
f 1643 1644 1605
f 1670 1696 1692
f 1695 1696 1670
f 1671 1692 1666
f 1666 1632 1671
f 1632 1631 1671
f 1671 1670 1692
f 1631 1670 1671
f 1623 1593 3401
f 3401 1619 1623
f 1623 1619 1593
f 1593 1619 1620
f 1661 1621 1620
f 1620 1621 1593
f 1620 1660 1661
f 1620 1619 1660
f 3458 1556 3401
f 3458 1561 1556
f 3401 1593 3458
f 1593 1592 3458
f 1562 1561 1591
f 1591 1592 1562
f 1561 3458 1591
f 1556 1560 1539
f 1562 1557 1539
f 1539 1561 1562
f 1539 1560 1561
f 1667 1626 1625
f 1625 1595 1624
f 1625 1626 1595
f 1558 1557 1562
f 1558 1539 1557
f 1553 1554 1530
f 1554 1531 1530
f 1531 1517 1530
f 3449 3393 3396
f 1520 3393 3449
f 1511 1512 705
f 705 1512 742
f 705 640 1511
f 705 742 704
f 704 640 705
f 1515 1525 1873
f 1524 1525 1514
f 1524 1546 1842
f 1842 1525 1524
f 1600 1637 1640
f 1640 1602 1600
f 1637 1602 1640
f 1641 1637 1674
f 1641 1602 1637
f 1603 1602 1641
f 1641 1796 1603
f 1641 1674 1796
f 1714 1701 1698
f 1680 1693 1698
f 1698 1693 1692
f 4218 4220 4206
f 4201 4197 4169
f 4201 4204 4174
f 4174 4197 4201
f 4214 1578 4200
f 4199 4214 4200
f 4169 4199 4200
f 4200 4201 4169
f 1776 1793 1675
f 1761 1760 1776
f 1675 1645 1776
f 1776 1645 1607
f 1635 1672 1673
f 1813 1796 1673
f 1673 1796 1635
f 1676 1796 1813
f 1813 1672 1676
f 1676 1793 1796
f 1675 1793 1676
f 1676 1645 1675
f 1676 1672 1645
f 1709 1708 1712
f 1712 1696 1709
f 3543 3572 3573
f 3573 3574 3543
f 3547 3546 3544
f 3499 3546 3547
f 3466 3467 3406
f 3406 3465 3466
f 3466 3465 3526
f 3526 3523 3466
f 3523 3467 3466
f 4147 4117 4116
f 1717 5045 5044
f 5044 5019 1717
f 5044 5045 5020
f 5020 5019 5044
f 4996 5022 4997
f 4996 4981 4995
f 4995 4994 4996
f 4994 5022 4996
f 4996 4997 1260
f 1260 4981 4996
f 5021 5020 5049
f 5049 5022 5021
f 5021 4994 5020
f 5021 5022 4994
f 5010 5009 5011
f 5011 5009 5038
f 5038 5012 5011
f 4991 5010 5011
f 5011 5012 4991
f 5013 5014 4991
f 4991 5012 5013
f 5039 5017 5013
f 5013 5038 5039
f 5013 5012 5038
f 5036 5054 5052
f 5035 5054 5036
f 5052 5055 5036
f 5008 5035 5036
f 5036 5037 5008
f 1731 1745 5063
f 5063 5057 5061
f 1581 1606 1571
f 1581 1580 1606
f 1576 1611 1577
f 1577 1549 1576
f 1578 1549 1577
f 1609 1575 1605
f 1605 1644 1609
f 5040 5017 5043
f 5039 5037 5040
f 5040 5043 5039
f 1580 1581 1550
f 1571 1547 1550
f 1550 1581 1571
f 1528 1547 1548
f 1548 1549 1528
f 1528 1550 1547
f 1528 1549 5017
f 5014 5013 5018
f 5018 5013 5017
f 4196 4195 4992
f 4992 4195 5015
f 4992 5015 5014
f 5014 5018 4992
f 3309 3308 3352
f 3308 3351 3352
f 3310 3309 3352
f 3352 3311 3310
f 3352 3353 3311
f 3352 3354 3353
f 3351 3354 3352
f 3406 3467 3407
f 3407 3354 3406
f 3470 3527 3471
f 3471 3409 3470
f 3474 3532 3533
f 3474 3534 3535
f 3533 3534 3474
f 3474 3409 3473
f 3535 3489 3536
f 3538 3489 3488
f 3488 3489 3417
f 3417 3487 3488
f 3413 3361 3412
f 3412 3480 3481
f 4301 3413 3412
f 3412 3481 4301
f 3481 3480 3484
f 3415 3483 3484
f 4301 3481 3484
f 3484 3483 4301
f 3469 3409 3468
f 3410 3357 3356
f 3356 3409 3410
f 3356 3357 3311
f 3356 3311 3355
f 3355 3409 3356
f 3476 3409 3475
f 3487 3476 3475
f 3475 3488 3487
f 3535 3536 3475
f 3475 3474 3535
f 3409 3474 3475
f 4300 3413 4301
f 4301 4284 4300
f 4300 4284 3413
f 3359 3362 4314
f 4309 4310 4294
f 4308 4310 4309
f 4294 4293 4309
f 4309 4293 4308
f 4324 4308 3359
f 4324 4310 4308
f 4307 4292 4289
f 4307 4293 4292
f 4307 4289 4306
f 4308 4293 4307
f 4306 4323 4307
f 4307 4323 4308
f 4278 4294 4279
f 4278 4277 4294
f 4279 4266 4278
f 4266 4277 4278
f 4265 4263 4276
f 4276 4277 4265
f 4265 4277 4266
f 3364 3367 3365
f 3364 3317 3316
f 3264 3250 3263
f 3263 3284 3264
f 3279 3278 3263
f 3278 3284 3263
f 3263 2497 3279
f 3263 3250 2497
f 3278 2513 2514
f 2514 3314 3278
f 2515 2481 2514
f 2514 2541 2515
f 2514 2513 2541
f 2460 2466 2467
f 2467 4317 2460
f 2460 2459 2466
f 2460 4317 2459
f 3285 3317 3318
f 3318 3319 3285
f 3365 3319 3318
f 3318 3364 3365
f 3317 3364 3318
f 4240 4253 4254
f 4254 4241 4240
f 4242 4241 4254
f 4268 4266 4281
f 4268 4253 4266
f 4269 4254 4268
f 4268 4254 4253
f 4290 4275 4289
f 4289 4291 4290
f 4290 4291 4275
f 4188 4187 4305
f 4162 4187 4188
f 4188 4189 4162
f 1552 1585 1582
f 1582 3276 1552
f 1582 1585 3277
f 3277 3276 1582
f 1529 4322 1552
f 3259 4322 1529
f 1552 3276 1529
f 1529 3276 3259
f 4077 4100 4101
f 4101 4102 4077
f 4100 4102 4101
f 4103 4102 4100
f 4105 4104 4103
f 4103 4104 4078
f 4078 4102 4103
f 3305 3306 3277
f 3305 1656 3306
f 3305 3277 1614
f 1614 1656 3305
f 3400 3399 3401
f 3401 3348 3400
f 3400 3348 3399
f 3846 3881 3884
f 3881 2679 3884
f 3884 3883 3846
f 3884 3854 3883
f 3893 3884 2679
f 3854 3884 3893
f 2675 2657 2677
f 2677 2678 2675
f 2659 2646 2658
f 2658 2646 2657
f 2658 2678 2679
f 2657 2675 2658
f 2658 2675 2678
f 2658 2660 2659
f 2679 2660 2658
f 2850 2853 2851
f 2851 2853 2852
f 2851 2852 2815
f 2851 2815 2814
f 2851 2813 2850
f 2814 2813 2851
f 2802 2844 2845
f 2432 2844 2802
f 3785 3784 3780
f 661 727 728
f 727 733 728
f 729 661 728
f 728 733 729
f 543 514 542
f 542 514 541
f 542 573 543
f 542 572 573
f 568 572 542
f 542 541 568
f 535 514 508
f 541 514 535
f 508 534 535
f 535 534 541
f 512 508 497
f 497 496 512
f 512 496 508
f 497 492 506
f 492 491 506
f 506 496 497
f 506 491 496
f 2677 2700 2701
f 2701 2702 2677
f 2700 2702 2701
f 2736 2700 2705
f 2736 2702 2700
f 674 611 2740
f 674 612 611
f 2740 2741 674
f 2741 612 674
f 675 668 613
f 613 2774 675
f 2773 668 675
f 675 2741 2773
f 675 2774 2741
f 2770 604 2772
f 2772 2771 2770
f 2772 604 603
f 603 2741 2772
f 2741 2771 2772
f 664 677 665
f 677 676 665
f 603 664 665
f 665 676 614
f 494 510 511
f 493 3803 494
f 494 509 3727
f 508 496 494
f 494 496 495
f 494 3803 3804
f 587 549 586
f 587 550 549
f 586 551 587
f 551 550 587
f 1869 1890 1893
f 1898 1879 1893
f 1893 1879 1869
f 1893 1901 1898
f 1893 1890 1901
f 1905 1898 519
f 1905 1896 1898
f 1840 1865 1869
f 1869 1870 1840
f 1868 1841 1840
f 1867 1868 1840
f 1840 1870 1867
f 1840 1841 1815
f 1815 1819 1840
f 1871 1882 1894
f 1894 1882 1881
f 1506 1850 1826
f 1826 1505 1506
f 1506 1505 1850
f 1509 1505 1508
f 1508 1514 1509
f 1509 1514 1515
f 3833 3796 3795
f 3795 3798 3833
f 3831 3796 3833
f 3833 3798 3831
f 3761 3797 3757
f 3797 3798 3757
f 3757 3721 3761
f 3757 3725 3721
f 3818 3792 3827
f 3789 3821 3822
f 3822 3813 3789
f 3823 3821 3789
f 3866 3821 3823
f 3763 3723 3722
f 3763 3795 3764
f 3764 3723 3763
f 3906 3879 3908
f 3873 3879 3906
f 3906 3908 3900
f 3900 3873 3906
f 482 3885 3848
f 3848 3885 3886
f 486 483 3848
f 483 482 3848
f 3804 3803 3848
f 3848 3803 493
f 3848 494 495
f 493 494 3848
f 495 496 3848
f 488 484 486
f 488 485 484
f 487 485 488
f 486 3848 488
f 488 3848 487
f 3594 3595 3558
f 3558 737 3594
f 737 745 3594
f 3609 3595 743
f 743 745 3609
f 3595 3594 743
f 743 3594 745
f 3439 3502 3440
f 3502 3441 3440
f 3386 3439 3440
f 3440 3441 3386
f 3502 3445 3444
f 3444 3443 3502
f 3444 3445 3389
f 3444 3389 3386
f 3386 3443 3444
f 3344 3393 1520
f 640 641 589
f 641 3397 589
f 1519 1520 1511
f 3519 3459 1556
f 3461 3460 3514
f 3460 3459 3514
f 3514 3452 3461
f 3459 3519 3514
f 3582 3583 3551
f 3551 3550 3582
f 3550 3581 3582
f 3581 3603 3582
f 3585 3552 3584
f 3586 3552 3585
f 3584 3606 3585
f 3585 3606 3586
f 3587 3586 3588
f 3587 3552 3586
f 3587 3588 3553
f 3553 3552 3587
f 590 643 644
f 644 591 590
f 592 591 644
f 711 649 714
f 714 646 711
f 649 646 714
f 1544 1568 1545
f 1568 1546 1545
f 1526 1527 1515
f 1515 1873 1526
f 1526 1873 1895
f 1899 1895 1881
f 1881 1527 1899
f 1899 1526 1895
f 1527 1526 1899
f 3271 3257 3258
f 524 3257 3271
f 3275 524 3271
f 3258 3274 3271
f 3271 3274 3275
f 3248 524 756
f 3248 3257 524
f 3248 756 3258
f 3258 3257 3248
f 596 561 560
f 560 3342 596
f 559 558 560
f 3343 3342 560
f 528 559 560
f 560 561 528
f 560 3302 3343
f 560 558 3302
f 2903 2886 2885
f 2886 557 2885
f 2885 595 2903
f 2885 557 595
f 2992 2990 2993
f 2993 2958 2992
f 2992 2958 2990
f 2955 2990 2991
f 2991 2958 2955
f 2990 2958 2991
f 884 852 843
f 843 852 817
f 811 817 838
f 817 852 838
f 836 811 838
f 838 852 836
f 891 919 877
f 877 852 891
f 836 852 877
f 877 878 836
f 877 919 879
f 879 878 877
f 816 843 817
f 816 842 841
f 783 782 762
f 762 785 786
f 786 776 762
f 776 763 762
f 761 783 762
f 763 752 762
f 762 752 761
f 758 777 778
f 809 777 774
f 774 808 809
f 835 809 834
f 834 809 808
f 845 885 846
f 882 885 845
f 846 816 845
f 849 816 848
f 886 849 848
f 848 885 886
f 813 841 815
f 841 842 815
f 842 816 815
f 866 867 828
f 876 867 866
f 835 876 839
f 876 880 839
f 2887 2907 2888
f 2907 2889 2888
f 2888 2889 753
f 2888 2876 2887
f 2888 753 2876
f 772 773 753
f 772 806 773
f 772 753 771
f 771 806 772
f 769 803 804
f 807 804 803
f 807 808 774
f 774 804 807
f 2911 2909 2892
f 795 803 798
f 2909 2911 795
f 828 803 795
f 795 2911 2892
f 823 828 827
f 827 793 823
f 828 794 827
f 827 794 793
f 823 793 792
f 792 790 823
f 792 2877 790
f 2892 2877 792
f 2892 2909 2891
f 2909 2115 2891
f 2891 2877 2892
f 790 2877 2891
f 2891 2115 790
f 2112 2115 2910
f 2112 2108 791
f 791 2115 2112
f 2109 2101 2108
f 2109 2934 2101
f 84 83 85
f 85 114 84
f 85 83 53
f 53 86 85
f 86 114 85
f 143 110 107
f 107 142 143
f 166 167 143
f 143 142 166
f 181 159 158
f 181 182 159
f 117 115 148
f 148 112 117
f 115 112 148
f 111 146 147
f 76 110 111
f 111 112 76
f 111 147 117
f 117 112 111
f 76 112 113
f 113 109 76
f 79 50 49
f 49 24 48
f 27 24 49
f 49 50 27
f 49 77 79
f 94 95 60
f 60 95 86
f 60 86 54
f 60 61 94
f 59 61 60
f 60 36 59
f 54 36 60
f 2640 2638 2644
f 2644 2645 2640
f 2644 2638 2643
f 2643 2645 2644
f 3782 3816 3783
f 2640 3816 3782
f 3782 3786 2640
f 3842 3843 3800
f 3800 3841 3842
f 2647 2660 3842
f 3842 2660 3843
f 3842 3841 3816
f 3842 3817 2647
f 3816 3817 3842
f 3800 3843 3844
f 3844 3845 3800
f 3843 3845 3844
f 3881 3845 3882
f 3845 2660 3882
f 3882 2679 3881
f 3882 2660 2679
f 1802 3860 1821
f 3815 3860 1802
f 1802 1801 3815
f 1821 1803 1802
f 1802 1803 1786
f 1786 1801 1802
f 1767 1784 1785
f 1784 1801 1785
f 1786 1767 1785
f 1785 1801 1786
f 3765 3741 3723
f 3748 3741 3765
f 3765 3723 3764
f 3764 3748 3765
f 3764 3795 3754
f 3754 3747 3764
f 3794 3796 3830
f 3830 3831 3794
f 3831 3832 3794
f 3794 3832 3828
f 3828 3829 3794
f 1285 1284 1323
f 1323 1282 1285
f 1324 1282 1323
f 1325 1324 1323
f 1323 1289 1325
f 1323 1284 1289
f 3809 1313 1314
f 1314 1315 3809
f 3714 3744 3745
f 3689 3714 3715
f 1210 3689 1241
f 1241 1242 1210
f 3689 3715 1241
f 1241 3715 1242
f 1243 1244 1210
f 1210 1242 1243
f 1243 1277 1244
f 1243 1242 1277
f 3779 3778 3810
f 3810 3812 3779
f 3810 3778 3809
f 3809 3857 3810
f 3895 3911 1845
f 1845 3896 3895
f 3902 3911 3895
f 1822 3868 3905
f 3905 3904 1822
f 3868 3904 3905
f 3898 3912 3899
f 3899 3864 3898
f 3899 3912 3902
f 154 155 3663
f 64 65 39
f 39 20 19
f 19 38 39
f 3730 3707 3706
f 3737 3739 3708
f 3708 3707 3737
f 3737 3774 3773
f 3780 3739 3737
f 3737 3785 3780
f 3737 3730 3774
f 3737 3707 3730
f 3737 3782 3783
f 3783 3784 3737
f 3784 3785 3737
f 3786 3782 3737
f 3773 2637 3737
f 2637 3786 3737
f 139 133 102
f 102 138 139
f 139 156 133
f 3677 69 97
f 71 65 64
f 158 133 157
f 133 156 157
f 157 139 138
f 156 139 157
f 140 138 103
f 163 138 140
f 176 155 175
f 175 155 154
f 175 178 158
f 3654 178 175
f 175 3661 3655
f 175 3655 3654
f 1272 1235 1244
f 1237 1235 1272
f 1244 1273 1272
f 1272 1273 1237
f 2265 2315 2317
f 2315 2325 2317
f 2266 2265 2317
f 2317 2325 2266
f 2327 2328 2266
f 2380 2328 2327
f 2315 2368 2369
f 2369 2368 2422
f 2319 2328 2376
f 2343 2279 2342
f 2343 2335 2279
f 2335 2343 2381
f 2381 2376 2380
f 2380 2335 2381
f 2334 2276 2279
f 2279 2335 2334
f 2334 2335 2276
f 2382 2335 2380
f 2337 2335 2382
f 2380 2383 2382
f 2382 2383 2337
f 137 124 2181
f 136 124 137
f 2270 2272 137
f 2270 137 2271
f 2250 2293 2251
f 2251 2293 2294
f 2294 2295 2251
f 2204 2250 2251
f 2251 2208 2204
f 2251 2253 2208
f 2295 2253 2251
f 1503 2169 1501
f 2199 2169 1503
f 1501 1499 1503
f 1499 2199 1503
f 2649 2665 2666
f 2666 2141 2649
f 2355 2288 2354
f 2355 2414 2402
f 2355 2354 2412
f 2355 2413 2414
f 2412 2411 2355
f 2411 2413 2355
f 2281 2283 2282
f 2289 2283 2281
f 2289 2281 2243
f 2243 2288 2289
f 2349 2351 2350
f 2350 2285 2349
f 2351 2285 2350
f 2395 2346 2345
f 2395 2400 2346
f 2408 2353 2844
f 2408 2409 2353
f 2844 2446 2408
f 2408 2446 2409
f 2277 2338 2339
f 2389 2340 2339
f 2340 2277 2339
f 2456 2457 2429
f 2456 2455 2449
f 2449 2448 2456
f 2448 2457 2456
f 2428 2455 2456
f 2456 2429 2428
f 2453 2443 2442
f 2442 2454 2453
f 2449 2439 2438
f 2438 2439 2402
f 2438 2414 2449
f 2402 2414 2438
f 2402 2439 2440
f 2451 2452 2426
f 2420 2444 2451
f 2451 2426 2420
f 2451 2444 2443
f 2443 2452 2451
f 2422 2368 2367
f 2367 2421 2422
f 2420 2421 2367
f 2367 2373 2420
f 2316 2373 2367
f 2367 2313 2316
f 2314 2313 2367
f 2367 2368 2314
f 2443 2437 2436
f 3619 4780 3625
f 3625 4780 4776
f 3625 3620 3619
f 3625 4776 3620
f 41 68 2330
f 2330 68 2269
f 2269 2329 2330
f 2329 2377 2330
f 101 68 67
f 2272 68 101
f 101 137 2272
f 136 137 101
f 100 136 101
f 101 67 100
f 70 67 44
f 44 40 20
f 44 69 70
f 65 71 44
f 44 71 69
f 2160 2156 4898
f 4898 2177 2160
f 2157 2156 2160
f 2160 2177 2157
f 5026 234 247
f 247 1186 5026
f 247 234 246
f 246 243 247
f 243 1186 247
f 246 5025 263
f 5025 4999 263
f 263 4998 246
f 263 4999 4998
f 1809 1789 1808
f 1805 1809 1808
f 1811 1812 1790
f 1790 1810 1811
f 1838 1836 1811
f 1836 1812 1811
f 1752 1770 1771
f 1769 1770 1752
f 1768 1769 1752
f 1752 1750 1768
f 1752 1738 1750
f 1740 1754 1755
f 1739 1751 1740
f 1728 1739 1740
f 1740 1732 1728
f 1748 1732 1740
f 1740 1755 1748
f 1771 1791 1773
f 1773 1774 1755
f 1773 1791 1792
f 1792 1774 1773
f 5059 5058 1729
f 5059 5065 5060
f 1729 5065 5059
f 5060 5046 5059
f 5046 5058 5059
f 5061 5065 5066
f 5066 5065 1731
f 5066 5063 5061
f 1731 5063 5066
f 1760 1778 1779
f 1778 1777 1779
f 1779 1777 1793
f 1779 1776 1760
f 1793 1776 1779
f 4817 4839 4833
f 4833 4834 4817
f 4839 4858 4833
f 4858 4834 4833
f 4045 4049 4046
f 4045 4038 4049
f 4045 4046 4033
f 4045 4033 4043
f 4045 4043 4041
f 4041 4038 4045
f 4281 4284 4283
f 2486 4284 4285
f 2486 4283 4284
f 4301 2467 2486
f 2486 4285 4301
f 2467 2485 2486
f 2486 4270 4281
f 4281 4283 2486
f 1015 1038 1012
f 3294 3324 3292
f 3292 3266 3294
f 3292 1013 3266
f 3326 985 3325
f 3325 985 3327
f 3325 3336 3326
f 3325 3327 3336
f 3432 3379 3378
f 3433 3379 3432
f 3432 3378 3431
f 3431 3433 3432
f 3297 837 3299
f 3272 837 3297
f 3299 3332 3297
f 3297 3332 3298
f 3298 3272 3297
f 2503 2474 2501
f 2532 2579 2533
f 2579 2534 2533
f 2501 2532 2533
f 2533 2503 2501
f 2534 2503 2533
f 1022 2474 995
f 2474 2475 995
f 995 994 1022
f 995 2475 994
f 895 857 897
f 2477 857 895
f 948 947 993
f 948 994 2476
f 897 947 948
f 948 993 996
f 996 994 948
f 821 788 787
f 892 894 856
f 856 855 892
f 892 893 894
f 892 855 854
f 854 893 892
f 944 894 943
f 894 893 943
f 982 944 943
f 824 860 861
f 861 839 880
f 865 858 861
f 861 858 824
f 861 828 865
f 861 866 828
f 922 882 921
f 899 898 910
f 899 860 898
f 917 916 874
f 874 873 917
f 917 873 916
f 954 916 955
f 955 907 954
f 956 1001 957
f 957 907 956
f 955 1001 956
f 956 907 955
f 909 899 910
f 874 916 918
f 916 954 918
f 918 954 907
f 1027 1030 1039
f 999 1030 1027
f 1036 1037 1007
f 1007 1035 1036
f 1039 1037 1036
f 1036 1027 1039
f 1035 1027 1036
f 886 926 927
f 927 889 886
f 927 933 889
f 968 926 967
f 967 926 971
f 967 971 1000
f 1000 1007 967
f 967 1007 968
f 974 957 932
f 957 926 932
f 930 974 932
f 932 931 930
f 886 931 932
f 932 926 886
f 924 925 884
f 884 923 924
f 977 935 933
f 889 933 934
f 934 935 889
f 933 935 934
f 975 1010 1009
f 981 980 1011
f 988 980 989
f 988 944 982
f 988 989 944
f 988 1011 980
f 982 981 988
f 981 1011 988
f 961 912 3176
f 961 962 912
f 2479 2478 2507
f 2507 2508 2479
f 2507 2478 2477
f 2507 2536 2508
f 2507 2535 2536
f 2504 2535 2505
f 2534 2535 2504
f 2504 2503 2534
f 2505 2474 2504
f 2474 2503 2504
f 2470 3241 3240
f 3240 2461 2470
f 3251 3244 3249
f 3249 3252 3251
f 3251 3252 3244
f 3242 3240 3241
f 3241 3245 3242
f 4495 4483 4482
f 4478 4483 4495
f 4482 4480 4495
f 4495 4479 4478
f 4495 4480 4479
f 4591 4564 1983
f 1983 4592 4591
f 4591 4592 4564
f 4541 4520 4519
f 4519 4518 4541
f 4519 4520 4506
f 4506 4505 4519
f 4519 4505 4518
f 4574 4553 4552
f 4574 4573 4553
f 4574 4552 1983
f 1983 4573 4574
f 1366 1384 1382
f 1384 1385 1382
f 1382 1367 1366
f 1382 1385 1367
f 1414 1393 1415
f 1393 1390 1415
f 1363 2165 1364
f 1363 1381 2145
f 1363 1364 1352
f 1352 1351 1363
f 2145 2165 1363
f 2232 2185 2231
f 2185 2190 2231
f 2231 2238 2232
f 2231 2190 2238
f 2163 2192 2164
f 2163 2164 2145
f 2145 2162 2163
f 2185 2233 2186
f 2186 2162 2185
f 2145 2148 2161
f 2161 2162 2145
f 2148 2162 2161
f 2238 2190 2189
f 2190 2162 2189
f 2245 2196 2195
f 2195 2244 2245
f 2245 2244 2281
f 2235 2282 2283
f 2196 2245 2235
f 2281 2282 2235
f 2235 2245 2281
f 1350 1354 2141
f 1350 1343 1354
f 1351 1343 1350
f 1362 2146 1381
f 1351 2146 1362
f 1381 1363 1362
f 1362 1363 1351
f 1164 1173 1165
f 1165 1147 1164
f 1165 1173 1166
f 1166 1147 1165
f 1144 1142 1140
f 1143 1142 1144
f 1114 1088 1112
f 1114 1115 1088
f 1112 1113 1114
f 1113 1143 1114
f 1143 1144 1114
f 1140 1115 1114
f 1114 1144 1140
f 1167 1147 1166
f 1090 1072 1071
f 1090 1119 1091
f 1071 1070 1090
f 1090 1073 1072
f 1091 1073 1090
f 4700 4686 4685
f 4694 4686 4700
f 4685 4699 4700
f 4699 4694 4700
f 3987 3956 3986
f 3986 3957 3987
f 3987 3957 3956
f 1134 1159 1160
f 1160 1159 1164
f 1160 1161 1134
f 1160 1164 1161
f 1129 1157 1155
f 1128 1157 1129
f 1100 1128 1129
f 1129 1126 1100
f 1155 1126 1129
f 1151 1157 1128
f 1166 1157 1151
f 1151 1120 1119
f 4491 1102 1132
f 1132 4492 4491
f 1102 4492 1132
f 1131 1102 1124
f 1131 4492 1102
f 1124 1154 1131
f 1154 4492 1131
f 1130 1102 4491
f 1130 4490 1102
f 4491 4460 1130
f 4460 4490 1130
f 3098 3099 3067
f 3067 3089 3098
f 3135 3099 3098
f 3128 3135 3098
f 3098 3089 3128
f 3127 3089 3126
f 3163 3162 3126
f 3126 3162 3165
f 3165 3127 3126
f 3125 3124 3163
f 3125 3089 3124
f 3163 3126 3125
f 3125 3126 3089
f 2095 2096 2978
f 2978 2979 2095
f 2096 2097 2978
f 2097 2979 2978
f 2023 2048 2047
f 2047 2024 2023
f 2050 2049 2047
f 2049 2024 2047
f 2071 2046 2070
f 2070 2048 2071
f 2071 2048 2046
f 1957 2102 1936
f 1958 2102 1957
f 1969 1970 1946
f 1946 1936 1923
f 1986 1987 1956
f 1956 1970 1986
f 1956 1946 1970
f 1956 1987 1988
f 1956 1957 1936
f 1936 1946 1956
f 1988 1958 1956
f 1958 1957 1956
f 1945 1944 1943
f 1943 1968 1945
f 1945 1968 1969
f 1969 1946 1945
f 1923 1944 1945
f 1945 1946 1923
f 2026 2017 2027
f 2027 1998 2026
f 2017 1998 2027
f 1669 1691 1695
f 1695 1670 1669
f 1669 1670 1631
f 1661 1691 1669
f 1669 1630 1661
f 1669 1631 1630
f 1618 3458 1592
f 1592 1591 1618
f 1618 1591 3458
f 1556 1539 1538
f 1538 1539 1520
f 1538 1537 1556
f 1520 1537 1538
f 1559 1555 1553
f 1553 1539 1559
f 1539 1558 1559
f 1665 1664 1667
f 1667 1625 1665
f 1624 1664 1665
f 1665 1625 1624
f 1589 1558 1562
f 1590 1558 1589
f 1589 1562 1597
f 1597 1590 1589
f 1586 1590 1587
f 1586 1558 1590
f 1586 1559 1558
f 1587 1555 1586
f 1555 1559 1586
f 1520 1539 1540
f 1540 1530 1520
f 1540 1539 1553
f 1553 1530 1540
f 1511 1520 1516
f 1520 1530 1516
f 1516 1517 1511
f 1516 1530 1517
f 3455 3449 3396
f 3455 3453 3508
f 3508 3449 3455
f 1536 1537 1520
f 1520 3449 1536
f 1556 1537 1536
f 1536 3449 1556
f 3509 3449 3508
f 1556 3449 3509
f 1872 1525 1842
f 1872 1873 1525
f 1895 1873 1872
f 1872 1842 1871
f 1871 1894 1872
f 1881 1895 1872
f 1872 1894 1881
f 1546 1524 1523
f 1523 1545 1546
f 1514 1522 1523
f 1523 1524 1514
f 1523 1522 1544
f 1544 1545 1523
f 4219 4218 4206
f 4206 4205 4219
f 4219 4205 4202
f 4219 4202 4204
f 4204 4201 4219
f 4219 4201 4218
f 1680 1698 1699
f 1713 1698 1701
f 1701 1700 1713
f 1713 1699 1698
f 1700 1699 1713
f 1680 1699 1681
f 1681 1699 1700
f 4206 4220 1681
f 1681 1701 4206
f 1681 1700 1701
f 4201 4200 4217
f 4218 4201 4217
f 4220 4218 4217
f 1578 1613 4215
f 4215 4200 1578
f 1697 1672 1813
f 1813 1673 1697
f 1697 1673 1672
f 1711 1708 4221
f 1711 1712 1708
f 1711 4221 1714
f 1696 1712 1711
f 1714 1698 1711
f 1692 1696 1711
f 1711 1698 1692
f 3544 3574 3575
f 3575 3547 3544
f 3548 3549 3499
f 3499 3547 3548
f 3577 3578 3548
f 3578 3549 3548
f 3547 3575 3548
f 3548 3575 3574
f 3574 3573 3548
f 3548 3573 3572
f 4144 4121 4148
f 4148 4121 4149
f 4149 4117 4148
f 4117 4147 4148
f 4178 4145 4144
f 4144 4148 4178
f 4178 4148 4147
f 5056 5055 5042
f 5056 5036 5055
f 5037 5036 5056
f 5042 5040 5056
f 5056 5040 5037
f 1743 1745 1744
f 1743 1762 1745
f 1743 1744 1730
f 1730 1742 1743
f 1742 1762 1743
f 1757 1742 1741
f 1757 1762 1742
f 1610 1577 1611
f 1578 1577 1610
f 1610 1609 1648
f 1610 1611 1575
f 1575 1609 1610
f 1646 1609 1644
f 1646 1643 1668
f 1644 1643 1646
f 1646 1663 1662
f 1646 1664 1663
f 1668 1664 1646
f 5041 5040 5042
f 5017 1549 4993
f 4993 5018 5017
f 4993 4992 5018
f 4979 1549 1578
f 4979 4993 1549
f 4992 4993 4979
f 3408 3407 3467
f 3354 3407 3408
f 3467 3409 3408
f 3408 3409 3354
f 3529 3527 3532
f 3529 3471 3527
f 3530 3529 3532
f 3537 3489 3538
f 3537 3536 3489
f 3538 3475 3537
f 3537 3475 3536
f 3416 3476 3487
f 3417 3368 3416
f 3416 3487 3417
f 3416 3368 3415
f 3415 3485 3416
f 3411 3412 3361
f 3480 3412 3411
f 3411 3410 3469
f 3361 3410 3411
f 3538 3488 3539
f 3539 3475 3538
f 3488 3475 3539
f 3359 4314 4312
f 4312 4296 3359
f 3413 4299 4316
f 4299 4297 4316
f 4311 4324 3359
f 4310 4324 4311
f 3359 4296 4311
f 4296 4310 4311
f 4266 4267 4249
f 4249 4265 4266
f 4249 4264 4250
f 4249 4267 4264
f 4250 4238 4249
f 4248 4263 4249
f 4263 4265 4249
f 4249 4236 4248
f 4249 4238 4236
f 3414 3367 3363
f 3367 3364 3363
f 3316 3314 3363
f 3363 3364 3316
f 3363 2465 3414
f 3314 2514 3363
f 3363 2514 2481
f 2482 2465 3363
f 3363 2481 2482
f 4242 4254 4255
f 4255 4254 4269
f 4255 4256 4242
f 4269 4256 4255
f 4282 4270 4269
f 4269 4268 4282
f 4281 4270 4282
f 4282 4268 4281
f 4305 4189 4321
f 4321 4188 4305
f 4189 4188 4321
f 4129 4103 4100
f 4105 4103 4129
f 4129 4100 4132
f 4132 4105 4129
f 2679 2704 3894
f 3894 3893 2679
f 2705 3854 3856
f 3854 3893 3856
f 2761 2724 2760
f 2803 2802 2845
f 2845 2806 2803
f 2806 2761 2803
f 2761 2760 2803
f 2803 2760 2802
f 2274 2226 4
f 2226 2225 4
f 9 2274 3674
f 3674 3698 9
f 2274 4 3674
f 3674 4 2225
f 2183 3674 2225
f 2227 2228 2183
f 2183 2226 2227
f 2183 2225 2226
f 2184 2638 2183
f 2183 2228 2184
f 2702 2736 2737
f 2737 2736 2705
f 603 665 666
f 666 665 614
f 666 667 603
f 614 667 666
f 2662 511 2648
f 511 510 2648
f 2661 2662 2648
f 2648 3727 2661
f 507 511 533
f 507 494 511
f 533 534 507
f 507 534 508
f 508 494 507
f 517 1896 518
f 1896 1905 518
f 518 1905 519
f 519 500 518
f 500 517 518
f 1819 1843 1844
f 1844 1840 1819
f 1844 1843 1866
f 1866 1865 1844
f 1865 1840 1844
f 1850 1505 1510
f 1505 1509 1510
f 1510 1509 1515
f 3725 3757 3766
f 3766 3757 3798
f 3829 3864 3863
f 3790 3789 3813
f 3790 3813 3812
f 3812 3810 3790
f 3791 3745 3743
f 3743 3745 3744
f 3743 3790 3791
f 3789 3790 3743
f 3743 3744 3713
f 3713 3742 3743
f 3789 3743 3788
f 3868 3821 3867
f 3867 3866 3868
f 3821 3866 3867
f 3897 3904 3903
f 3903 3866 3897
f 3903 3904 3868
f 3868 3866 3903
f 3847 492 487
f 487 3848 3847
f 3847 491 492
f 496 491 3847
f 3847 3848 496
f 3849 3886 3888
f 3849 3848 3886
f 3888 3887 3849
f 3849 3887 3852
f 3804 3848 3849
f 3849 3806 3804
f 3849 3852 3806
f 3396 3393 3392
f 3392 3344 3396
f 3393 3344 3392
f 3395 3394 3396
f 3396 3344 3395
f 3395 3344 3394
f 1534 3344 1520
f 1511 639 1518
f 1518 1519 1511
f 3397 3394 3345
f 3394 3344 3345
f 3303 3344 501
f 501 1519 3303
f 3303 3345 3344
f 3515 3453 3452
f 3452 3514 3515
f 3508 3453 3515
f 3515 3514 3519
f 3598 3603 3599
f 3599 3563 3598
f 3599 3580 3600
f 3600 3563 3599
f 3598 3583 3604
f 3583 3582 3604
f 3604 3603 3598
f 3604 3582 3603
f 645 646 592
f 592 644 645
f 712 646 645
f 643 712 713
f 713 644 643
f 712 645 713
f 713 645 644
f 843 816 851
f 844 841 882
f 844 816 841
f 882 845 844
f 844 845 816
f 782 785 784
f 784 762 782
f 785 762 784
f 846 885 847
f 885 848 847
f 847 816 846
f 847 848 816
f 779 816 817
f 779 815 816
f 813 815 779
f 779 778 813
f 758 778 779
f 875 834 832
f 835 834 875
f 875 876 835
f 875 867 876
f 832 828 868
f 828 867 868
f 868 875 832
f 867 875 868
f 905 880 876
f 876 866 905
f 905 861 880
f 866 861 905
f 840 839 882
f 882 841 840
f 2961 767 2960
f 769 767 2961
f 2961 798 769
f 2961 766 798
f 2959 2966 2965
f 2965 2960 2959
f 2965 2961 2960
f 766 2961 2965
f 769 804 805
f 771 770 805
f 805 770 769
f 805 804 774
f 805 806 771
f 774 806 805
f 833 834 808
f 808 807 833
f 832 834 833
f 833 803 832
f 833 807 803
f 798 766 797
f 797 795 798
f 766 2965 797
f 829 794 828
f 828 795 829
f 829 795 794
f 2892 792 765
f 765 792 793
f 793 794 765
f 765 795 2892
f 794 795 765
f 2934 2109 2935
f 2910 2934 2935
f 2935 2112 2910
f 2108 2112 2935
f 2935 2109 2108
f 158 169 168
f 169 143 168
f 168 143 167
f 168 181 158
f 182 181 168
f 168 167 166
f 166 182 168
f 172 146 171
f 147 146 172
f 172 180 183
f 172 183 174
f 174 147 172
f 172 171 158
f 158 180 172
f 171 146 170
f 170 169 171
f 146 111 145
f 145 170 146
f 110 143 145
f 145 111 110
f 145 143 169
f 169 170 145
f 115 109 144
f 109 113 144
f 144 112 115
f 144 113 112
f 47 49 48
f 77 49 47
f 48 22 47
f 47 22 46
f 47 74 78
f 47 46 74
f 78 75 47
f 75 76 47
f 76 77 47
f 3756 3742 3718
f 3718 3712 3691
f 3713 3712 3718
f 3718 3742 3713
f 3826 3794 3829
f 3792 3794 3826
f 3826 3829 3827
f 3827 3792 3826
f 3796 3794 3755
f 3795 3796 3755
f 3755 3754 3795
f 1321 1313 1311
f 1321 1314 1313
f 1322 1281 1321
f 1321 1281 1280
f 1321 1326 1322
f 1321 1332 1326
f 1321 1304 1332
f 1311 1331 1321
f 1321 1331 1304
f 3714 3745 3746
f 3746 3715 3714
f 3746 3745 3791
f 3746 1278 1242
f 1280 1242 1279
f 1242 1278 1279
f 1279 1278 3825
f 3824 3810 3857
f 3824 3825 3791
f 3824 3857 1316
f 3791 3790 3824
f 3824 3790 3810
f 1316 1315 3824
f 3824 1333 3870
f 1315 1314 3824
f 1314 1333 3824
f 3864 3899 3865
f 3902 3895 3865
f 3865 3899 3902
f 9 3730 18
f 19 9 18
f 18 38 19
f 3734 38 18
f 18 3775 3734
f 3677 3663 3676
f 3676 140 103
f 3676 3663 155
f 155 140 3676
f 3656 3663 3664
f 20 39 43
f 43 39 65
f 43 44 20
f 65 44 43
f 3730 3706 3736
f 3736 3706 3734
f 3736 3775 3730
f 3734 3775 3736
f 3662 3663 3656
f 3656 3661 3662
f 154 3663 3662
f 3662 175 154
f 63 39 3677
f 3677 97 63
f 64 39 63
f 163 140 164
f 164 155 176
f 164 138 163
f 164 157 138
f 176 175 177
f 177 164 176
f 157 164 177
f 158 157 177
f 177 175 158
f 2371 2325 2315
f 2266 2325 2326
f 2326 2327 2266
f 2325 2371 2326
f 2326 2371 2378
f 2376 2375 2374
f 2374 2319 2376
f 2375 2319 2374
f 2266 2319 2320
f 2320 2319 2375
f 2320 2321 2266
f 2320 2375 2321
f 2266 2328 2318
f 2318 2319 2266
f 2328 2319 2318
f 2342 2376 2393
f 2376 2381 2393
f 2393 2343 2342
f 2393 2381 2343
f 2270 2271 2221
f 2221 2220 2270
f 2180 2220 2221
f 2221 2181 2180
f 2221 137 2181
f 2221 2271 137
f 1354 1343 1349
f 2141 1354 1349
f 1349 2649 2141
f 1343 1342 1349
f 1349 1342 2649
f 2665 2649 1334
f 1334 1335 2686
f 2686 2665 1334
f 2347 2289 2288
f 2347 2355 2402
f 2288 2355 2347
f 2345 2283 2347
f 2283 2289 2347
f 2398 2436 2437
f 2426 2452 2427
f 2427 2383 2426
f 2427 2452 2443
f 2443 2453 2427
f 2427 2455 2428
f 2428 2383 2427
f 2427 2453 2454
f 2427 2439 2455
f 2454 2439 2427
f 2402 2440 2403
f 2442 2443 2403
f 2443 2434 2403
f 2403 2347 2402
f 2441 2439 2454
f 2441 2440 2439
f 2441 2454 2442
f 2442 2403 2441
f 2441 2403 2440
f 2435 2434 2443
f 2443 2436 2435
f 41 2330 42
f 42 2330 2377
f 42 2324 41
f 42 2377 2324
f 67 40 66
f 66 44 67
f 40 44 66
f 1804 1788 1805
f 1805 1808 1804
f 1804 1789 1788
f 1804 1808 1789
f 1835 1811 1810
f 1834 1862 1835
f 1835 1810 1834
f 1835 1862 1863
f 1751 1738 1753
f 1738 1752 1753
f 1753 1752 1771
f 1771 1773 1753
f 1753 1740 1751
f 1754 1740 1753
f 4257 2486 2485
f 4270 2486 4257
f 2485 2519 4257
f 4257 2519 4242
f 4242 4256 4257
f 4269 4270 4257
f 4257 4256 4269
f 3324 985 3291
f 3291 3292 3324
f 3291 985 1013
f 1013 3292 3291
f 897 948 2462
f 2462 895 897
f 2462 948 2476
f 2477 895 2462
f 2462 2476 2477
f 854 855 820
f 855 821 820
f 820 821 787
f 788 821 2464
f 2464 2478 2479
f 2479 788 2464
f 2463 855 2478
f 2463 821 855
f 2478 2464 2463
f 2463 2464 821
f 3247 893 854
f 882 839 881
f 881 861 882
f 839 861 881
f 901 952 928
f 972 928 951
f 928 952 951
f 951 950 972
f 951 899 950
f 952 899 951
f 958 957 930
f 958 907 957
f 950 899 949
f 899 909 949
f 907 909 908
f 1028 1027 1035
f 1028 1007 1000
f 1028 1035 1007
f 1000 999 1028
f 999 1027 1028
f 933 927 970
f 970 927 926
f 937 923 889
f 976 975 1009
f 976 977 933
f 933 975 976
f 1010 975 969
f 969 926 968
f 968 1010 969
f 969 970 926
f 969 975 933
f 933 970 969
f 1002 1003 962
f 962 961 1002
f 1031 1003 1002
f 3176 1031 1002
f 1002 961 3176
f 2505 2535 2506
f 2535 2507 2506
f 2506 2507 2477
f 2477 2476 2506
f 2476 2475 2506
f 2506 2475 2505
f 3245 3252 3246
f 3246 3242 3245
f 3246 3252 3254
f 3246 3247 3242
f 3254 3255 3246
f 3246 3256 3253
f 3246 3255 3256
f 1411 1389 1414
f 1414 1415 1411
f 1411 1386 1389
f 1411 1390 1386
f 1411 1415 1390
f 2187 2163 2162
f 2234 2192 2187
f 2162 2186 2187
f 2187 2233 2234
f 2187 2186 2233
f 2237 2285 2238
f 2238 2189 2237
f 2236 2285 2237
f 2166 2196 2197
f 2196 2235 2197
f 2236 2235 2284
f 2284 2235 2283
f 2284 2285 2236
f 2283 2285 2284
f 2144 1350 2141
f 1351 1350 2144
f 2141 2146 2144
f 2144 2146 1351
f 1116 1147 1148
f 1147 1167 1148
f 1117 1088 1116
f 1117 1090 1088
f 1069 1088 1089
f 1088 1090 1089
f 1070 1069 1089
f 1089 1090 1070
f 1121 1151 1128
f 1120 1151 1121
f 1121 1128 1100
f 1100 1091 1121
f 1091 1120 1121
f 1150 1151 1119
f 2050 2047 2072
f 2072 2047 2048
f 2072 2074 2050
f 2072 2048 2074
f 3396 3453 3454
f 3454 3455 3396
f 3453 3455 3454
f 1588 3509 3508
f 3508 3515 1588
f 1556 3509 1588
f 1588 3515 3519
f 1588 3519 1556
f 1613 1650 1651
f 1651 4217 1613
f 1651 1650 1680
f 1680 1681 1651
f 1651 1681 4220
f 4220 4217 1651
f 4216 4217 4200
f 4200 4215 4216
f 1613 4217 4216
f 4216 4215 1613
f 1647 1662 1666
f 1647 1646 1662
f 1648 1609 1647
f 1609 1646 1647
f 1694 1693 1680
f 1680 1679 1694
f 1666 1693 1694
f 3572 3577 3576
f 3576 3548 3572
f 3577 3548 3576
f 4146 4147 4116
f 4146 4178 4147
f 4116 4115 4146
f 4146 4115 4145
f 4145 4178 4146
f 1741 1761 1756
f 1756 1757 1741
f 1761 1776 1756
f 1756 1776 1607
f 1762 1757 1763
f 1745 1762 1763
f 1763 1780 5042
f 5042 5057 1763
f 1806 1528 5017
f 1550 1528 1806
f 1806 5041 5042
f 5040 5041 1806
f 1612 1613 1578
f 1578 1610 1612
f 4194 4979 1578
f 4992 4979 4194
f 4196 4992 4194
f 4194 4214 4196
f 4194 1578 4214
f 3531 3474 3473
f 3473 3530 3531
f 3532 3474 3531
f 3531 3530 3532
f 3471 3529 3472
f 3529 3530 3472
f 3472 3530 3473
f 3473 3409 3472
f 3409 3471 3472
f 3486 3540 3476
f 3476 3416 3486
f 3486 3485 3540
f 3486 3416 3485
f 3479 3484 3480
f 3480 3411 3479
f 3415 3484 3479
f 3479 3485 3415
f 4313 4314 4297
f 4313 4312 4314
f 4313 4297 4296
f 4296 4312 4313
f 4315 4314 3362
f 4315 3362 3413
f 3413 4316 4315
f 4297 4314 4315
f 4315 4316 4297
f 2739 3856 3893
f 2739 3894 2704
f 3893 3894 2739
f 2723 2760 2724
f 2723 2724 2691
f 3698 3674 3697
f 3697 3728 3729
f 3729 3698 3697
f 3674 2183 3697
f 3768 3769 3727
f 509 494 3768
f 3768 494 3804
f 3804 3769 3768
f 3771 3727 3770
f 3727 3769 3770
f 3770 3769 3804
f 3804 3806 3770
f 3770 3805 3771
f 3806 3805 3770
f 2677 2702 2703
f 2702 2737 2703
f 2703 2704 2677
f 2703 2737 2704
f 2738 2737 2705
f 2704 2737 2738
f 2705 3856 2738
f 2738 2739 2704
f 3856 2739 2738
f 3727 2648 3726
f 3726 2648 510
f 3726 494 3727
f 510 494 3726
f 1515 1850 1875
f 1875 1510 1515
f 1850 1510 1875
f 3725 3766 3762
f 3795 3763 3762
f 3722 3725 3762
f 3762 3763 3722
f 3829 3863 3819
f 3819 3788 3818
f 3819 3863 3864
f 3864 3865 3819
f 3751 3743 3742
f 3787 3743 3792
f 3787 3788 3743
f 3792 3818 3787
f 3818 3788 3787
f 501 3344 3304
f 3304 1534 501
f 3344 1534 3304
f 1535 1519 501
f 501 1534 1535
f 1520 1519 1535
f 1535 1534 1520
f 3580 3599 3602
f 3602 3599 3603
f 3602 3581 3580
f 3602 3603 3581
f 850 816 849
f 850 851 816
f 886 888 850
f 850 849 886
f 850 888 889
f 889 887 850
f 883 923 884
f 884 843 883
f 843 851 883
f 883 850 887
f 851 850 883
f 889 923 883
f 883 887 889
f 817 785 818
f 818 779 817
f 785 779 818
f 758 779 780
f 780 779 785
f 780 781 758
f 780 785 781
f 812 778 777
f 812 809 835
f 777 809 812
f 835 839 812
f 839 840 812
f 813 778 814
f 814 841 813
f 814 840 841
f 778 812 814
f 814 812 840
f 796 2965 2966
f 796 797 2965
f 2936 2932 796
f 795 797 796
f 796 2932 2909
f 2909 795 796
f 3749 3743 3750
f 3792 3743 3749
f 3749 3794 3792
f 3749 3755 3794
f 1317 1279 3825
f 1320 1321 1280
f 1314 1321 1320
f 3793 3746 3791
f 1278 3746 3793
f 3791 3825 3793
f 3825 1278 3793
f 1242 3715 1276
f 1276 3746 1242
f 3715 3746 1276
f 3730 3775 3776
f 3776 18 3730
f 3775 18 3776
f 103 3677 3700
f 3700 3676 103
f 3677 3676 3700
f 3656 3664 3665
f 3682 3666 3665
f 3666 3656 3665
f 3681 3692 3682
f 3682 3665 3681
f 3679 3707 3708
f 3679 3706 3707
f 3677 3702 3703
f 3703 3679 3677
f 3734 3706 3703
f 3706 3679 3703
f 39 3702 62
f 3733 38 3734
f 3734 3703 3733
f 3733 3703 3702
f 3733 39 38
f 3733 3702 39
f 3661 175 3675
f 3675 3662 3661
f 175 3662 3675
f 69 71 98
f 98 97 69
f 98 63 97
f 98 71 64
f 64 63 98
f 165 140 155
f 155 164 165
f 165 164 140
f 2422 2378 2370
f 2378 2371 2370
f 2370 2369 2422
f 2315 2369 2370
f 2370 2371 2315
f 2380 2327 2379
f 2327 2326 2379
f 2379 2326 2378
f 2379 2383 2380
f 2424 2383 2379
f 2422 2424 2379
f 2379 2378 2422
f 1338 1342 1343
f 1339 1335 1338
f 1338 1343 1339
f 2399 2398 2437
f 2400 2395 2399
f 2399 2395 2345
f 2345 2398 2399
f 2345 2347 2396
f 2396 2435 2436
f 2434 2435 2396
f 2396 2403 2434
f 2347 2403 2396
f 1811 1835 1837
f 1837 1865 1866
f 1837 1866 1838
f 1838 1811 1837
f 1754 1753 1772
f 1772 1753 1773
f 1755 1754 1772
f 1772 1773 1755
f 1014 3253 1038
f 1038 1015 1014
f 819 820 787
f 3240 3242 819
f 3242 820 819
f 986 3246 3253
f 3253 1014 986
f 986 1014 1015
f 986 1016 987
f 1012 1016 986
f 986 1015 1012
f 853 3247 854
f 3242 3247 853
f 854 820 853
f 853 820 3242
f 953 901 928
f 860 901 902
f 901 953 902
f 922 921 902
f 902 928 922
f 902 953 928
f 900 899 952
f 952 901 900
f 860 899 900
f 900 901 860
f 973 958 930
f 973 930 972
f 959 909 907
f 907 958 959
f 959 958 909
f 950 949 960
f 960 949 909
f 972 950 960
f 960 973 972
f 909 958 960
f 958 973 960
f 907 908 863
f 863 862 869
f 826 862 863
f 910 898 863
f 898 911 863
f 863 909 910
f 863 908 909
f 863 869 830
f 830 874 863
f 863 864 826
f 911 864 863
f 966 924 923
f 923 937 966
f 979 976 1009
f 977 976 979
f 1009 980 979
f 2192 2163 2191
f 2191 2187 2192
f 2163 2187 2191
f 2236 2237 2188
f 2188 2235 2236
f 2188 2189 2162
f 2188 2237 2189
f 2188 2197 2235
f 2188 2162 2166
f 2166 2197 2188
f 1119 1090 1118
f 1090 1117 1118
f 1118 1117 1116
f 1116 1148 1118
f 1118 1148 1119
f 1149 1150 1119
f 1167 1150 1149
f 1119 1148 1149
f 1149 1148 1167
f 1168 1150 1167
f 1151 1150 1168
f 1168 1167 1166
f 1166 1151 1168
f 1648 1647 1678
f 1678 1694 1679
f 1757 1756 1775
f 1775 1763 1757
f 1775 1756 1607
f 1607 1580 1775
f 1580 1780 1775
f 1780 1763 1775
f 5064 1763 5057
f 1745 1763 5064
f 5057 5063 5064
f 5064 5063 1745
f 5042 1780 1797
f 1797 1806 5042
f 1797 1780 1580
f 1580 1806 1797
f 1580 1550 1579
f 1579 1806 1580
f 1550 1806 1579
f 5017 5040 5016
f 5016 1806 5017
f 5040 1806 5016
f 1613 1612 1649
f 1649 1612 1610
f 1649 1610 1648
f 1649 1650 1613
f 1648 1678 1649
f 1649 1678 1679
f 1680 1650 1649
f 1649 1679 1680
f 3478 3411 3469
f 3478 3479 3411
f 3528 3478 3469
f 3479 3478 3528
f 3540 3485 3477
f 3485 3479 3477
f 3479 3528 3477
f 3476 3540 3477
f 3477 3528 3469
f 3469 3468 3477
f 3477 3409 3476
f 3477 3468 3409
f 2802 2760 2801
f 2432 2433 2392
f 2392 2391 2432
f 2392 2691 2690
f 2690 2344 2392
f 2392 2344 2341
f 2341 2340 2392
f 2340 2391 2392
f 3728 3697 3696
f 3696 3697 2183
f 3696 2638 3728
f 3696 2183 2638
f 3727 509 3767
f 3767 3768 3727
f 509 3768 3767
f 3795 3762 3802
f 3802 3762 3766
f 3802 3798 3795
f 3802 3766 3798
f 3829 3819 3861
f 3861 3819 3818
f 3827 3829 3861
f 3861 3818 3827
f 3788 3819 3820
f 3823 3789 3820
f 3789 3788 3820
f 3820 3866 3823
f 3862 3865 3895
f 3862 3819 3865
f 3862 3895 3896
f 3862 3896 3897
f 3897 3866 3862
f 3866 3820 3862
f 3862 3820 3819
f 3756 3718 3752
f 3752 3718 3753
f 3752 3742 3756
f 3752 3751 3742
f 1519 1518 552
f 552 589 3397
f 2967 2966 2936
f 2936 796 2967
f 2967 796 2966
f 1318 1333 1314
f 1318 1317 1333
f 1314 1320 1318
f 1318 1320 1280
f 1279 1317 1318
f 3825 3824 3872
f 3680 3665 3664
f 3680 3681 3665
f 3664 3679 3680
f 3680 3679 3705
f 3692 3681 3680
f 3705 3693 3680
f 3693 3692 3680
f 3705 3679 3704
f 3704 3679 3708
f 3704 3735 3705
f 3708 3735 3704
f 3677 3679 3678
f 3678 3679 3664
f 3678 3663 3677
f 3678 3664 3663
f 3677 39 3701
f 39 62 3701
f 3701 3702 3677
f 3701 62 3702
f 1336 1338 1335
f 1342 1338 1336
f 2649 1342 1336
f 2401 2399 2437
f 2405 2348 2401
f 2401 2437 2405
f 2400 2399 2401
f 2348 2346 2401
f 2346 2400 2401
f 2397 2398 2345
f 2345 2396 2397
f 2436 2398 2397
f 2397 2396 2436
f 1863 1865 1864
f 1865 1837 1864
f 1864 1835 1863
f 1864 1837 1835
f 2461 3240 2458
f 3240 819 2458
f 787 2461 2458
f 2458 819 787
f 3247 3246 941
f 3246 986 941
f 941 943 893
f 982 943 941
f 941 987 982
f 941 986 987
f 903 861 860
f 860 902 903
f 906 918 907
f 907 863 906
f 874 918 906
f 906 863 874
f 924 966 936
f 925 924 936
f 936 938 925
f 936 966 937
f 981 938 936
f 889 935 936
f 936 937 889
f 936 980 981
f 936 979 980
f 977 979 936
f 1666 1694 1677
f 1694 1678 1677
f 1677 1647 1666
f 1677 1678 1647
f 2802 2801 2843
f 2843 2801 2433
f 2432 2802 2843
f 2843 2433 2432
f 2433 2801 2394
f 2394 2392 2433
f 2394 2723 2691
f 2691 2392 2394
f 3751 3752 3717
f 3750 3743 3717
f 3743 3751 3717
f 3717 3752 3753
f 3717 3749 3750
f 3753 3718 3717
f 3755 3749 3717
f 3717 3718 3691
f 3747 3754 3717
f 3754 3755 3717
f 3691 3716 3717
f 3716 3747 3717
f 520 3303 1519
f 1519 552 520
f 3345 3303 520
f 588 552 1518
f 588 1518 639
f 588 639 640
f 640 589 588
f 589 552 588
f 1280 1279 1319
f 1319 1318 1280
f 1279 1318 1319
f 3871 1317 3825
f 3825 3872 3871
f 1333 1317 3871
f 3870 1333 3871
f 3871 3824 3870
f 3871 3872 3824
f 2664 1334 2649
f 2649 1336 2664
f 1335 1334 2664
f 2664 1336 1335
f 893 3247 942
f 942 941 893
f 3247 941 942
f 861 903 904
f 904 903 902
f 882 861 904
f 904 921 882
f 904 902 921
f 935 977 978
f 978 936 935
f 977 936 978
f 2759 2801 2760
f 2759 2394 2801
f 2760 2723 2759
f 2723 2394 2759
f 3345 520 553
f 553 520 552
f 3397 3345 553
f 553 552 3397
f 1077 4874 1078
f 1078 4874 4891
f 4390 1077 1078
f 1078 4400 4390
f 4235 4227 4226
f 4226 4234 4235
f 3025 4400 3026
f 3026 4400 4375
f 393 392 391
f 361 392 393
f 4095 4073 4072
f 4072 4086 4095
f 4073 4095 4074
f 4058 4073 4074
f 4235 4234 4052
f 4052 4053 4235
f 4891 4874 394
f 394 390 4891
f 394 393 391
f 391 390 394
f 3612 3613 3628
f 3628 3626 3612
f 3651 3646 3645
f 3645 3646 3640
f 4071 4086 4072
f 4072 4057 4071
f 4672 4677 4674
f 4673 4672 4674
f 4070 4071 4057
f 4085 4071 4070
f 360 392 361
f 361 340 360
f 3170 3202 3199
f 3199 3202 3225
f 2568 2615 2635
f 2635 2616 2568
f 223 244 245
f 245 225 223
f 213 212 228
f 228 236 213
f 228 225 245
f 245 236 228
f 3223 3199 3225
f 3223 3225 3231
f 3983 3984 3978
f 3978 3977 3983
f 2339 2338 2388
f 2339 2388 2389

