# https://github.com/mikedh/trimesh
v 0.07305168 0.01304279 -0.02306675
v 0.07305168 0.01304279 -0.01906281
v 0.07303734 0.01304279 -0.01303537
v 0.07299429 0.01304279 -0.02507589
v 0.07259257 0.01466986 -0.02507589
v 0.07260693 0.01472294 -0.02306675
v 0.07262127 0.01475356 -0.02105761
v 0.07260693 0.01480460 -0.01102623
v 0.07259257 0.01478521 -0.00702229
v 0.07239172 0.01461576 0.04112544
v 0.07226260 0.01413805 0.07123391
v 0.07249215 0.01453206 -0.02708504
v 0.07147352 0.01553545 -0.02708504
v 0.07155959 0.01567325 -0.02507589
v 0.07163132 0.01572633 -0.02306675
v 0.07170306 0.01575696 -0.02105761
v 0.07174610 0.01576614 -0.01906281
v 0.07180350 0.01579574 -0.01504452
v 0.07183219 0.01580901 -0.01303537
v 0.07260693 0.01480562 -0.01303537
v 0.07188957 0.01577839 -0.00099486
v 0.07197566 0.01563038 0.03712150
v 0.07197566 0.01562834 0.03911629
v 0.07224824 0.01409824 0.07322871
v 0.07196131 0.01561915 0.04112544
v 0.07177480 0.01514145 0.07123391
v 0.07223390 0.01406354 0.07443419
v 0.07223390 0.01405537 -0.03011311
v 0.07231998 0.01424319 -0.02909418
v 0.07138743 0.01524658 -0.02909418
v 0.07029705 0.01608972 -0.03040013
v 0.07039749 0.01612034 -0.02909418
v 0.07069878 0.01619792 -0.02105761
v 0.07074181 0.01621221 -0.01906281
v 0.07079919 0.01622650 -0.01504452
v 0.07082790 0.01623262 -0.01303537
v 0.07088529 0.01627243 -0.00099486
v 0.07097136 0.01638369 0.03911629
v 0.07194696 0.01566815 0.03109406
v 0.07095701 0.01638675 0.04112544
v 0.07084224 0.01639696 0.05919340
v 0.07077050 0.01637961 0.07123391
v 0.07176045 0.01510164 0.07322871
v 0.07075616 0.01636940 0.07322871
v 0.07072747 0.01635920 0.07523786
v 0.07181783 0.01485972 0.07515175
v 0.07160263 0.01504958 0.07724700
v 0.07138743 0.01504958 0.07925615
v 0.07188957 0.01304279 0.07925615
v 0.07158829 0.01304279 0.08126529
v 0.07078485 0.01480460 -0.03309813
v 0.07117222 0.01502508 -0.03091677
v 0.06922103 0.01622752 -0.02909418
v 0.06993838 0.01599377 -0.03173478
v 0.06834586 0.01609278 -0.03437537
v 0.06860411 0.01612646 -0.03309813
v 0.06922103 0.01625610 -0.02708504
v 0.06922103 0.01633470 -0.02105761
v 0.06922103 0.01635409 -0.01906281
v 0.06922103 0.01651333 0.00302343
v 0.06922103 0.01652762 0.00501823
v 0.06922103 0.01654089 0.00702737
v 0.06922103 0.01670523 0.03911629
v 0.06922103 0.01671441 0.04112544
v 0.06922103 0.01672156 0.04313458
v 0.06922103 0.01675116 0.05718425
v 0.07094267 0.01638880 0.04313458
v 0.07078485 0.01638982 0.06721563
v 0.06922103 0.01674095 0.06922477
v 0.07077050 0.01638778 0.06922477
v 0.06922103 0.01673483 0.07123391
v 0.06922103 0.01672666 0.07322871
v 0.06922103 0.01671646 0.07523786
v 0.07067008 0.01634490 0.07724700
v 0.06922103 0.01669910 0.07724700
v 0.07058399 0.01630714 0.07925615
v 0.07045487 0.01623364 0.08126529
v 0.07032575 0.01614178 0.08278650
v 0.07110049 0.01504958 0.08126529
v 0.07064139 0.01520575 0.08337489
v 0.07042618 0.01464128 0.08488175
v 0.06960840 0.01580799 -0.03309813
v 0.06721245 0.01620200 -0.03309813
v 0.06622250 0.01605501 -0.03812099
v 0.06721245 0.01622956 -0.03108898
v 0.06721245 0.01624895 -0.02909418
v 0.06721245 0.01626631 -0.02708504
v -0.06320203 0.01495567 -0.03912556
v -0.06521062 0.01494648 -0.03711642
v 0.06721245 0.01669706 0.04112544
v 0.06721245 0.01670727 0.04313458
v 0.06721245 0.01671544 0.04514373
v 0.06721245 0.01672054 0.04715287
v 0.06721245 0.01673279 0.05517510
v 0.06721245 0.01674300 0.07322871
v 0.06721245 0.01674402 0.07523786
v 0.06721245 0.01674095 0.08126529
v 0.06922103 0.01665929 0.07925615
v 0.06721245 0.01672054 0.08327443
v 0.06922103 0.01658478 0.08126529
v 0.06937885 0.01637042 0.08337489
v 0.06884801 0.01632347 0.08526923
v 0.06841759 0.01617750 0.08727837
v 0.07015358 0.01597948 0.08412115
v 0.06992403 0.01520575 0.08544144
v 0.06823108 0.01606318 0.08831165
v 0.06912060 0.01504958 0.08727837
v 0.06844629 0.01504958 0.08867043
v 0.07019662 0.01304279 0.08621640
v 0.06520386 0.01616117 -0.03510727
v 0.06520386 0.01611115 -0.03711642
v 0.06120104 0.01596927 -0.04113471
v 0.06319527 0.01603664 -0.03981441
v 0.06520386 0.01606522 -0.03835060
v 0.06520386 0.01618669 -0.03309813
v -0.06119344 0.01497404 -0.03912556
v -0.05918486 0.01496281 -0.04113471
v -0.06119344 0.01492096 -0.04113471
v -0.06521062 0.01474233 -0.03912556
v -0.06721921 0.01488728 -0.03510727
v -0.06721921 0.01493934 -0.03309813
v -0.06521062 0.01495465 -0.03510727
v 0.03110098 0.01628672 0.03911629
v 0.03110098 0.01629285 0.04112544
v 0.06520386 0.01669808 0.04715287
v 0.03110098 0.01629693 0.04313458
v 0.03711238 0.01638573 0.05718425
v 0.05316671 0.01657559 0.09330581
v 0.06520386 0.01671748 0.08526923
v 0.06520386 0.01670625 0.08727837
v 0.06721245 0.01666542 0.08526923
v 0.06721245 0.01650210 0.08727837
v 0.06708332 0.01621935 0.08910096
v 0.06633727 0.01611728 0.09044996
v 0.06574904 0.01543032 0.09178460
v 0.06623685 0.01409212 0.09231559
v 0.06771459 0.01504958 0.08967500
v 0.06966578 0.01304279 0.08727837
v 0.06805892 0.01304279 0.09004813
v 0.06319527 0.01607441 -0.03880984
v 0.06120104 0.01604991 -0.03998662
v 0.06319527 0.01611524 -0.03711642
v 0.05718387 0.01580799 -0.04312950
v 0.05517529 0.01590598 -0.04312950
v 0.05919245 0.01600602 -0.04113471
v 0.06120104 0.01607032 -0.03898205
v 0.05907768 0.01604685 -0.03925472
v 0.05517529 0.01597948 -0.04113471
v 0.05115812 0.01590598 -0.04312950
v -0.05317345 0.01495261 -0.04312950
v -0.05518204 0.01492096 -0.04312950
v -0.05717627 0.01488320 -0.04312950
v -0.05918486 0.01476581 -0.04312950
v -0.06340288 0.01454839 -0.04132127
v -0.06521062 0.01430035 -0.04067547
v -0.06673139 0.01429933 -0.03912556
v -0.06737701 0.01453206 -0.03727428
v -0.06892649 0.01443101 -0.03510727
v -0.06922778 0.01476377 -0.03108898
v -0.06922778 0.01485359 -0.02909418
v -0.06922778 0.01487809 -0.02708504
v -0.06922778 0.01488115 -0.02507589
v -0.06922778 0.01500977 0.07322871
v -0.06721921 0.01506897 0.08327443
v 0.02909239 0.01627243 0.04313458
v 0.02909239 0.01626937 0.04112544
v 0.05517529 0.01659805 0.09330581
v 0.05919245 0.01664500 0.09129667
v -0.05918486 0.01516492 0.09129667
v -0.05317345 0.01523331 0.09330581
v 0.03711238 0.01635920 0.09531496
v 0.04715530 0.01648373 0.09531496
v 0.04914954 0.01650720 0.09531496
v 0.06319527 0.01668992 0.08928752
v 0.06319527 0.01658274 0.09129667
v 0.06520386 0.01657457 0.08928752
v 0.06513212 0.01627141 0.09118185
v 0.06440043 0.01614484 0.09245910
v 0.06513212 0.01487605 0.09277482
v 0.06365438 0.01504958 0.09386551
v 0.06409914 0.01361747 0.09423863
v 0.05316671 0.01591313 -0.04312950
v -0.04714771 0.01474846 -0.04513865
v -0.04915629 0.01473621 -0.04513865
v -0.05116488 0.01470048 -0.04513865
v -0.05317345 0.01461678 -0.04513865
v -0.05717627 0.01442080 -0.04490903
v -0.06116475 0.01444121 -0.04318690
v -0.06852477 0.01426973 -0.03671459
v -0.07018903 0.01397678 -0.03403094
v -0.07036120 0.01417582 -0.03268195
v -0.07054770 0.01431362 -0.03108898
v -0.06939995 0.01447898 -0.03325599
v -0.07074857 0.01440957 -0.02909418
v -0.07087769 0.01444121 -0.02708504
v -0.07096377 0.01445040 -0.02507589
v -0.07100682 0.01445040 -0.02306675
v -0.07122202 0.01477091 0.07123391
v -0.06922778 0.01500977 0.07925615
v -0.06721921 0.01506183 0.08526923
v 0.05718387 0.01660928 0.09330581
v 0.06120104 0.01666236 0.09129667
v 0.05115812 0.01652966 0.09531496
v 0.05316671 0.01654395 0.09531496
v -0.06119344 0.01513226 0.09129667
v -0.05717627 0.01517615 0.09330581
v -0.05518204 0.01520473 0.09330581
v -0.03109339 0.01544461 0.09531496
v -0.00902766 0.01574573 0.09531496
v 0.01504665 0.01604889 0.09584595
v 0.02708381 0.01623058 0.09531496
v 0.01648136 0.01605093 0.09621907
v 0.02708381 0.01613769 0.09654915
v 0.05919245 0.01660519 0.09330581
v 0.06120104 0.01648270 0.09330581
v 0.06302311 0.01623364 0.09320536
v 0.06223402 0.01606726 0.09432473
v 0.06265009 0.01504958 0.09459740
v 0.06031153 0.01420236 0.09637693
v 0.06153102 0.01304279 0.09594640
v 0.06333875 0.01298563 0.09484137
v -0.07162374 0.01304279 -0.02909418
v -0.07196806 0.01333881 -0.02507589
v -0.07201111 0.01356848 -0.02306675
v -0.07202544 0.01361543 -0.02105761
v -0.07221196 0.01402577 0.01506396
v -0.07222631 0.01403802 0.01705875
v -0.07249890 0.01428708 0.06721563
v -0.07251325 0.01429627 0.07123391
v -0.07122202 0.01476989 0.07322871
v -0.06922778 0.01499650 0.08126529
v -0.06922778 0.01490974 0.08327443
v -0.06721921 0.01496383 0.08727837
v -0.06521062 0.01501385 0.08928752
v 0.04715530 0.01625712 0.09692227
v 0.05517529 0.01652558 0.09531496
v 0.04914954 0.01626733 0.09692227
v 0.05115812 0.01627651 0.09689357
v 0.05316671 0.01627856 0.09679311
v -0.06320203 0.01501794 0.09129667
v -0.05918486 0.01507714 0.09330581
v -0.05518204 0.01495363 0.09531496
v -0.05317345 0.01503631 0.09531496
v -0.05116488 0.01509960 0.09531496
v -0.04915629 0.01515472 0.09531496
v -0.04714771 0.01520269 0.09531496
v -0.04513912 0.01523535 0.09531496
v -0.03310197 0.01541501 0.09531496
v 0.01782998 0.01605297 0.09631953
v -0.04714771 0.01457187 0.09692227
v -0.04313054 0.01460760 0.09700838
v -0.04112195 0.01462393 0.09705143
v 0.04715530 0.01574471 0.09791249
v 0.05718387 0.01642452 0.09531496
v 0.05902029 0.01626631 0.09528626
v 0.06120104 0.01618363 0.09454000
v 0.05823120 0.01607134 0.09633388
v 0.05902029 0.01494240 0.09659220
v 0.05579222 0.01348988 0.09822822
v 0.05701171 0.01291010 0.09796990
v 0.05919245 0.01304279 0.09712318
v 0.06052673 0.01304279 0.09649174
v -0.07235543 0.01256508 -0.02306675
v -0.07236978 0.01261204 -0.02105761
v -0.07304408 0.01304279 0.06721563
v -0.07307279 0.01304279 0.07123391
v -0.07307279 0.01304279 0.07322871
v -0.07249890 0.01429627 0.07322871
v -0.07122202 0.01474029 0.07523786
v -0.07122202 0.01468211 0.07724700
v -0.07107855 0.01448919 0.08126529
v -0.06922778 0.01472906 0.08526923
v -0.06919909 0.01440243 0.08713487
v -0.06726223 0.01453308 0.08931622
v -0.06529669 0.01455248 0.09138277
v 0.04914954 0.01575798 0.09792685
v 0.05517529 0.01625100 0.09666395
v -0.06119344 0.01484543 0.09330581
v -0.05717627 0.01475458 0.09531496
v -0.05518204 0.01437793 0.09667830
v -0.05317345 0.01444019 0.09676441
v -0.05116488 0.01448919 0.09683616
v -0.04915629 0.01453512 0.09689357
v -0.01010368 0.01404925 0.09831432
v -0.03912772 0.01464332 0.09708013
v -0.00902766 0.01405741 0.09832868
v 0.02909239 0.01452594 0.09855828
v 0.03110098 0.01454227 0.09857264
v 0.04715530 0.01474131 0.09863005
v 0.05718387 0.01615300 0.09646304
v 0.05316671 0.01541909 0.09779768
v 0.05514660 0.01494138 0.09774028
v 0.05445794 0.01420032 0.09837173
v 0.05718387 0.01504958 0.09718059
v 0.05514660 0.01291010 0.09845783
v 0.05622263 0.01215270 0.09832868
v -0.07347450 0.01103703 0.07123391
v -0.07302974 0.01304279 0.07523786
v -0.07247021 0.01427279 0.07523786
v -0.07241282 0.01422175 0.07724700
v -0.07142287 0.01447388 0.07945706
v -0.07232674 0.01414418 0.07891172
v -0.07222631 0.01404414 0.08024637
v -0.07076290 0.01440140 0.08327443
v -0.07044728 0.01422686 0.08526923
v -0.07027511 0.01409314 0.08637426
v -0.06851044 0.01426360 0.08867043
v -0.06663097 0.01430443 0.09078003
v -0.06467977 0.01428504 0.09260261
v -0.06308725 0.01445040 0.09329146
v 0.04914954 0.01475458 0.09864440
v 0.05115812 0.01565794 0.09788379
v -0.06119344 0.01430648 0.09465481
v -0.05899835 0.01442692 0.09532931
v -0.05717627 0.01420032 0.09647739
v -0.05518204 0.01304279 0.09726670
v -0.05317345 0.01304279 0.09749632
v -0.05116488 0.01304279 0.09765418
v -0.04915629 0.01304279 0.09776898
v -0.04112195 0.01304279 0.09801295
v -0.03912772 0.01304279 0.09805600
v -0.02307340 0.01350213 0.09822822
v 0.04112955 0.01304279 0.09901752
v 0.05115812 0.01465557 0.09858699
v 0.05316671 0.01441672 0.09847219
v 0.05316671 0.01304279 0.09875920
v 0.05115812 0.01304279 0.09896012
v -0.07341710 0.01103703 0.07322871
v -0.07327364 0.01103703 0.07724700
v -0.07292931 0.01304279 0.07724700
v -0.07261367 0.01324184 0.07945706
v -0.07244151 0.01270799 0.08126529
v -0.07208284 0.01371138 0.08126529
v -0.07041859 0.01304279 0.08666128
v -0.06983036 0.01304279 0.08766585
v -0.06797959 0.01349396 0.09001942
v -0.07229805 0.01226499 0.08242773
v -0.07097811 0.01304279 0.08526923
v -0.06601405 0.01356746 0.09211467
v -0.06234121 0.01412989 0.09439649
v 0.04914954 0.01304279 0.09904622
v -0.05820926 0.01405333 0.09631953
v -0.05717627 0.01304279 0.09687922
v -0.07308713 0.01103703 0.07925615
v -0.07136549 0.01103703 0.08526923
v -0.06825218 0.01215576 0.09033515
v -0.06872564 0.01291214 0.08931622
v -0.06625795 0.01222926 0.09234429
v -0.06529669 0.01295603 0.09284658
v -0.06367549 0.01304279 0.09393726
v -0.06267118 0.01304279 0.09458306
v -0.06119344 0.01304279 0.09531496
v -0.05958657 0.01304279 0.09604686
v -0.05859663 0.01304279 0.09644869
v 0.07523647 -0.00100336 0.06521294
v 0.07522174 -0.00100336 -0.00500962
v 0.07522174 -0.00100336 0.07122352
v 0.07504497 -0.00301077 0.06922000
v 0.07514808 -0.00501819 -0.07122514
v 0.07517754 -0.00301077 -0.05918415
v 0.07519228 -0.00100336 -0.02506471
v 0.07517754 -0.00100336 0.07523057
v 0.07520701 -0.00100336 0.07322704
v 0.07501552 -0.00301077 0.07322704
v 0.07452942 -0.00464971 0.07322704
v 0.07479456 -0.00702108 -0.07523219
v 0.07513335 -0.00501819 -0.07322866
v 0.07513335 -0.00301077 -0.06319120
v 0.07504497 -0.00100336 -0.04914669
v 0.07511862 -0.00100336 -0.03912906
v 0.07457361 0.00085034 0.07925745
v 0.07507443 -0.00100336 0.07725393
v 0.07498606 -0.00301077 0.07523057
v 0.07449996 -0.00462258 0.07523057
v 0.07404333 -0.00562403 0.07523057
v 0.07405806 -0.00564889 0.07322704
v 0.07407279 -0.00566698 0.07122352
v 0.07436740 -0.00822146 -0.07725555
v 0.07476510 -0.00702108 -0.07725555
v 0.07507443 -0.00501819 -0.07523219
v 0.07505970 -0.00301077 -0.06721809
v 0.07510389 -0.00301077 -0.06521456
v 0.07488295 -0.00100336 0.07925745
v 0.07441158 0.00051577 0.08126098
v 0.07486822 -0.00301077 0.07725393
v 0.07445578 -0.00450729 0.07725393
v 0.07320372 -0.00702108 0.07523057
v 0.07399914 -0.00550874 0.07725393
v 0.07310061 -0.00702108 0.07725393
v 0.07435267 -0.00820789 -0.07523219
v 0.07360143 -0.00922517 -0.07725555
v 0.07360143 -0.00918900 -0.07925908
v 0.07433794 -0.00818755 -0.07925908
v 0.07429374 -0.00811069 -0.08080635
v 0.07466199 -0.00702108 -0.07925908
v 0.07497133 -0.00301077 -0.06922161
v 0.07495660 -0.00501819 -0.07725555
v 0.07466199 -0.00301077 0.07925745
v 0.07430848 0.00020607 0.08249087
v 0.07457361 -0.00100336 0.08126098
v 0.07429374 -0.00224669 0.08245119
v 0.07433794 -0.00425410 0.07925745
v 0.07389603 -0.00525555 0.07925745
v 0.07234938 -0.00816946 0.07725393
v 0.07237884 -0.00822146 0.07523057
v 0.07279128 -0.00718610 0.07927729
v 0.07229046 -0.00809486 0.07862268
v 0.07259978 -0.01037807 -0.07725555
v 0.07259978 -0.01037129 -0.07925908
v 0.07252614 -0.01031025 -0.08126260
v 0.07243776 -0.01023113 -0.08326613
v 0.07367508 -0.00887929 -0.08138162
v 0.07333629 -0.00902849 -0.08326613
v 0.07422009 -0.00795245 -0.08213542
v 0.07442632 -0.00717932 -0.08138162
v 0.07432321 -0.00661643 -0.08257183
v 0.07485349 -0.00301077 -0.07122514
v 0.07473564 -0.00501819 -0.07925908
v 0.07441158 -0.00376581 -0.07925908
v 0.07455888 -0.00351489 -0.07725555
v 0.07464726 -0.00328204 -0.07523219
v 0.07224627 0.00005461 0.08832292
v 0.07438212 -0.00295426 0.08114196
v 0.07426428 -0.00406873 0.08038816
v 0.07349832 -0.00100336 0.08526804
v 0.07404333 -0.00100336 0.08358189
v 0.07432321 -0.00100336 0.08257022
v 0.07327738 -0.00301077 0.08526804
v 0.07394022 -0.00295426 0.08318516
v 0.07413171 -0.00358496 0.08171723
v 0.07376346 -0.00485090 0.08114196
v 0.07271763 -0.00675885 0.08126098
v 0.07142138 -0.00917317 0.07725393
v 0.07146557 -0.00922517 0.07523057
v 0.07149504 -0.00923873 0.07322704
v 0.07218735 -0.00796375 0.07995175
v 0.07034609 -0.01013619 0.07884088
v 0.07133301 -0.01137952 -0.07725555
v 0.07049339 -0.01027182 0.07322704
v 0.07133301 -0.01137274 -0.07925908
v 0.07128882 -0.01131170 -0.08126260
v 0.07102367 -0.01135465 -0.08308759
v 0.07233465 -0.01013845 -0.08473406
v 0.07283547 -0.00919126 -0.08534900
v 0.07255560 -0.00861028 -0.08727317
v 0.07358670 -0.00702108 -0.08526965
v 0.07408752 -0.00717932 -0.08324629
v 0.07432321 -0.00567602 -0.08257183
v 0.07442632 -0.00501140 -0.08122293
v 0.07429374 -0.00393762 -0.08050880
v -0.07502470 0.00100180 0.03109350
v -0.07434712 0.00031005 0.08086424
v -0.07247640 0.00059037 0.08685499
v -0.07045838 0.00051351 0.09064383
v -0.06468421 0.00059715 0.09663457
v -0.06219484 -0.00010364 0.09832070
v -0.05633228 0.00012242 0.10036390
v -0.05516860 0.00038691 0.10046308
v -0.05316532 0.00069436 0.10060194
v -0.05116203 0.00082999 0.10066146
v -0.04915875 0.00089555 0.10066146
v -0.04715546 0.00094754 0.10066146
v 0.06080103 0.00062880 0.09857858
v 0.06466030 0.00055420 0.09659489
v 0.06611857 0.00199194 -0.08019141
v -0.06636343 0.00207784 -0.08070717
v -0.07443550 -0.00182622 -0.07322866
v -0.07455334 -0.00168154 -0.07122514
v 0.07058177 0.00064010 0.09078269
v 0.07226100 -0.00100336 0.08836259
v 0.07273236 -0.00100336 0.08727156
v 0.07072908 -0.00100336 0.09102073
v 0.07174544 -0.00100336 0.08935443
v 0.07317426 -0.00501819 0.08326451
v 0.07226100 -0.00210427 0.08834275
v 0.07258506 -0.00498654 0.08514901
v 0.07252614 -0.00286835 0.08725172
v 0.07236411 -0.00429479 0.08657727
v 0.07204005 -0.00776256 0.08126098
v 0.07245249 -0.00635646 0.08326451
v 0.07041974 -0.01020853 0.07725393
v 0.07046393 -0.01024470 0.07523057
v 0.07103840 -0.00888834 0.08126098
v 0.07021352 -0.01001864 0.08016995
v 0.06922661 -0.01113311 0.07725393
v 0.06941810 -0.01076237 0.07941616
v 0.06794509 -0.01187007 0.07925745
v 0.07033136 -0.01210517 -0.07725555
v 0.07033136 -0.01210743 -0.07925908
v 0.06922661 -0.01126197 0.07322704
v 0.06822497 -0.01204188 0.07076727
v 0.06922661 -0.01121224 0.07523057
v 0.07028717 -0.01207579 -0.08126260
v 0.07022826 -0.01204188 -0.08229411
v 0.07012514 -0.01197180 -0.08362319
v 0.06996311 -0.01187459 -0.08526965
v 0.07139193 -0.01076690 -0.08534900
v 0.07097948 -0.01068551 -0.08727317
v 0.07217262 -0.00996664 -0.08606312
v 0.07230519 -0.00820111 -0.08842371
v 0.07198112 -0.00961399 -0.08727317
v 0.07036082 -0.01016558 -0.09054627
v 0.07282074 -0.00702108 -0.08727317
v 0.07224627 -0.00600155 -0.08830470
v 0.07388130 -0.00501140 -0.08324629
v 0.07411698 -0.00434001 -0.08185771
v 0.07252614 -0.00378390 -0.08483324
v 0.07286493 -0.00354201 -0.08326613
v -0.07514254 -0.00100336 -0.05317358
v -0.07515727 -0.00100336 -0.05115021
v -0.07521620 -0.00100336 -0.03912906
v -0.07521620 -0.00100336 0.02708645
v -0.07512781 -0.00100336 0.05317196
v -0.07503943 -0.00100336 0.06922000
v -0.07500997 -0.00100336 0.07322704
v -0.07496578 -0.00100336 0.07523057
v -0.07487740 -0.00100336 0.07725393
v -0.07470065 -0.00100336 0.07925745
v -0.07440604 -0.00100336 0.08116180
v -0.07421455 -0.00100336 0.08217347
v -0.07396414 -0.00100336 0.08326451
v -0.07334547 -0.00100336 0.08526804
v -0.07260897 -0.00100336 0.08713270
v -0.07216708 -0.00100336 0.08814438
v -0.07154841 -0.00100336 0.08929492
v -0.07060569 -0.00100336 0.09082236
v -0.06988392 -0.00100336 0.09183405
v -0.06888227 -0.00100336 0.09310360
v -0.06804266 -0.00100336 0.09411528
v -0.06704102 -0.00100336 0.09510713
v -0.06596573 -0.00100336 0.09611881
v -0.06496408 -0.00100336 0.09679326
v -0.06223902 -0.00144191 0.09834054
v -0.06138468 -0.00086546 0.09867777
v -0.05918990 -0.00100336 0.09953076
v -0.06301972 -0.00086546 0.09790412
v -0.05642065 -0.00100336 0.10038374
v -0.05516860 -0.00100336 0.10058212
v -0.05316532 -0.00100336 0.10083998
v -0.05743703 -0.00100336 0.10010602
v -0.05116203 -0.00100336 0.10095901
v 0.03310854 -0.00100336 0.10129622
v 0.04714627 -0.00100336 0.10101853
v 0.04914956 -0.00100336 0.10095901
v 0.05317086 0.00049542 0.10050277
v 0.05480590 0.00024902 0.10040356
v 0.05717743 -0.00100336 0.10000683
v 0.05919545 -0.00100336 0.09941173
v 0.06113981 -0.00100336 0.09869760
v 0.06214146 -0.00100336 0.09828103
v 0.06485178 -0.00100336 0.09671392
v 0.06585342 -0.00100336 0.09605930
v 0.06707602 -0.00100336 0.09506746
v 0.06320202 -0.00100336 0.09768592
v 0.06807767 -0.00100336 0.09415495
v 0.06900566 -0.00100336 0.09314328
v 0.07000730 -0.00100336 0.09203241
v 0.06684034 0.00055420 -0.08326613
v 0.06533787 0.00068079 -0.08534900
v -0.07333075 -0.00341316 -0.08320662
v -0.06570058 0.00195803 -0.08203624
v -0.06521449 0.00110352 -0.08526965
v -0.06654020 0.00031231 -0.08526965
v -0.07238802 -0.00387432 -0.08659872
v -0.07272682 -0.00362792 -0.08526965
v -0.07458280 -0.00344481 -0.07925908
v -0.07468591 -0.00323231 -0.07725555
v -0.07495105 -0.00301077 -0.07322866
v -0.07508362 -0.00100336 -0.05517710
v 0.07055231 -0.00301077 0.09076285
v 0.07227573 -0.00608971 0.08439521
v 0.07205477 -0.00344029 0.08790634
v 0.07158341 -0.00286835 0.08911639
v 0.07201059 -0.00563081 0.08572428
v 0.07031663 -0.00418854 0.09044546
v 0.07064069 -0.00492098 0.08917590
v 0.07164234 -0.00498654 0.08725172
v 0.07174544 -0.00736017 0.08326451
v 0.07074381 -0.00859220 0.08326451
v 0.07006622 -0.00989204 0.08126098
v 0.06906457 -0.01069682 0.08126098
v 0.06809240 -0.01196049 0.07725393
v 0.06815131 -0.01200345 0.07523057
v 0.06767996 -0.01170052 0.08126098
v 0.06667832 -0.01229959 0.08126098
v 0.06694345 -0.01244200 0.07925745
v 0.06922661 -0.01267484 -0.07725555
v 0.06741481 -0.01246687 0.07134254
v 0.06719387 -0.01256634 0.07322704
v 0.06922661 -0.01267710 -0.07925908
v 0.06922661 -0.01262963 -0.08126260
v 0.06819551 -0.01202605 0.07322704
v 0.06821024 -0.01203735 0.07209634
v 0.06935918 -0.01245331 -0.08308759
v 0.06896147 -0.01246687 -0.08526965
v 0.06868160 -0.01231089 -0.08727317
v 0.06968324 -0.01168922 -0.08727317
v 0.07062596 -0.01039842 -0.08927670
v 0.07229046 -0.00702108 -0.08840388
v 0.07061124 -0.00902849 -0.09090333
v 0.06997784 -0.00902849 -0.09189517
v 0.07072908 -0.00702108 -0.09108186
v 0.07174544 -0.00702108 -0.08941556
v 0.06913823 -0.01150159 -0.08937588
v 0.06813659 -0.01199214 -0.09010985
v 0.06781252 -0.01175930 -0.09130006
v 0.06927080 -0.01069230 -0.09124055
v 0.06862268 -0.01037355 -0.09282751
v 0.06810713 -0.00962755 -0.09415657
v 0.07215789 -0.00408456 -0.08618215
v 0.07249667 -0.00555621 -0.08727317
v 0.07052285 -0.00561725 -0.09076447
v 0.07295331 -0.00485994 -0.08540851
v 0.06648682 0.00024224 -0.08473406
v -0.07521620 -0.00301077 -0.06721809
v -0.07523093 -0.00301077 -0.06521456
v -0.07524566 -0.00301077 -0.06118767
v -0.07508362 -0.00301077 0.02708645
v -0.07500997 -0.00301077 0.05317196
v -0.07520147 -0.00501819 -0.07523219
v -0.07483321 -0.00301077 0.07122352
v -0.07480375 -0.00301077 0.07322704
v -0.07475956 -0.00301077 0.07523057
v -0.07470065 -0.00301077 0.07725393
v -0.07446496 -0.00312380 0.07931697
v -0.07434712 -0.00253152 0.08086424
v -0.07369900 -0.00301077 0.08326451
v -0.07308034 -0.00301077 0.08526804
v -0.07249113 -0.00301077 0.08685499
v -0.07201978 -0.00301077 0.08786666
v -0.07126854 -0.00301077 0.08929492
v -0.07047311 -0.00301077 0.09064383
v -0.06975134 -0.00301077 0.09165551
v -0.06874970 -0.00301077 0.09292506
v -0.06786590 -0.00301077 0.09393675
v -0.06686426 -0.00301077 0.09492859
v -0.06573004 -0.00301077 0.09594027
v -0.06472840 -0.00301077 0.09663457
v -0.06223902 -0.00207940 0.09834054
v -0.05918990 -0.00301077 0.09931254
v -0.05636174 -0.00214270 0.10036390
v -0.05516860 -0.00248405 0.10044325
v -0.05303275 -0.00311024 0.10052259
v -0.05116203 -0.00301077 0.10066146
v -0.04915875 -0.00301077 0.10070112
v -0.03510628 -0.00301077 0.10078046
v 0.03109053 -0.00301077 0.10105819
v 0.03310854 -0.00301077 0.10105819
v 0.04714627 -0.00301077 0.10082015
v 0.05116757 -0.00100336 0.10085981
v 0.04914956 -0.00301077 0.10076063
v 0.05317086 -0.00100336 0.10070112
v 0.05501211 -0.00100336 0.10046308
v 0.05601376 -0.00100336 0.10028455
v 0.05717743 -0.00301077 0.09976880
v 0.05919545 -0.00301077 0.09917369
v 0.06081576 -0.00301077 0.09857858
v 0.06181740 -0.00301077 0.09814217
v 0.06320202 -0.00301077 0.09738836
v 0.06460137 -0.00301077 0.09655522
v 0.06561775 -0.00301077 0.09588076
v 0.06685507 -0.00301077 0.09488892
v 0.06785671 -0.00301077 0.09395659
v 0.06882890 -0.00301077 0.09294491
v 0.06983054 -0.00301077 0.09177453
v 0.06468976 0.00033266 -0.08727317
v 0.06320202 0.00090459 -0.08727317
v -0.07430293 -0.00392179 -0.08249249
v -0.06319647 0.00113517 -0.08727317
v -0.06231267 -0.00190308 -0.09643782
v -0.06512611 0.00039370 -0.08709465
v -0.07009014 -0.00410264 -0.09016936
v -0.07197558 -0.00448016 -0.08794763
v -0.07256479 -0.00509731 -0.08727317
v -0.07443550 -0.00371608 -0.08126260
v -0.07496578 -0.00501819 -0.07925908
v -0.07514254 -0.00501819 -0.07725555
v -0.07506889 -0.00301077 -0.07122514
v -0.07515727 -0.00301077 -0.06922161
v 0.07122989 -0.00700299 0.08524819
v 0.07046393 -0.00828476 0.08475228
v 0.07031663 -0.00614397 0.08844193
v 0.07062596 -0.00653053 0.08727156
v 0.06851956 -0.00443721 0.09260768
v 0.06919715 -0.00498202 0.09125877
v 0.06988946 -0.00552230 0.08977101
v 0.06974216 -0.00959590 0.08326451
v 0.06874052 -0.01044137 0.08326451
v 0.06709075 -0.01252112 0.07725393
v 0.06714967 -0.01255051 0.07523057
v 0.06713494 -0.01155133 0.08340336
v 0.06616276 -0.01201701 0.08417700
v 0.06641317 -0.01215717 0.08282810
v 0.06520531 -0.01300037 0.08126098
v 0.06520531 -0.01325356 0.07925745
v 0.06520531 -0.01340502 0.07725393
v 0.06720860 -0.01354292 -0.07725555
v 0.06720860 -0.01354744 -0.07925908
v 0.06520531 -0.01348866 0.07322704
v 0.06520531 -0.01346379 0.07523057
v 0.06720860 -0.01352031 -0.08126260
v 0.06720860 -0.01345023 -0.08326613
v 0.06720860 -0.01331007 -0.08526965
v 0.06720860 -0.01305689 -0.08727317
v 0.06737062 -0.01257538 -0.08937588
v 0.06841645 -0.01215491 -0.08876094
v 0.06885836 -0.00898554 -0.09342261
v 0.06828389 -0.00828928 -0.09435494
v 0.07005149 -0.00702108 -0.09207370
v 0.06681088 -0.01237192 -0.09130006
v 0.06641317 -0.01216169 -0.09256963
v 0.06726751 -0.01110147 -0.09336311
v 0.06676669 -0.01048884 -0.09481119
v 0.06468976 -0.01047754 -0.09665602
v 0.06601546 -0.00902849 -0.09614027
v 0.06734116 -0.00898554 -0.09500956
v 0.07034609 -0.00394440 -0.08846339
v 0.06432150 0.00008399 -0.08840388
v 0.06977162 -0.00428349 -0.08979246
v 0.06804821 -0.00648306 -0.09413674
v 0.06872579 -0.00563081 -0.09278783
v -0.07455334 -0.00469266 0.05317196
v -0.07445023 -0.00449373 0.06922000
v -0.07474483 -0.00702108 -0.07725555
v -0.07442077 -0.00445756 0.07322704
v -0.07440604 -0.00441913 0.07523057
v -0.07437658 -0.00430836 0.07725393
v -0.07430293 -0.00415690 0.07870203
v -0.07419982 -0.00386980 0.08003110
v -0.07412617 -0.00312380 0.08141968
v -0.07282992 -0.00520129 0.08344304
v -0.07252060 -0.00464066 0.08526804
v -0.07232910 -0.00420663 0.08647808
v -0.07029635 -0.00412751 0.09038595
v -0.06848456 -0.00441687 0.09262751
v -0.06654020 -0.00440782 0.09459136
v -0.06436015 -0.00419759 0.09641636
v -0.06301972 -0.00285479 0.09766608
v -0.06179712 -0.00341768 0.09814217
v -0.06114900 -0.00285479 0.09857858
v -0.05708351 -0.00289096 0.09998700
v -0.06045669 -0.00423602 0.09841989
v -0.05902788 -0.00495037 0.09861825
v -0.05516860 -0.00348550 0.10016553
v -0.05360722 -0.00384493 0.10028455
v -0.05228152 -0.00403482 0.10032423
v -0.05116203 -0.00410264 0.10036390
v -0.04915875 -0.00418402 0.10040356
v 0.00099705 -0.01103591 0.09968945
v 0.00500362 -0.00902849 0.10014570
v 0.00300034 -0.01103591 0.09968945
v 0.04914956 -0.00429027 0.10044325
v 0.05317086 -0.00271689 0.10050277
v 0.05068148 -0.00417272 0.10038374
v 0.05128542 -0.00317127 0.10058212
v 0.05467333 -0.00235068 0.10042342
v 0.05517415 -0.00501819 0.09945140
v 0.05732473 -0.00519225 0.09889597
v 0.05919545 -0.00459997 0.09861825
v 0.05527725 -0.00301529 0.10014570
v 0.06037385 -0.00417272 0.09840005
v 0.06433623 -0.00414785 0.09639652
v 0.06651628 -0.00440330 0.09457153
v 0.06301053 0.00023771 -0.08915768
v 0.06119874 0.00016764 -0.09060577
v 0.06119874 0.00066723 -0.08927670
v -0.07344859 -0.00501819 -0.08526965
v -0.07406725 -0.00501819 -0.08378188
v -0.07436185 -0.00501819 -0.08277021
v -0.07465645 -0.00501819 -0.08126260
v -0.06119319 0.00083451 -0.08927670
v 0.00099705 -0.00005842 -0.09417641
v -0.06172347 -0.00190308 -0.09643782
v -0.03109971 -0.00589756 -0.10044488
v -0.04313416 -0.00590660 -0.10044488
v -0.04915875 -0.00590886 -0.10042502
v -0.05116203 -0.00592243 -0.10042502
v -0.05264977 -0.00596312 -0.10036553
v -0.05399020 -0.00607615 -0.10028617
v -0.05918990 -0.00521260 -0.09885792
v -0.06119319 -0.00455702 -0.09808428
v -0.06119319 -0.00555847 -0.09854053
v -0.06220957 -0.00601059 -0.09832232
v -0.06461056 -0.00558334 -0.09657668
v -0.06683480 -0.00551100 -0.09479135
v -0.06877916 -0.00543640 -0.09292669
v -0.05920463 0.00039822 -0.09139925
v -0.05855651 0.00010660 -0.09245060
v -0.05718662 0.00021059 -0.09260930
v -0.05516860 0.00027388 -0.09280767
v -0.04915875 -0.00016467 -0.09401772
v -0.04715546 -0.00013302 -0.09405739
v -0.04513745 -0.00012850 -0.09407723
v -0.07056150 -0.00543866 -0.09080414
v -0.07228491 -0.00581618 -0.08838404
v -0.07433239 -0.00650792 -0.08271070
v -0.07446496 -0.00688770 -0.08126260
v -0.07456807 -0.00722227 -0.07945745
v 0.07013987 -0.00791402 0.08610118
v 0.06881417 -0.00863967 0.08727156
v 0.06812186 -0.00994630 0.08606151
v 0.06854902 -0.00640846 0.09072318
v 0.06916769 -0.00694422 0.08919574
v 0.06844592 -0.00825989 0.08862047
v 0.06983054 -0.00753424 0.08727156
v 0.06801874 -0.00577323 0.09207208
v 0.06726751 -0.00509052 0.09334165
v 0.06843119 -0.01020853 0.08473244
v 0.06735589 -0.01078046 0.08534738
v 0.06585342 -0.01183616 0.08526804
v 0.06443934 -0.01215265 0.08657727
v 0.06485178 -0.01233575 0.08526804
v 0.06538207 -0.01253469 0.08340336
v 0.06309891 -0.01378706 0.08132049
v 0.06320202 -0.01345475 0.08326451
v 0.06357027 -0.01385262 0.07925745
v 0.06377649 -0.01392722 0.07725393
v 0.06387960 -0.01395435 0.07523057
v 0.06597127 -0.01398147 -0.07925908
v 0.06520531 -0.01349996 0.07122352
v 0.06398272 -0.01397921 0.06922000
v 0.06594181 -0.01397017 -0.08126260
v 0.06392379 -0.01396565 0.07322704
v 0.06583869 -0.01393852 -0.08326613
v 0.06566194 -0.01388427 -0.08526965
v 0.06538207 -0.01378706 -0.08727317
v 0.06501382 -0.01365142 -0.08911800
v 0.06520531 -0.01312697 -0.09130006
v 0.06828389 -0.00782133 -0.09435494
v 0.06891727 -0.00710020 -0.09340277
v 0.06519058 -0.01246913 -0.09326392
v 0.06451300 -0.01219560 -0.09463266
v 0.06585342 -0.01182712 -0.09389869
v 0.06526423 -0.01115120 -0.09538646
v 0.06374703 -0.01181582 -0.09596173
v 0.06299580 -0.01094548 -0.09721146
v 0.06224457 -0.01007515 -0.09834216
v 0.06501382 -0.00902849 -0.09687423
v 0.06588289 -0.00702108 -0.09610059
v 0.06220038 0.00000261 -0.09028838
v 0.06670777 -0.00565568 -0.09473184
v 0.06731170 -0.00710020 -0.09496989
v -0.07406725 -0.00567602 0.05517548
v -0.07397887 -0.00545900 0.07322704
v -0.07453861 -0.00467457 0.05517548
v -0.07428820 -0.00810617 -0.07725555
v -0.07424401 -0.00802479 -0.08025093
v -0.07427347 -0.00808356 -0.07890201
v -0.07394941 -0.00542057 0.07523057
v -0.07389048 -0.00530754 0.07725393
v -0.07384630 -0.00490289 0.07931697
v -0.07344859 -0.00501819 0.08126098
v -0.07240275 -0.00631125 0.08288761
v -0.07221127 -0.00599251 0.08421668
v -0.07056150 -0.00649436 0.08727156
v -0.07154841 -0.00493228 0.08719221
v -0.07054677 -0.00488481 0.08913623
v -0.07201978 -0.00563985 0.08526804
v -0.06983972 -0.00546352 0.08969165
v -0.06851402 -0.00641976 0.09070334
v -0.06916215 -0.00494133 0.09121910
v -0.07026689 -0.00608293 0.08836259
v -0.06801320 -0.00575288 0.09205224
v -0.06727669 -0.00508148 0.09336148
v -0.06596573 -0.00574158 0.09409545
v -0.06517030 -0.00497071 0.09528565
v -0.06369729 -0.00553360 0.09599978
v -0.06310810 -0.00492776 0.09673375
v -0.06114900 -0.00495037 0.09772559
v -0.05718662 -0.00501819 0.09913401
v -0.05958762 -0.00556977 0.09806282
v -0.05824719 -0.00605354 0.09834054
v -0.05516860 -0.00501819 0.09955059
v -0.05303275 -0.00483056 0.09990765
v -0.05116203 -0.00510635 0.09990765
v -0.00099151 -0.01103591 0.09961010
v 0.00099705 -0.01239453 0.09879678
v 0.00300034 -0.01237419 0.09881663
v 0.04914956 -0.00529172 0.09996716
v 0.05023959 -0.00803157 0.09832070
v 0.05100555 -0.00718384 0.09879678
v 0.05128542 -0.00491194 0.09998700
v 0.05317086 -0.00372060 0.10024488
v 0.05317086 -0.00501819 0.09974895
v 0.05202192 -0.00394892 0.10030439
v 0.05317086 -0.00682215 0.09881663
v 0.05517415 -0.00654183 0.09863809
v 0.05675026 -0.00625247 0.09845956
v 0.05809069 -0.00597442 0.09828103
v 0.05919545 -0.00560142 0.09806282
v 0.06230349 -0.00610327 0.09637669
v 0.06305472 -0.00489837 0.09665441
v 0.06364392 -0.00548387 0.09594027
v 0.06461611 -0.00642428 0.09461121
v 0.06513166 -0.00494585 0.09526582
v 0.06594181 -0.00573932 0.09407561
v 0.05975519 -0.00019180 -0.09205387
v 0.05841476 0.00006817 -0.09239109
v 0.05912180 0.00032136 -0.09133974
v -0.04513745 0.00027840 -0.09306555
v -0.04715546 0.00027614 -0.09306555
v -0.05316532 0.00027840 -0.09290686
v -0.07352223 -0.00702108 -0.08526965
v -0.05718662 0.00062428 -0.09130006
v 0.04714627 -0.00007877 -0.09411690
v 0.04714627 -0.00595181 -0.10038536
v 0.03310854 -0.00593825 -0.10040519
v 0.03109053 -0.00593373 -0.10040519
v 0.01102821 -0.00591564 -0.10042502
v 0.00902492 -0.00591338 -0.10042502
v -0.02908170 -0.00589756 -0.10044488
v -0.04313416 -0.00702108 -0.10096063
v -0.04915875 -0.00702108 -0.10094079
v -0.05116203 -0.00702108 -0.10086144
v -0.05325370 -0.00685606 -0.10064323
v -0.05516860 -0.00634064 -0.10020683
v -0.05718662 -0.00704595 -0.10006797
v -0.05918990 -0.00702108 -0.09959188
v -0.06119319 -0.00702108 -0.09885792
v -0.06228321 -0.00702108 -0.09836199
v -0.06328486 -0.00702108 -0.09778672
v -0.06491989 -0.00702108 -0.09677504
v -0.06592154 -0.00702108 -0.09610059
v -0.06817523 -0.00656218 -0.09425576
v -0.07007541 -0.00702108 -0.09209353
v -0.07228491 -0.00666616 -0.08838404
v -0.07073826 -0.00702108 -0.09108186
v -0.07406725 -0.00711602 -0.08332564
v -0.07419982 -0.00789141 -0.08126260
v 0.06775361 -0.00964112 0.08727156
v 0.06636897 -0.01014523 0.08848161
v 0.06675196 -0.01043459 0.08727156
v 0.06794509 -0.00774673 0.08994953
v 0.06716441 -0.00899458 0.08921558
v 0.06667832 -0.00649888 0.09274654
v 0.06601546 -0.00783716 0.09209193
v 0.06731170 -0.00712281 0.09139763
v 0.06514639 -0.01146542 0.08725172
v 0.06389433 -0.01188363 0.08790634
v 0.06255390 -0.01219560 0.08864030
v 0.06321675 -0.01242392 0.08725172
v 0.06320202 -0.01301620 0.08526804
v 0.06209727 -0.01401764 0.08201478
v 0.05639674 -0.01612452 0.08058653
v 0.05766352 -0.01587586 0.07925745
v 0.06109563 -0.01372829 0.08518868
v 0.06174375 -0.01392496 0.08326451
v 0.05781082 -0.01593463 0.07725393
v 0.06496962 -0.01424596 -0.07925908
v 0.06494016 -0.01423918 -0.08126260
v 0.05680918 -0.01624207 0.07725393
v 0.06483705 -0.01422110 -0.08326613
v 0.06466030 -0.01417136 -0.08526965
v 0.06438042 -0.01409676 -0.08727317
v 0.06423312 -0.01405155 -0.08832453
v 0.06386487 -0.01394530 -0.08967344
v 0.06318729 -0.01382097 -0.09135958
v 0.06320202 -0.01328295 -0.09330358
v 0.06312837 -0.01244426 -0.09530711
v 0.06240660 -0.01211648 -0.09643782
v 0.06119874 -0.01143603 -0.09776688
v 0.06119874 -0.01043233 -0.09856036
v 0.05630836 -0.01009098 -0.10034568
v 0.05919545 -0.00902849 -0.09967123
v 0.06119874 -0.00902849 -0.09891742
v 0.06236241 -0.00902849 -0.09840167
v 0.06336405 -0.00902849 -0.09786607
v 0.06488125 -0.00702108 -0.09673537
v 0.06237714 -0.00775577 -0.09840167
v 0.06449827 -0.00585235 -0.09647749
v -0.07308034 -0.00702108 0.07322704
v -0.07244694 -0.01022661 -0.07925908
v -0.07343386 -0.00910988 -0.07725555
v -0.07234383 -0.00816042 0.07322704
v -0.07294776 -0.00921838 -0.08340498
v -0.07337493 -0.00902849 -0.08126260
v -0.07359589 -0.00886347 -0.07945745
v -0.07302141 -0.00702108 0.07523057
v -0.07277101 -0.00721549 0.07737295
v -0.07277101 -0.00691257 0.07925745
v -0.07259424 -0.00663904 0.08126098
v -0.07178409 -0.00699621 0.08344304
v -0.07197558 -0.00764274 0.08126098
v -0.07042893 -0.00825763 0.08475228
v -0.07097394 -0.00716350 0.08536722
v -0.07014906 -0.00792532 0.08610118
v -0.06982499 -0.00749581 0.08727156
v -0.06914742 -0.00691935 0.08915606
v -0.06798374 -0.00775577 0.08996937
v -0.06668749 -0.00652149 0.09274654
v -0.06733562 -0.00713863 0.09141746
v -0.06464002 -0.00644689 0.09465088
v -0.06533233 -0.00715219 0.09342099
v -0.06237159 -0.00615527 0.09639652
v -0.06313755 -0.00696908 0.09526582
v -0.06119319 -0.00657574 0.09669407
v -0.05718662 -0.00625473 0.09847940
v -0.06005898 -0.00796149 0.09625767
v -0.05871854 -0.00823502 0.09649570
v -0.05718662 -0.00725844 0.09772559
v -0.05516860 -0.00656670 0.09869760
v -0.05316532 -0.00679050 0.09883646
v -0.05100000 -0.00717028 0.09877695
v -0.05021931 -0.00803157 0.09832070
v -0.00099151 -0.01233802 0.09873728
v -0.00099151 -0.01298681 0.09730902
v 0.00099705 -0.01305236 0.09730902
v 0.05130015 -0.01070812 0.09550387
v 0.05205138 -0.01002316 0.09629734
v 0.05158002 -0.00796149 0.09826119
v 0.00300034 -0.01297550 0.09730902
v 0.05116757 -0.01327616 0.09129845
v 0.05116757 -0.01243974 0.09300442
v 0.05116757 -0.01184972 0.09399626
v 0.05317086 -0.00782585 0.09816201
v 0.05517415 -0.00754554 0.09798347
v 0.05732473 -0.00696230 0.09782478
v 0.05859151 -0.00821920 0.09647587
v 0.05923964 -0.00713637 0.09701147
v 0.06119874 -0.00647401 0.09663457
v 0.05993195 -0.00788011 0.09619816
v 0.06119874 -0.00747772 0.09588076
v 0.06253917 -0.00824406 0.09451202
v 0.06309891 -0.00693292 0.09522615
v 0.06387960 -0.00776256 0.09407561
v 0.06530841 -0.00712959 0.09340116
v 0.05517415 -0.00042238 -0.09374000
v 0.05317086 -0.00023023 -0.09391853
v 0.05717743 0.00014051 -0.09254979
v 0.06050642 -0.00589982 -0.09844135
v 0.05919545 -0.00576418 -0.09861987
v 0.05517415 0.00019702 -0.09274816
v 0.05317086 0.00021737 -0.09290686
v 0.05116757 0.00021963 -0.09300604
v -0.07263843 -0.00721097 -0.08747154
v -0.07222600 -0.00800444 -0.08828486
v -0.07250586 -0.00847013 -0.08693595
v 0.04914956 -0.00009912 -0.09407723
v 0.04914956 -0.00596538 -0.10038536
v 0.04112169 -0.00702108 -0.10092095
v 0.01303150 -0.00592017 -0.10042502
v 0.01303150 -0.00702108 -0.10094079
v -0.02707841 -0.00702108 -0.10096063
v 0.04313970 -0.00902849 -0.10135737
v -0.03310300 -0.00902849 -0.10133754
v -0.04715546 -0.00902849 -0.10129786
v -0.04915875 -0.00902849 -0.10127802
v -0.05116203 -0.00902849 -0.10115899
v -0.05516860 -0.00734434 -0.10052422
v -0.05652377 -0.00772865 -0.10038536
v -0.05918990 -0.00902849 -0.09959188
v -0.06231267 -0.00842265 -0.09836199
v -0.06483151 -0.00902849 -0.09671553
v -0.06583315 -0.00902849 -0.09600140
v -0.06823415 -0.00805191 -0.09431527
v -0.06823415 -0.00790045 -0.09431527
v -0.06737981 -0.00714767 -0.09495005
v -0.06891173 -0.00714767 -0.09346229
v -0.07056150 -0.00868940 -0.09084381
v -0.07182828 -0.00721097 -0.08915768
v -0.07280046 -0.00884765 -0.08526965
v 0.06580924 -0.00972702 0.08983052
v 0.06446880 -0.01020627 0.09056447
v 0.06517585 -0.01051371 0.08921558
v 0.06660466 -0.00838874 0.09074301
v 0.06467503 -0.00840909 0.09272670
v 0.06524950 -0.00906918 0.09131828
v 0.06321675 -0.01156037 0.08929492
v 0.06119874 -0.01315183 0.08727156
v 0.06180267 -0.01188815 0.08996937
v 0.06115454 -0.01242392 0.08929492
v 0.05517415 -0.01645005 0.07925745
v 0.05666188 -0.01620138 0.07925745
v 0.05586646 -0.01597532 0.08193544
v 0.05518888 -0.01623755 0.08126098
v 0.05968154 -0.01395208 0.08580363
v 0.05697121 -0.01626920 -0.08326613
v 0.05692702 -0.01625338 -0.08526965
v 0.05517415 -0.01650883 0.07725393
v 0.05517415 -0.01661055 -0.08326613
v 0.05655877 -0.01616747 -0.08727317
v 0.06252444 -0.01413519 -0.09074463
v 0.06200889 -0.01400182 -0.09207370
v 0.06128712 -0.01385488 -0.09338294
v 0.05996141 -0.01399956 -0.09411690
v 0.06119874 -0.01313149 -0.09530711
v 0.06119874 -0.01233575 -0.09675521
v 0.05974046 -0.01186103 -0.09812395
v 0.05912180 -0.01112859 -0.09887775
v 0.05517415 -0.01028765 -0.10046471
v 0.05317086 -0.00902849 -0.10100030
v 0.05517415 -0.00902849 -0.10068291
v 0.05654404 -0.00902849 -0.10040519
v 0.05754568 -0.00902849 -0.10016715
v 0.05705959 -0.01087088 -0.09965140
v 0.05517415 -0.01128910 -0.09981009
v 0.05652931 -0.00775804 -0.10040519
v 0.06309891 -0.00705951 -0.09774705
v 0.05919545 -0.00702108 -0.09935384
v 0.06118401 -0.00705951 -0.09867938
v 0.06184686 -0.00641750 -0.09814379
v -0.07240275 -0.01018592 -0.08126260
v -0.07122435 -0.01116476 -0.07925908
v -0.07122435 -0.01116250 -0.07725555
v -0.07243221 -0.01021983 -0.07725555
v -0.07146003 -0.00917995 0.07122352
v -0.07144530 -0.00916413 0.07322704
v -0.07143057 -0.00911892 0.07523057
v -0.07229964 -0.00811521 0.07523057
v -0.07231437 -0.01011132 -0.08282971
v -0.07221127 -0.01001412 -0.08415879
v -0.07222600 -0.00801574 0.07812676
v -0.07216708 -0.00791628 0.07925745
v -0.07067934 -0.00854925 0.08326451
v -0.07097394 -0.00887025 0.08126098
v -0.06973661 -0.00955295 0.08326451
v -0.06844038 -0.01021757 0.08467293
v -0.06929471 -0.00908049 0.08538705
v -0.06882335 -0.00858994 0.08727156
v -0.06844038 -0.00823728 0.08862047
v -0.06664331 -0.00841135 0.09078269
v -0.06717359 -0.00899458 0.08923541
v -0.06602465 -0.00785750 0.09211176
v -0.06390352 -0.00778516 0.09407561
v -0.06257781 -0.00828702 0.09455170
v -0.06119319 -0.00757945 0.09596012
v -0.06119319 -0.00866454 0.09494843
v -0.05998532 -0.00995534 0.09419464
v -0.05935193 -0.00909405 0.09536501
v -0.05864489 -0.01018818 0.09449218
v -0.05718662 -0.00948061 0.09574191
v -0.05718662 -0.00847691 0.09671392
v -0.05516860 -0.00757041 0.09794380
v -0.05316532 -0.00779420 0.09814217
v -0.05154501 -0.00793662 0.09826119
v -0.05114730 -0.00902849 0.09730902
v -0.05074959 -0.01009098 0.09637669
v -0.05130933 -0.01074655 0.09550387
v -0.05116203 -0.01188363 0.09405577
v -0.05116203 -0.01248495 0.09306393
v -0.05116203 -0.01337563 0.09129845
v -0.05116203 -0.01393174 0.08992970
v -0.04915875 -0.01397017 0.09002889
v -0.00099151 -0.01355196 0.09530549
v 0.00099705 -0.01356778 0.09530549
v 0.05317086 -0.01618782 0.08266940
v 0.05116757 -0.01387748 0.08977101
v -0.05116203 -0.01627824 0.08294712
v 0.05317086 -0.01074655 0.09520631
v 0.05517415 -0.01061544 0.09500794
v 0.05317086 -0.00993273 0.09619816
v 0.05317086 -0.00893129 0.09717017
v 0.05317086 -0.01380741 0.08957264
v 0.05317086 -0.01312244 0.09129845
v 0.05317086 -0.01235836 0.09284572
v 0.05317086 -0.01175026 0.09385740
v 0.05517415 -0.00875044 0.09697179
v 0.05717743 -0.00848595 0.09671392
v 0.05717743 -0.00948740 0.09576175
v 0.05862098 -0.01019949 0.09451202
v 0.05928383 -0.00907597 0.09534517
v 0.06119874 -0.00861706 0.09488892
v 0.06119874 -0.00962077 0.09383757
v 0.06242133 -0.01015201 0.09244899
v 0.06315783 -0.00899458 0.09326229
v 0.05116757 -0.00014207 -0.09401772
v 0.05317086 -0.00618466 -0.10020683
v 0.05180097 -0.00606937 -0.10028617
v 0.05046054 -0.00599477 -0.10034568
v 0.05719216 -0.00706177 -0.09990928
v 0.05517415 -0.00644915 -0.10006797
v -0.07022271 -0.01002768 -0.09028838
v -0.07187247 -0.00909405 -0.08747154
v -0.07207869 -0.00985135 -0.08526965
v 0.04914956 -0.00702108 -0.10086144
v 0.04714627 -0.00702108 -0.10090112
v 0.04714627 -0.00902849 -0.10131768
v 0.04714627 -0.01088671 -0.10082178
v -0.03510628 -0.01087314 -0.10082178
v -0.04715546 -0.01087767 -0.10078209
v -0.04915875 -0.01084602 -0.10076226
v -0.05116203 -0.01071490 -0.10070275
v -0.05316532 -0.00902849 -0.10096063
v -0.05316532 -0.01052501 -0.10060357
v -0.05652377 -0.00866454 -0.10038536
v -0.05718662 -0.00921160 -0.10016715
v -0.05617024 -0.01000281 -0.10032585
v -0.06078074 -0.01045493 -0.09858020
v -0.06210645 -0.00975867 -0.09826281
v -0.06134049 -0.00906692 -0.09871906
v -0.06306390 -0.00906692 -0.09782640
v -0.06449272 -0.01028313 -0.09649733
v -0.06659912 -0.01037129 -0.09465250
v -0.06724723 -0.00884312 -0.09487071
v -0.06792482 -0.00939019 -0.09395821
v -0.06872024 -0.00884312 -0.09328375
v -0.06991337 -0.00922517 -0.09141909
v 0.06376176 -0.00974736 0.09189355
v 0.06312837 -0.01052049 0.09125877
v 0.05919545 -0.01302298 0.08929492
v 0.05907761 -0.01374185 0.08715253
v 0.06046223 -0.01214134 0.09048513
v 0.06115454 -0.01146090 0.09119926
v 0.05317086 -0.01643875 0.08126098
v 0.05317086 -0.01656760 0.07925745
v 0.05452603 -0.01613357 0.08247103
v 0.05517415 -0.01658117 -0.08526965
v 0.05517415 -0.01644327 -0.08727317
v 0.05317086 -0.01658117 0.07725393
v 0.05317086 -0.01675071 -0.08326613
v 0.05317086 -0.01673489 -0.08526965
v 0.05624944 -0.01607027 -0.08834437
v 0.06068318 -0.01416006 -0.09278783
v 0.05517415 -0.01618330 -0.08870143
v 0.05862098 -0.01412841 -0.09451364
v 0.05925437 -0.01369890 -0.09522777
v 0.05912180 -0.01255955 -0.09738999
v 0.05840003 -0.01210065 -0.09838183
v 0.05317086 -0.01057022 -0.10064323
v 0.05116757 -0.00902849 -0.10119867
v 0.05517415 -0.00745285 -0.10054405
v 0.05717743 -0.01225211 -0.09858020
v 0.05317086 -0.01157167 -0.09996878
v -0.07122435 -0.01108564 -0.08126260
v -0.07010487 -0.01197406 -0.07925908
v -0.07011960 -0.01197858 -0.07725555
v -0.06824888 -0.01205996 0.06922000
v -0.06902957 -0.01140439 0.07322704
v -0.07044366 -0.01024470 0.07322704
v -0.07042893 -0.01022887 0.07523057
v -0.07038474 -0.01018818 0.07725393
v -0.07154841 -0.00884991 0.07737295
v -0.07141584 -0.01073751 -0.08340498
v -0.07078245 -0.01052727 -0.08727317
v -0.07107705 -0.01073073 -0.08526965
v -0.07031108 -0.01011584 0.07888056
v -0.07103286 -0.00922517 0.07943599
v -0.07022271 -0.01002542 0.08020963
v -0.07006068 -0.00987396 0.08126098
v -0.06873497 -0.01046172 0.08326451
v -0.06617194 -0.01201927 0.08417700
v -0.06732089 -0.01078046 0.08530771
v -0.06670222 -0.01042781 0.08727156
v -0.06634870 -0.01014749 0.08850144
v -0.06807213 -0.00990335 0.08600200
v -0.06771860 -0.00959364 0.08727156
v -0.06525868 -0.00908501 0.09133812
v -0.06581842 -0.00974963 0.08983052
v -0.06469894 -0.00841813 0.09272670
v -0.06318174 -0.00902171 0.09328213
v -0.06245998 -0.01018366 0.09248866
v -0.06119319 -0.00966824 0.09387724
v -0.06119319 -0.01044363 0.09286556
v -0.05926356 -0.01072847 0.09344083
v -0.05724554 -0.01149481 0.09320278
v -0.05718662 -0.01040294 0.09473022
v -0.05516860 -0.00973606 0.09599978
v -0.05516860 -0.00873235 0.09695195
v -0.05316532 -0.00893355 0.09713048
v -0.05209002 -0.01002316 0.09629734
v -0.05316532 -0.01078498 0.09520631
v -0.05316532 -0.01178869 0.09391692
v -0.05316532 -0.01240131 0.09290523
v -0.05316532 -0.01321965 0.09129845
v -0.05316532 -0.01386166 0.08971149
v -0.05316532 -0.01589620 0.08381994
v -0.05116203 -0.01659247 0.08126098
v -0.05316532 -0.01622851 0.08282810
v -0.05316532 -0.01655630 0.08126098
v 0.05517415 -0.00975415 0.09601963
v 0.05517415 -0.01161914 0.09363920
v 0.05717743 -0.01040972 0.09476990
v 0.05515942 -0.01375767 0.08915606
v 0.05517415 -0.01290543 0.09129845
v 0.05517415 -0.01223177 0.09262751
v 0.05725108 -0.01151290 0.09318295
v 0.05797286 -0.01199666 0.09221094
v 0.05925437 -0.01074881 0.09344083
v 0.05996141 -0.00993500 0.09419464
v 0.06119874 -0.01042555 0.09282588
v 0.05317086 -0.00718836 -0.10068291
v 0.05113812 -0.00685153 -0.10070275
v -0.06845511 -0.01026052 -0.09260930
v -0.06889700 -0.01059735 -0.09130006
v -0.06796901 -0.01189494 -0.08975279
v -0.06925052 -0.01108338 -0.08933621
v -0.07048785 -0.01027409 -0.08893948
v 0.04914956 -0.00902849 -0.10127802
v 0.01705280 -0.01192432 -0.10022666
v 0.01504951 -0.01192432 -0.10022666
v 0.04914956 -0.01087540 -0.10078209
v 0.04914956 -0.01187911 -0.10018699
v 0.04714627 -0.01189042 -0.10018699
v 0.03711512 -0.01189720 -0.10020683
v -0.04715546 -0.01188137 -0.10018699
v -0.04915875 -0.01184972 -0.10014731
v -0.05116203 -0.01171861 -0.10004813
v -0.05482981 -0.01029217 -0.10046471
v -0.05536009 -0.00921160 -0.10056388
v -0.05316532 -0.01152872 -0.09990928
v -0.05718662 -0.01103591 -0.09937368
v -0.05905734 -0.01108790 -0.09879841
v -0.05964654 -0.01179095 -0.09804460
v -0.06145833 -0.01123258 -0.09748917
v -0.06319647 -0.01070134 -0.09691390
v -0.06213591 -0.01201249 -0.09625928
v -0.06319647 -0.01170505 -0.09584271
v -0.06506719 -0.01099522 -0.09518810
v -0.06430123 -0.01208483 -0.09439462
v -0.06564166 -0.01170957 -0.09364082
v -0.06707048 -0.01098391 -0.09312506
v 0.05717743 -0.01344119 0.08929492
v 0.05919545 -0.01232897 0.09086203
v 0.05725108 -0.01250530 0.09143730
v 0.05919545 -0.01180677 0.09187371
v 0.05116757 -0.01659021 0.07925745
v 0.05317086 -0.01665124 -0.08727317
v 0.05116757 -0.01677106 -0.08326613
v 0.05116757 -0.01675975 -0.08526965
v 0.05116757 -0.01668515 -0.08727317
v 0.05317086 -0.01631894 -0.08907833
v 0.05717743 -0.01424370 -0.09481119
v 0.05717743 -0.01383905 -0.09580304
v 0.05717743 -0.01304784 -0.09731064
v 0.05116757 -0.01177512 -0.10008780
v 0.05116757 -0.01077368 -0.10074243
v 0.05517415 -0.01245557 -0.09879841
v -0.07004595 -0.01193563 -0.08126260
v -0.06991337 -0.01185651 -0.08326613
v -0.06910323 -0.01248043 -0.07925908
v -0.06904430 -0.01245557 -0.08126260
v -0.06911796 -0.01248495 -0.07725555
v -0.06721778 -0.01261607 0.06922000
v -0.06721778 -0.01260024 0.07122352
v -0.06823415 -0.01205092 0.07122352
v -0.06820469 -0.01203283 0.07388166
v -0.06922106 -0.01120319 0.07523057
v -0.06922106 -0.01111051 0.07725393
v -0.06973661 -0.01173443 -0.08526965
v -0.06945674 -0.01152872 -0.08727317
v -0.06941255 -0.01075785 0.07943599
v -0.06796901 -0.01188137 0.07925745
v -0.06905903 -0.01071942 0.08126098
v -0.06714413 -0.01156715 0.08340336
v -0.06771860 -0.01172313 0.08126098
v -0.06483151 -0.01235384 0.08526804
v -0.06441907 -0.01214812 0.08655743
v -0.06584788 -0.01183164 0.08526804
v -0.06643709 -0.01216169 0.08284793
v -0.06539126 -0.01256181 0.08340336
v -0.06517030 -0.01050919 0.08921558
v -0.06514084 -0.01146090 0.08725172
v -0.06380041 -0.00975641 0.09189355
v -0.06447799 -0.01019496 0.09056447
v -0.06315228 -0.01054536 0.09125877
v -0.06181186 -0.01190850 0.09000905
v -0.06116373 -0.01148803 0.09119926
v -0.05918990 -0.01179095 0.09183405
v -0.05795258 -0.01197858 0.09217127
v -0.05661215 -0.01214586 0.09246882
v -0.05516860 -0.01163497 0.09369871
v -0.05516860 -0.01063126 0.09500794
v -0.05316532 -0.00993726 0.09621799
v -0.05516860 -0.01227472 0.09268703
v -0.05516860 -0.01298681 0.09129845
v -0.05527171 -0.01379836 0.08919574
v -0.05475616 -0.01614261 0.08253054
v -0.05316532 -0.01673036 0.07925745
v -0.05531590 -0.01632798 0.08141968
v -0.05516860 -0.01664446 0.07925745
v 0.05663242 -0.01211874 0.09242915
v -0.06621613 -0.01204188 -0.09231175
v -0.06752711 -0.01159880 -0.09130006
v -0.06652547 -0.01219560 -0.09130006
v -0.06726196 -0.01238549 -0.08915768
v -0.06826361 -0.01206900 -0.08840388
v 0.03511183 -0.01190172 -0.10020683
v 0.04714627 -0.01270649 -0.09919515
v 0.02105937 -0.01269971 -0.09921498
v 0.01905608 -0.01269971 -0.09921498
v 0.01303150 -0.01269745 -0.09921498
v -0.02106855 -0.01269293 -0.09919515
v -0.02307184 -0.01269067 -0.09919515
v 0.05116757 -0.01266354 -0.09909596
v 0.04914956 -0.01269971 -0.09917530
v -0.04715546 -0.01263868 -0.09917530
v -0.04915875 -0.01262285 -0.09915547
v -0.05116203 -0.01257990 -0.09903645
v -0.05316532 -0.01249626 -0.09889759
v -0.05516860 -0.01236514 -0.09873889
v -0.05536009 -0.01099070 -0.09984976
v -0.05718662 -0.01219334 -0.09852069
v -0.05830610 -0.01207805 -0.09836199
v -0.06079548 -0.01227698 -0.09671553
v -0.06135522 -0.01267032 -0.09548565
v -0.06319647 -0.01231541 -0.09483103
v -0.06319647 -0.01294160 -0.09330358
v -0.06506719 -0.01225437 -0.09310522
v -0.05116203 -0.01658117 -0.08326613
v -0.05116203 -0.01655404 -0.08526965
v -0.05116203 -0.01644327 -0.08727317
v -0.05116203 -0.01620138 -0.08878078
v 0.05116757 -0.01633476 -0.08911800
v 0.05116757 -0.01456245 -0.09530711
v 0.05277315 -0.01412389 -0.09647749
v 0.05333289 -0.01438160 -0.09548565
v 0.05517415 -0.01434995 -0.09512859
v 0.05411358 -0.01403799 -0.09627912
v 0.05517415 -0.01396791 -0.09612042
v 0.05517415 -0.01338241 -0.09731064
v 0.05317086 -0.01259120 -0.09895710
v 0.05333289 -0.01367855 -0.09721146
v -0.06891173 -0.01240131 -0.08326613
v -0.06873497 -0.01231993 -0.08526965
v -0.06721778 -0.01326712 -0.07925908
v -0.06721778 -0.01323773 -0.08126260
v -0.06721778 -0.01315183 -0.08326613
v -0.06721778 -0.01327164 -0.07725555
v -0.06721778 -0.01326938 -0.07523219
v -0.06539126 -0.01370794 0.02908998
v -0.06537652 -0.01370568 0.03109350
v -0.06527341 -0.01365821 0.05116843
v -0.06522922 -0.01362882 0.05918253
v -0.06521449 -0.01355196 0.07122352
v -0.06521449 -0.01352257 0.07523057
v -0.06717359 -0.01257990 0.07523057
v -0.06740927 -0.01247591 0.07322704
v -0.06817523 -0.01200797 0.07523057
v -0.06808686 -0.01195597 0.07725393
v -0.06845511 -0.01217751 -0.08727317
v -0.06696737 -0.01246461 0.07925745
v -0.06671695 -0.01231767 0.08126098
v -0.06708521 -0.01254599 0.07725393
v -0.06319647 -0.01305010 0.08526804
v -0.06322594 -0.01243296 0.08725172
v -0.06390352 -0.01188589 0.08790634
v -0.06521449 -0.01304558 0.08126098
v -0.06319647 -0.01350675 0.08326451
v -0.06322594 -0.01156715 0.08931476
v -0.06256308 -0.01220012 0.08867998
v -0.06116373 -0.01242166 0.08931476
v -0.06048615 -0.01212778 0.09046529
v -0.05918990 -0.01230863 0.09084219
v -0.05724554 -0.01252338 0.09141746
v -0.05718662 -0.01345475 0.08929492
v -0.05599349 -0.01402442 0.08820388
v -0.05609660 -0.01603636 0.08221315
v -0.05516860 -0.01664220 0.07725393
v -0.05316532 -0.01651335 -0.08526965
v -0.05653850 -0.01620365 0.08086424
v -0.05684783 -0.01630537 0.07925745
v -0.05687729 -0.01630537 0.07725393
v -0.06521449 -0.01277431 -0.09130006
v -0.06721778 -0.01275397 -0.08727317
v -0.06521449 -0.01322191 -0.08927670
v 0.04714627 -0.01371020 -0.09762803
v 0.02306265 -0.01370342 -0.09764787
v 0.01905608 -0.01370342 -0.09764787
v 0.01504951 -0.01370116 -0.09764787
v -0.01504397 -0.01369664 -0.09762803
v -0.02307184 -0.01369438 -0.09760819
v 0.05116757 -0.01366725 -0.09758836
v 0.04914956 -0.01370116 -0.09760819
v -0.02507512 -0.01368759 -0.09760819
v -0.02908170 -0.01367629 -0.09758836
v -0.03510628 -0.01365821 -0.09754869
v -0.04313416 -0.01364916 -0.09746933
v -0.04513745 -0.01364690 -0.09744950
v -0.04715546 -0.01364012 -0.09742966
v -0.04915875 -0.01362656 -0.09740982
v -0.05116203 -0.01358361 -0.09737015
v -0.05298856 -0.01357004 -0.09711227
v -0.05516860 -0.01321965 -0.09731064
v -0.05718662 -0.01288734 -0.09731064
v -0.05905734 -0.01243974 -0.09735031
v -0.05918990 -0.01335076 -0.09530711
v -0.06103116 -0.01364690 -0.09312506
v -0.06319647 -0.01349318 -0.09130006
v -0.05316532 -0.01636415 -0.08727317
v -0.05316532 -0.01613583 -0.08862209
v -0.05316532 -0.01587812 -0.08961393
v -0.05219314 -0.01404929 -0.09631880
v -0.05116203 -0.01436577 -0.09530711
v -0.04915875 -0.01440421 -0.09530711
v -0.04715546 -0.01442681 -0.09530711
v -0.03912758 -0.01450141 -0.09530711
v -0.03710957 -0.01451498 -0.09530711
v -0.03310300 -0.01453758 -0.09530711
v -0.02908170 -0.01455793 -0.09530711
v -0.02707841 -0.01456697 -0.09530711
v -0.02507512 -0.01457375 -0.09530711
v -0.02307184 -0.01457827 -0.09530711
v -0.01304068 -0.01459862 -0.09530711
v 0.01905608 -0.01463027 -0.09530711
v 0.02306265 -0.01463253 -0.09530711
v 0.02508067 -0.01463253 -0.09530711
v 0.02708396 -0.01463027 -0.09530711
v 0.04714627 -0.01460314 -0.09530711
v 0.04914956 -0.01458957 -0.09530711
v 0.05116757 -0.01416910 -0.09657668
v -0.06721778 -0.01300263 -0.08526965
v -0.06547963 -0.01382775 -0.07925908
v -0.06549436 -0.01382775 -0.07725555
v -0.06540599 -0.01382323 -0.08126260
v -0.06527341 -0.01379158 -0.08326613
v -0.06500828 -0.01376219 -0.08507129
v -0.06549436 -0.01383679 -0.07122514
v -0.06550910 -0.01383227 -0.06922161
v -0.06441907 -0.01412841 0.02105604
v -0.06440434 -0.01411937 0.02508293
v -0.06431596 -0.01408772 0.04313449
v -0.06422757 -0.01405155 0.05918253
v -0.06421284 -0.01404929 0.06063062
v -0.06403609 -0.01399730 0.07322704
v -0.06400663 -0.01398599 0.07523057
v -0.06521449 -0.01345927 0.07725393
v -0.06418339 -0.01403799 0.06318958
v -0.06415393 -0.01403121 0.06521294
v -0.06521449 -0.01330555 0.07925745
v -0.06113427 -0.01375993 0.08528787
v -0.06119319 -0.01319478 0.08727156
v -0.06313755 -0.01382323 0.08145935
v -0.06219484 -0.01404477 0.08225282
v -0.06187077 -0.01394756 0.08326451
v -0.05918990 -0.01300715 0.08929492
v -0.05920463 -0.01376219 0.08721205
v -0.05718662 -0.01393400 0.08790634
v -0.05986749 -0.01397921 0.08594248
v -0.05643538 -0.01612226 -0.08326613
v -0.05516860 -0.01633250 -0.08526965
v -0.06368256 -0.01388201 0.07925745
v -0.06390352 -0.01395435 0.07725393
v -0.06319647 -0.01449915 0.02105604
v -0.06319647 -0.01450141 0.01905252
v -0.06450745 -0.01413745 -0.06521456
v -0.06450745 -0.01413519 -0.06721809
v -0.06447799 -0.01412841 -0.07725555
v -0.06521449 -0.01351127 -0.08727317
v -0.06313755 -0.01384584 -0.08933621
v 0.04914956 -0.01417588 -0.09661635
v 0.02708396 -0.01419171 -0.09663619
v 0.02508067 -0.01419397 -0.09663619
v 0.01905608 -0.01419849 -0.09663619
v 0.01504951 -0.01419849 -0.09663619
v -0.02307184 -0.01417815 -0.09661635
v -0.02707841 -0.01416910 -0.09659651
v -0.03310300 -0.01415328 -0.09655683
v -0.03510628 -0.01414876 -0.09653700
v -0.03710957 -0.01414197 -0.09651716
v -0.04715546 -0.01409676 -0.09643782
v -0.04915875 -0.01408772 -0.09641798
v -0.05116203 -0.01406511 -0.09635847
v -0.05516860 -0.01389557 -0.09584271
v -0.05724554 -0.01377350 -0.09526744
v -0.05796731 -0.01400634 -0.09415657
v -0.05918990 -0.01388201 -0.09372017
v -0.06025046 -0.01405833 -0.09235141
v -0.06164982 -0.01391818 -0.09130006
v -0.06207700 -0.01401764 -0.09005034
v -0.05437318 -0.01608383 -0.08842371
v -0.05509495 -0.01619008 -0.08725334
v -0.05516860 -0.01420979 -0.09485087
v -0.05298856 -0.01424822 -0.09538646
v -0.05353357 -0.01398147 -0.09610059
v 0.04714627 -0.01417815 -0.09661635
v -0.06446326 -0.01412163 -0.07925908
v -0.06440434 -0.01409676 -0.08126260
v -0.06421284 -0.01404477 -0.08427781
v -0.06403609 -0.01400182 -0.08560688
v -0.05640592 -0.01611548 -0.08526965
v -0.05633228 -0.01610418 -0.08655905
v -0.06374149 -0.01393626 -0.08727317
v -0.05662688 -0.01412389 -0.09455331
v -0.05571362 -0.01597532 -0.08788812
f 558 84 82
f 617 620 512
f 512 620 618
f 84 83 55
f 31 54 55
f 55 82 84
f 55 54 82
f 112 899 143
f 143 144 112
f 1077 949 951
f 1077 1080 1078
f 951 1080 1077
f 1318 1368 1399
f 1401 1320 1400
f 121 164 165
f 790 185 184
f 149 183 184
f 565 189 466
f 156 466 189
f 565 668 560
f 514 297 451
f 617 512 511
f 511 512 451
f 451 297 511
f 511 297 510
f 164 121 163
f 197 161 196
f 525 631 632
f 34 61 62
f 34 60 61
f 34 33 59
f 59 60 34
f 111 83 84
f 148 141 149
f 59 86 87
f 85 86 59
f 31 53 32
f 83 53 56
f 56 55 83
f 56 53 31
f 31 55 56
f 1032 144 143
f 84 667 766
f 766 112 84
f 899 112 766
f 145 112 144
f 149 141 145
f 360 361 356
f 1 356 361
f 355 356 1
f 51 28 450
f 51 54 31
f 450 508 51
f 51 508 54
f 847 929 975
f 929 847 798
f 798 847 724
f 318 459 319
f 460 459 541
f 319 459 460
f 541 647 542
f 543 341 542
f 878 751 749
f 752 751 879
f 139 108 136
f 618 620 619
f 620 724 619
f 619 512 618
f 846 844 843
f 1139 1262 1140
f 1145 1146 1007
f 541 459 539
f 1204 1146 1267
f 1045 912 1044
f 1046 912 1045
f 1044 912 1043
f 1038 1039 905
f 901 772 793
f 901 183 149
f 901 184 183
f 775 777 776
f 913 912 1046
f 775 912 913
f 913 777 775
f 1400 1320 1319
f 1319 1399 1400
f 1318 1399 1319
f 975 929 1061
f 157 156 189
f 165 164 127
f 164 128 127
f 170 171 128
f 149 184 150
f 563 466 562
f 562 671 563
f 297 514 515
f 514 619 515
f 451 512 513
f 513 514 451
f 512 619 513
f 513 619 514
f 616 511 510
f 617 511 616
f 616 620 617
f 616 615 620
f 164 163 199
f 161 197 198
f 198 199 163
f 190 560 668
f 190 189 565
f 565 560 190
f 305 304 303
f 272 304 305
f 452 337 344
f 330 329 344
f 531 348 530
f 530 348 529
f 455 348 531
f 166 121 165
f 166 124 121
f 90 62 89
f 89 91 90
f 92 64 91
f 13 12 31
f 5 12 13
f 36 64 37
f 21 38 39
f 23 39 38
f 25 10 23
f 21 39 23
f 69 67 66
f 35 34 62
f 438 491 488
f 1044 1177 1178
f 1292 1293 1178
f 84 112 113
f 113 145 141
f 112 145 113
f 116 142 146
f 141 148 146
f 146 142 141
f 141 142 110
f 83 111 110
f 110 85 83
f 110 142 116
f 58 85 59
f 59 33 58
f 57 53 83
f 83 85 57
f 85 58 57
f 57 32 53
f 33 32 57
f 57 58 33
f 144 1032 1033
f 465 84 558
f 558 559 465
f 465 559 84
f 666 667 84
f 84 559 666
f 4 396 5
f 5 1 4
f 21 8 20
f 8 7 20
f 5 15 16
f 33 34 16
f 16 32 33
f 15 32 16
f 6 1 5
f 6 7 1
f 5 16 6
f 11 10 25
f 52 51 31
f 28 51 52
f 5 396 417
f 417 12 5
f 359 367 360
f 359 356 355
f 360 356 359
f 355 358 359
f 358 366 359
f 359 366 367
f 1013 1014 878
f 1008 1009 878
f 878 1014 1008
f 1014 1013 1155
f 880 751 878
f 821 697 820
f 1016 887 1015
f 846 724 848
f 724 847 848
f 679 263 678
f 677 724 620
f 677 679 678
f 677 678 568
f 677 798 724
f 676 798 677
f 620 615 677
f 615 679 677
f 568 566 677
f 677 566 676
f 668 676 675
f 676 566 675
f 675 566 192
f 770 676 668
f 668 769 770
f 796 676 770
f 770 769 796
f 797 676 796
f 797 798 676
f 796 929 797
f 929 798 797
f 457 539 458
f 458 539 459
f 354 456 457
f 323 542 341
f 327 546 326
f 326 295 293
f 326 546 295
f 646 647 541
f 750 749 751
f 647 646 750
f 761 656 759
f 759 758 889
f 889 890 759
f 759 890 761
f 761 762 658
f 758 759 655
f 655 759 656
f 253 287 288
f 312 276 311
f 311 323 341
f 311 288 323
f 136 179 180
f 464 220 550
f 296 546 547
f 547 548 296
f 296 548 260
f 291 290 312
f 365 375 376
f 376 377 365
f 365 366 358
f 365 377 378
f 378 366 365
f 722 619 724
f 722 724 846
f 846 843 722
f 722 843 844
f 971 844 846
f 849 727 726
f 726 844 849
f 849 971 978
f 844 971 849
f 1137 1004 1136
f 1136 1260 1137
f 1137 1260 1138
f 1262 1139 1138
f 1145 1007 1144
f 877 1007 878
f 878 749 877
f 877 749 876
f 1147 1007 1146
f 538 539 457
f 876 749 747
f 747 875 876
f 1267 1368 1316
f 1316 1204 1267
f 1205 1204 1316
f 1209 1205 1316
f 1316 1318 1209
f 1316 1368 1318
f 1079 1205 1209
f 1079 1080 951
f 1449 1399 1368
f 1400 1399 1449
f 1449 1401 1400
f 144 905 182
f 182 905 772
f 149 145 182
f 182 145 144
f 182 901 149
f 902 791 790
f 790 184 902
f 184 901 902
f 791 902 792
f 792 901 793
f 792 902 901
f 1047 913 1046
f 779 778 915
f 1318 1319 1210
f 1080 1079 1210
f 1209 1318 1210
f 1210 1079 1209
f 1211 1319 1320
f 1320 1317 1211
f 1211 1210 1319
f 1080 1210 1211
f 1078 1080 1207
f 1080 1211 1207
f 1207 1211 1317
f 1538 1454 1455
f 1403 1320 1402
f 1320 1401 1402
f 1472 1471 1482
f 1571 1557 1574
f 1557 1560 1574
f 1558 1557 1571
f 1571 1559 1558
f 928 929 796
f 928 1061 929
f 1036 926 1060
f 1035 926 1036
f 1283 1373 1284
f 1372 1373 1283
f 564 668 565
f 565 466 564
f 466 563 564
f 561 669 562
f 562 466 561
f 466 156 561
f 1183 1048 1184
f 670 563 671
f 670 564 563
f 670 788 789
f 670 671 562
f 562 669 670
f 670 789 790
f 790 791 670
f 777 778 670
f 670 778 779
f 791 792 670
f 670 792 793
f 670 776 777
f 793 772 670
f 775 776 670
f 165 127 126
f 126 127 94
f 126 166 165
f 124 166 126
f 97 69 66
f 97 129 130
f 96 127 128
f 128 129 96
f 129 97 96
f 96 97 66
f 128 171 172
f 516 328 297
f 297 515 516
f 517 329 516
f 329 328 516
f 161 198 162
f 162 198 163
f 162 121 161
f 162 163 121
f 231 199 230
f 199 198 230
f 230 198 229
f 196 161 160
f 161 121 160
f 191 675 192
f 191 190 668
f 668 675 191
f 266 267 229
f 297 267 266
f 510 297 266
f 266 265 510
f 225 197 196
f 225 264 265
f 568 678 224
f 678 263 224
f 224 225 196
f 263 264 224
f 264 225 224
f 453 337 522
f 298 299 267
f 298 329 330
f 298 328 329
f 297 328 298
f 298 267 297
f 229 267 268
f 267 299 268
f 268 230 229
f 336 307 306
f 305 303 306
f 303 333 306
f 337 338 306
f 306 333 337
f 331 303 330
f 330 344 331
f 642 539 641
f 539 538 641
f 98 131 100
f 100 76 98
f 100 131 132
f 136 108 137
f 137 106 136
f 108 106 137
f 105 81 104
f 104 106 105
f 105 106 81
f 108 81 107
f 107 106 108
f 81 106 107
f 103 106 104
f 132 106 103
f 89 121 122
f 121 92 122
f 121 124 123
f 123 92 121
f 124 92 123
f 64 92 65
f 66 38 65
f 38 37 65
f 65 37 64
f 14 15 5
f 5 13 14
f 14 32 15
f 31 32 14
f 14 13 31
f 40 23 38
f 66 67 40
f 40 38 66
f 25 23 42
f 8 23 9
f 9 23 10
f 22 8 21
f 21 23 22
f 22 23 8
f 25 45 26
f 45 43 26
f 26 11 25
f 27 43 46
f 63 35 62
f 62 90 63
f 63 64 36
f 36 35 63
f 63 90 91
f 91 64 63
f 949 1077 950
f 950 1077 1078
f 819 697 821
f 821 948 819
f 819 948 951
f 951 949 819
f 949 950 819
f 819 950 822
f 489 438 488
f 594 494 493
f 446 416 447
f 392 409 410
f 1282 1168 1281
f 1219 1223 1325
f 1097 969 964
f 964 969 965
f 965 837 964
f 964 837 963
f 1096 1223 1219
f 1222 1223 1096
f 1326 1325 1292
f 1219 1325 1326
f 1327 1223 1222
f 1327 1325 1223
f 1411 1325 1327
f 1214 1317 1321
f 1321 1320 1403
f 1321 1317 1320
f 1500 1540 1463
f 1463 1540 1456
f 965 969 966
f 966 837 965
f 720 612 709
f 1169 1168 1282
f 1171 1281 1167
f 1167 1281 1168
f 1101 1030 970
f 1099 969 1097
f 114 111 84
f 84 113 114
f 140 113 141
f 141 110 140
f 140 110 111
f 111 114 140
f 140 114 113
f 147 146 148
f 116 85 115
f 115 110 116
f 85 110 115
f 1034 905 144
f 144 1033 1034
f 1038 905 1034
f 1034 1033 1038
f 614 559 558
f 614 666 559
f 370 1 361
f 370 369 1
f 370 361 360
f 360 369 370
f 1 369 382
f 21 20 19
f 19 20 7
f 19 38 21
f 19 37 38
f 36 37 19
f 19 35 36
f 34 35 19
f 24 43 27
f 27 362 24
f 355 1 2
f 2 7 8
f 1 7 2
f 28 52 29
f 450 28 29
f 418 449 450
f 397 417 396
f 416 418 397
f 588 491 593
f 593 589 588
f 488 491 588
f 588 589 488
f 488 589 587
f 587 489 488
f 590 489 587
f 945 948 817
f 887 1016 888
f 889 758 888
f 592 583 690
f 592 589 593
f 690 589 592
f 951 948 1073
f 1073 948 945
f 263 679 569
f 569 679 615
f 351 455 456
f 457 458 316
f 319 460 320
f 542 323 462
f 541 542 462
f 545 546 327
f 327 650 545
f 544 341 543
f 544 327 341
f 544 650 327
f 547 546 654
f 546 653 654
f 654 655 547
f 652 650 753
f 652 653 546
f 546 545 652
f 652 545 650
f 572 575 478
f 892 762 761
f 138 108 422
f 647 750 648
f 648 542 647
f 751 752 649
f 649 750 751
f 649 648 750
f 543 542 649
f 542 648 649
f 1015 887 886
f 549 548 656
f 312 311 324
f 324 291 312
f 341 327 324
f 324 311 341
f 289 276 253
f 289 311 276
f 253 288 289
f 288 311 289
f 136 180 181
f 259 296 260
f 293 295 259
f 295 546 259
f 546 296 259
f 168 129 128
f 175 202 214
f 214 202 201
f 249 250 213
f 255 254 290
f 290 254 277
f 312 290 277
f 277 276 312
f 292 291 293
f 293 259 294
f 294 259 258
f 256 255 257
f 257 255 290
f 257 294 258
f 290 291 257
f 291 292 257
f 257 292 293
f 293 294 257
f 357 358 355
f 389 375 388
f 388 375 374
f 375 365 374
f 452 344 518
f 518 329 517
f 518 344 329
f 725 844 726
f 978 971 974
f 974 971 846
f 846 973 974
f 1229 1105 1228
f 996 998 872
f 1006 1143 1007
f 1007 877 1006
f 1274 1155 1154
f 1154 1155 1013
f 1273 1312 1274
f 1274 1154 1273
f 878 1007 1011
f 1007 1147 1011
f 748 747 749
f 541 539 644
f 747 748 644
f 644 748 749
f 642 641 744
f 870 873 744
f 874 1002 875
f 873 1002 874
f 1269 1368 1267
f 1269 1370 1368
f 1527 1445 1526
f 1527 1446 1445
f 1142 1264 1265
f 1143 1006 1142
f 1263 1264 1140
f 1140 1262 1263
f 1262 1364 1263
f 1445 1446 1366
f 1366 1446 1367
f 1140 1264 1141
f 1264 1142 1141
f 1141 1142 1006
f 1365 1364 1360
f 1365 1263 1364
f 1264 1263 1365
f 1445 1366 1365
f 1265 1264 1365
f 1365 1366 1265
f 1447 1527 1526
f 1367 1446 1447
f 1446 1527 1447
f 1571 1530 1570
f 1530 1529 1570
f 1570 1529 1566
f 1566 1529 1537
f 1537 1452 1536
f 1529 1452 1537
f 1370 1452 1448
f 1448 1452 1529
f 1448 1529 1530
f 1530 1449 1448
f 1368 1370 1448
f 1448 1449 1368
f 1420 1419 1509
f 1418 1508 1509
f 1509 1419 1418
f 1401 1449 1479
f 1479 1402 1401
f 1479 1449 1530
f 772 901 900
f 900 182 772
f 901 182 900
f 1176 1040 1039
f 1176 1177 1044
f 1044 1040 1176
f 1042 911 909
f 909 1040 1042
f 1043 911 1042
f 1044 1043 1042
f 1042 1040 1044
f 1048 915 914
f 914 1047 1048
f 913 1047 914
f 914 915 778
f 914 778 777
f 777 913 914
f 1539 1538 1455
f 1539 1559 1571
f 1454 1538 1501
f 1417 1413 1501
f 1470 1551 1552
f 1482 1471 1552
f 1552 1471 1470
f 1550 1551 1469
f 1469 1551 1470
f 1482 1402 1481
f 1560 1562 1481
f 1390 1392 1300
f 1179 1045 1044
f 1044 1178 1179
f 1046 1045 1179
f 1555 1560 1557
f 1482 1562 1564
f 1478 1477 1557
f 1557 1558 1478
f 1397 1477 1478
f 1478 1453 1397
f 1455 1453 1478
f 1478 1539 1455
f 1478 1558 1559
f 1559 1539 1478
f 1061 928 1037
f 1455 1454 1375
f 1375 1453 1455
f 1195 1283 1197
f 1059 925 1055
f 89 62 88
f 62 61 88
f 61 60 88
f 88 60 59
f 59 87 88
f 88 87 86
f 88 85 116
f 86 85 88
f 1050 1183 1185
f 1187 1186 1185
f 780 670 779
f 781 670 780
f 783 918 919
f 919 918 1051
f 1185 1186 1051
f 1186 1187 1051
f 1051 1187 1188
f 788 670 787
f 789 788 787
f 673 564 672
f 564 670 672
f 775 670 774
f 774 912 775
f 772 905 773
f 773 670 772
f 125 92 124
f 124 126 125
f 125 126 94
f 75 97 99
f 99 131 98
f 98 75 99
f 130 131 99
f 99 97 130
f 94 127 95
f 127 96 95
f 66 94 95
f 95 96 66
f 203 128 173
f 128 172 173
f 173 213 203
f 212 172 171
f 212 173 172
f 249 213 212
f 213 173 212
f 171 170 211
f 170 210 211
f 211 212 171
f 210 212 211
f 621 515 619
f 621 622 515
f 726 622 621
f 621 725 726
f 726 727 623
f 623 622 726
f 196 160 195
f 195 160 194
f 195 224 196
f 194 224 195
f 192 194 159
f 194 160 159
f 567 566 568
f 567 467 566
f 509 264 263
f 263 569 509
f 510 265 509
f 265 264 509
f 509 569 615
f 509 616 510
f 615 616 509
f 227 225 265
f 568 224 223
f 223 194 192
f 223 224 194
f 523 453 522
f 522 629 523
f 526 454 525
f 526 527 454
f 526 525 632
f 632 527 526
f 454 527 346
f 527 528 346
f 346 528 529
f 529 348 346
f 304 272 271
f 271 303 304
f 301 271 270
f 300 270 299
f 301 270 300
f 300 298 330
f 299 298 300
f 274 234 233
f 207 170 169
f 169 128 164
f 169 170 128
f 337 453 345
f 273 306 307
f 273 307 274
f 273 272 305
f 305 306 273
f 274 233 273
f 273 233 272
f 332 344 337
f 332 331 344
f 303 331 332
f 337 333 332
f 332 333 303
f 741 641 640
f 870 744 741
f 741 744 641
f 537 538 457
f 537 641 538
f 640 641 535
f 457 456 535
f 456 534 535
f 640 742 743
f 870 741 743
f 743 741 640
f 743 872 870
f 533 534 456
f 98 76 74
f 74 75 98
f 45 75 74
f 74 43 45
f 78 103 104
f 135 179 136
f 135 178 179
f 136 106 135
f 177 175 178
f 132 103 102
f 102 100 132
f 101 100 102
f 102 78 101
f 103 78 102
f 41 42 23
f 41 40 67
f 23 40 41
f 67 69 41
f 44 45 25
f 25 42 44
f 72 42 71
f 71 97 72
f 69 97 71
f 79 78 104
f 48 78 79
f 27 48 49
f 48 79 49
f 49 79 50
f 47 46 43
f 43 74 47
f 47 74 76
f 47 48 27
f 27 46 47
f 502 609 601
f 709 612 602
f 602 612 504
f 602 601 709
f 503 504 446
f 503 599 504
f 590 701 591
f 594 493 591
f 591 489 590
f 591 493 489
f 595 494 594
f 595 495 494
f 698 701 590
f 698 587 697
f 590 587 698
f 697 819 698
f 698 819 822
f 822 701 698
f 489 493 440
f 438 489 440
f 494 495 442
f 408 409 391
f 409 392 391
f 391 392 378
f 1221 1171 1097
f 1221 1281 1171
f 1097 1091 1221
f 1097 964 1094
f 1094 964 963
f 1219 1091 1090
f 1090 1091 963
f 1090 1096 1219
f 963 1096 1090
f 1292 1178 1291
f 1291 1326 1292
f 1326 1291 1288
f 1288 1178 1177
f 1288 1291 1178
f 1177 1176 1288
f 1220 1091 1219
f 1219 1326 1220
f 1326 1288 1220
f 1281 1221 1220
f 1220 1221 1091
f 1411 1327 1412
f 1412 1327 1410
f 1407 1321 1406
f 1403 1496 1497
f 1497 1498 1403
f 1497 1540 1498
f 1403 1498 1499
f 1499 1540 1500
f 1498 1540 1499
f 1543 1456 1542
f 1543 1542 1496
f 1461 1460 1545
f 1545 1460 1544
f 1542 1456 1541
f 1456 1540 1541
f 1496 1542 1565
f 1565 1497 1496
f 1540 1497 1565
f 1542 1541 1565
f 1565 1541 1540
f 721 720 841
f 612 720 721
f 721 841 719
f 719 612 721
f 830 720 709
f 1214 1321 1322
f 1322 1321 1407
f 502 607 608
f 608 609 502
f 1085 1086 958
f 1208 1207 1317
f 1208 1317 1214
f 1078 1207 1208
f 1208 1081 1078
f 1038 1033 1166
f 1166 1033 1032
f 1166 1039 1038
f 1166 1169 1039
f 1098 1101 970
f 969 1101 1098
f 1098 970 968
f 968 969 1098
f 1171 1030 1170
f 1030 1099 1170
f 1097 1171 1170
f 1170 1099 1097
f 1030 1101 1100
f 1100 1099 1030
f 1100 1101 969
f 969 1099 1100
f 504 612 610
f 610 612 719
f 719 717 610
f 666 614 610
f 765 766 667
f 667 764 765
f 899 766 765
f 667 666 718
f 718 764 667
f 718 717 719
f 719 841 718
f 666 610 718
f 718 610 717
f 381 4 1
f 1 382 381
f 396 4 381
f 381 382 367
f 368 369 360
f 368 382 369
f 360 367 368
f 367 382 368
f 7 6 18
f 18 19 7
f 34 19 18
f 30 52 31
f 30 29 52
f 31 12 30
f 12 29 30
f 448 418 416
f 449 418 448
f 448 416 446
f 448 505 506
f 446 504 448
f 504 505 448
f 450 449 448
f 448 506 450
f 367 366 379
f 379 366 378
f 417 397 421
f 12 417 421
f 419 418 450
f 419 397 418
f 450 29 419
f 419 29 12
f 446 447 414
f 414 447 416
f 411 392 410
f 1272 1270 1150
f 696 817 818
f 818 817 948
f 429 428 474
f 474 430 429
f 429 401 428
f 430 401 429
f 1200 1201 1069
f 1312 1201 1200
f 1200 1202 1313
f 1069 1201 1076
f 1076 1201 1074
f 1076 946 1069
f 1074 946 1076
f 1146 1204 1206
f 1312 1273 1206
f 1206 1201 1312
f 1074 1201 1206
f 1072 1204 1205
f 1205 1079 1072
f 1072 1079 951
f 951 1073 1072
f 1203 1202 1070
f 1063 1199 1068
f 1068 1199 1070
f 692 809 810
f 810 811 692
f 940 1068 1070
f 1069 946 942
f 352 351 456
f 336 346 339
f 339 346 348
f 455 351 350
f 457 316 343
f 317 458 459
f 317 316 458
f 459 318 317
f 460 322 321
f 321 320 460
f 284 322 460
f 284 321 322
f 320 321 284
f 461 460 541
f 541 462 461
f 461 323 460
f 461 462 323
f 685 575 684
f 684 575 665
f 474 428 476
f 428 478 476
f 576 478 575
f 762 892 891
f 761 890 891
f 891 892 761
f 138 422 109
f 109 422 81
f 109 108 138
f 109 81 108
f 108 139 469
f 469 422 108
f 472 422 469
f 469 139 136
f 650 544 651
f 753 650 651
f 651 755 753
f 651 649 752
f 752 754 651
f 754 755 651
f 884 754 882
f 879 886 882
f 882 886 884
f 882 752 879
f 882 754 752
f 1015 886 1010
f 878 1009 1010
f 1010 880 878
f 881 886 879
f 879 751 881
f 751 880 881
f 880 1010 881
f 881 1010 886
f 657 549 656
f 657 656 761
f 761 658 657
f 657 658 550
f 550 549 657
f 260 548 463
f 548 549 463
f 463 261 260
f 463 549 550
f 550 261 463
f 758 655 757
f 655 760 757
f 757 888 758
f 887 888 757
f 757 886 887
f 884 886 757
f 884 757 883
f 883 757 760
f 753 755 883
f 655 654 756
f 756 760 655
f 756 654 653
f 756 652 753
f 653 652 756
f 753 883 756
f 756 883 760
f 293 291 325
f 291 324 325
f 325 324 327
f 325 326 293
f 327 326 325
f 220 464 221
f 221 181 220
f 464 181 221
f 219 257 258
f 220 181 219
f 260 261 219
f 219 259 260
f 258 259 219
f 136 181 553
f 553 555 136
f 167 168 128
f 202 168 167
f 167 201 202
f 167 128 203
f 129 168 174
f 174 168 202
f 130 129 174
f 174 175 130
f 202 175 174
f 130 175 176
f 176 131 130
f 132 131 176
f 176 177 132
f 175 177 176
f 178 175 216
f 203 213 235
f 235 213 253
f 253 276 235
f 253 213 252
f 215 175 214
f 214 254 215
f 254 255 215
f 215 255 256
f 256 216 215
f 215 216 175
f 236 277 254
f 236 254 214
f 11 24 363
f 363 24 362
f 10 11 363
f 363 357 10
f 10 357 3
f 3 9 10
f 8 9 3
f 3 2 8
f 355 2 3
f 3 357 355
f 372 371 383
f 372 362 27
f 27 371 372
f 376 375 387
f 375 389 387
f 387 389 404
f 387 377 376
f 406 389 388
f 438 408 439
f 408 435 439
f 490 592 593
f 593 491 490
f 491 438 490
f 438 439 490
f 388 374 386
f 630 733 631
f 630 629 733
f 519 520 452
f 452 518 519
f 733 629 628
f 628 629 522
f 733 628 627
f 845 722 844
f 844 725 845
f 973 1105 1106
f 1106 974 973
f 1106 1105 1229
f 727 849 850
f 850 728 727
f 850 849 978
f 981 980 1113
f 1113 983 981
f 1113 1238 1115
f 1115 983 1113
f 1105 1104 1227
f 1335 1228 1227
f 1227 1228 1105
f 972 1104 1105
f 972 1105 973
f 846 848 972
f 972 973 846
f 976 847 975
f 976 848 847
f 998 1128 1129
f 1130 1129 1128
f 1526 1445 1525
f 1526 1525 1521
f 1012 1013 878
f 1012 1154 1013
f 878 1011 1012
f 1012 1011 1147
f 1153 1147 1146
f 1146 1206 1153
f 1153 1206 1273
f 1153 1273 1154
f 1153 1012 1147
f 1154 1012 1153
f 1003 1002 1004
f 875 1002 1003
f 1003 1004 876
f 876 875 1003
f 1001 1002 873
f 1133 1134 1001
f 1001 1134 1002
f 643 539 642
f 643 644 539
f 645 646 541
f 541 644 645
f 645 750 646
f 749 750 645
f 645 644 749
f 875 747 746
f 746 874 875
f 747 644 746
f 644 643 746
f 635 530 529
f 855 858 986
f 733 858 855
f 986 987 855
f 1007 1143 1148
f 1148 1269 1267
f 1143 1142 1148
f 1148 1144 1007
f 1145 1144 1148
f 1267 1146 1148
f 1148 1146 1145
f 1005 1006 877
f 1005 1141 1006
f 1140 1141 1005
f 1005 1139 1140
f 1005 1138 1139
f 1137 1138 1005
f 1005 1004 1137
f 876 1004 1005
f 1005 877 876
f 1367 1447 1369
f 1370 1269 1369
f 1369 1450 1370
f 1447 1450 1369
f 1342 1433 1431
f 1431 1433 1516
f 1332 1419 1420
f 1418 1419 1332
f 1516 1433 1426
f 1433 1428 1426
f 1330 1416 1415
f 1418 1332 1415
f 1415 1332 1330
f 1416 1504 1415
f 1566 1504 1567
f 1571 1570 1567
f 1567 1570 1566
f 1572 1539 1571
f 1538 1539 1572
f 1417 1501 1506
f 1506 1501 1538
f 1503 1537 1536
f 1418 1415 1503
f 1451 1452 1370
f 1370 1450 1451
f 1451 1518 1513
f 1511 1509 1452
f 1560 1479 1561
f 1571 1574 1561
f 1561 1574 1560
f 1561 1530 1571
f 1561 1479 1530
f 1041 1040 909
f 909 907 1041
f 1041 907 1040
f 1225 1224 1328
f 1414 1339 1430
f 1414 1501 1413
f 1430 1454 1414
f 1454 1501 1414
f 1430 1339 1340
f 1286 1340 1287
f 1061 1037 1174
f 1174 1037 1173
f 1483 1552 1551
f 1483 1402 1482
f 1482 1552 1483
f 1486 1551 1550
f 1560 1481 1480
f 1480 1481 1402
f 1480 1479 1560
f 1402 1479 1480
f 1563 1562 1482
f 1482 1481 1563
f 1563 1481 1562
f 1468 1469 1386
f 1386 1469 1470
f 1385 1463 1456
f 1390 1300 1297
f 1297 1300 1184
f 1295 1296 1181
f 1557 1477 1556
f 1556 1555 1557
f 1573 1562 1560
f 1560 1555 1573
f 1036 1037 903
f 903 1037 928
f 903 1035 1036
f 903 928 796
f 926 1035 903
f 903 795 926
f 674 564 673
f 673 795 674
f 674 795 767
f 674 767 668
f 668 564 674
f 927 795 925
f 925 1059 927
f 927 1060 926
f 926 795 927
f 1036 1060 927
f 927 1059 1036
f 1372 1453 1374
f 1453 1375 1374
f 1398 1309 1397
f 1372 1309 1398
f 1397 1453 1398
f 1398 1453 1372
f 1306 1309 1307
f 1310 1309 1372
f 1055 1195 1196
f 1196 1195 1197
f 1196 1059 1055
f 1197 1059 1196
f 1192 1306 1307
f 155 154 669
f 155 561 156
f 669 561 155
f 188 153 669
f 669 154 188
f 188 154 153
f 117 88 116
f 149 150 117
f 117 148 149
f 117 147 148
f 116 146 117
f 146 147 117
f 153 154 118
f 88 117 118
f 1183 1050 1049
f 1049 915 1048
f 1048 1183 1049
f 1185 1183 1299
f 1299 1187 1185
f 1183 1187 1299
f 1298 1183 1184
f 1298 1187 1183
f 1184 1300 1298
f 1188 1187 1302
f 916 780 779
f 779 915 916
f 915 1049 916
f 918 783 782
f 781 780 782
f 782 670 781
f 782 783 670
f 919 1051 1052
f 1052 1051 1190
f 186 187 153
f 186 185 790
f 771 670 669
f 771 787 670
f 669 153 771
f 153 787 771
f 789 787 904
f 187 186 904
f 153 187 904
f 904 787 153
f 790 789 904
f 904 186 790
f 923 783 922
f 911 773 910
f 909 911 910
f 910 773 909
f 908 907 909
f 909 773 908
f 908 773 907
f 907 773 906
f 1039 1040 906
f 1040 907 906
f 906 905 1039
f 906 773 905
f 93 125 94
f 92 125 93
f 93 94 66
f 66 65 93
f 93 65 92
f 246 250 249
f 209 210 170
f 209 212 210
f 725 621 723
f 722 845 723
f 723 845 725
f 619 722 723
f 723 621 619
f 120 121 89
f 120 160 121
f 120 159 160
f 158 191 192
f 189 190 158
f 190 191 158
f 159 120 158
f 158 157 189
f 158 120 157
f 228 227 265
f 228 266 229
f 265 266 228
f 197 227 228
f 229 198 228
f 228 198 197
f 197 225 226
f 226 227 197
f 225 227 226
f 568 223 468
f 468 223 467
f 468 567 568
f 467 567 468
f 566 467 222
f 467 223 222
f 192 566 222
f 222 223 192
f 454 346 335
f 336 306 335
f 525 454 335
f 299 270 269
f 269 268 299
f 230 268 269
f 231 230 269
f 269 270 231
f 330 303 302
f 302 300 330
f 303 271 302
f 302 271 301
f 301 300 302
f 272 233 232
f 232 271 272
f 231 270 232
f 232 270 271
f 200 199 231
f 164 199 200
f 231 232 200
f 200 232 233
f 200 233 234
f 200 169 164
f 453 523 524
f 631 525 524
f 524 630 631
f 524 523 629
f 629 630 524
f 641 537 540
f 540 535 641
f 540 537 457
f 457 535 540
f 532 455 531
f 456 455 532
f 638 532 531
f 739 742 640
f 739 869 742
f 76 100 77
f 77 47 76
f 77 100 101
f 101 78 77
f 77 78 48
f 48 47 77
f 134 135 106
f 178 135 134
f 134 177 178
f 133 106 132
f 132 177 133
f 133 134 106
f 177 134 133
f 69 71 70
f 70 71 42
f 73 75 45
f 45 44 73
f 72 97 73
f 73 97 75
f 73 42 72
f 73 44 42
f 104 81 80
f 80 79 104
f 50 79 80
f 504 599 603
f 603 602 504
f 500 503 446
f 599 503 500
f 500 603 599
f 601 602 500
f 602 603 500
f 606 607 502
f 606 608 607
f 606 711 608
f 824 701 822
f 703 595 594
f 703 704 595
f 1078 1081 955
f 409 440 441
f 410 409 441
f 441 440 493
f 441 411 410
f 441 493 494
f 494 442 441
f 442 411 441
f 390 391 378
f 378 377 390
f 377 387 390
f 963 1091 1092
f 1092 1091 1097
f 1175 1288 1176
f 1175 1220 1288
f 1175 1176 1039
f 1282 1281 1175
f 1281 1220 1175
f 1039 1169 1175
f 1175 1169 1282
f 1411 1412 1462
f 1463 1385 1462
f 1500 1463 1462
f 1407 1406 1405
f 1500 1462 1405
f 1405 1462 1412
f 1405 1322 1407
f 1405 1406 1321
f 1405 1412 1410
f 1544 1460 1458
f 1548 1469 1468
f 1494 1545 1544
f 1493 1545 1494
f 1403 1493 1494
f 1088 961 960
f 960 1087 1088
f 960 1086 1087
f 1088 1089 962
f 837 961 962
f 962 961 1088
f 963 837 962
f 962 1089 963
f 1095 1096 963
f 963 1089 1095
f 1222 1096 1095
f 836 961 837
f 837 714 836
f 836 714 835
f 835 960 836
f 836 960 961
f 713 714 609
f 609 608 713
f 838 714 837
f 838 969 968
f 707 601 609
f 1218 1089 1088
f 1222 1095 1218
f 1218 1095 1089
f 1215 1085 1214
f 1214 1322 1215
f 835 833 832
f 833 711 832
f 1212 1208 1214
f 1081 1208 1212
f 1214 1085 1212
f 1085 1213 1212
f 1081 1212 1082
f 956 955 1082
f 1082 955 1081
f 1085 958 1084
f 1084 1213 1085
f 506 610 507
f 507 508 450
f 450 506 507
f 558 82 507
f 507 614 558
f 507 610 614
f 82 54 507
f 54 508 507
f 506 505 613
f 613 610 506
f 840 841 970
f 970 897 840
f 840 897 765
f 840 718 841
f 840 765 764
f 764 718 840
f 380 381 367
f 367 379 380
f 380 397 396
f 396 381 380
f 17 6 16
f 17 18 6
f 17 16 34
f 34 18 17
f 393 379 378
f 394 379 393
f 378 392 393
f 392 394 393
f 416 397 395
f 397 380 395
f 395 380 379
f 395 379 394
f 394 414 395
f 420 421 397
f 397 419 420
f 12 421 420
f 420 419 12
f 413 414 394
f 444 414 413
f 1274 1312 1314
f 1312 1200 1314
f 1313 1277 1314
f 1314 1200 1313
f 1274 1314 1371
f 1371 1314 1277
f 1152 1010 1009
f 1015 1010 1152
f 1009 1008 1149
f 1149 1150 1009
f 1149 1008 1014
f 1272 1150 1271
f 1017 1018 889
f 889 888 1017
f 1017 888 1016
f 1157 1016 1015
f 1015 1152 1157
f 1157 1152 1270
f 1159 1270 1272
f 823 948 821
f 823 818 948
f 696 818 700
f 818 823 700
f 700 589 690
f 81 422 399
f 399 80 81
f 50 80 399
f 399 49 50
f 1075 1206 1204
f 1204 1072 1075
f 1074 1206 1075
f 1202 1203 1315
f 1313 1202 1315
f 1315 1277 1313
f 1315 1203 1280
f 1280 1278 1315
f 1315 1278 1277
f 941 940 1069
f 811 940 941
f 1069 942 941
f 941 942 811
f 1070 1202 1071
f 1071 940 1070
f 1202 1200 1071
f 1071 1200 1069
f 1069 940 1071
f 939 940 811
f 1068 940 939
f 692 811 812
f 811 942 812
f 692 812 813
f 813 812 942
f 584 487 581
f 581 688 584
f 689 700 690
f 696 700 689
f 690 583 689
f 456 354 353
f 353 352 456
f 308 307 336
f 336 339 308
f 274 307 308
f 348 455 349
f 455 350 349
f 349 339 348
f 349 350 339
f 281 318 319
f 286 287 253
f 253 284 286
f 286 288 287
f 323 288 286
f 460 323 286
f 286 284 460
f 575 685 686
f 682 576 686
f 686 576 575
f 473 422 472
f 472 475 473
f 572 478 477
f 477 475 572
f 477 478 428
f 428 475 477
f 570 665 575
f 570 475 472
f 574 476 478
f 811 810 938
f 938 939 811
f 681 687 579
f 687 681 801
f 801 681 800
f 1025 896 894
f 1063 931 1062
f 1062 1067 1063
f 1023 1165 1025
f 1063 1067 1198
f 472 469 557
f 557 469 136
f 885 754 884
f 884 883 885
f 885 755 754
f 885 883 755
f 218 181 180
f 218 219 181
f 262 261 550
f 262 219 261
f 550 220 262
f 220 219 262
f 552 181 464
f 552 553 181
f 555 553 662
f 553 552 662
f 276 238 237
f 237 235 276
f 251 213 250
f 251 252 213
f 284 252 251
f 285 284 253
f 253 252 285
f 285 252 284
f 204 237 238
f 203 235 204
f 235 237 204
f 204 167 203
f 201 167 204
f 214 201 204
f 204 236 214
f 277 236 239
f 239 238 276
f 276 277 239
f 239 204 238
f 236 204 239
f 404 389 407
f 389 406 407
f 482 439 434
f 434 439 435
f 583 592 492
f 592 490 492
f 492 439 482
f 492 490 439
f 581 487 486
f 487 437 486
f 582 689 583
f 579 687 580
f 580 688 581
f 687 688 580
f 424 430 474
f 362 372 373
f 373 363 362
f 373 386 374
f 373 374 365
f 516 623 624
f 517 516 624
f 624 518 517
f 624 625 518
f 624 623 727
f 727 728 624
f 624 728 625
f 520 519 626
f 518 625 626
f 626 519 518
f 730 627 626
f 851 980 981
f 851 850 980
f 728 850 851
f 1115 1238 1239
f 986 858 985
f 985 984 986
f 521 628 522
f 521 627 628
f 522 337 521
f 520 626 521
f 521 626 627
f 521 337 452
f 452 520 521
f 981 983 853
f 853 983 982
f 733 627 732
f 627 731 732
f 979 850 978
f 980 850 979
f 977 972 848
f 1102 972 977
f 848 976 977
f 977 976 1102
f 1104 972 1103
f 1103 1224 1225
f 1102 1224 1103
f 1103 972 1102
f 1363 1260 1259
f 1131 1257 1132
f 1133 1000 1132
f 998 1129 999
f 1131 1132 999
f 999 1130 1131
f 1129 1130 999
f 999 1132 1000
f 999 872 998
f 999 1000 872
f 1256 1257 1131
f 1131 1130 1256
f 742 869 871
f 871 743 742
f 872 743 871
f 996 872 871
f 871 869 996
f 1255 1256 1130
f 1254 1130 1128
f 1254 1255 1130
f 1520 1521 1434
f 1434 1438 1520
f 1438 1524 1520
f 1520 1450 1447
f 1520 1524 1450
f 1441 1521 1525
f 1441 1442 1356
f 1525 1442 1441
f 1004 1002 1135
f 1002 1134 1135
f 1135 1134 1259
f 1135 1136 1004
f 1259 1260 1135
f 1260 1136 1135
f 997 873 870
f 997 1001 873
f 870 872 997
f 872 1000 997
f 997 1000 1133
f 1133 1001 997
f 874 746 745
f 745 744 873
f 873 874 745
f 745 746 643
f 642 744 745
f 745 643 642
f 633 527 632
f 529 528 634
f 634 635 529
f 634 528 527
f 527 633 634
f 856 857 733
f 733 855 856
f 857 856 862
f 862 856 855
f 862 855 987
f 1127 1128 998
f 998 1125 1127
f 1126 998 996
f 1126 1125 998
f 1124 1125 995
f 995 992 1124
f 1124 992 993
f 993 865 990
f 992 865 993
f 1269 1148 1268
f 1367 1369 1268
f 1268 1369 1269
f 1440 1441 1356
f 1521 1441 1440
f 1351 1436 1439
f 1439 1440 1356
f 1436 1440 1439
f 1352 1436 1351
f 1348 1347 1352
f 1352 1347 1436
f 1429 1433 1342
f 1429 1428 1433
f 1336 1228 1335
f 1335 1426 1336
f 1336 1426 1428
f 1342 1431 1432
f 1437 1349 1432
f 1432 1431 1437
f 1437 1431 1519
f 1519 1431 1516
f 1513 1423 1422
f 1422 1423 1333
f 1333 1332 1422
f 1226 1332 1333
f 1333 1227 1226
f 1226 1227 1104
f 1226 1103 1225
f 1104 1103 1226
f 1516 1426 1425
f 1425 1515 1516
f 1427 1426 1335
f 1417 1506 1505
f 1505 1416 1417
f 1505 1504 1416
f 1505 1567 1504
f 1569 1572 1571
f 1538 1572 1569
f 1569 1506 1538
f 1507 1503 1536
f 1507 1508 1418
f 1418 1503 1507
f 1502 1415 1504
f 1502 1503 1415
f 1502 1504 1566
f 1566 1537 1502
f 1537 1503 1502
f 1516 1515 1532
f 1515 1451 1532
f 1532 1519 1516
f 1512 1511 1452
f 1512 1451 1513
f 1452 1451 1512
f 1513 1422 1512
f 1512 1422 1511
f 1420 1509 1510
f 1510 1511 1420
f 1509 1511 1510
f 1536 1452 1535
f 1452 1534 1535
f 1535 1507 1536
f 1508 1507 1535
f 1535 1509 1508
f 1535 1534 1509
f 1452 1509 1533
f 1533 1534 1452
f 1509 1534 1533
f 1350 1438 1434
f 1350 1349 1437
f 1437 1438 1350
f 1522 1451 1450
f 1522 1438 1437
f 1437 1519 1522
f 1331 1328 1413
f 1331 1416 1330
f 1331 1330 1225
f 1225 1328 1331
f 1417 1416 1331
f 1331 1413 1417
f 1413 1328 1329
f 1329 1414 1413
f 1339 1414 1329
f 1233 1339 1329
f 1329 1224 1233
f 1329 1328 1224
f 1172 1286 1287
f 1172 1283 1284
f 1197 1283 1172
f 1172 1059 1197
f 1036 1059 1172
f 1172 1037 1036
f 1173 1037 1172
f 1172 1174 1173
f 1287 1174 1172
f 1233 1224 1110
f 1110 1224 1102
f 1110 976 975
f 1102 976 1110
f 1287 1340 1234
f 1234 1174 1287
f 1490 1491 1402
f 1545 1491 1490
f 1403 1402 1492
f 1402 1491 1492
f 1492 1493 1403
f 1492 1545 1493
f 1492 1491 1545
f 1551 1486 1485
f 1485 1486 1402
f 1461 1386 1383
f 1383 1460 1461
f 1382 1460 1383
f 1383 1386 1295
f 1470 1471 1387
f 1387 1386 1470
f 1471 1388 1387
f 1387 1388 1296
f 1387 1296 1295
f 1295 1386 1387
f 1381 1458 1382
f 1294 1178 1293
f 1296 1388 1389
f 1389 1297 1296
f 1390 1297 1389
f 1471 1472 1389
f 1389 1388 1471
f 1180 1179 1295
f 1295 1181 1180
f 1046 1179 1180
f 1180 1047 1046
f 1180 1181 1047
f 1182 1181 1296
f 1182 1297 1184
f 1296 1297 1182
f 1184 1048 1182
f 1048 1047 1182
f 1047 1181 1182
f 1553 1564 1562
f 1562 1573 1553
f 1482 1564 1553
f 767 795 768
f 795 903 768
f 768 769 668
f 668 767 768
f 796 769 768
f 768 903 796
f 1285 1374 1375
f 1285 1373 1372
f 1372 1374 1285
f 1286 1172 1285
f 1284 1373 1285
f 1285 1172 1284
f 1340 1286 1285
f 1397 1309 1396
f 1309 1306 1396
f 1303 1302 1393
f 1188 1302 1303
f 1555 1556 1476
f 1476 1556 1477
f 1372 1283 1311
f 1311 1310 1372
f 1309 1310 1193
f 1310 1311 1193
f 1193 1311 1283
f 1283 1195 1193
f 119 155 156
f 154 155 119
f 156 157 119
f 119 120 89
f 157 120 119
f 89 88 119
f 119 118 154
f 88 118 119
f 152 118 117
f 153 118 152
f 185 186 152
f 152 186 153
f 1391 1298 1300
f 1391 1392 1393
f 1391 1300 1392
f 1393 1302 1301
f 1301 1302 1187
f 1187 1298 1301
f 1301 1391 1393
f 1298 1391 1301
f 917 1050 918
f 780 916 917
f 917 1049 1050
f 917 916 1049
f 918 782 917
f 917 782 780
f 922 783 921
f 921 1052 922
f 922 1052 1053
f 1053 923 922
f 1056 923 1055
f 1057 923 1056
f 1055 925 1056
f 925 1058 1056
f 924 923 1057
f 1057 1056 924
f 924 1056 1058
f 924 1058 925
f 249 212 247
f 247 246 249
f 192 159 193
f 193 158 192
f 159 158 193
f 334 335 306
f 525 335 334
f 334 306 338
f 334 524 525
f 334 338 337
f 337 345 334
f 334 345 453
f 453 524 334
f 347 346 336
f 336 335 347
f 347 335 346
f 536 533 456
f 456 532 536
f 992 995 867
f 637 638 531
f 740 739 640
f 532 638 639
f 739 740 639
f 533 536 639
f 639 536 532
f 639 740 640
f 640 535 639
f 639 535 534
f 534 533 639
f 42 41 68
f 68 70 42
f 68 41 69
f 69 70 68
f 446 414 445
f 445 500 446
f 445 414 444
f 444 499 445
f 502 500 445
f 502 601 600
f 600 500 502
f 601 500 600
f 712 711 833
f 608 711 712
f 833 713 712
f 712 713 608
f 956 1082 957
f 825 824 953
f 956 957 828
f 828 957 958
f 702 824 825
f 825 703 702
f 701 824 702
f 702 591 701
f 594 591 702
f 702 703 594
f 704 703 826
f 826 703 825
f 825 955 826
f 502 499 598
f 499 498 598
f 597 598 498
f 497 597 498
f 405 387 404
f 405 390 387
f 391 390 405
f 404 434 405
f 405 434 435
f 408 391 405
f 405 435 408
f 1093 1094 963
f 963 1092 1093
f 1097 1094 1093
f 1093 1092 1097
f 1411 1462 1384
f 1384 1462 1385
f 1384 1385 1292
f 1292 1325 1384
f 1384 1325 1411
f 1500 1405 1404
f 1404 1405 1321
f 1404 1499 1500
f 1404 1321 1403
f 1403 1499 1404
f 1459 1460 1382
f 1382 1458 1459
f 1459 1458 1460
f 1549 1486 1550
f 1550 1469 1549
f 1469 1548 1549
f 1487 1548 1488
f 1487 1488 1402
f 1402 1486 1487
f 1486 1549 1487
f 1487 1549 1548
f 1495 1494 1544
f 1495 1496 1403
f 1403 1494 1495
f 835 714 834
f 714 713 834
f 834 833 835
f 834 713 833
f 837 966 967
f 967 838 837
f 967 966 969
f 969 838 967
f 839 838 968
f 968 970 839
f 720 842 839
f 970 841 839
f 841 720 839
f 708 707 609
f 709 601 708
f 601 707 708
f 609 714 715
f 714 838 715
f 838 839 715
f 1087 1086 1217
f 1088 1087 1217
f 1217 1218 1088
f 1222 1218 1217
f 958 832 831
f 831 832 711
f 831 828 958
f 711 828 831
f 959 960 835
f 835 832 959
f 1086 960 959
f 959 958 1086
f 959 832 958
f 1031 1030 1171
f 1171 1167 1031
f 1028 1167 1168
f 1028 1031 1167
f 1027 1031 1028
f 1168 1169 1028
f 1169 1166 1028
f 1028 1166 1032
f 504 610 611
f 610 613 611
f 611 505 504
f 611 613 505
f 1030 1031 898
f 898 1031 1027
f 970 1030 898
f 898 897 970
f 1027 1028 898
f 899 765 898
f 765 897 898
f 143 899 898
f 415 414 416
f 416 395 415
f 415 395 414
f 412 413 394
f 412 394 392
f 392 411 412
f 443 499 444
f 444 413 443
f 443 412 411
f 413 412 443
f 443 498 499
f 443 497 498
f 443 411 442
f 443 442 495
f 1160 1159 1272
f 1018 1159 1160
f 1277 1278 1160
f 1151 1152 1009
f 1270 1152 1151
f 1009 1150 1151
f 1151 1150 1270
f 1150 1149 1156
f 1156 1271 1150
f 1156 1149 1014
f 1014 1155 1156
f 1371 1271 1275
f 1275 1155 1274
f 1274 1371 1275
f 1275 1156 1155
f 1271 1156 1275
f 1272 1271 1276
f 1276 1160 1272
f 1277 1160 1276
f 1276 1371 1277
f 1276 1271 1371
f 1158 1159 1018
f 1016 1157 1158
f 1158 1157 1270
f 1270 1159 1158
f 1158 1017 1016
f 1018 1017 1158
f 589 700 699
f 699 587 589
f 699 700 823
f 699 820 697
f 697 587 699
f 821 820 699
f 699 823 821
f 383 371 384
f 384 399 383
f 49 399 384
f 384 371 27
f 27 49 384
f 400 401 383
f 383 399 400
f 428 401 425
f 425 475 428
f 425 399 422
f 816 817 696
f 696 695 816
f 945 817 816
f 816 814 945
f 816 695 814
f 1074 1075 944
f 944 946 1074
f 944 1073 945
f 944 1072 1073
f 944 1075 1072
f 945 814 944
f 814 943 944
f 815 943 814
f 815 813 942
f 815 942 946
f 815 944 943
f 1064 931 1063
f 1063 1068 1064
f 1068 939 1064
f 1064 938 931
f 939 938 1064
f 691 688 692
f 692 584 691
f 691 584 688
f 487 584 585
f 340 350 351
f 339 350 340
f 351 352 340
f 319 320 283
f 320 284 283
f 283 251 250
f 284 251 283
f 802 686 685
f 682 686 802
f 802 803 682
f 422 473 470
f 470 473 475
f 573 575 572
f 573 570 575
f 572 475 573
f 475 570 573
f 432 480 479
f 474 480 432
f 682 574 577
f 577 574 478
f 577 576 682
f 478 576 577
f 476 574 571
f 474 476 571
f 571 480 474
f 800 681 799
f 809 801 932
f 932 801 931
f 932 810 809
f 932 938 810
f 931 938 932
f 931 801 930
f 808 801 809
f 808 809 692
f 692 688 808
f 808 688 687
f 687 801 808
f 762 894 895
f 895 894 896
f 762 891 893
f 893 894 762
f 891 894 893
f 1025 894 1024
f 1024 894 891
f 1024 1023 1025
f 891 1023 1024
f 1026 896 1025
f 1025 936 1026
f 934 1062 931
f 1065 936 1067
f 1067 1062 1065
f 1062 934 1065
f 933 936 1065
f 1065 934 933
f 889 1018 1019
f 1018 1021 1019
f 1022 1023 891
f 891 1021 1022
f 1022 1021 1023
f 1067 936 1066
f 1066 1198 1067
f 1066 936 1025
f 1025 1165 1066
f 1165 1198 1066
f 1164 1198 1165
f 1165 1023 1164
f 1023 1163 1164
f 1280 1203 1164
f 1164 1199 1063
f 1063 1198 1164
f 1070 1199 1164
f 1164 1203 1070
f 136 555 556
f 556 557 136
f 217 218 180
f 217 180 179
f 179 178 217
f 217 216 256
f 178 216 217
f 256 257 217
f 257 219 217
f 219 218 217
f 551 552 464
f 664 556 555
f 684 665 664
f 665 557 664
f 557 556 664
f 763 807 684
f 896 807 763
f 763 895 896
f 762 895 763
f 661 662 552
f 762 763 661
f 661 763 662
f 482 434 481
f 481 492 482
f 483 479 579
f 579 580 483
f 363 373 364
f 364 365 358
f 364 373 365
f 385 372 383
f 385 373 372
f 386 373 385
f 385 402 386
f 728 851 852
f 852 851 981
f 981 853 852
f 852 853 731
f 1107 1106 1229
f 974 1106 1107
f 974 1107 1108
f 974 1108 1109
f 1109 1108 1232
f 978 974 1109
f 1238 1113 1237
f 1240 1239 1238
f 1240 1116 1239
f 982 983 1114
f 1114 984 982
f 1114 983 1115
f 1114 1116 984
f 1115 1239 1114
f 1239 1116 1114
f 731 853 854
f 854 732 731
f 854 853 982
f 854 858 733
f 733 732 854
f 854 985 858
f 982 984 854
f 984 985 854
f 1112 1113 980
f 980 979 1112
f 1112 1109 1232
f 1112 979 978
f 978 1109 1112
f 1112 1237 1113
f 1133 1132 1258
f 1258 1132 1257
f 1259 1134 1258
f 1258 1134 1133
f 1258 1363 1259
f 1257 1363 1258
f 1256 1255 1361
f 1361 1364 1262
f 1360 1364 1361
f 1361 1255 1360
f 1362 1363 1257
f 1257 1256 1362
f 1256 1361 1362
f 1362 1361 1262
f 1357 1251 1356
f 1356 1442 1357
f 1357 1442 1358
f 1250 1125 1124
f 1250 1251 1125
f 1359 1254 1358
f 1255 1254 1359
f 1360 1255 1359
f 1358 1442 1359
f 1528 1520 1447
f 1521 1520 1528
f 1528 1447 1526
f 1526 1521 1528
f 734 633 632
f 632 631 734
f 631 733 734
f 733 857 734
f 857 862 734
f 736 635 735
f 635 634 735
f 735 634 633
f 633 734 735
f 988 862 987
f 860 862 988
f 1125 1251 1252
f 1252 1127 1125
f 1252 1251 1128
f 1128 1127 1252
f 863 860 989
f 860 988 989
f 1266 1366 1367
f 1367 1268 1266
f 1265 1366 1266
f 1266 1142 1265
f 1266 1148 1142
f 1266 1268 1148
f 1436 1347 1435
f 1435 1440 1436
f 1435 1347 1434
f 1434 1521 1435
f 1521 1440 1435
f 1356 1251 1355
f 1355 1439 1356
f 1244 1352 1351
f 1243 1348 1244
f 1348 1352 1244
f 1232 1108 1231
f 1231 1112 1232
f 1421 1332 1420
f 1421 1422 1332
f 1420 1511 1421
f 1511 1422 1421
f 1333 1423 1424
f 1424 1425 1333
f 1424 1423 1513
f 1513 1425 1424
f 1333 1425 1334
f 1334 1425 1426
f 1426 1427 1334
f 1334 1427 1335
f 1335 1227 1334
f 1334 1227 1333
f 1515 1425 1514
f 1514 1425 1518
f 1514 1451 1515
f 1518 1451 1514
f 1513 1518 1517
f 1517 1425 1513
f 1518 1425 1517
f 1568 1505 1506
f 1568 1569 1571
f 1506 1569 1568
f 1571 1567 1568
f 1567 1505 1568
f 1531 1532 1451
f 1519 1532 1531
f 1451 1522 1531
f 1531 1522 1519
f 1241 1347 1348
f 1349 1350 1241
f 1523 1522 1450
f 1438 1522 1523
f 1450 1524 1523
f 1523 1524 1438
f 1235 1339 1233
f 1235 1340 1339
f 1235 1234 1340
f 1402 1488 1489
f 1489 1490 1402
f 1551 1485 1484
f 1484 1485 1402
f 1484 1483 1551
f 1402 1483 1484
f 1386 1465 1466
f 1547 1548 1468
f 1468 1465 1547
f 1488 1548 1547
f 1547 1489 1488
f 1461 1545 1464
f 1464 1386 1461
f 1464 1465 1386
f 1178 1294 1289
f 1289 1294 1377
f 1456 1543 1457
f 1473 1392 1390
f 1473 1472 1482
f 1482 1553 1473
f 1390 1389 1473
f 1473 1389 1472
f 1376 1285 1375
f 1376 1454 1430
f 1376 1375 1454
f 1430 1340 1376
f 1340 1285 1376
f 1304 1303 1306
f 1188 1303 1304
f 1394 1303 1393
f 1306 1303 1394
f 1554 1573 1555
f 1555 1476 1554
f 1554 1553 1573
f 1395 1477 1397
f 1395 1476 1477
f 1397 1396 1395
f 1395 1394 1476
f 1395 1396 1306
f 1306 1394 1395
f 1307 1309 1308
f 1309 1193 1308
f 1308 1192 1307
f 1308 1193 1192
f 1192 1193 1054
f 1054 1053 1192
f 1055 923 1054
f 923 1053 1054
f 151 117 150
f 151 152 117
f 151 150 184
f 151 184 185
f 185 152 151
f 920 921 783
f 1052 921 920
f 920 783 919
f 919 1052 920
f 1189 1052 1190
f 1192 1053 1189
f 1188 1192 1189
f 1190 1051 1189
f 1189 1051 1188
f 923 924 784
f 670 783 784
f 783 923 784
f 786 672 670
f 212 209 208
f 208 209 170
f 208 170 207
f 638 637 737
f 737 637 736
f 994 867 995
f 1125 1126 994
f 994 995 1125
f 994 1126 996
f 996 869 994
f 636 635 736
f 736 637 636
f 636 637 531
f 531 530 636
f 530 635 636
f 738 639 638
f 739 639 738
f 638 737 738
f 738 737 739
f 501 499 502
f 502 445 501
f 501 445 499
f 1213 1084 1083
f 1083 957 1082
f 1083 1084 958
f 958 957 1083
f 1083 1212 1213
f 1083 1082 1212
f 1078 953 952
f 952 953 824
f 952 950 1078
f 822 950 952
f 952 824 822
f 954 955 825
f 825 953 954
f 1078 955 954
f 954 953 1078
f 827 826 955
f 827 955 956
f 956 828 827
f 704 826 827
f 595 704 596
f 706 597 596
f 605 606 502
f 711 606 605
f 605 597 706
f 597 497 496
f 495 595 496
f 496 443 495
f 497 443 496
f 595 596 496
f 496 596 597
f 1322 1405 1408
f 1408 1409 1322
f 1408 1405 1410
f 1410 1409 1408
f 716 708 609
f 609 715 716
f 716 715 708
f 829 715 839
f 708 715 829
f 829 839 842
f 829 842 720
f 720 830 829
f 829 830 709
f 709 708 829
f 1216 1217 1086
f 1216 1086 1085
f 1085 1215 1216
f 1029 1028 1032
f 1029 898 1028
f 1029 1032 143
f 143 898 1029
f 1161 1021 1018
f 1018 1160 1161
f 401 400 427
f 427 400 399
f 813 815 694
f 814 695 694
f 694 815 814
f 946 944 947
f 947 815 946
f 944 815 947
f 693 584 692
f 693 585 584
f 692 813 693
f 813 694 693
f 693 694 585
f 586 695 696
f 696 689 586
f 586 694 695
f 585 694 586
f 487 585 586
f 586 582 487
f 689 582 586
f 309 308 339
f 339 340 309
f 352 353 342
f 342 340 352
f 342 353 354
f 342 354 457
f 457 343 342
f 207 169 206
f 246 247 206
f 206 208 207
f 282 281 319
f 319 283 282
f 244 283 245
f 246 206 245
f 245 206 244
f 250 246 245
f 245 283 250
f 800 799 804
f 804 799 805
f 804 805 682
f 682 803 804
f 933 934 804
f 804 802 933
f 803 802 804
f 804 801 800
f 804 930 801
f 931 930 804
f 804 934 931
f 806 685 684
f 806 802 685
f 684 807 806
f 806 807 896
f 933 802 806
f 475 425 471
f 471 470 475
f 471 425 422
f 422 470 471
f 403 406 388
f 403 432 406
f 403 402 424
f 388 386 403
f 386 402 403
f 578 681 579
f 578 571 681
f 480 571 578
f 579 479 578
f 479 480 578
f 682 805 683
f 805 799 683
f 683 574 682
f 681 571 680
f 680 799 681
f 680 571 574
f 574 683 680
f 680 683 799
f 896 1026 935
f 935 1026 936
f 935 806 896
f 936 806 935
f 1279 1161 1160
f 1279 1278 1280
f 1279 1160 1278
f 1280 1164 1279
f 1279 1164 1163
f 1020 890 889
f 889 1019 1020
f 1020 891 890
f 1020 1021 891
f 1020 1019 1021
f 554 464 550
f 554 551 464
f 555 662 663
f 663 664 555
f 684 664 663
f 663 763 684
f 662 763 663
f 552 551 660
f 660 661 552
f 762 661 660
f 433 434 404
f 433 481 434
f 437 481 433
f 404 407 433
f 433 407 437
f 492 481 485
f 583 492 485
f 485 582 583
f 485 481 437
f 485 437 487
f 487 582 485
f 479 483 436
f 436 407 406
f 437 407 436
f 436 432 479
f 406 432 436
f 383 401 398
f 398 385 383
f 424 402 398
f 402 385 398
f 728 852 729
f 625 728 729
f 729 852 731
f 730 626 729
f 729 626 625
f 729 627 730
f 729 731 627
f 1342 1432 1345
f 1345 1432 1349
f 1349 1241 1345
f 1118 1119 986
f 986 984 1118
f 1261 1362 1262
f 1363 1362 1261
f 1260 1363 1261
f 1262 1138 1261
f 1261 1138 1260
f 1251 1357 1253
f 1128 1251 1253
f 1253 1254 1128
f 1358 1254 1253
f 1253 1357 1358
f 1443 1442 1525
f 1443 1359 1442
f 859 862 860
f 860 734 859
f 859 734 862
f 864 735 863
f 736 735 864
f 864 865 736
f 863 990 864
f 990 865 864
f 863 735 861
f 861 735 734
f 861 860 863
f 861 734 860
f 991 990 863
f 863 989 991
f 1120 988 987
f 1120 989 988
f 1120 987 986
f 986 1119 1120
f 1122 989 1120
f 1119 1246 1120
f 1246 1244 1120
f 1120 1244 1122
f 1249 1250 1124
f 1247 1249 1123
f 990 991 1123
f 1123 993 990
f 1124 993 1123
f 1123 1249 1124
f 1353 1249 1247
f 1251 1250 1353
f 1250 1249 1353
f 1122 1244 1248
f 1248 1353 1247
f 1248 1244 1351
f 1428 1429 1338
f 1338 1429 1342
f 1434 1347 1346
f 1347 1241 1346
f 1346 1350 1434
f 1346 1241 1350
f 1240 1241 1117
f 1243 1244 1117
f 1119 1118 1117
f 1116 1240 1117
f 984 1116 1117
f 1117 1118 984
f 1174 1234 1111
f 1234 1235 1111
f 1111 1110 975
f 1233 1110 1111
f 1111 1235 1233
f 975 1061 1111
f 1061 1174 1111
f 1468 1386 1467
f 1386 1466 1467
f 1467 1465 1468
f 1467 1466 1465
f 1546 1547 1465
f 1546 1464 1545
f 1465 1464 1546
f 1545 1490 1546
f 1490 1489 1546
f 1489 1547 1546
f 1378 1385 1456
f 1378 1289 1377
f 1456 1457 1378
f 1377 1294 1378
f 1378 1294 1293
f 1378 1293 1292
f 1292 1385 1378
f 1290 1381 1382
f 1382 1383 1290
f 1290 1383 1295
f 1295 1179 1290
f 1290 1179 1178
f 1178 1289 1290
f 1306 1192 1305
f 1305 1304 1306
f 1305 1192 1188
f 1188 1304 1305
f 1474 1473 1553
f 1553 1554 1474
f 1393 1392 1474
f 1392 1473 1474
f 1474 1554 1476
f 1194 1193 1195
f 1194 1054 1193
f 1194 1195 1055
f 1055 1054 1194
f 1191 1053 1052
f 1052 1189 1191
f 1191 1189 1053
f 670 784 785
f 785 784 924
f 785 786 670
f 924 786 785
f 794 924 925
f 794 786 924
f 925 795 794
f 794 795 673
f 673 672 794
f 672 786 794
f 248 247 212
f 212 208 248
f 248 206 247
f 208 206 248
f 869 739 868
f 739 737 868
f 868 994 869
f 868 737 867
f 867 994 868
f 992 867 866
f 867 737 866
f 866 737 736
f 736 865 866
f 866 865 992
f 598 597 604
f 597 605 604
f 502 598 604
f 604 605 502
f 705 605 706
f 705 596 704
f 706 596 705
f 704 827 705
f 705 827 828
f 1217 1216 1324
f 1222 1217 1324
f 1324 1327 1222
f 1410 1327 1324
f 399 425 426
f 426 427 399
f 426 425 401
f 401 427 426
f 315 343 316
f 315 342 343
f 169 200 205
f 205 206 169
f 205 200 234
f 937 936 933
f 933 806 937
f 937 806 936
f 431 403 424
f 432 403 431
f 431 424 474
f 474 432 431
f 1021 1161 1162
f 1161 1279 1162
f 1023 1021 1162
f 1162 1163 1023
f 1162 1279 1163
f 551 554 659
f 659 660 551
f 550 658 659
f 659 554 550
f 659 658 762
f 762 660 659
f 437 436 484
f 484 436 483
f 484 483 580
f 484 580 581
f 581 486 484
f 484 486 437
f 423 398 401
f 424 398 423
f 423 401 430
f 430 424 423
f 1343 1240 1238
f 1343 1345 1240
f 1343 1238 1342
f 1342 1345 1343
f 1344 1241 1240
f 1240 1345 1344
f 1344 1345 1241
f 1360 1359 1444
f 1359 1443 1444
f 1444 1365 1360
f 1445 1365 1444
f 1444 1525 1445
f 1444 1443 1525
f 1121 989 1122
f 1122 1248 1121
f 1121 991 989
f 1121 1123 991
f 1247 1123 1121
f 1121 1248 1247
f 1353 1248 1354
f 1354 1355 1251
f 1251 1353 1354
f 1354 1248 1351
f 1351 1439 1354
f 1439 1355 1354
f 1337 1338 1231
f 1228 1336 1337
f 1337 1336 1428
f 1428 1338 1337
f 1231 1338 1236
f 1238 1237 1236
f 1237 1112 1236
f 1112 1231 1236
f 1242 1241 1348
f 1242 1117 1241
f 1242 1348 1243
f 1243 1117 1242
f 1245 1246 1119
f 1119 1117 1245
f 1245 1244 1246
f 1245 1117 1244
f 1289 1378 1379
f 1379 1378 1457
f 1476 1394 1475
f 1475 1474 1476
f 1475 1394 1393
f 1393 1474 1475
f 710 705 828
f 605 705 710
f 710 828 711
f 711 605 710
f 1323 1324 1216
f 1322 1409 1323
f 1323 1409 1410
f 1410 1324 1323
f 1323 1215 1322
f 1323 1216 1215
f 316 317 280
f 280 315 316
f 280 317 318
f 318 281 280
f 310 309 340
f 1230 1337 1231
f 1230 1107 1229
f 1229 1228 1230
f 1228 1337 1230
f 1230 1108 1107
f 1230 1231 1108
f 1341 1338 1342
f 1341 1236 1338
f 1342 1238 1341
f 1238 1236 1341
f 1381 1290 1380
f 1458 1381 1380
f 244 206 243
f 281 282 243
f 243 283 244
f 243 282 283
f 313 310 340
f 278 310 313
f 313 314 278
f 340 342 313
f 342 315 313
f 315 314 313
f 240 205 234
f 241 240 278
f 206 205 241
f 205 240 241
f 275 310 278
f 278 240 275
f 309 310 275
f 308 309 275
f 274 308 275
f 275 234 274
f 275 240 234
f 315 280 279
f 279 314 315
f 278 314 279
f 279 241 278
f 241 279 242
f 242 243 206
f 206 241 242
f 242 279 280
f 242 280 281
f 281 243 242
f 656 548 655
f 655 548 547
f 122 92 91
f 122 91 89
f 11 26 24
f 24 26 43
f 918 1050 1051
f 1051 1050 1185
f 774 911 1043
f 774 1043 912
f 911 774 773
f 773 774 670
f 515 622 623
f 623 516 515
f 440 409 408
f 440 408 438
f 543 649 651
f 651 544 543
f 665 570 557
f 557 570 472
f 1330 1332 1226
f 1225 1330 1226
f 1544 1543 1495
f 1495 1543 1496
f 357 363 364
f 358 357 364
f 1457 1543 1544
f 1544 1458 1457
f 1289 1379 1380
f 1380 1290 1289
f 1380 1457 1458
f 1380 1379 1457

