# https://github.com/mikedh/trimesh
v -0.03112692 -0.00369509 0.02286983
v -0.03211414 -0.00369509 0.02254939
v -0.03112692 -0.00468092 0.02285751
v -0.03211414 -0.00468092 0.02248777
v -0.03901344 -0.00369509 0.01995709
v -0.04061627 -0.00468092 0.01929156
v -0.04000066 -0.00369509 0.01958324
v -0.04066507 -0.00369509 0.01931621
v -0.04111175 -0.00468092 0.01906150
v -0.04116055 -0.00369509 0.01906971
v -0.04254567 -0.00437565 0.01830148
v -0.04543226 -0.00425191 -0.01132713
v -0.04254567 -0.00393645 0.01830148
v -0.04378439 -0.00369509 0.01748394
v -0.04376937 -0.00468092 0.01746339
v -0.04569877 -0.00462109 -0.01088755
v -0.04581138 -0.00369509 -0.01082182
v -0.04543601 -0.00369509 -0.01133535
v -0.04427612 -0.00369509 0.01711830
v -0.04426111 -0.00468092 0.01709776
v -0.04625057 -0.00468092 -0.01004125
v -0.04628810 -0.00369509 -0.01010699
v -0.04630687 -0.00270926 -0.01015218
v -0.04543226 -0.00300365 -0.01132713
v -0.04463647 -0.00468092 0.01660477
v -0.04646453 -0.00549270 -0.00944967
v -0.04651332 -0.00468092 -0.00954827
v -0.04688119 -0.00468092 -0.00885397
v -0.04654335 -0.00369509 -0.00961400
v -0.04656963 -0.00270926 -0.00965919
v -0.04527836 -0.00566675 0.01506829
v -0.04754934 -0.00270926 0.01255816
v -0.04745175 -0.00340410 0.01242670
v -0.04669350 -0.00575921 -0.00894846
v -0.04721151 -0.00566675 -0.00795016
v -0.04726782 -0.00468092 -0.00804465
v -0.04692998 -0.00369509 -0.00885397
v -0.04722652 -0.00862492 0.00982618
v -0.04739920 -0.00620386 -0.00739555
v -0.04728283 -0.00369509 -0.00807752
v -0.04742172 -0.00566675 -0.00745717
v -0.04745550 -0.00468092 -0.00755166
v -0.04696002 -0.00239039 -0.00885397
v -0.04827005 -0.00668522 0.00786244
v -0.04775955 -0.00763705 0.00888539
v -0.04742547 -0.00829790 0.00946876
v -0.04736166 -0.00895535 0.00919762
v -0.04741046 -0.00822855 -0.00643422
v -0.04747427 -0.00933608 -0.00568652
v -0.04749679 -0.00858345 -0.00592069
v -0.04810489 -0.00239039 -0.00556738
v -0.04840143 -0.00637927 0.00750914
v -0.04804483 -0.00763705 0.00789942
v -0.04769198 -0.00862288 -0.00491007
v -0.04841269 -0.00644386 0.00691344
v -0.04835264 -0.00693677 0.00691344
v -0.04765820 -0.00933608 -0.00463481
v -0.04801480 -0.00763705 -0.00293811
v -0.04840143 -0.00248625 -0.00363240
v -0.04876930 -0.00239039 0.00395962
v -0.04807486 -0.00763705 -0.00195214
v -0.04840519 -0.00335311 -0.00272038
v -0.04837140 -0.00314302 -0.00337769
v -0.04842396 -0.00277249 -0.00300384
v 0.03341290 -0.00500994 -0.01821453
v 0.03490996 -0.00665151 -0.01779474
v 0.03589656 -0.00665151 -0.01750564
v 0.03740648 -0.00434159 -0.01724822
v 0.03731640 -0.00499885 -0.01721258
v 0.03653999 -0.00665151 -0.01728386
v 0.03832445 -0.00998297 -0.01623439
v 0.03745366 -0.00369541 -0.01727594
v 0.03931104 -0.00665151 -0.01623042
v 0.03919951 -0.00763741 -0.01619874
v 0.03879201 -0.00963612 -0.01610766
v 0.03983866 -0.00665151 -0.01588984
v 0.03983866 -0.00763741 -0.01581855
v 0.04052070 -0.00665151 -0.01541460
v 0.04044778 -0.00763741 -0.01537104
v 0.04101400 -0.00665151 -0.01498293
v 0.04214215 -0.00468052 -0.01414335
v 0.04161882 -0.00566641 -0.01452750
v 0.04153732 -0.00665151 -0.01448789
v 0.04094107 -0.00763741 -0.01489184
v 0.04210783 -0.00566641 -0.01409186
v 0.04215073 -0.00369541 -0.01414731
v 0.04265261 -0.00369541 -0.01365623
v 0.04262258 -0.00468052 -0.01365227
v 0.04203062 -0.00665151 -0.01400474
v 0.04243813 -0.00763741 -0.01342257
v 0.04328746 -0.00911348 -0.01230181
v 0.04258397 -0.00566641 -0.01360079
v 0.04252821 -0.00665151 -0.01350970
v 0.04215073 -0.00270952 -0.01412751
v 0.04263974 -0.00270952 -0.01363643
v 0.04313304 -0.00270952 -0.01312555
v 0.04357915 -0.00270952 -0.01263448
v 0.04314591 -0.00369541 -0.01308991
v 0.04339899 -0.00763741 -0.01243250
v 0.04334751 -0.00845622 -0.01236518
v 0.04363491 -0.00960841 -0.01175133
v 0.04214644 -0.00239039 -0.01411959
v 0.04365636 -0.00871991 -0.01190578
v 0.04419685 -0.00862330 -0.01114144
v 0.04414966 -0.00967888 -0.01084442
v 0.04440703 -0.00862330 -0.01064641
v 0.04434698 -0.00939697 -0.01053156
v 0.04472017 -0.00862330 -0.00983850
v 0.04592983 -0.01047948 -0.00588613
v 0.04674913 -0.00239039 -0.00621483
v 0.04712661 -0.00270952 -0.00512179
v 0.04726817 -0.00347527 -0.00451191
v 0.04730677 -0.00270952 -0.00463071
v 0.04739686 -0.00376035 -0.00400895
v 0.04736683 -0.00468052 -0.00380301
v 0.04662903 -0.01047948 -0.00392182
v 0.04726388 -0.00239039 -0.00482081
v 0.04746120 -0.00239039 -0.00418320
v 0.04752125 -0.00270952 -0.00392182
v 0.04761133 -0.00468052 -0.00293967
v 0.04751696 -0.00566641 -0.00293967
v 0.04735396 -0.00763741 -0.00279710
v 0.04728533 -0.00862330 -0.00260700
v 0.04775289 -0.00270952 -0.00293967
v 0.04766281 -0.00665151 -0.00195355
v 0.04775289 -0.00566641 -0.00195355
v 0.04719096 -0.00983805 -0.00221097
v 0.04712661 -0.01047948 -0.00193771
v 0.04724243 -0.00918079 -0.00248027
v 0.04754699 -0.00763741 -0.00195355
v 0.04758988 -0.00862330 -0.00096744
v 0.04869659 -0.00239039 0.00198694
v 0.04728962 -0.00954901 -0.00190999
v 0.04724672 -0.01017856 -0.00155356
v 0.04729820 -0.01036861 -0.00096744
v 0.04742259 -0.00862330 -0.00195355
v 0.04759846 -0.00960841 0.00001867
v 0.04743975 -0.00960841 -0.00096744
v 0.04864940 -0.00270952 0.00297306
v 0.04865798 -0.00270952 0.00198694
v 0.04770570 -0.00960841 0.00100479
v 0.04867943 -0.00239039 0.00297306
v 0.04836629 -0.00267705 0.00400273
v 0.04831053 -0.00369541 0.00370175
v 0.04824619 -0.00430437 0.00354334
v 0.04760705 -0.00960841 0.00198694
v 0.04623438 -0.00606631 0.00835906
v 0.04619149 -0.00665151 0.00823629
v 0.04611857 -0.00763741 0.00802640
v 0.04605851 -0.00854016 0.00780858
v 0.04584404 -0.00960841 0.00789967
v 0.04620007 -0.01047948 0.00627594
v 0.04627728 -0.00540905 0.00846599
v 0.04607567 -0.00570917 0.00883430
v 0.04591696 -0.00665151 0.00888578
v 0.04576682 -0.00763741 0.00888578
v 0.04521347 -0.01047948 0.00915112
v 0.04599417 -0.01047948 0.00691751
v 0.04642313 -0.00267468 0.00894518
v 0.04610570 -0.00468052 0.00907191
v 0.04523063 -0.00986894 0.00931745
v 0.04519203 -0.01047948 0.00919864
v 0.04625583 -0.00239039 0.00939666
v 0.04547942 -0.00665151 0.00969368
v 0.04486173 -0.01047948 0.00978477
v 0.04555234 -0.00566641 0.00980853
v 0.04431695 -0.00239039 0.01238272
v 0.04339470 -0.00763741 0.01247777
v 0.04333894 -0.00832556 0.01239856
v 0.04356628 -0.00239039 0.01326191
v 0.04333465 -0.00347290 0.01336488
v 0.04327888 -0.00413016 0.01331339
v 0.04313732 -0.00566641 0.01317082
v 0.04304296 -0.00665151 0.01307182
v 0.04293143 -0.00763741 0.01296885
v 0.04340757 -0.00239039 0.01344408
v 0.04264832 -0.00566641 0.01360249
v 0.04254966 -0.00665151 0.01351537
v 0.04243813 -0.00763741 0.01342824
v 0.04235234 -0.00833031 0.01336488
v 0.03089922 -0.00278317 0.02111122
v 0.03095499 -0.00239039 0.02110726
v 0.03195445 -0.00270952 0.02072311
v -0.00353044 0.02685793 -0.02374073
v -0.00254463 0.02784637 -0.02383628
v -0.00254463 0.04123150 -0.01632552
v -0.00845792 0.03935072 -0.01740053
v -0.00845792 0.03984494 -0.01690364
v -0.00845792 0.04032543 -0.01640674
v -0.00747212 0.04088829 -0.01595762
v -0.00648708 0.04141455 -0.01554673
v -0.00550205 0.04197283 -0.01506417
v -0.00944372 0.04024764 -0.01633507
v -0.00451624 0.02390634 0.02497414
v -0.00648708 0.04190877 -0.01499250
v -0.00648708 0.04324957 -0.01343015
v -0.00550205 0.04330906 -0.01350181
v -0.00703501 0.04412360 -0.01231691
v -0.00353044 0.02390634 0.02496458
v -0.00353044 0.02489478 0.02488336
v -0.00451624 0.02489478 0.02485469
v -0.00550205 0.04380328 -0.01292370
v -0.00648708 0.04416021 -0.01236469
v -0.00740670 0.04435241 -0.01185824
v -0.00648708 0.04451715 -0.01181046
v -0.00253078 0.02489478 0.02486425
v -0.00253078 0.02587407 0.02460625
v -0.00550205 0.03295331 0.02209310
v -0.00648708 0.03178641 0.02243233
v -0.00550205 0.04421055 -0.01243158
v -0.00254463 0.04343261 -0.01369771
v -0.00845792 0.04471392 -0.01082145
v -0.00550205 0.04459037 -0.01181046
v -0.00739362 0.04491985 -0.01073067
v -0.00648708 0.04495645 -0.01088834
v -0.00550205 0.03375871 0.02177776
v -0.00451624 0.04422885 -0.01247458
v -0.00353044 0.04390395 -0.01298581
v -0.00944372 0.04496103 -0.00993754
v -0.00550205 0.04497934 -0.01096478
v -0.00353044 0.04501594 -0.01108900
v -0.00451624 0.04462240 -0.01181046
v -0.00845792 0.04502510 -0.01010477
v -0.00766989 0.04506628 -0.01023377
v -0.00701269 0.04509831 -0.01034366
v -0.00648708 0.04511662 -0.01039622
v -0.00550205 0.04039407 0.01840939
v -0.00625852 0.04033916 0.01836161
v -0.00353044 0.04464070 -0.01181046
v -0.00353044 0.04422885 -0.01249369
v -0.00550205 0.04513950 -0.01047266
v -0.00451624 0.04516238 -0.01053478
v -0.00254463 0.04500679 -0.01109856
v -0.00353044 0.04518069 -0.01059689
v -0.00254463 0.04519442 -0.01060644
v -0.00944372 0.04659928 -0.00491126
v -0.00647939 0.04594947 -0.00778752
v -0.00648708 0.04529509 -0.00983721
v -0.00747212 0.04678690 -0.00491126
v -0.00648708 0.04686470 -0.00491126
v -0.00550205 0.04610964 -0.00745785
v -0.00550205 0.04534543 -0.00983721
v -0.00550205 0.04088829 0.01787905
v -0.00648708 0.04121320 0.01736782
v -0.00701192 0.04116286 0.01727704
v -0.00253078 0.04462697 -0.01182001
v -0.00451624 0.04613252 -0.00752474
v -0.00353044 0.04542779 -0.00983721
v -0.00254463 0.04545068 -0.00983721
v -0.00253078 0.04545068 -0.00983721
v -0.00943372 0.04693791 -0.00385058
v -0.00909896 0.04707977 -0.00347313
v -0.00587759 0.04706147 -0.00438092
v -0.00522039 0.04707977 -0.00444781
v -0.00552975 0.04694249 -0.00483003
v -0.00451624 0.04665420 -0.00589549
v -0.00253078 0.04630183 0.01062151
v -0.01039259 0.04430665 0.01165352
v -0.01039259 0.04399090 0.01212653
v -0.00353044 0.04574355 -0.00885298
v -0.00254463 0.04576643 -0.00885298
v -0.00975540 0.04705232 -0.00325335
v -0.01039259 0.04647115 -0.00491126
v -0.00451624 0.04825126 0.00198795
v -0.00353044 0.04814601 0.00101327
v -0.00451624 0.04720333 -0.00392224
v -0.00451624 0.04709350 -0.00450514
v -0.00353044 0.04668623 -0.00589549
v -0.00944372 0.04515323 0.01045428
v -0.00353044 0.04695622 -0.00504026
v -0.00254463 0.04669995 -0.00589549
v -0.00253078 0.04669995 -0.00589549
v -0.01039259 0.04675029 -0.00392224
v -0.01039259 0.04693334 -0.00292845
v -0.01039259 0.04693791 -0.00289978
v -0.00998165 0.04707977 -0.00259400
v -0.00550205 0.04824668 0.00297218
v -0.00451624 0.04838396 0.00297218
v -0.00353044 0.04829701 0.00198795
v -0.00253078 0.04812312 0.00105627
v -0.00253078 0.04794923 0.00000514
v -0.00253078 0.04742298 -0.00295234
v -0.00353044 0.04723536 -0.00392224
v -0.00353044 0.04710723 -0.00454814
v -0.00716352 0.04611879 0.00943660
v -0.00994163 0.04509831 0.01036828
v -0.00621389 0.04810940 0.00297218
v -0.00550205 0.04828329 0.00395642
v -0.00451624 0.04846176 0.00395642
v -0.00353044 0.04841142 0.00297218
v -0.00353044 0.04850294 0.00395642
v -0.00254463 0.04825126 0.00198795
v -0.00253078 0.04723536 -0.00393180
v -0.00253078 0.04709808 -0.00453381
v -0.00253078 0.04686470 0.00964683
v -0.00353044 0.04694706 0.00911649
v -0.00456472 0.04689215 0.00884415
v -0.00748443 0.04629268 0.00894448
v -0.00782073 0.04605015 0.00931238
v -0.00845792 0.04598150 0.00915949
v -0.00845792 0.04620574 0.00866737
v -0.00845792 0.04654894 0.00789814
v -0.00907818 0.04612794 0.00849537
v -0.00887733 0.04703859 0.00635012
v -0.00680183 0.04801787 0.00395642
v -0.00630931 0.04812312 0.00395642
v -0.00617464 0.04807736 0.00452498
v -0.00459704 0.04826956 0.00503143
v -0.00353044 0.04846633 0.00494543
v -0.00253078 0.04834278 0.00295785
v -0.00253078 0.04840227 0.00394208
v -0.00254463 0.04844345 0.00494543
v -0.00253078 0.04703401 0.00930282
v -0.00253078 0.04760145 0.00806536
v -0.00492642 0.04705232 0.00835681
v -0.00747212 0.04675029 0.00789814
v -0.00915745 0.04715757 0.00569555
v -0.00822013 0.04715299 0.00661767
v -0.00851256 0.04693334 0.00693301
v -0.00851256 0.04727654 0.00598700
v -0.01025330 0.04713926 0.00395642
v -0.01006707 0.04711180 0.00460620
v -0.00845792 0.04747332 0.00494543
v -0.00747212 0.04771128 0.00494543
v -0.00747212 0.04748705 0.00592967
v -0.00353659 0.04821465 0.00596311
v -0.00254463 0.04837482 0.00592967
v -0.00253078 0.04837482 0.00592967
v -0.00254463 0.04797669 0.00721013
v -0.00254463 0.04817346 0.00671323
v -0.01039259 0.04706147 0.00429564
v -0.00253078 0.04817346 0.00671801
v 0.00534134 0.03080435 -0.02364540
v 0.00632644 0.03080435 -0.02358326
v 0.00041369 0.03178998 -0.02390829
v 0.00139879 0.03277560 -0.02392741
v 0.00139879 0.03178998 -0.02388439
v 0.00336898 0.03178998 -0.02381747
v 0.00435516 0.03178998 -0.02376967
v 0.00534134 0.03178998 -0.02368842
v 0.00731262 0.03080435 -0.02347333
v -0.00155759 0.02981872 -0.02384615
v 0.00238497 0.03277560 -0.02386049
v 0.00139879 0.03355667 -0.02353069
v 0.00238497 0.03360781 -0.02347333
v 0.00336898 0.03364035 -0.02340163
v 0.00435516 0.03277560 -0.02365018
v 0.00632644 0.03178998 -0.02356414
v 0.00336898 0.03277560 -0.02377445
v 0.00829772 0.03080435 -0.02332994
v 0.00435516 0.03364965 -0.02332038
v 0.00435516 0.03414246 -0.02300969
v 0.00041369 0.03892647 -0.01901381
v 0.00534134 0.03404018 -0.02302403
v 0.00534134 0.03277560 -0.02349723
v 0.00534134 0.03354737 -0.02324390
v 0.00603957 0.03339394 -0.02318654
v 0.00635134 0.03282210 -0.02329648
v 0.00739597 0.03187366 -0.02333472
v 0.00829772 0.03153892 -0.02321522
v -0.00057249 0.03941463 -0.01844980
v 0.00139879 0.03945648 -0.01849282
v 0.00041369 0.03947507 -0.01852150
v 0.00635134 0.03373798 -0.02298579
v 0.00632644 0.03455624 -0.02247436
v 0.00669666 0.03318473 -0.02311963
v 0.00712318 0.03252920 -0.02321522
v 0.00778027 0.03225954 -0.02313875
v -0.00057249 0.03990745 -0.01795270
v 0.00139879 0.03994929 -0.01798138
v 0.00238497 0.04037701 -0.01745561
v 0.00336898 0.04033052 -0.01738391
v -0.00155759 0.04129755 -0.01639450
v 0.00041369 0.03996789 -0.01799572
v 0.00707446 0.03445860 -0.02234053
v 0.00417221 0.04024683 -0.01730266
v 0.00450347 0.04069781 -0.01677688
v 0.00483472 0.04114878 -0.01624155
v 0.00139879 0.04039096 -0.01748907
v 0.00238497 0.04086983 -0.01689638
v 0.00336898 0.04082334 -0.01687248
v 0.00417763 0.04121387 -0.01632280
v -0.00253078 0.04185545 -0.01561540
v -0.00227097 0.04216695 -0.01529038
v -0.00155759 0.04179036 -0.01581137
v -0.00057249 0.04132080 -0.01644230
v 0.00041369 0.04040491 -0.01749863
v 0.00632644 0.04091632 -0.01598344
v 0.00731262 0.04027008 -0.01635626
v 0.00534134 0.04193914 -0.01496535
v 0.00680058 0.04213440 -0.01426751
v 0.00731262 0.04207861 -0.01418625
v 0.00632644 0.04133939 -0.01549113
v 0.00709611 0.04123711 -0.01535729
v -0.00155759 0.02489059 0.02484051
v 0.00041369 0.04089772 -0.01693461
v 0.00041369 0.04130685 -0.01644230
v 0.00238497 0.04127430 -0.01640406
v 0.00336898 0.04125571 -0.01638016
v 0.00336898 0.04167878 -0.01575401
v 0.00435516 0.04201818 -0.01508007
v 0.00534134 0.04226923 -0.01447304
v -0.00253078 0.04305029 -0.01420059
v -0.00155759 0.04306424 -0.01419103
v 0.00785496 0.04018175 -0.01626067
v 0.00775321 0.04113483 -0.01523780
v 0.00851206 0.04007482 -0.01614117
v 0.00632644 0.04300380 -0.01311081
v 0.00641412 0.04247379 -0.01387557
v 0.00632644 0.04333389 -0.01261371
v 0.00731262 0.04240871 -0.01368916
v 0.00829772 0.04229713 -0.01352664
v 0.00829772 0.04195309 -0.01401896
v 0.00829772 0.04146027 -0.01464033
v -0.00057249 0.02587622 0.02461108
v -0.00155759 0.04341293 -0.01369871
v 0.00336898 0.04239476 -0.01466423
v 0.00435516 0.04233897 -0.01458775
v 0.00534134 0.04308748 -0.01323508
v 0.00852829 0.04142308 -0.01459731
v 0.00731262 0.04321766 -0.01244642
v 0.00731262 0.04290152 -0.01293873
v 0.00534134 0.04340828 -0.01274276
v 0.00629072 0.04386390 -0.01172945
v 0.00731262 0.04359890 -0.01181071
v 0.00852829 0.04192984 -0.01396160
v 0.00852829 0.04180431 -0.01411933
v -0.00155759 0.02587622 0.02463498
v 0.00336898 0.03360781 0.02229289
v -0.00253078 0.04392434 -0.01298653
v -0.00155759 0.04390574 -0.01294829
v -0.00057249 0.04386390 -0.01289094
v 0.00336898 0.04288757 -0.01389947
v 0.00444501 0.04289222 -0.01371305
v 0.00483364 0.04312468 -0.01328288
v 0.00787986 0.04314328 -0.01233648
v 0.00444501 0.04341293 -0.01289094
v 0.00336898 0.04358030 -0.01279534
v 0.00534134 0.04390109 -0.01189196
v 0.00593781 0.04412425 -0.01134229
v 0.00659490 0.04407776 -0.01124670
v 0.00731262 0.04399872 -0.01110330
v 0.00852829 0.04399408 -0.01055841
v 0.00852829 0.04385460 -0.01080218
v 0.00852829 0.04331065 -0.01174857
v 0.00238497 0.03403088 0.02211604
v 0.00336898 0.03410062 0.02212560
v -0.00253078 0.04422654 -0.01249422
v -0.00155759 0.04420329 -0.01245598
v 0.00041369 0.04412890 -0.01233648
v 0.00092464 0.04411030 -0.01230303
v 0.00238497 0.04324556 -0.01346929
v 0.00336898 0.04319907 -0.01340715
v 0.00417654 0.04315722 -0.01334023
v 0.00632644 0.04499830 -0.00910058
v 0.00629072 0.04427303 -0.01087866
v -0.00253078 0.04500295 -0.01110808
v -0.00155759 0.04496576 -0.01100293
v 0.00534134 0.04561199 -0.00786741
v 0.00534134 0.04615129 -0.00655297
v 0.00731262 0.04456128 -0.00983667
v 0.00820678 0.04488207 -0.00875644
v 0.00806281 0.04417075 -0.01044848
v 0.00852829 0.04411495 -0.01034332
v -0.00155759 0.04456592 -0.01181071
v 0.00731262 0.04513312 -0.00844576
v 0.00632644 0.04469610 -0.00983667
v 0.00534134 0.04642095 -0.00589336
v 0.00604823 0.04610945 -0.00645738
v 0.00632644 0.04550041 -0.00786741
v 0.00670532 0.04606761 -0.00635222
v -0.00155759 0.04516567 -0.01051061
v 0.00829772 0.04563524 -0.00688277
v 0.00852829 0.04560269 -0.00688277
v 0.00605148 0.04223668 0.01634687
v 0.00751289 0.04305029 0.01523318
v 0.00731262 0.04577006 -0.00688277
v 0.00435516 0.04650928 -0.00589336
v 0.00435516 0.04683008 -0.00490873
v 0.00534134 0.04672314 -0.00490873
v 0.00635675 0.04626753 -0.00596984
v -0.00155759 0.04541672 -0.00983667
v -0.00057249 0.04616060 -0.00759974
v 0.00731262 0.04620709 -0.00573563
v 0.00685579 0.04312933 0.01530010
v 0.00632644 0.04313863 0.01531922
v 0.00570940 0.04313863 0.01531922
v -0.00057249 0.04603042 0.01128510
v 0.00336898 0.04656042 -0.00589336
v 0.00238497 0.04660226 -0.00589336
v 0.00041369 0.04667200 -0.00589336
v 0.00336898 0.04685797 -0.00490873
v 0.00336898 0.04701604 -0.00413441
v 0.00406288 0.04709043 -0.00356084
v 0.00437681 0.04701139 -0.00390498
v 0.00471997 0.04705324 -0.00317846
v 0.00803250 0.04613270 -0.00555878
v -0.00155759 0.04600252 -0.00811117
v -0.00057249 0.04639305 -0.00688277
v 0.00041369 0.04636051 -0.00688277
v 0.00041369 0.04602112 0.01124686
v -0.00057249 0.04635121 0.01079279
v -0.00155759 0.04636051 0.01073543
v -0.00155759 0.04685332 0.00991331
v -0.00245933 0.04681148 0.00977948
v -0.00057249 0.04669525 -0.00589336
v -0.00155759 0.04696025 -0.00497565
v -0.00155759 0.04739728 -0.00293947
v 0.00336898 0.04710438 -0.00364210
v 0.00139879 0.04772737 0.00001920
v 0.00238497 0.04752745 -0.00096543
v 0.00336898 0.04732754 -0.00195006
v -0.00253078 0.04804351 0.00057365
v -0.00155759 0.04802491 0.00070271
v -0.00155759 0.04809930 0.00119502
v -0.00090050 0.04807606 0.00133842
v 0.00336898 0.04750421 0.00001920
v 0.00336898 0.04758324 0.00099905
v 0.00435516 0.04742517 0.00099905
v -0.00253078 0.04600252 -0.00810639
v -0.00155759 0.04616060 -0.00761886
v -0.00155759 0.04639305 -0.00688277
v -0.00155759 0.04669990 -0.00589336
v 0.00041369 0.04630007 0.01074977
v 0.00007594 0.04708113 0.00940665
v 0.00040828 0.04683937 0.00978904
v -0.00057249 0.04684402 0.00992765
v -0.00057249 0.04709043 0.00943533
v -0.00155759 0.04708578 0.00942099
v -0.00207504 0.04707183 0.00938754
v -0.00253078 0.04777851 -0.00096543
v 0.00238497 0.04761579 0.00001920
v 0.00041369 0.04790868 0.00099905
v 0.00139879 0.04780175 0.00099905
v -0.00155759 0.04824343 0.00297309
v -0.00253078 0.04844334 0.00494236
v 0.00435516 0.04758789 0.00395773
v 0.00435516 0.04749491 0.00198846
v 0.00802384 0.04513312 0.01141893
v 0.00073303 0.04705324 0.00932540
v -0.00057249 0.04733219 0.00888566
v -0.00155759 0.04802027 0.00729400
v -0.00155759 0.04776921 0.00790103
v -0.00155759 0.04830851 0.00592699
v 0.00435516 0.04761579 0.00494236
v 0.00713292 0.04614665 0.00950225
v 0.00632644 0.04648139 0.00888566
v -0.00057249 0.04770412 0.00790103
v -0.00155759 0.04816904 0.00680168
v 0.00435516 0.04699279 0.00812568
v 0.00435516 0.04754605 0.00592699
v 0.00829772 0.04575612 0.00987029
v 0.00779001 0.04607691 0.00937320
v 0.00740247 0.04628147 0.00898126
v 0.00532943 0.04694166 0.00784845
v 0.00499385 0.04709043 0.00748997
v 0.00435516 0.04733219 0.00691640
v 0.00852829 0.04620244 0.00853674
v 0.00829772 0.04601647 0.00921546
v 0.00829772 0.04619779 0.00872315
v 0.04752306 -0.01048027 0.00100573
v 0.04735948 -0.01066640 -0.00002036
v 0.04729873 -0.01135944 0.00176653
v 0.04749502 -0.01059512 0.00100573
v 0.04578449 -0.01552563 -0.00392187
v 0.04622380 -0.01394153 -0.00322350
v 0.04700429 -0.01256732 0.00100573
v 0.04730340 -0.01137133 0.00100573
v 0.04738752 -0.01064660 0.00205134
v 0.04673790 -0.01256732 0.00297209
v 0.04561624 -0.01749784 0.00297209
v 0.04537321 -0.01848790 0.00295649
v 0.04528441 -0.01903046 0.00261706
v 0.04572840 -0.01749784 0.00198501
v 0.04560222 -0.01749784 -0.00096843
v 0.04550407 -0.01749784 -0.00195161
v 0.04532180 -0.01817900 -0.00195161
v 0.04551809 -0.01651174 -0.00392187
v 0.04534984 -0.01646817 -0.00481921
v 0.04557885 -0.01552563 -0.00490895
v 0.04599947 -0.01453953 -0.00392187
v 0.04727068 -0.01048027 0.00260925
v 0.04674724 -0.01355343 0.00100573
v 0.04566298 -0.01749784 0.00001865
v 0.04721460 -0.01101094 0.00242198
v 0.04694821 -0.01158122 0.00297209
v 0.04526572 -0.01506228 0.00644443
v 0.04519561 -0.01571969 0.00617523
v 0.04520964 -0.01676915 0.00523497
v 0.04529376 -0.01714538 0.00457561
v 0.04521899 -0.01780278 0.00428690
v 0.04530311 -0.01816712 0.00363145
v 0.04522366 -0.01882453 0.00327641
v 0.04528909 -0.01904234 0.00198501
v 0.04546201 -0.01848394 0.00198501
v 0.04480771 -0.01947005 0.00395917
v 0.04441513 -0.02045615 0.00388895
v 0.04428427 -0.02096702 0.00351050
v 0.04430296 -0.02099871 0.00297209
v 0.04462544 -0.02045219 0.00198501
v 0.04506943 -0.01953737 0.00198501
v 0.04570504 -0.01749784 0.00100573
v 0.04537789 -0.01836118 -0.00096843
v 0.04521899 -0.01885225 -0.00096843
v 0.04514888 -0.01867008 -0.00195161
v 0.04527507 -0.01803248 -0.00252123
v 0.04537789 -0.01751368 -0.00288407
v 0.04531713 -0.01715330 -0.00392187
v 0.04526572 -0.01701469 -0.00443296
v 0.04519561 -0.01676519 -0.00508842
v 0.04528441 -0.01610779 -0.00545516
v 0.04576112 -0.01453953 -0.00490895
v 0.04629391 -0.01328413 -0.00362145
v 0.04674724 -0.01158122 -0.00293869
v 0.04655096 -0.01256732 -0.00293869
v 0.04667247 -0.01158122 0.00395917
v 0.04540126 -0.01844830 0.00001865
v 0.04531713 -0.01453953 0.00660049
v 0.04515823 -0.01453953 0.00709208
v 0.04506008 -0.01544643 0.00683068
v 0.04479369 -0.01651174 0.00691651
v 0.04638271 -0.01158914 0.00497356
v 0.04627989 -0.01126044 0.00554709
v 0.04634532 -0.01059512 0.00574606
v 0.04510682 -0.01646817 0.00587871
v 0.04512551 -0.01748200 0.00491894
v 0.04484510 -0.01749784 0.00592943
v 0.04513486 -0.01848790 0.00395917
v 0.04486379 -0.01848394 0.00494235
v 0.04437774 -0.01923243 0.00576167
v 0.04527507 -0.01901066 0.00117350
v 0.04467685 -0.02045219 0.00001865
v 0.04506943 -0.01947005 0.00001865
v 0.04449458 -0.01952153 0.00498137
v 0.04424688 -0.01988983 0.00533640
v 0.04434035 -0.02012745 0.00468095
v 0.04420949 -0.02078485 0.00416986
v 0.04402255 -0.02135513 0.00388895
v 0.04326076 -0.02286795 0.00413864
v 0.04231202 -0.02489956 0.00348319
v 0.04172783 -0.02636881 0.00198501
v 0.04466283 -0.02045219 0.00100573
v 0.04525170 -0.01894333 0.00001865
v 0.04499933 -0.01947005 -0.00096843
v 0.04485445 -0.01947005 -0.00195161
v 0.04328880 -0.02292339 -0.00344198
v 0.04339629 -0.02241648 -0.00383213
v 0.04408331 -0.01940272 -0.00585311
v 0.04422819 -0.01882849 -0.00615353
v 0.04433568 -0.01817108 -0.00651247
v 0.04534050 -0.01552563 -0.00557220
v 0.04441513 -0.01749784 -0.00667633
v 0.04329814 -0.01899482 -0.00837348
v 0.04590133 -0.01355343 -0.00490895
v 0.04649020 -0.01158122 -0.00392187
v 0.04634999 -0.01248812 -0.00393747
v 0.04691082 -0.01059512 -0.00293869
v 0.04526105 -0.01897502 0.00051414
v 0.04542930 -0.01048027 0.00859416
v 0.04511617 -0.01159706 0.00885946
v 0.04509280 -0.01352570 0.00784117
v 0.04485912 -0.01453953 0.00789969
v 0.04449458 -0.01757308 0.00699454
v 0.04435437 -0.01729191 0.00756416
v 0.04426557 -0.01794931 0.00737299
v 0.04451328 -0.01857899 0.00602697
v 0.04427492 -0.01897106 0.00641712
v 0.04463011 -0.02045219 -0.00096843
v 0.04436839 -0.02111355 0.00001865
v 0.04435437 -0.02110563 -0.00096843
v 0.04417210 -0.01952153 0.00602697
v 0.04389636 -0.01947005 0.00691651
v 0.04371877 -0.02143829 0.00494235
v 0.04411602 -0.02045615 0.00498137
v 0.04339629 -0.02216302 0.00494235
v 0.04313924 -0.02265409 0.00494235
v 0.03927887 -0.02967166 0.00494235
v 0.03934430 -0.02981423 0.00443906
v 0.04135861 -0.02693909 0.00257804
v 0.04140067 -0.02701037 0.00198501
v 0.04141002 -0.02702225 0.00100573
v 0.04173717 -0.02636881 0.00100573
v 0.04431698 -0.02103831 -0.00166680
v 0.04321402 -0.02273726 -0.00409743
v 0.04334488 -0.02207985 -0.00465925
v 0.04331684 -0.02296695 -0.00293869
v 0.04307849 -0.02346198 -0.00293869
v 0.04230267 -0.02488768 -0.00341077
v 0.04299904 -0.02331545 -0.00383213
v 0.04367671 -0.02045219 -0.00589603
v 0.04379822 -0.01947005 -0.00687921
v 0.04336358 -0.02009181 -0.00749564
v 0.04343368 -0.01938292 -0.00784288
v 0.04238680 -0.01816316 -0.01046469
v 0.04230267 -0.01700281 -0.01131522
v 0.04578916 -0.01158122 -0.00589603
v 0.04625185 -0.01210793 -0.00442906
v 0.04538256 -0.01048027 0.00871511
v 0.04537321 -0.01059512 0.00868390
v 0.04518160 -0.01059512 0.00917939
v 0.04490118 -0.01256732 0.00888677
v 0.04467685 -0.01355343 0.00888677
v 0.04437307 -0.01831365 0.00671754
v 0.04324206 -0.01874532 0.00927302
v 0.04420015 -0.01857899 0.00699454
v 0.04389169 -0.01848394 0.00789969
v 0.04338694 -0.01916511 0.00861757
v 0.04234941 -0.02497876 -0.00195161
v 0.04352248 -0.01948589 0.00789969
v 0.04347107 -0.02044031 0.00687750
v 0.04330282 -0.02196105 0.00547296
v 0.03858718 -0.03030530 0.00589432
v 0.03840959 -0.03086766 0.00554318
v 0.03891433 -0.03030926 0.00494235
v 0.03848904 -0.03098251 0.00494235
v 0.03858718 -0.03114488 0.00395917
v 0.03833013 -0.03174288 0.00331152
v 0.03862924 -0.03136665 0.00297990
v 0.03990513 -0.02932712 0.00297209
v 0.04026967 -0.02872120 0.00297209
v 0.04055008 -0.02822617 0.00297209
v 0.04112493 -0.02750541 0.00198501
v 0.04033510 -0.02884001 0.00144660
v 0.04111558 -0.02751333 0.00100573
v 0.04046596 -0.02805192 -0.00392187
v 0.04137731 -0.02696681 0.00001865
v 0.04207834 -0.02546983 -0.00195161
v 0.04326543 -0.02188184 -0.00531470
v 0.04141002 -0.02606387 -0.00461633
v 0.04254102 -0.02449561 -0.00302452
v 0.04232604 -0.02492728 -0.00275532
v 0.04134459 -0.02690741 -0.00096843
v 0.04153621 -0.02644802 -0.00189699
v 0.04155023 -0.02628961 -0.00293869
v 0.04127449 -0.02678068 -0.00293869
v 0.04087723 -0.02735492 -0.00392187
v 0.04123710 -0.02670147 -0.00392187
v 0.04338694 -0.02119276 -0.00589603
v 0.04344303 -0.02043239 -0.00682068
v 0.04331684 -0.02099474 -0.00645394
v 0.04060616 -0.02738660 -0.00492455
v 0.04026500 -0.02773510 -0.00526398
v 0.04044726 -0.02707770 -0.00561122
v 0.04025565 -0.02674107 -0.00627057
v 0.04044726 -0.02608367 -0.00658659
v 0.04025097 -0.02573913 -0.00724595
v 0.04127916 -0.02285211 -0.00829545
v 0.04231202 -0.02096306 -0.00837348
v 0.04245223 -0.02045219 -0.00857636
v 0.04226996 -0.01989775 -0.00929424
v 0.04244288 -0.01924035 -0.00955174
v 0.04198954 -0.01848790 -0.01080802
v 0.04217181 -0.01766021 -0.01112404
v 0.04180260 -0.01744240 -0.01177560
v 0.04143339 -0.01722458 -0.01241154
v 0.04204563 -0.01651174 -0.01190044
v 0.04214844 -0.01552563 -0.01206431
v 0.04628456 -0.01158122 -0.00451880
v 0.04456936 -0.01161686 0.00995189
v 0.04449925 -0.01256732 0.00974901
v 0.04307381 -0.01844434 0.00979973
v 0.04243821 -0.01920867 0.01057613
v 0.04261580 -0.01950965 0.00990507
v 0.04308316 -0.01948589 0.00892189
v 0.04321869 -0.01982251 0.00823132
v 0.04335890 -0.02009973 0.00757197
v 0.04319065 -0.02075713 0.00718182
v 0.04298969 -0.02139077 0.00687750
v 0.04235875 -0.02204025 0.00753295
v 0.03844697 -0.02997264 0.00658879
v 0.03825068 -0.03062609 0.00619864
v 0.04220920 -0.02176304 0.00819231
v 0.03812450 -0.03147358 0.00494235
v 0.03735803 -0.03175872 0.00638201
v 0.03646538 -0.03287551 0.00656538
v 0.03557272 -0.03399230 0.00673705
v 0.03533437 -0.03464970 0.00621424
v 0.03544186 -0.03479227 0.00555879
v 0.03530166 -0.03559224 0.00395917
v 0.03825536 -0.03163991 0.00395917
v 0.03839089 -0.03183396 0.00265607
v 0.03751693 -0.03296264 0.00297209
v 0.03806374 -0.03221019 0.00297990
v 0.04032108 -0.02881229 0.00225422
v 0.04057345 -0.02842814 0.00194990
v 0.04033510 -0.02884001 0.00160266
v 0.03842828 -0.03189733 0.00198501
v 0.03842360 -0.03188941 0.00100573
v 0.04012011 -0.02854299 -0.00392187
v 0.04040987 -0.02796875 -0.00460853
v 0.03810580 -0.03238048 0.00100573
v 0.03834883 -0.03177060 -0.00038320
v 0.04008272 -0.02738660 -0.00592334
v 0.03642799 -0.03282007 -0.00547076
v 0.03940038 -0.02792123 -0.00647345
v 0.03955929 -0.02729947 -0.00683239
v 0.03939103 -0.02693513 -0.00744493
v 0.04043324 -0.02406790 -0.00851394
v 0.04044259 -0.02508569 -0.00755027
v 0.04061551 -0.02339070 -0.00884557
v 0.04110624 -0.02248380 -0.00889238
v 0.04040987 -0.02305012 -0.00946200
v 0.04056410 -0.02237687 -0.00980924
v 0.04037716 -0.02201649 -0.01040227
v 0.04143806 -0.02115712 -0.00952053
v 0.04212040 -0.02045219 -0.00907185
v 0.04152218 -0.01939480 -0.01078852
v 0.04049400 -0.02134325 -0.01076901
v 0.04096603 -0.02043635 -0.01078852
v 0.04133992 -0.01901462 -0.01134643
v 0.04148012 -0.01848394 -0.01153760
v 0.04126046 -0.01788199 -0.01223597
v 0.04155023 -0.01651174 -0.01253639
v 0.04011077 -0.01848394 -0.01306699
v 0.04027434 -0.01785822 -0.01323086
v 0.04041922 -0.01720082 -0.01336741
v 0.04002664 -0.01651174 -0.01399555
v 0.04055008 -0.01651174 -0.01350396
v 0.04104548 -0.01651174 -0.01302798
v 0.04223724 -0.01453953 -0.01220476
v 0.04165304 -0.01552563 -0.01265343
v 0.04478902 -0.01059512 0.00987385
v 0.04432166 -0.01131192 0.01042787
v 0.04418612 -0.01256732 0.01024060
v 0.04255972 -0.01848394 0.01076340
v 0.04222789 -0.01848394 0.01125499
v 0.04140067 -0.02009973 0.01145006
v 0.04157359 -0.02044031 0.01083363
v 0.04224659 -0.01986607 0.01025620
v 0.04257374 -0.02047595 0.00889458
v 0.04241016 -0.02016309 0.00959685
v 0.04238680 -0.02110563 0.00857465
v 0.03828340 -0.02868556 0.00824693
v 0.03809646 -0.02932712 0.00791140
v 0.03760106 -0.02929544 0.00884386
v 0.03806374 -0.03030530 0.00691651
v 0.04222789 -0.02082050 0.00923011
v 0.03740944 -0.03085182 0.00747053
v 0.03756367 -0.03106567 0.00691651
v 0.03721782 -0.03156071 0.00691651
v 0.03670373 -0.03229335 0.00690091
v 0.03652613 -0.03197653 0.00766170
v 0.03593259 -0.03331114 0.00697894
v 0.03545588 -0.03284779 0.00849272
v 0.03525959 -0.03356063 0.00789969
v 0.03520818 -0.03429328 0.00700625
v 0.03467072 -0.03502989 0.00691651
v 0.03438096 -0.03568729 0.00633129
v 0.03492777 -0.03523978 0.00594504
v 0.03465670 -0.03599619 0.00494235
v 0.03514743 -0.03540611 0.00494235
v 0.03475017 -0.03627341 0.00392406
v 0.03445106 -0.03675260 0.00357292
v 0.03665699 -0.03409131 0.00297209
v 0.03714772 -0.03345371 0.00297209
v 0.03761508 -0.03308144 0.00198501
v 0.03811047 -0.03238840 0.00198501
v 0.03922746 -0.03061024 0.00198501
v 0.03830676 -0.03171120 -0.00096843
v 0.03850773 -0.03100231 -0.00293869
v 0.03843762 -0.03089934 -0.00364096
v 0.03743748 -0.03186169 -0.00456171
v 0.03761040 -0.03308144 0.00100573
v 0.03919007 -0.02759253 -0.00712890
v 0.03551197 -0.03285571 -0.00650856
v 0.03617094 -0.03254681 -0.00612622
v 0.03647005 -0.03188941 -0.00648906
v 0.03740944 -0.02986175 -0.00741761
v 0.03650744 -0.03292699 -0.00490895
v 0.03440433 -0.03669715 -0.00138589
v 0.03346026 -0.03773078 -0.00153805
v 0.03330136 -0.03753673 -0.00219350
v 0.03264706 -0.03784167 -0.00260316
v 0.02661815 -0.04172272 -0.00454611
v 0.02753885 -0.03969111 -0.00641493
v 0.02949240 -0.03671696 -0.00836178
v 0.03830209 -0.02875289 -0.00726936
v 0.03853577 -0.02809548 -0.00762439
v 0.03884890 -0.02734303 -0.00786239
v 0.03931626 -0.02286795 -0.01127620
v 0.04015750 -0.02160462 -0.01105772
v 0.04033042 -0.02094722 -0.01131522
v 0.04023695 -0.01979083 -0.01219696
v 0.03940038 -0.02104227 -0.01235302
v 0.04041922 -0.01913343 -0.01239203
v 0.04060149 -0.01848394 -0.01257540
v 0.03949853 -0.02221054 -0.01150639
v 0.04019021 -0.01552563 -0.01414381
v 0.04068561 -0.01552563 -0.01364832
v 0.04118101 -0.01552563 -0.01314502
v 0.03885357 -0.01947005 -0.01378097
v 0.03845165 -0.01914135 -0.01435839
v 0.03861055 -0.01848394 -0.01449885
v 0.03926017 -0.01778298 -0.01419453
v 0.03969949 -0.01552563 -0.01461979
v 0.03940038 -0.01712558 -0.01432328
v 0.03953124 -0.01651174 -0.01444032
v 0.03915736 -0.01552563 -0.01511528
v 0.04027901 -0.01474150 -0.01422184
v 0.03935832 -0.01411578 -0.01527134
v 0.04229800 -0.01794535 0.01134082
v 0.04173250 -0.01848394 0.01173487
v 0.04105015 -0.01947005 0.01207821
v 0.04155490 -0.01947005 0.01158662
v 0.04028836 -0.02086010 0.01229669
v 0.03553066 -0.03101419 0.01052150
v 0.03533904 -0.03167159 0.01024450
v 0.03744215 -0.02894298 0.00947590
v 0.03724119 -0.02960038 0.00914427
v 0.03690469 -0.03034887 0.00892579
v 0.03551664 -0.03194485 0.00958514
v 0.03634854 -0.03172704 0.00832106
v 0.03527829 -0.03260225 0.00915208
v 0.03458660 -0.03299828 0.00987385
v 0.03437629 -0.03370320 0.00930424
v 0.03455856 -0.03394478 0.00864878
v 0.03431086 -0.03460218 0.00820401
v 0.03449313 -0.03483584 0.00754466
v 0.03339016 -0.03567937 0.00830935
v 0.03423608 -0.03552096 0.00691651
v 0.03420337 -0.03649122 0.00494235
v 0.03451649 -0.03583382 0.00567193
v 0.03355841 -0.03586154 0.00765390
v 0.03374535 -0.03605956 0.00691651
v 0.03159084 -0.03784167 0.00789969
v 0.03131977 -0.03854264 0.00709988
v 0.03176376 -0.03820601 0.00683068
v 0.03146932 -0.03869313 0.00644443
v 0.03061873 -0.03982180 0.00592943
v 0.03434357 -0.03663775 0.00423228
v 0.03337614 -0.03763970 0.00426349
v 0.03240404 -0.03864164 0.00429470
v 0.03347429 -0.03774266 0.00360804
v 0.03356309 -0.03783375 0.00297209
v 0.03366590 -0.03795652 0.00198501
v 0.03448845 -0.03680804 0.00297209
v 0.03722717 -0.03357647 0.00198501
v 0.03723184 -0.03357251 0.00100573
v 0.03624105 -0.03454278 -0.00096843
v 0.03568489 -0.03527543 -0.00088259
v 0.03668036 -0.03413883 0.00001865
v 0.03540915 -0.03573481 -0.00049634
v 0.03360047 -0.03194485 -0.00951662
v 0.03425945 -0.03162011 -0.00918109
v 0.03584846 -0.03223395 -0.00682459
v 0.03056265 -0.03482396 -0.00942689
v 0.03157681 -0.03386161 -0.00946200
v 0.03259098 -0.03290323 -0.00948931
v 0.03523155 -0.02865388 -0.01113185
v 0.03553066 -0.02897070 -0.01047639
v 0.03740944 -0.02887169 -0.00840079
v 0.03811515 -0.02838854 -0.00791701
v 0.03410522 -0.03734268 0.00001865
v 0.03408653 -0.03714070 -0.00101915
v 0.03352102 -0.03779019 -0.00096843
v 0.03308638 -0.03838026 0.00001865
v 0.03287607 -0.03835650 -0.00102305
v 0.03241806 -0.03866936 -0.00138589
v 0.03296019 -0.03798820 -0.00190089
v 0.02628165 -0.04246329 -0.00293869
v 0.02599189 -0.04234052 -0.00390236
v 0.02533292 -0.04255041 -0.00421448
v 0.02601059 -0.04188113 -0.00488944
v 0.02631904 -0.04150886 -0.00520546
v 0.02675368 -0.04085146 -0.00565804
v 0.02644523 -0.04060197 -0.00631349
v 0.02694530 -0.03986140 -0.00679728
v 0.02722104 -0.03944161 -0.00707428
v 0.02765101 -0.03878421 -0.00750735
v 0.02840813 -0.03762782 -0.00826424
v 0.02666489 -0.03878421 -0.00847492
v 0.02774915 -0.03787731 -0.00856466
v 0.02899700 -0.03690705 -0.00858026
v 0.02845954 -0.03667736 -0.00930594
v 0.02899700 -0.03645558 -0.00907185
v 0.03830209 -0.02775094 -0.00828375
v 0.03737672 -0.02784995 -0.00934886
v 0.03842828 -0.02399662 -0.01139325
v 0.03863392 -0.02341050 -0.01160783
v 0.03834415 -0.02289171 -0.01228669
v 0.03893303 -0.02255113 -0.01189654
v 0.03920877 -0.02169571 -0.01216184
v 0.03881151 -0.02135909 -0.01274707
v 0.03826003 -0.01979875 -0.01418282
v 0.03925550 -0.01979479 -0.01319574
v 0.03928822 -0.01477318 -0.01521672
v 0.03755432 -0.02045219 -0.01440911
v 0.03790951 -0.01947005 -0.01457688
v 0.03835350 -0.01699885 -0.01525574
v 0.03890031 -0.01747408 -0.01462760
v 0.03883488 -0.01660678 -0.01499824
v 0.03848904 -0.01634145 -0.01533377
v 0.03891900 -0.01448409 -0.01545471
v 0.04136796 -0.01720874 0.01238642
v 0.04128384 -0.01786614 0.01230839
v 0.04119504 -0.01848394 0.01222646
v 0.04070431 -0.01848394 0.01267123
v 0.04055476 -0.01947005 0.01252688
v 0.04042857 -0.02020269 0.01241373
v 0.03928354 -0.01688400 0.01426695
v 0.03990980 -0.02049971 0.01266733
v 0.03732064 -0.02380257 0.01328377
v 0.03943777 -0.02206401 0.01241764
v 0.03523155 -0.03051520 0.01117696
v 0.03495581 -0.03134685 0.01090385
v 0.03463333 -0.03227751 0.01058783
v 0.03444172 -0.03280027 0.01039666
v 0.03510536 -0.03227355 0.00989726
v 0.03421271 -0.03349331 0.00987385
v 0.03346961 -0.03479227 0.00944469
v 0.03323593 -0.03548136 0.00888677
v 0.03255827 -0.03585362 0.00956173
v 0.03274521 -0.03605559 0.00888677
v 0.03371264 -0.03700606 0.00494235
v 0.03259565 -0.03687537 0.00770072
v 0.03214699 -0.03720407 0.00797772
v 0.03146465 -0.03770306 0.00839909
v 0.03049722 -0.03969507 0.00646784
v 0.02966065 -0.04080394 0.00571485
v 0.03032897 -0.04051484 0.00494235
v 0.03081970 -0.04002377 0.00494235
v 0.03178713 -0.03902182 0.00494235
v 0.03227785 -0.03851095 0.00494235
v 0.03274988 -0.03801592 0.00494235
v 0.03142259 -0.03963170 0.00431811
v 0.03196005 -0.03918420 0.00397868
v 0.03151606 -0.03972279 0.00365876
v 0.03307703 -0.03832482 0.00297209
v 0.03318920 -0.03845155 0.00198501
v 0.03367992 -0.03797236 0.00100573
v 0.03417532 -0.03738624 0.00100573
v 0.03416130 -0.03736248 0.00198501
v 0.03452584 -0.03684764 0.00001865
v 0.03261902 -0.03194881 -0.01050761
v 0.03327800 -0.03064589 -0.01115916
v 0.03425477 -0.02965186 -0.01115136
v 0.03552131 -0.03191713 -0.00750345
v 0.03229187 -0.03163199 -0.01116306
v 0.03058602 -0.03385765 -0.01042567
v 0.03163757 -0.03194881 -0.01147908
v 0.03195070 -0.03227751 -0.01081973
v 0.03457258 -0.02899446 -0.01145567
v 0.03552599 -0.02799648 -0.01144007
v 0.03645136 -0.02792915 -0.01040617
v 0.03755899 -0.02824201 -0.00877924
v 0.03360982 -0.03788523 0.00001865
v 0.03318453 -0.03846739 0.00100573
v 0.03269380 -0.03889114 0.00100573
v 0.03259098 -0.03880797 0.00001865
v 0.03251153 -0.03873669 -0.00073044
v 0.03054395 -0.04071682 0.00133346
v 0.02644055 -0.04256229 -0.00218570
v 0.02579093 -0.04276823 -0.00293869
v 0.02563203 -0.04267714 -0.00355512
v 0.02249138 -0.04455826 -0.00232225
v 0.01762152 -0.04359592 -0.00930204
v 0.02566007 -0.04170688 -0.00549417
v 0.02605265 -0.04115640 -0.00590383
v 0.02656207 -0.03969507 -0.00740201
v 0.01889740 -0.04277615 -0.00953613
v 0.02732386 -0.03853472 -0.00816280
v 0.02565072 -0.03777039 -0.01041397
v 0.02630502 -0.03753277 -0.01014867
v 0.02701540 -0.03818621 -0.00884947
v 0.02810435 -0.03727931 -0.00893530
v 0.02603863 -0.03947329 -0.00810428
v 0.02673499 -0.03687537 -0.01049590
v 0.02736592 -0.03758425 -0.00922011
v 0.03618029 -0.02755293 -0.01106552
v 0.03641397 -0.02689552 -0.01134253
v 0.03753562 -0.02511737 -0.01149079
v 0.03819460 -0.02167987 -0.01313722
v 0.03840959 -0.02102247 -0.01333230
v 0.03855446 -0.02223430 -0.01248177
v 0.03721315 -0.02466194 -0.01215014
v 0.03631582 -0.02577873 -0.01223987
v 0.03655417 -0.02512133 -0.01245446
v 0.03642799 -0.02396098 -0.01332449
v 0.03662428 -0.02341050 -0.01349226
v 0.03731597 -0.02283230 -0.01323476
v 0.03753562 -0.02217490 -0.01343373
v 0.03804972 -0.02045219 -0.01399165
v 0.03738607 -0.02096306 -0.01428426
v 0.03866196 -0.01552563 -0.01541960
v 0.03648407 -0.02207589 -0.01433498
v 0.03679253 -0.02036506 -0.01489680
v 0.03639995 -0.01997696 -0.01526354
v 0.03152541 -0.02400850 -0.01627793
v 0.03256761 -0.02213926 -0.01628183
v 0.04002664 -0.01552563 0.01401725
v 0.04043324 -0.01651174 0.01342032
v 0.04036314 -0.01710577 0.01335010
v 0.04025565 -0.01776318 0.01326036
v 0.03943310 -0.01622660 0.01437619
v 0.03844697 -0.01521277 0.01535547
v 0.03748422 -0.02314516 0.01339301
v 0.03882086 -0.02146998 0.01306528
v 0.03664764 -0.02439660 0.01347494
v 0.03645603 -0.02498272 0.01336180
v 0.03713837 -0.02439660 0.01313161
v 0.03711500 -0.01552563 0.01611236
v 0.03610084 -0.01453953 0.01708384
v 0.03429216 -0.02070961 0.01620600
v 0.03685796 -0.02533915 0.01282729
v 0.03660091 -0.02620248 0.01254639
v 0.03348831 -0.03283987 0.01139544
v 0.03383415 -0.03314877 0.01076340
v 0.03352570 -0.03388142 0.01047469
v 0.03326398 -0.03453882 0.01010014
v 0.03231056 -0.03560016 0.01021719
v 0.03157214 -0.03680408 0.00949931
v 0.03242741 -0.03669319 0.00835617
v 0.03029158 -0.03951290 0.00712329
v 0.02849693 -0.03966735 0.00937446
v 0.02939893 -0.03959210 0.00826644
v 0.02963261 -0.03979408 0.00761098
v 0.02945969 -0.04062969 0.00637421
v 0.02820249 -0.04139006 0.00691651
v 0.02840813 -0.04156431 0.00621424
v 0.02856703 -0.04167916 0.00555879
v 0.02918394 -0.04143362 0.00494235
v 0.02983357 -0.04093859 0.00494235
v 0.03043646 -0.04062177 0.00414254
v 0.03157681 -0.03977031 0.00297209
v 0.03269847 -0.03890698 0.00198501
v 0.03258631 -0.03881985 0.00297209
v 0.03261902 -0.03097855 -0.01147908
v 0.03359580 -0.02998848 -0.01146738
v 0.03091784 -0.03223395 -0.01177169
v 0.03193668 -0.03127953 -0.01180681
v 0.03124032 -0.03158051 -0.01213453
v 0.03485767 -0.02828954 -0.01177560
v 0.03291813 -0.03028946 -0.01180291
v 0.03224046 -0.03059440 -0.01213453
v 0.03321257 -0.02958850 -0.01212283
v 0.03418000 -0.02858259 -0.01211112
v 0.03448845 -0.02792519 -0.01235692
v 0.03514275 -0.02753313 -0.01209942
v 0.03541382 -0.02687572 -0.01231400
v 0.03212830 -0.03939805 0.00198501
v 0.03163757 -0.03981784 0.00198501
v 0.03105338 -0.04031287 0.00198501
v 0.03210493 -0.03938617 0.00100573
v 0.03160953 -0.03979804 0.00100573
v 0.03055797 -0.04072474 0.00198501
v 0.02998312 -0.04115640 0.00198501
v 0.02657141 -0.04363948 0.00236736
v 0.02644990 -0.04356028 0.00171581
v 0.02581430 -0.04377809 0.00100573
v 0.02566007 -0.04367908 0.00024884
v 0.02551519 -0.04359592 -0.00040661
v 0.02538433 -0.04352463 -0.00096843
v 0.02458982 -0.04461767 0.00143100
v 0.02443092 -0.04453450 0.00077555
v 0.02470198 -0.04368700 -0.00170971
v 0.02505250 -0.04315237 -0.00293869
v 0.02273441 -0.04466915 -0.00166680
v 0.02213619 -0.04482756 -0.00197892
v 0.02183241 -0.04468895 -0.00264217
v 0.01480335 -0.04463747 -0.00941909
v 0.01421448 -0.04475231 -0.00961806
v 0.01696254 -0.04372661 -0.00952053
v 0.01724296 -0.04336227 -0.00984435
v 0.01812159 -0.04293456 -0.00985215
v 0.01842537 -0.04250289 -0.01019158
v 0.02453841 -0.03768326 -0.01129961
v 0.02505250 -0.03751693 -0.01112014
v 0.02566941 -0.03681200 -0.01140495
v 0.02598722 -0.03717239 -0.01078461
v 0.02670695 -0.03783375 -0.00948931
v 0.03552599 -0.02504609 -0.01338692
v 0.03587183 -0.02433324 -0.01353908
v 0.03624105 -0.02273330 -0.01417892
v 0.03786745 -0.01453953 -0.01579805
v 0.03043179 -0.02583022 -0.01623111
v 0.03063743 -0.02517281 -0.01631305
v 0.03096458 -0.02436096 -0.01636767
v 0.03169365 -0.02341050 -0.01632085
v 0.03096925 -0.02341050 -0.01649251
v 0.03963873 -0.01453953 0.01456346
v 0.03953592 -0.01552563 0.01447373
v 0.03902650 -0.01453953 0.01505505
v 0.03853577 -0.01453953 0.01542570
v 0.03742813 -0.01418707 0.01632304
v 0.03692806 -0.01452369 0.01655713
v 0.03728792 -0.01484447 0.01622160
v 0.03363319 -0.02125216 0.01639327
v 0.03341820 -0.02190957 0.01627232
v 0.03522688 -0.02461838 0.01420843
v 0.03456790 -0.02510945 0.01439570
v 0.03490440 -0.02541439 0.01408358
v 0.03434357 -0.02576685 0.01426695
v 0.03346026 -0.02689949 0.01432547
v 0.03384350 -0.02727967 0.01393532
v 0.03556337 -0.02609555 0.01341642
v 0.03532502 -0.02675296 0.01327207
v 0.03622235 -0.02564012 0.01320574
v 0.03551664 -0.02802024 0.01244495
v 0.03624572 -0.01355343 0.01718137
v 0.03560544 -0.01453953 0.01738425
v 0.03360982 -0.01535534 0.01836353
v 0.02956718 -0.01708993 0.02027527
v 0.03321724 -0.03349727 0.01113404
v 0.03464268 -0.02915683 0.01251908
v 0.03417065 -0.02851527 0.01317453
v 0.03290878 -0.03320421 0.01159052
v 0.03255827 -0.03388538 0.01144616
v 0.03260500 -0.03494276 0.01052541
v 0.02277180 -0.03977823 0.01441911
v 0.02756221 -0.03971091 0.01040056
v 0.02858573 -0.04072870 0.00752905
v 0.02753885 -0.04166332 0.00744322
v 0.02928209 -0.04048316 0.00691651
v 0.02779589 -0.03990892 0.00987385
v 0.02745472 -0.04060593 0.00930033
v 0.02770242 -0.04081582 0.00864488
v 0.02873995 -0.03987724 0.00871511
v 0.02731919 -0.04147322 0.00809867
v 0.02562268 -0.04268506 0.00846541
v 0.02578625 -0.04278803 0.00789969
v 0.02644990 -0.04257021 0.00720523
v 0.02868855 -0.04176232 0.00494235
v 0.02444494 -0.04453054 0.00494235
v 0.02416452 -0.04496617 0.00405671
v 0.02931480 -0.04152075 0.00395917
v 0.02468329 -0.04468895 0.00379141
v 0.02763232 -0.04270882 0.00377970
v 0.02881941 -0.04186529 0.00395917
v 0.03005790 -0.04095443 0.00387334
v 0.03047853 -0.04065741 0.00348709
v 0.03100196 -0.04026535 0.00297209
v 0.03058134 -0.03186565 -0.01236862
v 0.03158149 -0.03092311 -0.01238033
v 0.03255827 -0.02993700 -0.01238813
v 0.03352570 -0.02893110 -0.01237253
v 0.03302095 -0.02843210 -0.01311771
v 0.03340419 -0.02781430 -0.01326597
v 0.03367992 -0.02715690 -0.01348445
v 0.03433890 -0.02676484 -0.01322696
v 0.03485299 -0.02726383 -0.01250127
v 0.03526427 -0.02570349 -0.01317624
v 0.03050657 -0.04068513 0.00297209
v 0.02998312 -0.04109700 0.00297209
v 0.02938023 -0.04156431 0.00297209
v 0.02888951 -0.04192469 0.00297209
v 0.02657141 -0.04363948 0.00260145
v 0.02406638 -0.04519586 0.00297209
v 0.02349620 -0.04554833 0.00297209
v 0.02520206 -0.04439589 0.00198501
v 0.02608536 -0.04386126 0.00202013
v 0.02497305 -0.04429689 0.00106426
v 0.02470666 -0.04468895 0.00198501
v 0.02406638 -0.04504933 0.00198501
v 0.02422061 -0.04442757 0.00001865
v 0.02329991 -0.04545328 0.00198501
v 0.02372521 -0.04467707 0.00001865
v 0.02451504 -0.04359196 -0.00236517
v 0.02307091 -0.04474439 -0.00087479
v 0.02209880 -0.04517606 -0.00096843
v 0.02157069 -0.04557209 -0.00042612
v 0.02119213 -0.04550080 -0.00103865
v 0.02111735 -0.04521170 -0.00195161
v 0.01421448 -0.04506914 -0.00885337
v 0.01323303 -0.04541368 -0.00884557
v 0.01327976 -0.04490280 -0.00991458
v 0.01364430 -0.04457014 -0.01029302
v 0.01638302 -0.04348503 -0.01017598
v 0.01776640 -0.04268506 -0.01038666
v 0.01963583 -0.04065741 -0.01131912
v 0.02148189 -0.03860204 -0.01222817
v 0.02329991 -0.03751693 -0.01215404
v 0.02505250 -0.03702190 -0.01159223
v 0.02505250 -0.03644766 -0.01208382
v 0.02559931 -0.03577046 -0.01233351
v 0.02667891 -0.03486752 -0.01240764
v 0.03460529 -0.02610743 -0.01343373
v 0.03324061 -0.02662227 -0.01413991
v 0.03496048 -0.02449561 -0.01410870
v 0.03441835 -0.02488768 -0.01427256
v 0.03138052 -0.02676880 -0.01521672
v 0.03005790 -0.02641634 -0.01609456
v 0.02977749 -0.02612328 -0.01632865
v 0.03005790 -0.02545399 -0.01641449
v 0.02998312 -0.02439660 -0.01659005
v 0.03688132 -0.01355343 0.01677172
v 0.03332940 -0.02474511 0.01523842
v 0.03355374 -0.02408771 0.01536327
v 0.03320789 -0.02755689 0.01418502
v 0.03297889 -0.02547379 0.01514869
v 0.03224981 -0.02636881 0.01519161
v 0.03290411 -0.02727967 0.01446983
v 0.03387621 -0.02824993 0.01347494
v 0.03442770 -0.02785787 0.01332669
v 0.03460996 -0.02735492 0.01343983
v 0.03510536 -0.02735492 0.01311991
v 0.03377807 -0.01453953 0.01844936
v 0.03427347 -0.01453953 0.01816455
v 0.02899700 -0.01651174 0.02063811
v 0.02758558 -0.01704241 0.02122723
v 0.02309427 -0.03914855 0.01453615
v 0.03048787 -0.02588962 0.01628403
v 0.03175908 -0.02636881 0.01545301
v 0.03267511 -0.02520846 0.01541789
v 0.03351168 -0.02893110 0.01336960
v 0.03233861 -0.03259037 0.01227328
v 0.02209880 -0.03986140 0.01448933
v 0.01474259 -0.04559585 0.01136033
v 0.01618673 -0.04636810 0.01015476
v 0.01691113 -0.04667304 0.00952662
v 0.01757011 -0.04651463 0.00928083
v 0.02505250 -0.04284743 0.00867219
v 0.03258631 -0.02998056 0.01340472
v 0.01646714 -0.03255869 0.01916334
v 0.01580817 -0.03283987 0.01927258
v 0.01520060 -0.03295472 0.01934281
v 0.01421448 -0.03310521 0.01944425
v 0.00897540 -0.04070889 0.01631914
v 0.02666021 -0.04175440 0.00856295
v 0.02372521 -0.04369096 0.00849272
v 0.02437951 -0.04352067 0.00814939
v 0.02498240 -0.04329098 0.00785288
v 0.02460851 -0.04364344 0.00749004
v 0.02475339 -0.04373849 0.00691651
v 0.02339338 -0.04548496 0.00395917
v 0.02772111 -0.04277615 0.00297209
v 0.02477676 -0.04474043 0.00297209
v 0.02769775 -0.03291511 -0.01340252
v 0.03225916 -0.02767569 -0.01417112
v 0.03243675 -0.02882417 -0.01328158
v 0.03274521 -0.02816677 -0.01351176
v 0.03299291 -0.02741828 -0.01382779
v 0.02290266 -0.04573050 0.00395917
v 0.02300548 -0.04577406 0.00297209
v 0.02280918 -0.04568298 0.00198501
v 0.02243530 -0.04551665 0.00076774
v 0.02308493 -0.04499389 0.00001865
v 0.02358500 -0.04460182 -0.00048464
v 0.02339338 -0.04450678 -0.00114009
v 0.02210348 -0.04543744 -0.00005157
v 0.02178100 -0.04566317 0.00023324
v 0.02078553 -0.04664532 0.00221130
v 0.02057522 -0.04655423 0.00155975
v 0.01864970 -0.04755618 0.00248050
v 0.01612597 -0.04830862 0.00205134
v 0.01291055 -0.04564733 -0.00851004
v 0.01224223 -0.04551268 -0.00915769
v 0.01298533 -0.04468103 -0.01042177
v 0.01224223 -0.04518398 -0.00983655
v 0.01328444 -0.04412659 -0.01084314
v 0.01358822 -0.04356424 -0.01126840
v 0.01570535 -0.04164747 -0.01230620
v 0.01421448 -0.04395630 -0.01065977
v 0.01571937 -0.04264150 -0.01132692
v 0.01520060 -0.04374245 -0.01045689
v 0.01572404 -0.04362760 -0.01034374
v 0.01773835 -0.04168312 -0.01135813
v 0.01808420 -0.04209102 -0.01078461
v 0.01717285 -0.04281971 -0.01051931
v 0.01635965 -0.04150886 -0.01216965
v 0.01717285 -0.04131481 -0.01198628
v 0.01717285 -0.04082374 -0.01245836
v 0.01914510 -0.04079602 -0.01145177
v 0.01961246 -0.03965547 -0.01228669
v 0.02013123 -0.03950498 -0.01214624
v 0.02082292 -0.03880797 -0.01240764
v 0.02109398 -0.03818225 -0.01278218
v 0.02264561 -0.03773078 -0.01232961
v 0.02445896 -0.03664567 -0.01225158
v 0.02603863 -0.03400418 -0.01348055
v 0.02660413 -0.03381013 -0.01332839
v 0.02505250 -0.03595659 -0.01248177
v 0.03350233 -0.02596487 -0.01431547
v 0.03258631 -0.02701829 -0.01436229
v 0.02802022 -0.03229731 -0.01361711
v 0.03072155 -0.02705790 -0.01538839
v 0.02744537 -0.03174684 -0.01425305
v 0.02642186 -0.03264978 -0.01422184
v 0.02160340 -0.03473683 -0.01525574
v 0.02899700 -0.02538271 -0.01662907
v 0.01981342 -0.03584966 -0.01533767
v 0.01914510 -0.03523582 -0.01577854
v 0.01815898 -0.03523582 -0.01599702
v 0.01815898 -0.03452694 -0.01618820
v 0.01873850 -0.03384181 -0.01626623
v 0.01815898 -0.03227751 -0.01678123
v 0.01585958 -0.03188941 -0.01725721
v 0.02899700 -0.02439660 -0.01677342
v 0.03255359 -0.02797667 0.01436449
v 0.03290411 -0.02832122 0.01400945
v 0.03153475 -0.02695097 0.01533206
v 0.03189929 -0.02731135 0.01498873
v 0.02807631 -0.01651174 0.02107117
v 0.02603863 -0.01651174 0.02169151
v 0.02505250 -0.01749784 0.02167201
v 0.01293859 -0.03190921 0.02027527
v 0.03227785 -0.02863408 0.01422013
v 0.00633016 -0.04487508 0.01353737
v 0.00633016 -0.04536616 0.01314722
v 0.00731628 -0.04585722 0.01256589
v 0.00633016 -0.04645522 0.01223036
v 0.00504025 -0.04759578 0.01139544
v 0.00830240 -0.04772251 0.01053321
v 0.01520060 -0.04649483 0.01027181
v 0.01618673 -0.04676808 0.00965927
v 0.01613532 -0.04727500 0.00880874
v 0.01642508 -0.04748489 0.00823912
v 0.01721024 -0.04685125 0.00892579
v 0.01788791 -0.04667700 0.00862537
v 0.01854688 -0.04652255 0.00828594
v 0.02243530 -0.04451866 0.00822352
v -0.00011003 -0.03375073 0.02120383
v 0.00830240 -0.04078018 0.01636986
v 0.00435791 -0.04285931 0.01547642
v 0.00534403 -0.04386918 0.01451274
v 0.02079955 -0.04567902 0.00760318
v 0.02271104 -0.04466519 0.00756416
v 0.02375325 -0.04470083 0.00573826
v 0.02145852 -0.04550476 0.00715841
v 0.02340740 -0.04450282 0.00691651
v 0.02165481 -0.04561169 0.00650295
v 0.02270169 -0.04563941 0.00463023
v 0.01576611 -0.04857792 0.00650295
v 0.02696867 -0.03325174 -0.01354688
v 0.02607134 -0.03326362 -0.01400335
v 0.02708083 -0.03230127 -0.01410089
v 0.01877589 -0.04761162 0.00395917
v 0.02209880 -0.04617801 0.00297209
v 0.02209880 -0.04599979 0.00198501
v 0.02020133 -0.04680373 0.00193039
v 0.02141179 -0.04648295 0.00297209
v 0.02013123 -0.04704926 0.00297209
v 0.01925259 -0.04740965 0.00297209
v 0.01876187 -0.04760370 0.00297209
v 0.01815898 -0.04782943 0.00297209
v 0.01717285 -0.04818981 0.00297209
v 0.01575209 -0.04856208 0.00242588
v 0.01511180 -0.04862940 0.00205134
v 0.01421448 -0.04887890 0.00198501
v 0.01224223 -0.04709283 -0.00490895
v 0.01157858 -0.04750865 -0.00427300
v 0.01125143 -0.04738588 -0.00487774
v 0.01091961 -0.04759974 -0.00453050
v 0.01026998 -0.04749281 -0.00522887
v 0.00633016 -0.04845119 -0.00512743
v 0.00633016 -0.04814625 -0.00589603
v 0.00731628 -0.04765122 -0.00655928
v 0.01125610 -0.04345731 -0.01216575
v 0.01224223 -0.04380581 -0.01150639
v 0.01292925 -0.04368700 -0.01138544
v 0.01224223 -0.04476420 -0.01052711
v 0.01060180 -0.04357612 -0.01226719
v 0.00731628 -0.04740965 -0.00705477
v 0.00731628 -0.04699778 -0.00786629
v 0.00633016 -0.04673244 -0.00866219
v 0.00633016 -0.04647107 -0.00915378
v 0.00633016 -0.04610276 -0.00983655
v 0.00633016 -0.04571069 -0.01056223
v 0.00633016 -0.04542160 -0.01105382
v 0.01618673 -0.04046336 -0.01313722
v 0.01609326 -0.04116829 -0.01257931
v 0.01520060 -0.04275239 -0.01143226
v 0.01421448 -0.04241972 -0.01211112
v 0.01286381 -0.04267714 -0.01234131
v 0.00990077 -0.04267318 -0.01332839
v 0.01637834 -0.04249497 -0.01118647
v 0.01771031 -0.04068513 -0.01232571
v 0.01805616 -0.04109304 -0.01175219
v 0.01725698 -0.04015446 -0.01301627
v 0.01764488 -0.03966339 -0.01328158
v 0.01836929 -0.04049900 -0.01215014
v 0.02013123 -0.03901390 -0.01258711
v 0.01895348 -0.03984160 -0.01245836
v 0.01815898 -0.03951290 -0.01315283
v 0.01867307 -0.03672884 -0.01527134
v 0.02467394 -0.03383389 -0.01433108
v 0.02661348 -0.02396494 -0.01724551
v 0.01322835 -0.03227751 -0.01756153
v 0.01905630 -0.03619420 -0.01541570
v 0.01815898 -0.03622193 -0.01564589
v 0.01717285 -0.03622193 -0.01584487
v 0.01574741 -0.03575858 -0.01625452
v 0.01640639 -0.03556452 -0.01619990
v 0.00986805 -0.03577442 -0.01724551
v 0.01723361 -0.03523582 -0.01615308
v 0.01760282 -0.03470119 -0.01623502
v 0.01022792 -0.03523582 -0.01733134
v 0.00928853 -0.03523582 -0.01747569
v 0.01224223 -0.03326362 -0.01748740
v 0.02505250 -0.01651174 0.02186708
v 0.00534403 -0.04436421 0.01411869
v 0.00457756 -0.04553645 0.01328377
v 0.00531132 -0.04615028 0.01266343
v 0.00561977 -0.04653047 0.01230059
v 0.00435791 -0.04766310 0.01146567
v 0.00731628 -0.04782151 0.01064635
v 0.00731628 -0.04831258 0.01008063
v 0.00830240 -0.04821754 0.00995969
v 0.01577078 -0.04757598 0.00843030
v 0.00830240 -0.04860564 0.00946810
v 0.00881650 -0.04855020 0.00939007
v 0.01613532 -0.04774231 0.00790750
v 0.01684570 -0.04763538 0.00757977
v 0.01819637 -0.04684333 0.00793481
v 0.01884132 -0.04666908 0.00763049
v -0.00022220 -0.03375865 0.02121163
v 0.00041341 -0.04205538 0.01655713
v 0.00139953 -0.04245537 0.01615528
v 0.00041341 -0.04254645 0.01621770
v 0.00337178 -0.04294248 0.01554274
v 0.00216132 -0.04464539 0.01434498
v 0.00337178 -0.04454242 0.01426305
v 0.00435791 -0.04396422 0.01459077
v 0.01950029 -0.04650275 0.00711939
v 0.01520060 -0.04840763 0.00711939
v 0.00611517 -0.04959967 0.00850443
v 0.00640026 -0.04973828 0.00798162
v 0.00731628 -0.04990461 0.00691651
v 0.00830240 -0.04998777 0.00592943
v 0.01520060 -0.04875613 0.00592943
v 0.01585023 -0.04860168 0.00592943
v 0.01815898 -0.04786904 0.00395917
v 0.01717285 -0.04825318 0.00395917
v 0.01640639 -0.04845515 0.00297209
v 0.01591099 -0.04860564 0.00297209
v 0.01520060 -0.04880366 0.00297209
v 0.01421448 -0.04907295 0.00297209
v 0.01322835 -0.04912048 0.00198501
v 0.01303674 -0.04863336 0.00025274
v 0.01227494 -0.04741757 -0.00393747
v 0.01125143 -0.04771459 -0.00393747
v 0.01228896 -0.04842347 -0.00098793
v 0.01125610 -0.04804724 -0.00293869
v 0.01026998 -0.04796012 -0.00392187
v 0.00392794 -0.04954422 -0.00346539
v 0.00534403 -0.04873237 -0.00487774
v 0.00633016 -0.04774627 -0.00670364
v 0.00534403 -0.04853040 -0.00536932
v 0.01322368 -0.04312069 -0.01180681
v 0.00911093 -0.04466519 -0.01138935
v 0.00976523 -0.04459787 -0.01131522
v 0.01125610 -0.04443945 -0.01113965
v 0.00633016 -0.04493053 -0.01171707
v 0.00731628 -0.04484340 -0.01159223
v 0.00928853 -0.04275635 -0.01342203
v 0.00534403 -0.04327514 -0.01389411
v 0.00675545 -0.04260586 -0.01425695
v 0.00412423 -0.04660175 -0.00940348
v 0.00534403 -0.04653047 -0.00926693
v 0.00534403 -0.04622553 -0.00983655
v 0.00441399 -0.04637206 -0.00977412
v 0.00534403 -0.04577406 -0.01066367
v 0.00534403 -0.04548496 -0.01115526
v 0.01742990 -0.03861788 -0.01421794
v 0.01698591 -0.03982180 -0.01339862
v 0.01024661 -0.04218211 -0.01361711
v 0.00968578 -0.04160787 -0.01424915
v 0.00830240 -0.04234844 -0.01405017
v 0.00933059 -0.04209102 -0.01397214
v 0.01808887 -0.04016634 -0.01260271
v 0.01877122 -0.03777039 -0.01433498
v 0.01815898 -0.03683180 -0.01534547
v 0.01026998 -0.03424972 -0.01754592
v 0.01445750 -0.03658627 -0.01619990
v 0.01380320 -0.03673280 -0.01625842
v 0.00928853 -0.03590510 -0.01730013
v 0.00830240 -0.03610708 -0.01737816
v 0.00435791 -0.04445530 0.01419282
v 0.00391859 -0.04559585 0.01333059
v 0.00337178 -0.04613444 0.01296775
v 0.00435791 -0.04664928 0.01240203
v 0.00435791 -0.04714035 0.01196116
v 0.00534403 -0.04846307 0.01026010
v 0.00633016 -0.04839575 0.01017037
v 0.00337178 -0.04722747 0.01203919
v 0.00337178 -0.04772647 0.01154760
v 0.00731628 -0.04869277 0.00958514
v -0.00022220 -0.04207122 0.01659615
v 0.00096956 -0.04362364 0.01530085
v 0.00162854 -0.04357216 0.01526183
v 0.00133878 -0.04319594 0.01559346
v 0.00238566 -0.04351275 0.01521502
v 0.00238566 -0.04571069 0.01343593
v 0.00337178 -0.04564337 0.01336960
v 0.00534403 -0.04931453 0.00907014
v 0.00534403 -0.04964323 0.00857856
v 0.00534403 -0.04990065 0.00789969
v 0.00633016 -0.05004718 0.00691651
v 0.00731628 -0.05015410 0.00592943
v 0.00591421 -0.05053032 0.00455220
v 0.01175150 -0.04952838 0.00445076
v 0.01322835 -0.04921948 0.00494235
v 0.01421448 -0.04902939 0.00494235
v 0.01520060 -0.04881158 0.00494235
v 0.01593435 -0.04861752 0.00494235
v 0.01649518 -0.04848683 0.00395917
v 0.01600446 -0.04862940 0.00395917
v 0.01520060 -0.04884326 0.00395917
v 0.01421448 -0.04907295 0.00395917
v 0.01322835 -0.04927493 0.00297209
v 0.01198986 -0.04860168 -0.00067581
v 0.00441399 -0.05062141 0.00194600
v 0.00477853 -0.05050260 0.00159486
v 0.00411955 -0.05055805 0.00127104
v 0.00441399 -0.05045112 0.00096672
v 0.00435791 -0.05027687 0.00001865
v 0.00337178 -0.05004718 -0.00195161
v 0.00429715 -0.04961947 -0.00289967
v 0.01155054 -0.04850268 -0.00133127
v 0.01026998 -0.04827694 -0.00293869
v 0.00337178 -0.04976996 -0.00293869
v 0.00238566 -0.04984520 -0.00293869
v 0.00337178 -0.04956402 -0.00349660
v 0.00139953 -0.04649483 -0.01015647
v 0.00337178 -0.04664136 -0.00948541
v 0.00238566 -0.04644334 -0.01007064
v 0.00572259 -0.04458598 -0.01228669
v 0.00534403 -0.04370681 -0.01340252
v 0.00537207 -0.04492657 -0.01190044
v 0.00435791 -0.04336623 -0.01399165
v 0.00534403 -0.04278407 -0.01440911
v 0.00609648 -0.04269298 -0.01432718
v 0.00638624 -0.04222171 -0.01458078
v 0.00830240 -0.04185737 -0.01441301
v 0.00902681 -0.04173064 -0.01433108
v 0.00337178 -0.04638394 -0.00997700
v 0.00435791 -0.04583346 -0.01074560
v 0.00238566 -0.04599979 -0.01082363
v 0.00369426 -0.04556812 -0.01129181
v 0.01717285 -0.03699417 -0.01545862
v 0.00849869 -0.04055840 -0.01519721
v 0.00928853 -0.03992080 -0.01540790
v 0.01121404 -0.03725159 -0.01643399
v 0.01026998 -0.03720803 -0.01660566
v 0.00830240 -0.03660211 -0.01718308
v 0.00928853 -0.03639618 -0.01710895
v 0.00822295 -0.04020594 -0.01546252
v 0.00731628 -0.04016238 -0.01566149
v 0.00731628 -0.03934261 -0.01609066
v 0.00775092 -0.03670112 -0.01722600
v 0.00337178 -0.04673244 0.01247226
v 0.00435791 -0.04813041 0.01085703
v 0.00435791 -0.04851852 0.01033033
v 0.00534403 -0.04882346 0.00976461
v 0.00633016 -0.04876009 0.00967488
v 0.00238566 -0.04724332 0.01204309
v 0.00238566 -0.04774231 0.01155150
v 0.00041341 -0.04864524 0.01049029
v 0.00435791 -0.04994421 0.00789969
v 0.00041341 -0.04903731 0.00987385
v 0.00041341 -0.04942542 0.00918329
v 0.00041341 -0.04967491 0.00868780
v 0.00139953 -0.05003134 0.00789969
v 0.00534403 -0.05014222 0.00691651
v 0.00238566 -0.05036003 0.00691651
v 0.00337178 -0.05029271 0.00691651
v 0.00633016 -0.05024915 0.00592943
v 0.00534403 -0.05056597 0.00472387
v 0.00337178 -0.05087487 0.00395917
v 0.00435791 -0.05076794 0.00395917
v 0.00337178 -0.05093031 0.00297209
v 0.00591421 -0.05053032 0.00427129
v 0.01322835 -0.04927097 0.00395917
v 0.00435791 -0.05077190 0.00297209
v 0.00337178 -0.05080358 0.00198501
v 0.00372697 -0.05049468 0.00061168
v 0.00337178 -0.05024519 -0.00096843
v 0.00238566 -0.05015806 -0.00195161
v 0.00238566 -0.04957987 -0.00353172
v 0.00139953 -0.05020163 -0.00195161
v 0.00041341 -0.05022935 -0.00195161
v 0.00139953 -0.04985708 -0.00293869
v 0.00041341 -0.04652255 -0.01021499
v 0.00041341 -0.04616216 -0.01082363
v 0.00139953 -0.04609880 -0.01082363
v 0.00435791 -0.04378205 -0.01350006
v 0.00435791 -0.04510082 -0.01181071
v 0.00435791 -0.04287515 -0.01447934
v 0.00337178 -0.04382561 -0.01354298
v 0.00337178 -0.04340187 -0.01403457
v 0.00534403 -0.04213459 -0.01483438
v 0.00633016 -0.04140986 -0.01511138
v 0.00731628 -0.04075642 -0.01532206
v 0.00822295 -0.04105740 -0.01493972
v 0.00303528 -0.04559981 -0.01133863
v 0.00783972 -0.04066929 -0.01526744
v 0.00731628 -0.03884758 -0.01631695
v 0.00633016 -0.04091483 -0.01541960
v 0.00633016 -0.04016238 -0.01582926
v 0.00633016 -0.03948914 -0.01616479
v -0.00022220 -0.04864921 0.01048639
v -0.00022220 -0.04966699 0.00868780
v 0.00041341 -0.05003530 0.00789969
v 0.00468973 -0.05050260 0.00537152
v 0.00534403 -0.05033627 0.00592943
v 0.00337178 -0.05055409 0.00562512
v 0.00139953 -0.05036399 0.00691651
v 0.00238566 -0.05048676 0.00628447
v 0.00534403 -0.05047488 0.00521546
v 0.00435791 -0.05060161 0.00500088
v 0.00337178 -0.05068873 0.00494235
v 0.00238566 -0.05056993 0.00579288
v 0.00238566 -0.05070854 0.00494235
v 0.00238566 -0.05085903 0.00395917
v 0.00238566 -0.05093823 0.00297209
v 0.00238566 -0.05087091 0.00198501
v 0.00238566 -0.05071250 0.00100573
v 0.00307267 -0.05054220 0.00037369
v 0.00339047 -0.05060953 0.00096672
v 0.00238566 -0.05034815 -0.00096843
v 0.00139486 -0.05043132 -0.00090210
v 0.00139953 -0.04958383 -0.00354732
v 0.00105836 -0.05052636 -0.00053146
v 0.00032461 -0.05046300 -0.00090210
v -0.00022220 -0.04995213 -0.00258755
v -0.00022220 -0.04981748 -0.00293869
v 0.00041341 -0.04984916 -0.00293869
v 0.00041341 -0.04571465 -0.01147128
v 0.00139953 -0.04567902 -0.01142836
v 0.00238566 -0.04563545 -0.01137764
v 0.00336711 -0.04526715 -0.01172488
v 0.00337178 -0.04431669 -0.01293434
v 0.00435791 -0.04213459 -0.01493972
v 0.00337178 -0.04291080 -0.01450275
v 0.00534403 -0.04153263 -0.01519331
v 0.00534403 -0.04104156 -0.01546642
v 0.00534403 -0.04016238 -0.01591899
v -0.00022220 -0.05020558 0.00726765
v 0.00041341 -0.05077982 0.00198501
v 0.00139953 -0.05084715 0.00198501
v 0.00059100 -0.05052636 -0.00053146
v 0.00238566 -0.05056993 0.00020983
v 0.00238566 -0.05047884 -0.00028176
v -0.00006797 -0.05051448 -0.00046903
v 0.00238566 -0.04524339 -0.01187313
v 0.00337178 -0.04213459 -0.01497483
v 0.00041341 -0.04218211 -0.01502555
v -0.00022220 -0.05066497 0.00100573
v 0.00041341 -0.05069666 0.00100573
v -0.01437411 0.02193779 0.02454945
v -0.01338821 0.02291712 0.02454484
v -0.01536001 0.02193779 0.02446174
v -0.01536001 0.03178929 0.02195020
v -0.01437411 0.02291712 0.02445712
v -0.01529554 0.02290257 0.02429092
v -0.01601222 0.02256805 0.02421705
v -0.02317515 0.02089543 0.02305823
v -0.02279975 0.02052696 0.02319212
v -0.03362948 0.00675813 0.02220874
v -0.02817291 0.00813501 0.02302591
v -0.02684194 0.00872649 0.02319673
v -0.03362948 0.00662238 0.02220874
v -0.01634590 0.03178929 0.02168704
v -0.01881065 0.03129478 0.02120689
v -0.02324720 0.02193779 0.02281816
v -0.01408971 0.03336010 0.02128538
v -0.01536001 0.03258439 0.02152084
v -0.02423310 0.02094876 0.02272582
v -0.03400867 0.00711205 0.02200560
v -0.03507041 0.00715083 0.02153930
v -0.04246844 0.00371347 0.01825215
v -0.01831770 0.03144507 0.02127615
v -0.01634590 0.03239531 0.02135463
v -0.01692228 0.03230320 0.02123460
v -0.02127540 0.03145961 0.02033894
v -0.02178731 0.03130932 0.02023275
v -0.02428619 0.02197172 0.02246266
v -0.01733180 0.03849432 0.01652085
v -0.01814327 0.03832949 0.01639619
v -0.03667818 0.01471400 0.01928631
v -0.03734935 0.01404979 0.01916627
v -0.03946145 0.01434553 0.01823368
v -0.03558231 0.00766959 0.02121613
v -0.03615110 0.00715083 0.02101299
v -0.04368944 0.00419344 0.01741651
v -0.04418239 0.00419344 0.01710718
v -0.04548681 0.00395588 0.01632233
v -0.03765271 0.00695206 0.02029277
v -0.03991648 0.01403040 0.01805362
v -0.04083792 0.01404979 0.01752731
v -0.01879928 0.03818889 0.01627154
v -0.02367189 0.03123660 0.01919397
v -0.03272700 0.02746471 0.01635002
v -0.03453195 0.02436188 0.01724568
v -0.03482014 0.02370737 0.01739342
v -0.02187073 0.03629325 0.01632233
v -0.02303485 0.03543997 0.01641928
v -0.02369085 0.03520241 0.01624384
v -0.02423310 0.03449458 0.01646544
v -0.03999990 0.01503397 0.01782278
v -0.03924152 0.01503397 0.01814596
v -0.03874857 0.01503397 0.01834910
v -0.01662271 0.03911974 0.01620229
v -0.04501282 0.00424677 0.01657625
v -0.04646892 0.00398982 0.01538973
v -0.04649546 0.00320926 0.01541282
v -0.04548681 0.00340804 0.01632233
v -0.04539960 0.00461523 0.01626692
v -0.04594184 0.00430010 0.01582833
v -0.04070520 0.01503397 0.01743497
v -0.01733180 0.03898884 0.01600838
v -0.01930360 0.03843130 0.01563442
v -0.02001269 0.03828585 0.01542205
v -0.02066869 0.03815011 0.01521429
v -0.02127540 0.03748105 0.01556979
v -0.02127540 0.03694291 0.01606378
v -0.02861277 0.03124629 0.01623922
v -0.02966692 0.03032029 0.01628539
v -0.03236298 0.02812406 0.01610072
v -0.03338300 0.02714958 0.01613304
v -0.03371669 0.02649023 0.01635926
v -0.03470638 0.02551089 0.01636849
v -0.03505145 0.02485154 0.01655778
v -0.03511970 0.02398372 0.01706101
v -0.03946145 0.01744837 0.01724568
v -0.04057628 0.01567878 0.01732879
v -0.02252673 0.03609448 0.01614227
v -0.02187452 0.03729198 0.01538973
v -0.02477155 0.03527028 0.01532971
v -0.02509387 0.03464487 0.01568982
v -0.02476018 0.03428126 0.01630386
v -0.01437411 0.04041420 0.01557440
v -0.01514007 0.04027846 0.01543128
v -0.04679882 0.00320926 0.01479878
v -0.04639687 0.00464917 0.01527431
v -0.04704529 0.01109240 0.01184403
v -0.04725764 0.01017610 0.01181171
v -0.04729556 0.00912404 0.01207026
v -0.04645754 0.00222023 0.01535280
v -0.04748894 0.00123605 0.01352454
v -0.04723868 0.00123605 0.01401854
v -0.04751170 0.00025187 0.01351070
v -0.04581292 0.00517762 0.01569444
v -0.04119815 0.01503397 0.01697791
v -0.01579987 0.04014271 0.01525585
v -0.01908367 0.03929427 0.01447561
v -0.02107064 0.03833918 0.01455409
v -0.02485877 0.03826162 0.01146084
v -0.02134745 0.03800951 0.01484957
v -0.01973967 0.03915853 0.01426785
v -0.02966692 0.03130447 0.01530663
v -0.02915880 0.03101843 0.01601300
v -0.02542755 0.03500849 0.01507117
v -0.02584087 0.03533331 0.01441097
v -0.03451299 0.02828405 0.01424477
v -0.03418310 0.02792529 0.01487727
v -0.03450920 0.02728533 0.01523738
v -0.03551406 0.02631084 0.01525585
v -0.03437649 0.02616540 0.01614227
v -0.03536618 0.02515698 0.01613304
v -0.03563540 0.02449762 0.01634541
v -0.03969655 0.01874283 0.01644698
v -0.04156218 0.01567393 0.01636388
v -0.04035255 0.01823377 0.01614689
v -0.04151667 0.01952339 0.01434634
v -0.04251015 0.01955248 0.01337219
v -0.02526071 0.03774286 0.01188097
v -0.02566644 0.03718047 0.01230109
v -0.02576883 0.03626416 0.01337219
v -0.01178043 0.04210622 0.01426323
v -0.01240231 0.04202380 0.01414781
v -0.01240231 0.04287708 0.01297515
v -0.01444994 0.04094750 0.01479878
v -0.01294834 0.04314373 0.01236111
v -0.01542447 0.04054026 0.01487727
v -0.04724626 0.00222023 0.01393544
v -0.04563849 0.00616665 0.01553747
v -0.04352260 0.01567393 0.01438327
v -0.04439095 0.01342923 0.01426323
v -0.04473222 0.01404979 0.01366305
v -0.04661301 0.01109240 0.01257810
v -0.04649167 0.01180993 0.01243960
v -0.04670402 0.01211537 0.01190867
v -0.04657130 0.01306561 0.01161781
v -0.04646134 0.01371042 0.01143775
v -0.04659026 0.01404495 0.01087912
v -0.04687465 0.01306561 0.01085604
v -0.04738656 0.01054941 0.01131310
v -0.04742448 0.00989490 0.01146084
v -0.04745861 0.00912404 0.01157626
v -0.04822837 0.00018399 0.01175631
v -0.04734485 0.00813501 0.01219491
v -0.04668885 0.00126029 0.01487727
v -0.04641962 0.00160451 0.01531125
v -0.04776196 0.00123605 0.01282741
v -0.04783780 0.00025187 0.01282741
v -0.04772404 -0.00082928 0.01292436
v -0.04746998 -0.00056263 0.01342759
v -0.04717801 0.00025187 0.01400469
v -0.04637412 0.00095001 0.01526046
v -0.04254428 0.01567393 0.01537588
v -0.01603876 0.04122385 0.01344144
v -0.01669476 0.04109295 0.01323369
v -0.01880686 0.04016695 0.01332141
v -0.01930360 0.04033179 0.01261965
v -0.02551477 0.03809193 0.01115613
v -0.01891303 0.04120446 0.01143775
v -0.02192003 0.04024452 0.01049593
v -0.02388424 0.03925549 0.01050516
v -0.02649688 0.03507151 0.01412935
v -0.02859002 0.03418429 0.01324754
v -0.02613285 0.03568238 0.01375077
v -0.02686090 0.03536725 0.01347376
v -0.03554060 0.02733381 0.01428632
v -0.03488460 0.02762955 0.01458179
v -0.03068315 0.03232259 0.01336296
v -0.03277250 0.03046089 0.01347376
v -0.03168043 0.03233713 0.01239805
v -0.03519933 0.02698474 0.01491882
v -0.03588188 0.02667931 0.01460026
v -0.03653788 0.02634963 0.01429555
v -0.03575674 0.02565634 0.01547745
v -0.04048906 0.01946521 0.01528816
v -0.04190345 0.01986761 0.01374154
v -0.04229022 0.02021183 0.01312750
v -0.04254807 0.02059969 0.01246730
v -0.04268837 0.01991609 0.01280894
v -0.04332921 0.01825802 0.01312288
v -0.04349605 0.01760351 0.01337681
v -0.04335196 0.01633329 0.01421245
v -0.02602668 0.03743257 0.01164089
v -0.02668268 0.03719986 0.01133618
v -0.02614043 0.03646294 0.01277663
v -0.02642483 0.03602660 0.01306748
v -0.01143916 0.04247468 0.01388927
v -0.01141641 0.04301283 0.01316905
v -0.01141641 0.04337160 0.01267506
v -0.01240231 0.04322615 0.01248115
v -0.01121165 0.04421033 0.01151162
v -0.01332374 0.04330372 0.01184403
v -0.01360435 0.04302253 0.01217182
v -0.04743586 0.00222023 0.01344144
v -0.04445920 0.01557697 0.01335372
v -0.04456158 0.01503397 0.01347376
v -0.04412551 0.01503397 0.01396314
v -0.04534272 0.01331287 0.01322446
v -0.04636653 0.01246929 0.01227801
v -0.04609731 0.01404495 0.01179786
v -0.04633999 0.01436977 0.01122538
v -0.04649167 0.01478672 0.01056518
v -0.04713630 0.01208143 0.01085604
v -0.04733727 0.01115543 0.01093452
v -0.04738277 0.01152874 0.01031126
v -0.04744344 0.01086939 0.01065752
v -0.04771267 0.01109240 0.00888467
v -0.04802740 0.00912404 0.00888467
v -0.04836867 0.00752899 0.00833065
v -0.04891850 0.00320926 0.00790129
v -0.04878957 0.00222023 0.00888467
v -0.04864548 0.00123605 0.00987266
v -0.04845209 0.00123605 0.01061135
v -0.04838384 -0.00019416 0.01136850
v -0.04826250 -0.00068383 0.01175631
v -0.04810324 -0.00172134 0.01184403
v -0.04768612 -0.00172134 0.01273507
v -0.01786646 0.04117537 0.01236573
v -0.01852247 0.04101538 0.01209796
v -0.02520004 0.03841191 0.01083757
v -0.02582191 0.03825677 0.01049593
v -0.02625040 0.03774286 0.01091606
v -0.01824566 0.04132081 0.01179786
v -0.01689952 0.04216440 0.01139620
v -0.01993306 0.04120931 0.01048669
v -0.02027433 0.04086509 0.01083295
v -0.02257982 0.04007968 0.01014967
v -0.02454024 0.03908580 0.01011273
v -0.02821841 0.03478062 0.01287358
v -0.02891991 0.03445094 0.01258734
v -0.03064144 0.03327283 0.01234265
v -0.02714529 0.03569693 0.01278586
v -0.03575295 0.02851192 0.01255502
v -0.03640895 0.02820648 0.01217644
v -0.03647721 0.02728533 0.01323830
v -0.03618144 0.02697989 0.01396314
v -0.03342850 0.03016515 0.01313673
v -0.03270046 0.03137719 0.01244422
v -0.03408451 0.02981608 0.01282741
v -0.03473672 0.02946701 0.01251808
v -0.03150600 0.03415035 0.01022815
v -0.03567712 0.02942823 0.01148392
v -0.03681469 0.02662598 0.01363996
v -0.03747069 0.02629630 0.01324292
v -0.03938941 0.02522970 0.01218567
v -0.04054973 0.02348920 0.01239805
v -0.04168351 0.02172931 0.01255964
v -0.04144462 0.02237897 0.01229186
v -0.04233952 0.02125904 0.01213489
v -0.04253291 0.02155963 0.01147930
v -0.04271113 0.02093906 0.01182095
v -0.04337850 0.02031849 0.01122077
v -0.04321166 0.01997912 0.01184865
v -0.04555127 0.01677932 0.01059288
v -0.04574845 0.01605209 0.01089759
v -0.04553611 0.01574181 0.01153471
v -0.04533134 0.01530547 0.01219491
v -0.02676989 0.03628356 0.01241190
v -0.02692536 0.03739864 0.01067598
v -0.03076279 0.03533331 0.00949870
v -0.01186765 0.04409397 0.01129925
v -0.01043051 0.04430245 0.01165013
v -0.01039259 0.04432669 0.01162243
v -0.01409350 0.04320676 0.01151624
v -0.04546027 0.01465097 0.01239805
v -0.04621865 0.01508246 0.01087912
v -0.04637412 0.01544607 0.01015428
v -0.04686328 0.01404979 0.00987266
v -0.04711355 0.01306561 0.00987266
v -0.04732210 0.01212022 0.00993730
v -0.04737140 0.01247898 0.00927709
v -0.04744344 0.01182448 0.00965105
v -0.04751549 0.01212022 0.00892622
v -0.04767096 0.01208143 0.00790129
v -0.04784539 0.01109240 0.00790129
v -0.04842176 0.00789745 0.00767507
v -0.04847484 0.00717992 0.00796131
v -0.04860377 0.00616665 0.00790129
v -0.04884645 0.00517762 0.00691329
v -0.04894504 0.00419344 0.00691329
v -0.04901709 0.00222023 0.00790129
v -0.04886541 0.00123605 0.00888467
v -0.04838384 -0.00032022 0.01136850
v -0.04836109 -0.00097957 0.01124385
v -0.04830421 -0.00172134 0.01104071
v -0.04838384 -0.00223525 0.01038974
v -0.02515074 0.03887733 0.00981726
v -0.02548064 0.03906157 0.00888467
v -0.02617077 0.03834403 0.00978032
v -0.02670164 0.03819859 0.00938790
v -0.02647792 0.03805799 0.01004348
v -0.02027433 0.04129173 0.00980803
v -0.01474951 0.04307586 0.01117921
v -0.02058906 0.04106386 0.01009427
v -0.02225372 0.04036087 0.00984034
v -0.02283767 0.04021058 0.00949408
v -0.02373636 0.04016695 0.00838605
v -0.02477914 0.03921186 0.00945715
v -0.03604493 0.02881735 0.01183018
v -0.03668576 0.02846829 0.01151624
v -0.03675023 0.02755198 0.01258272
v -0.03177143 0.03439761 0.00957257
v -0.03557853 0.03032514 0.01038512
v -0.03839971 0.02624782 0.01218106
v -0.03964346 0.02551574 0.01153009
v -0.04029946 0.02514243 0.01109611
v -0.04055732 0.02448308 0.01143775
v -0.04029567 0.02414856 0.01209796
v -0.04075070 0.02385282 0.01179786
v -0.04128157 0.02299469 0.01191790
v -0.04145221 0.02337285 0.01131772
v -0.04145979 0.02436672 0.01033434
v -0.04233193 0.02221898 0.01111920
v -0.04251395 0.02251472 0.01046361
v -0.04268079 0.02190870 0.01081910
v -0.04355293 0.02063847 0.01056518
v -0.04538443 0.01743867 0.01026509
v -0.03089929 0.03546421 0.00888467
v -0.03261324 0.03425701 0.00840452
v -0.03242744 0.03408248 0.00906010
v -0.02758136 0.03813556 0.00824293
v -0.02890095 0.03737439 0.00790129
v -0.02939011 0.03702048 0.00790129
v -0.02960246 0.03717077 0.00719030
v -0.04642342 0.01558182 0.00949870
v -0.04654476 0.01508246 0.00984496
v -0.04567641 0.01706536 0.00990959
v -0.04549060 0.01764230 0.00960489
v -0.04558919 0.01785562 0.00888467
v -0.04550198 0.01865072 0.00773508
v -0.04568020 0.01809318 0.00799824
v -0.04699979 0.01404979 0.00888467
v -0.04743965 0.01272139 0.00862151
v -0.04748515 0.01287169 0.00790129
v -0.04749653 0.01311894 0.00686251
v -0.04772784 0.01208143 0.00691329
v -0.04826250 0.00912404 0.00691329
v -0.04836488 0.00855196 0.00691329
v -0.04845209 0.00805744 0.00691329
v -0.04860377 0.00715083 0.00691329
v -0.04874028 0.00616665 0.00691329
v -0.04885024 0.00517762 0.00592992
v -0.04903605 0.00320926 0.00691329
v -0.04911947 0.00222023 0.00691329
v -0.04903226 0.00123605 0.00790129
v -0.04866823 0.00025187 0.00987266
v -0.04844072 -0.00068383 0.01089297
v -0.04883508 0.00025187 0.00888467
v -0.04859998 -0.00073716 0.00987266
v -0.04841038 -0.00172134 0.01054671
v -0.04851656 -0.00172134 0.00987266
v -0.04866065 -0.00172134 0.00888467
v -0.02529484 0.03950759 0.00797054
v -0.02567403 0.03916338 0.00834450
v -0.02780130 0.03826162 0.00758273
v -0.02621627 0.03900339 0.00797054
v -0.02082416 0.04117052 0.00943868
v -0.02226130 0.04069055 0.00888467
v -0.02120335 0.04087478 0.00980803
v -0.02306139 0.04031724 0.00888467
v -0.02397146 0.04027361 0.00773047
v -0.02462746 0.04011847 0.00726417
v -0.03956383 0.02642235 0.01044053
v -0.03767166 0.02748895 0.01152086
v -0.03740623 0.02722715 0.01218106
v -0.03547993 0.03121720 0.00924478
v -0.03363706 0.03330677 0.00847377
v -0.03465709 0.03235168 0.00853379
v -0.03507041 0.03178444 0.00888928
v -0.03445991 0.03217230 0.00918937
v -0.03482393 0.03151779 0.00967875
v -0.03865756 0.02650477 0.01152547
v -0.04054594 0.02543817 0.01043591
v -0.03993165 0.02580663 0.01076832
v -0.04075070 0.02484185 0.01080064
v -0.04126640 0.02494366 0.00995115
v -0.04163422 0.02465277 0.00967875
v -0.04232435 0.02316922 0.01007118
v -0.04336334 0.02129783 0.01018199
v -0.04370082 0.02095845 0.00986343
v -0.04421652 0.01996942 0.00989113
v -0.04451608 0.01963975 0.00957257
v -0.03385320 0.03350555 0.00691329
v -0.03372807 0.03338919 0.00790129
v -0.02849143 0.03808708 0.00691329
v -0.02814636 0.03789800 0.00790590
v -0.02863931 0.03817919 0.00635004
v -0.02873411 0.03825192 0.00568984
v -0.04645754 0.01568363 0.00888467
v -0.04667368 0.01503397 0.00888467
v -0.04588496 0.01799137 0.00691329
v -0.04505074 0.01898039 0.00888467
v -0.04541856 0.01848588 0.00839067
v -0.04527067 0.01898039 0.00799824
v -0.04341263 0.02235958 0.00818291
v -0.04254428 0.02451217 0.00674247
v -0.04531997 0.01928098 0.00691329
v -0.04556644 0.01879132 0.00691329
v -0.04710596 0.01404979 0.00790129
v -0.04732968 0.01336620 0.00790129
v -0.04736760 0.01348256 0.00715798
v -0.04739794 0.01357952 0.00649778
v -0.04742069 0.01365709 0.00592992
v -0.04755720 0.01306561 0.00592992
v -0.04775059 0.01208143 0.00592992
v -0.04744724 0.01376375 0.00494192
v -0.04745861 0.01388011 0.00395854
v -0.04759133 0.01306561 0.00494192
v -0.04777334 0.01208143 0.00494192
v -0.04810703 0.01010822 0.00592992
v -0.04795156 0.01109240 0.00494192
v -0.04837246 0.00860044 0.00611920
v -0.04838005 0.00862953 0.00546362
v -0.04860377 0.00715083 0.00592992
v -0.04874028 0.00616665 0.00592992
v -0.04836867 0.00854711 0.00002042
v -0.04883128 0.00517762 0.00494192
v -0.04902088 0.00320926 0.00494192
v -0.04911568 0.00222023 0.00494192
v -0.04903226 0.00320926 0.00592992
v -0.04912326 0.00222023 0.00592992
v -0.04913085 0.00123605 0.00494192
v -0.04911947 0.00123605 0.00592992
v -0.04910430 0.00123605 0.00691329
v -0.04875166 -0.00073716 0.00888467
v -0.02589775 0.03928458 0.00768430
v -0.02518866 0.03993908 0.00692714
v -0.02799848 0.03837312 0.00691329
v -0.02621627 0.03939609 0.00687636
v -0.02675094 0.03921186 0.00652087
v -0.02483981 0.04022028 0.00660397
v -0.01576195 0.04505876 0.00328911
v -0.01039259 0.04709985 0.00395854
v -0.01074903 0.04699804 0.00395854
v -0.04073553 0.02561271 0.00987266
v -0.03566574 0.03139659 0.00858919
v -0.03422102 0.03293831 0.00790129
v -0.04142187 0.02531212 0.00914782
v -0.04247982 0.02343587 0.00941560
v -0.04351501 0.02155478 0.00952640
v -0.04462605 0.01981428 0.00888467
v -0.02879857 0.03831495 0.00494192
v -0.02848384 0.03900824 0.00198717
v -0.02855210 0.03906641 0.00100379
v -0.03855139 0.02935065 0.00566676
v -0.03850589 0.02931187 0.00632234
v -0.02825633 0.03847978 0.00598532
v -0.02777475 0.03924094 0.00373232
v -0.02620490 0.03966758 0.00592992
v -0.02788472 0.03932337 0.00297055
v -0.02799089 0.03942033 0.00198717
v -0.04651063 0.01583877 0.00790129
v -0.04625278 0.01692477 0.00687636
v -0.04631345 0.01724959 0.00494192
v -0.04649925 0.01675993 0.00494192
v -0.04628311 0.01712839 0.00592992
v -0.04436061 0.02030880 0.00888467
v -0.04401555 0.02094876 0.00888467
v -0.04359843 0.02171962 0.00888467
v -0.04332921 0.02221413 0.00888467
v -0.04246086 0.02439096 0.00740267
v -0.04149771 0.02540423 0.00849224
v -0.04156218 0.02547696 0.00790129
v -0.04166456 0.02560301 0.00691329
v -0.04222197 0.02506971 0.00592992
v -0.04258978 0.02458004 0.00592992
v -0.04297277 0.02390130 0.00592992
v -0.04404209 0.02193779 0.00494192
v -0.04436440 0.02130752 0.00494192
v -0.04558161 0.01881071 0.00592992
v -0.04723868 0.01396738 0.00686251
v -0.04653717 0.01607633 0.00687636
v -0.04665093 0.01602300 0.00592992
v -0.04707183 0.01503397 0.00494192
v -0.04735244 0.01437462 0.00395854
v -0.04715146 0.01503397 0.00395854
v -0.04761408 0.01306561 0.00395854
v -0.04746240 0.01388980 0.00297055
v -0.04762166 0.01306561 0.00297055
v -0.04796673 0.01109240 0.00395854
v -0.04797431 0.01109240 0.00297055
v -0.04815632 0.01010822 0.00100379
v -0.04830421 0.00912404 0.00100379
v -0.04828146 0.00912404 0.00002042
v -0.04840280 0.00786836 -0.00068595
v -0.04852035 0.00715083 0.00002042
v -0.04890712 0.00419344 0.00395854
v -0.04900192 0.00320926 0.00395854
v -0.04908534 0.00222023 0.00395854
v -0.04910430 0.00123605 0.00395854
v -0.04903605 0.00025187 0.00395854
v -0.04903984 0.00025187 0.00494192
v -0.02549960 0.04005544 0.00592992
v -0.02500665 0.04031239 0.00592992
v -0.01540551 0.04528663 0.00296593
v -0.01692986 0.04513149 0.00064830
v -0.01898129 0.04419094 0.00076834
v -0.02463125 0.04111234 0.00327064
v -0.02444165 0.04103477 0.00395854
v -0.01087796 0.04706106 0.00297055
v -0.01536001 0.04550480 0.00198717
v -0.04055732 0.02643690 0.00855226
v -0.03474051 0.03244864 0.00790129
v -0.04064453 0.02653871 0.00790129
v -0.04239640 0.02427946 0.00790129
v -0.04226747 0.02405644 0.00888467
v -0.02805914 0.03946396 0.00100379
v -0.02859002 0.03911005 0.00002042
v -0.03855518 0.02935550 0.00494192
v -0.03903676 0.02883190 0.00494192
v -0.03948041 0.02830830 0.00592992
v -0.02965934 0.03820344 -0.00139694
v -0.03982926 0.02771197 0.00691329
v -0.02706187 0.03939124 0.00494192
v -0.02727422 0.03946881 0.00401856
v -0.02719080 0.03974031 0.00297055
v -0.02564369 0.04012816 0.00526048
v -0.02576883 0.04020088 0.00460490
v -0.02712633 0.03995363 0.00202411
v -0.04630207 0.01726899 0.00395854
v -0.04651442 0.01677447 0.00395854
v -0.04681019 0.01602300 0.00395854
v -0.04674952 0.01602300 0.00494192
v -0.04644617 0.01663872 0.00592992
v -0.04268079 0.02378494 0.00790129
v -0.04113748 0.02597147 0.00790129
v -0.04075070 0.02666961 0.00691329
v -0.04172902 0.02567573 0.00592992
v -0.03990131 0.02781863 0.00592992
v -0.04039426 0.02724170 0.00592992
v -0.04130812 0.02617025 0.00592992
v -0.04131949 0.02617025 0.00494192
v -0.04171385 0.02567573 0.00494192
v -0.04220680 0.02503092 0.00494192
v -0.04256324 0.02453641 0.00494192
v -0.04296139 0.02390130 0.00494192
v -0.04335575 0.02323710 0.00494192
v -0.04362119 0.02274258 0.00494192
v -0.04404588 0.02193779 0.00395854
v -0.04437199 0.02128813 0.00395854
v -0.04460709 0.02081301 0.00494192
v -0.04735244 0.01437947 0.00297055
v -0.04760270 0.01306561 0.00198717
v -0.04797052 0.01109240 0.00100379
v -0.04779609 0.01208143 0.00198717
v -0.04816770 0.00912404 -0.00096758
v -0.04832317 0.00817380 -0.00099528
v -0.04809565 0.01010822 0.00002042
v -0.04845209 0.00719931 -0.00099528
v -0.04841797 0.00690357 -0.00177090
v -0.04854689 0.00616665 -0.00096758
v -0.04859998 0.00616665 0.00002042
v -0.04845588 0.00517762 -0.00293895
v -0.04837625 0.00464917 -0.00439786
v -0.04901330 0.00222023 0.00297055
v -0.04903605 0.00123605 0.00297055
v -0.04898676 0.00025187 0.00297055
v -0.04893746 -0.00073716 0.00395854
v -0.04883887 -0.00172134 0.00395854
v -0.02527588 0.04039966 0.00493730
v -0.01443857 0.04594598 0.00100379
v -0.01395699 0.04610597 0.00025587
v -0.01693365 0.04513149 0.00002042
v -0.01742660 0.04495210 0.00002042
v -0.01831770 0.04460788 0.00002042
v -0.01912159 0.04425881 0.00002042
v -0.02289834 0.04220803 0.00175633
v -0.02427481 0.04134021 0.00295208
v -0.02477534 0.04118022 0.00261044
v -0.01089312 0.04706106 0.00198717
v -0.01240231 0.04660048 0.00002042
v -0.01240231 0.04659564 0.00100379
v -0.01338821 0.04628535 0.00100379
v -0.04032222 0.02715928 0.00691329
v -0.02813878 0.03949790 -0.00195096
v -0.02861277 0.03913428 -0.00096758
v -0.02725905 0.03995363 0.00100379
v -0.03853622 0.02934096 0.00414783
v -0.03948041 0.02830830 0.00395854
v -0.02965934 0.03820344 -0.00154929
v -0.03949179 0.02832284 0.00494192
v -0.02863173 0.03914883 -0.00195096
v -0.02589017 0.04026876 0.00395854
v -0.02656513 0.04009422 0.00297055
v -0.02667130 0.04015240 0.00237960
v -0.02675472 0.04019604 0.00171940
v -0.04543752 0.01851497 0.00141469
v -0.04625278 0.01713809 0.00297055
v -0.04646513 0.01664357 0.00297055
v -0.04673056 0.01602300 0.00297055
v -0.04712492 0.01503397 0.00297055
v -0.04082654 0.02675688 0.00494192
v -0.04040564 0.02725139 0.00494192
v -0.04039426 0.02723200 0.00395854
v -0.04036393 0.02718352 0.00297055
v -0.04214234 0.02493881 0.00395854
v -0.04073174 0.02668900 0.00297055
v -0.04164939 0.02561755 0.00395854
v -0.04249878 0.02444429 0.00395854
v -0.04269975 0.02396432 0.00306289
v -0.04285143 0.02390130 0.00395854
v -0.04331025 0.02318862 0.00395854
v -0.04361739 0.02269410 0.00395854
v -0.04393592 0.02193779 0.00297055
v -0.04432269 0.02117177 0.00297055
v -0.04741311 0.01361346 0.00138237
v -0.04744344 0.01373466 0.00198717
v -0.04776576 0.01208143 0.00100379
v -0.04783780 0.00912404 -0.00293895
v -0.04771646 0.00813501 -0.00491032
v -0.04791743 0.00715083 -0.00491032
v -0.04811461 0.00616665 -0.00491032
v -0.04838763 0.00572062 -0.00350220
v -0.04787193 0.01109240 0.00002042
v -0.04825871 0.00419344 -0.00589370
v -0.04835350 0.00426616 -0.00488724
v -0.04838763 0.00398982 -0.00454559
v -0.04835729 0.00320926 -0.00513654
v -0.04895642 0.00123605 0.00198717
v -0.04840659 0.00025187 -0.00473027
v -0.04840280 -0.00073716 -0.00461946
v -0.04839142 -0.00138197 -0.00451328
v -0.04834971 -0.00239039 -0.00412547
v -0.04836109 -0.00204132 -0.00428705
v -0.01687298 0.04510724 -0.00057515
v -0.01725217 0.04494725 -0.00093064
v -0.01831770 0.04456910 -0.00096758
v -0.01910263 0.04424912 -0.00096758
v -0.01961454 0.04402610 0.00002042
v -0.02226130 0.04262983 0.00100379
v -0.02514695 0.04089902 0.00295208
v -0.02163942 0.04306616 0.00002042
v -0.01085141 0.04705622 0.00100379
v -0.01141641 0.04689622 0.00002042
v -0.01141641 0.04690107 0.00100379
v -0.01141641 0.04682350 -0.00096758
v -0.01240231 0.04650837 -0.00096758
v -0.02719080 0.03996817 -0.00293895
v -0.02807052 0.03949305 -0.00293895
v -0.03852106 0.02932157 0.00349225
v -0.03945766 0.02828405 0.00297055
v -0.03890404 0.02892886 0.00387544
v -0.03751240 0.03028635 0.00198717
v -0.03990131 0.02781378 0.00395854
v -0.02924981 0.03856705 -0.00190479
v -0.02963659 0.03817919 -0.00220488
v -0.02856347 0.03906641 -0.00293895
v -0.04536168 0.01636722 -0.00491032
v -0.04406484 0.02094876 0.00002042
v -0.04393971 0.02094876 -0.00096758
v -0.04431511 0.02017790 -0.00096758
v -0.04555886 0.01587271 -0.00491032
v -0.03987098 0.02778954 0.00297055
v -0.03940836 0.02822103 0.00198717
v -0.03980272 0.02772651 0.00198717
v -0.04029567 0.02709140 0.00198717
v -0.04122469 0.02601995 0.00297055
v -0.04212717 0.02479336 0.00306289
v -0.04246465 0.02439581 0.00345070
v -0.04269596 0.02376070 0.00198717
v -0.04324958 0.02308680 0.00297055
v -0.04355672 0.02259714 0.00297055
v -0.04380699 0.02193779 0.00198717
v -0.04729556 0.01323045 0.00002042
v -0.04745103 0.01273594 0.00002042
v -0.04751170 0.01308985 0.00104073
v -0.04642342 0.01458794 -0.00252805
v -0.04763304 0.01208143 0.00002042
v -0.04767096 0.00912404 -0.00392233
v -0.04750032 0.00911919 -0.00488724
v -0.04743965 0.00878467 -0.00548280
v -0.04812599 0.00517762 -0.00589370
v -0.04827767 0.00517762 -0.00491032
v -0.04742448 0.00971552 -0.00454559
v -0.04792122 0.00419344 -0.00688169
v -0.04796673 0.00320926 -0.00688169
v -0.04825871 0.00320926 -0.00589370
v -0.04836488 0.00123605 -0.00525196
v -0.04836109 0.00222023 -0.00519656
v -0.04836109 0.00025187 -0.00522426
v -0.04833833 -0.00073716 -0.00510884
v -0.04830800 -0.00171649 -0.00486877
v -0.01677060 0.04507331 -0.00123535
v -0.01240231 0.04630959 -0.00293895
v -0.01733180 0.04478726 -0.00195096
v -0.01733180 0.04464182 -0.00293895
v -0.01831770 0.04442365 -0.00195096
v -0.01893958 0.04417155 -0.00195096
v -0.01959558 0.04401641 -0.00096758
v -0.02028950 0.04366733 -0.00096758
v -0.01076420 0.04705137 0.00002042
v -0.01065044 0.04702228 -0.00096758
v -0.01141641 0.04672654 -0.00195096
v -0.02664097 0.04013786 -0.00392233
v -0.02719080 0.03984697 -0.00392233
v -0.02789230 0.03938154 -0.00392233
v -0.03076658 0.03631749 -0.00688169
v -0.03125953 0.03591994 -0.00688169
v -0.03850589 0.02930702 0.00297055
v -0.03891541 0.02876887 0.00198717
v -0.03797123 0.02979669 0.00198717
v -0.03137708 0.03596843 -0.00589370
v -0.03178660 0.03543027 -0.00688169
v -0.03088413 0.03644355 -0.00589370
v -0.04475876 0.01709930 -0.00597218
v -0.04527067 0.01602785 -0.00589370
v -0.04547923 0.01569818 -0.00556129
v -0.04371599 0.02102148 -0.00198327
v -0.04364015 0.02176325 0.00002042
v -0.04356810 0.02163235 -0.00096758
v -0.04350364 0.02152569 -0.00167856
v -0.04581292 0.01503397 -0.00491032
v -0.03524484 0.03193474 -0.00491032
v -0.03568091 0.03144022 -0.00491032
v -0.03562782 0.03137719 -0.00551512
v -0.04065970 0.02659689 0.00198717
v -0.04058007 0.02648538 0.00100379
v -0.04147875 0.02538484 0.00148394
v -0.04190724 0.02489033 0.00198717
v -0.04236606 0.02425522 0.00198717
v -0.04263150 0.02365889 0.00100379
v -0.04318891 0.02298014 0.00198717
v -0.04348847 0.02249048 0.00198717
v -0.04365531 0.02199112 0.00108690
v -0.04720834 0.01297350 -0.00087524
v -0.04733727 0.00944402 -0.00520580
v -0.04487631 0.01602300 -0.00688169
v -0.04446678 0.01659509 -0.00742648
v -0.04768234 0.00518247 -0.00693248
v -0.04752307 0.00419344 -0.00757421
v -0.04757237 0.00320926 -0.00768963
v -0.04822837 0.00222023 -0.00589370
v -0.04732968 0.00222023 -0.00823903
v -0.04756099 0.00222023 -0.00774503
v -0.04733727 0.00123605 -0.00821595
v -0.04816011 0.00025187 -0.00589370
v -0.04819803 0.00123605 -0.00589370
v -0.04807290 -0.00172134 -0.00589370
v -0.01663788 0.04502483 -0.00195096
v -0.01300143 0.04611567 -0.00293895
v -0.01291801 0.04608658 -0.00347450
v -0.01141641 0.04662473 -0.00293895
v -0.01597809 0.04514118 -0.00274043
v -0.01437411 0.04552419 -0.00392233
v -0.01572782 0.04505391 -0.00392233
v -0.01634590 0.04469030 -0.00491032
v -0.01741902 0.04430245 -0.00498419
v -0.01793472 0.04415700 -0.00470257
v -0.01884099 0.04412307 -0.00252805
v -0.01943253 0.04393883 -0.00195096
v -0.02087346 0.04219349 -0.00752343
v -0.02594705 0.04026391 -0.00491032
v -0.02644000 0.04001666 -0.00491032
v -0.01922397 0.04388065 -0.00288816
v -0.01930360 0.04366733 -0.00392233
v -0.01930360 0.04349280 -0.00491032
v -0.01982310 0.04313888 -0.00547819
v -0.01969417 0.04307586 -0.00613377
v -0.02722113 0.03949790 -0.00490109
v -0.03066799 0.03624477 -0.00743571
v -0.03171077 0.03534301 -0.00753728
v -0.04442507 0.01748715 -0.00635076
v -0.04435303 0.01730292 -0.00688169
v -0.04461467 0.01681326 -0.00688169
v -0.04342022 0.02139964 -0.00233415
v -0.04340505 0.02235473 0.00082374
v -0.04334438 0.02225777 0.00002042
v -0.04292726 0.02291712 0.00002042
v -0.04253670 0.02352314 0.00002042
v -0.04220301 0.02401281 0.00002042
v -0.04159630 0.02456550 -0.00096758
v -0.04125882 0.02506001 -0.00096758
v -0.04151667 0.02445399 -0.00160931
v -0.04118298 0.02482245 -0.00194172
v -0.04156597 0.02353768 -0.00364070
v -0.04167214 0.02369767 -0.00293895
v -0.04065211 0.02559331 -0.00195096
v -0.04076587 0.02574361 -0.00096758
v -0.04045873 0.02632539 -0.00029814
v -0.03458125 0.02834223 -0.01230643
v -0.04235089 0.01928098 -0.00885307
v -0.04335196 0.01834043 -0.00804513
v -0.04080000 0.02594723 0.00002503
v -0.04134982 0.02520546 0.00002042
v -0.04142187 0.02530727 0.00082836
v -0.04173660 0.02494366 0.00109151
v -0.04229022 0.02415340 0.00100379
v -0.04316236 0.02282015 0.00108690
v -0.04356051 0.01768593 -0.00852527
v -0.04365911 0.01700718 -0.00866839
v -0.04744724 0.00485764 -0.00745418
v -0.04335196 0.00715083 -0.01311437
v -0.04342401 0.00647209 -0.01323902
v -0.04643858 0.00380559 -0.00939323
v -0.04686328 0.00320926 -0.00885307
v -0.04728418 0.00320926 -0.00817901
v -0.04657889 0.00123605 -0.00961484
v -0.04660163 0.00025187 -0.00966101
v -0.04660163 -0.00073716 -0.00967947
v -0.04659026 -0.00172134 -0.00968409
v -0.01273221 0.04603810 -0.00413470
v -0.01330099 0.04590235 -0.00385308
v -0.01141641 0.04646474 -0.00392233
v -0.01437411 0.04537389 -0.00491032
v -0.01502253 0.04515088 -0.00491032
v -0.01490118 0.04510724 -0.00546434
v -0.01780579 0.04410367 -0.00535815
v -0.01871585 0.04406974 -0.00318364
v -0.01039259 0.04684774 -0.00340525
v -0.02062319 0.04207228 -0.00817901
v -0.02082037 0.04117537 -0.01039969
v -0.02028950 0.04262013 -0.00688169
v -0.01903438 0.04323100 -0.00669702
v -0.01840492 0.04341523 -0.00696941
v -0.02029329 0.04232439 -0.00785584
v -0.02756999 0.03715138 -0.01016424
v -0.02813499 0.03692837 -0.00983644
v -0.02924223 0.03659384 -0.00892232
v -0.02982997 0.03633203 -0.00863608
v -0.01857176 0.04400671 -0.00392233
v -0.01828358 0.04395338 -0.00498419
v -0.01934152 0.04329887 -0.00584291
v -0.01831770 0.04375460 -0.00589370
v -0.03048597 0.03610902 -0.00809129
v -0.02962521 0.03619629 -0.00929628
v -0.03085379 0.03545452 -0.00865454
v -0.03151359 0.03511515 -0.00819286
v -0.03159322 0.03422308 -0.00930089
v -0.04365531 0.01800591 -0.00777735
v -0.04143325 0.02432794 -0.00226490
v -0.04243811 0.02237897 -0.00334061
v -0.04171006 0.02471094 0.00002042
v -0.03464950 0.02743562 -0.01338214
v -0.03560886 0.02546241 -0.01433782
v -0.03166905 0.03332132 -0.01040431
v -0.03173731 0.03241955 -0.01149387
v -0.04267700 0.01878647 -0.00885307
v -0.04265804 0.01799137 -0.00956867
v -0.04172902 0.01208143 -0.01361298
v -0.04236606 0.01109240 -0.01311899
v -0.03625728 0.02387221 -0.01478103
v -0.03648858 0.02291712 -0.01513652
v -0.04244190 0.01051062 -0.01324826
v -0.04252532 0.00985612 -0.01338214
v -0.04261633 0.00912404 -0.01350680
v -0.04279834 0.00713629 -0.01385306
v -0.04249499 0.00680176 -0.01430550
v -0.04346951 0.00581273 -0.01331289
v -0.04532755 0.00320926 -0.01117993
v -0.04566503 0.00320926 -0.01068593
v -0.04273767 0.00813501 -0.01364992
v -0.04615798 0.00320926 -0.00995186
v -0.04647650 0.00320926 -0.00945787
v -0.04621865 0.00222023 -0.01003035
v -0.04652959 0.00222023 -0.00954097
v -0.04625657 0.00123605 -0.01010883
v -0.04627932 0.00025187 -0.01015500
v -0.04630966 -0.00172134 -0.01017809
v -0.04630966 -0.00239039 -0.01015962
v -0.01338821 0.04568903 -0.00491032
v -0.01438169 0.04520906 -0.00583368
v -0.01043051 0.04674108 -0.00392233
v -0.01405938 0.04515088 -0.00658160
v -0.01471917 0.04504907 -0.00612454
v -0.01634590 0.04452061 -0.00589370
v -0.01715738 0.04422488 -0.00589370
v -0.01765033 0.04404064 -0.00589370
v -0.01874619 0.04211107 -0.01025195
v -0.02025537 0.04129173 -0.01076442
v -0.01729009 0.04325039 -0.00877920
v -0.02055873 0.04104932 -0.01105528
v -0.02669026 0.03720471 -0.01130459
v -0.01695640 0.04415215 -0.00652158
v -0.01730526 0.04390490 -0.00686323
v -0.02893508 0.03640961 -0.00983644
v -0.02872273 0.03627386 -0.01040431
v -0.02942803 0.03600236 -0.00983644
v -0.02946595 0.03504727 -0.01106451
v -0.03060732 0.03521210 -0.00931013
v -0.03069074 0.03431034 -0.01040431
v -0.03139604 0.03402430 -0.00983644
v -0.03149842 0.03213836 -0.01214946
v -0.03557853 0.02441521 -0.01527041
v -0.03468363 0.02647083 -0.01435167
v -0.03143016 0.03307406 -0.01105989
v -0.03052769 0.03315163 -0.01215869
v -0.04159251 0.01284260 -0.01342831
v -0.04144462 0.01148995 -0.01424087
v -0.04183519 0.01113604 -0.01385767
v -0.03577570 0.02390130 -0.01541815
v -0.03591980 0.02283955 -0.01577364
v -0.04218405 0.01015186 -0.01373764
v -0.04224093 0.00912404 -0.01400079
v -0.04234710 0.00813501 -0.01414391
v -0.04242294 0.00745627 -0.01423163
v -0.04150909 0.00679691 -0.01528888
v -0.04155080 0.00616665 -0.01533505
v -0.04252532 0.00616665 -0.01433782
v -0.04174798 0.00912404 -0.01454096
v -0.04348468 0.00517762 -0.01332674
v -0.04441370 0.00419344 -0.01227411
v -0.04534651 0.00222023 -0.01123072
v -0.04572570 0.00222023 -0.01073672
v -0.01043051 0.04646474 -0.00491032
v -0.01112443 0.04613991 -0.00560284
v -0.01275116 0.04505876 -0.00822056
v -0.01373706 0.04505391 -0.00724180
v -0.01438169 0.04494725 -0.00690016
v -0.01536001 0.04461273 -0.00688169
v -0.01990273 0.04119476 -0.01140154
v -0.01692986 0.04316313 -0.00943940
v -0.01634590 0.04360431 -0.00885307
v -0.02025537 0.04084084 -0.01176165
v -0.02086587 0.04021543 -0.01235721
v -0.02108960 0.04037057 -0.01180782
v -0.02273908 0.03917307 -0.01227873
v -0.02573849 0.03722895 -0.01232951
v -0.01633832 0.04426851 -0.00686323
v -0.01666443 0.04404549 -0.00718178
v -0.02843075 0.03603145 -0.01105989
v -0.02880616 0.03537209 -0.01148002
v -0.02954558 0.03414551 -0.01215869
v -0.02909434 0.03566299 -0.01073210
v -0.03077416 0.03340373 -0.01150311
v -0.03084242 0.03249712 -0.01251880
v -0.02645516 0.03105237 -0.01707558
v -0.02676989 0.03039301 -0.01728333
v -0.02751311 0.02816285 -0.01812821
v -0.02846867 0.02713504 -0.01810051
v -0.02970863 0.02544787 -0.01824825
v -0.03530171 0.02311589 -0.01611990
v -0.02921568 0.03283165 -0.01383920
v -0.02952283 0.03210927 -0.01416700
v -0.02853314 0.03314193 -0.01416700
v -0.02886683 0.03248743 -0.01441169
v -0.02663718 0.03221593 -0.01620300
v -0.02598117 0.03255530 -0.01642461
v -0.02956454 0.03318072 -0.01319747
v -0.02987168 0.03252137 -0.01350680
v -0.02986789 0.03348615 -0.01254188
v -0.03769821 0.01208143 -0.01738490
v -0.04154701 0.01083545 -0.01433782
v -0.03558231 0.02246139 -0.01625841
v -0.04163801 0.01010822 -0.01442554
v -0.04050423 0.00670480 -0.01625841
v -0.04103889 0.00616665 -0.01582443
v -0.04143325 0.00745142 -0.01521963
v -0.04157734 0.00517762 -0.01536275
v -0.04254049 0.00517762 -0.01435629
v -0.04303344 0.00517762 -0.01382074
v -0.04349226 0.00419344 -0.01333597
v -0.04447816 -0.00172134 -0.01234798
v -0.01043051 0.04620293 -0.00578290
v -0.01209137 0.04513634 -0.00848834
v -0.01241368 0.04522845 -0.00788354
v -0.01241368 0.04494241 -0.00882998
v -0.01338821 0.04465637 -0.00885307
v -0.01339958 0.04496180 -0.00788354
v -0.01437411 0.04464182 -0.00786507
v -0.01504907 0.04417640 -0.00855297
v -0.01600463 0.04416670 -0.00754190
v -0.01589846 0.04215955 -0.01234336
v -0.01536001 0.04199956 -0.01302203
v -0.01583020 0.04114628 -0.01426395
v -0.01628144 0.04326009 -0.00979489
v -0.01656584 0.04302253 -0.01009498
v -0.01590604 0.04314373 -0.01037199
v -0.01473813 0.04406489 -0.00920856
v -0.01537138 0.04395338 -0.00887153
v -0.02028950 0.04034633 -0.01257420
v -0.01975484 0.04014755 -0.01326672
v -0.02355814 0.03810163 -0.01313284
v -0.02475259 0.03723380 -0.01330828
v -0.02513558 0.03736955 -0.01271271
v -0.02850280 0.03511029 -0.01214022
v -0.02888579 0.03445094 -0.01252803
v -0.02922706 0.03382068 -0.01286045
v -0.02579537 0.03138204 -0.01728333
v -0.02615560 0.03075663 -0.01744492
v -0.02621248 0.02982578 -0.01795739
v -0.02718701 0.02883190 -0.01793892
v -0.02654617 0.02916158 -0.01813744
v -0.01969417 0.03019424 -0.02111989
v -0.02780888 0.02750835 -0.01828056
v -0.02876065 0.02648053 -0.01826671
v -0.02915880 0.02489033 -0.01876533
v -0.03007645 0.02479336 -0.01834520
v -0.03085758 0.02390130 -0.01833135
v -0.03064144 0.02440551 -0.01822055
v -0.02911709 0.02581633 -0.01838213
v -0.03157805 0.02334861 -0.01819284
v -0.02890854 0.03349585 -0.01351141
v -0.02611768 0.03369463 -0.01547355
v -0.02675852 0.03332616 -0.01530735
v -0.02563232 0.03321466 -0.01620762
v -0.02626557 0.03284135 -0.01602757
v -0.02821461 0.03379159 -0.01382074
v -0.02750173 0.03409218 -0.01413006
v -0.02684573 0.03438307 -0.01437937
v -0.02855210 0.03415035 -0.01318362
v -0.03622315 0.01404979 -0.01802202
v -0.03639379 0.01306561 -0.01814206
v -0.03784989 0.01109240 -0.01751879
v -0.03864619 0.00912404 -0.01735259
v -0.03927944 0.00813501 -0.01702018
v -0.03458883 0.02145782 -0.01723717
v -0.03468742 0.02094876 -0.01730642
v -0.04135362 0.00813501 -0.01514114
v -0.04054594 0.00616665 -0.01628611
v -0.03878649 0.00813501 -0.01744031
v -0.04105026 0.00517762 -0.01585675
v -0.04158114 0.00419344 -0.01535813
v -0.04255945 0.00222023 -0.01437014
v -0.04255566 0.00320926 -0.01437014
v -0.04304861 0.00320926 -0.01383459
v -0.04351881 0.00025187 -0.01335906
v -0.04351122 -0.00073716 -0.01334521
v -0.01141641 0.04518482 -0.00863146
v -0.01141641 0.04501998 -0.00912546
v -0.01240231 0.04447213 -0.00983644
v -0.01329720 0.04426366 -0.00982721
v -0.01408213 0.04418124 -0.00949018
v -0.01439686 0.04429760 -0.00887153
v -0.01536001 0.04225167 -0.01252803
v -0.01544343 0.04147596 -0.01387614
v -0.01410867 0.04320191 -0.01144309
v -0.01437411 0.04239226 -0.01273118
v -0.01517420 0.04121415 -0.01434705
v -0.01544343 0.04083600 -0.01471178
v -0.01595534 0.04020573 -0.01530273
v -0.01661513 0.04008453 -0.01515961
v -0.01733180 0.03945426 -0.01557512
v -0.01733180 0.03994878 -0.01498417
v -0.01733180 0.04033664 -0.01449018
v -0.01792713 0.04020573 -0.01433320
v -0.01858314 0.04006999 -0.01412545
v -0.01536001 0.04357522 -0.00983644
v -0.01536001 0.04323585 -0.01055666
v -0.01476847 0.04309040 -0.01124918
v -0.01873481 0.03914398 -0.01521501
v -0.02326237 0.03771862 -0.01378842
v -0.02423310 0.03740349 -0.01349294
v -0.02362260 0.03712714 -0.01419470
v -0.02423310 0.03690897 -0.01398694
v -0.02473363 0.03623023 -0.01427780
v -0.02581433 0.03532361 -0.01434244
v -0.02647033 0.03503757 -0.01407928
v -0.02789230 0.03443155 -0.01347448
v -0.02540859 0.03204140 -0.01708481
v -0.02522658 0.03079541 -0.01794354
v -0.02556406 0.03016515 -0.01814206
v -0.01903817 0.03048028 -0.02128610
v -0.01934152 0.02984517 -0.02142922
v -0.02866585 0.02439581 -0.01919930
v -0.03014091 0.02390130 -0.01868684
v -0.03120265 0.02298014 -0.01852525
v -0.03180936 0.02269410 -0.01832212
v -0.03246536 0.02222868 -0.01813744
v -0.02610251 0.03465457 -0.01469331
v -0.02573470 0.03427156 -0.01527503
v -0.02294385 0.03636597 -0.01537660
v -0.02175697 0.03621568 -0.01623994
v -0.01880307 0.03720471 -0.01722332
v -0.01756311 0.03701078 -0.01807281
v -0.01797264 0.03635628 -0.01829441
v -0.03358397 0.02043000 -0.01821131
v -0.03649238 0.01236748 -0.01819284
v -0.03745173 0.00912404 -0.01818361
v -0.03730764 0.01010822 -0.01811436
v -0.03716355 0.01109240 -0.01801279
v -0.03319341 0.02004699 -0.01852987
v -0.03231368 0.01996458 -0.01906080
v -0.03249949 0.01898039 -0.01915775
v -0.03802810 0.00912404 -0.01780965
v -0.03269666 0.02157417 -0.01826671
v -0.03291280 0.02094876 -0.01839137
v -0.04055732 0.00517762 -0.01629534
v -0.03932494 0.00715083 -0.01710328
v -0.03802810 0.00813501 -0.01791584
v -0.03883199 0.00715083 -0.01742184
v -0.04155459 0.00320926 -0.01532581
v -0.04254428 0.00123605 -0.01434705
v -0.01291042 0.04411337 -0.01033506
v -0.01356643 0.04402125 -0.01015039
v -0.01441203 0.04339099 -0.01087984
v -0.01437411 0.04210137 -0.01322055
v -0.01437411 0.04033664 -0.01544585
v -0.01536001 0.04026391 -0.01536275
v -0.01634590 0.03825677 -0.01729257
v -0.01685781 0.03820344 -0.01723717
v -0.01733180 0.03902762 -0.01606912
v -0.01807881 0.03929912 -0.01539968
v -0.01833287 0.03968698 -0.01477642
v -0.01811673 0.03835858 -0.01642461
v -0.01845801 0.03778649 -0.01682627
v -0.01877273 0.03817434 -0.01622147
v -0.01930360 0.03848463 -0.01556589
v -0.01994444 0.03829070 -0.01536275
v -0.02296281 0.03733561 -0.01441631
v -0.02245848 0.03702048 -0.01507189
v -0.02328133 0.03674413 -0.01479026
v -0.02423310 0.03641446 -0.01445324
v -0.02359985 0.03609932 -0.01516423
v -0.01827599 0.03080511 -0.02139228
v -0.01831770 0.02981608 -0.02180318
v -0.01727492 0.03669565 -0.01841907
v -0.01656963 0.03604599 -0.01910235
v -0.01602359 0.03437337 -0.02025655
v -0.01641416 0.03279771 -0.02099062
v -0.01612976 0.03248258 -0.02127225
v -0.01930360 0.02883190 -0.02171546
v -0.02685711 0.02364434 -0.02025655
v -0.02662201 0.02430370 -0.02015960
v -0.03165389 0.02050757 -0.01921777
v -0.03138466 0.02116208 -0.01910697
v -0.03203687 0.02088088 -0.01888998
v -0.03212788 0.02191354 -0.01845139
v -0.02064594 0.03711744 -0.01615684
v -0.01998615 0.03732106 -0.01636459
v -0.01930360 0.03752469 -0.01657697
v -0.01930360 0.03801920 -0.01605988
v -0.01814707 0.03739864 -0.01741722
v -0.01690711 0.03724350 -0.01824825
v -0.03460779 0.00972522 -0.01921316
v -0.03748965 0.00813501 -0.01820208
v -0.03200653 0.01898039 -0.01934704
v -0.03182073 0.01996458 -0.01927779
v -0.03923014 0.00320926 -0.01706635
v -0.03872203 0.00222023 -0.01735259
v -0.03921497 0.00222023 -0.01703403
v -0.01089692 0.03917792 -0.01722793
v -0.01437411 0.03987606 -0.01593985
v -0.01536001 0.03979849 -0.01585675
v -0.01634590 0.03779134 -0.01778656
v -0.01751382 0.03805799 -0.01708481
v -0.01724459 0.03847009 -0.01674779
v -0.01733180 0.03080026 -0.02167852
v -0.01728251 0.02975305 -0.02202478
v -0.01758207 0.02905007 -0.02212174
v -0.01823807 0.02876402 -0.02202940
v -0.01590983 0.03625447 -0.01922239
v -0.01487085 0.03524120 -0.02018730
v -0.01552685 0.03503272 -0.02006726
v -0.01554202 0.03314193 -0.02110604
v -0.01527279 0.03279771 -0.02131380
v -0.01634590 0.03080026 -0.02186320
v -0.02877203 0.02060454 -0.02021962
v -0.02787334 0.02193779 -0.02025655
v -0.02771787 0.02248078 -0.02020115
v -0.01634590 0.03729683 -0.01830365
v -0.01437411 0.03646294 -0.01942553
v -0.01536001 0.03634658 -0.01931011
v -0.02817291 0.01898039 -0.02044122
v -0.02817291 0.01799137 -0.02047354
v -0.02967830 0.01561576 -0.02019192
v -0.03461538 0.00912404 -0.01921316
v -0.03112681 0.01898039 -0.01962405
v -0.02934840 0.01996458 -0.02009496
v -0.02885545 0.01996458 -0.02024270
v -0.02817291 0.01996458 -0.02040891
v -0.03605631 0.00813501 -0.01870069
v -0.03674264 0.00123605 -0.01830365
v -0.03723559 0.00123605 -0.01806819
v -0.03802810 0.00222023 -0.01770808
v -0.03112681 0.01996458 -0.01952248
v -0.03014091 0.01996458 -0.01984566
v -0.03802810 0.00123605 -0.01766191
v -0.03866135 0.00123605 -0.01731565
v -0.01437411 0.03695260 -0.01894538
v -0.01437411 0.03744712 -0.01845139
v -0.01437411 0.03793679 -0.01795739
v -0.01338821 0.03849917 -0.01753726
v -0.01338821 0.03899369 -0.01703403
v -0.01536001 0.03883855 -0.01686782
v -0.01692228 0.02938459 -0.02217252
v -0.01634590 0.03001970 -0.02209404
v -0.01728251 0.02876402 -0.02221407
v -0.01785509 0.02839071 -0.02216791
v -0.01437411 0.03532361 -0.02023809
v -0.01437411 0.03474668 -0.02053356
v -0.01488602 0.03327283 -0.02117529
v -0.01437411 0.03581813 -0.01991953
v -0.01536001 0.03834403 -0.01738490
v -0.01536001 0.03786406 -0.01787890
v -0.01338821 0.03593449 -0.01997493
v -0.02719080 0.01898039 -0.02067206
v -0.02719080 0.01799137 -0.02068130
v -0.02967830 0.01547516 -0.02019192
v -0.03460021 0.00852287 -0.01920854
v -0.01733180 0.02784772 -0.02232488
v -0.02719080 0.01996458 -0.02062128
v -0.03605631 0.00123605 -0.01853910
v -0.03667818 0.00025187 -0.01828056
v -0.01634590 0.02883190 -0.02232949
v -0.01634590 0.02784772 -0.02246800
v -0.01338821 0.03543997 -0.02031196
v -0.01437411 0.03384492 -0.02097677
v -0.02620490 0.01898039 -0.02086135
v -0.01733180 0.02685869 -0.02236643
v -0.03370532 0.00419344 -0.01923624
v -0.03507041 0.00222023 -0.01882073
v -0.01634590 0.02685869 -0.02247723
v -0.03365223 0.00355833 -0.01921777
v -0.00155875 -0.05063950 0.00198842
v -0.00237262 -0.05055202 0.00133176
v -0.00319588 -0.05052919 0.00477512
v -0.00325560 -0.05053680 0.00395840
v -0.00263832 -0.05055962 0.00191044
v -0.00303016 -0.05051398 0.00152876
v -0.00451566 -0.05031617 0.00100343
v -0.00117630 -0.05053300 0.00038371
v -0.00057311 -0.05055582 0.00017440
v -0.00152654 -0.05057864 0.00100343
v -0.00057311 -0.05064711 0.00100343
v -0.00374741 -0.05048735 0.00395840
v -0.00254438 -0.05051017 0.00532097
v -0.00352667 -0.05048735 0.00503778
v -0.00318381 -0.05052919 0.00297341
v -0.00309994 -0.05052158 0.00218542
v -0.00550129 -0.05020966 0.00100343
v -0.00346896 -0.05047213 0.00191044
v -0.00550129 -0.05009554 0.00001844
v -0.00057311 -0.05049115 -0.00031810
v -0.00451566 -0.05037703 0.00494339
v -0.00451566 -0.05039605 0.00395840
v -0.00451566 -0.05035040 0.00198842
v -0.00022220 -0.05031237 0.00691337
v -0.00254438 -0.05040747 0.00592838
v -0.00353002 -0.05035421 0.00592838
v -0.00451566 -0.05023629 0.00592838
v -0.00550129 -0.05025531 0.00297341
v -0.00648693 -0.05013358 0.00297341
v -0.00648693 -0.05010315 0.00198842
v -0.00648693 -0.05006511 0.00100343
v -0.00648693 -0.04995860 0.00001844
v -0.00550129 -0.04981785 -0.00096655
v -0.00057311 -0.05015640 -0.00195154
v -0.00057311 -0.05038845 -0.00096655
v -0.00022220 -0.05047594 -0.00062180
v -0.00648693 -0.05015260 0.00395840
v -0.00648693 -0.05009935 0.00494339
v -0.00057311 -0.05030095 0.00691337
v -0.00155875 -0.05024770 0.00691337
v -0.00254438 -0.05018684 0.00691337
v -0.00353002 -0.05012217 0.00691337
v -0.00451566 -0.05001946 0.00691337
v -0.00550129 -0.05008413 0.00592838
v -0.00707670 -0.04994338 0.00534149
v -0.00707670 -0.04984448 0.00001844
v -0.00644869 -0.04967330 -0.00100348
v -0.00057311 -0.04979883 -0.00293652
v -0.00022220 -0.05018303 -0.00195154
v -0.00115215 -0.04954397 -0.00346596
v -0.00022220 -0.05000805 0.00790246
v -0.00057311 -0.04999283 0.00790246
v -0.00254438 -0.04989013 0.00790246
v -0.00353002 -0.04983307 0.00790246
v -0.00457135 -0.04970374 0.00798454
v -0.00550129 -0.04963907 0.00774240
v -0.00550129 -0.04986350 0.00691337
v -0.00648693 -0.04992436 0.00592838
v -0.00057311 -0.04956299 -0.00350700
v -0.00648693 -0.04612422 -0.01082465
v -0.00057311 -0.04966189 0.00868635
v -0.00155875 -0.04963907 0.00864120
v -0.00254438 -0.04962005 0.00858374
v -0.00353002 -0.04959722 0.00851397
v -0.00427948 -0.04956679 0.00845241
v -0.00493702 -0.04951734 0.00836623
v -0.00550129 -0.04947169 0.00823489
v -0.00651914 -0.04940322 0.00789015
v -0.00621184 -0.04957060 0.00755361
v -0.00651914 -0.04966569 0.00696262
v -0.00707670 -0.04588077 -0.01126379
v -0.00648693 -0.04576284 -0.01165368
v -0.00707670 -0.04573622 -0.01159622
v -0.00057311 -0.04943746 0.00917884
v -0.00155875 -0.04941083 0.00913370
v -0.00254438 -0.04935758 0.00907624
v -0.00155875 -0.04897338 0.00987244
v -0.00155875 -0.04859678 0.01042649
v -0.00210960 -0.04855114 0.01037724
v -0.00707670 -0.04929671 0.00789836
v -0.00686871 -0.04950593 0.00732378
v -0.00707670 -0.04949452 0.00721707
v -0.00057311 -0.04893914 -0.00491061
v -0.00648693 -0.04548135 -0.01214617
v -0.00707670 -0.04543570 -0.01208872
v -0.00057311 -0.04905326 0.00987244
v -0.00057311 -0.04865004 0.01047985
v -0.00385678 -0.04753929 0.01132940
v -0.00451566 -0.04748603 0.01126374
v -0.00057311 -0.04572861 -0.01151414
v -0.00022220 -0.04588457 -0.01126789
v -0.00648693 -0.04499064 -0.01270023
v -0.00407350 -0.04460264 -0.01329122
v -0.00393461 -0.04460264 -0.01329122
v -0.00022220 -0.04890871 0.01009406
v -0.00405136 -0.04657689 0.01234312
v -0.00319991 -0.04757352 0.01136634
v -0.00451566 -0.04273490 0.01637747
v -0.00451566 -0.04322941 0.01585625
v -0.00443380 -0.04691163 0.01190398
v -0.00523895 -0.04267784 0.01632412
v -0.00589582 -0.04260176 0.01625435
v -0.00022220 -0.04572480 -0.01149772
v -0.00648693 -0.04450754 -0.01319683
v -0.00707670 -0.04343102 -0.01413667
v -0.00648693 -0.04343483 -0.01414898
v -0.00254438 -0.04347667 -0.01418182
v -0.00155875 -0.04349189 -0.01417771
v -0.00327841 -0.04458742 -0.01327070
v -0.00353002 -0.04273490 0.01637747
v -0.00353002 -0.04213387 0.01676736
v -0.00451566 -0.04213387 0.01675915
v -0.00155875 -0.04300118 -0.01451835
v -0.00057311 -0.04297835 -0.01453477
v -0.00022220 -0.04207301 0.01659499
v -0.00057311 -0.04208062 0.01661551
v -0.00155875 -0.04136548 0.01714084
v -0.00254438 -0.04139591 0.01715315
v -0.00155875 -0.03384507 0.02127369
v -0.00353002 -0.04141493 0.01716136
v -0.00451566 -0.04141873 0.01715315
v -0.00057311 -0.04221756 -0.01502727
v -0.00022220 -0.04220615 -0.01502727
v -0.00057311 -0.04128559 0.01710800
v -0.00077172 -0.03380323 0.02124496
v -0.00049528 -0.03335816 0.02142554
v -0.00155875 -0.03326306 0.02151993
v -0.00254438 -0.03382605 0.02125317
v -0.00022220 -0.03375758 0.02121213
v -0.00057311 -0.03227784 0.02161023
v -0.00155875 -0.03227784 0.02169231
v 0.04889929 0.00024924 0.00199277
v 0.04885977 -0.00073744 0.00199277
v 0.04876493 0.00024924 0.00100518
v 0.04873332 0.00123443 0.00100518
v 0.04886373 0.00123443 0.00199277
v 0.04876098 0.00123443 0.00297191
v 0.04878469 0.00024924 0.00297191
v 0.04878074 -0.00073744 0.00297191
v 0.04874122 -0.00172262 0.00297191
v 0.04868985 -0.00239039 0.00265537
v 0.04876888 -0.00172262 0.00199277
v 0.04870565 -0.00073744 0.00100518
v 0.04850412 -0.00073744 0.00001760
v 0.04830653 -0.00073744 -0.00087291
v 0.04854363 0.00024924 0.00001760
v 0.04807338 0.00517666 -0.00195334
v 0.04820378 0.00517666 -0.00137092
v 0.04819983 0.00616185 -0.00128651
v 0.04825911 0.00616185 -0.00079272
v 0.04840927 0.00517666 0.00001760
v 0.04850807 0.00517666 0.00100518
v 0.04865823 0.00419148 0.00199277
v 0.04842508 0.00714703 0.00297191
v 0.04870961 0.00221961 0.00297191
v 0.04831838 0.00714703 0.00378645
v 0.04827492 0.00221961 0.00465586
v 0.04849621 0.00123443 0.00395949
v 0.04829072 0.00123443 0.00469806
v 0.04850807 0.00024924 0.00395949
v 0.04850412 -0.00073744 0.00395949
v 0.04847250 -0.00172262 0.00395949
v 0.04780466 -0.00172262 -0.00293670
v 0.04819588 -0.00073744 -0.00136670
v 0.04805757 -0.00073744 -0.00195334
v 0.04820378 0.00024924 -0.00139624
v 0.04761893 0.00221961 -0.00392428
v 0.04820773 0.00123443 -0.00141734
v 0.04782047 0.00517666 -0.00293670
v 0.04804176 0.00616185 -0.00195334
v 0.04761497 0.00320629 -0.00392428
v 0.04794692 0.00714703 -0.00195334
v 0.04816822 0.00712906 -0.00094044
v 0.04823145 0.00678919 -0.00059436
v 0.04833814 0.00616185 0.00001760
v 0.04858315 0.00517666 0.00199277
v 0.04819983 0.00744648 -0.00023140
v 0.04839347 0.00714703 0.00199277
v 0.04830653 0.00793308 0.00297191
v 0.04828282 0.00786870 0.00367250
v 0.04765449 0.00714703 0.00593043
v 0.04756755 0.00419148 0.00691379
v 0.04761497 0.00320629 0.00691379
v 0.04789160 0.00320629 0.00593043
v 0.04814056 0.00221961 0.00514543
v 0.04792321 0.00221961 0.00593043
v 0.04793902 0.00123443 0.00593043
v 0.04815241 0.00024924 0.00520452
v 0.04829072 -0.00073744 0.00469384
v 0.04794297 0.00024924 0.00593043
v 0.04814056 -0.00073744 0.00518763
v 0.04826701 -0.00172262 0.00459677
v 0.04753594 -0.00239039 -0.00392428
v 0.04782047 -0.00073744 -0.00293670
v 0.04756360 -0.00172262 -0.00392428
v 0.04759522 0.00024924 -0.00392428
v 0.04736601 0.00221961 -0.00486122
v 0.04736997 0.00320629 -0.00482323
v 0.04733835 0.00419148 -0.00467130
v 0.04765054 0.00813371 -0.00195334
v 0.04787974 0.00813371 -0.00096576
v 0.04771772 0.00616185 -0.00293670
v 0.04748852 0.00723237 -0.00302955
v 0.04722770 0.00761716 -0.00342205
v 0.04822354 0.00765759 0.00042698
v 0.04828282 0.00782528 0.00199277
v 0.04814451 0.00842567 0.00297191
v 0.04624767 0.01059817 0.00839516
v 0.04731464 0.00790613 0.00663946
v 0.04736997 0.00714703 0.00681672
v 0.04749247 0.00517666 0.00691379
v 0.04728698 0.00517666 0.00754264
v 0.04733045 0.00419148 0.00762704
v 0.04762683 0.00221961 0.00691379
v 0.04735021 0.00320629 0.00768613
v 0.04789555 -0.00073744 0.00593043
v 0.04762683 0.00123443 0.00691379
v 0.04759522 0.00024924 0.00691379
v 0.04823540 -0.00232601 0.00449548
v 0.04825911 -0.00239039 0.00440685
v 0.04733440 -0.00172262 -0.00472194
v 0.04757941 -0.00073744 -0.00392428
v 0.04734626 -0.00073744 -0.00476415
v 0.04735416 0.00024924 -0.00479791
v 0.04736206 0.00123443 -0.00482745
v 0.04721585 0.00221961 -0.00535501
v 0.04719609 0.00320629 -0.00531702
v 0.04712891 0.00419148 -0.00516509
v 0.04727907 0.00491315 -0.00452358
v 0.04626743 0.00576957 -0.00642700
v 0.04579322 0.00714703 -0.00688281
v 0.04531901 0.00813371 -0.00749899
v 0.04559168 0.00813371 -0.00688281
v 0.04526369 0.00863529 -0.00738082
v 0.04438640 0.01010408 -0.00861318
v 0.04431132 0.01073891 -0.00843593
v 0.04380154 0.01207594 -0.00885375
v 0.04343798 0.01207594 -0.00965985
v 0.04522812 0.01246373 0.00925613
v 0.04533087 0.01180644 0.00949670
v 0.04544152 0.01109076 0.00966551
v 0.04605404 0.01010408 0.00898180
v 0.04629114 0.01010408 0.00848801
v 0.04719214 0.00714703 0.00731051
v 0.04722375 0.00657059 0.00738648
v 0.04725537 0.00591480 0.00746245
v 0.04708149 0.00517666 0.00803221
v 0.04670608 0.00517666 0.00888473
v 0.04710915 0.00419148 0.00812084
v 0.04713681 0.00320629 0.00817992
v 0.04735021 0.00221961 0.00771989
v 0.04716052 0.00221961 0.00821368
v 0.04777305 -0.00172262 0.00593043
v 0.04808918 -0.00172262 0.00508634
v 0.04751618 -0.00073744 0.00691379
v 0.04724351 -0.00132136 0.00743712
v 0.04734230 0.00123443 0.00768191
v 0.04713681 0.00123443 0.00817570
v 0.04731464 0.00024924 0.00758484
v 0.04819983 -0.00239039 0.00456723
v 0.04823145 -0.00239039 0.00448282
v 0.04731859 -0.00239039 -0.00465864
v 0.04716843 -0.00172262 -0.00521573
v 0.04697479 -0.00073744 -0.00589522
v 0.04718424 -0.00073744 -0.00525794
v 0.04699850 0.00024924 -0.00589522
v 0.04720795 0.00123443 -0.00532125
v 0.04667446 0.00024924 -0.00688281
v 0.04638203 0.00024924 -0.00771845
v 0.04692342 0.00320629 -0.00589522
v 0.04618049 0.00024924 -0.00821224
v 0.04635832 0.00123443 -0.00760450
v 0.04678116 0.00419148 -0.00589522
v 0.04631485 0.00517666 -0.00652407
v 0.04468673 0.00813371 -0.00885375
v 0.04541781 0.00714703 -0.00769313
v 0.04509772 0.00813371 -0.00799278
v 0.04424414 0.00944380 -0.00927579
v 0.04416906 0.01010408 -0.00910275
v 0.04336290 0.01089612 -0.01049550
v 0.04327991 0.01155341 -0.01031402
v 0.04334709 0.01273174 -0.00945305
v 0.04501473 0.01211038 0.00984277
v 0.04512933 0.01109076 0.01015930
v 0.04522022 0.01041550 0.01030280
v 0.04552055 0.01009360 0.00993140
v 0.04612517 0.00911890 0.00912530
v 0.04572999 0.00911890 0.00987231
v 0.04636227 0.00911890 0.00863151
v 0.04680882 0.00813371 0.00790137
v 0.04706963 0.00620976 0.00783384
v 0.04661123 0.00616185 0.00888473
v 0.04631880 0.00616185 0.00951358
v 0.04636623 0.00517666 0.00961065
v 0.04684834 0.00221961 0.00888473
v 0.04680882 0.00123443 0.00888473
v 0.04738182 -0.00167920 0.00696022
v 0.04727117 -0.00073744 0.00749199
v 0.04655195 -0.00172262 0.00888473
v 0.04625953 -0.00232152 0.00940385
v 0.04628719 -0.00172262 0.00945871
v 0.04693132 -0.00172262 -0.00589522
v 0.04664285 -0.00073744 -0.00688281
v 0.04635832 -0.00073744 -0.00769313
v 0.04618049 -0.00073744 -0.00818692
v 0.04642550 0.00313143 -0.00692923
v 0.04611331 0.00123443 -0.00809829
v 0.04587225 -0.00073744 -0.00885375
v 0.04544547 -0.00073744 -0.00972316
v 0.04520046 -0.00073744 -0.01021273
v 0.04585645 0.00024924 -0.00885375
v 0.04629114 0.00221961 -0.00746101
v 0.04639389 0.00419148 -0.00668022
v 0.04606984 0.00517666 -0.00701786
v 0.04435874 0.00813371 -0.00951214
v 0.04350911 0.00913536 -0.01089644
v 0.04430341 0.00878651 -0.00940662
v 0.04406631 0.00911590 -0.00977380
v 0.04344984 0.01010408 -0.01066853
v 0.04320878 0.01010408 -0.01116233
v 0.04311394 0.01117161 -0.01082469
v 0.04442987 0.01290542 0.01034500
v 0.04436269 0.01282606 0.01048850
v 0.04448519 0.01207594 0.01066154
v 0.04459584 0.01109974 0.01092320
v 0.04529135 0.00975822 0.01041253
v 0.04432712 0.01077933 0.01141699
v 0.04495150 0.01009360 0.01078815
v 0.04502263 0.00911890 0.01101183
v 0.04514118 0.00813371 0.01117221
v 0.04535853 0.00911890 0.01051804
v 0.04544152 0.00813371 0.01067842
v 0.04605799 0.00616185 0.01000737
v 0.04610146 0.00517666 0.01010444
v 0.04613307 0.00419148 0.01014242
v 0.04615678 0.00320629 0.01018041
v 0.04642945 0.00221961 0.00972882
v 0.04640969 0.00123443 0.00970772
v 0.04613307 0.00024924 0.01012132
v 0.04608565 -0.00073744 0.01003691
v 0.04563120 -0.00073744 0.01085990
v 0.04706568 -0.00239039 -0.00537189
v 0.04519256 -0.00172262 -0.01017474
v 0.04600266 0.00313143 -0.00777332
v 0.04572999 0.00123443 -0.00885375
v 0.04530320 0.00221961 -0.00942773
v 0.04501473 0.00312544 -0.00974426
v 0.04487642 -0.00172262 -0.01082469
v 0.04486456 -0.00073744 -0.01082469
v 0.04542571 0.00024924 -0.00964297
v 0.04451286 0.00226153 -0.01091332
v 0.04423228 0.00320629 -0.01123829
v 0.04537038 0.00123443 -0.00954590
v 0.04441801 0.00419148 -0.01061367
v 0.04424414 0.00644333 -0.01026759
v 0.04370275 0.00813371 -0.01082469
v 0.04326411 0.00947524 -0.01127628
v 0.04265159 0.01008461 -0.01187980
v 0.04258441 0.01109076 -0.01164768
v 0.04413349 0.01207594 0.01115533
v 0.04423228 0.01143513 0.01129460
v 0.04441011 0.01010408 0.01153095
v 0.04395566 0.01109974 0.01178417
v 0.04354468 0.01010408 0.01267046
v 0.04403865 0.01010408 0.01202474
v 0.04452866 0.00911890 0.01168710
v 0.04459189 0.00812622 0.01191078
v 0.04431132 0.00779384 0.01238347
v 0.04521627 0.00714703 0.01127772
v 0.04550474 0.00714703 0.01078393
v 0.04563515 0.00517666 0.01085990
v 0.04570233 0.00419148 0.01085990
v 0.04575370 0.00320629 0.01085990
v 0.04617259 0.00221961 0.01022261
v 0.04616469 0.00123443 0.01019729
v 0.04572999 0.00024924 0.01085990
v 0.04526764 -0.00126147 0.01136213
v 0.04529926 -0.00073744 0.01140011
v 0.04505030 0.00221961 -0.00991730
v 0.04449310 0.00320629 -0.01074450
v 0.04444963 -0.00172262 -0.01157171
v 0.04476972 0.00024924 -0.01082469
v 0.04515304 0.00024924 -0.01013676
v 0.04443382 -0.00073744 -0.01153372
v 0.04429946 0.00196059 -0.01134802
v 0.04467093 0.00123443 -0.01082469
v 0.04426390 0.00261788 -0.01129738
v 0.04360000 0.00413907 -0.01188824
v 0.04359605 0.00517666 -0.01171520
v 0.04352492 0.00616185 -0.01162657
v 0.04344984 0.00714703 -0.01153372
v 0.04337080 0.00813371 -0.01143243
v 0.04331943 0.00881795 -0.01135647
v 0.04416510 0.00419148 -0.01110746
v 0.04295192 0.00913536 -0.01173630
v 0.04233545 0.00974175 -0.01233561
v 0.03751432 0.01207594 -0.01736214
v 0.03742738 0.01275120 -0.01727773
v 0.04322854 0.01235593 0.01225264
v 0.04332338 0.01169864 0.01237925
v 0.04341032 0.01109076 0.01249320
v 0.04315346 0.01010408 0.01316425
v 0.04324830 0.00944679 0.01327398
v 0.04415720 0.00911890 0.01218089
v 0.04423623 0.00845113 0.01228640
v 0.04480134 0.00714703 0.01184326
v 0.04394776 0.00812622 0.01275909
v 0.04340242 0.00813371 0.01346390
v 0.04350121 0.00714703 0.01361162
v 0.04399518 0.00714703 0.01294057
v 0.04355258 0.00616185 0.01369603
v 0.04528740 0.00517666 0.01138323
v 0.04532296 0.00419148 0.01142543
v 0.04535458 0.00320629 0.01146764
v 0.04579322 0.00221961 0.01085990
v 0.04578927 0.00123443 0.01085990
v 0.04535063 0.00024924 0.01146342
v 0.04435479 -0.00172262 0.01243412
v 0.04407421 -0.00172262 -0.01206550
v 0.04403074 -0.00073744 -0.01202329
v 0.04397937 0.00024924 -0.01195999
v 0.04395171 0.00226153 -0.01173208
v 0.04378179 0.00320629 -0.01180805
v 0.04326015 0.00443403 -0.01226808
v 0.04320483 0.00517666 -0.01220899
v 0.04312580 0.00616185 -0.01212036
v 0.04296377 0.00813371 -0.01192200
v 0.04239077 0.00911890 -0.01239891
v 0.03809523 0.01109076 -0.01691477
v 0.03760126 0.01109076 -0.01743389
v 0.03688204 0.01109076 -0.01788125
v 0.03688204 0.01207594 -0.01772932
v 0.03739577 0.01290542 -0.01725663
v 0.04265949 0.01290542 0.01274643
v 0.04229198 0.01252661 0.01330775
v 0.04251328 0.01109076 0.01353565
v 0.04247376 0.00813371 0.01447259
v 0.04310999 0.00714703 0.01410541
v 0.04332733 0.00878950 0.01336683
v 0.04318507 0.00616185 0.01418560
v 0.04537434 0.00221961 0.01149296
v 0.04537829 0.00123443 0.01149718
v 0.04497521 0.00123443 0.01199097
v 0.04448124 0.00123443 0.01258605
v 0.04407026 0.00123443 0.01307562
v 0.04493569 0.00024924 0.01195299
v 0.04398333 -0.00073744 0.01297433
v 0.04393590 -0.00172262 0.01292791
v 0.04358025 -0.00172262 -0.01260571
v 0.04353678 -0.00073744 -0.01256351
v 0.04343403 0.00123443 -0.01245800
v 0.04338266 0.00221961 -0.01240313
v 0.04333129 0.00320629 -0.01234405
v 0.04329967 0.00377674 -0.01231028
v 0.03642759 0.00911890 -0.01824421
v 0.04291636 0.00221961 -0.01289692
v 0.04200745 0.00123443 -0.01396047
v 0.04151348 0.00123443 -0.01447537
v 0.04103928 0.00123443 -0.01496916
v 0.04107879 0.00024924 -0.01502402
v 0.04054531 0.00123443 -0.01545451
v 0.03939140 0.00419148 -0.01628171
v 0.03941511 0.00320629 -0.01629859
v 0.03639993 0.00969384 -0.01822311
v 0.03634065 0.01035112 -0.01819779
v 0.03626557 0.01109076 -0.01816824
v 0.03609960 0.01207594 -0.01809228
v 0.03545941 0.01266436 -0.01824421
v 0.04131985 0.01257602 0.01430799
v 0.04139493 0.01207594 0.01438396
v 0.04261997 0.00714703 0.01458232
v 0.04033982 0.01259100 0.01529979
v 0.04136727 0.00878651 0.01533778
v 0.04269110 0.00616185 0.01462874
v 0.04270691 0.00517666 0.01467939
v 0.04270691 0.00419148 0.01471315
v 0.04320088 0.00517666 0.01420248
v 0.04498311 0.00221961 0.01198675
v 0.04448915 0.00221961 0.01259871
v 0.04408607 0.00221961 0.01309251
v 0.04359210 0.00221961 0.01367493
v 0.04357629 0.00123443 0.01364116
v 0.04348935 -0.00073744 0.01353987
v 0.04344589 -0.00172262 0.01348501
v 0.04312580 -0.00239039 -0.01311639
v 0.04310604 -0.00172262 -0.01309950
v 0.04210229 -0.00073744 -0.01406176
v 0.04306652 -0.00073744 -0.01305730
v 0.04205882 0.00024924 -0.01401534
v 0.03642364 0.00813371 -0.01823999
v 0.03589806 0.00714703 -0.01849322
v 0.03589806 0.00813371 -0.01849322
v 0.03589806 0.00911890 -0.01845945
v 0.04156486 0.00024924 -0.01453023
v 0.04160833 -0.00073744 -0.01456821
v 0.04107879 -0.00073744 -0.01505778
v 0.04058483 0.00024924 -0.01545873
v 0.03639598 0.00561086 -0.01821889
v 0.03640388 0.00616185 -0.01822311
v 0.03577160 0.01109076 -0.01835816
v 0.03491012 0.01207594 -0.01858185
v 0.03509981 0.01290542 -0.01834128
v 0.03751827 0.00813371 0.01835961
v 0.04054531 0.01109076 0.01547705
v 0.03745900 0.00878351 0.01830896
v 0.04210625 0.00517666 0.01517318
v 0.04218528 0.00419148 0.01520694
v 0.04219714 0.00320629 0.01519428
v 0.04268715 0.00320629 0.01470049
v 0.04318112 0.00320629 0.01418560
v 0.04319693 0.00419148 0.01419826
v 0.04315741 0.00221961 0.01416872
v 0.04312184 0.00123443 0.01413073
v 0.04307047 0.00024924 0.01408431
v 0.04301515 -0.00073744 0.01403366
v 0.04214576 0.00123443 0.01513520
v 0.04252118 -0.00073744 0.01451901
v 0.04263183 -0.00239039 -0.01362706
v 0.04261207 -0.00172262 -0.01360596
v 0.03491012 0.00714703 -0.01882663
v 0.03589806 0.00616185 -0.01846367
v 0.03491012 0.00813371 -0.01881819
v 0.03491012 0.00911890 -0.01878443
v 0.03491012 0.01010408 -0.01874644
v 0.03491012 0.01109076 -0.01868314
v 0.04198770 -0.00239039 -0.01427278
v 0.03753803 -0.00172262 -0.01733260
v 0.03751432 -0.00239039 -0.01731572
v 0.03392614 0.01207594 -0.01893636
v 0.03688204 0.00813371 0.01873100
v 0.03622210 0.00714703 0.01914039
v 0.03936374 0.00084964 0.01727917
v 0.04108670 0.00221961 0.01613544
v 0.04169131 0.00221961 0.01564165
v 0.04218528 0.00221961 0.01517318
v 0.04266739 0.00221961 0.01467939
v 0.04262788 0.00123443 0.01464140
v 0.04165180 0.00123443 0.01561632
v 0.04207463 0.00024924 0.01508033
v 0.03392614 0.00714703 -0.01897013
v 0.03392614 0.01010408 -0.01899123
v 0.03491012 0.00616185 -0.01876755
v 0.03293820 -0.00073744 -0.01867892
v 0.03293820 0.00616185 -0.01907142
v 0.03688204 -0.00172262 -0.01760271
v 0.03589806 -0.00073744 -0.01798677
v 0.03392614 0.01109076 -0.01897435
v 0.03610355 0.00813371 0.01911506
v 0.03573209 0.00714703 0.01941893
v 0.03802410 0.00024924 0.01805574
v 0.03936374 0.00067147 0.01727917
v 0.04059668 0.00123443 0.01644775
v 0.04108670 0.00123443 0.01610589
v 0.04158066 0.00024924 0.01551926
v 0.03392614 -0.00073744 -0.01849322
v 0.03293820 -0.00172262 -0.01859029
v 0.03195422 0.00123443 -0.01891104
v 0.03560958 0.00813371 0.01934719
v 0.03491012 0.00714703 0.01981565
v 0.03753013 0.00024924 0.01833006
v 0.03748666 -0.00045296 0.01831318
v 0.03363766 0.00780731 0.02029679
v 0.03415929 0.00714703 0.02012797
v 0.03195422 0.00714703 0.02094251
v 0.03293820 0.00714703 0.02057955
v 0.03366928 0.00714703 0.02030945
v 0.03104927 -0.00172262 0.02109867
v 0.03129823 0.00714703 0.02116197
v 0.02407049 0.00616185 0.02361827
v 0.02486084 0.00694191 0.02329751
v 0.02308651 0.00714703 0.02372378
v 0.02308651 0.00616185 0.02379130
v 0.04321357 0.02116983 0.00592981
v 0.04290433 0.02193677 0.00592981
v 0.04275153 0.02193677 0.00691504
v 0.04313717 0.02094504 0.00687341
v 0.04243138 0.02270040 0.00494457
v 0.04220946 0.02319296 0.00494457
v 0.04248959 0.02276982 0.00592981
v 0.04240592 0.02262106 0.00691504
v 0.04231860 0.02246569 0.00743772
v 0.04243138 0.02193677 0.00765512
v 0.04264239 0.02103099 0.00798353
v 0.04421403 0.01535830 0.00920929
v 0.04328996 0.01553020 -0.00737315
v 0.04313353 0.01612193 -0.00687822
v 0.04433045 0.01470045 0.00948682
v 0.04445414 0.01404921 0.00967646
v 0.04175834 0.02390701 0.00395934
v 0.04183838 0.02390701 0.00494457
v 0.04143455 0.02453510 0.00395934
v 0.04221674 0.02326238 0.00592981
v 0.04215489 0.02311362 0.00691504
v 0.04148912 0.02366238 0.00790027
v 0.04135452 0.02347064 0.00845996
v 0.04213306 0.02001943 0.00990774
v 0.04241683 0.01972852 0.00960246
v 0.04357010 0.01413847 -0.00795596
v 0.04338092 0.01503433 -0.00760905
v 0.04328269 0.01452855 -0.00834450
v 0.03944817 0.02069711 -0.01153147
v 0.03930629 0.02135496 -0.01121231
v 0.03930993 0.02232685 -0.01019470
v 0.03939724 0.02254503 -0.00953788
v 0.03925172 0.02321941 -0.00885331
v 0.03932448 0.02336817 -0.00826587
v 0.03931356 0.02434006 -0.00627227
v 0.03980470 0.02489212 -0.00293729
v 0.04128903 0.02434337 0.00256706
v 0.04137271 0.02446568 0.00322389
v 0.04254416 0.01899133 0.00990774
v 0.04224948 0.01933183 0.01025928
v 0.04237681 0.01867398 0.01047205
v 0.04326086 0.01642936 0.01031478
v 0.04461422 0.01312029 0.00994937
v 0.04144183 0.02455163 0.00494457
v 0.03763642 0.02969540 0.00297411
v 0.03770190 0.02976482 0.00395934
v 0.03821123 0.02910697 0.00494457
v 0.03620302 0.03099787 -0.00096682
v 0.04179472 0.02390701 0.00592981
v 0.04160918 0.02397312 0.00690116
v 0.04127812 0.02434667 0.00722032
v 0.04038679 0.02546733 0.00752560
v 0.04114351 0.02415494 0.00790027
v 0.04031403 0.02437312 0.00933880
v 0.04035041 0.02344420 0.01038879
v 0.04046683 0.02292189 0.01062007
v 0.04069967 0.02202272 0.01094848
v 0.04129995 0.02140124 0.01032866
v 0.04341366 0.01387070 -0.00858040
v 0.03943726 0.01967232 -0.01242420
v 0.03959370 0.01998637 -0.01184138
v 0.03928810 0.02033017 -0.01218830
v 0.03916077 0.02099463 -0.01184138
v 0.03868782 0.02199297 -0.01186913
v 0.03918623 0.02197313 -0.01086078
v 0.03912802 0.02289214 -0.00985242
v 0.03868418 0.02297478 -0.01086540
v 0.03856049 0.02389048 -0.00974140
v 0.03836039 0.02439957 -0.00934824
v 0.03559547 0.02962598 -0.00687822
v 0.03937905 0.02542766 -0.00353398
v 0.03946272 0.02555328 -0.00293729
v 0.03939724 0.02447560 -0.00561545
v 0.03958278 0.02575824 -0.00195205
v 0.03933903 0.02635988 -0.00141087
v 0.04032131 0.02240949 0.01133239
v 0.04116170 0.02102438 0.01089760
v 0.04126357 0.02030041 0.01125376
v 0.04137634 0.01964257 0.01143416
v 0.04250051 0.01799299 0.01064782
v 0.04337364 0.01577152 0.01048130
v 0.04425041 0.01348723 0.01032866
v 0.03855685 0.02861772 0.00592981
v 0.03728353 0.03018466 0.00297411
v 0.03733082 0.03025408 0.00395934
v 0.03816030 0.02911028 0.00592981
v 0.03615209 0.03076647 -0.00201681
v 0.03561002 0.03153010 -0.00195205
v 0.03570825 0.03165903 -0.00096682
v 0.04134724 0.02443593 0.00656350
v 0.03847681 0.02848219 0.00691504
v 0.03837131 0.02835987 0.00742847
v 0.04062326 0.02490865 0.00787252
v 0.03623940 0.03009540 0.00909365
v 0.03558455 0.03056482 0.00966721
v 0.04016851 0.02415824 0.00987074
v 0.03641039 0.03033341 0.00843683
v 0.03947364 0.02456485 0.01052293
v 0.03342718 0.02931854 0.01429734
v 0.03325619 0.02892847 0.01487091
v 0.04356646 0.01290542 -0.00888106
v 0.04351916 0.01306409 -0.00888569
v 0.04343913 0.01290542 -0.00915396
v 0.03957187 0.01897811 -0.01259534
v 0.03917532 0.01897811 -0.01309027
v 0.03838586 0.02051860 -0.01331692
v 0.03747271 0.02266734 -0.01339555
v 0.03733446 0.02332519 -0.01321978
v 0.03832765 0.02235660 -0.01223918
v 0.03849864 0.02268387 -0.01158235
v 0.03846954 0.02354998 -0.01056474
v 0.03831674 0.02333842 -0.01122156
v 0.03537355 0.02927888 -0.00827049
v 0.03548633 0.02945739 -0.00761367
v 0.03535899 0.03025077 -0.00624915
v 0.03617392 0.02998631 -0.00392252
v 0.03630853 0.03018135 -0.00293729
v 0.04007028 0.02202272 0.01186895
v 0.04023035 0.02121611 0.01221587
v 0.04047047 0.02175165 0.01155905
v 0.03339080 0.02825078 0.01524557
v 0.04060144 0.02091198 0.01186895
v 0.04100890 0.01996984 0.01179495
v 0.04115078 0.01897811 0.01209560
v 0.04263875 0.01703101 0.01092072
v 0.04163101 0.01799630 0.01189671
v 0.04137634 0.01766903 0.01241939
v 0.04402122 0.01312029 0.01083284
v 0.04348278 0.01306409 0.01160993
v 0.03630125 0.03116977 0.00099902
v 0.03353996 0.03435984 0.00099902
v 0.03357634 0.03440612 0.00395934
v 0.03450041 0.03336150 0.00494457
v 0.03542084 0.03230035 0.00555514
v 0.03575918 0.03170861 0.00001841
v 0.03533716 0.03220117 0.00001841
v 0.03443129 0.03328216 0.00036070
v 0.03537718 0.03224745 0.00621196
v 0.03806571 0.02897474 0.00691504
v 0.03545358 0.03037308 -0.00559233
v 0.03549360 0.03139457 -0.00272451
v 0.03512980 0.03202266 -0.00195205
v 0.03440218 0.03325241 -0.00029612
v 0.03527532 0.03215158 -0.00096682
v 0.03747271 0.02942433 0.00759499
v 0.03534808 0.03121936 0.00918154
v 0.03467504 0.03160613 0.00987074
v 0.03448950 0.03139126 0.01047205
v 0.03357271 0.03342761 0.00888550
v 0.03440946 0.03227390 0.00935730
v 0.03320890 0.03184084 0.01190596
v 0.03249584 0.03235324 0.01241014
v 0.03269229 0.03174828 0.01277555
v 0.03272504 0.03077308 0.01377466
v 0.03253586 0.03042598 0.01441298
v 0.03274323 0.02978135 0.01476452
v 0.03252858 0.02942433 0.01536121
v 0.03929537 0.01829382 -0.01322903
v 0.03835675 0.01847563 -0.01426977
v 0.03868418 0.01897811 -0.01366383
v 0.03771646 0.01894505 -0.01480633
v 0.03785107 0.02090537 -0.01376097
v 0.03761459 0.02193677 -0.01356670
v 0.03731263 0.02129215 -0.01420501
v 0.03717438 0.02193677 -0.01405700
v 0.03667961 0.02193677 -0.01457506
v 0.03651226 0.02266073 -0.01439929
v 0.03553362 0.02264420 -0.01539377
v 0.03633399 0.02331527 -0.01421889
v 0.03665414 0.02390701 -0.01354819
v 0.03645769 0.02450535 -0.01336317
v 0.03537355 0.02632352 -0.01321978
v 0.03750181 0.02358304 -0.01255834
v 0.03463866 0.02768219 -0.01279424
v 0.03440946 0.02833012 -0.01228080
v 0.03454043 0.02946069 -0.00983854
v 0.03509341 0.02979788 -0.00791433
v 0.03524621 0.03011524 -0.00687822
v 0.03538446 0.03127556 -0.00338133
v 0.03475508 0.03062432 -0.00687822
v 0.03157177 0.03533504 -0.00272451
v 0.03923353 0.02118967 0.01321498
v 0.03980470 0.02087562 0.01279868
v 0.04037224 0.02055826 0.01237776
v 0.03272140 0.02883590 0.01550923
v 0.03292149 0.02780781 0.01577750
v 0.03737812 0.02046570 0.01529645
v 0.03720349 0.02112355 0.01515769
v 0.03754183 0.02193677 0.01446386
v 0.03823670 0.02116653 0.01419096
v 0.04109985 0.01700787 0.01305771
v 0.04148912 0.01700787 0.01256278
v 0.04236226 0.01471698 0.01241014
v 0.04225312 0.01537482 0.01226212
v 0.04336272 0.01377153 0.01145266
v 0.04312261 0.01306409 0.01210485
v 0.02666039 0.04028046 0.00297411
v 0.03198651 0.03583751 0.00494457
v 0.03256496 0.03534496 0.00494457
v 0.03303427 0.03489868 0.00395934
v 0.03349994 0.03432017 0.00027281
v 0.03305974 0.03488215 0.00494457
v 0.03356179 0.03438959 0.00494457
v 0.03405293 0.03385406 0.00494457
v 0.03447858 0.03333505 0.00573553
v 0.03441310 0.03326232 0.00639236
v 0.03435125 0.03319290 0.00691504
v 0.03479146 0.03270034 0.00691504
v 0.03422392 0.03303753 0.00790027
v 0.03219024 0.03498463 -0.00195205
v 0.03430396 0.03315654 -0.00096682
v 0.03427485 0.03210200 0.00987074
v 0.03357998 0.03244911 0.01059694
v 0.03337261 0.03220117 0.01125376
v 0.03312886 0.03392017 0.00888550
v 0.03346720 0.03331191 0.00944981
v 0.03373642 0.03277637 0.00981523
v 0.03225936 0.03300778 0.01202160
v 0.03160088 0.03342100 0.01250727
v 0.03225936 0.03204911 0.01306696
v 0.03251403 0.03139126 0.01341850
v 0.03130619 0.03310365 0.01316410
v 0.03222662 0.03007887 0.01506980
v 0.03157177 0.03042928 0.01538434
v 0.02861039 0.03237968 0.01635569
v 0.02753716 0.03230035 0.01728079
v 0.02641664 0.03215158 0.01816889
v 0.02666767 0.03149374 0.01835391
v 0.03735265 0.01644920 -0.01622636
v 0.03768007 0.01700787 -0.01563892
v 0.03753092 0.01799299 -0.01544465
v 0.03741814 0.01859464 -0.01530589
v 0.03728353 0.01925249 -0.01516249
v 0.03663959 0.01996323 -0.01551866
v 0.03633763 0.02132851 -0.01520875
v 0.03620302 0.02193677 -0.01506998
v 0.03570825 0.02193677 -0.01557417
v 0.03520256 0.02193677 -0.01606909
v 0.03452951 0.02258801 -0.01632350
v 0.03492970 0.02294503 -0.01576844
v 0.03533353 0.02330205 -0.01519025
v 0.03614845 0.02390701 -0.01404312
v 0.03470050 0.02686236 -0.01358057
v 0.03449677 0.02747393 -0.01338168
v 0.03525349 0.02515328 -0.01413101
v 0.03438035 0.02632022 -0.01424202
v 0.03427849 0.02817475 -0.01279424
v 0.03372187 0.02882268 -0.01270635
v 0.03344173 0.02933838 -0.01231781
v 0.03442401 0.02933507 -0.01034272
v 0.03442401 0.03031689 -0.00836763
v 0.03454407 0.03042598 -0.00786807
v 0.02752261 0.03820114 -0.00541193
v 0.03063679 0.03539785 -0.00490775
v 0.03084052 0.03559619 -0.00392252
v 0.03144080 0.03521934 -0.00338133
v 0.03343446 0.03129870 -0.00836300
v 0.03169910 0.03542760 -0.00195205
v 0.03032755 0.03608875 -0.00392252
v 0.03834584 0.01844919 0.01527795
v 0.03933903 0.01846571 0.01429734
v 0.04032858 0.01847894 0.01332136
v 0.04048138 0.01996323 0.01250727
v 0.04046319 0.01782440 0.01345550
v 0.03051310 0.02347395 0.01926513
v 0.03328530 0.02609873 0.01617530
v 0.03710162 0.01897811 0.01608279
v 0.03749817 0.01996323 0.01539359
v 0.03822215 0.01897811 0.01516231
v 0.03780741 0.02081612 0.01474602
v 0.04122719 0.01621780 0.01321498
v 0.04247140 0.01404921 0.01254428
v 0.04060871 0.01700787 0.01360352
v 0.02660218 0.04022427 0.00198425
v 0.02604192 0.04060774 0.00198425
v 0.02604192 0.04069038 0.00297411
v 0.02604192 0.04063088 0.00395934
v 0.02662401 0.04024410 0.00395934
v 0.03146990 0.03623421 0.00644324
v 0.03149173 0.03625074 0.00592981
v 0.03149173 0.03625074 0.00494457
v 0.03198651 0.03579784 0.00592981
v 0.03251403 0.03530529 0.00592981
v 0.03340535 0.03422430 -0.00038401
v 0.03229211 0.03510694 -0.00096682
v 0.02854491 0.03823089 -0.00066616
v 0.03350358 0.03432678 0.00576329
v 0.03245582 0.03524909 0.00646636
v 0.03277597 0.03458793 0.00790027
v 0.03327075 0.03407885 0.00790027
v 0.03372914 0.03358629 0.00790027
v 0.03245218 0.03327554 0.01136477
v 0.03263772 0.03443257 0.00888550
v 0.03251403 0.03431025 0.00950532
v 0.03290330 0.03372513 0.00980598
v 0.03259407 0.03343422 0.01085597
v 0.03328894 0.03310695 0.01010664
v 0.03193922 0.03355654 0.01175332
v 0.03130619 0.03411521 0.01184120
v 0.03061133 0.03436645 0.01248877
v 0.03095694 0.03375819 0.01282643
v 0.03030936 0.03409538 0.01314559
v 0.03064771 0.03343753 0.01349251
v 0.03031300 0.03310034 0.01414933
v 0.03062952 0.03244580 0.01445924
v 0.03159360 0.03143754 0.01444073
v 0.03126254 0.03108382 0.01509756
v 0.03060769 0.03143754 0.01540746
v 0.02963996 0.03243919 0.01543522
v 0.02895964 0.03273671 0.01575900
v 0.02865405 0.03340116 0.01542134
v 0.02822839 0.03405571 0.01510218
v 0.02609649 0.03281274 0.01779423
v 0.02576179 0.03243258 0.01838166
v 0.02607102 0.03181109 0.01856206
v 0.03644677 0.01861778 -0.01628649
v 0.03723623 0.01700787 -0.01613385
v 0.03704705 0.01799299 -0.01593958
v 0.03686515 0.01893513 -0.01573606
v 0.03535172 0.02134834 -0.01620323
v 0.03592289 0.02100785 -0.01577769
v 0.03362728 0.02366569 -0.01637900
v 0.03428577 0.02324255 -0.01614310
v 0.03446039 0.02445907 -0.01529663
v 0.03471142 0.02193677 -0.01642526
v 0.03131347 0.02513345 -0.01716071
v 0.03097877 0.02590369 -0.01699882
v 0.03417662 0.02686236 -0.01407550
v 0.03385647 0.02777145 -0.01373784
v 0.03358362 0.02848219 -0.01343256
v 0.03347811 0.02741442 -0.01430677
v 0.03245582 0.03032019 -0.01231781
v 0.03356907 0.02947061 -0.01180900
v 0.03259043 0.03045573 -0.01180900
v 0.03247037 0.03132184 -0.01037972
v 0.03287784 0.03074333 -0.01070351
v 0.03345265 0.03033341 -0.01037510
v 0.03385647 0.02975160 -0.01068501
v 0.03309976 0.03096151 -0.00983854
v 0.03329258 0.03115655 -0.00901982
v 0.02665675 0.03828709 -0.00656831
v 0.02700237 0.03838626 -0.00580047
v 0.02602373 0.03895485 -0.00592999
v 0.02636207 0.03908708 -0.00490775
v 0.02702783 0.03866064 -0.00490775
v 0.02759901 0.03826064 -0.00490775
v 0.03260862 0.03144415 -0.00983854
v 0.03146263 0.03228382 -0.01033809
v 0.03128800 0.03213836 -0.01099492
v 0.03043306 0.03323588 -0.01025946
v 0.02664220 0.03729866 -0.00852952
v 0.02831207 0.03803915 -0.00293729
v 0.02879593 0.03746065 -0.00392252
v 0.02821384 0.03795320 -0.00392252
v 0.03772737 0.01897811 0.01558786
v 0.03788381 0.01802935 0.01580988
v 0.03848409 0.01779134 0.01540746
v 0.03890974 0.01812853 0.01485703
v 0.03990293 0.01814506 0.01387642
v 0.04011758 0.01700787 0.01409845
v 0.03912438 0.01700787 0.01507443
v 0.02505600 0.03176151 0.01903849
v 0.02539071 0.03080283 0.01919575
v 0.02998194 0.02292189 0.01967218
v 0.03064043 0.02292189 0.01933452
v 0.03742177 0.01760952 0.01630944
v 0.03727989 0.01826737 0.01621230
v 0.04220946 0.01306409 0.01321960
v 0.04205666 0.01404921 0.01303921
v 0.04132905 0.01555995 0.01333061
v 0.04079062 0.01591366 0.01377929
v 0.04024854 0.01626407 0.01422334
v 0.04035769 0.01560623 0.01433435
v 0.02771906 0.03835651 -0.00392252
v 0.02696962 0.03890526 -0.00395952
v 0.02668586 0.03929535 -0.00293729
v 0.02660218 0.03922923 -0.00365424
v 0.02521972 0.04096806 0.00099902
v 0.02531795 0.04104410 0.00198425
v 0.02572904 0.04029369 -0.00096682
v 0.02537252 0.04107054 0.00297411
v 0.02533250 0.04105071 0.00395934
v 0.02521244 0.04099451 0.00494457
v 0.02610377 0.04044906 0.00490757
v 0.02656580 0.04019121 0.00455603
v 0.02871226 0.03834990 0.00691504
v 0.02920339 0.03797635 0.00691504
v 0.02984006 0.03748379 0.00691504
v 0.03033119 0.03708048 0.00691504
v 0.02970545 0.03740445 0.00790027
v 0.03237578 0.03517636 0.00712319
v 0.03231394 0.03413835 0.01016677
v 0.02956720 0.03728875 0.00854784
v 0.02938894 0.03712676 0.00920466
v 0.02957811 0.03630032 0.01050906
v 0.03042214 0.03519619 0.01126301
v 0.03081505 0.03455157 0.01184120
v 0.03024388 0.03504413 0.01184120
v 0.02955992 0.03529867 0.01243327
v 0.02891235 0.03566562 0.01272005
v 0.02865405 0.03537471 0.01346013
v 0.02965451 0.03440942 0.01347863
v 0.02998194 0.03376149 0.01381629
v 0.02965815 0.03342761 0.01446849
v 0.02931254 0.03309704 0.01512531
v 0.02997830 0.03276976 0.01479227
v 0.03029845 0.03209208 0.01511606
v 0.02865769 0.03439620 0.01444536
v 0.02824658 0.03505074 0.01411695
v 0.02758810 0.03528876 0.01435748
v 0.02532158 0.03507719 0.01611979
v 0.02466309 0.03530859 0.01634182
v 0.02461580 0.03428380 0.01729004
v 0.02505600 0.03261109 0.01852505
v 0.02361533 0.03229373 0.01924663
v 0.02427018 0.03207225 0.01914487
v 0.03550452 0.02069050 -0.01631887
v 0.03190647 0.02579129 -0.01644376
v 0.03220479 0.02605906 -0.01606447
v 0.03287784 0.02580121 -0.01570830
v 0.03390013 0.02482931 -0.01550478
v 0.03392560 0.02193677 -0.01680918
v 0.03150629 0.02447560 -0.01724860
v 0.03097877 0.02483923 -0.01736423
v 0.03065862 0.02558964 -0.01729948
v 0.03038940 0.02624749 -0.01717922
v 0.03154630 0.02648220 -0.01630962
v 0.03321981 0.02806897 -0.01408938
v 0.03255769 0.02942433 -0.01341405
v 0.03256132 0.02847227 -0.01436228
v 0.03161543 0.02946069 -0.01440391
v 0.03291058 0.02778467 -0.01451492
v 0.03355088 0.02554005 -0.01535214
v 0.03166636 0.02785078 -0.01541690
v 0.03189192 0.03052515 -0.01270635
v 0.03141897 0.03126234 -0.01225305
v 0.03164453 0.03148051 -0.01159623
v 0.03229938 0.03114994 -0.01103654
v 0.02642756 0.03812180 -0.00722513
v 0.02577270 0.03835320 -0.00768305
v 0.02607830 0.03852180 -0.00688747
v 0.02463035 0.03921931 -0.00744715
v 0.02531067 0.03902758 -0.00687822
v 0.02548893 0.03914659 -0.00628615
v 0.02568539 0.03925568 -0.00562933
v 0.02587093 0.03936807 -0.00490775
v 0.02461580 0.04019782 -0.00450533
v 0.02650031 0.03915981 -0.00431569
v 0.03063315 0.03239952 -0.01149447
v 0.02660582 0.03629041 -0.01043985
v 0.02642392 0.03712346 -0.00918634
v 0.03802569 0.01700787 0.01602728
v 0.03862961 0.01700787 0.01553698
v 0.03937178 0.01559631 0.01531495
v 0.03925536 0.01625416 0.01520394
v 0.02472858 0.03141770 0.01927439
v 0.02893054 0.02285577 0.02005610
v 0.02920703 0.02193677 0.02013936
v 0.02998194 0.02193677 0.01981557
v 0.03589743 0.01601945 0.01768321
v 0.03639948 0.01653845 0.01727154
v 0.03753455 0.01700787 0.01638807
v 0.04156189 0.01404921 0.01358039
v 0.04121991 0.01323599 0.01420483
v 0.04093978 0.01503433 0.01391343
v 0.03996114 0.01503433 0.01492179
v 0.04044864 0.01503433 0.01442686
v 0.04012122 0.01404921 0.01507906
v 0.02562718 0.04021765 -0.00169765
v 0.02500143 0.04092178 -0.00000934
v 0.02463399 0.04118955 0.00029594
v 0.02472494 0.04122922 0.00099902
v 0.02210190 0.04245896 0.00099902
v 0.02210190 0.04252177 0.00198425
v 0.02487774 0.04129864 0.00297411
v 0.02407009 0.04164905 0.00395934
v 0.02484136 0.04128542 0.00395934
v 0.02472130 0.04122591 0.00494457
v 0.02462307 0.04117963 0.00554589
v 0.02499416 0.04090525 0.00589743
v 0.02584546 0.04039286 0.00592981
v 0.02860311 0.03826395 0.00790027
v 0.02909789 0.03789701 0.00790027
v 0.02851216 0.03820114 0.00840445
v 0.02894873 0.03766560 0.00880687
v 0.02868679 0.03735156 0.00987074
v 0.02917793 0.03695817 0.00987074
v 0.02937438 0.03612842 0.01116588
v 0.02851216 0.03623090 0.01235001
v 0.02822112 0.03603255 0.01300683
v 0.02756263 0.03625074 0.01335374
v 0.02790461 0.03566231 0.01373766
v 0.02931254 0.03408546 0.01413545
v 0.02702783 0.03596644 0.01402906
v 0.02579817 0.03540776 0.01546297
v 0.02497597 0.03568545 0.01573125
v 0.02463035 0.03626065 0.01533808
v 0.02276039 0.03730858 0.01539359
v 0.02152709 0.03815816 0.01525020
v 0.01936244 0.03806891 0.01617530
v 0.01815824 0.03834990 0.01640657
v 0.01248287 0.04005567 0.01717441
v 0.01182802 0.04019451 0.01729004
v 0.01091486 0.03923915 0.01830303
v 0.00996897 0.03828047 0.01929289
v 0.02308781 0.03239621 0.01932527
v 0.02162531 0.03130862 0.02022724
v 0.03392560 0.01306409 -0.01879814
v 0.02651123 0.02830037 -0.01820608
v 0.03002923 0.02690203 -0.01700344
v 0.03087690 0.02874334 -0.01538914
v 0.03094239 0.02683261 -0.01649464
v 0.02556533 0.02933838 -0.01822458
v 0.03125526 0.02714004 -0.01611535
v 0.03146990 0.02835326 -0.01526426
v 0.03189556 0.02977143 -0.01371471
v 0.03187009 0.02874004 -0.01470919
v 0.03114248 0.02901111 -0.01506073
v 0.03048399 0.02933507 -0.01526426
v 0.03084780 0.02972846 -0.01469994
v 0.03055312 0.03036647 -0.01433915
v 0.03120797 0.03011524 -0.01401074
v 0.03152084 0.03035986 -0.01335392
v 0.03104425 0.03109374 -0.01287287
v 0.03076412 0.03151688 -0.01259534
v 0.02628567 0.03606561 -0.01109668
v 0.02607466 0.03754329 -0.00885793
v 0.02553259 0.03818461 -0.00833988
v 0.02481589 0.03931849 -0.00687822
v 0.02576543 0.03736147 -0.00958414
v 0.02541253 0.03715651 -0.01024096
v 0.02077037 0.03827056 -0.01242882
v 0.01876944 0.03923915 -0.01240569
v 0.01888585 0.04126889 -0.00854340
v 0.01685582 0.04221764 -0.00850177
v 0.01480031 0.04316309 -0.00843701
v 0.01367615 0.04409201 -0.00732689
v 0.02267307 0.04119286 -0.00450996
v 0.02512149 0.03946394 -0.00592999
v 0.02408100 0.04036311 -0.00486612
v 0.02285134 0.04129533 -0.00392252
v 0.02351347 0.04111682 -0.00324720
v 0.02473949 0.04026724 -0.00392252
v 0.02523063 0.03998625 -0.00392252
v 0.02541617 0.04008873 -0.00293729
v 0.02551804 0.04014824 -0.00235447
v 0.02599099 0.03645239 -0.01079139
v 0.03819304 0.01601945 0.01615680
v 0.03947000 0.01503433 0.01540284
v 0.02377177 0.02065413 0.02225784
v 0.02443026 0.02018471 0.02214683
v 0.02459033 0.01953017 0.02220233
v 0.02707513 0.01891861 0.02134661
v 0.03698157 0.01601945 0.01700326
v 0.03770190 0.01601945 0.01650833
v 0.04060144 0.01404921 0.01458875
v 0.04077970 0.01290542 0.01475989
v 0.04024127 0.01324922 0.01520394
v 0.02505600 0.04070360 -0.00096682
v 0.02452849 0.04113335 -0.00036088
v 0.02308781 0.04160277 -0.00195205
v 0.02229108 0.04199946 -0.00195205
v 0.02308781 0.04175484 -0.00096682
v 0.02243296 0.04206558 -0.00096682
v 0.02300414 0.04193004 0.00005542
v 0.02262214 0.04215153 0.00039770
v 0.02102867 0.04292838 0.00105915
v 0.02064304 0.04313334 0.00142919
v 0.02216375 0.04232012 0.00005542
v 0.02115600 0.04293830 0.00198425
v 0.02210190 0.04255483 0.00297411
v 0.02280768 0.04223748 0.00297411
v 0.02407009 0.04166558 0.00297411
v 0.02328791 0.04200938 0.00395934
v 0.02407009 0.04152343 0.00494457
v 0.01975535 0.04317962 0.00672077
v 0.01962438 0.04312012 0.00737759
v 0.02444481 0.04110029 0.00620271
v 0.02494322 0.04038625 0.00790027
v 0.02663856 0.03923915 0.00854784
v 0.02699145 0.03890526 0.00888088
v 0.02642028 0.03911353 0.00920466
v 0.02554351 0.03917634 0.01035641
v 0.02705330 0.03847552 0.00986611
v 0.02762811 0.03826725 0.00953307
v 0.02828297 0.03804246 0.00906127
v 0.02851944 0.03722263 0.01038879
v 0.02738800 0.03712346 0.01216036
v 0.02762811 0.03728875 0.01150354
v 0.02673679 0.03734825 0.01251190
v 0.02302960 0.03846890 0.01380241
v 0.02210190 0.03839948 0.01456100
v 0.02210190 0.03799618 0.01505593
v 0.02642756 0.03616148 0.01423259
v 0.02554351 0.03819122 0.01233150
v 0.02488866 0.03837965 0.01256740
v 0.02308781 0.03899783 0.01308546
v 0.02528520 0.03606561 0.01511143
v 0.02013007 0.03895154 0.01503280
v 0.01943884 0.03909700 0.01519932
v 0.01878035 0.03923254 0.01534733
v 0.01461841 0.04012840 0.01623543
v 0.02086860 0.03830031 0.01538896
v 0.02140339 0.03908047 0.01417708
v 0.02062121 0.04016807 0.01332136
v 0.02074854 0.03924245 0.01438060
v 0.01395992 0.04025732 0.01637882
v 0.01322867 0.04039617 0.01653146
v 0.01212998 0.04061765 0.01673036
v 0.01177344 0.04116310 0.01629094
v 0.00852829 0.04334821 0.01458875
v 0.00928501 0.03832014 0.01932527
v 0.01281029 0.02935821 0.02319681
v 0.01346514 0.02906731 0.02310430
v 0.01377074 0.02840946 0.02319681
v 0.00890301 0.03080283 -0.02319700
v 0.00880479 0.03131192 -0.02315074
v 0.02048296 0.03314662 -0.01817832
v 0.02445573 0.03023424 -0.01817832
v 0.02108324 0.03376480 -0.01754000
v 0.02180722 0.03344083 -0.01738736
v 0.02998194 0.03001276 -0.01502373
v 0.02138884 0.03409868 -0.01707745
v 0.02719519 0.03205241 -0.01504223
v 0.02764266 0.03237307 -0.01438078
v 0.02635479 0.03514661 -0.01217904
v 0.03091692 0.03055490 -0.01372396
v 0.02163987 0.03723585 -0.01331229
v 0.02110507 0.03787387 -0.01277111
v 0.02034472 0.03805899 -0.01308564
v 0.01911505 0.03885899 -0.01275723
v 0.01815824 0.03906725 -0.01310414
v 0.01815824 0.03937799 -0.01260922
v 0.01671029 0.04018129 -0.01232243
v 0.01571710 0.04116641 -0.01133720
v 0.01472755 0.04214822 -0.01034734
v 0.01515684 0.04280938 -0.00879780
v 0.01421458 0.04328871 -0.00865904
v 0.01264658 0.04407879 -0.00828900
v 0.01330143 0.04398953 -0.00792358
v 0.01301766 0.04421763 -0.00763217
v 0.01330143 0.04436970 -0.00695222
v 0.01388716 0.04421763 -0.00667007
v 0.02210190 0.04164905 -0.00392252
v 0.02204733 0.04193996 -0.00293266
v 0.02314602 0.04138789 -0.00292804
v 0.02374994 0.04124905 -0.00195205
v 0.02441934 0.04107385 -0.00096682
v 0.02424108 0.04097137 -0.00195205
v 0.02492140 0.04037633 -0.00293729
v 0.02513604 0.04044575 -0.00199831
v 0.03877877 0.01501780 0.01594865
v 0.03830218 0.01533185 0.01623543
v 0.03963008 0.01404921 0.01552310
v 0.02308781 0.01996323 0.02256312
v 0.02408828 0.01990042 0.02230872
v 0.02407009 0.01897811 0.02242435
v 0.02168352 0.04217136 -0.00260425
v 0.02179994 0.04222425 -0.00195205
v 0.02194182 0.04229037 -0.00096682
v 0.02253119 0.04211186 -0.00025449
v 0.01717233 0.04443581 0.00198425
v 0.01914416 0.04370854 0.00198425
v 0.02013007 0.04334160 0.00198425
v 0.02066123 0.04313995 0.00198425
v 0.01481486 0.04513333 -0.00071242
v 0.01538968 0.04498788 0.00001841
v 0.02115964 0.04294822 0.00297411
v 0.02210190 0.04253169 0.00395934
v 0.02279313 0.04222756 0.00395934
v 0.02269490 0.04218459 0.00466704
v 0.01989360 0.04322921 0.00592981
v 0.01923511 0.04335483 0.00699367
v 0.02398641 0.04088872 0.00782626
v 0.02424472 0.04100773 0.00691504
v 0.01815824 0.04358623 0.00790027
v 0.01895498 0.04326557 0.00790027
v 0.01944612 0.04304078 0.00790027
v 0.02475405 0.04027055 0.00865885
v 0.02607102 0.03944080 0.00888088
v 0.02576179 0.03930526 0.00969497
v 0.02507419 0.03998295 0.00894563
v 0.02451757 0.04014162 0.00931568
v 0.02535432 0.03908047 0.01085597
v 0.02612559 0.03858791 0.01092998
v 0.02674043 0.03833006 0.01065245
v 0.02650759 0.03817469 0.01130927
v 0.02739528 0.03810858 0.01018990
v 0.02797737 0.03786064 0.00986611
v 0.02612559 0.03806891 0.01193834
v 0.02216375 0.03893171 0.01383479
v 0.02584910 0.03839287 0.01167468
v 0.02509239 0.03871353 0.01187820
v 0.02430656 0.03903750 0.01208635
v 0.02364808 0.03921931 0.01238701
v 0.02308781 0.03937468 0.01259053
v 0.02213828 0.03969534 0.01285881
v 0.02187998 0.03933171 0.01352026
v 0.02013007 0.03937138 0.01453787
v 0.01912233 0.03952014 0.01484315
v 0.01862391 0.04015815 0.01429734
v 0.02111599 0.04003584 0.01314559
v 0.02174173 0.04023418 0.01243327
v 0.02111599 0.04039286 0.01265529
v 0.01974080 0.04119616 0.01239626
v 0.01996272 0.04029369 0.01347863
v 0.01091486 0.04219450 0.01534733
v 0.01071477 0.04311020 0.01428809
v 0.00928501 0.04329863 0.01447774
v 0.00922317 0.04383416 0.01372378
v 0.01224276 0.02785078 0.02346972
v 0.01317410 0.02877640 0.02324769
v 0.01322867 0.02785078 0.02336796
v 0.02167261 0.01759630 0.02319681
v 0.00852829 0.03080283 -0.02328025
v 0.00852829 0.03143424 -0.02318774
v 0.01871850 0.03428380 -0.01823845
v 0.01937699 0.03405571 -0.01810894
v 0.02014462 0.03374166 -0.01797480
v 0.02073035 0.03432017 -0.01729948
v 0.02179266 0.03535487 -0.01539377
v 0.02289500 0.03544413 -0.01450105
v 0.02642756 0.03419455 -0.01321978
v 0.01968987 0.03822097 -0.01332154
v 0.02237475 0.03610198 -0.01410788
v 0.02103595 0.03549702 -0.01573606
v 0.02019192 0.03594330 -0.01575918
v 0.01865666 0.03721271 -0.01526426
v 0.01914416 0.03835981 -0.01349731
v 0.01848203 0.03813172 -0.01419576
v 0.01815460 0.03853502 -0.01383035
v 0.01762709 0.03916642 -0.01326604
v 0.00969247 0.04211516 -0.01324754
v 0.01450927 0.04108046 -0.01219755
v 0.01419276 0.04143748 -0.01184601
v 0.01421458 0.04196641 -0.01101342
v 0.01421458 0.04225401 -0.01052311
v 0.01421458 0.04264078 -0.00983854
v 0.01421458 0.04301764 -0.00915396
v 0.01371253 0.04312342 -0.00933898
v 0.01198809 0.04419449 -0.00849714
v 0.01125684 0.04472011 -0.00786807
v 0.01228641 0.04436309 -0.00792358
v 0.01224276 0.04474986 -0.00687822
v 0.01322867 0.04471019 -0.00589298
v 0.02143977 0.04210194 -0.00326107
v 0.02308781 0.01897811 0.02270188
v 0.02308781 0.01799299 0.02279902
v 0.01451291 0.04502755 -0.00195205
v 0.01466570 0.04508374 -0.00137387
v 0.01318137 0.04494160 -0.00488925
v 0.01349061 0.04502093 -0.00392252
v 0.01541514 0.04500771 0.00099902
v 0.01618641 0.04476969 0.00198425
v 0.01717233 0.04444242 0.00297411
v 0.01789630 0.04419449 0.00297411
v 0.01489490 0.04515977 0.00001841
v 0.01838744 0.04401267 0.00297411
v 0.01914416 0.04372838 0.00297411
v 0.02013007 0.04335152 0.00297411
v 0.02066850 0.04314326 0.00297411
v 0.01086393 0.04611514 -0.00259037
v 0.01148968 0.04600274 -0.00195205
v 0.01322867 0.04558622 -0.00096682
v 0.01421458 0.04537134 0.00001841
v 0.02065395 0.04313665 0.00361705
v 0.02103595 0.04296475 0.00395009
v 0.02051207 0.04308375 0.00494457
v 0.01914416 0.04351350 0.00592981
v 0.01815824 0.04379119 0.00691504
v 0.01683035 0.04416143 0.00756261
v 0.01716505 0.04393333 0.00789564
v 0.01717233 0.04358623 0.00888550
v 0.01811822 0.04326557 0.00884850
v 0.01874033 0.04316309 0.00849234
v 0.02015554 0.04236640 0.00888550
v 0.02414285 0.04046228 0.00894563
v 0.02308781 0.04062426 0.00987074
v 0.02210190 0.04072674 0.01085597
v 0.02303688 0.04030360 0.01077271
v 0.02359714 0.04017798 0.01038879
v 0.02429565 0.04003253 0.00987074
v 0.02486319 0.03934163 0.01085597
v 0.02464127 0.03922262 0.01142953
v 0.02239658 0.04005898 0.01210948
v 0.02039929 0.04106063 0.01210023
v 0.01458567 0.04307714 0.01225287
v 0.01393082 0.04319285 0.01244714
v 0.01200992 0.04321929 0.01346013
v 0.01125684 0.04301103 0.01415395
v 0.01859845 0.04211847 0.01129539
v 0.01642653 0.04303417 0.01111500
v 0.01576804 0.04314987 0.01140178
v 0.01005628 0.04320937 0.01438523
v 0.01125684 0.04334821 0.01365902
v 0.01034005 0.04347383 0.01390418
v 0.00950693 0.04407879 0.01323810
v 0.00885208 0.04411846 0.01333524
v 0.01322867 0.02489212 0.02362699
v 0.01322867 0.02587724 0.02354373
v 0.02111599 0.01700787 0.02334021
v 0.02180358 0.01700787 0.02323382
v 0.01663026 0.03521934 -0.01819682
v 0.01815824 0.03489537 -0.01787767
v 0.01905320 0.03470694 -0.01768802
v 0.02013007 0.03446893 -0.01744749
v 0.01520050 0.03551355 -0.01849286
v 0.01597177 0.03535818 -0.01833097
v 0.01871487 0.03625735 -0.01627724
v 0.02065395 0.03525570 -0.01626336
v 0.02130880 0.03506727 -0.01605059
v 0.01815824 0.03687222 -0.01587482
v 0.01717233 0.03708709 -0.01611072
v 0.01815824 0.03731519 -0.01538452
v 0.01815460 0.03784742 -0.01471382
v 0.01055470 0.04108046 -0.01418189
v 0.00933231 0.04185070 -0.01374709
v 0.00903762 0.04220772 -0.01339093
v 0.00933231 0.04243913 -0.01286825
v 0.01074387 0.04410524 -0.00933436
v 0.01353790 0.04208211 -0.01122619
v 0.01332326 0.04296144 -0.00985242
v 0.01305768 0.04323913 -0.00953326
v 0.01125684 0.04431019 -0.00870066
v 0.01035824 0.04440937 -0.00894582
v 0.01034733 0.04494821 -0.00783107
v 0.01072205 0.04509035 -0.00734539
v 0.01225003 0.04498788 -0.00592536
v 0.01258473 0.04505399 -0.00520841
v 0.01282485 0.04512671 -0.00455159
v 0.01402177 0.04519614 -0.00195205
v 0.01322867 0.04545399 -0.00195205
v 0.01299947 0.04518291 -0.00392252
v 0.01328688 0.04525895 -0.00296504
v 0.01421458 0.04539448 0.00099902
v 0.01242102 0.04598291 0.00198425
v 0.01618641 0.04475978 0.00297411
v 0.01536057 0.04499118 0.00395934
v 0.01618641 0.04472341 0.00395934
v 0.01475302 0.04511350 0.00569853
v 0.01717233 0.04438292 0.00395934
v 0.01779807 0.04415813 0.00395934
v 0.01829285 0.04397962 0.00395934
v 0.01914416 0.04366887 0.00395934
v 0.01322867 0.04571184 0.00099902
v 0.01027093 0.04626390 -0.00195205
v 0.01099854 0.04614820 -0.00195205
v 0.01224276 0.04560605 -0.00293729
v 0.01125684 0.04571184 -0.00392252
v 0.01027093 0.04577465 -0.00490775
v 0.01025637 0.04597960 -0.00395027
v 0.00960516 0.04606555 -0.00429718
v 0.01224276 0.04587712 -0.00096682
v 0.01322867 0.04566556 0.00001841
v 0.01187895 0.04612175 0.00099902
v 0.01237372 0.04597299 0.00099902
v 0.02058483 0.04311020 0.00427388
v 0.01815824 0.04387052 0.00592981
v 0.01745610 0.04403912 0.00691504
v 0.01513138 0.04496143 0.00598531
v 0.01466934 0.04509366 0.00635535
v 0.00996897 0.04614159 0.00760886
v 0.00962699 0.04604241 0.00826569
v 0.01615731 0.04425069 0.00789564
v 0.01646654 0.04404904 0.00821943
v 0.01696496 0.04421102 0.00691504
v 0.01613184 0.04324243 0.01081434
v 0.01677578 0.04315979 0.01045817
v 0.01776533 0.04316309 0.00947757
v 0.01842018 0.04303417 0.00914916
v 0.01958436 0.04211847 0.01031016
v 0.01984266 0.04224078 0.00965334
v 0.02069397 0.04118624 0.01144341
v 0.02267671 0.04021104 0.01145266
v 0.02333520 0.04004576 0.01104561
v 0.02208007 0.04035650 0.01180420
v 0.02105778 0.04086558 0.01179957
v 0.01920964 0.04202260 0.01092535
v 0.01027093 0.04399284 0.01302995
v 0.01822373 0.04241268 0.01092535
v 0.01712867 0.04288210 0.01081434
v 0.01372708 0.04411185 0.01037029
v 0.01411999 0.04385069 0.01076346
v 0.01322867 0.04366557 0.01184120
v 0.00928501 0.04472011 0.01184120
v 0.00868473 0.04508043 0.01130464
v 0.01322867 0.02390701 0.02368712
v 0.02013007 0.01700787 0.02343734
v 0.01664117 0.03620776 -0.01721622
v 0.01717233 0.03609536 -0.01710521
v 0.01717233 0.03659453 -0.01661028
v 0.01938791 0.03513339 -0.01711908
v 0.01381440 0.03625735 -0.01824771
v 0.01447289 0.03614165 -0.01813207
v 0.01520050 0.03600611 -0.01799793
v 0.01664845 0.03719949 -0.01623099
v 0.01815824 0.03637966 -0.01640213
v 0.01717233 0.03749701 -0.01561580
v 0.01375983 0.03821106 -0.01625874
v 0.00989621 0.04119616 -0.01432065
v 0.00928501 0.04130525 -0.01444554
v 0.00852829 0.04227054 -0.01348806
v 0.00853921 0.04305731 -0.01218367
v 0.00928501 0.04295483 -0.01200790
v 0.01008538 0.04419449 -0.00948700
v 0.00928501 0.04499449 -0.00810860
v 0.01006719 0.04513994 -0.00747953
v 0.00928501 0.04549035 -0.00687822
v 0.00928501 0.04579779 -0.00589298
v 0.01027093 0.04555647 -0.00589298
v 0.01192988 0.04613828 0.00198425
v 0.01237009 0.04596969 0.00297411
v 0.01486944 0.04514655 0.00395934
v 0.01481123 0.04513002 0.00494457
v 0.01187895 0.04612175 0.00297411
v 0.01180619 0.04609861 0.00375582
v 0.01174070 0.04607878 0.00441264
v 0.01166794 0.04606555 0.00494457
v 0.01027093 0.04633002 -0.00096682
v 0.01114406 0.04617795 -0.00096682
v 0.01180255 0.04609531 0.00030982
v 0.01171524 0.04607217 -0.00034700
v 0.01163520 0.04604902 -0.00096682
v 0.01217363 0.04596638 -0.00000472
v 0.01125684 0.04626390 0.00099902
v 0.01125684 0.04629365 0.00198425
v 0.01150787 0.04601266 0.00592981
v 0.01086757 0.04611184 0.00656350
v 0.01028912 0.04618456 0.00690116
v 0.00929593 0.04620770 0.00792340
v 0.00897214 0.04612836 0.00851084
v 0.01027093 0.04563250 0.00888550
v 0.01206085 0.04519283 0.00866348
v 0.01743063 0.04303417 0.01013439
v 0.01811822 0.04288541 0.00983373
v 0.00988529 0.04512671 0.01043967
v 0.00928501 0.04500771 0.01112425
v 0.01322867 0.04398623 0.01103174
v 0.00852829 0.04579117 0.00963946
v 0.00856104 0.03911022 -0.01716071
v 0.01381076 0.03724246 -0.01726247
v 0.01520050 0.03649536 -0.01750300
v 0.01520050 0.03698792 -0.01700344
v 0.01598996 0.03731519 -0.01636050
v 0.01322867 0.03830362 -0.01636513
v 0.00852829 0.04378127 -0.01093016
v 0.00872111 0.04409201 -0.01029646
v 0.00852829 0.04522258 -0.00781719
v 0.00928501 0.04519614 -0.00761830
v 0.00852829 0.04553333 -0.00705398
v 0.01125684 0.04626721 0.00297411
v 0.01117680 0.04617134 0.00494457
v 0.01101673 0.04614159 0.00592981
v 0.00852829 0.04617464 0.00864960
v 0.00852829 0.04605564 0.00897339
v 0.00928501 0.04550688 0.00987074
v 0.00929593 0.04590688 0.00885775
v 0.01322867 0.03783420 -0.01686006
v -0.02000176 -0.04583142 0.00395790
v -0.02000176 -0.04582785 0.00413637
v -0.02473951 -0.04362012 0.00452651
v -0.02473677 -0.04362012 0.00395790
v -0.02064148 -0.04552062 0.00297425
v -0.02061961 -0.04551705 0.00199061
v -0.02014666 -0.04574925 0.00297425
v -0.02012752 -0.04572425 0.00199061
v -0.02609003 -0.04286992 0.00395790
v -0.02668054 -0.04261986 0.00297425
v -0.02618845 -0.04288421 0.00297425
v -0.02430210 -0.04379517 0.00489174
v -0.02467663 -0.04358440 0.00518642
v -0.02472584 -0.04361655 0.00345570
v -0.02511951 -0.04341292 0.00306556
v -0.02056494 -0.04549919 0.00100696
v -0.02975611 -0.04073722 0.00277918
v -0.02846574 -0.04151599 0.00297425
v -0.02718903 -0.04230549 0.00297425
v -0.02916013 -0.04113018 0.00199061
v -0.02848214 -0.04153386 0.00199061
v -0.02799005 -0.04182322 0.00199061
v -0.02718903 -0.04228763 0.00199061
v -0.02663953 -0.04260199 0.00199061
v -0.02614744 -0.04284492 0.00199061
v -0.02398770 -0.04374158 0.00592935
v -0.02447980 -0.04346651 0.00592935
v -0.02527808 -0.04294494 0.00595425
v -0.02564988 -0.04259128 0.00629873
v -0.02579750 -0.04269130 0.00564297
v -0.02964129 -0.04064791 0.00343495
v -0.02127300 -0.04515981 0.00100696
v -0.02000176 -0.04572067 0.00100696
v -0.02127300 -0.04507765 0.00001916
v -0.02046378 -0.04544917 0.00001916
v -0.02000176 -0.04564566 0.00001916
v -0.03060360 -0.03964407 0.00433974
v -0.03069928 -0.03972624 0.00367982
v -0.03078403 -0.03980840 0.00297425
v -0.03084691 -0.03985484 0.00199061
v -0.03026460 -0.04034783 0.00199061
v -0.02977251 -0.04074793 0.00199061
v -0.02868991 -0.04067292 -0.00453384
v -0.02839192 -0.04148027 0.00100696
v -0.02789983 -0.04176963 0.00100696
v -0.02718903 -0.04218403 0.00100696
v -0.02693752 -0.04178035 -0.00392373
v -0.02653291 -0.04254841 0.00100696
v -0.02379087 -0.04364513 0.00648965
v -0.02542023 -0.04245553 0.00691299
v -0.02658758 -0.04157672 0.00725333
v -0.02679809 -0.04171604 0.00659756
v -0.02694299 -0.04181607 0.00592935
v -0.02743508 -0.04147312 0.00592935
v -0.02871178 -0.04069078 0.00554751
v -0.02979985 -0.03977982 0.00592935
v -0.03029194 -0.03941544 0.00592935
v -0.03075123 -0.03877598 0.00691299
v -0.03048878 -0.03955834 0.00494155
v -0.02641535 -0.04249482 0.00001916
v -0.02620212 -0.04214830 -0.00392373
v -0.02187444 -0.04465968 -0.00096449
v -0.02127300 -0.04494190 -0.00096449
v -0.02000176 -0.04554563 -0.00080262
v -0.03124332 -0.03837588 0.00691299
v -0.03182563 -0.03788289 0.00691299
v -0.03197052 -0.03801150 0.00592935
v -0.03350694 -0.03663614 0.00592935
v -0.03219196 -0.03831158 0.00395790
v -0.03358348 -0.03670401 0.00538979
v -0.03435989 -0.03651467 0.00297425
v -0.03548897 -0.03565730 0.00199061
v -0.03134173 -0.03941187 0.00199061
v -0.03273599 -0.03781859 0.00395790
v -0.03322808 -0.03736847 0.00395790
v -0.03376665 -0.03687548 0.00395790
v -0.03553271 -0.03570017 0.00100696
v -0.03343586 -0.03755781 0.00001916
v -0.03294377 -0.03798292 0.00001916
v -0.03334291 -0.03748636 -0.00195228
v -0.03327182 -0.03743992 -0.00293593
v -0.03277973 -0.03782574 -0.00293593
v -0.02984632 -0.03983341 -0.00490738
v -0.02907538 -0.04037641 -0.00488248
v -0.02862156 -0.04063004 -0.00519376
v -0.02742961 -0.04149099 -0.00392373
v -0.02730385 -0.04143026 -0.00490738
v -0.02681176 -0.04170533 -0.00490738
v -0.02000176 -0.04488117 0.00789249
v -0.02025601 -0.04478114 0.00789249
v -0.02091213 -0.04466683 0.00755631
v -0.02321950 -0.04378802 0.00685489
v -0.02287230 -0.04368442 0.00755631
v -0.02321950 -0.04331647 0.00789249
v -0.02381274 -0.04267344 0.00849015
v -0.02475591 -0.04166246 0.00941569
v -0.02520153 -0.04212687 0.00788004
v -0.02592873 -0.04177678 0.00768912
v -0.02623492 -0.04145169 0.00797135
v -0.02718083 -0.04090512 0.00786344
v -0.02775220 -0.04070864 0.00750650
v -0.02791350 -0.04082295 0.00691299
v -0.02857782 -0.04059075 0.00620327
v -0.02821969 -0.04093370 0.00589614
v -0.02968229 -0.03969408 0.00648965
v -0.03065007 -0.03869382 0.00742349
v -0.02620212 -0.04200184 -0.00490738
v -0.02179790 -0.04461324 -0.00155800
v -0.02023688 -0.04540988 -0.00100184
v -0.02028882 -0.04494190 -0.00392373
v -0.02000176 -0.04512052 -0.00357925
v -0.03171080 -0.03777572 0.00757706
v -0.03232045 -0.03743278 0.00691299
v -0.03451299 -0.03566445 0.00615762
v -0.03367097 -0.03678618 0.00473403
v -0.03489299 -0.03602169 0.00297425
v -0.03538508 -0.03555371 0.00297425
v -0.03598653 -0.03516432 0.00199061
v -0.03653603 -0.03472849 0.00100696
v -0.03604394 -0.03520719 0.00100696
v -0.03459227 -0.03574304 0.00549770
v -0.03425874 -0.03640750 0.00395790
v -0.03601934 -0.03518218 0.00001916
v -0.03550537 -0.03567160 0.00001916
v -0.03501328 -0.03612529 0.00001916
v -0.03447472 -0.03661827 0.00001916
v -0.03394435 -0.03703267 -0.00096449
v -0.03339485 -0.03752566 -0.00096449
v -0.03385413 -0.03694693 -0.00293593
v -0.03428881 -0.03647181 -0.00392373
v -0.03379946 -0.03688263 -0.00392373
v -0.03317887 -0.03737562 -0.00392373
v -0.02974244 -0.03974410 -0.00589518
v -0.02671881 -0.04165532 -0.00544278
v -0.02916013 -0.04012277 -0.00589518
v -0.02888128 -0.03979411 -0.00786662
v -0.02845753 -0.04054431 -0.00589518
v -0.02000176 -0.04468111 0.00832413
v -0.02056220 -0.04451678 0.00821207
v -0.02125386 -0.04435246 0.00789249
v -0.02226265 -0.04385232 0.00789249
v -0.02259345 -0.04353081 0.00821622
v -0.02592600 -0.04079795 0.00964811
v -0.02684730 -0.04075508 0.00858146
v -0.02567175 -0.04161959 0.00834489
v -0.02352842 -0.04251626 0.00914591
v -0.02416814 -0.04180178 0.00979753
v -0.02445246 -0.04148384 0.01007561
v -0.02565535 -0.04062290 0.01030388
v -0.02750342 -0.04054074 0.00816642
v -0.02774400 -0.03971552 0.00946135
v -0.02818688 -0.03918681 0.00988884
v -0.02863797 -0.03965122 0.00835319
v -0.02887308 -0.03981912 0.00769742
v -0.03011151 -0.03887958 0.00781363
v -0.03041496 -0.03852592 0.00808341
v -0.03087151 -0.03786861 0.00872257
v -0.03151397 -0.03663614 0.01021257
v -0.03152764 -0.03762568 0.00823282
v -0.02283129 -0.04365227 -0.00460025
v -0.02294338 -0.04370943 -0.00392373
v -0.02225992 -0.04418455 -0.00293593
v -0.02156826 -0.04450964 -0.00293593
v -0.02107616 -0.04473470 -0.00293593
v -0.02090940 -0.04465968 -0.00392373
v -0.02081098 -0.04461324 -0.00448819
v -0.02032162 -0.04477043 -0.00485342
v -0.02000176 -0.04506693 -0.00391128
v -0.03271686 -0.03681475 0.00761856
v -0.03437903 -0.03553585 0.00691299
v -0.03388967 -0.03599311 0.00691299
v -0.03285902 -0.03693979 0.00691299
v -0.03190217 -0.03697194 0.00888444
v -0.03239700 -0.03651110 0.00888444
v -0.03212908 -0.03721843 0.00792569
v -0.03485472 -0.03504286 0.00691299
v -0.03550264 -0.03467133 0.00592935
v -0.03556279 -0.03474278 0.00543545
v -0.03564480 -0.03483209 0.00477968
v -0.03574595 -0.03493926 0.00395790
v -0.03586897 -0.03506072 0.00297425
v -0.03647862 -0.03466419 0.00199061
v -0.03477544 -0.03591452 0.00395790
v -0.03651416 -0.03470348 0.00001916
v -0.03688050 -0.03417120 0.00199061
v -0.03737259 -0.03354603 0.00199061
v -0.03824468 -0.03241002 0.00199061
v -0.03691330 -0.03423550 0.00100696
v -0.03738625 -0.03356033 -0.00096449
v -0.03736985 -0.03353532 -0.00195228
v -0.03483832 -0.03597882 -0.00392373
v -0.03389514 -0.03699337 -0.00195228
v -0.03473170 -0.03587879 -0.00490738
v -0.03370377 -0.03679689 -0.00474136
v -0.03255009 -0.03764712 -0.00514395
v -0.03023453 -0.03934399 -0.00589518
v -0.02966042 -0.03967980 -0.00641398
v -0.02470944 -0.04261986 -0.00535977
v -0.02874185 -0.03971195 -0.00846843
v -0.02651377 -0.04155529 -0.00609855
v -0.02564988 -0.04161602 -0.00727726
v -0.02585765 -0.04171247 -0.00662150
v -0.02521793 -0.04222689 -0.00589518
v -0.02453994 -0.04254484 -0.00589518
v -0.02953466 -0.03959406 -0.00707389
v -0.02000176 -0.04438103 0.00894669
v -0.02123746 -0.04385232 0.00887199
v -0.02193732 -0.04370943 0.00853580
v -0.02287230 -0.04269130 0.00947795
v -0.02748429 -0.03954404 0.01012126
v -0.02718083 -0.04037284 0.00890104
v -0.02379633 -0.04167318 0.01040349
v -0.02682816 -0.03975481 0.01048235
v -0.02499922 -0.04082653 0.01056536
v -0.02762098 -0.03865095 0.01130828
v -0.02862976 -0.03865810 0.01031218
v -0.02886488 -0.03882600 0.00965641
v -0.02975884 -0.03876170 0.00853995
v -0.02952373 -0.03859380 0.00919572
v -0.03063641 -0.03770070 0.00937834
v -0.03045870 -0.03757210 0.00987224
v -0.03085784 -0.03687191 0.01066081
v -0.03116404 -0.03650396 0.01093474
v -0.03172447 -0.03580735 0.01145769
v -0.03191311 -0.03597525 0.01085588
v -0.03172721 -0.03680404 0.00955265
v -0.02268913 -0.04358440 -0.00526016
v -0.02067156 -0.04454894 -0.00514395
v -0.02225992 -0.04403094 -0.00392373
v -0.02140149 -0.04443105 -0.00392373
v -0.02000176 -0.04471326 -0.00570426
v -0.03372291 -0.03584664 0.00766007
v -0.03291916 -0.03602169 0.00888444
v -0.03470162 -0.03487496 0.00766837
v -0.03256650 -0.03568589 0.01027898
v -0.03273326 -0.03584307 0.00962321
v -0.03534681 -0.03449271 0.00691299
v -0.03551904 -0.03370679 0.00827848
v -0.03593185 -0.03417834 0.00592935
v -0.03746554 -0.03269224 0.00515322
v -0.03754755 -0.03278512 0.00449745
v -0.03659618 -0.03381039 0.00463857
v -0.03624078 -0.03439626 0.00395790
v -0.03636107 -0.03453201 0.00297425
v -0.03760223 -0.03285300 0.00395790
v -0.03687776 -0.03410690 -0.00195228
v -0.03645948 -0.03465347 -0.00096449
v -0.03768698 -0.03296374 0.00297425
v -0.03852627 -0.03179200 0.00349305
v -0.03856181 -0.03183844 0.00297425
v -0.03898282 -0.03129187 0.00297425
v -0.03943390 -0.03069886 0.00297425
v -0.03909491 -0.03129187 0.00199061
v -0.03948858 -0.03077388 0.00199061
v -0.03740539 -0.03358533 0.00100696
v -0.03739719 -0.03357104 0.00001916
v -0.03775259 -0.03306734 -0.00096449
v -0.03776626 -0.03307806 0.00001916
v -0.03863562 -0.03193847 0.00100696
v -0.04154716 -0.02793742 0.00001916
v -0.03772525 -0.03304233 -0.00195228
v -0.03767878 -0.03297088 -0.00293593
v -0.03729604 -0.03346387 -0.00293593
v -0.03680121 -0.03403902 -0.00293593
v -0.03586624 -0.03503929 -0.00293593
v -0.03635833 -0.03453201 -0.00293593
v -0.03533314 -0.03546440 -0.00392373
v -0.03834583 -0.03158123 -0.00490738
v -0.03863015 -0.03092749 -0.00570011
v -0.03461961 -0.03577162 -0.00550919
v -0.03359442 -0.03671473 -0.00539713
v -0.03405097 -0.03643966 -0.00500699
v -0.03577329 -0.03497141 -0.00392373
v -0.03761316 -0.03286729 -0.00367886
v -0.02001543 -0.04470255 -0.00572086
v -0.02656845 -0.04059432 -0.00912005
v -0.02622672 -0.04085868 -0.00881706
v -0.02937337 -0.03944759 -0.00786662
v -0.03356435 -0.03570017 -0.00828996
v -0.03340032 -0.03555728 -0.00885027
v -0.02851221 -0.03956191 -0.00912420
v -0.02785609 -0.03977268 -0.00948943
v -0.02567722 -0.04063719 -0.01029046
v -0.02591233 -0.04075865 -0.00963055
v -0.02515505 -0.04138739 -0.00880876
v -0.02496915 -0.04175892 -0.00786662
v -0.03349053 -0.03662542 -0.00589518
v -0.02797091 -0.03888673 0.01064836
v -0.02386468 -0.04072650 0.01143279
v -0.02415994 -0.04110517 0.01081438
v -0.03060906 -0.03669329 0.01131658
v -0.03080043 -0.03484995 0.01346234
v -0.02588772 -0.03780787 0.01344159
v -0.03034388 -0.03455344 0.01411811
v -0.02996661 -0.03792576 0.00987224
v -0.03145655 -0.03459631 0.01317596
v -0.03178188 -0.03488925 0.01251605
v -0.03207987 -0.03519647 0.01179388
v -0.03271139 -0.03484995 0.01147429
v -0.03240520 -0.03553227 0.01085588
v -0.02000176 -0.04470612 -0.00572916
v -0.03355614 -0.03568946 0.00831583
v -0.03413299 -0.03528221 0.00799210
v -0.03454306 -0.03470706 0.00832413
v -0.03537962 -0.03356747 0.00888444
v -0.03355614 -0.03470348 0.01028728
v -0.03372291 -0.03487139 0.00963151
v -0.03341125 -0.03555013 0.00888444
v -0.03564207 -0.03384969 0.00762271
v -0.03577056 -0.03399973 0.00691299
v -0.03734525 -0.03254934 0.00592935
v -0.03685316 -0.03311735 0.00592935
v -0.03567761 -0.03289586 0.00959831
v -0.03582797 -0.03307448 0.00888444
v -0.03632006 -0.03249933 0.00888444
v -0.03776626 -0.03205636 0.00592935
v -0.03840051 -0.03162767 0.00494155
v -0.03784007 -0.03232786 0.00487099
v -0.03847706 -0.03172770 0.00414882
v -0.03640207 -0.03459988 -0.00195228
v -0.03977837 -0.03020587 0.00297425
v -0.04033607 -0.02957713 0.00199061
v -0.03984124 -0.03028089 0.00199061
v -0.03934915 -0.03057382 0.00395790
v -0.04069694 -0.02911272 0.00100696
v -0.04034154 -0.02960571 0.00100696
v -0.03910858 -0.03129187 0.00100696
v -0.03777446 -0.03309234 0.00100696
v -0.04118903 -0.02840897 0.00100696
v -0.04153076 -0.02791598 0.00100696
v -0.04194083 -0.02735512 0.00001916
v -0.04267897 -0.02618695 -0.00096449
v -0.04187795 -0.02735512 -0.00096449
v -0.04150889 -0.02788383 -0.00096449
v -0.04148428 -0.02784811 -0.00150819
v -0.04046729 -0.02879478 -0.00513150
v -0.03846339 -0.03170984 -0.00392373
v -0.03874224 -0.03108825 -0.00490738
v -0.03955419 -0.02987364 -0.00553409
v -0.04137766 -0.02675139 -0.00786662
v -0.03412752 -0.03607885 -0.00586197
v -0.03748194 -0.03073815 -0.00920720
v -0.03448292 -0.03562516 -0.00616910
v -0.02478325 -0.04166961 -0.00844768
v -0.02455908 -0.04156958 -0.00910759
v -0.02367605 -0.04161245 -0.01024066
v -0.03735345 -0.03058454 -0.00983807
v -0.03387874 -0.03506429 -0.00885027
v -0.03371471 -0.03487496 -0.00953509
v -0.03271139 -0.03580377 -0.00947698
v -0.03245987 -0.03560729 -0.01013690
v -0.03180375 -0.03586450 -0.01051873
v -0.02888128 -0.03890459 -0.00960149
v -0.02821696 -0.03920824 -0.00987542
v -0.02529721 -0.04095870 -0.00991277
v -0.02745968 -0.03951189 -0.01014520
v -0.02680356 -0.03974767 -0.01040667
v -0.02620212 -0.03995844 -0.01059759
v -0.02532182 -0.04023351 -0.01088812
v -0.02444972 -0.04049072 -0.01116205
v -0.02502110 -0.04080152 -0.01050628
v -0.02000176 -0.04269130 -0.01138202
v -0.02061415 -0.04254126 -0.01117035
v -0.02423101 -0.04146955 -0.00988372
v -0.02462742 -0.03864738 0.01327972
v -0.03112576 -0.03424622 0.01381098
v -0.02592053 -0.03683619 0.01441694
v -0.02657939 -0.03664685 0.01423847
v -0.02846027 -0.03561087 0.01418036
v -0.02968503 -0.03476064 0.01432563
v -0.03006777 -0.03423550 0.01456220
v -0.03079770 -0.03389613 0.01440863
v -0.03145382 -0.03357461 0.01415961
v -0.03178462 -0.03393900 0.01350385
v -0.03243800 -0.03454273 0.01213006
v -0.03664812 -0.02696573 0.01541304
v -0.03549991 -0.03269938 0.01025822
v -0.03453759 -0.03371394 0.01028313
v -0.03290276 -0.03503929 0.01085588
v -0.03757216 -0.02689785 0.01435468
v -0.03391154 -0.03505715 0.00888444
v -0.03470436 -0.03388184 0.00962736
v -0.03413025 -0.03429266 0.00995939
v -0.03604941 -0.03325667 0.00788004
v -0.03657704 -0.03280298 0.00748160
v -0.03626265 -0.03341743 0.00691299
v -0.03660984 -0.03185988 0.00950700
v -0.03606034 -0.03227784 0.00988054
v -0.03673013 -0.03200634 0.00888444
v -0.03750928 -0.03175271 0.00733634
v -0.03762957 -0.03189917 0.00667642
v -0.03825835 -0.03145620 0.00592935
v -0.03864109 -0.03096321 0.00592935
v -0.03876138 -0.03113469 0.00494155
v -0.04027046 -0.02948068 0.00297425
v -0.03969088 -0.03008084 0.00395790
v -0.04024039 -0.02926634 0.00402431
v -0.04048370 -0.02881622 0.00439784
v -0.04053837 -0.02889838 0.00374208
v -0.04065866 -0.02908415 0.00199061
v -0.04059578 -0.02898769 0.00297425
v -0.03925620 -0.03043807 0.00494155
v -0.04043449 -0.02874477 0.00494155
v -0.04429193 -0.02368629 0.00100696
v -0.04318473 -0.02546891 0.00001916
v -0.04269264 -0.02621910 0.00001916
v -0.04236731 -0.02671209 0.00001916
v -0.04173853 -0.02743014 -0.00188588
v -0.04317106 -0.02544390 -0.00096449
v -0.04262429 -0.02611551 -0.00195228
v -0.04229350 -0.02660849 -0.00195228
v -0.04175220 -0.02726224 -0.00293593
v -0.04141594 -0.02775165 -0.00293593
v -0.04136673 -0.02768020 -0.00392373
v -0.04076255 -0.02841254 -0.00484512
v -0.04131752 -0.02760161 -0.00490738
v -0.04158270 -0.02701932 -0.00589518
v -0.04152529 -0.02693001 -0.00663810
v -0.04145968 -0.02684070 -0.00729801
v -0.04171939 -0.02625840 -0.00786662
v -0.04159637 -0.02607621 -0.00863030
v -0.03776626 -0.03009155 -0.00983807
v -0.02028608 -0.04285921 -0.01083417
v -0.02096408 -0.04270917 -0.01051458
v -0.03558739 -0.03181343 -0.01134052
v -0.03571041 -0.03194919 -0.01082171
v -0.03449659 -0.03367821 -0.01017010
v -0.03349327 -0.03464633 -0.01019085
v -0.03310233 -0.03523934 -0.00983392
v -0.03283441 -0.03494998 -0.01058514
v -0.02857782 -0.03862238 -0.01025726
v -0.03216462 -0.03527506 -0.01087982
v -0.03146202 -0.03560015 -0.01117865
v -0.02792170 -0.03885815 -0.01050213
v -0.02970143 -0.03675045 -0.01134882
v -0.02856962 -0.03763640 -0.01125751
v -0.02742688 -0.03851520 -0.01116205
v -0.02620212 -0.03941901 -0.01109149
v -0.02562527 -0.03961549 -0.01126581
v -0.02496642 -0.03983341 -0.01145673
v -0.02379087 -0.04068720 -0.01134466
v -0.02185531 -0.03972624 -0.01333686
v -0.02187991 -0.04170533 -0.01137787
v -0.02127300 -0.04186966 -0.01154389
v -0.02585218 -0.03581092 0.01536738
v -0.02621578 -0.03622889 0.01480708
v -0.02718903 -0.03597882 0.01452900
v -0.02780415 -0.03580020 0.01437128
v -0.02773307 -0.03477136 0.01532173
v -0.02838919 -0.03458202 0.01515156
v -0.02810760 -0.03425336 0.01558735
v -0.02923121 -0.03425336 0.01500630
v -0.02960575 -0.03372108 0.01526777
v -0.03568581 -0.02695858 0.01637178
v -0.03634466 -0.02661564 0.01607295
v -0.03695157 -0.02625840 0.01569111
v -0.03730424 -0.02655491 0.01501045
v -0.03644035 -0.03165268 0.01016276
v -0.03776899 -0.02711934 0.01381513
v -0.03846612 -0.02679425 0.01322992
v -0.03774986 -0.02628341 0.01472822
v -0.03829936 -0.02642630 0.01389399
v -0.03753388 -0.03079888 0.00937834
v -0.03728510 -0.03128473 0.00898405
v -0.03855360 -0.03084175 0.00651455
v -0.03765691 -0.03094892 0.00871842
v -0.03917145 -0.03023445 0.00589614
v -0.03953779 -0.02985578 0.00554336
v -0.03948858 -0.02880193 0.00833243
v -0.03958426 -0.02893768 0.00767667
v -0.04077075 -0.02825178 0.00494155
v -0.04126284 -0.02751588 0.00494155
v -0.04158270 -0.02702289 0.00494155
v -0.04244386 -0.02584043 0.00428578
v -0.04461180 -0.02319331 0.00100696
v -0.04066413 -0.02809102 0.00592935
v -0.04152802 -0.02693358 0.00561391
v -0.04350459 -0.02497592 0.00001916
v -0.04348819 -0.02495091 -0.00096449
v -0.04316833 -0.02529029 -0.00189833
v -0.04256962 -0.02603334 -0.00293593
v -0.04164285 -0.02711220 -0.00490738
v -0.04169752 -0.02719079 -0.00392373
v -0.04201465 -0.02636914 -0.00589518
v -0.04179047 -0.02645488 -0.00693278
v -0.04224702 -0.02534387 -0.00789982
v -0.04232630 -0.02562966 -0.00687882
v -0.04243566 -0.02483660 -0.00824846
v -0.04262156 -0.02419357 -0.00885027
v -0.04252588 -0.02401138 -0.00943963
v -0.04144874 -0.02582972 -0.00929021
v -0.03761590 -0.02991293 -0.01041082
v -0.03498321 -0.03219568 -0.01149823
v -0.03459774 -0.03278869 -0.01133221
v -0.03853173 -0.02785882 -0.01132806
v -0.03940930 -0.02575470 -0.01217060
v -0.03964714 -0.02509738 -0.01244867
v -0.03901836 -0.02539031 -0.01280561
v -0.03863015 -0.02502593 -0.01336591
v -0.03447472 -0.03164553 -0.01223700
v -0.03356708 -0.03373180 -0.01129071
v -0.03252549 -0.03466776 -0.01124091
v -0.03080590 -0.03585021 -0.01143182
v -0.03186937 -0.03494283 -0.01148163
v -0.03001309 -0.03612529 -0.01171820
v -0.02966862 -0.03573947 -0.01231171
v -0.02916013 -0.03591094 -0.01246528
v -0.02780141 -0.03580735 -0.01335762
v -0.02423101 -0.03846162 -0.01309199
v -0.02413533 -0.03915108 -0.01253998
v -0.02439778 -0.03945831 -0.01211664
v -0.02251143 -0.03951547 -0.01315009
v -0.02220797 -0.04112303 -0.01178046
v -0.02187991 -0.04071935 -0.01236567
v -0.02301719 -0.03885815 -0.01344062
v -0.02359403 -0.03761139 -0.01419600
v -0.02293791 -0.03781859 -0.01436201
v -0.02058134 -0.04055860 -0.01319575
v -0.02127300 -0.04037641 -0.01301728
v -0.02127300 -0.04137667 -0.01203779
v -0.02060321 -0.04155529 -0.01221625
v -0.02028062 -0.04213044 -0.01180536
v -0.02000176 -0.04178392 -0.01228266
v -0.02569635 -0.03375323 0.01725997
v -0.02578110 -0.03478207 0.01631367
v -0.02643722 -0.03459274 0.01614766
v -0.02614744 -0.03425694 0.01659175
v -0.02765652 -0.03374252 0.01626387
v -0.02894962 -0.03392471 0.01543794
v -0.02690471 -0.03289944 0.01737618
v -0.02756357 -0.03268510 0.01720186
v -0.02967956 -0.03082032 0.01728072
v -0.03072389 -0.02989150 0.01732222
v -0.03603301 -0.02631913 0.01652535
v -0.03659891 -0.02595832 0.01632613
v -0.03448839 -0.02677282 0.01721847
v -0.03509803 -0.02641558 0.01705660
v -0.03755029 -0.02589759 0.01530928
v -0.03739992 -0.03062026 0.00987224
v -0.03871764 -0.02613694 0.01362006
v -0.03955966 -0.02594403 0.01242889
v -0.03864929 -0.02703003 0.01257415
v -0.03850166 -0.02573683 0.01427997
v -0.03941477 -0.02772307 0.01019182
v -0.03868756 -0.02904842 0.00968132
v -0.03958153 -0.02795528 0.00953605
v -0.03843878 -0.02970574 0.00919157
v -0.03884339 -0.02935565 0.00887199
v -0.03858095 -0.02988793 0.00853580
v -0.03972095 -0.02615480 0.01184368
v -0.03948858 -0.02683712 0.01131658
v -0.03829936 -0.03052738 0.00790079
v -0.03869577 -0.03003439 0.00790079
v -0.04031967 -0.02858401 0.00592935
v -0.04056571 -0.02794456 0.00665152
v -0.03937102 -0.02864474 0.00888444
v -0.04241379 -0.02383276 0.00923722
v -0.04252588 -0.02400066 0.00858146
v -0.04143781 -0.02679783 0.00627383
v -0.04452978 -0.02306827 0.00199061
v -0.04422633 -0.02356126 0.00199061
v -0.04238372 -0.02574041 0.00494155
v -0.04500547 -0.02242525 0.00100696
v -0.04461453 -0.02321117 0.00001916
v -0.04431107 -0.02370415 0.00001916
v -0.04387366 -0.02439720 0.00001916
v -0.04119723 -0.02729796 0.00593765
v -0.04241379 -0.02480445 0.00720352
v -0.04227983 -0.02555822 0.00592935
v -0.04345811 -0.02490090 -0.00153309
v -0.04381898 -0.02439720 -0.00096449
v -0.04342257 -0.02484374 -0.00219301
v -0.04299336 -0.02538317 -0.00293593
v -0.04244113 -0.02584043 -0.00519376
v -0.04219235 -0.02644059 -0.00392373
v -0.04240285 -0.02577256 -0.00589518
v -0.04252041 -0.02499378 -0.00759269
v -0.04259969 -0.02513668 -0.00687882
v -0.04269537 -0.02527957 -0.00589518
v -0.04338157 -0.02279320 -0.00885027
v -0.04354013 -0.02210016 -0.00955584
v -0.04338703 -0.02183938 -0.01021160
v -0.04056298 -0.02595475 -0.01043157
v -0.03412205 -0.03229571 -0.01201288
v -0.03381859 -0.03197776 -0.01244867
v -0.03022906 -0.03431767 -0.01310444
v -0.03074029 -0.03482852 -0.01237397
v -0.04048370 -0.02388635 -0.01229511
v -0.04030873 -0.02560466 -0.01109149
v -0.04360301 -0.02118206 -0.01047723
v -0.03177641 -0.03098107 -0.01437862
v -0.03926167 -0.02439720 -0.01309199
v -0.03835130 -0.02045330 -0.01513814
v -0.03801504 -0.02152501 -0.01502193
v -0.03752295 -0.02191083 -0.01525020
v -0.03654150 -0.02388635 -0.01525435
v -0.03264851 -0.03182058 -0.01331196
v -0.03110116 -0.03521433 -0.01178461
v -0.03032474 -0.03548583 -0.01208759
v -0.03005683 -0.03518933 -0.01252753
v -0.02958661 -0.03468919 -0.01324970
v -0.02922028 -0.03524648 -0.01300068
v -0.02845753 -0.03558229 -0.01316670
v -0.02657665 -0.03562873 -0.01420430
v -0.02592053 -0.03586450 -0.01437862
v -0.02476138 -0.03673973 -0.01429561
v -0.02423101 -0.03740777 -0.01401753
v -0.02127300 -0.04088369 -0.01252338
v -0.02423101 -0.03691478 -0.01443672
v -0.02325777 -0.03725416 -0.01463179
v -0.02270280 -0.03668615 -0.01524190
v -0.02000176 -0.04134095 -0.01271430
v -0.02000176 -0.04161959 -0.01244453
v -0.02620212 -0.03195990 0.01835153
v -0.02620212 -0.03245289 0.01801949
v -0.02674888 -0.03182415 0.01827267
v -0.02620212 -0.03360319 0.01713131
v -0.03478911 -0.02611551 0.01737618
v -0.03980844 -0.01848135 0.01657100
v -0.04131205 -0.01848135 0.01513911
v -0.04165378 -0.01918153 0.01447504
v -0.03753662 -0.01601641 0.01923556
v -0.03835677 -0.01749538 0.01816476
v -0.03879418 -0.01848135 0.01749654
v -0.03928627 -0.01848135 0.01706075
v -0.03251182 -0.02678711 0.01820626
v -0.03285628 -0.02612979 0.01838058
v -0.04255595 -0.01915653 0.01347479
v -0.04060672 -0.02507237 0.01149505
v -0.04039621 -0.02572969 0.01112981
v -0.03966081 -0.02706933 0.01065666
v -0.04053564 -0.02594046 0.01046990
v -0.04141320 -0.02479373 0.01018352
v -0.04177407 -0.02443649 0.00985979
v -0.04263249 -0.02317544 0.00967717
v -0.04275279 -0.02346838 0.00890104
v -0.04313279 -0.02331834 0.00781363
v -0.04261609 -0.02415785 0.00790079
v -0.04446690 -0.02296825 0.00262977
v -0.04484691 -0.02242525 0.00199061
v -0.04326401 -0.02457224 0.00395790
v -0.04341984 -0.02385420 0.00529018
v -0.04320660 -0.02433647 0.00495400
v -0.04532260 -0.02161075 0.00100696
v -0.04531986 -0.02166076 0.00001916
v -0.04500273 -0.02242525 0.00001916
v -0.04454072 -0.02311114 -0.00096449
v -0.04366315 -0.02427931 -0.00293593
v -0.04367682 -0.02446864 -0.00189833
v -0.04323121 -0.02352911 0.00691299
v -0.04249580 -0.02494020 0.00654361
v -0.04363855 -0.02323617 0.00592935
v -0.04338157 -0.02477229 -0.00293593
v -0.04288127 -0.02538317 -0.00392373
v -0.04332689 -0.02465441 -0.00392373
v -0.04344444 -0.02290752 -0.00833562
v -0.04298243 -0.02439720 -0.00687882
v -0.04321207 -0.02431503 -0.00584537
v -0.04326401 -0.02451151 -0.00490738
v -0.04363035 -0.02230021 -0.00885027
v -0.04374243 -0.02148214 -0.00986712
v -0.04403222 -0.02143927 -0.00885027
v -0.03061453 -0.03373537 -0.01327461
v -0.04062039 -0.02322903 -0.01240717
v -0.04246026 -0.02191797 -0.01131146
v -0.04419625 -0.02040329 -0.00977581
v -0.04370689 -0.02045330 -0.01059344
v -0.04317380 -0.02045330 -0.01108734
v -0.03147023 -0.03163839 -0.01417940
v -0.03084418 -0.03005226 -0.01538716
v -0.03113670 -0.03130259 -0.01456123
v -0.03847706 -0.01978169 -0.01522945
v -0.03785648 -0.02045330 -0.01544942
v -0.03767878 -0.02125351 -0.01534566
v -0.03458407 -0.02391135 -0.01625045
v -0.03019899 -0.02838396 -0.01655343
v -0.03056532 -0.02874477 -0.01620480
v -0.03353701 -0.02279677 -0.01720505
v -0.03081137 -0.03193847 -0.01437032
v -0.03041223 -0.03259579 -0.01415864
v -0.02622945 -0.03527506 -0.01460274
v -0.02527808 -0.03526434 -0.01508004
v -0.02455634 -0.03561444 -0.01520455
v -0.02514138 -0.03620388 -0.01451558
v -0.02422828 -0.03618244 -0.01496382
v -0.02324683 -0.03651825 -0.01514644
v -0.02403691 -0.02702289 0.02128172
v -0.03146202 -0.02572969 0.01920236
v -0.03215642 -0.02642273 0.01856735
v -0.02469304 -0.02682998 0.02119871
v -0.03944484 -0.01778117 0.01720601
v -0.04180141 -0.01848135 0.01464521
v -0.04229350 -0.01848135 0.01409321
v -0.03849893 -0.01692380 0.01823117
v -0.03206620 -0.02539389 0.01900729
v -0.03170533 -0.02507237 0.01927707
v -0.03542062 -0.01580207 0.02016941
v -0.03508436 -0.01549485 0.02038938
v -0.03562566 -0.01514476 0.02024826
v -0.03907577 -0.01747037 0.01760860
v -0.04659383 -0.00961115 0.01066911
v -0.04648448 -0.01030062 0.01048235
v -0.04652822 -0.01158310 0.00959831
v -0.04643527 -0.01214754 0.00942399
v -0.04321480 -0.01942088 0.01178558
v -0.04272545 -0.01947804 0.01285223
v -0.04258329 -0.02017108 0.01254095
v -0.04163738 -0.02413641 0.01058611
v -0.04329135 -0.02242167 0.00892594
v -0.04244386 -0.02288608 0.01033293
v -0.04284300 -0.02250384 0.00995109
v -0.04337337 -0.02275033 0.00808756
v -0.04345538 -0.02292538 0.00742764
v -0.04351826 -0.02303612 0.00691299
v -0.04355380 -0.02407925 0.00395790
v -0.04394474 -0.02341122 0.00395790
v -0.04370689 -0.02347910 0.00495400
v -0.04440129 -0.02285393 0.00328968
v -0.04445050 -0.02196084 0.00549355
v -0.04525698 -0.02137140 0.00194910
v -0.04543742 -0.02099987 0.00159217
v -0.04547296 -0.02111776 0.00100696
v -0.04604433 -0.01946732 0.00001916
v -0.04573814 -0.02045330 0.00001916
v -0.04549756 -0.02116777 0.00001916
v -0.04606073 -0.01946732 -0.00096449
v -0.04547296 -0.02106417 -0.00074036
v -0.04484691 -0.02242525 -0.00096449
v -0.04346358 -0.02393279 -0.00548013
v -0.04423726 -0.02255385 0.00494155
v -0.04350459 -0.02303255 -0.00767570
v -0.04333783 -0.02367200 -0.00687882
v -0.04340617 -0.02380775 -0.00613590
v -0.04446143 -0.02003890 -0.00940642
v -0.04434388 -0.02067121 -0.00885027
v -0.04593224 -0.01946732 -0.00195228
v -0.04161277 -0.01158310 -0.01442842
v -0.04155263 -0.01256908 -0.01437032
v -0.04150342 -0.01315137 -0.01429976
v -0.04093204 -0.01260837 -0.01493062
v -0.03053252 -0.03070957 -0.01520870
v -0.04046183 -0.01296561 -0.01523775
v -0.04056571 -0.01230829 -0.01530416
v -0.03809979 -0.01945661 -0.01550753
v -0.03730151 -0.01848135 -0.01612594
v -0.03701719 -0.01953520 -0.01607613
v -0.03367644 -0.02213946 -0.01727560
v -0.03316521 -0.02349696 -0.01711374
v -0.03012791 -0.02735155 -0.01702243
v -0.02934876 -0.02767306 -0.01717599
v -0.02990647 -0.02906271 -0.01637081
v -0.03019899 -0.02936279 -0.01607198
v -0.03316521 -0.02245025 -0.01742917
v -0.03288089 -0.02322903 -0.01734616
v -0.03017985 -0.03130973 -0.01504268
v -0.02949092 -0.03164553 -0.01518379
v -0.02564714 -0.03469991 -0.01523360
v -0.02888675 -0.03000224 -0.01633761
v -0.02324683 -0.02636914 0.02157640
v -0.02431030 -0.02644774 0.02137303
v -0.03113123 -0.01552343 0.02184202
v -0.03285902 -0.01534481 0.02129417
v -0.02916013 -0.01454103 0.02264305
v -0.03019899 -0.01458747 0.02236082
v -0.03056259 -0.01494470 0.02217405
v -0.03408651 -0.01552343 0.02078367
v -0.03408651 -0.01454103 0.02098704
v -0.03507069 -0.01454103 0.02058030
v -0.03570494 -0.01454103 0.02028977
v -0.04695743 -0.00961115 0.00987224
v -0.04647354 -0.01329427 0.00853995
v -0.04350459 -0.02012821 0.01049895
v -0.04339797 -0.02078553 0.01023747
v -0.04326128 -0.02045687 0.01083928
v -0.04330229 -0.02148571 0.00989299
v -0.04277192 -0.02048188 0.01188104
v -0.04262703 -0.02222877 0.01060686
v -0.04341984 -0.02184295 0.00927873
v -0.04351553 -0.02209302 0.00862296
v -0.04436575 -0.02173221 0.00614932
v -0.04539094 -0.01790263 0.00727823
v -0.04546749 -0.01813126 0.00661831
v -0.04537454 -0.01883144 0.00592935
v -0.04553310 -0.01833846 0.00592935
v -0.04471842 -0.02143927 0.00494155
v -0.04506015 -0.02143927 0.00297425
v -0.04644347 -0.01713457 0.00270863
v -0.04584202 -0.01946732 0.00199061
v -0.04613454 -0.01848135 0.00199061
v -0.04531986 -0.02062477 0.00297425
v -0.04600059 -0.01848135 0.00297425
v -0.04629858 -0.01747751 0.00301161
v -0.04566706 -0.02045330 0.00100696
v -0.04633958 -0.01841705 -0.00091468
v -0.04595411 -0.01946732 0.00100696
v -0.04710232 -0.01454103 0.00297425
v -0.04715973 -0.01454103 0.00199061
v -0.04641613 -0.01804552 -0.00155800
v -0.04628764 -0.01841705 -0.00191078
v -0.04550303 -0.01728461 -0.00759269
v -0.04741672 -0.01021489 -0.00545938
v -0.04746592 -0.00961115 -0.00560050
v -0.04608807 -0.01848135 -0.00293593
v -0.04633958 -0.01753824 -0.00303554
v -0.04600059 -0.01749538 -0.00490738
v -0.04581195 -0.01749538 -0.00589518
v -0.04606893 -0.01650940 -0.00589518
v -0.04105234 -0.01158310 -0.01492232
v -0.03017985 -0.03035234 -0.01556563
v -0.03915232 -0.01158310 -0.01607198
v -0.03895275 -0.01265481 -0.01607198
v -0.03846612 -0.01355505 -0.01621725
v -0.03761316 -0.01631649 -0.01629196
v -0.03752568 -0.01697381 -0.01624215
v -0.03680668 -0.01848135 -0.01637496
v -0.03667272 -0.01924941 -0.01630856
v -0.03458134 -0.01997103 -0.01723410
v -0.03380219 -0.02143927 -0.01733786
v -0.03310233 -0.02143927 -0.01762424
v -0.02978618 -0.02701932 -0.01727975
v -0.02919293 -0.02936279 -0.01650362
v -0.02954287 -0.02972003 -0.01619650
v -0.03211814 -0.02242525 -0.01779855
v -0.02967136 -0.02392922 -0.01822190
v -0.02919293 -0.03032019 -0.01603463
v -0.02916013 -0.03130973 -0.01551583
v -0.02883207 -0.03191703 -0.01533736
v -0.02812674 -0.03225998 -0.01546602
v -0.02056494 -0.02555822 0.02216575
v -0.02423101 -0.02538317 0.02160130
v -0.02694025 -0.01431239 0.02323656
v -0.03078677 -0.01428739 0.02225291
v -0.02916013 -0.01355505 0.02277171
v -0.03087698 -0.01355505 0.02228612
v -0.04653915 -0.01359435 0.00791324
v -0.04637239 -0.01395158 0.00824943
v -0.04352920 -0.02118563 0.00957756
v -0.04364128 -0.02045687 0.00989299
v -0.04396661 -0.01946732 0.00987224
v -0.04530346 -0.01754182 0.00794645
v -0.04550576 -0.01724531 0.00764762
v -0.04448057 -0.02107489 0.00657266
v -0.04426187 -0.02141784 0.00690469
v -0.04592404 -0.01650940 0.00691299
v -0.04559051 -0.01754182 0.00693374
v -0.04532806 -0.01947447 0.00503701
v -0.04503281 -0.02045330 0.00494155
v -0.04579828 -0.01749538 0.00592935
v -0.04583109 -0.01848135 0.00395790
v -0.04639153 -0.01694523 0.00336854
v -0.04683988 -0.01552343 0.00297425
v -0.04552763 -0.01947447 0.00388734
v -0.04596778 -0.01749538 0.00494155
v -0.04613454 -0.01749538 0.00395790
v -0.04609627 -0.01650940 0.00592935
v -0.04634505 -0.01677376 0.00395790
v -0.04734290 -0.01372653 0.00199061
v -0.04694923 -0.01454103 0.00395790
v -0.04748780 -0.01264767 -0.00196474
v -0.04738664 -0.01302991 -0.00230507
v -0.04735931 -0.01286558 -0.00293593
v -0.04646534 -0.01723459 -0.00276992
v -0.04638333 -0.01789191 -0.00221376
v -0.04743039 -0.01320853 0.00001916
v -0.04753700 -0.01256908 -0.00096449
v -0.04584202 -0.01650940 -0.00687882
v -0.04644620 -0.01519834 -0.00551334
v -0.04670592 -0.01454103 -0.00490738
v -0.04736204 -0.01189033 -0.00420181
v -0.04741672 -0.01123301 -0.00452969
v -0.04746592 -0.01056498 -0.00487832
v -0.04759988 -0.00961115 -0.00490738
v -0.04762722 -0.00933608 -0.00490738
v -0.04752880 -0.00933608 -0.00540958
v -0.04648721 -0.01632721 -0.00392373
v -0.04642980 -0.01610572 -0.00453799
v -0.04636965 -0.01585566 -0.00519791
v -0.03866023 -0.01158310 -0.01631271
v -0.03858095 -0.01238331 -0.01627535
v -0.03851806 -0.01304063 -0.01624215
v -0.03797130 -0.01355505 -0.01644552
v -0.03784554 -0.01454103 -0.01639987
v -0.03770885 -0.01552343 -0.01634591
v -0.03713474 -0.01659157 -0.01648702
v -0.03605761 -0.01749538 -0.01688961
v -0.03695431 -0.01749538 -0.01644967
v -0.03605761 -0.01848135 -0.01674850
v -0.03531127 -0.01848135 -0.01710959
v -0.03466062 -0.01946732 -0.01727145
v -0.03408651 -0.01848135 -0.01766989
v -0.03408651 -0.01946732 -0.01752463
v -0.03410565 -0.02036042 -0.01737936
v -0.03310233 -0.02045330 -0.01777365
v -0.03268952 -0.01817413 -0.01824265
v -0.03252549 -0.01883144 -0.01819700
v -0.03055439 -0.02272175 -0.01819284
v -0.02985179 -0.02341122 -0.01827170
v -0.02521793 -0.01454103 0.02335277
v -0.02624312 -0.01460176 0.02329052
v -0.02620212 -0.01355505 0.02336522
v -0.02704961 -0.01355505 0.02326146
v -0.03014431 -0.01355505 0.02251439
v -0.04648448 -0.01452316 0.00682998
v -0.04644347 -0.01418022 0.00758951
v -0.04624390 -0.01543412 0.00682998
v -0.04642980 -0.01609858 0.00458461
v -0.04632045 -0.01569490 0.00592935
v -0.04753700 -0.01256908 0.00100696
v -0.04743039 -0.01323711 0.00100696
v -0.04641066 -0.01504473 0.00643985
v -0.04764362 -0.01158310 -0.00195228
v -0.04757254 -0.01158310 -0.00293593
v -0.04745499 -0.01237260 -0.00293593
v -0.04709959 -0.01355505 -0.00392373
v -0.04688908 -0.01454103 -0.00392373
v -0.04667585 -0.01552343 -0.00392373
v -0.04754521 -0.01256908 0.00001916
v -0.04768190 -0.01158310 0.00001916
v -0.04767096 -0.01158310 -0.00096449
v -0.04650908 -0.01552700 -0.00488248
v -0.04729916 -0.01252978 -0.00389468
v -0.04746046 -0.01156881 -0.00389468
v -0.03717028 -0.01059713 -0.01707223
v -0.03802871 -0.01158310 -0.01659909
v -0.03704179 -0.01256908 -0.01694772
v -0.03704179 -0.01454103 -0.01676510
v -0.03704179 -0.01552343 -0.01666549
v -0.03543703 -0.01749538 -0.01717599
v -0.03481918 -0.01848135 -0.01734201
v -0.03310233 -0.01946732 -0.01791477
v -0.03636107 -0.01355505 -0.01715109
v -0.03597559 -0.01256908 -0.01740842
v -0.03605761 -0.01059713 -0.01755368
v -0.03327182 -0.01749538 -0.01809739
v -0.03305312 -0.01849564 -0.01807248
v -0.03277700 -0.01749538 -0.01827585
v -0.03211814 -0.01749538 -0.01843772
v -0.03113123 -0.01848135 -0.01856223
v -0.03216462 -0.01849564 -0.01832566
v -0.03014431 -0.02143927 -0.01845017
v -0.03019352 -0.02240738 -0.01832566
v -0.04635599 -0.01483753 0.00709976
v -0.04740851 -0.01217254 -0.00354604
v -0.03667819 -0.01059713 -0.01728806
v -0.03646769 -0.01256908 -0.01719674
v -0.03211814 -0.01059713 -0.01881540
v -0.03211814 -0.01650940 -0.01849997
v -0.03113123 -0.01749538 -0.01863694
v -0.03014431 -0.01946732 -0.01867429
v -0.03113123 -0.01059713 -0.01901462
v -0.03014431 -0.01848135 -0.01874070
v -0.00707670 -0.05007819 0.00395921
v -0.00747389 -0.05002635 0.00395921
v -0.00707670 -0.05001439 0.00494192
v -0.00845925 -0.04984290 0.00297231
v -0.00747389 -0.04995456 0.00494192
v -0.00845925 -0.04984290 0.00395921
v -0.01002648 -0.04955974 0.00198541
v -0.00944462 -0.04965546 0.00198541
v -0.00756749 -0.04970332 0.00602542
v -0.00823030 -0.04961159 0.00575664
v -0.00851870 -0.04969135 0.00497552
v -0.00920428 -0.04962754 0.00395921
v -0.01000244 -0.04955576 0.00262374
v -0.01051853 -0.04937629 0.00198541
v -0.00998979 -0.04954379 0.00143106
v -0.01853047 -0.04648096 0.00494192
v -0.01852288 -0.04646899 0.00395921
v -0.00707670 -0.04968736 0.00646217
v -0.00730059 -0.04959165 0.00666795
v -0.00795835 -0.04952784 0.00641598
v -0.00845925 -0.04928457 0.00691573
v -0.00991263 -0.04853481 0.00834779
v -0.00888805 -0.04950790 0.00532408
v -0.01795114 -0.04660857 0.00556766
v -0.01844952 -0.04643709 0.00297231
v -0.01930080 -0.04605025 0.00198541
v -0.01930080 -0.04598643 0.00100690
v -0.01831544 -0.04629352 0.00001999
v -0.01756281 -0.04647697 -0.00096691
v -0.01706950 -0.04665643 -0.00096691
v -0.01693289 -0.04660458 -0.00162205
v -0.01885302 -0.04560358 -0.00353286
v -0.01867214 -0.04554775 -0.00418800
v -0.01833188 -0.04548793 -0.00496492
v -0.01831544 -0.04528852 -0.00589304
v -0.01732881 -0.04515293 -0.00786684
v -0.01632447 -0.04545602 -0.00787944
v -0.01634344 -0.04521674 -0.00885375
v -0.00968748 -0.04946004 0.00077592
v -0.00902973 -0.04954778 0.00043155
v -0.01930080 -0.04595852 0.00592882
v -0.01930080 -0.04613399 0.00494192
v -0.01930080 -0.04614995 0.00395921
v -0.01930080 -0.04611007 0.00297231
v -0.00756749 -0.04946403 0.00696192
v -0.00845925 -0.04903731 0.00790263
v -0.01885176 -0.04461853 0.00941449
v -0.01922870 -0.04473817 0.00884334
v -0.01930080 -0.04514495 0.00790263
v -0.01840019 -0.04590269 0.00700392
v -0.01829393 -0.04638524 0.00590783
v -0.00925614 -0.04863451 0.00853677
v -0.01831544 -0.04372520 0.01146809
v -0.01714033 -0.04471424 0.01053158
v -0.01779682 -0.04459061 0.01034680
v -0.01930080 -0.04591864 0.00001999
v -0.01831544 -0.04619381 -0.00096691
v -0.01831544 -0.04605423 -0.00195381
v -0.01896813 -0.04565144 -0.00293652
v -0.01922870 -0.04539620 -0.00388563
v -0.01930080 -0.04518084 -0.00491033
v -0.01831544 -0.04505323 -0.00687994
v -0.01740091 -0.04484585 -0.00891254
v -0.01711883 -0.04472620 -0.00957188
v -0.01634091 -0.04482989 -0.00987425
v -0.01535807 -0.04507317 -0.00983645
v -0.01533784 -0.04543608 -0.00879076
v -0.00747389 -0.04959963 -0.00067294
v -0.00801780 -0.04953980 -0.00051335
v -0.00867429 -0.04946004 -0.00022358
v -0.00839095 -0.04959564 0.00007039
v -0.00747389 -0.04976712 0.00001999
v -0.01981182 -0.04559560 0.00644537
v -0.01950951 -0.04449091 0.00914151
v -0.01831544 -0.04449091 0.01013262
v -0.01930080 -0.04569929 0.00667215
v -0.00845925 -0.04872225 0.00867536
v -0.00845925 -0.04836731 0.00916671
v -0.00952810 -0.04831148 0.00887274
v -0.01882013 -0.04362151 0.01135890
v -0.01831544 -0.04410806 0.01085915
v -0.01016815 -0.04766143 0.00949848
v -0.01202756 -0.04562751 0.01140090
v -0.01732881 -0.04387276 0.01164867
v -0.01240198 -0.04378103 0.01353429
v -0.01240198 -0.04335830 0.01402564
v -0.01240198 -0.04286777 0.01452960
v -0.01786892 -0.03772316 0.01728873
v -0.01987001 -0.04561953 -0.00069394
v -0.01937543 -0.04577507 -0.00100051
v -0.01915281 -0.04572721 -0.00195381
v -0.01946144 -0.04545204 -0.00293652
v -0.01939567 -0.04487775 -0.00598963
v -0.01832808 -0.04478204 -0.00784585
v -0.01800933 -0.04468633 -0.00862277
v -0.01777658 -0.04457865 -0.00928211
v -0.01892386 -0.04366538 -0.01041600
v -0.01666726 -0.04453478 -0.01022702
v -0.01600950 -0.04465841 -0.01041180
v -0.01411720 -0.04467037 -0.01144910
v -0.01141661 -0.04615792 -0.00885375
v -0.01338734 -0.04475013 -0.01162128
v -0.01184415 -0.04557566 -0.01029841
v -0.01147606 -0.04577905 -0.00991625
v -0.01061213 -0.04652482 -0.00820701
v -0.00707670 -0.04962754 -0.00080313
v -0.01034270 -0.04639322 -0.00875716
v -0.00747389 -0.04880999 0.00878875
v -0.01922870 -0.04427556 0.00979665
v -0.01999903 -0.04431145 0.00908272
v -0.00747389 -0.04847100 0.00928430
v -0.01141661 -0.04350187 0.01417683
v -0.00944462 -0.04776511 0.00960347
v -0.01920973 -0.04375312 0.01078776
v -0.01141661 -0.04301133 0.01468918
v -0.01141661 -0.04248890 0.01518053
v -0.01697969 -0.03679394 0.01831343
v -0.01999903 -0.04558364 -0.00053855
v -0.01964486 -0.04552382 -0.00195381
v -0.01978779 -0.04459859 -0.00638019
v -0.01911865 -0.04473817 -0.00687994
v -0.01958035 -0.04351782 -0.01002964
v -0.01995602 -0.04270027 -0.01139870
v -0.01831544 -0.04378103 -0.01056718
v -0.01477368 -0.04456269 -0.01126012
v -0.01338734 -0.04447097 -0.01211263
v -0.00747389 -0.04571525 -0.01155409
v -0.01118766 -0.04563549 -0.01041180
v -0.01042998 -0.04598245 -0.00983645
v -0.00944462 -0.04613001 -0.00983645
v -0.00944462 -0.04644905 -0.00894614
v -0.01010490 -0.04266437 0.01532752
v -0.01076139 -0.04258461 0.01525612
v -0.01043251 -0.04220973 0.01563829
v -0.00984686 -0.04161152 0.01625983
v -0.01141661 -0.04199837 0.01557529
v -0.01240198 -0.03693751 0.01940952
v -0.01387433 -0.03671019 0.01923314
v -0.01999903 -0.04262449 -0.01145330
v -0.01930080 -0.04236527 -0.01203704
v -0.01591716 -0.04167135 -0.01430482
v -0.01437271 -0.04337026 -0.01299035
v -0.01338734 -0.04397645 -0.01270058
v -0.01240198 -0.04455073 -0.01222182
v -0.00747389 -0.04540418 -0.01204964
v -0.00747389 -0.04601834 -0.01082336
v -0.00918910 -0.04171123 0.01632702
v -0.01141661 -0.03703322 0.01947672
v -0.01141661 -0.03621966 0.01989668
v -0.01240198 -0.03621966 0.01974549
v -0.01999903 -0.04070225 -0.01333052
v -0.01789422 -0.04069028 -0.01430062
v -0.01532139 -0.04109308 -0.01493476
v -0.01535807 -0.04177504 -0.01441821
v -0.01338734 -0.04352978 -0.01319193
v -0.01273971 -0.04358562 -0.01326332
v -0.01240704 -0.04398442 -0.01287696
v -0.00707670 -0.04514097 -0.01244440
v -0.00747389 -0.04490966 -0.01264598
v -0.01042998 -0.03705715 0.01947672
v -0.01042998 -0.03621966 0.01993027
v -0.01042998 -0.03560150 0.02018225
v -0.01141661 -0.03544996 0.02014865
v -0.01990543 -0.02591050 0.02220645
v -0.01392746 -0.03378693 -0.02020105
v -0.01496848 -0.04073016 -0.01529173
v -0.01437271 -0.04131641 -0.01505235
v -0.01437271 -0.04193456 -0.01456100
v -0.01437271 -0.04242908 -0.01404445
v -0.01338734 -0.04303925 -0.01369588
v -0.01338734 -0.04254473 -0.01419143
v -0.01208196 -0.04364544 -0.01331792
v -0.01141661 -0.04369330 -0.01337251
v -0.00747389 -0.04446698 -0.01313734
v -0.00707670 -0.04467436 -0.01296515
v -0.01042998 -0.03511097 0.02033763
v -0.01634344 -0.02636912 0.02245003
v -0.01930080 -0.02600222 0.02224425
v -0.01634344 -0.02538407 0.02259282
v -0.01486602 -0.03277396 -0.02018846
v -0.01141661 -0.03424955 -0.02015486
v -0.01141661 -0.03500329 -0.01968030
v -0.01338734 -0.04142010 -0.01511954
v -0.01338734 -0.04205021 -0.01462819
v -0.01207310 -0.04265640 -0.01430062
v -0.01141661 -0.04320675 -0.01386807
v -0.01042998 -0.04328651 -0.01392686
v -0.00707670 -0.04448293 -0.01316253
v -0.00747389 -0.04397246 -0.01363709
v -0.01042998 -0.03424955 0.02059381
v -0.00944462 -0.03259849 0.02116076
v -0.00944462 -0.03210795 0.02130354
v -0.01535807 -0.02636912 0.02250882
v -0.01535807 -0.02538407 0.02261381
v -0.00707670 -0.04313497 -0.01434262
v -0.00747389 -0.04293157 -0.01447281
v -0.00845925 -0.04290765 -0.01447281
v -0.00951292 -0.04204622 -0.01501036
v -0.01042998 -0.04213396 -0.01488437
v -0.01240198 -0.04149587 -0.01516154
v -0.01042998 -0.04279199 -0.01441401
v -0.01141661 -0.04271223 -0.01435102
v -0.00707670 -0.04418782 -0.01346070
v -0.00845925 -0.04339818 -0.01407385
v -0.00747389 -0.04342609 -0.01412844
v -0.00944462 -0.04285979 -0.01445601
f 194 5368 199
f 5368 194 5370
f 2628 2627 2680
f 1476 5602 3483
f 337 185 336
f 5158 5092 5165
f 5166 5092 5158
f 1393 1394 1299
f 1299 3509 1393
f 1299 1394 1395
f 1747 1741 1746
f 1739 5370 194
f 1739 1741 5370
f 3495 66 3483
f 2883 2882 336
f 336 2882 2918
f 185 5602 5586
f 2689 2754 12
f 185 2932 342
f 3483 66 65
f 66 1476 65
f 2805 2811 2806
f 5213 2814 2867
f 5092 5166 5167
f 5301 5370 5371
f 13 14 11
f 11 10 13
f 762 704 761
f 5600 5615 5368
f 3057 3065 3059
f 3059 3058 3057
f 3067 3059 3066
f 3066 3059 3065
f 1299 1395 1314
f 3497 3484 3483
f 199 5368 3512
f 5368 5615 3512
f 235 478 472
f 62 61 2228
f 2296 61 60
f 1949 2018 2019
f 1948 2018 1949
f 5091 5163 5098
f 5090 5091 5005
f 5005 5088 5092
f 25 5163 20
f 5098 5163 25
f 2897 2884 2915
f 2896 2884 2897
f 2680 2627 2668
f 2842 2790 2789
f 2723 2790 2791
f 12 2754 5207
f 2754 2819 5207
f 5290 5586 5220
f 5294 5586 5290
f 5294 5293 5367
f 5601 5294 5367
f 5586 5294 5601
f 2861 2896 2897
f 2802 2789 2787
f 2179 2188 2180
f 1450 1458 1542
f 1309 1406 1407
f 1422 1502 1407
f 1407 1406 1422
f 336 2932 2931
f 2931 2912 336
f 2842 2874 2875
f 2875 2874 2883
f 336 185 335
f 185 342 335
f 335 2932 336
f 335 342 2932
f 1060 1057 1056
f 5602 1639 1689
f 1689 1726 5602
f 3496 1476 3483
f 3483 65 3496
f 3496 65 1476
f 2924 2926 2893
f 2865 2814 2817
f 5406 2930 2929
f 2929 5417 5406
f 5213 2867 2866
f 2866 2867 2814
f 2814 2865 2866
f 2866 2865 2817
f 5367 5293 5366
f 5239 6 5169
f 5509 5538 4994
f 1825 1877 1826
f 1826 1794 1825
f 1827 1794 1826
f 1878 1948 1949
f 1878 1826 1877
f 1827 1826 1878
f 1877 1946 1878
f 1870 1871 1825
f 13 10 1760
f 1760 10 8
f 8 1759 1760
f 20 5092 15
f 5092 11 15
f 15 14 20
f 15 11 14
f 3 1751 2
f 1748 1759 8
f 8 1751 1748
f 1758 1759 1748
f 1748 1757 1758
f 1746 1757 1748
f 1748 1747 1746
f 1741 1747 1748
f 2322 2306 2256
f 1742 1743 201
f 1744 1743 1742
f 1741 1743 1744
f 1742 1753 1754
f 1754 1744 1742
f 1754 1757 1746
f 1766 1757 1754
f 1765 1766 1754
f 1754 1753 1765
f 4125 4126 4019
f 4019 4017 4125
f 1825 1871 1872
f 1872 1873 1825
f 1871 1873 1872
f 1308 1307 1403
f 1309 1209 1308
f 1209 1307 1308
f 5097 5165 5092
f 5092 5088 5097
f 5158 5165 5097
f 1202 1296 1298
f 1202 1298 1299
f 742 790 794
f 826 762 825
f 825 762 761
f 761 760 825
f 825 901 826
f 760 824 825
f 825 824 901
f 934 935 853
f 1029 935 934
f 5369 5600 5368
f 5368 5370 5369
f 5370 5301 5369
f 5301 5585 5369
f 5369 5585 5600
f 3061 3059 5582
f 3068 3059 3067
f 5582 3059 3068
f 5570 3068 3067
f 5582 3068 5570
f 5157 5570 5585
f 1395 3066 1411
f 1411 1317 1395
f 1313 1209 1299
f 1299 1314 1313
f 1313 1314 1209
f 1209 1314 1315
f 1315 1314 1395
f 1306 1307 1209
f 1209 1317 1306
f 3484 3497 341
f 341 3480 3484
f 339 333 5602
f 3937 4021 3938
f 3938 4021 4025
f 186 191 192
f 336 2917 344
f 344 2917 2916
f 67 1089 66
f 67 1174 1089
f 66 3486 67
f 3483 3484 3460
f 3484 3480 3460
f 3460 3481 3462
f 66 3495 3482
f 3482 3486 66
f 3482 3495 3483
f 3483 3460 3482
f 131 137 138
f 3516 3523 3524
f 3552 3589 3590
f 3714 3644 3711
f 3727 3802 3805
f 4197 4204 4199
f 3777 3697 3740
f 4019 3927 4018
f 4018 4017 4019
f 3927 4017 4018
f 3590 3589 3632
f 1489 1393 3509
f 3509 3512 1489
f 1394 1393 1489
f 1489 1395 1394
f 1489 3066 1395
f 482 478 235
f 235 483 482
f 482 483 478
f 492 479 491
f 491 479 490
f 496 4274 480
f 468 472 478
f 468 479 480
f 478 479 468
f 62 2228 2294
f 2294 64 62
f 58 61 62
f 2082 2019 2018
f 2161 52 2082
f 2017 2080 2018
f 2018 2080 2081
f 2081 2082 2018
f 2161 2082 2081
f 2160 2161 2081
f 2159 2160 2081
f 5162 5091 5090
f 5163 5091 5162
f 5162 5090 20
f 20 5163 5162
f 20 5090 5161
f 5241 5240 47
f 5173 5240 5241
f 5173 5171 5240
f 1950 1878 1949
f 2023 52 44
f 2848 2790 2842
f 2848 2849 2790
f 2864 2849 2886
f 2886 2902 2864
f 2884 2902 2886
f 2851 2849 2864
f 2791 2790 2850
f 2790 2849 2850
f 2850 2851 2791
f 2849 2851 2850
f 2897 2915 2927
f 2842 2875 2876
f 2876 2875 2912
f 2903 2902 2884
f 2894 2861 2863
f 2902 2903 2863
f 2863 2810 2864
f 2864 2902 2863
f 2863 2805 2810
f 2863 2861 2805
f 2863 2884 2894
f 2863 2903 2884
f 2894 2884 2895
f 2884 2896 2895
f 2895 2861 2894
f 2896 2861 2895
f 336 2918 2934
f 2934 2917 336
f 2918 2917 2934
f 2916 2917 2879
f 2879 2917 2918
f 2790 2723 2720
f 2721 2665 2720
f 2720 2789 2790
f 2787 2789 2720
f 2792 2723 2791
f 2725 2723 2792
f 192 191 195
f 5603 5586 5602
f 5603 5604 5586
f 5603 5621 5604
f 5602 3062 5603
f 5291 5586 5228
f 5291 5220 5586
f 2939 2932 185
f 185 5586 184
f 5586 5601 184
f 184 2939 185
f 5601 2939 184
f 5226 5295 5296
f 5228 5586 5153
f 5290 5220 5219
f 5220 5146 5219
f 5228 5295 5292
f 2739 2805 2806
f 2680 2738 2678
f 2738 2739 2678
f 2744 2738 2680
f 2811 2805 2747
f 2633 2682 2683
f 5213 5207 5278
f 5278 5207 2819
f 2750 2819 2754
f 2750 2749 2819
f 2754 2689 2750
f 2067 2133 2134
f 2271 2203 2202
f 2203 2133 2202
f 2247 2182 2246
f 2248 2250 2183
f 2183 2182 2248
f 2182 2247 2248
f 2437 2450 2391
f 2452 2440 2498
f 2450 2440 2452
f 2843 2802 2860
f 2789 2802 2843
f 2253 2322 2256
f 2306 2322 2253
f 2188 2179 2125
f 2663 2664 2620
f 2620 2664 2665
f 2620 2665 2666
f 2620 2668 2627
f 2627 2628 2579
f 2578 2526 2571
f 2578 2620 2627
f 2571 2620 2578
f 2627 2579 2578
f 2578 2579 2526
f 2571 2526 2574
f 2448 2511 2502
f 2448 2502 2445
f 2445 2502 2442
f 2519 2526 2566
f 2566 2502 2519
f 2514 2511 2509
f 2474 2473 2417
f 2418 2358 2417
f 1445 1537 1536
f 1408 1407 1502
f 1402 1497 1403
f 1402 1307 1401
f 1403 1307 1402
f 1348 1458 1450
f 1348 1457 1458
f 1521 1426 1422
f 1520 1521 1422
f 1522 1521 1520
f 1175 1087 1086
f 1089 1174 1084
f 1174 67 1084
f 960 1054 961
f 1051 960 958
f 2913 2883 336
f 2913 2875 2883
f 336 2912 2913
f 2912 2875 2913
f 961 1054 962
f 962 1055 1056
f 1054 1055 962
f 875 876 794
f 3063 3062 5602
f 5602 1736 3063
f 1723 3062 3063
f 3063 1736 1723
f 1735 1722 1723
f 5602 1722 1735
f 1723 1736 1735
f 1735 1736 5602
f 5602 1726 1725
f 1725 1722 5602
f 1723 1722 1677
f 1677 1679 1723
f 5420 5417 5416
f 5416 2940 5420
f 5417 2929 2938
f 2938 5416 5417
f 2940 5416 2938
f 2938 2929 2926
f 2899 2929 2930
f 2904 2930 5213
f 2816 2866 2817
f 2817 2747 2816
f 2816 2747 2805
f 5144 5148 5066
f 5148 5144 5143
f 1664 1602 1601
f 1664 1599 1663
f 1664 1601 1599
f 10 11 9
f 8 10 9
f 9 6 8
f 9 11 5092
f 5092 5169 9
f 9 5169 6
f 5371 3 5303
f 5303 5301 5371
f 5236 5169 5168
f 5166 5236 5168
f 5168 5167 5166
f 5092 5167 5168
f 5168 5169 5092
f 5158 5231 5232
f 5232 5166 5158
f 5232 5236 5166
f 5086 5538 5559
f 4999 4921 4998
f 5085 5538 5086
f 5086 4994 5085
f 5085 4994 5538
f 3028 3027 3037
f 1771 1759 1758
f 1947 1878 1946
f 1946 2015 1947
f 2018 1948 1947
f 1948 1878 1947
f 1947 2017 2018
f 20 1795 1828
f 20 14 19
f 1776 1760 1775
f 1794 1795 1776
f 1776 14 13
f 13 1760 1776
f 8 6 7
f 7 1751 8
f 5 7 6
f 5 2 1751
f 1751 7 5
f 1750 1741 1749
f 1741 1748 1749
f 1 1751 3
f 1 1748 1751
f 1 1749 1748
f 1750 1749 1
f 1 1741 1750
f 5370 1741 1
f 5371 5370 1
f 1 3 5371
f 1755 1756 1742
f 1752 1753 1742
f 1742 1756 1752
f 2055 1997 2061
f 1997 2058 2059
f 2310 2237 2309
f 2232 2171 2238
f 2235 2305 2306
f 2255 2253 2252
f 322 305 321
f 321 305 2237
f 2308 2310 2309
f 2299 2310 2308
f 2309 2237 2308
f 200 194 199
f 200 201 194
f 1740 201 1743
f 194 201 1740
f 1741 1739 1740
f 1740 1743 1741
f 1740 1739 194
f 1746 1741 1745
f 1741 1744 1745
f 1745 1754 1746
f 1744 1754 1745
f 3511 3512 3509
f 3512 3511 4313
f 4062 3968 4019
f 4126 4125 4127
f 4019 4126 4127
f 4127 4062 4019
f 201 200 428
f 4312 4313 4225
f 4225 4313 4226
f 4226 4127 4225
f 4312 4225 4223
f 4864 4872 4794
f 4864 4789 4787
f 4794 4789 4864
f 4872 4864 4938
f 5159 5086 5158
f 5158 5097 5159
f 5086 5003 5002
f 1094 1092 1181
f 1296 1202 1201
f 1299 1209 1300
f 1300 1202 1299
f 1287 1188 1286
f 1286 1188 1202
f 1286 1190 1287
f 3567 3535 3566
f 575 568 567
f 567 568 563
f 561 137 141
f 141 563 561
f 702 760 761
f 761 704 702
f 741 742 692
f 790 742 741
f 689 688 729
f 790 741 729
f 713 676 712
f 1214 1210 1215
f 1215 1114 1214
f 1214 1114 1210
f 1017 1111 1114
f 1012 1111 1017
f 3057 3058 3051
f 3058 3059 3051
f 3057 3051 3056
f 3056 3051 3050
f 1507 1508 1413
f 1413 1508 1509
f 5582 5570 5569
f 5569 5570 5558
f 5600 5585 5598
f 5158 5086 5160
f 5086 5157 5160
f 5160 5231 5158
f 1411 1505 3064
f 3064 3065 3057
f 3064 1505 3065
f 1395 1317 1316
f 1316 1315 1395
f 1316 1317 1209
f 1209 1315 1316
f 338 337 336
f 336 339 338
f 185 337 338
f 338 5602 185
f 338 339 5602
f 333 339 334
f 5602 333 334
f 3483 5602 334
f 334 3497 3483
f 334 341 3497
f 350 341 348
f 3481 3460 350
f 3480 341 350
f 350 3460 3480
f 205 215 213
f 213 215 220
f 188 187 2868
f 186 369 188
f 345 346 336
f 336 344 345
f 353 344 2922
f 346 345 352
f 352 344 353
f 352 345 344
f 348 347 355
f 336 346 343
f 343 339 336
f 351 343 346
f 66 1089 1178
f 1178 1177 66
f 1088 1178 1089
f 1088 1087 1175
f 1175 1176 1088
f 1088 1176 1177
f 1177 1178 1088
f 1387 1476 66
f 66 1284 1387
f 66 1177 1179
f 1179 1284 66
f 1177 1284 1179
f 1177 1176 1283
f 1283 1284 1177
f 1283 1176 1175
f 1175 1282 1283
f 73 3430 3403
f 3437 3403 3402
f 3758 3840 3756
f 3741 3298 3338
f 4128 4020 3469
f 3298 3741 3299
f 3441 3469 4020
f 3077 3078 3072
f 3077 3098 3078
f 105 695 101
f 581 135 137
f 4091 4092 3992
f 4191 4092 4091
f 4091 4186 4191
f 4090 4091 3992
f 3757 3758 3683
f 3684 3683 3756
f 3620 3683 3684
f 3529 3141 3550
f 3524 3523 3537
f 3711 3644 3712
f 3712 3643 3711
f 3644 3643 3712
f 3597 3643 3644
f 3629 3599 3587
f 3587 3550 3586
f 3550 3548 3586
f 3513 3516 3120
f 3120 3147 3513
f 3513 3147 3514
f 3560 3550 3587
f 3587 3599 3560
f 3560 3600 3601
f 3599 3600 3560
f 3644 3714 3715
f 3904 3909 3811
f 3805 3905 3806
f 3806 3727 3805
f 3731 3804 3810
f 3810 3804 3904
f 3810 3811 3731
f 3904 3811 3810
f 3924 4011 3925
f 4011 3926 3925
f 4010 4011 3924
f 3924 4009 4010
f 4009 4110 4106
f 4103 4104 4003
f 4105 4104 4011
f 4003 4104 4105
f 4105 4106 4003
f 4009 4106 4105
f 4011 4010 4105
f 4105 4010 4009
f 4001 3912 3911
f 4305 4395 4396
f 4299 4217 4305
f 3669 3739 3740
f 3740 3697 3669
f 3669 3738 3739
f 3669 3667 3735
f 3698 3777 3778
f 3697 3777 3698
f 3778 3699 3698
f 3812 3911 3912
f 3731 3811 3812
f 3812 3811 3909
f 3913 3812 3912
f 3695 3631 3694
f 3569 3570 3535
f 3071 1489 3512
f 3071 3512 5615
f 3067 3066 3071
f 225 215 214
f 214 215 205
f 248 234 232
f 232 234 220
f 220 234 221
f 221 213 220
f 221 234 235
f 220 215 226
f 226 215 225
f 2767 2827 2768
f 2768 2701 2767
f 235 234 249
f 249 234 248
f 271 270 284
f 235 472 457
f 229 221 457
f 229 457 246
f 246 457 465
f 507 492 491
f 294 492 507
f 491 499 506
f 506 499 523
f 506 507 491
f 506 523 284
f 294 507 506
f 284 294 506
f 483 499 500
f 500 499 491
f 491 490 500
f 489 479 478
f 489 490 479
f 489 500 490
f 478 483 489
f 483 500 489
f 518 496 517
f 282 265 531
f 512 517 496
f 534 518 510
f 480 497 484
f 3954 4044 4045
f 4274 496 4359
f 4254 4253 4336
f 3713 3798 3786
f 3798 3886 3786
f 63 58 62
f 5209 5210 5138
f 5138 5210 5142
f 2359 2358 2418
f 2418 2419 2359
f 2359 2293 2358
f 4850 4927 4931
f 4846 4927 4850
f 5025 4938 4940
f 5323 5325 5324
f 5318 5325 5323
f 5375 5377 5325
f 5255 5256 5189
f 5112 5039 5122
f 4942 4947 4943
f 4947 4944 4943
f 5185 5109 5111
f 5090 5005 5089
f 5089 5161 5090
f 5164 5092 20
f 5100 5099 5178
f 5100 5011 5099
f 5100 5020 5011
f 5101 5020 5100
f 5100 5102 5016
f 5016 5101 5100
f 5248 5181 5245
f 5189 5122 5184
f 5184 5183 5189
f 5098 25 31
f 1953 44 45
f 2023 44 1953
f 5241 5175 5174
f 5174 5173 5241
f 5174 5175 5098
f 5098 5173 5174
f 5098 5171 5172
f 5172 5173 5098
f 5171 5173 5172
f 1827 1878 1879
f 1881 1865 1827
f 1823 1795 1794
f 1823 1794 1827
f 1827 1865 1823
f 55 52 2161
f 55 60 61
f 61 5389 55
f 2296 60 55
f 55 2161 2160
f 55 2160 2159
f 53 47 45
f 45 44 53
f 5241 47 53
f 53 52 5266
f 53 44 52
f 2877 2915 2884
f 2884 2848 2877
f 2877 2848 2842
f 2842 2876 2877
f 2877 2876 2915
f 2849 2848 2885
f 2885 2886 2849
f 2885 2848 2884
f 2884 2886 2885
f 2935 2924 2923
f 2914 2927 2915
f 2915 2876 2914
f 2914 2876 2912
f 2932 2927 2914
f 2914 2931 2932
f 2912 2931 2914
f 2725 2726 2667
f 2666 2665 2667
f 2667 2726 2668
f 2667 2620 2666
f 2668 2620 2667
f 2668 2726 2728
f 2728 2726 2725
f 2680 2668 2728
f 2882 2883 2847
f 2883 2874 2847
f 2787 2720 2788
f 2826 2767 2825
f 2826 2871 2860
f 2860 2827 2826
f 2826 2827 2767
f 2860 2871 2887
f 2870 2826 2825
f 2871 2826 2870
f 2765 2701 198
f 2765 195 191
f 5287 5360 5361
f 5213 2930 5280
f 5280 5281 5213
f 5283 5284 5213
f 5404 2930 5406
f 5404 5360 2930
f 5213 5142 5212
f 5212 5210 5213
f 5142 5210 5212
f 5208 5210 5209
f 12 5207 5208
f 5208 5207 5213
f 5213 5210 5208
f 5221 5146 5220
f 5220 5291 5221
f 5221 5291 5228
f 5228 5292 5221
f 2935 2923 2936
f 2936 2923 2927
f 5420 2935 2936
f 2936 2927 2932
f 2932 2939 2936
f 2936 5601 5420
f 2936 2939 5601
f 5410 5419 5601
f 5418 5417 5420
f 5420 5601 5421
f 5601 5419 5421
f 5421 5418 5420
f 5419 5418 5421
f 5298 5295 5228
f 5152 5075 5151
f 5153 5075 5152
f 5290 5219 5224
f 5224 5294 5290
f 5293 5294 5224
f 5066 5148 5145
f 5145 5146 5066
f 5145 5219 5146
f 4669 4751 4752
f 4752 4753 4669
f 4905 4976 4906
f 4906 4976 4907
f 4669 4753 4754
f 5573 5081 5586
f 5604 5621 5622
f 2810 2805 2804
f 2804 2739 2810
f 2805 2739 2804
f 2806 2811 2807
f 2807 2739 2806
f 2743 2744 2680
f 2743 2812 2813
f 2795 2812 2743
f 2680 2728 2743
f 2743 2728 2795
f 2738 2744 2803
f 2803 2739 2738
f 2744 2743 2803
f 2803 2743 2813
f 2817 2814 2815
f 2815 2747 2817
f 2814 2749 2748
f 2584 2633 2634
f 2633 2683 2634
f 2819 2749 2818
f 2818 5278 2819
f 5213 5278 2818
f 2818 2814 5213
f 2818 2749 2814
f 2273 2274 2203
f 2276 2274 2340
f 2340 2341 2276
f 2274 2273 2340
f 2340 2273 2339
f 2275 2274 2276
f 2204 2133 2203
f 2204 2134 2133
f 2203 2274 2204
f 2274 2275 2204
f 2331 2332 2269
f 2269 2202 2265
f 2378 2437 2391
f 2393 2452 2454
f 2450 2437 2438
f 2380 2440 2438
f 2438 2440 2450
f 2437 2378 2438
f 2438 2436 2380
f 2438 2378 2436
f 2391 2450 2451
f 2450 2452 2451
f 2519 2452 2518
f 2571 2574 2518
f 2518 2526 2519
f 2518 2574 2526
f 2380 2436 2377
f 2377 2315 2380
f 2436 2378 2377
f 2377 2378 2315
f 2789 2843 2844
f 2844 2843 2860
f 2832 2831 2859
f 2860 2800 2859
f 2859 2800 2832
f 2860 2802 2801
f 2801 2800 2860
f 2120 2125 2179
f 2061 2125 2120
f 2120 2179 2180
f 2120 2182 2183
f 2061 2059 2122
f 2188 2125 2187
f 2256 2188 2187
f 2187 2253 2256
f 2621 2620 2571
f 2512 2452 2519
f 2514 2452 2513
f 2452 2512 2513
f 2513 2512 2502
f 2388 2445 2385
f 2385 2445 2442
f 2385 2442 2443
f 2385 2324 2388
f 2327 2324 2385
f 2526 2465 2501
f 2443 2442 2501
f 2442 2502 2499
f 2502 2566 2499
f 2387 2445 2388
f 2448 2445 2387
f 2387 2447 2448
f 2388 2324 2387
f 2324 2386 2387
f 2446 2447 2387
f 2387 2386 2341
f 2504 2447 2446
f 2510 2511 2448
f 2448 2509 2510
f 2510 2509 2511
f 2448 2507 2508
f 2508 2509 2448
f 2507 2509 2508
f 2506 2507 2448
f 2525 2460 2459
f 2586 2591 2587
f 2640 2593 2586
f 2586 2593 2591
f 24 2637 2688
f 3054 3062 1723
f 1723 3048 3054
f 3054 5603 3062
f 1359 1268 1358
f 1358 1268 1355
f 1164 1060 1056
f 1355 1268 1267
f 1555 1464 1558
f 1404 1308 1403
f 1403 1497 1404
f 1309 1308 1404
f 1500 1498 1404
f 1504 1502 1422
f 1309 1407 1310
f 1407 1408 1310
f 1310 1209 1309
f 1495 1402 1401
f 1494 1495 1401
f 1494 1574 1575
f 1646 1647 1575
f 1422 1516 1517
f 1515 1516 1422
f 1660 1664 1663
f 1345 1442 1443
f 1441 1442 1345
f 1444 1443 1442
f 1445 1345 1444
f 1345 1443 1444
f 1346 1345 1445
f 1445 1536 1452
f 1452 1536 1453
f 1453 1348 1452
f 1347 1348 1450
f 1436 1345 1344
f 1345 1262 1344
f 1438 1528 1439
f 1439 1345 1438
f 1442 1441 1440
f 1440 1345 1439
f 1440 1441 1345
f 1422 1517 1518
f 1518 1517 1588
f 1519 1520 1422
f 1593 1520 1519
f 1422 1518 1519
f 1663 1599 1661
f 1661 1660 1663
f 1594 1520 1593
f 1595 1523 1522
f 1595 1594 1596
f 1522 1520 1595
f 1520 1594 1595
f 1524 1596 1525
f 1524 1525 1436
f 1436 1523 1524
f 1523 1595 1524
f 1524 1595 1596
f 992 1084 986
f 1089 1084 992
f 653 105 652
f 695 105 653
f 694 653 692
f 695 653 694
f 794 790 862
f 853 854 779
f 863 938 942
f 853 935 936
f 936 935 1032
f 1056 1055 1159
f 1159 1055 1158
f 1158 1262 1159
f 1159 1262 1263
f 1248 1147 1247
f 1052 960 1051
f 1157 1055 1054
f 1158 1055 1157
f 1426 1521 1431
f 1431 1430 1426
f 1341 1430 1431
f 953 870 942
f 1051 958 1050
f 1058 1060 966
f 1057 1060 1058
f 1039 974 1067
f 1067 1129 1039
f 975 974 1039
f 876 974 975
f 1063 1062 1169
f 1169 1067 1063
f 1063 1067 974
f 1039 1129 1040
f 1370 1327 1274
f 1274 1327 1275
f 1275 1327 1232
f 1171 1173 1172
f 1726 1689 1688
f 1688 1725 1726
f 1689 1638 1688
f 1686 1689 1639
f 1686 1638 1689
f 1380 1282 1378
f 1486 1383 1485
f 1384 1282 1383
f 2890 2861 2897
f 2890 2891 2861
f 2897 2923 2890
f 2890 2923 2891
f 2937 2938 2926
f 2940 2938 2937
f 2926 2924 2937
f 2937 2924 2935
f 2937 2935 5420
f 5420 2940 2937
f 2926 2929 2898
f 2929 2899 2898
f 2893 2926 2898
f 5213 2866 2905
f 2905 2904 5213
f 2866 2904 2905
f 2900 2899 2930
f 2930 2904 2900
f 2900 2904 2866
f 5214 5143 5142
f 5214 5142 5213
f 1602 1664 1603
f 5471 5443 5470
f 5445 5433 5432
f 5427 5423 5426
f 5426 5432 5427
f 5427 5432 5433
f 5428 5423 5427
f 4 5304 3
f 6 5304 4
f 4 5 6
f 3 2 4
f 2 5 4
f 5302 5303 5372
f 5372 5304 5302
f 5372 5303 3
f 3 5304 5372
f 5237 5232 5302
f 5302 5304 5237
f 5237 5169 5236
f 5236 5232 5237
f 5237 5304 6
f 5084 5157 5086
f 5086 5559 5084
f 5084 5559 5157
f 5570 5157 5571
f 5157 5559 5571
f 5558 5570 5571
f 5571 5559 5558
f 4994 5087 4997
f 4997 4998 4921
f 4997 5087 4998
f 4682 4616 4679
f 4679 4616 4612
f 4612 4678 4679
f 5472 5443 5471
f 5445 5443 5472
f 5472 5462 5445
f 5494 5462 5472
f 3050 3051 3038
f 3027 1646 3038
f 2037 2103 2100
f 1765 1788 1781
f 1979 1907 1978
f 1936 1873 1871
f 1871 1870 1935
f 1935 1933 1871
f 1769 1757 1766
f 1758 1757 1769
f 1759 1771 1772
f 1778 1760 1777
f 1777 1771 1778
f 2017 1947 2016
f 2016 2015 2078
f 2016 1947 2015
f 1882 1889 1883
f 1883 1828 1882
f 20 1828 1883
f 1883 25 20
f 1889 25 1883
f 1796 19 14
f 14 1776 1796
f 20 19 1796
f 1796 1795 20
f 1796 1776 1795
f 1997 1978 1968
f 1968 1978 1907
f 2028 2058 1997
f 1800 1780 1792
f 1822 1800 1792
f 228 1755 227
f 1756 1755 228
f 1765 1753 1764
f 1753 1763 1764
f 1764 1780 1765
f 1763 1780 1764
f 1753 1752 1761
f 1761 1763 1753
f 1752 1763 1761
f 2061 1997 2060
f 2060 2059 2061
f 1997 2059 2060
f 262 252 251
f 2237 2310 2298
f 2298 2310 2299
f 2094 2098 2095
f 2034 2095 2098
f 2168 2098 2094
f 322 2094 2029
f 1960 1961 1896
f 1897 1837 1896
f 1955 1961 1960
f 1892 1930 1955
f 1955 1930 1961
f 2297 2235 2306
f 2169 2235 2236
f 2169 2168 2094
f 2169 2171 2232
f 2320 2255 2306
f 2253 2255 2320
f 322 321 331
f 2171 2169 331
f 331 2094 322
f 331 2169 2094
f 2237 2171 2170
f 2170 321 2237
f 2171 331 2170
f 2170 331 321
f 2244 2188 2256
f 2314 2244 2256
f 284 270 267
f 267 268 256
f 270 268 267
f 2237 305 2307
f 2307 2308 2237
f 2372 2308 2307
f 2371 2308 2372
f 2372 2307 2371
f 486 501 488
f 4124 475 227
f 4017 475 4124
f 307 320 308
f 1961 1930 2001
f 323 305 322
f 322 320 323
f 330 326 318
f 318 326 320
f 206 200 199
f 415 428 206
f 206 428 200
f 4226 4313 4314
f 4314 4313 3511
f 4314 3511 3509
f 3968 4062 3969
f 4167 4127 4226
f 4062 4127 4167
f 4224 4127 4125
f 4224 4225 4127
f 4125 4223 4224
f 4224 4223 4225
f 4311 4313 4312
f 4312 4223 4311
f 3512 4313 4400
f 4400 4399 3512
f 4313 4311 4400
f 4400 4311 4399
f 1825 1873 1874
f 1874 1875 1825
f 1873 1936 1874
f 2324 2257 2277
f 1875 1874 1939
f 1939 1874 1938
f 2005 1939 2004
f 1510 1509 1581
f 1510 1511 1413
f 1413 1509 1510
f 1398 1399 1307
f 4720 4719 4721
f 4794 4866 4791
f 4800 4792 4870
f 4876 4877 4800
f 4940 4938 4937
f 4872 4938 4873
f 4873 4868 4866
f 4873 4866 4794
f 4794 4872 4873
f 4512 4490 4487
f 4513 4490 4512
f 5006 5097 5088
f 5088 5007 5006
f 5006 5003 5086
f 5006 4924 5003
f 5007 4924 5006
f 3073 3074 3072
f 3083 3074 3073
f 149 157 150
f 826 901 902
f 1183 1182 1184
f 1181 1182 1183
f 172 3478 3494
f 3494 177 172
f 3078 3098 3099
f 3072 3078 3079
f 3079 3073 3072
f 3080 3073 3079
f 3196 3156 3195
f 3158 3157 3197
f 3158 3195 3156
f 3193 3156 3196
f 1100 1002 1099
f 998 1092 1093
f 1093 1094 998
f 1092 1094 1093
f 1184 1185 1095
f 1095 1094 1181
f 1095 1183 1184
f 1181 1183 1095
f 1202 1188 1187
f 1103 1201 1202
f 1202 1187 1103
f 1301 1300 1390
f 1202 1300 1301
f 1390 1300 1391
f 1011 1010 1012
f 1192 1193 1099
f 1192 1286 1193
f 1190 1286 1192
f 1189 1188 1287
f 1287 1190 1189
f 1189 1190 1099
f 1294 1195 1194
f 1099 1193 1194
f 1194 1195 1099
f 1197 1100 1099
f 1106 1197 1204
f 1302 1290 1202
f 1302 1301 1390
f 1202 1301 1302
f 1202 1290 1303
f 3663 3610 3660
f 3663 3664 3610
f 3732 3664 3731
f 3730 3804 3731
f 3731 3664 3730
f 3609 3566 3604
f 3608 3610 3567
f 3567 3566 3608
f 3608 3566 3607
f 3607 3660 3608
f 3660 3610 3608
f 3606 3609 3607
f 3607 3566 3606
f 3606 3566 3609
f 567 563 574
f 574 563 573
f 584 575 567
f 603 575 584
f 603 584 617
f 617 584 602
f 576 575 603
f 646 688 689
f 677 676 713
f 677 639 676
f 678 639 677
f 713 779 773
f 855 779 854
f 141 139 146
f 146 563 141
f 599 600 573
f 640 639 678
f 568 575 564
f 564 563 568
f 564 561 563
f 575 576 564
f 618 152 158
f 158 152 151
f 151 618 158
f 151 144 150
f 692 742 743
f 793 743 742
f 747 748 692
f 795 793 742
f 795 742 794
f 794 868 795
f 950 868 867
f 867 868 794
f 649 691 650
f 650 653 652
f 650 691 692
f 692 691 739
f 740 741 692
f 740 729 741
f 692 739 740
f 728 729 740
f 772 837 770
f 770 712 772
f 829 833 770
f 829 835 833
f 829 763 762
f 829 831 763
f 770 837 829
f 837 831 829
f 908 835 829
f 713 712 771
f 771 712 770
f 1209 1310 1311
f 1421 1420 1422
f 1146 1147 1051
f 933 934 853
f 1126 1027 1029
f 1122 1225 1123
f 1124 1027 1123
f 3059 3061 3060
f 3060 3051 3059
f 3061 3051 3060
f 3050 1508 3055
f 3055 3056 3050
f 5581 3061 5582
f 5582 5569 5581
f 5581 5569 3061
f 5585 5570 5584
f 5615 5600 5614
f 5600 5598 5614
f 5614 3071 5615
f 5614 5598 3067
f 3067 3071 5614
f 5301 5303 5233
f 5233 5303 5302
f 5299 5585 5301
f 5301 5300 5299
f 5229 5157 5585
f 5585 5299 5229
f 5229 5299 5300
f 3069 1411 3066
f 3069 1505 1411
f 3069 3066 3065
f 3065 1505 3069
f 1317 1411 1412
f 1411 3064 1412
f 1413 1317 1412
f 1412 1507 1413
f 340 334 339
f 339 343 340
f 348 341 340
f 341 334 340
f 340 347 348
f 4022 3938 4025
f 4228 350 348
f 440 439 451
f 451 457 440
f 465 457 451
f 408 402 410
f 378 4452 365
f 365 4452 375
f 365 375 364
f 196 2765 198
f 195 2765 196
f 192 195 196
f 196 197 192
f 361 369 363
f 187 188 361
f 361 188 369
f 361 2906 2868
f 2868 187 361
f 2888 2887 2906
f 353 2922 2888
f 2888 2889 2860
f 2860 2887 2888
f 363 353 2888
f 2888 361 363
f 2906 361 2888
f 2933 344 2916
f 2933 2922 344
f 362 353 363
f 362 352 353
f 366 364 4025
f 4025 368 366
f 343 351 349
f 347 340 349
f 349 340 343
f 349 356 347
f 351 356 349
f 73 77 74
f 3486 3482 3461
f 3461 3438 72
f 3461 3482 3460
f 1379 1387 1284
f 1284 1283 1379
f 1476 1387 1379
f 1379 1283 1282
f 1282 1386 1379
f 79 77 78
f 76 77 73
f 78 77 76
f 73 3403 76
f 76 3437 78
f 3403 3437 76
f 3395 3403 3430
f 3436 3437 3400
f 78 3437 3436
f 3401 3437 3402
f 3400 3437 3401
f 81 3436 86
f 78 3436 81
f 99 103 100
f 100 103 101
f 3462 3481 3487
f 3481 350 3487
f 350 3469 3487
f 3742 3299 3741
f 3220 3259 3260
f 3297 3298 3260
f 3298 3299 3260
f 4020 3935 3934
f 3285 3320 3286
f 3319 3320 3285
f 3076 3094 3095
f 3076 3077 3072
f 3095 3077 3076
f 3076 3089 3090
f 3096 3077 3095
f 3096 3094 3120
f 3095 3094 3096
f 3140 3141 3112
f 3549 3548 3550
f 3141 3140 3525
f 3299 3742 3670
f 3108 3107 3087
f 3103 3085 3084
f 3084 3074 3083
f 3084 3085 3074
f 3283 3245 104
f 104 3288 3283
f 3321 3288 104
f 101 103 104
f 104 105 101
f 104 99 3321
f 104 103 99
f 652 105 611
f 611 650 652
f 137 561 562
f 3103 3084 124
f 126 3084 3083
f 126 124 3084
f 3898 3994 3995
f 3898 3896 3994
f 3995 3994 3996
f 3996 4099 3998
f 3996 4092 4093
f 3992 4092 3996
f 3996 3993 3992
f 3996 3994 3993
f 4386 4296 4387
f 4297 4296 4386
f 4389 4386 4385
f 4305 4380 4379
f 4305 4217 4304
f 4304 4380 4305
f 4188 4286 4287
f 3991 4090 3992
f 4186 4091 4187
f 4091 4090 4187
f 3755 3758 3756
f 3756 3683 3755
f 3755 3683 3758
f 3620 3681 3682
f 3682 3683 3620
f 3620 3684 3685
f 3685 3624 3620
f 3684 3624 3685
f 3119 3094 3118
f 3120 3094 3119
f 3119 3147 3120
f 3517 3514 3141
f 3141 3529 3517
f 3551 3537 3552
f 3552 3537 3536
f 3536 3569 3552
f 3570 3569 3536
f 3535 3570 3536
f 3447 3414 3446
f 3197 3157 3191
f 3124 3096 3123
f 3123 3096 3122
f 3553 3552 3590
f 3596 3560 3601
f 3557 3560 3596
f 3587 3627 3628
f 3628 3629 3587
f 3627 3629 3628
f 3652 3600 3599
f 3652 3629 3627
f 3599 3629 3652
f 3601 3600 3656
f 3580 3581 3545
f 3581 3547 3545
f 3584 3586 3548
f 3587 3586 3584
f 3584 3627 3587
f 3582 3626 3627
f 3582 3581 3626
f 3582 3547 3581
f 3535 3536 3521
f 3521 3536 3537
f 3805 3802 3801
f 3801 3791 3805
f 3801 3802 3718
f 3902 3905 3805
f 3805 3791 3902
f 3995 3996 3902
f 3902 3996 3905
f 3792 3791 3711
f 3711 3791 3794
f 3559 3597 3598
f 3598 3597 3646
f 3598 3651 3603
f 3646 3650 3598
f 3598 3650 3651
f 3603 3651 3657
f 3609 3604 3657
f 3657 3604 3603
f 3644 3715 3716
f 3718 3650 3717
f 3717 3650 3646
f 3717 3716 3715
f 3906 3806 3905
f 3807 3806 3904
f 3607 3609 3658
f 3609 3662 3658
f 3661 3662 3609
f 3609 3657 3661
f 3826 3925 3926
f 3924 3925 3826
f 3826 3926 3927
f 3739 3738 3826
f 3875 3874 3968
f 3777 3874 3875
f 4016 4017 3927
f 3927 4015 4016
f 4016 475 4017
f 4016 4015 475
f 3927 3926 4014
f 4014 4015 3927
f 4120 4015 4014
f 4121 4120 4122
f 4122 4015 4121
f 4121 4015 4120
f 4008 4106 4110
f 4008 4009 3924
f 4008 4110 4009
f 4305 4396 4391
f 4214 4117 4210
f 4215 4296 4297
f 4215 4117 4214
f 4101 4099 4199
f 4199 4100 4101
f 4001 4099 4101
f 4101 4100 4001
f 4003 4107 4108
f 4108 4107 4207
f 4102 4107 4003
f 4207 4107 4206
f 4206 4215 4207
f 4296 4215 4206
f 4205 4107 4204
f 4204 4296 4205
f 4205 4206 4107
f 4296 4206 4205
f 4198 4197 4199
f 4093 4092 4094
f 4094 3996 4093
f 4204 4197 4196
f 4196 4296 4204
f 3567 3610 3611
f 3611 3666 3667
f 3610 3666 3611
f 3631 3632 3588
f 3588 3632 3589
f 3589 3552 3588
f 3552 3569 3588
f 3868 3869 3772
f 3772 3695 3694
f 3697 3698 3633
f 3633 3698 3699
f 3694 3631 3633
f 3633 3669 3697
f 4003 4106 4006
f 4006 3922 4003
f 4106 4008 4006
f 3825 3738 3824
f 3824 3922 3825
f 3825 3826 3738
f 3924 3826 3825
f 4003 3913 4002
f 4001 4100 4002
f 4002 3912 4001
f 4002 3913 3912
f 4002 4102 4003
f 4100 4102 4002
f 4003 3922 4004
f 4004 3913 4003
f 3590 3632 3634
f 3634 3632 3631
f 3568 3535 3567
f 3568 3569 3535
f 3567 3588 3568
f 3568 3588 3569
f 3066 1489 3070
f 3070 3071 3066
f 1489 3071 3070
f 3777 3878 3879
f 1285 1199 1184
f 212 214 205
f 212 2820 2757
f 2757 2756 212
f 222 221 229
f 213 221 222
f 229 217 222
f 222 217 213
f 2431 2490 2432
f 2648 2647 2605
f 2647 2703 2704
f 2704 2759 2775
f 2820 212 204
f 205 198 204
f 204 212 205
f 250 483 235
f 235 249 250
f 250 499 483
f 250 249 261
f 256 268 260
f 260 268 261
f 260 249 248
f 261 249 260
f 270 271 520
f 520 268 270
f 261 268 520
f 520 271 522
f 523 499 272
f 284 523 272
f 272 271 284
f 233 221 235
f 235 457 233
f 233 457 221
f 440 457 458
f 458 457 472
f 458 459 440
f 472 468 458
f 449 246 465
f 448 449 431
f 246 449 448
f 229 246 448
f 510 518 532
f 518 517 532
f 517 512 532
f 293 294 284
f 293 492 294
f 479 492 293
f 265 282 283
f 266 265 283
f 283 293 284
f 282 293 283
f 284 267 283
f 283 267 266
f 508 282 531
f 508 293 282
f 510 532 511
f 511 532 512
f 510 516 533
f 533 534 510
f 516 534 533
f 389 4452 378
f 4145 4045 4144
f 4330 4331 4245
f 4245 4329 4330
f 3765 3770 3693
f 3693 3692 3768
f 3627 3692 3693
f 3693 3691 3627
f 3797 3798 3713
f 3713 3770 3797
f 3797 3770 3798
f 3768 3692 3767
f 4033 4134 4133
f 3840 3758 3843
f 3933 3945 3843
f 4032 4134 4033
f 469 455 468
f 4422 4421 4362
f 4364 4421 497
f 4364 4362 4421
f 480 4274 4364
f 4364 497 480
f 3765 3863 3853
f 4043 4044 3954
f 4048 3954 4047
f 4145 4144 4146
f 4146 4045 4145
f 4146 4144 4244
f 4244 4245 4146
f 4332 4245 4331
f 4333 4245 4332
f 4336 4253 4332
f 4358 496 518
f 518 4359 4358
f 4358 4359 496
f 4432 4431 4437
f 4432 4359 4431
f 4080 4177 4082
f 4082 3986 4080
f 4083 3986 4082
f 4156 4053 4050
f 4050 4053 4052
f 4080 4178 4179
f 4274 4359 4275
f 4275 4178 4274
f 3858 3770 3765
f 3866 3858 3886
f 2357 2417 2358
f 2358 2293 2357
f 2415 2417 2357
f 58 63 59
f 59 2361 2360
f 59 2359 2361
f 62 64 59
f 59 63 62
f 64 2294 59
f 2293 2359 59
f 12 16 17
f 16 22 17
f 21 22 16
f 5335 5388 5389
f 5335 5387 5388
f 36 37 28
f 5204 21 5136
f 2418 2417 2475
f 51 2419 2418
f 2418 39 51
f 51 39 2419
f 2088 52 2023
f 2089 52 2088
f 2162 2085 2082
f 2162 52 2089
f 2162 2082 52
f 2089 2088 2162
f 4931 4927 5008
f 5013 4931 5008
f 5008 5098 5013
f 5008 5091 5098
f 5008 5005 5091
f 4930 4928 4847
f 4769 4850 4847
f 4846 4850 4769
f 4939 5025 4940
f 5029 5025 4939
f 4928 4933 4857
f 5005 4924 5004
f 5004 4924 5007
f 5088 5005 5004
f 5004 5007 5088
f 4915 4919 4918
f 4947 4873 4946
f 4946 4873 4938
f 5325 5377 5376
f 5310 5311 5248
f 5314 5325 5318
f 5314 5375 5325
f 5256 5255 5317
f 5187 5112 5122
f 5039 5112 5032
f 4947 5039 5032
f 5032 4944 4947
f 5095 5089 5005
f 5161 5089 5095
f 5005 5094 5095
f 5095 5094 5161
f 5093 5005 5092
f 5093 5094 5005
f 5092 5164 5093
f 20 5161 5170
f 5170 5164 20
f 5170 5093 5164
f 5161 5094 5170
f 5094 5093 5170
f 5014 5101 5016
f 4933 5020 5021
f 5021 5020 5101
f 5021 5014 4933
f 5101 5014 5021
f 5102 5100 5103
f 5016 5102 5103
f 5103 5100 5178
f 5178 5105 5103
f 5103 5105 5104
f 5180 5247 5181
f 5180 5105 5178
f 5181 5105 5180
f 5246 5245 5181
f 5098 5175 5176
f 5245 5246 5176
f 5104 5105 5027
f 5027 4939 5016
f 5016 5103 5027
f 5027 5103 5104
f 5189 5183 5182
f 5122 5039 5121
f 1951 1950 1949
f 1878 1950 1951
f 1949 2019 1951
f 38 47 5240
f 33 31 25
f 5098 31 33
f 33 5171 5098
f 5240 5171 33
f 33 38 5240
f 1953 38 33
f 1884 1865 1931
f 1931 1881 1884
f 1865 1881 1931
f 2296 55 2295
f 2295 55 2228
f 2295 61 2296
f 2295 2228 61
f 2159 2228 2229
f 2229 55 2159
f 2228 55 2229
f 5266 52 56
f 56 5327 5266
f 52 55 56
f 5388 5387 56
f 5389 5388 56
f 56 55 5389
f 5241 53 5305
f 2897 2927 2928
f 2928 2923 2897
f 2927 2923 2928
f 2861 2891 2892
f 2891 2923 2892
f 2892 2923 2924
f 2893 2861 2892
f 2724 2723 2725
f 2725 2667 2724
f 2724 2667 2723
f 2727 2720 2723
f 2723 2667 2727
f 2725 2792 2793
f 2793 2728 2725
f 2853 2803 2813
f 2853 2793 2851
f 2841 2847 2874
f 2789 2847 2841
f 2841 2874 2842
f 2842 2789 2841
f 2881 2879 2918
f 2881 2847 2879
f 2881 2918 2882
f 2882 2847 2881
f 2719 2720 2665
f 2719 2788 2720
f 2787 2788 2715
f 2920 2910 2921
f 2921 2887 2920
f 2868 2906 2907
f 2906 2887 2907
f 2869 2870 2825
f 2910 2870 2869
f 2869 193 2910
f 2911 2910 2920
f 2911 2870 2910
f 2871 2870 2911
f 2920 2887 2911
f 2911 2887 2871
f 2825 2767 2766
f 2766 2765 2825
f 2767 2701 2766
f 2701 2765 2766
f 5143 5214 5215
f 5215 5284 5285
f 5213 5284 5215
f 5215 5214 5213
f 5148 5143 5217
f 5223 5289 5293
f 5293 5224 5223
f 5223 5224 5148
f 5148 5217 5223
f 5223 5217 5289
f 5209 5138 5137
f 5137 5208 5209
f 5138 5060 5137
f 12 5208 5137
f 5137 16 12
f 5137 5060 5136
f 5137 21 16
f 5136 21 5137
f 5211 5221 5279
f 5279 5221 5292
f 5279 5292 5295
f 5279 5226 5211
f 5295 5226 5279
f 5222 5221 5211
f 5411 5601 5367
f 5411 5410 5601
f 5367 5366 5411
f 5410 5411 5364
f 5364 5411 5366
f 5364 5404 5406
f 4978 5075 5076
f 4963 4970 5055
f 4964 5056 5057
f 5149 5152 5151
f 5226 5152 5149
f 5074 5075 4978
f 5151 5075 5074
f 5074 5149 5151
f 5227 5152 5226
f 5153 5152 5227
f 5228 5153 5227
f 5227 5298 5228
f 5156 5153 5586
f 5586 5081 5156
f 5218 5145 5148
f 5219 5145 5218
f 5148 5224 5218
f 5218 5224 5219
f 4975 4976 4905
f 4827 4753 4826
f 4827 4904 4905
f 4905 4906 4827
f 5517 4816 5543
f 4834 4816 4815
f 4753 4816 4825
f 4825 4754 4753
f 4816 4834 4825
f 5562 5083 5082
f 5082 5083 4988
f 4832 4753 4831
f 4912 5573 4988
f 4912 4982 4985
f 5562 5573 5574
f 5574 5575 5562
f 5574 5586 5587
f 5574 5573 5586
f 5604 5622 5605
f 5620 5603 5619
f 5621 5603 5620
f 2813 2812 2854
f 2854 2853 2813
f 2795 2728 2794
f 2794 2812 2795
f 2794 2854 2812
f 2853 2854 2794
f 2728 2793 2794
f 2793 2853 2794
f 2740 2678 2739
f 2739 2807 2740
f 2740 2807 2811
f 2681 2679 2682
f 2680 2678 2625
f 2678 2679 2625
f 2625 2628 2680
f 2625 2579 2628
f 2739 2803 2808
f 2682 2747 2746
f 2747 2815 2746
f 2746 2815 2814
f 2746 2683 2682
f 2814 2748 2746
f 2746 2748 2683
f 2683 2748 2685
f 2685 2634 2683
f 2685 2748 2749
f 2749 2750 2685
f 2750 2751 2685
f 2753 2750 2689
f 2689 2751 2753
f 2753 2751 2750
f 2686 2685 2751
f 2339 2273 2272
f 2272 2203 2271
f 2272 2273 2203
f 2066 2067 2004
f 2276 2277 2206
f 2270 2332 2271
f 2270 2269 2332
f 2271 2202 2270
f 2202 2269 2270
f 2318 2248 2247
f 2390 2332 2331
f 2331 2378 2390
f 2391 2332 2390
f 2390 2378 2391
f 2315 2378 2379
f 2250 2248 2311
f 2248 2264 2311
f 2311 2241 2250
f 2264 2241 2311
f 2265 2202 2201
f 2201 2202 2133
f 2392 2332 2391
f 2392 2393 2332
f 2452 2393 2392
f 2391 2451 2392
f 2392 2451 2452
f 2571 2518 2517
f 2517 2518 2452
f 2517 2570 2571
f 2517 2452 2498
f 2517 2573 2570
f 2789 2844 2845
f 2879 2847 2845
f 2878 2844 2860
f 2879 2844 2878
f 2860 2889 2878
f 2878 2889 2879
f 2872 2827 2860
f 2860 2859 2872
f 2872 2859 2831
f 2769 2768 2827
f 2827 2828 2769
f 2770 2701 2769
f 2701 2768 2769
f 2124 2125 2061
f 2061 2122 2124
f 2123 2059 2058
f 2058 2122 2123
f 2123 2122 2059
f 2587 2531 2530
f 2530 2586 2587
f 2530 2583 2584
f 2587 2591 2589
f 2589 2531 2587
f 2519 2502 2568
f 2568 2512 2519
f 2502 2512 2568
f 2514 2513 2567
f 2567 2513 2502
f 2567 2511 2514
f 2567 2502 2511
f 2500 2499 2566
f 2500 2566 2526
f 2526 2501 2500
f 2500 2501 2442
f 2442 2499 2500
f 2503 2460 2525
f 2446 2460 2503
f 2525 2504 2503
f 2503 2504 2446
f 2446 2387 2400
f 2400 2387 2341
f 2341 2340 2399
f 2399 2400 2341
f 2460 2400 2399
f 2399 2459 2460
f 2399 2340 2339
f 2341 2386 2342
f 2342 2386 2324
f 2324 2277 2342
f 2276 2341 2342
f 2342 2277 2276
f 2569 2509 2507
f 2520 2521 2454
f 2524 2569 2507
f 2447 2504 2458
f 2458 2504 2525
f 2525 2459 2458
f 2507 2506 2458
f 2458 2524 2507
f 2457 2524 2458
f 2592 2532 2591
f 2537 2472 2536
f 2536 2595 2537
f 2536 2535 2595
f 2595 2535 2594
f 2594 2593 2640
f 2594 24 2595
f 43 2472 2537
f 2537 37 43
f 43 37 2472
f 28 37 30
f 30 37 2537
f 2443 2501 2464
f 2464 2501 2465
f 2527 2465 2526
f 2527 2466 2465
f 2529 2530 2467
f 2467 2530 2531
f 2467 2532 2533
f 2531 2532 2467
f 2533 2468 2467
f 2584 2583 2632
f 24 2594 2639
f 2640 2586 2639
f 2639 2594 2640
f 1628 1627 1674
f 3034 3048 1723
f 1539 1540 1450
f 5603 3054 3053
f 3053 3054 3048
f 1359 1358 1465
f 1056 1162 1163
f 1162 1267 1163
f 1163 1267 1268
f 1163 1164 1056
f 1268 1164 1163
f 1362 1269 1357
f 1357 1269 1268
f 1469 1466 1361
f 1359 1351 1361
f 1270 1365 1366
f 1273 1368 1274
f 1363 1269 1362
f 1268 1269 1165
f 1060 1164 1165
f 1165 1164 1268
f 1165 1062 1060
f 1447 1464 1463
f 1464 1351 1463
f 1469 1361 1468
f 1459 1351 1464
f 1464 1555 1459
f 1405 1498 1422
f 1405 1406 1309
f 1309 1404 1405
f 1405 1404 1498
f 1513 1504 1422
f 1502 1504 1503
f 1409 1310 1408
f 1409 1503 1504
f 1409 1408 1502
f 1502 1503 1409
f 1573 1576 1496
f 1497 1402 1496
f 1402 1495 1496
f 1496 1494 1573
f 1495 1494 1496
f 1499 1404 1497
f 1500 1404 1499
f 1497 1496 1499
f 1499 1496 1576
f 1499 1515 1500
f 1576 1515 1499
f 1575 1647 1642
f 1573 1494 1572
f 1572 1494 1575
f 1572 1642 1643
f 1645 1574 3050
f 3050 3038 1645
f 1645 3038 1646
f 1575 1574 1645
f 1645 1646 1575
f 1690 1646 3027
f 1647 1646 1690
f 1588 1517 1587
f 1587 1517 1516
f 1584 1515 1576
f 1585 1515 1584
f 1643 1642 1584
f 1584 1647 1585
f 1584 1642 1647
f 1514 1498 1500
f 1500 1515 1514
f 1422 1498 1514
f 1514 1515 1422
f 1658 1660 1659
f 1658 1703 1704
f 1704 1660 1658
f 1533 1444 1442
f 1348 1346 1446
f 1446 1452 1348
f 1446 1346 1445
f 1445 1452 1446
f 1454 1348 1453
f 1454 1455 1348
f 1453 1536 1454
f 1457 1348 1456
f 1348 1455 1456
f 1348 1347 1265
f 1265 1346 1348
f 1354 1358 1355
f 1341 1260 1340
f 1340 1428 1341
f 1261 1344 1262
f 1261 1260 1344
f 1261 1262 1158
f 1158 1260 1261
f 1436 1344 1343
f 1344 1260 1343
f 1343 1429 1341
f 1437 1345 1436
f 1436 1438 1437
f 1437 1438 1345
f 1526 1598 1599
f 1436 1525 1526
f 1526 1438 1436
f 1525 1596 1526
f 1528 1438 1527
f 1527 1526 1599
f 1438 1526 1527
f 1527 1603 1604
f 1602 1603 1527
f 1599 1601 1527
f 1601 1602 1527
f 1439 1528 1529
f 1529 1440 1439
f 1528 1440 1529
f 1442 1440 1530
f 1592 1598 1593
f 1593 1519 1592
f 1599 1590 1589
f 1589 1661 1599
f 1590 1518 1589
f 1589 1518 1588
f 1588 1657 1589
f 1589 1658 1659
f 1657 1658 1589
f 1659 1660 1589
f 1660 1661 1589
f 1373 1372 1277
f 1373 1280 1372
f 1277 1372 1279
f 1175 1173 1279
f 1279 1280 1175
f 1372 1280 1279
f 1085 1086 987
f 1175 1086 1085
f 1085 1173 1175
f 898 992 986
f 1172 1173 1079
f 101 695 756
f 812 885 886
f 861 862 790
f 737 736 790
f 688 736 737
f 790 729 737
f 737 729 688
f 725 789 790
f 790 736 725
f 869 870 794
f 794 862 869
f 862 861 869
f 713 777 778
f 778 779 713
f 853 779 852
f 1249 1147 1248
f 1248 1252 1249
f 1335 1340 1339
f 1339 1340 1260
f 1259 1260 1158
f 1158 1157 1259
f 1259 1339 1260
f 1335 1339 1259
f 1427 1430 1341
f 1341 1333 1427
f 1426 1430 1427
f 1427 1333 1426
f 1433 1521 1522
f 1051 1143 1048
f 794 870 871
f 871 872 794
f 1030 935 1029
f 1144 1143 1051
f 1051 1050 1144
f 874 875 794
f 961 962 874
f 874 960 961
f 874 958 960
f 946 975 1039
f 876 975 946
f 1039 1040 946
f 884 812 883
f 885 812 884
f 983 984 884
f 886 885 884
f 1062 1063 971
f 1060 1062 971
f 1378 1377 1475
f 1281 1377 1378
f 1281 1282 1175
f 1378 1282 1281
f 1175 1280 1281
f 1327 1377 1425
f 1137 1236 1237
f 1278 1171 1277
f 1173 1171 1278
f 1277 1279 1278
f 1278 1279 1173
f 1138 1043 1137
f 949 1043 950
f 950 867 949
f 1680 1677 1722
f 1680 1620 1677
f 1274 1368 1371
f 1383 1486 1385
f 1385 1486 1386
f 1385 1384 1383
f 1385 1386 1282
f 1282 1384 1385
f 5602 1476 1477
f 1476 1379 1477
f 1477 1379 1386
f 2901 2900 2866
f 2899 2900 2862
f 2862 2816 2805
f 2900 2901 2862
f 2862 2898 2899
f 2866 2816 2862
f 2862 2901 2866
f 2805 2861 2862
f 2862 2861 2893
f 2893 2898 2862
f 2954 2967 2961
f 2961 2952 2954
f 2966 2967 2954
f 2983 2967 2966
f 5443 5467 5473
f 5444 5443 5445
f 5445 5432 5444
f 5459 5491 5461
f 2954 2952 2943
f 1704 1703 2943
f 5428 5427 5434
f 5434 5427 5433
f 5434 5433 5445
f 2964 1696 1727
f 1727 1696 1692
f 4669 4754 4746
f 4670 4604 4669
f 4815 4816 5541
f 5541 4745 4815
f 5238 6 5239
f 5238 5237 6
f 5239 5169 5238
f 5169 5237 5238
f 4563 4519 4562
f 4998 5087 5000
f 4999 4998 5000
f 5000 4994 5086
f 5000 5087 4994
f 4994 4997 4995
f 5509 4994 4995
f 4995 4915 5509
f 4996 4919 4915
f 4915 4995 4996
f 4996 4995 4997
f 4996 4997 4921
f 4921 4920 4996
f 4920 4919 4996
f 5497 5472 5471
f 5494 5472 5497
f 5497 4560 5494
f 3027 3028 3018
f 3028 3019 3018
f 3029 3019 3028
f 3019 3029 5532
f 3061 5569 3052
f 5569 3038 3052
f 3052 3051 3061
f 3052 3038 3051
f 5501 4759 4682
f 4682 4679 5501
f 5501 4679 4678
f 5469 5470 5443
f 2040 2037 1979
f 2103 2037 2040
f 1787 1820 1788
f 1787 1788 1765
f 1787 1817 1818
f 1816 1817 1787
f 1818 1819 1787
f 1787 1819 1820
f 1851 1814 1813
f 1789 1778 1771
f 2103 2040 2108
f 1979 2037 2036
f 1910 1903 1973
f 1851 1813 1850
f 1850 1912 1851
f 1820 1819 1806
f 1788 1820 1806
f 1806 1781 1788
f 1807 1781 1806
f 1854 1913 1855
f 1851 1912 1854
f 1854 1853 1851
f 1912 1850 1854
f 1910 1913 1854
f 1918 1855 1917
f 1869 1935 1870
f 1933 1935 1869
f 1770 1771 1758
f 1758 1769 1770
f 1770 1769 1771
f 1759 1772 1773
f 1777 1760 1773
f 1773 1760 1759
f 1773 1771 1777
f 1773 1772 1771
f 1775 1760 1774
f 1838 1817 1803
f 1803 1837 1838
f 1842 1819 1818
f 1842 1806 1819
f 1997 1968 1921
f 1807 1840 1844
f 1907 1903 1844
f 1765 1780 1785
f 1804 1817 1816
f 1803 1817 1804
f 1804 1780 1803
f 1762 1752 1756
f 1762 1763 1752
f 1800 1822 1834
f 1756 228 1767
f 1767 228 1792
f 2061 2120 2056
f 2120 2121 2056
f 2121 2104 2056
f 2056 2055 2061
f 1997 2055 2056
f 2056 2057 1997
f 2056 2104 2057
f 2174 2120 2183
f 2174 2121 2120
f 2174 2173 2105
f 2105 2104 2174
f 2174 2104 2121
f 2039 2104 2105
f 2057 2104 2039
f 1997 2057 2039
f 2103 2108 2039
f 2039 1978 1997
f 2039 2108 2040
f 1979 1978 2039
f 2039 2040 1979
f 2175 2241 2199
f 2133 2175 2199
f 2239 2173 2183
f 2175 2173 2239
f 2239 2241 2175
f 2183 2250 2239
f 2250 2241 2239
f 2176 2175 2243
f 2175 2242 2243
f 2243 2197 2176
f 2242 2197 2243
f 2164 2163 2090
f 2092 2122 2058
f 2099 2034 2098
f 2099 2168 2164
f 2098 2168 2099
f 2164 2090 2099
f 2099 2090 2034
f 1897 1896 1963
f 1894 1896 1837
f 2230 2297 2254
f 2306 2255 2254
f 2254 2297 2306
f 2231 2169 2236
f 2168 2169 2231
f 2236 2235 2231
f 2230 2168 2231
f 2231 2297 2230
f 2235 2297 2231
f 2306 2253 2321
f 2253 2320 2321
f 2252 2184 2251
f 2433 2376 2432
f 2432 2490 2433
f 2548 2490 2488
f 2488 2547 2548
f 2497 2490 2556
f 2556 2555 2562
f 2490 2555 2556
f 2609 2548 2608
f 2565 2517 2498
f 2435 2497 2498
f 2498 2440 2435
f 2440 2441 2435
f 2181 2120 2180
f 2182 2120 2181
f 2180 2188 2181
f 2188 2244 2181
f 2319 2383 2382
f 2256 2306 2323
f 2323 2314 2256
f 251 236 2755
f 280 265 279
f 279 515 280
f 280 515 514
f 509 508 531
f 2429 2371 2428
f 2428 2371 2370
f 2370 2371 2307
f 305 2428 2370
f 2370 2307 305
f 504 527 528
f 485 501 486
f 485 4310 501
f 486 475 485
f 475 4015 485
f 485 4015 4122
f 4122 476 485
f 524 527 501
f 501 4310 524
f 243 488 244
f 227 475 243
f 243 228 227
f 244 228 243
f 503 257 244
f 244 488 503
f 504 257 503
f 501 527 502
f 502 488 501
f 502 527 504
f 504 503 502
f 502 503 488
f 447 4124 227
f 447 4125 4017
f 4017 4124 447
f 306 307 288
f 305 307 306
f 288 287 306
f 306 2428 305
f 306 287 2428
f 317 320 322
f 322 2029 317
f 317 2029 1961
f 1929 2001 1930
f 308 320 325
f 325 326 308
f 320 326 325
f 320 307 324
f 324 323 320
f 324 307 305
f 305 323 324
f 504 528 529
f 529 528 543
f 1998 1929 1928
f 2001 1929 1998
f 519 4359 518
f 311 536 518
f 538 519 518
f 4437 4431 538
f 4431 4359 538
f 4359 519 538
f 308 326 309
f 545 536 544
f 530 529 543
f 504 529 530
f 3985 3986 3891
f 4080 3986 3985
f 4078 4081 3985
f 3790 3791 3709
f 3791 3792 3709
f 3709 3643 3713
f 3713 3786 3709
f 415 206 395
f 395 206 199
f 395 4125 415
f 395 4223 4125
f 395 4311 4223
f 199 3512 395
f 4399 4311 395
f 3512 4399 395
f 3877 3878 3777
f 3877 3973 3878
f 4260 4314 3509
f 1871 1933 1932
f 1932 1936 1871
f 2325 2257 2324
f 2327 2328 2258
f 2191 2257 2258
f 1918 1917 1993
f 1939 2005 1940
f 1940 2005 2006
f 2006 1942 1940
f 1877 1942 1943
f 2006 2005 2070
f 2005 2069 2070
f 2149 2148 2150
f 1578 1508 3050
f 4787 4710 4786
f 4866 4868 4867
f 4867 4791 4866
f 4868 4791 4867
f 4722 4789 4794
f 4794 4791 4722
f 4722 4719 4789
f 4722 4721 4719
f 4791 4792 4722
f 4657 4721 4722
f 4865 4792 4791
f 4941 4947 4942
f 4941 4873 4947
f 4868 4873 4941
f 4514 4490 4513
f 4748 4749 4669
f 4757 4749 4748
f 4548 4549 4510
f 4553 4512 4552
f 4552 4512 4551
f 4552 4602 4553
f 4551 4602 4552
f 4554 4512 4553
f 4513 4512 4554
f 4554 4555 4513
f 4543 4542 4547
f 4548 4510 4547
f 4547 4510 4543
f 4732 4660 4731
f 4652 4655 4589
f 4656 4719 4720
f 4720 4721 4656
f 4656 4721 4657
f 4657 4589 4656
f 4589 4655 4656
f 4734 4716 4660
f 4734 4736 4716
f 4551 4512 4550
f 4737 4661 4736
f 4737 4734 4743
f 4736 4734 4737
f 4737 4743 4663
f 4663 4661 4737
f 5096 5159 5097
f 5097 5006 5096
f 5086 5159 5096
f 5096 5006 5086
f 143 144 139
f 150 144 143
f 143 149 150
f 140 139 141
f 141 137 140
f 144 151 145
f 145 151 152
f 145 623 587
f 139 144 145
f 145 146 139
f 3456 3475 3478
f 171 3478 172
f 995 902 901
f 997 1092 998
f 1181 178 1180
f 1180 1182 1181
f 178 174 173
f 172 177 173
f 173 177 178
f 173 168 172
f 169 168 173
f 173 174 169
f 901 169 175
f 169 174 175
f 179 178 1181
f 179 174 178
f 3130 3128 3127
f 3157 3158 3130
f 3130 3158 3156
f 3080 3079 3102
f 3132 143 3102
f 3102 142 3080
f 3102 143 139
f 139 142 3102
f 3101 3130 3129
f 3128 3130 3101
f 3129 3102 3101
f 3101 3102 3079
f 3195 3158 3199
f 3237 3193 3196
f 3156 3193 3194
f 1094 1095 1000
f 1098 1187 1188
f 1098 1189 1099
f 1188 1189 1098
f 1098 1103 1187
f 1099 1002 1098
f 1002 1103 1098
f 1296 1201 1297
f 1201 1200 1297
f 1297 1199 1296
f 1297 1200 1199
f 1102 1200 1201
f 1201 1103 1102
f 1102 1185 1184
f 1102 1101 1185
f 1184 1199 1102
f 1199 1200 1102
f 1102 1103 1002
f 1002 1101 1102
f 1193 1290 1291
f 1390 1391 1291
f 1291 1302 1390
f 1290 1302 1291
f 1209 1305 1312
f 1305 1304 1312
f 1312 1300 1209
f 1312 1304 1300
f 1389 1396 1300
f 1300 1304 1389
f 1389 1304 1292
f 1006 1106 1007
f 1012 1017 1013
f 1013 1015 923
f 915 1010 917
f 1010 1011 917
f 1011 918 917
f 776 777 713
f 1099 1190 1191
f 1191 1192 1099
f 1190 1192 1191
f 1293 1194 1292
f 1294 1194 1293
f 1198 1197 1106
f 1100 1197 1198
f 1289 1286 1202
f 1202 1303 1289
f 1193 1286 1289
f 1289 1290 1193
f 1289 1303 1290
f 3667 3666 3733
f 3664 3732 3733
f 3731 3667 3733
f 3733 3732 3731
f 3610 3664 3665
f 3665 3666 3610
f 3664 3733 3665
f 3665 3733 3666
f 3726 3730 3664
f 3726 3663 3660
f 3664 3663 3726
f 3660 3725 3726
f 3804 3730 3726
f 3726 3725 3804
f 567 574 583
f 583 574 602
f 583 584 567
f 602 584 583
f 595 617 602
f 602 574 595
f 595 573 594
f 595 574 573
f 577 576 603
f 566 581 137
f 688 646 687
f 728 685 684
f 685 646 684
f 684 646 689
f 689 729 684
f 684 729 728
f 594 573 601
f 573 600 601
f 714 677 713
f 678 677 714
f 563 570 571
f 571 570 592
f 563 146 569
f 569 570 563
f 569 145 582
f 146 145 569
f 711 712 676
f 704 762 707
f 707 763 764
f 762 763 707
f 598 599 573
f 639 640 598
f 680 640 679
f 679 640 678
f 743 793 744
f 744 745 692
f 692 743 744
f 865 943 944
f 865 946 947
f 794 876 865
f 876 946 865
f 692 653 693
f 693 650 692
f 653 650 693
f 690 691 649
f 690 739 691
f 690 649 648
f 648 685 690
f 690 685 728
f 832 831 837
f 837 772 832
f 763 831 832
f 770 833 834
f 834 835 770
f 833 835 834
f 923 848 920
f 921 850 922
f 922 848 921
f 925 1017 926
f 1017 1018 926
f 926 848 925
f 1122 1123 1020
f 1020 1123 1027
f 921 848 929
f 929 926 1018
f 1021 1022 929
f 929 1020 1021
f 924 848 923
f 923 1015 924
f 925 848 924
f 924 1015 925
f 1215 1210 1219
f 1219 1310 1319
f 1219 1311 1310
f 1219 1210 1209
f 1209 1311 1219
f 1051 1048 1142
f 1244 1245 1146
f 1225 1245 1244
f 934 1027 1028
f 1027 1126 1028
f 1029 934 1028
f 1028 1126 1029
f 1230 1123 1229
f 1229 1123 1225
f 1225 1244 1229
f 3057 3056 1577
f 3056 3055 1577
f 3067 5598 5613
f 5613 5612 3067
f 5598 5612 5613
f 5599 5598 5585
f 5585 5584 5599
f 5599 5584 5598
f 5598 5584 5597
f 3067 5612 5597
f 5234 5233 5302
f 5160 5233 5234
f 5230 5229 5300
f 5230 5300 5301
f 5230 5160 5157
f 5157 5229 5230
f 5301 5233 5230
f 5230 5233 5160
f 350 4228 4129
f 4021 4020 4129
f 4129 4020 4128
f 4025 4021 4129
f 4129 368 4025
f 4129 4228 368
f 431 451 432
f 414 394 413
f 390 402 408
f 419 410 402
f 402 401 419
f 425 410 424
f 424 439 440
f 4330 413 4414
f 4414 413 392
f 203 196 198
f 203 198 205
f 354 365 364
f 364 356 354
f 354 356 351
f 346 352 354
f 354 351 346
f 352 362 354
f 354 362 365
f 380 399 381
f 398 399 380
f 396 380 379
f 397 396 386
f 398 380 397
f 380 396 397
f 404 397 386
f 398 397 404
f 404 399 398
f 191 186 190
f 190 193 191
f 2868 2910 189
f 2910 193 189
f 189 188 2868
f 193 190 189
f 186 188 189
f 189 190 186
f 2889 2888 2919
f 2916 2879 2919
f 2879 2889 2919
f 2919 2888 2922
f 2919 2933 2916
f 2922 2933 2919
f 371 380 381
f 379 380 371
f 357 356 364
f 364 366 357
f 357 355 347
f 347 356 357
f 986 1084 993
f 73 72 3468
f 72 3438 3468
f 3486 3461 3485
f 3485 3461 72
f 3438 3461 3431
f 3431 3395 3430
f 3431 3461 3460
f 80 79 78
f 3462 3487 3463
f 3435 3436 3400
f 3400 3401 3370
f 3370 3401 3402
f 3402 3403 3370
f 3370 3395 3371
f 3403 3395 3370
f 87 81 86
f 91 100 101
f 820 813 91
f 3746 3677 3676
f 3929 3832 3828
f 3753 3758 3757
f 3750 3832 3751
f 3932 3945 3933
f 3933 3835 3932
f 3932 3843 3945
f 3834 3835 3751
f 3937 3938 3838
f 3838 3934 3935
f 3936 4020 4021
f 3936 3935 4020
f 3936 4021 3937
f 3937 3838 3936
f 3936 3838 3935
f 3616 3260 3299
f 3299 3670 3616
f 3371 3395 3404
f 3407 3406 3441
f 3334 3320 3292
f 3294 3320 3334
f 3334 3333 3297
f 3292 3333 3334
f 3297 3296 3334
f 3334 3296 3294
f 3286 3320 3287
f 3287 3320 3294
f 3294 3296 3295
f 3087 3109 3110
f 3110 3089 3087
f 3110 3109 3112
f 3112 3089 3110
f 3088 3074 3087
f 3087 3089 3088
f 3088 3089 3074
f 3114 3117 3092
f 3090 3092 3091
f 3091 3076 3090
f 3092 3076 3091
f 3116 3117 3118
f 3092 3117 3116
f 3118 3094 3116
f 3074 3089 3075
f 3089 3076 3075
f 3072 3074 3075
f 3075 3076 3072
f 3098 3077 3097
f 3077 3096 3097
f 3097 3125 3098
f 3124 3125 3097
f 3097 3096 3124
f 3170 3217 3171
f 3174 3175 3143
f 3143 3175 3144
f 3143 3142 3169
f 3143 3169 3170
f 3170 3171 3143
f 3143 3144 3112
f 3112 3142 3143
f 3574 3572 3620
f 3620 3624 3622
f 3622 3577 3576
f 3526 3547 3548
f 3548 3549 3526
f 3525 3545 3526
f 3526 3549 3550
f 3550 3141 3526
f 3141 3525 3526
f 3164 3166 3165
f 3167 3166 3209
f 3137 3165 3166
f 3107 3136 3137
f 3136 3165 3137
f 3107 3108 3086
f 3087 3074 3086
f 3086 3108 3087
f 106 3245 108
f 106 104 3245
f 565 577 578
f 576 577 565
f 581 566 565
f 561 564 565
f 565 564 576
f 565 562 561
f 137 562 565
f 565 566 137
f 648 649 609
f 649 650 610
f 650 611 610
f 610 609 649
f 135 581 615
f 133 131 138
f 3103 124 119
f 3289 3288 3321
f 3321 3324 3289
f 3289 3322 3323
f 3319 3285 3293
f 3285 3251 3293
f 3293 3320 3319
f 3292 3320 3293
f 3293 3251 3292
f 3292 3251 3291
f 3325 3289 3324
f 3322 3289 3325
f 3901 3902 3791
f 3900 3791 3790
f 3900 3901 3791
f 3995 3902 3900
f 3902 3901 3900
f 3790 3896 3897
f 3897 3898 3790
f 3896 3898 3897
f 4199 4099 4200
f 4387 4296 4294
f 4294 4293 4387
f 4287 4384 4288
f 4385 4291 4290
f 4383 4384 4287
f 4385 4384 4383
f 4385 4386 4292
f 4292 4291 4385
f 4387 4293 4292
f 4292 4386 4387
f 4297 4386 4388
f 4386 4389 4388
f 4380 4286 4285
f 4285 4379 4380
f 4285 4188 4284
f 4286 4188 4285
f 4185 4188 4089
f 4191 4186 4089
f 4186 4187 4089
f 4089 4187 4090
f 4090 3991 4089
f 4185 4089 4088
f 4088 4089 3991
f 3677 3746 3678
f 3676 3677 3619
f 3620 3572 3619
f 3572 3618 3619
f 3677 3678 3619
f 3679 3620 3619
f 3619 3678 3679
f 3578 3623 3580
f 3580 3545 3578
f 3624 3623 3579
f 3579 3622 3624
f 3579 3578 3543
f 3623 3578 3579
f 3543 3577 3579
f 3577 3622 3579
f 3118 3117 3145
f 3514 3147 3145
f 3145 3117 3141
f 3141 3514 3145
f 3531 3529 3550
f 3559 3556 3531
f 3550 3560 3531
f 3531 3560 3557
f 3417 3381 3380
f 3451 3417 3416
f 3416 3417 3380
f 3127 3123 3154
f 3154 3130 3127
f 3157 3130 3154
f 3154 3191 3157
f 3127 3099 3126
f 3126 3123 3127
f 3098 3125 3126
f 3126 3099 3098
f 3126 3125 3124
f 3124 3123 3126
f 3191 3154 3155
f 3155 3154 3123
f 3554 3553 3592
f 3555 3528 3554
f 3180 3528 3555
f 3181 3180 3224
f 3122 3096 3121
f 3121 3096 3120
f 3642 3596 3601
f 3597 3596 3642
f 3643 3597 3649
f 3597 3648 3649
f 3544 3525 3543
f 3544 3545 3525
f 3543 3578 3544
f 3544 3578 3545
f 3548 3547 3585
f 3585 3584 3548
f 3547 3584 3585
f 3627 3584 3583
f 3583 3584 3547
f 3583 3582 3627
f 3547 3582 3583
f 3533 3532 3562
f 3522 3537 3523
f 3522 3521 3537
f 3800 3801 3718
f 3595 3556 3559
f 3559 3598 3595
f 3603 3562 3595
f 3595 3598 3603
f 3646 3597 3645
f 3645 3717 3646
f 3716 3717 3645
f 3645 3597 3644
f 3644 3716 3645
f 3908 3909 3904
f 3904 3806 3908
f 3998 4099 3999
f 3999 3906 3998
f 3999 4099 4001
f 3905 3996 3997
f 3997 3906 3905
f 3997 3996 3998
f 3998 3906 3997
f 3904 3804 3808
f 3808 3807 3904
f 3806 3807 3728
f 3662 3661 3728
f 3807 3808 3728
f 3727 3806 3728
f 3728 3661 3727
f 3659 3658 3662
f 3659 3725 3660
f 3659 3660 3607
f 3607 3658 3659
f 3721 3657 3651
f 3721 3661 3657
f 3727 3661 3721
f 3827 3826 3874
f 3827 3777 3740
f 3827 3874 3777
f 3740 3739 3827
f 3739 3826 3827
f 3928 3826 3927
f 3874 3826 3928
f 3968 3874 3928
f 3928 3927 4019
f 4019 3968 3928
f 3777 3875 3876
f 3876 3877 3777
f 3968 3969 3876
f 3876 3875 3968
f 4115 4014 4012
f 4012 4011 4115
f 4012 3926 4011
f 4114 4014 4115
f 4115 4011 4114
f 4218 4117 4217
f 4116 4210 4117
f 4011 4104 4116
f 4116 4117 4011
f 4104 4203 4116
f 4116 4203 4210
f 4214 4210 4209
f 4209 4215 4214
f 4217 4117 4216
f 4216 4215 4217
f 4117 4215 4216
f 4204 4107 4202
f 4107 4102 4202
f 4199 4204 4202
f 4202 4100 4199
f 4202 4102 4100
f 4192 4094 4092
f 4192 4194 4193
f 4192 4092 4191
f 4191 4194 4192
f 4197 4096 4095
f 4095 4196 4197
f 4096 3996 4095
f 3996 4094 4095
f 4193 4194 4095
f 4095 4192 4193
f 4094 4192 4095
f 4095 4194 4191
f 3824 3738 3823
f 3667 3669 3668
f 3668 3611 3667
f 3612 3668 3669
f 3611 3668 3612
f 3669 3633 3612
f 3612 3633 3588
f 3567 3611 3612
f 3612 3588 3567
f 3702 3772 3694
f 3694 3633 3702
f 3702 3633 3701
f 3700 3633 3699
f 3701 3633 3700
f 3700 3702 3701
f 3631 3588 3630
f 3630 3633 3631
f 3588 3633 3630
f 3922 4006 4007
f 4007 4006 4008
f 3924 3922 4007
f 4007 4008 3924
f 3923 3922 3924
f 3924 3825 3923
f 3923 3825 3922
f 3921 4004 3922
f 3913 4004 3921
f 3921 3922 3824
f 3824 3823 3921
f 3873 3869 3965
f 3965 3967 3873
f 3411 3414 3380
f 3380 3378 3411
f 3380 3351 3349
f 3349 3378 3380
f 4069 4068 4070
f 3777 3879 3779
f 3778 3777 3779
f 3779 3699 3778
f 3867 3779 3879
f 3868 3772 3867
f 3867 3879 3868
f 3493 3494 3478
f 1182 1180 3493
f 1184 1182 3493
f 3493 1180 178
f 178 177 3493
f 177 3494 3493
f 3478 3475 3474
f 3474 3493 3478
f 3473 3493 3474
f 3447 3473 3474
f 2693 2756 2757
f 219 2756 214
f 214 212 219
f 219 212 2756
f 231 232 220
f 231 242 232
f 220 226 231
f 226 242 231
f 232 242 247
f 248 232 247
f 247 260 248
f 256 260 247
f 241 242 226
f 256 247 241
f 241 247 242
f 2376 2319 2312
f 2244 2314 2312
f 2487 2426 2425
f 2487 2431 2426
f 2488 2490 2489
f 2489 2431 2488
f 2490 2431 2489
f 2376 2312 2375
f 2432 2376 2375
f 2375 2431 2432
f 2547 2605 2606
f 2608 2548 2606
f 2606 2548 2547
f 2606 2647 2608
f 2606 2605 2647
f 2702 2647 2648
f 2702 2703 2647
f 2702 2704 2703
f 2771 2701 2770
f 2771 2772 2701
f 2647 2704 2699
f 2704 2761 2699
f 521 250 261
f 522 499 521
f 521 520 522
f 261 520 521
f 460 458 468
f 459 458 460
f 440 459 460
f 460 455 440
f 468 455 460
f 465 451 450
f 450 449 465
f 450 451 431
f 431 449 450
f 230 217 229
f 229 448 230
f 406 389 394
f 406 394 414
f 378 394 388
f 388 389 378
f 394 389 388
f 407 406 4457
f 4143 4045 4044
f 4143 4144 4045
f 3765 3855 3856
f 3856 3855 3957
f 4041 4050 4052
f 3954 4050 4041
f 3891 3890 3983
f 3627 3691 3653
f 3653 3652 3627
f 3600 3652 3653
f 3723 3796 3713
f 3722 3770 3713
f 3722 3693 3770
f 3713 3796 3722
f 3796 3723 3722
f 3691 3693 3722
f 3722 3653 3691
f 3766 3692 3765
f 3765 3767 3766
f 3766 3767 3692
f 3765 3693 3771
f 3771 3767 3765
f 3771 3693 3768
f 3768 3767 3771
f 3690 3692 3627
f 3627 3626 3690
f 3625 3690 3626
f 3689 3690 3625
f 3626 3581 3625
f 3625 3581 3580
f 3580 3623 3625
f 3962 3961 3948
f 3687 3625 3623
f 3765 3692 3769
f 3769 3852 3765
f 3861 3961 3962
f 4402 4316 4315
f 3840 3843 3940
f 4027 4030 4029
f 4026 4024 4027
f 3842 3940 3942
f 3942 3940 3843
f 3942 4027 4029
f 4134 4032 4031
f 4025 4133 4031
f 4031 4133 4134
f 481 469 468
f 481 468 480
f 480 484 481
f 474 473 481
f 4274 4362 4363
f 4363 4364 4274
f 4362 4364 4363
f 3963 3861 3962
f 3863 3861 3963
f 4042 4043 3954
f 4042 3963 3962
f 4039 3963 4042
f 4033 4138 4038
f 3962 3948 4038
f 4033 4136 4137
f 4137 4138 4033
f 4140 4038 4138
f 4048 4047 4149
f 4149 4047 4045
f 4149 4148 4048
f 4045 4148 4149
f 3954 4045 4046
f 4046 4047 3954
f 4045 4047 4046
f 4247 4245 4333
f 4333 4248 4247
f 4247 4248 4146
f 4150 4251 4252
f 4048 4148 4150
f 4148 4251 4150
f 4253 4252 4335
f 4333 4332 4335
f 4335 4332 4253
f 421 410 425
f 4330 4414 421
f 4176 4177 4080
f 4080 3985 4079
f 4079 3985 4081
f 4175 4176 4080
f 4268 4175 4174
f 4080 4179 4174
f 4174 4175 4080
f 4265 4174 4269
f 4269 4174 4179
f 4269 4179 4178
f 4339 4421 4422
f 497 4421 4339
f 4339 484 497
f 4258 4257 4170
f 4156 4257 4258
f 4340 4339 4422
f 4257 4339 4340
f 4156 4050 4049
f 4049 3954 4048
f 4049 4050 3954
f 3889 3858 3960
f 3889 3786 3888
f 3857 3858 3765
f 3960 3858 3857
f 3765 3856 3857
f 3857 3856 3960
f 3864 3886 3798
f 3864 3866 3886
f 3798 3770 3864
f 3770 3866 3864
f 3770 3858 3865
f 3865 3866 3770
f 3858 3866 3865
f 2080 2157 2158
f 2157 2156 2158
f 2158 2081 2080
f 2159 2081 2158
f 2158 2156 2159
f 2415 2357 2356
f 2356 2357 2293
f 2226 2292 2293
f 2227 59 2294
f 2293 59 2227
f 2227 2294 2228
f 2227 2228 2159
f 2227 2226 2293
f 2159 2156 2227
f 2156 2226 2227
f 23 17 22
f 22 30 23
f 23 30 2537
f 28 22 27
f 22 21 27
f 5135 5138 5142
f 5135 5060 5138
f 5058 5060 5135
f 5030 5111 5109
f 4944 5032 5030
f 5030 5032 5111
f 4874 4800 4870
f 4732 4731 4806
f 5379 5387 5334
f 5387 5335 5334
f 5334 5327 5379
f 42 2473 2474
f 42 2417 2473
f 42 2475 2417
f 2472 37 40
f 37 36 40
f 35 5204 39
f 35 36 28
f 39 36 35
f 4925 4924 5005
f 4846 4844 4925
f 4926 4927 4846
f 4926 5008 4927
f 4846 4925 4926
f 5005 5008 4926
f 4926 4925 5005
f 5011 5020 5009
f 5009 5020 4933
f 5009 4933 4928
f 4928 4930 5009
f 4847 4850 4929
f 4929 4930 4847
f 4850 4930 4929
f 5011 4930 5010
f 5013 5098 5010
f 5098 5099 5010
f 5099 5011 5010
f 4767 4844 4846
f 4766 4844 4767
f 4848 4769 4847
f 5016 4939 5026
f 4783 4848 4847
f 4763 5501 4835
f 4759 5501 4763
f 4566 4565 4612
f 4612 4616 4566
f 4566 4519 4565
f 4509 4542 4543
f 4509 4510 4487
f 4543 4510 4509
f 4947 4946 5037
f 5037 4946 5025
f 5037 5029 4947
f 5037 5025 5029
f 4938 5025 5024
f 5024 4946 4938
f 5025 4946 5024
f 5316 5319 5322
f 5260 5322 5319
f 5256 5317 5260
f 5260 5317 5316
f 5316 5322 5260
f 5325 5376 5326
f 5326 5376 5320
f 5254 5314 5318
f 5318 5319 5254
f 5254 5319 5316
f 5189 5253 5254
f 5254 5255 5189
f 5316 5317 5254
f 5254 5317 5255
f 5311 5314 5251
f 5248 5311 5251
f 5251 5312 5248
f 5250 5249 5248
f 5250 5251 5189
f 5312 5251 5250
f 5200 5122 5189
f 5200 5187 5122
f 5186 5187 5109
f 5112 5187 5113
f 5113 5032 5112
f 5187 5186 5113
f 5185 5111 5113
f 5111 5032 5113
f 5113 5109 5185
f 5113 5186 5109
f 5016 4933 5015
f 5015 5014 5016
f 4933 5014 5015
f 5177 5246 5181
f 5181 5247 5177
f 5098 5176 5177
f 5177 5176 5246
f 5247 5180 5177
f 5177 5180 5178
f 5177 5099 5098
f 5178 5099 5177
f 5241 5308 5309
f 5106 5027 5105
f 5120 5184 5122
f 5122 5121 5120
f 2019 2082 2083
f 2082 2085 2083
f 47 38 46
f 46 38 1953
f 45 47 46
f 46 1953 45
f 1953 33 32
f 32 1954 1953
f 32 33 25
f 25 1954 32
f 1888 1889 1882
f 1888 25 1889
f 5378 5387 5379
f 5378 56 5387
f 5379 5327 5378
f 5327 56 5378
f 5241 5305 5306
f 5306 5314 5311
f 5311 5310 5306
f 5328 53 5266
f 5328 5376 5377
f 5377 5375 5328
f 5375 5380 5328
f 2925 2924 2893
f 2893 2892 2925
f 2925 2892 2924
f 2721 2720 2722
f 2720 2727 2722
f 2722 2727 2667
f 2722 2665 2721
f 2722 2667 2665
f 2791 2851 2852
f 2851 2793 2852
f 2852 2792 2791
f 2852 2793 2792
f 2665 2664 2718
f 2788 2719 2717
f 2717 2718 2664
f 2717 2719 2665
f 2665 2718 2717
f 2800 2801 2732
f 2732 2801 2802
f 2887 2921 2908
f 2868 2907 2908
f 2908 2907 2887
f 2908 2921 2910
f 2824 2869 2825
f 193 2869 2824
f 191 193 2824
f 2825 2765 2824
f 2824 2765 191
f 5143 5215 5216
f 5216 5217 5143
f 5361 5289 5288
f 5289 5217 5288
f 5288 5217 5287
f 5357 5287 5285
f 5357 5358 5287
f 5360 5287 5359
f 5287 5358 5359
f 5398 5396 5360
f 5348 5280 2930
f 5281 5280 5348
f 5393 5351 2930
f 2930 5360 5403
f 5403 5402 2930
f 5360 5402 5403
f 5360 5396 5401
f 5401 5402 5360
f 5146 5221 5147
f 5221 5222 5147
f 5066 5146 5147
f 5147 5140 5066
f 5211 5140 5147
f 5147 5222 5211
f 5419 5410 5408
f 5408 5418 5419
f 5365 5366 5293
f 5293 5364 5365
f 5365 5364 5366
f 5363 5289 5361
f 5293 5289 5363
f 5363 5364 5293
f 5361 5360 5363
f 5360 5400 5363
f 5405 5400 5360
f 5360 5404 5405
f 5404 5364 5405
f 5405 5363 5400
f 5364 5363 5405
f 4821 4900 4822
f 4822 4751 4821
f 4822 4823 4751
f 4824 4752 4751
f 4751 4823 4824
f 4826 4753 4824
f 4753 4752 4824
f 4898 4900 4821
f 4964 4900 4898
f 4821 4751 4820
f 4964 4898 4897
f 4897 4898 4819
f 4811 4740 4749
f 5153 5156 5155
f 5054 5056 4964
f 5054 5055 5056
f 5054 4964 4963
f 4963 5055 5054
f 4976 4975 4973
f 4973 4975 4905
f 5211 5226 5225
f 5225 5149 5211
f 5226 5149 5225
f 5067 5055 4970
f 5066 5140 5061
f 5061 4969 5066
f 4970 4969 5061
f 5061 5067 4970
f 5149 5074 5150
f 5297 5227 5226
f 5298 5227 5297
f 5297 5226 5296
f 5296 5295 5297
f 5295 5298 5297
f 5081 5573 4987
f 5573 4912 4987
f 4740 4811 4741
f 4663 4740 4741
f 4741 4742 4663
f 4741 4749 4757
f 4741 4811 4749
f 4742 4741 4665
f 4665 4667 4666
f 4665 4741 4667
f 4601 4602 4551
f 4753 4827 4828
f 4828 4906 4907
f 4828 4827 4906
f 4978 4979 4910
f 4910 4909 4978
f 4982 4912 4910
f 4978 4909 4977
f 4977 4909 4976
f 5071 5072 4976
f 5071 5057 5056
f 5071 5150 5074
f 5149 5150 5071
f 4833 4753 4832
f 4833 4816 4753
f 4816 4833 4893
f 4816 4893 4894
f 5562 5544 5561
f 5562 5082 5572
f 5572 5082 4988
f 5572 5573 5562
f 4988 5573 5572
f 4985 4979 5077
f 5077 4979 4978
f 4978 5076 5077
f 5589 5575 5588
f 5575 5574 5588
f 5588 5574 5587
f 5587 5586 5588
f 5586 5604 5588
f 5604 5605 5588
f 5588 5605 5589
f 5627 5622 5621
f 5621 5620 5627
f 5627 5620 5619
f 5627 5625 5622
f 5622 5625 5610
f 5517 5543 5518
f 4832 5544 5518
f 5518 4894 4893
f 5518 5543 4816
f 4816 4894 5518
f 5518 4833 4832
f 5518 4893 4833
f 5576 5564 5575
f 5562 5575 5563
f 5575 5564 5563
f 5563 5544 5562
f 5563 5564 5544
f 2811 2747 2741
f 2741 2740 2811
f 2741 2679 2678
f 2678 2740 2741
f 2684 2682 2633
f 2810 2739 2809
f 2739 2808 2809
f 2864 2810 2809
f 2809 2851 2864
f 2809 2808 2803
f 2809 2853 2851
f 2803 2853 2809
f 18 24 2688
f 2688 2752 18
f 18 2689 12
f 18 2751 2689
f 18 2752 2751
f 2595 24 18
f 12 17 18
f 18 17 2595
f 2688 2637 2687
f 2687 2752 2688
f 2130 2129 2067
f 2067 2066 2130
f 2130 2066 2129
f 2119 2129 2065
f 2129 2066 2065
f 2065 2066 2004
f 2004 2064 2065
f 2132 2133 2067
f 2178 2129 2119
f 2198 2175 2133
f 2198 2242 2175
f 2133 2132 2198
f 2198 2132 2197
f 2205 2206 2134
f 2134 2204 2205
f 2205 2204 2275
f 2205 2275 2276
f 2276 2206 2205
f 2134 2206 2135
f 2067 2134 2135
f 2207 2257 2191
f 2207 2277 2257
f 2191 2135 2207
f 2207 2135 2206
f 2331 2269 2329
f 2329 2269 2265
f 2265 2201 2268
f 2268 2201 2267
f 2268 2267 2318
f 2268 2329 2265
f 2267 2201 2266
f 2248 2318 2266
f 2318 2267 2266
f 2266 2264 2248
f 2266 2201 2264
f 2846 2847 2789
f 2789 2845 2846
f 2846 2845 2847
f 2880 2844 2879
f 2879 2845 2880
f 2880 2845 2844
f 2873 2828 2827
f 2827 2872 2873
f 2185 2187 2125
f 2125 2124 2185
f 2253 2187 2185
f 2185 2124 2184
f 2252 2253 2185
f 2185 2184 2252
f 2586 2530 2585
f 2585 2530 2584
f 2590 2532 2531
f 2531 2589 2590
f 2591 2532 2590
f 2590 2589 2591
f 2279 2328 2343
f 2461 2460 2446
f 2446 2400 2461
f 2461 2400 2460
f 2521 2520 2515
f 2509 2569 2515
f 2515 2569 2521
f 2515 2452 2514
f 2514 2509 2515
f 2455 2393 2454
f 2455 2453 2393
f 2447 2458 2505
f 2505 2458 2506
f 2448 2447 2505
f 2505 2506 2448
f 2397 2458 2459
f 2457 2458 2397
f 2271 2335 2333
f 2333 2272 2271
f 2593 2594 2534
f 2534 2594 2535
f 2591 2593 2534
f 2534 2592 2591
f 2533 2532 2534
f 2532 2592 2534
f 2470 2536 2472
f 2535 2536 2470
f 2470 2472 2471
f 2470 2534 2535
f 2470 2468 2533
f 2533 2534 2470
f 29 22 28
f 28 30 29
f 29 30 22
f 2414 2417 2415
f 2412 2467 2468
f 2412 2409 2466
f 2466 2467 2412
f 1614 1536 1537
f 1537 1615 1614
f 1458 1457 1551
f 1723 1679 3049
f 3049 3034 1723
f 1450 1542 1543
f 1543 1539 1450
f 1542 1539 1543
f 1362 1357 1467
f 1356 1357 1268
f 1268 1361 1356
f 1356 1361 1466
f 1466 1467 1356
f 1356 1467 1357
f 1360 1268 1359
f 1359 1361 1360
f 1360 1361 1268
f 1270 1366 1367
f 1166 1269 1270
f 1062 1165 1166
f 1166 1165 1269
f 1472 1363 1466
f 1365 1363 1471
f 1364 1363 1365
f 1269 1363 1364
f 1364 1365 1270
f 1270 1269 1364
f 1470 1363 1362
f 1466 1363 1470
f 1362 1467 1470
f 1470 1467 1466
f 1448 1347 1447
f 1349 1347 1449
f 1347 1448 1449
f 1447 1463 1449
f 1449 1448 1447
f 1554 1459 1553
f 1553 1469 1554
f 1469 1468 1554
f 1422 1406 1501
f 1501 1405 1422
f 1406 1405 1501
f 1574 1494 1571
f 1571 1570 1574
f 1399 1398 1493
f 1570 1571 1493
f 1493 1494 1401
f 1493 1571 1494
f 1644 1572 1643
f 1644 1584 1576
f 1643 1584 1644
f 1644 1576 1573
f 1573 1572 1644
f 1575 1642 1641
f 1641 1572 1575
f 1642 1572 1641
f 3014 1650 3026
f 3026 1690 3027
f 1656 1657 1588
f 1588 1587 1656
f 1586 1587 1516
f 1586 1515 1585
f 1516 1515 1586
f 1703 1658 1702
f 1699 1658 1657
f 1700 1658 1699
f 1609 1533 1608
f 1161 1162 1056
f 1461 1352 1351
f 1342 1260 1341
f 1341 1429 1342
f 1342 1343 1260
f 1429 1343 1342
f 1597 1526 1596
f 1598 1526 1597
f 1593 1598 1597
f 1597 1594 1593
f 1596 1594 1597
f 1608 1528 1600
f 1528 1527 1600
f 1608 1533 1532
f 1532 1533 1442
f 1442 1530 1532
f 1531 1440 1528
f 1531 1530 1440
f 1531 1532 1530
f 1531 1528 1608
f 1608 1532 1531
f 1598 1592 1662
f 1662 1590 1599
f 1599 1598 1662
f 1591 1592 1519
f 1591 1518 1590
f 1591 1519 1518
f 1590 1662 1591
f 1591 1662 1592
f 1329 1233 1232
f 1329 1237 1236
f 989 1086 1087
f 992 898 989
f 1087 1088 989
f 989 1088 1089
f 1089 992 989
f 1080 1079 1083
f 1082 1072 1083
f 987 984 1083
f 1083 984 1082
f 1083 1079 1173
f 1083 1085 987
f 1173 1085 1083
f 1078 1171 1172
f 1172 1079 1078
f 1078 1077 1076
f 751 694 692
f 692 750 751
f 806 748 805
f 805 750 806
f 694 751 752
f 750 807 752
f 752 751 750
f 891 884 984
f 892 984 987
f 892 989 893
f 892 893 815
f 892 891 984
f 1073 1072 1082
f 1082 984 1073
f 1073 984 983
f 101 756 757
f 757 91 101
f 820 91 757
f 757 813 820
f 757 756 813
f 811 812 753
f 694 752 753
f 753 752 811
f 695 694 753
f 940 869 861
f 942 870 940
f 870 869 940
f 939 940 861
f 942 940 939
f 722 786 723
f 785 786 722
f 680 679 722
f 600 599 641
f 599 598 641
f 641 640 680
f 641 598 640
f 791 725 788
f 788 725 723
f 681 722 723
f 680 722 681
f 681 641 680
f 682 641 681
f 779 778 851
f 850 852 851
f 851 852 779
f 777 850 851
f 851 778 777
f 1332 1333 1248
f 1426 1333 1332
f 1422 1426 1332
f 1335 1259 1258
f 1258 1259 1157
f 1157 1257 1258
f 1335 1255 1334
f 1334 1340 1335
f 1428 1340 1334
f 1341 1428 1334
f 1334 1333 1341
f 1248 1333 1334
f 1334 1255 1248
f 1432 1431 1521
f 1521 1433 1432
f 1341 1431 1432
f 1432 1343 1341
f 1432 1433 1343
f 1522 1523 1435
f 1435 1523 1436
f 1436 1343 1435
f 870 953 954
f 954 871 870
f 959 871 958
f 872 871 959
f 958 874 959
f 959 874 872
f 1049 1048 1143
f 1143 1144 1049
f 1049 1144 1050
f 1033 953 942
f 1033 1030 953
f 942 938 1031
f 1031 1033 942
f 1030 1033 1031
f 1032 935 1031
f 935 1030 1031
f 1047 1030 1029
f 1057 1058 964
f 964 1058 966
f 794 872 873
f 873 874 794
f 872 874 873
f 963 874 962
f 1056 1057 963
f 963 962 1056
f 1057 964 963
f 963 964 874
f 947 946 1041
f 1041 946 1040
f 868 952 878
f 951 952 868
f 951 1043 1044
f 951 868 950
f 950 1043 951
f 966 1060 1059
f 1064 971 1063
f 974 1065 1064
f 1064 1065 971
f 1327 1370 1423
f 1370 1475 1423
f 1424 1377 1327
f 1424 1475 1377
f 1327 1423 1424
f 1424 1423 1475
f 1327 1425 1374
f 1377 1281 1376
f 1376 1425 1377
f 1376 1374 1425
f 1331 1373 1277
f 978 1070 1071
f 1044 1043 1069
f 1043 1070 1069
f 1069 1070 978
f 945 949 867
f 945 865 944
f 1558 1464 1557
f 1464 1546 1557
f 1451 1464 1447
f 1447 1347 1451
f 1451 1347 1450
f 1722 1725 1724
f 1724 1680 1722
f 1450 1540 1541
f 1540 1617 1541
f 1541 1451 1450
f 1619 1617 1675
f 1677 1620 1619
f 1679 1677 1619
f 1619 3049 1679
f 1485 1383 1382
f 1383 1282 1382
f 1564 1634 1635
f 1635 1565 1564
f 1553 1561 1474
f 1560 1469 1474
f 1474 1469 1553
f 1474 1366 1365
f 1474 1471 1560
f 1365 1471 1474
f 1474 1371 1368
f 1368 1367 1474
f 1474 1367 1366
f 1474 1380 1378
f 1378 1475 1474
f 1369 1370 1274
f 1274 1371 1369
f 1371 1474 1369
f 1369 1475 1370
f 1369 1474 1475
f 1488 1477 1386
f 1566 1639 5602
f 1566 1634 1639
f 1635 1634 1566
f 1566 1565 1635
f 2978 2961 2967
f 5423 2961 2978
f 2984 2967 2983
f 2998 2985 2984
f 5426 2967 2984
f 2984 2985 5426
f 2983 2966 2982
f 5467 3020 3007
f 3007 5473 5467
f 3006 5498 3007
f 5498 5473 3007
f 5431 5432 5426
f 5431 5444 5432
f 5443 5444 5431
f 3009 3020 5467
f 5489 2972 5490
f 5490 5461 5491
f 5459 5489 5490
f 5490 5491 5459
f 2944 2943 2952
f 2952 2955 2944
f 1704 2943 2944
f 2944 2955 2945
f 2944 2941 1704
f 2945 2941 2944
f 2972 2957 2971
f 2957 2970 2971
f 4747 4746 4754
f 4669 4746 4747
f 4747 4670 4669
f 5517 5484 5516
f 5516 4816 5517
f 5516 5541 4816
f 5485 5484 5517
f 5517 5518 5485
f 5485 5486 5459
f 5459 5484 5485
f 5459 5461 5460
f 4530 4517 4504
f 4486 4502 4504
f 4565 4519 4564
f 4519 4563 4564
f 4612 4565 4564
f 4564 4563 4612
f 4610 4609 4678
f 4496 5462 5494
f 4496 4519 4497
f 5494 4519 4496
f 5558 5568 3041
f 3041 5569 5558
f 3041 3038 5569
f 5529 5498 3006
f 3006 5532 5529
f 5529 5532 5498
f 5499 5532 3029
f 5499 5473 5498
f 5498 5532 5499
f 5475 5476 5443
f 4677 4678 5531
f 4678 4609 5531
f 5470 5469 4559
f 4609 4560 4559
f 5471 5470 4559
f 4559 5497 5471
f 4560 5497 4559
f 2101 2037 2100
f 2100 2109 2101
f 1784 1813 1814
f 1783 1813 1784
f 1784 1789 1766
f 1784 1766 1765
f 1765 1783 1784
f 1766 1789 1790
f 1790 1789 1771
f 1771 1769 1790
f 1979 2036 1970
f 1975 1976 1903
f 1975 1907 1979
f 1979 1976 1975
f 1971 2036 2037
f 1903 1970 1971
f 1971 1970 2036
f 1782 1781 1807
f 1765 1781 1782
f 1782 1783 1765
f 1849 1850 1813
f 1849 1847 1850
f 1909 1903 1910
f 1910 1847 1909
f 1841 1840 1807
f 1807 1806 1841
f 1841 1806 1840
f 1850 1847 1911
f 1911 1854 1850
f 1911 1847 1910
f 1910 1854 1911
f 1910 1983 1914
f 1914 1913 1910
f 1855 1913 1914
f 2175 2113 2172
f 2100 2103 2172
f 2172 2173 2175
f 2103 2173 2172
f 1910 1981 1982
f 1982 1983 1910
f 2045 1983 1982
f 2054 2064 2004
f 2119 2065 2054
f 2054 2065 2064
f 1824 1869 1870
f 1825 1794 1824
f 1824 1870 1825
f 1869 1824 1868
f 1817 1838 1856
f 1857 1858 1817
f 1857 1856 1920
f 1817 1856 1857
f 1920 1921 1857
f 1818 1817 1843
f 1843 1842 1818
f 1901 1902 1843
f 1843 1902 1899
f 1817 1858 1843
f 1843 1858 1901
f 1806 1842 1843
f 1840 1806 1843
f 1843 1899 1840
f 1807 1844 1845
f 2058 2028 2027
f 2027 2092 2058
f 2091 2026 2025
f 2025 2090 2091
f 2091 2090 2163
f 2091 2027 2026
f 2028 1959 1958
f 1958 2027 2028
f 2026 2027 1958
f 2025 2026 1958
f 1816 1787 1786
f 1786 1785 1816
f 1786 1787 1765
f 1765 1785 1786
f 1816 1785 1805
f 1805 1804 1816
f 1805 1785 1780
f 1780 1804 1805
f 1821 1822 1792
f 1928 1929 1863
f 1863 1929 1930
f 1800 1834 1802
f 1803 1780 1802
f 1834 1835 1802
f 1891 1930 1892
f 1892 1834 1891
f 1864 1834 1822
f 1822 1863 1864
f 1864 1863 1930
f 1930 1891 1864
f 1864 1891 1834
f 244 257 258
f 258 1999 244
f 257 1999 258
f 1768 1762 1756
f 1756 1767 1768
f 1768 1780 1763
f 1763 1762 1768
f 1792 1780 1768
f 1768 1767 1792
f 2183 2173 2240
f 2240 2174 2183
f 2173 2174 2240
f 2106 2039 2105
f 2105 2173 2106
f 2106 2173 2103
f 2263 2241 2264
f 2264 2199 2263
f 2263 2199 2241
f 2264 2201 2200
f 2200 2199 2264
f 2200 2201 2133
f 2133 2199 2200
f 2122 2092 2165
f 2165 2124 2122
f 2166 2163 2164
f 2166 2092 2163
f 277 278 262
f 277 287 288
f 252 262 264
f 262 278 264
f 265 252 264
f 279 265 264
f 264 278 279
f 1961 2029 1962
f 1962 1896 1961
f 1962 1963 1896
f 1897 1963 1962
f 2034 2033 2097
f 2033 2096 2097
f 2095 2034 2097
f 2097 2096 2095
f 1836 1837 1803
f 1836 1894 1837
f 1839 1836 1803
f 1956 1955 1960
f 1960 1896 1956
f 1896 1894 1956
f 2368 2320 2306
f 2306 2321 2368
f 2368 2321 2320
f 2186 2251 2184
f 2184 2124 2186
f 2186 2254 2255
f 2230 2254 2186
f 2186 2255 2252
f 2252 2251 2186
f 2496 2490 2497
f 2497 2433 2496
f 2496 2433 2490
f 2561 2556 2562
f 2497 2556 2561
f 2561 2562 2498
f 2498 2497 2561
f 2836 2835 2855
f 2554 2555 2490
f 2562 2555 2554
f 2490 2548 2553
f 2548 2609 2553
f 2553 2554 2490
f 2564 2565 2498
f 2376 2433 2434
f 2434 2435 2376
f 2434 2433 2497
f 2497 2435 2434
f 2246 2182 2249
f 2439 2441 2440
f 2439 2383 2441
f 2439 2440 2380
f 2380 2383 2439
f 2441 2383 2384
f 2383 2319 2384
f 2384 2319 2376
f 2376 2435 2384
f 2384 2435 2441
f 2306 2305 2304
f 2426 2431 2427
f 2431 2375 2427
f 2705 2694 2759
f 2705 2702 2648
f 2649 2705 2648
f 2706 2705 2649
f 2697 2705 2706
f 251 2755 2690
f 2756 2755 223
f 214 2756 223
f 223 2755 236
f 265 280 513
f 513 280 514
f 508 509 493
f 479 293 493
f 293 508 493
f 479 493 494
f 494 493 509
f 494 512 496
f 494 511 512
f 494 515 516
f 494 516 510
f 510 511 494
f 514 515 494
f 494 513 514
f 253 240 252
f 251 252 239
f 252 240 239
f 239 240 225
f 225 236 239
f 239 236 251
f 254 267 256
f 256 241 254
f 240 253 254
f 266 267 254
f 254 265 266
f 254 252 265
f 254 253 252
f 262 275 276
f 276 277 262
f 2371 2429 276
f 287 277 276
f 2428 287 276
f 276 2429 2428
f 2540 2600 2597
f 2373 2374 2308
f 2308 2371 2373
f 2371 276 2373
f 2373 276 275
f 2233 2298 2299
f 2237 2298 2233
f 2232 2238 2233
f 2233 2171 2237
f 2233 2238 2171
f 2233 2169 2232
f 2299 2308 2300
f 2300 2233 2299
f 2363 2364 2300
f 2479 2478 2421
f 2421 2478 2477
f 4222 485 4123
f 4310 485 4222
f 4309 4310 4222
f 486 488 487
f 488 243 487
f 487 475 486
f 487 243 475
f 227 1755 216
f 216 1755 1742
f 429 428 415
f 415 4125 429
f 4125 447 429
f 208 216 1742
f 1961 2001 2030
f 2030 317 1961
f 313 530 314
f 330 318 329
f 318 315 329
f 315 314 329
f 329 332 330
f 329 530 543
f 329 314 530
f 298 315 316
f 316 315 318
f 302 318 303
f 298 316 302
f 302 316 318
f 303 318 319
f 319 1998 303
f 535 311 518
f 518 534 535
f 535 534 516
f 536 311 291
f 291 309 536
f 308 309 289
f 288 307 289
f 289 307 308
f 309 291 289
f 289 291 278
f 289 277 288
f 278 277 289
f 327 326 330
f 327 309 326
f 330 332 327
f 4305 4379 4377
f 4379 4285 4377
f 549 327 332
f 4437 538 537
f 537 538 518
f 518 536 537
f 536 545 537
f 4084 3986 4083
f 4084 4085 3986
f 3986 4085 3987
f 3891 3986 3987
f 3987 3893 3891
f 3895 3991 3992
f 3992 3993 3895
f 3993 3994 3895
f 3994 3896 3895
f 4086 3987 4085
f 4085 4084 4086
f 4086 4084 4083
f 3893 3894 3788
f 3891 3893 3788
f 3710 3792 3711
f 3711 3643 3710
f 3643 3709 3710
f 3504 3505 3502
f 3504 3508 3509
f 3508 3504 4064
f 3502 4065 4064
f 4064 3504 3502
f 1937 1874 1936
f 1938 1874 1937
f 1815 1814 1851
f 1851 1853 1815
f 1815 1784 1814
f 1789 1784 1815
f 1815 1854 1855
f 1853 1854 1815
f 2326 2324 2327
f 2326 2325 2324
f 2327 2258 2326
f 2259 2258 2328
f 2259 2328 2279
f 2279 2213 2259
f 2213 2192 2259
f 2191 2258 2259
f 2259 2192 2191
f 2003 1939 1938
f 1938 1993 2003
f 2004 1939 2003
f 2062 2069 2063
f 2063 2069 2005
f 2004 2062 2063
f 2063 2005 2004
f 1875 1939 1876
f 1939 1940 1876
f 1825 1875 1876
f 1876 1877 1825
f 1876 1940 1877
f 1941 1942 1877
f 1877 1940 1941
f 1941 1940 1942
f 2006 2070 2008
f 2071 2069 2137
f 2071 2070 2069
f 2078 2015 2014
f 2014 2015 1946
f 2150 2077 2076
f 2076 2149 2150
f 2013 2014 1946
f 2013 2076 2077
f 2013 2077 2078
f 2078 2014 2013
f 1944 1943 1942
f 1877 1943 1944
f 2145 2144 2214
f 2214 2142 2145
f 2212 2144 2143
f 2212 2213 2279
f 1580 1509 1508
f 1579 1510 1581
f 1579 1578 1510
f 1581 1509 1579
f 1509 1580 1579
f 1508 1578 1579
f 1579 1580 1508
f 1413 1511 1512
f 1512 1490 1413
f 1414 1317 1413
f 1413 1490 1414
f 1414 1490 1398
f 4859 4857 4933
f 4649 4652 4650
f 4657 4722 4723
f 4869 4791 4868
f 4869 4865 4791
f 4869 4941 4942
f 4868 4941 4869
f 4659 4660 4589
f 4730 4731 4660
f 4556 4514 4513
f 4513 4555 4556
f 4556 4555 4517
f 4604 4555 4607
f 4606 4607 4555
f 4669 4604 4606
f 4604 4607 4606
f 4511 4512 4487
f 4487 4510 4511
f 4511 4510 4549
f 4511 4550 4512
f 4549 4550 4511
f 4555 4554 4603
f 4603 4554 4553
f 4666 4667 4603
f 4553 4602 4603
f 4603 4665 4666
f 4602 4601 4603
f 4603 4601 4665
f 4590 4542 4589
f 4590 4547 4542
f 4548 4547 4596
f 4589 4542 4588
f 4588 4652 4589
f 4588 4542 4587
f 4587 4652 4588
f 4651 4652 4587
f 4650 4652 4651
f 4655 4652 4715
f 4652 4711 4715
f 4787 4789 4715
f 4715 4711 4787
f 4719 4656 4718
f 4718 4656 4655
f 4789 4719 4718
f 4718 4715 4789
f 4655 4715 4718
f 4733 4660 4732
f 4733 4734 4660
f 4743 4734 4733
f 4598 4549 4548
f 4598 4550 4549
f 4547 4590 4593
f 4736 4661 4735
f 4661 4717 4735
f 3083 3073 3082
f 623 145 624
f 624 145 152
f 152 618 624
f 587 623 624
f 624 618 587
f 582 145 616
f 901 824 823
f 823 169 901
f 823 168 169
f 823 3317 168
f 161 163 164
f 172 168 167
f 168 3317 167
f 167 171 172
f 3197 3191 3192
f 3191 3155 3192
f 3240 163 3196
f 3196 3239 3240
f 700 157 162
f 760 702 701
f 701 700 760
f 660 700 701
f 701 702 662
f 662 660 701
f 661 660 662
f 160 163 161
f 162 157 156
f 3457 171 176
f 1092 997 996
f 996 995 1092
f 902 995 996
f 1181 1092 1091
f 1181 1091 1090
f 180 175 174
f 174 179 180
f 180 1090 175
f 180 179 1181
f 1181 1090 180
f 3129 3130 3131
f 3131 3130 3156
f 3131 3102 3129
f 3131 3156 3132
f 3132 3102 3131
f 3128 3101 3100
f 3078 3099 3100
f 3100 3099 3127
f 3127 3128 3100
f 3196 3195 3238
f 3195 3199 3238
f 3238 3239 3196
f 3241 3240 3239
f 3159 3194 3193
f 3132 3156 3159
f 3156 3194 3159
f 827 762 826
f 1005 1106 1006
f 826 902 903
f 902 996 903
f 903 997 998
f 903 996 997
f 1001 1097 1002
f 1002 905 1001
f 1001 1000 1097
f 905 1000 1001
f 1186 1095 1185
f 1185 1101 1186
f 1186 1101 1095
f 1096 1101 1002
f 1095 1101 1096
f 1096 1000 1095
f 1002 1097 1096
f 1097 1000 1096
f 1288 1194 1193
f 1193 1291 1288
f 1292 1194 1288
f 1288 1389 1292
f 1107 1007 1106
f 1108 1007 1107
f 1109 1007 1108
f 1012 1010 1109
f 1010 1007 1109
f 1009 1010 915
f 915 1007 1009
f 1009 1007 1010
f 914 1007 915
f 1106 1207 1203
f 1207 1208 1203
f 1203 1208 1108
f 1203 1107 1106
f 1108 1107 1203
f 919 918 1011
f 919 1011 1012
f 1012 1013 919
f 919 1013 923
f 923 920 919
f 1112 1013 1017
f 1015 1013 1112
f 777 776 846
f 846 917 918
f 846 914 915
f 775 776 713
f 1292 1304 1205
f 1205 1293 1292
f 1205 1304 1305
f 1106 1204 1205
f 1196 1195 1294
f 1294 1293 1196
f 1099 1195 1196
f 1196 1197 1099
f 1293 1205 1196
f 1002 1100 1003
f 1003 905 1002
f 3534 3566 3535
f 3534 3565 3566
f 3535 3521 3534
f 3521 3533 3534
f 3605 3604 3566
f 3566 3565 3605
f 617 595 631
f 631 658 617
f 631 595 594
f 603 617 643
f 617 658 643
f 686 646 670
f 670 687 686
f 686 687 646
f 669 641 682
f 669 681 670
f 682 681 669
f 723 786 787
f 787 788 723
f 791 788 787
f 779 855 782
f 593 571 592
f 592 628 593
f 585 569 582
f 570 569 585
f 662 702 664
f 664 702 704
f 704 665 664
f 667 707 672
f 672 707 709
f 673 672 711
f 769 711 768
f 769 832 772
f 769 772 712
f 712 711 769
f 667 665 705
f 705 707 667
f 766 711 709
f 709 707 766
f 639 598 638
f 638 598 637
f 798 800 747
f 797 880 798
f 738 690 728
f 739 690 738
f 728 740 738
f 738 740 739
f 764 763 830
f 763 832 830
f 770 835 836
f 836 771 770
f 836 838 771
f 910 836 835
f 930 931 853
f 930 850 921
f 853 852 930
f 930 852 850
f 1025 1020 1027
f 1021 1020 1025
f 777 848 849
f 848 922 849
f 849 850 777
f 849 922 850
f 1118 1119 1019
f 1122 1020 1019
f 1019 929 1018
f 1020 929 1019
f 1115 1017 1114
f 1115 1116 1017
f 1113 1018 1017
f 1017 1116 1113
f 932 1022 1021
f 1021 1025 932
f 853 931 932
f 932 933 853
f 934 933 932
f 1023 929 1022
f 1023 932 931
f 1022 932 1023
f 848 926 927
f 926 929 927
f 1221 1119 1220
f 1119 1219 1220
f 1220 1223 1221
f 1212 1119 1118
f 1212 1219 1119
f 1319 1310 1410
f 1310 1409 1410
f 1320 1416 1322
f 1320 1219 1319
f 1319 1410 1320
f 1415 1409 1504
f 1415 1410 1409
f 1416 1320 1415
f 1415 1320 1410
f 1322 1416 1418
f 1418 1419 1322
f 1416 1415 1418
f 1418 1415 1504
f 1504 1513 1418
f 1422 1420 1418
f 1418 1513 1422
f 1231 1123 1230
f 1124 1123 1231
f 1029 1027 1125
f 1125 1027 1124
f 1125 1047 1029
f 1048 1047 1125
f 1145 1244 1146
f 1145 1146 1051
f 1051 1142 1145
f 1506 1412 3064
f 1506 3064 3057
f 3057 1577 1506
f 1507 1412 1506
f 1508 1507 1506
f 1506 3055 1508
f 1506 1577 3055
f 5611 5612 5598
f 5598 5597 5611
f 5611 5597 5612
f 5583 5570 3067
f 3067 5597 5583
f 5583 5584 5570
f 5583 5597 5584
f 5235 5234 5302
f 5160 5234 5235
f 5231 5160 5235
f 5302 5232 5235
f 5235 5232 5231
f 368 4228 360
f 360 359 368
f 360 4228 348
f 348 359 360
f 367 366 368
f 368 359 367
f 4227 4129 4128
f 350 4129 4227
f 4128 3469 4227
f 4227 3469 350
f 438 451 439
f 452 432 451
f 452 433 432
f 4330 4329 426
f 426 413 4330
f 414 413 426
f 393 394 378
f 393 413 394
f 378 392 393
f 392 413 393
f 391 411 392
f 391 392 378
f 378 390 391
f 408 410 391
f 410 411 391
f 417 401 400
f 432 433 417
f 433 418 417
f 417 418 401
f 431 432 417
f 382 399 400
f 400 401 382
f 381 399 382
f 382 390 378
f 402 390 382
f 382 401 402
f 410 419 423
f 439 424 423
f 423 424 410
f 423 438 439
f 423 418 435
f 423 419 401
f 401 418 423
f 412 411 410
f 412 4414 392
f 392 411 412
f 403 404 386
f 372 376 365
f 372 371 381
f 381 382 372
f 372 382 376
f 365 362 372
f 362 371 372
f 374 386 387
f 386 396 387
f 387 379 374
f 387 396 379
f 399 404 416
f 400 399 416
f 431 417 416
f 416 417 400
f 374 379 370
f 379 371 370
f 370 371 362
f 363 374 370
f 370 362 363
f 74 69 68
f 68 72 73
f 73 74 68
f 3486 3485 68
f 68 3485 72
f 68 67 3486
f 68 69 67
f 67 69 70
f 70 69 71
f 70 1084 67
f 70 71 1084
f 74 993 75
f 75 69 74
f 71 69 75
f 1084 71 75
f 75 993 1084
f 3467 3438 73
f 73 3468 3467
f 3467 3468 3438
f 3439 3431 3430
f 3438 3431 3439
f 3439 3430 73
f 73 3438 3439
f 82 81 85
f 85 80 82
f 78 81 82
f 82 80 78
f 3462 3463 3432
f 3395 3431 3432
f 3432 3460 3462
f 3432 3431 3460
f 96 87 95
f 3436 3435 3466
f 3466 3435 102
f 86 3436 3466
f 3338 3298 3337
f 3298 3336 3337
f 3337 3370 3371
f 3390 3429 3391
f 3391 3360 3390
f 3434 3435 3400
f 3429 3434 3397
f 85 81 88
f 81 87 88
f 83 80 85
f 79 80 83
f 900 91 986
f 77 79 900
f 900 74 77
f 986 993 900
f 900 993 74
f 3828 3832 3831
f 3832 3746 3831
f 3373 3929 3828
f 3373 3741 3338
f 3828 3741 3373
f 3837 3838 3751
f 3934 3838 3837
f 3751 3832 3837
f 3832 3929 3837
f 3929 3373 3837
f 3754 3682 3681
f 3754 3753 3757
f 3757 3683 3754
f 3683 3682 3754
f 3758 3753 3836
f 3836 3753 3752
f 3836 3752 3751
f 3751 3835 3836
f 3836 3843 3758
f 3836 3835 3933
f 3933 3843 3836
f 3751 3752 3680
f 3680 3750 3751
f 3752 3753 3680
f 3680 3754 3681
f 3753 3754 3680
f 3680 3620 3679
f 3680 3681 3620
f 3835 3834 3930
f 3839 3834 3751
f 3751 3838 3839
f 3839 3930 3834
f 3839 3838 3938
f 3220 3260 3261
f 3260 3616 3261
f 3617 3618 3572
f 3572 3616 3617
f 3617 3670 3671
f 3617 3616 3670
f 3405 3406 3371
f 3371 3404 3405
f 3934 3407 3408
f 3408 3441 4020
f 3408 3407 3441
f 3170 3213 3214
f 3214 3215 3170
f 3254 3215 3214
f 3170 3169 3168
f 3168 3213 3170
f 3255 3215 3254
f 3216 3217 3170
f 3170 3215 3216
f 3216 3215 3217
f 3258 3260 3259
f 3297 3260 3258
f 3115 3092 3090
f 3090 3114 3115
f 3115 3114 3092
f 3090 3089 3113
f 3113 3114 3090
f 3113 3089 3112
f 3117 3114 3113
f 3112 3141 3113
f 3141 3117 3113
f 3093 3076 3092
f 3092 3116 3093
f 3094 3076 3093
f 3093 3116 3094
f 3218 3175 3174
f 3218 3259 3220
f 3218 3258 3259
f 3172 3218 3174
f 3217 3218 3172
f 3172 3171 3217
f 3172 3143 3171
f 3621 3574 3620
f 3576 3574 3621
f 3620 3622 3621
f 3621 3622 3576
f 3575 3574 3576
f 3541 3574 3575
f 3576 3577 3542
f 3542 3575 3576
f 3541 3575 3542
f 3542 3577 3543
f 3543 3525 3542
f 3525 3541 3542
f 3540 3541 3525
f 3540 3571 3572
f 3538 3140 3112
f 3112 3571 3538
f 3571 3540 3538
f 3546 3545 3547
f 3547 3526 3546
f 3546 3526 3545
f 3242 3282 3245
f 3245 3209 3244
f 3244 3209 3243
f 3244 3242 3245
f 3243 3242 3244
f 3107 3137 3111
f 3087 3107 3111
f 3111 3109 3087
f 3106 3136 3107
f 3107 3086 3106
f 3104 3085 3103
f 3103 3086 3104
f 107 611 105
f 105 104 107
f 104 106 107
f 107 106 108
f 108 654 107
f 612 107 654
f 608 609 578
f 647 646 685
f 647 609 646
f 647 685 648
f 648 609 647
f 579 610 611
f 579 565 578
f 578 609 579
f 609 610 579
f 135 615 134
f 134 615 128
f 137 135 134
f 138 137 134
f 134 133 138
f 125 126 3083
f 3083 3082 125
f 122 115 121
f 121 125 122
f 108 3245 110
f 120 125 121
f 126 125 120
f 124 126 120
f 120 119 124
f 3163 3166 3164
f 3135 3163 3164
f 3164 3165 3135
f 3290 3289 3323
f 3290 3291 3251
f 3248 3245 3283
f 3283 3288 3248
f 3288 3249 3248
f 3288 3289 3250
f 3250 3249 3288
f 3250 3290 3251
f 3289 3290 3250
f 3323 3322 3326
f 3326 3290 3323
f 3790 3898 3899
f 3899 3900 3790
f 3899 3898 3995
f 3995 3900 3899
f 4099 3996 4098
f 4097 3996 4096
f 4097 4098 3996
f 4200 4098 4097
f 4097 4198 4199
f 4199 4200 4097
f 4097 4096 4197
f 4197 4198 4097
f 4296 4196 4295
f 4295 4294 4296
f 4289 4288 4384
f 4289 4384 4385
f 4385 4290 4289
f 4298 4383 4390
f 4385 4383 4298
f 4298 4389 4385
f 4217 4215 4298
f 4298 4215 4297
f 4297 4388 4298
f 4298 4388 4389
f 4189 4188 4287
f 4189 4089 4188
f 3679 3678 3748
f 3676 3619 3675
f 3675 3619 3618
f 3147 3119 3146
f 3146 3145 3147
f 3146 3119 3118
f 3118 3145 3146
f 3530 3531 3556
f 3556 3532 3530
f 3558 3531 3557
f 3557 3596 3558
f 3558 3596 3597
f 3558 3597 3559
f 3559 3531 3558
f 3381 3417 3418
f 3418 3382 3381
f 3417 3382 3418
f 3475 3456 3477
f 3477 3476 3475
f 3453 3476 3477
f 3475 3476 3449
f 3447 3416 3415
f 3415 3416 3380
f 3415 3414 3447
f 3380 3414 3415
f 3153 3123 3122
f 3153 3155 3123
f 3590 3634 3635
f 3527 3553 3554
f 3554 3528 3527
f 3552 3553 3527
f 3527 3551 3552
f 3527 3528 3180
f 3524 3537 3527
f 3537 3551 3527
f 3224 3180 3223
f 3180 3555 3223
f 3224 3223 3263
f 3225 3181 3224
f 3122 3121 3151
f 3150 3151 3121
f 3149 3184 3150
f 3120 3149 3150
f 3150 3121 3120
f 3312 3353 3354
f 3354 3353 3351
f 3380 3381 3354
f 3354 3351 3380
f 3352 3353 3312
f 3352 3309 3351
f 3351 3353 3352
f 3647 3648 3597
f 3597 3642 3647
f 3601 3648 3647
f 3647 3642 3601
f 3655 3648 3601
f 3655 3649 3648
f 3601 3656 3655
f 3655 3723 3713
f 3713 3643 3655
f 3643 3649 3655
f 3655 3656 3600
f 3532 3533 3519
f 3519 3530 3532
f 3516 3513 3515
f 3515 3513 3514
f 3514 3519 3515
f 3521 3522 3515
f 3523 3516 3515
f 3515 3522 3523
f 3791 3801 3903
f 3903 3800 3791
f 3801 3800 3903
f 3791 3800 3795
f 3795 3715 3714
f 3795 3794 3791
f 3718 3717 3795
f 3795 3800 3718
f 3795 3714 3711
f 3711 3794 3795
f 3561 3532 3556
f 3556 3595 3561
f 3562 3532 3561
f 3806 3906 3907
f 3907 3908 3806
f 3907 3999 4001
f 3906 3999 3907
f 3909 3908 3910
f 3910 3812 3909
f 3911 3812 3910
f 4001 3911 3910
f 3908 3907 3910
f 3662 3728 3729
f 3729 3808 3804
f 3804 3725 3729
f 3724 3659 3662
f 3725 3659 3724
f 3662 3729 3724
f 3724 3729 3725
f 3651 3650 3720
f 3720 3721 3651
f 3502 3876 3971
f 3498 3876 3502
f 3488 3876 3498
f 4011 4117 4118
f 4013 4014 3926
f 3926 4012 4013
f 4013 4012 4014
f 4120 4014 4119
f 4014 4114 4119
f 4122 4120 4119
f 4119 4114 4122
f 4213 4212 4117
f 4213 4114 4212
f 4117 4218 4213
f 4122 4114 4213
f 4213 4220 4122
f 4213 4218 4220
f 4217 4299 4300
f 4300 4301 4217
f 4300 4299 4305
f 4305 4391 4300
f 4217 4301 4302
f 4302 4301 4220
f 4302 4218 4217
f 4220 4218 4302
f 4220 4301 4307
f 4307 4300 4391
f 4301 4300 4307
f 4122 4220 4219
f 4220 4306 4219
f 4219 476 4122
f 4219 4306 476
f 4109 4209 4210
f 4210 4203 4109
f 4109 4108 4207
f 4104 4103 4109
f 4109 4203 4104
f 4109 4103 4003
f 4003 4108 4109
f 4207 4215 4208
f 4215 4209 4208
f 4208 4109 4207
f 4209 4109 4208
f 3737 3823 3738
f 3737 3820 3821
f 3738 3669 3737
f 3735 3818 3819
f 3812 3913 3814
f 3734 3667 3731
f 3734 3814 3815
f 3735 3667 3734
f 3734 3818 3735
f 3699 3772 3781
f 3772 3702 3781
f 3695 3772 3773
f 3773 3774 3695
f 3631 3695 3696
f 3695 3774 3696
f 3703 3639 3696
f 3696 3634 3631
f 3696 3635 3634
f 3782 3700 3699
f 3702 3700 3782
f 3699 3781 3782
f 3782 3781 3702
f 3413 3412 3444
f 3444 3412 4166
f 4061 3412 4070
f 4166 3412 4061
f 3979 4068 3977
f 3977 3976 3975
f 3977 4068 3976
f 3885 3883 3785
f 3979 3977 3885
f 3885 3977 3883
f 3975 3880 3882
f 3882 3977 3975
f 3883 3977 3882
f 3785 3883 3882
f 3348 3379 3378
f 3378 3349 3348
f 3347 3379 3348
f 3308 3309 3270
f 3308 3270 3307
f 3347 3348 3308
f 3308 3348 3349
f 3351 3309 3346
f 3309 3308 3346
f 4070 4068 3980
f 3980 4061 4070
f 3978 4061 3980
f 3980 4068 3979
f 3979 3885 3980
f 3980 3885 3978
f 3470 3876 3488
f 3877 3876 3470
f 3488 3489 3470
f 3877 3470 3445
f 3445 4066 3973
f 3445 3444 4166
f 3413 3444 3445
f 3878 3973 3974
f 3973 4066 3974
f 3780 3772 3699
f 3780 3867 3772
f 3699 3779 3780
f 3779 3867 3780
f 3492 3493 3473
f 1184 3493 3491
f 3491 1285 1184
f 1199 1285 3491
f 3493 3492 3491
f 3491 3473 3472
f 3491 3492 3473
f 3448 3474 3475
f 3475 3449 3448
f 3448 3449 3416
f 3448 3416 3447
f 3447 3474 3448
f 1299 1298 1392
f 1299 1392 183
f 183 1392 1298
f 2691 2755 2756
f 2756 2693 2691
f 2691 2690 2755
f 251 2690 2691
f 240 241 237
f 225 240 237
f 2488 2431 2495
f 2495 2544 2560
f 2648 2605 2607
f 2607 2605 2547
f 2607 2649 2648
f 2552 2547 2488
f 2488 2551 2552
f 2552 2607 2547
f 2551 2607 2552
f 2610 2551 2550
f 2550 2551 2488
f 2550 2495 2560
f 2560 2544 2604
f 2610 2550 2604
f 2604 2550 2560
f 2759 2704 2774
f 2704 2702 2774
f 2774 2705 2759
f 2702 2705 2774
f 2700 2699 2761
f 2701 2647 2700
f 2647 2699 2700
f 2820 204 2764
f 204 2823 2764
f 2820 2821 2758
f 2757 2820 2758
f 2758 2693 2757
f 2758 2821 2759
f 2759 2694 2758
f 2694 2693 2758
f 2775 2759 2822
f 2759 2821 2822
f 499 250 498
f 498 521 499
f 250 521 498
f 430 230 448
f 218 217 430
f 217 230 430
f 430 448 431
f 431 416 430
f 4457 406 4413
f 4329 4412 4413
f 4408 4457 4411
f 4457 4413 4411
f 4411 4413 4412
f 4329 4245 4328
f 4328 4412 4329
f 4328 4245 4244
f 4408 4411 4328
f 4328 4411 4412
f 375 4452 4453
f 389 406 405
f 406 407 405
f 4452 389 405
f 405 4457 4452
f 405 407 4457
f 3955 3853 3954
f 3958 3856 3957
f 3957 4041 4051
f 3957 3855 3956
f 3956 4041 3957
f 3855 3955 3956
f 3954 4041 3956
f 3956 3955 3954
f 3891 3983 3984
f 3984 3983 4078
f 3984 3985 3891
f 4078 3985 3984
f 3654 3722 3723
f 3654 3655 3600
f 3723 3655 3654
f 3600 3653 3654
f 3653 3722 3654
f 3760 3842 3844
f 3686 3684 3756
f 3686 3687 3623
f 3686 3624 3684
f 3686 3623 3624
f 3860 3861 3765
f 3862 3863 3765
f 3765 3861 3862
f 3862 3861 3863
f 3861 3860 3847
f 3949 3948 3961
f 3961 3861 3949
f 3844 3948 3949
f 3852 3769 3764
f 3764 3763 3852
f 3764 3769 3692
f 3692 3690 3764
f 3764 3690 3689
f 3689 3763 3764
f 4401 4402 4315
f 4408 4402 4401
f 4315 4320 4401
f 4401 4319 4408
f 4320 4319 4401
f 4231 4131 4130
f 4025 364 4130
f 4130 4131 4025
f 3841 3842 3756
f 3841 3940 3842
f 3756 3840 3841
f 3840 3940 3841
f 4023 4024 3938
f 4023 4027 4024
f 3938 4022 4023
f 4023 4022 4025
f 4025 4031 4023
f 4030 4027 4023
f 4023 4031 4030
f 3944 3942 3843
f 4027 3942 3944
f 3843 3946 3944
f 3944 3946 4027
f 477 473 466
f 466 467 455
f 469 481 471
f 471 466 455
f 477 466 471
f 471 473 477
f 471 481 473
f 3954 3853 3953
f 3953 3952 3954
f 3853 3952 3953
f 4039 3952 3951
f 3951 3952 3853
f 3951 3963 4039
f 3951 3853 3863
f 3863 3963 3951
f 4040 4042 3954
f 4039 4042 4040
f 3954 3952 4040
f 4040 3952 4039
f 4037 4038 3948
f 4234 4140 4138
f 4044 4043 4141
f 4043 4140 4141
f 4059 4140 4043
f 4038 4140 4059
f 4043 4042 4059
f 4059 4042 3962
f 3962 4038 4059
f 4144 4143 4241
f 4146 4248 4147
f 4147 4148 4045
f 4045 4146 4147
f 4148 4147 4249
f 4249 4147 4248
f 4249 4248 4333
f 4246 4146 4245
f 4245 4247 4246
f 4246 4247 4146
f 4250 4251 4148
f 4252 4251 4250
f 4148 4249 4250
f 4250 4249 4252
f 4333 4335 4334
f 4334 4335 4252
f 4334 4249 4333
f 4252 4249 4334
f 410 421 422
f 422 421 4414
f 422 412 410
f 4414 412 422
f 4416 4332 4331
f 4331 4415 4416
f 4416 4415 4332
f 436 4331 4330
f 436 4415 4331
f 4330 421 436
f 425 4415 436
f 436 421 425
f 4268 4278 4270
f 4270 4175 4268
f 4176 4175 4270
f 4181 4280 4184
f 4184 4183 4181
f 4184 4088 4183
f 4185 4088 4184
f 4279 4280 4181
f 4181 4278 4279
f 4356 4278 4268
f 4052 4053 3959
f 3959 3958 3957
f 3957 4051 3959
f 3960 3856 3959
f 3856 3958 3959
f 3959 4041 4052
f 3959 4051 4041
f 4157 4158 4053
f 4157 4053 4156
f 4157 4258 4170
f 4156 4258 4157
f 4158 4157 4073
f 4268 4174 4267
f 4267 4351 4268
f 4262 4178 4170
f 4170 4261 4262
f 4274 4178 4262
f 4170 4257 4263
f 4338 4339 4254
f 4419 4339 4338
f 4338 4418 4419
f 4420 4419 474
f 4420 4339 4419
f 484 4339 4420
f 474 481 4420
f 4420 481 484
f 4361 4362 4274
f 4155 4257 4156
f 4156 4049 4155
f 4256 4339 4257
f 4048 4150 4151
f 4151 4252 4253
f 4151 4150 4252
f 4253 4254 4151
f 4435 4365 4359
f 4359 4434 4435
f 4435 4434 4365
f 4418 4338 441
f 463 442 441
f 441 4338 463
f 441 424 440
f 425 424 441
f 441 442 425
f 3886 3858 3887
f 3858 3889 3887
f 3887 3889 3888
f 3888 3786 3887
f 3887 3786 3886
f 2079 2156 2157
f 2079 2155 2156
f 2017 2016 2079
f 2079 2016 2078
f 2078 2152 2079
f 2537 2595 2596
f 2596 23 2537
f 2595 17 2596
f 17 23 2596
f 21 5204 26
f 26 27 21
f 28 27 26
f 5065 5144 5066
f 5066 4969 5065
f 5062 4969 5058
f 5063 5135 5142
f 5063 5062 5058
f 4969 5062 5063
f 5144 5065 5063
f 5142 5143 5063
f 5063 5143 5144
f 4879 4877 4876
f 4945 5030 5033
f 5031 4945 4944
f 4944 5030 5031
f 5031 5030 4945
f 5320 5257 5262
f 5262 5326 5320
f 5324 5325 5262
f 5325 5326 5262
f 5266 5327 5267
f 4963 4964 4895
f 4964 4897 4895
f 4895 4897 4896
f 4895 4970 4963
f 4895 4969 4970
f 5058 4969 4967
f 4967 5060 5058
f 4749 4740 4813
f 4813 4812 4749
f 4740 4812 4813
f 4810 4812 4740
f 4732 4806 4807
f 4807 4806 4809
f 41 36 39
f 41 42 36
f 41 39 2418
f 2475 42 41
f 2418 2475 41
f 5277 5204 5276
f 5276 5275 5277
f 5204 5275 5276
f 5277 5275 5346
f 39 5204 48
f 5204 5271 48
f 5012 4930 5011
f 5011 5009 5012
f 5012 5009 4930
f 4932 4930 4850
f 4932 5010 4930
f 4932 4850 4931
f 4932 4931 5013
f 5013 5010 4932
f 4846 4769 4845
f 4845 4767 4846
f 4769 4767 4845
f 5017 4933 5016
f 5016 5026 5017
f 5018 5026 4939
f 4933 5017 5018
f 5018 5017 5026
f 4858 4783 4847
f 4857 4783 4858
f 4847 4928 4858
f 4928 4857 4858
f 4848 4783 4852
f 4843 4842 4924
f 4924 4925 4843
f 4843 4925 4844
f 4843 4844 4766
f 5003 4924 4923
f 4924 4842 4923
f 4923 5002 5003
f 4999 5000 4923
f 4685 4763 4764
f 4915 4918 4917
f 4917 4916 4915
f 4839 4763 4838
f 4760 4685 4682
f 4760 4763 4685
f 4682 4759 4760
f 4759 4763 4760
f 4766 4767 4694
f 4691 4686 4628
f 4617 4616 4682
f 4617 4566 4616
f 4592 4546 4591
f 4545 4509 4544
f 4546 4509 4545
f 4587 4542 4586
f 4542 4509 4541
f 4541 4509 4546
f 4546 4586 4541
f 4541 4586 4542
f 5189 5251 5252
f 5252 5253 5189
f 5252 5254 5253
f 5314 5254 5252
f 5248 5312 5313
f 5313 5250 5248
f 5312 5250 5313
f 5109 5187 5188
f 5187 5200 5188
f 5189 5109 5188
f 5188 5200 5189
f 5175 5243 5244
f 5244 5243 5245
f 5244 5176 5175
f 5245 5176 5244
f 5245 5243 5307
f 5307 5243 5308
f 5248 5245 5307
f 5307 5310 5248
f 5307 5306 5310
f 5307 5308 5241
f 5241 5306 5307
f 5242 5309 5308
f 5308 5243 5242
f 5242 5243 5175
f 5242 5175 5241
f 5241 5309 5242
f 5179 5106 5105
f 5179 5181 5248
f 5179 5105 5181
f 5182 5106 5179
f 5248 5249 5179
f 5189 5182 5179
f 5179 5250 5189
f 5249 5250 5179
f 5027 5106 5028
f 5029 4939 5028
f 4939 5027 5028
f 5107 5182 5183
f 5107 5106 5182
f 5108 5028 5107
f 5107 5028 5106
f 5183 5184 5107
f 5184 5120 5107
f 1880 1885 1884
f 1951 1885 1880
f 1884 1881 1880
f 1880 1881 1827
f 1827 1879 1880
f 1880 1879 1878
f 1878 1951 1880
f 1829 1823 1865
f 1829 1865 1884
f 1884 1885 1829
f 1795 1823 1829
f 1829 1830 1795
f 1952 1885 1951
f 1952 2021 1953
f 2023 1953 2022
f 2022 2021 2023
f 1953 2021 2022
f 2087 2088 2023
f 2023 2021 2087
f 1830 1829 1831
f 1831 1829 1885
f 1795 1830 1831
f 1831 1828 1795
f 1882 1828 1831
f 1831 1888 1882
f 5375 5314 5374
f 5314 5306 5374
f 5412 5375 5374
f 5374 5306 5305
f 5373 5305 53
f 53 5328 5373
f 5373 5374 5305
f 5412 5374 5373
f 5373 5328 5380
f 5373 5375 5412
f 5373 5380 5375
f 5321 5257 5320
f 5320 5376 5321
f 5376 5328 5321
f 5266 5257 5321
f 5321 5328 5266
f 2716 2715 2788
f 2788 2717 2716
f 2716 2717 2664
f 2716 2664 2663
f 2663 2715 2716
f 2786 2732 2802
f 2715 2732 2786
f 2786 2802 2787
f 2787 2715 2786
f 2663 2620 2674
f 2674 2715 2663
f 2674 2732 2715
f 2732 2674 2733
f 2909 2910 2868
f 2868 2908 2909
f 2909 2908 2910
f 5287 5217 5286
f 5217 5216 5286
f 5286 5216 5215
f 5285 5287 5286
f 5286 5215 5285
f 5362 5287 5361
f 5361 5288 5362
f 5362 5288 5287
f 5284 5283 5356
f 5285 5284 5356
f 5356 5357 5285
f 5399 5398 5360
f 5360 5359 5399
f 5399 5359 5358
f 5358 5357 5355
f 5355 5399 5358
f 5398 5399 5355
f 5357 5356 5355
f 5355 5283 5354
f 5355 5356 5283
f 2930 5351 5394
f 5394 5348 2930
f 5351 5348 5394
f 5351 5352 5282
f 5213 5281 5282
f 5282 5283 5213
f 5396 5398 5397
f 5397 5351 5396
f 5397 5352 5351
f 5398 5355 5397
f 5397 5355 5354
f 2930 5402 5414
f 5414 5393 2930
f 5136 5060 5131
f 5131 5204 5136
f 5410 5364 5409
f 5409 5408 5410
f 5364 5408 5409
f 5407 5408 5364
f 5406 5417 5407
f 5407 5364 5406
f 5417 5418 5407
f 5418 5408 5407
f 4971 4900 4964
f 4971 4972 4900
f 4964 5057 4971
f 4902 4822 4900
f 4900 4972 4902
f 4903 4822 4902
f 4902 4972 4903
f 4823 4822 4901
f 4901 4824 4823
f 4901 4822 4903
f 4905 4904 4901
f 4826 4824 4901
f 4901 4973 4905
f 4903 4973 4901
f 4901 4827 4826
f 4904 4827 4901
f 4899 4898 4821
f 4819 4898 4899
f 4821 4820 4899
f 4899 4820 4819
f 4749 4819 4750
f 4819 4820 4750
f 4669 4749 4750
f 4750 4751 4669
f 4750 4820 4751
f 4818 4819 4749
f 4818 4897 4819
f 5079 5076 5075
f 4976 4973 5069
f 4974 4971 5057
f 4972 4971 4974
f 4903 4972 4974
f 4974 4973 4903
f 5211 5149 5141
f 5141 5140 5211
f 5141 5061 5140
f 5080 5156 5081
f 5081 4987 5080
f 5080 5155 5156
f 5080 5079 5155
f 4987 5079 5080
f 4742 4665 4664
f 4665 4601 4664
f 4663 4742 4664
f 4600 4661 4663
f 4600 4601 4551
f 4663 4664 4600
f 4600 4664 4601
f 4908 4828 4907
f 4907 4976 4908
f 4976 4909 4908
f 4980 4979 4985
f 4980 4910 4979
f 4985 4982 4980
f 4830 4912 4911
f 4830 4910 4912
f 4830 4831 4753
f 4911 4831 4830
f 4976 5072 5073
f 5073 4977 4976
f 4978 4977 5073
f 5072 5071 5073
f 5073 5074 4978
f 5073 5071 5074
f 5070 5071 4976
f 5057 5071 5070
f 4976 5069 5070
f 5070 5069 5057
f 5133 5071 5056
f 5056 5055 5133
f 5055 5067 5133
f 4993 5561 5544
f 5544 5560 4993
f 4993 5083 5562
f 5562 5561 4993
f 4911 4912 4984
f 4913 5544 4832
f 4832 4831 4913
f 4913 4831 4911
f 5618 5627 5619
f 5619 5603 5618
f 5526 5528 5489
f 5609 5624 3044
f 5595 5610 5609
f 5609 5610 5624
f 3024 1672 3012
f 5550 5524 5549
f 5488 5489 5459
f 5488 5526 5489
f 5550 5528 5525
f 5525 5524 5550
f 5590 5575 5589
f 5589 5576 5590
f 5590 5576 5575
f 5591 5576 5589
f 5622 5610 5608
f 5608 5610 5595
f 2742 2747 2682
f 2742 2741 2747
f 2682 2679 2742
f 2679 2741 2742
f 2745 2681 2682
f 2682 2684 2745
f 2745 2684 2681
f 2681 2684 2636
f 2584 2632 2636
f 2636 2632 2681
f 2636 2633 2584
f 2636 2684 2633
f 2526 2579 2575
f 2579 2624 2575
f 2626 2625 2679
f 2466 2527 2528
f 2527 2581 2528
f 2528 2581 2529
f 2529 2467 2528
f 2528 2467 2466
f 2067 2129 2131
f 2129 2178 2131
f 2131 2132 2067
f 2262 2197 2242
f 2242 2198 2262
f 2262 2198 2197
f 2004 2067 2068
f 2068 2062 2004
f 2062 2068 2128
f 2128 2135 2191
f 2067 2135 2128
f 2128 2068 2067
f 2191 2192 2128
f 2128 2192 2193
f 2278 2206 2277
f 2277 2207 2278
f 2278 2207 2206
f 2316 2318 2247
f 2316 2379 2378
f 2315 2379 2316
f 2316 2247 2246
f 2246 2315 2316
f 2638 2639 2586
f 2586 2585 2638
f 2638 2585 2637
f 2637 24 2638
f 24 2639 2638
f 2686 2687 2635
f 2635 2585 2584
f 2635 2687 2637
f 2637 2585 2635
f 2584 2634 2635
f 2634 2685 2635
f 2685 2686 2635
f 2153 2079 2152
f 2348 2409 2349
f 2443 2464 2408
f 2466 2409 2408
f 2465 2466 2408
f 2408 2464 2465
f 2516 2520 2454
f 2516 2515 2520
f 2454 2452 2516
f 2452 2515 2516
f 2457 2395 2456
f 2456 2455 2457
f 2395 2455 2456
f 2271 2332 2334
f 2334 2335 2271
f 2332 2393 2334
f 2394 2455 2395
f 2394 2333 2335
f 2395 2333 2394
f 2335 2334 2394
f 2453 2455 2394
f 2393 2453 2394
f 2394 2334 2393
f 2569 2524 2523
f 2521 2569 2523
f 2523 2524 2457
f 2457 2455 2523
f 2339 2397 2398
f 2398 2397 2459
f 2398 2399 2339
f 2459 2399 2398
f 2337 2397 2339
f 2336 2337 2272
f 2397 2337 2336
f 2272 2333 2336
f 2336 2333 2395
f 2293 2292 2354
f 2292 2353 2354
f 2355 2354 2353
f 2355 2356 2293
f 2293 2354 2355
f 2474 2417 2469
f 2417 2414 2469
f 2409 2412 2352
f 2352 2355 2353
f 2352 2414 2415
f 2413 2412 2468
f 2413 2470 2471
f 2468 2470 2413
f 2414 2352 2413
f 2413 2352 2412
f 2413 40 36
f 2471 2472 2413
f 2472 40 2413
f 36 42 2413
f 2413 2469 2414
f 2413 42 2474
f 2474 2469 2413
f 1547 1454 1536
f 1536 1614 1547
f 1547 1614 1615
f 1615 1627 1626
f 1626 1551 1615
f 1542 1618 1616
f 1616 1618 1675
f 1675 1617 1616
f 1616 1539 1542
f 1540 1539 1616
f 1616 1617 1540
f 1675 1618 1676
f 1676 1618 1628
f 1628 1618 1552
f 1552 1542 1458
f 1552 1618 1542
f 1458 1551 1552
f 1551 1626 1552
f 1627 1628 1552
f 1552 1626 1627
f 1270 1367 1271
f 1271 1367 1368
f 1271 1166 1270
f 1368 1273 1272
f 1272 1271 1368
f 1166 1271 1272
f 1062 1166 1167
f 1559 1466 1469
f 1469 1472 1559
f 1559 1472 1466
f 1473 1469 1560
f 1560 1471 1473
f 1473 1471 1363
f 1473 1472 1469
f 1363 1472 1473
f 1349 1449 1350
f 1350 1449 1351
f 1462 1463 1351
f 1351 1449 1462
f 1351 1459 1460
f 1459 1554 1460
f 1460 1554 1468
f 1460 1361 1351
f 1460 1468 1361
f 1691 3001 1692
f 3014 3001 1691
f 3002 3014 3003
f 3002 3001 3014
f 1651 1650 3014
f 1692 1652 1651
f 1651 1652 1585
f 1585 1650 1651
f 1651 1691 1692
f 3014 1691 1651
f 1492 1493 1398
f 1570 1493 1492
f 1307 1399 1400
f 1399 1493 1400
f 1401 1307 1400
f 1400 1493 1401
f 1491 1569 1570
f 1570 1492 1491
f 1490 1512 1491
f 1398 1490 1491
f 1491 1492 1398
f 1582 1569 1510
f 3050 1574 1582
f 1582 1578 3050
f 1510 1578 1582
f 1574 1570 1640
f 1570 1569 1640
f 1640 1582 1574
f 1569 1582 1640
f 1647 1690 3035
f 1690 3026 3035
f 3027 3018 3017
f 3017 3026 3027
f 1585 1652 1648
f 1648 1586 1585
f 2953 1702 1696
f 1703 1702 2953
f 2953 2966 2954
f 2954 2943 2953
f 2953 2943 1703
f 1657 1656 1698
f 1698 1699 1657
f 1265 1161 1264
f 1345 1346 1264
f 1346 1265 1264
f 1264 1262 1345
f 1263 1262 1264
f 1160 1161 1056
f 1056 1159 1160
f 1160 1159 1263
f 1263 1264 1160
f 1160 1264 1161
f 1162 1161 1266
f 1266 1267 1162
f 1266 1265 1347
f 1266 1161 1265
f 1355 1267 1266
f 1266 1354 1355
f 1266 1347 1349
f 1349 1350 1266
f 1351 1352 1266
f 1266 1350 1351
f 1352 1461 1353
f 1354 1266 1353
f 1353 1266 1352
f 1359 1465 1353
f 1353 1351 1359
f 1353 1461 1351
f 1353 1465 1358
f 1358 1354 1353
f 1232 1327 1328
f 1328 1329 1232
f 1327 1374 1328
f 1373 1331 1328
f 1280 1373 1328
f 1328 1374 1280
f 813 756 755
f 755 756 695
f 895 898 986
f 991 989 898
f 898 897 991
f 1080 1083 1081
f 748 806 749
f 749 806 750
f 692 748 749
f 749 750 692
f 800 798 802
f 802 798 880
f 982 884 883
f 983 884 982
f 883 812 887
f 887 982 883
f 880 982 887
f 810 752 807
f 811 752 810
f 807 881 810
f 886 884 985
f 985 891 886
f 884 891 985
f 988 892 987
f 989 892 988
f 987 1086 988
f 1086 989 988
f 886 891 814
f 891 892 814
f 814 892 815
f 815 755 814
f 814 812 886
f 814 755 812
f 863 939 859
f 860 939 861
f 790 789 860
f 860 861 790
f 789 859 860
f 860 859 939
f 941 863 942
f 942 939 941
f 941 939 863
f 732 725 736
f 688 731 732
f 731 727 732
f 723 725 724
f 724 681 723
f 725 681 724
f 708 727 731
f 708 681 727
f 708 687 670
f 670 681 708
f 1247 1326 1226
f 1120 1223 1224
f 1120 1119 1221
f 1221 1223 1120
f 1120 1019 1119
f 1420 1421 1324
f 1324 1421 1422
f 1422 1332 1324
f 1224 1223 1324
f 1324 1332 1248
f 1324 1226 1224
f 1248 1247 1324
f 1247 1226 1324
f 1051 1147 1148
f 1148 1052 1051
f 1255 1154 1253
f 1253 1252 1248
f 1248 1255 1253
f 1053 1154 1054
f 1054 960 1053
f 1053 1150 1151
f 960 1052 1053
f 1052 1150 1053
f 1151 1150 1251
f 1251 1150 1249
f 1156 1157 1054
f 1156 1257 1157
f 1254 1154 1255
f 1336 1255 1335
f 1335 1258 1336
f 1336 1258 1255
f 1434 1433 1522
f 1522 1435 1434
f 1343 1433 1434
f 1434 1435 1343
f 955 954 953
f 871 954 955
f 966 875 965
f 965 964 966
f 875 874 965
f 874 964 965
f 948 865 947
f 943 865 948
f 877 795 868
f 868 878 877
f 877 878 795
f 795 878 864
f 864 878 797
f 864 797 796
f 796 793 864
f 793 795 864
f 976 878 952
f 952 951 976
f 1060 971 1066
f 1066 1059 1060
f 971 1059 1066
f 1061 1059 971
f 973 974 876
f 973 1065 974
f 1068 1063 974
f 974 1064 1068
f 1375 1281 1280
f 1375 1376 1281
f 1280 1374 1375
f 1374 1376 1375
f 1137 1237 1238
f 1238 1239 1137
f 1237 1331 1238
f 1238 1331 1277
f 1240 1138 1137
f 1137 1239 1240
f 1237 1329 1330
f 1330 1331 1237
f 1329 1328 1330
f 1330 1328 1331
f 1233 1134 1131
f 1232 1233 1131
f 1131 1129 1232
f 1131 1040 1129
f 1235 1236 1137
f 1137 1136 1235
f 944 949 1037
f 1037 945 944
f 949 945 1037
f 866 945 867
f 865 945 866
f 866 867 794
f 794 865 866
f 1034 1041 1040
f 1040 1038 1034
f 943 948 1034
f 944 943 1034
f 1034 1038 944
f 947 1041 1034
f 1034 948 947
f 1544 1546 1464
f 1464 1451 1544
f 1544 1451 1546
f 1545 1619 1620
f 1617 1619 1545
f 1546 1451 1545
f 1545 1541 1617
f 1451 1541 1545
f 1620 1680 1621
f 1680 1622 1621
f 1621 1622 1546
f 1621 1545 1620
f 1546 1545 1621
f 1675 3049 1678
f 1678 1619 1675
f 3049 1619 1678
f 1484 1486 1485
f 1485 1382 1484
f 1725 1688 1687
f 1687 1724 1725
f 1680 1724 1687
f 1638 1564 1637
f 1637 1564 1636
f 1637 1688 1638
f 1637 1687 1688
f 1629 1564 1561
f 1636 1564 1629
f 1563 1564 1565
f 1632 1564 1638
f 1639 1634 1633
f 1634 1564 1633
f 1564 1632 1633
f 1633 1686 1639
f 1638 1686 1633
f 1633 1632 1638
f 1380 1474 1478
f 1386 1486 1487
f 1487 1488 1386
f 1565 1566 1487
f 1487 1566 5602
f 1477 1488 1487
f 1705 1660 1704
f 1664 1660 1705
f 1712 1705 1730
f 2987 2972 5489
f 2987 2973 2972
f 1613 1615 1537
f 1674 1627 1613
f 1613 1627 1615
f 5424 2967 5426
f 5424 2978 2967
f 5426 5423 5424
f 5423 2978 5424
f 2952 2961 2962
f 2961 2977 2962
f 5422 2961 5423
f 5422 2977 2961
f 5430 2985 2998
f 5426 2985 5430
f 5430 5431 5426
f 5441 5431 5430
f 2964 1727 2979
f 5442 5467 5443
f 5443 5431 5442
f 5442 5441 5467
f 5442 5431 5441
f 5467 5441 5466
f 3008 3007 3020
f 3020 3009 3008
f 3006 3007 2996
f 3007 3008 2996
f 2996 3008 3009
f 2956 2955 2952
f 2952 2958 2956
f 2945 2955 2956
f 2963 2958 2952
f 2957 2958 2963
f 2952 2962 2963
f 5425 2970 5423
f 5428 5429 5425
f 5425 5423 5428
f 5429 2971 5425
f 5425 2971 2970
f 2983 2982 2995
f 3006 2996 2995
f 2995 2996 2983
f 3016 3004 3015
f 3014 3026 3015
f 3003 3014 3015
f 3015 3004 3003
f 3015 3017 3016
f 3026 3017 3015
f 4674 4756 4745
f 4604 4670 4671
f 4756 4674 4671
f 4668 4630 4604
f 4604 4674 4668
f 4668 4674 4745
f 4745 5541 4771
f 4771 4701 4745
f 4631 4630 4699
f 4630 4636 4699
f 5436 5449 5450
f 5436 5460 5461
f 5436 5461 2972
f 2972 2971 5436
f 5436 5458 5459
f 5459 5460 5436
f 5436 5429 5428
f 5436 2971 5429
f 5450 5449 5478
f 5479 5450 5478
f 5479 5478 5512
f 5453 5452 5479
f 5454 5436 5453
f 5453 5436 5452
f 4635 4636 4580
f 5451 5450 5479
f 5479 5452 5451
f 5451 5436 5450
f 5452 5436 5451
f 4577 4630 4631
f 4604 4630 4577
f 4577 4558 4604
f 4517 4555 4557
f 4557 4558 4517
f 4557 4555 4604
f 4604 4558 4557
f 4611 4678 4612
f 4611 4610 4678
f 4612 4563 4611
f 4609 4610 4561
f 5494 4560 4561
f 4561 4560 4609
f 4562 4519 4561
f 4561 4519 5494
f 4561 4563 4562
f 4561 4611 4563
f 4610 4611 4561
f 4483 4496 4497
f 4483 5463 5462
f 5462 4496 4483
f 4483 4497 4498
f 4515 4517 4516
f 4517 4494 4516
f 4517 4530 4518
f 4518 4494 4517
f 4518 4530 4504
f 4504 4494 4518
f 4504 4502 4495
f 4495 4494 4504
f 4490 4514 4491
f 4490 4491 4480
f 4487 4490 4480
f 3038 3041 3039
f 3027 3038 3039
f 5556 5568 5558
f 5558 5557 5556
f 5509 5501 5474
f 5474 5508 5509
f 5443 5473 5474
f 5474 5475 5443
f 4677 5531 5535
f 5535 4678 4677
f 5535 5501 4678
f 4609 5495 4676
f 4676 5531 4609
f 4609 4559 4608
f 4608 4559 5469
f 1791 1769 1766
f 1766 1790 1791
f 1791 1790 1769
f 1793 1776 1775
f 1793 1797 1776
f 1903 1976 1977
f 1977 1970 1903
f 1977 1976 1979
f 1979 1970 1977
f 1974 1903 1907
f 1907 1975 1974
f 1974 1975 1903
f 1808 1782 1807
f 1847 1849 1811
f 2041 1982 1981
f 2041 2101 2109
f 2037 2101 2041
f 2041 2102 2037
f 2042 2041 2109
f 1982 2041 2042
f 2046 1983 2045
f 2114 2113 2175
f 2114 2049 2113
f 2114 2175 2176
f 2053 2054 1989
f 2053 2116 2117
f 1989 1988 2053
f 1989 2054 1991
f 1991 2054 2004
f 2004 2003 1991
f 1798 1824 1794
f 1794 1776 1798
f 1776 1797 1798
f 1895 1838 1837
f 1895 1856 1838
f 1920 1856 1895
f 1895 1921 1920
f 1895 1959 1921
f 1895 1958 1959
f 1997 1921 1996
f 1921 1959 1996
f 1996 2028 1997
f 1996 1959 2028
f 1901 1858 1923
f 1923 1902 1901
f 1906 1905 1968
f 1844 1905 1906
f 1906 1968 1907
f 1907 1844 1906
f 1903 1909 1908
f 1908 1909 1847
f 1904 1844 1903
f 1904 1845 1844
f 1903 1908 1904
f 2092 2027 2093
f 2027 2091 2093
f 2163 2092 2093
f 2093 2091 2163
f 2032 2033 1964
f 1897 1962 1964
f 1965 2033 2034
f 1965 1964 2033
f 245 1821 1792
f 1792 228 245
f 245 228 244
f 245 1926 1925
f 1822 1821 1862
f 1862 1863 1822
f 1780 1800 1801
f 1801 1802 1780
f 1800 1802 1801
f 1928 1863 1927
f 1927 1926 1928
f 297 314 315
f 297 315 298
f 298 285 297
f 286 302 303
f 286 1998 1928
f 303 1998 286
f 295 530 313
f 2103 2039 2107
f 2107 2106 2103
f 2039 2106 2107
f 2167 2165 2092
f 2092 2166 2167
f 2124 2165 2167
f 2167 2186 2124
f 2230 2186 2167
f 2167 2166 2164
f 2164 2168 2167
f 2167 2168 2230
f 2031 1962 2029
f 2031 2029 2094
f 2094 2095 2031
f 2095 2096 2031
f 2031 2033 2032
f 2031 2096 2033
f 2032 1964 2031
f 2031 1964 1962
f 1955 1956 1893
f 1893 1839 1835
f 1893 1956 1894
f 1893 1835 1834
f 1894 1836 1893
f 1836 1839 1893
f 1892 1955 1893
f 1893 1834 1892
f 2836 2855 2837
f 2608 2651 2652
f 2565 2564 2563
f 2498 2562 2563
f 2563 2564 2498
f 2570 2573 2619
f 2571 2570 2619
f 2619 2621 2571
f 2619 2662 2621
f 2562 2554 2612
f 2554 2553 2612
f 2612 2553 2609
f 2658 2712 2713
f 2245 2181 2244
f 2182 2181 2245
f 2245 2249 2182
f 2317 2315 2246
f 2246 2249 2317
f 2380 2315 2317
f 2317 2383 2380
f 2382 2383 2317
f 2317 2319 2382
f 2317 2249 2319
f 2644 2694 2696
f 2694 2697 2696
f 2694 2705 2760
f 2760 2697 2694
f 2705 2697 2760
f 224 236 225
f 224 223 236
f 225 214 224
f 214 223 224
f 281 509 531
f 531 265 281
f 265 513 281
f 281 494 509
f 513 494 281
f 480 479 495
f 479 494 495
f 495 496 480
f 495 494 496
f 255 241 240
f 240 254 255
f 255 254 241
f 2600 2540 2599
f 262 2599 2546
f 2546 2599 2540
f 2538 2478 2479
f 2538 2540 2597
f 2539 2478 2538
f 2430 275 2479
f 2430 2373 275
f 2374 2373 2430
f 2479 2421 2430
f 2430 2421 2374
f 2235 2169 2234
f 2169 2233 2234
f 2305 2235 2234
f 2234 2304 2305
f 2477 2478 2420
f 2420 2421 2477
f 2302 2364 2365
f 2425 2426 2365
f 2365 2364 2425
f 2301 2364 2302
f 2301 2300 2364
f 2302 2233 2301
f 2233 2300 2301
f 4221 4222 4123
f 4306 4222 4221
f 4123 485 4221
f 4221 485 476
f 476 4306 4221
f 446 447 227
f 227 216 446
f 216 208 446
f 446 429 447
f 201 429 446
f 446 208 201
f 428 429 207
f 201 428 207
f 207 429 201
f 1742 201 209
f 209 208 1742
f 201 208 209
f 304 319 318
f 304 318 320
f 320 317 304
f 304 2030 2001
f 317 2030 304
f 2001 1998 304
f 1998 319 304
f 310 291 311
f 310 535 516
f 311 535 310
f 536 309 312
f 4442 4374 551
f 551 545 544
f 544 549 551
f 4305 4377 4394
f 4375 4444 4394
f 4394 4395 4305
f 4283 4374 4375
f 4283 4285 4284
f 4283 4377 4285
f 4284 4188 4283
f 4450 4396 4395
f 542 549 332
f 542 329 543
f 332 329 542
f 328 549 544
f 327 549 328
f 544 536 328
f 536 312 328
f 309 327 328
f 328 312 309
f 4437 537 4438
f 4438 537 545
f 4423 4357 4368
f 4181 4183 4182
f 4183 4086 4182
f 4182 4083 4181
f 4182 4086 4083
f 4087 4086 4183
f 4183 4088 4087
f 4087 4088 3991
f 3893 3987 3988
f 3987 4086 3988
f 3789 3788 3894
f 3789 3896 3790
f 3790 3709 3789
f 3709 3788 3789
f 3789 3895 3896
f 3894 3895 3789
f 3891 3788 3787
f 3787 3890 3891
f 3787 3709 3786
f 3787 3788 3709
f 3787 3892 3890
f 3786 3889 3787
f 3889 3892 3787
f 3793 3709 3792
f 3792 3710 3793
f 3793 3710 3709
f 3509 3508 3510
f 3508 4064 3510
f 4169 4260 3509
f 3509 3510 4169
f 4169 3510 4064
f 4063 3969 4062
f 1936 1932 2002
f 2002 1937 1936
f 1918 1932 1867
f 1867 1932 1933
f 1867 1868 1824
f 1797 1793 1779
f 1779 1793 1775
f 1775 1774 1779
f 1760 1778 1779
f 1779 1774 1760
f 1866 1867 1824
f 2193 2192 2260
f 2260 2192 2213
f 2062 2128 2126
f 2209 2189 2193
f 2137 2069 2136
f 2136 2126 2189
f 2189 2209 2136
f 2007 1942 2006
f 2006 2008 2007
f 2007 2008 1942
f 2149 2076 2075
f 2074 2147 2075
f 2148 2149 2075
f 2075 2147 2148
f 2073 2142 2074
f 2072 2141 2073
f 2145 2142 2073
f 2073 2144 2145
f 2143 2144 2073
f 2073 2141 2143
f 2010 1944 1942
f 2010 2008 2070
f 1877 1944 1945
f 1945 1944 2013
f 1945 1946 1877
f 1945 2013 1946
f 2070 2071 2011
f 2011 2010 2070
f 1944 2010 2011
f 2011 2071 2072
f 2072 2073 2011
f 2011 2073 2074
f 2074 2075 2011
f 2150 2148 2217
f 2148 2214 2217
f 2221 2153 2219
f 2148 2147 2146
f 2146 2214 2148
f 2142 2214 2146
f 2074 2142 2146
f 2146 2147 2074
f 1317 1414 1397
f 1397 1414 1398
f 1397 1306 1317
f 1307 1306 1397
f 1397 1398 1307
f 4933 5018 5019
f 5019 5018 4939
f 4787 4786 4862
f 4934 4859 4933
f 4861 4862 4786
f 4935 4862 4861
f 4857 4859 4785
f 4712 4711 4713
f 4647 4707 4709
f 4647 4709 4710
f 4647 4711 4712
f 4710 4711 4647
f 4707 4647 4646
f 4781 4780 4786
f 4781 4707 4780
f 4781 4786 4710
f 4942 4943 4871
f 4871 4869 4942
f 4871 4943 4944
f 4865 4869 4871
f 4944 4945 4871
f 4871 4874 4870
f 4945 4874 4871
f 4870 4792 4871
f 4792 4865 4871
f 4801 4800 4877
f 4801 4730 4800
f 4727 4659 4729
f 4729 4730 4727
f 4660 4659 4727
f 4727 4730 4660
f 4731 4730 4804
f 4667 4741 4675
f 4675 4748 4669
f 4669 4606 4675
f 4757 4748 4675
f 4675 4741 4757
f 4788 4710 4787
f 4787 4711 4788
f 4788 4711 4710
f 4743 4733 4744
f 4663 4743 4744
f 4744 4738 4663
f 4744 4733 4732
f 4732 4807 4744
f 4661 4662 4597
f 4662 4598 4597
f 4548 4596 4597
f 4597 4598 4548
f 4654 4717 4661
f 4661 4593 4654
f 4716 4717 4654
f 4654 4590 4589
f 4654 4593 4590
f 4589 4660 4654
f 4660 4716 4654
f 4594 4593 4661
f 4547 4593 4594
f 4736 4735 4790
f 4790 4735 4717
f 4716 4736 4790
f 4790 4717 4716
f 139 140 132
f 137 131 132
f 132 140 137
f 131 125 132
f 132 125 3082
f 622 145 587
f 587 616 622
f 622 616 145
f 3317 823 822
f 163 3317 166
f 166 164 163
f 3317 164 166
f 3197 3192 3198
f 3198 3158 3197
f 3198 3199 3158
f 3198 3241 3239
f 3239 3238 3198
f 3198 3238 3199
f 3236 3198 3192
f 3279 3241 3236
f 3241 3198 3236
f 3356 3382 3357
f 3357 3316 3356
f 3279 3316 3280
f 3280 3241 3279
f 3240 3241 3280
f 157 700 698
f 150 157 698
f 698 151 150
f 698 659 151
f 699 660 659
f 699 700 660
f 659 698 699
f 699 698 700
f 662 620 619
f 619 661 662
f 618 151 619
f 587 618 619
f 619 620 587
f 151 659 619
f 659 660 619
f 660 661 619
f 155 160 161
f 154 160 155
f 155 161 162
f 162 156 155
f 163 160 159
f 3196 163 159
f 3455 3456 176
f 176 3424 3455
f 176 171 170
f 171 167 170
f 176 3456 3479
f 3479 3457 176
f 3479 3456 3478
f 3478 171 3479
f 171 3457 3479
f 901 175 994
f 994 1091 1092
f 175 1090 994
f 994 1090 1091
f 994 995 901
f 1092 995 994
f 3200 3159 3193
f 828 827 908
f 762 827 828
f 908 829 828
f 828 829 762
f 908 827 907
f 1006 1007 907
f 907 1007 1008
f 907 1008 911
f 907 910 835
f 911 838 907
f 838 836 907
f 836 910 907
f 905 827 904
f 904 827 826
f 826 903 904
f 999 903 998
f 998 1094 999
f 905 904 999
f 999 904 903
f 1094 1000 999
f 999 1000 905
f 1388 1288 1291
f 1388 1291 1391
f 1396 1389 1388
f 1389 1288 1388
f 1388 1391 1300
f 1300 1396 1388
f 1108 1208 1110
f 1110 1109 1108
f 1012 1109 1110
f 1110 1111 1012
f 1209 1210 1110
f 1210 1114 1110
f 1114 1111 1110
f 1110 1207 1209
f 1110 1208 1207
f 918 919 847
f 777 846 847
f 847 846 918
f 847 919 920
f 847 848 777
f 847 920 848
f 1016 1112 1017
f 1015 1112 1016
f 1016 1017 925
f 925 1015 1016
f 915 917 916
f 916 846 915
f 917 846 916
f 914 846 845
f 845 846 776
f 839 840 771
f 839 838 911
f 771 838 839
f 771 840 774
f 840 775 774
f 713 771 774
f 774 775 713
f 776 775 843
f 842 843 775
f 776 843 842
f 1206 1205 1305
f 1106 1205 1206
f 1206 1207 1106
f 1206 1305 1209
f 1209 1207 1206
f 1295 1205 1204
f 1295 1196 1205
f 1295 1204 1197
f 1197 1196 1295
f 1105 1198 1106
f 1106 1003 1105
f 1106 1005 1004
f 1004 1003 1106
f 3563 3562 3603
f 3563 3533 3562
f 3563 3534 3533
f 3604 3605 3564
f 3564 3605 3565
f 3603 3604 3564
f 3564 3563 3603
f 3565 3534 3564
f 3534 3563 3564
f 604 577 603
f 603 643 604
f 670 646 683
f 633 643 658
f 644 604 633
f 633 604 643
f 658 631 633
f 633 631 594
f 642 601 600
f 600 641 642
f 641 669 642
f 718 719 678
f 781 719 718
f 678 717 718
f 718 717 781
f 720 722 679
f 678 719 720
f 858 786 785
f 858 787 786
f 857 863 791
f 791 787 857
f 857 787 781
f 678 714 715
f 715 714 713
f 713 773 715
f 781 717 783
f 783 717 782
f 572 593 573
f 571 593 572
f 573 563 572
f 563 571 572
f 637 598 597
f 597 598 573
f 637 597 596
f 573 593 596
f 596 597 573
f 703 665 667
f 628 627 629
f 629 593 628
f 621 664 665
f 587 620 621
f 621 620 662
f 662 664 621
f 591 628 592
f 591 627 628
f 592 570 591
f 570 590 591
f 589 590 570
f 589 591 590
f 582 616 586
f 586 585 582
f 586 616 587
f 587 570 586
f 570 585 586
f 709 711 710
f 710 672 709
f 711 672 710
f 675 711 676
f 675 673 711
f 676 639 675
f 639 638 675
f 637 673 675
f 675 638 637
f 706 705 665
f 707 705 706
f 706 665 704
f 704 707 706
f 765 766 707
f 832 769 765
f 765 707 764
f 764 830 765
f 765 830 832
f 692 745 746
f 746 747 692
f 745 744 746
f 797 798 746
f 796 797 746
f 746 793 796
f 746 744 793
f 1118 1019 1117
f 1117 1019 1018
f 1018 1113 1117
f 1117 1212 1118
f 1216 1114 1215
f 1116 1115 1216
f 1026 1027 934
f 934 932 1026
f 1026 1025 1027
f 1026 932 1025
f 921 929 1014
f 1014 930 921
f 931 930 1014
f 928 929 848
f 848 927 928
f 928 927 929
f 1322 1220 1321
f 1321 1220 1219
f 1321 1320 1322
f 1219 1320 1321
f 1211 1113 1116
f 1211 1212 1113
f 1141 1231 1142
f 1141 1142 1048
f 1243 1229 1244
f 1244 1145 1243
f 358 367 359
f 348 355 358
f 358 359 348
f 366 367 358
f 355 357 358
f 358 357 366
f 435 433 454
f 451 438 453
f 453 452 451
f 433 452 453
f 453 454 433
f 414 426 427
f 427 426 4329
f 409 390 408
f 408 391 409
f 409 391 390
f 434 433 435
f 435 418 434
f 434 418 433
f 377 382 378
f 376 382 377
f 378 365 377
f 365 376 377
f 464 442 463
f 4459 442 464
f 192 197 384
f 211 217 218
f 218 430 211
f 404 403 211
f 211 416 404
f 211 430 416
f 213 217 210
f 217 211 210
f 210 211 403
f 205 213 210
f 210 203 205
f 3389 96 3425
f 96 95 3425
f 102 3435 3458
f 3458 95 102
f 3458 3425 95
f 86 3466 94
f 94 3466 102
f 94 87 86
f 102 95 94
f 94 95 87
f 3370 3337 3369
f 3369 3336 3368
f 3369 3337 3336
f 3429 3390 3428
f 3428 3434 3429
f 3428 3390 3389
f 3400 3370 3399
f 3399 3434 3400
f 3292 3330 3331
f 3329 3330 3292
f 3392 3360 3391
f 3392 3393 3360
f 3396 3397 3370
f 3393 3392 3396
f 3396 3392 3391
f 3391 3429 3396
f 3429 3397 3396
f 92 88 99
f 99 100 92
f 100 93 92
f 92 93 85
f 85 88 92
f 3321 99 97
f 97 87 96
f 97 88 87
f 85 93 89
f 89 83 85
f 89 900 83
f 79 83 84
f 84 900 79
f 83 900 84
f 888 895 986
f 986 91 899
f 91 890 899
f 821 91 813
f 813 890 821
f 821 890 91
f 3828 3831 3830
f 3372 3837 3373
f 3372 3373 3338
f 3372 3407 3934
f 3934 3837 3372
f 3338 3337 3372
f 3372 3337 3371
f 3371 3406 3372
f 3406 3407 3372
f 3931 3932 3835
f 3835 3930 3931
f 3843 3932 3931
f 3931 3946 3843
f 3221 3616 3572
f 3221 3261 3616
f 3220 3261 3221
f 3221 3177 3220
f 3672 3617 3671
f 3618 3617 3672
f 3469 3441 3465
f 4020 3934 3442
f 3442 3408 4020
f 3934 3408 3442
f 3254 3214 3253
f 3253 3214 3213
f 3213 3246 3253
f 3294 3295 3253
f 3253 3287 3294
f 3253 3295 3296
f 3296 3255 3253
f 3253 3255 3254
f 3167 3168 3139
f 3139 3168 3169
f 3169 3142 3139
f 3112 3109 3139
f 3139 3142 3112
f 3167 3212 3210
f 3210 3168 3167
f 3213 3168 3210
f 3210 3246 3213
f 3212 3246 3210
f 3167 3209 3211
f 3211 3212 3167
f 3211 3248 3249
f 3211 3209 3245
f 3245 3248 3211
f 3211 3250 3251
f 3249 3250 3211
f 3247 3285 3286
f 3286 3287 3247
f 3212 3211 3247
f 3247 3251 3285
f 3247 3211 3251
f 3256 3296 3297
f 3256 3255 3296
f 3215 3255 3256
f 3220 3175 3219
f 3219 3218 3220
f 3175 3218 3219
f 3258 3218 3257
f 3297 3258 3257
f 3217 3215 3257
f 3257 3218 3217
f 3257 3256 3297
f 3215 3256 3257
f 3174 3143 3173
f 3173 3172 3174
f 3143 3172 3173
f 3144 3175 3176
f 3176 3177 3144
f 3176 3175 3220
f 3220 3177 3176
f 3573 3540 3572
f 3541 3540 3573
f 3572 3574 3573
f 3573 3574 3541
f 3539 3540 3525
f 3539 3538 3540
f 3539 3525 3140
f 3140 3538 3539
f 3243 3209 3208
f 3206 3163 3208
f 3208 3209 3166
f 3203 3242 3243
f 3138 3111 3137
f 3138 3166 3167
f 3138 3137 3166
f 3109 3111 3138
f 3167 3139 3138
f 3138 3139 3109
f 3136 3106 3105
f 3105 3086 3103
f 3105 3106 3086
f 581 565 580
f 580 612 581
f 611 612 580
f 580 579 611
f 565 579 580
f 611 107 651
f 651 612 611
f 107 612 651
f 3282 3242 113
f 578 577 607
f 607 608 578
f 646 609 606
f 609 608 606
f 606 607 577
f 608 607 606
f 115 122 116
f 131 133 136
f 119 120 114
f 114 113 119
f 121 115 114
f 114 120 121
f 3166 3163 3207
f 3207 3163 3206
f 3207 3208 3166
f 3206 3208 3207
f 3162 3165 3136
f 3162 3135 3165
f 3103 119 3133
f 3133 3135 3103
f 118 3133 119
f 3291 3290 3327
f 3290 3326 3327
f 3292 3291 3327
f 3325 3363 3327
f 3322 3325 3327
f 3327 3326 3322
f 3327 3363 3364
f 3362 3363 3325
f 4201 4200 4099
f 4099 4098 4201
f 4201 4098 4200
f 4294 4295 4195
f 4191 4289 4195
f 4195 4295 4196
f 4293 4294 4195
f 4195 4095 4191
f 4196 4095 4195
f 4195 4289 4290
f 4195 4290 4291
f 4195 4292 4293
f 4291 4292 4195
f 4390 4383 4303
f 4303 4304 4217
f 4217 4298 4303
f 4303 4298 4390
f 4382 4383 4287
f 4382 4447 4383
f 4287 4288 4190
f 4190 4189 4287
f 4190 4289 4191
f 4288 4289 4190
f 4191 4089 4190
f 4089 4189 4190
f 3833 3746 3832
f 3747 3678 3746
f 3747 3748 3678
f 3746 3833 3747
f 3747 3833 3748
f 3750 3680 3749
f 3832 3750 3749
f 3749 3680 3679
f 3679 3748 3749
f 3749 3833 3832
f 3748 3833 3749
f 3674 3675 3618
f 3451 3421 3420
f 3420 3417 3451
f 3452 3449 3476
f 3452 3476 3453
f 3152 3153 3122
f 3122 3151 3152
f 3152 3150 3186
f 3151 3150 3152
f 3590 3635 3591
f 3591 3553 3590
f 3591 3592 3553
f 3704 3703 3705
f 3705 3639 3704
f 3704 3639 3703
f 3524 3527 3179
f 3179 3527 3180
f 3594 3555 3554
f 3594 3223 3555
f 3706 3639 3705
f 3184 3232 3231
f 3270 3309 3272
f 3233 3232 3229
f 3307 3270 3306
f 3270 3302 3306
f 3270 3225 3269
f 3269 3302 3270
f 3268 3225 3267
f 3267 3302 3268
f 3268 3269 3225
f 3302 3269 3268
f 3312 3274 3311
f 3311 3274 3309
f 3311 3352 3312
f 3309 3352 3311
f 3188 3232 3233
f 3188 3231 3232
f 3530 3519 3518
f 3529 3531 3518
f 3531 3530 3518
f 3518 3519 3514
f 3514 3517 3518
f 3518 3517 3529
f 3520 3519 3533
f 3520 3515 3519
f 3520 3533 3521
f 3521 3515 3520
f 3799 3717 3715
f 3715 3795 3799
f 3799 3795 3717
f 3602 3595 3562
f 3562 3561 3602
f 3602 3561 3595
f 4000 3907 4001
f 4001 3910 4000
f 4000 3910 3907
f 3809 3728 3808
f 3808 3729 3809
f 3809 3729 3728
f 3719 3650 3718
f 3719 3720 3650
f 3718 3802 3719
f 3721 3720 3719
f 3970 3971 3876
f 3970 4063 4064
f 3970 4064 4065
f 3970 3876 3969
f 3969 4063 3970
f 3970 4065 3502
f 3502 3971 3970
f 4117 4212 4211
f 4211 4118 4117
f 4212 4112 4211
f 4212 4114 4113
f 4113 4112 4212
f 4113 4114 4011
f 4011 4112 4113
f 4011 4118 4111
f 4111 4112 4011
f 4118 4211 4111
f 4111 4211 4112
f 4220 4307 4308
f 4308 4306 4220
f 4308 4391 4309
f 4308 4307 4391
f 4309 4222 4308
f 4308 4222 4306
f 3822 3737 3821
f 3823 3737 3822
f 3736 3737 3669
f 3820 3737 3736
f 3736 3669 3735
f 3735 3819 3736
f 3736 3819 3820
f 3914 3814 3913
f 3815 3814 3914
f 3731 3812 3813
f 3812 3814 3813
f 3813 3734 3731
f 3814 3734 3813
f 3821 3820 3919
f 3820 3819 3919
f 3816 3734 3815
f 3815 3916 3816
f 3913 3921 3920
f 3920 3921 3823
f 3774 3773 3871
f 3871 3773 3772
f 3776 3696 3774
f 3785 3703 3776
f 3774 3871 3776
f 3869 3873 3776
f 3966 4061 3978
f 3966 3967 3965
f 3965 4061 3966
f 3966 3873 3967
f 3975 3976 3375
f 3375 3880 3975
f 3342 3880 3375
f 3376 3375 3976
f 3342 3375 3376
f 3783 3882 3880
f 3783 3703 3785
f 3785 3882 3783
f 3350 3308 3349
f 3350 3346 3308
f 3350 3349 3351
f 3351 3346 3350
f 3471 3470 3489
f 3471 3491 3472
f 3973 3877 3972
f 3972 3445 3973
f 3877 3445 3972
f 3443 3411 3413
f 3413 3445 3443
f 3443 3446 3414
f 3414 3411 3443
f 3447 3446 3443
f 3443 3473 3447
f 3443 3445 3470
f 3472 3473 3443
f 3443 3471 3472
f 3470 3471 3443
f 3505 3504 3507
f 183 3503 3507
f 3507 3504 3509
f 2643 2691 2693
f 2643 2693 2694
f 2644 2600 2643
f 238 226 225
f 225 237 238
f 238 241 226
f 238 237 241
f 2649 2607 2611
f 2611 2551 2610
f 2611 2607 2551
f 2488 2495 2549
f 2549 2550 2488
f 2495 2550 2549
f 2544 2485 2484
f 2602 2601 2610
f 2701 2700 2762
f 2762 2823 204
f 2762 2764 2823
f 2700 2764 2762
f 198 2701 2762
f 2762 204 198
f 2820 2764 2763
f 2763 2764 2700
f 2763 2821 2820
f 2763 2822 2821
f 2763 2700 2761
f 2775 2822 2776
f 2776 2704 2775
f 2776 2761 2704
f 2776 2763 2761
f 2822 2763 2776
f 420 406 414
f 420 4413 406
f 4329 4413 420
f 414 427 420
f 420 427 4329
f 4242 4328 4244
f 4327 4328 4242
f 4144 4241 4242
f 4408 4328 4410
f 4410 4328 4327
f 4456 4457 4408
f 4408 4455 4456
f 4455 4453 4456
f 4407 4319 4406
f 4408 4319 4407
f 4452 4457 4470
f 4470 4453 4452
f 4457 4456 4470
f 4470 4456 4453
f 375 4453 4405
f 4405 4453 4406
f 4405 4319 375
f 4406 4319 4405
f 4316 4402 4317
f 4325 4409 4408
f 4132 4131 4231
f 4132 4133 4025
f 4025 4131 4132
f 3765 3853 3854
f 3853 3955 3854
f 3854 3855 3765
f 3854 3955 3855
f 4081 4076 4172
f 4172 4079 4081
f 4173 4081 4078
f 4173 4076 4081
f 3947 3948 3844
f 3842 3760 3759
f 3759 3760 3687
f 3756 3842 3759
f 3759 3686 3756
f 3687 3686 3759
f 3761 3760 3844
f 3687 3760 3761
f 3765 3852 3859
f 3859 3860 3765
f 3859 3847 3860
f 3861 3847 3950
f 3950 3949 3861
f 3844 3949 3950
f 4027 3946 3939
f 4026 4027 3939
f 3939 3931 3930
f 3946 3931 3939
f 3930 3839 3939
f 3939 4024 4026
f 3938 4024 3939
f 3939 3839 3938
f 4460 466 473
f 455 469 470
f 470 471 455
f 469 471 470
f 4138 4137 4235
f 4235 4234 4138
f 4137 4234 4235
f 4142 4141 4140
f 4044 4141 4142
f 4142 4143 4044
f 445 4415 425
f 425 4458 445
f 4459 464 4417
f 4417 445 4458
f 4332 4415 4417
f 4415 445 4417
f 4336 4332 4417
f 4417 464 463
f 4280 4279 4369
f 4369 4279 4278
f 4056 4057 3960
f 3960 3959 4056
f 4056 3959 4055
f 4055 3959 4054
f 4053 4158 4054
f 4054 3959 4053
f 4054 4056 4055
f 4160 4161 4054
f 4158 4073 4072
f 4072 4073 3983
f 4074 4157 4170
f 4074 4073 4157
f 3983 4073 4074
f 4266 4174 4265
f 4266 4267 4174
f 4365 4366 4276
f 4178 4275 4276
f 4276 4275 4359
f 4359 4365 4276
f 4277 4269 4178
f 4178 4276 4277
f 4277 4276 4366
f 4368 4357 4277
f 4277 4357 4269
f 4365 4434 4433
f 4359 4432 4433
f 4433 4434 4359
f 4264 4261 4170
f 4170 4263 4264
f 4264 4262 4261
f 4342 4263 4257
f 4342 4264 4263
f 463 4338 4337
f 4337 4417 463
f 4337 4338 4254
f 4337 4254 4336
f 4336 4417 4337
f 4257 4155 4154
f 4154 4155 4049
f 4154 4256 4257
f 4152 4049 4048
f 4048 4151 4152
f 456 441 440
f 440 455 456
f 455 467 456
f 467 466 456
f 3981 3889 3960
f 3981 3892 3889
f 2155 2079 2154
f 2079 2153 2154
f 34 35 28
f 28 26 34
f 5204 35 34
f 34 26 5204
f 5058 5135 5134
f 5134 5063 5058
f 5135 5063 5134
f 5064 5065 4969
f 4969 5063 5064
f 5064 5063 5065
f 5034 5035 4945
f 4945 5033 5034
f 5110 5030 5109
f 5110 5033 5030
f 5110 5109 5189
f 5324 5262 5261
f 5261 5323 5324
f 5261 5260 5319
f 5318 5323 5261
f 5261 5319 5318
f 5205 5206 5204
f 5259 5263 5192
f 4965 5053 4966
f 5053 4967 4966
f 4966 4895 4965
f 4966 4967 4895
f 4969 4895 4968
f 4968 4967 4969
f 4895 4967 4968
f 5060 4967 5052
f 5053 4960 5052
f 5052 5131 5060
f 5051 5131 5052
f 5052 4960 5051
f 4739 4810 4740
f 4739 4740 4663
f 4663 4738 4739
f 4739 4738 4809
f 4809 4810 4739
f 4809 4806 4889
f 4889 4810 4809
f 5381 5389 61
f 61 58 5381
f 58 5382 5381
f 5381 5335 5389
f 5391 5392 5339
f 5339 5384 5391
f 5206 5196 5269
f 5204 5206 5269
f 5269 5273 5204
f 5264 5267 5327
f 5197 5196 5206
f 5270 5271 5204
f 5270 5336 5271
f 5270 5204 5277
f 5277 5336 5270
f 5337 5336 5277
f 5271 5336 5337
f 5340 5271 5339
f 5340 5341 5271
f 5339 5392 5340
f 5392 5341 5340
f 5392 5382 5342
f 5342 5341 5392
f 5271 5341 5342
f 4836 4843 4766
f 4842 4843 4836
f 4836 4764 4842
f 5001 5000 5086
f 5001 4923 5000
f 5086 5002 5001
f 5002 4923 5001
f 4841 4923 4842
f 4842 4764 4841
f 4837 4917 4918
f 4918 4838 4837
f 4916 4917 4837
f 4915 4916 4837
f 4835 5501 4837
f 5509 4915 4837
f 4837 5501 5509
f 4837 4763 4835
f 4837 4838 4763
f 4487 4483 4501
f 4501 4483 4500
f 4487 4501 4507
f 4576 4624 4625
f 4573 4572 4576
f 4768 4767 4769
f 4769 4694 4768
f 4768 4694 4767
f 4769 4848 4849
f 4695 4705 4696
f 4696 4628 4695
f 4695 4628 4694
f 4497 4519 4499
f 4498 4497 4499
f 4499 4483 4498
f 4500 4483 4499
f 4765 4686 4691
f 4686 4689 4687
f 4682 4685 4684
f 4587 4592 4653
f 4653 4591 4587
f 4653 4592 4591
f 5315 5251 5314
f 5314 5252 5315
f 5315 5252 5251
f 5038 5120 5121
f 5038 5107 5120
f 5108 5107 5038
f 4947 5029 5038
f 5038 5039 4947
f 5038 5121 5039
f 5038 5028 5108
f 5029 5028 5038
f 2020 1952 1951
f 2021 1952 2020
f 2020 2084 2021
f 2020 1951 2019
f 2019 2083 2020
f 2020 2083 2085
f 2085 2084 2020
f 2086 2087 2021
f 2086 2084 2085
f 2021 2084 2086
f 2088 2087 2086
f 2085 2162 2086
f 2086 2162 2088
f 1887 1954 25
f 25 1888 1887
f 1888 1831 1887
f 1885 1952 1886
f 1886 1831 1885
f 1886 1887 1831
f 1954 1887 1886
f 1953 1954 1886
f 1886 1952 1953
f 2673 2674 2620
f 2673 2733 2674
f 2620 2672 2673
f 2673 2672 2733
f 5349 5348 5351
f 5281 5348 5349
f 5354 5283 5353
f 5353 5397 5354
f 5352 5397 5353
f 5283 5282 5353
f 5353 5282 5352
f 5402 5401 5415
f 5415 5414 5402
f 5415 5401 5396
f 5396 5414 5415
f 5395 5414 5396
f 5393 5414 5395
f 5396 5351 5395
f 5351 5393 5395
f 4896 4897 4817
f 4897 4818 4817
f 4817 4895 4896
f 4749 4812 4817
f 4817 4818 4749
f 4812 4810 4817
f 5154 5079 5075
f 5155 5079 5154
f 5154 5075 5153
f 5153 5155 5154
f 4986 4912 4985
f 4985 5077 4986
f 4986 4987 4912
f 4986 5079 4987
f 4986 5077 5076
f 5076 5079 4986
f 5068 4974 5057
f 4973 4974 5068
f 5057 5069 5068
f 5068 5069 4973
f 5139 5141 5149
f 5061 5141 5139
f 5067 5061 5139
f 5139 5133 5067
f 5149 5071 5139
f 5071 5133 5139
f 4599 4662 4661
f 4661 4600 4599
f 4599 4598 4662
f 4550 4598 4599
f 4551 4550 4599
f 4599 4600 4551
f 4982 4910 4981
f 4981 4980 4982
f 4910 4980 4981
f 4909 4910 4829
f 4910 4830 4829
f 4829 4830 4753
f 4753 4828 4829
f 4829 4908 4909
f 4828 4908 4829
f 4914 5560 5544
f 5544 4913 4914
f 4911 4984 4983
f 4983 4913 4911
f 4984 4913 4983
f 5603 3053 5617
f 5617 5618 5603
f 5618 5617 5616
f 5616 5617 3053
f 5618 5616 3046
f 5625 5627 5626
f 5627 5618 5626
f 5626 5610 5625
f 2990 2987 5528
f 3012 1672 3023
f 3032 5580 5595
f 3032 5609 3044
f 3030 3024 3034
f 5547 5564 5565
f 5544 5564 5547
f 5523 5549 5524
f 5523 5548 5549
f 5523 5547 5548
f 5545 5518 5544
f 5545 5520 5518
f 5546 5520 5545
f 5522 5525 5528
f 5528 5526 5522
f 5526 5488 5522
f 5589 5605 5592
f 5592 5591 5589
f 5565 5564 5578
f 5578 5580 5565
f 5580 5578 5593
f 2629 2626 2679
f 2581 2626 2629
f 2679 2630 2629
f 2625 2626 2576
f 2526 2575 2576
f 2576 2575 2624
f 2579 2625 2576
f 2576 2624 2579
f 2631 2632 2583
f 2681 2632 2631
f 2679 2681 2631
f 2631 2630 2679
f 2582 2530 2529
f 2529 2581 2582
f 2581 2629 2582
f 2582 2629 2630
f 2132 2131 2194
f 2194 2131 2178
f 2194 2195 2132
f 2197 2132 2196
f 2132 2195 2196
f 2331 2329 2381
f 2329 2316 2381
f 2381 2378 2331
f 2381 2316 2378
f 2318 2316 2330
f 2330 2316 2329
f 2330 2268 2318
f 2329 2268 2330
f 2402 2411 2405
f 2443 2408 2444
f 2444 2385 2443
f 2279 2343 2344
f 2403 2402 2405
f 2343 2402 2403
f 2348 2349 2283
f 2221 2285 2283
f 2348 2283 2347
f 2347 2409 2348
f 2347 2408 2409
f 2454 2521 2522
f 2521 2523 2522
f 2522 2455 2454
f 2522 2523 2455
f 2339 2272 2338
f 2338 2337 2339
f 2272 2337 2338
f 2457 2397 2396
f 2397 2336 2396
f 2396 2395 2457
f 2396 2336 2395
f 2415 2356 2416
f 2356 2355 2416
f 2416 2352 2415
f 2355 2352 2416
f 2410 2349 2409
f 2409 2352 2410
f 1550 1551 1457
f 1721 3049 1675
f 1721 1718 3049
f 1674 1718 1719
f 1166 1272 1168
f 1168 1167 1166
f 1169 1062 1168
f 1062 1167 1168
f 1168 1275 1232
f 1274 1275 1168
f 1232 1129 1168
f 1168 1273 1274
f 1168 1272 1273
f 1168 1067 1169
f 1129 1067 1168
f 1538 1449 1463
f 1463 1462 1538
f 1538 1462 1449
f 1511 1510 1583
f 1510 1569 1583
f 1567 1512 1511
f 1567 1491 1512
f 1649 3035 3026
f 1649 1650 1585
f 1649 3026 1650
f 1585 1647 1649
f 1647 3035 1649
f 1697 1658 1700
f 1586 1648 1654
f 1654 1655 1586
f 1654 1648 1652
f 1696 1697 1654
f 1692 1696 1654
f 1654 1652 1692
f 1587 1586 1653
f 1586 1655 1653
f 1653 1656 1587
f 816 755 815
f 813 755 819
f 819 755 818
f 818 895 819
f 819 888 813
f 895 888 819
f 754 753 812
f 812 755 754
f 695 753 754
f 754 755 695
f 817 895 818
f 817 897 898
f 898 895 817
f 818 755 817
f 755 816 817
f 990 991 897
f 893 989 990
f 989 991 990
f 804 881 805
f 880 881 804
f 805 748 804
f 808 750 805
f 805 881 808
f 801 802 748
f 800 802 801
f 748 747 801
f 747 800 801
f 1072 1073 980
f 1080 1081 980
f 1077 1078 980
f 1076 1077 980
f 980 1079 1080
f 980 1078 1079
f 978 1071 980
f 980 1071 1070
f 882 881 880
f 882 810 881
f 880 887 882
f 811 810 882
f 882 812 811
f 882 887 812
f 791 863 792
f 863 859 792
f 792 725 791
f 789 725 792
f 792 859 789
f 735 732 736
f 735 736 688
f 688 734 735
f 726 681 725
f 725 732 726
f 727 681 726
f 726 732 727
f 733 734 688
f 688 732 733
f 733 735 734
f 732 735 733
f 730 708 731
f 687 708 730
f 730 731 688
f 688 687 730
f 1325 1245 1225
f 1224 1226 1222
f 1222 1120 1224
f 1322 1419 1417
f 1417 1324 1322
f 1419 1418 1417
f 1417 1418 1420
f 1420 1324 1417
f 1323 1220 1322
f 1322 1324 1323
f 1223 1220 1323
f 1323 1324 1223
f 1249 1150 1149
f 1149 1150 1052
f 1052 1148 1149
f 1252 1253 1153
f 1153 1253 1154
f 1153 1249 1252
f 1153 1251 1249
f 1151 1251 1153
f 1154 1053 1153
f 1255 1258 1256
f 1256 1254 1255
f 1257 1156 1155
f 1155 1256 1257
f 1254 1256 1155
f 1155 1156 1054
f 1054 1154 1155
f 1154 1254 1155
f 1030 1047 1046
f 1047 955 1046
f 953 1030 1046
f 1046 955 953
f 956 955 1047
f 956 1049 1050
f 871 955 956
f 1048 1049 956
f 956 1047 1048
f 797 878 879
f 878 976 879
f 879 880 797
f 879 976 880
f 978 880 977
f 880 976 977
f 1044 1069 977
f 977 1069 978
f 970 971 876
f 970 1061 971
f 971 1065 972
f 1065 973 972
f 876 971 972
f 972 973 876
f 1170 1064 1063
f 1063 1068 1170
f 1170 1068 1064
f 1171 1239 1276
f 1239 1238 1276
f 1277 1171 1276
f 1276 1238 1277
f 1138 1240 1139
f 1171 1078 1139
f 1139 1240 1239
f 1139 1078 1076
f 1076 1043 1139
f 1043 1138 1139
f 1040 1131 1130
f 1130 1131 1134
f 944 1038 1035
f 1042 1133 1134
f 1042 1128 1133
f 1043 949 1042
f 1234 1235 1136
f 1233 1329 1234
f 1234 1134 1233
f 1234 1329 1236
f 1236 1235 1234
f 1482 1382 1481
f 1546 1622 1623
f 1682 1637 1636
f 1687 1637 1682
f 1631 1630 1636
f 1636 1629 1631
f 1561 1630 1631
f 1631 1629 1561
f 1481 1382 1480
f 1480 1563 1481
f 1561 1564 1480
f 1564 1563 1480
f 1381 1382 1282
f 1282 1380 1381
f 1380 1478 1381
f 5602 1477 1562
f 1562 1487 5602
f 1477 1487 1562
f 1665 1603 1664
f 1604 1603 1665
f 1708 1665 1664
f 1608 1600 1534
f 1534 1600 1527
f 1534 1609 1608
f 1444 1533 1534
f 1533 1609 1534
f 1534 1613 1537
f 1729 1705 1704
f 1730 1705 1729
f 1669 1712 1670
f 1670 1611 1669
f 1669 1611 1667
f 1664 1705 1706
f 1705 1712 1706
f 2947 2957 2959
f 2959 2957 2972
f 2972 2973 2959
f 1713 2975 1670
f 1670 1712 1713
f 1713 1712 1730
f 5489 5528 5527
f 5527 2987 5489
f 5528 2987 5527
f 2968 2962 2977
f 2997 2984 2983
f 2998 2984 2997
f 2983 2996 2997
f 2997 2996 3009
f 2966 2953 2965
f 2965 2980 2966
f 2979 2980 2965
f 2964 2979 2965
f 2965 1696 2964
f 2965 2953 1696
f 2972 5461 2986
f 5461 5493 2986
f 2986 5490 2972
f 2986 5493 5490
f 5461 5490 5492
f 5492 5493 5461
f 5490 5493 5492
f 2945 2956 2946
f 2946 2956 2958
f 2947 2942 2946
f 2946 2942 2945
f 2946 2957 2947
f 2946 2958 2957
f 3006 2995 3005
f 3005 3017 3018
f 3005 3004 3016
f 3016 3017 3005
f 3005 3018 3019
f 3005 5532 3006
f 3019 5532 3005
f 2991 1727 1692
f 2991 2979 1727
f 1692 3001 2991
f 3001 3002 2991
f 2994 2995 2982
f 3004 3005 2994
f 2994 3005 2995
f 4604 4671 4672
f 4672 4671 4674
f 4670 4747 4755
f 4755 4671 4670
f 4755 4747 4754
f 4754 4825 4755
f 4756 4671 4755
f 4755 4834 4815
f 4755 4825 4834
f 4698 4630 4697
f 4630 4668 4697
f 4697 4701 4698
f 4745 4701 4697
f 4697 4668 4745
f 5541 5516 5542
f 5542 4771 5541
f 4701 4771 5542
f 4505 4486 4504
f 4504 4532 4533
f 4533 4505 4504
f 4700 4636 4635
f 4700 4699 4636
f 5428 5438 5435
f 5435 5436 5428
f 5438 5436 5435
f 5454 5453 5482
f 5482 5453 5481
f 5458 5436 5457
f 5459 5458 5457
f 5457 5484 5459
f 5457 5483 5484
f 5511 5478 5510
f 5510 5512 5511
f 5511 5512 5478
f 5479 5512 5480
f 5480 5453 5479
f 5512 5513 5480
f 5481 5453 5480
f 5480 5513 5481
f 4486 4503 5465
f 5437 5434 5445
f 5445 5462 5437
f 5462 5463 5437
f 5437 5438 5428
f 5428 5434 5437
f 4502 4486 4485
f 4485 4495 4502
f 4476 4485 4486
f 4484 4485 4476
f 4476 4471 4475
f 4477 4471 4476
f 5446 5436 5438
f 5449 5436 5448
f 5448 4503 5449
f 5449 4503 5477
f 5510 5478 5477
f 5477 5478 5449
f 4558 4577 4531
f 4517 4558 4531
f 4504 4517 4531
f 4531 4532 4504
f 4473 5463 4482
f 4482 4483 4473
f 5463 4483 4482
f 4473 4483 4479
f 4479 4480 4473
f 4487 4488 4479
f 4479 4483 4487
f 4494 4480 4493
f 4493 4516 4494
f 3041 3040 3036
f 3036 3039 3041
f 3036 3029 3028
f 3036 3040 3029
f 3036 3028 3037
f 3037 3027 3036
f 3027 3039 3036
f 3042 3041 5568
f 5568 5553 3042
f 3042 5553 3041
f 5504 5474 5503
f 5536 5553 5554
f 5554 5553 5568
f 5502 5496 5476
f 5476 5475 5502
f 5502 5474 5501
f 5475 5474 5502
f 5476 5496 5468
f 5468 5469 5443
f 5443 5476 5468
f 5468 5496 5495
f 5468 5495 4609
f 4609 4608 5468
f 5468 4608 5469
f 1972 1973 1903
f 1903 1971 1972
f 1782 1808 1809
f 1783 1811 1812
f 1812 1811 1849
f 1812 1813 1783
f 1812 1849 1813
f 2111 2109 2100
f 2111 2042 2109
f 1982 2042 2043
f 1916 1917 1855
f 1916 1993 1917
f 2118 2053 2117
f 2054 2053 2118
f 2119 2054 2118
f 2116 2053 2051
f 2049 2114 2051
f 1967 1921 1968
f 1967 1966 1921
f 1902 1966 1900
f 1968 1905 1900
f 1900 1967 1968
f 1966 1967 1900
f 1899 1902 1900
f 1840 1899 1900
f 1900 1844 1840
f 1900 1905 1844
f 1921 1966 1969
f 1969 1966 1902
f 1902 1923 1969
f 1922 1923 1858
f 1921 1923 1922
f 1858 1857 1922
f 1922 1857 1921
f 1845 1904 1846
f 1846 1904 1908
f 1807 1845 1846
f 1846 1908 1847
f 1846 1808 1807
f 1847 1809 1846
f 1846 1809 1808
f 1898 1965 1958
f 1964 1965 1898
f 1897 1964 1898
f 1898 1837 1897
f 1898 1895 1837
f 2025 1958 2024
f 1958 1965 2024
f 2035 1965 2034
f 2035 2090 2025
f 2034 2090 2035
f 2025 2024 2035
f 2035 2024 1965
f 1924 245 1925
f 1859 245 1924
f 1926 245 259
f 259 1999 1928
f 1928 1926 259
f 244 1999 259
f 259 245 244
f 1860 1924 1925
f 1859 1924 1860
f 1821 245 1860
f 1860 245 1859
f 1863 1862 1861
f 1861 1927 1863
f 1861 1862 1821
f 1821 1860 1861
f 1926 1927 1861
f 1925 1926 1861
f 1861 1860 1925
f 299 285 298
f 299 286 285
f 298 300 299
f 300 286 299
f 301 286 300
f 302 286 301
f 301 300 298
f 298 302 301
f 296 297 285
f 296 295 313
f 313 314 296
f 314 297 296
f 1928 1999 2000
f 2000 286 1928
f 2000 1999 257
f 285 286 269
f 286 2000 269
f 504 530 505
f 530 295 505
f 505 257 504
f 505 2000 257
f 505 269 2000
f 285 269 505
f 505 296 285
f 295 296 505
f 2777 2831 2832
f 2777 2834 2835
f 2856 2855 2835
f 2800 2855 2856
f 2856 2857 2800
f 2836 2837 2780
f 2781 2780 2838
f 2838 2780 2837
f 2650 2707 2651
f 2608 2647 2650
f 2650 2651 2608
f 2650 2647 2701
f 2701 2707 2650
f 2651 2709 2653
f 2653 2654 2609
f 2653 2711 2654
f 2653 2652 2651
f 2653 2609 2608
f 2608 2652 2653
f 2620 2621 2669
f 2669 2670 2620
f 2614 2563 2562
f 2615 2563 2614
f 2572 2622 2573
f 2573 2517 2572
f 2517 2565 2572
f 2565 2563 2618
f 2618 2572 2565
f 2622 2572 2618
f 2662 2619 2623
f 2623 2677 2662
f 2623 2619 2573
f 2573 2622 2623
f 2654 2712 2657
f 2712 2658 2657
f 2319 2249 2313
f 2249 2245 2313
f 2313 2245 2244
f 2244 2312 2313
f 2313 2312 2319
f 2369 2323 2306
f 2314 2323 2369
f 2369 2312 2314
f 2369 2375 2312
f 2369 2427 2375
f 2426 2427 2369
f 2369 2366 2426
f 2645 2600 2644
f 2644 2696 2645
f 2646 2696 2697
f 2646 2645 2696
f 2600 2645 2646
f 2610 2601 2646
f 2646 2601 2600
f 273 2599 262
f 2540 2538 274
f 274 2546 2540
f 2479 275 274
f 274 2538 2479
f 274 275 262
f 262 2546 274
f 2598 2538 2597
f 2597 2600 2598
f 2600 2601 2598
f 2303 2234 2233
f 2303 2233 2302
f 2304 2234 2303
f 2302 2365 2303
f 2374 2421 2362
f 2421 2420 2362
f 2362 2420 2363
f 2308 2374 2362
f 2362 2300 2308
f 2363 2300 2362
f 2425 2364 2424
f 516 515 292
f 292 310 516
f 292 515 279
f 4374 4283 4373
f 4372 4373 4282
f 4185 4184 4282
f 4282 4188 4185
f 4282 4283 4188
f 557 549 556
f 557 551 549
f 557 556 4442
f 4442 551 557
f 545 551 4465
f 4375 4394 4445
f 4445 4394 4377
f 4376 4283 4375
f 4377 4283 4376
f 4375 4445 4376
f 4376 4445 4377
f 4309 4398 546
f 546 4398 553
f 4448 4391 4396
f 4396 4450 4448
f 4448 4450 4395
f 4395 4394 4448
f 4448 4394 4444
f 4443 4444 4375
f 4443 4374 4442
f 4375 4374 4443
f 4442 556 4443
f 4467 4451 4443
f 553 4467 4443
f 4463 4438 545
f 4463 4423 4438
f 4427 4463 4428
f 4423 4463 4427
f 4437 4438 4367
f 4438 4423 4367
f 4367 4432 4437
f 4367 4433 4432
f 4367 4423 4368
f 4366 4433 4367
f 4368 4277 4367
f 4367 4277 4366
f 3989 3895 3894
f 3989 3988 3895
f 3989 3894 3893
f 3893 3988 3989
f 3895 3988 3990
f 3991 3895 3990
f 3990 4087 3991
f 4086 4087 3990
f 3990 3988 4086
f 4168 4169 4064
f 4064 4063 4168
f 4062 4167 4168
f 4168 4063 4062
f 1938 1937 1994
f 1937 2002 1994
f 1994 2002 1932
f 1994 1993 1938
f 1994 1932 1918
f 1918 1993 1994
f 1919 1855 1918
f 1918 1867 1919
f 1933 1869 1934
f 1934 1867 1933
f 1869 1868 1934
f 1868 1867 1934
f 1832 1866 1824
f 1832 1798 1797
f 1824 1798 1832
f 1867 1866 1833
f 1866 1832 1833
f 1833 1832 1797
f 2189 2126 2190
f 2190 2126 2128
f 2193 2189 2190
f 2190 2128 2193
f 2210 2260 2208
f 2208 2136 2210
f 2210 2136 2209
f 2127 2136 2069
f 2126 2136 2127
f 2127 2069 2062
f 2062 2126 2127
f 1942 2008 2009
f 2009 2010 1942
f 2008 2010 2009
f 2013 1944 2012
f 1944 2011 2012
f 2076 2013 2012
f 2012 2075 2076
f 2012 2011 2075
f 2216 2214 2144
f 2220 2153 2152
f 2220 2219 2153
f 2213 2212 2140
f 2140 2212 2143
f 2072 2071 2140
f 2071 2139 2140
f 2143 2141 2140
f 2140 2141 2072
f 2208 2260 2211
f 2211 2139 2208
f 2211 2260 2213
f 2213 2140 2211
f 2211 2140 2139
f 2208 2139 2138
f 2137 2136 2138
f 2138 2136 2208
f 2138 2071 2137
f 2138 2139 2071
f 4939 4935 5023
f 5023 5019 4939
f 4935 5022 5023
f 5023 5022 5019
f 4863 4862 4935
f 4940 4937 4863
f 4787 4862 4863
f 4863 4939 4940
f 4863 4935 4939
f 4863 4864 4787
f 4863 4938 4864
f 4863 4937 4938
f 4859 4934 4860
f 4860 4785 4859
f 4861 4785 4860
f 4935 4861 4860
f 4784 4783 4857
f 4857 4785 4784
f 4714 4711 4652
f 4714 4713 4711
f 4652 4649 4714
f 4649 4713 4714
f 4648 4713 4649
f 4712 4713 4648
f 4648 4647 4712
f 4710 4709 4782
f 4782 4781 4710
f 4709 4707 4782
f 4707 4781 4782
f 4657 4723 4658
f 4658 4589 4657
f 4658 4659 4589
f 4800 4730 4799
f 4730 4795 4799
f 4792 4800 4799
f 4799 4795 4792
f 4724 4723 4722
f 4729 4798 4724
f 4724 4798 4725
f 4724 4658 4723
f 4725 4658 4724
f 4730 4801 4802
f 4877 4879 4802
f 4802 4801 4877
f 4605 4606 4555
f 4605 4675 4606
f 4667 4675 4605
f 4605 4603 4667
f 4555 4603 4605
f 4809 4738 4808
f 4738 4744 4808
f 4808 4807 4809
f 4808 4744 4807
f 4661 4597 4595
f 4595 4594 4661
f 4595 4597 4596
f 4595 4596 4547
f 4547 4594 4595
f 139 132 3081
f 3081 132 3082
f 3081 142 139
f 3080 142 3081
f 3081 3073 3080
f 3081 3082 3073
f 165 164 3317
f 3317 822 165
f 161 164 165
f 162 161 165
f 759 822 823
f 759 824 760
f 759 823 824
f 759 165 822
f 162 165 759
f 760 700 759
f 759 700 162
f 3388 170 167
f 3388 3424 176
f 176 170 3388
f 3316 3357 3318
f 3318 167 3317
f 3281 3280 3316
f 3281 3318 3317
f 3316 3318 3281
f 3281 3317 163
f 163 3240 3281
f 3240 3280 3281
f 3196 159 153
f 153 160 154
f 153 159 160
f 147 155 156
f 147 156 157
f 154 155 147
f 147 153 154
f 147 3200 3193
f 3193 3237 147
f 147 3237 3196
f 3196 153 147
f 3454 3455 3424
f 3453 3477 3454
f 3454 3477 3456
f 3456 3455 3454
f 3159 3200 3201
f 3200 147 3201
f 906 827 905
f 906 907 827
f 905 1003 906
f 906 1004 1005
f 1003 1004 906
f 906 1005 1006
f 1006 907 906
f 909 835 908
f 908 907 909
f 909 907 835
f 844 845 776
f 776 842 844
f 912 839 911
f 840 839 912
f 911 842 912
f 912 842 840
f 841 775 840
f 840 842 841
f 841 842 775
f 1104 1003 1100
f 1104 1105 1003
f 1100 1198 1104
f 1198 1105 1104
f 577 604 605
f 605 604 644
f 605 606 577
f 644 633 668
f 670 683 668
f 668 683 644
f 632 633 594
f 632 669 670
f 670 668 632
f 632 668 633
f 632 642 669
f 594 601 632
f 601 642 632
f 721 679 678
f 678 720 721
f 721 720 679
f 781 787 784
f 787 858 784
f 784 719 781
f 784 858 785
f 785 722 784
f 722 720 784
f 784 720 719
f 937 936 1032
f 937 854 853
f 853 936 937
f 1032 1031 937
f 937 1031 938
f 716 717 678
f 678 715 716
f 716 715 717
f 780 715 773
f 780 773 779
f 779 782 780
f 782 717 780
f 717 715 780
f 856 783 782
f 856 857 781
f 781 783 856
f 856 782 855
f 863 857 856
f 856 855 854
f 854 937 856
f 938 863 856
f 856 937 938
f 672 673 635
f 665 703 663
f 663 621 665
f 627 621 663
f 666 703 667
f 667 629 666
f 666 629 627
f 627 663 666
f 666 663 703
f 630 596 593
f 593 629 630
f 630 629 667
f 667 635 630
f 625 621 627
f 711 766 767
f 766 765 767
f 768 711 767
f 767 769 768
f 767 765 769
f 799 798 747
f 747 746 799
f 799 746 798
f 1113 1212 1213
f 1213 1117 1113
f 1212 1117 1213
f 1217 1115 1114
f 1114 1216 1217
f 1217 1216 1115
f 1116 1216 1218
f 1218 1211 1116
f 1219 1212 1218
f 1212 1211 1218
f 929 1023 1024
f 1024 1014 929
f 1024 1023 931
f 931 1014 1024
f 1231 1141 1140
f 1124 1231 1140
f 1140 1125 1124
f 1048 1125 1140
f 1140 1141 1048
f 1230 1229 1242
f 1229 1243 1242
f 1242 1243 1145
f 1242 1145 1142
f 1242 1231 1230
f 1142 1231 1242
f 438 423 437
f 437 453 438
f 454 453 437
f 437 423 435
f 435 454 437
f 373 186 192
f 373 386 374
f 373 374 363
f 363 369 373
f 373 369 186
f 403 384 202
f 202 210 403
f 203 210 202
f 202 384 197
f 197 196 202
f 196 203 202
f 3459 3458 3435
f 3389 3425 3426
f 3425 3458 3426
f 3458 3459 3426
f 3426 3459 3435
f 3398 3397 3434
f 3434 3399 3398
f 3370 3397 3398
f 3398 3399 3370
f 3368 3336 3335
f 3335 3336 3298
f 3335 3298 3297
f 3297 3333 3335
f 3368 3335 3367
f 3368 3367 3366
f 3366 3369 3368
f 3328 3329 3292
f 3364 3329 3328
f 3292 3327 3328
f 3328 3327 3364
f 3365 3329 3364
f 3330 3329 3365
f 3364 3369 3365
f 3369 3366 3365
f 3365 3331 3330
f 3365 3366 3331
f 99 88 98
f 98 97 99
f 88 97 98
f 3321 97 3359
f 3359 96 3389
f 3359 97 96
f 3359 3324 3321
f 3359 3360 3324
f 3389 3390 3359
f 3359 3390 3360
f 900 89 90
f 100 91 90
f 91 900 90
f 90 93 100
f 90 89 93
f 889 890 813
f 813 888 889
f 889 888 986
f 986 899 889
f 889 899 890
f 3829 3741 3828
f 3828 3830 3829
f 3673 3674 3618
f 3676 3675 3673
f 3675 3674 3673
f 3673 3672 3671
f 3618 3672 3673
f 3572 3571 3222
f 3222 3221 3572
f 3433 3405 3404
f 3433 3404 3395
f 3395 3432 3433
f 3433 3432 3463
f 3406 3405 3440
f 3441 3406 3440
f 3440 3465 3441
f 3405 3433 3440
f 3440 3433 3465
f 3252 3246 3212
f 3212 3247 3252
f 3252 3247 3287
f 3161 3203 3243
f 3163 3135 3161
f 3135 3133 3161
f 3133 118 3161
f 3134 3105 3103
f 3136 3105 3134
f 3134 3162 3136
f 3282 113 111
f 108 110 111
f 3245 3282 111
f 111 110 3245
f 115 116 112
f 112 114 115
f 113 114 112
f 108 111 112
f 112 111 113
f 130 125 131
f 131 136 130
f 119 113 3202
f 3202 118 119
f 3202 3161 118
f 3203 3161 3202
f 3324 3360 3361
f 3361 3325 3324
f 3361 3362 3325
f 4383 4447 4392
f 4392 4303 4383
f 4304 4303 4392
f 4287 4286 4381
f 4381 4382 4287
f 4381 4286 4380
f 4447 4382 4381
f 3419 3382 3417
f 3417 3420 3419
f 3419 3420 3382
f 3383 3357 3382
f 3382 3420 3383
f 3450 3421 3451
f 3450 3452 3421
f 3449 3452 3450
f 3451 3416 3450
f 3416 3449 3450
f 3636 3591 3635
f 3635 3696 3636
f 3636 3696 3639
f 3592 3591 3636
f 3341 3340 3342
f 3301 3300 3708
f 3374 3880 3342
f 3342 3340 3374
f 3554 3592 3593
f 3593 3594 3554
f 3639 3263 3593
f 3263 3594 3593
f 3262 3263 3223
f 3223 3594 3262
f 3262 3594 3263
f 3640 3263 3639
f 3639 3706 3640
f 3705 3708 3641
f 3708 3300 3641
f 3641 3706 3705
f 3300 3640 3641
f 3185 3231 3186
f 3184 3231 3185
f 3186 3150 3185
f 3185 3150 3184
f 3227 3272 3233
f 3233 3229 3227
f 3181 3225 3226
f 3226 3182 3181
f 3233 3272 3273
f 3230 3232 3184
f 3230 3229 3232
f 3148 3149 3120
f 3148 3184 3149
f 3148 3179 3180
f 3120 3516 3148
f 3180 3181 3148
f 3181 3182 3148
f 3148 3516 3524
f 3524 3179 3148
f 3345 3308 3307
f 3307 3306 3345
f 3347 3308 3345
f 3153 3188 3189
f 3153 3152 3187
f 3187 3188 3153
f 3231 3188 3187
f 3187 3152 3186
f 3186 3231 3187
f 3312 3354 3313
f 3803 3719 3802
f 3721 3719 3803
f 3802 3727 3803
f 3727 3721 3803
f 4005 3914 3913
f 3916 3914 4005
f 3913 3920 4005
f 4005 3920 3916
f 3915 3916 3815
f 3815 3914 3915
f 3915 3914 3916
f 3917 3816 3916
f 3917 3822 3821
f 3823 3822 3917
f 3917 3920 3823
f 3916 3920 3917
f 3734 3816 3817
f 3818 3734 3817
f 3821 3919 3817
f 3817 3819 3818
f 3817 3919 3819
f 3870 3772 3869
f 3870 3871 3772
f 3869 3776 3870
f 3870 3776 3871
f 3703 3696 3775
f 3775 3776 3703
f 3696 3776 3775
f 3873 3966 3872
f 3785 3776 3872
f 3872 3776 3873
f 4166 4061 4164
f 4061 4060 4164
f 4060 4165 4164
f 4164 3445 4166
f 4164 4165 3445
f 3964 4061 3965
f 3964 4060 4061
f 3965 3869 3964
f 3878 3974 3964
f 3974 4060 3964
f 3964 3869 3868
f 3868 3879 3964
f 3964 3879 3878
f 4066 3445 4067
f 4067 3974 4066
f 4067 4060 3974
f 3445 4165 4067
f 4067 4165 4060
f 3409 3376 3976
f 3976 4068 3409
f 4068 4069 3409
f 3502 3505 3506
f 3506 3503 3502
f 3505 3507 3506
f 3506 3507 3503
f 1299 183 181
f 181 3509 1299
f 1199 3491 3501
f 1296 1199 3501
f 1298 1296 3501
f 3501 183 1298
f 3501 3500 183
f 3499 3500 3489
f 3502 3503 3499
f 3499 3503 183
f 183 3500 3499
f 3499 3498 3502
f 3499 3489 3488
f 3488 3498 3499
f 2695 2694 2644
f 2644 2643 2695
f 2695 2643 2694
f 2431 2487 2491
f 2494 2495 2431
f 2431 2493 2494
f 2544 2495 2559
f 2495 2494 2559
f 2559 2494 2493
f 2543 2598 2601
f 2544 2484 2543
f 2538 2598 2543
f 2543 2602 2544
f 2601 2602 2543
f 2476 2420 2478
f 2423 2484 2485
f 2423 2424 2364
f 2485 2424 2423
f 2603 2604 2544
f 2544 2602 2603
f 2610 2604 2603
f 2603 2602 2610
f 4244 4144 4243
f 4243 4242 4244
f 4144 4242 4243
f 4240 4242 4241
f 4454 4407 4406
f 4406 4453 4454
f 4454 4453 4455
f 4454 4455 4408
f 4408 4407 4454
f 4316 4317 4229
f 4315 4316 4229
f 4229 4320 4315
f 375 4319 4229
f 4229 4319 4320
f 364 375 4229
f 4229 4130 364
f 4403 4402 4408
f 4403 4317 4402
f 3983 4076 4077
f 4076 4173 4077
f 4078 3983 4077
f 4077 4173 4078
f 3941 3947 3844
f 4028 3947 3941
f 3844 3842 3941
f 4035 4034 3948
f 4028 4034 4035
f 3948 3947 4035
f 4035 3947 4028
f 4036 4037 3948
f 3948 4034 4036
f 4038 4037 4139
f 4033 4038 4139
f 4139 4034 4033
f 4037 4036 4139
f 4139 4036 4034
f 3943 4034 4028
f 3943 3941 3842
f 4028 3941 3943
f 3842 3942 3943
f 3943 3942 4029
f 3943 4032 4033
f 4033 4034 3943
f 4029 4030 3943
f 3943 4031 4032
f 4030 4031 3943
f 3847 3761 3846
f 3846 3950 3847
f 3846 3761 3844
f 3844 3950 3846
f 4462 473 474
f 4462 4460 473
f 4236 4142 4140
f 4140 4240 4236
f 4236 4240 4241
f 4236 4241 4143
f 4143 4142 4236
f 4459 4417 443
f 425 442 443
f 443 442 4459
f 4271 4270 4278
f 4278 4272 4271
f 4176 4270 4271
f 4177 4176 4271
f 4271 4272 4177
f 4181 4083 4180
f 4180 4278 4181
f 4083 4082 4180
f 4180 4082 4177
f 4162 4054 4161
f 4162 4161 4160
f 4057 4056 4162
f 4056 4054 4162
f 4159 4072 4160
f 4158 4072 4159
f 4160 4054 4159
f 4159 4054 4158
f 3890 3892 3982
f 3982 3983 3890
f 3982 4072 3983
f 3892 3981 3982
f 4171 4074 4170
f 4171 4178 4080
f 4170 4178 4171
f 4080 4079 4171
f 4079 4172 4171
f 4075 4074 4076
f 4075 4076 3983
f 3983 4074 4075
f 4265 4269 4347
f 4269 4357 4347
f 4349 4267 4348
f 4267 4266 4348
f 4357 4423 4348
f 4348 4347 4357
f 4348 4266 4265
f 4265 4347 4348
f 4436 4366 4365
f 4365 4433 4436
f 4436 4433 4366
f 4257 4340 4341
f 4341 4342 4257
f 4362 4361 4341
f 4341 4361 4274
f 4274 4342 4341
f 4422 4362 4341
f 4341 4340 4422
f 4255 4151 4254
f 4254 4339 4255
f 4339 4256 4255
f 4256 4154 4255
f 4418 441 462
f 462 4460 4418
f 466 4460 462
f 4163 4162 4160
f 4057 4162 4163
f 2224 2154 2223
f 2223 2154 2153
f 2223 2289 2226
f 4879 4948 4949
f 5035 5034 4949
f 4949 5034 5041
f 4875 4879 4876
f 4875 4948 4879
f 4876 4800 4875
f 4800 4874 4875
f 4875 4874 4945
f 4945 4948 4875
f 5118 5034 5117
f 5260 5261 5191
f 5256 5260 5191
f 5191 5259 5192
f 5191 5262 5257
f 5191 5261 5262
f 5274 5275 5204
f 5204 5273 5274
f 5274 5346 5275
f 5274 5333 5332
f 5273 5269 5274
f 5274 5269 5333
f 4891 4960 4961
f 4961 4960 5053
f 4961 4962 4891
f 4895 4962 4961
f 4965 4895 4961
f 4961 5053 4965
f 5059 4967 5053
f 5053 5052 5059
f 5059 5052 4967
f 4888 4889 4806
f 5331 5384 5332
f 5329 5381 5382
f 5335 5381 5329
f 5332 5386 5345
f 5345 5386 5390
f 5390 5346 5345
f 5345 5274 5332
f 5346 5274 5345
f 5385 5384 5390
f 5390 5386 5385
f 5332 5384 5385
f 5385 5386 5332
f 5266 5267 5193
f 5267 5264 5193
f 5193 5257 5266
f 5193 5196 5194
f 5193 5264 5196
f 5192 5263 5193
f 5327 5334 5268
f 5268 5264 5327
f 5268 5334 5335
f 5335 5329 5268
f 5333 5269 5268
f 5268 5329 5330
f 5268 5269 5196
f 5196 5264 5268
f 5330 5331 5268
f 5332 5333 5268
f 5268 5331 5332
f 5117 5034 5116
f 5116 5034 5033
f 5198 5199 5116
f 5116 5199 5117
f 5347 5337 5277
f 5390 5337 5347
f 5277 5346 5347
f 5347 5346 5390
f 5339 5271 5338
f 5271 5337 5338
f 5338 5384 5339
f 5390 5384 5338
f 5338 5337 5390
f 5272 48 5271
f 5271 5342 5272
f 39 48 5272
f 57 5382 58
f 57 5342 5382
f 4762 4836 4766
f 4764 4836 4762
f 4766 4694 4762
f 4694 4761 4762
f 4685 4764 4762
f 4762 4761 4685
f 4999 4923 4922
f 4922 4921 4999
f 4840 4841 4764
f 4839 4838 4840
f 4840 4838 4918
f 4840 4763 4839
f 4840 4764 4763
f 4923 4841 4840
f 4840 4922 4923
f 4840 4919 4920
f 4840 4918 4919
f 4840 4920 4921
f 4921 4922 4840
f 4526 4576 4528
f 4529 4501 4528
f 4528 4507 4529
f 4529 4507 4501
f 4508 4509 4487
f 4487 4507 4508
f 4628 4576 4627
f 4584 4646 4647
f 4647 4648 4584
f 4584 4648 4649
f 4584 4649 4650
f 4650 4651 4584
f 4587 4591 4584
f 4584 4651 4587
f 4535 4507 4528
f 4535 4536 4507
f 4528 4576 4535
f 4686 4680 4758
f 4758 4761 4686
f 4694 4628 4693
f 4693 4761 4694
f 4686 4761 4693
f 4705 4695 4770
f 4770 4695 4694
f 4770 4694 4769
f 4769 4849 4770
f 4704 4702 4773
f 4704 4773 4774
f 4774 4773 4851
f 4848 4852 4853
f 4519 4566 4567
f 4520 4568 4521
f 4520 4499 4519
f 4521 4499 4520
f 4519 4567 4520
f 4520 4567 4568
f 4521 4568 4569
f 4569 4570 4521
f 4522 4499 4521
f 4522 4572 4573
f 4573 4524 4522
f 4500 4499 4522
f 4624 4687 4688
f 4688 4687 4689
f 4625 4624 4688
f 4566 4613 4614
f 4614 4569 4566
f 4570 4569 4614
f 4681 4620 4614
f 4614 4620 4570
f 4614 4680 4681
f 4614 4613 4680
f 4619 4613 4566
f 4680 4613 4619
f 4682 4684 4619
f 4619 4684 4685
f 5351 5282 5350
f 5350 5349 5351
f 5350 5282 5281
f 5281 5349 5350
f 4892 4962 4895
f 4895 4817 4892
f 4891 4962 4892
f 4892 4810 4891
f 4892 4817 4810
f 4989 4984 4912
f 4989 5078 4984
f 4989 4912 4988
f 5560 4914 4992
f 4992 4993 5560
f 4984 5078 4991
f 4991 4992 4914
f 4991 4989 4988
f 5078 4989 4991
f 4988 5083 4991
f 5083 4993 4991
f 4993 4992 4991
f 3047 5616 3053
f 3047 3046 5616
f 3047 3053 3048
f 5618 3046 3045
f 3045 5626 5618
f 5551 5528 5550
f 5550 5549 5551
f 2988 2990 2999
f 2999 1715 2988
f 1716 2999 3012
f 3012 3023 1716
f 1716 1715 2999
f 1670 1715 1716
f 5566 5547 5565
f 5548 5547 5566
f 3013 3024 3012
f 3013 5548 3024
f 3000 3013 3012
f 3012 2999 3000
f 2999 2990 3000
f 5595 5609 5596
f 5596 3032 5595
f 5609 3032 5596
f 5579 3032 3024
f 5580 3032 5579
f 5579 3024 5565
f 5565 5580 5579
f 3034 3024 3033
f 3024 3032 3033
f 3033 3032 3044
f 3044 5624 3033
f 5624 5610 3033
f 5610 5626 3033
f 5626 3045 3033
f 3033 3045 3046
f 3046 3047 3033
f 3048 3034 3033
f 3033 3047 3048
f 1672 3024 1673
f 1674 1613 1673
f 1673 1613 1672
f 3034 3049 3043
f 3043 3030 3034
f 5487 5523 5524
f 5459 5486 5487
f 5487 5488 5459
f 5524 5525 5487
f 5487 5522 5488
f 5525 5522 5487
f 5519 5485 5518
f 5518 5520 5519
f 5486 5485 5519
f 5519 5520 5486
f 5521 5520 5546
f 5547 5523 5521
f 5486 5520 5521
f 5544 5547 5521
f 5521 5487 5486
f 5523 5487 5521
f 5521 5545 5544
f 5546 5545 5521
f 5576 5591 5577
f 5564 5576 5577
f 5591 5592 5577
f 5592 5593 5577
f 5577 5578 5564
f 5577 5593 5578
f 5607 5593 5592
f 5622 5608 5607
f 5595 5580 5594
f 5580 5593 5594
f 5593 5607 5594
f 5594 5608 5595
f 5594 5607 5608
f 2577 2527 2526
f 2526 2576 2577
f 2577 2576 2626
f 2530 2582 2588
f 2588 2582 2630
f 2583 2530 2588
f 2588 2631 2583
f 2630 2631 2588
f 2195 2194 2177
f 2177 2196 2195
f 2177 2178 2119
f 2177 2194 2178
f 2197 2196 2177
f 2119 2118 2177
f 2177 2118 2117
f 2176 2197 2177
f 2177 2116 2176
f 2117 2116 2177
f 2343 2404 2401
f 2401 2402 2343
f 2404 2402 2401
f 2462 2404 2411
f 2411 2402 2462
f 2462 2402 2404
f 2411 2404 2449
f 2449 2444 2411
f 2411 2444 2463
f 2463 2444 2408
f 2385 2444 2389
f 2389 2449 2404
f 2444 2449 2389
f 2389 2328 2327
f 2327 2385 2389
f 2389 2343 2328
f 2389 2404 2343
f 2215 2216 2144
f 2215 2212 2279
f 2144 2212 2215
f 2345 2403 2405
f 2345 2344 2343
f 2343 2403 2345
f 2346 2347 2283
f 2221 2283 2284
f 2408 2347 2407
f 2411 2463 2407
f 2407 2463 2408
f 1454 1547 1548
f 1547 1550 1548
f 1455 1454 1548
f 1549 1456 1455
f 1455 1548 1549
f 1549 1548 1550
f 1457 1456 1549
f 1549 1550 1457
f 1625 1547 1615
f 1625 1550 1547
f 1615 1551 1625
f 1551 1550 1625
f 1675 1676 1720
f 1720 1719 1675
f 1676 1719 1720
f 1718 1721 1734
f 1734 1719 1718
f 1734 1721 1675
f 1675 1719 1734
f 1684 1676 1628
f 1684 1719 1676
f 1684 1628 1674
f 1674 1719 1684
f 1569 1491 1568
f 1568 1583 1569
f 1491 1567 1568
f 1511 1583 1568
f 1568 1567 1511
f 1701 1702 1658
f 1658 1697 1701
f 1696 1702 1701
f 1701 1697 1696
f 1693 1698 1656
f 1699 1698 1693
f 894 817 816
f 815 893 894
f 894 816 815
f 803 802 880
f 880 804 803
f 748 802 803
f 803 804 748
f 809 881 807
f 809 808 881
f 809 807 750
f 750 808 809
f 983 982 1074
f 982 980 1074
f 1074 1073 983
f 1074 980 1073
f 979 880 978
f 978 980 979
f 979 980 880
f 981 982 880
f 880 980 981
f 981 980 982
f 1075 1043 1076
f 1076 980 1075
f 1075 1070 1043
f 1075 980 1070
f 1227 1226 1246
f 1246 1228 1227
f 1225 1228 1246
f 1246 1325 1225
f 1246 1226 1326
f 1245 1325 1246
f 1246 1247 1147
f 1246 1326 1247
f 1147 1146 1246
f 1146 1245 1246
f 1121 1226 1227
f 1121 1222 1226
f 1227 1228 1121
f 1121 1228 1225
f 1121 1225 1122
f 1120 1222 1121
f 1122 1019 1121
f 1019 1120 1121
f 1249 1149 1250
f 1250 1149 1148
f 1147 1249 1250
f 1250 1148 1147
f 1152 1053 1151
f 1151 1153 1152
f 1152 1153 1053
f 1257 1256 1337
f 1337 1256 1258
f 957 956 1050
f 871 956 957
f 957 1050 958
f 958 871 957
f 1045 976 951
f 1045 977 976
f 1045 951 1044
f 1044 977 1045
f 1059 1061 969
f 1061 970 969
f 876 875 969
f 969 970 876
f 1241 1239 1171
f 1171 1139 1241
f 1241 1139 1239
f 1133 1128 1127
f 1134 1133 1127
f 1127 1130 1134
f 1040 1130 1127
f 1127 1038 1040
f 1127 1035 1038
f 1043 1042 1132
f 1132 1042 1136
f 1137 1043 1132
f 1132 1136 1137
f 1135 1042 1134
f 1136 1042 1135
f 1134 1234 1135
f 1135 1234 1136
f 1128 1042 1036
f 1035 1127 1036
f 1036 1127 1128
f 1036 1042 949
f 1036 949 944
f 944 1035 1036
f 1483 1484 1382
f 1382 1482 1483
f 1486 1484 1483
f 1483 1487 1486
f 1565 1487 1483
f 1483 1482 1481
f 1481 1563 1483
f 1483 1563 1565
f 1624 1630 1561
f 1624 1623 1630
f 1624 1557 1546
f 1546 1623 1624
f 1636 1630 1685
f 1685 1682 1636
f 1687 1682 1681
f 1681 1622 1680
f 1680 1687 1681
f 1681 1623 1622
f 1681 1682 1623
f 1479 1381 1478
f 1479 1478 1474
f 1479 1480 1382
f 1382 1381 1479
f 1479 1474 1561
f 1561 1480 1479
f 1604 1665 1605
f 1605 1665 1666
f 1605 1527 1604
f 1527 1605 1606
f 1606 1605 1666
f 1606 1666 1667
f 1445 1444 1535
f 1444 1534 1535
f 1535 1537 1445
f 1535 1534 1537
f 1612 1534 1611
f 1672 1613 1612
f 1613 1534 1612
f 2942 1729 1728
f 2945 2942 1728
f 1728 2941 2945
f 1704 2941 1728
f 1728 1729 1704
f 2951 1729 2942
f 1710 1669 1667
f 1712 1669 1710
f 1667 1666 1707
f 1666 1665 1707
f 1665 1708 1707
f 1707 1708 1664
f 1664 1706 1707
f 2975 2959 2974
f 2974 2959 2973
f 2990 2988 2974
f 2973 2987 2974
f 2987 2990 2974
f 2957 2968 2969
f 2969 5422 5423
f 2977 5422 2969
f 2969 2968 2977
f 5423 2970 2969
f 2969 2970 2957
f 3010 2997 3009
f 2981 2994 2982
f 2980 2994 2981
f 2981 2982 2966
f 2966 2980 2981
f 2993 2980 2979
f 2993 2994 2980
f 3004 2994 2993
f 4673 4674 4604
f 4604 4672 4673
f 4673 4672 4674
f 4745 4756 4814
f 4756 4755 4814
f 4815 4745 4814
f 4814 4755 4815
f 5484 5483 5515
f 5515 5516 5484
f 5515 5542 5516
f 5539 4505 4534
f 4505 4533 4534
f 5510 5539 4534
f 4578 4533 4532
f 4532 4531 4578
f 4578 4577 4631
f 4578 4531 4577
f 5514 5482 4701
f 5483 5482 5514
f 4701 5542 5514
f 5514 5515 5483
f 5542 5515 5514
f 4637 5482 5481
f 4637 4580 4636
f 4637 4630 4698
f 4637 4636 4630
f 4698 4701 4637
f 4701 5482 4637
f 5455 5436 5454
f 5456 5482 5483
f 5483 5457 5456
f 5454 5482 5456
f 5456 5455 5454
f 5456 5457 5436
f 5436 5455 5456
f 5540 5512 5510
f 5540 5513 5512
f 5481 5513 4638
f 4638 4637 5481
f 4580 4637 4638
f 4472 5463 4473
f 4473 4471 4472
f 4472 4471 5463
f 5464 5437 5463
f 5463 4471 5464
f 5438 5437 5464
f 5464 5465 5438
f 5464 4471 4477
f 4477 4476 5464
f 4474 4471 4473
f 4475 4471 4474
f 4474 4476 4475
f 4484 4476 4474
f 4494 4495 4481
f 4495 4485 4481
f 4481 4480 4494
f 4473 4480 4481
f 4481 4474 4473
f 4481 4485 4484
f 4484 4474 4481
f 4486 5465 4478
f 4478 4476 4486
f 5465 5464 4478
f 4478 5464 4476
f 4503 5448 5447
f 5447 5465 4503
f 5436 5446 5447
f 5447 5448 5436
f 5438 5465 5447
f 5447 5446 5438
f 4506 4503 4486
f 4506 5477 4503
f 4486 4505 4506
f 4506 4505 5539
f 4506 5539 5510
f 5510 5477 4506
f 4489 4479 4488
f 4480 4479 4489
f 4489 4488 4487
f 4487 4480 4489
f 4492 4480 4491
f 4492 4493 4480
f 4516 4493 4492
f 4515 4516 4492
f 5473 5499 5500
f 5499 5503 5500
f 5500 5474 5473
f 5500 5503 5474
f 5533 5499 3029
f 3029 3040 5533
f 5533 3040 3041
f 5533 5553 5536
f 3041 5553 5533
f 5504 5503 5534
f 5534 5506 5504
f 5534 5503 5499
f 5499 5533 5534
f 5534 5533 5506
f 5505 5474 5504
f 5504 5506 5505
f 5505 5506 5474
f 5537 5556 5557
f 5509 5508 5537
f 5537 5508 5536
f 5536 5554 5537
f 5537 5538 5509
f 5537 5559 5538
f 5558 5559 5537
f 5537 5557 5558
f 5496 5502 5530
f 5531 4676 5530
f 5530 5502 5501
f 5495 5496 5530
f 5530 4676 5495
f 5501 5535 5530
f 5530 5535 5531
f 2102 2041 2038
f 2037 2102 2038
f 2038 1971 2037
f 2038 1972 1971
f 1980 2041 1981
f 1973 1972 1980
f 1980 2038 2041
f 1972 2038 1980
f 1910 1973 1980
f 1980 1981 1910
f 1847 1811 1848
f 1848 1809 1847
f 1811 1809 1848
f 1782 1809 1810
f 1810 1809 1811
f 1783 1782 1810
f 1810 1811 1783
f 2045 1982 2044
f 1982 2043 2044
f 2044 2046 2045
f 2049 2046 2044
f 2042 2111 2110
f 2110 2043 2042
f 2100 2172 2110
f 2110 2111 2100
f 2110 2172 2113
f 2113 2049 2110
f 2048 2046 2049
f 2048 2047 2046
f 1992 2003 1993
f 1992 1991 2003
f 2049 2051 2050
f 2052 2051 2053
f 2115 2114 2176
f 2115 2051 2114
f 2176 2116 2115
f 2116 2051 2115
f 1995 1923 1921
f 1921 1969 1995
f 1995 1969 1923
f 1958 1895 1957
f 1957 1898 1958
f 1895 1898 1957
f 2833 2777 2832
f 2834 2777 2833
f 2701 2772 2773
f 2708 2709 2651
f 2708 2777 2709
f 2708 2773 2777
f 2651 2707 2708
f 2708 2707 2701
f 2701 2773 2708
f 2829 2872 2831
f 2831 2777 2829
f 2828 2873 2829
f 2829 2873 2872
f 2829 2769 2828
f 2770 2769 2829
f 2836 2780 2779
f 2835 2834 2858
f 2858 2856 2835
f 2857 2856 2858
f 2858 2833 2832
f 2834 2833 2858
f 2832 2800 2858
f 2800 2857 2858
f 2800 2732 2799
f 2798 2837 2855
f 2798 2838 2837
f 2798 2855 2800
f 2800 2799 2798
f 2798 2799 2732
f 2781 2838 2798
f 2713 2737 2714
f 2670 2669 2671
f 2671 2731 2732
f 2620 2670 2671
f 2671 2672 2620
f 2732 2733 2671
f 2733 2672 2671
f 2662 2677 2675
f 2621 2662 2675
f 2677 2714 2675
f 2675 2714 2737
f 2613 2657 2658
f 2613 2614 2562
f 2562 2612 2613
f 2613 2612 2609
f 2609 2654 2613
f 2654 2657 2613
f 2617 2618 2563
f 2659 2613 2658
f 2677 2623 2659
f 2659 2658 2713
f 2713 2714 2659
f 2659 2714 2677
f 2306 2304 2367
f 2367 2369 2306
f 2366 2369 2367
f 2367 2303 2366
f 2304 2303 2367
f 2698 2646 2697
f 2706 2649 2698
f 2698 2697 2706
f 251 2691 263
f 263 262 251
f 2691 2643 2692
f 291 310 290
f 310 292 290
f 290 292 279
f 279 278 290
f 278 291 290
f 4378 4373 4283
f 4353 4354 4268
f 4372 4354 4353
f 4355 4354 4372
f 4355 4356 4268
f 4268 4354 4355
f 4440 4465 551
f 4374 4373 4440
f 539 4310 4309
f 4309 546 539
f 525 528 527
f 554 546 553
f 556 549 550
f 549 542 550
f 4391 4448 4449
f 4449 4443 4451
f 4391 4449 4397
f 4309 4391 4397
f 4397 4398 4309
f 559 4467 553
f 559 4451 4467
f 4469 4448 4444
f 4444 4443 4469
f 4469 4443 4448
f 4352 4427 4428
f 4352 4430 4373
f 4426 4427 4352
f 4352 4373 4372
f 4352 4351 4426
f 4268 4351 4352
f 4352 4353 4268
f 4372 4353 4352
f 4426 4425 4424
f 4424 4427 4426
f 4423 4427 4424
f 4424 4348 4423
f 4349 4348 4424
f 4259 4168 4167
f 4169 4168 4259
f 4260 4169 4259
f 4259 4167 4226
f 4226 4314 4259
f 4314 4260 4259
f 1852 1833 1815
f 1852 1815 1855
f 1799 1833 1797
f 1815 1833 1799
f 1797 1779 1799
f 1789 1815 1799
f 1778 1789 1799
f 1799 1779 1778
f 2261 2209 2193
f 2261 2210 2209
f 2193 2260 2261
f 2260 2210 2261
f 2218 2216 2219
f 2150 2217 2218
f 2218 2219 2150
f 2151 2220 2152
f 2219 2220 2151
f 2151 2077 2150
f 2150 2219 2151
f 4936 5022 4935
f 4935 4860 4936
f 4936 4860 4934
f 4936 4934 4933
f 4933 5019 4936
f 5019 5022 4936
f 4783 4784 4708
f 4708 4646 4704
f 4707 4646 4708
f 4708 4784 4785
f 4855 4785 4861
f 4855 4854 4785
f 4855 4861 4786
f 4725 4798 4728
f 4729 4659 4728
f 4728 4798 4729
f 4792 4795 4793
f 4795 4724 4793
f 4793 4722 4792
f 4793 4724 4722
f 4796 4724 4795
f 4796 4795 4730
f 4887 4888 4806
f 4954 4888 4887
f 4954 4887 4952
f 4803 4804 4730
f 4730 4802 4803
f 3358 3357 3386
f 3358 3388 167
f 167 3318 3358
f 3358 3318 3357
f 3385 3420 3421
f 3386 3357 3385
f 157 149 148
f 148 147 157
f 149 143 148
f 143 3201 148
f 148 3201 147
f 3160 3201 143
f 3159 3201 3160
f 3160 143 3132
f 3132 3159 3160
f 845 844 913
f 914 845 913
f 911 1008 913
f 1008 1007 913
f 1007 914 913
f 913 842 911
f 913 844 842
f 644 683 645
f 645 605 644
f 645 683 646
f 646 606 645
f 606 605 645
f 667 672 671
f 671 635 667
f 672 635 671
f 674 635 673
f 634 635 596
f 596 630 634
f 634 630 635
f 587 621 588
f 621 625 588
f 588 570 587
f 588 589 570
f 588 625 589
f 591 589 626
f 589 625 626
f 627 591 626
f 626 625 627
f 1219 1218 1318
f 1318 1218 1216
f 1215 1219 1318
f 1318 1216 1215
f 192 384 383
f 383 373 192
f 384 373 383
f 386 373 385
f 385 373 384
f 385 403 386
f 385 384 403
f 3435 3434 3427
f 3427 3426 3435
f 3434 3428 3427
f 3427 3428 3389
f 3389 3426 3427
f 3332 3335 3333
f 3332 3333 3292
f 3292 3331 3332
f 3332 3367 3335
f 3331 3366 3332
f 3332 3366 3367
f 3743 3830 3831
f 3743 3829 3830
f 3743 3742 3741
f 3741 3829 3743
f 3743 3673 3671
f 3671 3670 3743
f 3743 3670 3742
f 3615 3222 3571
f 3221 3222 3615
f 3464 3433 3463
f 3465 3433 3464
f 3469 3465 3464
f 3284 3252 3287
f 3246 3252 3284
f 3287 3253 3284
f 3284 3253 3246
f 3243 3208 3204
f 3204 3161 3243
f 758 112 116
f 116 697 758
f 129 130 136
f 129 136 133
f 117 3202 113
f 117 113 3242
f 3203 3202 117
f 3242 3203 117
f 3362 3361 3394
f 3360 3393 3394
f 3394 3361 3360
f 3394 3369 3364
f 3364 3363 3394
f 3363 3362 3394
f 3393 3396 3394
f 3370 3369 3394
f 3394 3396 3370
f 4446 4392 4447
f 4446 4381 4380
f 4447 4381 4446
f 3267 3301 3303
f 3340 3341 3303
f 3339 3301 3708
f 3339 3374 3340
f 3340 3303 3339
f 3339 3303 3301
f 3300 3301 3264
f 3224 3263 3264
f 3263 3640 3264
f 3264 3640 3300
f 3881 3783 3880
f 3880 3374 3881
f 3639 3593 3638
f 3592 3636 3638
f 3638 3636 3639
f 3707 3640 3706
f 3706 3641 3707
f 3707 3641 3640
f 3228 3227 3182
f 3272 3227 3228
f 3182 3226 3228
f 3266 3225 3270
f 3266 3226 3225
f 3270 3272 3271
f 3271 3266 3270
f 3226 3266 3271
f 3272 3228 3271
f 3271 3228 3226
f 3310 3272 3309
f 3310 3273 3272
f 3309 3274 3310
f 3274 3273 3310
f 3183 3148 3182
f 3229 3230 3183
f 3183 3230 3184
f 3184 3148 3183
f 3343 3379 3347
f 3347 3345 3343
f 3378 3379 3343
f 3342 3376 3343
f 3344 3345 3306
f 3344 3343 3345
f 3234 3188 3233
f 3233 3273 3234
f 3234 3273 3274
f 3315 3277 3314
f 3315 3314 3356
f 3356 3316 3315
f 3315 3316 3279
f 3314 3313 3355
f 3356 3314 3355
f 3355 3354 3381
f 3355 3313 3354
f 3355 3382 3356
f 3381 3382 3355
f 3918 3917 3821
f 3816 3917 3918
f 3821 3817 3918
f 3918 3817 3816
f 3884 3885 3785
f 3785 3872 3884
f 3978 3885 3884
f 3884 3966 3978
f 3884 3872 3966
f 3378 3343 3377
f 3377 3343 3376
f 3377 3411 3378
f 4070 3412 3377
f 3413 3411 3377
f 3377 3412 3413
f 183 3507 182
f 182 181 183
f 182 3507 3509
f 3509 181 182
f 3490 3501 3491
f 3500 3501 3490
f 3491 3471 3490
f 3490 3471 3489
f 3489 3500 3490
f 2486 2487 2425
f 2486 2491 2487
f 2425 2424 2486
f 2486 2424 2485
f 2544 2559 2558
f 2558 2559 2493
f 2543 2542 2541
f 2539 2538 2541
f 2538 2543 2541
f 2422 2423 2364
f 2422 2364 2363
f 2363 2420 2422
f 2420 2476 2422
f 2484 2423 2483
f 2483 2543 2484
f 2483 2542 2543
f 4133 4132 4232
f 4325 4240 4324
f 4326 4410 4327
f 4327 4242 4326
f 4242 4240 4326
f 4408 4410 4326
f 4326 4325 4408
f 4326 4240 4325
f 4230 4132 4231
f 4231 4130 4230
f 4130 4229 4230
f 4230 4232 4132
f 4229 4232 4230
f 3848 3761 3847
f 3847 3849 3848
f 3848 3849 3761
f 3851 3849 3847
f 3851 3859 3852
f 3847 3859 3851
f 3852 3763 3851
f 3763 3849 3851
f 3762 3849 3763
f 3687 3761 3762
f 4460 4462 4461
f 4419 4418 4461
f 4418 4460 4461
f 474 4419 4461
f 4461 4462 474
f 444 4417 4458
f 444 443 4417
f 444 4458 425
f 425 443 444
f 4273 4272 4278
f 4278 4180 4273
f 4177 4272 4273
f 4273 4180 4177
f 4072 3982 4071
f 4071 3982 3981
f 4160 4072 4071
f 4071 4163 4160
f 4274 4262 4344
f 4262 4264 4343
f 4264 4346 4343
f 4343 4344 4262
f 4274 4344 4343
f 4360 4342 4274
f 4274 4343 4360
f 4360 4343 4346
f 4264 4342 4345
f 4345 4346 4264
f 4342 4360 4345
f 4345 4360 4346
f 4153 4154 4049
f 4153 4255 4154
f 4049 4152 4153
f 4153 4152 4151
f 4151 4255 4153
f 441 456 461
f 461 462 441
f 461 456 466
f 466 462 461
f 4057 4163 4058
f 3960 4057 4058
f 4058 3981 3960
f 4058 4071 3981
f 4163 4071 4058
f 2225 2226 2156
f 2225 2223 2226
f 2224 2223 2225
f 2156 2155 2225
f 5125 5049 5046
f 5035 4949 5036
f 5036 4949 4948
f 4945 5035 5036
f 5036 4948 4945
f 5033 5110 5114
f 5114 5191 5192
f 5114 5110 5189
f 5192 5193 5114
f 5114 5193 5194
f 5257 5259 5258
f 5258 5191 5257
f 5259 5191 5258
f 5132 5131 5051
f 5051 5130 5132
f 5204 5131 5132
f 5132 5205 5204
f 5132 5199 5198
f 5198 5116 5132
f 5132 5116 5197
f 5206 5205 5132
f 5132 5197 5206
f 5199 5132 5201
f 5392 5391 5413
f 5383 5331 5330
f 5330 5329 5383
f 5383 5329 5382
f 5383 5382 5392
f 5392 5413 5383
f 5383 5413 5391
f 5383 5391 5384
f 5384 5331 5383
f 5265 5259 5257
f 5257 5193 5265
f 5263 5259 5265
f 5265 5193 5263
f 5196 5197 5115
f 5197 5116 5115
f 5115 5116 5033
f 5033 5114 5115
f 2419 39 50
f 58 59 54
f 54 59 2360
f 2360 2361 54
f 2361 2359 54
f 54 2359 2419
f 2419 50 54
f 54 50 5344
f 4501 4524 4525
f 4573 4526 4525
f 4525 4526 4501
f 4523 4501 4500
f 4523 4524 4501
f 4500 4522 4523
f 4523 4522 4524
f 4528 4501 4527
f 4527 4526 4528
f 4501 4526 4527
f 4573 4576 4575
f 4575 4526 4573
f 4576 4526 4575
f 4691 4628 4690
f 4628 4627 4690
f 4690 4765 4691
f 4690 4689 4686
f 4686 4765 4690
f 4646 4584 4640
f 4640 4702 4704
f 4704 4646 4640
f 4692 4628 4686
f 4686 4693 4692
f 4692 4693 4628
f 4706 4644 4705
f 4706 4703 4644
f 4706 4705 4702
f 4702 4703 4706
f 4629 4628 4696
f 4629 4576 4628
f 4851 4773 4778
f 4777 4778 4705
f 4851 4778 4777
f 4777 4774 4851
f 4852 4774 4777
f 4777 4853 4852
f 4566 4569 4615
f 4615 4569 4568
f 4615 4567 4566
f 4568 4567 4615
f 4681 4680 4621
f 4621 4620 4681
f 4570 4620 4571
f 4620 4621 4571
f 4624 4576 4571
f 4571 4576 4572
f 4521 4570 4571
f 4572 4522 4571
f 4571 4522 4521
f 4626 4627 4576
f 4626 4576 4625
f 4625 4688 4626
f 4626 4688 4689
f 4689 4690 4626
f 4626 4690 4627
f 4566 4617 4618
f 4618 4619 4566
f 4618 4617 4682
f 4682 4619 4618
f 4683 4758 4680
f 4680 4619 4683
f 4683 4619 4685
f 4685 4761 4683
f 4761 4758 4683
f 4984 4991 4990
f 4990 4991 4914
f 5552 2990 5528
f 5528 5551 5552
f 5552 5551 2990
f 5549 5548 5567
f 5567 5551 5549
f 2990 5551 5567
f 5567 3000 2990
f 1672 1612 1668
f 1668 1612 1611
f 1711 3023 1672
f 1711 1716 3023
f 1672 1668 1711
f 1671 1611 1670
f 1670 1716 1671
f 1716 1711 1671
f 1671 1668 1611
f 1671 1711 1668
f 3024 5548 3025
f 5548 5566 3025
f 5565 3024 3025
f 3025 5566 5565
f 3024 3030 3031
f 3031 1673 3024
f 3030 3043 3031
f 3049 1718 1717
f 1717 3043 3049
f 1717 1718 1674
f 1674 1673 1717
f 1673 3031 1717
f 1717 3031 3043
f 5622 5607 5623
f 5623 5605 5622
f 2580 2581 2527
f 2527 2577 2580
f 2580 2626 2581
f 2580 2577 2626
f 2281 2345 2285
f 2281 2285 2221
f 2221 2219 2281
f 2351 2345 2405
f 2285 2345 2351
f 2351 2283 2285
f 2351 2346 2283
f 2405 2411 2351
f 2222 2153 2221
f 2221 2284 2222
f 2222 2223 2153
f 2349 2410 2350
f 2350 2283 2349
f 2350 2284 2283
f 2350 2410 2352
f 2347 2346 2406
f 2406 2407 2347
f 2411 2407 2406
f 2406 2351 2411
f 2346 2351 2406
f 1656 1653 1694
f 1694 1693 1656
f 1653 1693 1694
f 1695 1653 1655
f 1695 1693 1653
f 1655 1654 1695
f 1700 1699 1695
f 1699 1693 1695
f 1695 1697 1700
f 1695 1654 1697
f 897 817 896
f 817 894 896
f 896 894 893
f 893 990 896
f 896 990 897
f 1338 1258 1257
f 1257 1337 1338
f 1338 1337 1258
f 967 875 966
f 966 1059 967
f 1556 1561 1553
f 1556 1624 1561
f 1556 1555 1558
f 1558 1557 1556
f 1557 1624 1556
f 1553 1459 1556
f 1556 1459 1555
f 1623 1682 1683
f 1682 1685 1683
f 1630 1623 1683
f 1683 1685 1630
f 1607 1534 1527
f 1527 1606 1607
f 1607 1606 1534
f 1610 1606 1667
f 1534 1606 1610
f 1667 1611 1610
f 1611 1534 1610
f 1730 1729 1733
f 1733 1713 1730
f 1709 1732 1712
f 1712 1710 1709
f 1709 1710 1667
f 1667 1707 1709
f 1709 1707 1732
f 1732 1707 1731
f 1731 1707 1706
f 1712 1732 1731
f 1731 1706 1712
f 1670 2975 2989
f 2975 2974 2989
f 2989 2974 2988
f 5439 5430 2998
f 2998 2997 5439
f 2997 3010 5439
f 5467 5466 3022
f 3022 5439 3010
f 3022 3010 3009
f 3022 5466 5441
f 2979 2991 2992
f 2992 2993 2979
f 2992 3002 3003
f 2992 2991 3002
f 3003 3004 2992
f 3004 2993 2992
f 4699 4700 4633
f 4633 4700 4635
f 4579 4534 4533
f 4533 4578 4579
f 4580 4534 4579
f 4580 4638 4581
f 4581 4638 5513
f 5513 5540 4581
f 4581 5540 5510
f 5510 4534 4581
f 4581 4534 4580
f 5506 5533 5507
f 5508 5474 5507
f 5474 5506 5507
f 5536 5508 5507
f 5507 5533 5536
f 5556 5537 5555
f 5555 5537 5554
f 5568 5556 5555
f 5555 5554 5568
f 2049 2044 2112
f 2112 2044 2043
f 2112 2110 2049
f 2043 2110 2112
f 1986 2048 2049
f 1989 1991 1990
f 1987 2053 1988
f 1987 2052 2053
f 2051 2052 1987
f 1987 2050 2051
f 2049 2050 1987
f 1987 1986 2049
f 2777 2773 2830
f 2830 2829 2777
f 2830 2773 2772
f 2770 2829 2830
f 2830 2771 2770
f 2772 2771 2830
f 2709 2777 2778
f 2778 2779 2709
f 2778 2777 2835
f 2778 2835 2836
f 2836 2779 2778
f 2710 2780 2781
f 2710 2779 2780
f 2710 2712 2654
f 2654 2711 2710
f 2710 2737 2713
f 2713 2712 2710
f 2709 2779 2710
f 2710 2653 2709
f 2711 2653 2710
f 2797 2798 2732
f 2784 2710 2783
f 2676 2669 2621
f 2621 2675 2676
f 2676 2675 2669
f 2729 2671 2669
f 2669 2675 2729
f 2729 2675 2737
f 2737 2734 2729
f 2729 2734 2671
f 2615 2614 2660
f 2614 2613 2660
f 2660 2659 2615
f 2613 2659 2660
f 2616 2563 2615
f 2615 2617 2616
f 2616 2617 2563
f 2661 2623 2622
f 2661 2659 2623
f 2615 2659 2661
f 2661 2617 2615
f 2622 2618 2661
f 2618 2617 2661
f 2610 2646 2655
f 2646 2698 2655
f 2691 2692 2642
f 2599 273 2642
f 2642 2692 2643
f 2600 2599 2642
f 2642 2643 2600
f 4371 4282 4373
f 4373 4378 4371
f 4283 4282 4371
f 4371 4378 4283
f 4372 4282 4370
f 4370 4355 4372
f 4441 551 4374
f 4374 4440 4441
f 4441 4440 551
f 4439 4440 4373
f 4465 4440 4439
f 4373 4430 4439
f 4439 4430 4465
f 4428 4463 4429
f 4463 4430 4429
f 4429 4352 4428
f 4430 4352 4429
f 4464 4463 545
f 4464 4430 4463
f 545 4465 4464
f 4465 4430 4464
f 541 542 543
f 541 525 542
f 543 528 541
f 528 525 541
f 540 539 546
f 4310 539 540
f 540 525 4310
f 542 525 540
f 526 524 4310
f 4310 525 526
f 527 524 526
f 526 525 527
f 558 4443 556
f 560 554 553
f 560 558 556
f 556 550 555
f 555 560 556
f 554 560 555
f 4448 4443 4468
f 4468 4449 4448
f 4443 4449 4468
f 552 559 553
f 4451 559 552
f 553 4398 552
f 4398 4397 552
f 552 4449 4451
f 552 4397 4449
f 4349 4424 4350
f 4350 4424 4425
f 4350 4425 4426
f 4350 4267 4349
f 4426 4351 4350
f 4351 4267 4350
f 1890 1919 1867
f 1867 1833 1890
f 1833 1852 1890
f 1855 1919 1890
f 1890 1852 1855
f 4775 4708 4704
f 4783 4708 4775
f 4704 4774 4775
f 4775 4852 4783
f 4775 4774 4852
f 4786 4780 4856
f 4856 4855 4786
f 4726 4728 4659
f 4725 4728 4726
f 4659 4658 4726
f 4726 4658 4725
f 4729 4724 4797
f 4724 4796 4797
f 4797 4730 4729
f 4797 4796 4730
f 4954 4952 5044
f 5044 5046 4954
f 5124 5046 5044
f 4886 4887 4806
f 4886 4952 4887
f 4804 4803 4805
f 4805 4806 4731
f 4731 4804 4805
f 4883 4805 4803
f 4883 4884 4806
f 4806 4805 4883
f 3422 3452 3453
f 3421 3452 3422
f 3422 3385 3421
f 3388 3358 3387
f 3385 3422 3387
f 3387 3358 3386
f 3386 3385 3387
f 3357 3383 3384
f 3384 3385 3357
f 3384 3383 3420
f 3420 3385 3384
f 596 635 636
f 635 674 636
f 637 596 636
f 636 673 637
f 636 674 673
f 3745 3831 3746
f 3745 3746 3676
f 3676 3673 3745
f 3144 3177 3613
f 3112 3144 3613
f 3613 3571 3112
f 3163 3161 3205
f 3161 3204 3205
f 3205 3208 3163
f 3205 3204 3208
f 108 112 109
f 112 758 109
f 109 697 654
f 109 758 697
f 130 129 123
f 123 122 125
f 125 130 123
f 127 129 133
f 127 134 128
f 133 134 127
f 657 129 127
f 581 612 613
f 612 656 613
f 4393 4446 4380
f 4392 4446 4393
f 4380 4304 4393
f 4304 4392 4393
f 3224 3264 3265
f 3265 3264 3301
f 3265 3225 3224
f 3267 3225 3265
f 3265 3301 3267
f 3374 3339 3784
f 3784 3881 3374
f 3783 3881 3784
f 3784 3708 3705
f 3784 3339 3708
f 3705 3703 3784
f 3703 3783 3784
f 3637 3593 3592
f 3592 3638 3637
f 3637 3638 3593
f 3267 3303 3304
f 3304 3303 3341
f 3304 3341 3342
f 3342 3343 3304
f 3343 3344 3305
f 3305 3304 3343
f 3305 3302 3267
f 3267 3304 3305
f 3235 3234 3277
f 3235 3236 3192
f 3314 3277 3276
f 3277 3234 3276
f 3276 3313 3314
f 3376 3409 3410
f 3410 3377 3376
f 3410 3409 4069
f 3410 4069 4070
f 4070 3377 3410
f 2545 2485 2544
f 2545 2486 2485
f 2544 2558 2545
f 2539 2541 2481
f 2481 2541 2542
f 2542 2483 2482
f 2482 2483 2423
f 2482 2481 2542
f 2423 2481 2482
f 4140 4233 4238
f 4240 4232 4321
f 4321 4324 4240
f 4409 4325 4321
f 4325 4324 4321
f 4135 4234 4137
f 4135 4137 4136
f 4135 4233 4234
f 4232 4233 4135
f 4133 4232 4135
f 4135 4136 4033
f 4033 4133 4135
f 3688 3763 3689
f 3688 3762 3763
f 3689 3625 3688
f 3625 3687 3688
f 3687 3762 3688
f 3761 3849 3845
f 3845 3762 3761
f 4889 4888 4955
f 4955 4888 4954
f 4954 5046 4955
f 5048 5128 5127
f 5049 5128 5048
f 5050 5130 5051
f 5129 5049 5125
f 5129 5128 5049
f 5199 5128 5129
f 5125 5118 5129
f 5117 5199 5129
f 5129 5118 5117
f 5040 4949 5041
f 5041 5042 5040
f 5123 5046 5124
f 5124 5042 5123
f 5125 5046 5123
f 5123 5118 5125
f 5256 5191 5190
f 5191 5114 5190
f 5189 5256 5190
f 5190 5114 5189
f 5127 5128 5202
f 5202 5201 5127
f 5203 5128 5199
f 5199 5201 5203
f 5203 5202 5128
f 5201 5202 5203
f 5194 5196 5195
f 5196 5115 5195
f 5195 5114 5194
f 5195 5115 5114
f 39 5272 49
f 49 50 39
f 49 5272 5344
f 5344 50 49
f 5343 57 58
f 58 54 5343
f 5342 57 5343
f 5343 54 5344
f 5344 5272 5343
f 5343 5272 5342
f 4574 4524 4573
f 4573 4525 4574
f 4574 4525 4524
f 4576 4629 4582
f 4582 4535 4576
f 4536 4535 4582
f 4644 4645 4582
f 4508 4540 4539
f 4544 4509 4539
f 4509 4508 4539
f 4538 4508 4507
f 4538 4540 4508
f 4536 4584 4538
f 4584 4540 4538
f 4696 4705 4643
f 4643 4629 4696
f 4643 4582 4629
f 4705 4644 4643
f 4644 4582 4643
f 4772 4773 4702
f 4772 4778 4773
f 4702 4705 4772
f 4705 4778 4772
f 4776 4777 4705
f 4853 4777 4776
f 4848 4853 4776
f 4776 4849 4848
f 4705 4770 4776
f 4776 4770 4849
f 4622 4680 4686
f 4622 4621 4680
f 4622 4571 4621
f 4624 4571 4623
f 4686 4687 4623
f 4623 4687 4624
f 4623 4622 4686
f 4571 4622 4623
f 3011 5567 5548
f 3000 5567 3011
f 5548 3013 3011
f 3013 3000 3011
f 5606 5607 5592
f 5606 5623 5607
f 5606 5592 5605
f 5605 5623 5606
f 2280 2281 2215
f 2345 2281 2280
f 2280 2215 2279
f 2279 2344 2280
f 2344 2345 2280
f 2216 2215 2282
f 2215 2281 2282
f 2219 2216 2282
f 2282 2281 2219
f 2287 2222 2284
f 2284 2350 2287
f 2290 2350 2291
f 2226 2290 2291
f 2291 2352 2353
f 2291 2350 2352
f 2292 2226 2291
f 2291 2353 2292
f 1059 969 968
f 968 967 1059
f 968 969 875
f 875 967 968
f 1738 1733 1729
f 2975 1713 2976
f 1713 1733 2976
f 2976 2959 2975
f 2976 1733 2959
f 2949 1733 2951
f 2959 1733 2960
f 1670 2989 1714
f 1714 2989 2988
f 1714 1715 1670
f 1714 2988 1715
f 3021 3009 5467
f 5467 3022 3021
f 3021 3022 3009
f 5440 3022 5441
f 5439 3022 5440
f 5441 5430 5440
f 5430 5439 5440
f 4631 4699 4632
f 4699 4633 4632
f 4632 4578 4631
f 4632 4633 4578
f 4578 4633 4634
f 4634 4579 4578
f 4634 4633 4635
f 4635 4580 4634
f 4580 4579 4634
f 1915 1987 1988
f 1986 1987 1915
f 1915 1988 1989
f 1989 1990 1915
f 1855 1914 1915
f 1915 1916 1855
f 1993 1916 1915
f 1915 1992 1993
f 1991 1992 1915
f 1915 1990 1991
f 2047 2048 1985
f 2048 1986 1985
f 1986 1915 1985
f 1983 2046 1985
f 2046 2047 1985
f 1985 1915 1914
f 2732 2731 2730
f 2730 2797 2732
f 2730 2671 2736
f 2731 2671 2730
f 2798 2783 2782
f 2782 2710 2781
f 2782 2783 2710
f 2798 2797 2840
f 2840 2783 2798
f 2797 2783 2840
f 2736 2783 2796
f 2796 2783 2797
f 2796 2730 2736
f 2797 2730 2796
f 2784 2783 2735
f 2671 2734 2735
f 2736 2671 2735
f 2735 2783 2736
f 2785 2734 2737
f 2737 2710 2785
f 2785 2710 2784
f 2784 2735 2785
f 2785 2735 2734
f 2656 2698 2649
f 2656 2655 2698
f 2610 2655 2656
f 2656 2611 2610
f 2649 2611 2656
f 2641 2642 273
f 2641 273 262
f 262 263 2641
f 2641 263 2691
f 2691 2642 2641
f 4281 4370 4282
f 4356 4355 4281
f 4355 4370 4281
f 4280 4369 4281
f 4281 4184 4280
f 4281 4282 4184
f 4278 4356 4281
f 4281 4369 4278
f 547 540 546
f 546 554 547
f 554 555 547
f 547 555 550
f 548 550 542
f 542 540 548
f 548 547 550
f 540 547 548
f 553 4443 4466
f 4466 560 553
f 4443 558 4466
f 558 560 4466
f 4779 4856 4780
f 4855 4856 4779
f 4854 4855 4779
f 4780 4707 4779
f 4707 4708 4779
f 4785 4854 4779
f 4779 4708 4785
f 4950 4951 4879
f 4950 5040 5042
f 4879 4949 4950
f 4949 5040 4950
f 4880 4802 4879
f 4879 4951 4880
f 4880 4951 4952
f 5124 5044 5043
f 5043 5044 4951
f 4951 4950 5043
f 5043 5042 5124
f 5043 4950 5042
f 4952 4951 5045
f 5045 5044 4952
f 4951 5044 5045
f 4882 4886 4884
f 4884 4883 4882
f 4806 4884 4885
f 4885 4886 4806
f 4884 4886 4885
f 3423 3422 3453
f 3453 3454 3423
f 3423 3454 3424
f 3424 3388 3423
f 3388 3387 3423
f 3423 3387 3422
f 3744 3743 3831
f 3831 3745 3744
f 3673 3743 3744
f 3744 3745 3673
f 3221 3615 3178
f 3615 3613 3178
f 3177 3221 3178
f 3178 3613 3177
f 3614 3615 3571
f 3571 3613 3614
f 3614 3613 3615
f 696 654 108
f 108 109 696
f 696 109 654
f 655 129 657
f 655 123 129
f 657 656 655
f 654 697 655
f 655 697 116
f 655 612 654
f 655 656 612
f 655 116 122
f 122 123 655
f 657 127 614
f 614 656 657
f 614 613 656
f 614 127 128
f 128 615 614
f 614 615 581
f 581 613 614
f 3188 3234 3190
f 3234 3235 3190
f 3190 3189 3188
f 3190 3235 3192
f 3153 3189 3190
f 3190 3192 3155
f 3155 3153 3190
f 3277 3315 3278
f 3278 3235 3277
f 3236 3235 3278
f 3279 3236 3278
f 3278 3315 3279
f 3275 3234 3274
f 3275 3276 3234
f 3313 3276 3275
f 3275 3274 3312
f 3312 3313 3275
f 2557 2545 2558
f 2491 2486 2492
f 2486 2545 2492
f 2492 2493 2431
f 2431 2491 2492
f 2545 2557 2492
f 2492 2558 2493
f 2492 2557 2558
f 2423 2422 2480
f 2480 2481 2423
f 2539 2481 2480
f 2480 2478 2539
f 2480 2476 2478
f 2480 2422 2476
f 4140 4234 4237
f 4237 4233 4140
f 4234 4233 4237
f 4322 4232 4240
f 4322 4238 4232
f 4323 4233 4232
f 4232 4238 4323
f 4323 4238 4233
f 4318 4321 4232
f 4318 4229 4317
f 4318 4232 4229
f 3849 3762 3850
f 3850 3845 3849
f 3762 3845 3850
f 4957 4955 5046
f 4957 5046 5049
f 5049 5048 4957
f 5051 4960 4959
f 4959 5050 5051
f 4959 4960 4891
f 5126 5048 5127
f 5130 5050 5126
f 5127 5201 5126
f 5126 5132 5130
f 5126 5201 5132
f 5119 5042 5041
f 5119 5123 5042
f 5041 5034 5119
f 5034 5118 5119
f 5118 5123 5119
f 4583 4584 4536
f 4536 4582 4583
f 4641 4640 4584
f 4641 4582 4640
f 4702 4640 4639
f 4640 4582 4639
f 4639 4582 4645
f 4639 4703 4702
f 4644 4703 4639
f 4639 4645 4644
f 4544 4539 4585
f 4585 4539 4540
f 4585 4545 4544
f 4546 4545 4585
f 4585 4540 4584
f 4591 4546 4585
f 4585 4584 4591
f 4507 4536 4537
f 4537 4538 4507
f 4536 4538 4537
f 2223 2222 2286
f 2222 2287 2286
f 2951 1733 1737
f 1733 1738 1737
f 1729 2951 1737
f 1737 1738 1729
f 2950 2951 2942
f 2942 2949 2950
f 2950 2949 2951
f 1733 2949 2948
f 2948 2960 1733
f 2948 2949 2942
f 2948 2942 2947
f 2947 2959 2948
f 2959 2960 2948
f 1984 1914 1983
f 1983 1985 1984
f 1984 1985 1914
f 2781 2798 2839
f 2839 2782 2781
f 2798 2782 2839
f 4952 4886 4953
f 4953 4880 4952
f 4886 4882 4953
f 4802 4880 4881
f 4881 4882 4802
f 4880 4953 4881
f 4881 4953 4882
f 4878 4883 4803
f 4878 4882 4883
f 4878 4803 4802
f 4802 4882 4878
f 4239 4322 4240
f 4238 4322 4239
f 4239 4240 4140
f 4140 4238 4239
f 4404 4318 4317
f 4321 4318 4404
f 4409 4321 4404
f 4317 4403 4404
f 4408 4409 4404
f 4404 4403 4408
f 4890 4957 4956
f 4891 4810 4890
f 4890 4956 4891
f 4810 4889 4890
f 4889 4955 4890
f 4955 4957 4890
f 5050 4959 4958
f 4891 4956 4958
f 4958 4959 4891
f 4642 4583 4582
f 4582 4641 4642
f 4584 4583 4642
f 4642 4641 4584
f 2289 2223 2288
f 2223 2286 2288
f 2288 2350 2290
f 2288 2287 2350
f 2288 2286 2287
f 2226 2289 2288
f 2288 2290 2226
f 5048 5126 5047
f 5047 4958 4956
f 5047 5126 5050
f 5050 4958 5047
f 4956 4957 5047
f 5047 4957 5048
f 522 271 272
f 272 499 522
f 2687 2686 2751
f 2751 2752 2687
f 1839 1802 1835
f 1803 1802 1839
f 2326 2258 2257
f 2257 2325 2326
f 4515 4514 4556
f 4556 4517 4515
f 3100 3101 3079
f 3100 3079 3078
f 3104 3086 3074
f 3074 3085 3104
f 2079 2157 2080
f 2080 2017 2079
f 4546 4592 4586
f 4586 4592 4587
f 980 1081 1083
f 980 1083 1072
f 2968 2963 2962
f 2957 2963 2968
f 2303 2365 2426
f 2426 2366 2303
f 3135 3162 3134
f 3103 3135 3134
f 4076 4074 4171
f 4171 4172 4076
f 4492 4514 4515
f 4492 4491 4514
f 2214 2216 2218
f 2218 2217 2214
f 2151 2152 2078
f 2078 2077 2151
f 3464 3463 3487
f 3464 3487 3469
f 3183 3227 3229
f 3182 3227 3183
f 2155 2154 2225
f 2225 2154 2224
f 4990 4914 4913
f 4990 4913 4984
f 3305 3344 3306
f 3305 3306 3302

