# https://github.com/mikedh/trimesh
v 0.04102904 0.02498294 -0.06912641
v 0.04169334 0.02360208 -0.07654049
v 0.04098044 0.02471227 -0.07678016
v 0.04010550 0.02637527 -0.07379217
v 0.03972475 0.02685696 -0.06883880
v 0.04105335 0.02441179 -0.06332619
v 0.04149892 0.02360208 -0.07775485
v 0.04012981 0.02539582 -0.07943260
v 0.03920627 0.02696018 -0.07833008
v 0.03844475 0.02842362 -0.07553383
v 0.03783716 0.02936178 -0.07051656
v 0.03716476 0.02971502 -0.06359783
v 0.03919007 0.02694872 -0.06166442
v 0.03963563 0.02543711 -0.05341947
v 0.04133689 0.02360208 -0.06017841
v 0.04086702 0.02360208 -0.08133405
v 0.04074550 0.02375806 -0.08144590
v 0.03914956 0.02611378 -0.08158971
v 0.03607109 0.03016002 -0.08082274
v 0.03718096 0.02960033 -0.07773887
v 0.03634653 0.03098119 -0.07428750
v 0.03548780 0.03201799 -0.07113972
v 0.03535008 0.03186889 -0.06501992
v 0.03567413 0.03066924 -0.05544875
v 0.03568223 0.02917369 -0.04062062
v 0.03792628 0.02788458 -0.05439416
v 0.03782096 0.02627664 -0.03897483
v 0.03878500 0.02374429 -0.02969127
v 0.04082651 0.02360208 -0.08150981
v 0.03926298 0.02486825 -0.08398650
v 0.03711615 0.02818048 -0.08307572
v 0.03528528 0.03170374 -0.07764299
v 0.03456426 0.03141701 -0.08203711
v 0.03341389 0.03360529 -0.07724354
v 0.03231212 0.03501138 -0.07265769
v 0.03351920 0.03393559 -0.06903055
v 0.03345440 0.03365804 -0.06335815
v 0.03329237 0.03310753 -0.05512918
v 0.03372984 0.03092156 -0.03643424
v 0.03470198 0.02892826 -0.02737438
v 0.03653286 0.02756804 -0.03525182
v 0.03649235 0.02647390 -0.02524923
v 0.03778856 0.02409295 -0.02096697
v 0.03894703 0.02402184 -0.08611165
v 0.03709184 0.02701523 -0.08545653
v 0.03511515 0.02982283 -0.08459368
v 0.03351920 0.03134361 -0.08492923
v 0.03208528 0.03338279 -0.08331539
v 0.03163162 0.03435077 -0.08144590
v 0.03087820 0.03547243 -0.07932075
v 0.03133997 0.03549996 -0.07681211
v 0.02983314 0.03702532 -0.07289737
v 0.03123466 0.03586926 -0.06696931
v 0.03216630 0.03489440 -0.06407718
v 0.03135617 0.03484622 -0.05485754
v 0.03215010 0.03310983 -0.04304937
v 0.03216630 0.03234141 -0.03483638
v 0.03252275 0.03108671 -0.02532912
v 0.03337338 0.02909799 -0.01478326
v 0.03481540 0.02716663 -0.01278593
v 0.03599008 0.02577200 -0.01390443
v 0.03563362 0.02456777 -0.00073808
v 0.03891462 0.02360208 -0.08670285
v 0.03699463 0.02563208 -0.08766156
v 0.03561742 0.02817360 -0.08654308
v 0.03316275 0.03042151 -0.08721416
v 0.03163972 0.03279558 -0.08560033
v 0.02935517 0.03555959 -0.08360302
v 0.02848834 0.03706432 -0.08058306
v 0.02860986 0.03769740 -0.07610906
v 0.02703822 0.03899339 -0.07300922
v 0.02882859 0.03779833 -0.06856717
v 0.02933897 0.03680512 -0.05858055
v 0.03103212 0.03555042 -0.05979492
v 0.03087820 0.03377503 -0.03761665
v 0.03038403 0.03229095 -0.01598165
v 0.03159111 0.03081833 -0.01308953
v 0.03080529 0.02984577 0.00399158
v 0.03222300 0.02909341 -0.00321476
v 0.03246605 0.02757033 0.00808209
v 0.03389996 0.02729967 -0.00430131
v 0.03410250 0.02628581 0.00193034
v 0.03412679 0.02539582 0.00881711
v 0.03438604 0.02390945 0.01669455
v 0.03673539 0.02473521 -0.08906769
v 0.03443464 0.02691890 -0.08988260
v 0.03458856 0.02832269 -0.08801310
v 0.03016529 0.03329104 -0.08715026
v 0.03251465 0.02955905 -0.08932334
v 0.03044073 0.03155005 -0.08932334
v 0.02802657 0.03530728 -0.08657503
v 0.02611468 0.03813093 -0.08275614
v 0.02713544 0.03669272 -0.08494522
v 0.02607417 0.03882365 -0.08000783
v 0.02621190 0.03933287 -0.07580546
v 0.02412988 0.04079631 -0.07077221
v 0.02671417 0.03925030 -0.06893467
v 0.02761341 0.03841994 -0.06359783
v 0.02699771 0.03828232 -0.05596007
v 0.02744328 0.03688540 -0.04180304
v 0.02678708 0.03656198 -0.03154479
v 0.02865846 0.03550684 -0.03603477
v 0.02978454 0.03518571 -0.04320916
v 0.02986555 0.03374062 -0.02707078
v 0.02852884 0.03401358 -0.01724396
v 0.02772683 0.03337820 -0.00283128
v 0.02809948 0.03227260 0.00534976
v 0.02939568 0.03169456 -0.00077004
v 0.03005998 0.03164639 -0.00657027
v 0.03039213 0.02979072 0.00833775
v 0.03146959 0.02825847 0.01175717
v 0.03110504 0.02685008 0.02668117
v 0.03242554 0.02538206 0.02543484
v 0.03300073 0.02373053 0.03177833
v 0.03616021 0.02372595 -0.09071348
v 0.03371363 0.02595092 -0.09156035
v 0.03151820 0.02895578 -0.09104903
v 0.02727316 0.03458015 -0.08874811
v 0.02788885 0.03202257 -0.09133665
v 0.02349798 0.03854610 -0.08606371
v 0.02406507 0.03688311 -0.08855637
v 0.02404076 0.03898192 -0.08413030
v 0.02218558 0.04091100 -0.08063100
v 0.02383013 0.04042472 -0.07826617
v 0.02294710 0.04120690 -0.07550187
v 0.02100280 0.04239508 -0.07184277
v 0.02212077 0.04183310 -0.06666572
v 0.02426760 0.04061510 -0.06537145
v 0.02550709 0.03953014 -0.05942741
v 0.02597696 0.03771805 -0.03918255
v 0.02447823 0.03792219 -0.02894028
v 0.02571772 0.03662162 -0.02321995
v 0.02570152 0.03594036 -0.01462347
v 0.02579063 0.03500450 -0.00420544
v 0.02809948 0.03497468 -0.02425856
v 0.02569341 0.03428425 0.00443898
v 0.02637392 0.03275429 0.01511267
v 0.02657645 0.03143537 0.02658529
v 0.02818049 0.03162116 0.01092628
v 0.02839112 0.03048115 0.01981037
v 0.02807518 0.02939848 0.03270509
v 0.02997896 0.02872870 0.02142421
v 0.02922555 0.02791440 0.03518177
v 0.03036783 0.02671245 0.03449469
v 0.02896631 0.02579265 0.05456379
v 0.03025440 0.02411130 0.05536272
v 0.03188276 0.02576512 -0.09334994
v 0.02983314 0.02835710 -0.09306233
v 0.02764581 0.03025636 -0.09320614
v 0.02530455 0.03474300 -0.09048977
v 0.02477797 0.03324287 -0.09253503
v 0.02125394 0.03872043 -0.08823679
v 0.01965800 0.04025956 -0.08676678
v 0.01959319 0.04111973 -0.08459368
v 0.02094609 0.03720883 -0.09076142
v 0.02044382 0.04141563 -0.08224484
v 0.01824028 0.04288824 -0.07975218
v 0.01904230 0.04300752 -0.07631678
v 0.01819978 0.04357179 -0.07323292
v 0.01905851 0.04328277 -0.06824759
v 0.02020888 0.04259464 -0.06297466
v 0.02186153 0.04179411 -0.06283085
v 0.02306862 0.04080090 -0.05707857
v 0.02430000 0.03974117 -0.05226901
v 0.02348178 0.03955996 -0.04282567
v 0.02429190 0.03861721 -0.03670587
v 0.02311722 0.03830526 -0.02312408
v 0.02359520 0.03667208 -0.00621874
v 0.02276077 0.03925030 -0.03263133
v 0.02404076 0.03555042 0.00332048
v 0.02460785 0.03417644 0.01429776
v 0.02490759 0.03297679 0.02473178
v 0.02432431 0.03267401 0.03243345
v 0.02474557 0.03158217 0.03973567
v 0.02585544 0.02975402 0.04802855
v 0.02669796 0.03030682 0.03614049
v 0.02920935 0.02464805 0.06073152
v 0.03065137 0.02360208 -0.09539520
v 0.02984934 0.02376494 -0.09585858
v 0.02806707 0.02682485 -0.09529934
v 0.02724075 0.02912781 -0.09434061
v 0.02434861 0.03195835 -0.09397312
v 0.02274457 0.03496091 -0.09218351
v 0.01754357 0.03931223 -0.09020217
v 0.01672535 0.04142481 -0.08691058
v 0.01617447 0.04069079 -0.08881204
v 0.01685497 0.04253041 -0.08371487
v 0.01797294 0.03721571 -0.09255102
v 0.01473245 0.04434938 -0.07845791
v 0.01508080 0.04362914 -0.08189331
v 0.01555067 0.04447784 -0.07460707
v 0.01686307 0.04414983 -0.06997328
v 0.01833750 0.04342958 -0.06378958
v 0.01843471 0.04304652 -0.05727031
v 0.02045192 0.04187210 -0.05300403
v 0.02166710 0.04154638 -0.05706258
v 0.02212887 0.04076190 -0.04915319
v 0.02170761 0.03766300 -0.00438120
v 0.02255014 0.03597936 0.00963202
v 0.02167520 0.04036508 -0.04004540
v 0.02053293 0.04050041 -0.03359005
v 0.02096229 0.03956913 -0.02408279
v 0.02058154 0.03869061 -0.00981392
v 0.02367621 0.03383467 0.02525907
v 0.02321444 0.03256620 0.04171701
v 0.02404886 0.03112112 0.04956249
v 0.02643063 0.02470539 -0.09723274
v 0.02400836 0.02994440 -0.09558695
v 0.02465646 0.02689596 -0.09702502
v 0.02097040 0.03157987 -0.09592250
v 0.02118103 0.03375667 -0.09421279
v 0.01485397 0.03892917 -0.09213558
v 0.01356587 0.04015176 -0.09112892
v 0.01319322 0.04264051 -0.08687863
v 0.01495118 0.04275062 -0.08516892
v 0.01073044 0.04225516 -0.08908366
v 0.01749497 0.03574309 -0.09421279
v 0.01474055 0.03712855 -0.09405301
v 0.01189702 0.04465446 -0.08131808
v 0.01024437 0.04544811 -0.07874552
v 0.01328233 0.04504440 -0.07620493
v 0.01183221 0.04406266 -0.08389062
v 0.01399524 0.04508340 -0.07149124
v 0.01432739 0.04494577 -0.06674561
v 0.01492688 0.04457876 -0.06252726
v 0.01664434 0.04387687 -0.05990677
v 0.01673345 0.04286072 -0.04405602
v 0.01849142 0.04226433 -0.04568584
v 0.02021698 0.04118625 -0.04127575
v 0.01930154 0.03827544 0.00367201
v 0.02024939 0.03697027 0.01361068
v 0.02037901 0.03626379 0.02120051
v 0.02172381 0.03507560 0.02581832
v 0.01811066 0.04168171 -0.03464463
v 0.01855623 0.04052564 -0.02125458
v 0.01800535 0.03987421 -0.00901499
v 0.02148077 0.03452280 0.03363185
v 0.02112432 0.03382778 0.04331487
v 0.02682759 0.02360208 -0.09752036
v 0.02084888 0.02902459 -0.09747243
v 0.02195875 0.02515039 -0.09891049
v 0.01710611 0.03244692 -0.09680133
v 0.01642561 0.03440353 -0.09571478
v 0.01127322 0.03903009 -0.09331799
v 0.00992842 0.04076649 -0.09168818
v 0.00910209 0.04380805 -0.08654308
v 0.00774109 0.04249142 -0.08981868
v 0.01316081 0.03579815 -0.09569880
v 0.01187271 0.03749555 -0.09462824
v 0.00702818 0.04532883 -0.08261234
v 0.00673653 0.04602844 -0.07898520
v 0.00817855 0.04626699 -0.07457510
v 0.01107069 0.04573483 -0.07439935
v 0.00842159 0.04446178 -0.08499315
v 0.01179980 0.04568896 -0.06981350
v 0.01164588 0.04549169 -0.06243139
v 0.01389802 0.04446407 -0.05426633
v 0.01536434 0.04366354 -0.04886557
v 0.01528333 0.04306487 -0.03926245
v 0.01580181 0.04192944 -0.02515336
v 0.01660383 0.03790385 0.02446014
v 0.01866155 0.03676613 0.02631366
v 0.01884787 0.03572704 0.03717909
v 0.01610966 0.04080549 -0.01096437
v 0.01700890 0.03958290 0.00052423
v 0.01857243 0.03500450 0.04692603
v 0.01907471 0.03416038 0.05294995
v -0.03555189 0.02608166 -0.02061544
v -0.03709113 0.02404249 -0.02198960
v 0.01994964 0.02360208 -0.10039650
v 0.01734915 0.02360208 -0.10130728
v 0.01496738 0.02466410 -0.10159490
v 0.01644181 0.02950170 -0.09862288
v 0.01358207 0.03198817 -0.09803168
v 0.01183221 0.03458473 -0.09686523
v 0.00793552 0.03846812 -0.09464422
v 0.00645299 0.03955308 -0.09382931
v 0.00565097 0.04164730 -0.09156035
v 0.00512439 0.04458794 -0.08601578
v 0.00509198 0.04385851 -0.08780538
v 0.00458161 0.04307633 -0.08951509
v 0.00902108 0.03663079 -0.09598642
v 0.00458971 0.04524625 -0.08414629
v 0.00395781 0.04620047 -0.07976815
v 0.00416844 0.04681291 -0.07452717
v 0.00602362 0.04673263 -0.07193864
v 0.00909399 0.04624864 -0.06811977
v 0.00935323 0.04582429 -0.05925165
v 0.01188082 0.04504899 -0.05492146
v 0.01192132 0.04458335 -0.04745946
v 0.01359828 0.04387228 -0.04344884
v 0.01384941 0.04291118 -0.02975519
v 0.01411676 0.04187439 -0.01590176
v 0.01393853 0.04119772 -0.00537187
v 0.01465954 0.03841765 0.02823109
v 0.01669295 0.03697945 0.03530960
v 0.01627168 0.03917460 0.00996757
v 0.01703320 0.03541279 0.05132014
v 0.01415726 0.04051417 0.00271329
v -0.03198735 0.02842133 -0.00148908
v -0.03328355 0.02885256 -0.02015206
v -0.03487139 0.02744417 -0.02505749
v -0.03611088 0.02854978 -0.04990418
v -0.03753670 0.02769190 -0.05923568
v -0.03836302 0.02619636 -0.05589614
v -0.03927036 0.02464805 -0.05423438
v 0.01600434 0.02360208 -0.10172272
v 0.01204284 0.02514809 -0.10205828
v 0.01169449 0.02676292 -0.10130728
v 0.01081955 0.03243316 -0.09835124
v 0.00647729 0.03489210 -0.09753633
v 0.00574008 0.03683494 -0.09632196
v 0.00191630 0.03857822 -0.09518749
v 0.00321250 0.04067474 -0.09303038
v 0.00231326 0.04260381 -0.09056967
v 0.00173807 0.04484714 -0.08595186
v 0.00038517 0.04383329 -0.08846050
v 0.00103327 0.04564767 -0.08333137
v 0.00159225 0.04609954 -0.08107840
v 0.00106567 0.04674181 -0.07711571
v -0.00023053 0.04703541 -0.07205050
v 0.00239427 0.04701247 -0.07054851
v 0.00446819 0.04681291 -0.06650593
v 0.00686615 0.04659729 -0.06795998
v 0.00736033 0.04625553 -0.06118506
v 0.00754666 0.04573024 -0.05206129
v 0.00975019 0.04516139 -0.04908927
v 0.00986361 0.04449619 -0.03847949
v 0.01193752 0.04414983 -0.04065258
v 0.01212385 0.04373006 -0.03470855
v 0.01204284 0.04197302 -0.00827997
v 0.01111930 0.04107844 0.00811405
v 0.01128943 0.03972282 0.02616985
v 0.01274765 0.03940857 0.02426840
v 0.01253701 0.03860345 0.03554928
v 0.01421397 0.03752766 0.04117374
v 0.01549396 0.03620185 0.05060110
v -0.03250583 0.03053390 -0.02857277
v -0.03389114 0.03068529 -0.04566986
v -0.03532506 0.03010267 -0.05619974
v -0.03651594 0.02923103 -0.06160050
v -0.03797416 0.02777448 -0.06642604
v -0.03976453 0.02497147 -0.06364577
v -0.03991846 0.02360208 -0.05426633
v 0.00869703 0.02654501 -0.10197838
v 0.00778159 0.02590963 -0.10225002
v 0.00514869 0.02808643 -0.10161088
v 0.00159225 0.03677530 -0.09664153
v 0.00409553 0.03288274 -0.09891049
v -0.00103255 0.03910349 -0.09475607
v 0.00001251 0.04127571 -0.09247113
v -0.00042495 0.04269557 -0.09048977
v -0.00207761 0.04454436 -0.08663893
v -0.00166444 0.04547105 -0.08389062
v -0.00307406 0.04349609 -0.08885997
v -0.00146191 0.04601467 -0.08144590
v -0.00232874 0.04663400 -0.07745126
v -0.00189128 0.04689090 -0.07420760
v -0.00394899 0.04686108 -0.07026090
v -0.00083812 0.04703312 -0.06789607
v 0.00169757 0.04701018 -0.06735279
v 0.00211073 0.04677621 -0.06235150
v 0.00514869 0.04654454 -0.06174431
v 0.00498667 0.04605826 -0.05249271
v 0.00522970 0.04552839 -0.04381634
v 0.00738463 0.04516368 -0.04220250
v 0.00879425 0.04437462 -0.03317460
v 0.00919931 0.04301211 -0.01355291
v 0.01155677 0.04308321 -0.02277255
v 0.01024437 0.04187439 -0.00025872
v 0.00894007 0.04034443 0.02569049
v 0.01038209 0.04061740 0.01703010
v 0.01007424 0.03930764 0.03593276
v 0.01049551 0.03848647 0.04486479
v 0.01289347 0.03717901 0.05114437
v -0.02710231 0.03350665 -0.00545176
v -0.02873876 0.03245151 -0.00955826
v -0.02959749 0.03253409 -0.01930520
v -0.03052913 0.03252720 -0.02887637
v -0.03300811 0.03195376 -0.04883362
v -0.03488759 0.03131609 -0.06418903
v -0.03677518 0.02936866 -0.06738475
v -0.03800657 0.02787770 -0.07096396
v -0.03912453 0.02631334 -0.06965370
v -0.04061516 0.02382916 -0.06621832
v -0.04016959 0.02360208 -0.05768575
v 0.00270212 0.02726755 -0.10221805
v -0.00991150 0.02360208 -0.10250568
v 0.00420085 0.02588899 -0.10239383
v 0.00100086 0.02823553 -0.10180262
v -0.00374646 0.03666749 -0.09656165
v 0.00032036 0.03429801 -0.09823939
v -0.00334950 0.03504120 -0.09768014
v -0.00648468 0.03867915 -0.09459627
v -0.00313077 0.03999348 -0.09374941
v -0.00247457 0.04182622 -0.09164023
v -0.00593379 0.04412001 -0.08671883
v -0.00493734 0.04487696 -0.08497717
v -0.00455658 0.04564308 -0.08208504
v -0.00548012 0.04292035 -0.08941922
v -0.00535860 0.04622111 -0.07821822
v -0.00618493 0.04648949 -0.07427152
v -0.00785378 0.04632663 -0.06939805
v -0.00671151 0.04641609 -0.06565906
v -0.00360064 0.04683356 -0.06668169
v -0.00042495 0.04679915 -0.06247932
v 0.00117099 0.04625094 -0.05242880
v 0.00293706 0.04642067 -0.05640747
v 0.00330971 0.04569584 -0.04396015
v 0.00463021 0.04491366 -0.03269525
v 0.00659071 0.04469575 -0.03277514
v 0.00666362 0.04362914 -0.01618937
v 0.00852691 0.04385622 -0.02443432
v 0.00787071 0.04225286 0.00154686
v 0.00802463 0.04161060 0.01060671
v 0.00663122 0.04084677 0.02514722
v 0.00817045 0.03986503 0.03446274
v 0.00753045 0.03936269 0.04272366
v -0.02329473 0.03632342 -0.00596308
v -0.02557928 0.03452051 -0.00332661
v -0.02679446 0.03563758 -0.02839701
v -0.02778281 0.03422690 -0.02074327
v -0.02872255 0.03394018 -0.02638371
v -0.03077216 0.03408698 -0.04894546
v -0.03137166 0.03320846 -0.04527039
v -0.03271646 0.03287816 -0.05619974
v -0.03198735 0.03437370 -0.06688941
v -0.03477418 0.03169686 -0.06879086
v -0.03195494 0.03409157 -0.06195203
v -0.03548709 0.03090779 -0.07190669
v -0.03785264 0.02775154 -0.07545393
v -0.03971592 0.02533389 -0.07384010
v -0.04085010 0.02360208 -0.07219431
v -0.04079339 0.02360208 -0.06792802
v -0.04075288 0.02360208 -0.06628223
v -0.00324418 0.02644179 -0.10240980
v -0.00038445 0.02745335 -0.10218611
v -0.00833176 0.02462740 -0.10248970
v -0.00107305 0.02542106 -0.10244176
v -0.00342241 0.02857272 -0.10141913
v -0.00887454 0.03454803 -0.09740850
v -0.00920669 0.03613304 -0.09625805
v -0.00505076 0.02720562 -0.10212218
v -0.01052719 0.03708955 -0.09521944
v -0.01101326 0.03889935 -0.09339789
v -0.00887454 0.04029856 -0.09245515
v -0.00539101 0.04096146 -0.09240721
v -0.00742442 0.04162437 -0.09104903
v -0.00909327 0.04333783 -0.08727808
v -0.00884213 0.04432874 -0.08462565
v -0.00780518 0.04541370 -0.08090263
v -0.00981428 0.04224369 -0.08917954
v -0.00775657 0.04604449 -0.07660439
v -0.00941732 0.04599403 -0.07339270
v -0.01021934 0.04582888 -0.06735279
v -0.00923909 0.04590686 -0.06398131
v -0.00595810 0.04616607 -0.05890013
v -0.00338190 0.04654684 -0.06064179
v -0.00104875 0.04624635 -0.05274837
v 0.00069301 0.04573483 -0.04322513
v 0.00277503 0.04536095 -0.03782437
v 0.00343123 0.04469116 -0.02755014
v 0.00309908 0.04426681 -0.02042370
v 0.00535122 0.04407643 -0.02056750
v 0.00600742 0.04317955 -0.00797638
v 0.00656641 0.04018387 0.03412719
v 0.00531882 0.04205789 0.01014333
v 0.00441958 0.04092247 0.02803934
v 0.00490566 0.03965401 0.04432152
v 0.00702008 0.03909661 0.04730951
v -0.02519852 0.03667667 -0.02699089
v -0.02052411 0.03756436 -0.00041851
v -0.02083196 0.03794055 -0.00765681
v -0.02281676 0.03813781 -0.02620794
v -0.02482587 0.03865162 -0.04969646
v -0.02680256 0.03761483 -0.05357926
v -0.02701320 0.03678447 -0.04498278
v -0.02877926 0.03614680 -0.05386687
v -0.02886027 0.03533939 -0.04471114
v -0.03100710 0.03453198 -0.05683888
v -0.02981622 0.03622020 -0.06610646
v -0.03017268 0.03604817 -0.07021296
v -0.03280558 0.03371080 -0.07040471
v -0.03269216 0.03370162 -0.07352053
v -0.03579493 0.03019901 -0.07612503
v -0.03722885 0.02785017 -0.07954445
v -0.03905973 0.02558850 -0.07829812
v -0.00858289 0.02607249 -0.10218611
v -0.00869631 0.03216020 -0.09881461
v -0.01197731 0.03346995 -0.09750438
v -0.01421325 0.03518112 -0.09576271
v -0.00824264 0.02747858 -0.10146707
v -0.01333022 0.03747490 -0.09408496
v -0.01337882 0.03959436 -0.09172013
v -0.01263351 0.04109221 -0.08985064
v -0.01189630 0.04334242 -0.08528075
v -0.01418895 0.04177805 -0.08759766
v -0.01111858 0.04439985 -0.08213298
v -0.01252819 0.04456041 -0.07932075
v -0.01027605 0.04542517 -0.07735538
v -0.01213934 0.04519121 -0.07495860
v -0.01119149 0.04561097 -0.07107580
v -0.01205022 0.04537012 -0.06717703
v -0.01121579 0.04543664 -0.06382152
v -0.01007352 0.04520267 -0.05533690
v -0.00838847 0.04514533 -0.04829035
v -0.00844517 0.04568437 -0.05763782
v -0.00644417 0.04500312 -0.04015724
v -0.00492924 0.04564767 -0.04755533
v -0.00329279 0.04521873 -0.03744088
v -0.00222343 0.04589998 -0.04766718
v -0.00086242 0.04525314 -0.03557139
v -0.00093533 0.04467281 -0.02596826
v 0.00107377 0.04498706 -0.03080977
v 0.00155985 0.04389751 -0.01363280
v 0.00339883 0.04351215 -0.00903097
v 0.00488135 0.04267033 0.00167468
v 0.00469502 0.04175740 0.01556007
v 0.00287225 0.04161060 0.01995418
v 0.00234567 0.04097522 0.02944546
v -0.01835298 0.03845894 0.00250557
v -0.02520662 0.03798871 -0.04427972
v -0.01959247 0.03898192 -0.01283387
v -0.02046740 0.03933287 -0.02435443
v -0.02202284 0.04003019 -0.04586160
v -0.02147195 0.03828691 -0.01745168
v -0.02294638 0.03997513 -0.05249271
v -0.02416156 0.04006918 -0.06390142
v -0.02487447 0.03925489 -0.05858055
v -0.02677016 0.03830985 -0.06260715
v -0.02903850 0.03651839 -0.06120104
v -0.02819598 0.03752537 -0.06759247
v -0.02960559 0.03642664 -0.07300922
v -0.02993774 0.03598853 -0.07858574
v -0.02676206 0.03854840 -0.07323292
v -0.03321064 0.03270383 -0.07783474
v -0.03525215 0.03004303 -0.08037534
v -0.03516303 0.02945583 -0.08259636
v -0.03727746 0.02662529 -0.08315562
v -0.03963492 0.02423975 -0.08011968
v -0.04030731 0.02360208 -0.07815432
v -0.01239047 0.02504258 -0.10201033
v -0.01251199 0.03128397 -0.09865484
v -0.01508818 0.02360208 -0.10194643
v -0.01478844 0.03307542 -0.09705698
v -0.01768058 0.03423608 -0.09526738
v -0.01631147 0.03711478 -0.09323809
v -0.01772918 0.03862180 -0.09066555
v -0.01570388 0.04006459 -0.08978672
v -0.01687045 0.04178493 -0.08508902
v -0.01428616 0.04311762 -0.08369889
v -0.01801273 0.04039260 -0.08738994
v -0.01482894 0.04373924 -0.07975218
v -0.01580109 0.04398926 -0.07575753
v -0.01363806 0.04491824 -0.07115569
v -0.01521780 0.04434021 -0.06580286
v -0.01396211 0.04456959 -0.06243139
v -0.01570388 0.04425305 -0.06922229
v -0.01236617 0.04465446 -0.05611984
v -0.01217174 0.04411772 -0.04658064
v -0.01051099 0.04331259 -0.02659143
v -0.00891505 0.04440903 -0.03819188
v -0.00854239 0.04352362 -0.02259678
v -0.00765935 0.04306028 -0.01233853
v -0.00577987 0.04291347 -0.00489251
v -0.00559354 0.04418423 -0.02473791
v -0.00327659 0.04442049 -0.02421062
v -0.00235305 0.04384475 -0.01408020
v -0.00100014 0.04342499 -0.00621874
v -0.00030344 0.04415441 -0.01757951
v 0.00066871 0.04328965 -0.00369412
v 0.00262111 0.04222534 0.01122988
v 0.00066871 0.04231480 0.01086237
v 0.00058770 0.04051417 0.03623636
v -0.01734033 0.03961730 -0.00633059
v -0.01815045 0.03986045 -0.01540642
v -0.02062942 0.04134911 -0.05417046
v -0.02173929 0.04131471 -0.06215975
v -0.02320562 0.04079401 -0.06772030
v -0.02655143 0.03869291 -0.06738475
v -0.02800965 0.03723406 -0.08027947
v -0.02883598 0.03576833 -0.08293191
v -0.03145267 0.03394706 -0.08103046
v -0.02349726 0.04053252 -0.07475088
v -0.02480966 0.03987421 -0.07070830
v -0.03340507 0.03191247 -0.08091861
v -0.03218178 0.03251574 -0.08304376
v -0.03489570 0.02889843 -0.08478542
v -0.03688860 0.02568255 -0.08596785
v -0.03864656 0.02380852 -0.08486532
v -0.01668413 0.03016690 -0.09822341
v -0.01761577 0.02738683 -0.09932594
v -0.01841779 0.03171979 -0.09675338
v -0.02047550 0.03228406 -0.09552303
v -0.01958437 0.03480723 -0.09390920
v -0.01979500 0.03633948 -0.09223145
v -0.02198233 0.03658033 -0.09034597
v -0.02113170 0.03850482 -0.08802909
v -0.02130993 0.03958978 -0.08529674
v -0.02070234 0.04116790 -0.08104643
v -0.01990842 0.04233314 -0.07748321
v -0.01694337 0.04370254 -0.07414369
v -0.01797222 0.04329883 -0.06599461
v -0.01673273 0.04336764 -0.05886817
v -0.01460211 0.04384017 -0.05412253
v -0.01311958 0.04245472 -0.02492966
v -0.01840969 0.04319790 -0.07045264
v -0.01232566 0.04336306 -0.03542759
v -0.01174237 0.04217717 -0.01408020
v -0.01017074 0.04217258 -0.00724137
v -0.00757024 0.04249371 -0.00303900
v -0.00407861 0.04320708 -0.00623471
v -0.00501835 0.04369336 -0.01558219
v -0.00687353 0.04221387 0.00272927
v -0.00547202 0.04203266 0.00860939
v -0.00343861 0.04281943 0.00041238
v -0.00215862 0.04236526 0.00862537
v -0.00107305 0.04166107 0.01974646
v -0.00025483 0.04278961 0.00351222
v -0.00035204 0.04120002 0.02671312
v -0.01388920 0.04072750 -0.00267149
v -0.01580109 0.04000495 -0.00271943
v -0.01610894 0.04069768 -0.01459151
v -0.01759957 0.04066097 -0.02337973
v -0.01878235 0.04211295 -0.05262054
v -0.01878235 0.04265657 -0.06104125
v -0.02072664 0.04212441 -0.06933414
v -0.02220917 0.04135140 -0.07257779
v -0.02237119 0.04075502 -0.07872955
v -0.02408865 0.03865620 -0.08333137
v -0.02415346 0.03763318 -0.08609568
v -0.02608155 0.03574539 -0.08729406
v -0.02807446 0.03509854 -0.08558436
v -0.02923293 0.03292174 -0.08798114
v -0.03052103 0.03342637 -0.08475347
v -0.03265166 0.03092156 -0.08569621
v -0.03351038 0.02873099 -0.08782136
v -0.03470936 0.02658859 -0.08879605
v -0.03680759 0.02375576 -0.08876409
v -0.03696961 0.02360208 -0.08863626
v -0.02024867 0.02815754 -0.09811156
v -0.02174740 0.02466181 -0.09921408
v -0.02194993 0.02956363 -0.09670545
v -0.02363498 0.03049032 -0.09525140
v -0.02479346 0.03127250 -0.09397312
v -0.02241980 0.03414203 -0.09291853
v -0.02522282 0.03369245 -0.09130468
v -0.02386992 0.03638994 -0.08881204
v -0.01959247 0.04260611 -0.07411173
v -0.01642489 0.04283090 -0.04867383
v -0.01479654 0.04218176 -0.02954747
v -0.01422135 0.04132388 -0.01315344
v -0.01238237 0.04139499 -0.00490849
v -0.01102947 0.04132617 0.00153088
v -0.01066491 0.04099587 0.00768263
v -0.00891505 0.04172071 0.00376788
v -0.00797530 0.04134682 0.01199685
v -0.00669531 0.03864474 0.05362106
v -0.00648468 0.04110368 0.01955472
v -0.00385988 0.04108074 0.02537092
v -0.00613632 0.04058298 0.02784760
v -0.00394089 0.03871126 0.05902181
v -0.00313077 0.04175282 0.01643889
v -0.00279862 0.03882365 0.05873420
v -0.01542844 0.04150050 -0.02254885
v -0.01720260 0.04127800 -0.03013867
v -0.02730484 0.03349748 -0.08953106
v -0.03037520 0.03116011 -0.08908366
v -0.03103141 0.03189183 -0.08691058
v -0.03253014 0.02824471 -0.08989857
v -0.03443392 0.02511827 -0.09072945
v -0.02343245 0.02640738 -0.09777601
v -0.02481776 0.02797863 -0.09625805
v -0.02682687 0.02821489 -0.09496379
v -0.02849572 0.02964392 -0.09266286
v -0.02604915 0.03202945 -0.09239123
v -0.02877926 0.03149500 -0.09050576
v -0.00970086 0.04061969 0.01648683
v -0.00862340 0.04021828 0.02591419
v -0.00577987 0.03850252 0.05795125
v -0.03100710 0.02958198 -0.09028205
v -0.03165520 0.02759556 -0.09160828
v -0.03412608 0.02360208 -0.09231134
v -0.02620307 0.02360208 -0.09785591
v -0.02638130 0.02570548 -0.09673741
v -0.02863344 0.02723315 -0.09440454
v -0.03153368 0.02559538 -0.09328604
v -0.02813116 0.02360208 -0.09683328
v -0.02812306 0.02374429 -0.09676936
v -0.03103141 0.02360208 -0.09491584
v -0.03267596 0.02360208 -0.09362159
v -0.02822028 0.02360208 -0.09678534
v -0.03671032 0.00812657 0.07273372
v -0.03070881 0.02169893 0.07536686
v -0.03664029 0.00608626 0.07828893
v -0.03672474 0.00696925 0.07553963
v -0.03603067 0.00868380 0.07982294
v -0.03555286 0.01035205 0.08078504
v -0.03559199 0.01156595 0.07547409
v -0.03140699 0.02008554 0.07993315
v -0.03042253 0.02133545 0.08183651
v -0.02946278 0.02290083 0.07999273
v -0.03611511 0.00608626 0.08456199
v -0.03541487 0.00942791 0.08528879
v -0.03454574 0.01201174 0.08676620
v -0.03457869 0.01292216 0.08316797
v -0.03449425 0.01445668 0.07692172
v -0.03231937 0.01838471 0.08106802
v -0.03121957 0.01961919 0.08525006
v -0.03014243 0.02065649 0.08847595
v -0.02884698 0.02284082 0.08629557
v -0.03166238 0.00841804 0.09535666
v -0.03606980 0.00608626 0.08508325
v -0.03557139 0.00698468 0.08868445
v -0.03506475 0.00887583 0.08962870
v -0.03385373 0.01256725 0.09039123
v -0.03328530 0.01504306 0.08779979
v -0.03346036 0.01567915 0.08349563
v -0.03341917 0.01704222 0.07613833
v -0.03239352 0.01756687 0.08511899
v -0.03161912 0.01802637 0.08934274
v -0.02988087 0.02007354 0.09177928
v -0.02826001 0.02242419 0.09139206
v -0.02695632 0.01987294 0.09493965
v -0.02383405 0.02360037 0.09482347
v -0.03170769 0.01146308 0.09503198
v -0.03282602 0.00757792 0.09517794
v -0.02955752 0.01599806 0.09496944
v -0.03574646 0.00608626 0.08830021
v -0.03524804 0.00608626 0.09135333
v -0.03466725 0.00854149 0.09212779
v -0.03337180 0.01216433 0.09294394
v -0.03194866 0.01655700 0.09157674
v -0.02986851 0.01920084 0.09323585
v -0.02737647 0.02277738 0.09298564
v -0.02573913 0.02270194 0.09458519
v -0.02883668 0.01876363 0.09467156
v -0.03196307 0.01336794 0.09447795
v -0.03326676 0.00937991 0.09456731
v -0.03294341 0.00608626 0.09523156
v -0.03388257 0.00640174 0.09468944
v -0.03383313 0.00608626 0.09474306
v -0.03452720 0.00608626 0.09380478
v -0.03423475 0.00830488 0.09355159
v -0.03220610 0.01442754 0.09356648
v -0.03032985 0.01744171 0.09414136
v -0.02797168 0.02098568 0.09416222
v -0.02610573 0.02347692 0.09390903
v -0.02666180 0.02360037 0.09288437
v -0.02487824 0.02360037 0.09455540
v -0.02593479 0.02360037 0.09393584
v -0.02611338 -0.01551039 0.09641515
v -0.02739485 -0.00913245 0.09623640
v -0.02826700 -0.01551039 0.09600681
v -0.02833787 -0.01218929 0.09626568
v -0.03212588 0.00608626 0.09543667
v -0.02926788 -0.00843483 0.09613470
v -0.03166159 -0.00124722 0.09576951
v -0.02899018 -0.01551039 0.09559076
v -0.03106714 -0.00850459 0.09598523
v -0.02984353 -0.01303278 0.09586505
v -0.03254965 0.00608626 0.09534883
v -0.03234572 0.00498486 0.09547365
v -0.03221266 -0.00300818 0.09579108
v -0.03110330 -0.01231825 0.09521323
v -0.03299224 -0.00452392 0.09547520
v -0.03173391 -0.00899081 0.09568013
v -0.03294306 0.00608626 0.09523173
v -0.03323523 0.00237830 0.09535962
v -0.03358090 0.00018608 0.09525484
v -0.02998237 -0.01551039 0.09448901
v -0.03196967 -0.01221043 0.09390809
v -0.03022826 -0.01534973 0.09429485
v -0.03297633 -0.00855532 0.09453524
v -0.03381377 -0.00568874 0.09432105
v -0.03420428 -0.00261286 0.09455989
v -0.03392658 0.00608626 0.09467700
v -0.03437929 0.00279264 0.09453061
v -0.03011978 -0.01551039 0.09431335
v -0.03383546 -0.00831010 0.09262451
v -0.03329742 -0.01052557 0.09174310
v -0.03163990 -0.01426947 0.09186330
v -0.03489130 -0.00389818 0.09257365
v -0.03487684 -0.00132966 0.09352594
v -0.03424044 0.00608626 0.09424400
v -0.03491733 0.00264889 0.09359836
v -0.03456442 0.00579875 0.09383720
v -0.03523264 -0.00437805 0.09072148
v -0.03496217 -0.00654702 0.08953960
v -0.03434313 -0.00986812 0.08688769
v -0.03307324 -0.01227174 0.08929768
v -0.03564630 -0.00172709 0.09041638
v -0.03550745 0.00134244 0.09172153
v -0.03612359 0.00580932 0.08506788
v -0.03528037 0.00558947 0.09166143
v -0.03517768 0.00608626 0.09174002
v -0.03579672 -0.00360856 0.08789237
v -0.03592255 -0.00427870 0.08574279
v -0.03531653 -0.00702267 0.08585374
v -0.03500123 -0.00927197 0.08279349
v -0.03327717 -0.01309620 0.08524200
v -0.03152997 -0.01551039 0.08901107
v -0.03628848 -0.00192370 0.08516958
v -0.03592544 0.00271442 0.08928998
v -0.03627112 0.00102111 0.08670586
v -0.03595727 0.00498909 0.08783227
v -0.03656907 0.00339091 0.08291522
v -0.03538451 0.00608626 0.09060129
v 0.02925157 0.02459511 0.06073152
v 0.02724177 0.02495769 0.07520352
v 0.02710614 0.02452703 0.07928124
v 0.02780588 0.02360208 0.07915135
v 0.02562345 0.02614458 0.08044679
v 0.02610433 0.02495325 0.08458605
v 0.02723253 0.02360208 0.08364608
v 0.02761784 0.02360208 0.08065529
v -0.00035290 0.03783892 0.07389782
v 0.02605192 0.02713169 0.06955349
v 0.02466171 0.02676467 0.08301033
v 0.02498537 0.02517672 0.08920040
v 0.02607967 0.02413781 0.08835956
v 0.02687187 0.02360208 0.08632924
v -0.00151501 0.03762877 0.07547013
v 0.00008790 0.03744082 0.07826266
v 0.00184493 0.03768501 0.07547013
v 0.02372154 0.02898751 0.07241781
v 0.02328074 0.02861309 0.07886082
v 0.02323451 0.02760083 0.08601820
v 0.02199225 0.02749131 0.09138795
v 0.02338555 0.02591668 0.09238943
v 0.02505936 0.02409341 0.09264579
v 0.02661911 0.02360208 0.08773406
v -0.00151501 0.03684589 0.08360849
v 0.00092634 0.03645075 0.08728288
v 0.00492436 0.03714040 0.07689545
v 0.00292073 0.03636344 0.08695817
v 0.00457604 0.03648479 0.08391611
v 0.02126170 0.03102388 0.07123516
v 0.02174257 0.03017145 0.07598966
v 0.02245771 0.02859977 0.08387510
v 0.02061437 0.02907039 0.08967893
v 0.01873095 0.02963424 0.09271757
v 0.02038934 0.02801225 0.09363702
v 0.02202616 0.02598180 0.09453938
v 0.02423016 0.02399278 0.09430696
v -0.00151501 0.03675858 0.08434337
v -0.00137013 0.03607041 0.09011302
v 0.00229498 0.03598014 0.09017796
v 0.00703280 0.03707972 0.07296812
v 0.00710987 0.03607041 0.08334529
v 0.00446815 0.03562644 0.09075903
v 0.00657967 0.03563236 0.08827411
v 0.01928272 0.03251860 0.06895191
v 0.01865697 0.03210570 0.07708686
v 0.02039243 0.03067906 0.07986230
v 0.02026913 0.03015813 0.08454503
v 0.01805896 0.03078710 0.08984984
v 0.01527545 0.03164989 0.09272782
v 0.01710646 0.03000866 0.09399592
v 0.01902379 0.02807588 0.09481625
v 0.02317594 0.02433020 0.09502133
v -0.00151501 0.03608669 0.08993870
v -0.00151501 0.03605265 0.09014720
v -0.00042072 0.03543405 0.09284746
v 0.00340468 0.03524166 0.09275175
v 0.00834904 0.03636936 0.07739448
v 0.00957280 0.03535117 0.08426134
v 0.00682011 0.03504335 0.09146999
v 0.00908576 0.03448246 0.09143239
v 0.00992729 0.03478880 0.08818525
v 0.02217720 0.02360208 0.09565025
v 0.01700782 0.02656340 0.09553403
v 0.01734073 0.03326745 0.07298862
v 0.01591353 0.03337696 0.07946239
v 0.01741472 0.03206131 0.08402207
v 0.01658552 0.03189704 0.08858516
v 0.01304987 0.03288710 0.09212624
v 0.01144080 0.03318161 0.09310722
v 0.01388215 0.03160549 0.09419075
v 0.01463120 0.03024397 0.09500767
v 0.01922107 0.02703254 0.09533922
v 0.02210014 0.02382111 0.09563658
v 0.00109588 0.03495899 0.09377716
v 0.00494286 0.03451946 0.09385920
v 0.00843843 0.03419831 0.09306279
v 0.01087670 0.03609261 0.07226400
v 0.01122811 0.03516026 0.08100735
v 0.01149320 0.03414356 0.08913888
v 0.01472985 0.02902155 0.09540758
v 0.00936627 0.03077674 0.09527769
v 0.01533093 0.03410656 0.07511123
v 0.01337354 0.03418203 0.08285309
v 0.01440310 0.03320825 0.08726921
v 0.00782193 0.03368478 0.09421809
v 0.01038350 0.03244461 0.09472054
v 0.00826581 0.03194439 0.09516489
v -0.00044538 0.03443362 0.09445052
v 0.00449898 0.03400148 0.09457698
v 0.01336737 0.03487464 0.07587004
v 0.00016188 0.03315053 0.09498715
v 0.00535900 0.03312685 0.09494955
v -0.00151501 0.03380910 0.09476840
v 0.00073831 0.03384461 0.09477865
v -0.00361807 0.03238778 0.09499786
v -0.00901630 0.03230651 0.09493744
v -0.00466398 0.03375897 0.09475280
v -0.00891509 0.03305417 0.09472594
v -0.01339955 0.03099885 0.09480987
v -0.01805834 0.02842342 0.09478301
v -0.02383332 0.02360208 0.09482329
v -0.00151501 0.03426282 0.09452786
v -0.00151501 0.03461745 0.09422237
v -0.00291518 0.03485681 0.09392022
v -0.00607820 0.03437808 0.09408472
v -0.01210623 0.03250746 0.09429287
v -0.00962079 0.03349300 0.09417201
v -0.01589624 0.03058661 0.09445065
v -0.02322883 0.02432314 0.09479979
v -0.02240223 0.02618194 0.09446744
v -0.02434503 0.02360208 0.09470579
v -0.00151501 0.03538579 0.09283923
v -0.00360683 0.03529122 0.09282244
v -0.00779327 0.03485681 0.09220808
v -0.00852990 0.03419929 0.09353080
v -0.01177727 0.03343095 0.09309436
v -0.01456355 0.03202282 0.09364829
v -0.01661600 0.03118798 0.09337973
v -0.01971436 0.02881498 0.09399408
v -0.02310231 0.02652030 0.09378929
v -0.00151501 0.03602115 0.09028780
v -0.00553838 0.03553798 0.09107336
v -0.01307622 0.03350335 0.09146951
v -0.00642403 0.03585714 0.08832387
v -0.00968827 0.03518779 0.08819294
v -0.01198814 0.03424214 0.08983459
v -0.01497685 0.03240846 0.09243301
v -0.01910987 0.03010344 0.09268815
v -0.02215762 0.02790480 0.09274523
v -0.02509010 0.02540325 0.09266801
v -0.00381769 0.03633883 0.08711194
v -0.01364135 0.03403971 0.08744765
v -0.01612116 0.03245279 0.09037844
v -0.00465554 0.03683382 0.08147194
v -0.00696947 0.03638463 0.08262344
v -0.00908097 0.03572120 0.08505737
v -0.01176884 0.03485829 0.08615180
v -0.01908175 0.03064719 0.09116402
v -0.02155032 0.02904697 0.09090551
v -0.02412854 0.02707735 0.09049930
v -0.02665896 0.02360208 0.09288622
v -0.02638905 0.02488019 0.09045901
v -0.00153469 0.03684859 0.08358023
v -0.00151501 0.03685598 0.08351980
v -0.00258341 0.03743519 0.07691294
v -0.01358793 0.03462483 0.08245558
v -0.01562351 0.03348858 0.08528565
v -0.01611554 0.03284730 0.08832051
v -0.01862628 0.03155147 0.08813252
v -0.00528253 0.03735097 0.07411981
v -0.00741651 0.03698453 0.07423730
v -0.00947459 0.03623097 0.07823230
v -0.01149330 0.03552172 0.08016602
v -0.02028792 0.03073880 0.08643045
v -0.02292799 0.02854607 0.08820973
v -0.02553433 0.02615239 0.08871665
v -0.02773580 0.02364789 0.08930080
v -0.01209498 0.03584679 0.07345845
v -0.01426833 0.03489228 0.07594609
v -0.01573879 0.03402198 0.07884330
v -0.01810614 0.03237300 0.08387566
v -0.00663771 0.03757999 0.06823473
v -0.00948021 0.03711012 0.06618351
v -0.02028511 0.03148350 0.07922266
v -0.02209014 0.03016993 0.08000823
v -0.02285771 0.02898786 0.08563816
v -0.02514352 0.02703893 0.08549380
v -0.02719035 0.02501169 0.08478880
v -0.02826718 0.02360208 0.08576573
v -0.01740886 0.03385945 0.06982265
v -0.01800211 0.03290050 0.07849080
v -0.01934604 0.03265965 0.07157844
v -0.02105829 0.03161057 0.07108159
v -0.02390080 0.02952274 0.07103123
v -0.02360559 0.02902480 0.07961544
v -0.02500856 0.02767872 0.08079045
v -0.02652963 0.02628389 0.07998473
v -0.02809567 0.02469992 0.07901787
v -0.02853991 0.02360208 0.08331501
v -0.02625128 0.02773192 0.06866445
v -0.02893071 0.02360208 0.07961208
v -0.03235393 -0.01551221 0.08321138
v -0.03105023 -0.01758280 0.08405711
v -0.03223810 -0.01565959 0.08357979
v -0.03233667 -0.01551221 0.08336195
v -0.00785477 -0.03398918 0.08106346
v -0.02175430 -0.01753367 0.09660995
v -0.01738235 -0.02183677 0.09684701
v -0.00744074 -0.02674031 0.09713212
v -0.02536226 -0.01662756 0.09646580
v -0.03149876 -0.01557407 0.08900488
v -0.02987222 -0.01986444 0.08123004
v -0.02948776 -0.01944778 0.08614257
v -0.03007430 -0.01757006 0.09024783
v -0.03154558 -0.01551221 0.08891038
v -0.03229970 -0.01551221 0.08367590
v -0.00821704 -0.03284472 0.08862848
v -0.00905988 -0.03337965 0.08365186
v -0.00896624 -0.03377812 0.08076873
v -0.01516434 -0.02508639 0.09690146
v -0.02029780 -0.02211880 0.09669484
v -0.00954538 -0.02669119 0.09706163
v -0.00744074 -0.02749177 0.09707445
v -0.02758274 -0.01658389 0.09606696
v -0.02416207 -0.01988810 0.09641133
v -0.03150615 -0.01551221 0.08914424
v -0.02839847 -0.02139100 0.08336516
v -0.02881004 -0.01977711 0.08878063
v -0.02780947 -0.02038300 0.09114641
v -0.03002255 -0.01691322 0.09235413
v -0.01024036 -0.03168934 0.09202096
v -0.01053116 -0.03232253 0.08835298
v -0.01067903 -0.03333962 0.08076873
v -0.01854311 -0.02470430 0.09663237
v -0.01267771 -0.02728252 0.09686783
v -0.00787448 -0.02909110 0.09691267
v -0.02870406 -0.01633826 0.09549834
v -0.02695923 -0.01890011 0.09545510
v -0.02450463 -0.02155475 0.09562168
v -0.02216340 -0.02258823 0.09634566
v -0.02849705 -0.02173306 0.08076873
v -0.03088018 -0.01551221 0.09209304
v -0.02695184 -0.02308313 0.08301117
v -0.02731658 -0.02169668 0.08833856
v -0.02807809 -0.01930040 0.09308772
v -0.02614843 -0.02244449 0.09056979
v -0.02532776 -0.02255184 0.09286828
v -0.02906141 -0.01704968 0.09450205
v -0.03020738 -0.01551221 0.09409682
v -0.00744074 -0.03177850 0.09403275
v -0.01100434 -0.03069590 0.09457414
v -0.01213553 -0.03073956 0.09343050
v -0.01327903 -0.03135455 0.08862207
v -0.01212320 -0.03221700 0.08568768
v -0.01235733 -0.03281925 0.08076873
v -0.01759676 -0.02612896 0.09638891
v -0.01377439 -0.02778652 0.09658112
v -0.00744074 -0.03019372 0.09647059
v -0.00744074 -0.03007909 0.09652185
v -0.00744074 -0.02926759 0.09687424
v -0.01053116 -0.02941861 0.09641454
v -0.02919696 -0.01551221 0.09544068
v -0.02621743 -0.02092157 0.09427781
v -0.02330691 -0.02338699 0.09495055
v -0.02107904 -0.02417119 0.09603973
v -0.02760245 -0.02274106 0.08076873
v -0.02695676 -0.02345431 0.08076873
v -0.02544113 -0.02366355 0.08835298
v -0.02385155 -0.02427672 0.09187200
v -0.02116283 -0.02550852 0.09447002
v -0.00744074 -0.03165841 0.09441397
v -0.01288226 -0.02941861 0.09558323
v -0.01488832 -0.02947502 0.09381491
v -0.00744074 -0.03148010 0.09477916
v -0.00848813 -0.03082508 0.09558804
v -0.01410463 -0.03042661 0.09167178
v -0.01630046 -0.03031198 0.08704115
v -0.01535411 -0.02777925 0.09611341
v -0.01898425 -0.02624177 0.09564249
v -0.00744074 -0.03023920 0.09642575
v -0.02388852 -0.02559767 0.08530326
v -0.02304321 -0.02551397 0.08965519
v -0.02095089 -0.02630546 0.09287469
v -0.01871809 -0.02723522 0.09439795
v -0.01647543 -0.02829598 0.09479998
v -0.01760169 -0.02848339 0.09269209
v -0.01694368 -0.02949503 0.08989866
v -0.01689686 -0.03079779 0.08153597
v -0.01884131 -0.02913477 0.08579180
v -0.02207961 -0.02679854 0.08670959
v -0.01999221 -0.02776469 0.08966480
v -0.02040378 -0.02713696 0.09128256
v -0.02030766 -0.02863623 0.08314411
v -0.01969155 -0.02935857 0.08076873
v -0.02090652 -0.02858346 0.08076873
v -0.04263813 0.00672236 -0.00374995
v -0.01559553 0.02019527 -0.10251541
v -0.03673810 0.02360037 -0.01408072
v -0.04247141 0.00835632 -0.00578331
v -0.04360140 0.00637773 -0.01588451
v -0.02398093 0.00985826 -0.10243341
v -0.02214084 0.01480988 -0.10246621
v -0.01789257 0.01890079 -0.10249900
v -0.01559553 0.02115542 -0.10248261
v -0.01656498 0.02281853 -0.10190868
v -0.01559553 0.02196640 -0.10241701
v -0.01666995 0.02149319 -0.10236782
v -0.03740807 0.02360037 -0.02246013
v -0.04256403 0.01063153 -0.01437589
v -0.04310433 0.00861179 -0.01506461
v -0.04395645 0.00750419 -0.02383756
v -0.02499977 0.00987712 -0.10240062
v -0.02471574 0.01215404 -0.10228583
v -0.02299914 0.01567744 -0.10218744
v -0.02070519 0.01820469 -0.10225303
v -0.01899168 0.02041302 -0.10212185
v -0.02275215 0.02360037 -0.09928499
v -0.03856275 0.02041817 -0.01321163
v -0.03843308 0.02214643 -0.02406714
v -0.04160076 0.01225863 -0.00780027
v -0.04245289 0.01234436 -0.01960687
v -0.04559895 0.01082870 -0.05756835
v -0.04607750 0.00872666 -0.05728958
v -0.04660236 0.00854321 -0.06465231
v -0.02638911 0.00774423 -0.10223664
v -0.02692632 0.00874038 -0.10197426
v -0.02521281 0.01329422 -0.10189228
v -0.02835579 0.02043702 -0.09807153
v -0.02390375 0.01712109 -0.10128555
v -0.02159128 0.01925399 -0.10154792
v -0.02335419 0.02296255 -0.09931778
v -0.02619460 0.02349749 -0.09790755
v -0.04039359 0.02282539 -0.05430514
v -0.04071159 0.02124115 -0.04720479
v -0.03962791 0.02042159 -0.02721556
v -0.04010646 0.01850130 -0.02050876
v -0.03989343 0.01763031 -0.01240812
v -0.04110060 0.01385316 -0.00822662
v -0.04236953 0.01375715 -0.02511661
v -0.04490120 0.01334565 -0.05815868
v -0.04589535 0.01149737 -0.06506226
v -0.04711178 0.00615141 -0.06637411
v -0.04649739 0.00969881 -0.06893220
v -0.03173341 0.00865122 -0.09943257
v -0.02893622 0.00900099 -0.10085919
v -0.03170562 0.01276271 -0.09866186
v -0.03075779 0.01689305 -0.09803874
v -0.03081645 0.01985065 -0.09692367
v -0.02629340 0.02120514 -0.09877665
v -0.04056957 0.02360037 -0.06353724
v -0.04169647 0.02199383 -0.06673486
v -0.04196199 0.02048846 -0.05833906
v -0.04098945 0.01670274 -0.02141065
v -0.04331427 0.01773661 -0.05907697
v -0.04153593 0.01487675 -0.01903293
v -0.04381752 0.01598435 -0.05619092
v -0.04485489 0.01476016 -0.06466871
v -0.04586447 0.01217119 -0.07009646
v -0.04603119 0.01123333 -0.07434355
v -0.04684936 0.00779052 -0.07272015
v -0.03426817 0.00980854 -0.09779277
v -0.03399648 0.01339881 -0.09713685
v -0.03355807 0.01627239 -0.09653012
v -0.03468189 0.01820983 -0.09492311
v -0.03090907 0.02308257 -0.09533305
v -0.02872010 0.02360037 -0.09646452
v -0.04266901 0.02003068 -0.06557059
v -0.04117779 0.02309972 -0.07171986
v -0.04306728 0.01945288 -0.07042442
v -0.04071159 0.01554885 -0.01157182
v -0.04368785 0.01781720 -0.06548861
v -0.04486106 0.01508078 -0.06798111
v -0.04528095 0.01404862 -0.07153949
v -0.04525625 0.01370571 -0.07508147
v -0.04600032 0.00982740 -0.07842667
v -0.04664867 0.00760535 -0.07677047
v -0.04692962 0.00608626 -0.07613094
v -0.03729383 0.00608626 -0.09628414
v -0.03686468 0.01009487 -0.09592339
v -0.03595698 0.01442925 -0.09536585
v -0.03682146 0.01581460 -0.09408681
v -0.03536420 0.02000839 -0.09343088
v -0.03352102 0.02213100 -0.09385724
v -0.03062503 0.02360037 -0.09521827
v -0.04132599 0.02256478 -0.07496668
v -0.04286969 0.01978893 -0.07304811
v -0.04415405 0.01683819 -0.07408118
v -0.04420962 0.01685533 -0.07060479
v -0.04409847 0.01642327 -0.07675407
v -0.04484254 0.01372628 -0.07870544
v -0.04524390 0.01106873 -0.08111595
v -0.04633993 0.00680980 -0.08018126
v -0.03782795 0.00608626 -0.09585779
v -0.03769211 0.00695725 -0.09585779
v -0.03943032 0.00896841 -0.09387363
v -0.03809964 0.01189858 -0.09436557
v -0.03798850 0.01602206 -0.09282415
v -0.03802864 0.01831442 -0.09151231
v -0.03670105 0.02155663 -0.09095478
v -0.03432683 0.02328146 -0.09236501
v -0.03394090 0.02360037 -0.09249619
v -0.04055104 0.02360037 -0.07611454
v -0.04136921 0.02190639 -0.07803311
v -0.04272149 0.01967234 -0.07622933
v -0.04294378 0.01847044 -0.07906619
v -0.04358905 0.01600320 -0.08118154
v -0.04324635 0.01519222 -0.08385442
v -0.04470978 0.01093157 -0.08347727
v -0.04589843 0.00618056 -0.08282135
v -0.04641403 0.00608626 -0.08031245
v -0.04160076 0.00760363 -0.09170909
v -0.03960012 0.01250896 -0.09257819
v -0.04068998 0.01481159 -0.08997089
v -0.03875726 0.01890079 -0.09015127
v -0.03880975 0.02002382 -0.08915099
v -0.03679985 0.02360037 -0.08892142
v -0.04143713 0.02082451 -0.08103396
v -0.04199595 0.01865047 -0.08318210
v -0.04200830 0.01601863 -0.08646172
v -0.04321856 0.01315534 -0.08606816
v -0.04458011 0.00927703 -0.08526465
v -0.04125806 0.01130191 -0.09090558
v -0.04243128 0.00608626 -0.09085639
v -0.04322165 0.00866494 -0.08875744
v -0.04240658 0.01241294 -0.08847868
v -0.04033801 0.01830927 -0.08793753
v -0.03920185 0.02151033 -0.08682247
v -0.03971436 0.02360037 -0.08154230
v -0.03977919 0.02308257 -0.08269016
v -0.04084744 0.01998953 -0.08475631
v -0.04414788 0.00839233 -0.08690446
v -0.04480549 0.00608626 -0.08621574
v 0.02378370 0.01784862 -0.10118579
v -0.01232292 0.02204028 -0.10252061
v 0.02097365 0.02005674 -0.10157441
v 0.02202983 0.01792234 -0.10179406
v -0.01409222 0.02262831 -0.10246993
v 0.01283260 0.02354036 -0.10226717
v 0.02331343 0.01548792 -0.10182786
v 0.01899621 0.02286490 -0.10110131
v 0.01731558 0.02226144 -0.10187855
v 0.01844885 0.01990588 -0.10203062
v 0.01270540 0.02359865 -0.10226717
v 0.01486787 0.02359865 -0.10196304
v 0.01573902 0.02166140 -0.10214889
v 0.01788665 -0.02405355 -0.10111353
v 0.01921177 -0.02304168 0.09702965
v 0.01940145 -0.02405355 0.09668029
v 0.01530755 -0.02405355 0.09716551
v -0.02799845 -0.04145378 -0.07273171
v -0.02827618 -0.04125367 -0.07253480
v -0.02889572 -0.04060218 -0.07584647
v -0.03046301 -0.03950862 -0.07058360
v -0.02799845 -0.04109080 -0.07733226
v -0.03169819 -0.03815445 -0.07629400
v -0.03080093 -0.03849415 -0.07933716
v -0.03265955 -0.03747969 -0.07271381
v -0.02799845 -0.04137467 -0.06770156
v -0.02962013 -0.04000188 -0.06517753
v -0.03166129 -0.03821960 -0.06501641
v -0.03346358 -0.03664672 -0.06825649
v -0.03411419 -0.03572068 -0.07665202
v -0.03334123 -0.03590682 -0.08023221
v -0.03100680 -0.03744712 -0.08245192
v -0.03601358 -0.03387324 -0.07360886
v -0.02958128 -0.03962496 -0.06025477
v -0.03315284 -0.03650712 -0.06145414
v -0.03489881 -0.03499473 -0.06598306
v -0.03513381 -0.03449681 -0.07761867
v -0.03496484 -0.03398958 -0.08075133
v -0.03292756 -0.03519949 -0.08352598
v -0.03198951 -0.03517156 -0.08565618
v -0.02930356 -0.03784732 -0.08520866
v -0.02858109 -0.03920149 -0.08340067
v -0.03723130 -0.03244462 -0.07185457
v -0.03742162 -0.03175125 -0.07729646
v -0.02799845 -0.03716326 -0.02620721
v -0.02878113 -0.03740524 -0.03422682
v -0.02989785 -0.03538097 -0.02463192
v -0.03067664 -0.03824752 -0.05647767
v -0.03178171 -0.03328690 -0.02234061
v -0.03459584 -0.03476672 -0.05939553
v -0.03635346 -0.03329621 -0.06544604
v -0.03742357 -0.03108115 -0.08033960
v -0.03604660 -0.03222591 -0.08223711
v -0.03458807 -0.03217007 -0.08592470
v -0.02799845 -0.03956911 -0.08357968
v -0.03190989 -0.03354284 -0.08830553
v -0.02971917 -0.03631167 -0.08733887
v -0.02799845 -0.03840574 -0.08608580
v -0.03911709 -0.02976421 -0.07434280
v -0.03825673 -0.03091362 -0.06653799
v -0.03912292 -0.02987124 -0.07004658
v -0.03954436 -0.02857758 -0.07817360
v -0.02799845 -0.03672118 -0.02228690
v -0.02881997 -0.03506919 -0.01421359
v -0.02799845 -0.03369641 0.00304291
v -0.02975996 -0.03264007 -0.00136072
v -0.03047272 -0.03385463 -0.01661231
v -0.03337813 -0.03158838 -0.02260912
v -0.03129617 -0.03058788 0.00257748
v -0.03686035 -0.03227244 -0.06093501
v -0.03895978 -0.02831698 -0.08186118
v -0.03716332 -0.02959203 -0.08468954
v -0.03641755 -0.02923371 -0.08689135
v -0.03367722 -0.03113699 -0.08886045
v -0.03173316 -0.03171868 -0.09063264
v -0.03008623 -0.03468295 -0.08916476
v -0.02799845 -0.03772633 -0.08728517
v -0.04102425 -0.02685113 -0.07260641
v -0.04115438 -0.02625548 -0.07641931
v -0.03890346 -0.02942916 -0.06046958
v -0.03960068 -0.02886609 -0.06530283
v -0.04108834 -0.02678133 -0.06970646
v -0.04147483 -0.02471052 -0.08014271
v -0.02905109 -0.03228640 0.00664099
v -0.02973277 -0.03101135 0.01118783
v -0.03529306 -0.03001085 -0.02833742
v -0.03523674 -0.03096481 -0.03526508
v -0.03278773 -0.02988986 -0.00476190
v -0.03420741 -0.02991313 -0.01738205
v -0.03117965 -0.02977352 0.00921873
v -0.03265566 -0.02860549 0.00565644
v -0.03571061 -0.02867064 -0.02246591
v -0.03648164 -0.02882886 -0.03143428
v -0.04091161 -0.02462211 -0.08273833
v -0.03897920 -0.02657657 -0.08517286
v -0.03795959 -0.02629736 -0.08771480
v -0.03602912 -0.02736767 -0.08957648
v -0.03341309 -0.02884282 -0.09143819
v -0.02799845 -0.03441305 -0.09158139
v -0.03125928 -0.02948501 -0.09303137
v -0.02995223 -0.03159769 -0.09249433
v -0.04230800 -0.02444993 -0.07387737
v -0.04270030 -0.02382171 -0.07027929
v -0.04324798 -0.02222556 -0.07597177
v -0.04109805 -0.02584132 -0.06014736
v -0.03677101 -0.02672083 -0.01940486
v -0.03792657 -0.02704658 -0.03390460
v -0.03821983 -0.02527825 -0.02504365
v -0.04029402 -0.02649746 -0.05576164
v -0.04175061 -0.02532944 -0.06583986
v -0.04323244 -0.02086674 -0.08053652
v -0.02951331 -0.02854035 0.03009121
v -0.03455894 -0.02802381 -0.00699951
v -0.03077569 -0.02750727 0.02776409
v -0.03251000 -0.02759103 0.01347915
v -0.03380151 -0.02703262 0.00651569
v -0.03600193 -0.02638578 -0.00941614
v -0.04283820 -0.02054565 -0.08284574
v -0.04142627 -0.02173695 -0.08549508
v -0.03978907 -0.02453369 -0.08603210
v -0.03990171 -0.02241170 -0.08809070
v -0.03797707 -0.02431033 -0.08957648
v -0.03585433 -0.02518053 -0.09156349
v -0.03381705 -0.02470587 -0.09387270
v -0.03224587 -0.02686044 -0.09392641
v -0.03023772 -0.02917322 -0.09405173
v -0.02799845 -0.03182105 -0.09378320
v -0.04396851 -0.02108546 -0.07079841
v -0.04420739 -0.02026644 -0.07450390
v -0.04300522 -0.02283982 -0.06576826
v -0.04455891 -0.01887505 -0.07670572
v -0.03988035 -0.02151358 -0.02051471
v -0.04250998 -0.02302596 -0.05966404
v -0.03775373 -0.02456161 -0.01525184
v -0.03866263 -0.02334240 -0.01747156
v -0.03702154 -0.02396597 -0.00390265
v -0.04449288 -0.01739990 -0.08078714
v -0.04506192 -0.01679960 -0.07854951
v -0.02831890 -0.02552023 0.05839257
v -0.02885687 -0.02406369 0.06406716
v -0.03566594 -0.02559469 -0.00093110
v -0.03244785 -0.02637182 0.02182098
v -0.02987649 -0.02333775 0.06098821
v -0.03550087 -0.02504558 0.00404536
v -0.03422489 -0.02517587 0.01455320
v -0.04376459 -0.01746505 -0.08368707
v -0.04255271 -0.02000585 -0.08451052
v -0.04281489 -0.01780475 -0.08605000
v -0.04155834 -0.01900535 -0.08785801
v -0.04065525 -0.01838178 -0.08979129
v -0.03900639 -0.02077368 -0.09070424
v -0.03615730 -0.02225348 -0.09306717
v -0.03400737 -0.02190447 -0.09512577
v -0.03063003 -0.02557607 -0.09577020
v -0.02865101 -0.02897312 -0.09525108
v -0.04527556 -0.01757208 -0.07240950
v -0.04379372 -0.02094585 -0.06449728
v -0.04492015 -0.01863307 -0.06881141
v -0.04578439 -0.01500335 -0.07684892
v -0.04109611 -0.01949862 -0.02386218
v -0.03849950 -0.02147170 -0.00488720
v -0.03971332 -0.02003842 -0.01056180
v -0.04406173 -0.01976387 -0.06100661
v -0.04254493 -0.02096912 -0.04912039
v -0.03798096 -0.02305854 -0.00837789
v -0.03688948 -0.02310507 0.00259538
v -0.04566786 -0.01343047 -0.08059023
v -0.04478614 -0.01498939 -0.08273833
v -0.02875588 -0.02294220 0.07185407
v -0.03220120 -0.02491528 0.03275844
v -0.03111556 -0.02248616 0.05651297
v -0.02956575 -0.02144378 0.07484353
v -0.03543678 -0.02411488 0.01007797
v -0.03381510 -0.02278863 0.03188130
v -0.03502116 -0.02294685 0.02047841
v -0.03178947 -0.02099239 0.05977094
v -0.04457251 -0.01330483 -0.08494014
v -0.04319749 -0.01581306 -0.08669444
v -0.04231382 -0.01406800 -0.08943328
v -0.04074071 -0.01476137 -0.09145609
v -0.03841599 -0.01881456 -0.09245853
v -0.03598834 -0.01940090 -0.09458875
v -0.03506195 -0.01789782 -0.09587762
v -0.03255273 -0.02128091 -0.09641464
v -0.02931327 -0.02397993 -0.09723808
v -0.04589703 -0.01560830 -0.06822067
v -0.04620583 -0.01444958 -0.07192618
v -0.04498035 -0.01768376 -0.06328002
v -0.04556105 -0.01621791 -0.06498061
v -0.04657678 -0.01231829 -0.07521994
v -0.04648550 -0.01124799 -0.07846001
v -0.03969584 -0.01821426 -0.00132492
v -0.04084753 -0.01793970 -0.01333644
v -0.03835384 -0.02068526 0.00093060
v -0.04191569 -0.01686940 -0.02128445
v -0.03259740 -0.01938228 0.06181165
v -0.03342474 -0.01838178 0.05962773
v -0.03586793 -0.02119714 0.02217900
v -0.03700795 -0.02164388 0.00914712
v -0.04558824 -0.01193205 -0.08255932
v -0.02863158 -0.02219764 0.07722435
v -0.03057953 -0.02143447 0.06698502
v -0.03082618 -0.02022456 0.07205097
v -0.02985124 -0.01997793 0.08076873
v -0.04496870 -0.01081056 -0.08533396
v -0.04348686 -0.01347701 -0.08751788
v -0.04213515 -0.00948897 -0.09133078
v -0.04356843 -0.01097808 -0.08852033
v -0.04102232 -0.01079194 -0.09240483
v -0.03914428 -0.01406335 -0.09353259
v -0.03760418 -0.01484513 -0.09474985
v -0.03497261 -0.01533375 -0.09666526
v -0.03185356 -0.01781871 -0.09790042
v -0.02969781 -0.02157407 -0.09791832
v -0.04610873 -0.01331879 -0.06136463
v -0.04658843 -0.01266265 -0.06700342
v -0.04686615 -0.01164353 -0.07156815
v -0.04278576 -0.01488701 -0.02382638
v -0.04549113 -0.01446354 -0.05733692
v -0.04714776 -0.00936798 -0.07452181
v -0.04683314 -0.00853500 -0.07899705
v -0.04613009 -0.00913530 -0.08232661
v -0.03839269 -0.01896812 0.00880700
v -0.03841405 -0.01712534 0.01679082
v -0.03937928 -0.01679494 0.00814467
v -0.04042802 -0.01605039 0.00003555
v -0.03744299 -0.01959169 0.01528714
v -0.04138743 -0.01518484 -0.00769765
v -0.03213129 -0.01851208 0.07045779
v -0.03246145 -0.01694386 0.07554165
v -0.03356846 -0.01623652 0.06900782
v -0.03436084 -0.01832594 0.05108899
v -0.03111556 -0.01811653 0.08076873
v -0.04547365 -0.00795332 -0.08522657
v -0.04441326 -0.00860480 -0.08764318
v -0.04311786 -0.00760430 -0.09027462
v -0.04138355 -0.00606865 -0.09290607
v -0.03952882 -0.00913065 -0.09437394
v -0.03632821 -0.01113630 -0.09661155
v -0.03451621 -0.01048016 -0.09791832
v -0.03257215 -0.01354215 -0.09850904
v -0.02799845 -0.01854000 -0.09963681
v -0.02799845 -0.01948000 -0.09936830
v -0.04360727 -0.01305819 -0.02792570
v -0.04264398 -0.01159234 -0.01059760
v -0.04385198 -0.01057788 -0.02328936
v -0.04647190 -0.01071749 -0.05891220
v -0.04710115 -0.00954481 -0.06544604
v -0.04722156 -0.00971233 -0.06984967
v -0.04252163 -0.01352819 -0.01546665
v -0.04758862 -0.00670153 -0.07119224
v -0.04741383 -0.00616172 -0.07606129
v -0.04686033 -0.00551954 -0.08067973
v -0.04605629 -0.00617568 -0.08397350
v -0.03445795 -0.01630633 0.06025427
v -0.03462497 -0.01451939 0.06687761
v -0.03548921 -0.01469157 0.05731851
v -0.03625052 -0.01244858 0.05858948
v -0.03995415 -0.01458454 0.01070450
v -0.04100289 -0.01390513 0.00166453
v -0.03231773 -0.01611088 0.08076873
v -0.03311206 -0.01452869 0.08076873
v -0.03355486 -0.01395166 0.07933666
v -0.04537266 -0.00468657 -0.08635432
v -0.04459387 -0.00602677 -0.08789381
v -0.04402677 -0.00378379 -0.08934377
v -0.04260708 -0.00364419 -0.09159929
v -0.04146512 -0.00166180 -0.09304927
v -0.03959680 -0.00605004 -0.09476776
v -0.03784889 -0.00823253 -0.09594922
v -0.03596891 -0.00625014 -0.09754241
v -0.03324801 -0.00606865 -0.09917139
v -0.02935988 -0.00951223 -0.10101518
v -0.04230800 -0.00994501 -0.00182615
v -0.04321497 -0.00957738 -0.01229819
v -0.04170788 -0.01212284 -0.00069839
v -0.04393549 -0.00823253 -0.01874252
v -0.04687004 -0.00892124 -0.06011156
v -0.04736527 -0.00748797 -0.06517753
v -0.04773816 -0.00302527 -0.07344775
v -0.04760027 -0.00465399 -0.06483740
v -0.04775953 -0.00311834 -0.06718243
v -0.04783915 -0.00228537 -0.06963486
v -0.04754589 -0.00380706 -0.07618660
v -0.04656707 -0.00245755 -0.08272043
v -0.04727012 -0.00211319 -0.07899705
v -0.04590286 -0.00185725 -0.08511916
v -0.03470071 -0.01294651 0.07255221
v -0.03570867 -0.01142016 0.06830969
v -0.04131363 -0.01187621 0.00458239
v -0.03670109 -0.01026610 0.06148944
v -0.03632238 -0.00924699 0.06907942
v -0.03348883 -0.01374691 0.08076873
v -0.04506969 -0.00220626 -0.08730307
v -0.04402095 -0.00020061 -0.08937957
v -0.04307708 -0.00133140 -0.09100857
v -0.04070963 0.00101861 -0.09383690
v -0.03947250 -0.00186655 -0.09505417
v -0.04272361 0.00203772 -0.09129498
v -0.03763331 -0.00334171 -0.09653994
v -0.03479588 -0.00352785 -0.09845535
v -0.02959876 -0.00223883 -0.10155220
v -0.02832862 -0.00820926 -0.10173121
v -0.04256630 -0.00775322 -0.00023296
v -0.03713613 -0.00766945 0.06440728
v -0.03664672 -0.00618499 0.07378737
v -0.04429284 -0.00590113 -0.01949436
v -0.04336257 -0.00713896 -0.00918343
v -0.04708173 -0.00605004 -0.05850048
v -0.04776729 0.00066029 -0.07060150
v -0.04768378 0.00106049 -0.07303602
v -0.04756531 0.00020425 -0.07570326
v -0.04713028 -0.00348131 -0.05694310
v -0.04742742 -0.00068922 -0.06079179
v -0.04770709 -0.00003773 -0.06609047
v -0.04656124 0.00087900 -0.08245192
v -0.04714582 0.00275901 -0.07853162
v -0.04677099 0.00248446 -0.08094824
v -0.04594947 0.00142346 -0.08463583
v -0.04505027 0.00080920 -0.08717776
v -0.03440357 -0.01146205 0.08076873
v -0.03494542 -0.01067561 0.07860272
v -0.03530277 -0.01077333 0.07464661
v -0.03497455 -0.00995432 0.08076873
v -0.03540764 -0.00853035 0.08076873
v -0.03594173 -0.00754381 0.07808359
v -0.04334509 0.00442031 -0.08991661
v -0.04416661 0.00417833 -0.08846663
v -0.04171177 0.00351288 -0.09242273
v -0.04027848 0.00568140 -0.09369370
v -0.03836744 0.00266594 -0.09584182
v -0.03531248 -0.00011219 -0.09816893
v -0.03027462 0.00430397 -0.10080037
v -0.02823928 0.00472278 -0.10187442
v -0.02848787 0.00001345 -0.10199972
v -0.02864324 -0.00469588 -0.10185653
v -0.03411808 0.00301495 -0.09874175
v -0.04311398 -0.00598489 -0.00404586
v -0.03716721 -0.00515192 0.06977756
v -0.03680015 -0.00318815 0.07786878
v -0.03624470 -0.00502162 0.08076873
v -0.03626218 -0.00493786 0.08076873
v -0.04456085 -0.00416538 -0.02132026
v -0.04376847 -0.00453300 -0.01086611
v -0.04745461 0.00417833 -0.07045830
v -0.04751870 0.00262406 -0.06553555
v -0.04732838 0.00390377 -0.07521994
v -0.04449677 -0.00255992 -0.01935115
v -0.04715747 0.00103722 -0.05803505
v -0.04441519 -0.00068922 -0.01809809
v -0.04465019 0.00052069 -0.02192889
v -0.04648550 0.00608626 -0.07989208
v -0.04527556 0.00444358 -0.08570988
v -0.03479005 -0.01046620 0.08076873
v -0.03572615 -0.00736232 0.08076873
v -0.03087473 0.00608626 -0.10024545
v -0.04329653 0.00608626 -0.08946908
v -0.04164185 0.00608626 -0.09197521
v -0.04376653 0.00608626 -0.08859194
v -0.03632627 0.00397823 -0.09729179
v -0.03411225 0.00608626 -0.09845535
v -0.02799845 0.00511368 -0.10192813
v -0.02799845 0.00121871 -0.10208923
v -0.02799845 -0.00025179 -0.10210714
v -0.04311980 -0.00399320 -0.00214836
v -0.03742162 -0.00181071 0.07174666
v -0.03647775 -0.00358834 0.08076873
v -0.03659816 -0.00268557 0.08076873
v -0.03678849 -0.00054496 0.08076873
v -0.03685841 -0.00034952 0.08014219
v -0.04347521 -0.00242497 -0.00565694
v -0.04415689 -0.00237844 -0.01466111
v -0.04713611 0.00608626 -0.07163976
v -0.04712446 0.00608626 -0.06650220
v -0.04681177 0.00330812 -0.05570794
v -0.04684090 0.00574190 -0.06046958
v -0.04712057 0.00608626 -0.06635898
v -0.04706036 0.00608626 -0.07380577
v -0.04459970 0.00293585 -0.02348627
v -0.04360727 -0.00073110 -0.00721432
v -0.04366748 0.00109772 -0.00877171
v -0.04407338 0.00312198 -0.01630799
v -0.04504056 0.00608626 -0.08556668
v -0.03660399 0.00570002 0.07947987
v -0.03728179 0.00499734 0.07246271
v -0.03697494 0.00608626 0.07416328
v -0.03422683 0.00608626 -0.09838374
v -0.03682928 0.00145604 0.08076873
v -0.03697687 0.00157237 0.07919345
v -0.04449288 0.00457853 -0.02475723
v -0.04636509 0.00549992 -0.05318391
v -0.04675351 0.00608626 -0.06011156
v -0.04374711 0.00608626 -0.01731045
v -0.04339947 0.00297773 -0.00705322
v -0.03709340 0.00359664 0.07645461
v -0.04350823 0.00478793 -0.01120623
v -0.03674382 0.00345704 0.08076873
v -0.04358397 0.00608626 -0.01501913
v 0.02382524 -0.01772377 0.09703620
v 0.02527919 -0.01723899 0.09685925
v 0.02592231 -0.01496682 0.09699339
v 0.02551500 -0.01371696 0.09699625
v 0.02382524 -0.01702464 0.09703335
v 0.02382524 -0.01833056 0.09697056
v 0.02382524 -0.01936607 0.09675652
v 0.02573820 -0.01832397 0.09624566
v 0.02690338 -0.01599573 0.09651108
v 0.02827284 -0.01278368 0.09666234
v 0.02943297 -0.00776115 0.09671656
v 0.02795759 -0.00761275 0.09681930
v 0.02382524 -0.02005860 0.09649967
v 0.02382524 -0.02073465 0.09615434
v 0.02582017 -0.01953096 0.09501563
v 0.02776213 -0.01620349 0.09560924
v 0.02906350 -0.01313984 0.09600594
v 0.03005718 -0.00864166 0.09647684
v 0.03099537 -0.00123153 0.09647112
v 0.02919086 -0.00138323 0.09660526
v 0.02966248 0.00370526 0.09643403
v 0.02810513 -0.01765781 0.09299221
v 0.02382524 -0.02273641 0.09331470
v 0.02392612 -0.02271332 0.09315773
v 0.02610515 -0.02045434 0.09276960
v 0.02953890 -0.01517787 0.09320340
v 0.02965491 -0.01317612 0.09517545
v 0.03095502 -0.00859219 0.09578333
v 0.03174568 -0.00427209 0.09596027
v 0.03185412 0.00080650 0.09606587
v 0.03131693 0.00388334 0.09614293
v 0.02913664 -0.01741378 0.08949902
v 0.02795128 -0.01924735 0.08905951
v 0.02457554 -0.02295406 0.09006409
v 0.02639266 -0.02118315 0.08924502
v 0.03015679 -0.01571212 0.08942197
v 0.03098024 -0.01343994 0.09107152
v 0.03132954 -0.01137223 0.09311778
v 0.03193105 -0.00876368 0.09394827
v 0.03266874 -0.00516249 0.09430216
v 0.03237492 -0.00213842 0.09555502
v 0.03250859 0.00404823 0.09523823
v 0.03145186 0.00608296 0.09586609
v 0.03053636 -0.01623317 0.08532374
v 0.02952503 -0.01899342 0.08044355
v 0.02754776 -0.02178005 0.08021238
v 0.02501186 -0.02346522 0.08569190
v 0.02628800 -0.02263088 0.08334598
v 0.03118074 -0.01459087 0.08685915
v 0.03245058 -0.01168222 0.08663654
v 0.03245689 -0.00982557 0.09067483
v 0.03319710 -0.00609577 0.09194482
v 0.03338499 -0.00265288 0.09322052
v 0.03288311 -0.00039389 0.09490147
v 0.03325511 0.00209923 0.09400535
v 0.03258173 0.00604669 0.09482156
v 0.03144303 -0.01826131 0.07000110
v 0.03145942 -0.01606168 0.07935336
v 0.02972049 -0.01978489 0.07545777
v 0.02656543 -0.02392361 0.07469577
v 0.02793867 -0.02220546 0.07527227
v 0.02962591 -0.02114028 0.06924195
v 0.02500303 -0.02455019 0.08054915
v 0.03204454 -0.01363781 0.08385683
v 0.03394489 -0.01294198 0.07030075
v 0.03471537 -0.00992780 0.07272943
v 0.03335725 -0.00931771 0.08570902
v 0.03360441 -0.00663661 0.08894821
v 0.03373178 -0.00389944 0.09121707
v 0.03379609 0.00004801 0.09226446
v 0.03337238 0.00400206 0.09342029
v 0.03268135 -0.01587041 0.07046057
v 0.03249850 -0.01514160 0.07471004
v 0.02530945 -0.02542740 0.07352853
v 0.02661082 -0.02498550 0.06788064
v 0.02797020 -0.02345202 0.06788064
v 0.02833841 -0.02301672 0.06788064
v 0.02382524 -0.02571761 0.07983281
v 0.02382524 -0.02603089 0.07792355
v 0.03495496 -0.00715766 0.07684763
v 0.03428536 -0.00667618 0.08365991
v 0.03445812 -0.00383019 0.08638540
v 0.03457287 -0.00168992 0.08704180
v 0.03424375 -0.00010699 0.08985861
v 0.03390075 0.00335899 0.09149675
v 0.03393732 0.00583563 0.09001558
v 0.02382524 -0.02727746 0.06999823
v 0.02382524 -0.02661790 0.07424200
v 0.02612155 -0.02549665 0.06788064
v 0.03562204 -0.00637608 0.07211585
v 0.03508232 -0.00471729 0.07986706
v 0.03534840 -0.00291340 0.07959023
v 0.03566743 0.00020960 0.07831454
v 0.03509998 0.00166063 0.08340021
v 0.03437111 0.00271262 0.08898817
v 0.03453378 0.00497161 0.08650526
v 0.03585659 0.00588839 0.07350855
v 0.03627272 -0.00332563 0.07041776
v 0.03633577 -0.00051261 0.07169347
v 0.03619958 0.00326665 0.07245831
v 0.03529418 0.00360303 0.08094299
v 0.03580740 0.00608296 0.07364269
v 0.03543760 0.00972110 0.07006970
v 0.03520249 0.00847805 0.07527396
v 0.03482956 0.00720072 0.08102310
v 0.03468160 0.00608626 0.08376513
v 0.03403910 0.01268898 0.07557438
v 0.03424786 0.01063153 0.07947390
v 0.03340876 0.00900956 0.08995605
v 0.03407761 0.00687495 0.08786198
v 0.03280680 0.01527452 0.07805723
v 0.03304799 0.01324450 0.08299936
v 0.03371481 0.01037606 0.08454563
v 0.03321419 0.00990799 0.08983530
v 0.03354253 0.00814372 0.09017400
v 0.03210146 0.00731559 0.09533114
v 0.03389520 0.00608626 0.09003263
v 0.03215822 0.01772632 0.07375127
v 0.03201836 0.01604778 0.08207455
v 0.03135762 0.01583689 0.08764108
v 0.03162314 0.01453555 0.08915200
v 0.03292232 0.01079784 0.08972338
v 0.03001790 0.01520937 0.09423845
v 0.03093807 0.01143393 0.09505134
v 0.03061784 0.01223291 0.09511319
v 0.03102117 0.01061781 0.09528696
v 0.03156841 0.00800655 0.09562273
v 0.02938350 0.02340834 0.06722458
v 0.02914839 0.02182410 0.07890546
v 0.03064216 0.01911511 0.08085227
v 0.03071715 0.01817725 0.08459864
v 0.02997331 0.01843443 0.08818890
v 0.02997736 0.01763202 0.09048326
v 0.03001790 0.01684676 0.09210609
v 0.02955173 0.01679704 0.09358166
v 0.02834780 0.01830927 0.09438572
v 0.02923352 0.01574945 0.09500422
v 0.03027936 0.01368514 0.09485401
v 0.02999358 0.01262554 0.09555203
v 0.03077796 0.00937476 0.09578177
v 0.03110022 0.00608626 0.09599971
v 0.02966118 0.02197498 0.07360106
v 0.02837415 0.02223216 0.08269601
v 0.03059757 0.01991923 0.07716187
v 0.02913218 0.02039073 0.08658374
v 0.02826470 0.02050732 0.09076305
v 0.02897814 0.01845501 0.09269220
v 0.02647705 0.02178809 0.09359639
v 0.02589738 0.02129087 0.09494237
v 0.02684188 0.01926599 0.09535176
v 0.02797689 0.01630496 0.09575231
v 0.02968347 0.00921702 0.09615877
v 0.03064216 0.00608626 0.09614992
v 0.02719657 0.02302771 0.08706676
v 0.02650340 0.01580775 0.09604684
v 0.02405703 0.01834356 0.09593198
v 0.02717833 0.02173494 0.09176444
v 0.02463062 0.02360037 0.09417955
v 0.02447456 0.02360037 0.09439750
v 0.02536433 0.02360037 0.09284829
v 0.02383003 0.02360037 0.09500422
v 0.02563592 0.01947688 0.09577882
v 0.02803364 0.01339709 0.09609396
v 0.02550215 0.02360037 0.09246247
v 0.01951815 -0.04703504 -0.07023112
v 0.02030231 -0.04656093 -0.07386054
v 0.02289074 -0.04542390 -0.06896956
v 0.02027633 -0.04662806 -0.06768859
v 0.02251081 -0.04557075 -0.07263780
v 0.01947258 -0.04689239 -0.06656289
v 0.02083601 -0.04611619 -0.07644188
v 0.02095740 -0.04620849 -0.06576714
v 0.02190895 -0.04518894 -0.07952785
v 0.02161633 -0.04566725 -0.06303052
v 0.01954754 -0.04647702 -0.06159429
v 0.01947258 -0.04588543 -0.08144931
v 0.02068991 -0.04508406 -0.08247797
v 0.02382398 -0.04385472 -0.08096409
v 0.02284304 -0.04479036 -0.06054622
v 0.01989255 -0.04580571 -0.05683917
v 0.01986742 -0.04448827 -0.08521458
v 0.02341167 -0.04296944 -0.08455469
v 0.02221819 -0.04433303 -0.05383083
v 0.02138547 -0.04093453 -0.02091380
v 0.02136545 -0.04197087 -0.02970591
v 0.01947258 -0.04331348 -0.08789298
v 0.01963188 -0.04322118 -0.08793179
v 0.02298147 -0.04188275 -0.08725249
v 0.02190469 -0.03966744 -0.01264572
v 0.02079810 -0.03915977 -0.00336840
v 0.01947258 -0.04316663 -0.08812588
v 0.02242349 -0.04051077 -0.08979502
v 0.02382398 -0.04108139 -0.08773771
v 0.02382398 -0.03926047 -0.01887589
v 0.02338995 -0.03969681 -0.02023450
v 0.02363231 -0.03793883 -0.00707545
v 0.02110648 -0.03753604 0.00835441
v 0.01973794 -0.03514032 0.03403203
v 0.01947258 -0.04127438 -0.09066841
v 0.02185827 -0.03958353 -0.09125067
v 0.02292014 -0.03347044 0.03102369
v 0.02162485 -0.03503123 0.02568632
v 0.02051868 -0.03362988 0.04202838
v 0.01970770 -0.03286207 0.05192678
v 0.02192514 -0.03810666 -0.09270632
v 0.02382398 -0.03780876 -0.09181352
v 0.02293802 -0.03226209 0.03993225
v 0.02157970 -0.03160337 0.05231496
v 0.01993472 -0.03141456 0.06153405
v 0.01947258 -0.03856398 -0.09344384
v 0.01947258 -0.03788428 -0.09402610
v 0.02027164 -0.03738500 -0.09408433
v 0.02261516 -0.03648712 -0.09369615
v 0.02382398 -0.02962301 0.05443050
v 0.02351177 -0.03079780 0.04754043
v 0.02382398 -0.02935869 0.05637136
v 0.02219220 -0.02961462 0.06326142
v 0.02051059 -0.02916569 0.07480955
v 0.01969918 -0.03045375 0.06943337
v 0.01947258 -0.03735563 -0.09441428
v 0.02240049 -0.03525779 -0.09468599
v 0.02249079 -0.02768461 0.07486778
v 0.02031168 -0.02788601 0.08327172
v 0.01947258 -0.03519905 -0.09583110
v 0.01976179 -0.03473753 -0.09600578
v 0.02154477 -0.03354177 -0.09606401
v 0.02382398 -0.03391099 -0.09488008
v 0.02321403 -0.02803705 0.06854057
v 0.02328943 -0.02624550 0.07948703
v 0.02049824 -0.02667346 0.08930780
v 0.02256064 -0.02973629 -0.09759729
v 0.02382398 -0.02489869 0.08420333
v 0.02314034 -0.02509589 0.08633828
v 0.02256362 -0.02458401 0.09124867
v 0.02119806 -0.02519658 0.09309248
v 0.02154094 -0.02456303 -0.10041154
v 0.02382398 -0.02450010 0.08610538
v 0.02382398 -0.02285540 0.09301484
v 0.02382398 -0.02280924 0.09315071
v 0.02281152 -0.02296868 0.09487808
v 0.02005739 -0.02505393 0.09536329
v 0.01982653 -0.02419382 -0.10097439
v 0.02382398 -0.01989745 -0.10099380
v 0.02382398 -0.02224702 -0.10035332
v 0.02345086 -0.02294770 -0.10025627
v 0.02382398 -0.02305679 -0.10004278
v 0.02382398 -0.02095895 0.09594555
v 0.02341763 -0.02125265 0.09612023
v 0.02069545 -0.02395466 0.09600378
v 0.01947258 -0.02484834 0.09596496
v 0.01947258 -0.02538119 0.09544092
v 0.01975923 -0.02279246 -0.10109084
v 0.02382398 -0.01792129 -0.10116848
v 0.02257555 -0.02119391 0.09666367
v 0.01947258 -0.02410151 0.09664426
v 0.02273996 -0.01915062 0.09705184
v 0.01947258 -0.02290574 0.09701303
v 0.01947258 -0.02140370 0.09711006
v 0.01947258 -0.02276309 0.09703244
v 0.02382646 -0.04490867 -0.06874870
v 0.02382646 -0.04489868 -0.07020855
v 0.02540472 -0.04401016 -0.07231539
v 0.02464785 -0.04444943 -0.06856622
v 0.02423343 -0.04444943 -0.06460137
v 0.02382646 -0.04486374 -0.07249787
v 0.02382646 -0.04469901 -0.07556689
v 0.02389842 -0.04464910 -0.07573278
v 0.02743710 -0.04263746 -0.07404068
v 0.02686883 -0.04314660 -0.07022514
v 0.02707480 -0.04292697 -0.06801877
v 0.02617151 -0.04327140 -0.06450184
v 0.02496797 -0.04361582 -0.06065313
v 0.02382646 -0.04424977 -0.06058677
v 0.02382646 -0.04454926 -0.06340695
v 0.02382646 -0.04463911 -0.06435254
v 0.02382646 -0.04468404 -0.07574937
v 0.02382646 -0.04466907 -0.07588209
v 0.02519131 -0.04362581 -0.07797234
v 0.02762073 -0.04222814 -0.07722582
v 0.02942233 -0.04133463 -0.07195043
v 0.02911958 -0.04126973 -0.07621387
v 0.03036780 -0.04056591 -0.06820125
v 0.02830068 -0.04189369 -0.06503270
v 0.02736762 -0.04170900 -0.05760070
v 0.02486622 -0.03820984 -0.01562981
v 0.02446173 -0.04340617 -0.08145609
v 0.02674475 -0.04227805 -0.08037779
v 0.02968290 -0.04053596 -0.07866909
v 0.03259374 -0.03878388 -0.07117073
v 0.03138275 -0.03954761 -0.07571620
v 0.03302305 -0.03827972 -0.06737179
v 0.03219918 -0.03872398 -0.06397098
v 0.03007250 -0.04042614 -0.06335718
v 0.02875728 -0.04107007 -0.06043747
v 0.02635515 -0.03692698 -0.01383817
v 0.02458829 -0.03510003 0.00973520
v 0.02382646 -0.04369070 -0.08162198
v 0.02382646 -0.04273729 -0.08450852
v 0.02650404 -0.04123480 -0.08419332
v 0.02850168 -0.04068571 -0.08177128
v 0.03277986 -0.03811999 -0.07774009
v 0.03142742 -0.03879387 -0.08034460
v 0.03481224 -0.03669237 -0.06909707
v 0.03360125 -0.03780052 -0.07341029
v 0.03533833 -0.03592365 -0.06607782
v 0.03497106 -0.03587374 -0.06222911
v 0.03374022 -0.03658256 -0.05847993
v 0.03165820 -0.03882382 -0.06086878
v 0.03046706 -0.03908338 -0.05531138
v 0.02825849 -0.03836957 -0.03648254
v 0.02914936 -0.03668738 -0.02883488
v 0.02886647 -0.03518988 -0.01576253
v 0.02692342 -0.03561916 -0.00733517
v 0.02575710 -0.03486042 0.00505702
v 0.02382646 -0.04172897 -0.08653241
v 0.02744951 -0.03955260 -0.08630016
v 0.02982186 -0.03846442 -0.08493984
v 0.03058866 -0.03888871 -0.08240168
v 0.03441519 -0.03624811 -0.07959809
v 0.03468072 -0.03659254 -0.07560007
v 0.03269797 -0.03726641 -0.08185422
v 0.03712007 -0.03418156 -0.06863257
v 0.03570560 -0.03572898 -0.07263059
v 0.03719452 -0.03413164 -0.07166841
v 0.03678010 -0.03399188 -0.06282632
v 0.03539540 -0.03451101 -0.05595836
v 0.03390400 -0.03181051 -0.02641285
v 0.03228107 -0.03364745 -0.02740820
v 0.03189643 -0.03765577 -0.05380175
v 0.03095593 -0.03350769 -0.01732192
v 0.03062588 -0.03518988 -0.02724231
v 0.03030576 -0.03269404 -0.00740153
v 0.02877713 -0.03460585 -0.01108435
v 0.02680183 -0.03320818 0.01094622
v 0.02740980 -0.03397191 0.00180552
v 0.02392076 -0.02925977 0.05655015
v 0.02382646 -0.04144444 -0.08707985
v 0.02491586 -0.04003679 -0.08834064
v 0.02853394 -0.03781550 -0.08779319
v 0.03185921 -0.03701184 -0.08442557
v 0.03149690 -0.03511001 -0.08810839
v 0.03282453 -0.03507507 -0.08631675
v 0.03586938 -0.03497025 -0.07853638
v 0.03473531 -0.03535460 -0.08165516
v 0.03847003 -0.03239454 -0.07543418
v 0.03760894 -0.03309338 -0.07808846
v 0.03409011 -0.03500019 -0.08417673
v 0.03907305 -0.03184546 -0.07151911
v 0.04009792 -0.03040786 -0.06853304
v 0.03837077 -0.03245444 -0.06599487
v 0.03934850 -0.03051268 -0.06125034
v 0.03711015 -0.03264412 -0.05667170
v 0.03496113 -0.03125644 -0.03067629
v 0.03311238 -0.03162083 -0.01942876
v 0.03320917 -0.03015328 -0.01048714
v 0.03208751 -0.03149604 -0.01125024
v 0.03067055 -0.03075727 0.00313267
v 0.02912207 -0.03169571 0.00714727
v 0.02674227 -0.03076227 0.02851427
v 0.02597547 -0.02731302 0.05736303
v 0.02382646 -0.02760254 0.06788064
v 0.02382646 -0.02927974 0.05691512
v 0.02382646 -0.04024145 -0.08898762
v 0.02580425 -0.03811500 -0.09013228
v 0.02811952 -0.03625810 -0.09021523
v 0.03380722 -0.03300852 -0.08782637
v 0.02962582 -0.03447607 -0.09074609
v 0.03294860 -0.03209005 -0.08990003
v 0.03601082 -0.03174064 -0.08613426
v 0.03737567 -0.03256925 -0.08120725
v 0.03661384 -0.03248939 -0.08362928
v 0.04070094 -0.02939954 -0.07530146
v 0.03951476 -0.03056759 -0.07866909
v 0.04109054 -0.02903016 -0.07161864
v 0.04245787 -0.02681884 -0.06946204
v 0.04098880 -0.02879555 -0.06543083
v 0.04104587 -0.02793698 -0.06060336
v 0.03785461 -0.02793698 -0.03347988
v 0.03650713 -0.02689372 -0.01602796
v 0.03606046 -0.02883548 -0.02399081
v 0.03605549 -0.03092699 -0.03726224
v 0.03465590 -0.02987375 -0.01944535
v 0.03509762 -0.02827142 -0.01292576
v 0.02956626 -0.02354930 0.05628473
v 0.02799545 -0.02560088 0.05487464
v 0.02663556 -0.02554098 0.06429736
v 0.02382646 -0.03884877 -0.09069632
v 0.02477441 -0.03694695 -0.09207323
v 0.02719143 -0.03484046 -0.09232207
v 0.03573289 -0.03040786 -0.08830746
v 0.03015439 -0.03214995 -0.09235525
v 0.03229596 -0.03099687 -0.09152579
v 0.03416456 -0.02912500 -0.09129354
v 0.03625898 -0.02779222 -0.09018205
v 0.03786702 -0.02920986 -0.08638310
v 0.03873556 -0.02904513 -0.08490666
v 0.03954454 -0.02933465 -0.08223578
v 0.03998129 -0.02957425 -0.07988010
v 0.04247276 -0.02666909 -0.07511898
v 0.04180522 -0.02732300 -0.07777327
v 0.04300133 -0.02585545 -0.07239833
v 0.04431902 -0.02330471 -0.07000948
v 0.04397905 -0.02378391 -0.06702341
v 0.04231146 -0.02681884 -0.06664186
v 0.04193923 -0.02686377 -0.06254430
v 0.03817473 -0.02521652 -0.02067295
v 0.03758164 -0.02683881 -0.02473733
v 0.03705059 -0.02471735 -0.00844665
v 0.03574530 -0.02647442 -0.00748448
v 0.03054895 -0.02138790 0.06094632
v 0.02977720 -0.02118325 0.06788064
v 0.02846942 -0.02327975 0.06545860
v 0.02382646 -0.03733630 -0.09228889
v 0.02382646 -0.03674728 -0.09278657
v 0.02382646 -0.03573397 -0.09363262
v 0.02501015 -0.03500019 -0.09354967
v 0.02760088 -0.03188040 -0.09421324
v 0.02959604 -0.03069238 -0.09378193
v 0.03798365 -0.02727309 -0.08842358
v 0.03209247 -0.02884546 -0.09323448
v 0.03515469 -0.02648440 -0.09223912
v 0.03771812 -0.02424813 -0.09119400
v 0.03861893 -0.02527642 -0.08938576
v 0.04014259 -0.02681385 -0.08512232
v 0.03958425 -0.02631968 -0.08686419
v 0.04139081 -0.02716826 -0.08065981
v 0.04116995 -0.02631469 -0.08324773
v 0.04254472 -0.02563582 -0.07944878
v 0.04407584 -0.02306511 -0.07823776
v 0.04378797 -0.02413332 -0.07560007
v 0.04540098 -0.02078890 -0.06806853
v 0.04520990 -0.02126311 -0.07437246
v 0.04391205 -0.02333466 -0.06319129
v 0.04300877 -0.02531635 -0.06456820
v 0.04295170 -0.02469239 -0.06068630
v 0.03994407 -0.02271070 -0.02336042
v 0.03849237 -0.02405845 -0.01717262
v 0.03850477 -0.02284048 -0.01111753
v 0.03759901 -0.02235130 -0.00111419
v 0.03579741 -0.02315496 0.00980156
v 0.03628876 -0.02444780 -0.00089853
v 0.03134553 -0.02124315 0.05557139
v 0.03160609 -0.01842784 0.06788064
v 0.02472974 -0.03305344 -0.09499294
v 0.02480667 -0.03118157 -0.09602148
v 0.02803764 -0.02844114 -0.09588876
v 0.03039758 -0.02804180 -0.09481046
v 0.03187410 -0.02578058 -0.09504271
v 0.03478495 -0.02431802 -0.09376533
v 0.03787943 -0.02189706 -0.09240501
v 0.03986466 -0.02221153 -0.08999956
v 0.04084983 -0.02315496 -0.08784296
v 0.04158685 -0.02419323 -0.08527162
v 0.04286484 -0.02440287 -0.08105795
v 0.04344800 -0.02215163 -0.08306525
v 0.04431902 -0.02141786 -0.08104136
v 0.04542083 -0.01966079 -0.07906723
v 0.04611566 -0.01864748 -0.07671156
v 0.04585510 -0.01971070 -0.06969429
v 0.04657475 -0.01715996 -0.06513223
v 0.04535879 -0.02024980 -0.06420323
v 0.04619011 -0.01890704 -0.07287943
v 0.04472103 -0.02044947 -0.05861265
v 0.04085231 -0.01891703 -0.01440221
v 0.04090194 -0.01986045 -0.01898085
v 0.04096398 -0.02171736 -0.02810495
v 0.03964877 -0.02160754 -0.01528144
v 0.03864622 -0.02118325 -0.00453158
v 0.03748982 -0.02113832 0.00567083
v 0.03232326 -0.01925646 0.05791048
v 0.03183687 -0.01800854 0.06788064
v 0.03187410 -0.01869739 0.06434712
v 0.03654188 -0.02053932 0.01647045
v 0.02382646 -0.03189038 -0.09603807
v 0.02382646 -0.03054762 -0.09671822
v 0.02509701 -0.02832134 -0.09726568
v 0.02760584 -0.02624480 -0.09706660
v 0.02910718 -0.02430803 -0.09709978
v 0.03218429 -0.02181220 -0.09643621
v 0.03367321 -0.02278058 -0.09522519
v 0.03592149 -0.02042951 -0.09462798
v 0.03867848 -0.01896694 -0.09301882
v 0.04050241 -0.01913167 -0.09102810
v 0.04192682 -0.02016494 -0.08847335
v 0.04313037 -0.02106345 -0.08525503
v 0.04522230 -0.01851270 -0.08211966
v 0.04690231 -0.01584216 -0.07800552
v 0.04598166 -0.01673067 -0.08152244
v 0.04735892 -0.01501853 -0.07528487
v 0.04723980 -0.01554266 -0.06836715
v 0.04726462 -0.01452935 -0.06400417
v 0.04609829 -0.01733966 -0.06048723
v 0.04254968 -0.01676062 -0.02236506
v 0.04175311 -0.01741952 -0.01687401
v 0.04730432 -0.01550272 -0.07213291
v 0.04197397 -0.01866744 -0.02423965
v 0.03972321 -0.01890704 -0.00400073
v 0.04042301 -0.01657094 -0.00108101
v 0.03897379 -0.01805846 0.00640075
v 0.03723174 -0.01874232 0.01872659
v 0.03301809 -0.01577227 0.06788064
v 0.03278979 -0.01738958 0.06270478
v 0.04022945 0.00399974 0.03191507
v 0.04015996 0.00602137 0.03023955
v 0.02516649 -0.01972568 -0.10068306
v 0.03398589 -0.01768409 -0.09676799
v 0.02715917 -0.01843783 -0.10011902
v 0.03068544 -0.02001520 -0.09777994
v 0.03891423 -0.01633633 -0.09379852
v 0.03643517 -0.01747943 -0.09529155
v 0.04048008 -0.01476396 -0.09288611
v 0.04203601 -0.01537793 -0.09087880
v 0.04223701 -0.01756429 -0.08961801
v 0.04377308 -0.01782385 -0.08679784
v 0.04504612 -0.01636129 -0.08500619
v 0.04670627 -0.01440955 -0.08140632
v 0.04761700 -0.01288210 -0.07845342
v 0.04825475 -0.01159424 -0.07175136
v 0.04824730 -0.01059092 -0.07677791
v 0.04783289 -0.01294200 -0.06682434
v 0.04629185 -0.01568742 -0.05726891
v 0.04760459 -0.01081055 -0.05834722
v 0.04703383 -0.01335630 -0.05826427
v 0.04403365 -0.01163917 -0.02136970
v 0.04316759 -0.01373567 -0.01816797
v 0.04234124 -0.01525813 -0.01475058
v 0.04134366 -0.01683051 -0.01073597
v 0.03992173 -0.01494865 0.00955272
v 0.03892167 -0.01624149 0.01393229
v 0.03809036 -0.01771902 0.01552486
v 0.03387174 -0.01376562 0.06788064
v 0.02742966 -0.01209840 -0.10124710
v 0.02535261 -0.01609174 -0.10118074
v 0.04059920 0.00279675 0.02916125
v 0.04222957 0.00486330 0.00981815
v 0.04078035 0.00514283 0.02484804
v 0.02425825 -0.01942618 -0.10098168
v 0.02701028 -0.01529307 -0.10101485
v 0.02736265 -0.01581720 -0.10081578
v 0.03547481 -0.01333135 -0.09695048
v 0.03685207 -0.01580722 -0.09550721
v 0.02924614 -0.01208343 -0.10078260
v 0.03892167 -0.01349607 -0.09459480
v 0.04008304 -0.01114998 -0.09414689
v 0.04163400 -0.01129974 -0.09267044
v 0.04247772 -0.01284216 -0.09131012
v 0.04405350 -0.01348110 -0.08878855
v 0.04470366 -0.01441454 -0.08717939
v 0.04637126 -0.01249774 -0.08419332
v 0.04747554 -0.01204849 -0.08044414
v 0.04869894 -0.00892370 -0.07352641
v 0.04834161 -0.01053601 -0.06717271
v 0.04856246 -0.00785548 -0.07775668
v 0.04841357 -0.00875398 -0.06390463
v 0.04510319 -0.00803019 -0.02530137
v 0.04416765 -0.00859425 -0.01574594
v 0.04468878 -0.00955265 -0.02355949
v 0.04339341 -0.01062586 -0.01184746
v 0.04254472 -0.01305181 -0.00969085
v 0.04078531 -0.01376562 0.00545517
v 0.04134862 -0.01477394 -0.00348646
v 0.03979766 -0.01347111 0.01544191
v 0.03424397 -0.01285215 0.06788064
v 0.02849176 0.00518776 -0.10154571
v 0.02895332 -0.00604350 -0.10134663
v 0.02957122 -0.00896363 -0.10103144
v 0.04073320 0.00134417 0.02841473
v 0.04255713 0.00239242 0.00870666
v 0.04320233 0.00318610 0.00074381
v 0.04390957 0.00303136 -0.00706974
v 0.04396913 0.00506297 -0.01027147
v 0.04326437 0.00608127 -0.00383483
v 0.03452687 -0.00967744 -0.09811173
v 0.03766105 -0.01164416 -0.09590536
v 0.03157383 -0.00844949 -0.10000290
v 0.04102602 -0.00815498 -0.09384828
v 0.03980262 -0.00667745 -0.09505930
v 0.04253976 -0.00918826 -0.09215617
v 0.04446792 -0.01001188 -0.08935259
v 0.04593947 -0.00940290 -0.08681443
v 0.04723236 -0.00690706 -0.08435921
v 0.04748299 -0.00930806 -0.08255098
v 0.04793711 -0.00883385 -0.08090864
v 0.04906125 -0.00476564 -0.07473743
v 0.04898432 -0.00646280 -0.07261400
v 0.04875602 -0.00743618 -0.06684093
v 0.04887265 -0.00462587 -0.07735854
v 0.04823241 -0.00591372 -0.08107453
v 0.04868158 -0.00510507 -0.06237841
v 0.04790733 -0.00793535 -0.05683759
v 0.04391205 -0.00701189 -0.01030465
v 0.04212534 -0.00737628 0.00784402
v 0.04271347 -0.00883385 -0.00114737
v 0.04174070 -0.01039125 0.00555470
v 0.04134366 -0.01171904 0.00603579
v 0.03988451 -0.01119990 0.02104909
v 0.03879015 -0.01282220 0.02663968
v 0.03493136 -0.01263750 0.06230664
v 0.03550459 -0.00886879 0.06788064
v 0.02873743 0.00608127 -0.10142959
v 0.02926103 0.00608127 -0.10128028
v 0.03017176 0.00223269 -0.10119733
v 0.02910718 0.00034084 -0.10144617
v 0.02983427 -0.00441622 -0.10126369
v 0.03136538 -0.00601355 -0.10045081
v 0.04072823 -0.00028811 0.02839814
v 0.04223205 -0.00067746 0.01288716
v 0.04305840 0.00001139 0.00406166
v 0.04407584 0.00090490 -0.00743471
v 0.04500889 0.00121439 -0.01831728
v 0.04476818 0.00332586 -0.01733851
v 0.04802397 0.00467362 -0.05844675
v 0.04538857 0.00526263 -0.02765705
v 0.03715234 -0.00829974 -0.09675141
v 0.04131884 -0.00429143 -0.09396441
v 0.04245291 -0.00642786 -0.09268703
v 0.03932616 -0.00423652 -0.09560674
v 0.04431406 -0.00645282 -0.09034795
v 0.04536375 -0.00624317 -0.08875537
v 0.04641593 -0.00557928 -0.08679784
v 0.04700902 -0.00210008 -0.08563659
v 0.04790981 -0.00331805 -0.08286618
v 0.04913570 -0.00189542 -0.07395773
v 0.04917540 -0.00248943 -0.07015878
v 0.04896447 -0.00460590 -0.06659209
v 0.04850787 -0.00262920 -0.08024507
v 0.04885776 -0.00039293 -0.07767373
v 0.04902155 -0.00240458 -0.06627689
v 0.04858728 -0.00252937 -0.06010568
v 0.04617522 -0.00325316 -0.03228545
v 0.04539850 -0.00413669 -0.02380833
v 0.04474833 -0.00466081 -0.01669153
v 0.04560198 -0.00637795 -0.02851968
v 0.04407584 -0.00464584 -0.00912682
v 0.04291447 -0.00558926 0.00227002
v 0.04099872 -0.00960257 0.01444656
v 0.04188711 -0.00490041 0.01379957
v 0.04020959 -0.00525981 0.02985800
v 0.04039571 -0.00704683 0.02527936
v 0.04004333 -0.00874899 0.02541207
v 0.03906064 -0.01005681 0.03169941
v 0.03583216 -0.00842952 0.06585675
v 0.03421419 0.00472852 -0.09854305
v 0.03087155 -0.00274900 -0.10089873
v 0.03122145 0.00219775 -0.10058353
v 0.03155646 -0.00110175 -0.10050058
v 0.03705555 -0.00496031 -0.09709978
v 0.04013763 -0.00305848 0.03287725
v 0.04164641 -0.00220990 0.01824550
v 0.04260924 -0.00324318 0.00787720
v 0.04351500 -0.00255932 -0.00159528
v 0.04404357 -0.00140125 -0.00688726
v 0.04488233 -0.00148611 -0.01642610
v 0.04569132 -0.00125150 -0.02586540
v 0.04592706 0.00019109 -0.02893442
v 0.04826964 -0.00000857 -0.05668829
v 0.04853516 0.00224766 -0.06173143
v 0.04782048 0.00254217 -0.05337043
v 0.04838627 0.00500307 -0.06421982
v 0.04184245 -0.00065749 -0.09349991
v 0.04278295 -0.00331306 -0.09253772
v 0.03968599 0.00002637 -0.09535791
v 0.04384753 -0.00430141 -0.09122717
v 0.03739056 -0.00245948 -0.09698366
v 0.04518260 -0.00194035 -0.08940236
v 0.04597669 -0.00069742 -0.08792590
v 0.04722491 0.00117445 -0.08475735
v 0.04799419 0.00003136 -0.08238509
v 0.04901162 0.00140407 -0.07399091
v 0.04911088 0.00040074 -0.07035786
v 0.04847312 0.00125931 -0.07978057
v 0.04860961 0.00366530 -0.07691062
v 0.04897440 0.00107961 -0.06753768
v 0.04885528 -0.00027313 -0.06397098
v 0.04104339 -0.00350774 0.02348772
v 0.03645750 -0.00389209 0.06788064
v 0.03679499 -0.00493535 0.06315269
v 0.03617957 -0.00569409 0.06788064
v 0.03924428 -0.00782054 0.03483479
v 0.03749479 0.00608127 -0.09641962
v 0.03682477 0.00231256 -0.09723249
v 0.03653691 -0.00009343 -0.09749792
v 0.04875602 0.00341072 -0.06718931
v 0.04211293 0.00265698 -0.09300223
v 0.04386490 -0.00035300 -0.09126035
v 0.03889685 0.00403967 -0.09568969
v 0.04457959 0.00183335 -0.09008252
v 0.04585758 0.00315116 -0.08759412
v 0.04630674 0.00442403 -0.08625039
v 0.04770385 0.00345066 -0.08241826
v 0.04868406 0.00460373 -0.07155228
v 0.04802645 0.00478842 -0.08009577
v 0.04841853 0.00608127 -0.07458813
v 0.04049745 0.00608127 -0.09406395
v 0.04351997 0.00418443 -0.09116082
v 0.04479052 0.00598143 -0.08880514
v 0.04669386 0.00608127 -0.08434263
v 0.04356216 0.00608127 -0.09062997
v -0.02561588 -0.01151033 -0.10195804
v -0.02502427 0.00608626 -0.10236127
v -0.02550521 -0.01385654 -0.10183533
v -0.02522751 -0.01535283 -0.10167754
v -0.02736257 -0.00769511 -0.10201064
v -0.02677296 -0.00580429 -0.10209829
v -0.02730622 -0.00062080 -0.10222101
v -0.02688364 0.00396250 -0.10227361
v -0.02741489 -0.01146836 -0.10166001
v -0.02707883 -0.01376001 -0.10136197
v -0.02799644 -0.00620512 -0.10194051
v -0.02660393 0.00608626 -0.10225608
v -0.02799644 0.00458997 -0.10195804
v -0.02716134 -0.01535283 -0.10090615
v -0.02740281 0.00608626 -0.10204570
v -0.02799644 0.00545878 -0.10190545
v -0.02779320 0.00608626 -0.10192298
v 0.01689874 -0.02567605 0.09675065
v 0.01947258 -0.02414101 0.09661458
v 0.01947258 -0.02405690 -0.10100960
v 0.01832397 -0.02405690 0.09692558
v 0.01755735 -0.02405690 0.09706165
v 0.01434598 -0.02601250 0.09710052
v 0.01204876 -0.02789976 0.09688671
v 0.01343974 -0.02811793 0.09640076
v 0.01641664 -0.02708756 0.09583707
v 0.01504411 -0.02757120 -0.10100960
v 0.00875046 -0.02841495 0.09708109
v 0.01105031 -0.02639101 0.09719771
v 0.00662184 -0.02987639 0.09675065
v 0.01010192 -0.02953731 0.09628414
v 0.01109773 -0.02978439 0.09552607
v 0.01430383 -0.02901424 0.09439867
v 0.01699885 -0.02782879 0.09379610
v 0.01848730 -0.02651717 0.09470967
v 0.01883505 -0.02607821 -0.10071802
v 0.01023364 -0.02972656 -0.10102902
v 0.01229113 -0.02783668 -0.10112622
v 0.01604519 -0.02790765 -0.10073747
v 0.00248579 -0.02988953 -0.10122340
v -0.00744074 -0.02865151 -0.10135947
v -0.00607083 -0.02677476 0.09715884
v 0.00011744 -0.02779725 0.09721716
v 0.00401112 -0.02883025 0.09717827
v 0.00550221 -0.03077796 0.09616751
v 0.00176659 -0.03036003 0.09682840
v 0.00725937 -0.03122218 0.09494293
v 0.01075526 -0.03051249 0.09422373
v 0.01307882 -0.03034689 0.09150244
v 0.01601094 -0.02901950 0.09136637
v 0.01904843 -0.02705864 0.09210501
v 0.01947258 -0.02669328 0.09229939
v 0.01947258 -0.02603616 0.09412654
v 0.01928026 -0.02767108 -0.09980445
v 0.01728337 -0.02864888 -0.10001827
v 0.00561285 -0.03049146 -0.10116509
v 0.00909557 -0.03081739 -0.10083465
v 0.00517290 -0.03137200 -0.10100960
v 0.01390340 -0.03081739 -0.09978501
v 0.01212516 -0.03038369 -0.10048477
v -0.00256704 -0.03092253 -0.10124285
v -0.00409238 -0.02965560 -0.10130116
v -0.00230887 -0.02944794 0.09710052
v 0.00108954 -0.03158228 0.09581763
v 0.00315757 -0.03198707 0.09470967
v -0.00387899 -0.03070699 0.09655627
v -0.00228780 -0.03150869 0.09589538
v 0.00402166 -0.03240500 0.09317409
v 0.00813137 -0.03157965 0.09340734
v 0.01062880 -0.03132469 0.09126919
v 0.01319737 -0.03115647 0.08710950
v 0.01579755 -0.02980805 0.08788700
v 0.01834768 -0.02835449 0.08808138
v 0.01947258 -0.02694825 0.09128863
v 0.01947258 -0.03452883 -0.09622789
v 0.01833714 -0.03369559 -0.09704427
v 0.00161116 -0.03137726 -0.10112622
v 0.01240441 -0.03760942 -0.09630565
v 0.00784948 -0.03228147 -0.10023207
v 0.00290203 -0.03209221 -0.10085409
v 0.01438550 -0.03530949 -0.09719978
v -0.00219296 -0.03169268 -0.10104847
v -0.00701396 -0.03069122 -0.10114565
v -0.00130252 -0.03248911 0.09395161
v -0.00464297 -0.03173211 0.09531225
v 0.00549167 -0.03254957 0.09173569
v 0.00103685 -0.03320932 0.09089987
v 0.00771513 -0.03241289 0.09000573
v 0.00942224 -0.03244706 0.08720668
v 0.01117150 -0.03222364 0.08528234
v 0.01224898 -0.03275985 0.07898448
v 0.01514421 -0.03124058 0.08135591
v 0.01639293 -0.03071488 0.08067557
v 0.01947258 -0.02747920 0.08872283
v 0.01788665 -0.03023387 0.07859573
v 0.01947258 -0.02808901 0.08532121
v 0.01947258 -0.03492310 -0.09599464
v 0.01577911 -0.03725458 -0.09570307
v 0.01353721 -0.04024843 -0.09418692
v 0.01063934 -0.03885533 -0.09585858
v 0.00961718 -0.03672625 -0.09733585
v 0.00469080 -0.03321984 -0.10003769
v 0.00806287 -0.03939154 -0.09593632
v 0.00481199 -0.03872391 -0.09675272
v 0.00200369 -0.03295699 -0.10040702
v -0.00172403 -0.03323561 -0.10019320
v -0.00458765 -0.03223152 -0.10067915
v -0.00471937 -0.03267574 0.09249377
v -0.00234048 -0.03317778 0.09113312
v -0.00694019 -0.03179519 0.09437923
v 0.00438784 -0.03324349 0.08893665
v 0.00679571 -0.03346166 0.08497133
v -0.00047004 -0.03365617 0.08854789
v 0.00092094 -0.03402941 0.08574885
v 0.00409279 -0.03385856 0.08520459
v 0.00895331 -0.03336177 0.08215286
v 0.01023627 -0.03367982 0.07711846
v 0.01164042 -0.03528058 0.06160710
v 0.01262307 -0.03378234 0.07035411
v 0.01513894 -0.03219472 0.07470818
v 0.01769170 -0.03155863 0.07000422
v 0.01947258 -0.02959251 0.07630207
v 0.01947258 -0.02870145 0.08164746
v 0.01947258 -0.03058083 0.06949884
v 0.01815536 -0.03730452 -0.09494501
v 0.01586868 -0.04003553 -0.09364266
v 0.01341866 -0.04208050 -0.09261246
v 0.00995966 -0.04107641 -0.09440074
v 0.00455908 -0.04100281 -0.09523656
v 0.00079712 -0.03913395 -0.09669440
v -0.00167924 -0.03791696 -0.09743303
v -0.00451652 -0.03869762 -0.09683046
v -0.00692966 -0.03252854 0.09171625
v -0.00550180 -0.03328555 0.08889776
v -0.00209021 -0.03394530 0.08635142
v 0.00529672 -0.03454985 0.07913999
v 0.00754652 -0.03433432 0.07754609
v -0.00089945 -0.03460506 0.08193903
v 0.00133454 -0.03480745 0.08020907
v 0.00300477 -0.03476802 0.07972313
v 0.00862137 -0.03560388 0.06576678
v 0.01022837 -0.03581416 0.06090733
v 0.01094230 -0.03712315 0.04912802
v 0.01254403 -0.03619529 0.05227695
v 0.01395872 -0.03459191 0.06032419
v 0.01442238 -0.03549086 0.05212144
v 0.01634288 -0.03417135 0.05567855
v 0.01794461 -0.03418449 0.04949734
v 0.01827391 -0.03264945 0.05960499
v 0.01947258 -0.03144823 0.06327874
v 0.01788665 -0.03887636 -0.09387591
v 0.01847413 -0.04004078 -0.09263190
v 0.01095811 -0.04271133 -0.09269021
v 0.01706998 -0.04170988 -0.09154338
v 0.01440394 -0.04282962 -0.09144619
v 0.01047337 -0.04390993 -0.09152395
v 0.00738055 -0.04261934 -0.09352604
v 0.00036771 -0.04130509 -0.09523656
v 0.00291783 -0.04281911 -0.09387591
v -0.00352861 -0.04081356 -0.09545038
v -0.00744074 -0.04097653 -0.09492556
v -0.00744074 -0.03265471 0.09049167
v -0.00744074 -0.03297276 0.08870339
v -0.00593911 -0.03411352 0.08259992
v -0.00367877 -0.03423706 0.08363012
v -0.00230887 -0.03539360 0.07569951
v 0.00400849 -0.03699436 0.06137383
v 0.00522559 -0.03869236 0.04683436
v 0.00611340 -0.03737549 0.05616451
v 0.00824201 -0.03675254 0.05771953
v -0.00006961 -0.03558548 0.07455267
v 0.00043620 -0.03738600 0.06034363
v 0.00178503 -0.03809832 0.05437622
v 0.00334725 -0.03846632 0.05052754
v 0.00911401 -0.03763308 0.04906971
v 0.00937482 -0.03881853 0.03878711
v 0.01043122 -0.03953348 0.03033166
v 0.01171946 -0.03870814 0.03400541
v 0.01264678 -0.03733080 0.04277186
v 0.01376641 -0.03794850 0.03439416
v 0.01527857 -0.03602181 0.04502664
v 0.01600304 -0.03618741 0.04111965
v 0.01754944 -0.03579050 0.03837891
v 0.01850311 -0.03443157 0.04510439
v 0.01947258 -0.03317252 0.05060529
v 0.01947258 -0.03304110 0.05161606
v 0.01868225 -0.03641346 0.02858226
v 0.01947258 -0.03283082 0.05319053
v 0.01947258 -0.03990673 -0.09222370
v 0.01947258 -0.04064533 -0.09140732
v 0.01763375 -0.04257465 -0.09022161
v 0.01607153 -0.04412284 -0.08888040
v 0.01228322 -0.04450397 -0.09014386
v 0.00839744 -0.04557377 -0.08993004
v 0.00600275 -0.04535823 -0.09074643
v 0.00408489 -0.04396513 -0.09265134
v -0.00093633 -0.04360765 -0.09325390
v -0.00304914 -0.04216987 -0.09443961
v -0.00744074 -0.04102384 -0.09488668
v -0.00744074 -0.03401627 0.08139478
v -0.00744074 -0.03459717 0.07700184
v -0.00723525 -0.03489682 0.07498030
v -0.00644229 -0.03644237 0.06390075
v -0.00440587 -0.03556183 0.07299764
v -0.00304651 -0.03822449 0.05305446
v -0.00108650 -0.03752268 0.05923568
v 0.00736475 -0.03826129 0.04724255
v 0.00356063 -0.04002501 0.03756253
v 0.00595796 -0.03996981 0.03522999
v -0.00058859 -0.03883167 0.04899196
v 0.00155584 -0.03972274 0.04139177
v 0.00777045 -0.03989096 0.03289745
v 0.00814454 -0.04109744 0.02154577
v 0.01000444 -0.04106327 0.01775540
v 0.01037063 -0.04204895 0.00813369
v 0.01140859 -0.04070842 0.01738608
v 0.01255720 -0.04136555 0.00842525
v 0.01304457 -0.03936526 0.02446144
v 0.01471217 -0.04127618 0.00247729
v 0.01478857 -0.03795113 0.03099255
v 0.01663793 -0.03704430 0.03188669
v 0.01947258 -0.03546457 0.03266420
v 0.01879290 -0.03878962 0.00836694
v 0.01947258 -0.04326069 -0.08798626
v 0.01259145 -0.04583662 -0.08788908
v 0.01715428 -0.04467745 -0.08724763
v 0.00938008 -0.04719818 -0.08674224
v 0.00581307 -0.04731120 -0.08771413
v 0.00392155 -0.04667510 -0.08917197
v 0.00252794 -0.04581822 -0.09061037
v 0.00062852 -0.04491927 -0.09183495
v -0.00323355 -0.04434889 -0.09232090
v -0.00689277 -0.04377851 -0.09243752
v -0.00744074 -0.03488630 0.07474705
v -0.00744074 -0.03869236 0.04479339
v -0.00702976 -0.03916812 0.04162503
v -0.00599970 -0.03815352 0.05101349
v -0.00445593 -0.03741229 0.05841928
v -0.00475625 -0.03958605 0.04086695
v -0.00304388 -0.03980159 0.04034213
v 0.00219337 -0.04072156 0.03258645
v 0.00427456 -0.04096339 0.02871832
v 0.00622931 -0.04102647 0.02547221
v -0.00054380 -0.04008810 0.03865104
v 0.00013588 -0.04126566 0.02862114
v 0.00728835 -0.04210152 0.01398447
v 0.00839481 -0.04254574 0.00791987
v 0.01118203 -0.04443300 -0.01577481
v 0.01276532 -0.04402559 -0.01616357
v 0.01452512 -0.04211729 -0.00442314
v 0.01318683 -0.04320812 -0.00998235
v 0.01637976 -0.04030889 0.00506251
v 0.01526540 -0.04348937 -0.01902093
v 0.01662213 -0.04224084 -0.01258701
v 0.01769697 -0.04119732 -0.00745543
v 0.01899838 -0.04109218 -0.01179006
v 0.01565002 -0.04618358 -0.08526497
v 0.01240968 -0.04696950 -0.08569260
v 0.01947258 -0.04464854 -0.08522610
v 0.00812610 -0.04843620 -0.08431252
v 0.00572613 -0.04839151 -0.08536215
v 0.00156637 -0.04820752 -0.08645068
v 0.00151895 -0.04760559 -0.08775301
v -0.00073875 -0.04641751 -0.08977454
v -0.00494066 -0.04556062 -0.09059092
v -0.00744074 -0.04524258 -0.09045486
v -0.00691912 -0.04040089 0.03153681
v -0.00504604 -0.04094762 0.02902933
v -0.00265925 -0.04111847 0.02932090
v 0.00245944 -0.04132875 0.02702723
v 0.00303375 -0.04186759 0.02162352
v 0.00319181 -0.04291373 0.01176856
v 0.00570506 -0.04274550 0.01060229
v 0.00602646 -0.04175456 0.01925211
v -0.00204279 -0.04198061 0.02174015
v 0.00011744 -0.04268505 0.01550062
v 0.00079449 -0.04190702 0.02245935
v 0.00867669 -0.04545811 -0.02001226
v 0.00871094 -0.04438043 -0.00994347
v 0.00991751 -0.04638071 -0.03136393
v 0.01138752 -0.04526623 -0.02419138
v 0.01242021 -0.04581559 -0.03204426
v 0.01322635 -0.04486933 -0.02537709
v 0.01478330 -0.04487722 -0.03013935
v 0.01764955 -0.04695373 -0.05873237
v 0.01717272 -0.04403084 -0.03054755
v 0.01727020 -0.04304778 -0.02218929
v 0.01908532 -0.04310035 -0.02965341
v 0.01947258 -0.04106064 -0.01359778
v 0.01626911 -0.04678287 -0.08289355
v 0.01378485 -0.04735851 -0.08363219
v 0.01053923 -0.04832055 -0.08320457
v 0.01947258 -0.04474316 -0.08495397
v 0.00790217 -0.04937457 -0.08106640
v 0.00631361 -0.04948497 -0.08153291
v 0.00453537 -0.04918532 -0.08341838
v 0.00214068 -0.04903024 -0.08433195
v -0.00196376 -0.04773702 -0.08736426
v -0.00067289 -0.04920372 -0.08384601
v -0.00292796 -0.04863596 -0.08516777
v -0.00420302 -0.04681704 -0.08874434
v -0.00744074 -0.04628083 -0.08886097
v -0.00744074 -0.04593913 -0.08940522
v -0.00744074 -0.04033517 0.03118693
v -0.00623944 -0.04149434 0.02269260
v -0.00472464 -0.04208050 0.01907717
v -0.00243005 -0.04277705 0.01429547
v 0.00087615 -0.04338423 0.00869738
v 0.00208009 -0.04592861 -0.01645514
v 0.00292310 -0.04505333 -0.00860226
v 0.00433779 -0.04671190 -0.02580472
v 0.00559705 -0.04550806 -0.01554156
v 0.00633469 -0.04629660 -0.02415251
v 0.00654281 -0.04491664 -0.01136243
v -0.00167134 -0.04354720 0.00712292
v -0.00076246 -0.04566576 -0.01338396
v 0.00832104 -0.04683544 -0.03264683
v 0.01041015 -0.04890933 -0.05706071
v 0.01322108 -0.04853608 -0.05999582
v 0.01490448 -0.04725863 -0.05270664
v 0.01602148 -0.04768445 -0.06009301
v 0.01780235 -0.04743737 -0.06421383
v 0.01947258 -0.04649900 -0.06147310
v 0.01894833 -0.04622826 -0.08098865
v 0.01647723 -0.04758982 -0.07888937
v 0.01414576 -0.04796307 -0.08096921
v 0.01082902 -0.04890407 -0.08063877
v 0.00969358 -0.04945868 -0.07883106
v 0.00509651 -0.05011318 -0.07908375
v 0.00295208 -0.05004221 -0.08040551
v 0.00147417 -0.04984770 -0.08155235
v -0.00610245 -0.04765028 -0.08670337
v -0.00252489 -0.04992656 -0.08075540
v -0.00498018 -0.04915641 -0.08301018
v -0.00702450 -0.04822066 -0.08497339
v -0.00744074 -0.04251157 0.01163249
v -0.00609191 -0.04303464 0.00858076
v -0.00387372 -0.04321075 0.00922220
v -0.00319667 -0.04638860 -0.02121740
v -0.00063074 -0.04675396 -0.02399701
v 0.00117911 -0.04683019 -0.02502721
v 0.00331036 -0.04761348 -0.03398804
v 0.00441946 -0.04975307 -0.05659420
v 0.00578409 -0.04745577 -0.03503768
v 0.00797857 -0.04959274 -0.05939326
v 0.00876626 -0.04894087 -0.05433942
v 0.00784685 -0.04995284 -0.06293093
v 0.01171946 -0.04918006 -0.06285317
v 0.01439867 -0.04864385 -0.06524403
v 0.01738084 -0.04775016 -0.06677961
v 0.01947258 -0.04694058 -0.06744050
v 0.01947258 -0.04678813 -0.06503021
v 0.01947258 -0.04652002 -0.06170635
v 0.01947258 -0.04604427 -0.08073596
v 0.01777864 -0.04729806 -0.07739266
v 0.01505728 -0.04849928 -0.07560438
v 0.01280221 -0.04891459 -0.07768422
v 0.00973837 -0.04977410 -0.07630414
v 0.00543635 -0.05033397 -0.07713996
v 0.00202213 -0.05056791 -0.07717884
v 0.00009373 -0.05042334 -0.07855893
v -0.00270667 -0.05054951 -0.07679009
v -0.00517249 -0.04986610 -0.07993902
v -0.00734853 -0.04918532 -0.08172729
v -0.00744074 -0.04822329 -0.08474015
v -0.00744074 -0.04617306 -0.02415251
v -0.00553868 -0.04584713 -0.01802960
v -0.00493539 -0.04968473 -0.05529187
v 0.00054685 -0.05027352 -0.05987919
v 0.00227240 -0.05018415 -0.05939326
v 0.00476193 -0.05039443 -0.06357237
v 0.00669824 -0.04920109 -0.05383404
v 0.00627409 -0.05044700 -0.06714894
v 0.00920094 -0.04993970 -0.06600210
v 0.01127160 -0.04958485 -0.06757656
v 0.01208037 -0.04949022 -0.07072549
v 0.01564212 -0.04846248 -0.06948147
v 0.01947258 -0.04643328 -0.07826736
v 0.01947258 -0.04664357 -0.07686784
v 0.01800520 -0.04755302 -0.07364116
v 0.01601884 -0.04832317 -0.07268871
v 0.01248344 -0.04933777 -0.07362172
v 0.00853443 -0.05018152 -0.07334960
v 0.00607651 -0.05051797 -0.07381610
v 0.00361596 -0.05076504 -0.07319409
v 0.00078658 -0.05078082 -0.07488518
v -0.00302280 -0.05073876 -0.07278590
v -0.00617358 -0.05035237 -0.07389385
v -0.00521991 -0.05021043 -0.07772311
v -0.00744074 -0.04919846 -0.08157180
v -0.00744074 -0.04917218 -0.08170784
v -0.00744074 -0.04915115 -0.08178560
v -0.00732219 -0.04951388 -0.05744947
v -0.00543857 -0.04989764 -0.05881011
v -0.00369194 -0.05048642 -0.06433045
v -0.00045950 -0.05063099 -0.06401945
v -0.00220613 -0.05023935 -0.06034570
v 0.00197207 -0.05066516 -0.06489415
v 0.00383988 -0.05077819 -0.06940372
v 0.00704598 -0.05046277 -0.07068661
v 0.00019647 -0.05090436 -0.07175569
v -0.00096531 -0.05085704 -0.06887890
v -0.00226408 -0.05077030 -0.06769319
v -0.00435319 -0.05061785 -0.06798476
v -0.00682164 -0.05034711 -0.06967585
v -0.00744074 -0.05010267 -0.07437980
v -0.00744074 -0.05016575 -0.07290252
v -0.00744074 -0.04988187 -0.06275599
v -0.00611298 -0.05031820 -0.06600210
v 0.00159535 -0.05085967 -0.06870396
v -0.00744074 -0.04998701 -0.06421383
v 0.04843411 0.00608626 -0.07415230
v 0.04842687 0.00608626 -0.07441548
v 0.04840515 0.00624743 -0.07443192
v 0.04794911 0.00875410 -0.07000721
v 0.04842204 0.00608626 -0.07099413
v 0.04822418 0.00608626 -0.07676765
v 0.04798289 0.00760535 -0.07666896
v 0.04747135 0.01025432 -0.07564913
v 0.04766439 0.00992342 -0.07313247
v 0.04704668 0.01186429 -0.06757279
v 0.04754133 0.00938676 -0.06434883
v 0.04823142 0.00672064 -0.06666811
v 0.04701772 0.01231178 -0.07133956
v 0.04760648 0.00751962 -0.07969553
v 0.04663407 0.01333880 -0.07395491
v 0.04683193 0.01026118 -0.08048507
v 0.04650860 0.01215062 -0.07918562
v 0.04639760 0.01363027 -0.07622483
v 0.04642415 0.01394403 -0.06829653
v 0.04628419 0.01339709 -0.06229273
v 0.04711665 0.01070525 -0.06276975
v 0.04691397 0.01043950 -0.05864111
v 0.04714802 0.00922217 -0.05776932
v 0.04764508 0.00709098 -0.05847662
v 0.04828933 0.00608626 -0.06576342
v 0.04833277 0.00608626 -0.06676681
v 0.04585470 0.01564486 -0.07122441
v 0.04751961 0.00608626 -0.08138976
v 0.04710459 0.00715099 -0.08244248
v 0.04513806 0.01723082 -0.07485959
v 0.04579437 0.01076012 -0.08408735
v 0.04512599 0.01351025 -0.08347875
v 0.04570027 0.01454412 -0.07935010
v 0.04508497 0.01682447 -0.07734336
v 0.04542037 0.01629296 -0.06592791
v 0.04545898 0.01495390 -0.05834503
v 0.04620698 0.01267527 -0.05783511
v 0.04647723 0.01062638 -0.05385452
v 0.04380371 0.01013602 -0.01969043
v 0.04419943 0.00800312 -0.01870350
v 0.04780434 0.00608626 -0.05847662
v 0.04800219 0.00608626 -0.06124001
v 0.04431283 0.00640516 -0.01663096
v 0.04439729 0.01901395 -0.07283639
v 0.04456619 0.01866761 -0.06964533
v 0.04727590 0.00608626 -0.08244248
v 0.04631315 0.00708413 -0.08505782
v 0.04375304 0.02004954 -0.07576428
v 0.04508256 0.00900613 -0.08709747
v 0.04461445 0.01110988 -0.08690009
v 0.04412704 0.01314334 -0.08655467
v 0.04285784 0.01632725 -0.08668625
v 0.04372167 0.01701136 -0.08356099
v 0.04456137 0.01662559 -0.08102788
v 0.04393642 0.01878935 -0.07925142
v 0.04410774 0.01900195 -0.06382247
v 0.04415359 0.01780519 -0.05632183
v 0.04500776 0.01436238 -0.05018644
v 0.04421632 0.01623295 -0.04924886
v 0.04142698 0.01572716 -0.01238718
v 0.04175273 0.01438981 -0.01018304
v 0.04573405 0.01276957 -0.05240703
v 0.04294712 0.01264269 -0.01778237
v 0.04287715 0.01106188 -0.01140025
v 0.04326081 0.00858778 -0.00903163
v 0.04196265 0.00792425 0.00759807
v 0.04461204 0.00608626 -0.01969043
v 0.04302434 0.00643088 -0.00166258
v 0.04314498 0.02151719 -0.07092834
v 0.04354794 0.02058619 -0.06780307
v 0.04250315 0.02143489 -0.07964618
v 0.04229563 0.02266594 -0.07632353
v 0.04206882 0.02333804 -0.07309958
v 0.04480025 0.00608626 -0.08875880
v 0.04393160 0.01029547 -0.08864366
v 0.04319565 0.01387202 -0.08793636
v 0.04218947 0.01865390 -0.08576512
v 0.04180340 0.01698050 -0.08815020
v 0.04242352 0.02037873 -0.08257406
v 0.04296884 0.02084680 -0.06068075
v 0.04319324 0.01967577 -0.05541715
v 0.04179133 0.01797665 -0.02852342
v 0.04092268 0.01759087 -0.01572628
v 0.04186613 0.01673703 -0.02286504
v 0.04020846 0.01751029 -0.00674525
v 0.04047147 0.01626553 -0.00378447
v 0.04151144 0.01311591 -0.00256726
v 0.04364204 0.01292045 -0.02740490
v 0.04002990 0.01443954 0.00911136
v 0.04111572 0.01134306 0.00797640
v 0.04209536 0.01006230 0.00052510
v 0.04028567 0.01064181 0.01904641
v 0.03976207 0.00957194 0.02743529
v 0.04034117 0.00758820 0.02556013
v 0.04016744 0.00608626 0.03005064
v 0.04285061 0.00608626 0.00085408
v 0.04183718 0.02360037 -0.06767148
v 0.04196989 0.02337405 -0.06744120
v 0.04169482 0.02360037 -0.07653737
v 0.04186131 0.02360037 -0.07380687
v 0.04189992 0.02360037 -0.07316537
v 0.04472303 0.00608626 -0.08889039
v 0.04360102 0.00784367 -0.09012405
v 0.04292782 0.01139964 -0.08974572
v 0.04177927 0.01492647 -0.08963058
v 0.04043768 0.02069078 -0.08726196
v 0.04106504 0.02154291 -0.08471240
v 0.04052938 0.01875848 -0.08885749
v 0.04166828 0.02263679 -0.05643697
v 0.04198195 0.02098911 -0.04916662
v 0.04027843 0.02020385 -0.02327626
v 0.03939048 0.01966548 -0.00936060
v 0.03805855 0.01957804 0.00570647
v 0.03813576 0.01755315 0.01564152
v 0.04009022 0.01572545 0.00277858
v 0.03978861 0.01295131 0.01710546
v 0.03892961 0.01498476 0.01865165
v 0.03853872 0.01364227 0.02801099
v 0.03901888 0.01167226 0.02950783
v 0.03855561 0.01032977 0.03788025
v 0.03926259 0.00792425 0.03607089
v 0.04013124 0.00608626 0.03042896
v 0.04176962 0.02360037 -0.06653652
v 0.04284337 0.00608626 -0.09155509
v 0.04205917 0.00828602 -0.09199921
v 0.04157176 0.01082184 -0.09176893
v 0.04047388 0.01399547 -0.09173603
v 0.04007816 0.01691363 -0.09076554
v 0.03884998 0.02271566 -0.08793636
v 0.03930602 0.02360037 -0.08588026
v 0.03857974 0.02182238 -0.08921936
v 0.03835051 0.02043188 -0.09060106
v 0.03886929 0.02360037 -0.02965838
v 0.03988754 0.02185496 -0.02928006
v 0.03855802 0.02154634 -0.01164698
v 0.03812128 0.02090853 -0.00276465
v 0.03680624 0.01955575 0.01914511
v 0.03684002 0.01800065 0.02684313
v 0.03665422 0.01639584 0.03608734
v 0.03791377 0.01531396 0.02794520
v 0.03821056 0.01216776 0.03623537
v 0.03707648 0.01442411 0.03987056
v 0.03718507 0.01250553 0.04528220
v 0.04211708 0.00608626 -0.09241042
v 0.04167310 0.00668635 -0.09280520
v 0.03906956 0.01212833 -0.09387437
v 0.03704994 0.01596548 -0.09428558
v 0.03782932 0.01849444 -0.09239398
v 0.03624885 0.02360037 -0.09071621
v 0.03603169 0.02120514 -0.09265716
v 0.03880896 0.02360037 -0.02895108
v 0.03898511 0.02242590 -0.02268410
v 0.03704029 0.02274652 -0.00289624
v 0.03626333 0.02221330 0.00904556
v 0.03568664 0.02003239 0.02806034
v 0.03413272 0.01888536 0.04962467
v 0.03400484 0.01791493 0.05577651
v 0.03544294 0.01627582 0.04888447
v 0.03539468 0.01544426 0.05284863
v 0.04173825 0.00608626 -0.09283809
v 0.04029774 0.00651318 -0.09418689
v 0.03805613 0.01010859 -0.09530541
v 0.03634537 0.01294445 -0.09584822
v 0.03547189 0.01973235 -0.09394016
v 0.03464909 0.01722568 -0.09563439
v 0.03615957 0.02360037 -0.09081490
v 0.03403138 0.02291626 -0.09339735
v 0.03396140 0.02360037 -0.09298614
v 0.03759285 0.02329689 -0.01304513
v 0.03638157 0.02360037 -0.00187642
v 0.03589657 0.02360037 0.00327205
v 0.03473112 0.02360037 0.01531255
v 0.03432576 0.02360037 0.01949053
v 0.03419546 0.02302428 0.02478704
v 0.03552257 0.02165435 0.02013204
v 0.03438849 0.02128915 0.03368582
v 0.03295521 0.02091710 0.04995365
v 0.03255950 0.02040445 0.05677988
v 0.03216136 0.01927799 0.06623793
v 0.04005403 0.00608626 -0.09445007
v 0.03781484 0.00608626 -0.09621009
v 0.03757355 0.00654061 -0.09630878
v 0.03598343 0.00891698 -0.09696673
v 0.03386730 0.01371085 -0.09721346
v 0.03261499 0.02067706 -0.09558504
v 0.03060262 0.01774519 -0.09783852
v 0.02998491 0.02070278 -0.09714767
v 0.03000180 0.02360037 -0.09584822
v 0.03322064 0.02360037 0.03052766
v 0.03129754 0.02243276 0.05673053
v 0.03341367 0.02254421 0.03546229
v 0.03072326 0.02198355 0.06442856
v 0.03478903 0.00608626 -0.09803590
v 0.03327131 0.01128305 -0.09811815
v 0.02901974 0.00710813 -0.10129276
v 0.02847683 0.01066753 -0.10093088
v 0.03058573 0.01419779 -0.09885834
v 0.02604461 0.01441039 -0.10124341
v 0.02403464 0.01765260 -0.10114472
v 0.02756716 0.02152576 -0.09803590
v 0.02986426 0.02360037 -0.09593046
v 0.02985944 0.02290254 0.06623793
v 0.02935513 0.02360037 0.06623793
v 0.02658027 0.01137907 -0.10162173
v 0.02378370 0.01638898 -0.10155594
v 0.02378370 0.02353521 -0.09887479
v 0.02695428 0.00899413 -0.10167108
v 0.02378370 0.01490075 -0.10180267
v -0.02061274 -0.04598483 -0.07071444
v -0.02061274 -0.04595485 -0.06923088
v -0.02175078 -0.04534317 -0.06740773
v -0.02262781 -0.04497137 -0.07107192
v -0.02061274 -0.04593686 -0.07428926
v -0.02412520 -0.04408982 -0.06971348
v -0.02061274 -0.04563402 -0.06292132
v -0.02295534 -0.04435069 -0.06229573
v -0.02408327 -0.04413780 -0.07273421
v -0.02343543 -0.04439567 -0.07477186
v -0.02130974 -0.04521723 -0.07773896
v -0.02061274 -0.04593086 -0.07434288
v -0.02541363 -0.04304637 -0.06485172
v -0.02568694 -0.04309734 -0.06926663
v -0.02061274 -0.04531319 -0.05952524
v -0.02427704 -0.04281549 -0.05484222
v -0.02596531 -0.04214085 -0.05854216
v -0.02089183 -0.04477946 -0.05546781
v -0.02106101 -0.04238671 -0.03235657
v -0.02291486 -0.04162511 -0.03510919
v -0.02608749 -0.04280350 -0.07403903
v -0.02533193 -0.04308535 -0.07661290
v -0.02365668 -0.04388893 -0.07811432
v -0.02253599 -0.04413480 -0.08022347
v -0.02061274 -0.04549309 -0.07807858
v -0.02743088 -0.04147219 -0.06213485
v -0.02746920 -0.04182001 -0.06853379
v -0.02799845 -0.04145120 -0.07116129
v -0.02349038 -0.04032079 -0.02590402
v -0.02491981 -0.04067761 -0.03812991
v -0.02567465 -0.03895051 -0.02640449
v -0.02061274 -0.04250066 -0.03124838
v -0.02101185 -0.04171806 -0.02547504
v -0.02165173 -0.04050669 -0.01739593
v -0.02748944 -0.04136425 -0.07818582
v -0.02591759 -0.04192496 -0.08083118
v -0.02301680 -0.04310634 -0.08304758
v -0.02799845 -0.04098645 -0.06163438
v -0.02799845 -0.04109139 -0.06292132
v -0.02696742 -0.03882757 -0.03410824
v -0.02799845 -0.04141222 -0.06889127
v -0.02322287 -0.03953520 -0.01710995
v -0.02476653 -0.03845277 -0.01632349
v -0.02523432 -0.03564923 0.00503609
v -0.02756536 -0.03702551 -0.02175722
v -0.02061274 -0.04178103 -0.02411660
v -0.02061274 -0.03823988 0.00823556
v -0.02196697 -0.03797902 0.00369553
v -0.02799845 -0.04092348 -0.07836456
v -0.02787048 -0.04053068 -0.08086694
v -0.02654083 -0.04049470 -0.08399491
v -0.02437392 -0.04121432 -0.08576445
v -0.02130757 -0.04339419 -0.08496011
v -0.02393432 -0.03685161 0.00255158
v -0.02292715 -0.03655176 0.01077368
v -0.02501525 -0.03477669 0.01343692
v -0.02671653 -0.03395512 0.00950462
v -0.02799845 -0.03635086 -0.01914760
v -0.02789795 -0.03375722 0.00328442
v -0.02061274 -0.03651578 0.02264210
v -0.02107258 -0.03680663 0.01810207
v -0.02799845 -0.04040475 -0.08093843
v -0.02799845 -0.03910043 -0.08463838
v -0.02629934 -0.03913041 -0.08721225
v -0.02061274 -0.04384995 -0.08463838
v -0.02180718 -0.04126830 -0.08858856
v -0.02061274 -0.04244668 -0.08765911
v -0.02166330 -0.03504655 0.02943426
v -0.02313755 -0.03546933 0.01844168
v -0.02393288 -0.03395512 0.02591306
v -0.02482365 -0.03169730 0.03794234
v -0.02617498 -0.03253386 0.02360730
v -0.02777649 -0.03250088 0.01375866
v -0.02799845 -0.03384717 0.00181875
v -0.02061274 -0.03557427 0.03020285
v -0.02799845 -0.03772715 -0.08728375
v -0.02729712 -0.03670768 -0.08967888
v -0.02482075 -0.03875861 -0.08942864
v -0.02177970 -0.03991900 -0.09050108
v -0.02061274 -0.04239871 -0.08774848
v -0.02061274 -0.03490862 0.03552934
v -0.02061274 -0.03442287 0.03928290
v -0.02178476 -0.03342440 0.04130268
v -0.02272976 -0.03351135 0.03595832
v -0.02376369 -0.03190119 0.04237513
v -0.02335952 -0.02764341 0.07512052
v -0.02460023 -0.03028503 0.04923879
v -0.02607810 -0.03081875 0.03679840
v -0.02799845 -0.03009913 0.02975599
v -0.02799845 -0.03619795 -0.08955376
v -0.02779962 -0.03455780 -0.09162716
v -0.02456336 -0.03747828 -0.09126968
v -0.02215351 -0.03757423 -0.09284260
v -0.02116513 -0.02952343 0.07295775
v -0.02204072 -0.03262981 0.04594995
v -0.02175151 -0.02850996 0.07740840
v -0.02261335 -0.02890575 0.07000852
v -0.02492631 -0.02671090 0.07236790
v -0.02509044 -0.02779633 0.06385981
v -0.02599784 -0.02928356 0.04811272
v -0.02246586 -0.02746351 0.08066149
v -0.02503983 -0.02537360 0.08030401
v -0.02799845 -0.03002417 0.03029222
v -0.02746775 -0.03244990 -0.09371843
v -0.02431102 -0.03515749 -0.09366481
v -0.02097715 -0.03645581 -0.09441552
v -0.02061274 -0.02946346 0.07588910
v -0.02633983 -0.02651900 0.06512888
v -0.02696597 -0.02430616 0.07560311
v -0.02793483 -0.02715767 0.05016824
v -0.02799845 -0.02964637 -0.09521985
v -0.02571369 -0.03199114 -0.09511261
v -0.02237042 -0.03434192 -0.09529135
v -0.02697754 -0.02520269 0.06968679
v -0.02799845 -0.02253408 0.07939243
v -0.02799845 -0.02300183 0.07660406
v -0.02799845 -0.02352356 0.07344035
v -0.02799845 -0.02544856 0.06108933
v -0.02799845 -0.02688781 0.05152668
v -0.02799845 -0.02904668 -0.09555946
v -0.02530735 -0.02932853 -0.09682853
v -0.02299077 -0.03152339 -0.09670341
v -0.02061274 -0.03459978 -0.09584545
v -0.02685896 -0.02753547 -0.09695365
v -0.02301246 -0.02859092 -0.09811546
v -0.02799845 -0.02694478 -0.09659616
v -0.02799845 -0.02588333 -0.09709664
v -0.02538255 -0.02381441 -0.09911641
v -0.02061274 -0.02430316 -0.10081445
v -0.02472604 -0.01803943 -0.10136855
v -0.02237403 -0.02121777 -0.10133281
v -0.02061274 -0.02327169 -0.10122556
v -0.02620390 -0.01535283 -0.10136855
v -0.02311947 -0.01805142 -0.10174391
v -0.02061274 -0.02237816 -0.10145792
v -0.02061274 -0.02054612 -0.10167241
v -0.00744074 -0.05023582 -0.07005443
v -0.00912711 -0.04986021 -0.06741092
v -0.00945846 -0.04986705 -0.07130473
v -0.00787780 -0.04987729 -0.06362426
v -0.00938368 -0.04935145 -0.06055207
v -0.01216208 -0.04895536 -0.06421369
v -0.01154193 -0.04931730 -0.06816110
v -0.01305684 -0.04890073 -0.07303731
v -0.00947909 -0.04969973 -0.07514498
v -0.00744074 -0.04950510 -0.05762277
v -0.01049633 -0.04586520 -0.02713306
v -0.01055563 -0.04879829 -0.05769422
v -0.01282090 -0.04837147 -0.05946251
v -0.01460526 -0.04828952 -0.06562477
v -0.01404571 -0.04862415 -0.06923279
v -0.01604926 -0.04791051 -0.07359102
v -0.01502815 -0.04805392 -0.07655604
v -0.01240317 -0.04884268 -0.07716333
v -0.00918900 -0.04943681 -0.07850295
v -0.00744074 -0.04977827 -0.07816358
v -0.00791519 -0.04625446 -0.02568627
v -0.01223299 -0.04568764 -0.02986588
v -0.00969826 -0.04460865 -0.01307600
v -0.00975499 -0.04230041 0.00925098
v -0.01200865 -0.04456084 -0.01809510
v -0.01542911 -0.04710809 -0.05522932
v -0.01570889 -0.04750076 -0.06030201
v -0.01342686 -0.04614177 -0.03833227
v -0.01436675 -0.04532911 -0.03306310
v -0.01743910 -0.04711151 -0.06342778
v -0.01659462 -0.04768515 -0.06794676
v -0.01763507 -0.04734369 -0.07044739
v -0.01826295 -0.04692370 -0.07534145
v -0.01802056 -0.04651396 -0.07928887
v -0.01523701 -0.04722760 -0.08109288
v -0.01234258 -0.04859342 -0.07900308
v -0.01028746 -0.04879488 -0.08078923
v -0.00744074 -0.04962461 -0.07912811
v -0.00756837 -0.04246090 0.01191235
v -0.00811503 -0.04474864 -0.01130770
v -0.01369632 -0.04466328 -0.02391797
v -0.00965443 -0.04163116 0.01575259
v -0.01271905 -0.04150141 0.00925098
v -0.01175853 -0.04247797 0.00253502
v -0.01550776 -0.04427060 -0.02627570
v -0.01864329 -0.04622373 -0.05906956
v -0.01613306 -0.04477937 -0.03393832
v -0.02037479 -0.04576276 -0.06298124
v -0.01880960 -0.04669493 -0.06599985
v -0.01976367 -0.04640811 -0.07057241
v -0.02059783 -0.04594373 -0.07428762
v -0.02061202 -0.04560911 -0.07719906
v -0.02017624 -0.04499107 -0.08177162
v -0.01836222 -0.04532911 -0.08357564
v -0.01244572 -0.04772954 -0.08271828
v -0.01533242 -0.04609397 -0.08482595
v -0.00744074 -0.04917389 -0.08170018
v -0.00988134 -0.04822806 -0.08332559
v -0.00744074 -0.04236870 0.01294832
v -0.00826072 -0.04132726 0.02121823
v -0.01437190 -0.04074679 0.01119789
v -0.01459237 -0.04165506 0.00185628
v -0.01534660 -0.04345794 -0.01782718
v -0.00973178 -0.04005023 0.02961317
v -0.01138077 -0.04016291 0.02482627
v -0.01303621 -0.04010486 0.02093245
v -0.01716448 -0.04387110 -0.02877632
v -0.01740558 -0.04281601 -0.01943472
v -0.02061202 -0.04496034 -0.05590806
v -0.01853370 -0.04302088 -0.02618640
v -0.02061202 -0.04569105 -0.06373142
v -0.02061202 -0.04483400 -0.08148584
v -0.02061202 -0.04470425 -0.08196810
v -0.02061202 -0.04358428 -0.08530821
v -0.01860332 -0.04414427 -0.08629060
v -0.01342686 -0.04621689 -0.08611199
v -0.01695175 -0.04402134 -0.08795173
v -0.00744074 -0.04914999 -0.08178948
v -0.00924831 -0.04720370 -0.08643350
v -0.00744074 -0.04803002 -0.08525462
v -0.01629809 -0.04003657 0.01091210
v -0.01456143 -0.03840100 0.03104210
v -0.00896466 -0.03916586 0.03849038
v -0.01103138 -0.03848637 0.03979427
v -0.01317029 -0.03801516 0.03822245
v -0.01707552 -0.04048046 0.00373175
v -0.01925698 -0.04198628 -0.01950616
v -0.02061202 -0.04255992 -0.08743375
v -0.02053595 -0.04247114 -0.08768380
v -0.01117191 -0.04618958 -0.08759449
v -0.01625167 -0.04299015 -0.09002367
v -0.01239673 -0.04444133 -0.08991650
v -0.00744074 -0.04745979 -0.08659425
v -0.00850955 -0.04610080 -0.08889840
v -0.01585199 -0.03870831 0.02395105
v -0.01868841 -0.03855466 0.01427008
v -0.01894885 -0.03926488 0.00692897
v -0.01474193 -0.03742103 0.03849038
v -0.01644893 -0.03675178 0.03813315
v -0.00834581 -0.03764297 0.05177939
v -0.00996257 -0.03711713 0.05297611
v -0.01146458 -0.03631471 0.05586969
v -0.01308391 -0.03673129 0.04876078
v -0.02061202 -0.04114971 -0.01830944
v -0.01976109 -0.04023803 -0.09147047
v -0.01654047 -0.04121459 -0.09211348
v -0.01291759 -0.04239602 -0.09230995
v -0.00980398 -0.04332819 -0.09229210
v -0.00899947 -0.04504229 -0.09036305
v -0.01761186 -0.03704543 0.03127430
v -0.01836738 -0.03771126 0.02268288
v -0.01978430 -0.03599034 0.03079204
v -0.01485667 -0.03630447 0.04701035
v -0.01834288 -0.03588790 0.03781164
v -0.01643088 -0.03579912 0.04577790
v -0.00872357 -0.03480207 0.07332046
v -0.01047441 -0.03339528 0.08076873
v -0.01068714 -0.03339528 0.08032219
v -0.01075934 -0.03428306 0.07326687
v -0.01243154 -0.03300602 0.07921477
v -0.02061202 -0.03812442 -0.09313159
v -0.01784135 -0.03911464 -0.09363171
v -0.01391808 -0.04013901 -0.09416756
v -0.00992131 -0.04195896 -0.09364957
v -0.00744074 -0.04410671 -0.09189914
v -0.02011435 -0.03484305 0.03841893
v -0.01397996 -0.03296846 0.07494585
v -0.01505651 -0.03184166 0.08016143
v -0.01791871 -0.03473037 0.04851072
v -0.01932790 -0.03435135 0.04567073
v -0.01586747 -0.03138411 0.08076873
v -0.01493016 -0.03180752 0.08076873
v -0.02061202 -0.03676543 -0.09432831
v -0.02061202 -0.03657422 -0.09448907
v -0.01754869 -0.03756103 -0.09502491
v -0.01492629 -0.03748590 -0.09586442
v -0.01079673 -0.03991365 -0.09516781
v -0.00759932 -0.04098240 -0.09489988
v -0.01516610 -0.03170849 0.08076873
v -0.01750872 -0.03057828 0.08076873
v -0.01915642 -0.02998415 0.07869678
v -0.02061202 -0.03600399 -0.09488203
v -0.01959477 -0.03474744 -0.09615019
v -0.01784909 -0.03309822 -0.09765057
v -0.01304781 -0.03460403 -0.09800780
v -0.01091405 -0.03746542 -0.09677535
v -0.00801189 -0.03830198 -0.09672176
v -0.00744074 -0.03836686 -0.09673962
v -0.01906488 -0.02973831 0.08076873
v -0.02050759 -0.02884711 0.08076873
v -0.02061202 -0.02877882 0.08076873
v -0.02027165 -0.03240506 -0.09725761
v -0.01761186 -0.02910661 -0.09970465
v -0.01380204 -0.03031195 -0.10011546
v -0.01201897 -0.02906222 -0.10115144
v -0.00963251 -0.03134997 -0.10043698
v -0.00744074 -0.03406453 -0.09922238
v -0.02061202 -0.03193386 -0.09736478
v -0.01964119 -0.02440137 -0.10115144
v -0.01598092 -0.02651498 -0.10134791
v -0.01228714 -0.02809932 -0.10136577
v -0.00744074 -0.03048268 -0.10116930
v -0.00744074 -0.03055097 -0.10115144
v -0.00744074 -0.03079681 -0.10104427
v -0.00744074 -0.03173240 -0.10054413
v -0.01967600 -0.02299458 -0.10150867
v -0.01773563 -0.02341115 -0.10158011
v -0.00966088 -0.02798664 -0.10138364
v -0.02061202 -0.02165266 -0.10158011
f 882 861 881
f 1910 1901 1908
f 2401 2402 2425
f 882 881 889
f 860 881 861
f 2205 2208 2173
f 2209 2208 2252
f 2173 2208 2209
f 358 357 402
f 428 483 430
f 51 35 34
f 1227 1090 1223
f 1227 1223 389
f 1230 1229 1224
f 1230 1234 1227
f 1231 1234 1230
f 351 396 352
f 395 396 351
f 441 393 443
f 443 393 440
f 1332 1325 1352
f 1352 1359 1332
f 1391 1392 1366
f 1042 1043 1021
f 3075 3079 3080
f 2720 2713 2712
f 2713 2685 2712
f 2714 2685 2713
f 1291 1271 1289
f 1924 1910 1922
f 1922 1910 1908
f 2719 2713 2720
f 1067 1074 1061
f 1061 1050 1067
f 2457 2456 2490
f 2526 2485 2525
f 2590 2595 2564
f 2425 2402 2427
f 2427 2450 2425
f 1039 2450 2427
f 2402 1063 2427
f 2362 2363 2381
f 880 889 881
f 881 860 880
f 880 879 895
f 880 860 879
f 844 860 861
f 843 860 844
f 830 843 844
f 859 860 843
f 879 860 859
f 2208 2205 2244
f 2244 2204 2243
f 2205 2204 2244
f 2210 2209 2252
f 1504 1531 1501
f 1501 1505 1473
f 2246 2288 2242
f 2242 2206 2246
f 2246 2206 2245
f 2246 2291 2288
f 224 193 192
f 287 253 286
f 359 358 402
f 321 358 359
f 320 358 321
f 357 358 320
f 321 359 360
f 360 359 405
f 681 677 675
f 637 638 589
f 627 628 579
f 580 579 585
f 585 579 628
f 584 628 601
f 584 585 628
f 383 430 431
f 427 483 428
f 428 381 427
f 427 381 429
f 147 2895 178
f 2896 2895 147
f 1229 240 270
f 1224 1229 270
f 33 34 32
f 45 44 64
f 393 441 391
f 393 391 348
f 243 211 210
f 1227 389 1232
f 389 346 1232
f 3054 1360 1333
f 1165 1149 1148
f 1535 1502 1534
f 1354 1385 1384
f 1462 1461 1494
f 1433 1461 1462
f 1462 1434 1433
f 2327 1434 1462
f 1460 1461 1433
f 1460 1459 1491
f 1541 1516 1515
f 1435 1434 1463
f 1252 1253 1245
f 1252 1251 1258
f 1254 1265 1258
f 1258 1251 1254
f 1400 1401 1371
f 1371 1401 1402
f 1405 1434 1435
f 1432 1460 1433
f 1459 1460 1432
f 1403 1402 1432
f 1344 1345 1319
f 1292 1315 1316
f 1304 1292 1283
f 1315 1292 1304
f 1304 1325 1332
f 1332 1315 1304
f 1500 1469 1499
f 1300 1304 1283
f 1325 1304 1300
f 1283 1265 1280
f 1280 1300 1283
f 1299 1300 1280
f 1399 1398 1427
f 1427 1400 1399
f 1429 1400 1427
f 1377 1352 1350
f 1350 1352 1325
f 984 420 983
f 896 880 895
f 889 880 896
f 1047 1025 1050
f 1012 1025 2380
f 998 1012 2380
f 2380 2361 2360
f 2360 2359 2380
f 2380 2359 998
f 2380 2363 2361
f 2383 2363 2380
f 905 909 724
f 919 918 909
f 909 917 919
f 1067 1050 1046
f 1046 1025 1024
f 1050 1025 1046
f 1011 1009 1024
f 998 1009 1011
f 1011 1012 998
f 1024 1025 1011
f 1011 1025 1012
f 737 724 736
f 728 724 737
f 1513 1511 1481
f 1071 1079 1080
f 1453 1452 1476
f 1391 1366 1363
f 1363 1392 1391
f 1363 1364 1392
f 1357 1338 1362
f 1392 1364 1393
f 1572 1535 1571
f 1570 1535 1572
f 1509 1479 1478
f 1534 1502 1530
f 1502 1500 1530
f 1499 1528 1530
f 1530 1500 1499
f 1571 1535 1569
f 1569 1535 1534
f 2589 2629 2590
f 2657 2632 2656
f 2656 2685 2657
f 3175 3192 3185
f 3185 3192 3199
f 3086 3102 3103
f 3099 3102 3086
f 3085 3099 3086
f 3087 3080 3079
f 3087 3086 3103
f 2683 3093 2685
f 2720 2712 2721
f 1334 1362 1338
f 1270 1289 1271
f 1270 1290 1289
f 1308 1307 1291
f 1291 1289 1308
f 1308 1289 1307
f 1272 1271 1291
f 1272 1257 1271
f 1291 1281 1272
f 1254 1251 1246
f 2408 2435 2436
f 2436 2435 2461
f 2461 2463 2462
f 2462 2436 2461
f 2597 2634 2635
f 2595 2634 2597
f 2536 2535 2534
f 1892 1883 1891
f 1903 1904 1891
f 1891 1808 1892
f 1893 1883 1892
f 1883 1893 1894
f 1883 1882 1890
f 1890 1891 1883
f 1903 1891 1890
f 1793 1894 1893
f 2636 2597 2635
f 882 1774 1781
f 1770 1769 1781
f 1781 861 882
f 1781 1769 861
f 1775 2359 1774
f 1050 1061 1064
f 1064 1047 1050
f 1064 1063 2402
f 1020 1042 1021
f 1020 2450 1039
f 2431 2456 2457
f 2430 2431 2404
f 2408 2388 2407
f 2407 2388 2387
f 2495 2534 2535
f 2461 2435 2460
f 2453 2485 2486
f 2484 2453 2457
f 2484 2485 2453
f 2559 2526 2525
f 2559 2589 2590
f 2688 2687 2715
f 2716 2690 2688
f 2688 2715 2716
f 2591 2559 2590
f 2663 2662 2635
f 2635 2634 2663
f 2663 2634 2662
f 1039 2427 1060
f 1060 2427 1063
f 2383 2402 2384
f 2384 2363 2383
f 2384 2381 2363
f 2402 2401 2384
f 2401 2381 2384
f 2426 2401 2425
f 2430 2404 2426
f 2426 2404 2401
f 2455 2431 2430
f 2456 2431 2455
f 3114 3115 3096
f 3138 3115 3137
f 3115 3114 3137
f 2366 2365 2387
f 2387 2388 2366
f 2366 2388 2389
f 2389 2367 2366
f 1924 1944 1925
f 1974 1946 1972
f 1972 1946 1944
f 2003 2002 2028
f 1974 2002 2003
f 2003 2004 1974
f 1644 1652 1641
f 1654 1652 1644
f 2214 1685 2179
f 1671 1670 1687
f 1623 2359 2360
f 2360 1238 1623
f 1665 1652 1654
f 1695 2003 2031
f 2004 2003 1695
f 1979 2004 2005
f 1826 1834 1827
f 1911 1925 1926
f 1912 1901 1911
f 1901 1910 1911
f 1911 1910 1924
f 1924 1925 1911
f 1718 1711 1717
f 2258 1709 2298
f 428 430 382
f 382 430 383
f 382 381 428
f 341 381 382
f 305 269 268
f 709 710 701
f 951 749 939
f 735 749 951
f 1506 1507 1537
f 1156 1141 1140
f 1143 1145 1142
f 1143 1156 1160
f 1141 1156 1143
f 1125 1143 1142
f 1141 1143 1125
f 1107 1125 719
f 1139 385 435
f 343 1139 386
f 343 385 1139
f 2203 2206 2242
f 2203 2242 2243
f 2243 2204 2203
f 2291 2246 2290
f 2290 2246 2245
f 21 20 32
f 32 34 21
f 21 34 35
f 194 193 226
f 160 192 193
f 126 159 160
f 160 159 192
f 224 192 223
f 221 253 223
f 865 864 883
f 883 864 913
f 402 357 401
f 401 453 402
f 551 550 601
f 285 320 321
f 285 284 320
f 406 360 405
f 324 287 286
f 286 323 324
f 325 287 324
f 363 323 362
f 363 364 325
f 325 324 363
f 363 324 323
f 321 360 322
f 322 323 286
f 322 285 321
f 286 285 322
f 1155 1154 1173
f 1090 1101 1091
f 1091 1101 1102
f 1104 1091 1103
f 1103 1091 1102
f 1118 1103 1117
f 667 647 677
f 634 632 667
f 484 430 483
f 637 589 588
f 588 589 539
f 639 589 638
f 677 681 668
f 668 667 677
f 634 667 668
f 668 669 634
f 637 669 668
f 675 687 682
f 682 681 675
f 535 584 581
f 585 584 535
f 580 585 535
f 472 980 523
f 485 431 430
f 430 484 485
f 485 484 536
f 486 431 485
f 426 381 380
f 429 381 426
f 483 427 482
f 482 535 533
f 481 427 429
f 429 480 481
f 481 480 531
f 481 482 427
f 531 530 481
f 201 234 235
f 229 234 201
f 161 193 194
f 161 160 193
f 126 96 125
f 135 134 106
f 179 180 147
f 2929 179 2916
f 147 178 2916
f 2916 179 147
f 147 180 148
f 149 117 148
f 207 2934 209
f 209 180 207
f 1224 2934 207
f 207 239 1224
f 180 179 207
f 2929 239 207
f 207 179 2929
f 30 44 45
f 1227 1234 2935
f 3241 3238 3071
f 3241 3072 3239
f 3239 3238 3241
f 3064 1435 3066
f 3239 3072 2318
f 548 549 494
f 548 597 598
f 598 552 548
f 548 552 549
f 438 436 439
f 439 436 389
f 439 388 438
f 439 389 1223
f 1223 388 439
f 389 436 387
f 387 346 389
f 1224 270 241
f 241 2934 1224
f 209 2934 241
f 241 240 209
f 241 270 240
f 89 117 90
f 121 150 155
f 155 152 121
f 32 20 19
f 19 33 32
f 20 9 19
f 116 2896 147
f 147 148 116
f 116 148 117
f 45 64 65
f 2857 2834 2859
f 248 275 282
f 243 275 248
f 184 152 155
f 186 153 184
f 184 153 152
f 444 445 394
f 395 351 350
f 350 394 395
f 391 394 350
f 313 348 350
f 350 348 391
f 350 351 314
f 314 313 350
f 442 391 441
f 491 444 442
f 444 394 442
f 442 394 391
f 547 548 494
f 312 276 282
f 313 276 312
f 312 348 313
f 277 313 314
f 277 276 313
f 314 278 277
f 244 276 277
f 149 148 181
f 181 148 180
f 243 210 242
f 242 210 240
f 242 275 243
f 271 240 1229
f 271 272 240
f 271 307 272
f 1229 1230 271
f 1230 307 271
f 347 310 345
f 345 387 347
f 346 387 345
f 3179 3195 3196
f 3029 3015 3028
f 2018 1994 1993
f 1364 1363 1335
f 3035 3022 3034
f 1132 1148 1149
f 1536 1531 1504
f 1354 1384 1378
f 1378 1384 1379
f 1327 1338 1357
f 1301 1326 1302
f 1301 1281 1291
f 1302 1281 1301
f 1301 1327 1328
f 1355 1327 1357
f 2331 1434 2327
f 2331 1463 1434
f 2327 3069 2331
f 3066 1463 2331
f 2331 3069 3066
f 3066 1435 1464
f 1464 1463 3066
f 1435 1463 1464
f 1263 1262 1276
f 1263 1253 1262
f 1276 2986 1263
f 3014 3028 3015
f 3002 3014 3015
f 2958 2957 1241
f 1241 1245 1243
f 1243 2958 1241
f 2971 2958 1243
f 2986 2971 2985
f 2985 1245 2986
f 2971 1243 2985
f 2985 1243 1245
f 1538 1507 1533
f 1533 1568 1538
f 1505 1501 1533
f 1533 1507 1505
f 1273 1265 1283
f 1283 1292 1273
f 1273 1292 1274
f 1273 1258 1265
f 1316 1317 1294
f 1252 1258 1259
f 1259 1273 1274
f 1258 1273 1259
f 1399 1400 1370
f 1370 1400 1371
f 1429 1457 1428
f 1428 1400 1429
f 1430 1401 1428
f 1401 1400 1428
f 1373 1345 1344
f 1373 1402 1403
f 1371 1402 1372
f 1402 1373 1372
f 1372 1344 1343
f 1372 1373 1344
f 1374 1373 1403
f 1345 1373 1374
f 1375 1345 1374
f 1374 1405 1375
f 1404 1432 1433
f 1403 1432 1404
f 1433 1434 1404
f 1434 1405 1404
f 1404 1374 1403
f 1405 1374 1404
f 1431 1402 1401
f 1431 1432 1402
f 1431 1401 1430
f 1430 1459 1431
f 1459 1432 1431
f 3029 3028 3041
f 1343 1344 1318
f 1344 1319 1318
f 1318 1317 1343
f 1318 1319 1295
f 1295 1294 1318
f 1318 1294 1317
f 1346 1319 1345
f 1375 1347 1346
f 1346 1345 1375
f 1261 1278 1262
f 1262 1253 1261
f 1293 1292 1316
f 1274 1292 1293
f 1316 1294 1293
f 1503 1536 1504
f 1502 1535 1503
f 1535 1536 1503
f 1407 1379 1410
f 1377 1379 1407
f 1407 1408 1377
f 1469 1500 1470
f 1441 1438 1470
f 1302 1326 1331
f 1331 1303 1302
f 1331 1326 1354
f 1264 1272 1281
f 1264 1265 1254
f 1264 1280 1265
f 1254 1257 1264
f 1257 1272 1264
f 1282 1303 1299
f 1299 1280 1282
f 1282 1281 1302
f 1302 1303 1282
f 1282 1264 1281
f 1280 1264 1282
f 1332 1359 1358
f 1367 1398 1399
f 1367 1389 1398
f 1367 1358 1389
f 1485 1515 1486
f 1486 1457 1456
f 1456 1457 1429
f 1456 1485 1486
f 1455 1485 1456
f 942 947 936
f 421 420 471
f 472 523 473
f 985 989 986
f 985 984 989
f 420 984 974
f 974 984 975
f 982 974 973
f 889 896 890
f 890 872 889
f 1775 872 890
f 900 890 896
f 908 909 905
f 908 917 909
f 922 914 913
f 932 942 936
f 1048 1047 2383
f 1025 1047 1048
f 751 919 929
f 918 919 920
f 920 910 918
f 736 724 920
f 724 910 920
f 722 734 735
f 733 734 722
f 747 734 746
f 746 737 747
f 735 734 747
f 747 737 736
f 1512 1513 1481
f 1511 1513 1526
f 1526 1495 1511
f 1075 1074 1073
f 1067 1046 1045
f 1312 1335 1336
f 1336 1335 1363
f 1612 1596 1611
f 1617 1611 1603
f 1612 1611 1617
f 1603 1572 1602
f 1602 1572 1571
f 1600 1596 1570
f 1570 1572 1600
f 1600 1572 1603
f 1603 1611 1600
f 1600 1611 1596
f 1531 1536 1567
f 1570 1596 1567
f 1567 1535 1570
f 1567 1536 1535
f 1390 1393 1364
f 3050 3044 3045
f 3045 3052 3053
f 3054 3050 3045
f 3039 3024 3036
f 3036 3044 3039
f 3022 3035 3036
f 3034 3044 3036
f 3036 3035 3034
f 3046 3044 3050
f 3046 3050 3054
f 3046 1333 3039
f 3039 3044 3046
f 1479 1509 1510
f 1513 1512 1510
f 1510 1512 1481
f 1477 1509 1478
f 1477 1444 1476
f 1477 1476 1452
f 1481 1511 1497
f 1497 1471 1481
f 1511 1495 1497
f 1410 1379 1409
f 1379 1384 1409
f 1436 1407 1410
f 1528 1529 1559
f 1559 1529 1525
f 1564 1530 1528
f 1534 1530 1564
f 1564 1569 1534
f 2658 2687 2659
f 2590 2629 2630
f 2630 2634 2595
f 2662 2634 2630
f 2632 2657 2633
f 2686 2687 2658
f 2658 2657 2686
f 2713 2715 2686
f 2686 2715 2687
f 2686 2714 2713
f 2685 2714 2686
f 2686 2657 2685
f 1021 1043 1022
f 3133 3115 3138
f 1080 1079 1082
f 3153 3169 3158
f 3153 3133 3154
f 3154 3133 3138
f 3118 3102 3099
f 3120 3102 3118
f 3078 3077 3085
f 3085 3086 3078
f 3078 3087 3079
f 3086 3087 3078
f 2685 3093 2710
f 3074 3079 3075
f 3074 3078 3079
f 3077 3078 3074
f 3083 3095 3096
f 3093 3095 3083
f 3083 2710 3093
f 3106 3089 3105
f 2957 2958 2946
f 2946 2958 2959
f 2959 2947 2946
f 2946 2947 2941
f 2945 2946 2941
f 2957 2946 2945
f 3103 3102 3121
f 3121 3102 3120
f 2995 2981 2993
f 2950 2945 2942
f 2957 2945 2950
f 1271 1257 1256
f 1256 1270 1271
f 2949 2950 2942
f 1313 1334 1338
f 1338 1327 1313
f 1291 1307 1313
f 1307 1289 1310
f 1310 1313 1307
f 1334 1313 1310
f 1312 1334 1310
f 1362 1334 1337
f 1337 1334 1312
f 1312 1336 1337
f 1337 1363 1366
f 1337 1336 1363
f 1309 1290 1312
f 1289 1290 1309
f 1312 1310 1309
f 1309 1310 1289
f 3039 1333 1306
f 1244 1246 1251
f 1244 1251 1252
f 1252 1245 1244
f 1244 1245 1241
f 2989 3001 3125
f 2973 2988 2989
f 2960 2947 2959
f 2987 2986 1276
f 2987 2988 2973
f 2437 2462 2463
f 2408 2436 2437
f 2436 2462 2437
f 2638 2666 2639
f 2638 2636 2666
f 2602 2638 2639
f 2596 2564 2595
f 2595 2597 2596
f 2564 2596 2565
f 2565 2596 2597
f 2567 2570 2536
f 2536 2534 2567
f 2570 2567 2568
f 2568 2567 2534
f 2497 2535 2536
f 2536 2537 2497
f 2497 2495 2535
f 2497 2463 2461
f 2498 2537 2538
f 2463 2497 2498
f 2498 2497 2537
f 1936 1961 1959
f 1964 1942 1939
f 2694 2666 2693
f 2693 2698 2694
f 1786 1787 1784
f 1784 2694 2698
f 1879 1883 1786
f 1879 1882 1883
f 1815 1808 1814
f 1808 1891 1814
f 1902 1901 1912
f 1903 1890 1902
f 1889 1882 1888
f 1889 1890 1882
f 1889 1902 1890
f 1888 1901 1889
f 1901 1902 1889
f 1809 1808 1816
f 1816 1808 1815
f 2540 2504 2538
f 1809 2504 2540
f 1803 1808 1809
f 1809 2606 1803
f 1892 1808 1803
f 1791 1789 1787
f 1791 1787 1786
f 1894 1793 1791
f 1786 1883 1791
f 1883 1894 1791
f 2693 2666 2692
f 2635 2662 2664
f 2664 2662 2688
f 2688 2690 2664
f 2690 2691 2664
f 2421 2396 2420
f 2511 2542 2544
f 1782 1771 1770
f 1770 1781 1782
f 1782 1781 1774
f 1770 1771 1759
f 871 1774 882
f 871 1775 1774
f 871 872 1775
f 882 889 871
f 889 872 871
f 2123 1716 2122
f 1719 2153 2122
f 2122 1716 1719
f 1069 1064 2402
f 1047 1064 1069
f 1069 2402 2383
f 2383 1047 1069
f 2382 2381 2401
f 2362 2381 2382
f 2494 2493 2529
f 2494 2460 2493
f 2495 2460 2494
f 2493 2460 2492
f 2485 2526 2524
f 2524 2486 2485
f 2524 2526 2529
f 2487 2486 2524
f 2524 2492 2487
f 2529 2493 2524
f 2493 2492 2524
f 2525 2485 2491
f 2485 2484 2491
f 2528 2525 2491
f 2491 2490 2528
f 2457 2490 2491
f 2491 2484 2457
f 2690 2716 2717
f 2717 2691 2690
f 2717 2700 2693
f 2693 2692 2717
f 2717 2692 2691
f 2704 2719 2720
f 2720 2721 2704
f 2727 2716 2715
f 2713 2719 2727
f 2727 2715 2713
f 2590 2564 2563
f 2563 2591 2590
f 2526 2559 2560
f 2559 2591 2560
f 2529 2526 2560
f 2591 2563 2560
f 1063 1064 1040
f 1040 1060 1063
f 1040 1064 1061
f 1040 1020 1039
f 1039 1060 1040
f 2430 2426 2452
f 2452 2455 2430
f 2456 2455 2488
f 2482 2452 2451
f 2451 2452 2426
f 2451 2426 2425
f 2425 2450 2451
f 2450 2480 2451
f 1006 1020 1021
f 2656 2632 2624
f 2624 2655 2656
f 2558 2525 2528
f 2528 2562 2558
f 2558 2559 2525
f 2625 2657 2658
f 2625 2633 2657
f 2684 2685 2656
f 2656 2655 2684
f 2684 2683 2685
f 2556 2584 2585
f 3155 3173 3156
f 2365 2366 2350
f 2350 2367 2351
f 2350 2366 2367
f 106 134 136
f 1944 1946 1945
f 1945 1925 1944
f 1946 1925 1945
f 1974 2004 1975
f 1975 2004 1979
f 1952 1951 1977
f 2171 2205 2173
f 1974 1972 2001
f 2001 2002 1974
f 2002 2001 1999
f 2060 2028 2027
f 2084 2052 2083
f 2084 2085 2052
f 1634 1644 1641
f 1641 1635 1634
f 2180 2179 2147
f 1646 1657 1658
f 1671 1659 1658
f 1658 1670 1671
f 1658 1657 1670
f 1652 1665 1664
f 1696 1695 2031
f 2031 2003 1696
f 1708 1693 1979
f 1979 2005 1708
f 1644 1634 1643
f 1955 1953 1952
f 1979 1693 1955
f 1711 1718 1712
f 2141 2171 2173
f 2215 1685 2214
f 2214 2260 2215
f 2215 2260 1685
f 1685 2260 2218
f 2248 2249 2208
f 2243 2242 2289
f 2242 2288 2289
f 950 749 735
f 939 749 950
f 340 381 341
f 340 301 339
f 380 381 340
f 340 339 380
f 304 305 268
f 304 343 305
f 268 269 694
f 269 701 694
f 700 701 269
f 709 701 700
f 711 701 710
f 380 339 338
f 339 301 338
f 338 989 380
f 338 300 989
f 301 300 338
f 1531 1567 1566
f 1166 1149 1165
f 1165 1538 1166
f 1538 1568 1166
f 721 710 709
f 709 720 721
f 733 722 721
f 721 722 710
f 721 717 733
f 720 717 721
f 1142 719 1126
f 1126 1125 1142
f 719 1125 1126
f 1122 1123 1107
f 1141 1123 1122
f 1140 1141 1122
f 386 1139 1122
f 1122 435 1140
f 1139 435 1122
f 1573 1538 1165
f 1165 1181 1573
f 1164 1181 1165
f 1180 1181 1164
f 1165 1148 1164
f 1540 1537 1539
f 1538 1573 1539
f 1539 1507 1538
f 1539 1537 1507
f 385 343 384
f 1157 384 433
f 1174 1157 433
f 269 305 306
f 305 343 306
f 306 1097 269
f 2245 2206 2207
f 2170 2171 2137
f 2170 2204 2205
f 2205 2171 2170
f 2170 2203 2204
f 2291 2290 2311
f 2734 2291 2311
f 325 364 326
f 366 367 326
f 574 817 520
f 572 573 520
f 520 573 574
f 825 520 817
f 825 834 836
f 253 287 255
f 255 223 253
f 224 223 255
f 255 256 224
f 287 256 255
f 192 159 191
f 191 223 192
f 221 223 191
f 320 284 319
f 319 283 318
f 284 283 319
f 288 287 325
f 288 256 287
f 325 326 288
f 865 883 884
f 884 883 898
f 884 885 865
f 898 883 897
f 553 551 601
f 499 551 553
f 247 280 246
f 246 216 247
f 187 215 190
f 190 157 187
f 190 215 222
f 186 216 214
f 214 216 246
f 246 222 214
f 214 222 215
f 94 123 124
f 92 123 94
f 352 317 315
f 315 351 352
f 314 351 315
f 315 278 314
f 286 253 252
f 252 285 286
f 664 817 620
f 574 573 620
f 620 817 574
f 458 406 405
f 365 326 364
f 366 326 365
f 361 322 360
f 361 406 362
f 360 406 361
f 362 323 361
f 323 322 361
f 690 1173 1154
f 1086 1223 1090
f 1090 1091 1086
f 1104 1103 1119
f 1119 1103 1118
f 1119 1105 1104
f 1116 1103 1102
f 1116 1117 1103
f 1492 1460 1491
f 1461 1460 1492
f 1491 1459 1490
f 1487 1457 1486
f 1486 1515 1487
f 1487 1515 1516
f 1549 1516 1541
f 629 584 601
f 581 584 629
f 601 550 600
f 600 629 601
f 600 630 581
f 581 629 600
f 648 667 632
f 598 597 648
f 597 647 648
f 647 667 648
f 648 631 598
f 648 632 631
f 486 485 537
f 537 485 536
f 636 588 587
f 637 588 636
f 636 669 637
f 587 583 582
f 631 632 582
f 581 630 582
f 582 630 631
f 534 583 536
f 536 484 534
f 581 582 534
f 534 582 583
f 534 535 581
f 533 535 534
f 534 482 533
f 534 484 483
f 483 482 534
f 671 639 638
f 671 1205 639
f 1189 671 683
f 683 671 682
f 681 682 670
f 670 638 637
f 670 671 638
f 682 671 670
f 637 668 670
f 670 668 681
f 640 1216 590
f 590 639 640
f 589 639 590
f 539 589 590
f 590 1216 1219
f 968 575 969
f 955 968 969
f 969 956 955
f 627 579 578
f 626 578 577
f 482 481 532
f 580 535 532
f 535 482 532
f 532 530 580
f 532 481 530
f 228 234 229
f 169 201 202
f 169 163 197
f 127 96 126
f 128 96 127
f 126 160 127
f 160 161 127
f 95 96 71
f 95 125 96
f 124 125 95
f 71 70 95
f 95 94 124
f 70 94 95
f 158 191 159
f 158 159 126
f 126 125 158
f 158 123 157
f 158 125 124
f 124 123 158
f 97 96 128
f 71 96 97
f 97 72 71
f 52 70 71
f 71 72 52
f 52 35 51
f 51 70 52
f 53 72 73
f 35 52 53
f 53 52 72
f 105 135 106
f 104 135 105
f 103 135 104
f 128 163 129
f 134 135 101
f 29 2799 2807
f 2835 29 2807
f 30 29 2835
f 2835 2807 2805
f 2805 2834 2835
f 2222 2935 2183
f 2183 2935 2932
f 1228 1234 1231
f 1228 2935 1234
f 3239 2318 2358
f 2355 2373 1227
f 1985 1961 1960
f 1961 1936 1960
f 2151 2355 1227
f 1872 2355 2151
f 2419 2396 2421
f 3232 3238 3239
f 3067 3064 3066
f 1090 2319 2324
f 2324 2325 1101
f 2324 1101 1090
f 3072 3241 3070
f 3070 2318 3072
f 3070 3067 3066
f 3070 3241 3071
f 3071 3067 3070
f 2322 2318 2320
f 2318 3070 2320
f 631 630 599
f 598 631 599
f 599 552 598
f 550 552 599
f 599 600 550
f 630 600 599
f 446 445 494
f 446 394 445
f 497 552 550
f 549 552 497
f 595 547 546
f 1121 672 1120
f 1120 1119 1121
f 1105 1119 1120
f 443 436 488
f 488 436 438
f 543 488 542
f 437 436 443
f 437 387 436
f 443 440 437
f 155 150 183
f 150 151 183
f 118 121 91
f 150 121 118
f 149 151 119
f 119 151 150
f 119 117 149
f 119 90 117
f 150 118 119
f 119 118 90
f 185 153 186
f 186 214 185
f 185 214 215
f 154 153 185
f 185 187 154
f 215 187 185
f 120 121 152
f 152 153 120
f 91 121 120
f 120 153 154
f 91 120 93
f 18 9 8
f 18 19 9
f 87 65 64
f 63 64 44
f 63 2857 64
f 44 2834 63
f 2834 2857 63
f 243 248 218
f 213 216 186
f 186 184 213
f 494 445 493
f 493 547 494
f 493 444 491
f 493 445 444
f 491 546 493
f 493 546 547
f 596 547 595
f 548 547 596
f 597 548 596
f 209 240 208
f 240 210 208
f 208 180 209
f 208 181 180
f 240 272 273
f 273 242 240
f 310 275 274
f 275 242 274
f 242 273 274
f 274 273 272
f 1233 1230 1227
f 1233 307 1230
f 3179 3196 3180
f 2477 2449 2448
f 3209 3196 3195
f 3195 3208 3209
f 3209 3208 3218
f 3218 3219 3209
f 3049 3058 3059
f 3029 3041 3042
f 3042 3041 3049
f 3178 3195 3179
f 3178 3194 3195
f 2475 2515 2477
f 2477 2448 2475
f 2512 2473 2511
f 3080 3089 3090
f 3089 3108 3090
f 3001 2989 3147
f 3147 2989 3146
f 3048 3058 3049
f 3049 3041 3048
f 2134 2135 2107
f 2018 1993 1991
f 1991 2019 2018
f 1941 1944 1924
f 1924 1922 1941
f 1994 2021 2022
f 2022 2050 2052
f 2021 2050 2022
f 2020 1994 2018
f 2020 2021 1994
f 2018 2049 2020
f 2049 2021 2020
f 2027 2026 2025
f 2025 2026 1996
f 1361 1333 1360
f 1361 1335 1333
f 3053 1390 1361
f 1364 1335 1361
f 1361 1390 1364
f 1361 1360 3054
f 1361 3045 3053
f 3054 3045 1361
f 1333 1335 1311
f 1311 1306 1333
f 1290 1306 1311
f 1312 1290 1311
f 1311 1335 1312
f 1148 1132 1147
f 1147 1132 1130
f 1160 1161 1146
f 1146 1143 1160
f 1145 1143 1146
f 1129 1145 1146
f 1130 1129 1146
f 1146 1147 1130
f 1161 1147 1146
f 1195 1180 1179
f 1180 1164 1179
f 1175 1157 1174
f 1177 1161 1160
f 1328 1327 1329
f 1327 1355 1329
f 1329 1301 1328
f 1329 1355 1326
f 2998 1263 2986
f 1253 1263 2998
f 2986 1245 2998
f 2998 1245 1253
f 2988 2987 3000
f 3014 3002 3000
f 3002 2988 3000
f 3003 2988 3002
f 3161 3147 3003
f 1568 1533 1532
f 1531 1566 1532
f 1532 1566 1568
f 1532 1501 1531
f 1532 1533 1501
f 1340 1370 1342
f 1343 1317 1342
f 1342 1372 1343
f 1342 1370 1371
f 1371 1372 1342
f 1278 1297 3026
f 1321 1346 1347
f 1319 1346 1321
f 1347 1322 1321
f 3027 3041 3028
f 3027 3026 1297
f 1295 1319 1296
f 1319 1321 1296
f 1296 1321 1322
f 3012 1278 1298
f 1298 3000 3012
f 1277 1297 1278
f 1278 1261 1277
f 1295 1296 1277
f 1277 1296 1297
f 1260 1259 1274
f 1252 1259 1260
f 1260 1253 1252
f 1260 1261 1253
f 1275 1293 1294
f 1275 1294 1295
f 1274 1293 1275
f 1295 1277 1275
f 1275 1277 1261
f 1275 1260 1274
f 1261 1260 1275
f 1473 1441 1472
f 1441 1470 1472
f 1472 1501 1473
f 1504 1501 1472
f 1472 1503 1504
f 1472 1470 1500
f 1472 1500 1502
f 1502 1503 1472
f 1354 1378 1351
f 1351 1331 1354
f 1388 1358 1359
f 1389 1358 1388
f 1411 1408 1438
f 1411 1438 1441
f 1441 1412 1411
f 1474 1507 1506
f 1473 1505 1474
f 1505 1507 1474
f 1515 1485 1508
f 1508 1537 1540
f 1506 1537 1508
f 1540 1541 1508
f 1541 1515 1508
f 964 965 949
f 949 948 964
f 949 951 939
f 949 965 951
f 527 474 526
f 474 473 526
f 525 578 527
f 527 526 525
f 525 526 473
f 523 577 525
f 525 577 578
f 475 474 527
f 475 522 471
f 976 985 986
f 986 977 976
f 977 965 976
f 976 964 975
f 976 965 964
f 975 984 976
f 984 985 976
f 981 980 472
f 981 973 980
f 419 473 474
f 472 473 419
f 419 475 471
f 474 475 419
f 471 420 419
f 419 981 472
f 973 981 419
f 982 973 419
f 420 974 419
f 419 974 982
f 980 973 970
f 957 956 970
f 970 969 980
f 956 969 970
f 955 956 941
f 941 956 957
f 941 932 935
f 957 942 941
f 942 932 941
f 905 900 906
f 913 914 906
f 905 890 904
f 904 900 905
f 890 900 904
f 927 926 936
f 917 926 927
f 916 914 924
f 931 922 930
f 930 864 847
f 913 864 921
f 921 922 913
f 864 930 921
f 921 930 922
f 924 914 923
f 914 922 923
f 923 922 931
f 935 932 923
f 925 916 924
f 924 923 925
f 925 923 932
f 936 926 925
f 925 932 936
f 1049 1048 2383
f 1025 1048 1049
f 2383 2380 1049
f 1049 2380 1025
f 725 724 909
f 725 910 724
f 909 918 725
f 918 910 725
f 750 751 736
f 919 751 750
f 736 920 750
f 750 920 919
f 736 751 748
f 748 747 736
f 748 751 929
f 735 747 748
f 748 929 939
f 939 950 748
f 748 950 735
f 1498 1528 1499
f 1498 1529 1528
f 1525 1529 1498
f 1079 1071 1070
f 3034 3022 1070
f 1072 1073 1059
f 1059 1058 1072
f 1075 1073 1072
f 1072 1058 1071
f 1053 1028 1052
f 1035 1058 1036
f 1036 1053 1052
f 1036 1058 1059
f 1059 1053 1036
f 1547 1526 1513
f 1014 1010 999
f 1059 1073 1068
f 1068 1053 1059
f 1068 1073 1074
f 1068 1074 1067
f 1067 1045 1068
f 1023 1010 1014
f 1009 1010 1023
f 1024 1009 1023
f 1023 1046 1024
f 1023 1045 1046
f 1413 1447 1414
f 1478 1479 1446
f 1479 1447 1446
f 1446 1447 1413
f 1476 1444 1448
f 1453 1476 1448
f 1354 1326 1353
f 1365 1394 1387
f 1365 1387 1357
f 1357 1362 1365
f 1366 1394 1365
f 1365 1337 1366
f 1362 1337 1365
f 1366 1395 1396
f 1396 1394 1366
f 1387 1394 1396
f 1612 1617 1614
f 1130 1132 1113
f 1132 1131 1113
f 1113 1613 1112
f 1603 1602 1615
f 1615 1602 1616
f 1597 1567 1596
f 1613 1113 1597
f 1597 1596 1612
f 1598 1567 1597
f 1597 1113 1131
f 1597 1131 1598
f 1612 1614 1597
f 1597 1614 1089
f 1393 1390 1422
f 1422 3052 3051
f 3053 3052 1422
f 1422 1390 3053
f 3051 3052 1055
f 1055 1422 3051
f 1057 1070 1071
f 1071 1058 1057
f 1057 1058 1035
f 3038 3044 3034
f 3038 3045 3044
f 3038 1057 3045
f 3034 1070 3038
f 1070 1057 3038
f 3054 1333 3055
f 3055 3046 3054
f 1333 3046 3055
f 1480 1447 1479
f 1479 1510 1480
f 1481 1447 1480
f 1480 1510 1481
f 1471 1497 1466
f 1466 1497 1495
f 1481 1471 1449
f 1449 1447 1481
f 1440 1436 1410
f 1499 1469 1468
f 1468 1498 1499
f 1407 1436 1437
f 1469 1470 1437
f 1437 1468 1469
f 1436 1468 1437
f 1437 1470 1438
f 1438 1408 1437
f 1408 1407 1437
f 1571 1569 1593
f 1586 1559 1587
f 2660 2687 2688
f 2660 2659 2687
f 2688 2662 2660
f 2662 2689 2660
f 2629 2589 2628
f 2628 2630 2629
f 2659 2660 2628
f 2631 2595 2590
f 2590 2630 2631
f 2631 2630 2595
f 1044 1022 1043
f 3192 1022 1044
f 1043 1042 1044
f 3190 1022 3192
f 3190 3173 3189
f 3189 1022 3190
f 3135 3133 3153
f 1080 1082 1078
f 1084 1082 1079
f 3022 3036 3023
f 3023 3036 3024
f 3007 3023 3024
f 3022 3023 3007
f 3168 3169 3153
f 3171 3185 3187
f 3187 3186 3171
f 2711 2712 2685
f 2685 2710 2711
f 3085 3077 3084
f 3077 3083 3084
f 3096 3115 3116
f 3082 3083 3077
f 2710 3083 3082
f 3106 3105 2961
f 2961 3125 3106
f 2947 2961 3124
f 3124 2961 3105
f 3088 3089 3080
f 3088 3105 3089
f 3080 3087 3088
f 2940 2941 2937
f 2940 2945 2941
f 2942 2945 2940
f 3143 3121 3120
f 1241 2957 1239
f 1239 1240 1241
f 2957 2950 1239
f 1241 1240 1242
f 1242 1244 1241
f 1246 1244 1242
f 1256 1255 1269
f 3159 3158 3169
f 2983 2970 3169
f 3169 3168 2983
f 2970 2983 2984
f 2984 2983 2997
f 2976 2967 2981
f 2981 1255 2976
f 2979 2967 2965
f 1327 1301 1314
f 1314 1313 1327
f 1314 1301 1291
f 1291 1313 1314
f 3009 2995 2993
f 1287 1306 1290
f 1287 1270 1288
f 1290 1270 1287
f 3145 2989 3125
f 2973 2989 3145
f 3145 2960 2973
f 2973 2960 2972
f 2986 2987 2972
f 2972 2987 2973
f 2972 2960 2959
f 2972 2971 2986
f 2959 2958 2972
f 2972 2958 2971
f 2389 2388 2409
f 2409 2388 2408
f 2408 2437 2409
f 2538 2504 2500
f 2504 2465 2500
f 2438 2465 2466
f 2570 2568 2601
f 2601 2602 2570
f 2638 2602 2601
f 2600 2636 2637
f 2636 2638 2637
f 2637 2601 2600
f 2638 2601 2637
f 1799 1802 2605
f 2605 2572 2604
f 2569 2537 2536
f 2538 2537 2569
f 2569 2572 2538
f 2564 2565 2532
f 2532 2494 2531
f 2599 2636 2600
f 2597 2636 2598
f 2598 2565 2597
f 2636 2599 2598
f 2598 2599 2565
f 2496 2497 2461
f 2495 2497 2496
f 2461 2460 2496
f 2496 2460 2495
f 2472 2509 2510
f 2510 2509 2542
f 2510 2473 2472
f 2510 2542 2511
f 2511 2473 2510
f 1905 1918 1906
f 2542 2509 2543
f 2543 2574 2542
f 1800 1801 1796
f 1796 1801 1905
f 1917 1918 1905
f 1905 1801 1917
f 1807 1801 1800
f 1964 1939 1965
f 1923 1939 1942
f 1923 1922 1908
f 1923 1942 1922
f 1938 1939 1920
f 1939 1923 1920
f 2699 2698 2693
f 2675 2674 2699
f 2693 2700 2699
f 2700 2675 2699
f 2639 2666 2667
f 2666 2694 2667
f 2694 1784 2667
f 2667 1789 2639
f 1813 1904 1815
f 1815 1814 1813
f 1813 1891 1904
f 1813 1814 1891
f 1913 1902 1912
f 1903 1902 1913
f 1912 1928 1913
f 1913 1928 1929
f 2573 2572 2605
f 2573 2606 1809
f 1809 2540 2573
f 2538 2572 2573
f 2573 2540 2538
f 2605 1802 2573
f 1804 1803 2606
f 2606 2573 1804
f 1804 2573 1802
f 1798 1893 1892
f 1798 1793 1893
f 1892 1803 1798
f 1798 1799 1793
f 1802 1799 1798
f 1803 1804 1798
f 1798 1804 1802
f 2639 1789 2669
f 1789 1791 2669
f 2666 2636 2665
f 2665 2692 2666
f 2691 2692 2665
f 2665 2636 2635
f 2635 2664 2665
f 2665 2664 2691
f 2470 2473 2474
f 2445 2470 2474
f 2418 2396 2395
f 2418 2420 2396
f 2643 2674 2644
f 2542 2574 2575
f 2575 2544 2542
f 861 1769 1780
f 1769 1768 1780
f 830 831 820
f 1756 1769 1770
f 1631 1623 1622
f 1774 2359 1631
f 2359 1623 1631
f 1771 1782 1640
f 1640 1638 1771
f 1640 1782 1774
f 1774 1631 1640
f 2153 2187 2154
f 2154 2122 2153
f 1723 1724 1721
f 1721 1724 1716
f 1719 1716 1720
f 1716 1715 1720
f 1725 1724 1729
f 1729 1715 1725
f 1716 1724 1725
f 1725 1715 1716
f 1671 1687 1688
f 1062 1074 1075
f 1075 1065 1062
f 1062 1061 1074
f 1062 1040 1061
f 2405 2403 2429
f 2404 2403 2385
f 2401 2404 2385
f 2385 2382 2401
f 2406 2433 2407
f 2387 2405 2406
f 2406 2407 2387
f 2405 2429 2406
f 2406 2429 2433
f 2459 2460 2435
f 2433 2458 2459
f 2459 2458 2487
f 2487 2492 2459
f 2459 2492 2460
f 2408 2407 2434
f 2407 2433 2434
f 2434 2435 2408
f 2434 2459 2435
f 2433 2459 2434
f 2534 2495 2533
f 2495 2494 2533
f 2533 2532 2534
f 2494 2532 2533
f 2529 2560 2530
f 2530 2560 2563
f 2530 2563 2564
f 2531 2494 2530
f 2530 2494 2529
f 2530 2532 2531
f 2564 2532 2530
f 2489 2490 2456
f 2456 2488 2489
f 2483 2488 2455
f 2483 2452 2482
f 2455 2452 2483
f 2482 2451 2481
f 2481 2451 2480
f 2480 1006 2481
f 2479 2480 2450
f 2479 1006 2480
f 2450 1020 2479
f 1020 1006 2479
f 2592 2562 2586
f 2586 2624 2592
f 2587 2558 2562
f 2587 2625 2589
f 2559 2558 2587
f 2632 2633 2593
f 2633 2625 2593
f 2593 2624 2632
f 2562 2592 2593
f 2593 2592 2624
f 2586 2585 2623
f 2623 2624 2586
f 2655 2624 2623
f 2621 2584 3155
f 2621 3132 2584
f 2683 2684 2653
f 3093 2683 2653
f 3155 3156 3136
f 3136 3156 3137
f 3136 3137 3114
f 3114 3132 3136
f 3136 2621 3155
f 3132 2621 3136
f 3157 3154 3138
f 3138 3137 3157
f 3137 3156 3157
f 3157 3156 3175
f 20 21 10
f 10 9 20
f 10 4 9
f 8 9 3
f 9 4 3
f 3 4 2829
f 2829 2828 3
f 887 867 870
f 836 834 848
f 848 851 836
f 848 834 847
f 847 864 848
f 848 864 865
f 865 851 848
f 885 869 868
f 865 885 868
f 868 851 865
f 855 838 854
f 842 859 843
f 828 827 840
f 819 827 828
f 819 814 813
f 819 820 814
f 828 820 819
f 839 838 855
f 839 840 827
f 839 827 826
f 839 826 206
f 173 138 172
f 173 839 206
f 172 204 173
f 172 138 137
f 106 136 137
f 137 136 172
f 1952 1953 1931
f 1931 1951 1952
f 1914 1913 1929
f 1914 1931 1932
f 1914 1904 1903
f 1903 1913 1914
f 1929 1928 1914
f 1973 1946 1974
f 1974 1975 1973
f 1949 1975 1951
f 1949 1950 1926
f 1951 1931 1949
f 1949 1931 1950
f 1951 1975 1976
f 1976 1977 1951
f 1976 1975 1979
f 1979 1977 1976
f 1927 1928 1912
f 1912 1911 1927
f 1950 1931 1927
f 1927 1911 1926
f 2000 2001 1972
f 2000 1999 2001
f 2147 2179 2181
f 2181 2179 1685
f 2147 1684 2148
f 2116 2084 2083
f 2083 2118 2116
f 2119 2118 1691
f 1636 1635 1646
f 1627 1634 1635
f 2147 2148 2117
f 2117 2118 2083
f 2117 2148 2118
f 1670 1657 1656
f 1641 1652 1651
f 1652 1664 1651
f 2361 2363 2347
f 2347 2348 2341
f 2347 2363 2362
f 2362 2348 2347
f 2351 2352 2343
f 2343 2350 2351
f 1667 1665 1654
f 1665 1667 1679
f 1679 1667 1682
f 1679 1682 1693
f 2004 1695 1679
f 1857 1854 1853
f 1642 1634 1859
f 1642 1643 1634
f 1953 1955 1933
f 1933 1914 1932
f 1933 1833 1834
f 1834 1826 1933
f 1952 1977 1978
f 1978 1955 1952
f 1978 1977 1979
f 1979 1955 1978
f 2865 2842 2841
f 2809 2840 2811
f 2811 2810 2809
f 2267 1718 1717
f 2225 1712 1718
f 1718 2267 2225
f 2225 2267 2268
f 2177 2141 2176
f 2139 2141 2110
f 2171 2141 2139
f 2110 2109 2139
f 2137 2171 2139
f 2139 2109 2137
f 2142 2177 2143
f 2142 2141 2177
f 2143 2110 2142
f 2110 2141 2142
f 2213 2260 2214
f 2213 2255 2260
f 2261 2218 2260
f 1687 1700 1701
f 1701 1688 1687
f 1717 1711 1710
f 1711 1701 1710
f 1710 1701 1700
f 1709 2258 2297
f 2297 1710 1709
f 2296 1710 2297
f 2293 2248 2247
f 2247 2244 2243
f 2208 2244 2247
f 2247 2248 2208
f 2243 2289 2247
f 2274 2229 2273
f 479 480 424
f 424 423 479
f 424 480 429
f 422 421 479
f 479 423 422
f 303 340 341
f 301 340 303
f 303 304 268
f 341 304 303
f 343 304 342
f 342 384 343
f 341 382 342
f 342 304 341
f 342 382 383
f 383 384 342
f 269 1097 1087
f 1087 700 269
f 1097 700 1087
f 719 720 708
f 708 1107 719
f 708 720 709
f 709 700 708
f 710 722 723
f 735 951 723
f 723 722 735
f 966 965 977
f 951 965 966
f 966 723 951
f 966 711 710
f 710 723 966
f 702 694 701
f 701 711 702
f 268 694 702
f 1568 1566 1594
f 1124 1123 1141
f 1107 1123 1124
f 1141 1125 1124
f 1125 1107 1124
f 486 539 540
f 539 1217 540
f 1218 590 1219
f 1218 1217 539
f 539 590 1218
f 541 540 1192
f 1174 1191 1192
f 1192 1191 541
f 1198 1181 1180
f 1540 1539 1198
f 1199 1573 1181
f 1199 1539 1573
f 1181 1198 1199
f 1199 1198 1539
f 1196 1180 1195
f 385 384 434
f 434 384 1157
f 434 435 385
f 1140 435 434
f 434 1157 1140
f 1174 433 432
f 432 1191 1174
f 383 431 432
f 432 384 383
f 432 433 384
f 386 1122 344
f 344 343 386
f 344 306 343
f 2287 2290 2245
f 2172 2207 2206
f 2202 2207 2172
f 2206 2203 2172
f 2203 2170 2172
f 2774 2757 2756
f 2865 2841 2864
f 2864 2841 2840
f 2776 2799 2800
f 2776 2772 2758
f 221 191 189
f 189 157 190
f 189 158 157
f 191 158 189
f 254 222 246
f 283 254 279
f 246 280 279
f 279 254 246
f 224 256 225
f 225 193 224
f 225 226 193
f 327 288 326
f 327 367 328
f 327 326 367
f 885 884 894
f 895 879 894
f 894 898 895
f 894 884 898
f 901 900 896
f 895 898 901
f 901 896 895
f 912 883 913
f 912 897 883
f 911 897 912
f 913 906 912
f 912 906 911
f 603 607 627
f 627 578 603
f 603 578 626
f 649 602 601
f 607 602 649
f 601 628 649
f 649 628 627
f 627 607 649
f 499 501 500
f 554 501 499
f 601 602 554
f 554 602 555
f 555 501 554
f 554 553 601
f 499 553 554
f 402 453 454
f 453 500 454
f 454 500 501
f 498 551 499
f 399 401 357
f 157 123 156
f 154 187 156
f 156 187 157
f 69 94 70
f 92 94 69
f 280 247 281
f 281 317 280
f 281 315 317
f 281 247 278
f 278 315 281
f 619 569 618
f 664 620 618
f 618 573 619
f 618 620 573
f 567 513 510
f 458 510 511
f 511 513 512
f 511 510 513
f 507 456 506
f 569 513 568
f 568 513 567
f 568 616 569
f 366 365 411
f 411 367 366
f 411 410 464
f 411 365 410
f 516 515 572
f 571 569 619
f 619 573 571
f 571 573 572
f 572 515 571
f 408 363 362
f 364 363 408
f 514 571 515
f 565 614 615
f 614 565 611
f 655 610 654
f 654 610 653
f 653 655 654
f 622 575 968
f 662 660 615
f 664 660 662
f 847 834 846
f 824 825 817
f 817 953 824
f 834 825 824
f 824 953 834
f 691 690 1154
f 687 690 691
f 1092 1086 1091
f 1226 388 1223
f 1223 1086 1226
f 438 388 1226
f 1226 488 438
f 542 488 1226
f 1138 1117 1121
f 1121 1119 1138
f 1118 1117 1138
f 1138 1119 1118
f 1117 1116 1136
f 1136 1137 1117
f 1152 1137 1136
f 1102 1101 1114
f 1494 1461 1493
f 1461 1492 1493
f 1458 1490 1459
f 1458 1459 1430
f 1430 1428 1458
f 1458 1428 1457
f 587 588 538
f 538 588 539
f 538 539 486
f 486 537 538
f 635 636 587
f 587 582 635
f 669 636 635
f 634 669 635
f 635 582 634
f 633 632 634
f 634 582 633
f 633 582 632
f 575 523 521
f 521 969 575
f 576 523 575
f 576 577 523
f 200 201 169
f 169 197 200
f 229 201 196
f 201 200 196
f 196 200 197
f 196 197 163
f 35 53 36
f 135 103 102
f 73 101 102
f 102 101 135
f 74 53 73
f 73 102 74
f 74 102 103
f 74 103 104
f 165 163 169
f 130 129 131
f 131 101 130
f 98 97 128
f 128 129 98
f 72 97 98
f 73 72 98
f 8 2799 16
f 2799 29 16
f 44 30 2858
f 30 2835 2858
f 2858 2834 44
f 2858 2835 2834
f 2932 2935 2936
f 2935 1228 2936
f 1225 1228 1231
f 1225 2936 1228
f 1225 1230 1224
f 1231 1230 1225
f 2932 2936 1225
f 2915 239 2929
f 2926 2927 2915
f 2929 2916 2915
f 2859 2834 2836
f 2855 2876 2856
f 2856 2833 2855
f 2856 2836 2833
f 2855 2833 2854
f 2759 2779 2760
f 2807 2799 2783
f 2783 2782 2807
f 2799 2776 2783
f 2805 2807 2781
f 2807 2782 2781
f 2782 2760 2781
f 2745 2760 2761
f 2761 2760 2782
f 2357 2319 1090
f 2373 2378 2357
f 2357 1090 1227
f 1227 2373 2357
f 2394 2373 2375
f 2394 2378 2373
f 2423 2448 2424
f 2424 2448 2449
f 1861 1872 1862
f 2375 2373 2354
f 2354 2344 2356
f 2373 2355 2354
f 2354 2355 2344
f 1235 2355 1872
f 2344 2355 1235
f 2067 2065 2096
f 2067 2068 2039
f 2099 2068 2067
f 2096 2065 2095
f 1983 1825 2007
f 2007 1825 2032
f 1819 2506 1824
f 1824 1832 2032
f 1824 1825 1819
f 2032 1825 1824
f 2038 2009 2013
f 1987 2009 1985
f 2013 2009 1987
f 1985 1960 1987
f 1987 1960 1986
f 2307 2308 2286
f 3233 3232 3239
f 2358 2378 3233
f 3215 3059 3224
f 3224 3059 3058
f 3071 3238 3231
f 3238 3232 3231
f 1435 3064 1406
f 3064 3063 1406
f 1406 3063 1375
f 1375 1405 1406
f 1406 1405 1435
f 2323 2318 2322
f 2322 2324 2323
f 2319 2318 2323
f 2323 2324 2319
f 2322 2320 2326
f 2326 3069 2327
f 2327 1462 2326
f 2326 1462 1494
f 2321 3070 3066
f 2321 2320 3070
f 2321 2326 2320
f 3066 3069 2321
f 3069 2326 2321
f 452 497 449
f 450 397 449
f 549 497 495
f 495 497 452
f 494 549 495
f 495 446 494
f 452 448 495
f 495 448 446
f 1094 1105 642
f 1155 1173 686
f 686 687 675
f 686 690 687
f 1173 690 686
f 643 644 594
f 595 546 594
f 644 645 594
f 642 1105 1106
f 1105 1120 1106
f 1106 672 642
f 1106 1120 672
f 641 672 643
f 642 672 641
f 641 1094 642
f 491 442 490
f 490 442 441
f 488 543 489
f 489 441 443
f 489 490 441
f 543 490 489
f 390 440 393
f 390 437 440
f 387 437 390
f 347 387 390
f 390 349 347
f 348 312 311
f 311 349 348
f 311 312 282
f 311 310 347
f 347 349 311
f 282 275 311
f 311 275 310
f 88 118 91
f 90 118 88
f 91 67 88
f 19 18 31
f 33 19 31
f 31 30 45
f 31 18 30
f 64 2857 85
f 85 2857 2859
f 2878 2892 2895
f 2876 2892 2878
f 2895 2896 2878
f 2896 116 2878
f 47 48 33
f 47 67 48
f 244 218 249
f 249 218 248
f 249 276 244
f 282 276 249
f 249 248 282
f 188 184 155
f 155 183 188
f 188 183 211
f 245 213 244
f 278 247 245
f 245 247 216
f 216 213 245
f 245 277 278
f 244 277 245
f 212 218 244
f 244 213 212
f 212 188 218
f 212 213 184
f 184 188 212
f 181 208 182
f 182 151 149
f 149 181 182
f 211 183 182
f 182 183 151
f 182 210 211
f 182 208 210
f 309 274 272
f 309 345 310
f 310 274 309
f 3197 3181 3180
f 3195 3194 3207
f 3207 3208 3195
f 3215 3208 3207
f 2478 2449 2477
f 2477 2515 2478
f 3029 3042 3205
f 3049 3059 3214
f 3214 3059 3215
f 3215 3207 3214
f 3163 3178 3179
f 3194 3178 3177
f 3177 3015 3029
f 3178 3163 3177
f 3177 3002 3015
f 3177 3163 3002
f 2446 2445 2474
f 2420 2445 2446
f 2421 2420 2446
f 2515 2475 2514
f 2447 2475 2448
f 2421 2446 2447
f 2447 2446 2475
f 2548 2514 2513
f 2474 2473 2513
f 2473 2512 2513
f 3091 3090 3108
f 3125 3001 3126
f 3001 3147 3126
f 3106 3125 3126
f 3040 3048 3041
f 3041 3027 3040
f 3040 3027 1322
f 3058 3048 3057
f 3057 3061 3058
f 2081 2108 2114
f 2114 2109 2081
f 2114 2108 2137
f 2137 2109 2114
f 2081 2109 2078
f 2073 2045 2046
f 2074 2075 2073
f 2074 2072 2104
f 2073 2046 2074
f 2074 2046 2072
f 2073 2075 2048
f 2048 2049 2018
f 2133 2134 2104
f 2009 2038 2014
f 2014 2038 2044
f 2016 2046 2045
f 2047 2045 2073
f 2047 2019 2045
f 2073 2048 2047
f 2018 2019 2047
f 2047 2048 2018
f 1922 1942 1943
f 1943 1941 1922
f 1943 1942 1964
f 1968 1993 1994
f 1994 1995 1968
f 1996 1995 2024
f 2024 2025 1996
f 1999 2000 1971
f 1971 1972 1944
f 1971 2000 1972
f 2028 2002 1998
f 2002 1999 1998
f 2027 2028 1998
f 1998 2026 2027
f 1970 1995 1996
f 1970 1998 1999
f 1999 1971 1970
f 1970 1971 1944
f 1163 1164 1148
f 1163 1179 1164
f 1140 1157 1158
f 1157 1175 1158
f 1158 1156 1140
f 1160 1156 1158
f 1158 1177 1160
f 1158 1175 1176
f 1176 1177 1158
f 1326 1301 1330
f 1330 1329 1326
f 1301 1329 1330
f 3012 3000 1279
f 1262 1278 1279
f 1279 1278 3012
f 3161 3003 3016
f 3016 3003 3002
f 3002 3163 3016
f 3160 2989 2988
f 2988 3003 3160
f 3146 2989 3160
f 3160 3147 3146
f 3160 3003 3147
f 1340 1342 1341
f 1316 1315 1341
f 1315 1340 1341
f 1341 1317 1316
f 1341 1342 1317
f 1278 3026 3013
f 3013 1298 1278
f 3000 1298 3013
f 3014 3000 3013
f 3028 3014 3013
f 3013 3027 3028
f 3026 3027 3013
f 1322 3027 1320
f 1320 1296 1322
f 1320 3027 1297
f 1297 1296 1320
f 1303 1331 1324
f 1331 1351 1324
f 1299 1303 1324
f 1369 1370 1340
f 1340 1368 1369
f 1399 1370 1369
f 1369 1367 1399
f 1369 1368 1367
f 1367 1368 1339
f 1332 1358 1339
f 1358 1367 1339
f 1339 1315 1332
f 1339 1340 1315
f 1339 1368 1340
f 1398 1389 1421
f 1389 1388 1421
f 1421 1388 1412
f 1408 1411 1380
f 1377 1408 1380
f 1380 1411 1412
f 1380 1352 1377
f 1359 1352 1380
f 1380 1388 1359
f 1412 1388 1380
f 476 530 531
f 471 522 476
f 476 421 471
f 476 477 421
f 476 475 530
f 522 475 476
f 421 477 478
f 479 421 478
f 478 476 531
f 477 476 478
f 478 480 479
f 531 480 478
f 524 473 523
f 523 525 524
f 524 525 473
f 528 475 527
f 527 578 528
f 528 578 579
f 528 579 580
f 580 530 528
f 963 970 973
f 963 974 975
f 963 973 974
f 975 964 963
f 964 948 963
f 903 897 911
f 900 901 903
f 898 897 903
f 903 901 898
f 947 948 937
f 936 947 937
f 937 927 936
f 915 926 917
f 917 908 915
f 915 925 926
f 916 925 915
f 863 930 847
f 931 930 863
f 1606 1615 1616
f 1606 1617 1603
f 1603 1615 1606
f 718 720 719
f 718 717 720
f 718 719 1142
f 1142 707 718
f 1142 1145 1144
f 1144 1145 1129
f 1109 698 699
f 1034 1036 1052
f 1080 1075 1081
f 1075 1072 1081
f 1081 1071 1080
f 1081 1072 1071
f 1526 1547 1527
f 1495 1526 1527
f 1525 1495 1527
f 1527 1560 1525
f 1616 1602 1610
f 803 1589 798
f 1525 1560 1561
f 1561 1559 1525
f 1587 1559 1561
f 767 760 766
f 766 774 767
f 998 2359 997
f 2359 1775 997
f 1775 890 997
f 997 1009 998
f 997 1010 1009
f 997 999 1010
f 1045 1023 1029
f 1029 1023 1014
f 1028 1053 1054
f 1053 1068 1054
f 1054 1029 1028
f 1054 1068 1045
f 1045 1029 1054
f 1013 1029 1014
f 1028 1029 1013
f 1014 999 1013
f 1052 1028 1027
f 1028 1013 1027
f 1027 1013 1026
f 1381 1383 1413
f 1413 1414 1381
f 1381 1414 1384
f 1381 1384 1385
f 1381 1385 1354
f 1354 1353 1381
f 1381 1353 1383
f 1478 1446 1445
f 1445 1477 1478
f 1444 1477 1445
f 1413 1444 1445
f 1445 1446 1413
f 1453 1448 1420
f 1420 1387 1419
f 1326 1355 1356
f 1356 1353 1326
f 1392 1393 1423
f 1423 1424 1392
f 1393 1424 1423
f 1392 1424 1397
f 1397 1366 1392
f 1397 1395 1366
f 1397 1396 1395
f 1419 1387 1418
f 1453 1420 1418
f 1418 1420 1419
f 1418 1452 1453
f 1393 1422 1030
f 1422 1055 1030
f 1032 1030 1055
f 783 788 780
f 772 780 781
f 774 780 772
f 1544 1510 1543
f 1543 1510 1509
f 1509 1542 1543
f 1543 1542 1575
f 1471 1466 1465
f 1465 1466 1436
f 1465 1440 1471
f 1436 1440 1465
f 1439 1449 1471
f 1410 1409 1439
f 1439 1440 1410
f 1471 1440 1439
f 1416 1414 1447
f 1447 1449 1416
f 1384 1414 1416
f 1416 1409 1384
f 1416 1439 1409
f 1449 1439 1416
f 1498 1468 1467
f 1436 1466 1467
f 1467 1468 1436
f 1571 1593 1601
f 1601 1593 1592
f 1592 1610 1601
f 1601 1602 1571
f 1601 1610 1602
f 1528 1559 1565
f 1559 1586 1565
f 1565 1564 1528
f 1565 1586 1592
f 1592 1593 1565
f 1569 1564 1565
f 1565 1593 1569
f 2589 2625 2626
f 2626 2625 2658
f 2658 2659 2626
f 2659 2628 2626
f 2662 2630 2661
f 2630 2628 2661
f 2661 2689 2662
f 2661 2660 2689
f 2661 2628 2660
f 3175 3156 3174
f 3174 3156 3173
f 3174 3192 3175
f 3174 3190 3192
f 3153 3158 3140
f 3140 3135 3153
f 3140 3159 3142
f 3158 3159 3140
f 3115 3133 3113
f 3037 1070 3022
f 1079 1070 3037
f 3032 3037 3022
f 3032 1084 1079
f 1079 3037 3032
f 3008 3007 3024
f 3008 3009 2993
f 3024 3009 3008
f 2992 3008 2993
f 3007 3008 2992
f 3022 3007 3021
f 3186 3198 3184
f 3184 2983 3168
f 3020 3005 3004
f 3004 3019 3020
f 3153 3154 3167
f 3154 3171 3167
f 3167 3168 3153
f 3185 3171 3170
f 3170 3171 3154
f 3154 3157 3170
f 3175 3185 3170
f 3170 3157 3175
f 2948 3105 2941
f 2948 3124 3105
f 2941 2947 2948
f 2947 3124 2948
f 3105 3088 3104
f 3103 3121 3104
f 3104 3087 3103
f 3104 3088 3087
f 2938 3121 2939
f 2942 2940 2939
f 2937 2938 2939
f 2939 2940 2937
f 3121 3143 2939
f 2981 2995 2994
f 2995 1285 2994
f 1246 1242 1250
f 1250 1256 1257
f 1250 1257 1254
f 1254 1246 1250
f 2964 1239 2950
f 1240 1239 2964
f 2964 1242 1240
f 2964 2977 1242
f 2974 1255 1248
f 2974 2976 1255
f 2950 2949 2963
f 2963 2964 2950
f 2977 2964 2963
f 2990 2984 2991
f 3005 2992 2991
f 2991 2984 2997
f 2997 3004 2991
f 2991 3004 3005
f 2978 2979 2965
f 2965 2970 2978
f 2970 2984 2978
f 2978 2984 2990
f 2990 2979 2978
f 2953 2952 2965
f 3039 1306 3025
f 3025 3024 3039
f 3025 3009 3024
f 3010 1285 2995
f 1306 1287 1305
f 1305 3025 1306
f 3009 3025 1305
f 2995 3009 1305
f 3144 3145 3125
f 2960 3145 3144
f 3125 2961 3144
f 2947 2960 3144
f 3144 2961 2947
f 2410 2437 2438
f 2410 2409 2437
f 2389 2409 2410
f 2464 2500 2465
f 2438 2437 2464
f 2464 2465 2438
f 2464 2437 2463
f 2463 2498 2464
f 2501 2465 2504
f 2501 2502 2465
f 1815 1821 1817
f 1817 1816 1815
f 2502 2501 1817
f 2502 1817 1823
f 2503 2466 2465
f 2465 2502 2503
f 2502 1823 2503
f 2600 2601 2566
f 2566 2601 2568
f 2566 2599 2600
f 2565 2599 2566
f 2566 2532 2565
f 2566 2568 2534
f 2534 2532 2566
f 2640 2602 2639
f 1793 1799 2640
f 2570 2602 2603
f 2602 2640 2603
f 2603 2640 1799
f 2603 1799 2605
f 2605 2604 2603
f 2571 2569 2536
f 2536 2570 2571
f 2571 2604 2572
f 2572 2569 2571
f 2570 2603 2571
f 2571 2603 2604
f 2541 2543 2509
f 1812 1807 1811
f 1899 1901 1888
f 1888 1887 1899
f 1908 1901 1899
f 1899 1887 1900
f 1900 1887 1898
f 1898 1887 1886
f 1919 1906 1918
f 1958 1960 1936
f 1958 1957 1983
f 1812 1957 1935
f 1957 1958 1935
f 1935 1936 1918
f 1935 1958 1936
f 2576 2607 2574
f 2576 2543 1800
f 2574 2543 2576
f 2641 2607 1795
f 2607 1796 1795
f 1795 1796 1792
f 1792 1796 1797
f 1934 1917 1801
f 1801 1807 1934
f 1918 1917 1934
f 1934 1935 1918
f 1989 1965 1962
f 1938 1963 1962
f 1962 1963 1989
f 1962 1939 1938
f 1962 1965 1939
f 2019 1991 1992
f 1992 1965 1989
f 1992 1991 1964
f 1964 1965 1992
f 1909 1920 1923
f 1909 1899 1900
f 1909 1923 1908
f 1908 1899 1909
f 2668 1784 1787
f 2668 2667 1784
f 1787 1789 2668
f 1789 2667 2668
f 1882 1879 1881
f 1888 1882 1881
f 1881 1887 1888
f 1886 1887 1881
f 1881 1885 1886
f 1884 1885 1881
f 2093 1845 2094
f 2395 2398 2415
f 2415 2416 2395
f 2442 2443 2415
f 2415 2443 2416
f 2377 2398 2395
f 2469 1824 2506
f 2416 2443 2444
f 2444 2445 2416
f 2470 2445 2444
f 2472 2473 2444
f 2473 2470 2444
f 2443 2469 2444
f 2417 2445 2420
f 2417 2418 2395
f 2420 2418 2417
f 2395 2416 2417
f 2416 2445 2417
f 2645 2674 2675
f 2645 2644 2674
f 2611 2644 2645
f 2701 2675 2700
f 2700 2717 2701
f 2716 2727 2718
f 2719 2704 2718
f 2718 2727 2719
f 2609 2644 2611
f 2643 2644 2609
f 861 1780 845
f 845 844 861
f 845 1779 831
f 830 844 845
f 845 831 830
f 1755 1768 1769
f 1769 1756 1755
f 1767 1768 1755
f 1755 1756 1742
f 1755 1766 1767
f 1727 1724 1723
f 1727 1732 1733
f 1727 2869 1726
f 1629 1636 1637
f 1649 1650 1638
f 1660 1661 1649
f 1649 1661 1735
f 1735 1746 1649
f 1771 1638 1772
f 1638 1650 1772
f 1638 1640 1639
f 1639 1640 1631
f 2123 2122 2155
f 2155 2154 2123
f 2122 2154 2155
f 2123 2154 2823
f 1714 1720 1715
f 1735 1661 1675
f 1705 1715 1729
f 1705 1714 1715
f 1672 1659 1671
f 1671 1688 1672
f 1041 1062 1065
f 1040 1062 1041
f 1020 1040 1041
f 1042 1020 1041
f 1041 1065 1042
f 2428 2429 2403
f 2428 2403 2404
f 2433 2429 2454
f 2487 2458 2454
f 2454 2458 2433
f 2454 2429 2453
f 2454 2486 2487
f 2453 2486 2454
f 2386 2385 2403
f 2387 2365 2386
f 2386 2405 2387
f 2386 2403 2405
f 3073 3074 3075
f 2528 2490 2527
f 2490 2489 2527
f 2527 2489 2488
f 2521 2483 2482
f 2482 2481 2521
f 2589 2559 2588
f 2588 2587 2589
f 2559 2587 2588
f 2625 2587 2594
f 2594 2593 2625
f 2594 2587 2562
f 2562 2593 2594
f 2654 2653 2684
f 2654 2684 2655
f 2655 2623 2654
f 3112 3095 3093
f 3093 2653 3112
f 3096 3095 3112
f 2622 2623 2585
f 2622 2654 2623
f 2653 2654 2622
f 2622 2585 2584
f 2584 3132 2622
f 7 2799 8
f 8 3 7
f 3 2 7
f 2800 2799 7
f 7 2 2800
f 2839 2840 2809
f 2808 2837 2809
f 2826 2808 2798
f 2837 2808 2826
f 22 21 35
f 35 36 22
f 822 1773 1762
f 1765 1773 1776
f 1776 1779 1767
f 1767 1766 1776
f 1776 1766 1765
f 1764 1773 1765
f 1762 1773 1764
f 1749 1750 1737
f 1749 1764 1750
f 1733 1732 1731
f 1731 1727 1726
f 1732 1727 1731
f 813 814 811
f 811 810 813
f 146 113 112
f 810 811 177
f 813 810 177
f 62 61 83
f 2882 2883 2865
f 2865 2864 2882
f 114 113 146
f 146 2918 114
f 114 2918 2917
f 83 113 114
f 114 2917 83
f 2884 2883 2906
f 2906 2885 2884
f 2918 2920 2906
f 878 869 885
f 878 894 879
f 885 894 878
f 879 859 858
f 859 842 858
f 858 878 879
f 828 840 841
f 134 101 133
f 133 168 134
f 133 131 168
f 233 204 199
f 296 295 336
f 172 136 171
f 171 204 172
f 171 136 134
f 205 238 838
f 205 173 204
f 838 839 205
f 839 173 205
f 174 173 206
f 138 173 174
f 206 826 174
f 826 138 174
f 106 137 107
f 107 137 138
f 104 105 76
f 76 105 106
f 106 107 76
f 76 107 108
f 1954 1931 1953
f 1932 1931 1954
f 1953 1933 1954
f 1954 1933 1932
f 1930 1914 1928
f 1931 1914 1930
f 1928 1927 1930
f 1930 1927 1931
f 1947 1973 1975
f 1926 1925 1947
f 1947 1925 1946
f 1946 1973 1947
f 1947 1949 1926
f 1975 1949 1947
f 1926 1950 1948
f 1948 1927 1926
f 1950 1927 1948
f 2083 2052 2082
f 2050 2078 2079
f 2079 2078 2109
f 2079 2109 2110
f 2110 2111 2079
f 2144 2110 2143
f 2059 2060 2027
f 2182 1684 2147
f 2147 2181 2182
f 1685 1684 2182
f 2150 1684 1691
f 2150 2148 1684
f 2120 2150 1691
f 2148 2150 2120
f 2084 2116 2086
f 2085 2084 2086
f 2057 2055 2086
f 2052 2085 2086
f 2086 2116 2118
f 2027 2057 2058
f 2058 2059 2027
f 2121 2119 1691
f 2111 2144 2145
f 2179 2180 2145
f 1678 1664 1665
f 1665 1681 1678
f 2030 1681 2003
f 2030 1678 1681
f 1685 1700 1686
f 1686 1687 1670
f 1686 1700 1687
f 1655 1656 1645
f 1641 1651 1645
f 1645 1651 1655
f 1645 1656 1657
f 1645 1657 1646
f 1645 1635 1641
f 1646 1635 1645
f 2346 2340 1238
f 2360 2361 2346
f 2346 1238 2360
f 2341 2340 2345
f 2361 2347 2345
f 2345 2347 2341
f 2345 2346 2361
f 2340 2346 2345
f 1238 2340 2339
f 2352 2370 1860
f 1860 1854 1859
f 1860 2370 1854
f 2341 2348 2342
f 2350 2343 2342
f 1628 1636 1629
f 1635 1636 1628
f 1628 1627 1635
f 1653 1667 1654
f 1653 1857 1853
f 1643 1857 1653
f 1654 1644 1653
f 1644 1643 1653
f 1665 1679 1680
f 1695 1696 1680
f 1680 1679 1695
f 1680 1681 1665
f 1680 1696 2003
f 2003 1681 1680
f 1694 1708 2005
f 1694 2005 2004
f 2004 1679 1694
f 1693 1708 1694
f 1694 1679 1693
f 1852 1653 1853
f 1693 1682 1698
f 1698 1707 1693
f 1698 1848 1841
f 1841 1707 1698
f 1858 1857 1643
f 1854 1857 1858
f 1643 1642 1858
f 1859 1854 1858
f 1858 1642 1859
f 1841 1955 1847
f 1835 1836 1827
f 1827 1834 1835
f 1834 1833 1835
f 1835 1933 1955
f 1833 1933 1835
f 1981 1955 1841
f 1841 1836 1981
f 1981 1835 1955
f 1836 1835 1981
f 1915 1826 1827
f 1915 1933 1826
f 1914 1933 1915
f 1904 1914 1915
f 2438 2466 2467
f 2412 1838 2439
f 2412 2410 2438
f 1827 1836 1837
f 1837 1836 1841
f 2439 1838 1837
f 1726 2869 2871
f 2871 2870 1726
f 2846 2868 2870
f 2846 2871 2869
f 2870 2871 2846
f 2817 2814 2843
f 2843 2814 2842
f 2842 2814 2813
f 2840 2841 2813
f 2813 2841 2842
f 2813 2811 2840
f 2788 2811 2813
f 2813 2814 2788
f 2257 2267 1717
f 2257 2297 2258
f 2296 2297 2257
f 2228 2189 2187
f 2229 2189 2228
f 2272 2248 2273
f 2249 2248 2272
f 2272 2228 2271
f 2273 2229 2272
f 2229 2228 2272
f 2251 2210 2252
f 2252 2208 2251
f 2251 2272 2271
f 1712 2225 2186
f 2186 2153 1719
f 1719 1712 2186
f 2186 2187 2153
f 2174 2141 2173
f 2173 2209 2174
f 2209 2210 2174
f 2177 2176 2175
f 2175 2174 2210
f 2175 2176 2141
f 2141 2174 2175
f 2255 2213 2211
f 2211 2175 2210
f 2211 2257 2258
f 2260 2255 2259
f 2259 2261 2260
f 2259 2258 2298
f 2298 1709 2259
f 2259 2211 2258
f 2255 2211 2259
f 2218 2261 1699
f 1685 2218 1699
f 1699 1700 1685
f 1709 1710 1699
f 1699 1710 1700
f 1699 2259 1709
f 2261 2259 1699
f 1717 1710 2295
f 2295 1710 2296
f 2295 2257 1717
f 2296 2257 2295
f 2293 2247 2292
f 2292 2247 2289
f 2229 2274 2275
f 2275 2248 2293
f 2273 2248 2275
f 2275 2274 2273
f 425 426 380
f 429 426 425
f 425 424 429
f 423 424 377
f 376 422 423
f 376 984 983
f 983 420 376
f 989 984 376
f 420 421 376
f 421 422 376
f 376 377 989
f 423 377 376
f 1108 708 700
f 1108 700 1097
f 1108 1122 1107
f 1107 708 1108
f 1108 344 1122
f 1097 306 1108
f 306 344 1108
f 978 966 977
f 711 966 978
f 302 303 268
f 268 702 302
f 301 303 302
f 1599 1594 1149
f 1568 1594 1599
f 1149 1166 1599
f 1599 1166 1568
f 1595 1594 1566
f 1598 1131 1595
f 1149 1594 1595
f 1595 1567 1598
f 1595 1566 1567
f 1595 1132 1149
f 1595 1131 1132
f 1089 1099 1100
f 1100 1099 1112
f 1112 1613 1100
f 1100 1597 1089
f 1613 1597 1100
f 1112 1099 1111
f 1130 1113 1111
f 1111 1113 1112
f 1111 1129 1130
f 1111 1110 1129
f 1088 1099 1089
f 1217 1218 1206
f 1206 540 1217
f 1206 1192 540
f 1176 1175 1193
f 1193 1175 1174
f 1174 1192 1193
f 1604 1198 1210
f 1540 1198 1574
f 1574 1198 1604
f 1574 1541 1540
f 1574 1549 1541
f 1180 1196 1197
f 1197 1196 1209
f 1209 1210 1197
f 1197 1198 1180
f 1197 1210 1198
f 1208 1214 1209
f 1209 1196 1208
f 487 540 541
f 541 1191 487
f 1191 432 487
f 487 432 431
f 487 431 486
f 486 540 487
f 2286 2287 2241
f 2245 2207 2241
f 2241 2287 2245
f 2201 2207 2202
f 2169 2136 2135
f 2169 2201 2202
f 2202 2172 2169
f 2138 2172 2170
f 2138 2170 2137
f 2136 2169 2138
f 2138 2169 2172
f 2137 2108 2138
f 2108 2136 2138
f 2309 2311 2290
f 2290 2287 2309
f 2756 2311 2309
f 2309 2774 2756
f 2309 2287 2286
f 2309 2316 2774
f 2286 2308 2309
f 2308 2316 2309
f 2742 2311 2756
f 2756 2757 2742
f 2772 2776 2797
f 2797 2826 2798
f 2797 2798 2773
f 2773 2772 2797
f 572 520 519
f 328 367 368
f 371 416 417
f 837 825 836
f 837 835 825
f 866 887 886
f 867 887 866
f 835 470 466
f 222 254 250
f 250 283 284
f 250 254 283
f 280 317 316
f 316 279 280
f 317 353 316
f 318 283 316
f 283 279 316
f 256 288 289
f 288 327 289
f 328 290 289
f 289 327 328
f 455 504 456
f 503 504 455
f 499 500 451
f 451 498 499
f 453 401 451
f 451 500 453
f 401 399 451
f 450 498 451
f 356 399 357
f 356 319 318
f 357 320 356
f 320 319 356
f 398 397 450
f 450 451 398
f 398 451 399
f 398 353 397
f 122 123 92
f 122 156 123
f 92 93 122
f 122 93 120
f 122 120 154
f 154 156 122
f 50 70 51
f 50 69 70
f 51 34 50
f 68 93 92
f 92 69 68
f 91 93 68
f 68 67 91
f 48 67 68
f 617 660 664
f 664 618 617
f 569 616 617
f 617 618 569
f 567 510 509
f 509 510 458
f 515 516 463
f 463 514 515
f 461 514 463
f 464 410 463
f 463 516 464
f 364 408 409
f 409 365 364
f 410 365 409
f 512 513 460
f 513 514 460
f 460 514 461
f 570 514 513
f 571 514 570
f 570 513 569
f 569 571 570
f 613 565 612
f 567 613 612
f 660 616 612
f 612 568 567
f 616 568 612
f 615 660 612
f 612 565 615
f 564 611 565
f 615 614 661
f 661 662 615
f 680 662 661
f 656 611 610
f 610 655 656
f 621 653 652
f 652 622 621
f 621 622 968
f 680 661 658
f 655 653 967
f 653 621 967
f 967 968 955
f 967 621 968
f 955 941 946
f 946 941 935
f 834 953 833
f 833 846 834
f 1154 1137 1153
f 1153 1137 1152
f 687 691 1190
f 1189 683 1190
f 1190 682 687
f 1190 683 682
f 1086 1092 1093
f 1093 1226 1086
f 1135 1136 1116
f 1101 2325 2329
f 2329 1114 1101
f 2330 1583 2332
f 2330 2329 2325
f 2332 1114 2330
f 1114 2329 2330
f 1555 1583 2330
f 2330 1556 1555
f 1551 1552 1518
f 1518 1552 1519
f 1457 1487 1488
f 1488 1458 1457
f 1549 1580 1578
f 1578 1580 1213
f 1184 1551 1200
f 1200 1551 1579
f 1200 1578 1213
f 586 583 587
f 587 538 586
f 586 538 537
f 536 583 586
f 586 537 536
f 505 504 561
f 506 456 505
f 456 504 505
f 980 969 979
f 969 521 979
f 979 523 980
f 979 521 523
f 626 577 625
f 577 576 625
f 575 624 625
f 625 576 575
f 262 296 263
f 169 202 203
f 203 202 201
f 229 196 195
f 194 228 195
f 195 228 229
f 195 161 194
f 195 196 161
f 162 196 163
f 162 163 128
f 128 127 162
f 162 127 161
f 161 196 162
f 53 74 54
f 37 36 54
f 54 36 53
f 164 129 163
f 163 165 164
f 164 165 129
f 166 165 169
f 169 131 166
f 129 165 166
f 166 131 129
f 99 129 130
f 99 98 129
f 73 98 99
f 8 16 17
f 17 16 29
f 17 18 8
f 17 29 30
f 30 18 17
f 1222 2927 2926
f 1222 1225 1224
f 2933 2926 2932
f 2932 1225 2933
f 2933 1222 2926
f 1225 1222 2933
f 239 2915 2928
f 2928 2915 2927
f 2927 1222 2928
f 1224 239 2928
f 2928 1222 1224
f 2926 2915 2914
f 2895 2892 2913
f 2913 178 2895
f 2913 2916 178
f 2913 2915 2916
f 2859 2836 2860
f 2836 2856 2860
f 2860 2856 2876
f 2876 2878 2860
f 2762 2776 2758
f 2762 2783 2776
f 2782 2783 2762
f 2762 2761 2782
f 2379 2378 2358
f 2379 2357 2378
f 2379 2358 2318
f 2379 2318 2319
f 2319 2357 2379
f 2400 2424 3236
f 2397 2394 2375
f 2397 2419 2421
f 2375 2396 2397
f 2396 2419 2397
f 2378 2394 2399
f 2399 2400 2378
f 2424 2400 2399
f 2394 2397 2399
f 2423 2424 2399
f 3220 2424 2449
f 3219 2424 3220
f 2449 2478 3220
f 3220 2478 3219
f 3236 2424 3237
f 3229 3219 3218
f 3229 2424 3219
f 3229 3237 2424
f 2353 2372 2356
f 2356 2344 2353
f 2344 1861 2353
f 1872 1861 1871
f 1871 1235 1872
f 2337 1861 2344
f 2344 1235 2337
f 2337 1871 1861
f 1235 1871 2337
f 2063 1845 2093
f 2063 2036 2035
f 2066 2067 2039
f 2065 2067 2066
f 2097 2067 2096
f 2125 2158 2161
f 2125 2159 2160
f 2161 2159 2125
f 1862 1872 2152
f 1872 2151 2152
f 2161 2158 2157
f 2157 2152 2151
f 2096 2095 1855
f 1855 2353 1861
f 2008 2010 1986
f 2008 2007 2035
f 2035 2036 2008
f 2032 1832 2033
f 2033 2007 2032
f 1832 1824 1831
f 1831 1840 1832
f 1986 2010 2011
f 2011 1987 1986
f 2011 2010 2039
f 2222 2223 2184
f 2184 2935 2222
f 1227 2935 2184
f 2184 2151 1227
f 2161 2157 2185
f 2185 2157 2151
f 2185 2194 2161
f 2151 2184 2185
f 2185 2184 2223
f 2306 2307 2285
f 2285 2307 2286
f 3239 2358 3240
f 3240 3233 3239
f 2358 3233 3240
f 3232 3233 3227
f 3068 3067 3071
f 3071 3231 3068
f 3064 3067 3068
f 3061 3231 3225
f 3225 3231 3232
f 2325 2324 1585
f 1556 1585 1557
f 447 448 396
f 446 448 447
f 447 396 395
f 395 394 447
f 394 446 447
f 400 448 452
f 452 449 400
f 400 449 397
f 396 448 400
f 496 449 497
f 550 551 496
f 496 497 550
f 450 449 496
f 551 498 496
f 496 498 450
f 676 645 675
f 675 677 676
f 677 647 676
f 646 596 595
f 646 676 647
f 645 676 646
f 595 594 646
f 646 594 645
f 646 647 597
f 597 596 646
f 1094 641 592
f 593 641 643
f 643 594 593
f 593 594 546
f 443 488 492
f 492 489 443
f 488 489 492
f 348 349 392
f 349 390 392
f 393 348 392
f 392 390 393
f 89 90 66
f 90 88 66
f 66 87 89
f 65 87 66
f 66 47 65
f 66 88 67
f 67 47 66
f 65 47 46
f 45 65 46
f 46 31 45
f 33 31 46
f 46 47 33
f 217 188 211
f 218 188 217
f 217 211 243
f 243 218 217
f 308 309 272
f 345 309 308
f 272 307 308
f 307 1233 308
f 308 1233 1227
f 1227 1232 308
f 308 1232 346
f 346 345 308
f 3179 3180 3164
f 3180 3181 3164
f 3164 3163 3179
f 3164 3166 3162
f 3181 3166 3164
f 3181 3197 2583
f 2583 3166 3181
f 2515 2514 2549
f 2549 2514 2548
f 2549 2581 2582
f 2548 2581 2549
f 2550 3180 3196
f 2550 3197 3180
f 2515 2549 2550
f 2550 2549 2582
f 2582 2583 2550
f 2550 2583 3197
f 3210 3209 3219
f 3219 2478 3210
f 3196 3209 3210
f 3206 3205 3042
f 3206 3214 3207
f 3206 3207 3194
f 3194 3205 3206
f 3206 3042 3049
f 3049 3214 3206
f 3149 3164 3162
f 3163 3164 3149
f 3149 3147 3161
f 3161 3016 3149
f 3149 3016 3163
f 3193 3177 3029
f 3194 3177 3193
f 3029 3205 3193
f 3193 3205 3194
f 2476 2514 2475
f 2476 2513 2514
f 2475 2446 2476
f 2476 2446 2474
f 2474 2513 2476
f 2547 2581 2548
f 2548 2513 2547
f 2547 2513 2512
f 2544 2578 2545
f 2511 2544 2545
f 2545 2579 2580
f 2578 2579 2545
f 3106 3126 3107
f 3107 3089 3106
f 3107 3108 3089
f 3128 3126 3147
f 3147 3149 3128
f 3128 3107 3126
f 3064 3061 3060
f 3061 3057 3060
f 3060 3063 3064
f 2044 2072 2043
f 2072 2046 2043
f 2043 2014 2044
f 2015 2014 2043
f 2043 2016 2015
f 2046 2016 2043
f 2104 2134 2105
f 2105 2074 2104
f 2105 2134 2107
f 2075 2074 2105
f 2049 2048 2051
f 2051 2021 2049
f 2051 2050 2021
f 2081 2078 2051
f 2051 2078 2050
f 1959 1961 1966
f 1941 1943 1967
f 1967 1968 1941
f 1967 1943 1964
f 1993 1968 1967
f 1964 1991 1967
f 1967 1991 1993
f 2023 1995 1994
f 2023 2024 1995
f 1994 2022 2023
f 2055 2024 2054
f 2052 2086 2054
f 2054 2086 2055
f 2056 2055 2057
f 2056 2024 2055
f 2025 2024 2056
f 2056 2057 2027
f 2027 2025 2056
f 1996 2026 1997
f 1997 1970 1996
f 2026 1998 1997
f 1998 1970 1997
f 1969 1968 1995
f 1995 1970 1969
f 1969 1970 1944
f 1944 1941 1969
f 1941 1968 1969
f 1178 1163 1176
f 1179 1163 1178
f 1176 1193 1178
f 1195 1179 1178
f 1162 1147 1161
f 1161 1177 1162
f 1148 1147 1162
f 1162 1163 1148
f 1162 1177 1176
f 1176 1163 1162
f 2999 3000 2987
f 2999 1279 3000
f 2999 2987 1276
f 1262 1279 2999
f 1276 1262 2999
f 1349 1379 1377
f 1377 1350 1349
f 1349 1324 1351
f 1349 1378 1379
f 1349 1351 1378
f 1398 1421 1426
f 1455 1456 1426
f 1426 1427 1398
f 1429 1427 1426
f 1426 1456 1429
f 1455 1426 1443
f 1443 1426 1421
f 1443 1421 1412
f 530 475 529
f 529 528 530
f 475 528 529
f 957 970 958
f 970 963 958
f 958 942 957
f 947 942 958
f 958 948 947
f 958 963 948
f 902 906 900
f 900 903 902
f 911 906 902
f 902 903 911
f 927 937 928
f 917 927 928
f 929 919 928
f 928 919 917
f 938 937 948
f 939 929 938
f 929 928 938
f 938 928 937
f 938 949 939
f 948 949 938
f 907 908 905
f 907 915 908
f 916 915 907
f 905 906 907
f 907 906 914
f 914 916 907
f 1619 1606 1089
f 1617 1606 1619
f 1089 1614 1619
f 1619 1614 1617
f 1607 695 696
f 1607 696 1089
f 1089 1606 1607
f 1605 695 1607
f 1607 1606 1605
f 717 705 716
f 733 717 716
f 716 732 733
f 706 718 707
f 706 705 717
f 717 718 706
f 1109 699 706
f 698 705 706
f 706 699 698
f 1159 707 1142
f 1142 1144 1159
f 1159 1144 707
f 1129 1110 1128
f 1128 1144 1129
f 1035 1036 1018
f 1036 1034 1018
f 1452 1418 1451
f 1451 1418 1450
f 992 1451 1450
f 781 790 791
f 1484 1477 1452
f 1509 1477 1484
f 805 803 792
f 792 788 783
f 1591 1610 1592
f 1591 1586 1587
f 1592 1586 1591
f 1587 1561 1591
f 798 1589 1588
f 1589 1561 1588
f 738 737 746
f 753 890 905
f 753 997 890
f 776 766 770
f 761 760 767
f 1037 1034 1052
f 1052 1027 1037
f 1037 1027 1026
f 1415 1448 1444
f 1415 1420 1448
f 1415 1444 1413
f 1413 1383 1415
f 1387 1420 1415
f 1386 1355 1357
f 1386 1356 1355
f 1357 1387 1386
f 1417 1424 1450
f 1417 1397 1424
f 1396 1397 1417
f 1450 1418 1417
f 1387 1396 1417
f 1417 1418 1387
f 3045 1057 1056
f 1057 1032 1056
f 3052 3045 1056
f 1056 1055 3052
f 1056 1032 1055
f 1035 1018 1033
f 1033 1018 1017
f 1033 1057 1035
f 1033 1032 1057
f 1513 1510 800
f 800 790 799
f 1562 1527 1547
f 1562 799 798
f 798 799 789
f 789 780 788
f 799 790 789
f 781 780 789
f 789 790 781
f 1498 1467 1496
f 1496 1495 1525
f 1525 1498 1496
f 1496 1466 1495
f 1496 1467 1466
f 2627 2628 2589
f 2589 2626 2627
f 2627 2626 2628
f 3173 3190 3191
f 3191 3174 3173
f 3190 3174 3191
f 3119 3118 3099
f 3133 3135 3134
f 3134 3113 3133
f 3135 3113 3134
f 3097 3083 3096
f 3096 3116 3097
f 3097 3116 3115
f 3115 3113 3097
f 1078 1077 1066
f 1042 1065 1066
f 3200 3185 3199
f 3187 3185 3200
f 3199 3192 3200
f 3221 1078 1082
f 1082 1084 3223
f 3223 3222 1082
f 1084 3032 3223
f 3223 3032 3222
f 3213 3222 3043
f 3033 3032 3022
f 3022 3021 3033
f 3033 3021 3032
f 3007 2992 3006
f 3006 3021 3007
f 3020 3021 3006
f 3006 3005 3020
f 3006 2992 3005
f 3186 3184 3183
f 3183 3184 3168
f 2997 2983 2996
f 2983 3184 2996
f 2996 3004 2997
f 3020 3019 3031
f 3031 3021 3020
f 3032 3021 3031
f 3019 3004 3018
f 3011 3184 3198
f 3011 2996 3184
f 3004 2996 3011
f 2725 2711 2710
f 2726 2728 3074
f 2726 2721 2712
f 2712 2711 2726
f 2711 2725 2726
f 2726 2725 2728
f 2941 3105 3123
f 3105 3104 3123
f 1268 2994 1285
f 1268 1287 1288
f 1256 1269 1268
f 1268 1269 1255
f 1285 3010 1268
f 1288 1270 1268
f 1270 1256 1268
f 1249 1242 1248
f 1249 1250 1242
f 1256 1250 1249
f 1248 1255 1249
f 1249 1255 1256
f 2962 2963 2949
f 2949 2953 2962
f 2976 2974 2962
f 2967 2976 2962
f 2962 2953 2967
f 2970 2969 2982
f 2982 2969 2968
f 3142 3159 2982
f 2982 2968 3142
f 2944 2953 2949
f 2952 2953 2944
f 2944 2939 3143
f 2944 2949 2942
f 2942 2939 2944
f 2990 2991 2980
f 2980 2991 2992
f 2980 2979 2990
f 2981 2967 2980
f 2967 2979 2980
f 2993 2981 2980
f 2980 2992 2993
f 2965 2967 2966
f 2966 2953 2965
f 2967 2953 2966
f 1286 3010 2995
f 2995 1305 1286
f 1286 1305 1287
f 1287 1268 1286
f 1286 1268 3010
f 2538 2500 2499
f 2500 2464 2499
f 2499 2498 2538
f 2499 2464 2498
f 1816 1817 2539
f 2539 2504 1809
f 1809 1816 2539
f 2539 2501 2504
f 2539 1817 2501
f 1822 1817 1821
f 1822 1823 1817
f 1822 1821 1827
f 1827 1823 1822
f 1828 1823 1827
f 1827 1837 1828
f 1828 1837 1838
f 2466 2503 2505
f 2505 2503 1823
f 2505 2467 2466
f 1823 1828 2505
f 2505 1828 2467
f 2639 2669 2670
f 2670 2640 2639
f 2670 2669 1791
f 2543 2541 1805
f 1800 2543 1805
f 1982 1957 1812
f 1812 1811 1982
f 1983 1957 1982
f 1982 1811 1983
f 1983 1811 2006
f 2006 1811 1819
f 2006 1825 1983
f 1819 1825 2006
f 2508 1811 1810
f 2508 2541 2509
f 1810 2541 2508
f 2508 2509 2472
f 1806 1811 1807
f 1806 1805 2541
f 1806 2541 1810
f 1810 1811 1806
f 1806 1807 1800
f 1800 1805 1806
f 1918 1936 1937
f 1937 1919 1918
f 1937 1936 1959
f 1907 1909 1900
f 1920 1909 1907
f 1900 1898 1907
f 1907 1898 1906
f 1906 1919 1907
f 2641 2672 2642
f 2643 2607 2642
f 2642 2607 2641
f 2642 2674 2643
f 1956 1807 1812
f 1812 1935 1956
f 1956 1934 1807
f 1935 1934 1956
f 2610 2576 1800
f 2607 2576 2610
f 1800 1796 2610
f 2610 1796 2607
f 2641 1795 2671
f 2671 1795 1792
f 1792 2695 2671
f 2671 2672 2641
f 2671 2695 2672
f 1916 1796 1905
f 1905 1797 1916
f 1916 1797 1796
f 2045 2019 2017
f 2019 1992 2017
f 2017 2016 2045
f 1989 2016 2017
f 2017 1992 1989
f 1786 1884 1880
f 1884 1881 1880
f 1880 1879 1786
f 1880 1881 1879
f 2064 2095 2065
f 2064 2094 2095
f 2093 2094 2064
f 2064 2063 2093
f 2065 2036 2064
f 2036 2063 2064
f 2034 1840 2035
f 1832 1840 2034
f 2034 2033 1832
f 2035 2007 2034
f 2007 2033 2034
f 2393 2415 2398
f 2393 2372 1845
f 2374 2354 2356
f 2356 2377 2374
f 2375 2354 2374
f 2374 2396 2375
f 2395 2396 2374
f 2374 2377 2395
f 2356 2372 2376
f 2376 2377 2356
f 2372 2393 2376
f 2398 2377 2376
f 2376 2393 2398
f 2676 2645 2675
f 2675 2701 2676
f 2677 2676 2702
f 2702 2676 2701
f 2716 2718 2702
f 2702 2717 2716
f 2702 2701 2717
f 2704 2705 2679
f 2611 2612 2577
f 2577 2609 2611
f 2577 2612 2613
f 2613 2578 2577
f 2577 2578 2544
f 2544 2575 2577
f 2575 2609 2577
f 2608 2607 2643
f 2643 2609 2608
f 2574 2607 2608
f 2608 2575 2574
f 2608 2609 2575
f 1778 1780 1768
f 1778 845 1780
f 1778 1768 1767
f 1767 845 1778
f 1767 1779 1777
f 1777 845 1767
f 1779 845 1777
f 1743 1744 1735
f 1735 1733 1743
f 1743 1733 1742
f 1754 1755 1742
f 1766 1755 1754
f 1742 1753 1754
f 1754 1753 1766
f 1722 1727 1723
f 1638 1637 1648
f 1648 1649 1638
f 1660 1649 1648
f 1659 1660 1648
f 1630 1637 1638
f 1638 1639 1630
f 1630 1639 1631
f 1630 1631 1622
f 1622 1629 1630
f 1629 1637 1630
f 1760 1746 1759
f 1760 1772 1650
f 1760 1759 1771
f 1771 1772 1760
f 1759 1746 1758
f 1770 1759 1758
f 1758 1756 1770
f 1673 1661 1660
f 1673 1660 1659
f 1659 1672 1673
f 2188 2154 2187
f 2187 2189 2188
f 2188 2189 2154
f 2154 2189 2190
f 1720 1714 1713
f 1713 1712 1719
f 1719 1720 1713
f 1703 1713 1714
f 1734 1675 1690
f 1704 1705 1690
f 1714 1705 1704
f 1704 1703 1714
f 2453 2429 2432
f 2429 2428 2432
f 2457 2453 2432
f 2432 2431 2457
f 2432 2404 2431
f 2432 2428 2404
f 2382 2385 2364
f 2385 2386 2364
f 2362 2382 2364
f 2364 2386 2365
f 2364 2348 2362
f 3090 3091 3081
f 3075 3080 3081
f 3080 3090 3081
f 2724 3073 3075
f 2705 3073 2724
f 2724 2723 2705
f 3075 3081 2724
f 2724 3081 2723
f 2721 2726 2722
f 2722 2704 2721
f 3074 3073 2722
f 2722 2726 3074
f 2722 2705 2704
f 2722 3073 2705
f 2561 2562 2528
f 2528 2527 2561
f 2586 2562 2561
f 2556 2585 2557
f 2557 2585 2586
f 2586 2561 2557
f 2557 2561 2527
f 2488 2483 2523
f 2523 2527 2488
f 3172 3173 3155
f 3189 3173 1008
f 2517 2481 1006
f 3131 2622 3132
f 2653 2622 3131
f 75 74 104
f 104 76 75
f 75 76 56
f 2800 2 2827
f 2827 2 3
f 2827 2828 2800
f 2827 3 2828
f 2809 2837 2838
f 2838 2839 2809
f 28 2837 14
f 2881 2882 2863
f 2863 2882 2864
f 2863 28 2881
f 2880 28 2863
f 2863 2864 2840
f 2862 2838 2837
f 2839 2838 2862
f 2880 2863 2862
f 2840 2839 2862
f 2862 2863 2840
f 2829 4 1
f 2826 2797 1
f 14 2837 15
f 2837 2826 15
f 23 24 12
f 23 36 37
f 23 22 36
f 815 822 1762
f 814 822 815
f 815 811 814
f 814 820 821
f 821 822 814
f 821 820 831
f 1742 1733 1741
f 1741 1753 1742
f 1733 1731 1741
f 1750 1764 1751
f 1751 1764 1765
f 1737 1750 1738
f 1750 1751 1739
f 1739 1738 1750
f 1731 1738 1739
f 1730 1731 1726
f 1730 1738 1731
f 1730 2885 1737
f 1737 1738 1730
f 80 113 83
f 80 112 113
f 111 112 80
f 146 177 809
f 809 177 811
f 813 177 145
f 146 112 145
f 145 177 146
f 176 826 175
f 176 138 826
f 176 141 140
f 83 2917 2901
f 2918 2906 2905
f 2904 2919 2905
f 2905 2919 2918
f 2905 2883 2904
f 2905 2906 2883
f 1737 2885 2907
f 2885 2906 2907
f 2907 1749 1737
f 875 893 876
f 855 854 875
f 876 893 877
f 877 858 876
f 878 858 877
f 869 878 877
f 828 841 829
f 830 820 829
f 829 820 828
f 829 843 830
f 829 842 843
f 829 841 842
f 842 841 857
f 876 858 857
f 857 858 842
f 857 875 876
f 101 131 132
f 132 133 101
f 131 133 132
f 204 233 237
f 238 205 237
f 237 205 204
f 237 267 238
f 238 267 853
f 853 854 838
f 838 238 853
f 853 873 854
f 267 873 853
f 261 295 296
f 296 262 261
f 261 262 230
f 230 203 236
f 235 234 236
f 236 261 230
f 265 261 236
f 236 201 235
f 236 203 201
f 199 204 170
f 204 171 170
f 170 168 199
f 134 168 170
f 170 171 134
f 108 107 139
f 139 107 138
f 138 176 139
f 139 176 140
f 57 76 58
f 56 76 57
f 58 39 57
f 109 76 108
f 108 78 109
f 109 78 76
f 140 141 110
f 110 139 140
f 111 78 110
f 110 78 108
f 108 139 110
f 58 76 77
f 76 78 77
f 2080 2079 2111
f 2050 2079 2080
f 2052 2050 2080
f 2080 2082 2052
f 2140 2111 2110
f 2110 2144 2140
f 2140 2144 2111
f 2216 2181 1685
f 2118 2148 2149
f 2148 2120 2149
f 1691 2118 2149
f 2149 2120 1691
f 2088 2058 2057
f 2118 2119 2087
f 2087 2086 2118
f 2119 2088 2087
f 2057 2086 2087
f 2087 2088 2057
f 2059 2058 2089
f 2058 2088 2089
f 2090 2121 1691
f 1634 1627 1866
f 1859 1634 1866
f 1866 1867 1859
f 2179 2145 2178
f 2178 2145 2144
f 2214 2179 2178
f 2178 2213 2214
f 2177 2213 2178
f 2143 2177 2178
f 2178 2144 2143
f 2113 2117 2083
f 2082 2080 2113
f 2029 2003 2028
f 2029 2030 2003
f 1678 2030 2029
f 1691 1684 1692
f 1692 1677 1691
f 1668 1656 1655
f 1873 1875 1876
f 1870 2343 2352
f 2352 1860 1870
f 2350 2342 2349
f 2349 2342 2348
f 2365 2350 2349
f 2349 2364 2365
f 2348 2364 2349
f 1682 1667 1666
f 1667 1653 1666
f 1697 1852 1848
f 1697 1698 1682
f 1848 1698 1697
f 1980 1955 1693
f 1980 1847 1955
f 1815 1904 1820
f 1904 1915 1820
f 1820 1915 1827
f 1820 1821 1815
f 1827 1821 1820
f 2441 2412 2438
f 1838 2412 2441
f 2438 2467 2441
f 2441 1828 1838
f 2467 1828 2441
f 2440 2412 2439
f 2413 2412 2440
f 2390 2367 2389
f 2390 2412 2413
f 2389 2410 2390
f 2410 2412 2390
f 1849 1852 1853
f 1853 1854 1849
f 1848 1852 1849
f 1841 1848 1849
f 2866 2842 2865
f 2884 2885 2866
f 2865 2883 2866
f 2866 2883 2884
f 2870 2868 2887
f 2885 1730 2887
f 1726 2870 2887
f 2887 1730 1726
f 2819 2792 2818
f 2845 2846 2817
f 2868 2846 2845
f 2817 2843 2845
f 2842 2868 2845
f 2845 2843 2842
f 2784 2763 2773
f 2773 2798 2784
f 2784 2808 2809
f 2798 2808 2784
f 2747 2763 2748
f 2746 2762 2758
f 2761 2762 2746
f 2745 2761 2746
f 2746 2736 2745
f 2267 2257 2256
f 2257 2211 2256
f 2270 2251 2271
f 2249 2272 2250
f 2272 2251 2250
f 2208 2249 2250
f 2250 2251 2208
f 2226 2186 2225
f 2226 2225 2268
f 2226 2270 2271
f 2212 2213 2177
f 2212 2211 2213
f 2177 2175 2212
f 2175 2211 2212
f 2229 2275 2276
f 2293 2292 2276
f 2276 2275 2293
f 378 377 424
f 989 377 378
f 987 978 977
f 987 977 986
f 986 989 987
f 989 300 987
f 987 300 301
f 301 302 987
f 1089 696 1085
f 1085 1088 1089
f 1099 1088 693
f 693 697 698
f 693 696 697
f 693 1085 696
f 1088 1085 693
f 1098 1111 1099
f 1099 693 1098
f 1110 1111 1098
f 1098 693 698
f 1109 1110 1098
f 1098 698 1109
f 1207 1196 1195
f 1207 1218 1219
f 1207 1206 1218
f 1219 1208 1207
f 1207 1208 1196
f 1192 1206 1194
f 1194 1193 1192
f 1194 1207 1195
f 1206 1207 1194
f 1195 1178 1194
f 1194 1178 1193
f 1604 1210 1220
f 1213 1580 1220
f 1220 1214 1213
f 1220 1580 1549
f 1209 1214 1220
f 1220 1210 1209
f 2286 2241 2240
f 2240 2285 2286
f 2239 2285 2240
f 2239 2240 2200
f 2200 2240 2241
f 2200 2241 2207
f 2207 2201 2200
f 2135 2134 2168
f 2168 2169 2135
f 2201 2169 2168
f 2168 2200 2201
f 2314 2306 2304
f 2237 2235 2282
f 2744 2742 2757
f 2744 2757 2759
f 2745 2736 2744
f 2736 2742 2744
f 2744 2760 2745
f 2759 2760 2744
f 2735 2742 2736
f 2734 2311 2735
f 2311 2742 2735
f 12 24 25
f 24 39 25
f 2801 2776 2800
f 2801 2797 2776
f 2800 2828 2801
f 2801 2828 2829
f 2829 1 2801
f 2801 1 2797
f 464 516 517
f 517 516 572
f 520 825 468
f 468 519 520
f 413 368 367
f 370 368 415
f 415 371 370
f 416 371 415
f 836 851 852
f 852 837 836
f 851 868 852
f 852 869 870
f 852 868 869
f 870 867 852
f 418 466 470
f 417 416 418
f 416 466 418
f 222 250 219
f 190 222 219
f 219 189 190
f 559 504 557
f 557 504 503
f 503 556 557
f 604 556 603
f 604 603 626
f 626 625 604
f 604 625 650
f 558 503 555
f 558 556 503
f 555 602 558
f 558 602 607
f 607 603 558
f 603 556 558
f 503 455 502
f 502 455 454
f 555 503 502
f 502 501 555
f 502 454 501
f 454 455 403
f 403 359 402
f 402 454 403
f 403 455 456
f 399 356 354
f 354 398 399
f 354 356 318
f 353 398 354
f 318 316 354
f 354 316 353
f 69 50 49
f 49 68 69
f 48 68 49
f 33 48 49
f 34 33 49
f 49 50 34
f 663 616 660
f 660 617 663
f 663 617 616
f 566 613 567
f 567 509 566
f 566 565 613
f 456 507 457
f 457 458 405
f 457 509 458
f 462 463 410
f 461 463 462
f 410 409 462
f 462 409 461
f 512 460 459
f 459 460 406
f 459 511 512
f 406 458 459
f 458 511 459
f 362 406 407
f 406 460 407
f 407 408 362
f 407 460 461
f 461 409 407
f 407 409 408
f 610 611 563
f 611 564 563
f 563 561 610
f 563 564 506
f 614 611 659
f 659 661 614
f 611 658 659
f 659 658 661
f 609 653 610
f 610 561 609
f 623 622 652
f 652 665 623
f 575 622 623
f 623 624 575
f 623 665 650
f 664 662 954
f 959 662 680
f 959 954 662
f 943 954 959
f 931 863 862
f 862 863 847
f 847 846 862
f 962 967 955
f 961 967 962
f 955 946 962
f 961 962 945
f 945 962 946
f 940 862 846
f 931 862 940
f 953 954 940
f 940 954 943
f 1189 1190 1172
f 1172 1190 691
f 1172 691 1154
f 1154 1153 1172
f 1169 1153 1152
f 1104 1105 1096
f 1105 1094 1096
f 1096 1091 1104
f 1096 1092 1091
f 1096 1094 544
f 1096 544 542
f 1121 1117 688
f 674 685 686
f 674 645 644
f 675 645 674
f 674 686 675
f 1155 686 689
f 686 685 689
f 643 672 673
f 672 685 673
f 673 644 643
f 673 674 644
f 685 674 673
f 1152 1136 1151
f 1136 1135 1151
f 1135 1150 1151
f 1151 1150 1168
f 1168 1169 1151
f 1151 1169 1152
f 1115 1135 1116
f 1115 1116 1102
f 1102 1114 1115
f 1183 1184 1168
f 1183 1551 1184
f 1521 1519 1552
f 1490 1519 1521
f 1521 1492 1491
f 1491 1490 1521
f 1490 1458 1489
f 1489 1519 1490
f 1518 1519 1489
f 1458 1488 1489
f 1489 1520 1518
f 1517 1487 1516
f 1517 1488 1487
f 1516 1520 1517
f 1517 1489 1488
f 1520 1489 1517
f 1516 1549 1548
f 1548 1520 1516
f 1549 1578 1548
f 1579 1551 1550
f 1550 1548 1579
f 1520 1548 1550
f 1550 1551 1518
f 1518 1520 1550
f 1213 1214 1211
f 1211 1200 1213
f 1205 671 1188
f 1188 671 1189
f 1219 1216 1215
f 1215 1208 1219
f 198 203 230
f 199 168 198
f 169 203 198
f 37 54 38
f 38 39 24
f 56 57 38
f 38 57 39
f 38 23 37
f 24 23 38
f 130 101 100
f 100 99 130
f 100 101 73
f 73 99 100
f 2926 2914 2925
f 2925 2914 2912
f 2855 2854 2874
f 2874 2853 2873
f 2854 2853 2874
f 2911 2923 2922
f 2911 2922 2912
f 2912 2891 2911
f 2875 2874 2891
f 2875 2892 2876
f 2875 2876 2855
f 2855 2874 2875
f 2779 2804 2780
f 2805 2781 2780
f 2780 2760 2779
f 2780 2781 2760
f 2775 2777 2759
f 2759 2757 2775
f 2775 2316 2308
f 2308 2777 2775
f 2757 2774 2775
f 2774 2316 2775
f 2308 2307 2802
f 2802 2777 2308
f 2802 2803 2777
f 2873 2853 2852
f 2909 2305 2300
f 2922 2923 2924
f 2926 2925 2924
f 2932 2926 2924
f 2924 2923 2932
f 2912 2922 2924
f 2924 2925 2912
f 2219 2183 2932
f 2932 2923 2219
f 3234 3233 2378
f 2378 2400 3234
f 3234 3227 3233
f 2423 2399 2422
f 2422 2399 2397
f 2422 2448 2423
f 2422 2447 2448
f 2421 2447 2422
f 2422 2397 2421
f 2372 2353 2371
f 1845 2372 2371
f 2353 1855 2371
f 2035 1840 1846
f 1846 2063 2035
f 1846 1840 1845
f 1845 2063 1846
f 2037 2036 2065
f 2065 2066 2037
f 2037 2066 2039
f 2039 2010 2037
f 2010 2008 2037
f 2037 2008 2036
f 2068 2069 2040
f 2039 2068 2040
f 2042 2038 2013
f 2044 2038 2042
f 2160 2162 2128
f 2100 2068 2099
f 2100 2069 2068
f 2099 2125 2100
f 2098 2125 2099
f 2099 2067 2098
f 2067 2097 2098
f 1983 2007 1984
f 2007 2008 1984
f 1984 2008 1986
f 1984 1958 1983
f 1986 1960 1984
f 1960 1958 1984
f 1840 1831 1839
f 1824 2469 1829
f 3228 3229 3218
f 3237 3229 3228
f 3236 3237 3228
f 3228 3227 3236
f 3227 3228 3217
f 3218 3208 3217
f 3217 3228 3218
f 3065 3231 3061
f 3065 3068 3231
f 3065 3061 3064
f 3064 3068 3065
f 3230 3225 3224
f 3061 3225 3230
f 3230 3224 3058
f 3058 3061 3230
f 2325 1585 1584
f 1584 1585 1556
f 1584 2330 2325
f 1556 2330 1584
f 2322 2326 1524
f 1524 2326 1494
f 1494 1493 1524
f 1556 1557 1523
f 1523 1524 1493
f 1557 1524 1523
f 1555 1556 1523
f 1523 1554 1555
f 397 353 355
f 355 400 397
f 355 353 317
f 355 317 352
f 352 396 355
f 396 400 355
f 591 543 542
f 591 592 641
f 641 593 591
f 542 544 591
f 544 1094 591
f 1094 592 591
f 116 115 2894
f 2894 2878 116
f 86 115 116
f 85 115 86
f 86 117 89
f 86 116 117
f 89 87 86
f 86 87 64
f 64 85 86
f 2582 2581 2618
f 2620 2583 2582
f 3166 2583 2620
f 2515 2550 2516
f 2516 2478 2515
f 2516 3210 2478
f 2516 2550 3196
f 3196 3210 2516
f 2580 2581 2546
f 2581 2547 2546
f 2546 2545 2580
f 2546 2547 2512
f 2546 2512 2511
f 2511 2545 2546
f 3109 3091 3108
f 3148 3149 3162
f 3148 3128 3149
f 3107 3128 3127
f 3130 3109 3127
f 3127 3148 3130
f 3128 3148 3127
f 3108 3107 3127
f 3127 3109 3108
f 1348 1322 1347
f 1348 3040 1322
f 1375 3063 3062
f 3063 3060 3062
f 3040 1348 1376
f 1376 1348 1347
f 1376 3062 3060
f 1376 1347 1375
f 1375 3062 1376
f 2106 2136 2108
f 2107 2135 2106
f 2135 2136 2106
f 1989 1963 1990
f 1963 1966 1990
f 2015 2016 1990
f 1990 2016 1989
f 2052 2054 2053
f 2053 2054 2024
f 2024 2023 2053
f 2053 2022 2052
f 2053 2023 2022
f 1324 1349 1323
f 1325 1300 1323
f 1323 1350 1325
f 1323 1349 1350
f 1323 1300 1299
f 1299 1324 1323
f 1455 1443 1475
f 1475 1443 1474
f 1475 1474 1506
f 1475 1485 1455
f 1506 1508 1475
f 1475 1508 1485
f 1442 1443 1412
f 1474 1443 1442
f 1473 1474 1442
f 1442 1441 1473
f 1442 1412 1441
f 707 1144 1127
f 1127 706 707
f 1127 1128 1110
f 1144 1128 1127
f 1127 1110 1109
f 1109 706 1127
f 1450 1424 1454
f 1454 992 1450
f 1424 992 1454
f 1482 992 993
f 1451 992 1482
f 1482 993 1452
f 1452 1451 1482
f 993 992 1000
f 1452 993 991
f 801 1542 1509
f 1575 1542 801
f 801 790 1575
f 801 791 790
f 794 807 806
f 1606 807 794
f 1605 1606 794
f 696 695 794
f 794 695 1605
f 1618 1606 1616
f 1618 807 1606
f 1616 1610 1618
f 1610 807 1618
f 805 807 1609
f 1609 807 1610
f 1609 1591 805
f 1610 1591 1609
f 804 807 805
f 806 807 804
f 805 792 804
f 804 792 793
f 797 803 798
f 797 792 803
f 788 792 797
f 798 789 797
f 797 789 788
f 1589 803 1590
f 1590 1561 1589
f 1590 1591 1561
f 1590 803 805
f 805 1591 1590
f 732 739 745
f 739 738 745
f 745 738 746
f 733 732 745
f 745 734 733
f 746 734 745
f 999 753 755
f 760 1013 755
f 999 997 996
f 996 753 999
f 997 753 996
f 739 741 727
f 774 766 775
f 766 776 775
f 775 776 783
f 783 780 775
f 775 780 774
f 783 776 784
f 784 792 783
f 793 792 784
f 1026 1013 754
f 754 1013 760
f 760 761 754
f 774 772 765
f 767 774 765
f 765 761 767
f 1383 1353 1382
f 1382 1415 1383
f 1353 1356 1382
f 1356 1386 1382
f 1387 1415 1382
f 1382 1386 1387
f 1030 1032 1016
f 1032 1033 1016
f 1016 1033 1017
f 1017 1002 1016
f 1393 1030 1016
f 1544 1543 1545
f 1545 1510 1544
f 1545 800 1510
f 1545 1543 1575
f 1575 790 1545
f 790 800 1545
f 1546 800 799
f 1546 1547 1513
f 1513 800 1546
f 1576 1562 1547
f 799 1562 1576
f 1547 1546 1576
f 1576 1546 799
f 1560 1527 1563
f 1527 1562 1563
f 1563 1561 1560
f 1563 1588 1561
f 798 1588 1563
f 1563 1562 798
f 3135 3140 3117
f 3117 3113 3135
f 3117 3101 3113
f 3117 3119 3099
f 3083 3097 3094
f 3094 3097 3113
f 3085 3084 3094
f 3094 3084 3083
f 3098 3099 3085
f 3085 3101 3098
f 3098 3117 3099
f 3101 3117 3098
f 3100 3101 3085
f 3113 3101 3100
f 3085 3094 3100
f 3100 3094 3113
f 1080 1078 1076
f 1078 1066 1076
f 1076 1075 1080
f 1076 1065 1075
f 1076 1066 1065
f 3203 1077 3187
f 3187 3200 3203
f 3203 1066 1077
f 3192 1044 3204
f 3204 3200 3192
f 3204 1044 1042
f 3187 1077 3201
f 3201 3186 3187
f 1083 3221 1082
f 3213 3221 1083
f 1082 3222 1083
f 1083 3222 3213
f 3212 3221 3213
f 3212 3201 1077
f 3213 3201 3212
f 3212 1077 1078
f 1078 3221 3212
f 3182 3167 3171
f 3182 3171 3186
f 3186 3183 3182
f 3168 3167 3182
f 3182 3183 3168
f 3032 3031 3030
f 3030 3031 3019
f 3213 3043 3030
f 3222 3032 3030
f 3030 3043 3222
f 3019 3018 3030
f 3198 3018 3017
f 3017 3018 3004
f 3017 3011 3198
f 3004 3011 3017
f 2710 3082 3076
f 3076 2725 2710
f 3076 3082 3077
f 2728 2725 3076
f 3077 3074 3076
f 3074 2728 3076
f 3122 3123 3104
f 3122 2938 2937
f 2937 2941 3122
f 2941 3123 3122
f 3122 3121 2938
f 3122 3104 3121
f 2981 2994 1284
f 2994 1268 1284
f 2963 2962 1247
f 2977 2963 1247
f 1248 1242 1247
f 1242 2977 1247
f 2970 2982 3176
f 3176 2982 3159
f 3169 2970 3176
f 3176 3159 3169
f 3142 2968 2954
f 2956 2970 2965
f 2956 2969 2970
f 2965 2952 2956
f 2952 2944 2956
f 1794 1791 1793
f 1794 2670 1791
f 1793 2640 1794
f 2640 2670 1794
f 2507 2506 1819
f 2507 2469 2506
f 1819 1811 1818
f 1811 2508 1818
f 1818 2507 1819
f 2508 2507 1818
f 1940 1937 1959
f 1959 1966 1940
f 1940 1966 1963
f 1940 1963 1938
f 1919 1937 1921
f 1921 1907 1919
f 1937 1940 1921
f 1920 1907 1921
f 1938 1920 1921
f 1921 1940 1938
f 1897 1896 1792
f 1792 1797 1897
f 1886 1896 1897
f 1897 1797 1905
f 1897 1898 1886
f 1905 1906 1897
f 1906 1898 1897
f 1792 1896 1790
f 2674 2642 2673
f 2698 2699 2673
f 2673 2699 2674
f 2673 2642 2672
f 2442 2415 1843
f 1843 1839 2442
f 1840 1839 1843
f 2611 2645 2646
f 2645 2676 2646
f 2646 2612 2611
f 2646 2676 2677
f 2650 2648 2678
f 2678 2679 2650
f 2613 2648 2614
f 2614 2578 2613
f 2614 2579 2578
f 2677 2702 2703
f 2703 2702 2718
f 2703 2678 2677
f 2679 2678 2703
f 2703 2718 2704
f 2704 2679 2703
f 3091 3109 2707
f 2650 2679 2680
f 2651 2650 2680
f 2680 2681 2651
f 2680 2707 2681
f 1757 1743 1742
f 1744 1743 1757
f 1742 1756 1757
f 1756 1758 1757
f 1757 1758 1744
f 1647 1658 1659
f 1659 1648 1647
f 1647 1648 1637
f 1647 1637 1636
f 1646 1658 1647
f 1647 1636 1646
f 1662 1760 1650
f 1746 1760 1662
f 1650 1649 1662
f 1662 1649 1746
f 1744 1758 1745
f 1745 1758 1746
f 1735 1744 1745
f 1745 1746 1735
f 2789 2814 2817
f 2788 2814 2789
f 2869 1727 2848
f 1727 1722 2848
f 2848 1722 1723
f 2850 1716 2123
f 2123 2823 2850
f 2822 2850 2823
f 1688 1701 1702
f 1702 1703 1688
f 1702 1701 1711
f 1711 1712 1702
f 1712 1713 1702
f 1713 1703 1702
f 1690 1705 1736
f 1736 1734 1690
f 1736 1705 1729
f 1729 1734 1736
f 1675 1734 1728
f 1728 1733 1735
f 1735 1675 1728
f 1724 1727 1728
f 1728 1727 1733
f 1729 1724 1728
f 1728 1734 1729
f 1661 1673 1674
f 1690 1675 1674
f 1674 1675 1661
f 1703 1704 1689
f 1689 1672 1688
f 1688 1703 1689
f 1689 1673 1672
f 1689 1674 1673
f 1689 1704 1690
f 1690 1674 1689
f 2556 2557 2522
f 2483 2521 2522
f 2522 2523 2483
f 2522 2557 2527
f 2527 2523 2522
f 2520 2521 2481
f 2520 2554 2521
f 3155 2584 2553
f 2553 2584 2556
f 2556 2554 2553
f 2554 2520 2553
f 3189 1008 1007
f 1021 1022 1007
f 1007 1022 3189
f 1007 1006 1021
f 3111 3131 3132
f 2653 3131 3111
f 3111 3132 3114
f 3111 3114 3096
f 3096 3112 3111
f 3111 3112 2653
f 74 75 55
f 55 75 56
f 55 54 74
f 56 38 55
f 55 38 54
f 27 28 14
f 2880 2862 2861
f 2837 28 2861
f 2861 2862 2837
f 4 10 11
f 11 23 12
f 22 23 11
f 11 10 21
f 21 22 11
f 14 15 6
f 6 13 14
f 816 815 1762
f 811 815 816
f 1762 812 816
f 816 812 811
f 1773 822 832
f 822 821 832
f 832 1776 1773
f 832 821 1776
f 1783 821 831
f 1776 821 1783
f 831 1779 1783
f 1779 1776 1783
f 1753 1739 1752
f 1752 1739 1751
f 1752 1751 1765
f 1765 1766 1752
f 1766 1753 1752
f 1740 1741 1731
f 1731 1739 1740
f 1753 1741 1740
f 1740 1739 1753
f 811 812 1747
f 1747 2918 146
f 83 61 82
f 82 80 83
f 143 112 111
f 62 2898 43
f 61 62 43
f 43 2898 2881
f 43 42 61
f 43 27 42
f 28 27 43
f 2899 2898 62
f 2899 2882 2881
f 2881 2898 2899
f 84 62 83
f 83 2901 84
f 84 2901 62
f 2882 2901 2902
f 2902 2919 2904
f 2902 2901 2917
f 2917 2918 2902
f 2918 2919 2902
f 1763 2906 2920
f 1749 2907 1763
f 1763 2907 2906
f 1764 1749 1763
f 266 873 267
f 266 237 263
f 267 237 266
f 870 869 888
f 869 877 888
f 888 877 893
f 888 893 892
f 888 887 870
f 892 887 888
f 855 875 856
f 875 857 856
f 856 857 841
f 856 841 840
f 856 839 855
f 840 839 856
f 296 336 337
f 873 891 874
f 854 873 874
f 874 875 854
f 893 875 874
f 892 893 874
f 874 891 892
f 295 261 297
f 297 261 265
f 2217 2182 2181
f 2181 2216 2217
f 1685 2182 2217
f 2217 2216 1685
f 2119 2121 2092
f 2092 2088 2119
f 2121 2090 2092
f 2062 2088 2092
f 2092 2090 2062
f 2091 2088 2062
f 2062 2089 2091
f 2091 2089 2088
f 1633 1866 1627
f 1867 1866 1633
f 1627 1632 1633
f 1873 1867 1633
f 1633 1632 1873
f 2083 2082 2115
f 2115 2113 2083
f 2082 2113 2115
f 2117 2113 2146
f 2146 2180 2147
f 2147 2117 2146
f 2146 2145 2180
f 2146 2113 2145
f 2112 2080 2111
f 2112 2113 2080
f 2111 2145 2112
f 2145 2113 2112
f 2061 2089 2062
f 2059 2089 2061
f 2060 2059 2061
f 2028 2060 2061
f 2061 2029 2028
f 1663 1668 1655
f 1677 1668 1663
f 1655 1651 1663
f 1663 1651 1664
f 1677 1692 1683
f 1683 1668 1677
f 1683 1692 1684
f 1622 1623 1620
f 1623 1624 1620
f 1238 2339 1877
f 1875 1620 1877
f 1877 1620 1624
f 1877 1623 1238
f 1877 1624 1623
f 1878 1876 1875
f 1878 1877 2339
f 1875 1877 1878
f 2335 2339 2340
f 2335 2342 2343
f 2335 2340 2341
f 2341 2342 2335
f 1653 1852 1856
f 1856 1666 1653
f 1851 1697 1682
f 1852 1697 1851
f 1851 1856 1852
f 1682 1666 1851
f 1666 1856 1851
f 1693 1707 1706
f 1706 1980 1693
f 1847 1980 1706
f 1706 1707 1841
f 1841 1847 1706
f 2413 2440 1842
f 2439 1837 1842
f 1842 2440 2439
f 1842 1837 1841
f 1841 1849 1842
f 2391 1849 1854
f 2886 2887 2868
f 2886 2866 2885
f 2885 2887 2886
f 2847 2846 2869
f 2869 2848 2847
f 2847 2848 2821
f 2748 2763 2764
f 2764 2787 2788
f 2788 2789 2764
f 2812 2811 2788
f 2773 2763 2755
f 2763 2747 2755
f 2758 2772 2755
f 2755 2772 2773
f 2747 2741 2755
f 2269 2226 2268
f 2270 2226 2269
f 2254 2211 2210
f 2254 2256 2211
f 2254 2269 2256
f 2187 2186 2227
f 2186 2226 2227
f 2227 2228 2187
f 2271 2228 2227
f 2227 2226 2271
f 2736 2737 2731
f 2731 2735 2736
f 2734 2735 2731
f 2731 2291 2734
f 2230 2189 2229
f 2230 2190 2189
f 2738 2747 2748
f 2738 2741 2747
f 424 425 379
f 379 378 424
f 989 378 379
f 380 989 379
f 379 425 380
f 990 702 711
f 990 302 702
f 990 987 302
f 711 978 988
f 978 987 988
f 988 990 711
f 987 990 988
f 1549 1574 1221
f 1221 1220 1549
f 1221 1574 1604
f 1604 1220 1221
f 2167 2168 2134
f 2134 2133 2167
f 2167 2132 2166
f 2167 2133 2132
f 2239 2200 2199
f 2200 2168 2199
f 2168 2167 2199
f 2199 2167 2166
f 2164 2163 2195
f 2234 2235 2195
f 2197 2165 2164
f 2164 2195 2197
f 2197 2195 2235
f 2235 2237 2197
f 2166 2165 2198
f 2198 2199 2166
f 2165 2197 2198
f 2198 2197 2237
f 2284 2237 2282
f 2282 2304 2284
f 2284 2285 2239
f 2306 2285 2284
f 2284 2304 2306
f 26 13 12
f 12 25 26
f 14 13 26
f 26 27 14
f 59 39 58
f 58 77 59
f 59 77 78
f 469 468 825
f 825 835 469
f 835 466 469
f 469 466 416
f 416 468 469
f 519 468 518
f 572 519 518
f 518 517 572
f 369 368 370
f 328 368 369
f 369 330 328
f 329 290 328
f 328 330 329
f 329 330 290
f 368 413 414
f 414 415 368
f 416 415 414
f 835 837 850
f 837 852 850
f 867 866 850
f 850 852 867
f 835 850 849
f 849 850 866
f 849 470 835
f 849 418 470
f 220 219 250
f 220 252 253
f 220 253 221
f 221 189 220
f 189 219 220
f 559 557 560
f 560 504 559
f 561 504 560
f 560 609 561
f 608 609 560
f 651 665 652
f 650 665 651
f 653 609 606
f 606 609 608
f 652 653 606
f 608 560 606
f 606 560 557
f 605 557 556
f 556 604 605
f 605 604 650
f 650 651 605
f 605 606 557
f 605 651 652
f 652 606 605
f 508 566 509
f 509 457 508
f 506 564 508
f 508 507 506
f 508 457 507
f 508 564 565
f 565 566 508
f 404 457 405
f 456 457 404
f 404 403 456
f 405 359 404
f 359 403 404
f 562 505 561
f 561 563 562
f 506 505 562
f 562 563 506
f 678 656 655
f 678 679 656
f 658 679 972
f 961 960 972
f 972 960 658
f 679 678 972
f 972 678 655
f 655 967 972
f 972 967 961
f 657 658 611
f 657 679 658
f 611 656 657
f 656 679 657
f 650 625 666
f 666 623 650
f 666 625 624
f 624 623 666
f 823 953 817
f 823 954 953
f 823 817 664
f 664 954 823
f 680 658 971
f 658 960 971
f 971 959 680
f 971 960 959
f 943 959 944
f 959 960 944
f 944 960 961
f 961 945 944
f 934 946 935
f 934 945 946
f 935 923 934
f 846 833 952
f 952 940 846
f 952 833 953
f 953 940 952
f 1189 1172 1171
f 1171 1188 1189
f 1187 1188 1171
f 1171 1172 1153
f 1186 1187 1171
f 1153 1169 1170
f 1186 1171 1170
f 1170 1171 1153
f 1226 1093 1095
f 542 1226 1095
f 1095 1096 542
f 1095 1093 1092
f 1092 1096 1095
f 692 689 688
f 1155 689 692
f 692 1137 1154
f 1117 1137 692
f 692 688 1117
f 692 1154 1155
f 1121 688 684
f 688 689 684
f 684 689 685
f 684 672 1121
f 684 685 672
f 2334 1114 2332
f 2334 1115 1114
f 1135 1115 1134
f 1167 1581 1552
f 1167 1150 1581
f 1168 1150 1167
f 1167 1183 1168
f 1555 1554 1582
f 1578 1200 1212
f 1212 1548 1578
f 1212 1200 1579
f 1579 1548 1212
f 1202 1211 1214
f 1202 1187 1186
f 1214 1208 1202
f 1208 1215 1202
f 1205 1188 1204
f 1204 1215 1216
f 639 1205 1204
f 1204 1216 640
f 640 639 1204
f 230 262 231
f 231 198 230
f 169 198 167
f 167 198 168
f 167 131 169
f 168 131 167
f 2263 2266 2224
f 2194 2185 2224
f 2223 2263 2224
f 2224 2185 2223
f 2233 2224 2266
f 2283 2263 2265
f 2283 2266 2263
f 2889 2874 2873
f 2893 2875 2891
f 2893 2891 2912
f 2893 2913 2892
f 2892 2875 2893
f 2912 2914 2893
f 2893 2914 2915
f 2915 2913 2893
f 2806 2804 2833
f 2806 2780 2804
f 2833 2836 2806
f 2806 2836 2834
f 2806 2834 2805
f 2805 2780 2806
f 2832 2854 2833
f 2833 2804 2832
f 2804 2803 2832
f 2777 2803 2778
f 2778 2779 2759
f 2759 2777 2778
f 2778 2804 2779
f 2778 2803 2804
f 2830 2306 2314
f 2803 2802 2830
f 2315 2307 2306
f 2315 2802 2307
f 2306 2830 2315
f 2315 2830 2802
f 2872 2852 2314
f 2873 2852 2872
f 2314 2888 2872
f 2872 2888 2873
f 2280 2235 2234
f 2234 2279 2280
f 2282 2235 2280
f 2280 2304 2282
f 2280 2279 2304
f 2300 2262 2299
f 2299 2909 2300
f 2910 2909 2299
f 2299 2911 2910
f 2265 2263 2221
f 2222 2183 2221
f 2221 2223 2222
f 2221 2263 2223
f 2923 2911 2921
f 2911 2299 2921
f 2921 2299 2262
f 3235 3234 2400
f 3227 3234 3235
f 3235 2400 3236
f 3236 3227 3235
f 1850 2094 1845
f 1845 2371 1850
f 1850 2371 1855
f 2095 2094 1850
f 1850 1855 2095
f 2012 2040 2013
f 2013 1987 2012
f 1987 2011 2012
f 2012 2011 2039
f 2039 2040 2012
f 2041 2040 2069
f 2013 2040 2041
f 2041 2042 2013
f 2104 2072 2071
f 2071 2072 2044
f 2044 2042 2071
f 2164 2165 2130
f 2130 2128 2162
f 2130 2163 2164
f 2130 2162 2163
f 2069 2100 2101
f 2101 2100 2128
f 2128 2130 2101
f 2129 2125 2160
f 2129 2100 2125
f 2160 2128 2129
f 2128 2100 2129
f 2124 2098 2097
f 2124 2097 2096
f 2096 1863 2124
f 2124 2157 2158
f 2124 1863 1855
f 2124 1861 1862
f 2124 1855 1861
f 2158 2125 2126
f 2126 2124 2158
f 2098 2124 2126
f 2096 1855 1864
f 1855 1863 1864
f 1830 1831 1824
f 1824 1829 1830
f 1830 1839 1831
f 2442 1839 1830
f 1830 1829 2469
f 3224 3225 3216
f 3215 3224 3216
f 3216 3208 3215
f 3216 3217 3208
f 2322 1524 2328
f 2328 1524 1557
f 2328 1557 1585
f 2328 2324 2322
f 2328 1585 2324
f 1492 1521 1522
f 1522 1493 1492
f 1522 1523 1493
f 1523 1522 1553
f 1553 1522 1521
f 1552 1581 1553
f 1553 1521 1552
f 545 490 543
f 543 591 545
f 545 591 593
f 491 490 545
f 545 546 491
f 545 593 546
f 2877 2894 115
f 2877 115 85
f 2877 85 2859
f 2877 2860 2878
f 2878 2894 2877
f 2859 2860 2877
f 2615 2581 2580
f 2615 2618 2581
f 2580 2579 2615
f 2708 3109 3130
f 3048 3040 3047
f 3040 1376 3047
f 2077 2051 2048
f 2081 2051 2077
f 2077 2108 2081
f 2077 2106 2108
f 1988 2014 2015
f 2015 1990 1988
f 1985 2009 1988
f 2009 2014 1988
f 1988 1990 1966
f 1988 1961 1985
f 1988 1966 1961
f 704 705 698
f 698 697 704
f 992 1002 1003
f 1003 1000 992
f 1003 1002 1017
f 1017 1018 1003
f 782 772 781
f 781 791 782
f 1483 1484 1452
f 1452 991 1483
f 791 801 1004
f 801 1005 1004
f 993 1000 1004
f 1004 1005 993
f 752 1013 999
f 999 755 752
f 752 755 1013
f 760 755 757
f 757 755 753
f 753 758 757
f 712 753 905
f 712 758 753
f 905 724 712
f 712 724 728
f 712 727 762
f 726 738 739
f 739 727 726
f 728 737 726
f 737 738 726
f 726 712 728
f 727 712 726
f 742 727 741
f 770 769 742
f 762 727 768
f 768 763 762
f 769 763 768
f 778 784 776
f 778 776 770
f 1026 754 759
f 759 754 761
f 761 765 759
f 773 765 772
f 772 782 773
f 1393 1016 1425
f 1425 1424 1393
f 3139 3117 3140
f 3119 3117 3139
f 3139 3140 3142
f 3142 3118 3139
f 3118 3119 3139
f 1066 3203 3211
f 3211 3203 3200
f 3200 3204 3211
f 1042 1066 3211
f 3211 3204 1042
f 3202 3201 3213
f 3202 3018 3198
f 3202 3198 3186
f 3186 3201 3202
f 3213 3030 3202
f 3202 3030 3018
f 1267 1268 1255
f 1248 1247 2975
f 2975 1247 2962
f 2975 2974 1248
f 2975 2962 2974
f 2951 2954 2944
f 3120 3118 2951
f 2968 2969 2955
f 2955 2954 2968
f 2944 2954 2955
f 2969 2956 2955
f 2955 2956 2944
f 2469 2507 2471
f 2471 2507 2508
f 2471 2508 2472
f 2472 2444 2471
f 2471 2444 2469
f 2672 2695 2696
f 2696 2695 1792
f 1792 1790 2696
f 1895 1896 1886
f 1895 1790 1896
f 1886 1885 1895
f 1885 1790 1895
f 1786 1784 1788
f 1788 1884 1786
f 1788 1885 1884
f 1788 1790 1885
f 2415 2393 2392
f 2392 2393 1845
f 2612 2646 2647
f 2613 2612 2647
f 2647 2648 2613
f 2647 2678 2648
f 2647 2646 2677
f 2677 2678 2647
f 2616 2614 2648
f 2616 2650 2651
f 2616 2648 2650
f 2579 2614 2616
f 3091 2707 3110
f 2707 2680 3110
f 2706 2680 2679
f 2706 2679 2705
f 2705 2723 2706
f 2723 3081 2706
f 2748 2764 2765
f 2815 2818 2792
f 2815 2789 2817
f 2154 2190 2191
f 2849 2848 1723
f 2821 2848 2849
f 2849 2822 2821
f 2850 2822 2849
f 1723 1721 2849
f 2849 1721 1716
f 1716 2850 2849
f 2821 2822 2794
f 2794 2822 2823
f 2794 2823 2154
f 2556 2522 2555
f 2555 2522 2521
f 2555 2554 2556
f 2521 2554 2555
f 2552 3172 3155
f 3155 2553 2552
f 3173 3172 3188
f 3188 1008 3173
f 3172 2552 2519
f 2519 2553 2520
f 2519 2552 2553
f 2519 2520 2481
f 2879 28 2880
f 2880 2861 2879
f 2879 2861 28
f 5 1 4
f 4 11 5
f 5 6 1
f 13 6 5
f 12 13 5
f 5 11 12
f 2826 1 2825
f 2851 15 2826
f 2851 6 15
f 2826 2825 2851
f 1 6 2851
f 2851 2825 1
f 1761 1747 1748
f 1748 1747 812
f 1748 812 1762
f 1762 1764 1748
f 1764 1763 1748
f 1748 2920 1761
f 1748 1763 2920
f 1761 2920 2930
f 2930 1747 1761
f 2930 2920 2918
f 2918 1747 2930
f 2931 809 811
f 811 1747 2931
f 146 809 2931
f 2931 1747 146
f 144 145 112
f 112 143 144
f 144 143 145
f 145 143 818
f 818 143 141
f 813 145 818
f 175 826 818
f 818 819 813
f 818 176 175
f 141 176 818
f 826 827 818
f 827 819 818
f 111 110 142
f 142 143 111
f 142 110 141
f 141 143 142
f 2881 28 2897
f 2897 43 2881
f 28 43 2897
f 2900 2901 2882
f 2882 2899 2900
f 62 2901 2900
f 2900 2899 62
f 2903 2902 2904
f 2882 2902 2903
f 2904 2883 2903
f 2883 2882 2903
f 298 891 873
f 873 266 298
f 296 337 298
f 298 337 891
f 263 296 298
f 298 266 263
f 891 337 899
f 899 375 886
f 336 375 899
f 899 337 336
f 892 891 899
f 886 887 899
f 899 887 892
f 264 297 265
f 295 297 264
f 264 236 234
f 265 236 264
f 371 333 372
f 373 371 417
f 373 333 371
f 417 418 373
f 418 849 373
f 290 330 291
f 1678 2029 1676
f 2029 2061 1676
f 1676 2061 2062
f 1664 1678 1676
f 1676 1663 1664
f 1677 1663 1676
f 2062 2090 1676
f 1691 1677 1676
f 1676 2090 1691
f 1656 1668 1669
f 1668 1683 1669
f 1670 1656 1669
f 1669 1686 1670
f 1669 1683 1684
f 1669 1684 1685
f 1685 1686 1669
f 1622 1620 1621
f 1621 1629 1622
f 1621 1628 1629
f 1627 1628 1621
f 1236 1878 2339
f 1876 1878 1236
f 1874 1867 1873
f 2369 2391 1854
f 1854 2370 2369
f 2369 2370 2352
f 2411 2391 2390
f 1849 2391 2411
f 2411 2390 2413
f 2413 1842 2411
f 2411 1842 1849
f 2867 2868 2842
f 2867 2886 2868
f 2842 2866 2867
f 2866 2886 2867
f 2846 2847 2844
f 2844 2847 2818
f 2817 2846 2844
f 2844 2815 2817
f 2818 2815 2844
f 2820 2847 2821
f 2818 2847 2820
f 2821 2794 2820
f 2819 2818 2820
f 2820 2794 2819
f 2763 2784 2785
f 2785 2764 2763
f 2785 2784 2809
f 2787 2764 2785
f 2809 2810 2785
f 2810 2811 2785
f 2811 2812 2785
f 2788 2787 2785
f 2785 2812 2788
f 2743 2755 2741
f 2736 2746 2743
f 2743 2746 2758
f 2758 2755 2743
f 2743 2737 2736
f 2743 2741 2737
f 2267 2256 2294
f 2256 2269 2294
f 2268 2267 2294
f 2294 2269 2268
f 2251 2270 2253
f 2270 2269 2253
f 2269 2254 2253
f 2210 2251 2253
f 2253 2254 2210
f 2288 2291 2730
f 2730 2729 2288
f 2730 2731 2729
f 2229 2276 2277
f 2277 2230 2229
f 2310 2289 2288
f 2288 2729 2310
f 2729 2733 2310
f 2732 2731 2737
f 2737 2741 2732
f 2741 2738 2732
f 2729 2731 2732
f 2732 2733 2729
f 2238 2284 2239
f 2237 2284 2238
f 2238 2198 2237
f 2239 2199 2238
f 2199 2198 2238
f 41 26 25
f 42 27 41
f 27 26 41
f 40 25 39
f 39 59 40
f 40 41 25
f 79 59 78
f 80 59 79
f 79 78 111
f 111 80 79
f 292 291 330
f 259 258 292
f 258 291 292
f 293 292 331
f 331 369 370
f 330 369 331
f 331 292 330
f 412 414 413
f 367 411 412
f 412 413 367
f 412 411 464
f 251 250 284
f 251 220 250
f 252 220 251
f 284 285 251
f 285 252 251
f 933 944 945
f 931 940 933
f 933 940 943
f 943 944 933
f 945 934 933
f 933 923 931
f 933 934 923
f 1185 1170 1169
f 1168 1184 1185
f 1185 1169 1168
f 1186 1170 1185
f 2332 1583 2333
f 2333 2334 2332
f 2333 1583 1555
f 1182 1167 1552
f 1183 1167 1182
f 1552 1551 1182
f 1551 1183 1182
f 1581 1150 1608
f 1608 1582 1581
f 1150 1582 1608
f 1133 1582 1150
f 1133 1150 1135
f 1135 1134 1133
f 2334 2333 1133
f 1133 2333 1555
f 1115 2334 1133
f 1133 1134 1115
f 1201 1202 1186
f 1211 1202 1201
f 1186 1185 1201
f 1201 1185 1184
f 1184 1200 1201
f 1200 1211 1201
f 1203 1202 1215
f 1215 1204 1203
f 1187 1202 1203
f 1203 1188 1187
f 1203 1204 1188
f 198 231 232
f 232 233 199
f 199 198 232
f 263 237 232
f 232 237 233
f 232 262 263
f 232 231 262
f 2161 2194 2192
f 2192 2159 2161
f 2194 2224 2192
f 2224 2233 2192
f 2160 2159 2193
f 2193 2162 2160
f 2159 2192 2193
f 2193 2192 2233
f 2163 2162 2193
f 2196 2195 2163
f 2163 2193 2196
f 2196 2193 2233
f 2234 2195 2196
f 2301 2283 2265
f 2300 2305 2281
f 2281 2279 2234
f 2281 2301 2300
f 2283 2301 2281
f 2890 2909 2910
f 2890 2889 2909
f 2910 2911 2890
f 2890 2911 2891
f 2891 2874 2890
f 2874 2889 2890
f 2305 2909 2908
f 2909 2889 2908
f 2831 2832 2803
f 2803 2830 2831
f 2831 2853 2854
f 2854 2832 2831
f 2264 2262 2300
f 2264 2221 2262
f 2300 2301 2264
f 2265 2221 2264
f 2264 2301 2265
f 2262 2221 2220
f 2923 2921 2220
f 2220 2921 2262
f 2220 2219 2923
f 2183 2219 2220
f 2220 2221 2183
f 2042 2041 2070
f 2070 2071 2042
f 2070 2041 2069
f 2131 2130 2165
f 2166 2132 2131
f 2131 2165 2166
f 2156 2124 1862
f 2157 2124 2156
f 1862 2152 2156
f 2152 2157 2156
f 2125 2098 2127
f 2127 2126 2125
f 2098 2126 2127
f 1865 1863 2096
f 2096 1864 1865
f 1865 1864 1863
f 2468 2469 2443
f 2468 1830 2469
f 2468 2443 2442
f 2442 1830 2468
f 3227 3217 3226
f 3217 3216 3226
f 3226 3216 3225
f 3232 3227 3226
f 3226 3225 3232
f 1558 1582 1554
f 1554 1523 1558
f 1523 1553 1558
f 1581 1582 1558
f 1558 1553 1581
f 3166 2620 2619
f 2582 2618 2619
f 2619 2620 2582
f 2651 2681 2652
f 2618 2615 2649
f 2649 2619 2618
f 2649 3165 3166
f 3166 2619 2649
f 3162 3166 3151
f 3166 3165 3151
f 3151 3148 3162
f 3130 3148 3151
f 2709 3150 2681
f 2681 2708 2709
f 3130 3150 2709
f 2709 2708 3130
f 2681 2707 3129
f 3129 2708 2681
f 3129 2707 3109
f 3109 2708 3129
f 3056 3047 1376
f 3056 3060 3057
f 3056 1376 3060
f 3056 3057 3048
f 3048 3047 3056
f 2076 2048 2075
f 2076 2077 2048
f 2075 2105 2076
f 2076 2105 2107
f 2107 2106 2076
f 2106 2077 2076
f 703 704 697
f 697 696 703
f 696 794 703
f 808 714 729
f 729 794 806
f 729 714 794
f 794 714 713
f 713 714 704
f 713 703 794
f 704 703 713
f 795 804 793
f 795 730 808
f 806 804 795
f 795 729 806
f 808 729 795
f 732 716 731
f 715 714 808
f 808 730 715
f 705 704 715
f 704 714 715
f 715 716 705
f 715 731 716
f 1015 782 791
f 1000 1003 1015
f 994 991 993
f 993 1005 994
f 994 1483 991
f 994 1005 801
f 760 757 764
f 764 757 758
f 764 766 760
f 764 763 769
f 758 763 764
f 770 766 764
f 764 769 770
f 756 763 758
f 758 712 756
f 762 763 756
f 756 712 762
f 727 742 740
f 740 768 727
f 740 742 769
f 769 768 740
f 1026 759 1051
f 1051 759 765
f 779 1037 1026
f 1038 773 782
f 1038 779 773
f 1037 779 1038
f 1001 1016 1002
f 1001 1425 1016
f 1001 1002 992
f 1424 1425 1001
f 1001 992 1424
f 1266 1284 1268
f 1268 1267 1266
f 2981 1284 1266
f 1266 1255 2981
f 1266 1267 1255
f 3120 2951 2943
f 2943 2951 2944
f 2943 3143 3120
f 2943 2944 3143
f 3141 2951 3118
f 2954 2951 3141
f 3141 3118 3142
f 3142 2954 3141
f 2697 2696 1790
f 2672 2696 2697
f 2697 1784 2698
f 2698 2673 2697
f 2697 2673 2672
f 2414 1843 2415
f 2415 2392 2414
f 2617 2615 2579
f 2579 2616 2617
f 2617 2649 2615
f 2617 2616 2651
f 2651 2652 2617
f 2652 2649 2617
f 3092 3081 3091
f 3092 2706 3081
f 3091 3110 3092
f 3092 3110 2680
f 2680 2706 3092
f 2791 2815 2792
f 2789 2815 2791
f 2786 2764 2789
f 2789 2765 2786
f 2786 2765 2764
f 2154 2191 2824
f 2824 2191 2796
f 2824 2794 2154
f 2796 2794 2824
f 2796 2191 2771
f 2771 2794 2796
f 2771 2191 2190
f 2481 2517 2518
f 2518 2519 2481
f 260 264 234
f 260 292 293
f 259 292 260
f 295 264 299
f 299 334 295
f 335 336 295
f 295 334 335
f 335 375 336
f 335 334 333
f 886 375 335
f 374 849 866
f 374 373 849
f 374 866 886
f 886 335 374
f 333 373 374
f 374 335 333
f 257 291 258
f 257 289 290
f 290 291 257
f 257 225 256
f 256 289 257
f 226 225 257
f 257 258 226
f 1625 1620 1875
f 1625 1621 1620
f 1876 1236 2338
f 2339 2335 2338
f 2338 1236 2339
f 2336 2335 2343
f 2336 1874 2335
f 2368 2352 2351
f 2368 2369 2352
f 2391 2369 2368
f 2351 2367 2368
f 2367 2390 2368
f 2390 2391 2368
f 2291 2731 2312
f 2312 2730 2291
f 2731 2730 2312
f 2190 2230 2231
f 2230 2277 2231
f 2231 2277 2276
f 42 41 60
f 41 40 60
f 61 42 60
f 60 82 61
f 60 40 59
f 293 331 294
f 334 299 294
f 333 334 294
f 294 299 264
f 294 260 293
f 264 260 294
f 416 414 465
f 414 412 465
f 464 517 465
f 465 412 464
f 1555 1582 1577
f 1577 1133 1555
f 1582 1133 1577
f 2283 2281 2236
f 2266 2283 2236
f 2234 2196 2236
f 2236 2281 2234
f 2236 2233 2266
f 2236 2196 2233
f 2303 2888 2314
f 2303 2281 2305
f 2279 2281 2303
f 2314 2304 2303
f 2304 2279 2303
f 2317 2830 2314
f 2317 2831 2830
f 2314 2852 2317
f 2317 2852 2853
f 2853 2831 2317
f 2071 2070 2103
f 2132 2133 2103
f 2103 2133 2104
f 2104 2071 2103
f 2069 2101 2102
f 2102 2070 2069
f 2102 2131 2132
f 2132 2103 2102
f 2102 2103 2070
f 2102 2101 2130
f 2130 2131 2102
f 3152 3151 3165
f 3165 2649 3152
f 3152 2649 2652
f 802 1004 1000
f 1000 1015 802
f 791 1004 802
f 802 1015 791
f 1019 1015 1003
f 1019 1018 1034
f 1019 1003 1018
f 1034 1037 1019
f 1037 1038 1019
f 1514 994 801
f 1483 994 1514
f 1484 1483 1514
f 1509 1484 1514
f 1514 801 1509
f 765 773 771
f 771 1051 765
f 773 779 771
f 1026 1051 771
f 771 779 1026
f 1790 1788 1785
f 1785 2697 1790
f 1785 1788 1784
f 1784 2697 1785
f 1844 2392 1845
f 1844 2414 2392
f 1843 2414 1844
f 1845 1840 1844
f 1840 1843 1844
f 2790 2765 2789
f 2790 2791 2765
f 2766 2791 2792
f 2765 2791 2766
f 2766 2750 2765
f 2739 2732 2738
f 2748 2765 2749
f 2765 2750 2749
f 2749 2738 2748
f 2749 2739 2738
f 2750 2739 2749
f 2767 2766 2792
f 3172 2519 2551
f 2519 2518 2551
f 2551 3188 3172
f 2551 2518 3188
f 3188 2518 995
f 1008 3188 995
f 995 2518 2517
f 995 1007 1008
f 995 2517 1006
f 1006 1007 995
f 227 260 234
f 259 260 227
f 234 228 227
f 227 228 194
f 227 258 259
f 194 226 227
f 226 258 227
f 1621 1625 1626
f 1873 1632 1626
f 1626 1875 1873
f 1626 1625 1875
f 1626 1632 1627
f 1627 1621 1626
f 2335 1874 1237
f 1237 2338 2335
f 1876 2338 1237
f 1873 1876 1237
f 1237 1874 1873
f 1859 1867 1868
f 1868 1860 1859
f 1867 1874 1868
f 1874 2336 1868
f 2190 2231 2232
f 2740 2310 2733
f 2733 2732 2740
f 2732 2739 2740
f 2752 2753 2740
f 2740 2739 2752
f 2770 2753 2752
f 2278 2231 2276
f 2753 2770 2278
f 81 59 80
f 81 60 59
f 80 82 81
f 82 60 81
f 333 294 332
f 332 294 331
f 332 372 333
f 332 331 370
f 370 371 332
f 371 372 332
f 416 465 467
f 467 468 416
f 467 518 468
f 517 518 467
f 467 465 517
f 2313 2908 2889
f 2888 2303 2313
f 2305 2908 2313
f 2313 2303 2305
f 2873 2888 2313
f 2313 2889 2873
f 3130 3151 2682
f 3151 3152 2682
f 2682 3150 3130
f 2682 3152 2652
f 2681 3150 2682
f 2682 2652 2681
f 777 742 741
f 770 742 777
f 777 778 770
f 795 787 796
f 796 787 731
f 730 795 796
f 796 715 730
f 731 715 796
f 778 787 786
f 793 784 786
f 784 778 786
f 786 795 793
f 786 787 795
f 744 741 739
f 744 739 732
f 732 731 744
f 782 1015 1031
f 1015 1019 1031
f 1031 1038 782
f 1031 1019 1038
f 2789 2791 2816
f 2816 2790 2789
f 2791 2790 2816
f 2752 2739 2751
f 2751 2739 2750
f 2750 2766 2751
f 2766 2767 2751
f 2794 2771 2768
f 2768 2771 2752
f 2752 2751 2768
f 2768 2751 2767
f 1869 1870 1860
f 1860 1868 1869
f 2343 1870 1869
f 1869 2336 2343
f 1869 1868 2336
f 2795 2231 2771
f 2795 2232 2231
f 2795 2771 2190
f 2190 2232 2795
f 2310 2740 2754
f 2754 2740 2753
f 2769 2770 2752
f 2752 2771 2769
f 2771 2231 2769
f 2231 2278 2769
f 2769 2278 2770
f 785 787 778
f 778 777 785
f 785 777 741
f 741 744 785
f 2819 2794 2793
f 2794 2768 2793
f 2793 2768 2767
f 2793 2792 2819
f 2793 2767 2792
f 2753 2278 2302
f 2302 2754 2753
f 2310 2754 2302
f 2302 2292 2289
f 2289 2310 2302
f 2302 2276 2292
f 2302 2278 2276
f 787 785 743
f 743 785 744
f 731 787 743
f 743 744 731

