# https://github.com/mikedh/trimesh
v 0.03884441 0.06113375 0.01767357
v 0.03939401 0.06066510 0.01715718
v 0.03855306 0.06097608 0.01667857
v 0.03628845 0.06232506 0.01709001
v 0.04068855 0.05989425 0.01712779
v 0.04042037 0.05971030 0.01608661
v 0.03802995 0.06082278 0.01551564
v 0.03720886 0.06105492 0.01493627
v 0.07010865 0.01779084 0.01774075
v 0.04143349 0.05936867 0.01712779
v 0.04093686 0.05910588 0.01560800
v 0.04044024 0.05825619 0.01305122
v 0.04011247 0.05801968 0.01206042
v 0.04006280 0.05948693 0.01509161
v 0.03952976 0.06001689 0.01560800
v 0.03690757 0.06087972 0.01414699
v 0.03628845 0.06123011 0.01414699
v 0.07005899 0.01800984 0.01772395
v 0.04248964 0.05851898 0.01726214
v 0.04300945 0.05792771 0.01685910
v 0.04196654 0.05831751 0.01563739
v 0.04174802 0.05812042 0.01483131
v 0.04095010 0.05763426 0.01259781
v 0.03881462 0.05666193 0.00731212
v 0.03868219 0.05955262 0.01346686
v 0.03628845 0.06058627 0.01269437
v 0.03836766 0.05788391 0.00939449
v 0.06857242 0.01779084 0.01324435
v 0.06854925 0.01796166 0.01331572
v 0.06911209 0.01862301 0.01563739
v 0.06700640 0.02228456 0.01347106
v 0.06717856 0.02273130 0.01446186
v 0.06545361 0.02658994 0.01366418
v 0.06543376 0.02801777 0.01521756
v 0.06403989 0.03274800 0.01641408
v 0.04457216 0.05649988 0.01668277
v 0.04357892 0.05693348 0.01563739
v 0.04332398 0.05671011 0.01465498
v 0.04439669 0.05487496 0.01266078
v 0.04304918 0.05648236 0.01366418
v 0.04400601 0.05441945 0.01106962
v 0.04336039 0.05523849 0.01166158
v 0.04274127 0.05623709 0.01266078
v 0.04173809 0.05513775 0.00888649
v 0.04043693 0.05677581 0.01007881
v 0.03984098 0.05629840 0.00818957
v 0.03946354 0.05585166 0.00671596
v 0.03844711 0.05642104 0.00631712
v 0.03796373 0.05692034 0.00677054
v 0.03628845 0.05993805 0.01126274
v 0.03791738 0.05761674 0.00823575
v 0.03698703 0.05794523 0.00776974
v 0.06814864 0.01852228 0.01275314
v 0.06744011 0.01871937 0.01106542
v 0.06836715 0.01895588 0.01384471
v 0.06853931 0.01942014 0.01483551
v 0.06686734 0.02317367 0.01403783
v 0.06701633 0.02082607 0.01194707
v 0.06564233 0.02559572 0.01313099
v 0.06527483 0.02608188 0.01264399
v 0.06470868 0.02755789 0.01266078
v 0.06419218 0.03308525 0.01740908
v 0.06444712 0.03216110 0.01699764
v 0.06389752 0.03238885 0.01563739
v 0.06290427 0.03208226 0.01261040
v 0.06249373 0.03261660 0.01208141
v 0.06268244 0.03299327 0.01307641
v 0.06336116 0.03351885 0.01563739
v 0.06383462 0.03355389 0.01699764
v 0.06440077 0.03279618 0.01774075
v 0.04613157 0.05507205 0.01650224
v 0.04591968 0.05488810 0.01563739
v 0.04488669 0.05528666 0.01450384
v 0.04463507 0.05506329 0.01351304
v 0.04543960 0.05403402 0.01279093
v 0.04494629 0.05385008 0.01147266
v 0.04465494 0.05359166 0.01048185
v 0.04304587 0.05498883 0.01066658
v 0.04043030 0.05528228 0.00711900
v 0.04011247 0.05501949 0.00612399
v 0.03904969 0.05537426 0.00521296
v 0.03745386 0.05672325 0.00570836
v 0.03876826 0.05514651 0.00441948
v 0.03796373 0.05613635 0.00521296
v 0.03628845 0.05793209 0.00686710
v 0.03628845 0.05835693 0.00778653
v 0.03628845 0.05929860 0.00985630
v 0.06753945 0.01779084 0.01055742
v 0.06699646 0.01928437 0.01049864
v 0.06720173 0.01983185 0.01149365
v 0.06718518 0.01829014 0.01008721
v 0.06687065 0.02024355 0.01106542
v 0.06270893 0.03016389 0.01007461
v 0.06545361 0.02510080 0.01213599
v 0.06407962 0.02838130 0.01183791
v 0.06292745 0.03061064 0.01109901
v 0.06269569 0.03162238 0.01155242
v 0.06387103 0.03082963 0.01389089
v 0.06421867 0.03320350 0.01774075
v 0.06390414 0.03385610 0.01774075
v 0.06110317 0.03282246 0.00887809
v 0.06251028 0.03115812 0.01055742
v 0.06233481 0.03208226 0.01109901
v 0.06179514 0.03202971 0.00967997
v 0.06127203 0.03308963 0.00967997
v 0.06259636 0.03431598 0.01480612
v 0.06276853 0.03457439 0.01563739
v 0.06299698 0.03507369 0.01713199
v 0.04476419 0.05667070 0.01767357
v 0.04632359 0.05523849 0.01749305
v 0.04685995 0.05461217 0.01704803
v 0.04768435 0.05363984 0.01634691
v 0.04638981 0.05381066 0.01414699
v 0.04540318 0.05463845 0.01406302
v 0.04619448 0.05363546 0.01337449
v 0.04593954 0.05340771 0.01237949
v 0.04748570 0.05196236 0.01226614
v 0.04642623 0.05235655 0.01117038
v 0.04489993 0.05232589 0.00858841
v 0.04459534 0.05204996 0.00759341
v 0.04439338 0.05337267 0.00967997
v 0.04301607 0.05346903 0.00772775
v 0.04202282 0.05388511 0.00697625
v 0.04169174 0.05360480 0.00598545
v 0.03699697 0.05646922 0.00471756
v 0.03628845 0.05722693 0.00542707
v 0.03729494 0.05514651 0.00292487
v 0.03786772 0.05536988 0.00384431
v 0.04324452 0.05217259 0.00589729
v 0.04032436 0.05371430 0.00433971
v 0.04304918 0.05051264 0.00317258
v 0.04148315 0.05194047 0.00325654
v 0.04205592 0.05095062 0.00257641
v 0.04320148 0.04915489 0.00148485
v 0.04105937 0.05146744 0.00212719
v 0.03891063 0.05377562 0.00277373
v 0.03803988 0.05292155 0.00068297
v 0.03761278 0.05244853 -0.00041279
v 0.06725802 0.01779084 0.00988569
v 0.06559929 0.02101879 0.00880252
v 0.06401671 0.02374305 0.00752203
v 0.06249704 0.02962517 0.00908381
v 0.06292082 0.02909521 0.00961700
v 0.06693687 0.01779084 0.00916778
v 0.06618863 0.01862301 0.00818957
v 0.06572841 0.01998076 0.00826094
v 0.06234474 0.03061064 0.00961700
v 0.06364258 0.02894630 0.01127114
v 0.06128196 0.03202971 0.00853803
v 0.06105682 0.03125009 0.00746746
v 0.05952059 0.03114060 0.00457062
v 0.05823930 0.03151288 0.00272755
v 0.05981195 0.03312029 0.00706442
v 0.05816315 0.03585768 0.00732891
v 0.05683881 0.03758772 0.00705182
v 0.05649780 0.03857757 0.00765218
v 0.05942458 0.03552482 0.00924755
v 0.05966958 0.03588397 0.01024255
v 0.06099061 0.03414079 0.01062040
v 0.06119588 0.03445176 0.01161120
v 0.06246724 0.03561242 0.01664079
v 0.06107338 0.03575257 0.01339968
v 0.05975235 0.03749575 0.01298825
v 0.06073236 0.03672928 0.01414699
v 0.06094426 0.03705338 0.01520916
v 0.06148061 0.03653218 0.01567937
v 0.06114290 0.03734684 0.01620416
v 0.06210305 0.03642268 0.01713199
v 0.06264271 0.03587520 0.01763579
v 0.06265927 0.03590149 0.01774075
v 0.05053498 0.05054329 0.01517558
v 0.05111107 0.04957973 0.01414699
v 0.05028998 0.05032431 0.01414699
v 0.04743935 0.05341647 0.01535610
v 0.05206790 0.04908919 0.01507482
v 0.04713475 0.05314492 0.01414699
v 0.04929011 0.05076229 0.01316458
v 0.05083627 0.04932570 0.01308481
v 0.04717117 0.05166892 0.01117038
v 0.04619116 0.05214632 0.01040208
v 0.04589318 0.05186601 0.00940708
v 0.04551244 0.05146306 0.00805942
v 0.04427750 0.05176965 0.00669916
v 0.04612495 0.05059585 0.00753043
v 0.04839618 0.04809058 0.00682511
v 0.04887956 0.04740733 0.00641368
v 0.04941592 0.04641310 0.00556982
v 0.04788631 0.04786721 0.00564958
v 0.04634677 0.04930380 0.00573355
v 0.03650034 0.05613197 0.00374355
v 0.04342661 0.05084550 0.00416338
v 0.04752543 0.04753872 0.00465458
v 0.04460527 0.04907605 0.00308861
v 0.04425432 0.04877384 0.00223215
v 0.04350939 0.04943081 0.00223215
v 0.04476088 0.04772706 0.00140508
v 0.04644610 0.04491958 -0.00029944
v 0.04431392 0.04733725 0.00041008
v 0.04332066 0.04777085 -0.00013570
v 0.04187714 0.04781028 -0.00167649
v 0.03874509 0.05065717 -0.00150855
v 0.03908942 0.05094624 -0.00074866
v 0.04162552 0.05056958 0.00158141
v 0.03961915 0.05151124 0.00058221
v 0.03730156 0.05069659 -0.00304514
v 0.06537084 0.02039247 0.00781172
v 0.06534766 0.01862301 0.00637170
v 0.06414253 0.02110200 0.00577973
v 0.06395381 0.02209623 0.00614918
v 0.06380150 0.02318243 0.00666558
v 0.06264271 0.02702793 0.00729113
v 0.06244738 0.02801777 0.00767737
v 0.06159318 0.03066758 0.00805522
v 0.06569199 0.01862301 0.00711480
v 0.06158987 0.02469347 0.00360080
v 0.06104689 0.02526285 0.00302144
v 0.05958350 0.02682208 0.00148065
v 0.05972255 0.03015076 0.00420536
v 0.06250697 0.02369925 0.00456642
v 0.05914647 0.02900323 0.00230352
v 0.05818963 0.03000184 0.00130852
v 0.05794133 0.03099606 0.00173255
v 0.05663686 0.03133769 -0.00005174
v 0.05684213 0.03191145 0.00087609
v 0.05761024 0.03201657 0.00223215
v 0.05848099 0.03348381 0.00526334
v 0.05654084 0.03714974 0.00605682
v 0.05521651 0.03888854 0.00578393
v 0.05355446 0.04160404 0.00609041
v 0.05515360 0.04027257 0.00736670
v 0.05614354 0.03944916 0.00816438
v 0.05674611 0.03893672 0.00864719
v 0.05781551 0.03804761 0.00953723
v 0.05808700 0.03723296 0.00894946
v 0.05833532 0.03759211 0.00994027
v 0.05798768 0.03858195 0.01063299
v 0.05822606 0.03893233 0.01162799
v 0.05986823 0.03618617 0.01117038
v 0.06065621 0.03497296 0.01113679
v 0.06086810 0.03544598 0.01240888
v 0.06081513 0.03834544 0.01712779
v 0.05954708 0.03718916 0.01199745
v 0.05924911 0.03799067 0.01256002
v 0.05942127 0.03848998 0.01380692
v 0.06056351 0.03790307 0.01567937
v 0.05978546 0.03903307 0.01563739
v 0.05947755 0.04007110 0.01667017
v 0.06111973 0.03820528 0.01774075
v 0.05185600 0.04889210 0.01414699
v 0.05358095 0.04761318 0.01499925
v 0.05292210 0.04844973 0.01553243
v 0.05264730 0.04814752 0.01414699
v 0.05235925 0.04787597 0.01302184
v 0.05145209 0.04846725 0.01255582
v 0.04772077 0.05069221 0.01033911
v 0.05077336 0.04778399 0.01021316
v 0.04979336 0.04682043 0.00687969
v 0.05040917 0.04593570 0.00635070
v 0.04999863 0.04552400 0.00507022
v 0.04907821 0.04610214 0.00457901
v 0.04615143 0.04763946 0.00300884
v 0.04509528 0.04802926 0.00223215
v 0.04584021 0.04735915 0.00223215
v 0.04743935 0.04448597 0.00027573
v 0.04698907 0.04400419 -0.00082423
v 0.04599582 0.04451663 -0.00129024
v 0.04443311 0.04595322 -0.00121047
v 0.04142687 0.04741171 -0.00266729
v 0.04086734 0.04832710 -0.00212990
v 0.03639771 0.05100318 -0.00361611
v 0.03886759 0.04927314 -0.00312071
v 0.06507949 0.01779084 0.00519197
v 0.06367569 0.02160130 0.00525494
v 0.06301022 0.02315615 0.00512060
v 0.06407300 0.01942452 0.00442787
v 0.06328171 0.02457960 0.00669916
v 0.06226197 0.02315615 0.00371416
v 0.05809693 0.02831560 -0.00000975
v 0.05790822 0.02930982 0.00031772
v 0.06124885 0.02427301 0.00267717
v 0.06243413 0.02200425 0.00321456
v 0.06261954 0.02101441 0.00287449
v 0.06235467 0.02011216 0.00183751
v 0.06251691 0.01925371 0.00156042
v 0.06235798 0.01779084 0.00038489
v 0.06269900 0.02270503 0.00420536
v 0.05761355 0.03051428 0.00078373
v 0.05662030 0.03280056 0.00145966
v 0.05686199 0.03054056 -0.00037920
v 0.05657064 0.02972153 -0.00144978
v 0.05631902 0.03054056 -0.00112651
v 0.05520326 0.02993614 -0.00309972
v 0.05526286 0.03151288 -0.00168488
v 0.05441197 0.03209541 -0.00229364
v 0.05493839 0.03250711 -0.00126085
v 0.05361737 0.03425467 -0.00148336
v 0.05229966 0.03598908 -0.00170168
v 0.05196195 0.03698330 -0.00124406
v 0.05280291 0.03637889 -0.00063530
v 0.05231290 0.03750013 -0.00024906
v 0.05197519 0.03848998 0.00022955
v 0.05231621 0.03899365 0.00122036
v 0.05364055 0.03726799 0.00145966
v 0.05659382 0.03425029 0.00298785
v 0.05788835 0.03395684 0.00480152
v 0.05361406 0.03871772 0.00299205
v 0.05440204 0.03952799 0.00515838
v 0.05388886 0.04060981 0.00552363
v 0.05526948 0.03598908 0.00271916
v 0.05491191 0.03843303 0.00479313
v 0.05221027 0.04329466 0.00583011
v 0.05243209 0.04361001 0.00669916
v 0.05322338 0.04245373 0.00663199
v 0.05333264 0.04104780 0.00509960
v 0.05058464 0.04460423 0.00457062
v 0.05536218 0.04056602 0.00818957
v 0.05695138 0.03944916 0.00977653
v 0.05639516 0.03993094 0.00934830
v 0.05763342 0.03944916 0.01114519
v 0.05654084 0.04161718 0.01205202
v 0.05508076 0.04463927 0.01347945
v 0.05793470 0.03999664 0.01266078
v 0.05844457 0.03925207 0.01266078
v 0.06001722 0.03953676 0.01714879
v 0.05961992 0.03878780 0.01480192
v 0.05927890 0.03977765 0.01563739
v 0.05814328 0.04177924 0.01625035
v 0.05418352 0.04703942 0.01555342
v 0.05549462 0.04522617 0.01563739
v 0.05527941 0.04492396 0.01447446
v 0.05394845 0.04663647 0.01414699
v 0.05338892 0.04738105 0.01414699
v 0.05206790 0.04759566 0.01203103
v 0.05224999 0.04630799 0.01020056
v 0.05070383 0.04622915 0.00734571
v 0.05198182 0.04598388 0.00920556
v 0.05085944 0.04494148 0.00556142
v 0.04953511 0.04505535 0.00372256
v 0.04922720 0.04475315 0.00288289
v 0.04874382 0.04579993 0.00372256
v 0.04769428 0.04619849 0.00294587
v 0.04729698 0.04583935 0.00195086
v 0.04784327 0.04484512 0.00126654
v 0.04795915 0.04349175 -0.00035821
v 0.04753536 0.04305815 -0.00135321
v 0.04297634 0.04597512 -0.00274286
v 0.04654211 0.04352679 -0.00186541
v 0.04043362 0.04784969 -0.00319208
v 0.05374650 0.02851707 -0.00611831
v 0.06485435 0.01779084 0.00476374
v 0.06422529 0.01862301 0.00415918
v 0.05815653 0.02549498 -0.00158832
v 0.05796119 0.02648921 -0.00129444
v 0.05733875 0.02902075 -0.00073186
v 0.06437428 0.01779084 0.00386530
v 0.06419550 0.01779084 0.00354623
v 0.06388759 0.01779084 0.00300464
v 0.06276521 0.01779084 0.00105662
v 0.05677260 0.02873169 -0.00173526
v 0.05508738 0.02823676 -0.00443058
v 0.05343527 0.02951130 -0.00572367
v 0.05382595 0.03010258 -0.00472867
v 0.05350149 0.03109680 -0.00430883
v 0.05224337 0.03442548 -0.00311651
v 0.05394514 0.03326044 -0.00190739
v 0.05191560 0.03541532 -0.00269668
v 0.05144215 0.03657160 -0.00230204
v 0.05096870 0.03771474 -0.00191159
v 0.05063100 0.03870459 -0.00146657
v 0.05041910 0.03962435 -0.00088300
v 0.05147195 0.03810455 -0.00085781
v 0.05098194 0.03922141 -0.00047577
v 0.05064424 0.04021125 0.00000284
v 0.05147857 0.03960683 0.00061160
v 0.04931328 0.04193253 -0.00021547
v 0.04962450 0.04243621 0.00076694
v 0.05197519 0.03998788 0.00174095
v 0.05263074 0.03948420 0.00223635
v 0.05387893 0.03762276 0.00223215
v 0.05338892 0.03958931 0.00357981
v 0.05257446 0.04094706 0.00375194
v 0.05225662 0.04188435 0.00426834
v 0.05189905 0.04435458 0.00669916
v 0.05290554 0.04397354 0.00814759
v 0.05092897 0.04361001 0.00402483
v 0.05061113 0.04314574 0.00302983
v 0.04895240 0.04292237 0.00028413
v 0.04929342 0.04336474 0.00127913
v 0.05392859 0.04362315 0.00967997
v 0.05494502 0.04296179 0.01075894
v 0.05529927 0.04196756 0.01005362
v 0.05685206 0.04057040 0.01117038
v 0.05373987 0.04634302 0.01316878
v 0.05475961 0.04542326 0.01404623
v 0.05584887 0.04392535 0.01417218
v 0.05809031 0.04021125 0.01341228
v 0.05885512 0.03950172 0.01410500
v 0.05661368 0.04321144 0.01486490
v 0.05829558 0.04199385 0.01712779
v 0.05510063 0.04615907 0.01641828
v 0.05496819 0.04597074 0.01563739
v 0.05261750 0.04546268 0.00969257
v 0.04826375 0.04529624 0.00241688
v 0.04845246 0.04249315 -0.00078644
v 0.04794921 0.04206393 -0.00184022
v 0.04754198 0.04153834 -0.00283522
v 0.04611832 0.04163908 -0.00440539
v 0.04451588 0.04452977 -0.00280583
v 0.04352263 0.04498090 -0.00330963
v 0.04198309 0.04641749 -0.00325086
v 0.04559190 0.04259389 -0.00388060
v 0.05475961 0.02766738 -0.00520727
v 0.05394845 0.02755789 -0.00637441
v 0.05782213 0.02457960 -0.00259592
v 0.05693814 0.02744401 -0.00223486
v 0.05971593 0.02120712 -0.00168908
v 0.05801085 0.02361603 -0.00286461
v 0.05528272 0.02724692 -0.00470348
v 0.05211094 0.03124572 -0.00592519
v 0.05218378 0.03283998 -0.00452295
v 0.05248838 0.03340936 -0.00365809
v 0.05092235 0.03615990 -0.00332223
v 0.05058464 0.03714974 -0.00290240
v 0.05035620 0.03812207 -0.00233982
v 0.04929011 0.04040834 -0.00166389
v 0.04894247 0.04140257 -0.00121047
v 0.05040255 0.04256760 0.00209361
v 0.05063431 0.04168726 0.00150584
v 0.05349156 0.04599264 0.01217378
v 0.05553435 0.04245811 0.01122076
v 0.04842267 0.04097334 -0.00224746
v 0.04790286 0.04054850 -0.00327185
v 0.04750225 0.03998350 -0.00426265
v 0.04650900 0.04064924 -0.00485881
v 0.04461851 0.04163908 -0.00589160
v 0.04512507 0.04210334 -0.00489660
v 0.04608190 0.04008861 -0.00585382
v 0.04457547 0.04309319 -0.00435501
v 0.04358222 0.04353993 -0.00483782
v 0.04306904 0.04307567 -0.00582863
v 0.03897022 0.04638682 -0.00617709
v 0.05992452 0.02011216 -0.00198716
v 0.05940472 0.02011216 -0.00273026
v 0.05955701 0.01929751 -0.00294438
v 0.04742279 0.03837172 -0.00567329
v 0.04784658 0.03898927 -0.00468248
v 0.05085613 0.03457001 -0.00471607
v 0.05051843 0.03556424 -0.00430883
v 0.05025025 0.03659350 -0.00377565
v 0.04924707 0.03885788 -0.00309132
v 0.04889612 0.03985210 -0.00265469
v 0.04696590 0.03954114 -0.00526605
v 0.05983181 0.01779084 -0.00333902
v 0.06109324 0.01779084 -0.00152535
v 0.06015959 0.01779084 -0.00286881
v 0.04918085 0.03727676 -0.00449776
v -0.05943311 -0.03850262 0.01378504
v -0.06181563 -0.03947429 0.03897801
v -0.06032755 -0.04096613 0.03898821
v -0.02503697 -0.06694592 0.01360139
v -0.05810333 -0.04023657 0.01337948
v -0.06298315 -0.03947429 0.03884793
v -0.05879197 -0.04536644 0.03886579
v -0.05585538 -0.04841230 0.03895251
v -0.05734742 -0.04543514 0.03898311
v -0.02455414 -0.06728289 0.01411917
v -0.02556730 -0.06714548 0.01459615
v -0.05825373 -0.04045249 0.01415233
v -0.05947665 -0.04006971 0.01665709
v -0.05966661 -0.04034453 0.01764930
v -0.05641737 -0.04293564 0.01387431
v -0.05661525 -0.04321699 0.01486652
v -0.06400818 -0.03869237 0.03866683
v -0.06266654 -0.04039033 0.03879946
v -0.05966661 -0.04482335 0.03878926
v -0.05666670 -0.04925637 0.03877396
v -0.05578414 -0.04981254 0.03884538
v -0.05436729 -0.04990087 0.03896526
v -0.04394278 -0.05883561 0.03896781
v -0.03798648 -0.06330463 0.03896271
v -0.03202623 -0.06777363 0.03895761
v -0.02755801 -0.06926221 0.03893720
v -0.03351827 -0.06777363 0.03893975
v -0.02755801 -0.07014554 0.03882242
v -0.02861867 -0.07007030 0.03877906
v -0.02426523 -0.06746282 0.01442525
v -0.02458184 -0.06778999 0.01564192
v -0.02606597 -0.06669401 0.01411917
v -0.02538129 -0.06854246 0.01927663
v -0.02606597 -0.06726653 0.01574905
v -0.02656068 -0.06689357 0.01532309
v -0.02848411 -0.06563400 0.01464716
v -0.03106055 -0.06393277 0.01373402
v -0.03006718 -0.06419450 0.01306830
v -0.02811605 -0.06544425 0.01365495
v -0.02712267 -0.06569944 0.01303769
v -0.05814291 -0.04178403 0.01625664
v -0.05779464 -0.04277206 0.01713151
v -0.05665087 -0.04476119 0.01774623
v -0.05798856 -0.04305014 0.01822065
v -0.05981701 -0.04056372 0.01862111
v -0.06061646 -0.03939249 0.01862621
v -0.06099244 -0.03861058 0.01813393
v -0.05435146 -0.04690082 0.01568273
v -0.05512321 -0.04619088 0.01636376
v -0.05475119 -0.04715273 0.01713151
v -0.05604930 -0.04532718 0.01720293
v -0.05646090 -0.04448638 0.01675402
v -0.06411900 -0.03882978 0.03767462
v -0.06111117 -0.04325625 0.03751648
v -0.05677356 -0.04940686 0.03798325
v -0.05615616 -0.05014952 0.03798325
v -0.05524194 -0.05076130 0.03879436
v -0.05426835 -0.05131093 0.03884538
v -0.04238741 -0.06175716 0.03886068
v -0.04096661 -0.06181604 0.03895506
v -0.04245469 -0.06032747 0.03896271
v -0.03500636 -0.06628505 0.03895761
v -0.03798648 -0.06479320 0.03892190
v -0.03503802 -0.06783252 0.03885048
v -0.03456309 -0.06858172 0.03877906
v -0.03351827 -0.06865697 0.03882497
v -0.02908963 -0.07016517 0.03800621
v -0.02448686 -0.06824474 0.01722334
v -0.02492220 -0.06840832 0.01828442
v -0.02606993 -0.06928511 0.02308988
v -0.02669920 -0.06847049 0.02102894
v -0.02458184 -0.06898413 0.02011070
v -0.02458184 -0.06937671 0.02160029
v -0.02453039 -0.06978567 0.02313324
v -0.02685750 -0.06705061 0.01631530
v -0.02980993 -0.06554894 0.01635866
v -0.02900652 -0.06576487 0.01577456
v -0.02947748 -0.06536900 0.01536645
v -0.03349452 -0.06282043 0.01425691
v -0.03397736 -0.06240493 0.01382840
v -0.03298398 -0.06267320 0.01312441
v -0.03533484 -0.06233950 0.01564192
v -0.03431376 -0.06258815 0.01482316
v -0.05496886 -0.04746353 0.01834309
v -0.05813500 -0.04326280 0.01921541
v -0.05627489 -0.04570668 0.01862111
v -0.05678939 -0.04496076 0.01862111
v -0.05758488 -0.04383205 0.01867977
v -0.06077873 -0.03979490 0.02011070
v -0.06114283 -0.03883959 0.01912869
v -0.06151089 -0.03806422 0.01862621
v -0.05357180 -0.04760748 0.01500170
v -0.05377760 -0.04784631 0.01599647
v -0.05400715 -0.04810477 0.01713151
v -0.06469286 -0.03804459 0.03649366
v -0.05810333 -0.04768273 0.03732007
v -0.05683292 -0.04948538 0.03649366
v -0.05623927 -0.05023131 0.03649366
v -0.05540816 -0.05091180 0.03798325
v -0.05370636 -0.05221063 0.03877651
v -0.04031359 -0.06413234 0.03877906
v -0.04184521 -0.06267975 0.03879436
v -0.04087162 -0.06322610 0.03884538
v -0.03947457 -0.06330463 0.03893975
v -0.03624115 -0.06737450 0.03880457
v -0.03664088 -0.06642900 0.03886579
v -0.02994053 -0.07004739 0.03752413
v -0.03723452 -0.06702116 0.03866428
v -0.03725431 -0.06704079 0.03766952
v -0.03725431 -0.06704079 0.03722825
v -0.03527547 -0.06816623 0.03798325
v -0.03453143 -0.06858172 0.03798325
v -0.02994053 -0.07004739 0.03716959
v -0.02426523 -0.06876165 0.01893994
v -0.02505281 -0.06993943 0.02457947
v -0.02606993 -0.06959919 0.02457947
v -0.02727306 -0.06875838 0.02308988
v -0.02699602 -0.06861116 0.02202115
v -0.02426523 -0.06915425 0.02042698
v -0.02426523 -0.06946505 0.02160539
v -0.02709101 -0.06716838 0.01713151
v -0.02783505 -0.06679215 0.01713151
v -0.03110013 -0.06544752 0.01820280
v -0.03004343 -0.06566672 0.01713151
v -0.03305126 -0.06420104 0.01745035
v -0.03353806 -0.06379209 0.01702439
v -0.03564354 -0.06250308 0.01655762
v -0.03756697 -0.06124352 0.01591484
v -0.03803397 -0.06084111 0.01550929
v -0.03722265 -0.06106031 0.01492263
v -0.05433563 -0.04837304 0.01874099
v -0.05511925 -0.04767946 0.01933529
v -0.05545170 -0.04694989 0.01875119
v -0.05775110 -0.04419520 0.02011070
v -0.05826560 -0.04344928 0.02011070
v -0.06225098 -0.03828015 0.02160029
v -0.05329081 -0.04884742 0.01713151
v -0.05234492 -0.04786594 0.01296372
v -0.05352035 -0.04906334 0.01814413
v -0.06111512 -0.04326607 0.03649366
v -0.05810333 -0.04768273 0.03698594
v -0.06409525 -0.03879706 0.03500407
v -0.06106763 -0.04319409 0.03435365
v -0.06109138 -0.04322681 0.03534586
v -0.05767591 -0.04827162 0.03649111
v -0.05805980 -0.04762057 0.03500407
v -0.05750969 -0.04841230 0.03500407
v -0.05679730 -0.04943304 0.03500407
v -0.05619178 -0.05017569 0.03500407
v -0.05544774 -0.05095106 0.03500407
v -0.05549127 -0.05098705 0.03649366
v -0.04918274 -0.05662729 0.03740425
v -0.05073019 -0.05519105 0.03768227
v -0.05301772 -0.05307760 0.03798325
v -0.05217078 -0.05365995 0.03875100
v -0.03877801 -0.06558166 0.03875610
v -0.03935584 -0.06469506 0.03881987
v -0.03798648 -0.06593826 0.03880712
v -0.02472828 -0.07134949 0.03649366
v -0.03888883 -0.06567653 0.03798325
v -0.05227368 -0.05375155 0.03798325
v -0.03889279 -0.06567981 0.03709817
v -0.03432168 -0.06853919 0.03722060
v -0.04317895 -0.06105376 0.02843864
v -0.04232805 -0.06151833 0.02755611
v -0.04210246 -0.06135475 0.02606652
v -0.04185313 -0.06117481 0.02457947
v -0.04171856 -0.06107994 0.02380407
v -0.03982680 -0.06085747 0.01862111
v -0.03908276 -0.06126642 0.01862111
v -0.03798648 -0.06186512 0.01862111
v -0.03622928 -0.06282043 0.01862111
v -0.03486783 -0.06359252 0.01874609
v -0.03404464 -0.06393277 0.01833543
v -0.03353806 -0.06431228 0.01874609
v -0.03351827 -0.06467215 0.02011070
v -0.03233888 -0.06530684 0.02011070
v -0.03159484 -0.06570598 0.02011070
v -0.03046690 -0.06668419 0.02158499
v -0.02905006 -0.06782270 0.02308988
v -0.02801710 -0.06836906 0.02308988
v -0.02529422 -0.07000159 0.02537783
v -0.02670316 -0.06996887 0.02856872
v -0.02606993 -0.07066572 0.03202488
v -0.02606993 -0.07082931 0.03351447
v -0.02458184 -0.07124480 0.03351447
v -0.02426523 -0.07139529 0.03477196
v -0.02426523 -0.07144110 0.03587895
v -0.02426523 -0.07011937 0.02444174
v -0.02426523 -0.07015208 0.02463559
v -0.02968328 -0.06697208 0.02107996
v -0.03137321 -0.06558821 0.01919756
v -0.02813188 -0.06694264 0.01818239
v -0.03193124 -0.06514654 0.01866957
v -0.03595224 -0.06266993 0.01754983
v -0.03856035 -0.06097852 0.01667240
v -0.03955768 -0.06003302 0.01558326
v -0.04011175 -0.05951611 0.01504762
v -0.03904318 -0.05975166 0.01415233
v -0.05484221 -0.04884088 0.02160029
v -0.05370240 -0.04923347 0.01913889
v -0.05500844 -0.04903717 0.02266902
v -0.05515883 -0.04920730 0.02366123
v -0.05522215 -0.04782341 0.02011070
v -0.05659546 -0.04616798 0.02088610
v -0.05994365 -0.04222570 0.02308988
v -0.05700706 -0.04527156 0.02011070
v -0.05921940 -0.04267718 0.02160029
v -0.05973390 -0.04193126 0.02160029
v -0.06108742 -0.04024638 0.02227877
v -0.06068770 -0.04115589 0.02308988
v -0.06245678 -0.03857786 0.02308988
v -0.05228951 -0.04929890 0.01606788
v -0.05254676 -0.04953118 0.01713151
v -0.05182251 -0.04887359 0.01415233
v -0.05172357 -0.05027711 0.01713151
v -0.05015237 -0.05169371 0.01713151
v -0.04789649 -0.05383007 0.01739168
v -0.05197686 -0.05050612 0.01829972
v -0.05283963 -0.04987143 0.01871803
v -0.05935000 -0.04584082 0.03649366
v -0.06444748 -0.03811003 0.03357824
v -0.06228660 -0.04130638 0.03351447
v -0.06154256 -0.04239909 0.03351447
v -0.06103202 -0.04314502 0.03351447
v -0.05977347 -0.04496403 0.03351447
v -0.05799648 -0.04752896 0.03351447
v -0.05673002 -0.04933816 0.03351447
v -0.05737908 -0.04841230 0.03351447
v -0.05611262 -0.05008081 0.03351447
v -0.05536859 -0.05088236 0.03351447
v -0.05462059 -0.05169371 0.03500407
v -0.05455726 -0.05162501 0.03351447
v -0.05380926 -0.05230878 0.03351447
v -0.05224598 -0.05372865 0.03351447
v -0.05069062 -0.05515179 0.03382821
v -0.04913921 -0.05659130 0.03459086
v -0.05466016 -0.05173297 0.03649366
v -0.04760759 -0.05804062 0.03649366
v -0.04602848 -0.05945067 0.03649366
v -0.04444145 -0.06085420 0.03649366
v -0.04369741 -0.06151178 0.03649366
v -0.04362617 -0.06144635 0.03500407
v -0.04307209 -0.06096543 0.02755611
v -0.04515778 -0.05997740 0.03351447
v -0.04579893 -0.05925765 0.03202488
v -0.04664983 -0.05851173 0.03202488
v -0.04983971 -0.05571451 0.03202488
v -0.05046503 -0.05495223 0.03053529
v -0.04473036 -0.05962408 0.02808665
v -0.04618678 -0.05810278 0.02677050
v -0.04462350 -0.05952593 0.02709188
v -0.04284650 -0.06077568 0.02606652
v -0.04182147 -0.05967642 0.01902411
v -0.04165129 -0.05953574 0.01803190
v -0.04108138 -0.06006246 0.01856499
v -0.04070541 -0.05990216 0.01713151
v -0.03939937 -0.06067753 0.01715447
v -0.03885321 -0.06113555 0.01766461
v -0.02426523 -0.07035492 0.02598234
v -0.02426523 -0.07061666 0.02787239
v -0.02458184 -0.07048906 0.02755611
v -0.02458184 -0.07089474 0.03053529
v -0.02458184 -0.07109430 0.03202488
v -0.03803397 -0.06141691 0.01715447
v -0.04042837 -0.05971895 0.01604238
v -0.04888988 -0.05338840 0.01862111
v -0.05215891 -0.05066970 0.01929193
v -0.05229347 -0.05079402 0.02011070
v -0.05304147 -0.05012007 0.02011070
v -0.05386071 -0.04937742 0.02011070
v -0.05409817 -0.04959007 0.02160029
v -0.05473140 -0.05030001 0.02606652
v -0.05527756 -0.04934143 0.02457947
v -0.05621553 -0.04860205 0.02606652
v -0.05553877 -0.04849081 0.02313579
v -0.05699915 -0.04698588 0.02466110
v -0.05806772 -0.04465323 0.02244201
v -0.05942124 -0.04296836 0.02308988
v -0.05834080 -0.04504909 0.02457947
v -0.05953997 -0.04313847 0.02401833
v -0.06255572 -0.03872509 0.02385253
v -0.05025923 -0.05029674 0.01415233
v -0.05050856 -0.05052248 0.01518025
v -0.04927377 -0.05075476 0.01316522
v -0.04773027 -0.05219754 0.01326725
v -0.04794399 -0.05239056 0.01415233
v -0.04747698 -0.05345711 0.01564192
v -0.04765904 -0.05362068 0.01639947
v -0.04839912 -0.05320846 0.01699123
v -0.04700206 -0.05444513 0.01695807
v -0.04634509 -0.05525976 0.01751922
v -0.06438021 -0.03804459 0.03225699
v -0.06362033 -0.03933688 0.03357824
v -0.06436042 -0.03804459 0.03202488
v -0.06397256 -0.03861712 0.03202488
v -0.06272195 -0.04046231 0.03202488
v -0.06221536 -0.04120496 0.03202488
v -0.06147132 -0.04229440 0.03202488
v -0.06095682 -0.04303706 0.03202488
v -0.06139216 -0.04217008 0.03053529
v -0.05665879 -0.04923347 0.03231821
v -0.05525777 -0.05078094 0.03202488
v -0.05561396 -0.04972094 0.02755611
v -0.05509946 -0.05063371 0.02988232
v -0.05357180 -0.05208958 0.03013739
v -0.05364304 -0.05215828 0.03112960
v -0.05211538 -0.05361087 0.03139997
v -0.05218266 -0.05366976 0.03239473
v -0.05063520 -0.05510600 0.03283600
v -0.05126844 -0.05459562 0.03340480
v -0.04909567 -0.05654877 0.03351447
v -0.04590183 -0.05934599 0.03351447
v -0.04372511 -0.06003302 0.02606652
v -0.05058376 -0.05506019 0.03202488
v -0.05129614 -0.05421284 0.03053529
v -0.05190166 -0.05342112 0.02904570
v -0.05017612 -0.05470031 0.02755611
v -0.04799148 -0.05689556 0.02904570
v -0.04626593 -0.05817148 0.02755611
v -0.05259426 -0.05254760 0.02755611
v -0.04926981 -0.05521396 0.02606652
v -0.04917087 -0.05512562 0.02527581
v -0.04760363 -0.05655204 0.02554108
v -0.04447311 -0.05939506 0.02606652
v -0.04237158 -0.05907117 0.01856499
v -0.04330560 -0.05967315 0.02351074
v -0.04314333 -0.05953247 0.02251853
v -0.04274756 -0.05919222 0.02011070
v -0.04322248 -0.05811259 0.01782020
v -0.04249031 -0.05853790 0.01724629
v -0.04144945 -0.05938197 0.01713151
v -0.02426523 -0.07097980 0.03053784
v -0.04093891 -0.05913987 0.01558326
v -0.04814187 -0.05404926 0.01862111
v -0.04906401 -0.05354544 0.01963627
v -0.05061146 -0.05210921 0.01946028
v -0.05131988 -0.05164136 0.02001888
v -0.05096765 -0.05242655 0.02160029
v -0.05120907 -0.05264902 0.02308988
v -0.05347286 -0.05051266 0.02281696
v -0.05375385 -0.05076458 0.02457947
v -0.05398735 -0.05097396 0.02606652
v -0.05491345 -0.05046686 0.02755611
v -0.05546753 -0.04955408 0.02606652
v -0.05224993 -0.05224334 0.02495952
v -0.05071040 -0.05368612 0.02511512
v -0.05607701 -0.04828798 0.02466110
v -0.05635800 -0.04880816 0.02755611
v -0.05807959 -0.04615816 0.02688783
v -0.05673398 -0.04785940 0.02606652
v -0.05663108 -0.04770890 0.02521204
v -0.05781838 -0.04579174 0.02457947
v -0.05862179 -0.04407088 0.02299806
v -0.06005447 -0.04256922 0.02454121
v -0.06086184 -0.04141107 0.02457947
v -0.05850702 -0.04529446 0.02606652
v -0.05925106 -0.04420502 0.02606652
v -0.06056501 -0.04231403 0.02618895
v -0.04618678 -0.05363704 0.01338713
v -0.04431480 -0.05627068 0.01564192
v -0.04357076 -0.05693155 0.01564192
v -0.04300877 -0.05792284 0.01682799
v -0.04478181 -0.05668617 0.01766205
v -0.06390133 -0.03851243 0.03053529
v -0.06324436 -0.03947429 0.03053529
v -0.06264675 -0.04034780 0.03053529
v -0.06213620 -0.04109045 0.03053529
v -0.06259134 -0.04026601 0.02960940
v -0.05951227 -0.04458779 0.02904570
v -0.05892258 -0.04543514 0.02904570
v -0.05697936 -0.04820619 0.02904570
v -0.05654797 -0.04907970 0.03053529
v -0.05645694 -0.04894884 0.02904570
v -0.05503614 -0.05057483 0.02904570
v -0.05347682 -0.05200779 0.02904570
v -0.05204018 -0.05354544 0.03053529
v -0.05152964 -0.05420630 0.03194836
v -0.05333830 -0.05188347 0.02755611
v -0.05001386 -0.05454655 0.02606652
v -0.05013654 -0.05317247 0.02160029
v -0.04939250 -0.05383988 0.02160029
v -0.04900464 -0.05497840 0.02428105
v -0.04805876 -0.05545605 0.02308988
v -0.04720390 -0.05620198 0.02308988
v -0.04745324 -0.05641790 0.02457947
v -0.05084100 -0.05380389 0.02606652
v -0.04385967 -0.05906790 0.02304397
v -0.04361429 -0.05844630 0.02011070
v -0.04435834 -0.05780506 0.02011070
v -0.04336100 -0.05823037 0.01862111
v -0.04410505 -0.05758259 0.01862111
v -0.04655484 -0.05544624 0.01862111
v -0.04729889 -0.05479192 0.01862111
v -0.04197977 -0.05833179 0.01564192
v -0.04836746 -0.05433717 0.02023058
v -0.05416941 -0.05113754 0.02755611
v -0.05816270 -0.04628248 0.02788259
v -0.05687646 -0.04806224 0.02755611
v -0.05939749 -0.04441767 0.02755611
v -0.05799252 -0.04604039 0.02606652
v -0.06174836 -0.04096613 0.02755611
v -0.04463141 -0.05506346 0.01351721
v -0.04332934 -0.05671562 0.01464971
v -0.04272382 -0.05767747 0.01564192
v -0.06128926 -0.04202286 0.02904570
v -0.06077477 -0.04276878 0.02904570
v -0.06297128 -0.03957570 0.02908651
v -0.04767487 -0.05512235 0.02082489
v -0.04697436 -0.05556075 0.02024078
v -0.04750469 -0.05497513 0.01983267
v -0.04176210 -0.05813549 0.01479765
v -0.06250427 -0.04013842 0.02861463
v -0.04447707 -0.05493259 0.01293311
v -0.04350348 -0.05577667 0.01293311
v 0.00015355 0.01778647 -0.03911878
v 0.00015355 0.03744764 -0.03890800
v 0.00015355 0.03500354 -0.03911779
v 0.02606601 0.01862022 -0.03911878
v 0.02904603 0.01778647 -0.03911878
v 0.00521567 0.03737866 -0.03885580
v 0.00617214 0.03728601 -0.03877799
v 0.00372567 0.03744764 -0.03890800
v 0.00015355 0.03649366 -0.03910302
v 0.00819569 0.03500354 -0.03911779
v 0.02755602 0.01862022 -0.03911878
v 0.01861923 0.03053518 -0.03911779
v 0.02308600 0.02755891 -0.03911779
v 0.02755602 0.02308858 -0.03911779
v 0.03053603 0.01862022 -0.03911779
v 0.01214193 0.03579985 -0.03878095
v 0.01117245 0.03589840 -0.03885876
v 0.00968244 0.03602060 -0.03891687
v 0.00521567 0.03649366 -0.03905082
v 0.00372567 0.03649366 -0.03910302
v 0.00968244 0.03500354 -0.03911189
v 0.01266245 0.03351343 -0.03911779
v 0.01564247 0.03202530 -0.03911779
v 0.02159599 0.02904508 -0.03911189
v 0.01415246 0.03351343 -0.03910400
v 0.02764711 0.02466935 -0.03896217
v 0.02904603 0.02160044 -0.03909317
v 0.03136887 0.01778647 -0.03907643
v 0.01415246 0.03462510 -0.03890899
v 0.01519026 0.03440040 -0.03883906
v 0.01117245 0.03500354 -0.03905378
v 0.02010598 0.03053518 -0.03908332
v 0.02307298 0.02903916 -0.03895627
v 0.02459227 0.02757467 -0.03896217
v 0.01712922 0.03202530 -0.03909415
v 0.02721117 0.02565093 -0.03885876
v 0.02853526 0.02423375 -0.03885876
v 0.02903626 0.02305507 -0.03894248
v 0.03023673 0.02160044 -0.03889816
v 0.03066616 0.02024239 -0.03896217
v 0.03202279 0.01778647 -0.03897695
v 0.01712922 0.03309557 -0.03889914
v 0.01811497 0.03288861 -0.03882625
v 0.02010598 0.03156407 -0.03888831
v 0.02153743 0.03050562 -0.03892868
v 0.02256872 0.02998920 -0.03884989
v 0.02410753 0.02853852 -0.03885777
v 0.02820342 0.02522716 -0.03829045
v 0.02991465 0.02253471 -0.03882527
v 0.03151853 0.01983438 -0.03885876
v 0.03201953 0.01851772 -0.03890308
v 0.02100064 0.03137485 -0.03881148
v 0.03125176 0.02082582 -0.03862926
v 0.03280032 0.01795400 -0.03875928
v 0.03282635 0.01778647 -0.03877701
v -0.00670454 0.07498263 0.03202391
v -0.00819490 0.07501394 0.03351314
v 0.00014629 0.07506613 0.03798305
v -0.00372784 0.07499307 0.03202391
v -0.00521419 0.07499046 0.03202391
v -0.00819490 0.07496959 0.03202391
v -0.00223748 0.07485739 0.03053470
v -0.00372784 0.07484695 0.03053470
v -0.00968526 0.07488610 0.03351314
v -0.00968526 0.07481303 0.03500461
v -0.00074712 0.07502177 0.03798305
v 0.00014629 0.07493567 0.03835479
v -0.00896412 0.07447906 0.03872878
v -0.00819490 0.07450254 0.03875357
v -0.00670454 0.07454689 0.03879863
v -0.00521419 0.07458863 0.03883918
v -0.00372784 0.07462778 0.03887072
v 0.00014629 0.07485739 0.03053470
v -0.00074712 0.07486000 0.03053470
v -0.00670454 0.07481303 0.03053470
v -0.00819490 0.07478955 0.03053470
v -0.00897614 0.07448688 0.02823215
v -0.00968526 0.07479477 0.03202391
v -0.00223748 0.07469302 0.02904548
v -0.00074712 0.07470083 0.02904548
v -0.01101537 0.07461995 0.03351314
v -0.01194484 0.07448427 0.03557236
v -0.01197689 0.07448949 0.03649383
v -0.01196887 0.07448688 0.03731617
v -0.00223748 0.07466431 0.03889551
v -0.00074712 0.07469822 0.03891128
v -0.01254579 0.07418943 0.03788166
v -0.01787021 0.07298397 0.03871527
v -0.01688065 0.07309095 0.03882341
v -0.01564269 0.07320315 0.03889551
v -0.01415233 0.07332578 0.03892254
v -0.00521419 0.07373282 0.03903294
v -0.00521419 0.07465126 0.02904548
v -0.00670454 0.07441644 0.02731518
v -0.00819490 0.07460691 0.02904548
v -0.00372784 0.07467214 0.02904548
v -0.00819490 0.07440338 0.02740756
v -0.00819490 0.07421552 0.02606929
v -0.00968526 0.07402766 0.02606929
v -0.00955706 0.07428075 0.02766440
v -0.00994567 0.07436686 0.02904548
v -0.01051457 0.07449732 0.03112047
v -0.01074293 0.07455211 0.03202391
v -0.00223748 0.07453646 0.02788744
v -0.00372784 0.07452863 0.02792799
v -0.00074712 0.07454168 0.02787393
v 0.00014629 0.07460430 0.02834930
v -0.01148811 0.07437468 0.03202391
v -0.01176054 0.07443992 0.03351314
v -0.01187272 0.07446600 0.03458105
v -0.01713305 0.07325272 0.03649383
v -0.01415233 0.07397809 0.03649383
v -0.01272207 0.07431989 0.03649383
v -0.01801444 0.07302050 0.03772170
v -0.00372784 0.07373282 0.03906448
v -0.00223748 0.07373282 0.03908926
v -0.00074712 0.07373282 0.03910729
v -0.02394783 0.07152803 0.03798305
v -0.02383966 0.07149933 0.03872878
v -0.02308647 0.07158022 0.03880088
v -0.02159611 0.07171589 0.03889776
v -0.01564269 0.07224295 0.03908926
v -0.00521419 0.07442165 0.02724084
v -0.00670454 0.07423901 0.02606929
v -0.00670454 0.07395982 0.02458007
v -0.00819490 0.07392329 0.02458007
v -0.00968526 0.07373021 0.02458007
v -0.01117562 0.07339101 0.02458007
v -0.01117562 0.07367281 0.02606929
v -0.01117562 0.07389198 0.02755851
v -0.01117562 0.07407984 0.02904548
v -0.01415233 0.07337536 0.02904548
v -0.01533420 0.07309356 0.02904548
v -0.00223748 0.07442948 0.02714621
v -0.00372784 0.07442426 0.02718451
v -0.00074712 0.07427032 0.02606929
v -0.01630774 0.07296832 0.02996469
v -0.01266197 0.07409028 0.03202391
v -0.01415233 0.07372760 0.03202391
v -0.01564269 0.07336231 0.03202391
v -0.01415233 0.07385284 0.03351314
v -0.01795835 0.07300746 0.03536509
v -0.01803848 0.07302833 0.03649383
v -0.02476112 0.07136104 0.03649383
v -0.01415233 0.07224295 0.03911630
v -0.02606718 0.07101141 0.03649383
v -0.02606718 0.07086007 0.03798305
v -0.02766571 0.07028865 0.03794475
v -0.02724104 0.07018951 0.03885495
v -0.02606718 0.07034867 0.03891803
v -0.02159611 0.07075309 0.03908926
v -0.00521419 0.07424944 0.02606929
v -0.00521419 0.07397809 0.02458007
v -0.00372784 0.07367281 0.02308859
v -0.00223748 0.07336753 0.02159937
v -0.00521419 0.07365193 0.02308859
v -0.00670454 0.07361279 0.02308859
v -0.00819490 0.07355017 0.02308859
v -0.00863961 0.07297093 0.02091897
v -0.00968526 0.07335709 0.02308859
v -0.01104341 0.07309095 0.02316970
v -0.01203698 0.07301789 0.02371717
v -0.01236550 0.07310139 0.02458007
v -0.02071070 0.07146280 0.02704708
v -0.01474527 0.07295005 0.02705834
v -0.01506577 0.07302833 0.02804740
v -0.01266197 0.07353452 0.02755851
v -0.02498948 0.06992858 0.02432097
v -0.01607938 0.07291352 0.02904548
v -0.00223748 0.07426510 0.02606929
v -0.00372784 0.07425727 0.02606929
v -0.00074712 0.07399896 0.02458007
v -0.00223748 0.07399635 0.02458007
v 0.00014629 0.07399635 0.02458007
v -0.01713305 0.07265782 0.02904548
v -0.01862340 0.07246735 0.03053470
v -0.01751765 0.07290048 0.03202391
v -0.01564269 0.07348494 0.03351314
v -0.01852324 0.07284568 0.03492125
v -0.02393180 0.07152281 0.03537635
v -0.02448868 0.07135582 0.03492801
v -0.02606718 0.07094096 0.03500461
v -0.02606718 0.06926323 0.03911179
v -0.03649168 0.06330638 0.03910504
v -0.03947239 0.06181913 0.03910278
v -0.02750145 0.07036693 0.03500461
v -0.02770577 0.07033301 0.03634964
v -0.02832275 0.07002251 0.03742205
v -0.02823461 0.06994162 0.03841337
v -0.03015765 0.06868659 0.03884819
v -0.02904389 0.06896839 0.03891578
v -0.00223748 0.07368325 0.02308859
v -0.00223748 0.07309878 0.02041431
v -0.00372784 0.07334144 0.02159937
v -0.00074712 0.07337274 0.02159937
v -0.00074712 0.07310139 0.02038952
v -0.00372784 0.07307790 0.02050217
v -0.00521419 0.07329708 0.02159937
v -0.00670454 0.07323968 0.02159937
v -0.00764603 0.07299963 0.02081308
v -0.00819490 0.07240734 0.01862093
v -0.00819490 0.07202378 0.01713171
v -0.00968526 0.07288482 0.02125692
v -0.01145606 0.07289004 0.02272586
v -0.01516593 0.07155934 0.02063735
v -0.01615950 0.07144714 0.02109696
v -0.01711301 0.07132190 0.02159712
v -0.01660421 0.07155151 0.02209052
v -0.02399590 0.07004861 0.02365635
v -0.02100717 0.07153847 0.02803839
v -0.01862340 0.07206813 0.02755851
v -0.02532601 0.07000947 0.02531454
v -0.01713305 0.07243864 0.02755851
v -0.01559461 0.07281959 0.02755625
v -0.01862340 0.07228731 0.02904548
v -0.02452474 0.06979551 0.02313140
v -0.02606718 0.06930237 0.02308859
v -0.02591895 0.06969636 0.02472201
v -0.00074712 0.07368585 0.02308859
v 0.00014629 0.07368325 0.02308859
v -0.02228920 0.07148628 0.02989935
v -0.02252959 0.07154369 0.03089292
v -0.01862340 0.07262651 0.03202391
v -0.01862340 0.07274392 0.03351314
v -0.02457682 0.07124101 0.03351314
v -0.02606718 0.07083920 0.03351314
v -0.02729713 0.07025995 0.03202391
v -0.02740129 0.07031474 0.03351314
v -0.03202461 0.06628350 0.03909827
v -0.03500132 0.06479625 0.03908701
v -0.03798203 0.06330638 0.03907574
v -0.04077445 0.06181913 0.03906673
v -0.02829871 0.07000947 0.03575710
v -0.02832275 0.07002251 0.03674841
v -0.03626332 0.06581385 0.03649383
v -0.03915189 0.06427702 0.03649383
v -0.03989706 0.06388041 0.03649383
v -0.03911182 0.06424832 0.03798305
v -0.03308228 0.06717847 0.03884143
v -0.03893554 0.06415438 0.03881440
v -0.03500132 0.06588168 0.03889776
v -0.04077445 0.06199917 0.03904646
v -0.00223748 0.07291091 0.01966857
v -0.00074712 0.07291874 0.01964379
v -0.00372784 0.07288744 0.01975869
v -0.00521419 0.07254041 0.01862093
v -0.00670454 0.07248300 0.01862093
v -0.00670454 0.07209945 0.01713171
v -0.01037435 0.07148628 0.01642878
v -0.00968526 0.07220121 0.01862093
v -0.01266197 0.07195855 0.02011015
v -0.01104341 0.07272044 0.02173230
v -0.01410025 0.07165588 0.02012818
v -0.01565471 0.07130103 0.02012818
v -0.01713305 0.07094096 0.02011015
v -0.02060654 0.06994946 0.01960999
v -0.02010975 0.07056784 0.02159937
v -0.01862340 0.07094356 0.02159937
v -0.02355120 0.06993641 0.02266278
v -0.02308647 0.07115491 0.02904548
v -0.02457682 0.07054435 0.02755851
v -0.02624346 0.06980594 0.02606929
v -0.02678031 0.06999642 0.02836958
v -0.02619538 0.07027822 0.02893733
v -0.02606718 0.07056523 0.03053470
v -0.02457682 0.07076874 0.02904548
v -0.02255763 0.07006425 0.02211756
v -0.02457682 0.06941196 0.02159937
v -0.02544620 0.06856918 0.01916165
v -0.02674025 0.06848829 0.02097079
v -0.02700867 0.06862136 0.02196436
v -0.02728911 0.06877009 0.02308859
v -0.02766972 0.06888750 0.02452825
v -0.02457682 0.07098531 0.03053470
v -0.02010975 0.07225600 0.03202391
v -0.02457682 0.07113926 0.03202391
v -0.02606718 0.07073221 0.03202391
v -0.02804231 0.06987117 0.03202391
v -0.02712886 0.07017384 0.03053470
v -0.02814647 0.06992597 0.03351314
v -0.03202461 0.06805777 0.03649383
v -0.02891168 0.06970157 0.03634964
v -0.03900365 0.06419613 0.03351314
v -0.03974883 0.06380214 0.03351314
v -0.03798203 0.06483017 0.03500461
v -0.04077445 0.06287847 0.03888199
v -0.03798203 0.06434746 0.03888649
v -0.00223748 0.07261607 0.01862093
v -0.00521419 0.07214119 0.01713171
v -0.00372784 0.07258737 0.01862093
v -0.00074712 0.07262651 0.01862093
v -0.02345104 0.06842828 0.01669013
v -0.02300634 0.06867615 0.01716551
v -0.01961698 0.07006948 0.01915714
v -0.01117562 0.07159587 0.01750346
v -0.02109131 0.07007208 0.02060356
v -0.02404799 0.06857440 0.01768369
v -0.02504156 0.06844654 0.01816808
v -0.02694457 0.07007731 0.02936314
v -0.02755353 0.06921365 0.02606929
v -0.02306643 0.06980856 0.02161289
v -0.02457682 0.06904667 0.02011015
v -0.02606718 0.06773162 0.01713171
v -0.02599106 0.06819867 0.01864797
v -0.02763767 0.06739503 0.01859615
v -0.02845095 0.06710801 0.01907603
v -0.02946856 0.06686536 0.02011015
v -0.03053425 0.06632003 0.02011015
v -0.02914405 0.06741590 0.02154981
v -0.02803429 0.06838131 0.02308859
v -0.02824262 0.06848829 0.02399655
v -0.02995333 0.06711584 0.02201392
v -0.03137157 0.06707671 0.02510276
v -0.02841890 0.06858222 0.02499011
v -0.03202461 0.06776815 0.03202391
v -0.02787404 0.06978246 0.03053470
v -0.03367522 0.06672446 0.03053470
v -0.03586268 0.06560250 0.03080055
v -0.03351497 0.06612695 0.02606929
v -0.03468081 0.06575906 0.02755851
v -0.03542599 0.06537028 0.02755851
v -0.03649168 0.06481190 0.02755851
v -0.03563832 0.06548247 0.02904548
v -0.03383948 0.06680796 0.03202391
v -0.03798203 0.06460317 0.03202391
v -0.03887144 0.06412829 0.03202391
v -0.04077445 0.06325420 0.03351314
v -0.00223748 0.07217251 0.01713171
v -0.02455679 0.06828738 0.01716551
v -0.03152782 0.06715759 0.02606929
v -0.03227300 0.06677143 0.02606929
v -0.02688848 0.06707149 0.01628234
v -0.02716091 0.06720977 0.01713171
v -0.02819054 0.06697234 0.01808247
v -0.03166404 0.06573818 0.02011015
v -0.03240922 0.06535202 0.02011015
v -0.02904389 0.06785425 0.02308859
v -0.03019772 0.06724630 0.02308859
v -0.03355904 0.06582689 0.02467019
v -0.03430021 0.06556075 0.02522893
v -0.03265360 0.06547987 0.02111048
v -0.03519362 0.06524765 0.02606929
v -0.03444844 0.06563903 0.02606929
v -0.03574249 0.06553727 0.02980698
v -0.03514955 0.06592865 0.03039726
v -0.03809020 0.06437878 0.03056624
v -0.03877128 0.06407350 0.03108442
v -0.03961662 0.06372908 0.03202391
v -0.03853491 0.06394826 0.02904548
v -0.03947239 0.06344728 0.02904548
v -0.03947239 0.06324638 0.02755851
v -0.02790609 0.06682361 0.01713171
v -0.02982513 0.06555814 0.01633416
v -0.03276177 0.06404740 0.01639950
v -0.03216884 0.06454316 0.01698978
v -0.03111917 0.06545638 0.01815231
v -0.03195249 0.06516676 0.01863671
v -0.03140763 0.06560511 0.01914588
v -0.03433627 0.06409176 0.01922924
v -0.03351497 0.06477015 0.02011015
v -0.03342682 0.06518763 0.02160388
v -0.03558224 0.06396130 0.02123890
v -0.03855895 0.06247143 0.02159937
v -0.03872320 0.06255754 0.02235638
v -0.04070234 0.06133382 0.02159937
v -0.03704856 0.06395086 0.02458007
v -0.03721682 0.06403958 0.02537987
v -0.04033376 0.06262277 0.02652664
v -0.04043391 0.06119031 0.02043008
v -0.03778973 0.06434485 0.02904548
v -0.04049000 0.06270627 0.02755851
v -0.04077445 0.06255493 0.02755851
v -0.03305424 0.06420135 0.01739081
v -0.03859100 0.06099984 0.01661353
v -0.03942031 0.06072065 0.01711820
v -0.03993713 0.06092417 0.01862093
v -0.04017751 0.06105463 0.01943651
v -0.03696843 0.06241665 0.01833481
v -0.03726089 0.06257319 0.01932837
v -0.03404781 0.06393781 0.01823567
v -0.03353500 0.06435008 0.01868852
v -0.03959659 0.06151908 0.02000427
v -0.03993312 0.06240882 0.02458007
v -0.03918794 0.06280803 0.02458007
v -0.03798203 0.06345250 0.02458007
v -0.04077445 0.06090330 0.02014395
v 0.00746853 0.07149947 0.01489394
v 0.00521540 0.07124821 0.01414525
v 0.00670451 0.07117403 0.01395807
v 0.00670451 0.07149947 0.01489147
v 0.00670451 0.07209294 0.01713015
v 0.00670451 0.07247104 0.01862015
v 0.00763123 0.07299510 0.02082188
v 0.00819363 0.07354788 0.02309012
v 0.00862515 0.07297356 0.02091301
v 0.00805568 0.07163588 0.01556382
v 0.00846245 0.07146837 0.01501461
v 0.00805568 0.07125299 0.01429794
v 0.00670451 0.07124103 0.01414771
v 0.00015030 0.07291134 0.01967176
v 0.00074807 0.07290656 0.01969146
v 0.03500472 0.06479429 0.03908844
v 0.00074807 0.07373215 0.03911553
v 0.00670451 0.07322244 0.02160013
v 0.00223718 0.07307407 0.02051650
v 0.00819363 0.07391880 0.02458011
v 0.00670451 0.07359575 0.02309012
v 0.00939270 0.07159520 0.01600712
v 0.00968274 0.07372975 0.02458011
v 0.00968274 0.07335884 0.02309012
v 0.00980654 0.07138461 0.01556382
v 0.00968274 0.07096823 0.01415263
v 0.00969689 0.07089405 0.01395807
v 0.00074807 0.07309321 0.02043523
v 0.03500472 0.06587832 0.03889880
v 0.03202296 0.06628513 0.03908598
v 0.02457739 0.06926441 0.03911060
v 0.02755562 0.06777357 0.03911060
v 0.00372629 0.07373215 0.03911799
v 0.00223718 0.07473721 0.03892343
v 0.00074807 0.07472524 0.03892097
v 0.00015030 0.07471567 0.03891851
v 0.00521540 0.07362925 0.02309012
v 0.00670451 0.07394991 0.02458011
v 0.00819363 0.07420357 0.02606764
v 0.00968274 0.07259308 0.02011014
v 0.01038662 0.07148990 0.01642087
v 0.00968274 0.07401452 0.02606764
v 0.01117185 0.07338037 0.02458011
v 0.01200307 0.07300946 0.02374522
v 0.01514046 0.07155452 0.02064210
v 0.01104452 0.07308604 0.02318617
v 0.01266450 0.07233702 0.02160013
v 0.01046090 0.07299510 0.02231926
v 0.01455684 0.07142530 0.01964713
v 0.01409702 0.07126257 0.01869403
v 0.01117185 0.07108309 0.01564263
v 0.01117185 0.07061167 0.01415263
v 0.00992680 0.07084140 0.01395807
v 0.00074807 0.07336123 0.02160013
v 0.00223718 0.07333730 0.02160013
v 0.03432206 0.06259751 0.01481020
v 0.03380564 0.06253769 0.01395807
v 0.03600925 0.06566534 0.03882984
v 0.03305932 0.06714661 0.03882492
v 0.03202296 0.06731412 0.03889634
v 0.02904473 0.06777357 0.03906381
v 0.02159563 0.07075286 0.03908844
v 0.02010652 0.07075286 0.03911307
v 0.01415361 0.07224370 0.03911553
v 0.00819363 0.07373215 0.03911799
v 0.00223718 0.07512727 0.03798265
v 0.00819363 0.07473721 0.03892343
v 0.00521540 0.07396666 0.02458011
v 0.00670451 0.07422511 0.02606764
v 0.00832096 0.07440697 0.02766353
v 0.00890458 0.07447637 0.02830632
v 0.00521540 0.07441415 0.02731135
v 0.00670451 0.07440458 0.02740494
v 0.01356646 0.07153298 0.01923831
v 0.01117185 0.07365796 0.02606764
v 0.00968274 0.07421314 0.02755517
v 0.01117185 0.07387094 0.02755517
v 0.01266450 0.07352395 0.02755517
v 0.01422789 0.07315543 0.02754039
v 0.01477260 0.07295682 0.02703552
v 0.01377868 0.07307886 0.02634101
v 0.01234263 0.07309560 0.02458011
v 0.01415361 0.07233702 0.02309012
v 0.01708232 0.07130325 0.02162476
v 0.01613438 0.07143965 0.02114451
v 0.01713184 0.07092994 0.02011014
v 0.01563919 0.07130086 0.02012984
v 0.01564272 0.07087251 0.01862015
v 0.01415361 0.07079832 0.01713015
v 0.01266450 0.07072175 0.01564263
v 0.01482212 0.06998949 0.01496043
v 0.01382820 0.07011154 0.01458362
v 0.01265743 0.07024076 0.01411323
v 0.00015030 0.07336602 0.02160013
v 0.00223718 0.07367232 0.02309012
v 0.03459088 0.06273869 0.01564263
v 0.03628514 0.06229120 0.01698485
v 0.03334582 0.06278895 0.01395807
v 0.03348377 0.06282963 0.01424868
v 0.03139335 0.06410988 0.01472400
v 0.03243679 0.06387777 0.01564263
v 0.03620732 0.06577542 0.03798265
v 0.03327862 0.06724712 0.03798265
v 0.02996084 0.06859197 0.03879290
v 0.02606651 0.07016896 0.03884216
v 0.02904473 0.06873795 0.03887418
v 0.02606651 0.06926441 0.03903425
v 0.02457739 0.07046809 0.03892097
v 0.02159563 0.07171484 0.03889634
v 0.01564272 0.07224370 0.03909090
v 0.00968274 0.07373215 0.03909090
v 0.00223718 0.07522777 0.03649265
v 0.00074807 0.07509376 0.03798265
v 0.00819363 0.07512727 0.03798265
v 0.00819363 0.07523017 0.03649265
v 0.00968274 0.07468456 0.03889634
v 0.00521540 0.07423707 0.02606764
v 0.00223718 0.07398580 0.02458011
v 0.00223718 0.07442372 0.02718082
v 0.00074807 0.07453859 0.02788518
v 0.00223718 0.07453141 0.02792459
v 0.00791066 0.07448594 0.02823490
v 0.00832096 0.07456013 0.02889985
v 0.00819363 0.07494301 0.03202514
v 0.00968274 0.07476831 0.03202514
v 0.00921231 0.07453859 0.02929883
v 0.00372629 0.07452183 0.02798123
v 0.00372629 0.07465585 0.02904516
v 0.01047858 0.07448833 0.03119025
v 0.01105513 0.07428493 0.03063120
v 0.01415361 0.07336362 0.02904516
v 0.01505203 0.07302382 0.02802803
v 0.01558613 0.07282759 0.02754039
v 0.01713184 0.07244711 0.02755517
v 0.01713184 0.07218149 0.02606764
v 0.01564272 0.07255957 0.02606764
v 0.01422789 0.07288980 0.02593465
v 0.01793829 0.07151383 0.02375754
v 0.02010652 0.07053031 0.02160013
v 0.02208375 0.06994402 0.02118145
v 0.02109337 0.07006846 0.02062979
v 0.01713184 0.07050399 0.01862015
v 0.01861741 0.07055424 0.02011014
v 0.02055573 0.06993445 0.01963728
v 0.01956535 0.07005889 0.01919398
v 0.01641381 0.07001582 0.01636423
v 0.01564272 0.07043219 0.01713015
v 0.01425619 0.07029819 0.01553180
v 0.01564272 0.06988899 0.01530030
v 0.01864924 0.06877145 0.01409599
v 0.01713184 0.06916630 0.01415263
v 0.01734406 0.06905144 0.01395807
v 0.03270915 0.06401895 0.01648244
v 0.03628514 0.06238214 0.01725576
v 0.03056214 0.06585678 0.01865709
v 0.03140043 0.06560312 0.01917920
v 0.03169047 0.06426543 0.01564263
v 0.03055153 0.06435397 0.01419696
v 0.02975568 0.06552176 0.01643811
v 0.03628514 0.06571320 0.03500266
v 0.03500472 0.06646460 0.03649265
v 0.03407092 0.06694081 0.03649265
v 0.02732217 0.07026229 0.03351513
v 0.02724436 0.07021444 0.03500266
v 0.02606651 0.07064039 0.03649265
v 0.02389827 0.07152580 0.03751225
v 0.02686589 0.07003257 0.03875104
v 0.02274165 0.07160477 0.03882492
v 0.01687717 0.07309082 0.03882246
v 0.01564272 0.07320330 0.03889634
v 0.00223718 0.07517273 0.03500266
v 0.00074807 0.07519188 0.03649265
v 0.00968274 0.07499086 0.03798265
v 0.00819363 0.07517273 0.03500266
v 0.00968274 0.07506265 0.03649265
v 0.01090657 0.07457927 0.03882246
v 0.00223718 0.07425622 0.02606764
v 0.00074807 0.07442851 0.02714142
v 0.00015030 0.07447398 0.02743449
v 0.00074807 0.07469413 0.02904516
v 0.00223718 0.07467738 0.02904516
v 0.00670451 0.07460559 0.02904516
v 0.00670451 0.07478746 0.03053515
v 0.00521540 0.07481139 0.03053515
v 0.00372629 0.07483293 0.03053515
v 0.00670451 0.07496215 0.03202514
v 0.00819363 0.07508898 0.03351513
v 0.00968274 0.07491908 0.03351513
v 0.01069434 0.07454098 0.03202514
v 0.01532085 0.07308843 0.02904516
v 0.01606364 0.07291134 0.02904516
v 0.01713184 0.07265051 0.02904516
v 0.01861741 0.07227002 0.02904516
v 0.01861741 0.07205465 0.02755517
v 0.01874121 0.07174117 0.02595681
v 0.01931775 0.07148751 0.02538791
v 0.02247283 0.07004213 0.02217396
v 0.02301754 0.06979805 0.02164692
v 0.02457739 0.06937928 0.02160013
v 0.02457739 0.06904186 0.02011014
v 0.02308828 0.06942235 0.02011014
v 0.02159210 0.06980523 0.02012491
v 0.01699743 0.07012350 0.01721882
v 0.01861741 0.06925245 0.01564263
v 0.02308828 0.06899639 0.01862015
v 0.02159563 0.06937689 0.01862015
v 0.02010652 0.06931467 0.01713015
v 0.01699743 0.06969754 0.01577808
v 0.01975989 0.06862787 0.01455407
v 0.01878365 0.06869488 0.01395807
v 0.03194867 0.06514366 0.01865709
v 0.03302041 0.06418407 0.01747495
v 0.03351560 0.06377726 0.01703903
v 0.03508253 0.06296603 0.01709568
v 0.03594204 0.06266691 0.01756853
v 0.02811094 0.06693602 0.01815714
v 0.02898106 0.06665605 0.01864231
v 0.02843989 0.06710114 0.01915211
v 0.03165156 0.06573474 0.02011014
v 0.03239435 0.06534468 0.02011014
v 0.03430437 0.06407639 0.01928264
v 0.03351560 0.06432765 0.01872112
v 0.02755562 0.06784537 0.02011014
v 0.02871932 0.06724712 0.02011014
v 0.02676331 0.06849865 0.02097212
v 0.03053384 0.06631145 0.02011014
v 0.02601345 0.06653639 0.01395807
v 0.02756977 0.06584242 0.01419696
v 0.02841867 0.06560072 0.01472400
v 0.02873700 0.06575867 0.01564263
v 0.03102196 0.06838379 0.03351513
v 0.03500472 0.06638563 0.03500266
v 0.03027564 0.06877145 0.03351513
v 0.02904473 0.06940081 0.03351513
v 0.02806850 0.06989138 0.03351513
v 0.02721606 0.07021444 0.03202514
v 0.02606651 0.07077679 0.03351513
v 0.02606651 0.07074329 0.03500266
v 0.02317671 0.07167177 0.03799742
v 0.02373203 0.07142530 0.03850476
v 0.02390181 0.07152580 0.03649265
v 0.02308828 0.07174117 0.03649265
v 0.02159563 0.07212166 0.03649265
v 0.01801257 0.07302143 0.03772159
v 0.01787109 0.07298553 0.03871410
v 0.00223718 0.07509615 0.03351513
v 0.01190049 0.07446440 0.03867469
v 0.01131333 0.07464628 0.03810086
v 0.00670451 0.07509615 0.03351513
v 0.00968274 0.07500522 0.03500266
v 0.01203490 0.07450509 0.03768218
v 0.01117185 0.07471567 0.03649265
v 0.00074807 0.07426339 0.02606764
v 0.00223718 0.07484729 0.03053515
v 0.00015030 0.07476114 0.02963869
v 0.00521540 0.07497650 0.03202514
v 0.01099500 0.07461517 0.03351513
v 0.01266450 0.07407435 0.03202514
v 0.01573822 0.07316261 0.03049574
v 0.01629708 0.07296639 0.02997117
v 0.01653407 0.07302382 0.03096614
v 0.01707171 0.07283477 0.03049574
v 0.01861741 0.07244950 0.03053515
v 0.02010652 0.07206901 0.03053515
v 0.02010652 0.07187039 0.02904516
v 0.02245514 0.07152819 0.03107450
v 0.02116057 0.07158562 0.02904516
v 0.02012067 0.07164785 0.02764137
v 0.02457739 0.06963772 0.02309012
v 0.02012067 0.07136547 0.02595681
v 0.02535202 0.07001821 0.02674737
v 0.02618677 0.06882410 0.02152132
v 0.02573402 0.06868530 0.02011014
v 0.02446774 0.06865659 0.01869157
v 0.02542276 0.06856087 0.01923831
v 0.02019849 0.06881452 0.01554411
v 0.02308828 0.06864702 0.01747002
v 0.02232781 0.06851541 0.01639870
v 0.02019849 0.06836225 0.01409599
v 0.02759099 0.06735958 0.01864231
v 0.02677392 0.06701259 0.01643811
v 0.02711702 0.06718250 0.01743061
v 0.03264548 0.06547390 0.02110757
v 0.02970970 0.06698867 0.02102137
v 0.03351206 0.06473446 0.02011014
v 0.03450599 0.06418646 0.02011014
v 0.02648035 0.06837422 0.02011014
v 0.02682698 0.07001582 0.02974706
v 0.02694724 0.06858480 0.02196462
v 0.03113161 0.06695756 0.02426487
v 0.03016952 0.06721600 0.02309012
v 0.03357573 0.06582806 0.02465399
v 0.03091585 0.06684509 0.02309012
v 0.02995023 0.06711071 0.02201388
v 0.02543691 0.06708439 0.01472893
v 0.02598869 0.06663211 0.01419943
v 0.03015538 0.06871163 0.03202514
v 0.02904473 0.06928595 0.03202514
v 0.02796238 0.06983873 0.03202514
v 0.02696846 0.07008521 0.03053515
v 0.02606651 0.07065475 0.03202514
v 0.03281880 0.06705567 0.02963869
v 0.02904473 0.06906819 0.03053515
v 0.02771125 0.06972148 0.03053515
v 0.02457739 0.07122667 0.03351513
v 0.02444299 0.07131761 0.03505684
v 0.02385583 0.07150427 0.03558880
v 0.02377448 0.07148273 0.03459630
v 0.02320147 0.07165024 0.03505684
v 0.02010652 0.07249975 0.03649265
v 0.01793829 0.07300468 0.03543365
v 0.01802672 0.07302621 0.03649265
v 0.01564272 0.07361968 0.03649265
v 0.00372629 0.07498369 0.03202514
v 0.00223718 0.07498608 0.03202514
v 0.01129565 0.07462712 0.03502236
v 0.01187219 0.07446679 0.03453719
v 0.01415361 0.07398580 0.03649265
v 0.01277769 0.07432321 0.03649265
v 0.01266450 0.07421075 0.03351513
v 0.01415361 0.07372018 0.03202514
v 0.01564272 0.07335884 0.03202514
v 0.01676751 0.07308365 0.03202514
v 0.01751384 0.07289699 0.03202514
v 0.01861741 0.07261701 0.03202514
v 0.02268152 0.07158562 0.03202514
v 0.02342431 0.07139418 0.03202514
v 0.02219694 0.07145640 0.03008200
v 0.02457739 0.07108788 0.03202514
v 0.02300339 0.07130564 0.03055978
v 0.02457739 0.07086533 0.03053515
v 0.02190690 0.07137504 0.02904516
v 0.02091298 0.07151623 0.02819549
v 0.02308828 0.07079593 0.02755517
v 0.02457739 0.07037476 0.02755517
v 0.02506905 0.06993685 0.02575733
v 0.02606651 0.07040826 0.03053515
v 0.02659000 0.06992967 0.02875455
v 0.02606651 0.06913758 0.02309012
v 0.02489220 0.06840054 0.01824334
v 0.02389827 0.06853694 0.01781727
v 0.02597808 0.06813731 0.01869157
v 0.02474010 0.06705567 0.01395807
v 0.03210077 0.06588789 0.02160259
v 0.03288247 0.06560312 0.02210008
v 0.03188854 0.06666322 0.02468847
v 0.03430791 0.06556483 0.02519827
v 0.03411337 0.06545954 0.02420576
v 0.03311945 0.06572516 0.02309012
v 0.03575104 0.06554090 0.02978400
v 0.03291430 0.06710593 0.03053515
v 0.03351206 0.06610804 0.02606764
v 0.03507546 0.06581371 0.02919046
v 0.03562017 0.06547150 0.02879149
v 0.03468991 0.06576584 0.02755517
v 0.03445293 0.06564141 0.02606764
v 0.02367190 0.07145640 0.03351513
v 0.01774729 0.07295442 0.03351513
v 0.01725917 0.07315065 0.03496326
v 0.01564272 0.07355507 0.03500266
v 0.02159563 0.07198286 0.03351513
v 0.01415361 0.07392359 0.03500266
v 0.01253717 0.07432321 0.03502236
v 0.01564272 0.07348088 0.03351513
v 0.01415361 0.07384701 0.03351513
v 0.02450665 0.06720404 0.01419943
v 0.02436163 0.06716815 0.01395807
v 0.03386224 0.06532314 0.02309012
v 0.03628514 0.06497855 0.02785317
v 0.03543624 0.06537578 0.02755517
v -0.02370690 -0.05504571 -0.00736726
v -0.02271285 -0.05530525 -0.00767458
v -0.02263639 -0.05537480 -0.00763335
v -0.05936221 -0.03804741 0.01293056
v -0.02528860 -0.06552579 0.01045658
v -0.02426127 -0.06542981 0.00934073
v -0.02470794 -0.06537335 0.00958642
v -0.05918354 -0.03804741 0.01252790
v -0.05852729 -0.03930926 0.01293056
v -0.02540542 -0.06409457 0.00736837
v -0.02458081 -0.06482288 0.00819076
v -0.02571465 -0.06574034 0.01144959
v -0.02606854 -0.06479748 0.00968197
v -0.02596891 -0.06424700 0.00832043
v -0.05856509 -0.03804741 0.01116295
v -0.05821463 -0.03891687 0.01164750
v -0.05831770 -0.03962543 0.01293056
v -0.03431465 -0.04919798 -0.00748915
v -0.02615444 -0.06600287 0.01258591
v -0.03118113 -0.05952707 0.00456681
v -0.02682444 -0.06256454 0.00594882
v -0.02606854 -0.06275932 0.00560758
v -0.02528173 -0.06253914 0.00450538
v -0.02470450 -0.06233588 0.00362499
v -0.02428876 -0.06278473 0.00405495
v -0.02458081 -0.06387156 0.00627300
v -0.02458081 -0.06427241 0.00702031
v -0.02978273 -0.06255325 0.00894831
v -0.03271697 -0.06104016 0.00900291
v -0.03464794 -0.05978678 0.00853200
v -0.03361373 -0.06011424 0.00809521
v -0.03417378 -0.05953554 0.00753899
v -0.03560998 -0.05801963 0.00609897
v -0.03704618 -0.05649807 0.00466235
v -0.02825376 -0.06402399 0.01048729
v -0.02716803 -0.06423289 0.00968197
v -0.02684162 -0.06406352 0.00890395
v -0.05815965 -0.03804741 0.01028255
v -0.05764084 -0.03943912 0.01115953
v -0.05788478 -0.03991054 0.01238458
v -0.05655510 -0.04164100 0.01202287
v -0.03421158 -0.05061509 -0.00591945
v -0.03573024 -0.05212253 -0.00296433
v -0.03578521 -0.05067719 -0.00449990
v -0.03583331 -0.04922903 -0.00603547
v -0.03740351 -0.04780909 -0.00610372
v -0.02911961 -0.06448977 0.01260638
v -0.03018817 -0.05978678 0.00411637
v -0.02752879 -0.06179953 0.00523905
v -0.03605321 -0.05675778 0.00420851
v -0.02606854 -0.06233588 0.00486027
v -0.02724018 -0.06129140 0.00408225
v -0.02669044 -0.06100629 0.00308924
v -0.02569747 -0.06126317 0.00264905
v -0.02461173 -0.06154829 0.00218496
v -0.02426127 -0.06191244 0.00251596
v -0.03020191 -0.06277344 0.00994131
v -0.03063483 -0.06236976 0.00953865
v -0.03214318 -0.06159345 0.00957277
v -0.03207790 -0.06229636 0.01108446
v -0.03509117 -0.06005496 0.00961031
v -0.03564090 -0.05952143 0.00906774
v -0.03757187 -0.05826522 0.00859342
v -0.03709085 -0.05801116 0.00760042
v -0.03801510 -0.05703725 0.00667566
v -0.03655485 -0.05779661 0.00663812
v -0.03753751 -0.05676060 0.00565536
v -0.03652736 -0.05620166 0.00371712
v -0.03853048 -0.05647831 0.00616039
v -0.03801510 -0.05621013 0.00518104
v -0.03736572 -0.05519670 0.00284696
v -0.02966248 -0.06398165 0.01207405
v -0.02911961 -0.06382357 0.01105716
v -0.03063483 -0.06305008 0.01108446
v -0.05781607 -0.03804741 0.00954206
v -0.05696397 -0.03946734 0.00975704
v -0.05665817 -0.04030293 0.01030644
v -0.05686089 -0.04060216 0.01116977
v -0.05623212 -0.04244553 0.01257567
v -0.05635582 -0.04134741 0.01116977
v -0.05557931 -0.04249352 0.01117660
v -0.05522197 -0.04335734 0.01167822
v -0.03321861 -0.05089455 -0.00626069
v -0.03362404 -0.05145067 -0.00528475
v -0.03554470 -0.05350859 -0.00132979
v -0.03656515 -0.05320653 -0.00079746
v -0.03649644 -0.05243305 -0.00186213
v -0.03725577 -0.05214794 -0.00150383
v -0.03649644 -0.05179507 -0.00260603
v -0.03636931 -0.05098771 -0.00361268
v -0.03402604 -0.05200679 -0.00430539
v -0.03473727 -0.05239918 -0.00331239
v -0.03384394 -0.05339003 -0.00268792
v -0.03513927 -0.05295247 -0.00232962
v -0.03834837 -0.04882817 -0.00411089
v -0.03892560 -0.04783450 -0.00465004
v -0.03991857 -0.04740824 -0.00417913
v -0.04048893 -0.04641457 -0.00471488
v -0.02978273 -0.06428371 0.01293056
v -0.02962812 -0.05949320 0.00312337
v -0.02766623 -0.06081715 0.00363864
v -0.02823315 -0.06103452 0.00453268
v -0.03098185 -0.05793212 0.00174818
v -0.03155564 -0.05823982 0.00274118
v -0.02863515 -0.05975572 0.00269341
v -0.02513055 -0.06096959 0.00165604
v -0.02426127 -0.06119542 0.00131480
v -0.03161062 -0.06273392 0.01152125
v -0.03119488 -0.06251373 0.01052824
v -0.03260702 -0.06247138 0.01212865
v -0.03412225 -0.06099781 0.01059308
v -0.03604977 -0.05974161 0.01006075
v -0.03856484 -0.05800269 0.00914623
v -0.03803571 -0.05778250 0.00813616
v -0.03638306 -0.05538866 0.00230440
v -0.03133575 -0.05663075 -0.00004333
v -0.03893591 -0.05675496 0.00715339
v -0.03880879 -0.05518258 0.00436889
v -0.03791202 -0.05543947 0.00381267
v -0.03710459 -0.05352835 0.00012729
v -0.03611162 -0.05383887 -0.00033679
v -0.03500527 -0.05489464 0.00034569
v -0.03021222 -0.06406070 0.01293056
v -0.05676125 -0.03896204 0.00863437
v -0.05642110 -0.03995571 0.00931343
v -0.05498834 -0.04301859 0.01068521
v -0.05542813 -0.04364810 0.01266098
v -0.05365865 -0.04474057 0.01035762
v -0.05332537 -0.04574836 0.01116977
v -0.05353153 -0.04604759 0.01214230
v -0.02822972 -0.05507249 -0.00442141
v -0.03231154 -0.05188823 -0.00564305
v -0.03114334 -0.05354811 -0.00437364
v -0.02904745 -0.05485513 -0.00415184
v -0.03202636 -0.05389533 -0.00332263
v -0.03455173 -0.05377677 -0.00169492
v -0.03262077 -0.05503297 -0.00137415
v -0.03423906 -0.05510072 0.00001810
v -0.03880191 -0.05071107 -0.00156525
v -0.04042365 -0.04784862 -0.00318613
v -0.04148190 -0.04597419 -0.00424397
v -0.03887063 -0.04928267 -0.00311788
v -0.03730730 -0.05070260 -0.00304281
v -0.03758905 -0.05244717 -0.00074628
v -0.04179800 -0.04923467 -0.00010134
v -0.04335101 -0.04780345 -0.00016958
v -0.03285097 -0.05366667 -0.00303599
v -0.04202820 -0.04498053 -0.00476607
v -0.02458081 -0.05541407 -0.00633917
v -0.02547070 -0.05518823 -0.00605253
v -0.02998888 -0.05819465 0.00132163
v -0.02805792 -0.05945085 0.00170040
v -0.03050426 -0.05848823 0.00223956
v -0.02839807 -0.05814101 -0.00007062
v -0.02543634 -0.05963999 -0.00008086
v -0.03207790 -0.06295975 0.01264051
v -0.03349348 -0.06220038 0.01264051
v -0.03452081 -0.06121236 0.01158608
v -0.03793607 -0.05917985 0.01118001
v -0.03892217 -0.05820876 0.01013923
v -0.03991857 -0.05788130 0.01088313
v -0.03944099 -0.05764135 0.00965808
v -0.03944786 -0.05696667 0.00829313
v -0.03704274 -0.05947626 0.01069204
v -0.03053862 -0.05684247 -0.00034703
v -0.03911114 -0.05544511 0.00521175
v -0.04027247 -0.05665050 0.00885617
v -0.03992888 -0.05634563 0.00786317
v -0.04278753 -0.04879712 0.00049242
v -0.04024155 -0.05066590 -0.00002626
v -0.03868509 -0.05209712 0.00005222
v -0.03811473 -0.05299481 0.00058797
v -0.03985329 -0.05478455 0.00521175
v -0.04068821 -0.05403930 0.00521175
v -0.04289061 -0.05186282 0.00489781
v -0.04035493 -0.05374571 0.00429723
v -0.04770428 -0.04621414 0.00292886
v -0.04684874 -0.04655289 0.00235217
v -0.04474942 -0.04772723 0.00140694
v -0.04377019 -0.04826076 0.00094968
v -0.05667879 -0.03804741 0.00732060
v -0.05649669 -0.03857530 0.00764137
v -0.05508454 -0.04166923 0.00899267
v -0.05564803 -0.04349002 0.01293056
v -0.05490588 -0.04439335 0.01266098
v -0.05285466 -0.04539831 0.00972292
v -0.05232210 -0.04640046 0.01008463
v -0.05389573 -0.04598266 0.01293056
v -0.05257979 -0.04669686 0.01116977
v -0.02904745 -0.05543665 -0.00340452
v -0.02996483 -0.05520517 -0.00310082
v -0.02723674 -0.05532655 -0.00473877
v -0.03055580 -0.05437523 -0.00373894
v -0.03162780 -0.05529550 -0.00174610
v -0.03053862 -0.05632587 -0.00109093
v -0.04288374 -0.04738566 -0.00116259
v -0.04343691 -0.04639481 -0.00174269
v -0.04295933 -0.04596572 -0.00273570
v -0.04196636 -0.04640892 -0.00325097
v -0.04302117 -0.04452886 -0.00429516
v -0.04450547 -0.04452603 -0.00279371
v -0.04605162 -0.04308916 -0.00284489
v -0.04505865 -0.04353518 -0.00335334
v -0.04630244 -0.04629318 0.00134210
v -0.04783140 -0.04484502 0.00129774
v -0.04487655 -0.04635528 -0.00021736
v -0.04442988 -0.04594879 -0.00121036
v -0.04455701 -0.04308352 -0.00434634
v -0.04608941 -0.04161842 -0.00439070
v -0.02968653 -0.05654606 -0.00141169
v -0.02755972 -0.05835556 -0.00037433
v -0.02671105 -0.05804221 -0.00142193
v -0.02458081 -0.05984606 -0.00036409
v -0.02869356 -0.05680012 -0.00176999
v -0.03536947 -0.06129140 0.01293056
v -0.03501214 -0.06139867 0.01270876
v -0.03551378 -0.06093853 0.01224467
v -0.03740695 -0.05967386 0.01168504
v -0.03839992 -0.05940004 0.01237093
v -0.04024155 -0.05810714 0.01187613
v -0.04049236 -0.05535479 0.00705102
v -0.04014878 -0.05504991 0.00605802
v -0.04088062 -0.05578104 0.00831361
v -0.04050611 -0.05685093 0.00968197
v -0.04310707 -0.05503297 0.01059308
v -0.04284250 -0.05479584 0.00968197
v -0.04620623 -0.05216487 0.01037469
v -0.04683156 -0.05131517 0.00982529
v -0.04591075 -0.05189952 0.00938168
v -0.04746033 -0.05045700 0.00927931
v -0.04491777 -0.05234272 0.00858660
v -0.04458450 -0.05204631 0.00759359
v -0.04169836 -0.05361304 0.00597271
v -0.04143036 -0.05337309 0.00521175
v -0.04344379 -0.05086915 0.00415391
v -0.04427183 -0.05176402 0.00670296
v -0.04383891 -0.05130106 0.00535848
v -0.04443675 -0.05042030 0.00482274
v -0.04924698 -0.04477727 0.00286061
v -0.05543500 -0.03941371 0.00680533
v -0.05626648 -0.03804741 0.00661083
v -0.05521510 -0.03887735 0.00578162
v -0.05225681 -0.04188377 0.00425628
v -0.05515670 -0.04028035 0.00737179
v -0.05486121 -0.04135306 0.00819076
v -0.05374111 -0.04336581 0.00872650
v -0.05239768 -0.04506239 0.00846716
v -0.05203348 -0.04605323 0.00909163
v -0.05099928 -0.04652184 0.00819076
v -0.05144251 -0.04697633 0.00960007
v -0.05085497 -0.04785709 0.01010852
v -0.05189948 -0.04744212 0.01116977
v -0.05210563 -0.04764254 0.01196827
v -0.02760782 -0.05588549 -0.00375600
v -0.02797890 -0.05644726 -0.00276300
v -0.02913335 -0.05623271 -0.00225455
v -0.03049396 -0.05554109 -0.00224090
v -0.02606854 -0.05635692 -0.00413819
v -0.04541941 -0.04542372 -0.00073604
v -0.04649485 -0.04349848 -0.00185189
v -0.04748781 -0.04301577 -0.00129226
v -0.04654638 -0.04209549 -0.00339770
v -0.04557403 -0.04258950 -0.00387202
v -0.04790355 -0.04344203 -0.00029925
v -0.04739504 -0.04443570 0.00030474
v -0.04640208 -0.04490148 -0.00025831
v -0.04753935 -0.04154219 -0.00282442
v -0.04701366 -0.04108488 -0.00382766
v -0.04648797 -0.04062475 -0.00481043
v -0.04748094 -0.03995853 -0.00425762
v -0.02571809 -0.05828216 -0.00174952
v -0.02426127 -0.05808455 -0.00297115
v -0.03794295 -0.05987429 0.01293056
v -0.03642085 -0.06062519 0.01270876
v -0.04126544 -0.05770910 0.01293056
v -0.04154374 -0.05645855 0.01073640
v -0.04148533 -0.05491440 0.00777445
v -0.04109708 -0.05448532 0.00651187
v -0.04440583 -0.05486924 0.01266098
v -0.04593480 -0.05341261 0.01239140
v -0.04494183 -0.05384452 0.01147006
v -0.04643644 -0.05237095 0.01116977
v -0.04465665 -0.05359610 0.01047706
v -0.04718202 -0.05170756 0.01116977
v -0.04775582 -0.05072800 0.01027231
v -0.04646736 -0.05090867 0.00850811
v -0.04930539 -0.04929113 0.01018700
v -0.04612720 -0.05060379 0.00751511
v -0.04538162 -0.04985854 0.00528341
v -0.04597603 -0.04897779 0.00474766
v -0.04873847 -0.04580482 0.00372054
v -0.04905457 -0.04608711 0.00461117
v -0.05071754 -0.04625084 0.00733084
v -0.05055605 -0.04457967 0.00460434
v -0.05033959 -0.04402637 0.00358745
v -0.05063165 -0.04317949 0.00300052
v -0.04958026 -0.04389087 0.00231122
v -0.04928821 -0.04336016 0.00130798
v -0.05547623 -0.03804741 0.00525270
v -0.05386824 -0.03908625 0.00372054
v -0.05358993 -0.04017308 0.00452245
v -0.05091682 -0.04358599 0.00399353
v -0.05190979 -0.04287744 0.00486368
v -0.05381326 -0.04197693 0.00710903
v -0.05218810 -0.04327830 0.00585669
v -0.05137723 -0.04392757 0.00523222
v -0.05052169 -0.04755503 0.00911552
v -0.04801350 -0.05096231 0.01116977
v -0.05032929 -0.04887616 0.01116977
v -0.05115390 -0.04813091 0.01116977
v -0.04799976 -0.04946616 0.00844328
v -0.05056980 -0.04908788 0.01207064
v -0.05145969 -0.04847531 0.01251425
v -0.02698592 -0.05668438 -0.00309400
v -0.02523363 -0.05655735 -0.00441118
v -0.02606854 -0.05690457 -0.00339429
v -0.04789668 -0.04054853 -0.00326462
v -0.04960088 -0.04240883 0.00078588
v -0.04927791 -0.04188095 -0.00016617
v -0.04891027 -0.04136717 -0.00115917
v -0.04926760 -0.04037633 -0.00164032
v -0.05061103 -0.03867975 -0.00144581
v -0.04888965 -0.03983150 -0.00263332
v -0.04180831 -0.05668721 0.01172940
v -0.04748781 -0.05197856 0.01227197
v -0.04706520 -0.05003356 0.00797919
v -0.04766304 -0.04915563 0.00745027
v -0.04786232 -0.04785144 0.00566901
v -0.04632648 -0.04929395 0.00574067
v -0.04751530 -0.04753245 0.00467600
v -0.05020903 -0.04726709 0.00819076
v -0.05197507 -0.03998959 0.00172429
v -0.05063852 -0.04170028 0.00149566
v -0.05041518 -0.04259232 0.00208942
v -0.05364148 -0.03875879 0.00294934
v -0.04903052 -0.05053322 0.01216960
v -0.04922980 -0.03883783 -0.00307693
v -0.05062821 -0.04019848 0.00002151
v -0.05038426 -0.03961131 -0.00086912
v -0.05082749 -0.03804741 -0.00172563
v -0.05098210 -0.03920481 -0.00045281
v -0.05213656 -0.03804741 0.00000104
v -0.05153872 -0.03804741 -0.00079746
v -0.04813033 -0.05168780 0.01293056
v -0.04838114 -0.05136598 0.01271558
v -0.05231522 -0.03899591 0.00121585
v -0.05260727 -0.03804741 0.00068351
v -0.05197507 -0.03850755 0.00022284
v -0.05032241 -0.03810387 -0.00232280
v -0.00372641 0.03744536 -0.03890765
v -0.00521488 0.03737696 -0.03885567
v -0.00372641 0.03649120 -0.03910255
v -0.00521488 0.03649120 -0.03905058
v 0.00015030 0.03687423 -0.03902567
v -0.00617388 0.03728462 -0.03877879
v -0.00968402 0.03601926 -0.03891631
v -0.01117250 0.03589614 -0.03885892
v 0.00015030 0.03559861 -0.03911230
v -0.00819554 0.03500355 -0.03911771
v -0.00968402 0.03500355 -0.03911122
v -0.01117250 0.03500355 -0.03905382
v -0.01214260 0.03580038 -0.03878096
v -0.01415315 0.03460684 -0.03889574
v -0.03500295 0.00366695 -0.03911879
v -0.01266468 0.03351247 -0.03911771
v -0.01117250 0.00670383 -0.03911879
v -0.02457620 0.00521617 -0.03911879
v -0.03500295 0.00372509 -0.03911879
v -0.01415315 0.03351247 -0.03909172
v -0.01510104 0.03437429 -0.03882211
v -0.01561571 0.03351589 -0.03894013
v -0.01850751 0.03199061 -0.03890115
v -0.03661732 0.00366695 -0.03889790
v -0.01564163 0.03202481 -0.03911771
v -0.03500295 0.00670383 -0.03911771
v -0.03351447 0.01266472 -0.03911771
v -0.03053381 0.01862220 -0.03911771
v -0.02755686 0.02308518 -0.03911771
v -0.02606468 0.02457626 -0.03911771
v -0.02010706 0.02904607 -0.03911771
v -0.01862229 0.03053373 -0.03911662
v -0.02159554 0.02904607 -0.03909281
v -0.01713011 0.03202481 -0.03904408
v -0.01972569 0.03146736 -0.03885567
v -0.02253232 0.02990789 -0.03882427
v -0.01793359 0.03280113 -0.03875931
v -0.02159554 0.03015412 -0.03889790
v -0.03662472 0.00375929 -0.03889357
v -0.03601748 0.00819491 -0.03891956
v -0.03500295 0.00819491 -0.03911446
v -0.03720604 0.00428254 -0.03858714
v -0.03351447 0.01415238 -0.03906573
v -0.03202229 0.01713112 -0.03910147
v -0.03500295 0.00968257 -0.03907873
v -0.02756426 0.02458651 -0.03896179
v -0.02904533 0.02159752 -0.03909281
v -0.02457620 0.02606733 -0.03911662
v -0.02308772 0.02755499 -0.03911554
v -0.02457250 0.02755157 -0.03895962
v -0.02305440 0.02903581 -0.03894013
v -0.02407264 0.02853309 -0.03885459
v -0.03592862 0.00968257 -0.03888383
v -0.03583235 0.01074616 -0.03881020
v -0.03308866 0.01713112 -0.03890656
v -0.03445125 0.01415238 -0.03887083
v -0.03202599 0.01860852 -0.03894879
v -0.02707181 0.02557487 -0.03885784
v -0.02903793 0.02305098 -0.03894230
v -0.02853436 0.02409405 -0.03885784
v -0.02557222 0.02705226 -0.03885676
v -0.03432165 0.01507576 -0.03878854
v -0.03291093 0.01810237 -0.03883618
v -0.02991547 0.02253115 -0.03882535
v -0.03125213 0.02082804 -0.03862937
v -0.06998038 0.00420725 0.01200012
v -0.06978816 0.00366695 0.01133222
v -0.06456114 0.02647569 0.01119864
v -0.06543613 0.02527452 0.01218785
v -0.06955004 0.00521418 0.01116976
v -0.06976234 0.00371607 0.01127807
v -0.06422261 0.02606712 0.01002531
v -0.06526113 0.02460250 0.01115893
v -0.06565130 0.02412248 0.01164992
v -0.06920578 0.00819476 0.01116976
v -0.06871808 0.00819476 0.00990978
v -0.06842833 0.00819476 0.00916607
v -0.06848858 0.00712756 0.00901444
v -0.06853448 0.00613403 0.00890252
v -0.06404761 0.02531248 0.00894223
v -0.06452958 0.02472083 0.00953432
v -0.06522670 0.02308207 0.00970039
v -0.06544187 0.02357548 0.01065710
v -0.06584064 0.02308207 0.01115893
v -0.06699965 0.01928879 0.01049825
v -0.06701399 0.02081369 0.01195318
v -0.06879267 0.01124903 0.01104340
v -0.06902792 0.00968394 0.01116976
v -0.06845415 0.01266229 0.01060295
v -0.06856316 0.01080250 0.01031052
v -0.06862915 0.00968394 0.01013723
v -0.06833940 0.00968394 0.00939352
v -0.06781153 0.00968394 0.00819130
v -0.06798653 0.00819476 0.00819130
v -0.06541892 0.02200816 0.00921661
v -0.06424270 0.02432118 0.00855233
v -0.06563121 0.02258195 0.01020943
v -0.06718899 0.01829527 0.01009029
v -0.06742997 0.01872393 0.01106506
v -0.06789186 0.01858105 0.01218785
v -0.06863489 0.01415147 0.01159577
v -0.06836522 0.01415147 0.01085206
v -0.06807546 0.01266229 0.00967873
v -0.06788325 0.01415147 0.00967873
v -0.06769104 0.01563841 0.00967873
v -0.06761646 0.01117312 0.00819130
v -0.06724637 0.00968394 0.00699631
v -0.06733244 0.00819476 0.00682663
v -0.06559679 0.00670335 0.00286979
v -0.06446647 0.02314458 0.00810827
v -0.06559679 0.02101463 0.00881949
v -0.06279967 0.02606712 0.00698909
v -0.06399310 0.02367818 0.00755951
v -0.06798653 0.01712982 0.01116976
v -0.06576318 0.02010818 0.00848734
v -0.06695088 0.01762324 0.00909748
v -0.06734965 0.01712759 0.00962818
v -0.06856316 0.01522091 0.01179072
v -0.06830784 0.01568530 0.01124557
v -0.06710292 0.01662971 0.00877616
v -0.06719186 0.01563841 0.00859204
v -0.06729514 0.01415147 0.00837542
v -0.06849719 0.01621444 0.01198207
v -0.06700539 0.01323385 0.00749452
v -0.06674719 0.01270695 0.00679414
v -0.06554228 0.01343256 0.00445830
v -0.06714596 0.01117312 0.00719848
v -0.06679309 0.01117312 0.00645477
v -0.06619924 0.01117312 0.00521285
v -0.06688777 0.00968394 0.00624899
v -0.06554802 0.00753167 0.00296005
v -0.06513491 0.02154600 0.00827073
v -0.06417958 0.02268465 0.00719487
v -0.06383245 0.01875073 0.00366766
v -0.06403901 0.01933345 0.00448719
v -0.06411073 0.02101017 0.00584103
v -0.06603572 0.01875296 0.00805411
v -0.06521236 0.01714992 0.00523812
v -0.06563695 0.01666767 0.00575077
v -0.06683899 0.01563841 0.00784472
v -0.06538162 0.01563841 0.00478684
v -0.06574023 0.01563841 0.00553416
v -0.06629678 0.01563841 0.00670027
v -0.06547630 0.01442609 0.00460271
v -0.06518081 0.01401751 0.00386622
v -0.06559391 0.01266229 0.00435361
v -0.06569146 0.01117312 0.00415504
v -0.06542179 0.00968394 0.00321638
v -0.06549064 0.00852520 0.00307558
v -0.06488245 0.00968394 0.00223078
v -0.06434885 0.02154377 0.00670027
v -0.06487097 0.02010818 0.00670027
v -0.06396729 0.01765673 0.00313695
v -0.06442630 0.01714768 0.00366766
v -0.06415376 0.01666320 0.00279398
v -0.06486236 0.01563841 0.00372181
v -0.06439474 0.01415147 0.00235353
v -0.06532998 0.01117312 0.00340772
v -0.06469884 0.01117312 0.00223078
v -0.06403614 0.01328967 0.00151234
v -0.06425704 0.00968394 0.00112965
v -0.06436319 0.00656493 0.00065310
v -0.06457835 0.00521418 0.00074336
v -0.06454966 0.01875073 0.00507566
v -0.06104107 0.02523880 0.00303586
v -0.06095788 0.02353753 0.00168924
v -0.06114435 0.02254399 0.00137154
v -0.06250131 0.01920172 0.00158815
v -0.06366032 0.01714768 0.00227410
v -0.06287999 0.01712982 0.00100690
v -0.06253286 0.01628365 0.00003936
v -0.06384393 0.01563841 0.00182643
v -0.06427712 0.01563841 0.00257375
v -0.06397876 0.01415147 0.00160982
v -0.06442917 0.01274044 0.00209720
v -0.06273942 0.00819476 -0.00176938
v -0.06335048 0.00819476 -0.00074768
v -0.06382672 0.00968394 0.00038594
v -0.06405335 0.00597774 -0.00000397
v -0.06409925 0.00521418 -0.00008339
v -0.06418245 0.00372500 -0.00021697
v -0.05975870 0.02574785 0.00120547
v -0.05995665 0.02451989 0.00072169
v -0.06059353 0.02305974 0.00082278
v -0.06268204 0.01820819 0.00130294
v -0.05818658 0.02259088 -0.00312683
v -0.05836731 0.02159735 -0.00340482
v -0.05803740 0.02070876 -0.00439042
v -0.05955788 0.01632161 -0.00443735
v -0.05973288 0.01532808 -0.00470090
v -0.06305213 0.01572772 0.00061700
v -0.06104107 0.01469847 -0.00293549
v -0.06344229 0.01415147 0.00074336
v -0.06263328 0.00968394 -0.00160692
v -0.06215705 0.00968394 -0.00235424
v -0.06225172 0.00819476 -0.00251670
v -0.06234352 0.00670335 -0.00265750
v -0.06282835 0.00670335 -0.00191379
v -0.06363163 0.00656493 -0.00059966
v -0.06290581 0.00521418 -0.00204376
v -0.06372344 0.00372500 -0.00096429
v -0.05942304 0.02647569 0.00115131
v -0.05927387 0.02617428 0.00072169
v -0.05944312 0.02497982 0.00021265
v -0.05964394 0.02398629 -0.00009422
v -0.05676650 0.02606712 -0.00323153
v -0.05700748 0.02453552 -0.00376585
v -0.05647961 0.02500661 -0.00428572
v -0.05667183 0.02401308 -0.00456371
v -0.05787100 0.02159735 -0.00414853
v -0.05780215 0.02457571 -0.00254197
v -0.05821240 0.01670562 -0.00611251
v -0.05821526 0.01971523 -0.00463953
v -0.05922509 0.01575005 -0.00520634
v -0.05934845 0.01415147 -0.00563957
v -0.05986485 0.01415147 -0.00489586
v -0.06068534 0.01418273 -0.00361783
v -0.06119599 0.01266229 -0.00317377
v -0.06211688 0.01107265 -0.00209791
v -0.06276811 0.01415147 -0.00033250
v -0.06287999 0.01266229 -0.00050940
v -0.06257303 0.01050779 -0.00150944
v -0.06130787 0.01117312 -0.00333984
v -0.06141402 0.00968394 -0.00347703
v -0.06243533 0.00521418 -0.00278747
v -0.06251565 0.00372500 -0.00291022
v -0.05507675 0.02647569 -0.00541573
v -0.05812920 0.02541295 -0.00154915
v -0.05544970 0.02647569 -0.00492113
v -0.05945173 0.01266229 -0.00578037
v -0.05997386 0.01266229 -0.00503666
v -0.06071689 0.01266229 -0.00392109
v -0.06081156 0.01117312 -0.00408355
v 0.05758106 0.04329431 0.01774075
v 0.05765765 0.04329431 0.01796844
v 0.05796154 0.04300967 0.01827133
v 0.05836672 0.04218571 0.01774075
v 0.05807766 0.04329431 0.01921760
v 0.05962922 0.04040046 0.01774075
v 0.05810731 0.04329431 0.01930951
v 0.05967122 0.04034054 0.01774075
v 0.07005783 0.01802616 0.01774075
v 0.07016901 0.01834077 0.01862017
v 0.07075455 0.01862041 0.03905375
v 0.06032842 0.04096225 0.03908090
v 0.06181575 0.03947163 0.03906628
v 0.05816166 0.04329431 0.01948080
v 0.05980958 0.04054278 0.01862017
v 0.05928827 0.04128934 0.01862017
v 0.06099055 0.03860522 0.01815226
v 0.06865203 0.02270776 0.01893769
v 0.06846920 0.02370151 0.01957062
v 0.07000595 0.01935449 0.01938262
v 0.06555136 0.02991368 0.01774075
v 0.06784660 0.02458040 0.01862017
v 0.07031725 0.01876274 0.01997169
v 0.07154763 0.01803116 0.02505815
v 0.07296084 0.01780894 0.03863388
v 0.07174281 0.02011104 0.03887619
v 0.07075455 0.02011104 0.03904122
v 0.06926475 0.02308978 0.03906001
v 0.06479535 0.03202352 0.03907046
v 0.06330555 0.03649288 0.03907463
v 0.06479535 0.03500476 0.03906628
v 0.06628515 0.03053789 0.03906837
v 0.06104491 0.04316947 0.03863388
v 0.06270271 0.04043791 0.03882815
v 0.06330555 0.03798351 0.03899943
v 0.05836425 0.04329431 0.02012000
v 0.06060760 0.03938174 0.01863689
v 0.05946863 0.04153902 0.01974818
v 0.05996770 0.04100969 0.02019102
v 0.06149703 0.03805841 0.01863689
v 0.06230000 0.03684245 0.01862017
v 0.06077808 0.03978374 0.02010956
v 0.06095102 0.04003842 0.02126054
v 0.06709305 0.02697239 0.01915911
v 0.06769589 0.02606853 0.02010956
v 0.06827896 0.02454295 0.02008449
v 0.06840497 0.02501735 0.02132529
v 0.06852603 0.02533944 0.02231961
v 0.06879038 0.02315720 0.02008449
v 0.06867674 0.02454295 0.02173263
v 0.06897321 0.02458040 0.02309041
v 0.06948464 0.02308978 0.02309041
v 0.06993677 0.02064286 0.02121876
v 0.07003559 0.02093250 0.02221099
v 0.07019618 0.02013101 0.02166787
v 0.06539819 0.03090992 0.01862017
v 0.07068290 0.01862041 0.02159894
v 0.07127833 0.01856548 0.02456935
v 0.07140186 0.01907234 0.02606918
v 0.07164399 0.01832828 0.02606918
v 0.07211094 0.01862041 0.02904585
v 0.07301519 0.01796125 0.03764166
v 0.07171563 0.02147931 0.03798214
v 0.06852850 0.02981880 0.03873623
v 0.07007018 0.02550424 0.03878428
v 0.07160693 0.02119716 0.03881770
v 0.06926475 0.02458040 0.03902033
v 0.07018878 0.02458040 0.03885321
v 0.06727588 0.03202352 0.03888037
v 0.06628515 0.03202352 0.03905166
v 0.06777495 0.02755914 0.03906210
v 0.06593432 0.03500476 0.03889290
v 0.06480523 0.03649538 0.03893050
v 0.06107209 0.04329431 0.03767508
v 0.06406404 0.03874755 0.03874041
v 0.06569961 0.03600100 0.03883441
v 0.05881885 0.04329431 0.02159894
v 0.05961934 0.04175625 0.02074040
v 0.05974782 0.04194601 0.02159894
v 0.06278424 0.03609838 0.01862017
v 0.06109679 0.04025564 0.02225485
v 0.06721658 0.02727950 0.02010956
v 0.06815049 0.02592870 0.02173263
v 0.06861497 0.02556915 0.02309041
v 0.06832097 0.02631322 0.02309041
v 0.06927710 0.02458040 0.02457979
v 0.06979347 0.02303734 0.02456099
v 0.06987253 0.02193623 0.02309041
v 0.06494606 0.03202352 0.01862017
v 0.06550689 0.03119456 0.01952884
v 0.06650998 0.02904727 0.02010956
v 0.06429628 0.03355159 0.01872044
v 0.07132774 0.02010354 0.02746038
v 0.07157727 0.01960168 0.02789278
v 0.07177493 0.01874026 0.02746038
v 0.07232341 0.01862041 0.03053523
v 0.07168598 0.01989880 0.02904585
v 0.07252107 0.01778647 0.03053523
v 0.07303248 0.01778647 0.03774610
v 0.07303496 0.01778647 0.03675178
v 0.07301519 0.01796125 0.03686041
v 0.07225671 0.02011104 0.03649276
v 0.07146857 0.02226332 0.03649276
v 0.07061125 0.02458040 0.03649276
v 0.06950440 0.02755914 0.03649276
v 0.07014430 0.02569899 0.03798214
v 0.06856803 0.02992366 0.03798214
v 0.06724623 0.03336433 0.03798214
v 0.06713752 0.03310715 0.03881770
v 0.06410851 0.03881246 0.03798214
v 0.06110667 0.04324937 0.03764166
v 0.06583796 0.03620575 0.03798214
v 0.06691764 0.03410839 0.03798214
v 0.06647044 0.03500476 0.03798214
v 0.06246059 0.03708214 0.01976071
v 0.06357732 0.03487243 0.01872044
v 0.06395780 0.03407343 0.01828804
v 0.05995288 0.04224563 0.02309041
v 0.06069655 0.04115451 0.02309041
v 0.06119562 0.04041045 0.02309041
v 0.06177622 0.03947163 0.02309041
v 0.06258659 0.03727939 0.02075502
v 0.06701646 0.02827075 0.02091169
v 0.06844450 0.02662782 0.02421632
v 0.06873356 0.02610598 0.02465917
v 0.06780954 0.02755914 0.02309041
v 0.06713505 0.02854540 0.02190392
v 0.06954146 0.02458040 0.02606918
v 0.06990712 0.02352922 0.02606918
v 0.07083856 0.02159916 0.02755856
v 0.07016160 0.02278516 0.02606918
v 0.06528207 0.03197109 0.02005942
v 0.06572184 0.03169893 0.02159894
v 0.06622338 0.03053789 0.02159894
v 0.06726353 0.02884503 0.02309041
v 0.06406898 0.03429066 0.01928235
v 0.06548713 0.03414085 0.02556993
v 0.06460758 0.03351414 0.02010956
v 0.07245188 0.01862041 0.03202461
v 0.07298061 0.01781643 0.03586609
v 0.07149080 0.02083263 0.02988350
v 0.07175022 0.02024586 0.03044123
v 0.07142657 0.02064286 0.02904585
v 0.07280025 0.01852304 0.03641547
v 0.07193058 0.02011104 0.03202461
v 0.07106091 0.02308978 0.03500338
v 0.06985524 0.02639062 0.03500338
v 0.06942534 0.02755914 0.03500338
v 0.06886944 0.02904727 0.03500338
v 0.06894603 0.02904727 0.03649276
v 0.06859273 0.02998359 0.03649276
v 0.06780213 0.03202352 0.03649276
v 0.06727094 0.03338430 0.03649276
v 0.06697693 0.03412837 0.03649276
v 0.06236670 0.04142417 0.03649276
v 0.06537101 0.03698477 0.03649276
v 0.06470146 0.03798351 0.03649276
v 0.06412581 0.03883993 0.03649276
v 0.06362179 0.03958399 0.03649276
v 0.06586267 0.03623821 0.03649276
v 0.06655692 0.03500476 0.03649276
v 0.05941428 0.04329431 0.02384450
v 0.05944145 0.04298970 0.02309041
v 0.05955263 0.04314949 0.02400744
v 0.06085961 0.04139171 0.02457979
v 0.06135374 0.04064515 0.02457979
v 0.06261624 0.03881496 0.02507277
v 0.06250506 0.03863768 0.02408055
v 0.06239635 0.03845541 0.02309041
v 0.06268048 0.03743669 0.02159894
v 0.06819002 0.02744179 0.02465917
v 0.06854085 0.02686752 0.02520855
v 0.06898803 0.02606853 0.02606918
v 0.06979594 0.02452048 0.02750633
v 0.06998371 0.02376143 0.02697575
v 0.06539819 0.03244299 0.02159894
v 0.06560078 0.03290990 0.02354161
v 0.06680646 0.03199605 0.02745411
v 0.06725117 0.03030319 0.02606918
v 0.06694234 0.02958909 0.02309041
v 0.06559090 0.03435808 0.02656424
v 0.06371073 0.03518703 0.02010956
v 0.06410110 0.03583122 0.02361055
v 0.06553407 0.03573884 0.02982292
v 0.06545007 0.03558902 0.02904585
v 0.06647292 0.03351414 0.02904585
v 0.06617150 0.03351414 0.02755856
v 0.07108808 0.02159916 0.02904585
v 0.07055443 0.02308978 0.02904585
v 0.07014678 0.02421336 0.02904585
v 0.06987500 0.02495743 0.02904585
v 0.06995900 0.02518963 0.03053523
v 0.07023324 0.02444557 0.03053523
v 0.07072737 0.02308978 0.03053523
v 0.07129315 0.02150927 0.03044123
v 0.07153280 0.02094998 0.03087572
v 0.07007265 0.02549675 0.03351400
v 0.07003312 0.02538688 0.03245702
v 0.06931169 0.02755914 0.03351400
v 0.06872615 0.02913216 0.03364769
v 0.06852109 0.02979882 0.03423258
v 0.06855320 0.02987622 0.03500338
v 0.06770330 0.03202352 0.03500338
v 0.06721906 0.03324448 0.03500338
v 0.06692258 0.03399104 0.03500338
v 0.06620856 0.03500476 0.03202461
v 0.06233211 0.04136924 0.03500338
v 0.06108937 0.04322190 0.03544414
v 0.06098808 0.04329431 0.03454591
v 0.06531172 0.03689238 0.03500338
v 0.06448652 0.03812832 0.03488223
v 0.06408627 0.03878250 0.03529791
v 0.06283613 0.04062517 0.03500338
v 0.06580337 0.03614582 0.03500338
v 0.06567984 0.03596105 0.03202461
v 0.05955263 0.04329431 0.02453384
v 0.06004676 0.04257272 0.02453384
v 0.06106961 0.04170382 0.02682535
v 0.06149209 0.04085239 0.02606918
v 0.06374285 0.03826066 0.02904585
v 0.06423204 0.03751410 0.02904585
v 0.06272000 0.03897226 0.02606918
v 0.06392321 0.03702721 0.02606918
v 0.06295472 0.03807839 0.02457770
v 0.06711528 0.03148170 0.02788234
v 0.06721411 0.03173888 0.02904585
v 0.06861003 0.02704230 0.02606918
v 0.06922275 0.02606853 0.02755856
v 0.07006277 0.02398365 0.02796798
v 0.06569467 0.03455283 0.02755856
v 0.06256930 0.04023067 0.02973936
v 0.06561314 0.03585869 0.03081514
v 0.06593926 0.03514708 0.03040572
v 0.06584784 0.03484496 0.02904585
v 0.06676693 0.03340927 0.03054777
v 0.06699669 0.03268269 0.03006105
v 0.06690776 0.03248294 0.02904585
v 0.06945005 0.02606853 0.02904585
v 0.06962547 0.02606853 0.03053523
v 0.06978606 0.02595866 0.03198702
v 0.06871133 0.02880008 0.03202461
v 0.06746612 0.03202352 0.03202461
v 0.06710294 0.03295734 0.03202461
v 0.06681140 0.03370390 0.03202461
v 0.06716470 0.03310715 0.03351400
v 0.06686822 0.03385122 0.03351400
v 0.06227282 0.04127935 0.03351400
v 0.06097078 0.04329431 0.03431195
v 0.06105973 0.04317946 0.03445191
v 0.06149457 0.04259020 0.03496996
v 0.06524995 0.03680000 0.03351400
v 0.06404674 0.03872257 0.03430569
v 0.06367120 0.03935678 0.03488223
v 0.06277189 0.04053529 0.03351400
v 0.06518571 0.03670512 0.03202461
v 0.06401215 0.03867264 0.03351400
v 0.05965146 0.04329431 0.02506024
v 0.06116103 0.04183865 0.02781758
v 0.06237165 0.03993105 0.02755856
v 0.05983923 0.04329431 0.02606918
v 0.06010853 0.04329431 0.02751887
v 0.06248035 0.04009335 0.02874714
v 0.06769342 0.03053789 0.02904585
v 0.06843214 0.02808099 0.02755856
v 0.06857544 0.02844553 0.02942603
v 0.06207516 0.04082243 0.02916492
v 0.06126973 0.04199845 0.02904585
v 0.06137350 0.04215325 0.03053523
v 0.06211964 0.04104465 0.03053523
v 0.06261624 0.04030059 0.03053523
v 0.06394298 0.03856777 0.03202461
v 0.06443958 0.03782371 0.03202461
v 0.06705847 0.03284249 0.03105328
v 0.06905228 0.02755914 0.03053523
v 0.06269777 0.04042044 0.03202461
v 0.06219623 0.04116450 0.03202461
v 0.06152915 0.04237547 0.03351400
v 0.06348097 0.03947163 0.03351400
v 0.06021971 0.04329431 0.02812465
v 0.06038524 0.04329431 0.02904585
v 0.06076078 0.04274501 0.02904585
v 0.06059031 0.04329431 0.03050599
v -0.01518743 -0.03439851 -0.03883871
v -0.01214384 -0.03579896 -0.03877939
v -0.00617156 -0.03728516 -0.03877610
v -0.02410795 -0.02853946 -0.03885519
v -0.02257027 -0.02998891 -0.03884860
v -0.02100080 -0.03137303 -0.03880905
v -0.01811612 -0.03288781 -0.03882553
v -0.01415090 -0.03462307 -0.03890792
v -0.02010851 -0.03156493 -0.03888815
v -0.01712848 -0.03309604 -0.03889803
v -0.01117331 -0.03589695 -0.03885849
v -0.00521570 -0.03737907 -0.03885519
v -0.00372447 -0.03744440 -0.03890792
v -0.02307387 -0.02903758 -0.03895406
v -0.02153863 -0.03050336 -0.03892769
v 0.00015030 -0.03351250 -0.03911883
v -0.00521570 -0.03351250 -0.03911883
v -0.00819329 -0.03500279 -0.03911883
v -0.01117331 -0.03500279 -0.03905292
v -0.02010851 -0.03053602 -0.03908258
v -0.01415090 -0.03351250 -0.03910235
v -0.00968452 -0.03601944 -0.03891451
v -0.00521570 -0.03649307 -0.03904963
v -0.00372447 -0.03649307 -0.03910235
v -0.02308609 -0.02755546 -0.03911554
v -0.02159730 -0.02904574 -0.03910895
v 0.00015030 -0.03500279 -0.03911883
v -0.00968452 -0.03500279 -0.03911224
v -0.01265966 -0.03351250 -0.03911554
v -0.01861727 -0.03053602 -0.03911554
v -0.07509382 0.00074355 0.03649341
v -0.07500067 0.00074355 0.03798239
v -0.07486829 0.00223383 0.03798239
v -0.07493939 0.00223383 0.03649341
v -0.07484378 0.00223383 0.03500444
v -0.07474328 0.00223383 0.03351314
v -0.07489280 0.00074355 0.03351314
v -0.07508892 -0.00074673 0.03649341
v -0.07466728 0.00074355 0.03887345
v -0.07461581 0.00223383 0.03884553
v -0.07499576 -0.00074673 0.03798239
v -0.07466728 -0.00074673 0.03887345
v -0.07463787 0.00223383 0.03202416
v -0.07479230 0.00074355 0.03202416
v -0.07488791 -0.00074673 0.03351314
v -0.07492712 -0.00223701 0.03649341
v -0.07449569 -0.00611582 0.03744729
v -0.07486339 -0.00223701 0.03798239
v -0.07455943 -0.00380487 0.03348056
v -0.07466973 -0.00372729 0.03500444
v -0.07447853 -0.00596476 0.03573962
v -0.07373332 0.00074355 0.03902700
v -0.07373332 0.00223383 0.03900141
v -0.07450060 -0.00469087 0.03875014
v -0.07454716 -0.00372729 0.03879434
v -0.07461336 -0.00223701 0.03884320
v -0.07373332 -0.00074673 0.03902467
v -0.07313520 -0.01415110 0.03884786
v -0.07373332 -0.00223701 0.03899675
v -0.07451775 0.00332398 0.03202416
v -0.07448343 0.00303001 0.03121686
v -0.07466728 0.00074355 0.03053518
v -0.07466973 -0.00074673 0.03053518
v -0.07478740 -0.00074673 0.03202416
v -0.07476044 -0.00372729 0.03649341
v -0.07454962 -0.00520124 0.03795912
v -0.07471141 -0.00372729 0.03798239
v -0.07459129 -0.00521757 0.03649341
v -0.07449079 -0.00608316 0.03649341
v -0.07440254 -0.00682626 0.03649341
v -0.07388040 -0.01117462 0.03649341
v -0.07369900 -0.01266490 0.03649341
v -0.07301508 -0.01796050 0.03756361
v -0.07308126 -0.01718474 0.03802891
v -0.07446382 -0.00435199 0.03295942
v -0.07440989 -0.00518083 0.03348056
v -0.07462807 -0.00223701 0.03202416
v -0.07451285 -0.00330266 0.03202416
v -0.07424565 -0.00670377 0.03351314
v -0.07407896 -0.00819405 0.03351314
v -0.07390737 -0.00968433 0.03351314
v -0.07400297 -0.00968433 0.03500444
v -0.07224291 0.00366287 0.03903863
v -0.07224291 -0.00819405 0.03902467
v -0.07302243 -0.01672336 0.03876177
v -0.07307146 -0.01564138 0.03880365
v -0.07224291 -0.01415110 0.03899442
v -0.07224291 -0.01266490 0.03901536
v -0.07224291 -0.01117462 0.03902001
v -0.07224291 -0.01564138 0.03894790
v -0.07452510 0.00214809 0.03064686
v -0.07436087 0.00360571 0.03064686
v -0.07449079 0.00159689 0.02971159
v -0.07453492 0.00074355 0.02943474
v -0.07453981 -0.00074673 0.02941147
v -0.07449569 -0.00164498 0.02968135
v -0.07452756 -0.00217985 0.03064453
v -0.07448343 -0.00303319 0.03121453
v -0.07381912 -0.01117462 0.03500444
v -0.07351270 -0.01415110 0.03649341
v -0.07292438 -0.01771552 0.03855704
v -0.07331905 -0.01564138 0.03649341
v -0.07301508 -0.01796050 0.03684472
v -0.07226007 -0.02010814 0.03649341
v -0.07174283 -0.02151676 0.03649341
v -0.07146829 -0.02226394 0.03649341
v -0.07017398 -0.02576304 0.03649341
v -0.06857571 -0.02993991 0.03768227
v -0.07170362 -0.02144326 0.03798239
v -0.07412554 -0.00670377 0.03202416
v -0.07395150 -0.00819405 0.03202416
v -0.07377009 -0.00968433 0.03202416
v -0.07372107 -0.01117462 0.03351314
v -0.07075249 -0.01861786 0.03901304
v -0.06330533 -0.03649307 0.03899210
v -0.07159085 -0.02114929 0.03880132
v -0.07171342 -0.02010814 0.03885483
v -0.07075249 -0.02010814 0.03899675
v -0.07407896 0.00223383 0.02755491
v -0.07441480 0.00074355 0.02869025
v -0.07423095 0.00074355 0.02755491
v -0.07441725 -0.00074673 0.02866698
v -0.07380442 -0.00521757 0.02755491
v -0.07443686 -0.00263714 0.03022110
v -0.07365243 -0.00670377 0.02755491
v -0.07384609 -0.00670377 0.02904621
v -0.07436332 -0.00360889 0.03064453
v -0.07416476 -0.00521757 0.03053518
v -0.07362547 -0.01266490 0.03500444
v -0.07005387 -0.02545682 0.03876875
v -0.07342691 -0.01415110 0.03500444
v -0.07309843 -0.01724598 0.03640733
v -0.07298076 -0.01782168 0.03585362
v -0.07245128 -0.01861786 0.03202416
v -0.07280181 -0.01851987 0.03640733
v -0.07203945 -0.02010814 0.03351314
v -0.07157860 -0.02107172 0.03202416
v -0.07168891 -0.02137386 0.03500444
v -0.07012986 -0.02565280 0.03500444
v -0.06985775 -0.02639590 0.03500444
v -0.07266700 -0.01861786 0.03500444
v -0.07255913 -0.01861786 0.03351314
v -0.06942632 -0.02755546 0.03500444
v -0.06989697 -0.02650614 0.03649341
v -0.06950476 -0.02755546 0.03649341
v -0.06859287 -0.02998482 0.03649341
v -0.06700440 -0.03419027 0.03649341
v -0.06722747 -0.03332877 0.03798239
v -0.06848746 -0.02975618 0.03867569
v -0.07013231 -0.02566097 0.03798239
v -0.07381176 -0.00819405 0.03053518
v -0.07362547 -0.00968433 0.03053518
v -0.07339258 -0.01266490 0.03202416
v -0.07320138 -0.01415110 0.03202416
v -0.07294644 -0.01607009 0.03202416
v -0.07352251 -0.01266490 0.03351314
v -0.06926453 -0.02308462 0.03900606
v -0.06628370 -0.03053602 0.03899908
v -0.06479574 -0.03500279 0.03898745
v -0.06711471 -0.03303888 0.03879667
v -0.06864434 -0.02876402 0.03881528
v -0.06722992 -0.03202222 0.03884553
v -0.06926453 -0.02457490 0.03896651
v -0.06628370 -0.03202222 0.03898047
v -0.06777412 -0.02755546 0.03899908
v -0.07383628 0.00223383 0.02606826
v -0.07334601 0.00223383 0.02309031
v -0.07349554 0.00074355 0.02309031
v -0.07349800 -0.00074673 0.02309031
v -0.07335337 -0.00223701 0.02309031
v -0.07320628 -0.00372729 0.02309031
v -0.07307146 -0.00510733 0.02309961
v -0.07340729 -0.00670377 0.02606826
v -0.07297586 -0.00734071 0.02390227
v -0.07346858 -0.00819405 0.02755491
v -0.07366469 -0.00819405 0.02904621
v -0.07332150 -0.01415110 0.03351314
v -0.07298076 -0.01632731 0.03288497
v -0.07305430 -0.01686626 0.03500444
v -0.07295135 -0.01760528 0.03500444
v -0.07280426 -0.01713166 0.03202416
v -0.07264493 -0.01713166 0.03053518
v -0.07228949 -0.01861786 0.03053518
v -0.07153202 -0.02094514 0.03100980
v -0.07192913 -0.02010814 0.03202416
v -0.06995336 -0.02517101 0.03053518
v -0.06999503 -0.02528125 0.03146579
v -0.07024752 -0.02470147 0.03198694
v -0.07007347 -0.02549765 0.03351314
v -0.06980138 -0.02624075 0.03351314
v -0.06931356 -0.02755546 0.03351314
v -0.06852668 -0.02980517 0.03417852
v -0.06886987 -0.02904574 0.03500444
v -0.06827174 -0.03062993 0.03500444
v -0.06774225 -0.03202222 0.03500444
v -0.06696028 -0.03407595 0.03500444
v -0.06652148 -0.03500279 0.03500444
v -0.06661709 -0.03500279 0.03649341
v -0.06688183 -0.03407595 0.03798239
v -0.07324796 -0.01266490 0.03053518
v -0.07300527 -0.01502893 0.03113310
v -0.06586453 -0.03500279 0.03885483
v -0.06477613 -0.03646449 0.03888275
v -0.06566597 -0.03595003 0.03880830
v -0.07324796 0.00074355 0.02159901
v -0.07324796 -0.00074673 0.02159901
v -0.07299547 -0.00453980 0.02230860
v -0.07302979 -0.00634855 0.02360447
v -0.07313029 -0.00678951 0.02446994
v -0.07305921 -0.00794499 0.02489569
v -0.07288761 -0.00678951 0.02309961
v -0.07270867 -0.00819405 0.02309031
v -0.07147319 -0.01467780 0.02101505
v -0.07325531 -0.00968433 0.02755491
v -0.07301999 -0.01362848 0.02959992
v -0.07141681 -0.01572712 0.02154782
v -0.07148299 -0.01627832 0.02244121
v -0.07306410 -0.01413476 0.03059567
v -0.07241940 -0.01713166 0.02904621
v -0.07286800 -0.01557197 0.03059567
v -0.07294644 -0.01462064 0.03013968
v -0.07205906 -0.01861786 0.02904621
v -0.07165459 -0.01980600 0.02904621
v -0.07146829 -0.02076958 0.03001637
v -0.07173548 -0.02020613 0.03052123
v -0.07148299 -0.01778085 0.02392553
v -0.07156388 -0.01806666 0.02491663
v -0.07070592 -0.02308462 0.03053518
v -0.07022300 -0.02442383 0.03053518
v -0.06986021 -0.02490154 0.02904621
v -0.06943367 -0.02606518 0.02904621
v -0.06858551 -0.02848229 0.02938123
v -0.06703626 -0.03278982 0.02974417
v -0.06962243 -0.02606518 0.03053518
v -0.06795307 -0.03053602 0.03053518
v -0.06871788 -0.02882935 0.03202416
v -0.06919345 -0.02755546 0.03202416
v -0.06978667 -0.02595494 0.03198694
v -0.06873014 -0.02913965 0.03361550
v -0.06807809 -0.03053602 0.03202416
v -0.06751918 -0.03202222 0.03202416
v -0.06713431 -0.03304296 0.03202416
v -0.06684996 -0.03378606 0.03202416
v -0.06629106 -0.03500279 0.03202416
v -0.06640627 -0.03500279 0.03351314
v -0.06572480 -0.03601944 0.03202416
v -0.06578609 -0.03611335 0.03351314
v -0.06584737 -0.03620318 0.03500444
v -0.06642098 -0.03500279 0.03798239
v -0.06589639 -0.03627259 0.03649341
v -0.06582285 -0.03617460 0.03798239
v -0.07300773 0.00164589 0.02078472
v -0.07305676 0.00074355 0.02061489
v -0.07305430 -0.00074673 0.02061954
v -0.07300527 -0.00164090 0.02079170
v -0.07293909 -0.00553196 0.02261105
v -0.07257629 -0.00670377 0.02159901
v -0.07221349 -0.00968433 0.02159901
v -0.07113000 -0.01564138 0.02011003
v -0.07089712 -0.01713166 0.02011003
v -0.07153202 -0.01368564 0.02072191
v -0.07120354 -0.01713166 0.02159901
v -0.07166439 -0.01722148 0.02448390
v -0.07131140 -0.01858519 0.02448390
v -0.07081133 -0.01861786 0.02159901
v -0.07079171 -0.02010814 0.02457928
v -0.06975970 -0.02448507 0.02758515
v -0.06844824 -0.02660821 0.02426753
v -0.06852913 -0.02683686 0.02526096
v -0.06859531 -0.02701243 0.02606826
v -0.06832077 -0.02900491 0.02894850
v -0.06672250 -0.03337777 0.02916719
v -0.06679358 -0.03363091 0.03053518
v -0.06739661 -0.03202222 0.03053518
v -0.06616849 -0.03500279 0.03053518
v -0.06565861 -0.03592553 0.03053518
v -0.06522227 -0.03676663 0.03202416
v -0.06534484 -0.03695036 0.03500444
v -0.06539141 -0.03701977 0.03649341
v -0.07278465 0.00217667 0.02021705
v -0.07284104 0.00074355 0.01987040
v -0.07283858 -0.00074673 0.01987505
v -0.07168400 -0.00819405 0.01876530
v -0.07159331 -0.00968433 0.01904681
v -0.07153202 -0.01070507 0.01925154
v -0.07147074 -0.01169724 0.01947954
v -0.07133591 -0.01417151 0.02017983
v -0.07071818 -0.01564138 0.01862106
v -0.07048039 -0.01713166 0.01862106
v -0.07003916 -0.01795642 0.01778118
v -0.07049756 -0.01861786 0.02011003
v -0.06996562 -0.02073283 0.02109183
v -0.07025242 -0.02018571 0.02159203
v -0.06896301 -0.02457490 0.02309031
v -0.06996562 -0.02221903 0.02409304
v -0.06860758 -0.02557114 0.02309031
v -0.06853403 -0.02536291 0.02228533
v -0.06833547 -0.02631424 0.02309031
v -0.06708284 -0.02993174 0.02358353
v -0.06552869 -0.03423110 0.02389063
v -0.06759027 -0.02904574 0.02457928
v -0.06821536 -0.02742481 0.02469096
v -0.06584492 -0.03364724 0.02446529
v -0.06561204 -0.03439034 0.02488406
v -0.06583266 -0.03479864 0.02755491
v -0.06590620 -0.03511711 0.02901364
v -0.06717109 -0.03016447 0.02457928
v -0.06559733 -0.03583163 0.02949057
v -0.06440843 -0.03776695 0.03053518
v -0.06464621 -0.03798335 0.03500444
v -0.06058434 -0.03790577 0.01566172
v -0.07215466 0.00366287 0.01862106
v -0.07230420 0.00223383 0.01862106
v -0.07245372 0.00074355 0.01862106
v -0.07244882 -0.00074673 0.01862106
v -0.07213014 -0.00372729 0.01862106
v -0.07196835 -0.00521757 0.01862106
v -0.07174529 -0.00683443 0.01847681
v -0.07145358 -0.00819405 0.01802081
v -0.07137023 -0.00968433 0.01830232
v -0.07109568 -0.01266490 0.01862106
v -0.06982834 -0.01569037 0.01570825
v -0.06998768 -0.01622116 0.01645739
v -0.06989697 -0.01713166 0.01673890
v -0.07014702 -0.01851987 0.01875367
v -0.06943613 -0.01713166 0.01527086
v -0.06911010 -0.01861786 0.01564078
v -0.06885761 -0.01898532 0.01527086
v -0.07001709 -0.01938545 0.01933763
v -0.07012005 -0.01966310 0.02011003
v -0.06984550 -0.02041028 0.02011003
v -0.06939691 -0.02159842 0.02011003
v -0.06685241 -0.02932338 0.02159901
v -0.06560713 -0.03294089 0.02210154
v -0.06697498 -0.02965002 0.02259011
v -0.06572235 -0.03325119 0.02309031
v -0.06543309 -0.03399837 0.02309031
v -0.06412408 -0.03437401 0.01911195
v -0.06427116 -0.03460674 0.02011003
v -0.06486192 -0.03500279 0.02309031
v -0.06520756 -0.03493337 0.02446529
v -0.06527375 -0.03531718 0.02606826
v -0.06550173 -0.03568872 0.02849715
v -0.06438882 -0.03624400 0.02457928
v -0.06115550 -0.03735865 0.01617123
v -0.06106970 -0.03697485 0.01527086
v -0.07197326 0.00074355 0.01713208
v -0.07161292 -0.00074673 0.01603629
v -0.07059070 -0.00818997 0.01527086
v -0.07100743 -0.00968433 0.01713208
v -0.07064218 -0.01266490 0.01713208
v -0.06988472 -0.01417151 0.01527086
v -0.06969596 -0.01567812 0.01527086
v -0.06904636 -0.02010814 0.01713208
v -0.06864680 -0.02120237 0.01713208
v -0.06850217 -0.02229661 0.01793008
v -0.06859531 -0.01970392 0.01527086
v -0.06714658 -0.02563239 0.01752992
v -0.06696028 -0.02662863 0.01813249
v -0.06846295 -0.02368481 0.01957726
v -0.06827174 -0.02454632 0.02008909
v -0.06639156 -0.03053602 0.02159901
v -0.06566352 -0.03159760 0.02040550
v -0.06536690 -0.03206713 0.01998905
v -0.06500655 -0.03202222 0.01862106
v -0.06406769 -0.03280615 0.01634106
v -0.06525169 -0.03346759 0.02160133
v -0.06690389 -0.02797192 0.01984248
v -0.06675681 -0.02750647 0.01862571
v -0.06417800 -0.03305521 0.01713208
v -0.06436186 -0.03357375 0.01861873
v -0.06397454 -0.03410862 0.01812086
v -0.06302588 -0.03508852 0.01711580
v -0.06360684 -0.03492521 0.01861873
v -0.06395002 -0.03559890 0.02118489
v -0.06410201 -0.03582346 0.02217598
v -0.06443049 -0.03505994 0.02164786
v -0.06422213 -0.03599903 0.02309031
v -0.06371225 -0.03674621 0.02309031
v -0.06248903 -0.03563973 0.01660861
v -0.06151340 -0.03654614 0.01566172
v -0.06230518 -0.03535800 0.01564078
v -0.07053923 -0.00968433 0.01564078
v -0.07036273 -0.01117462 0.01564078
v -0.07004896 -0.01282005 0.01527086
v -0.06852423 -0.02086757 0.01637131
v -0.06837470 -0.02194547 0.01713208
v -0.06834283 -0.02038986 0.01527086
v -0.06795552 -0.02308462 0.01713208
v -0.06570764 -0.03022164 0.01862106
v -0.06709264 -0.02697568 0.01912591
v -0.06541838 -0.03096474 0.01862106
v -0.06413143 -0.03160984 0.01527086
v -0.06390591 -0.03218554 0.01527086
v -0.06387649 -0.03233253 0.01534764
v -0.06332248 -0.03342268 0.01527086
v -0.06354066 -0.03338593 0.01576409
v -0.06382011 -0.03380239 0.01713208
v -0.06280035 -0.03461082 0.01564078
v -0.06231253 -0.03686462 0.01862106
v -0.06262385 -0.03733007 0.02065211
v -0.06244000 -0.03492112 0.01527086
v -0.07035293 -0.01027636 0.01527086
v -0.06307980 -0.03386364 0.01527086
v -0.06271946 -0.03449650 0.01527086
v 0.00074578 -0.07222320 0.01713225
v 0.00223448 -0.07221054 0.01713225
v 0.00670531 -0.07333996 0.02159941
v 0.00074578 -0.07261074 0.01861983
v 0.02429090 -0.06832877 0.01702378
v 0.00670531 -0.07215992 0.01713225
v 0.00819402 -0.07331464 0.02159941
v 0.00819402 -0.07367688 0.02308921
v 0.00670531 -0.07369586 0.02308921
v 0.00521425 -0.07334945 0.02159941
v 0.00074578 -0.07308844 0.02046823
v 0.00015030 -0.07309003 0.02046602
v 0.02429090 -0.06848221 0.01747979
v 0.02411604 -0.06858977 0.01766574
v 0.02248556 -0.06855655 0.01634197
v 0.00819402 -0.07212196 0.01713225
v 0.00819402 -0.07252058 0.01861983
v 0.00819402 -0.07285434 0.01986833
v 0.00910142 -0.07302517 0.02072059
v 0.00819402 -0.07394421 0.02457900
v 0.00670531 -0.07396952 0.02457900
v 0.00968272 -0.07348865 0.02308921
v 0.00521425 -0.07398059 0.02457900
v 0.00372555 -0.07398217 0.02457900
v 0.00521425 -0.07369745 0.02308921
v 0.00074578 -0.07336368 0.02159941
v 0.00223448 -0.07336210 0.02159941
v 0.00372555 -0.07335736 0.02159941
v 0.00015030 -0.07373225 0.03895008
v 0.01966647 -0.07008617 0.01908248
v 0.01862438 -0.07021587 0.01859990
v 0.01712859 -0.07059393 0.01861983
v 0.01912298 -0.06995013 0.01809076
v 0.01813051 -0.07007193 0.01766353
v 0.01707424 -0.07018266 0.01715217
v 0.01563989 -0.07053065 0.01713225
v 0.01414882 -0.07089131 0.01713225
v 0.00963073 -0.07314698 0.02161933
v 0.00968272 -0.07192107 0.01713225
v 0.00968272 -0.07232443 0.01861983
v 0.01009388 -0.07291286 0.02113454
v 0.00918412 -0.07453107 0.02940035
v 0.00819402 -0.07446463 0.02839978
v 0.00670531 -0.07418148 0.02606879
v 0.00521425 -0.07421154 0.02606879
v 0.00968272 -0.07375439 0.02457900
v 0.00223448 -0.07442667 0.02719997
v 0.00074578 -0.07443299 0.02714020
v 0.01066810 -0.07304733 0.02212848
v 0.01166057 -0.07292552 0.02264869
v 0.01116906 -0.07314382 0.02312241
v 0.01207646 -0.07302676 0.02364262
v 0.01117378 -0.07340639 0.02457900
v 0.00223448 -0.07424634 0.02606879
v 0.00074578 -0.07424951 0.02606879
v 0.00015030 -0.07464179 0.03883940
v 0.00819402 -0.07373225 0.03895008
v 0.02010836 -0.07075369 0.03895451
v 0.02429090 -0.06879856 0.01860433
v 0.01712859 -0.07098622 0.02010962
v 0.02066131 -0.06995962 0.01956506
v 0.01566825 -0.07133738 0.02008527
v 0.01563989 -0.07095774 0.01861983
v 0.01416300 -0.07130891 0.01863532
v 0.01261523 -0.07126778 0.01719423
v 0.01106981 -0.07162369 0.01719423
v 0.01209063 -0.07153827 0.01773436
v 0.01261523 -0.07166323 0.01863532
v 0.01266012 -0.07205236 0.02010962
v 0.00968035 -0.07436181 0.02895983
v 0.01048378 -0.07449152 0.03118677
v 0.00968035 -0.07458960 0.03062672
v 0.00968272 -0.07476043 0.03202575
v 0.00819402 -0.07493443 0.03202575
v 0.00819402 -0.07475252 0.03053596
v 0.00968272 -0.07396320 0.02606879
v 0.00627997 -0.07448519 0.02825146
v 0.01117378 -0.07362784 0.02606879
v 0.00223448 -0.07452632 0.02794155
v 0.00074578 -0.07453423 0.02788178
v 0.01466633 -0.07144652 0.01957170
v 0.01519092 -0.07157148 0.02056342
v 0.01414882 -0.07207609 0.02159941
v 0.01666071 -0.07156675 0.02205764
v 0.01765318 -0.07144494 0.02261548
v 0.01239546 -0.07310743 0.02457900
v 0.01805253 -0.07154302 0.02360941
v 0.01563989 -0.07230545 0.02457900
v 0.01503496 -0.07302359 0.02808544
v 0.00015030 -0.07503408 0.03798271
v 0.00819402 -0.07464179 0.03883940
v 0.00968272 -0.07373225 0.03892794
v 0.02159706 -0.07075369 0.03893458
v 0.02429090 -0.06917346 0.02010962
v 0.01861729 -0.07061133 0.02010962
v 0.02010836 -0.07059551 0.02159941
v 0.01861729 -0.07097040 0.02159941
v 0.01714513 -0.07133263 0.02157506
v 0.01618338 -0.07144969 0.02106371
v 0.02308813 -0.06947875 0.02010962
v 0.01367386 -0.07155883 0.01914004
v 0.01308074 -0.07142438 0.01814832
v 0.01141009 -0.07435707 0.03202575
v 0.01066573 -0.07453581 0.03202575
v 0.01117378 -0.07383507 0.02755859
v 0.01117378 -0.07404070 0.02904616
v 0.01266012 -0.07370377 0.02904616
v 0.01414882 -0.07336527 0.02904616
v 0.01531379 -0.07309161 0.02904616
v 0.01630626 -0.07296823 0.03002460
v 0.00968272 -0.07488539 0.03351333
v 0.00819402 -0.07505780 0.03351333
v 0.00670531 -0.07494866 0.03202575
v 0.00521425 -0.07479681 0.03053596
v 0.00670531 -0.07477783 0.03053596
v 0.00223448 -0.07465445 0.02904616
v 0.00074578 -0.07466236 0.02904616
v 0.00015030 -0.07453423 0.02788178
v 0.02261079 -0.07007667 0.02206649
v 0.02360326 -0.06995171 0.02261991
v 0.02401207 -0.07005453 0.02361384
v 0.01339266 -0.07298563 0.02534271
v 0.01904500 -0.07141963 0.02432664
v 0.01712859 -0.07193689 0.02457900
v 0.01861729 -0.07180718 0.02606879
v 0.01712859 -0.07241776 0.02755859
v 0.01861729 -0.07226907 0.02904616
v 0.01712859 -0.07264238 0.02904616
v 0.01605814 -0.07290813 0.02904616
v 0.00670531 -0.07503408 0.03798271
v 0.00819402 -0.07503092 0.03798271
v 0.00968272 -0.07459908 0.03881726
v 0.02159706 -0.07163160 0.03881947
v 0.02264388 -0.07155725 0.03877520
v 0.02429090 -0.06953727 0.02159720
v 0.02213346 -0.06995646 0.02107256
v 0.02162069 -0.07020955 0.02158170
v 0.01266012 -0.07405020 0.03202575
v 0.01091858 -0.07459750 0.03351333
v 0.02224925 -0.07147500 0.03000911
v 0.02301251 -0.07133896 0.03051825
v 0.02246429 -0.07152878 0.03100304
v 0.00968272 -0.07496765 0.03500313
v 0.01126121 -0.07460857 0.03512488
v 0.01117378 -0.07470506 0.03649292
v 0.00819402 -0.07521600 0.03649292
v 0.00521425 -0.07515747 0.03500313
v 0.00670531 -0.07506572 0.03351333
v 0.00521425 -0.07495182 0.03202575
v 0.00372555 -0.07480630 0.03053596
v 0.00372555 -0.07507521 0.03351333
v 0.00223448 -0.07507996 0.03351333
v 0.00074578 -0.07508312 0.03351333
v 0.02429090 -0.06985205 0.02297852
v 0.02429090 -0.06992798 0.02334599
v 0.02429090 -0.07014469 0.02457900
v 0.02308813 -0.07044840 0.02457900
v 0.02159706 -0.07082329 0.02457900
v 0.01996185 -0.07125513 0.02472510
v 0.01960503 -0.07156041 0.02606879
v 0.01861729 -0.07204287 0.02755859
v 0.02067548 -0.07145444 0.02711364
v 0.02010836 -0.07188943 0.02904616
v 0.00372555 -0.07523181 0.03649292
v 0.00521425 -0.07522865 0.03649292
v 0.00670531 -0.07522390 0.03649292
v 0.00968272 -0.07490437 0.03798271
v 0.01069645 -0.07453107 0.03877299
v 0.02363634 -0.07135636 0.03849628
v 0.02311884 -0.07165216 0.03799378
v 0.01266012 -0.07416883 0.03351333
v 0.02339295 -0.07138958 0.03202575
v 0.01414882 -0.07380027 0.03351333
v 0.01795801 -0.07300936 0.03548349
v 0.01181416 -0.07445356 0.03470871
v 0.02429090 -0.07081538 0.02904616
v 0.02429090 -0.07098147 0.03024818
v 0.02429090 -0.07101785 0.03053153
v 0.02429090 -0.07113807 0.03174904
v 0.02429090 -0.07116496 0.03202575
v 0.00968272 -0.07504673 0.03649292
v 0.01201502 -0.07450259 0.03649292
v 0.01203865 -0.07450733 0.03746029
v 0.00372555 -0.07516537 0.03500313
v 0.00223448 -0.07517012 0.03500313
v 0.00074578 -0.07517328 0.03500313
v 0.00015030 -0.07508312 0.03351333
v 0.02429090 -0.07035665 0.02597360
v 0.02308813 -0.07067934 0.02606879
v 0.02308813 -0.07090238 0.02755859
v 0.02429090 -0.07077267 0.02875839
v 0.01118560 -0.07461648 0.03796721
v 0.01714986 -0.07313590 0.03798271
v 0.02397189 -0.07153511 0.03750235
v 0.01801236 -0.07302202 0.03748685
v 0.02360326 -0.07144178 0.03351333
v 0.02429090 -0.07126620 0.03351333
v 0.02159706 -0.07204920 0.03500313
v 0.02395535 -0.07153036 0.03649292
v 0.02308813 -0.07175182 0.03649292
v 0.02159706 -0.07212987 0.03649292
v 0.01878507 -0.07284169 0.03649292
v 0.01804072 -0.07302992 0.03649292
v 0.01712859 -0.07325454 0.03649292
v 0.01563989 -0.07361836 0.03649292
v 0.01414882 -0.07398217 0.03649292
v 0.01251834 -0.07430644 0.03512488
v 0.00015030 -0.07513689 0.03440986
v 0.02429090 -0.07144811 0.03706183
v 0.02429090 -0.07144336 0.03649292
v 0.02429090 -0.07135478 0.03499427
v -0.00074712 0.07186762 0.01609581
v 0.00014629 0.07159162 0.01518651
v -0.00176874 0.07150063 0.01488745
v -0.00224549 0.07186156 0.01609581
v 0.00014629 0.07150063 0.01488745
v -0.00074712 0.07126709 0.01413981
v -0.00225350 0.07130955 0.01429338
v -0.00670454 0.07148546 0.01493595
v -0.00521419 0.07171597 0.01566339
v -0.00074712 0.07075148 0.01266068
v -0.00223748 0.07073934 0.01266068
v -0.00372784 0.07124282 0.01414789
v -0.00819490 0.07146120 0.01502486
v -0.00670454 0.07170384 0.01567955
v -0.00670454 0.07120036 0.01414789
v -0.04049801 0.05976900 0.01609581
v -0.04019354 0.05956579 0.01493191
v -0.00074712 0.07023890 0.01131896
v -0.00223748 0.06994470 0.01059152
v -0.00372784 0.07070902 0.01266068
v -0.00980144 0.07137021 0.01557448
v -0.00938479 0.07159162 0.01602711
v -0.00819490 0.07166441 0.01576846
v -0.00819490 0.07113364 0.01414789
v -0.00968526 0.07090616 0.01414789
v -0.00521419 0.07067262 0.01266068
v -0.00670454 0.07063016 0.01266068
v -0.03953649 0.06031494 0.01609581
v -0.04024561 0.05811602 0.01186050
v -0.03960460 0.06008140 0.01551386
v -0.03828251 0.06083358 0.01563914
v -0.03727692 0.06109139 0.01484300
v -0.03299815 0.06268372 0.01312139
v -0.03913586 0.05980236 0.01414789
v -0.03880333 0.05962342 0.01331133
v -0.03852690 0.05798256 0.00918513
v 0.00014629 0.06960501 0.00967818
v -0.00074712 0.06960804 0.00967818
v -0.00223748 0.06958984 0.00967818
v -0.00372784 0.07021464 0.01138362
v -0.01117562 0.07055736 0.01414789
v -0.01380778 0.07010546 0.01462881
v -0.01479735 0.06998413 0.01497232
v -0.01117562 0.07106084 0.01563914
v -0.01015400 0.07144301 0.01609581
v -0.00941283 0.07160375 0.01609581
v -0.00819490 0.07175237 0.01609581
v -0.00819490 0.07054220 0.01266068
v -0.00919248 0.07006299 0.01177967
v -0.00746976 0.06852223 0.00743928
v -0.00968927 0.07028440 0.01258793
v -0.01018605 0.06995684 0.01204640
v -0.01117562 0.06984462 0.01232525
v -0.01117562 0.07014184 0.01307289
v -0.01204499 0.07003873 0.01332750
v -0.00521419 0.07019644 0.01144020
v -0.00670454 0.07017218 0.01150486
v -0.03842674 0.06091244 0.01609581
v -0.03942832 0.05760951 0.00968222
v -0.03943233 0.05693012 0.00831625
v -0.04024161 0.05662378 0.00889820
v -0.04046997 0.05682396 0.00967818
v -0.03265761 0.06399093 0.01609581
v -0.03196051 0.06364820 0.01417618
v -0.03106709 0.06393937 0.01369930
v -0.03007352 0.06419414 0.01305269
v -0.03055428 0.06375133 0.01260006
v -0.02967289 0.06398790 0.01206256
v -0.03206868 0.06296881 0.01264047
v -0.03259351 0.06246837 0.01212722
v -0.03500532 0.06073349 0.01113306
v -0.03650770 0.05994491 0.01118559
v -0.03500532 0.06141288 0.01269301
v -0.03840671 0.05940807 0.01231717
v -0.03561028 0.05950816 0.00910027
v -0.03753332 0.05824947 0.00861531
v -0.03801008 0.05775813 0.00814651
v -0.03891151 0.05673904 0.00719680
v -0.03793797 0.05917150 0.01118559
v -0.03602294 0.05972957 0.01009039
v -0.00074712 0.06899840 0.00819097
v -0.00223748 0.06898627 0.00819097
v -0.00372784 0.06954435 0.00967818
v -0.00372784 0.06894988 0.00819097
v -0.01811059 0.06857682 0.01325880
v -0.01861138 0.06876183 0.01410748
v -0.01981329 0.06863142 0.01457223
v -0.01910416 0.06845550 0.01358210
v -0.02229321 0.06851920 0.01609581
v -0.00819490 0.07012668 0.01162206
v -0.00968526 0.06910153 0.00967818
v -0.00968927 0.06973543 0.01123813
v -0.00846333 0.06846157 0.00758477
v -0.00968526 0.06788530 0.00669972
v -0.00670454 0.06884979 0.00819097
v -0.00670454 0.06823713 0.00665930
v -0.00670454 0.06760930 0.00521251
v -0.00819490 0.06749707 0.00521251
v -0.00805869 0.06821287 0.00684520
v -0.00670454 0.06987494 0.01075721
v -0.00670454 0.06944426 0.00967818
v -0.01349930 0.06854042 0.01037329
v -0.01113155 0.06876790 0.00963372
v -0.01492956 0.06703909 0.00742716
v -0.01258986 0.06968993 0.01276171
v -0.01630774 0.06850100 0.01196153
v -0.01574285 0.06885889 0.01253944
v -0.00521419 0.06949582 0.00967818
v -0.03990507 0.05633262 0.00790403
v -0.03006150 0.06534971 0.01609581
v -0.03141965 0.06412438 0.01469347
v -0.02949260 0.06564695 0.01609581
v -0.02682037 0.06703606 0.01609581
v -0.02847900 0.06563178 0.01465710
v -0.02758558 0.06589262 0.01415597
v -0.02758558 0.06527389 0.01257581
v -0.02672422 0.06549530 0.01202619
v -0.02564251 0.06570458 0.01116943
v -0.02534203 0.06554990 0.01040157
v -0.02912402 0.06383321 0.01104415
v -0.03159994 0.06273224 0.01152911
v -0.03118728 0.06251083 0.01053494
v -0.03212877 0.06158577 0.00958119
v -0.03357105 0.06081538 0.00958119
v -0.03410390 0.06098827 0.01061173
v -0.03269767 0.06103376 0.00902348
v -0.03462071 0.05977507 0.00855065
v -0.03653975 0.05854670 0.00814651
v -0.03706859 0.05800077 0.00762114
v -0.03797803 0.05700897 0.00669972
v -0.03950845 0.05589283 0.00665122
v -0.03847481 0.05644181 0.00620668
v -0.03735705 0.05519525 0.00283621
v -0.03874724 0.05513458 0.00443657
v -0.00223748 0.06859805 0.00727763
v -0.00372784 0.06858592 0.00729783
v -0.00521419 0.06856166 0.00734633
v -0.00521419 0.06890135 0.00819097
v -0.01720516 0.06735149 0.00957714
v -0.02007370 0.06727263 0.01113710
v -0.02133970 0.06714828 0.01160993
v -0.02233327 0.06702697 0.01192111
v -0.02022994 0.06835844 0.01410748
v -0.02079885 0.06850706 0.01493595
v -0.00819490 0.06934114 0.00967818
v -0.01266197 0.06784587 0.00819097
v -0.00897614 0.06703909 0.00445274
v -0.00955706 0.06725443 0.00519634
v -0.01117562 0.06713615 0.00572980
v -0.00521419 0.06824926 0.00659868
v -0.00521419 0.06762446 0.00521251
v -0.00670454 0.06714525 0.00425471
v -0.00819490 0.06709369 0.00435170
v -0.01564269 0.06776398 0.00967818
v -0.01197288 0.06704213 0.00592782
v -0.01415233 0.06614739 0.00521251
v -0.01496562 0.06555899 0.00443253
v -0.01551448 0.06659628 0.00684116
v -0.02159611 0.06576523 0.00849003
v -0.02263375 0.06562268 0.00877292
v -0.02311451 0.06588049 0.00960139
v -0.02159611 0.06630814 0.00967818
v -0.01774601 0.06699967 0.00901540
v -0.01551448 0.06721197 0.00821117
v -0.04046997 0.05533779 0.00709981
v -0.02661205 0.06713615 0.01609581
v -0.02551831 0.06712098 0.01464093
v -0.02650788 0.06687834 0.01528350
v -0.02616333 0.06599574 0.01257581
v -0.02603513 0.06667210 0.01414385
v -0.02500150 0.06693597 0.01364676
v -0.02457682 0.06611403 0.01116943
v -0.02457682 0.06568637 0.01012272
v -0.02457682 0.06530725 0.00937912
v -0.02425632 0.06423054 0.00709981
v -0.02415215 0.06271101 0.00418601
v -0.02524989 0.06401823 0.00750394
v -0.02581478 0.06429423 0.00849811
v -0.02680835 0.06404856 0.00893457
v -0.02977705 0.06255633 0.00894670
v -0.03414797 0.05952333 0.00756052
v -0.03315439 0.05978720 0.00705535
v -0.03359509 0.05932012 0.00661485
v -0.03458866 0.05826767 0.00563281
v -0.03557823 0.05800077 0.00612585
v -0.03653975 0.05776722 0.00665526
v -0.03504939 0.05776116 0.00516401
v -0.03648767 0.05700595 0.00521655
v -0.03698045 0.05646303 0.00471947
v -0.04010540 0.05501933 0.00610564
v -0.03648767 0.05618400 0.00372934
v -0.03548208 0.05645697 0.00323630
v -0.03639953 0.05540452 0.00229467
v -0.03683221 0.05488285 0.00184204
v -0.03755736 0.05388802 0.00115097
v -0.03795399 0.05435207 0.00226638
v -0.03835062 0.05481309 0.00344645
v -0.03894756 0.05382130 0.00269476
v -0.03994114 0.05338455 0.00334945
v -0.03584265 0.04924450 -0.00604260
v -0.00372784 0.06762446 0.00521251
v -0.02054244 0.06695417 0.01061576
v -0.02174034 0.06686621 0.01113710
v -0.02308647 0.06654774 0.01116943
v -0.02308647 0.06692991 0.01219189
v -0.02308647 0.06763356 0.01414789
v -0.02457682 0.06777915 0.01563914
v -0.02317460 0.06829779 0.01609581
v -0.00968526 0.06534971 0.00181375
v -0.00968526 0.06578039 0.00256140
v -0.01152818 0.06395757 0.00016085
v -0.01266197 0.06382108 0.00039524
v -0.01184067 0.06552260 0.00300998
v -0.01266197 0.06542251 0.00317972
v -0.01415233 0.06524356 0.00350302
v -0.01415233 0.06566212 0.00424663
v -0.00996971 0.06691778 0.00468713
v -0.00755389 0.06555595 0.00145811
v -0.00819490 0.06433366 -0.00050193
v -0.00819490 0.06390297 -0.00124554
v -0.00968526 0.06417595 -0.00021904
v -0.00372784 0.06715132 0.00423855
v -0.00521419 0.06715132 0.00424259
v -0.00670454 0.06672972 0.00350707
v -0.01117562 0.06677219 0.00498215
v -0.01778608 0.06402429 0.00302615
v -0.01862340 0.06390601 0.00325246
v -0.01595919 0.06541947 0.00470330
v -0.01785819 0.06553473 0.00596824
v -0.01862340 0.06580163 0.00692603
v -0.01726926 0.06598665 0.00655827
v -0.01553452 0.06578647 0.00520442
v -0.01564269 0.06431243 0.00252098
v -0.01679251 0.06416078 0.00278367
v -0.01961297 0.06262912 0.00136516
v -0.01862340 0.06542554 0.00617839
v -0.02159611 0.06538611 0.00774238
v -0.02362732 0.06548317 0.00905177
v -0.01862340 0.06689048 0.00928213
v -0.02604314 0.06739698 0.01609581
v -0.02603513 0.06727263 0.01572401
v -0.02400792 0.06707852 0.01327092
v -0.02453275 0.06725140 0.01414385
v -0.02355921 0.06396970 0.00610564
v -0.02403997 0.06117025 0.00130454
v -0.02571062 0.06275044 0.00561260
v -0.02347508 0.06244107 0.00319588
v -0.02240939 0.06109745 -0.00004526
v -0.02340296 0.06089121 0.00031442
v -0.02615131 0.06308710 0.00660677
v -0.02726908 0.06278380 0.00703919
v -0.02826265 0.06254116 0.00747969
v -0.02878749 0.06280807 0.00847386
v -0.03122734 0.06104286 0.00749990
v -0.03116325 0.05952333 0.00457398
v -0.03210874 0.06010870 0.00661485
v -0.03210874 0.05932012 0.00512764
v -0.03355904 0.05856794 0.00516401
v -0.03408387 0.05799773 0.00463864
v -0.04030571 0.05370604 0.00434362
v -0.03309029 0.05826767 0.00416176
v -0.03355904 0.05774599 0.00368893
v -0.03448850 0.05672690 0.00277963
v -0.03583864 0.05516188 0.00141770
v -0.03605899 0.05382130 -0.00026754
v -0.03705256 0.05349373 0.00015680
v -0.03855094 0.05347250 0.00170059
v -0.03766553 0.05250194 -0.00043727
v -0.03811024 0.05298722 0.00060943
v -0.04050602 0.05239275 0.00261797
v -0.03424012 0.05063665 -0.00594560
v -0.03735705 0.04926270 -0.00458368
v -0.03631540 0.04974798 -0.00504439
v -0.03579457 0.05068518 -0.00451497
v -0.03500132 0.05033032 -0.00561017
v -0.00074712 0.06761536 0.00521251
v -0.00074712 0.06714525 0.00423855
v -0.01053461 0.06407586 -0.00004526
v -0.00968526 0.06373009 -0.00096669
v -0.01564269 0.06271101 -0.00023925
v -0.01653610 0.06259879 -0.00006143
v -0.01418438 0.06369370 0.00081554
v -0.01371163 0.06412438 0.00136112
v -0.01418438 0.06445195 0.00213301
v -0.01470520 0.06400307 0.00157127
v -0.00670454 0.06514954 0.00069026
v -0.00670454 0.06440645 -0.00063126
v -0.00670454 0.06398184 -0.00137486
v -0.00790244 0.06265035 -0.00310455
v -0.00831910 0.06309013 -0.00237711
v -0.00889601 0.06255329 -0.00297119
v -0.00968526 0.06246837 -0.00284590
v -0.00968526 0.06298397 -0.00210230
v 0.00014629 0.06675702 0.00349898
v -0.00074712 0.06675399 0.00349494
v -0.00074712 0.06559539 0.00138537
v 0.00014629 0.06518593 0.00063772
v -0.00223748 0.06517380 0.00065389
v -0.02060254 0.06248960 0.00162381
v -0.02159611 0.06234705 0.00189458
v -0.02256965 0.06411529 0.00583083
v -0.01564269 0.06329031 0.00074280
v -0.01707295 0.06289602 0.00068622
v -0.01862340 0.06275953 0.00113885
v -0.02307445 0.06439129 0.00664314
v -0.02455278 0.06061521 0.00078321
v -0.02960478 0.05948693 0.00313931
v -0.02908395 0.06003894 0.00366872
v -0.02761764 0.06156454 0.00513976
v -0.02670419 0.06251083 0.00604906
v -0.01862340 0.06233188 0.00039524
v -0.02159611 0.06120664 -0.00021904
v -0.02159611 0.06072136 -0.00096264
v -0.02159611 0.05997524 -0.00204168
v -0.02276596 0.05977507 -0.00175879
v -0.02308246 0.06033314 -0.00074441
v -0.02457682 0.05985999 -0.00040090
v -0.02542617 0.05963858 -0.00008568
v -0.02871938 0.06127640 0.00558431
v -0.02971295 0.06103376 0.00602886
v -0.03166804 0.05978720 0.00556815
v -0.03016967 0.05976597 0.00412943
v -0.03061438 0.05928069 0.00366872
v -0.03254944 0.05797954 0.00316759
v -0.02702870 0.05969318 0.00130858
v -0.02673223 0.05805232 -0.00143144
v -0.03421207 0.05508909 0.00003556
v -0.03500132 0.05487071 0.00034675
v -0.03544602 0.05345734 -0.00126170
v -0.03568240 0.05209249 -0.00293077
v -0.04010138 0.05203183 0.00162785
v -0.03865911 0.05208036 0.00006789
v -0.04022559 0.05065485 -0.00001293
v -0.03809020 0.05178919 -0.00086161
v -0.03660786 0.05180132 -0.00235286
v -0.03403980 0.05201666 -0.00430887
v -0.03304623 0.05228963 -0.00466046
v -0.03230505 0.05189535 -0.00565463
v -0.04041388 0.04784023 -0.00316921
v -0.03885141 0.04926270 -0.00310455
v -0.04033376 0.04925664 -0.00160926
v -0.03637148 0.05096118 -0.00360163
v -0.01415233 0.06289602 -0.00053022
v -0.01117562 0.06279593 -0.00183961
v -0.01415233 0.06241681 -0.00127383
v -0.02010975 0.06091851 -0.00126170
v -0.02010975 0.06139772 -0.00051406
v -0.01752967 0.06247140 0.00015276
v 0.00014629 0.06443982 -0.00064742
v -0.00372784 0.06398487 -0.00138294
v -0.00223748 0.06344499 -0.00223566
v -0.00074712 0.06276560 -0.00329449
v -0.00223748 0.06276257 -0.00327833
v -0.00372784 0.06275347 -0.00325408
v -0.00670454 0.06338433 -0.00223566
v -0.01117562 0.06229245 -0.00258726
v -0.01415233 0.05939291 -0.00569504
v -0.01266197 0.06084875 -0.00414721
v -0.02021793 0.06012993 -0.00236903
v -0.01979326 0.05970531 -0.00315305
v -0.02078282 0.05955972 -0.00295098
v -0.02021793 0.05919880 -0.00368246
v -0.02159611 0.05943234 -0.00278933
v -0.02319063 0.05919880 -0.00224779
v -0.02375953 0.05954456 -0.00144356
v -0.02088298 0.05512852 -0.00895235
v -0.02457682 0.05934135 -0.00114855
v -0.02573866 0.05830407 -0.00176283
v -0.02991727 0.05518615 -0.00306818
v -0.03091085 0.05491924 -0.00271254
v -0.03046213 0.05550764 -0.00222354
v -0.03157590 0.05527714 -0.00171837
v -0.03256947 0.05500416 -0.00133849
v -0.03496927 0.05409123 -0.00075654
v -0.03468882 0.05238063 -0.00331470
v -0.03342682 0.05283254 -0.00366225
v -0.04055010 0.05094602 0.00074280
v -0.03111517 0.05354226 -0.00436140
v -0.03131549 0.05215315 -0.00597794
v -0.03053425 0.05235636 -0.00623254
v -0.04077445 0.04833461 -0.00223970
v -0.03984498 0.04883202 -0.00260342
v -0.04077445 0.04849536 -0.00205380
v -0.01821876 0.06115811 -0.00162138
v -0.01921234 0.06103073 -0.00143548
v -0.01708096 0.05998131 -0.00379966
v -0.01862340 0.05985999 -0.00338744
v -0.01754169 0.05949300 -0.00434524
v 0.00014629 0.06247140 -0.00374712
v -0.00074712 0.06226516 -0.00403810
v -0.01564269 0.05973867 -0.00469683
v -0.01415233 0.06066980 -0.00387644
v -0.01654812 0.05962342 -0.00453114
v -0.01564269 0.05922003 -0.00544044
v -0.01415233 0.05992672 -0.00495144
v -0.01862340 0.05933831 -0.00413105
v -0.01803047 0.05813725 -0.00601835
v -0.02002963 0.05700897 -0.00675791
v -0.02046632 0.05648730 -0.00729137
v -0.02308647 0.05838596 -0.00336319
v -0.02451673 0.05854064 -0.00225183
v -0.02561446 0.05377580 -0.00763084
v -0.02457682 0.05478276 -0.00702464
v -0.02756155 0.05586553 -0.00373096
v -0.02606718 0.05632048 -0.00410680
v -0.02242943 0.05664805 -0.00601431
v -0.02904389 0.05541059 -0.00335511
v -0.02904389 0.05482219 -0.00409872
v -0.03205265 0.05464627 -0.00222354
v -0.03012160 0.05380007 -0.00468471
v -0.02936039 0.05340578 -0.00567888
v -0.02896377 0.05283860 -0.00664880
v -0.02660403 0.05352103 -0.00731562
v -0.04077445 0.04838010 -0.00218717
v -0.01708096 0.05907444 -0.00510097
v -0.01713305 0.05827070 -0.00618808
v -0.01947675 0.05663592 -0.00748939
v -0.02606718 0.05689979 -0.00336319
v -0.02755353 0.05386982 -0.00626487
v -0.02816650 0.05504663 -0.00438565
v -0.02837083 0.05366055 -0.00600218
v 0.06410931 -0.03882403 0.03766356
v 0.06470361 -0.03798976 0.03649405
v 0.05809494 -0.04767914 0.03728764
v 0.06400630 -0.03869265 0.03866003
v 0.05809494 -0.04767914 0.03714444
v 0.06286919 -0.04067323 0.03649405
v 0.06232243 -0.04136297 0.03500232
v 0.06357443 -0.03952364 0.03500232
v 0.06408158 -0.03877805 0.03500232
v 0.06461645 -0.03798976 0.03500232
v 0.06458475 -0.03789450 0.03360010
v 0.06441835 -0.03789450 0.03201887
v 0.06440250 -0.03789450 0.03188163
v 0.06361009 -0.03789450 0.02629065
v 0.06326936 -0.03789450 0.02446478
v 0.05680729 -0.04945608 0.03649405
v 0.05676766 -0.04940353 0.03797980
v 0.06266712 -0.04039404 0.03879727
v 0.05966787 -0.04482817 0.03878533
v 0.05666862 -0.04925572 0.03877340
v 0.05806325 -0.04762987 0.03615393
v 0.06105062 -0.04317933 0.03456674
v 0.06405384 -0.03874192 0.03419083
v 0.06113778 -0.03883388 0.01914231
v 0.06098723 -0.03860725 0.01814584
v 0.06225111 -0.03826237 0.02159470
v 0.05966787 -0.04035134 0.01763865
v 0.06032557 -0.04096883 0.03898821
v 0.06181530 -0.03947765 0.03897628
v 0.06298409 -0.03947765 0.03884500
v 0.06226696 -0.04128415 0.03351060
v 0.06401422 -0.03868279 0.03319435
v 0.06333672 -0.03947765 0.03201887
v 0.06269486 -0.04041703 0.03201887
v 0.06217980 -0.04087029 0.03041378
v 0.06303164 -0.03962217 0.03041378
v 0.06250072 -0.04013127 0.02904139
v 0.06374876 -0.03828536 0.02904139
v 0.06364179 -0.03812442 0.02755563
v 0.06289693 -0.03923131 0.02755563
v 0.06108232 -0.04173741 0.02672624
v 0.06267110 -0.03889629 0.02483473
v 0.06309899 -0.03813428 0.02443495
v 0.06255223 -0.03872878 0.02384422
v 0.06110609 -0.04027579 0.02222123
v 0.05622487 -0.05019838 0.03649405
v 0.05674389 -0.04936411 0.03500232
v 0.05854265 -0.04681859 0.03500232
v 0.05615355 -0.05014583 0.03797980
v 0.05878830 -0.04536682 0.03886291
v 0.05578508 -0.04981409 0.03884500
v 0.05524229 -0.05076332 0.03879130
v 0.05928355 -0.04576097 0.03500232
v 0.06101100 -0.04311692 0.03351060
v 0.06152210 -0.04237133 0.03351060
v 0.05982239 -0.04057797 0.01861722
v 0.05931525 -0.04132356 0.01861722
v 0.05851096 -0.04251914 0.01865899
v 0.05647844 -0.04600403 0.01976883
v 0.05513927 -0.04771199 0.01927955
v 0.05831682 -0.04203631 0.01713146
v 0.05910923 -0.04089657 0.01713743
v 0.05948562 -0.04007872 0.01664218
v 0.05962429 -0.03879775 0.01478050
v 0.05941034 -0.03997033 0.01625433
v 0.02606985 -0.06926183 0.03895241
v 0.03053902 -0.06628276 0.03895837
v 0.04691806 -0.05585436 0.03897031
v 0.05734216 -0.04543580 0.03897628
v 0.05585640 -0.04841488 0.03895241
v 0.05883585 -0.04394791 0.03896435
v 0.06092383 -0.04299539 0.03201887
v 0.05961240 -0.04473620 0.03103434
v 0.05815438 -0.04627008 0.02781818
v 0.05989767 -0.04366544 0.02755563
v 0.06064253 -0.04256840 0.02755563
v 0.06114571 -0.04182610 0.02755563
v 0.06239375 -0.03997690 0.02755563
v 0.05808702 -0.04617811 0.02683364
v 0.05674786 -0.04788278 0.02606391
v 0.05965995 -0.04331399 0.02498390
v 0.06069800 -0.04117247 0.02308643
v 0.05943807 -0.04299539 0.02308643
v 0.05808702 -0.04468693 0.02235846
v 0.05673201 -0.04636861 0.02159470
v 0.05662503 -0.04622081 0.02075934
v 0.05696973 -0.04547850 0.02019845
v 0.05908545 -0.04235163 0.02015668
v 0.05948166 -0.04156333 0.01969723
v 0.05548001 -0.05099324 0.03649405
v 0.05541661 -0.05094397 0.03500232
v 0.05616147 -0.05010642 0.03500232
v 0.05667258 -0.04926229 0.03351060
v 0.05921224 -0.04566901 0.03351060
v 0.05973919 -0.04492341 0.03351060
v 0.06042858 -0.04394791 0.03351060
v 0.05540869 -0.05091441 0.03797980
v 0.05436271 -0.04990277 0.03895837
v 0.05426762 -0.05131184 0.03884500
v 0.04337996 -0.06122129 0.03880323
v 0.05370898 -0.05221180 0.03877340
v 0.05966787 -0.04481502 0.03201887
v 0.05815041 -0.04328772 0.01917811
v 0.05605846 -0.04679888 0.02019845
v 0.05500060 -0.04630292 0.01625433
v 0.05604261 -0.04532413 0.01720307
v 0.05779779 -0.04278190 0.01713146
v 0.05526606 -0.04789264 0.02010894
v 0.05466779 -0.04863822 0.02010894
v 0.05358616 -0.04762330 0.01497741
v 0.05815438 -0.04180310 0.01625433
v 0.05810287 -0.04023638 0.01337232
v 0.05848719 -0.04099839 0.01569344
v 0.04245285 -0.06032461 0.03895837
v 0.03948132 -0.06181251 0.03895837
v 0.02606985 -0.07023077 0.03883904
v 0.02711187 -0.07012238 0.03879727
v 0.02904930 -0.06882499 0.03883904
v 0.03202875 -0.06628276 0.03894644
v 0.04096709 -0.06032461 0.03896435
v 0.04394653 -0.05883343 0.03896435
v 0.05696973 -0.04819481 0.02904139
v 0.05687860 -0.04807657 0.02755563
v 0.05771855 -0.04683173 0.02741839
v 0.05635958 -0.04881888 0.02755563
v 0.05623279 -0.04862837 0.02606391
v 0.05954505 -0.04314648 0.02399340
v 0.05701727 -0.04700581 0.02462589
v 0.05774232 -0.04538653 0.02294919
v 0.05546416 -0.04818167 0.02159470
v 0.05652202 -0.04755761 0.02416047
v 0.05829305 -0.04349464 0.02010894
v 0.05465987 -0.05173883 0.03649405
v 0.05460836 -0.05168956 0.03500232
v 0.05532945 -0.05086186 0.03351060
v 0.05607827 -0.05000459 0.03351060
v 0.05644674 -0.04894040 0.02904139
v 0.05662503 -0.04919331 0.03253799
v 0.05839606 -0.04661495 0.03201887
v 0.05458855 -0.05166000 0.03797980
v 0.05217171 -0.05366028 0.03874953
v 0.05287695 -0.05139395 0.03894644
v 0.04390691 -0.06028191 0.03886291
v 0.04178327 -0.06259423 0.03875550
v 0.04358995 -0.06140522 0.03797980
v 0.05060671 -0.05507264 0.03867197
v 0.04234983 -0.06175338 0.03883904
v 0.05616940 -0.04463766 0.01625433
v 0.05395462 -0.04665765 0.01414801
v 0.05636750 -0.04435519 0.01625433
v 0.05491344 -0.04892398 0.02159470
v 0.05392293 -0.04943637 0.02010894
v 0.05372879 -0.04925900 0.01912441
v 0.05265508 -0.04815540 0.01414801
v 0.05236981 -0.04788935 0.01296060
v 0.05339994 -0.04740324 0.01414801
v 0.05375256 -0.04636533 0.01310977
v 0.05508777 -0.04465737 0.01346182
v 0.05795627 -0.04151407 0.01523996
v 0.05542850 -0.04365887 0.01265629
v 0.05654975 -0.04163888 0.01202977
v 0.05788496 -0.03992107 0.01238181
v 0.05838021 -0.03944481 0.01278756
v 0.05925186 -0.03789122 0.01243551
v 0.03798764 -0.06330369 0.03893450
v 0.04096709 -0.06181251 0.03892257
v 0.03004377 -0.06862464 0.03879727
v 0.02606985 -0.07073002 0.03797980
v 0.02759127 -0.07023735 0.03786643
v 0.03297963 -0.06712032 0.03879130
v 0.03500819 -0.06576709 0.03882710
v 0.05561868 -0.04972541 0.02755563
v 0.05548793 -0.04957760 0.02606391
v 0.05530568 -0.04938053 0.02457218
v 0.05518286 -0.04923930 0.02353991
v 0.05505211 -0.04908821 0.02254344
v 0.05558302 -0.04851998 0.02306256
v 0.04918434 -0.05662622 0.03740101
v 0.05308298 -0.05314789 0.03649405
v 0.04915264 -0.05660323 0.03570642
v 0.04911302 -0.05656710 0.03471591
v 0.04904963 -0.05650798 0.03351060
v 0.04812251 -0.05701380 0.03053311
v 0.05451327 -0.05160745 0.03351060
v 0.05523436 -0.05076661 0.03201887
v 0.05301959 -0.05307892 0.03797980
v 0.05073350 -0.05519088 0.03768146
v 0.05227473 -0.05375225 0.03797980
v 0.04096709 -0.06272560 0.03880920
v 0.03885136 -0.06410512 0.03876744
v 0.03033300 -0.06878229 0.03797980
v 0.02832028 -0.07001399 0.03729957
v 0.03904947 -0.06421022 0.03797980
v 0.04191797 -0.06267634 0.03797980
v 0.04266283 -0.06215081 0.03797980
v 0.04367711 -0.06148077 0.03649405
v 0.05310279 -0.05017867 0.02010894
v 0.05064633 -0.05214283 0.01935115
v 0.05219152 -0.05070091 0.01923778
v 0.05416461 -0.04966300 0.02159470
v 0.05334843 -0.05040859 0.02159470
v 0.04996882 -0.05148264 0.01625433
v 0.05187852 -0.04974840 0.01625433
v 0.05233019 -0.04933783 0.01625433
v 0.05184682 -0.04890099 0.01414801
v 0.05083651 -0.04933455 0.01304414
v 0.05146647 -0.04849042 0.01251308
v 0.05209643 -0.04763644 0.01197010
v 0.05294431 -0.04700253 0.01254292
v 0.05352276 -0.04604344 0.01211927
v 0.05521455 -0.04334684 0.01170159
v 0.05686276 -0.04060096 0.01116456
v 0.05764328 -0.03944481 0.01114666
v 0.05821777 -0.03892585 0.01162998
v 0.02606985 -0.07095665 0.03649405
v 0.05516304 -0.05069435 0.03092693
v 0.05502833 -0.05056953 0.02904139
v 0.05491344 -0.05047100 0.02755563
v 0.05475099 -0.05032320 0.02606391
v 0.05454100 -0.05012284 0.02457218
v 0.04441801 -0.06083371 0.03649405
v 0.04685070 -0.05868891 0.03649405
v 0.04759556 -0.05803200 0.03649405
v 0.04754010 -0.05797945 0.03500232
v 0.04830477 -0.05716488 0.03351060
v 0.04654166 -0.05841301 0.03053311
v 0.04728257 -0.05775939 0.03053311
v 0.04801158 -0.05691198 0.02904139
v 0.04876040 -0.05624522 0.02904139
v 0.05114951 -0.05409056 0.02904139
v 0.02767844 -0.07030304 0.03656565
v 0.02832028 -0.07001399 0.03711461
v 0.03500819 -0.06647655 0.03649405
v 0.03626020 -0.06580979 0.03649405
v 0.03988149 -0.06386206 0.03649405
v 0.04096709 -0.06327084 0.03649405
v 0.04197344 -0.06271247 0.03649405
v 0.04271830 -0.06222636 0.03649405
v 0.04359787 -0.06141179 0.03500232
v 0.05078500 -0.05226436 0.02010894
v 0.04910510 -0.05358474 0.01950032
v 0.05178343 -0.05182423 0.02159470
v 0.04890700 -0.05341066 0.01861722
v 0.04881191 -0.05253040 0.01625433
v 0.04920019 -0.05217896 0.01625433
v 0.05366540 -0.05068778 0.02368908
v 0.05296412 -0.05118374 0.02314609
v 0.05127233 -0.05271105 0.02308643
v 0.04897435 -0.05197860 0.01528172
v 0.05110196 -0.04957760 0.01414801
v 0.04366523 -0.05552918 0.01265629
v 0.04837609 -0.05136439 0.01271596
v 0.05055916 -0.04908821 0.01205363
v 0.04953299 -0.05099324 0.01414801
v 0.04795611 -0.05240231 0.01414801
v 0.04309469 -0.05650469 0.01361696
v 0.05252037 -0.04662809 0.01116456
v 0.04773820 -0.05071405 0.01029936
v 0.04927151 -0.04926886 0.01023970
v 0.05078103 -0.04780067 0.01020986
v 0.05064633 -0.04618468 0.00744122
v 0.05225095 -0.04631606 0.01021583
v 0.05332862 -0.04550477 0.01102733
v 0.05496890 -0.04300524 0.01070511
v 0.05697369 -0.03947437 0.00975041
v 0.05799193 -0.03858425 0.01063351
v 0.02470295 -0.07133438 0.03649405
v 0.02744071 -0.07032274 0.03500232
v 0.02458013 -0.07118657 0.03351060
v 0.02606985 -0.07077272 0.03351060
v 0.02725450 -0.07022749 0.03201887
v 0.02734959 -0.07027676 0.03351060
v 0.05334051 -0.05188664 0.02755563
v 0.05318203 -0.05173883 0.02606391
v 0.05227473 -0.05226436 0.02484070
v 0.05379614 -0.05080602 0.02457218
v 0.04425953 -0.06069576 0.03351060
v 0.04335619 -0.06120158 0.03053311
v 0.04410105 -0.06055124 0.03053311
v 0.04745293 -0.05791048 0.03351060
v 0.04327695 -0.06113261 0.02949488
v 0.04716370 -0.05765757 0.02904139
v 0.04785706 -0.05677074 0.02755563
v 0.04860192 -0.05611383 0.02755563
v 0.04944187 -0.05537153 0.02755563
v 0.05102272 -0.05397232 0.02755563
v 0.03202875 -0.06795459 0.03500232
v 0.03329263 -0.06729768 0.03500232
v 0.03403750 -0.06691011 0.03500232
v 0.03411277 -0.06694952 0.03649405
v 0.02809445 -0.06989575 0.03351060
v 0.03027753 -0.06876587 0.03351060
v 0.03500819 -0.06639443 0.03500232
v 0.03691789 -0.06535981 0.03500232
v 0.04096709 -0.06315260 0.03500232
v 0.04171195 -0.06256138 0.03274087
v 0.04164063 -0.06251869 0.03174439
v 0.04245285 -0.06185520 0.03053311
v 0.05103857 -0.05249427 0.02159470
v 0.04190212 -0.05974325 0.01895137
v 0.04816214 -0.05407742 0.01861722
v 0.05020655 -0.05323986 0.02159470
v 0.04862569 -0.05464893 0.02159470
v 0.04617320 -0.05660323 0.02084287
v 0.04372466 -0.05855425 0.02010894
v 0.04288471 -0.05929655 0.02010894
v 0.04970337 -0.05412669 0.02308643
v 0.04762726 -0.05359787 0.01625433
v 0.05281356 -0.05166657 0.02443495
v 0.05059086 -0.05358145 0.02402323
v 0.04748463 -0.05346650 0.01563377
v 0.04208438 -0.05693497 0.01265629
v 0.04463593 -0.05358145 0.01050821
v 0.04618508 -0.05214940 0.01040080
v 0.04637922 -0.05380809 0.01414801
v 0.04154555 -0.05794332 0.01374823
v 0.04541645 -0.05253369 0.00981008
v 0.04589982 -0.05189320 0.00941030
v 0.04644262 -0.05090127 0.00851526
v 0.04743708 -0.05043487 0.00930886
v 0.04703692 -0.05001773 0.00801404
v 0.04782140 -0.04782038 0.00572275
v 0.04900208 -0.04603687 0.00469645
v 0.04919226 -0.04472962 0.00291831
v 0.05261546 -0.04545551 0.00970268
v 0.05049181 -0.04450628 0.00470838
v 0.05233812 -0.04496940 0.00856896
v 0.05087217 -0.04351435 0.00405799
v 0.05505607 -0.04163888 0.00902842
v 0.05532153 -0.04201332 0.01002489
v 0.05641505 -0.03996376 0.00930886
v 0.05676370 -0.03897183 0.00863460
v 0.02458013 -0.07108804 0.03201887
v 0.02606985 -0.07067747 0.03201887
v 0.02799936 -0.06984648 0.03201887
v 0.02709998 -0.07015195 0.03053311
v 0.05243717 -0.05240887 0.02606391
v 0.05072557 -0.05369970 0.02501970
v 0.04257171 -0.06154974 0.02901156
v 0.04227852 -0.06148077 0.02755563
v 0.04187835 -0.06119173 0.02457218
v 0.04175949 -0.06109976 0.02366522
v 0.04315016 -0.06102422 0.02849840
v 0.04471913 -0.05960530 0.02817619
v 0.04628414 -0.05818966 0.02785398
v 0.04773027 -0.05665907 0.02654126
v 0.04904963 -0.05502008 0.02425594
v 0.05000844 -0.05456025 0.02606391
v 0.02904930 -0.06929797 0.03201887
v 0.03318566 -0.06724513 0.03351060
v 0.03382355 -0.06679515 0.03201887
v 0.03500819 -0.06615794 0.03201887
v 0.04107802 -0.06286356 0.03215611
v 0.04154158 -0.06246941 0.03053311
v 0.04136725 -0.06236759 0.02904139
v 0.04242115 -0.05911262 0.01851578
v 0.04341166 -0.05827834 0.01861722
v 0.04213588 -0.05994032 0.02010894
v 0.04094331 -0.06074832 0.02000154
v 0.04109387 -0.06014396 0.01851578
v 0.04042033 -0.05971040 0.01600372
v 0.04166837 -0.05954617 0.01795490
v 0.04198533 -0.05833418 0.01563377
v 0.04699730 -0.05444200 0.01695842
v 0.04887530 -0.05486242 0.02308643
v 0.04629998 -0.05671490 0.02159470
v 0.04462404 -0.05803857 0.02103978
v 0.04308281 -0.05947392 0.02130829
v 0.04318186 -0.05752947 0.01625433
v 0.04178327 -0.05815025 0.01474470
v 0.04673977 -0.05412669 0.01563377
v 0.04123650 -0.05767727 0.01265629
v 0.04181892 -0.05669519 0.01173739
v 0.04048768 -0.05830462 0.01265629
v 0.04101859 -0.05855753 0.01420768
v 0.04307885 -0.05500694 0.01062158
v 0.04490931 -0.05233333 0.00858686
v 0.04458442 -0.05204758 0.00760233
v 0.04611376 -0.05059581 0.00753072
v 0.05059482 -0.04313006 0.00306748
v 0.05024616 -0.04398404 0.00362837
v 0.04793234 -0.04643759 0.00372384
v 0.04767480 -0.04618796 0.00296605
v 0.04824930 -0.04528143 0.00244693
v 0.04882380 -0.04435191 0.00192781
v 0.04927943 -0.04335997 0.00133112
v 0.04952111 -0.04389207 0.00235146
v 0.05514323 -0.04026594 0.00739349
v 0.05482231 -0.04131699 0.00819305
v 0.05536907 -0.04057140 0.00819305
v 0.05614167 -0.03947437 0.00816322
v 0.05648636 -0.03856783 0.00764409
v 0.02458013 -0.07094352 0.03053311
v 0.02606985 -0.07052638 0.03053311
v 0.02784484 -0.06976437 0.03053311
v 0.02693358 -0.07006655 0.02940537
v 0.04104633 -0.06140522 0.02313416
v 0.04159705 -0.06099794 0.02266874
v 0.04253209 -0.06002900 0.02172001
v 0.04233399 -0.06050855 0.02313416
v 0.04111765 -0.06222636 0.02755563
v 0.04321356 -0.05958888 0.02229880
v 0.04331657 -0.05967756 0.02308643
v 0.04444971 -0.05937209 0.02606391
v 0.04760349 -0.05655068 0.02554479
v 0.04747671 -0.05644229 0.02457218
v 0.04406143 -0.05904036 0.02308643
v 0.03016659 -0.06871331 0.03201887
v 0.03202875 -0.06757687 0.03053311
v 0.03202875 -0.06773781 0.03201887
v 0.03367299 -0.06671632 0.03053311
v 0.03584814 -0.06558972 0.03086129
v 0.03874439 -0.06405585 0.03121334
v 0.03798764 -0.06453539 0.03201887
v 0.03864930 -0.06400001 0.03021687
v 0.04062239 -0.06277487 0.02904139
v 0.04037675 -0.06264349 0.02755563
v 0.03719524 -0.06402300 0.02546722
v 0.04263906 -0.05800901 0.01625433
v 0.04141480 -0.06087970 0.02159470
v 0.04018261 -0.06104721 0.01943468
v 0.04043221 -0.06118516 0.02042519
v 0.04014695 -0.05953632 0.01501322
v 0.04024996 -0.05811083 0.01186866
v 0.04334034 -0.05374897 0.00870620
v 0.03986168 -0.05937209 0.01414801
v 0.04396635 -0.05290484 0.00815725
v 0.04013902 -0.05503979 0.00608673
v 0.04427142 -0.05176182 0.00670729
v 0.04443783 -0.05041516 0.00482772
v 0.04508760 -0.05101952 0.00670729
v 0.04170007 -0.05361430 0.00597336
v 0.04242115 -0.05255668 0.00532297
v 0.04324129 -0.05217896 0.00589579
v 0.04630394 -0.04928200 0.00577049
v 0.05037691 -0.04256183 0.00210681
v 0.05093952 -0.04213813 0.00251853
v 0.05362181 -0.03873206 0.00297798
v 0.05193399 -0.04142866 0.00331213
v 0.05438649 -0.03950393 0.00517977
v 0.04614150 -0.04763973 0.00302572
v 0.04727464 -0.04583323 0.00196958
v 0.04782932 -0.04483801 0.00130725
v 0.04924377 -0.04183595 -0.00010691
v 0.05060275 -0.04016741 0.00005420
v 0.05061859 -0.04167501 0.00152803
v 0.04834042 -0.04388222 0.00082393
v 0.04786498 -0.04341253 -0.00022624
v 0.04454480 -0.04006559 -0.00729702
v 0.04784121 -0.04193120 -0.00170603
v 0.02458013 -0.07073659 0.02904139
v 0.02618475 -0.07025705 0.02896382
v 0.02675925 -0.06998772 0.02841487
v 0.02530518 -0.07000086 0.02535385
v 0.03280926 -0.06704477 0.02966791
v 0.03210403 -0.06732396 0.02911896
v 0.02767844 -0.06888083 0.02451848
v 0.02755958 -0.06919614 0.02606391
v 0.02755958 -0.06943920 0.02755563
v 0.03943378 -0.06227891 0.02294322
v 0.04066597 -0.06131983 0.02159470
v 0.04023807 -0.06256795 0.02676203
v 0.03573325 -0.06552732 0.02986482
v 0.03515083 -0.06591489 0.03043168
v 0.03948132 -0.06338909 0.02904139
v 0.03650188 -0.06474888 0.02755563
v 0.03735372 -0.06410840 0.02645773
v 0.03704468 -0.06393760 0.02457218
v 0.03798764 -0.06340879 0.02457218
v 0.03629982 -0.06435145 0.02457218
v 0.03726655 -0.06257124 0.01931535
v 0.03648603 -0.06280772 0.01873656
v 0.03598285 -0.06267963 0.01751334
v 0.03992904 -0.06090926 0.01861722
v 0.03821744 -0.06228219 0.02010894
v 0.03872854 -0.06255809 0.02235250
v 0.03856213 -0.06246941 0.02159470
v 0.03781727 -0.06287013 0.02159470
v 0.03824121 -0.06080087 0.01563377
v 0.03725467 -0.06107348 0.01487597
v 0.03911682 -0.05978923 0.01414801
v 0.03950906 -0.06032132 0.01625433
v 0.03938228 -0.05905021 0.01273983
v 0.03941001 -0.05834403 0.01128987
v 0.03887513 -0.05670505 0.00722641
v 0.03950906 -0.05588391 0.00665956
v 0.04045995 -0.05531241 0.00708321
v 0.04239738 -0.05432047 0.00828255
v 0.03882363 -0.05962829 0.01329475
v 0.03910097 -0.05542408 0.00521557
v 0.03984979 -0.05477703 0.00521557
v 0.04289263 -0.05186364 0.00490529
v 0.04344336 -0.05087171 0.00416539
v 0.03881174 -0.05518103 0.00438020
v 0.04143461 -0.05337453 0.00521557
v 0.04473101 -0.04771199 0.00143255
v 0.04628017 -0.04627664 0.00136095
v 0.04036089 -0.05374897 0.00430860
v 0.04487365 -0.04634890 -0.00020834
v 0.04442594 -0.04592191 -0.00119885
v 0.04638318 -0.04489385 -0.00022028
v 0.04737765 -0.04440446 0.00031674
v 0.04831665 -0.04084402 -0.00212372
v 0.04944187 -0.03933642 -0.00212372
v 0.05095933 -0.04068308 0.00104471
v 0.04689429 -0.04392492 -0.00072150
v 0.04498459 -0.04201003 -0.00478495
v 0.04355429 -0.04056155 -0.00777437
v 0.04494893 -0.03907365 -0.00774453
v 0.04597509 -0.03997033 -0.00572772
v 0.04451707 -0.04154363 -0.00577546
v 0.04403766 -0.04105423 -0.00678983
v 0.02606985 -0.06960999 0.02457218
v 0.02507142 -0.06994174 0.02457218
v 0.03339168 -0.06665063 0.02911896
v 0.03486556 -0.06585906 0.02904139
v 0.03119672 -0.06697908 0.02411870
v 0.03351847 -0.06632874 0.02755563
v 0.02732582 -0.06878229 0.02308643
v 0.02825689 -0.06848997 0.02398146
v 0.03650188 -0.06498865 0.02904139
v 0.03538459 -0.06534338 0.02755563
v 0.03515875 -0.06522185 0.02606391
v 0.03487349 -0.06513645 0.02468556
v 0.03412070 -0.06546163 0.02426191
v 0.03601455 -0.06419051 0.02308643
v 0.03435050 -0.06409526 0.01921391
v 0.03405334 -0.06393760 0.01821744
v 0.03276965 -0.06404271 0.01639753
v 0.03566589 -0.06251211 0.01652284
v 0.03532119 -0.06381936 0.02010894
v 0.03500819 -0.06472918 0.02308643
v 0.03581645 -0.06408212 0.02220333
v 0.03505574 -0.06435145 0.02166034
v 0.03557873 -0.06246613 0.01625433
v 0.03433861 -0.06259751 0.01479244
v 0.03840762 -0.05940165 0.01229828
v 0.03886721 -0.05816995 0.01025163
v 0.03849874 -0.05645214 0.00623591
v 0.03589965 -0.06114903 0.01320524
v 0.03261117 -0.06247270 0.01213120
v 0.03453275 -0.06121472 0.01160015
v 0.03799556 -0.05619266 0.00519170
v 0.03704468 -0.05649484 0.00467855
v 0.03789651 -0.05542408 0.00381931
v 0.03733787 -0.05517774 0.00288251
v 0.03571343 -0.05211327 -0.00294118
v 0.03730221 -0.05069763 -0.00303069
v 0.04189816 -0.04782695 -0.00167620
v 0.04288867 -0.04739339 -0.00113918
v 0.04332449 -0.04777768 -0.00014867
v 0.04431897 -0.04734084 0.00044205
v 0.04343147 -0.04640146 -0.00173587
v 0.04445764 -0.04446030 -0.00273831
v 0.04635545 -0.03897512 -0.00616927
v 0.04734992 -0.03830836 -0.00557258
v 0.04302734 -0.04155676 -0.00727912
v 0.04594340 -0.03840689 -0.00716575
v 0.04346317 -0.04494969 -0.00325146
v 0.04352260 -0.04202645 -0.00628264
v 0.03579267 -0.05068449 -0.00449854
v 0.03403750 -0.05201473 -0.00430760
v 0.02606985 -0.06933081 0.02308643
v 0.02454051 -0.06981364 0.02310433
v 0.03441389 -0.06561600 0.02606391
v 0.03428314 -0.06555031 0.02525241
v 0.02807068 -0.06839472 0.02308643
v 0.03023791 -0.06725827 0.02308643
v 0.02704847 -0.06863777 0.02188708
v 0.03202875 -0.06630903 0.02308643
v 0.03387505 -0.06533024 0.02308643
v 0.03142256 -0.06560943 0.01912441
v 0.02821331 -0.06697908 0.01803843
v 0.03354224 -0.06435474 0.01867689
v 0.03457633 -0.06421350 0.02010894
v 0.03351847 -0.06477188 0.02010894
v 0.03167612 -0.06574409 0.02010894
v 0.02716734 -0.06721228 0.01713146
v 0.02687018 -0.06705463 0.01625433
v 0.02970303 -0.06558315 0.01625433
v 0.03174348 -0.06428905 0.01563377
v 0.03249231 -0.06389818 0.01563377
v 0.03210799 -0.06589518 0.02158874
v 0.03297567 -0.06266648 0.01312171
v 0.03794406 -0.05913561 0.01119440
v 0.03845120 -0.05793347 0.00926112
v 0.03799556 -0.05697767 0.00671923
v 0.03750427 -0.05674447 0.00566905
v 0.02759127 -0.06527770 0.01256082
v 0.02674736 -0.06550104 0.01200590
v 0.03161670 -0.06273546 0.01152855
v 0.03140671 -0.06411497 0.01472084
v 0.03208025 -0.06228876 0.01108700
v 0.03311038 -0.06125085 0.01003085
v 0.03410089 -0.06098152 0.01060964
v 0.03561042 -0.05801230 0.00612254
v 0.02533292 -0.06256466 0.00446374
v 0.03605021 -0.05675760 0.00421910
v 0.03652962 -0.05618281 0.00372384
v 0.03461595 -0.05828491 0.00560938
v 0.03269437 -0.05953960 0.00603900
v 0.02977039 -0.06105706 0.00598530
v 0.03547175 -0.05644229 0.00322262
v 0.03448124 -0.05671819 0.00280494
v 0.03635528 -0.05535510 0.00232759
v 0.03507951 -0.05292127 -0.00229079
v 0.03382355 -0.05338438 -0.00262494
v 0.03282908 -0.05365700 -0.00301875
v 0.03471896 -0.05239245 -0.00331710
v 0.03637509 -0.05098338 -0.00360351
v 0.03678714 -0.05025422 -0.00402119
v 0.03885929 -0.04926886 -0.00309632
v 0.04242115 -0.04689414 -0.00220129
v 0.04294018 -0.04594162 -0.00272637
v 0.04200910 -0.04348150 -0.00625281
v 0.04149404 -0.04301181 -0.00724332
v 0.03894249 -0.04636861 -0.00614541
v 0.03735372 -0.04925900 -0.00456418
v 0.03343527 -0.05283587 -0.00366318
v 0.02994076 -0.05519088 -0.00307842
v 0.02458013 -0.06946220 0.02159470
v 0.02549536 -0.06858522 0.01907667
v 0.02620456 -0.06889068 0.02146940
v 0.02997245 -0.06712032 0.02197062
v 0.02679094 -0.06850639 0.02089061
v 0.02950889 -0.06687726 0.02010894
v 0.02916024 -0.06743563 0.02152310
v 0.02848273 -0.06712032 0.01902894
v 0.02765466 -0.06742249 0.01856949
v 0.03265871 -0.06547805 0.02109348
v 0.02606985 -0.06774767 0.01713146
v 0.02602231 -0.06823049 0.01859932
v 0.02605400 -0.06744877 0.01625433
v 0.02552705 -0.06712361 0.01461940
v 0.02604212 -0.06667691 0.01413011
v 0.02618079 -0.06601343 0.01256082
v 0.02847084 -0.06562257 0.01466713
v 0.02575289 -0.06576052 0.01142114
v 0.02768240 -0.06458794 0.01105119
v 0.02826086 -0.06402300 0.01047240
v 0.03118880 -0.06250554 0.01053207
v 0.03063411 -0.06234460 0.00955947
v 0.03267455 -0.06101765 0.00904035
v 0.03124030 -0.06104721 0.00749492
v 0.02683849 -0.06256795 0.00593756
v 0.02592722 -0.06272889 0.00535281
v 0.02483766 -0.06381936 0.00643281
v 0.02458409 -0.06274531 0.00415943
v 0.02458409 -0.06228219 0.00341356
v 0.02569742 -0.06125742 0.00267964
v 0.02669189 -0.06100779 0.00308539
v 0.02865310 -0.05975967 0.00269157
v 0.02964756 -0.05950019 0.00311522
v 0.03257551 -0.05798274 0.00316296
v 0.03158500 -0.05824550 0.00273334
v 0.03206044 -0.05766414 0.00223212
v 0.03098673 -0.05792690 0.00173687
v 0.03387109 -0.05638317 0.00180847
v 0.02999226 -0.05819951 0.00133112
v 0.03027753 -0.05686599 -0.00038735
v 0.02911665 -0.05621566 -0.00225499
v 0.03834818 -0.04881559 -0.00409279
v 0.03937831 -0.04832619 -0.00362141
v 0.04139895 -0.04738682 -0.00266670
v 0.04194967 -0.04639489 -0.00320969
v 0.04144253 -0.04593505 -0.00420020
v 0.04048768 -0.04492998 -0.00621104
v 0.04147819 -0.04447344 -0.00572772
v 0.03993696 -0.04592191 -0.00567999
v 0.02801125 -0.05644885 -0.00276217
v 0.02702074 -0.05670505 -0.00310825
v 0.02458013 -0.06909761 0.02010894
v 0.02511104 -0.06846041 0.01808617
v 0.02655322 -0.06840129 0.02010894
v 0.02755958 -0.06789547 0.02010894
v 0.02503576 -0.06694295 0.01362293
v 0.02531707 -0.06553388 0.01043064
v 0.02618079 -0.06535652 0.01102136
v 0.02726639 -0.06428576 0.00993538
v 0.02680679 -0.06404599 0.00893891
v 0.02770617 -0.06314931 0.00804984
v 0.02534876 -0.06405913 0.00742332
v 0.02599061 -0.05990747 0.00078216
v 0.02804691 -0.05944764 0.00170107
v 0.02910873 -0.05922101 0.00220825
v 0.03051129 -0.05849841 0.00223212
v 0.02543593 -0.05963486 -0.00008900
v 0.02756354 -0.05833746 -0.00036348
v 0.02756354 -0.05783165 -0.00110934
v 0.02866498 -0.05679373 -0.00177167
v 0.02504765 -0.05794989 -0.00279201
v 0.02459994 -0.06828962 0.01714936
v 0.02458805 -0.06798743 0.01625433
v 0.02458409 -0.06777394 0.01563377
v 0.02455636 -0.06725498 0.01413011
v 0.02455636 -0.06674260 0.01270999
v 0.02472672 -0.06600029 0.01102136
v 0.02429090 -0.06616123 0.01109296
v 0.06974913 -0.01571515 0.01533156
v 0.06940152 -0.01564260 0.01415005
v 0.06912923 -0.01713099 0.01415005
v 0.06958982 -0.01415187 0.01415005
v 0.06851512 -0.01636574 0.01192001
v 0.06881639 -0.01577834 0.01251266
v 0.06858175 -0.01803666 0.01324968
v 0.06870631 -0.01713099 0.01291916
v 0.06832104 -0.01577834 0.01122858
v 0.06857885 -0.01537348 0.01176425
v 0.06841374 -0.01713099 0.01217454
v 0.06713628 -0.01672613 0.00870981
v 0.06773590 -0.01564260 0.00967857
v 0.06865416 -0.01415187 0.01156670
v 0.06905392 -0.01861002 0.01533156
v 0.06871501 -0.01856790 0.01422603
v 0.06839056 -0.01903126 0.01378154
v 0.06700882 -0.02377960 0.01495925
v 0.06639761 -0.02457996 0.01415005
v 0.06720580 -0.02130831 0.01294195
v 0.06701752 -0.02082155 0.01194660
v 0.06720290 -0.01982928 0.01148692
v 0.06700303 -0.01929103 0.01049156
v 0.06744333 -0.01872469 0.01106142
v 0.06718552 -0.01829643 0.01005467
v 0.06697696 -0.01771839 0.00905932
v 0.06736802 -0.01718482 0.00960638
v 0.06837608 -0.01398338 0.01079549
v 0.06673653 -0.01718482 0.00820453
v 0.06565315 -0.01671443 0.00572755
v 0.06539534 -0.01564260 0.00475119
v 0.06576612 -0.01564260 0.00549581
v 0.06635995 -0.01564260 0.00670011
v 0.06687847 -0.01564260 0.00775245
v 0.06723477 -0.01564260 0.00849706
v 0.06095174 -0.03705810 0.01519859
v 0.06837029 -0.02045881 0.01533156
v 0.06855857 -0.01947591 0.01477310
v 0.06562997 -0.02704189 0.01465913
v 0.06726953 -0.02340516 0.01533156
v 0.06691322 -0.02434828 0.01533156
v 0.06544748 -0.02508545 0.01215935
v 0.06526209 -0.02458464 0.01116020
v 0.06545038 -0.02360408 0.01065872
v 0.06564156 -0.02261182 0.01019524
v 0.06687847 -0.02023882 0.01106142
v 0.06405415 -0.02533352 0.00893015
v 0.06268979 -0.02863325 0.00866042
v 0.06287518 -0.02753568 0.00817414
v 0.06245515 -0.02801777 0.00766507
v 0.06555756 -0.01941038 0.00741433
v 0.06569950 -0.01862172 0.00713700
v 0.06594282 -0.01718014 0.00662413
v 0.06523313 -0.01718014 0.00522228
v 0.06415553 -0.01666763 0.00279468
v 0.06487972 -0.01564260 0.00372165
v 0.06519257 -0.01405826 0.00385462
v 0.06548514 -0.01449121 0.00457644
v 0.06270717 -0.03447916 0.01533156
v 0.05975250 -0.03749806 0.01300654
v 0.06127908 -0.03606350 0.01440459
v 0.06405415 -0.03128941 0.01488327
v 0.06232770 -0.03058032 0.00962918
v 0.06359646 -0.03188149 0.01429062
v 0.06249860 -0.02962551 0.00910111
v 0.06173966 -0.03053586 0.00818934
v 0.06108789 -0.03131516 0.00741433
v 0.06394697 -0.02206655 0.00616444
v 0.06412946 -0.02107429 0.00580733
v 0.06405415 -0.01937294 0.00446246
v 0.06443652 -0.01715206 0.00366466
v 0.05968877 -0.02857942 0.00278708
v 0.05940779 -0.02783055 0.00179553
v 0.06250729 -0.01922316 0.00157898
v 0.06269269 -0.01823090 0.00127886
v 0.06289256 -0.01713099 0.00096733
v 0.06255364 -0.01636574 0.00000617
v 0.06385428 -0.01564260 0.00181832
v 0.06428010 -0.01564260 0.00256294
v 0.06396725 -0.01765989 0.00312900
v 0.06440176 -0.01415187 0.00233879
v 0.06325465 -0.03351030 0.01533156
v 0.06259710 -0.03431534 0.01480729
v 0.05954103 -0.03717511 0.01201119
v 0.06288967 -0.03206169 0.01262663
v 0.06248122 -0.03258123 0.01210616
v 0.06173966 -0.03202425 0.00967857
v 0.06122983 -0.03189788 0.00832610
v 0.06084457 -0.03053586 0.00638479
v 0.06101548 -0.02964423 0.00606187
v 0.06257682 -0.02536628 0.00592510
v 0.06108210 -0.03278717 0.00891116
v 0.06083298 -0.03230742 0.00791581
v 0.05957000 -0.03125197 0.00448906
v 0.05976119 -0.03025971 0.00412815
v 0.06272744 -0.02457996 0.00564777
v 0.05949758 -0.02957168 0.00313280
v 0.05921080 -0.02906385 0.00226661
v 0.05822881 -0.03008419 0.00127886
v 0.05948599 -0.02508311 0.00015814
v 0.05967718 -0.02408851 -0.00014959
v 0.06102706 -0.02073495 0.00006696
v 0.06120666 -0.01974270 -0.00021417
v 0.06093436 -0.01862172 -0.00127791
v 0.06124721 -0.01687591 -0.00176798
v 0.06093147 -0.01595853 -0.00275954
v 0.06109368 -0.01496627 -0.00301407
v 0.06307505 -0.01577834 0.00059883
v 0.06399042 -0.01415187 0.00159418
v 0.06267530 -0.03297907 0.01310151
v 0.06062731 -0.03495656 0.01116400
v 0.06096913 -0.03410472 0.01066252
v 0.05965401 -0.03585755 0.01026742
v 0.05942516 -0.03551822 0.00927207
v 0.05976119 -0.03452596 0.00858824
v 0.06029708 -0.03346349 0.00825392
v 0.05983940 -0.03314756 0.00701163
v 0.05828964 -0.03158195 0.00264652
v 0.05798259 -0.03107879 0.00165496
v 0.05854166 -0.03056394 0.00218303
v 0.05934695 -0.03066691 0.00366846
v 0.05954393 -0.03271228 0.00601628
v 0.05656898 -0.02971210 -0.00144506
v 0.05789858 -0.02930724 0.00028350
v 0.05837075 -0.02890472 0.00076598
v 0.05809846 -0.02831498 -0.00000902
v 0.05849531 -0.02601921 -0.00078023
v 0.05912391 -0.02458230 -0.00068525
v 0.05936723 -0.02308923 -0.00117533
v 0.05953234 -0.02221398 -0.00141847
v 0.05971773 -0.02122172 -0.00169200
v 0.05985967 -0.02308923 -0.00043072
v 0.06072001 -0.02018734 -0.00072704
v 0.06078953 -0.01727609 -0.00225426
v 0.05975539 -0.01833621 -0.00323062
v 0.05990023 -0.01699058 -0.00372450
v 0.06050275 -0.01553495 -0.00359913
v 0.05972063 -0.01564260 -0.00465527
v 0.06065338 -0.01415187 -0.00385746
v 0.06115452 -0.01415187 -0.00311285
v 0.06168752 -0.01415187 -0.00223527
v 0.06234797 -0.01415187 -0.00114114
v 0.06348060 -0.01415187 0.00074319
v 0.06341687 -0.01398338 0.00059503
v 0.05809556 -0.03724298 0.00892635
v 0.05950048 -0.03413982 0.00759668
v 0.05846055 -0.03496359 0.00677609
v 0.05821722 -0.03443937 0.00574654
v 0.05854166 -0.03351264 0.00523367
v 0.05796231 -0.03257420 0.00319738
v 0.05663271 -0.03430598 0.00292765
v 0.05767554 -0.03205701 0.00218303
v 0.05664430 -0.03283163 0.00142702
v 0.05687314 -0.03189320 0.00085716
v 0.05662113 -0.03130814 -0.00002802
v 0.05825778 -0.03301417 0.00418893
v 0.05631117 -0.03053586 -0.00110315
v 0.05520752 -0.02993676 -0.00310905
v 0.05490336 -0.02904513 -0.00418418
v 0.05510902 -0.02828689 -0.00445771
v 0.05676886 -0.02871984 -0.00174139
v 0.05643573 -0.02788203 -0.00273294
v 0.05796231 -0.02648257 -0.00129690
v 0.05815929 -0.02549265 -0.00158943
v 0.05833599 -0.02457996 -0.00184776
v 0.05819985 -0.02262352 -0.00313564
v 0.05919632 -0.02167105 -0.00220867
v 0.05956711 -0.01932847 -0.00296089
v 0.05839393 -0.02160084 -0.00341677
v 0.05787541 -0.02160084 -0.00415759
v 0.05804053 -0.02071857 -0.00439693
v 0.05940199 -0.01739310 -0.00421837
v 0.05958739 -0.01639850 -0.00447291
v 0.06116610 -0.01398338 -0.00312805
v 0.06275931 -0.01398338 -0.00049910
v 0.05816508 -0.03585522 0.00731935
v 0.05787541 -0.03543397 0.00632780
v 0.05659216 -0.03573352 0.00448526
v 0.05636621 -0.03539887 0.00372165
v 0.05687024 -0.03465467 0.00372165
v 0.05496709 -0.03702299 0.00322777
v 0.05530601 -0.03603073 0.00269211
v 0.05360562 -0.03422875 -0.00146026
v 0.05529732 -0.03303289 -0.00025216
v 0.05493522 -0.03249230 -0.00124372
v 0.05357086 -0.03268420 -0.00290770
v 0.05488887 -0.03093136 -0.00267596
v 0.05436746 -0.03052884 -0.00372070
v 0.05384605 -0.03012398 -0.00473505
v 0.05411835 -0.02900769 -0.00522132
v 0.05373597 -0.02848581 -0.00608371
v 0.05476721 -0.02769716 -0.00521373
v 0.05530021 -0.02729229 -0.00471985
v 0.05667327 -0.02402065 -0.00456409
v 0.05648208 -0.02501290 -0.00429436
v 0.05702667 -0.02454252 -0.00377009
v 0.05782327 -0.02457996 -0.00259238
v 0.05764367 -0.02310795 -0.00367131
v 0.05682969 -0.03757061 0.00705342
v 0.05654002 -0.03714936 0.00606187
v 0.05634883 -0.03658771 0.00507411
v 0.05227022 -0.03594180 -0.00167301
v 0.05257149 -0.03495422 -0.00219728
v 0.05225284 -0.03442533 -0.00312045
v 0.05351293 -0.03111858 -0.00432475
v 0.05342602 -0.02948041 -0.00572660
v 0.04772235 -0.03731084 -0.00601913
v 0.05092904 -0.03763380 -0.00184776
v 0.05189365 -0.03541759 -0.00266456
v 0.05090007 -0.03608924 -0.00328761
v 0.05048873 -0.03552056 -0.00427536
v 0.05182702 -0.03381453 -0.00411200
v 0.05001367 -0.03664153 -0.00386126
v 0.04801781 -0.03788888 -0.00514534
v 0.04948936 -0.03788888 -0.00337119
v -0.04098083 0.06063377 0.01968444
v -0.04094948 0.06075670 0.02000290
v -0.04078131 0.05414779 0.00567781
v -0.04078131 0.05655563 0.00968133
v -0.04078131 0.05715940 0.01086988
v -0.04078131 0.05939732 0.01565249
v -0.04110340 0.06015654 0.01849021
v -0.04190435 0.05974801 0.01890535
v -0.04144830 0.06090854 0.02159521
v -0.04459226 0.04162051 -0.00586074
v -0.04356327 0.04352220 -0.00480868
v -0.04141124 0.04739427 -0.00267612
v -0.04189865 0.04783534 -0.00168093
v -0.04233477 0.04829811 -0.00060043
v -0.04361458 0.04952372 0.00249319
v -0.04460651 0.04907903 0.00309031
v -0.04306161 0.05051795 0.00316992
v -0.04150530 0.05194964 0.00326091
v -0.04342075 0.05083972 0.00415943
v -0.04202977 0.05390194 0.00701421
v -0.04146540 0.05489617 0.00780468
v -0.04336660 0.05376818 0.00869751
v -0.04180744 0.05519263 0.00879419
v -0.04464927 0.05358740 0.01048886
v -0.04309011 0.05501548 0.01061397
v -0.04368299 0.05553248 0.01265554
v -0.04122882 0.05766917 0.01265554
v -0.04153381 0.05793309 0.01370760
v -0.04181600 0.05818255 0.01470279
v -0.04100649 0.05858747 0.01417960
v -0.04096088 0.05920570 0.01551032
v -0.04150245 0.05941539 0.01712538
v -0.04169058 0.05956363 0.01791016
v -0.04242312 0.05913701 0.01849021
v -0.04342645 0.05829462 0.01861532
v -0.04276517 0.05925632 0.01968444
v -0.04205828 0.05987816 0.01968444
v -0.04213808 0.05994685 0.02010527
v -0.04164212 0.06102423 0.02251079
v -0.04557278 0.04111436 -0.00534893
v -0.04607730 0.04160243 -0.00435373
v -0.04508537 0.04209051 -0.00487123
v -0.04455235 0.04308112 -0.00432530
v -0.04407634 0.04257135 -0.00533755
v -0.04295900 0.04595896 -0.00272162
v -0.04342075 0.04638196 -0.00173211
v -0.04486020 0.04633135 -0.00018530
v -0.04332099 0.04777027 -0.00013412
v -0.04628253 0.04626627 0.00137289
v -0.04507682 0.04801249 0.00223160
v -0.04615141 0.04763649 0.00301638
v -0.04441553 0.05039503 0.00484754
v -0.04457516 0.05202918 0.00761133
v -0.04322408 0.05214848 0.00592803
v -0.04397088 0.05290049 0.00815158
v -0.04492290 0.05233648 0.00860084
v -0.04591768 0.05189179 0.00938562
v -0.04542742 0.05254618 0.00980075
v -0.04440983 0.05337771 0.00968133
v -0.04643930 0.05236179 0.01116559
v -0.04494000 0.05384048 0.01148405
v -0.04442694 0.05488171 0.01265554
v -0.04465782 0.05508417 0.01346307
v -0.05231962 0.04931403 0.01601645
v -0.04203832 0.05838139 0.01563543
v -0.04620842 0.05364887 0.01334364
v -0.04250578 0.05858024 0.01720499
v -0.04324973 0.05813193 0.01775661
v -0.04480318 0.05670024 0.01761444
v -0.04417325 0.05762940 0.01861532
v -0.04288203 0.05929608 0.02010527
v -0.04077846 0.06226431 0.02596838
v -0.04307871 0.05946962 0.02124263
v -0.04253144 0.06006616 0.02168052
v -0.04236611 0.06056147 0.02303967
v -0.04181029 0.06113993 0.02350030
v -0.04088677 0.06222092 0.02604230
v -0.04606305 0.04006590 -0.00582662
v -0.04554429 0.04256051 -0.00384192
v -0.04648206 0.04060820 -0.00483143
v -0.04748254 0.04147227 -0.00274436
v -0.04926687 0.04333419 0.00135014
v -0.04787304 0.04341012 -0.00024217
v -0.04781888 0.04482373 0.00132740
v -0.04645070 0.04345712 -0.00178898
v -0.04395663 0.04543835 -0.00224393
v -0.04441553 0.04591196 -0.00118049
v -0.04922697 0.04475504 0.00289127
v -0.04769347 0.04619758 0.00294814
v -0.04683835 0.04652658 0.00236808
v -0.04631389 0.04927426 0.00576880
v -0.04612006 0.05059026 0.00753171
v -0.04552433 0.05146518 0.00806628
v -0.04646495 0.05090118 0.00852691
v -0.04745689 0.05044926 0.00928325
v -0.04931533 0.04928872 0.01018177
v -0.04775902 0.05072403 0.01027276
v -0.04802411 0.05095541 0.01116559
v -0.04904454 0.05053964 0.01213804
v -0.05077187 0.05074934 0.01612449
v -0.04775617 0.05220995 0.01324128
v -0.04929252 0.05076380 0.01312754
v -0.05185501 0.04889465 0.01414548
v -0.05212580 0.04765096 0.01193900
v -0.05295526 0.04847888 0.01548757
v -0.05332581 0.04886572 0.01712538
v -0.05257901 0.04954903 0.01712538
v -0.05174955 0.05029380 0.01712538
v -0.05017329 0.05170741 0.01712538
v -0.04458371 0.05650501 0.01661925
v -0.04303595 0.05794394 0.01676711
v -0.06777436 0.02756031 0.03905943
v -0.06989789 0.02647931 0.03648899
v -0.06961855 0.02647931 0.03194522
v -0.06947888 0.02647931 0.03053489
v -0.06930501 0.02647931 0.02904494
v -0.06907698 0.02647931 0.02758912
v -0.06888600 0.02647931 0.02650862
v -0.06850690 0.02647931 0.02436469
v -0.06839859 0.02647931 0.02379032
v -0.06826177 0.02647931 0.02308516
v -0.06794253 0.02647931 0.02169189
v -0.04635664 0.05526856 0.01748933
v -0.05199183 0.05051072 0.01828548
v -0.04371149 0.05855132 0.02010527
v -0.04462076 0.05802709 0.02105497
v -0.04478893 0.05817893 0.02204447
v -0.04495426 0.05831993 0.02308516
v -0.04322978 0.05960701 0.02223782
v -0.04358323 0.05991070 0.02457510
v -0.04272242 0.06065547 0.02457510
v -0.04294474 0.06084708 0.02606505
v -0.04220080 0.06142554 0.02606505
v -0.04124022 0.06230408 0.02755500
v -0.04909015 0.03565152 -0.00587211
v -0.04740843 0.03835221 -0.00564464
v -0.05084313 0.03454522 -0.00470632
v -0.04694382 0.03950913 -0.00523519
v -0.04747399 0.03994297 -0.00421156
v -0.04785594 0.04047805 -0.00322206
v -0.04956331 0.04237974 0.00080990
v -0.05062366 0.04167835 0.00152643
v -0.05038137 0.04257497 0.00210649
v -0.05061225 0.04314981 0.00303913
v -0.04954051 0.04387289 0.00232828
v -0.04880796 0.04432481 0.00189608
v -0.05030441 0.04400666 0.00361350
v -0.05053814 0.04454897 0.00464281
v -0.05203174 0.04604211 0.00910128
v -0.05071486 0.04623735 0.00734974
v -0.04903884 0.04606019 0.00464281
v -0.04871390 0.04577096 0.00372723
v -0.04918706 0.04769073 0.00741229
v -0.04799845 0.04945503 0.00846435
v -0.05086308 0.04785342 0.01010784
v -0.05117377 0.04813541 0.01116559
v -0.04959752 0.04955265 0.01116559
v -0.04876805 0.05029380 0.01116559
v -0.05083173 0.04932126 0.01303087
v -0.05191772 0.04744850 0.01116559
v -0.05232532 0.04639642 0.01009078
v -0.05258756 0.04670373 0.01116559
v -0.05359374 0.04762203 0.01496438
v -0.05402985 0.04812096 0.01712538
v -0.05354244 0.04907180 0.01816037
v -0.05379897 0.04786065 0.01595389
v -0.04245448 0.06032285 0.03909924
v -0.04543312 0.05734378 0.03909924
v -0.06330497 0.03649752 0.03907080
v -0.06479286 0.03500798 0.03906512
v -0.06628076 0.03202891 0.03904806
v -0.06554251 0.03129499 0.01934323
v -0.06852686 0.02981992 0.03873528
v -0.06856676 0.02991753 0.03797893
v -0.06700191 0.03419091 0.03648899
v -0.06943328 0.02756031 0.03499904
v -0.06853541 0.02983800 0.03407778
v -0.06906558 0.02756031 0.03053489
v -0.06776866 0.03053938 0.02904494
v -0.06828742 0.02918000 0.02904494
v -0.06856962 0.02843523 0.02904494
v -0.06852401 0.02831592 0.02827154
v -0.06821331 0.02743015 0.02468316
v -0.06786272 0.02756031 0.02308516
v -0.06751782 0.02756031 0.02159521
v -0.05216571 0.05066980 0.01927499
v -0.04728016 0.05624833 0.02308516
v -0.04653336 0.05691355 0.02308516
v -0.04676139 0.05711602 0.02457510
v -0.04591768 0.05786078 0.02457510
v -0.04432717 0.05925993 0.02457510
v -0.04378845 0.06010231 0.02606505
v -0.04464927 0.05954193 0.02699200
v -0.04312716 0.06100255 0.02755500
v -0.04238037 0.06155931 0.02755500
v -0.04141979 0.06240531 0.02904494
v -0.05042697 0.03393783 -0.00569582
v -0.05049824 0.03553944 -0.00427412
v -0.04916141 0.03724229 -0.00446747
v -0.04781888 0.03895236 -0.00464945
v -0.05217711 0.03283153 -0.00451297
v -0.05188637 0.03538760 -0.00265906
v -0.04881367 0.03823651 -0.00403527
v -0.04920987 0.03880413 -0.00304008
v -0.05058945 0.03864867 -0.00140796
v -0.04836331 0.04089743 -0.00216431
v -0.05036427 0.04109628 0.00062792
v -0.05196333 0.03997190 0.00175391
v -0.05231962 0.03750259 -0.00023648
v -0.05196333 0.03849320 0.00024690
v -0.05230537 0.03897767 0.00123641
v -0.05361655 0.03871736 0.00299363
v -0.05393579 0.03917651 0.00398883
v -0.05359089 0.04017074 0.00453476
v -0.05090299 0.04355835 0.00403432
v -0.05337426 0.03835944 0.00223160
v -0.05211155 0.04465019 0.00749191
v -0.05239659 0.04504789 0.00848710
v -0.05285835 0.04539135 0.00973251
v -0.05099135 0.04650850 0.00819138
v -0.05052104 0.04754611 0.00912402
v -0.04945785 0.04793657 0.00819138
v -0.05144741 0.04697127 0.00960740
v -0.05366500 0.04474058 0.01035237
v -0.05333151 0.04574927 0.01116559
v -0.05354244 0.04605296 0.01212098
v -0.05395574 0.04663865 0.01414548
v -0.05436904 0.04691342 0.01564112
v -0.05477095 0.04717373 0.01712538
v -0.05500467 0.04750634 0.01861532
v -0.05416952 0.04850780 0.01863807
v -0.05495907 0.04896696 0.02308516
v -0.05507594 0.04910434 0.02397230
v -0.05368781 0.04920918 0.01915557
v -0.05222841 0.05072764 0.01968444
v -0.04394522 0.05883332 0.03909924
v -0.04096373 0.06181239 0.03905943
v -0.04239177 0.06179431 0.03891726
v -0.04394807 0.06032647 0.03894569
v -0.05288115 0.05138564 0.03905943
v -0.05437189 0.04989611 0.03907080
v -0.05734769 0.04542750 0.03908218
v -0.05883273 0.04394519 0.03905943
v -0.06330497 0.03798705 0.03899688
v -0.06480427 0.03649752 0.03892864
v -0.06593017 0.03500798 0.03888882
v -0.06727555 0.03202891 0.03887745
v -0.06514631 0.03188791 0.01875180
v -0.06559097 0.02993561 0.01770543
v -0.06568503 0.03047430 0.01875180
v -0.06602423 0.03053938 0.02010527
v -0.06564513 0.03155168 0.02010527
v -0.06536009 0.03229645 0.02010527
v -0.06529453 0.03216991 0.01968444
v -0.06669691 0.02647569 0.01706851
v -0.06713872 0.03310991 0.03881490
v -0.06724134 0.03337745 0.03797893
v -0.06692210 0.03412222 0.03797893
v -0.06661426 0.03500798 0.03648899
v -0.06696485 0.03409691 0.03499904
v -0.06855536 0.02989584 0.03499904
v -0.06690215 0.03393783 0.03350909
v -0.06661711 0.03351845 0.02904494
v -0.06643468 0.03351845 0.02755500
v -0.06756628 0.03053938 0.02755500
v -0.06707317 0.03139984 0.02656549
v -0.06698481 0.03116122 0.02557599
v -0.06758908 0.02904984 0.02457510
v -0.06696770 0.02963915 0.02263021
v -0.06713588 0.02857261 0.02159521
v -0.06727839 0.02910407 0.02310791
v -0.04965452 0.05408271 0.02308516
v -0.04885072 0.05482748 0.02308516
v -0.04810392 0.05550356 0.02308516
v -0.04903599 0.05499740 0.02429076
v -0.04750249 0.05645078 0.02457510
v -0.04762791 0.05655924 0.02551343
v -0.04608015 0.05800178 0.02575796
v -0.04801271 0.05690632 0.02904494
v -0.04475758 0.05963955 0.02798720
v -0.04406779 0.06016016 0.02751519
v -0.04319843 0.06106762 0.02830566
v -0.04260270 0.06157739 0.02889709
v -0.04235186 0.06215946 0.03194522
v -0.04168203 0.06254269 0.03139929
v -0.04109770 0.06292231 0.03194522
v -0.05373911 0.02849307 -0.00608821
v -0.05384457 0.03012361 -0.00472906
v -0.05351108 0.03111422 -0.00431393
v -0.05324315 0.03212291 -0.00377937
v -0.05227972 0.03595883 -0.00166387
v -0.05193767 0.03694944 -0.00122598
v -0.05097140 0.03917290 -0.00041277
v -0.05363650 0.03726036 0.00146957
v -0.05279849 0.03636013 -0.00062318
v -0.05363650 0.03577083 -0.00001469
v -0.05331441 0.03676144 0.00048006
v -0.05280989 0.03787859 0.00086108
v -0.05526121 0.03746282 0.00423905
v -0.05388163 0.03761467 0.00223160
v -0.05492487 0.03845344 0.00479067
v -0.05521560 0.03887644 0.00578017
v -0.05387878 0.04057205 0.00552427
v -0.05246499 0.04240143 0.00531954
v -0.05345692 0.04296181 0.00774781
v -0.05373626 0.04335950 0.00874301
v -0.05667214 0.04032620 0.01028413
v -0.05499898 0.04303412 0.01067652
v -0.05522416 0.04335589 0.01166603
v -0.05385027 0.04500450 0.01116559
v -0.05514434 0.04026474 0.00739523
v -0.05478805 0.04250627 0.00957897
v -0.05640706 0.03993936 0.00929463
v -0.05677191 0.04195312 0.01301381
v -0.05694008 0.04245204 0.01425922
v -0.05662654 0.04323297 0.01483359
v -0.05513864 0.04620842 0.01631785
v -0.05528972 0.04642896 0.01712538
v -0.05665790 0.04476950 0.01771680
v -0.05510444 0.04764734 0.01941147
v -0.05552914 0.04676157 0.01861532
v -0.05774104 0.04419104 0.02010527
v -0.05794057 0.04447304 0.02159521
v -0.05520136 0.04924172 0.02496750
v -0.05375906 0.04928149 0.01968444
v -0.05513579 0.04769073 0.01968444
v -0.05624174 0.04866326 0.02755500
v -0.05117948 0.05264017 0.02308516
v -0.05039562 0.05338494 0.02308516
v -0.04096373 0.06281385 0.03887177
v -0.04185590 0.06263669 0.03879214
v -0.04345211 0.06128816 0.03884902
v -0.05430349 0.05133141 0.03890589
v -0.05581704 0.04983826 0.03890589
v -0.05585694 0.04840657 0.03904806
v -0.05882133 0.04539135 0.03892294
v -0.06569643 0.03600583 0.03883196
v -0.06495818 0.03300868 0.01968444
v -0.06440521 0.03359076 0.01856983
v -0.06417719 0.03306291 0.01712538
v -0.06459334 0.03202891 0.01712538
v -0.06543420 0.02952346 0.01671024
v -0.06562802 0.02853284 0.01611881
v -0.06576484 0.02903900 0.01717087
v -0.06638622 0.03053938 0.02159521
v -0.06547695 0.03262183 0.02112889
v -0.06486983 0.03351845 0.02010527
v -0.06624085 0.02647569 0.01562974
v -0.06648314 0.03500798 0.03797893
v -0.06584466 0.03620829 0.03797893
v -0.06589311 0.03626613 0.03648899
v -0.06585321 0.03621190 0.03499904
v -0.06653159 0.03500798 0.03499904
v -0.06640333 0.03500798 0.03350909
v -0.06608409 0.03500798 0.03053489
v -0.06584466 0.03482722 0.02755500
v -0.06571069 0.03458137 0.02606505
v -0.06617244 0.03351845 0.02606505
v -0.06707317 0.02990669 0.02361972
v -0.06675108 0.03045622 0.02310791
v -0.05068636 0.05365610 0.02517791
v -0.04916996 0.05511671 0.02528596
v -0.04848872 0.05559394 0.02470022
v -0.04830345 0.05604948 0.02603093
v -0.04925262 0.05519625 0.02606505
v -0.04957757 0.05548909 0.02904494
v -0.04971724 0.05561563 0.03053489
v -0.04889347 0.05636040 0.03053489
v -0.04815238 0.05702925 0.03053489
v -0.04718040 0.05765109 0.02904494
v -0.04485449 0.05972270 0.02904494
v -0.04338085 0.06122308 0.03053489
v -0.04262265 0.06215946 0.03350909
v -0.04178464 0.06260054 0.03239448
v -0.05475954 0.02769408 -0.00520676
v -0.05510444 0.02827615 -0.00444472
v -0.05411251 0.02901369 -0.00521813
v -0.05342272 0.02948730 -0.00572426
v -0.05489636 0.02904984 -0.00415470
v -0.05518425 0.02991030 -0.00307989
v -0.05435764 0.03051046 -0.00369406
v -0.05388163 0.03168545 -0.00331873
v -0.05356239 0.03267968 -0.00288654
v -0.05360514 0.03423068 -0.00145346
v -0.05496477 0.03552137 0.00172547
v -0.05660659 0.03427406 0.00297089
v -0.05684887 0.03463199 0.00372723
v -0.05634721 0.03537675 0.00372723
v -0.05741039 0.03213376 0.00214061
v -0.05792346 0.03250615 0.00322679
v -0.05387878 0.03500798 -0.00035590
v -0.05658949 0.03573468 0.00448927
v -0.05552629 0.03797260 0.00525699
v -0.05654103 0.03715552 0.00606452
v -0.05625599 0.03802682 0.00661614
v -0.05647832 0.03855105 0.00767388
v -0.05613058 0.03945851 0.00818001
v -0.05486786 0.03987067 0.00640004
v -0.05697999 0.03945851 0.00974957
v -0.05782370 0.03805936 0.00955053
v -0.05800613 0.03860528 0.01061397
v -0.05955958 0.03720975 0.01196175
v -0.06111018 0.03581421 0.01330952
v -0.05810303 0.04024305 0.01337208
v -0.05674911 0.03894874 0.00866908
v -0.05826551 0.04047805 0.01414548
v -0.05775244 0.04121920 0.01414548
v -0.05796622 0.04153374 0.01522598
v -0.05647547 0.04450558 0.01672161
v -0.05780660 0.04278827 0.01712538
v -0.05831682 0.04204351 0.01712538
v -0.05966219 0.04034428 0.01764288
v -0.05799187 0.04305581 0.01820587
v -0.05627310 0.04570227 0.01861532
v -0.05805173 0.04463573 0.02251079
v -0.05911207 0.04384758 0.02456373
v -0.05826266 0.04344627 0.02010527
v -0.05920898 0.04266896 0.02159521
v -0.05993298 0.04220620 0.02308516
v -0.05940851 0.04295097 0.02308516
v -0.05532962 0.04938634 0.02606505
v -0.05499043 0.05051795 0.02904494
v -0.05479090 0.05032633 0.02755500
v -0.05641276 0.04888742 0.02904494
v -0.05192627 0.05192433 0.02308516
v -0.05679186 0.04791849 0.02755500
v -0.05964224 0.04328358 0.02505280
v -0.04198417 0.06271262 0.03797893
v -0.04272527 0.06220284 0.03797893
v -0.04364593 0.06145808 0.03797893
v -0.05067781 0.05513840 0.03874665
v -0.05221986 0.05369225 0.03878077
v -0.05376476 0.05224971 0.03880921
v -0.05530112 0.05079995 0.03882627
v -0.05670350 0.04930319 0.03880353
v -0.05698569 0.04840657 0.03887745
v -0.06002704 0.04394519 0.03888314
v -0.06270069 0.04044189 0.03882627
v -0.06406317 0.03874990 0.03873528
v -0.06416008 0.03443314 0.01903046
v -0.06398620 0.03414029 0.01804095
v -0.06405462 0.03278814 0.01636334
v -0.06419428 0.03194214 0.01577191
v -0.06408882 0.03138538 0.01477672
v -0.06545700 0.02809538 0.01512930
v -0.06582185 0.02758200 0.01562974
v -0.06612969 0.03202891 0.02308516
v -0.06582185 0.03360160 0.02454667
v -0.06549121 0.03415114 0.02403486
v -0.06538860 0.03389445 0.02308516
v -0.06524893 0.03343891 0.02161227
v -0.06547695 0.02664923 0.01358249
v -0.06410593 0.03881136 0.03797893
v -0.06110448 0.04324743 0.03763204
v -0.05809448 0.04766903 0.03731358
v -0.05809448 0.04766903 0.03716003
v -0.06059426 0.04399220 0.03648899
v -0.06232444 0.04136743 0.03499904
v -0.06283466 0.04062267 0.03499904
v -0.06406602 0.03875352 0.03412327
v -0.06578194 0.03611067 0.03350909
v -0.06555961 0.03578529 0.02959088
v -0.06550546 0.03569490 0.02860137
v -0.06587031 0.03512368 0.02907338
v -0.06542850 0.03557198 0.02755500
v -0.06528028 0.03532614 0.02606505
v -0.06560237 0.03437891 0.02503005
v -0.06644323 0.03202891 0.02457510
v -0.05232532 0.05231117 0.02606505
v -0.05080323 0.05376094 0.02606505
v -0.05509589 0.05062280 0.02992072
v -0.05344553 0.05196049 0.02904494
v -0.05046118 0.05493956 0.03053489
v -0.05056664 0.05503355 0.03201915
v -0.04731151 0.05777401 0.03053489
v -0.04899609 0.05645078 0.03201915
v -0.04825214 0.05711963 0.03201915
v -0.04741698 0.05786440 0.03201915
v -0.04667018 0.05852601 0.03201915
v -0.04572101 0.05917316 0.03053489
v -0.04349487 0.06132792 0.03201915
v -0.04187585 0.06265477 0.03350909
v -0.04359463 0.06141469 0.03350909
v -0.04269961 0.06221369 0.03499904
v -0.05529542 0.02728192 -0.00471200
v -0.05785220 0.02904984 0.00037770
v -0.05955958 0.03123353 0.00451201
v -0.05650968 0.02959576 -0.00135110
v -0.05823130 0.03151553 0.00277185
v -0.05825411 0.03301591 0.00422767
v -0.05855910 0.03201807 0.00372723
v -0.05791776 0.03400652 0.00476792
v -0.05687737 0.03616490 0.00548446
v -0.05734199 0.03649390 0.00670713
v -0.05820280 0.03443314 0.00575743
v -0.05786931 0.03691329 0.00819138
v -0.05807738 0.03722782 0.00896479
v -0.05833391 0.03761106 0.00995430
v -0.05986457 0.03617575 0.01116559
v -0.06088785 0.03546714 0.01232001
v -0.06244416 0.03407160 0.01369622
v -0.06206221 0.03492844 0.01417392
v -0.05964224 0.03882220 0.01473691
v -0.05904081 0.03938259 0.01420235
v -0.05849924 0.04100951 0.01568661
v -0.05815149 0.04180128 0.01621548
v -0.05910922 0.04089020 0.01713675
v -0.06364131 0.03496099 0.01856983
v -0.06059711 0.03791113 0.01565249
v -0.06247836 0.03563706 0.01660219
v -0.06249261 0.03714467 0.01961051
v -0.05947692 0.04155904 0.01974700
v -0.05813439 0.04326551 0.01920106
v -0.05820280 0.04336312 0.01968444
v -0.05952537 0.04312450 0.02405760
v -0.05972775 0.04192420 0.02159521
v -0.06067407 0.04113966 0.02308516
v -0.06085650 0.04139997 0.02457510
v -0.05549780 0.04958156 0.02755500
v -0.05694008 0.04814265 0.02904494
v -0.05654103 0.04906457 0.03053489
v -0.05566311 0.04977318 0.02904494
v -0.06004129 0.04256051 0.02456373
v -0.06408882 0.03730013 0.02662236
v -0.05973060 0.04341735 0.02606505
v -0.05812584 0.04622288 0.02811231
v -0.04096373 0.06330916 0.03648899
v -0.04200982 0.06273069 0.03648899
v -0.04275947 0.06224985 0.03648899
v -0.04369724 0.06150508 0.03648899
v -0.04918421 0.05662432 0.03752399
v -0.05074052 0.05518902 0.03797893
v -0.05231107 0.05377540 0.03797893
v -0.05463128 0.05168210 0.03797893
v -0.05544079 0.05093733 0.03797893
v -0.05618188 0.05017088 0.03797893
v -0.06104462 0.04317150 0.03862723
v -0.05970209 0.04487797 0.03881490
v -0.05679756 0.04942611 0.03797893
v -0.06281186 0.03463199 0.01563543
v -0.06263513 0.03437891 0.01469142
v -0.06424560 0.03457414 0.01968444
v -0.06381518 0.03540929 0.02010527
v -0.06291161 0.03355099 0.01417392
v -0.06356151 0.03337745 0.01577191
v -0.06389500 0.03237960 0.01537383
v -0.06367552 0.03194214 0.01422510
v -0.06391210 0.03092622 0.01378721
v -0.06424274 0.03047430 0.01422510
v -0.06429975 0.03466452 0.02010527
v -0.06410023 0.02993561 0.01327540
v -0.06515771 0.02647569 0.01262710
v -0.05680326 0.04942972 0.03648899
v -0.05763558 0.04826195 0.03659704
v -0.05805743 0.04761480 0.03617053
v -0.06105032 0.04317150 0.03457822
v -0.06278050 0.04053590 0.03350909
v -0.06394345 0.03857997 0.03201915
v -0.06445082 0.03783521 0.03201915
v -0.06444797 0.03809913 0.03357734
v -0.06479857 0.03649752 0.02755500
v -0.05705409 0.04831980 0.03053489
v -0.06446508 0.03658429 0.02609917
v -0.06435961 0.03621552 0.02457510
v -0.06418288 0.03595160 0.02308516
v -0.06408027 0.03579614 0.02221508
v -0.06441092 0.03507668 0.02166914
v -0.05568877 0.05003349 0.03046096
v -0.05517000 0.05069149 0.03091591
v -0.05363650 0.05213764 0.03121162
v -0.05299231 0.05264740 0.03064294
v -0.05210014 0.05358379 0.03158126
v -0.05151867 0.05416948 0.03205327
v -0.05062651 0.05508778 0.03296316
v -0.04582932 0.05927078 0.03201915
v -0.04508537 0.05992878 0.03201915
v -0.04424166 0.06067355 0.03201915
v -0.04833765 0.05719193 0.03350909
v -0.04592053 0.05934670 0.03350909
v -0.04433858 0.06075670 0.03350909
v -0.04195851 0.06270177 0.03499904
v -0.04077846 0.06334531 0.03499904
v -0.04365449 0.06146893 0.03499904
v -0.05965934 0.02849307 0.00285715
v -0.05945126 0.02948730 0.00318130
v -0.05980756 0.03169630 0.00550152
v -0.05952822 0.03269053 0.00606452
v -0.05933440 0.03212653 0.00508638
v -0.06093061 0.02792908 0.00473380
v -0.06075103 0.02908961 0.00522287
v -0.06100187 0.02961023 0.00611001
v -0.06083940 0.03062615 0.00664457
v -0.06102752 0.03117930 0.00754309
v -0.06249546 0.03262545 0.01204136
v -0.06102182 0.03267968 0.00903303
v -0.05852489 0.03351483 0.00524561
v -0.05786931 0.03542375 0.00636023
v -0.05814009 0.03582868 0.00735542
v -0.05977906 0.03308460 0.00705402
v -0.05939426 0.03545991 0.00930600
v -0.05964224 0.03585398 0.01029551
v -0.06120425 0.03447291 0.01164328
v -0.06223323 0.03355099 0.01258729
v -0.06272350 0.03307737 0.01303655
v -0.06097336 0.03709767 0.01516911
v -0.05930020 0.03980920 0.01563543
v -0.06300853 0.03658791 0.02010527
v -0.06243560 0.03725675 0.01968444
v -0.06142657 0.03951997 0.02171464
v -0.06118999 0.04039489 0.02308516
v -0.06137241 0.04065520 0.02457510
v -0.05768403 0.04707611 0.02904494
v -0.05965934 0.04480204 0.03201915
v -0.05659234 0.04913688 0.03139929
v -0.06265508 0.03887644 0.02491063
v -0.04602315 0.05943708 0.03648899
v -0.04918136 0.05662071 0.03648899
v -0.05234243 0.05380071 0.03648899
v -0.05308352 0.05313187 0.03648899
v -0.05391013 0.05238349 0.03648899
v -0.05465123 0.05170380 0.03648899
v -0.05545219 0.05095903 0.03648899
v -0.05620184 0.05017449 0.03648899
v -0.06396056 0.03561898 0.02122557
v -0.06275770 0.03753152 0.02159521
v -0.06225033 0.03827628 0.02159521
v -0.06296007 0.03208676 0.01258729
v -0.06366127 0.03047430 0.01272947
v -0.06389215 0.02939331 0.01228021
v -0.06408598 0.02839907 0.01182526
v -0.05674056 0.04934657 0.03499904
v -0.05740469 0.04840657 0.03499904
v -0.05973915 0.04491773 0.03350909
v -0.06042039 0.04394519 0.03350909
v -0.06100472 0.04310281 0.03350909
v -0.06219617 0.03941512 0.02447843
v -0.06306554 0.03811721 0.02447843
v -0.06244131 0.03855467 0.02308516
v -0.05609637 0.04977318 0.03195091
v -0.05523556 0.05074934 0.03201915
v -0.05368781 0.05218464 0.03201915
v -0.05216286 0.05364163 0.03257077
v -0.05126499 0.05455994 0.03348066
v -0.05068066 0.05513840 0.03395835
v -0.04913576 0.05657732 0.03468627
v -0.04916426 0.05660263 0.03567578
v -0.06118999 0.02861961 0.00572899
v -0.06262373 0.02697462 0.00732130
v -0.06247551 0.03107445 0.01060828
v -0.06270069 0.03163122 0.01160348
v -0.06126410 0.03308822 0.01002823
v -0.06075103 0.03355822 0.00959034
v -0.05072056 0.05517456 0.03499904
v -0.05229397 0.05375732 0.03499904
v -0.05303792 0.05307402 0.03499904
v -0.05384172 0.05232925 0.03499904
v -0.05458567 0.05163510 0.03499904
v -0.05530967 0.05082164 0.03350909
v -0.05612488 0.05009134 0.03499904
v -0.06406887 0.02686254 0.01038081
v -0.05376762 0.05226056 0.03350909
v -0.05296381 0.05300533 0.03350909
v 0.03628514 0.06579244 0.03649406
v 0.03911095 0.06424647 0.03798312
v 0.03989024 0.06387429 0.03649406
v 0.03907697 0.06423546 0.03500291
v 0.03798451 0.06481465 0.03500291
v 0.03898229 0.06418481 0.03351386
v 0.03893859 0.06415397 0.03881548
v 0.04185180 0.06264103 0.03879666
v 0.04197804 0.06271591 0.03798312
v 0.04096327 0.06329950 0.03649406
v 0.04096327 0.06322683 0.03500291
v 0.04096327 0.06313653 0.03351386
v 0.03972758 0.06379060 0.03351386
v 0.03885848 0.06411874 0.03202480
v 0.04178382 0.06260580 0.03240962
v 0.03798451 0.06434777 0.03888659
v 0.04096327 0.06281721 0.03887404
v 0.04239074 0.06179757 0.03891796
v 0.04344921 0.06128885 0.03884894
v 0.04364343 0.06146283 0.03798312
v 0.04272334 0.06220719 0.03798312
v 0.04274518 0.06224903 0.03649406
v 0.04200232 0.06273133 0.03649406
v 0.04193920 0.06269389 0.03500291
v 0.04186394 0.06265204 0.03351386
v 0.03877108 0.06407250 0.03109624
v 0.04260923 0.06215654 0.03351386
v 0.04234948 0.06216094 0.03195788
v 0.04237860 0.06156193 0.02755764
v 0.04167701 0.06254413 0.03141622
v 0.03649634 0.06330611 0.03910618
v 0.04096327 0.06181519 0.03906226
v 0.04394446 0.06033088 0.03894933
v 0.05430092 0.05133911 0.03891168
v 0.05529627 0.05080837 0.03883012
v 0.05375712 0.05225525 0.03881130
v 0.05221798 0.05369992 0.03878411
v 0.05067640 0.05514239 0.03875065
v 0.04368712 0.06150467 0.03649406
v 0.04918824 0.05663331 0.03755229
v 0.04363857 0.06146283 0.03500291
v 0.04268207 0.06220719 0.03500291
v 0.03935130 0.06369591 0.03057339
v 0.03853802 0.06394696 0.02904460
v 0.03634826 0.06514279 0.02919100
v 0.04358273 0.06141218 0.03351386
v 0.04349291 0.06133070 0.03202480
v 0.04218924 0.06142319 0.02606858
v 0.04123031 0.06230629 0.02755764
v 0.04140753 0.06239879 0.02904460
v 0.04327442 0.06113690 0.02933739
v 0.04319188 0.06106423 0.02834817
v 0.04312147 0.06100476 0.02755764
v 0.03947511 0.06181519 0.03910409
v 0.05734766 0.04543269 0.03908527
v 0.05585707 0.04692361 0.03908736
v 0.04245387 0.06032647 0.03909991
v 0.05287831 0.05139197 0.03906226
v 0.05436890 0.04990105 0.03907690
v 0.05581822 0.04984379 0.03890959
v 0.05670675 0.04930864 0.03880712
v 0.05618723 0.05018293 0.03798312
v 0.05544193 0.05094051 0.03798312
v 0.05387851 0.05236315 0.03798312
v 0.05231023 0.05378361 0.03798312
v 0.05073952 0.05519745 0.03798312
v 0.04685767 0.05869461 0.03649406
v 0.04854733 0.05712221 0.03509912
v 0.04755684 0.05799429 0.03500291
v 0.05546620 0.05096693 0.03649406
v 0.05464322 0.05171129 0.03649406
v 0.05307495 0.05312954 0.03649406
v 0.05150424 0.05454558 0.03649406
v 0.05075895 0.05521506 0.03649406
v 0.04918338 0.05662890 0.03649406
v 0.04841138 0.05731601 0.03649406
v 0.04760297 0.05803394 0.03649406
v 0.04912997 0.05658045 0.03466620
v 0.04750100 0.05794585 0.03351386
v 0.03779272 0.06434777 0.02904460
v 0.03834138 0.06384346 0.02755764
v 0.03759608 0.06423987 0.02755764
v 0.04582833 0.05927600 0.03202480
v 0.04508546 0.05993007 0.03202480
v 0.04741846 0.05787097 0.03202480
v 0.04656392 0.05843254 0.03053575
v 0.04571423 0.05917690 0.03053575
v 0.04411682 0.06057312 0.03053575
v 0.04193191 0.06123380 0.02457953
v 0.04088316 0.06221820 0.02604976
v 0.04293454 0.06084620 0.02606858
v 0.04033450 0.06262121 0.02653496
v 0.04484755 0.05972086 0.02904460
v 0.04559285 0.05906899 0.02904460
v 0.04644253 0.05832464 0.02904460
v 0.04475287 0.05963937 0.02799473
v 0.04464848 0.05954688 0.02700133
v 0.04394446 0.05883776 0.03909991
v 0.05883582 0.04394397 0.03906226
v 0.05585707 0.04841233 0.03905807
v 0.05882368 0.04539746 0.03892632
v 0.05698836 0.04841233 0.03887822
v 0.05970493 0.04487773 0.03881966
v 0.05679900 0.04943637 0.03798312
v 0.05621151 0.05020055 0.03649406
v 0.04915910 0.05660688 0.03565960
v 0.05540552 0.05090968 0.03500291
v 0.05063270 0.05510275 0.03294082
v 0.04908385 0.05654081 0.03351386
v 0.04825844 0.05712661 0.03202480
v 0.03724407 0.06405267 0.02531778
v 0.03649634 0.06482126 0.02755764
v 0.04889692 0.05637565 0.03053575
v 0.04815405 0.05703191 0.03053575
v 0.04730922 0.05777627 0.03053575
v 0.04176683 0.06111487 0.02367396
v 0.04096327 0.06180638 0.02457953
v 0.04013301 0.06251330 0.02554156
v 0.04378423 0.06010184 0.02606858
v 0.04429647 0.05924517 0.02457953
v 0.04355117 0.05988602 0.02457953
v 0.04267721 0.06063038 0.02457953
v 0.04718783 0.05766396 0.02904460
v 0.04802538 0.05691960 0.02904460
v 0.04628959 0.05819030 0.02755764
v 0.04551759 0.05858450 0.02618361
v 0.04452953 0.05944337 0.02606858
v 0.05453398 0.05012788 0.02457953
v 0.05367944 0.05069826 0.02366978
v 0.06002538 0.04394397 0.03888449
v 0.05810024 0.04767898 0.03734734
v 0.05681600 0.04945399 0.03649406
v 0.05608770 0.05005741 0.03351386
v 0.05527928 0.05079736 0.03202480
v 0.05534239 0.05085462 0.03351386
v 0.05676502 0.04938352 0.03500291
v 0.05671403 0.04931305 0.03351386
v 0.05666063 0.04924037 0.03202480
v 0.05211116 0.05360522 0.03147059
v 0.05057687 0.05505210 0.03202480
v 0.04900131 0.05646594 0.03202480
v 0.05445629 0.05154392 0.03202480
v 0.05365759 0.05216716 0.03109833
v 0.03990723 0.06238997 0.02457953
v 0.03916436 0.06279960 0.02457953
v 0.04973204 0.05563129 0.03053575
v 0.04182267 0.05967681 0.01904995
v 0.04163816 0.05952706 0.01805655
v 0.04154591 0.06096953 0.02268057
v 0.03982226 0.06085281 0.01862122
v 0.04101668 0.06139676 0.02314276
v 0.04673871 0.05710018 0.02457953
v 0.04589388 0.05784455 0.02457953
v 0.04514858 0.05849861 0.02457953
v 0.04724852 0.05624131 0.02308838
v 0.04650322 0.05688437 0.02308838
v 0.04388377 0.05911303 0.02299009
v 0.04317003 0.05955569 0.02242751
v 0.04876825 0.05625672 0.02904460
v 0.04703489 0.05751861 0.02755764
v 0.05212815 0.05213192 0.02385801
v 0.04748158 0.05644171 0.02457953
v 0.05509963 0.05063439 0.02985396
v 0.05531569 0.04938132 0.02457953
v 0.05520644 0.04926020 0.02350875
v 0.04959609 0.05551016 0.02904460
v 0.05033895 0.05483187 0.02904460
v 0.05436647 0.04990105 0.02309256
v 0.05350465 0.05054190 0.02267638
v 0.04809821 0.05549475 0.02308838
v 0.06108628 0.04329431 0.03649406
v 0.05810024 0.04767898 0.03710892
v 0.05765355 0.04827139 0.03656517
v 0.05602457 0.04998473 0.03202480
v 0.05520402 0.05072909 0.03084736
v 0.05734766 0.04841233 0.03351386
v 0.05797885 0.04750721 0.03351386
v 0.05723598 0.04841233 0.03202480
v 0.05662421 0.04918752 0.03114852
v 0.05047733 0.05496181 0.03053575
v 0.04237375 0.05905578 0.01857939
v 0.04473831 0.05813524 0.02220582
v 0.04361915 0.05845457 0.02011027
v 0.04320644 0.05810000 0.01785368
v 0.04197804 0.05912625 0.01774075
v 0.04054086 0.06124922 0.02159932
v 0.03956493 0.06074049 0.01774075
v 0.04783360 0.05525911 0.02159932
v 0.04612936 0.05655843 0.02099283
v 0.05587406 0.04990986 0.03050229
v 0.05654410 0.04907300 0.03015512
v 0.05644941 0.04893646 0.02904460
v 0.05632075 0.04875148 0.02755764
v 0.05618966 0.04856649 0.02606858
v 0.05613139 0.04828900 0.02463181
v 0.05654167 0.04757768 0.02417171
v 0.05641057 0.04739049 0.02308838
v 0.05560944 0.04851804 0.02304446
v 0.05505108 0.04908621 0.02251535
v 0.04760297 0.05418221 0.01774075
v 0.04750100 0.05496401 0.01981330
v 0.04768550 0.05512917 0.02080670
v 0.06104501 0.04329431 0.03554039
v 0.06060075 0.04400123 0.03649406
v 0.05981418 0.04502308 0.03500291
v 0.05806867 0.04763274 0.03611552
v 0.06089935 0.04329431 0.03351386
v 0.05843525 0.04667476 0.03202480
v 0.05918055 0.04559125 0.03202480
v 0.05969037 0.04484689 0.03202480
v 0.05956898 0.04467072 0.02989161
v 0.04334968 0.05822113 0.01862122
v 0.04307049 0.05817928 0.01774075
v 0.04409498 0.05757147 0.01862122
v 0.04568753 0.05617084 0.01862122
v 0.04697177 0.05556962 0.02022948
v 0.05949857 0.04456941 0.02904460
v 0.05889651 0.04543269 0.02904460
v 0.05771424 0.04712622 0.02904460
v 0.05671161 0.04782213 0.02606858
v 0.05663149 0.04770982 0.02516511
v 0.05797400 0.04600528 0.02606858
v 0.05988215 0.04363346 0.02755764
v 0.05834786 0.04506051 0.02457953
v 0.05821676 0.04486892 0.02335398
v 0.05692524 0.04664613 0.02308838
v 0.05808810 0.04468172 0.02236058
v 0.05675288 0.04639507 0.02187330
v 0.05544193 0.04813044 0.02159932
v 0.05508263 0.04762392 0.01945776
v 0.05365516 0.04918532 0.01928836
v 0.05412370 0.04960815 0.02159932
v 0.04704460 0.05467992 0.01774075
v 0.04727766 0.05476580 0.01862122
v 0.06075126 0.04329431 0.03202480
v 0.05864889 0.04408932 0.02295035
v 0.05797157 0.04451656 0.02159932
v 0.05659508 0.04616604 0.02087989
v 0.05626491 0.04690379 0.02146548
v 0.05646641 0.04598546 0.02011027
v 0.05517974 0.04667476 0.01774075
v 0.05661450 0.04470375 0.01784323
v 0.07004718 -0.01220456 0.01477917
v 0.06985749 -0.01116900 0.01384528
v 0.07011143 -0.01116900 0.01459239
v 0.07151882 -0.00017581 0.01483083
v 0.06851130 0.01632485 0.01193776
v 0.06840727 0.01712718 0.01223978
v 0.07126182 -0.00070137 0.01425858
v 0.06908955 -0.01398338 0.01266102
v 0.06999823 -0.00438650 0.01194173
v 0.07069886 -0.00074180 0.01266102
v 0.07151882 0.00019115 0.01483083
v 0.07022157 -0.00074180 0.01136550
v 0.07022464 0.00074780 0.01136152
v 0.06996458 0.01306888 0.01502953
v 0.06953012 0.01414798 0.01414730
v 0.06857861 0.01533282 0.01175892
v 0.06831243 0.01575265 0.01122641
v 0.06769135 0.01563758 0.00968052
v 0.06711004 0.01664827 0.00875457
v 0.06800342 0.01712718 0.01117077
v 0.06994621 0.00967918 0.01359889
v 0.06999823 0.00886441 0.01343198
v 0.06777089 0.01778646 0.01112706
v 0.07005942 -0.00339136 0.01178277
v 0.07146374 0.00118629 0.01500569
v 0.07070498 0.00074780 0.01266102
v 0.07126488 0.00071049 0.01425858
v 0.06993092 -0.00074180 0.01062236
v 0.06993398 0.00074780 0.01061441
v 0.07013591 0.00223429 0.01158804
v 0.07009001 0.01116878 0.01464405
v 0.06865510 0.01414798 0.01156022
v 0.06846235 0.01265838 0.01057069
v 0.06836444 0.01414798 0.01081708
v 0.07006248 0.00786927 0.01326110
v 0.06851130 0.01186849 0.01043955
v 0.06857555 0.01087646 0.01029252
v 0.06686834 0.01563758 0.00780876
v 0.06695400 0.01764030 0.00909634
v 0.06734868 0.01713651 0.00962885
v 0.06637881 0.01563758 0.00670001
v 0.06579445 0.01563758 0.00540448
v 0.06567512 0.01677578 0.00565882
v 0.07018792 0.00967918 0.01434203
v 0.07065297 0.00854721 0.01533156
v 0.07088549 0.00669998 0.01533156
v 0.07139950 0.00223429 0.01520439
v 0.07086714 0.00372389 0.01414730
v 0.07104765 0.00223429 0.01414730
v 0.07053059 0.00223429 0.01266102
v 0.06955460 -0.00074180 0.00968052
v 0.06984525 0.00223429 0.01084093
v 0.06955766 0.00074780 0.00968052
v 0.06960967 0.00521349 0.01117077
v 0.06906202 0.00967918 0.01117077
v 0.07006248 0.00341602 0.01177482
v 0.06995234 0.00521349 0.01206890
v 0.07000129 0.00440805 0.01193378
v 0.06874689 0.01265838 0.01131384
v 0.07028583 0.00383585 0.01252193
v 0.06937715 0.00223429 0.00968052
v 0.06878666 0.00668754 0.00957719
v 0.06879584 0.00223429 0.00830948
v 0.06860921 0.00521349 0.00873470
v 0.06848376 0.00717267 0.00901288
v 0.06841952 0.00818958 0.00915992
v 0.06832467 0.00967918 0.00937452
v 0.06678573 0.01275479 0.00677949
v 0.06657156 0.01414798 0.00670001
v 0.06548849 0.01778646 0.00602046
v 0.06551296 0.01465177 0.00452623
v 0.06544566 0.01563758 0.00466134
v 0.06682550 0.01116878 0.00641388
v 0.06691729 0.00967918 0.00620326
v 0.06416371 0.01669181 0.00277766
v 0.06528656 0.01721426 0.00518194
v 0.06870405 -0.00372100 0.00850818
v 0.06879584 -0.00223140 0.00830154
v 0.06884479 -0.00087552 0.00804720
v 0.06857555 -0.00046813 0.00731996
v 0.06857555 0.00047103 0.00731996
v 0.06884479 0.00087842 0.00804720
v 0.06851436 0.00146306 0.00745507
v 0.06846541 0.00223429 0.00756237
v 0.06837362 0.00372389 0.00777697
v 0.06827877 0.00521349 0.00798759
v 0.06799118 0.00818958 0.00819026
v 0.06780149 0.00967918 0.00819026
v 0.06704885 0.00759250 0.00592110
v 0.06729054 0.00372389 0.00542833
v 0.06732727 0.00219387 0.00511041
v 0.06705190 0.00167142 0.00442290
v 0.06669088 0.00219387 0.00384270
v 0.06672759 0.00074780 0.00356849
v 0.06579750 0.00372389 0.00249551
v 0.06521007 0.01415420 0.00383872
v 0.06440236 0.01414798 0.00232463
v 0.06400156 0.01414798 0.00157751
v 0.06493778 0.01563758 0.00372348
v 0.06807685 0.00223429 0.00670001
v 0.06428916 0.01563758 0.00254717
v 0.06387306 0.01563758 0.00180006
v 0.06326728 0.01563758 0.00074297
v 0.06259418 0.01646790 -0.00005183
v 0.06286035 0.01703078 0.00074694
v 0.06369255 0.01716450 0.00226104
v 0.06343249 0.01778646 0.00220541
v 0.06448191 0.01716450 0.00364797
v 0.06699072 -0.01398338 0.00752660
v 0.06709474 -0.01240670 0.00731201
v 0.06727219 -0.00967940 0.00694242
v 0.06837974 -0.00372100 0.00776504
v 0.06829102 -0.00521060 0.00797964
v 0.06851436 -0.00146327 0.00745110
v 0.06807685 -0.00223140 0.00670001
v 0.06827572 -0.00087552 0.00677552
v 0.06754755 -0.00074180 0.00520976
v 0.06755061 0.00074780 0.00520976
v 0.06827572 0.00087842 0.00677552
v 0.06710698 0.00074780 0.00431163
v 0.06589235 0.00223429 0.00232860
v 0.06672454 -0.00074180 0.00357246
v 0.06559251 -0.00042460 0.00139471
v 0.06559251 0.00045548 0.00139471
v 0.06592600 0.00086909 0.00209016
v 0.06530797 0.00521349 0.00192723
v 0.06444519 0.01280143 0.00208619
v 0.06411170 0.01240027 0.00137484
v 0.06353039 0.01414798 0.00074297
v 0.06283588 0.01414798 -0.00042936
v 0.06269820 0.01563758 -0.00021477
v 0.06121433 0.01712718 -0.00169707
v 0.06106747 0.01487568 -0.00297670
v 0.05974576 0.01536703 -0.00469745
v 0.05957137 0.01636217 -0.00445901
v 0.06659298 -0.01398338 0.00670796
v 0.06603920 -0.01265860 0.00520976
v 0.06681327 -0.01116900 0.00639799
v 0.06643082 -0.00967940 0.00520976
v 0.06704579 -0.00757094 0.00592508
v 0.06752613 -0.00670020 0.00670001
v 0.06728749 -0.00372100 0.00543230
v 0.06698766 -0.00264500 0.00455007
v 0.06704885 -0.00164986 0.00442688
v 0.06710392 -0.00074180 0.00431560
v 0.06548849 0.00223429 0.00158149
v 0.06550073 -0.00862206 0.00305187
v 0.06556192 -0.00763003 0.00293662
v 0.06580056 -0.00372100 0.00250346
v 0.06588928 -0.00223140 0.00233655
v 0.06592294 -0.00085064 0.00209413
v 0.06553132 -0.00141974 0.00150201
v 0.06499896 -0.00223140 0.00074297
v 0.06521925 -0.00085064 0.00083835
v 0.06440236 -0.00074180 -0.00058435
v 0.06440542 0.00074780 -0.00058435
v 0.06553438 0.00145062 0.00149803
v 0.06522537 0.00086909 0.00083835
v 0.06419125 0.01116878 0.00123972
v 0.06376597 0.01116878 0.00049261
v 0.06385776 0.00967918 0.00032967
v 0.06377209 0.00372389 -0.00103739
v 0.06293379 0.00521349 -0.00207063
v 0.06235860 0.00669998 -0.00266276
v 0.06234942 0.01414798 -0.00117250
v 0.06082271 0.01116878 -0.00409737
v 0.06071257 0.01428792 -0.00363241
v 0.06153558 0.01428792 -0.00238458
v 0.06570572 -0.01116900 0.00412485
v 0.06580362 -0.00967940 0.00393013
v 0.06682856 -0.00521060 0.00487594
v 0.06543647 -0.00967940 0.00318699
v 0.06500814 0.00223429 0.00074297
v 0.06464406 0.00521349 0.00074297
v 0.06428609 0.00967918 0.00107679
v 0.06400156 -0.01398338 0.00157354
v 0.06529574 -0.00521060 0.00192325
v 0.06539059 -0.00372100 0.00176032
v 0.06548237 -0.00223140 0.00159341
v 0.06481539 -0.00372100 0.00074297
v 0.06412700 -0.00521060 -0.00013131
v 0.06421879 -0.00372100 -0.00028630
v 0.06431057 -0.00223140 -0.00043731
v 0.06386082 -0.00223140 -0.00118045
v 0.06394955 -0.00074180 -0.00132749
v 0.06395261 0.00074780 -0.00133146
v 0.06431669 0.00223429 -0.00044128
v 0.06422491 0.00372389 -0.00029027
v 0.06386388 0.00223429 -0.00118840
v 0.06294908 0.00368658 -0.00234881
v 0.06252075 0.00415927 -0.00292107
v 0.06524372 -0.01265860 0.00358439
v 0.06533857 -0.01116900 0.00338171
v 0.06293073 -0.01115034 -0.00085856
v 0.06319078 -0.00967940 -0.00074728
v 0.06406887 -0.00610311 -0.00003594
v 0.06404133 -0.01334275 0.00150201
v 0.06338047 -0.00818980 -0.00074728
v 0.06368031 -0.00521060 -0.00087445
v 0.06265537 -0.00967940 -0.00163746
v 0.06275021 -0.00818980 -0.00178053
v 0.06337436 -0.00074180 -0.00223754
v 0.06337742 0.00074780 -0.00223754
v 0.06319997 0.00223429 -0.00223754
v 0.06258500 0.00316413 -0.00301644
v 0.06259112 -0.01064033 -0.00153811
v 0.06125104 -0.01265860 -0.00325488
v 0.06319078 -0.00223140 -0.00223754
v 0.06272880 -0.00074180 -0.00323104
v 0.06273185 0.00074780 -0.00323899
v 0.06264313 0.00223429 -0.00310387
v 0.06170998 -0.01398338 -0.00223754
v -0.07011042 0.00670335 0.01312430
v -0.07213644 0.00366695 0.01856410
v -0.07005446 0.00779289 0.01328476
v -0.07150741 0.00753167 0.01784861
v -0.07074717 0.00819476 0.01564165
v -0.07023970 0.00825058 0.01403970
v -0.07017409 0.00968394 0.01439481
v -0.06998885 0.00878418 0.01347152
v -0.06983835 0.00670335 0.01237725
v -0.07145531 0.00852520 0.01804064
v -0.07126428 0.00809429 0.01726465
v -0.06547951 0.02516066 0.01218785
v -0.07104239 0.00968394 0.01713050
v -0.07057158 0.00968394 0.01564165
v -0.07018953 0.01257522 0.01558641
v -0.07012971 0.01415147 0.01602570
v -0.07048668 0.01415147 0.01713050
v -0.06988080 0.01415147 0.01528128
v -0.06992904 0.00968394 0.01365039
v -0.07240079 0.00521418 0.02011082
v -0.07138778 0.00968394 0.01830105
v -0.06696719 0.02117761 0.01218785
v -0.06566475 0.02565184 0.01310062
v -0.07005639 0.01524993 0.01624403
v -0.07024934 0.01570316 0.01701739
v -0.07091311 0.01415147 0.01862197
v -0.07071822 0.01563841 0.01862197
v -0.06999078 0.01624346 0.01644395
v -0.06981520 0.01570316 0.01570478
v -0.07257444 0.00670335 0.02159966
v -0.07203031 0.00819476 0.02011082
v -0.07152285 0.01061719 0.01927170
v -0.07158073 0.00968394 0.01904548
v -0.07238921 0.00819476 0.02159966
v -0.06705788 0.02092979 0.01218785
v -0.06643656 0.02457571 0.01415281
v -0.06926335 0.02308653 0.03905806
v -0.07015673 0.01712982 0.01743563
v -0.07145917 0.01161072 0.01952422
v -0.07139356 0.01266229 0.01981883
v -0.07156916 0.01266229 0.02056325
v -0.07151127 0.01348614 0.02080263
v -0.07104625 0.01563841 0.02011082
v -0.07047510 0.01712982 0.01862197
v -0.06838733 0.01712982 0.01229570
v -0.07006025 0.01801172 0.01773024
v -0.07299123 0.00449303 0.02233356
v -0.07293914 0.00548656 0.02263869
v -0.07271145 0.00819476 0.02308850
v -0.07164826 0.01113739 0.02005821
v -0.07220011 0.00968394 0.02159966
v -0.06813263 0.01850514 0.01277445
v -0.06910706 0.01861900 0.01564165
v -0.06701349 0.02229840 0.01345311
v -0.06585577 0.02611623 0.01411335
v -0.06718908 0.02278066 0.01444479
v -0.06853398 0.02089407 0.01634399
v -0.06700771 0.02377419 0.01496036
v -0.06687457 0.02466948 0.01553117
v -0.06926335 0.02457571 0.03901860
v -0.07075296 0.02010818 0.03903965
v -0.07075296 0.01861900 0.03905543
v -0.07224257 0.00968394 0.03904491
v -0.07200138 0.01117312 0.02159966
v -0.07252235 0.00968394 0.02308850
v -0.07230817 0.01117312 0.02308850
v -0.07143409 0.01447967 0.02118931
v -0.07134919 0.01561385 0.02165227
v -0.07145338 0.01609164 0.02257819
v -0.07154986 0.01668999 0.02356988
v -0.07146496 0.01768352 0.02399864
v -0.07079155 0.01712982 0.02011082
v -0.07017024 0.01833322 0.01862197
v -0.06853977 0.01793358 0.01334789
v -0.06990395 0.01907893 0.01862197
v -0.06952384 0.02010818 0.01862197
v -0.06888516 0.02173131 0.01849308
v -0.06850889 0.02231627 0.01791175
v -0.06699420 0.02522764 0.01650182
v -0.06717750 0.02423411 0.01595205
v -0.06865747 0.01999208 0.01576529
v -0.07306069 0.00508022 0.02311744
v -0.07302210 0.00628362 0.02363301
v -0.07297000 0.00727715 0.02394866
v -0.07288317 0.00675024 0.02311744
v -0.07291984 0.00819476 0.02428273
v -0.07282529 0.00954328 0.02471939
v -0.06742449 0.02172015 0.01402918
v -0.06639604 0.02606712 0.01564165
v -0.07018953 0.02457571 0.03885289
v -0.07174282 0.02010818 0.03887656
v -0.07224257 0.01563841 0.03898178
v -0.07224257 0.01415147 0.03902387
v -0.07224257 0.01266229 0.03904228
v -0.07224257 0.01117312 0.03904491
v -0.07258409 0.01117312 0.02457998
v -0.07185087 0.01415147 0.02308850
v -0.07153057 0.01509811 0.02218099
v -0.07236606 0.01266229 0.02457998
v -0.07190876 0.01563841 0.02457998
v -0.07224835 0.01712982 0.02755504
v -0.07165598 0.01716331 0.02452737
v -0.07156337 0.01806754 0.02499033
v -0.07032074 0.01875519 0.01998455
v -0.07000236 0.01934238 0.01940322
v -0.06858608 0.02401084 0.02060271
v -0.07368393 0.00372500 0.02606619
v -0.07375533 0.00521418 0.02755504
v -0.07303368 0.00819476 0.02502716
v -0.07298930 0.00895386 0.02531124
v -0.07292949 0.00994739 0.02570319
v -0.07285423 0.01110837 0.02614510
v -0.07263619 0.01266229 0.02606619
v -0.07006990 0.02550226 0.03878449
v -0.07160775 0.02119325 0.03881606
v -0.07303175 0.01681279 0.03877134
v -0.07308771 0.01563841 0.03881869
v -0.07237571 0.01723699 0.03888445
v -0.07314945 0.01415147 0.03886341
v -0.07455030 0.00372500 0.03879765
v -0.07455416 0.00366695 0.03879765
v -0.07247411 0.01563841 0.02755504
v -0.07242008 0.01415147 0.02606619
v -0.07219432 0.01563841 0.02606619
v -0.07252428 0.01712982 0.02904651
v -0.07129323 0.01858551 0.02452737
v -0.07069314 0.01861900 0.02159966
v -0.07216731 0.01861900 0.02904651
v -0.07180842 0.01875966 0.02742088
v -0.07149390 0.01934908 0.02683428
v -0.07141672 0.01912581 0.02606619
v -0.07047896 0.02010818 0.02308850
v -0.06945051 0.02308653 0.02308850
v -0.06852240 0.02533034 0.02233356
v -0.07414896 0.00372500 0.02904651
v -0.07346783 0.00968394 0.02904651
v -0.07324208 0.00968394 0.02755504
v -0.07329031 0.01117312 0.02904651
v -0.07304526 0.00954328 0.02614510
v -0.07307420 0.01110837 0.02758134
v -0.07268250 0.01415147 0.02755504
v -0.07295842 0.01316464 0.02849937
v -0.07290440 0.01422291 0.02901494
v -0.07272881 0.01563841 0.02904651
v -0.07296229 0.01780632 0.03863456
v -0.07014322 0.02568980 0.03798220
v -0.07171580 0.02147009 0.03798220
v -0.07450400 0.00471630 0.03875293
v -0.07297193 0.01476768 0.02999610
v -0.07271145 0.01712982 0.03053535
v -0.07236413 0.01861900 0.03053535
v -0.07149969 0.02085388 0.02978830
v -0.07166756 0.02011934 0.02919381
v -0.07159424 0.01963039 0.02782597
v -0.07005832 0.02248371 0.02507976
v -0.06893533 0.02457571 0.02308850
v -0.06859958 0.02554244 0.02308850
v -0.07416633 0.00521418 0.03053535
v -0.07382672 0.00819476 0.03053535
v -0.07365306 0.00968394 0.03053535
v -0.07303368 0.01377415 0.02949106
v -0.07309929 0.01266676 0.02901494
v -0.07301439 0.01796260 0.03764287
v -0.07308385 0.01723699 0.03807690
v -0.07449821 0.00613180 0.03747189
v -0.07455416 0.00521418 0.03797431
v -0.07147461 0.02228054 0.03649336
v -0.07175053 0.02153484 0.03649336
v -0.07227344 0.02010818 0.03649336
v -0.07471624 0.00372500 0.03798220
v -0.07347169 0.01117312 0.03053535
v -0.07328259 0.01266229 0.03053535
v -0.07308192 0.01422291 0.03050905
v -0.07290633 0.01559599 0.03050905
v -0.07301053 0.01507132 0.03098779
v -0.07320348 0.01415147 0.03202419
v -0.07295071 0.01609611 0.03202419
v -0.07281564 0.01712982 0.03202419
v -0.07298158 0.01782641 0.03584100
v -0.07184508 0.02010818 0.03053535
v -0.07247411 0.01861900 0.03202419
v -0.07196857 0.02010818 0.03202419
v -0.06996185 0.02519415 0.03053535
v -0.06963575 0.02606712 0.03053535
v -0.07006218 0.02397736 0.02800221
v -0.07153635 0.02095658 0.03053535
v -0.07126043 0.02170229 0.03053535
v -0.07005446 0.02543974 0.03233196
v -0.07141672 0.02062392 0.02879661
v -0.07084557 0.02159735 0.02755504
v -0.06922669 0.02457571 0.02457998
v -0.07447891 0.00366695 0.03202419
v -0.07413159 0.00670335 0.03202419
v -0.07395986 0.00819476 0.03202419
v -0.07301439 0.01796260 0.03683532
v -0.07349870 0.01415147 0.03649336
v -0.07368780 0.01266229 0.03649336
v -0.07472589 0.00366695 0.03792696
v -0.07424544 0.00819476 0.03649336
v -0.07440752 0.00687527 0.03649336
v -0.07449821 0.00612956 0.03649336
v -0.07460626 0.00521418 0.03649336
v -0.07478378 0.00366695 0.03649336
v -0.07055228 0.02457571 0.03500451
v -0.07110413 0.02308653 0.03500451
v -0.07143795 0.02217338 0.03500451
v -0.07217696 0.02010818 0.03500451
v -0.07280792 0.01852300 0.03640129
v -0.07377848 0.00968394 0.03202419
v -0.07358939 0.01117312 0.03202419
v -0.07305105 0.01686414 0.03500451
v -0.07291598 0.01709633 0.03343939
v -0.07309350 0.01724815 0.03640129
v -0.07160003 0.02113743 0.03202419
v -0.07089189 0.02308653 0.03202419
v -0.07257831 0.01861900 0.03351304
v -0.07207277 0.02010818 0.03351304
v -0.07101344 0.02308653 0.03351304
v -0.07026864 0.02317807 0.02752610
v -0.07047124 0.02457571 0.03351304
v -0.07010077 0.02556477 0.03351304
v -0.07458889 0.00366695 0.03344728
v -0.07450785 0.00473416 0.03388657
v -0.07424930 0.00670335 0.03351304
v -0.07445190 0.00572545 0.03465466
v -0.07406984 0.00819476 0.03351304
v -0.07330768 0.01563841 0.03649336
v -0.07417018 0.00819476 0.03500451
v -0.07448470 0.00601347 0.03564898
v -0.07453872 0.00522311 0.03509395
v -0.07469309 0.00372500 0.03500451
v -0.07268057 0.01861900 0.03500451
v -0.07378621 0.01117312 0.03500451
v -0.07437664 0.00658726 0.03509395
v -0.07003149 0.00320567 0.01184865
v -0.05935160 -0.01415169 -0.00563307
v -0.06261389 -0.03433798 0.01477520
v -0.06988569 0.00074004 0.01076682
v -0.07007705 0.00223003 0.01171504
v -0.07052357 0.00074004 0.01265464
v -0.06980368 0.00223003 0.01096939
v -0.05840390 -0.01564168 -0.00635286
v -0.05972978 -0.01533143 -0.00469347
v -0.06106021 -0.01484158 -0.00296944
v -0.05986191 -0.01415169 -0.00489174
v -0.05946096 -0.01266578 -0.00577962
v -0.06144293 -0.00074995 -0.00500380
v -0.06144749 0.00074004 -0.00500811
v -0.06285538 -0.03349297 0.01422351
v -0.06267768 -0.03298271 0.01310289
v -0.06104654 -0.03272553 0.00898244
v -0.06077316 -0.03354605 0.00955568
v -0.06132903 -0.03494623 0.01280118
v -0.06199880 -0.03490132 0.01422351
v -0.06988113 -0.00074995 0.01077113
v -0.07014085 -0.00074995 0.01151677
v -0.07014085 0.00074004 0.01151246
v -0.06941640 0.00074004 0.00968067
v -0.06941184 -0.00074995 0.00968067
v -0.07051902 -0.00074995 0.01265464
v -0.06997225 -0.00412590 0.01202105
v -0.07003149 -0.00768146 0.01333132
v -0.05921948 -0.01575598 -0.00519775
v -0.05820798 -0.01669488 -0.00611149
v -0.05955664 -0.01632340 -0.00444349
v -0.06259111 -0.01647444 -0.00004720
v -0.06112855 -0.01384961 -0.00307288
v -0.06269591 -0.01564168 -0.00021529
v -0.06234963 -0.01415169 -0.00118075
v -0.06070937 -0.01266578 -0.00393921
v -0.05996670 -0.01266578 -0.00503828
v -0.06080961 -0.01117579 -0.00409006
v -0.06090074 -0.00968580 -0.00422798
v -0.06136092 -0.00223994 -0.00489174
v -0.06219016 -0.00074995 -0.00388318
v -0.06136548 0.00223003 -0.00489174
v -0.06219472 0.00074004 -0.00388749
v -0.05962954 -0.03582389 0.01030995
v -0.06247265 -0.03256633 0.01210725
v -0.06107843 -0.03129677 0.00742219
v -0.06086884 -0.03237855 0.00818938
v -0.05983002 -0.03314191 0.00700842
v -0.06010339 -0.03358687 0.00814197
v -0.05972978 -0.03448494 0.00860315
v -0.06910657 -0.00372993 0.00968067
v -0.06893799 -0.00521992 0.00968067
v -0.06953030 -0.00521992 0.01116766
v -0.07002237 -0.00313393 0.01187020
v -0.06857804 -0.00521992 0.00879711
v -0.06704714 0.00019303 0.00441806
v -0.06704714 -0.00019477 0.00441806
v -0.06866005 -0.00372993 0.00864194
v -0.06997681 -0.00867343 0.01349079
v -0.06992214 -0.00968580 0.01368044
v -0.06983102 -0.00670582 0.01243051
v -0.05372918 -0.02847600 -0.00608132
v -0.05862261 -0.01716841 -0.00530551
v -0.05941084 -0.01713167 -0.00423660
v -0.05551523 -0.02606344 -0.00500811
v -0.05800751 -0.02361006 -0.00287030
v -0.05955208 -0.01928297 -0.00294358
v -0.06031298 -0.01858084 -0.00222379
v -0.06240430 -0.01746232 0.00025020
v -0.06285993 -0.01703370 0.00074155
v -0.06415846 -0.01669488 0.00278022
v -0.06326544 -0.01564168 0.00074155
v -0.05972067 -0.02123832 -0.00169796
v -0.05953841 -0.02223029 -0.00143074
v -0.06104198 -0.02078112 0.00003901
v -0.06089162 -0.02159755 0.00028899
v -0.06121056 -0.01266578 -0.00319356
v -0.06283259 -0.01415169 -0.00043510
v -0.06252277 -0.01163708 -0.00143074
v -0.06244987 -0.01266578 -0.00133160
v -0.06131080 -0.01117579 -0.00334441
v -0.06141103 -0.00968580 -0.00348234
v -0.06234507 -0.00670582 -0.00265480
v -0.06243164 -0.00521992 -0.00277979
v -0.06289638 -0.00521992 -0.00203846
v -0.06296928 -0.00372993 -0.00215914
v -0.06265490 -0.00074995 -0.00313753
v -0.06555724 -0.00020702 0.00145271
v -0.06555724 0.00021752 0.00145271
v -0.06265946 0.00074004 -0.00314184
v -0.06260023 0.00192387 -0.00305564
v -0.06361172 -0.03190910 0.01425799
v -0.06247720 -0.03106817 0.01062890
v -0.06407190 -0.03133760 0.01483123
v -0.06122423 -0.03053341 0.00712910
v -0.06101920 -0.02965574 0.00605158
v -0.06084606 -0.03053341 0.00638346
v -0.05955664 -0.03122329 0.00449995
v -0.05983002 -0.03171724 0.00549558
v -0.06032665 -0.03200299 0.00671964
v -0.06247265 -0.02956594 0.00914622
v -0.06406279 -0.02684313 0.01038753
v -0.06421770 -0.02606344 0.01004272
v -0.06285082 -0.02752894 0.00818938
v -0.06244987 -0.02800655 0.00769372
v -0.06263667 -0.02701459 0.00728427
v -0.05954753 -0.03270920 0.00601279
v -0.05928782 -0.03358687 0.00658172
v -0.05816698 -0.03585655 0.00731013
v -0.05949741 -0.03413796 0.00761183
v -0.06852792 -0.00606084 0.00890486
v -0.06874207 -0.00661602 0.00959878
v -0.06917947 -0.00819581 0.01116766
v -0.06729317 -0.00810601 0.00660758
v -0.06821810 -0.00661602 0.00831869
v -0.06650494 0.00223003 0.00371982
v -0.06672364 0.00070738 0.00384050
v -0.06586707 0.00072371 0.00210785
v -0.06586707 -0.00072137 0.00211647
v -0.06672364 -0.00071729 0.00384050
v -0.06703802 -0.00755083 0.00593090
v -0.06747542 -0.00670582 0.00669809
v -0.06977634 -0.00818357 0.01276239
v -0.06956220 -0.00968580 0.01265464
v -0.07006794 -0.01117579 0.01470624
v -0.06920225 -0.01266578 0.01265464
v -0.06935260 -0.01564168 0.01414593
v -0.06953485 -0.01415169 0.01414593
v -0.05520996 -0.02992925 -0.00310736
v -0.05658595 -0.02975780 -0.00147815
v -0.05509605 -0.02824740 -0.00444780
v -0.05341479 -0.02946796 -0.00571065
v -0.05940172 -0.02010756 -0.00273238
v -0.05528742 -0.02725135 -0.00470640
v -0.05782526 -0.02457345 -0.00261170
v -0.05858615 -0.02310387 -0.00232292
v -0.05919214 -0.02167920 -0.00221517
v -0.06134269 -0.02159755 0.00103464
v -0.06368917 -0.01716841 0.00226301
v -0.06252277 -0.01925847 0.00155185
v -0.06544333 -0.01564168 0.00465942
v -0.06493759 -0.01564168 0.00371982
v -0.06428604 -0.01564168 0.00254317
v -0.06387142 -0.01564168 0.00179752
v -0.06279159 -0.02010756 0.00256903
v -0.06447741 -0.01716841 0.00364655
v -0.06566203 -0.01675203 0.00566798
v -0.06352970 -0.01415169 0.00074155
v -0.05834467 -0.02457345 -0.00186605
v -0.05816698 -0.02551643 -0.00160314
v -0.05937894 -0.02308346 -0.00118506
v -0.05986646 -0.02308346 -0.00044372
v -0.05967510 -0.02408767 -0.00015064
v -0.06115589 -0.02257727 0.00133634
v -0.05948830 -0.02507964 0.00014676
v -0.06374840 -0.01117579 0.00050881
v -0.06291916 -0.01266578 -0.00058596
v -0.06258655 -0.01064511 -0.00153418
v -0.06225395 -0.00819581 -0.00251257
v -0.06264123 -0.00968580 -0.00162900
v -0.06281437 -0.00670582 -0.00190916
v -0.06417213 -0.00372993 -0.00020667
v -0.06550712 -0.00119899 0.00153892
v -0.06425415 -0.00223994 -0.00033166
v -0.06321532 -0.00074995 -0.00223672
v -0.06432705 -0.00074995 -0.00044804
v -0.06551168 0.00120949 0.00153461
v -0.06515174 0.00072371 0.00087085
v -0.06386687 0.00074004 -0.00119799
v -0.06360260 -0.02892095 0.01128834
v -0.06419947 -0.02742688 0.01128834
v -0.06545245 -0.02657779 0.01364596
v -0.06545245 -0.02511230 0.01213312
v -0.06394888 -0.02209150 0.00615502
v -0.06258200 -0.02537764 0.00591366
v -0.06131080 -0.02606344 0.00402153
v -0.06062736 -0.02750444 0.00379740
v -0.06010339 -0.03064771 0.00508612
v -0.06250910 -0.02369987 0.00455598
v -0.06226762 -0.02315694 0.00370689
v -0.05826722 -0.03154987 0.00267678
v -0.05982090 -0.02743097 0.00227594
v -0.05940172 -0.02784326 0.00181045
v -0.05918758 -0.02903934 0.00227594
v -0.05793005 -0.02936999 0.00026744
v -0.05821254 -0.03005171 0.00126307
v -0.05796650 -0.03104368 0.00168546
v -0.06564836 -0.02412033 0.01164608
v -0.06543878 -0.02355291 0.01065475
v -0.06451841 -0.02470408 0.00954275
v -0.06422681 -0.02429586 0.00853850
v -0.06400355 -0.02370803 0.00754287
v -0.05821710 -0.03444412 0.00574125
v -0.05794372 -0.03254183 0.00321554
v -0.05496848 -0.03701180 0.00321554
v -0.05787993 -0.03543609 0.00631881
v -0.06798118 -0.00819581 0.00818938
v -0.06846870 -0.00705281 0.00905140
v -0.06840035 -0.00819581 0.00922381
v -0.06899722 -0.00968580 0.01116766
v -0.06872384 -0.01266578 0.01140471
v -0.06725673 -0.00968580 0.00693515
v -0.06698335 -0.00854280 0.00604296
v -0.06691957 -0.00968580 0.00618950
v -0.06584884 0.00223003 0.00237938
v -0.06584884 -0.00223994 0.00239231
v -0.06555268 -0.00758757 0.00294832
v -0.06995859 -0.01299644 0.01505105
v -0.06902000 -0.01415169 0.01265464
v -0.06878763 -0.01569066 0.01254257
v -0.06868283 -0.01713167 0.01298651
v -0.06907924 -0.01713167 0.01414593
v -0.04916836 -0.03725673 -0.00449521
v -0.05382030 -0.03008437 -0.00471933
v -0.05216638 -0.03281534 -0.00451245
v -0.05050790 -0.03555039 -0.00430556
v -0.05665430 -0.03134984 -0.00006875
v -0.05633536 -0.03053341 -0.00115920
v -0.05689123 -0.03053341 -0.00041355
v -0.05735596 -0.02906791 -0.00076267
v -0.05084506 -0.03455842 -0.00470640
v -0.06262301 -0.02102197 0.00286211
v -0.06210815 -0.02154857 0.00231042
v -0.06551623 -0.01469870 0.00451288
v -0.06578505 -0.01564168 0.00540507
v -0.06399900 -0.01415169 0.00157340
v -0.06422225 -0.01861757 0.00415514
v -0.06527930 -0.01719698 0.00518956
v -0.06714281 -0.01819711 0.01015909
v -0.06692412 -0.01755621 0.00916778
v -0.06708359 -0.01656833 0.00879711
v -0.06548890 -0.01773991 0.00606020
v -0.06404912 -0.01340465 0.00148289
v -0.06410834 -0.01241269 0.00137944
v -0.05811686 -0.02837803 -0.00004720
v -0.05827633 -0.02755343 -0.00028425
v -0.06096908 -0.02356924 0.00165960
v -0.06316976 -0.00968580 -0.00074543
v -0.06418125 -0.01117579 0.00125445
v -0.06544789 -0.00223994 0.00164667
v -0.06545245 0.00223003 0.00163805
v -0.06856438 -0.01799709 0.01328822
v -0.06641382 -0.02308346 0.01265464
v -0.06583517 -0.02459794 0.01264171
v -0.06414025 -0.02109545 0.00578004
v -0.06301029 -0.02315694 0.00511629
v -0.06105565 -0.02528375 0.00300004
v -0.06407190 -0.01941768 0.00442668
v -0.06243620 -0.02201393 0.00320692
v -0.06125157 -0.02429178 0.00265523
v -0.05688211 -0.03191726 0.00084930
v -0.05664518 -0.03282758 0.00141823
v -0.05959309 -0.02685130 0.00145702
v -0.06032665 -0.02606344 0.00222853
v -0.05765212 -0.03054157 0.00075448
v -0.06701069 -0.02079745 0.01196071
v -0.06539777 -0.02194454 0.00924967
v -0.06553446 -0.01934828 0.00745667
v -0.06437261 -0.02159347 0.00667223
v -0.05506872 -0.03804051 0.00454736
v -0.06830923 -0.00968580 0.00945224
v -0.06779437 -0.00968580 0.00818938
v -0.06855982 -0.01522938 0.01180986
v -0.06715649 -0.01117579 0.00715065
v -0.06683299 -0.01117579 0.00640501
v -0.06582606 -0.00813050 0.00362069
v -0.06644116 -0.00968580 0.00521111
v -0.06536587 0.00366287 0.00179321
v -0.06549345 -0.00858362 0.00306038
v -0.06849147 -0.01622135 0.01196502
v -0.06838212 -0.01713167 0.01224087
v -0.05056258 -0.03711385 -0.00287893
v -0.05089974 -0.03612189 -0.00330993
v -0.05498671 -0.03406448 0.00018124
v -0.05531931 -0.03455842 0.00117687
v -0.05631258 -0.03234589 0.00042691
v -0.05365628 -0.03579123 -0.00004720
v -0.06145660 -0.02307938 0.00218543
v -0.06635003 -0.01564168 0.00669809
v -0.06655962 -0.01415169 0.00669809
v -0.06739341 -0.01866248 0.01110301
v -0.06676009 -0.01866248 0.00966774
v -0.06868739 -0.01854410 0.01424506
v -0.05338746 -0.03804051 0.00183631
v -0.06759389 -0.01117579 0.00818938
v -0.06707904 -0.01229022 0.00732306
v -0.06678287 -0.01273926 0.00677136
v -0.06761211 -0.01564168 0.00968067
v -0.06716105 -0.01564168 0.00861177
v -0.05387953 -0.03636682 0.00086654
v -0.05232129 -0.03750982 -0.00025408
v -0.05301840 -0.03804051 0.00128462
v 0.03296736 0.06267230 0.01315070
v 0.03444939 0.06118071 0.01167053
v 0.03496934 0.06136074 0.01274702
v 0.03348377 0.06216117 0.01265323
v 0.03105733 0.06393565 0.01372565
v 0.03257828 0.06245371 0.01215576
v 0.03119528 0.06251478 0.01052879
v 0.03158790 0.06273016 0.01152373
v 0.03205832 0.06295840 0.01265323
v 0.03055153 0.06374920 0.01260023
v 0.00015030 0.07120072 0.01395807
v 0.03306639 0.06124179 0.01004355
v 0.03211845 0.06158254 0.00959909
v 0.03354390 0.06147325 0.01117306
v 0.02967787 0.06399030 0.01206198
v 0.02673855 0.06550439 0.01201712
v 0.03080973 0.06414139 0.01395807
v 0.03205832 0.06227369 0.01108335
v 0.03063288 0.06236691 0.00954201
v 0.03020136 0.06278160 0.00994569
v 0.02828072 0.06403852 0.01045132
v 0.02912608 0.06384243 0.01103442
v 0.00015030 0.07074746 0.01265731
v 0.03501533 0.05924872 0.00813115
v 0.03354390 0.06076603 0.00959909
v 0.03267731 0.06101677 0.00905269
v 0.03168339 0.06129966 0.00849813
v 0.02868395 0.06425390 0.01144218
v 0.02640961 0.06533080 0.01116898
v 0.02617262 0.06597695 0.01257168
v 0.02566682 0.06571335 0.01116898
v 0.02977691 0.06255336 0.00895075
v 0.02535555 0.06555583 0.01039015
v 0.02769357 0.06460109 0.01103442
v 0.00074807 0.07074424 0.01265731
v 0.00223718 0.07022990 0.01133616
v 0.00015030 0.07023633 0.01132393
v 0.03413105 0.05951232 0.00759698
v 0.03557065 0.05799823 0.00615350
v 0.03313714 0.05978235 0.00706689
v 0.03064703 0.06164362 0.00807814
v 0.02495586 0.06691562 0.01372973
v 0.02683052 0.06406102 0.00891405
v 0.02830548 0.06256300 0.00744203
v 0.02457739 0.06569728 0.01008025
v 0.02457739 0.06613768 0.01116898
v 0.02535909 0.06407067 0.00740533
v 0.02484268 0.06382314 0.00641039
v 0.02385229 0.06405781 0.00593739
v 0.00670451 0.07070246 0.01265731
v 0.00670451 0.06993094 0.01063073
v 0.00670451 0.06956769 0.00968065
v 0.00372629 0.06958698 0.00968065
v 0.00015030 0.06995023 0.01057772
v 0.03457673 0.05826183 0.00563156
v 0.03122004 0.06103927 0.00750319
v 0.02450665 0.06671631 0.01273886
v 0.02338894 0.06690919 0.01229440
v 0.02396194 0.06706671 0.01328527
v 0.02741414 0.06272374 0.00684670
v 0.02593917 0.06347918 0.00682631
v 0.03022965 0.06130608 0.00700165
v 0.02781736 0.06230262 0.00644709
v 0.02682344 0.06256622 0.00594146
v 0.02370020 0.06550439 0.00900784
v 0.02315903 0.06590301 0.00957463
v 0.02297156 0.06666809 0.01129538
v 0.02592148 0.06273016 0.00535021
v 0.02533079 0.06256622 0.00445721
v 0.02443945 0.06347275 0.00535021
v 0.02457739 0.06275588 0.00414323
v 0.02369666 0.06251478 0.00305043
v 0.02315549 0.06301305 0.00361722
v 0.02308828 0.06378778 0.00498322
v 0.02308828 0.06416067 0.00572943
v 0.02308828 0.06461073 0.00669990
v 0.00819363 0.07064459 0.01265731
v 0.00819363 0.06989558 0.01071636
v 0.00819363 0.06949376 0.00968065
v 0.00670451 0.06897619 0.00819231
v 0.03628514 0.05666094 0.00438789
v 0.03408507 0.05799823 0.00464070
v 0.03504716 0.05776034 0.00516672
v 0.03210431 0.05931623 0.00513002
v 0.02239501 0.06704421 0.01187441
v 0.01916919 0.06846829 0.01355847
v 0.02297156 0.06716636 0.01273886
v 0.02307060 0.06752961 0.01395807
v 0.02874408 0.06130930 0.00550516
v 0.02916146 0.06086568 0.00508924
v 0.02825242 0.06104570 0.00451429
v 0.02270628 0.06563620 0.00872648
v 0.01861741 0.06644950 0.00819231
v 0.02013128 0.06674846 0.00972958
v 0.01965024 0.06710207 0.01025967
v 0.02064416 0.06697670 0.01056141
v 0.02159563 0.06685454 0.01086723
v 0.02632471 0.06230262 0.00495060
v 0.03017660 0.05978878 0.00412284
v 0.02961067 0.05948661 0.00312790
v 0.02862028 0.05975020 0.00271199
v 0.02667842 0.06100391 0.00308713
v 0.02459154 0.06154396 0.00219820
v 0.02457739 0.06229940 0.00339703
v 0.02410343 0.06121286 0.00126035
v 0.02343492 0.06090426 0.00026541
v 0.02244100 0.06110999 -0.00006488
v 0.02270274 0.06266909 0.00278538
v 0.02159563 0.06282339 0.00252034
v 0.02148952 0.06360133 0.00385372
v 0.02191397 0.06394529 0.00467740
v 0.01892514 0.06543367 0.00618204
v 0.02025154 0.06533723 0.00668767
v 0.02159563 0.06499648 0.00669990
v 0.01985185 0.06566513 0.00717291
v 0.02084224 0.06553654 0.00745018
v 0.02159563 0.06544010 0.00766630
v 0.00978532 0.07034563 0.01253906
v 0.00935379 0.07010453 0.01166645
v 0.00889751 0.06851329 0.00745834
v 0.00831742 0.06882511 0.00804960
v 0.00790359 0.06856794 0.00734417
v 0.00670451 0.06859366 0.00729116
v 0.00521540 0.06898262 0.00819231
v 0.00015030 0.06923980 0.00878357
v 0.03600217 0.05673488 0.00425740
v 0.03309469 0.05826505 0.00419216
v 0.02159563 0.06714386 0.01161344
v 0.01817881 0.06859687 0.01319963
v 0.02025154 0.06596087 0.00804552
v 0.01592569 0.06691562 0.00770300
v 0.01723441 0.06680311 0.00819639
v 0.01861741 0.06690598 0.00921580
v 0.01779681 0.06700884 0.00897929
v 0.01680642 0.06713422 0.00869794
v 0.01723441 0.06739781 0.00955832
v 0.01564272 0.06784143 0.00968065
v 0.01564272 0.06833649 0.01090393
v 0.01700450 0.06816290 0.01130354
v 0.01861741 0.06771284 0.01116898
v 0.02013128 0.06731102 0.01109966
v 0.02994669 0.05818146 0.00134598
v 0.02908717 0.05919407 0.00222267
v 0.02837269 0.05813003 -0.00006080
v 0.02703213 0.05969877 0.00130113
v 0.02459154 0.06064066 0.00075472
v 0.02509735 0.06095248 0.00167627
v 0.02457739 0.05987879 -0.00043186
v 0.02379570 0.05956375 -0.00146758
v 0.02312012 0.06034812 -0.00076623
v 0.02280178 0.05979199 -0.00178971
v 0.02159563 0.06000094 -0.00208330
v 0.02159563 0.06074353 -0.00099458
v 0.02159563 0.06122572 -0.00024837
v 0.02159563 0.06180435 0.00074249
v 0.02159563 0.06239584 0.00177413
v 0.01788170 0.06405138 0.00297703
v 0.02015251 0.06221583 0.00080366
v 0.02092359 0.06406745 0.00443682
v 0.01850422 0.06511864 0.00534205
v 0.02010652 0.06465895 0.00521157
v 0.01793475 0.06555261 0.00592923
v 0.01493531 0.06703778 0.00742980
v 0.01314908 0.06994702 0.01358701
v 0.01215516 0.07006596 0.01325672
v 0.01265743 0.06974128 0.01271848
v 0.01266450 0.06914014 0.01116898
v 0.00978532 0.06981200 0.01116898
v 0.00968274 0.06925265 0.00968065
v 0.00968274 0.06873831 0.00841250
v 0.00968274 0.06842007 0.00766630
v 0.01266450 0.06731423 0.00688339
v 0.01266450 0.06693812 0.00613719
v 0.01191464 0.06702813 0.00595777
v 0.00968274 0.06793787 0.00669990
v 0.00968274 0.06729173 0.00545215
v 0.00968274 0.06639163 0.00372324
v 0.00968274 0.06577121 0.00253257
v 0.00968274 0.06538224 0.00178636
v 0.00866760 0.06549475 0.00157433
v 0.00767721 0.06557833 0.00141938
v 0.00670451 0.06710207 0.00432672
v 0.00670451 0.06822398 0.00654495
v 0.00521540 0.06859687 0.00728708
v 0.00074807 0.06714064 0.00424517
v 0.00015030 0.06714386 0.00424517
v 0.00372629 0.06824005 0.00653680
v 0.00074807 0.06899548 0.00819231
v 0.02969555 0.05655164 -0.00141457
v 0.01741480 0.06840721 0.01220469
v 0.01700450 0.06869009 0.01268585
v 0.01551539 0.06723387 0.00819639
v 0.01180499 0.06849078 0.00900376
v 0.01462404 0.06845543 0.01058995
v 0.01415361 0.06936195 0.01265731
v 0.02936307 0.05786322 0.00035512
v 0.02544752 0.05964734 -0.00010158
v 0.02644144 0.05938374 0.00031026
v 0.02599223 0.05991736 0.00077919
v 0.02675624 0.05806573 -0.00145127
v 0.02618323 0.05774106 -0.00226679
v 0.02760160 0.05588300 -0.00375921
v 0.02722313 0.05532366 -0.00474599
v 0.02454556 0.05857365 -0.00226679
v 0.02606651 0.05636198 -0.00415473
v 0.02402915 0.05819111 -0.00311086
v 0.02308828 0.05786000 -0.00416697
v 0.02321562 0.05924229 -0.00226679
v 0.02226061 0.05806252 -0.00443201
v 0.02159563 0.05946410 -0.00282951
v 0.02058403 0.05653236 -0.00735159
v 0.02010652 0.05787607 -0.00565530
v 0.02010652 0.05840327 -0.00491317
v 0.02083516 0.05957662 -0.00297630
v 0.01657298 0.05963126 -0.00454211
v 0.01709293 0.06001059 -0.00380406
v 0.01713184 0.06082389 -0.00261747
v 0.02010652 0.06094283 -0.00129632
v 0.01660127 0.06261444 -0.00008934
v 0.01759519 0.06248586 0.00012269
v 0.02010652 0.06141860 -0.00055011
v 0.01713184 0.06414460 0.00280985
v 0.01550124 0.06509292 0.00386595
v 0.01713184 0.06372027 0.00206364
v 0.01491055 0.06554297 0.00446129
v 0.01713184 0.06565227 0.00573758
v 0.01266450 0.06792822 0.00819231
v 0.01415361 0.06756497 0.00819231
v 0.01415361 0.06675810 0.00649602
v 0.01125320 0.06884440 0.00957055
v 0.01081107 0.06860652 0.00872240
v 0.01550124 0.06577442 0.00519934
v 0.01415361 0.06563298 0.00429003
v 0.01266450 0.06542081 0.00320538
v 0.01083583 0.06563620 0.00279354
v 0.01376453 0.06413817 0.00133375
v 0.01266450 0.06427319 0.00110132
v 0.00968274 0.06478753 0.00074249
v 0.01564272 0.06432462 0.00248364
v 0.00819363 0.06435999 -0.00050526
v 0.00817948 0.06516364 0.00085259
v 0.00670451 0.06443071 -0.00062759
v 0.00670451 0.06517650 0.00063240
v 0.00670451 0.06560083 0.00137860
v 0.00670451 0.06603803 0.00223082
v 0.00521540 0.06757140 0.00521157
v 0.00372629 0.06859687 0.00728300
v 0.00223718 0.06675167 0.00351935
v 0.00074807 0.06675810 0.00350304
v 0.02870163 0.05681524 -0.00177748
v 0.03285417 0.05367776 -0.00304970
v 0.02798361 0.05644235 -0.00276834
v 0.02821705 0.05506970 -0.00441570
v 0.02765466 0.05473216 -0.00523123
v 0.02647681 0.05494111 -0.00574093
v 0.02468351 0.05623661 -0.00523531
v 0.02251527 0.05668987 -0.00607530
v 0.02159563 0.05632341 -0.00709062
v 0.01809038 0.05814932 -0.00603860
v 0.01908077 0.05801430 -0.00585510
v 0.02024447 0.05923264 -0.00368989
v 0.01564272 0.05975663 -0.00470521
v 0.01415361 0.06069209 -0.00393047
v 0.01556491 0.06055707 -0.00360426
v 0.01600704 0.06097176 -0.00283358
v 0.01927884 0.06104892 -0.00145943
v 0.01564272 0.06225440 -0.00101904
v 0.01334008 0.06254371 -0.00146758
v 0.01564272 0.06273338 -0.00027691
v 0.01158923 0.06397101 0.00013085
v 0.01266450 0.06383921 0.00035512
v 0.01564272 0.06333452 0.00074249
v 0.01711061 0.06292304 0.00066910
v 0.01564272 0.06390672 0.00174151
v 0.01475845 0.06401601 0.00154986
v 0.01112587 0.06439856 0.00067317
v 0.01059531 0.06408996 -0.00006488
v 0.00968274 0.06419925 -0.00024429
v 0.00819363 0.06390029 -0.00125147
v 0.00670451 0.06345025 -0.00223825
v 0.00670451 0.06397744 -0.00137379
v 0.00521540 0.06443714 -0.00063982
v 0.00521540 0.06518293 0.00062424
v 0.00521540 0.06560405 0.00137045
v 0.00015030 0.06634662 0.00273645
v 0.02843282 0.05369705 -0.00604675
v 0.03423717 0.05063351 -0.00594481
v 0.03571213 0.05211545 -0.00295184
v 0.03202296 0.05389958 -0.00333921
v 0.02993608 0.05518864 -0.00308232
v 0.02904473 0.05542331 -0.00338814
v 0.03408861 0.05204473 -0.00434638
v 0.03015891 0.05381921 -0.00472152
v 0.02897399 0.05405709 -0.00521492
v 0.03054445 0.05437534 -0.00373474
v 0.02548289 0.05519507 -0.00606306
v 0.02457739 0.05542331 -0.00635665
v 0.02311658 0.05587336 -0.00672364
v 0.01266450 0.06087532 -0.00419959
v 0.00907082 0.06259193 -0.00302931
v 0.01415361 0.06120965 -0.00318426
v 0.01501666 0.06110035 -0.00302523
v 0.01415361 0.06183650 -0.00223825
v 0.01117185 0.06281053 -0.00187942
v 0.01277061 0.06305163 -0.00088040
v 0.01006474 0.06246978 -0.00283766
v 0.00961553 0.06292304 -0.00229942
v 0.01112587 0.06360455 -0.00063575
v 0.00968274 0.06373313 -0.00098642
v 0.00819363 0.06328952 -0.00223825
v 0.00670451 0.06277838 -0.00329843
v 0.00372629 0.06345668 -0.00223825
v 0.00372629 0.06399030 -0.00139418
v 0.00372629 0.06444035 -0.00064798
v 0.00372629 0.06518615 0.00062832
v 0.00223718 0.06444357 -0.00065206
v 0.00372629 0.06560405 0.00137045
v 0.00074807 0.06607339 0.00223082
v 0.03582885 0.05072030 -0.00454619
v 0.03309469 0.05230833 -0.00468075
v 0.03500472 0.05100319 -0.00488871
v 0.03628514 0.05192257 -0.00257669
v 0.03628514 0.05118642 -0.00351047
v 0.03513205 0.05181327 -0.00379998
v 0.03202296 0.05333058 -0.00408542
v 0.03115283 0.05355882 -0.00438308
v 0.01163167 0.06100070 -0.00437493
v 0.00819363 0.06215796 -0.00391823
v 0.00819363 0.06269480 -0.00317610
v 0.01063775 0.06112285 -0.00453803
v 0.00670451 0.06225118 -0.00404056
v 0.00521540 0.06226083 -0.00404464
v 0.00223718 0.06227369 -0.00404464
v 0.00074807 0.06227690 -0.00404464
v 0.00223718 0.06276874 -0.00330251
v 0.00015030 0.06303877 -0.00287844
v 0.00223718 0.06345346 -0.00223825
v 0.00223718 0.06399030 -0.00139418
v 0.00223718 0.06518615 0.00062832
v 0.00074807 0.06518615 0.00063240
v 0.00074807 0.06560083 0.00137860
v 0.00015030 0.06578729 0.00171704
v 0.00968274 0.06123858 -0.00469298
v 0.00223718 0.06152790 -0.00509667
v 0.00015030 0.06227047 -0.00404464
v 0.00074807 0.06276553 -0.00330251
v 0.00074807 0.06153111 -0.00509259
v 0.00074578 -0.07199213 0.01633976
v 0.00015030 -0.07178183 0.01563842
v 0.00074578 -0.07178517 0.01563842
v 0.00223448 -0.07178183 0.01563842
v 0.00670531 -0.07152481 0.01482241
v 0.00670531 -0.07175846 0.01563842
v 0.00779939 -0.07151479 0.01484446
v 0.00223448 -0.07126444 0.01408137
v 0.00372555 -0.07126444 0.01407696
v 0.00074578 -0.07076708 0.01266106
v 0.00521425 -0.07126110 0.01407696
v 0.00670531 -0.07125109 0.01407696
v 0.00879186 -0.07149143 0.01491944
v 0.00825545 -0.07167836 0.01550610
v 0.00670531 -0.07072369 0.01266106
v 0.00670531 -0.06993926 0.01060558
v 0.00670531 -0.06958544 0.00967929
v 0.00825545 -0.07127445 0.01426663
v 0.00015030 -0.07076708 0.01266106
v 0.00223448 -0.07076041 0.01266106
v 0.00015030 -0.07056347 0.01210970
v 0.00074578 -0.07025637 0.01128045
v 0.00372555 -0.07075039 0.01266106
v 0.00521425 -0.07074038 0.01266106
v 0.00968272 -0.07139462 0.01524144
v 0.00968272 -0.07160825 0.01598689
v 0.00968272 -0.07170506 0.01633976
v 0.00819402 -0.07066026 0.01266106
v 0.00819402 -0.06990255 0.01069821
v 0.00819402 -0.06950866 0.00967929
v 0.00937316 -0.07010949 0.01165537
v 0.00968272 -0.07100408 0.01414754
v 0.00372555 -0.07024302 0.01130250
v 0.00521425 -0.06994927 0.01057911
v 0.00521425 -0.06959878 0.00967929
v 0.00670531 -0.06898126 0.00818840
v 0.00372555 -0.06995595 0.01055706
v 0.00223448 -0.07024969 0.01128486
v 0.00074578 -0.06996262 0.01053500
v 0.00223448 -0.06996262 0.01054383
v 0.01117378 -0.07064357 0.01414754
v 0.01266249 -0.07025971 0.01410343
v 0.01386526 -0.07012285 0.01456657
v 0.01563989 -0.06990255 0.01519733
v 0.01563989 -0.07015957 0.01594278
v 0.01658273 -0.07005943 0.01633976
v 0.01051214 -0.07151813 0.01633976
v 0.00829799 -0.06882770 0.00805166
v 0.00886511 -0.06851060 0.00746501
v 0.00968272 -0.06926499 0.00967929
v 0.00979614 -0.06981909 0.01116135
v 0.00979614 -0.07035317 0.01253314
v 0.01117378 -0.07018961 0.01293895
v 0.01217098 -0.07007278 0.01323889
v 0.00372555 -0.06960880 0.00967929
v 0.00521425 -0.06899127 0.00818840
v 0.00372555 -0.06860407 0.00727093
v 0.00521425 -0.06859739 0.00728416
v 0.00670531 -0.06859072 0.00730181
v 0.00787028 -0.06856401 0.00735915
v 0.00015030 -0.06996262 0.01053941
v 0.00015030 -0.06982243 0.01019536
v 0.00074578 -0.06961214 0.00967929
v 0.00223448 -0.06961214 0.00967929
v 0.02300778 -0.06821351 0.01573547
v 0.01427643 -0.06985581 0.01410343
v 0.01316108 -0.06994593 0.01357412
v 0.01741688 -0.06840378 0.01223761
v 0.01979644 -0.06863077 0.01457539
v 0.01654020 -0.07004607 0.01626918
v 0.01700335 -0.06867416 0.01270517
v 0.01811869 -0.06858069 0.01323007
v 0.02336460 -0.06691170 0.01225085
v 0.02245956 -0.06854732 0.01629565
v 0.00968272 -0.06841714 0.00767232
v 0.00968272 -0.06874426 0.00841777
v 0.00760799 -0.06704856 0.00442589
v 0.00729134 -0.06553645 0.00149705
v 0.00819402 -0.06547637 0.00160732
v 0.00819402 -0.06501239 0.00074279
v 0.00968272 -0.06533618 0.00186316
v 0.00968272 -0.06633423 0.00372015
v 0.00968272 -0.06728222 0.00548451
v 0.01117378 -0.06711866 0.00578887
v 0.01193231 -0.06703187 0.00594766
v 0.01117378 -0.06758597 0.00670192
v 0.01252070 -0.06725885 0.00668869
v 0.01079806 -0.06861074 0.00872212
v 0.01124704 -0.06885108 0.00957784
v 0.01362660 -0.06857402 0.01029681
v 0.01266012 -0.06915149 0.01117017
v 0.01117378 -0.06989920 0.01219350
v 0.01563989 -0.06862743 0.01164655
v 0.01642441 -0.06852729 0.01188915
v 0.00372555 -0.06899794 0.00818840
v 0.00223448 -0.06860407 0.00726211
v 0.00074578 -0.06825024 0.00651667
v 0.00074578 -0.06760600 0.00521104
v 0.00372555 -0.06823355 0.00652549
v 0.00074578 -0.06713201 0.00426710
v 0.00223448 -0.06712200 0.00428474
v 0.00372555 -0.06710865 0.00431562
v 0.00670531 -0.06820684 0.00656077
v 0.00015030 -0.06899460 0.00818840
v 0.00223448 -0.06899794 0.00818840
v 0.02079127 -0.06850392 0.01494150
v 0.02159706 -0.06802326 0.01414754
v 0.02308813 -0.06764273 0.01414754
v 0.02403806 -0.06708527 0.01324771
v 0.02429090 -0.06716873 0.01367998
v 0.02236977 -0.06703521 0.01189797
v 0.02295580 -0.06664466 0.01130691
v 0.01414882 -0.06713201 0.00723564
v 0.01491917 -0.06703521 0.00743413
v 0.01124704 -0.06827694 0.00821045
v 0.00670531 -0.06750253 0.00521104
v 0.00629651 -0.06554981 0.00147059
v 0.00675730 -0.06522602 0.00087952
v 0.00670531 -0.06440487 -0.00058490
v 0.00819402 -0.06433143 -0.00046139
v 0.00968272 -0.06471530 0.00074279
v 0.01266012 -0.06541628 0.00319966
v 0.01179053 -0.06551309 0.00302764
v 0.01079806 -0.06561990 0.00282915
v 0.01266012 -0.06581684 0.00394511
v 0.01414882 -0.06564660 0.00426269
v 0.01494516 -0.06555314 0.00444354
v 0.01414882 -0.06613061 0.00521104
v 0.01292242 -0.06691504 0.00618585
v 0.01414882 -0.06676817 0.00649020
v 0.01266012 -0.06791978 0.00818840
v 0.01414882 -0.06754926 0.00818840
v 0.01179053 -0.06848723 0.00901324
v 0.01461907 -0.06845052 0.01059235
v 0.01413228 -0.06878098 0.01112165
v 0.01413228 -0.06821685 0.00974986
v 0.02057151 -0.06695843 0.01059676
v 0.02008709 -0.06729557 0.01112165
v 0.02159706 -0.06713201 0.01165537
v 0.00074578 -0.06860407 0.00726211
v 0.00015030 -0.06846387 0.00696658
v 0.00015030 -0.06741907 0.00482729
v 0.00074578 -0.06675482 0.00352166
v 0.00223448 -0.06673478 0.00353930
v 0.00372555 -0.06671810 0.00357018
v 0.00521425 -0.06753924 0.00521104
v 0.02159706 -0.06682825 0.01090993
v 0.02312357 -0.06587025 0.00959548
v 0.02364343 -0.06548972 0.00904412
v 0.02429090 -0.06571670 0.01002775
v 0.01794147 -0.06555648 0.00592119
v 0.02023124 -0.06594035 0.00805607
v 0.01591164 -0.06690836 0.00772525
v 0.01774534 -0.06699849 0.00901324
v 0.01675287 -0.06712200 0.00871771
v 0.01550520 -0.06721880 0.00821045
v 0.01893394 -0.06543297 0.00619026
v 0.02023124 -0.06532949 0.00669310
v 0.01981534 -0.06565662 0.00718271
v 0.00521425 -0.06556316 0.00144412
v 0.00372555 -0.06557985 0.00141324
v 0.00521425 -0.06515926 0.00069868
v 0.00521425 -0.06441489 -0.00060695
v 0.00223448 -0.06398763 -0.00138768
v 0.00372555 -0.06397427 -0.00137004
v 0.00521425 -0.06396092 -0.00135240
v 0.00670531 -0.06394423 -0.00133034
v 0.00968272 -0.06417456 -0.00020556
v 0.00819402 -0.06386412 -0.00120684
v 0.01107690 -0.06436481 0.00069427
v 0.01266012 -0.06486885 0.00223367
v 0.01414882 -0.06524271 0.00351725
v 0.02010836 -0.06416453 0.00426269
v 0.02090706 -0.06406440 0.00444354
v 0.01712859 -0.06528276 0.00497726
v 0.01552174 -0.06579014 0.00519339
v 0.01563989 -0.06780963 0.00967929
v 0.01957904 -0.06708194 0.01029681
v 0.02159706 -0.06630085 0.00967929
v 0.00015030 -0.06607386 0.00223367
v 0.00074578 -0.06606719 0.00223367
v 0.00223448 -0.06604716 0.00223367
v 0.00372555 -0.06601378 0.00223367
v 0.02308813 -0.06459180 0.00670192
v 0.02384193 -0.06405438 0.00594766
v 0.01851096 -0.06512254 0.00533895
v 0.02010836 -0.06465522 0.00521104
v 0.02148127 -0.06429806 0.00519339
v 0.02308813 -0.06415452 0.00574476
v 0.02159706 -0.06497901 0.00670192
v 0.00223448 -0.06559320 0.00139119
v 0.00372555 -0.06516260 0.00066780
v 0.00223448 -0.06442156 -0.00064665
v 0.00223448 -0.06516594 0.00064575
v 0.00074578 -0.06399430 -0.00140092
v 0.00074578 -0.06344353 -0.00223458
v 0.00223448 -0.06342351 -0.00223458
v 0.00372555 -0.06339680 -0.00223458
v 0.00372555 -0.06272586 -0.00322703
v 0.00521425 -0.06270918 -0.00320057
v 0.00670531 -0.06333004 -0.00223458
v 0.00783011 -0.06263907 -0.00309912
v 0.01051686 -0.06407107 -0.00003795
v 0.00968272 -0.06370723 -0.00095100
v 0.01330995 -0.06253894 -0.00145385
v 0.00827436 -0.06305632 -0.00236249
v 0.00968272 -0.06295952 -0.00206255
v 0.01151169 -0.06394757 0.00016937
v 0.01368095 -0.06411780 0.00136913
v 0.01416537 -0.06445161 0.00214104
v 0.01563989 -0.06431141 0.00253361
v 0.01681195 -0.06416120 0.00278945
v 0.02190189 -0.06393421 0.00469055
v 0.01861729 -0.06392754 0.00318643
v 0.02010836 -0.06373394 0.00351725
v 0.02148127 -0.06357371 0.00385689
v 0.00015030 -0.06588360 0.00188962
v 0.00074578 -0.06559987 0.00138237
v 0.02429090 -0.06361043 0.00549775
v 0.02308813 -0.06377399 0.00499931
v 0.02312594 -0.06299290 0.00362752
v 0.02364816 -0.06250222 0.00307175
v 0.00074578 -0.06517261 0.00063692
v 0.00015030 -0.06442824 -0.00065547
v 0.00015030 -0.06425466 -0.00095541
v 0.00015030 -0.06377399 -0.00173615
v 0.00074578 -0.06275257 -0.00326673
v 0.00223448 -0.06274255 -0.00324909
v 0.00223448 -0.06149080 -0.00508844
v 0.00372555 -0.06096340 -0.00580300
v 0.00521425 -0.06094338 -0.00577654
v 0.00670531 -0.06217843 -0.00391513
v 0.00670531 -0.06143406 -0.00499581
v 0.00670531 -0.06092001 -0.00574125
v 0.00760326 -0.05961819 -0.00749679
v 0.00827436 -0.06216508 -0.00364607
v 0.00882494 -0.06253560 -0.00294473
v 0.01414882 -0.06287607 -0.00053638
v 0.01117378 -0.06278928 -0.00181995
v 0.01231748 -0.06265576 -0.00163028
v 0.01592818 -0.06095673 -0.00282123
v 0.01712859 -0.06131389 -0.00185524
v 0.01826520 -0.06117036 -0.00164352
v 0.01926003 -0.06104352 -0.00144944
v 0.01563989 -0.06224519 -0.00096424
v 0.01493571 -0.06108024 -0.00299766
v 0.00968272 -0.06243879 -0.00280800
v 0.01416537 -0.06367385 0.00082218
v 0.01467341 -0.06399430 0.00158086
v 0.01563989 -0.06387413 0.00178817
v 0.01861729 -0.06274923 0.00116623
v 0.01959795 -0.06262238 0.00138237
v 0.02159706 -0.06118371 -0.00019674
v 0.02159706 -0.06173114 0.00074279
v 0.02265569 -0.06265242 0.00281591
v 0.02237213 -0.06108024 -0.00002030
v 0.02429090 -0.06235201 0.00330552
v 0.02281638 -0.05979845 -0.00180231
v 0.02381121 -0.05957146 -0.00147590
v 0.02407823 -0.06119372 0.00128974
v 0.00015030 -0.06224519 -0.00400776
v 0.00074578 -0.06150416 -0.00510608
v 0.00074578 -0.06099345 -0.00585152
v 0.00223448 -0.06098009 -0.00582947
v 0.00521425 -0.06030248 -0.00670283
v 0.00670531 -0.05965825 -0.00754972
v 0.01364786 -0.05815616 -0.00752767
v 0.00859809 -0.05950136 -0.00733359
v 0.01266012 -0.06082654 -0.00412686
v 0.01266012 -0.06135395 -0.00338141
v 0.01047197 -0.06108024 -0.00448414
v 0.00968272 -0.06179456 -0.00372546
v 0.00819402 -0.06081653 -0.00560010
v 0.01563989 -0.06268915 -0.00021879
v 0.01117378 -0.06226856 -0.00256540
v 0.01414882 -0.06117703 -0.00312999
v 0.01712859 -0.06080318 -0.00260068
v 0.01563989 -0.05971833 -0.00466058
v 0.02086689 -0.05958482 -0.00298884
v 0.02145764 -0.05992195 -0.00227428
v 0.02010836 -0.06093670 -0.00126418
v 0.02010836 -0.06137732 -0.00051873
v 0.01307129 -0.05950136 -0.00585152
v 0.01414882 -0.05937118 -0.00566626
v 0.02159706 -0.06074643 -0.00093777
v 0.02429090 -0.06133392 0.00167790
v 0.02186172 -0.05943127 -0.00279476
v 0.02322282 -0.05925101 -0.00227428
v 0.02429090 -0.05974837 -0.00081868
v 0.02429090 -0.06095005 0.00106919
v 0.00015030 -0.06099345 -0.00584711
v 0.00521425 -0.05968495 -0.00758501
v 0.01563989 -0.05918425 -0.00540602
v 0.01117378 -0.05919761 -0.00690573
v 0.00968272 -0.05937452 -0.00715274
v 0.01117378 -0.05972835 -0.00616470
v 0.01260814 -0.06000540 -0.00530016
v -0.02010825 -0.07075277 0.03895451
v -0.00819399 -0.07373273 0.03894946
v -0.02159693 -0.07075277 0.03893428
v -0.01563980 -0.07224372 0.03892922
v -0.00968267 -0.07373273 0.03892417
v -0.00819399 -0.07464051 0.03883819
v -0.01563980 -0.07311652 0.03881796
v -0.00968267 -0.07459969 0.03881289
v -0.00819399 -0.07502735 0.03798344
v -0.00670530 -0.07503318 0.03798344
v -0.00074578 -0.07523340 0.03649141
v -0.01069584 -0.07452972 0.03877243
v -0.00968267 -0.07490099 0.03798344
v -0.00819399 -0.07520424 0.03649141
v -0.00670530 -0.07521591 0.03649141
v -0.00521422 -0.07522562 0.03649141
v -0.00372554 -0.07523146 0.03649141
v -0.00223446 -0.07523340 0.03649141
v -0.02397453 -0.07153421 0.03749789
v -0.01714999 -0.07313402 0.03797837
v -0.01118569 -0.07461330 0.03796320
v -0.01203159 -0.07450639 0.03745238
v -0.00968267 -0.07503318 0.03649141
v -0.00819399 -0.07511288 0.03500446
v -0.00521422 -0.07514203 0.03500446
v -0.00372554 -0.07515564 0.03500446
v -0.00074578 -0.07517119 0.03500446
v -0.02426127 -0.05551282 -0.00641806
v -0.02159693 -0.07213292 0.03649141
v -0.02010825 -0.07250420 0.03649141
v -0.01876293 -0.07283854 0.03649141
v -0.01801979 -0.07302321 0.03649141
v -0.01203159 -0.07450639 0.03679488
v -0.01131234 -0.07465218 0.03637509
v -0.01085355 -0.07458025 0.03351243
v -0.00968267 -0.07484657 0.03351243
v -0.00819399 -0.07492821 0.03202547
v -0.00670530 -0.07503512 0.03351243
v -0.00372554 -0.07506428 0.03351243
v -0.00223446 -0.07507595 0.03351243
v -0.00074578 -0.07508178 0.03351243
v -0.02159693 -0.05631369 -0.00705532
v -0.02248345 -0.05667330 -0.00604884
v -0.02309518 -0.05587049 -0.00670634
v -0.02347750 -0.05643421 -0.00572515
v -0.02380965 -0.07149339 0.03439753
v -0.01793854 -0.07300378 0.03547988
v -0.01712849 -0.07324287 0.03649141
v -0.01724318 -0.07314374 0.03498928
v -0.01563980 -0.07353056 0.03500446
v -0.01065521 -0.07453165 0.03202547
v -0.00968267 -0.07475326 0.03202547
v -0.00819399 -0.07479991 0.03053345
v -0.00670530 -0.07481352 0.03053345
v -0.00670530 -0.07493987 0.03202547
v -0.00372554 -0.07495154 0.03202547
v -0.00223446 -0.07495543 0.03202547
v -0.02054315 -0.05652363 -0.00732844
v -0.02159693 -0.05685215 -0.00631184
v -0.02216564 -0.05803013 -0.00437981
v -0.02426127 -0.05676856 -0.00475913
v -0.02269134 -0.05973685 -0.00170934
v -0.02314775 -0.05916341 -0.00221511
v -0.02368539 -0.05951525 -0.00139577
v -0.01850964 -0.07283466 0.03498928
v -0.02370212 -0.07146618 0.03351243
v -0.02295658 -0.07165084 0.03351243
v -0.01781668 -0.07297461 0.03448857
v -0.01693971 -0.07312235 0.03351243
v -0.01673421 -0.07307181 0.03202547
v -0.01051184 -0.07449861 0.03110497
v -0.00973524 -0.07461330 0.03057897
v -0.00927167 -0.07455304 0.02930443
v -0.00885589 -0.07447529 0.02830807
v -0.00829196 -0.07457832 0.02889982
v -0.00670530 -0.07462692 0.02904649
v -0.00521422 -0.07464440 0.02904649
v -0.00223446 -0.07453360 0.02791357
v -0.00223446 -0.07466384 0.02904649
v -0.00521422 -0.07481741 0.03053345
v -0.01955148 -0.05665581 -0.00751052
v -0.01804607 -0.05814287 -0.00602356
v -0.01903773 -0.05800097 -0.00582125
v -0.02010825 -0.05784740 -0.00559871
v -0.02010825 -0.05836253 -0.00485523
v -0.02159693 -0.05992152 -0.00197740
v -0.02234008 -0.06107229 0.00000522
v -0.02308801 -0.06092261 0.00020752
v -0.02413224 -0.06122974 0.00126964
v -0.02426127 -0.06107035 0.00113308
v -0.02426127 -0.07117848 0.03202547
v -0.02343210 -0.07139425 0.03202547
v -0.02268657 -0.07158475 0.03202547
v -0.02010825 -0.07224178 0.03202547
v -0.01861956 -0.07261500 0.03202547
v -0.02159693 -0.07198519 0.03351243
v -0.02010825 -0.07235063 0.03351243
v -0.01861956 -0.07271414 0.03351243
v -0.01747736 -0.07289297 0.03202547
v -0.01654783 -0.07302710 0.03097853
v -0.01026572 -0.07444030 0.03010860
v -0.01117375 -0.07406902 0.02904649
v -0.00973524 -0.07438392 0.02889982
v -0.00968267 -0.07395044 0.02606245
v -0.00968267 -0.07371523 0.02457549
v -0.00968267 -0.07346641 0.02308347
v -0.00819399 -0.07365886 0.02308347
v -0.00819399 -0.07390767 0.02457549
v -0.00670530 -0.07394072 0.02457549
v -0.00670530 -0.07417204 0.02606245
v -0.00372554 -0.07452583 0.02798943
v -0.00521422 -0.07420120 0.02606245
v -0.00074578 -0.07453360 0.02788322
v -0.00223446 -0.07442475 0.02717009
v -0.00074578 -0.07443252 0.02713468
v -0.00074578 -0.07466384 0.02904649
v -0.00861215 -0.05950553 -0.00733856
v -0.01210567 -0.05963188 -0.00601850
v -0.01414873 -0.05992735 -0.00493109
v -0.01563980 -0.05973879 -0.00467821
v -0.01651437 -0.05962022 -0.00451636
v -0.01857177 -0.05850832 -0.00528007
v -0.02015843 -0.05917507 -0.00365655
v -0.02174508 -0.06074766 -0.00071804
v -0.02134842 -0.06121225 -0.00020215
v -0.02174508 -0.06163018 0.00059697
v -0.02308801 -0.06143968 0.00095606
v -0.02314536 -0.06223084 0.00226600
v -0.02368061 -0.06251464 0.00306512
v -0.02426127 -0.06131722 0.00151747
v -0.02245717 -0.07152838 0.03105440
v -0.02010825 -0.07207849 0.03053345
v -0.01861956 -0.07246143 0.03053345
v -0.01707831 -0.07283660 0.03050311
v -0.01627781 -0.07296101 0.02998722
v -0.01266004 -0.07370940 0.02904649
v -0.01117375 -0.07383770 0.02755447
v -0.01468398 -0.07293768 0.02715492
v -0.01563980 -0.07254308 0.02606245
v -0.01368993 -0.07305626 0.02637603
v -0.01117375 -0.07360249 0.02606245
v -0.01117375 -0.07336728 0.02457549
v -0.01203876 -0.07301738 0.02368028
v -0.01115941 -0.07312624 0.02314416
v -0.01164449 -0.07292019 0.02268897
v -0.01065283 -0.07304460 0.02212756
v -0.00961337 -0.07314179 0.02161674
v -0.00906856 -0.07301349 0.02076199
v -0.00819399 -0.07331286 0.02159651
v -0.00670530 -0.07334590 0.02159651
v -0.00670530 -0.07368219 0.02308347
v -0.00521422 -0.07395822 0.02457549
v -0.00372554 -0.07422453 0.02606245
v -0.00372554 -0.07441114 0.02724595
v -0.00223446 -0.07424008 0.02606245
v -0.00074578 -0.07424591 0.02606245
v 0.00015030 -0.07424785 0.02606245
v 0.00015030 -0.07443252 0.02713468
v -0.00761811 -0.05962216 -0.00749535
v -0.00814619 -0.06000510 -0.00678727
v -0.01106622 -0.06054550 -0.00507777
v -0.01262659 -0.06002454 -0.00530031
v -0.01266004 -0.06084291 -0.00413704
v -0.01414873 -0.06067185 -0.00387404
v -0.01550360 -0.06052800 -0.00357563
v -0.01750603 -0.05947832 -0.00431406
v -0.01712849 -0.06078654 -0.00254386
v -0.01914287 -0.06101397 -0.00140082
v -0.02010825 -0.06087790 -0.00120357
v -0.01861956 -0.05983404 -0.00333792
v -0.02010825 -0.06137942 -0.00046009
v -0.02017038 -0.06218807 0.00080939
v -0.02070802 -0.06252631 0.00155793
v -0.02159693 -0.06240967 0.00176529
v -0.02268896 -0.06266627 0.00278695
v -0.02382160 -0.06405030 0.00596824
v -0.02426127 -0.06394728 0.00614525
v -0.02300676 -0.07131455 0.03054862
v -0.02166145 -0.07167028 0.03054862
v -0.02094698 -0.07152254 0.02813610
v -0.02010825 -0.07186855 0.02904649
v -0.01861956 -0.07224955 0.02904649
v -0.01712849 -0.07261889 0.02904649
v -0.01600062 -0.07289492 0.02904649
v -0.01554661 -0.07279578 0.02761010
v -0.01336257 -0.07297850 0.02538472
v -0.01712849 -0.07218152 0.02606245
v -0.01563980 -0.07230593 0.02457549
v -0.01414873 -0.07266360 0.02457549
v -0.01309255 -0.07291435 0.02457549
v -0.01712849 -0.07194436 0.02457549
v -0.01804607 -0.07154199 0.02363981
v -0.01414873 -0.07238562 0.02308347
v -0.01563980 -0.07201824 0.02308347
v -0.01006261 -0.07291435 0.02113120
v -0.01414873 -0.07205905 0.02159651
v -0.01266004 -0.07242645 0.02159651
v -0.01517145 -0.07156725 0.02056474
v -0.01466726 -0.07144673 0.01957343
v -0.01266004 -0.07205128 0.02010449
v -0.00819399 -0.07304460 0.02066083
v -0.00961337 -0.07273746 0.02020058
v -0.00968267 -0.07090829 0.01414653
v -0.00931707 -0.07157503 0.01612914
v -0.00819399 -0.07066141 0.01266462
v -0.00819399 -0.07111044 0.01414653
v -0.00819399 -0.07141563 0.01517324
v -0.00670530 -0.07306793 0.02057485
v -0.00521422 -0.07307959 0.02051922
v -0.00372554 -0.07308348 0.02048887
v -0.00521422 -0.07335756 0.02159651
v -0.00521422 -0.07368608 0.02308347
v -0.00372554 -0.07396600 0.02457549
v -0.00670530 -0.05966298 -0.00755098
v -0.00819399 -0.06134832 -0.00486029
v -0.00819399 -0.06082736 -0.00560377
v -0.00670530 -0.06025781 -0.00670129
v -0.00670530 -0.06092456 -0.00574032
v -0.00785945 -0.06264877 -0.00310021
v -0.00521422 -0.05968437 -0.00758132
v -0.00968267 -0.06065824 -0.00536606
v -0.01149155 -0.06097704 -0.00432923
v -0.00968267 -0.06297145 -0.00207350
v -0.01266004 -0.06136192 -0.00339355
v -0.01414873 -0.06117726 -0.00313055
v -0.01491577 -0.06107812 -0.00298388
v -0.01590982 -0.06094983 -0.00278663
v -0.01815121 -0.06114616 -0.00159807
v -0.01863629 -0.06151549 -0.00083942
v -0.01704724 -0.06207144 -0.00062194
v -0.01748931 -0.06246410 0.00015695
v -0.01971397 -0.06265071 0.00135056
v -0.01059787 -0.06409501 -0.00006559
v -0.01475806 -0.06401920 0.00155287
v -0.01726708 -0.06378399 0.00225589
v -0.01785491 -0.06404836 0.00298925
v -0.02159693 -0.06281594 0.00251383
v -0.01984540 -0.06417859 0.00422839
v -0.02159693 -0.06433994 0.00541189
v -0.01496356 -0.06555875 0.00443575
v -0.02322899 -0.06450906 0.00655999
v -0.02315013 -0.06530410 0.00821385
v -0.02369017 -0.06550432 0.00903320
v -0.02426127 -0.06506695 0.00849202
v -0.02159693 -0.06345742 0.00372768
v -0.02014170 -0.07165084 0.02760505
v -0.02308801 -0.07067113 0.02606245
v -0.01712849 -0.07240118 0.02755447
v -0.01861956 -0.07181024 0.02606245
v -0.01938182 -0.07150310 0.02529368
v -0.01857416 -0.07160613 0.02470699
v -0.01904012 -0.07141758 0.02430237
v -0.02159693 -0.07052729 0.02308347
v -0.01760161 -0.07143118 0.02264345
v -0.01660996 -0.07155559 0.02208710
v -0.02399603 -0.07005103 0.02365499
v -0.01117375 -0.07238368 0.02010449
v -0.01616550 -0.07144284 0.02109580
v -0.01565653 -0.07133204 0.02008426
v -0.01563980 -0.07095299 0.01861753
v -0.01416306 -0.07130677 0.01863776
v -0.01367321 -0.07155948 0.01914353
v -0.00670530 -0.07249837 0.01861753
v -0.00670530 -0.07285216 0.01982632
v -0.00670530 -0.07118431 0.01414653
v -0.01203876 -0.07152449 0.01778807
v -0.01117375 -0.07161196 0.01749472
v -0.01117375 -0.07059726 0.01414653
v -0.00968267 -0.07043981 0.01266462
v -0.01117375 -0.07105407 0.01563855
v -0.01266004 -0.07074694 0.01563855
v -0.00670530 -0.07072945 0.01266462
v -0.00968267 -0.07010352 0.01169354
v -0.00819399 -0.07022015 0.01140526
v -0.00223446 -0.07218346 0.01712551
v -0.00521422 -0.07287353 0.01977574
v -0.00074578 -0.07221457 0.01712551
v -0.00372554 -0.07288714 0.01974539
v -0.00074578 -0.07261305 0.01861753
v -0.00223446 -0.07289297 0.01972516
v -0.00074578 -0.07289686 0.01970999
v -0.00074578 -0.07309125 0.02045853
v -0.00372554 -0.07335950 0.02159651
v -0.00074578 -0.07336339 0.02159651
v 0.00015030 -0.07336339 0.02159651
v -0.00521422 -0.06030057 -0.00670129
v -0.00828957 -0.06217641 -0.00364644
v -0.00885111 -0.06254380 -0.00294848
v -0.00968267 -0.06245049 -0.00281698
v -0.00968267 -0.06181485 -0.00372230
v -0.00670530 -0.06143968 -0.00499684
v -0.00670530 -0.06269737 -0.00317102
v -0.00670530 -0.06334273 -0.00223029
v -0.00670530 -0.06395311 -0.00134013
v -0.00819399 -0.06387535 -0.00122886
v -0.00828957 -0.06306864 -0.00236684
v -0.00074578 -0.06099259 -0.00584148
v -0.00968267 -0.06371596 -0.00098104
v -0.01117375 -0.06279067 -0.00182061
v -0.01414873 -0.06176819 -0.00223029
v -0.01414873 -0.06240967 -0.00124909
v -0.01414873 -0.06289564 -0.00050561
v -0.01563980 -0.06270320 -0.00021227
v -0.01563980 -0.06221723 -0.00095575
v -0.00968267 -0.06478897 0.00074870
v -0.01266004 -0.06427579 0.00110779
v -0.01376401 -0.06414166 0.00134045
v -0.01271739 -0.06303560 -0.00085459
v -0.01325265 -0.06252436 -0.00142611
v -0.00968267 -0.06420776 -0.00023755
v -0.01266004 -0.06491727 0.00223566
v -0.01421802 -0.06447407 0.00212439
v -0.01563980 -0.06432633 0.00249360
v -0.01414873 -0.06525744 0.00350514
v -0.01414873 -0.06565983 0.00424862
v -0.00996703 -0.06691945 0.00468864
v -0.01117375 -0.06677367 0.00499210
v -0.01117375 -0.06713912 0.00573558
v -0.01891348 -0.06542850 0.00619077
v -0.02010825 -0.06527883 0.00649929
v -0.02145834 -0.06510583 0.00684827
v -0.02087051 -0.06554513 0.00744002
v -0.02186456 -0.06542268 0.00772831
v -0.01776410 -0.06700110 0.00900791
v -0.02269851 -0.06563067 0.00871962
v -0.01640207 -0.06852510 0.01190597
v -0.01816555 -0.06859507 0.01321591
v -0.02403904 -0.06708468 0.01326143
v -0.02426127 -0.06717022 0.01363064
v -0.02034959 -0.07137092 0.02606245
v -0.02308801 -0.07044175 0.02457549
v -0.02159693 -0.07081886 0.02457549
v -0.01861956 -0.07093744 0.02159651
v -0.02426127 -0.07002382 0.02388764
v -0.02426127 -0.06982554 0.02300254
v -0.02254797 -0.07006270 0.02213262
v -0.02306172 -0.07016572 0.02312899
v -0.01303042 -0.07141952 0.01815222
v -0.01712849 -0.07096659 0.02010449
v -0.01712849 -0.07057393 0.01861753
v -0.01808908 -0.07006464 0.01768185
v -0.01563980 -0.07052534 0.01712551
v -0.01414873 -0.07087912 0.01712551
v -0.00310904 -0.07150310 0.01487989
v -0.00372554 -0.07214458 0.01712551
v -0.00521422 -0.07122319 0.01414653
v -0.01258358 -0.07124262 0.01722666
v -0.01266482 -0.07024931 0.01409595
v -0.01429210 -0.07034067 0.01549187
v -0.01103037 -0.07015211 0.01271014
v -0.01044016 -0.07001216 0.01191103
v -0.00670530 -0.07025125 0.01132433
v -0.00521422 -0.07074889 0.01266462
v -0.00223446 -0.07151088 0.01485460
v -0.01103037 -0.06962144 0.01131928
v -0.01266004 -0.06868838 0.01003462
v -0.00968267 -0.06979056 0.01095006
v -0.00819399 -0.06991108 0.01065672
v -0.00670530 -0.06994801 0.01057579
v -0.00223446 -0.07174610 0.01563855
v -0.00372554 -0.07257613 0.01861753
v -0.00074578 -0.07177525 0.01563855
v 0.00015030 -0.07222039 0.01712551
v 0.00015030 -0.07289686 0.01971505
v 0.00015030 -0.07325453 0.02114131
v -0.00223446 -0.06399199 -0.00139071
v -0.00670530 -0.06443907 -0.00059665
v -0.00819399 -0.06436910 -0.00048538
v -0.00074578 -0.06274985 -0.00325194
v -0.00816770 -0.06516997 0.00085997
v -0.00864561 -0.06549072 0.00157816
v -0.00968267 -0.06537797 0.00178552
v -0.01129800 -0.06526328 0.00226600
v -0.01266004 -0.06543628 0.00316627
v -0.01266004 -0.06584450 0.00391481
v -0.00897537 -0.06703804 0.00445599
v -0.00955602 -0.06726936 0.00519947
v -0.00968267 -0.06794582 0.00670666
v -0.01389066 -0.06715078 0.00719220
v -0.01488232 -0.06702637 0.00745520
v -0.01563980 -0.06726936 0.00840604
v -0.01677006 -0.06712940 0.00871962
v -0.01563980 -0.06781363 0.00968564
v -0.01563980 -0.06831905 0.01092477
v -0.01563980 -0.06862035 0.01166826
v -0.01563980 -0.06901495 0.01266462
v -0.01699228 -0.06868838 0.01270002
v -0.01563980 -0.06956312 0.01414653
v -0.01712849 -0.06919184 0.01414653
v -0.01915960 -0.06846678 0.01354972
v -0.02426127 -0.06736071 0.01412124
v -0.02426127 -0.06954757 0.02192020
v -0.02106646 -0.07006659 0.02063555
v -0.02009152 -0.07019294 0.02012472
v -0.01861956 -0.07057782 0.02010449
v -0.01859806 -0.07019294 0.01863270
v -0.01908313 -0.06993634 0.01814716
v -0.02244283 -0.06854648 0.01629099
v -0.01859806 -0.06978278 0.01716091
v -0.01706636 -0.07017350 0.01716091
v -0.01752276 -0.06991885 0.01669054
v -0.01652871 -0.07004520 0.01627076
v -0.01563980 -0.07015989 0.01593189
v -0.01316662 -0.06995189 0.01356489
v -0.01217257 -0.07007048 0.01323614
v -0.01389066 -0.07012296 0.01456126
v -0.01488471 -0.07000633 0.01490012
v -0.01266004 -0.06916074 0.01117260
v -0.01361108 -0.06856980 0.01030774
v -0.00521422 -0.06995384 0.01056568
v -0.00521422 -0.07025319 0.01130916
v -0.00372554 -0.07075860 0.01266462
v -0.00074578 -0.07151866 0.01483437
v -0.01412483 -0.06821602 0.00976150
v -0.01266004 -0.06836958 0.00929114
v -0.01174246 -0.06847844 0.00903320
v -0.00968267 -0.06924821 0.00968564
v -0.00872924 -0.06849594 0.00750577
v -0.00821788 -0.06879918 0.00807729
v -0.00773519 -0.06855036 0.00737427
v -0.00670530 -0.06957090 0.00968564
v -0.00521422 -0.06895275 0.00819362
v -0.00372554 -0.06896635 0.00819362
v -0.00223446 -0.06897996 0.00819362
v 0.00015030 -0.07168000 0.01531485
v -0.00074578 -0.06344187 -0.00223029
v -0.00074578 -0.06399976 -0.00139577
v -0.00670530 -0.06518358 0.00065260
v -0.00765156 -0.06557430 0.00143148
v -0.00968267 -0.06579395 0.00252900
v -0.01187866 -0.06553153 0.00299937
v -0.00819399 -0.06709246 0.00435483
v -0.00819399 -0.06752400 0.00521464
v -0.00968267 -0.06839680 0.00773337
v -0.01266004 -0.06789528 0.00819362
v -0.01429210 -0.06743847 0.00805201
v -0.01460513 -0.06844734 0.01060614
v -0.01429210 -0.06987025 0.01409595
v -0.02085379 -0.06851926 0.01489506
v -0.02308801 -0.06767562 0.01414653
v -0.02343688 -0.06841429 0.01678158
v -0.01958255 -0.07006853 0.01913847
v -0.02009152 -0.06979833 0.01863270
v -0.02299959 -0.06823351 0.01573464
v -0.02184545 -0.06839485 0.01529968
v -0.01563980 -0.06991302 0.01518335
v -0.00223446 -0.06995967 0.01055051
v -0.00074578 -0.07025903 0.01128893
v -0.00074578 -0.07076638 0.01266462
v -0.00074578 -0.07126207 0.01409089
v 0.00015030 -0.07152060 0.01482931
v -0.00968267 -0.06872143 0.00847685
v -0.00821788 -0.06825295 0.00680781
v -0.00670530 -0.06762508 0.00521464
v -0.00670530 -0.06825295 0.00658527
v -0.00670530 -0.06856980 0.00732875
v -0.00670530 -0.06893720 0.00819362
v -0.00223446 -0.06859313 0.00728324
v -0.00074578 -0.06859896 0.00727312
v 0.00015030 -0.06860285 0.00726806
v -0.00223446 -0.06517969 0.00063237
v -0.00372554 -0.06518164 0.00063237
v -0.00521422 -0.06518552 0.00064248
v -0.00372554 -0.06560540 0.00137585
v -0.00670530 -0.06559373 0.00139608
v -0.00670530 -0.06605054 0.00223566
v -0.00670530 -0.06714689 0.00425368
v -0.02426127 -0.06849983 0.01794485
v -0.02426127 -0.06828211 0.01712551
v 0.00015030 -0.07106379 0.01351431
v -0.00521422 -0.06763092 0.00521464
v -0.00372554 -0.06826073 0.00654987
v -0.00521422 -0.06825878 0.00657010
v -0.00223446 -0.06560540 0.00137585
v -0.00223446 -0.06608164 0.00223566
v -0.00372554 -0.06607387 0.00223566
v -0.00521422 -0.06714689 0.00424862
v -0.00223446 -0.06676006 0.00350514
v -0.00372554 -0.06763092 0.00521464
v -0.00074578 -0.06607971 0.00223566
v -0.00074578 -0.06676200 0.00351020
v -0.00372554 -0.06714495 0.00424862
v -0.00223446 -0.06762508 0.00521464
v -0.00074578 -0.06761730 0.00521464
v 0.03202535 -0.01398338 -0.03911881
v 0.03202535 0.01563758 -0.03911562
v 0.03798371 0.00074780 -0.03911562
v 0.03798371 -0.00074180 -0.03911562
v 0.03351396 -0.01265860 -0.03910604
v 0.03202535 0.01712718 -0.03904217
v 0.03351396 0.01265838 -0.03909646
v 0.03649117 0.00521349 -0.03911242
v 0.03798371 0.00223429 -0.03906772
v 0.03913758 0.00074780 -0.03892083
v 0.03913758 -0.00074180 -0.03892083
v 0.03798371 -0.00223140 -0.03906772
v 0.03649117 -0.00521060 -0.03911242
v 0.03649117 -0.00670020 -0.03902302
v 0.03292718 0.01712718 -0.03884739
v 0.03649117 0.00669998 -0.03902302
v 0.03757414 0.00521349 -0.03891763
v 0.03892492 0.00223429 -0.03887293
v 0.03892492 -0.00223140 -0.03887293
v 0.03757414 -0.00521060 -0.03891763
v 0.03724729 -0.00747765 -0.03873882
v 0.03879496 -0.00316745 -0.03879311
v 0.03879496 0.00316724 -0.03879311
v 0.03724729 0.00747744 -0.03873882
v 0.03736543 0.00669998 -0.03882823
v 0.03736543 -0.00670020 -0.03882823
v -0.03725350 0.00328346 -0.03874470
v -0.03727608 0.00223357 -0.03876903
v -0.03730619 0.00074361 -0.03879945
v -0.03733504 -0.00074635 -0.03882682
v -0.03732752 -0.00223631 -0.03881972
v -0.03728361 -0.00339936 -0.03877613
v -0.03674670 0.00366381 -0.03886535
v -0.03649329 0.00223357 -0.03896370
v -0.03649329 0.00074361 -0.03899411
v -0.03649329 -0.00074635 -0.03902149
v -0.03649329 -0.00223631 -0.03901439
v -0.03610817 -0.00819302 -0.03892314
v -0.03599652 -0.00968298 -0.03890084
v -0.03586355 -0.01077059 -0.03882885
v -0.03721085 -0.00439267 -0.03863013
v -0.03500424 -0.00819302 -0.03911781
v -0.03500424 -0.00968298 -0.03909550
v -0.03351519 -0.01414972 -0.03906610
v -0.03445102 -0.01414972 -0.03887143
v -0.03432181 -0.01505501 -0.03878829
v -0.02482424 -0.02582108 -0.03911781
v -0.03351519 -0.01265976 -0.03911781
v -0.03053708 -0.01861960 -0.03911781
v -0.03202488 -0.01712964 -0.03905495
v -0.03352522 -0.01558624 -0.03892010
v -0.03300587 -0.01712964 -0.03885927
v -0.03281896 -0.01795949 -0.03877309
v -0.02764804 -0.02466746 -0.03896268
v -0.02606867 -0.02457631 -0.03911781
v -0.02755772 -0.02308634 -0.03911781
v -0.02904677 -0.02159638 -0.03909348
v -0.03199728 -0.01851902 -0.03891098
v -0.02903925 -0.02305177 -0.03894241
v -0.03019085 -0.02159638 -0.03889779
v -0.03148295 -0.01977008 -0.03885825
v -0.02991737 -0.02253311 -0.03882479
v -0.02482424 -0.02735191 -0.03896167
v -0.02853620 -0.02423054 -0.03885825
v -0.02721274 -0.02564820 -0.03885825
v 0.03283900 -0.01803730 -0.03879484
v 0.00819517 -0.03500388 -0.03911782
v 0.03202563 -0.01564191 -0.03911782
v 0.03297570 -0.01713201 -0.03887559
v 0.03202563 -0.01713201 -0.03907039
v 0.03124985 -0.02082802 -0.03862931
v 0.02991359 -0.02253568 -0.03882512
v 0.03153350 -0.01983384 -0.03885842
v 0.03202904 -0.01856831 -0.03892403
v 0.00372504 -0.03649398 -0.03910268
v 0.00015372 -0.03649398 -0.03910268
v 0.01415193 -0.03351378 -0.03911782
v 0.01564198 -0.03351378 -0.03911278
v 0.00968522 -0.03500388 -0.03911177
v 0.03053558 -0.01861977 -0.03911782
v 0.02904554 -0.02159998 -0.03909360
v 0.02820482 -0.02522815 -0.03829018
v 0.02853291 -0.02423397 -0.03885842
v 0.02903529 -0.02305499 -0.03894220
v 0.03023484 -0.02159998 -0.03889779
v 0.00521508 -0.03649398 -0.03905121
v 0.00372504 -0.03744606 -0.03890788
v 0.00015372 -0.03706710 -0.03898560
v 0.01713202 -0.03202368 -0.03911782
v 0.01117184 -0.03500388 -0.03905424
v 0.02308536 -0.02755571 -0.03911782
v 0.02159873 -0.02904581 -0.03911177
v 0.01713202 -0.03351378 -0.03905424
v 0.02755549 -0.02309008 -0.03911782
v 0.02764777 -0.02466907 -0.03896239
v 0.02721032 -0.02565156 -0.03885842
v 0.01793514 -0.03430912 -0.03877970
v 0.02256931 -0.02998853 -0.03884934
v 0.00521508 -0.03737822 -0.03885540
v 0.00968522 -0.03602146 -0.03891697
v 0.00015372 -0.03744606 -0.03890788
v 0.01564198 -0.03453369 -0.03891798
v 0.02606545 -0.02458018 -0.03911782
v 0.02459249 -0.02757208 -0.03896138
v 0.02307511 -0.02903879 -0.03895633
v 0.02153722 -0.03050550 -0.03892908
v 0.01713202 -0.03440971 -0.03885842
v 0.00617199 -0.03728699 -0.03877869
v 0.02410720 -0.02853819 -0.03885742
v 0.01214584 -0.03579922 -0.03878071
v 0.01117184 -0.03589747 -0.03885842
v 0.07224347 0.00967945 0.03904533
v 0.07224347 0.01117176 0.03904533
v 0.07224347 0.01266067 0.03904301
v 0.07224347 0.01414957 0.03902443
v 0.07224347 0.01563848 0.03898264
v 0.07223330 0.01778646 0.03888744
v 0.07224347 -0.00670192 0.03902676
v 0.07373279 0.00074260 0.03902676
v 0.07315014 0.01414957 0.03886422
v 0.07373279 0.00223150 0.03900122
v 0.07466706 0.00074260 0.03887351
v 0.07308766 0.01563848 0.03882010
v 0.07303099 0.01681321 0.03877134
v 0.07224347 -0.01116864 0.03901979
v 0.07373279 -0.00074289 0.03902443
v 0.07466706 -0.00074289 0.03887351
v 0.07461621 0.00223150 0.03884565
v 0.07501433 0.00074260 0.03798189
v 0.07455082 0.00372382 0.03879689
v 0.07296706 0.01778646 0.03861346
v 0.07450287 0.00471415 0.03875277
v 0.07224347 -0.01563877 0.03894781
v 0.07224347 -0.01414986 0.03899425
v 0.07224347 -0.01266096 0.03901515
v 0.07373279 -0.00223180 0.03899657
v 0.07313561 -0.01414986 0.03884796
v 0.07461330 -0.00223180 0.03884332
v 0.07501433 -0.00074289 0.03798189
v 0.07515672 0.00074260 0.03649354
v 0.07487483 0.00223150 0.03798189
v 0.07308621 0.01723666 0.03807477
v 0.07455663 0.00521273 0.03798189
v 0.07450143 0.00614842 0.03748500
v 0.07472082 0.00372382 0.03798189
v 0.06950167 -0.01710035 0.01533156
v 0.07307313 -0.01563877 0.03880385
v 0.07454792 -0.00372070 0.03879225
v 0.07450143 -0.00468712 0.03875045
v 0.07487193 -0.00223180 0.03798189
v 0.07515527 -0.00074289 0.03649354
v 0.07510877 -0.00074289 0.03500287
v 0.07510732 0.00074260 0.03500287
v 0.07497945 0.00223150 0.03649354
v 0.07389407 0.01117176 0.03649354
v 0.07370518 0.01266067 0.03649354
v 0.07351338 0.01414957 0.03649354
v 0.07462057 0.00521273 0.03649354
v 0.07426167 0.00819054 0.03649354
v 0.07408005 0.00967945 0.03649354
v 0.06999859 -0.01629443 0.01642518
v 0.07302227 -0.01672130 0.03875973
v 0.07455518 -0.00519595 0.03797492
v 0.07471646 -0.00372070 0.03798189
v 0.07450143 -0.00614871 0.03747107
v 0.07497945 -0.00223180 0.03649354
v 0.07493151 -0.00223180 0.03500287
v 0.07446945 -0.00588576 0.03446418
v 0.07502885 -0.00074289 0.03351452
v 0.07502741 0.00074260 0.03351452
v 0.07492860 0.00223150 0.03500287
v 0.07448979 0.00605963 0.03552530
v 0.07331723 0.01563848 0.03649354
v 0.07309638 0.01724008 0.03641459
v 0.07402048 0.00967945 0.03500287
v 0.07382578 0.01117176 0.03500287
v 0.07016423 0.01778646 0.01795301
v 0.07015697 0.01712738 0.01742593
v 0.06991577 -0.01710035 0.01669221
v 0.07072073 -0.01563877 0.01862172
v 0.07092270 -0.01710035 0.02011007
v 0.07091398 -0.01710035 0.02007989
v 0.07298449 -0.01710035 0.03869705
v 0.07462057 -0.00521302 0.03649354
v 0.07335937 -0.01563877 0.03649354
v 0.07372262 -0.01266096 0.03649354
v 0.07390279 -0.01116864 0.03649354
v 0.07448979 -0.00605651 0.03545796
v 0.07475279 -0.00372070 0.03500287
v 0.07395364 -0.00967974 0.03351452
v 0.07431398 -0.00670192 0.03351452
v 0.07467288 -0.00372070 0.03351452
v 0.07485159 -0.00223180 0.03351452
v 0.07455954 -0.00531888 0.03497733
v 0.07421373 -0.00819083 0.03500287
v 0.07385338 -0.01116864 0.03500287
v 0.07367176 -0.01266096 0.03500287
v 0.07492133 -0.00074289 0.03202384
v 0.07492133 0.00074260 0.03202384
v 0.07484724 0.00223150 0.03351452
v 0.07449561 0.00461170 0.03255789
v 0.07446364 0.00583424 0.03453152
v 0.07439535 0.00661285 0.03501912
v 0.07420210 0.00819054 0.03500287
v 0.07373860 0.01117176 0.03351452
v 0.07280432 0.01712738 0.03202384
v 0.07322133 0.01414957 0.03202384
v 0.07305279 0.01535845 0.03202384
v 0.07452612 0.00485758 0.03351452
v 0.07411783 0.00819054 0.03351452
v 0.07393475 0.00967945 0.03351452
v 0.07030808 0.01778646 0.01862172
v 0.07047227 0.01712738 0.01862172
v 0.07071637 0.01563848 0.01862172
v 0.07025287 0.01572044 0.01701031
v 0.06999423 0.01627365 0.01643215
v 0.07113774 -0.01563877 0.02011007
v 0.07061757 -0.00967974 0.01564270
v 0.07135860 -0.00670192 0.01689421
v 0.07151261 -0.00755565 0.01782530
v 0.07141817 -0.01563877 0.02126639
v 0.07130919 -0.01703206 0.02170755
v 0.07330561 -0.01563877 0.03500287
v 0.07382868 -0.00967974 0.03202384
v 0.07449707 -0.00462224 0.03256021
v 0.07376911 -0.01116864 0.03351452
v 0.07474116 -0.00223180 0.03202384
v 0.07478185 -0.00074289 0.03053549
v 0.07478040 0.00074260 0.03053549
v 0.07451595 0.00328330 0.03096273
v 0.07474262 0.00223150 0.03202384
v 0.07455809 0.00375456 0.03204706
v 0.07438663 0.00515126 0.03204706
v 0.07419339 0.00670163 0.03202384
v 0.07400741 0.00819054 0.03202384
v 0.07362672 0.01117176 0.03202384
v 0.07342620 0.01266067 0.03202384
v 0.07267646 0.01712738 0.03053549
v 0.07301646 0.01508868 0.03103935
v 0.07381997 0.00967945 0.03202384
v 0.07044902 0.01778646 0.01930204
v 0.07078030 0.01712738 0.02011007
v 0.07103167 0.01563848 0.02011007
v 0.07129902 0.01400956 0.02025171
v 0.07140218 0.01266067 0.01984305
v 0.07091834 0.01414957 0.01862172
v 0.07006107 0.01527991 0.01623014
v 0.07049552 0.01414957 0.01713105
v 0.07060739 0.00967945 0.01564270
v 0.07041270 0.01117176 0.01564270
v 0.06982714 0.01572044 0.01569610
v 0.07147338 -0.01467918 0.02097383
v 0.07152715 -0.01065640 0.01926721
v 0.07146612 -0.01164673 0.01949476
v 0.07257620 -0.00074289 0.01862172
v 0.07288424 -0.00074289 0.01978965
v 0.07080355 -0.00819083 0.01564270
v 0.07144723 -0.00521302 0.01657147
v 0.07215483 -0.00074289 0.01713105
v 0.07216791 -0.01266096 0.02308910
v 0.07156783 -0.01563877 0.02200940
v 0.07151261 -0.01646859 0.02227642
v 0.07298740 -0.00743272 0.02384140
v 0.07401177 -0.00819083 0.03202384
v 0.07363980 -0.01116864 0.03202384
v 0.07367322 -0.00967974 0.03053549
v 0.07451450 -0.00326652 0.03094415
v 0.07445202 -0.00426026 0.03156875
v 0.07455809 -0.00374802 0.03204938
v 0.07452612 -0.00040481 0.02798603
v 0.07452612 0.00037720 0.02798603
v 0.07446074 -0.00283624 0.02995269
v 0.07452177 -0.00184591 0.02939079
v 0.07459586 -0.00083851 0.02895427
v 0.07459441 0.00082114 0.02897516
v 0.07445347 0.00427363 0.03156411
v 0.07446364 0.00137094 0.02842951
v 0.07403356 0.00670163 0.03053549
v 0.07246432 0.01712738 0.02904482
v 0.07242800 0.01778646 0.02987839
v 0.07288860 0.01560774 0.03054014
v 0.07295834 0.01465840 0.03004557
v 0.07268227 0.01563848 0.02904482
v 0.07327509 0.01266067 0.03053549
v 0.07308184 0.01415640 0.03054014
v 0.07145450 0.01761230 0.02406430
v 0.07150099 0.01341878 0.02084380
v 0.07153732 0.01661856 0.02362778
v 0.07144432 0.01602778 0.02263632
v 0.07133535 0.01557359 0.02167969
v 0.07181484 0.01414957 0.02308910
v 0.07299902 0.00900671 0.02526938
v 0.07197612 0.01117176 0.02160075
v 0.07219261 0.00967945 0.02160075
v 0.07146467 0.01163961 0.01951798
v 0.07239603 0.00819054 0.02160075
v 0.07110868 0.01266067 0.01862172
v 0.07031244 0.01117176 0.01533156
v 0.07087330 0.01117176 0.01713105
v 0.07136295 0.00670163 0.01686635
v 0.07143851 0.00546543 0.01659701
v 0.07079919 0.00819054 0.01564270
v 0.07050714 0.00967945 0.01533156
v 0.07281014 -0.00219423 0.02020527
v 0.07301065 -0.00167175 0.02076485
v 0.07331868 -0.00074289 0.02160075
v 0.07305424 -0.00372070 0.02205584
v 0.07216210 0.00074260 0.01713105
v 0.07258201 0.00074260 0.01862172
v 0.07288569 0.00074260 0.01978268
v 0.07306877 0.00074260 0.02052802
v 0.07306586 -0.00074289 0.02053498
v 0.07098663 -0.00670192 0.01564270
v 0.07149372 -0.00443100 0.01640197
v 0.07168697 -0.00070191 0.01556608
v 0.07163467 -0.00053458 0.01533156
v 0.07155475 -0.00343726 0.01620692
v 0.07197612 -0.01414986 0.02308910
v 0.07159107 -0.01703206 0.02313786
v 0.07177851 -0.01563877 0.02308910
v 0.07206184 -0.01563877 0.02457977
v 0.07346108 -0.00223180 0.02308910
v 0.07363980 -0.00074289 0.02308910
v 0.07393039 -0.00074289 0.02457977
v 0.07375167 -0.00223180 0.02457977
v 0.07357005 -0.00372070 0.02457977
v 0.07316321 -0.00684194 0.02443581
v 0.07307022 -0.00819083 0.02485608
v 0.07301210 -0.00912652 0.02518811
v 0.07285228 -0.00964559 0.02464710
v 0.07264885 -0.01116864 0.02457977
v 0.07300338 -0.01649933 0.03262290
v 0.07344510 -0.01266096 0.03202384
v 0.07303099 -0.01372641 0.02938847
v 0.07348432 -0.01116864 0.03053549
v 0.07351484 -0.00967974 0.02904482
v 0.07369937 -0.00819083 0.02904482
v 0.07446655 -0.00139855 0.02839933
v 0.07405680 -0.00372070 0.02755647
v 0.07440262 -0.00083851 0.02751700
v 0.07418903 -0.00074289 0.02606812
v 0.07392894 0.00074260 0.02457977
v 0.07418903 0.00074260 0.02606812
v 0.07400741 0.00223150 0.02606812
v 0.07381997 0.00372382 0.02606812
v 0.07422826 0.00223150 0.02755647
v 0.07384757 0.00521273 0.02755647
v 0.07327219 0.00967945 0.02755647
v 0.07295834 0.01316608 0.02853632
v 0.07302082 0.01366466 0.02953010
v 0.07264595 0.01414957 0.02755647
v 0.07242073 0.01563848 0.02755647
v 0.07218971 0.01712738 0.02755647
v 0.07230885 0.01778646 0.02904482
v 0.07301646 0.01061172 0.02666253
v 0.07236987 0.01414957 0.02606812
v 0.07283775 0.01113420 0.02612617
v 0.07306877 0.00957358 0.02612617
v 0.07324458 0.00819054 0.02606812
v 0.07343929 0.00670163 0.02606812
v 0.07305424 0.00819054 0.02498146
v 0.07268953 0.00819054 0.02308910
v 0.07248031 0.00967945 0.02308910
v 0.07185842 0.00967945 0.02011007
v 0.07205167 0.00819054 0.02011007
v 0.07287843 0.00676310 0.02310071
v 0.07293654 0.00554739 0.02261078
v 0.07258637 0.00670163 0.02160075
v 0.07223766 0.00670163 0.02011007
v 0.07222167 0.00372382 0.01862172
v 0.07157364 0.00670163 0.01761169
v 0.07128885 0.00812907 0.01724018
v 0.07163467 0.00506589 0.01710783
v 0.07180612 0.00372382 0.01713105
v 0.07149953 0.00447169 0.01638571
v 0.07123654 0.00506589 0.01578898
v 0.07069603 0.00821103 0.01533156
v 0.07331868 0.00074260 0.02160075
v 0.07163757 0.00054795 0.01533156
v 0.07168988 0.00070845 0.01555911
v 0.07163467 0.00223150 0.01595151
v 0.07198774 0.00223150 0.01713105
v 0.07240475 0.00223150 0.01862172
v 0.07281449 0.00220760 0.02019830
v 0.07301355 0.00169195 0.02075324
v 0.07245560 -0.01266096 0.02457977
v 0.07225945 -0.01414986 0.02457977
v 0.07233936 -0.01563877 0.02606812
v 0.07237133 -0.01710035 0.02752629
v 0.07363544 0.00074260 0.02308910
v 0.07400885 -0.00223180 0.02606812
v 0.07295107 -0.01012026 0.02555730
v 0.07271860 -0.01266096 0.02606812
v 0.07252971 -0.01414986 0.02606812
v 0.07274475 -0.01563877 0.02904482
v 0.07295253 -0.01610661 0.03163144
v 0.07308766 -0.01419426 0.03051924
v 0.07297868 -0.01333028 0.02839468
v 0.07311091 -0.01276341 0.02895194
v 0.07332595 -0.01116864 0.02904482
v 0.07304262 -0.01233654 0.02793030
v 0.07332159 -0.00967974 0.02755647
v 0.07350612 -0.00819083 0.02755647
v 0.07387373 -0.00521302 0.02755647
v 0.07374296 0.00223150 0.02457977
v 0.07363108 0.00521273 0.02606812
v 0.07355262 0.00372382 0.02457977
v 0.07314578 0.00676310 0.02448689
v 0.07296997 0.00729925 0.02392963
v 0.07295253 0.00268569 0.02101330
v 0.07299902 0.00455706 0.02229268
v 0.07305279 0.00372382 0.02205120
v 0.07312980 0.00220760 0.02154734
v 0.07289005 0.00372382 0.02130818
v 0.07260671 0.00372382 0.02011007
v 0.07154457 0.00372382 0.01623943
v 0.07143997 0.00223150 0.01533156
v 0.07257039 -0.01563877 0.02755647
v 0.07237569 -0.01710035 0.02755647
v 0.07344946 0.00223150 0.02308910
v 0.07364125 -0.00521302 0.02606812
v 0.07303099 -0.01076910 0.02655108
v 0.07296997 -0.01175942 0.02694116
v 0.07275928 -0.01414986 0.02755647
v 0.07292347 -0.01276341 0.02748217
v 0.07311672 -0.01122669 0.02748217
v 0.07317811 -0.01710036 0.03649369
v 0.07302704 -0.01799785 0.03759943
v 0.07317360 -0.01713088 0.03649369
v 0.07300674 -0.01793272 0.03500313
v 0.07298870 -0.01787981 0.03424511
v 0.07311948 -0.01713088 0.03500313
v 0.07309242 -0.01718380 0.03805146
v 0.06857602 -0.02994201 0.03768288
v 0.07230775 -0.02011031 0.03649369
v 0.07278802 -0.01876509 0.03649369
v 0.07303380 -0.01802024 0.03649369
v 0.07292332 -0.01771700 0.03859159
v 0.07170797 -0.02144739 0.03798192
v 0.07275645 -0.01867758 0.03500313
v 0.07224461 -0.02011031 0.03500313
v 0.07213639 -0.02011031 0.03351490
v 0.07272940 -0.01847407 0.03365399
v 0.07250843 -0.01862060 0.03202435
v 0.07218599 -0.01862060 0.02904556
v 0.07237089 -0.01713088 0.02755501
v 0.07254451 -0.01713088 0.02904556
v 0.07254902 -0.01710036 0.02904556
v 0.07293685 -0.01749517 0.03325063
v 0.06722538 -0.03332032 0.03798192
v 0.06699088 -0.03415676 0.03649369
v 0.06780487 -0.03202395 0.03649369
v 0.06858730 -0.02996847 0.03649369
v 0.07017920 -0.02577204 0.03649369
v 0.07063016 -0.02457945 0.03649369
v 0.07148474 -0.02230621 0.03649369
v 0.07176434 -0.02156136 0.03649369
v 0.07013410 -0.02566621 0.03798192
v 0.06848808 -0.02975885 0.03867736
v 0.07159072 -0.02115230 0.03880253
v 0.07005519 -0.02545862 0.03876776
v 0.07144866 -0.02221260 0.03500313
v 0.06852416 -0.02980566 0.03418947
v 0.07167865 -0.02132935 0.03351490
v 0.07000107 -0.02530396 0.03137991
v 0.07133141 -0.02189105 0.03202435
v 0.07160650 -0.02114619 0.03202435
v 0.07198757 -0.02011031 0.03202435
v 0.07171474 -0.01995768 0.02904556
v 0.07200560 -0.01862060 0.02755501
v 0.07213639 -0.01713088 0.02606910
v 0.07171474 -0.02011031 0.03885353
v 0.06711490 -0.03303948 0.03879558
v 0.06687814 -0.03406518 0.03798192
v 0.06658727 -0.03500337 0.03649369
v 0.06650385 -0.03500337 0.03500313
v 0.06695030 -0.03405297 0.03500313
v 0.06772596 -0.03202395 0.03500313
v 0.06854896 -0.02986468 0.03500313
v 0.06864367 -0.02876571 0.03881644
v 0.06690971 -0.03394103 0.03351490
v 0.06719156 -0.03319618 0.03351490
v 0.06807996 -0.03053423 0.03202435
v 0.06907208 -0.02755684 0.03053611
v 0.06963354 -0.02606916 0.03053611
v 0.06996048 -0.02519202 0.03053611
v 0.07023557 -0.02444717 0.03053611
v 0.07073388 -0.02308974 0.03053611
v 0.07148925 -0.02082871 0.02988009
v 0.07144190 -0.02070253 0.02904556
v 0.07162228 -0.01969921 0.02755501
v 0.07154562 -0.01948960 0.02656981
v 0.07173953 -0.01868979 0.02607141
v 0.07162003 -0.01821764 0.02457854
v 0.07214089 -0.01710036 0.02606910
v 0.07152984 -0.01796732 0.02366752
v 0.07143288 -0.01746668 0.02267305
v 0.07185227 -0.01713088 0.02457854
v 0.06722990 -0.03202395 0.03884658
v 0.07075418 -0.02011031 0.03899494
v 0.06926374 -0.02457945 0.03896712
v 0.06586573 -0.03500337 0.03885585
v 0.06566730 -0.03595378 0.03880717
v 0.06640914 -0.03500337 0.03798192
v 0.06581612 -0.03616950 0.03798192
v 0.06588151 -0.03625091 0.03649369
v 0.06583641 -0.03618578 0.03500313
v 0.06578681 -0.03611252 0.03351490
v 0.06641140 -0.03500337 0.03351490
v 0.06626483 -0.03500337 0.03202435
v 0.06684206 -0.03377212 0.03202435
v 0.06712843 -0.03302727 0.03202435
v 0.06751174 -0.03202395 0.03202435
v 0.06865494 -0.02865581 0.03053611
v 0.06858504 -0.02847061 0.02934924
v 0.06944863 -0.02606916 0.02904556
v 0.06986804 -0.02494984 0.02904556
v 0.07014538 -0.02420499 0.02904556
v 0.07056027 -0.02308974 0.02904556
v 0.07111270 -0.02160002 0.02904556
v 0.07134268 -0.02044407 0.02755501
v 0.06707206 -0.03138695 0.02656981
v 0.06677893 -0.03194051 0.02607141
v 0.06698637 -0.03116309 0.02557534
v 0.06649031 -0.03202395 0.02457854
v 0.06690069 -0.03093108 0.02457854
v 0.06898414 -0.02457945 0.02309031
v 0.06999205 -0.02229807 0.02392251
v 0.07144866 -0.01923317 0.02557534
v 0.07134945 -0.01896250 0.02457854
v 0.07122093 -0.01852698 0.02313899
v 0.07087369 -0.01862060 0.02159976
v 0.07091653 -0.01713088 0.02011152
v 0.07103828 -0.01710036 0.02059833
v 0.07132915 -0.01710036 0.02185939
v 0.07075418 -0.01862060 0.03901348
v 0.06628513 -0.03202395 0.03898103
v 0.06926374 -0.02308974 0.03900653
v 0.06777330 -0.02755684 0.03899958
v 0.06479469 -0.03500337 0.03898798
v 0.06477665 -0.03646663 0.03888135
v 0.06571014 -0.03599652 0.03202435
v 0.06554554 -0.03575841 0.02974795
v 0.06571691 -0.03458210 0.02606910
v 0.06637757 -0.03351366 0.02755501
v 0.06656923 -0.03351366 0.02904556
v 0.06679020 -0.03342615 0.03049903
v 0.06706980 -0.03287056 0.03096960
v 0.06792889 -0.03053423 0.03053611
v 0.06836858 -0.02940067 0.03053611
v 0.06774399 -0.03053423 0.02904556
v 0.06714196 -0.03156604 0.02755501
v 0.06881955 -0.02769116 0.02892966
v 0.07006872 -0.02398723 0.02795604
v 0.07090750 -0.02160002 0.02755501
v 0.06617915 -0.03351366 0.02606910
v 0.06586122 -0.03363577 0.02448118
v 0.06708333 -0.02993998 0.02360725
v 0.06861436 -0.02557056 0.02309031
v 0.06853318 -0.02536297 0.02229056
v 0.06953432 -0.02308974 0.02309031
v 0.06990862 -0.02207217 0.02309031
v 0.07092780 -0.02011031 0.02457854
v 0.06996273 -0.02073917 0.02105500
v 0.07051066 -0.01862060 0.02011152
v 0.07004391 -0.01797139 0.01776095
v 0.07048585 -0.01713088 0.01862097
v 0.06330651 -0.03649309 0.03899262
v 0.06628513 -0.03053423 0.03899958
v 0.06506526 -0.03635063 0.02916842
v 0.06560192 -0.03584185 0.03053611
v 0.06473606 -0.03649309 0.02755501
v 0.06445421 -0.03660095 0.02611082
v 0.06547564 -0.03564240 0.02875580
v 0.06528173 -0.03532696 0.02606910
v 0.06562672 -0.03441522 0.02491467
v 0.06685108 -0.03231090 0.02755501
v 0.06700666 -0.03270978 0.02997745
v 0.06552074 -0.03421171 0.02392020
v 0.06715774 -0.02862935 0.02187330
v 0.06551172 -0.03120583 0.01947404
v 0.06983647 -0.02040540 0.02011152
v 0.07012057 -0.01966055 0.02011152
v 0.06615660 -0.03202395 0.02309031
v 0.07001460 -0.01937970 0.01934886
v 0.07014763 -0.01852902 0.01876006
v 0.07013636 -0.01713088 0.01744568
v 0.06914875 -0.01862060 0.01564219
v 0.06949598 -0.01713088 0.01533388
v 0.06959069 -0.01713088 0.01564219
v 0.07048135 -0.01710036 0.01858620
v 0.06400324 -0.03716875 0.02564488
v 0.06439784 -0.03626719 0.02457854
v 0.06520957 -0.03494843 0.02448118
v 0.06533585 -0.03203616 0.02002575
v 0.06545084 -0.03253883 0.02119177
v 0.06570338 -0.03318804 0.02309031
v 0.06481273 -0.03500337 0.02309031
v 0.06410471 -0.03434603 0.01917269
v 0.06396040 -0.03407739 0.01817821
v 0.06419040 -0.03308425 0.01738541
v 0.06404834 -0.03276473 0.01639094
v 0.06495930 -0.03202395 0.01862097
v 0.06577103 -0.03203616 0.02165307
v 0.06539447 -0.03089649 0.01862097
v 0.06444744 -0.03217048 0.01698670
v 0.06849936 -0.02228993 0.01794640
v 0.06865043 -0.02120725 0.01713042
v 0.06959745 -0.01710036 0.01564219
v 0.06837534 -0.02046849 0.01535937
v 0.06813182 -0.02146774 0.01576968
v 0.06389727 -0.03701204 0.02457854
v 0.06370787 -0.03672102 0.02309031
v 0.06420167 -0.03597616 0.02309031
v 0.06407766 -0.03578893 0.02225347
v 0.06375747 -0.03530457 0.02011152
v 0.06358159 -0.03490772 0.01865342
v 0.06299985 -0.03507460 0.01713737
v 0.06277211 -0.03457600 0.01564219
v 0.06384541 -0.03355436 0.01698670
v 0.06561093 -0.02848893 0.01617999
v 0.06698186 -0.02519813 0.01655321
v 0.06542153 -0.02948207 0.01680125
v 0.06337415 -0.03351366 0.01564219
v 0.06716901 -0.02420499 0.01595281
v 0.06837308 -0.02195210 0.01713042
v 0.06740803 -0.02320574 0.01553092
v 0.06263908 -0.03586627 0.01763809
v 0.06247448 -0.03562002 0.01664593
v 0.06228057 -0.03532086 0.01564219
v 0.06110355 -0.03691232 0.01533388
v 0.06114864 -0.03734988 0.01619390
v 0.06148912 -0.03653379 0.01567464
f 7747 2221 3556
f 5619 2574 4609
f 2039 2033 2031
f 7323 2221 7747
f 1322 3556 2221
f 2532 2529 2539
f 459 2574 2605
f 4683 4609 4682
f 5619 4609 4683
f 1016 4609 2574
f 1016 459 1290
f 1016 2574 459
f 1016 1054 4609
f 1982 1984 1989
f 1979 1986 1987
f 3556 1322 6728
f 1290 459 6728
f 6728 1322 1290
f 4386 7277 7232
f 3854 3852 3909
f 566 624 625
f 2536 2529 2522
f 2557 2558 2538
f 2558 2539 2538
f 2538 2539 2529
f 2751 2756 2753
f 7351 7350 7362
f 7442 7410 7441
f 7351 7355 7356
f 888 889 877
f 878 888 877
f 887 888 878
f 887 878 6382
f 3242 3188 6330
f 6330 3188 6267
f 872 1986 874
f 889 888 902
f 1992 1996 1987
f 1987 1986 1992
f 1992 1986 872
f 2008 2025 2009
f 2009 1996 2008
f 1987 1996 1988
f 3396 1982 3398
f 877 889 890
f 889 902 890
f 1656 1657 1637
f 3760 3720 3759
f 2986 6737 6745
f 7332 7326 7330
f 7349 7338 7348
f 7350 7338 7349
f 7345 7344 7348
f 2221 7323 2238
f 7323 2237 2238
f 2221 2240 5158
f 5134 1322 2221
f 2952 6737 2986
f 7747 3556 7780
f 7344 7345 7711
f 7711 7346 7747
f 7711 7345 7346
f 3557 7751 3556
f 3574 3544 3545
f 3694 3693 3699
f 3628 3671 3675
f 3694 3699 3675
f 3628 3580 3627
f 3627 3671 3628
f 3670 3671 3627
f 3626 3670 3627
f 4363 4364 4333
f 4399 4364 4363
f 7237 7232 7277
f 4419 4420 4386
f 4419 7232 4420
f 4397 7232 4399
f 4420 7232 4397
f 7233 4364 4399
f 4399 7232 7233
f 7233 7230 4333
f 4333 4364 7233
f 7233 7237 7230
f 7232 7237 7233
f 4037 3977 7294
f 7283 4037 7294
f 4086 4037 7283
f 4417 7277 4386
f 3027 3064 3028
f 1879 1880 1814
f 1814 1880 1816
f 621 622 566
f 700 622 621
f 623 624 566
f 566 622 623
f 2689 2742 2740
f 2193 2168 2192
f 2192 2168 2166
f 2625 2624 2672
f 2672 2673 2625
f 2625 2673 2674
f 459 2605 2649
f 2532 2539 2545
f 2545 2546 2532
f 2545 2539 2558
f 2545 2558 2557
f 5620 2574 5619
f 5619 4683 4610
f 4683 4611 4610
f 5618 5651 5619
f 4684 4683 4682
f 4684 4611 4683
f 1020 1054 1021
f 1054 1016 1022
f 1022 1021 1054
f 992 1021 1022
f 990 1019 1020
f 2532 2546 2547
f 2547 2533 2532
f 2549 2533 2547
f 5727 5723 5722
f 5722 5755 5727
f 2522 5755 5722
f 5720 5722 5721
f 5754 5722 5720
f 5754 5720 5753
f 4616 4698 4699
f 4682 4609 4677
f 4609 1056 4677
f 4679 4772 4773
f 4682 4774 4775
f 4773 4772 4871
f 4871 4872 4773
f 872 1993 1994
f 2039 2031 2032
f 2192 2166 2191
f 2191 2166 2030
f 7243 5803 5831
f 7243 5804 7242
f 5831 5804 7243
f 5826 5825 5869
f 6021 5938 6020
f 6020 6033 6021
f 7276 2505 2495
f 7276 1836 7275
f 7275 1836 7273
f 920 419 924
f 4365 4366 4333
f 7365 7355 7351
f 7365 7369 7355
f 7493 7495 7488
f 33 34 18
f 7325 7330 7326
f 7343 7356 7354
f 7354 7356 7355
f 7354 7342 7343
f 7355 7342 7354
f 7340 7350 7351
f 7353 7342 7355
f 910 911 898
f 882 876 7212
f 882 7212 2507
f 2507 1993 882
f 882 881 893
f 884 876 883
f 876 882 883
f 903 916 904
f 907 407 919
f 907 897 905
f 905 904 907
f 915 916 903
f 6207 6206 6267
f 3395 3396 3327
f 6264 6203 6263
f 3461 3497 1977
f 887 6382 6345
f 3189 3188 3242
f 969 970 948
f 3158 3132 3156
f 881 874 1985
f 1985 874 1986
f 2010 1996 2009
f 2010 1998 1996
f 1996 1998 1990
f 1989 1984 1990
f 1990 1988 1996
f 1984 1988 1990
f 1996 1992 2001
f 2001 2008 1996
f 2007 2008 2001
f 2024 2007 2006
f 2024 2008 2007
f 2025 2008 2024
f 1980 1979 1987
f 1987 1988 1980
f 1977 1979 1980
f 6430 873 1977
f 877 890 879
f 879 6414 877
f 879 6415 6414
f 873 6430 879
f 568 640 569
f 640 641 569
f 569 641 642
f 639 640 568
f 619 568 566
f 566 573 619
f 2498 2500 2492
f 2497 2500 2498
f 2511 2505 2517
f 1740 1786 1787
f 654 1847 1787
f 1791 1740 1785
f 1791 1786 1740
f 1783 494 537
f 1637 1657 1658
f 6740 6739 6748
f 6740 6749 6750
f 6748 6749 6740
f 6748 6739 6747
f 6747 6749 6748
f 6744 6745 6737
f 3596 3597 3556
f 3626 3597 3596
f 3556 6728 2954
f 2954 3596 3556
f 3595 3596 2954
f 7329 7330 7323
f 7329 7323 7747
f 7360 7350 7359
f 7350 7349 7359
f 7338 7330 7337
f 7346 7345 7337
f 2221 2238 2241
f 2241 2238 2237
f 2222 5158 2240
f 5160 5162 5161
f 5161 5136 5160
f 5201 5162 5160
f 1322 5134 1289
f 1289 1273 1288
f 1289 5134 1273
f 465 6728 459
f 465 479 6728
f 459 2650 465
f 518 483 481
f 481 483 6728
f 6737 2952 6733
f 3556 7751 7779
f 7779 7780 3556
f 7751 7780 7779
f 3556 3597 3598
f 3598 3597 3626
f 7344 7711 7683
f 7751 3557 7752
f 7716 7714 3532
f 3532 3529 7716
f 1360 1420 1421
f 1561 1557 1493
f 7638 7376 7639
f 3651 3650 3653
f 7715 7714 7716
f 7719 7720 7687
f 7719 7687 7718
f 3628 3675 3672
f 3672 3720 3721
f 4386 4420 4421
f 4421 4422 4386
f 4399 4363 4362
f 4386 7232 4418
f 4418 4419 4386
f 7232 4419 4418
f 4398 4397 4399
f 4361 4397 4398
f 4399 4362 4398
f 4398 4362 4361
f 3977 4037 4038
f 4038 4037 4086
f 7282 7283 7277
f 4415 7283 7282
f 7292 7306 7305
f 4415 4417 4416
f 4416 4385 4415
f 4416 4417 4386
f 4386 4385 4416
f 3639 3677 3686
f 4318 4343 4319
f 4319 4343 4320
f 4320 4343 4348
f 3736 3789 3790
f 3852 3854 3790
f 3790 3789 3852
f 4086 7283 4433
f 4431 7283 4415
f 4325 4326 4299
f 4351 4326 4325
f 7298 7297 7310
f 7286 7297 7298
f 2494 2503 6886
f 7310 7297 7311
f 7301 7311 7297
f 4030 4029 4034
f 7307 7306 7294
f 467 460 466
f 6738 3060 3026
f 2987 3027 3028
f 2987 3026 3027
f 3061 3026 3060
f 3027 3026 3061
f 3064 3027 3063
f 3063 3027 3042
f 696 608 695
f 695 608 694
f 555 554 607
f 607 608 555
f 694 608 607
f 607 554 606
f 693 768 698
f 696 695 693
f 693 695 694
f 563 569 6756
f 6756 569 615
f 566 568 567
f 521 567 568
f 521 483 520
f 566 567 521
f 521 569 563
f 568 569 521
f 698 618 616
f 616 608 698
f 564 608 616
f 1880 1879 1937
f 1814 1816 1757
f 548 1816 1880
f 548 1757 1816
f 1940 671 1880
f 739 671 1940
f 629 630 566
f 566 625 626
f 626 627 566
f 712 625 624
f 624 711 712
f 710 711 624
f 782 711 710
f 554 604 605
f 606 554 605
f 509 473 2742
f 2742 473 2695
f 2695 2740 2742
f 1482 1549 1550
f 1550 1551 1482
f 1549 1551 1550
f 1541 1476 1482
f 1482 1551 1541
f 1494 1420 1493
f 4626 5691 4625
f 2188 2030 2190
f 2030 2166 2190
f 5805 5804 5834
f 5834 5833 5805
f 5805 5833 7238
f 2563 2538 2562
f 2782 2756 2751
f 2756 2782 2783
f 2666 2706 2667
f 2705 2706 2666
f 2706 2705 2708
f 2708 2705 2666
f 2673 2672 2692
f 2644 2691 2692
f 2717 2708 2753
f 2717 2753 2756
f 2777 2779 2750
f 2750 2779 2751
f 5605 5604 5640
f 2606 2650 459
f 459 2649 2606
f 2606 2649 2650
f 2648 2649 2605
f 2605 2609 2648
f 2592 2607 2576
f 2546 2545 2576
f 5705 5723 5727
f 5619 4610 5594
f 5594 4610 4611
f 5594 5618 5619
f 4697 4687 4778
f 4688 4687 4697
f 4697 4614 5671
f 4778 4790 4697
f 4790 4699 4697
f 4698 4614 4697
f 4697 4699 4698
f 4611 4687 4612
f 4612 4687 4688
f 4778 4687 4686
f 4686 4687 4611
f 1020 1019 1060
f 1058 1019 1017
f 1017 1019 1018
f 1018 990 1017
f 1019 990 1018
f 1274 1016 1290
f 1290 1291 1274
f 992 1022 993
f 993 961 992
f 993 1022 1016
f 992 961 960
f 4879 4880 4778
f 4791 4880 4894
f 4791 4790 4778
f 4778 4880 4791
f 4876 4980 4978
f 4978 4880 4876
f 5063 5099 5064
f 5062 5063 4976
f 4872 4976 4874
f 2532 2533 2523
f 2533 2530 2523
f 2522 5722 2525
f 2525 5722 5760
f 5671 4614 5702
f 5702 5720 5721
f 5702 5705 5673
f 5723 5705 5702
f 5721 5722 5702
f 5702 5722 5723
f 1096 1053 1052
f 4609 1054 1055
f 1055 1056 4609
f 1054 1056 1055
f 4773 4774 4680
f 4680 4679 4773
f 1062 1054 1020
f 1062 1100 1054
f 4776 4684 4682
f 4682 4775 4776
f 4772 1060 1109
f 4870 4871 4772
f 3473 3506 1989
f 2514 2510 2519
f 2514 2503 2513
f 2513 2510 2514
f 2518 7278 7286
f 2507 7212 2518
f 7212 7300 2518
f 7256 7257 7251
f 7261 7255 7260
f 2517 2505 7274
f 7274 2505 7276
f 2516 2521 2517
f 2039 2032 2038
f 2038 2032 2030
f 2164 2185 2038
f 2038 2030 2188
f 2018 2030 7238
f 7238 2191 2018
f 2018 2191 2030
f 7238 5833 2206
f 2206 2191 7238
f 7242 5804 7241
f 5804 5805 7241
f 7252 7243 7251
f 7251 5800 5793
f 5793 7252 7251
f 5803 7243 5793
f 7243 7252 5793
f 7251 7257 5821
f 5831 5803 5830
f 5795 5815 5816
f 5832 5879 5834
f 5834 5804 5832
f 5832 5804 5831
f 5831 5875 5832
f 5983 6049 6023
f 6049 6073 6023
f 6020 5938 6023
f 6023 6073 6020
f 6015 5933 5932
f 5938 5932 5862
f 5862 5932 5933
f 2751 2779 2780
f 6022 6061 6070
f 6022 6062 6061
f 5938 6021 6022
f 6022 6021 6033
f 6033 6062 6022
f 6002 6062 6033
f 6061 6062 6002
f 6001 6061 6002
f 2857 6033 5963
f 6047 5979 6033
f 6047 6073 6049
f 7264 7273 5853
f 7273 5923 5853
f 5853 7257 7264
f 5922 7257 5853
f 5922 5853 5921
f 2505 2511 2506
f 2506 2500 2497
f 2506 2511 2500
f 1645 2497 1670
f 2496 2506 2497
f 2497 1645 2496
f 2496 2495 2505
f 2505 2506 2496
f 2496 1836 7276
f 7276 2495 2496
f 7268 7261 7260
f 7273 1836 1896
f 1896 1897 7273
f 7214 886 7213
f 7212 876 7214
f 876 886 7214
f 7217 898 911
f 437 920 908
f 919 407 908
f 908 407 437
f 908 907 919
f 897 907 908
f 407 345 406
f 7302 7300 7212
f 7302 7306 7303
f 7361 7362 7350
f 7361 7350 7360
f 7644 7649 7639
f 7639 7376 7644
f 7362 7376 7377
f 4333 4366 4367
f 7440 7441 7410
f 7441 7488 7489
f 7488 7495 7489
f 7489 7451 7441
f 7495 7451 7489
f 7442 7441 7487
f 7441 7451 7487
f 7416 7422 7447
f 7447 7422 7451
f 7364 7365 7351
f 7466 7430 7470
f 7561 7493 7488
f 7559 7488 7558
f 7558 7617 7559
f 7534 7535 7474
f 5552 5554 5547
f 5219 5251 5252
f 321 237 320
f 320 393 321
f 320 392 393
f 32 33 18
f 2442 2393 2441
f 2281 2240 2279
f 2279 2278 2281
f 2282 2240 2281
f 7343 7335 7341
f 7341 7340 7343
f 7323 7330 7324
f 7330 7325 7324
f 2220 7324 7325
f 2220 2237 7323
f 7323 7324 2220
f 7326 7331 7327
f 7352 7356 7343
f 7343 7340 7352
f 7351 7356 7352
f 7352 7340 7351
f 2308 7355 2271
f 2308 7353 7355
f 2271 7342 2308
f 7342 7353 2308
f 2273 2272 2315
f 885 876 884
f 885 886 876
f 898 886 885
f 884 897 885
f 897 898 885
f 875 1993 872
f 875 882 1993
f 872 874 875
f 884 883 895
f 903 904 895
f 883 896 895
f 895 904 905
f 905 897 895
f 895 897 884
f 894 882 893
f 894 883 882
f 893 896 894
f 894 896 883
f 887 6294 6341
f 6232 6189 6231
f 6239 6192 6190
f 6267 3188 6271
f 6271 6207 6267
f 3411 3355 3342
f 3397 3396 3398
f 3398 3327 3397
f 3397 3327 3396
f 6203 6264 6205
f 3242 6330 3308
f 3308 6330 6267
f 3462 3461 1977
f 3395 3461 3462
f 3462 3396 3395
f 3460 3461 3395
f 3497 3461 3460
f 6342 6294 887
f 887 6345 6342
f 6343 6294 6342
f 6426 878 6411
f 6411 6413 6426
f 6426 6413 878
f 6410 6382 878
f 878 6413 6410
f 6385 6386 6349
f 6349 6386 6350
f 1148 1145 1136
f 932 948 949
f 949 935 932
f 932 935 928
f 1141 1088 1140
f 3154 3129 1030
f 3131 3132 3120
f 3131 3156 3132
f 3161 3132 3160
f 1977 1980 1978
f 1984 1982 1978
f 1982 3396 1978
f 1978 3462 1977
f 3396 3462 1978
f 1983 1988 1984
f 1983 1980 1988
f 1984 1978 1983
f 1983 1978 1980
f 3501 1982 1989
f 3501 3464 1982
f 6417 6430 1977
f 892 890 902
f 902 896 892
f 893 881 892
f 892 896 893
f 1986 1979 880
f 880 1985 1986
f 6415 879 6427
f 6427 879 6430
f 6430 6417 6427
f 6779 6763 6762
f 6762 6763 6750
f 6799 6779 6798
f 6779 6799 6780
f 643 569 642
f 615 569 643
f 566 635 636
f 6901 6854 6853
f 1758 1761 2497
f 2497 2498 1758
f 1758 2498 2492
f 2517 2521 2512
f 2512 2511 2517
f 2519 2510 2512
f 2510 2499 2512
f 2512 2499 2511
f 1670 2497 1669
f 2497 1710 1669
f 1630 1629 2492
f 6855 6854 6901
f 6816 6855 6856
f 6854 6855 6816
f 654 1787 1846
f 1846 1787 1786
f 1788 1789 1740
f 1788 1787 1847
f 1740 1787 1788
f 1847 1794 1788
f 1794 1789 1788
f 1637 1661 1647
f 1740 1789 1790
f 1790 1789 1794
f 491 492 467
f 491 531 532
f 537 494 493
f 493 494 467
f 467 492 493
f 532 531 580
f 531 579 580
f 1640 1639 1662
f 1664 1641 1640
f 1655 1641 1664
f 1655 1656 1637
f 1637 1641 1655
f 467 494 495
f 495 488 467
f 494 496 495
f 495 496 488
f 1662 1639 1646
f 488 496 1646
f 1646 1639 467
f 467 488 1646
f 1662 1646 1674
f 1674 1646 496
f 1784 1791 1785
f 1740 1741 1690
f 1740 1688 1739
f 1689 1688 1740
f 1656 1688 1689
f 1740 1690 1689
f 1657 1656 1689
f 1689 1690 1657
f 3079 3099 3091
f 3091 3099 3090
f 3090 3066 3091
f 3090 3099 3098
f 3098 3099 3070
f 6741 6740 6750
f 6750 6751 6741
f 6751 6752 6741
f 6741 6753 6742
f 6741 6752 6753
f 6742 6753 6743
f 3029 2989 3028
f 2953 6728 2925
f 2953 2954 6728
f 2989 2954 2953
f 7338 7337 7347
f 7347 7337 7345
f 7348 7338 7347
f 7347 7345 7348
f 7330 7329 7336
f 7336 7337 7330
f 7346 7337 7336
f 7747 7346 7336
f 7336 7329 7747
f 2239 2240 2221
f 2221 2241 2239
f 2239 2241 2240
f 2280 2241 2237
f 2240 2241 2280
f 2279 2240 2280
f 2244 2240 2282
f 2244 2222 2240
f 5162 5158 5203
f 5203 2244 2282
f 5298 5299 5268
f 5268 5267 5298
f 5298 5267 5297
f 5294 5267 5282
f 5135 1273 5160
f 5160 5136 5135
f 5136 5121 5135
f 5136 5161 5137
f 5137 5161 5162
f 5159 5158 5162
f 5162 5201 5159
f 2221 5158 5159
f 5159 5134 2221
f 1320 1289 1288
f 1288 1319 1320
f 1423 1496 1497
f 1360 1316 1315
f 1286 1315 1316
f 1273 5135 1286
f 6728 479 480
f 480 481 6728
f 480 479 518
f 518 481 480
f 479 465 478
f 478 465 464
f 478 514 515
f 3089 3066 3064
f 3079 3091 3089
f 3089 3091 3066
f 6732 6733 6729
f 2925 6728 6729
f 6729 2952 2925
f 6729 6733 2952
f 6729 6731 6732
f 6729 6730 6731
f 6729 482 6730
f 6728 483 6729
f 483 482 6729
f 6739 6740 6736
f 6737 6733 6736
f 6740 6741 6736
f 6736 6741 6742
f 6742 6743 6736
f 6736 6744 6737
f 6736 6743 6744
f 7713 7748 7751
f 7751 7752 7713
f 7713 7752 7714
f 7713 7714 7684
f 7750 7748 7711
f 7750 7780 7751
f 7751 7748 7750
f 3599 3557 3556
f 3556 3598 3599
f 3599 7752 3557
f 3598 7752 3599
f 3545 3532 3548
f 7639 7649 7650
f 7684 7714 7685
f 7714 7715 7685
f 7711 7748 7712
f 7712 7683 7711
f 7683 7691 7671
f 7671 7691 7684
f 7683 7671 7373
f 7360 7359 7373
f 7373 7644 7360
f 1423 1360 1422
f 1360 1421 1422
f 1495 1421 1420
f 1495 1494 1423
f 1420 1494 1495
f 1423 1422 1495
f 1495 1422 1421
f 1548 1549 1482
f 1482 1547 1548
f 1546 1547 1482
f 1603 1547 1557
f 1549 1548 1603
f 1603 1548 1547
f 1360 1315 1359
f 1605 1551 1549
f 1560 1561 1493
f 5197 5156 5155
f 5150 5191 5154
f 5200 5156 5199
f 5199 5228 5200
f 5194 5156 5200
f 5219 5192 5194
f 3601 3651 3652
f 3650 3651 3601
f 7719 3560 7753
f 7753 7720 7719
f 3702 3654 3701
f 3701 3654 3653
f 7722 7758 7759
f 7640 7638 7639
f 7641 7638 7640
f 7376 7638 7396
f 7722 7755 7756
f 7786 7803 7804
f 7686 7715 7716
f 7686 7687 7662
f 7686 7718 7687
f 7662 7685 7686
f 7686 7685 7715
f 3718 3672 3717
f 3717 3672 3675
f 3717 3698 3718
f 3717 3675 3699
f 3699 3698 3717
f 4355 4390 4391
f 4391 4390 4386
f 4420 4395 4424
f 4424 4421 4420
f 4422 4421 4424
f 4396 4397 4361
f 4361 4395 4396
f 4420 4397 4396
f 4396 4395 4420
f 4394 4395 4361
f 4361 4356 4394
f 4394 4356 4393
f 7231 7223 7230
f 7230 7237 7231
f 7281 7224 7223
f 4432 4417 4415
f 4415 7282 4432
f 7277 4417 4432
f 4432 7282 7277
f 7304 7303 7316
f 7306 7307 7316
f 7835 4336 7813
f 3686 3640 3687
f 3687 3639 3686
f 3553 3552 3584
f 7813 7812 7811
f 7811 7829 7830
f 7830 7829 7840
f 4342 4343 4318
f 4318 4341 4342
f 4371 3793 3860
f 4371 3794 3793
f 4293 4319 4320
f 4293 4294 4276
f 4318 4319 4293
f 4375 4348 4343
f 3860 3920 4372
f 4372 4371 3860
f 4341 4371 4372
f 4343 4342 4372
f 4372 4342 4341
f 3793 3794 3740
f 3785 3737 3736
f 3736 3790 3785
f 3860 3793 3859
f 3793 3792 3859
f 3791 3792 3738
f 3737 3785 3738
f 3738 3790 3791
f 3738 3785 3790
f 3702 3701 3747
f 3747 3701 3746
f 3632 3588 3587
f 3589 3639 3590
f 3736 3737 3684
f 3857 3792 3791
f 3857 3918 3860
f 3860 3859 3857
f 3791 3790 3853
f 3853 3855 3791
f 3853 3790 3854
f 4083 4038 4086
f 4086 4433 4083
f 4438 4430 7283
f 7283 4431 4438
f 4438 4431 4430
f 4386 4390 4388
f 4354 4390 4355
f 4353 4390 4354
f 4299 4326 4300
f 4299 4298 4324
f 4324 4325 4299
f 4351 4325 4350
f 4350 4326 4351
f 2503 2514 2504
f 7304 7308 7318
f 4195 7309 4144
f 4195 7308 7309
f 7319 6665 7310
f 7319 6698 6665
f 7294 3977 7293
f 7293 7307 7294
f 3977 7307 7293
f 3880 3941 3942
f 3820 3760 3819
f 3820 3815 3760
f 6833 6871 6872
f 6872 6919 6921
f 526 527 489
f 524 7196 525
f 7056 466 460
f 7056 7118 466
f 486 7118 7166
f 466 7118 486
f 1632 1641 1637
f 1639 1640 1632
f 1632 1640 1641
f 467 1639 1632
f 1632 460 467
f 7184 7148 7147
f 7184 7149 7148
f 6844 2494 6886
f 2492 2499 2493
f 6896 6851 6897
f 7041 7039 7101
f 7190 7154 7189
f 7190 7155 7154
f 7095 7021 7094
f 7094 7156 7095
f 7155 7156 7094
f 7154 7155 7094
f 6602 6603 6557
f 6602 6601 6640
f 6515 6559 6516
f 6601 6602 6552
f 3042 3027 3062
f 3027 3061 3062
f 3088 3063 3079
f 3064 3063 3088
f 3079 3089 3088
f 3088 3089 3064
f 3077 3041 3079
f 3079 3063 3077
f 3077 3063 3042
f 697 608 696
f 698 608 697
f 696 693 697
f 697 693 698
f 692 693 606
f 768 693 692
f 606 693 688
f 688 693 694
f 688 607 606
f 694 607 688
f 699 618 698
f 706 707 620
f 566 618 620
f 618 699 620
f 620 621 566
f 700 621 620
f 703 702 768
f 703 620 702
f 687 605 686
f 606 605 687
f 6759 6774 6775
f 563 6756 6757
f 6757 6756 6774
f 566 521 565
f 565 521 564
f 564 616 565
f 565 618 566
f 565 616 618
f 609 608 564
f 564 617 609
f 617 610 609
f 555 608 609
f 609 610 555
f 1880 1937 1939
f 1939 1937 1963
f 1939 1940 1880
f 1963 1940 1939
f 1851 1794 1847
f 1851 1852 1794
f 594 548 1880
f 1757 548 504
f 739 1940 741
f 741 1940 1963
f 628 627 630
f 630 629 628
f 566 627 628
f 628 629 566
f 627 626 715
f 630 627 715
f 715 651 630
f 625 714 715
f 715 626 625
f 630 651 581
f 532 580 581
f 581 580 579
f 713 714 625
f 625 712 713
f 713 712 711
f 711 788 713
f 851 790 788
f 1847 790 851
f 729 659 728
f 779 707 778
f 600 602 677
f 553 604 554
f 601 602 553
f 553 511 552
f 554 511 553
f 473 509 510
f 552 511 510
f 510 511 473
f 510 2770 552
f 510 509 2770
f 555 513 512
f 512 554 555
f 512 511 554
f 473 511 476
f 476 512 513
f 511 512 476
f 5807 5808 5794
f 661 662 588
f 658 659 588
f 657 659 658
f 6128 6149 6150
f 6150 6129 6128
f 5254 5220 5219
f 1498 1499 1423
f 1423 1494 1498
f 4625 5691 4562
f 2054 5815 5795
f 4615 4614 4698
f 4615 4698 4616
f 5743 5709 5737
f 4616 4618 4702
f 5069 4992 5068
f 4794 4793 4795
f 4999 4904 5000
f 5050 4957 4953
f 2207 2206 5833
f 2192 2191 2207
f 2191 2206 2207
f 4817 2185 2184
f 2184 2185 2162
f 2164 2162 2186
f 2186 2185 2164
f 2162 2185 2186
f 4926 2185 4817
f 2163 2162 2164
f 2164 2146 2163
f 2164 2166 2165
f 2165 2146 2164
f 2166 2146 2165
f 2147 2166 2168
f 2147 2146 2166
f 2131 2146 2147
f 4817 2162 2182
f 2189 2166 2164
f 2189 2190 2166
f 2188 2190 2189
f 2189 2038 2188
f 2164 2038 2189
f 2196 2169 2168
f 2196 2197 2169
f 2602 2572 2601
f 2538 2560 2561
f 2561 2562 2538
f 2850 2849 2857
f 2763 2794 2791
f 2791 2799 2795
f 2799 2797 2795
f 2795 2763 2791
f 760 805 801
f 729 800 801
f 801 800 760
f 2791 2794 2798
f 2794 2763 2798
f 2822 2783 2821
f 2821 2783 2782
f 2759 2790 2791
f 2724 2677 2723
f 2690 2695 2651
f 2740 2695 2690
f 2689 2740 2690
f 2603 2572 2602
f 2673 2706 2710
f 2706 2708 2710
f 2710 2674 2673
f 2710 2717 2674
f 2704 2749 2752
f 2752 2750 2704
f 2704 2750 2751
f 2646 2692 2672
f 2712 2706 2673
f 2712 2692 2706
f 2706 2692 2709
f 2709 2692 2691
f 2709 2667 2706
f 2709 2691 2667
f 2757 2714 2756
f 2713 2714 2674
f 2778 2752 2777
f 2777 2750 2778
f 2778 2750 2752
f 2528 2536 2522
f 2777 2752 2746
f 2703 2704 2665
f 2665 2704 2701
f 2665 2701 2666
f 2536 2528 2535
f 5850 5819 5852
f 2650 2655 2693
f 2693 2694 2650
f 2695 2694 2693
f 2651 2695 2693
f 2693 2653 2651
f 2655 2653 2693
f 2609 2655 2656
f 2656 2648 2609
f 2656 2655 2650
f 2650 2649 2656
f 2649 2648 2656
f 2621 2607 2592
f 2621 2640 2651
f 2651 2607 2621
f 2546 2576 2577
f 2549 2547 2577
f 2577 2547 2546
f 2577 2581 2549
f 2524 5705 5727
f 5727 5755 2524
f 2524 2523 5705
f 2522 2523 2524
f 2524 5755 2522
f 5647 5648 4688
f 4688 4697 5647
f 4553 5594 4611
f 4611 4612 4553
f 5618 5594 4553
f 4553 4612 5618
f 5617 5648 5618
f 5618 4612 5617
f 4688 5648 5617
f 5617 4612 4688
f 4611 4684 4685
f 4685 4686 4611
f 4684 4686 4685
f 1017 1053 1057
f 1057 1058 1017
f 1017 990 989
f 988 987 1016
f 1016 1274 988
f 957 987 988
f 1426 1366 1425
f 961 993 962
f 956 987 957
f 956 1370 943
f 939 960 961
f 955 958 939
f 961 962 939
f 992 960 991
f 991 960 990
f 991 990 1020
f 1020 1021 991
f 991 1021 992
f 959 958 955
f 955 985 959
f 959 939 958
f 960 939 959
f 990 960 959
f 959 989 990
f 985 989 959
f 938 956 957
f 1370 956 938
f 1369 932 928
f 936 935 955
f 928 935 936
f 4876 4880 4979
f 4880 4879 4979
f 4877 4979 4879
f 4877 4775 4876
f 4876 4979 4877
f 5010 5080 5081
f 5064 5099 5081
f 4977 4980 4876
f 4977 5064 4980
f 4977 5063 5064
f 4977 4976 5063
f 4875 4774 4773
f 4773 4874 4875
f 4875 4775 4774
f 4876 4775 4875
f 4875 4874 4976
f 4875 4977 4876
f 4976 4977 4875
f 4773 4872 4873
f 4873 4874 4773
f 4872 4874 4873
f 5650 5676 2530
f 5651 5618 5650
f 5674 5648 5673
f 5705 2523 5678
f 2549 2581 2578
f 2581 2609 2578
f 2575 2605 2574
f 5619 5651 5652
f 5652 5620 5619
f 5760 5722 5759
f 5756 5722 5754
f 5756 5757 5722
f 5671 5702 5672
f 5648 5647 5672
f 5673 5648 5672
f 5672 5702 5673
f 5672 4697 5671
f 5672 5647 4697
f 5704 5702 4614
f 5720 5702 5704
f 5726 5720 5704
f 5707 5732 5733
f 5784 5785 5753
f 952 980 981
f 952 935 949
f 4681 4774 4682
f 4681 4680 4774
f 4777 4776 4775
f 4775 4877 4777
f 4777 4686 4684
f 4684 4776 4777
f 4778 4686 4777
f 1059 1060 1019
f 1059 1109 1060
f 1019 1058 1059
f 1198 4923 5023
f 4869 4870 4772
f 4772 1109 4869
f 2025 2024 2022
f 2022 2024 2006
f 2006 2005 2022
f 2022 2005 2023
f 7304 7301 7289
f 7289 7303 7304
f 7300 7302 7289
f 7289 7302 7303
f 2500 2511 2501
f 2511 2499 2501
f 2492 2500 2501
f 2501 2499 2492
f 2515 2514 2519
f 2515 2504 2514
f 2521 2516 7258
f 2519 2512 2520
f 2520 2512 2521
f 7260 7255 7259
f 7242 7241 7248
f 7254 7248 7253
f 7254 7259 7255
f 7253 7259 7254
f 7272 7273 7264
f 7262 7256 7255
f 7255 7261 7262
f 2030 2032 2029
f 2032 2021 2029
f 7238 2030 2029
f 2020 2031 2033
f 2033 2023 2020
f 2020 2005 2004
f 2023 2005 2020
f 7245 7241 7240
f 7240 7241 5805
f 5837 5897 5886
f 5887 5886 5966
f 5887 5888 5837
f 5837 5886 5887
f 5965 5897 5983
f 5983 6036 5965
f 5965 6036 5966
f 5966 5886 5965
f 5965 5886 5897
f 6019 6023 5938
f 6036 6023 6019
f 6039 6019 6018
f 6036 6019 6039
f 5801 5793 5800
f 5825 5826 5801
f 5799 5800 7251
f 7251 5821 5799
f 5856 5821 7257
f 5829 5830 5803
f 5873 5830 5829
f 5828 5829 5803
f 5827 5829 5828
f 5870 5826 5869
f 5869 5949 5870
f 5948 5949 5869
f 5834 5879 5880
f 5846 5816 5849
f 5875 5952 5876
f 5876 5832 5875
f 5953 5876 5952
f 5947 6029 5951
f 5869 5939 5947
f 5947 5948 5869
f 5951 5949 5947
f 5949 5948 5947
f 5869 5825 5863
f 5863 5939 5869
f 6017 5933 6015
f 6015 6024 6017
f 6024 5939 6017
f 6050 6036 5983
f 5983 6023 6050
f 6050 6023 6036
f 6016 5932 5938
f 5938 6022 6016
f 6016 6022 6070
f 6015 5932 6016
f 6018 6019 5937
f 5938 5862 5937
f 5937 6019 5938
f 6003 6002 6033
f 5846 5849 5905
f 6001 6000 5992
f 6033 5979 6034
f 6034 5963 6033
f 2884 5885 2857
f 2857 5963 2884
f 5896 5897 5837
f 5983 5897 5896
f 6072 6033 6020
f 6072 6047 6033
f 6020 6073 6072
f 6073 6047 6072
f 6048 6049 5983
f 6048 6047 6049
f 6060 6024 6015
f 6015 5998 6060
f 6060 5998 6024
f 5922 5921 5941
f 5920 5853 5923
f 5920 5921 5853
f 5923 6005 5920
f 5920 6005 6006
f 6006 6007 5920
f 6007 6008 5920
f 1725 2496 1673
f 1673 2496 1645
f 1836 2496 1835
f 7267 7268 7260
f 7268 7267 7265
f 7276 7275 7265
f 7265 7274 7276
f 7265 7267 7266
f 7266 7258 7265
f 7265 7258 2516
f 2517 7274 7265
f 7265 2516 2517
f 1897 1896 1895
f 1895 1894 1897
f 1895 1896 1836
f 1836 1894 1895
f 1752 1703 1702
f 1752 1704 1703
f 7234 7229 7236
f 7212 7214 7215
f 7223 7224 7215
f 7213 886 899
f 899 7217 7213
f 899 886 898
f 898 7217 899
f 7229 7221 7220
f 7220 7221 7214
f 7226 7217 912
f 419 920 445
f 419 445 446
f 909 920 910
f 909 908 920
f 897 908 909
f 910 898 909
f 909 898 897
f 7236 7226 926
f 926 925 7236
f 7226 925 926
f 437 407 434
f 407 406 434
f 405 406 345
f 7305 7306 7314
f 7306 7302 7314
f 7212 7305 7314
f 7314 7302 7212
f 7375 7376 7362
f 7362 7361 7375
f 7375 7361 7360
f 7815 7806 7791
f 4333 4367 4368
f 5557 4366 5551
f 5557 4367 4366
f 5551 4401 5557
f 4401 4368 5557
f 5557 4368 4367
f 4332 4363 4333
f 4332 4362 4363
f 4361 4362 4332
f 4333 4334 4303
f 4303 4332 4333
f 4302 4331 4303
f 4331 4332 4303
f 4294 4293 4317
f 7777 4233 4229
f 7642 7638 7641
f 7395 7376 7398
f 7395 7377 7376
f 7362 7377 7363
f 7351 7362 7363
f 7363 7364 7351
f 7486 7488 7441
f 7441 7440 7486
f 7482 7488 7486
f 7486 7440 7482
f 2271 7355 7366
f 7416 7385 7384
f 7412 7410 7442
f 7495 7493 7496
f 7540 7474 7539
f 7474 7538 7539
f 7474 7535 7536
f 7536 7535 7552
f 7540 7539 7602
f 7602 7539 7538
f 7602 7536 7552
f 7517 7516 7523
f 7523 7516 7467
f 7523 7522 7517
f 7467 7522 7523
f 7467 7516 7515
f 7430 7466 7431
f 7517 7522 7589
f 7589 7534 7517
f 7601 7534 7589
f 7467 7466 7520
f 2233 7490 7497
f 7559 7617 7571
f 7571 7570 7559
f 7503 7570 7571
f 7560 7488 7559
f 7560 7561 7488
f 7493 7561 7560
f 7503 7571 7572
f 7572 7571 7617
f 7482 7554 7555
f 7617 7558 7557
f 7557 7488 7482
f 7557 7558 7488
f 7474 7518 7533
f 7533 7534 7474
f 7533 7518 7517
f 7517 7534 7533
f 7497 7490 7564
f 7490 7563 7564
f 7456 7507 7506
f 7497 7454 7453
f 5555 5547 5554
f 7222 5554 5552
f 7222 5555 5554
f 7221 5555 7222
f 5552 4400 7222
f 7230 7223 7222
f 7223 7215 7222
f 7222 4400 4366
f 4366 4365 7222
f 4333 7230 7222
f 7222 4365 4333
f 5422 5396 4239
f 18 29 30
f 18 5350 5351
f 5350 5365 5351
f 5351 5365 29
f 94 60 58
f 387 345 344
f 349 925 924
f 303 223 302
f 291 223 290
f 290 223 289
f 287 289 223
f 354 359 290
f 2373 2328 2327
f 2252 2226 2251
f 2224 2226 2217
f 107 108 69
f 2290 2328 2329
f 2252 2288 2290
f 2327 2328 2290
f 5330 2327 2290
f 2290 2288 5330
f 2252 2290 2250
f 2250 2290 2289
f 5330 2288 2286
f 2286 5331 5330
f 2248 2288 2252
f 2252 2251 2248
f 2248 2251 2226
f 917 904 916
f 5335 5334 112
f 112 5303 5272
f 5219 5252 5253
f 5253 5254 5219
f 5289 5254 5253
f 34 33 35
f 18 34 35
f 65 35 64
f 101 104 149
f 156 157 101
f 322 237 321
f 321 393 331
f 250 330 331
f 319 320 237
f 392 320 319
f 18 2228 2218
f 2228 2229 2218
f 2229 2259 2257
f 2350 2352 2397
f 2397 2352 2384
f 2445 2482 2474
f 2443 2393 2442
f 2345 2393 2394
f 2394 2390 2345
f 2393 2390 2394
f 2329 2375 2376
f 2392 2393 2345
f 62 35 69
f 2310 2311 2271
f 2313 2272 2312
f 2312 2272 2271
f 2271 2311 2312
f 2354 2311 2348
f 2315 2272 2314
f 2314 2272 2313
f 2242 5164 2284
f 7332 7330 7333
f 7333 7330 7338
f 7333 7326 7332
f 7333 7331 7326
f 2276 2278 2279
f 7334 7327 7331
f 7334 7341 7335
f 2316 2273 2315
f 2315 2314 2316
f 2274 2273 2318
f 2275 2274 2318
f 2318 2281 2278
f 2318 2277 2275
f 2278 2277 2318
f 2234 2273 2274
f 2234 2274 2275
f 2272 2273 2234
f 2234 7342 2271
f 2271 2272 2234
f 2234 2275 7335
f 2234 7335 7343
f 7343 7342 2234
f 900 888 887
f 900 902 888
f 900 896 902
f 903 895 906
f 906 895 896
f 906 900 903
f 896 900 906
f 6292 6341 6294
f 6292 6291 6340
f 6340 6341 6292
f 6190 6189 6233
f 6189 6232 6233
f 3422 3355 3421
f 3342 3355 3333
f 6190 6192 6191
f 6191 6156 6190
f 6192 6156 6191
f 6132 6156 6157
f 6156 6194 6157
f 6157 6158 6132
f 6194 6158 6157
f 6192 6240 6193
f 6240 6194 6193
f 6193 6156 6192
f 6193 6194 6156
f 6240 6303 6307
f 6206 6207 6163
f 6163 6205 6206
f 6207 6271 6208
f 6208 6271 3188
f 6263 6203 6262
f 6246 6203 6254
f 6202 6251 6252
f 6252 6203 6202
f 6326 6264 6325
f 6421 6399 6396
f 6396 6395 6421
f 3456 6399 3395
f 3330 3331 3259
f 3243 3189 3242
f 3260 3259 3325
f 3325 3259 3331
f 3395 3327 3325
f 3327 3326 3325
f 3395 3325 3394
f 6343 6342 6298
f 6298 6342 6345
f 6323 6325 6264
f 6364 6325 6323
f 877 6414 6412
f 6412 878 877
f 6411 878 6412
f 6346 6345 6382
f 6346 6298 6345
f 6295 6294 6343
f 1283 1268 1282
f 1532 1552 6125
f 1378 1326 1377
f 1041 1005 1007
f 1325 1326 1295
f 1099 1057 1053
f 1131 1081 1132
f 1132 1081 1083
f 3251 3314 3315
f 3315 1163 3251
f 3314 1163 3315
f 3314 3274 1169
f 1175 1141 1140
f 1143 1088 1142
f 1088 1141 1142
f 1162 1115 1258
f 3120 3132 3128
f 3128 3129 3120
f 3120 3129 3130
f 3129 3154 3130
f 3130 3154 1119
f 1073 3154 1030
f 1119 3154 1073
f 3209 3161 3160
f 3122 3131 3120
f 3200 3201 3156
f 3251 1163 3194
f 1163 3196 3194
f 3247 3248 3192
f 3502 3465 3464
f 3464 3501 3502
f 3502 3498 3465
f 3501 3498 3502
f 3497 3460 6428
f 3460 6417 6428
f 1977 3497 6428
f 6428 6417 1977
f 3459 3460 3395
f 873 879 1981
f 1977 873 1981
f 1981 1979 1977
f 1981 880 1979
f 881 1985 891
f 1985 880 891
f 891 892 881
f 890 892 891
f 891 879 890
f 891 1981 879
f 880 1981 891
f 6415 6427 6416
f 6416 6427 6417
f 6798 6779 6778
f 6779 6762 6778
f 6761 6762 6750
f 6828 6799 6798
f 6779 6780 6764
f 6764 6763 6779
f 6764 6751 6750
f 6750 6763 6764
f 6979 6919 6918
f 6976 6973 7057
f 7057 6977 6976
f 571 646 638
f 640 639 638
f 638 639 568
f 6909 6973 6976
f 644 6756 615
f 615 643 644
f 644 643 6756
f 6774 6756 6773
f 6756 643 6773
f 6773 643 642
f 6852 6851 6896
f 6896 6895 6852
f 6901 6853 6900
f 6900 6963 6901
f 2492 1629 1628
f 6771 1630 6770
f 1629 1630 6771
f 1820 1760 2497
f 1762 1760 1820
f 1759 1710 2497
f 2497 1760 1759
f 1759 1760 1710
f 1818 1817 1882
f 1818 1774 1762
f 1762 1820 1818
f 1761 1758 1818
f 1758 1817 1818
f 2497 1761 1818
f 1818 1820 2497
f 6814 6853 6854
f 6851 6852 6814
f 6814 6852 6853
f 6854 6816 6815
f 6816 6789 6815
f 6815 6814 6854
f 6789 6814 6815
f 6770 6789 6790
f 6791 6816 1840
f 6791 6789 6816
f 6791 6790 6789
f 6791 1840 6770
f 6770 6790 6791
f 1786 1791 1845
f 1845 1846 1786
f 1845 1901 1846
f 1850 1848 1794
f 1859 1850 1794
f 1876 1877 1814
f 1637 1651 1652
f 1652 1651 6856
f 1676 1647 1675
f 533 491 532
f 537 493 536
f 536 586 537
f 650 648 630
f 579 648 650
f 630 581 650
f 650 581 579
f 630 648 631
f 566 630 631
f 631 632 566
f 637 573 566
f 566 636 637
f 647 636 635
f 647 637 636
f 573 637 647
f 578 579 531
f 578 649 579
f 1662 1664 1663
f 1663 1640 1662
f 1664 1640 1663
f 1726 496 494
f 1726 1674 496
f 1791 1784 1844
f 1844 1845 1791
f 1901 1845 1844
f 1844 1784 537
f 1741 1692 1691
f 1691 1690 1741
f 1696 1741 1740
f 1696 1692 1741
f 1738 1739 1688
f 1687 1688 1656
f 1656 1686 1687
f 1687 1738 1688
f 1656 1655 1685
f 1685 1686 1656
f 3100 3099 3079
f 3070 3099 3100
f 3070 3102 3078
f 3079 3041 3078
f 3078 3102 3079
f 3759 3796 3800
f 3800 3760 3759
f 3819 3760 3800
f 4150 4149 4201
f 4091 4149 4150
f 3064 3066 3030
f 3028 3064 3030
f 3030 3029 3028
f 3642 3647 3693
f 3642 3693 3694
f 3642 3671 3670
f 3642 3670 3626
f 3694 3675 3642
f 3642 3675 3671
f 3594 2954 2989
f 3595 2954 3594
f 3647 3642 3594
f 3028 2989 2988
f 2989 2953 2988
f 2988 2953 2987
f 2988 2987 3028
f 5158 2222 5202
f 5202 5203 5158
f 2222 2244 5202
f 2244 5203 5202
f 5278 5277 5282
f 5237 5277 5278
f 5162 5203 5163
f 5163 5137 5162
f 5134 5159 5157
f 5157 5159 5201
f 5157 5201 5160
f 5160 1273 5157
f 1273 5134 5157
f 5208 5239 5240
f 5237 5208 5236
f 5236 5277 5237
f 5166 5165 5173
f 5173 5165 5208
f 5181 5173 5211
f 1322 1289 1321
f 1289 1320 1321
f 1321 1320 1319
f 1424 1360 1423
f 1423 1497 1424
f 1424 1497 1425
f 5120 5121 5111
f 5120 5135 5121
f 1362 1424 1425
f 1318 1319 1288
f 1318 1364 1319
f 561 521 520
f 520 562 561
f 564 521 561
f 611 617 564
f 611 610 617
f 555 610 611
f 614 561 559
f 515 514 559
f 560 483 518
f 6730 482 6734
f 6734 485 6739
f 6731 6730 6734
f 6732 6731 6734
f 485 521 523
f 6739 485 523
f 523 521 563
f 523 6747 6739
f 7749 7711 7747
f 7749 7750 7711
f 7747 7780 7749
f 7780 7750 7749
f 3580 3548 3579
f 3579 3627 3580
f 3626 3627 3579
f 3579 3598 3626
f 3546 3532 7714
f 3580 3625 3577
f 3577 3548 3580
f 3545 3548 3577
f 3577 3574 3545
f 7672 7650 7649
f 7670 7650 7672
f 7649 7671 7672
f 7684 7670 7672
f 7672 7671 7684
f 7639 7650 7645
f 7710 7691 7683
f 7683 7712 7710
f 7710 7712 7748
f 7684 7691 7710
f 7710 7713 7684
f 7748 7713 7710
f 7344 7683 7358
f 7683 7373 7358
f 7348 7344 7358
f 7358 7373 7359
f 7358 7349 7348
f 7358 7359 7349
f 7649 7644 7394
f 7644 7373 7394
f 7394 7671 7649
f 7394 7373 7671
f 5117 1607 1554
f 1611 1607 5148
f 5148 5185 1611
f 1610 1607 1611
f 1559 1555 1554
f 1607 1610 1559
f 1559 1560 1493
f 1611 1612 1559
f 1559 1610 1611
f 5122 5123 5111
f 5122 5141 5123
f 5111 5121 5122
f 5122 5121 5136
f 5136 5137 5122
f 5111 5112 5105
f 5105 1359 5111
f 5111 1359 5110
f 5110 1359 1315
f 5110 5120 5111
f 1315 5120 5110
f 5114 5127 5128
f 5128 5127 5145
f 5113 5127 5114
f 1554 1555 1490
f 1490 1488 1554
f 1549 1603 1604
f 1604 1605 1549
f 1561 1560 1609
f 1557 1561 1609
f 1609 1603 1557
f 1609 1604 1603
f 1560 1559 1609
f 5268 5271 5232
f 5232 5271 5272
f 5155 5154 5196
f 5196 5197 5155
f 5154 5191 5196
f 5191 5150 5190
f 5190 5196 5191
f 5197 5196 5190
f 5150 5131 5130
f 5130 5128 5145
f 5130 5131 5118
f 5118 5128 5130
f 5156 5197 5198
f 5198 5199 5156
f 5226 5199 5198
f 5197 5190 5198
f 5156 5194 5151
f 5151 5194 5192
f 3602 3601 3652
f 3601 3602 3562
f 3564 7753 3541
f 3603 3602 3652
f 3541 7753 3540
f 3540 7753 3560
f 7720 7753 7721
f 7721 7755 7722
f 3625 3669 3668
f 3629 3625 3580
f 3629 3669 3625
f 3629 3580 3628
f 3628 3669 3629
f 3653 3650 3665
f 3665 3667 3666
f 3620 3665 3666
f 3664 3665 3620
f 3620 3663 3664
f 3544 3574 3620
f 3620 3575 3544
f 7639 7645 7646
f 7398 7376 7397
f 7376 7396 7397
f 7804 7803 7823
f 7803 3570 7823
f 3608 3654 3609
f 3609 3570 3608
f 3607 3570 7803
f 3607 3603 3652
f 3607 3608 3570
f 3654 3608 3607
f 3652 3651 3607
f 3607 3651 3653
f 3653 3654 3607
f 7757 7758 7722
f 7722 7756 7757
f 7767 7756 7755
f 7803 7786 7784
f 7755 7721 7754
f 7754 7721 7753
f 7804 7825 7805
f 7825 7809 7805
f 7805 7786 7804
f 7824 7825 7804
f 3703 3654 3702
f 3703 3704 3654
f 3702 3747 3703
f 3637 3588 3636
f 3588 3632 3636
f 3636 3632 3614
f 3614 3658 3636
f 3609 3654 3655
f 3654 3611 3655
f 7718 7686 7717
f 7716 3529 7717
f 7717 7686 7716
f 4386 4422 4423
f 4423 4391 4386
f 4327 4300 4326
f 4355 4356 4327
f 4327 4354 4355
f 4353 4354 4327
f 4327 4352 4353
f 4327 4350 4352
f 4326 4350 4327
f 4422 4424 4392
f 4392 4423 4422
f 4391 4423 4392
f 4392 4424 4395
f 4355 4391 4392
f 4392 4356 4355
f 4393 4356 4392
f 4392 4394 4393
f 4395 4394 4392
f 7223 7231 7225
f 7225 7281 7223
f 7292 7281 7285
f 7212 7215 7279
f 7279 7215 7224
f 3977 3914 3976
f 3976 3914 3975
f 3976 3975 4030
f 4030 4034 3976
f 3852 3914 3915
f 3913 3914 3852
f 3852 3912 3913
f 7303 7306 7315
f 7315 7316 7303
f 7306 7316 7315
f 7317 7308 7304
f 7304 7316 7317
f 7309 7308 7317
f 7317 7316 7309
f 7320 7307 7309
f 7309 7316 7320
f 7320 7316 7307
f 4309 4338 4318
f 4309 4286 4310
f 4318 4336 4309
f 3587 3586 3631
f 3584 3617 3631
f 3584 3631 3585
f 3585 3631 3586
f 3615 3632 3587
f 3614 3632 3615
f 3587 3631 3615
f 7831 7835 7813
f 7813 7811 7831
f 7830 7835 7831
f 7831 7811 7830
f 7810 7809 7825
f 7829 7811 7810
f 3640 7830 4262
f 4262 7842 3640
f 3640 7842 3592
f 3592 7842 7843
f 3641 3687 3640
f 3639 3687 3641
f 7843 7840 3591
f 3590 3639 3591
f 7830 7840 7841
f 7841 4262 7830
f 7842 4262 7841
f 7843 7842 7844
f 7844 7840 7843
f 7842 7841 7844
f 7844 7841 7840
f 3794 4371 4340
f 4340 4341 4318
f 4340 4371 4341
f 4376 4348 4382
f 4348 4375 4382
f 4382 4377 4376
f 4405 4375 4404
f 3919 3920 3860
f 3919 3916 3920
f 3860 3918 3919
f 3918 3916 3919
f 3856 3853 3854
f 3855 3853 3856
f 3791 3855 3856
f 3856 3857 3791
f 3920 3916 3968
f 4310 4286 3692
f 3692 3691 4310
f 4286 3691 3692
f 3689 3740 3690
f 3640 3689 3690
f 3690 3691 3640
f 4318 4310 4339
f 4310 3691 4339
f 4339 4340 4318
f 3794 4340 4339
f 3686 3677 3685
f 3737 3738 3685
f 3685 3684 3737
f 3739 3738 3792
f 3739 3792 3793
f 3793 3740 3739
f 3739 3740 3689
f 3689 3685 3739
f 3739 3685 3738
f 3831 3769 3830
f 3639 3589 3635
f 3635 3589 3588
f 3727 3680 3726
f 3728 3680 3704
f 3704 3703 3728
f 3736 3684 3683
f 3682 3733 3683
f 3683 3733 3734
f 3638 3588 3637
f 3677 3633 3638
f 3638 3633 3588
f 3638 3685 3677
f 3684 3685 3638
f 3682 3683 3638
f 3638 3683 3684
f 3858 3859 3792
f 3792 3857 3858
f 3858 3857 3859
f 4346 4325 4320
f 4320 4345 4346
f 4346 4345 4325
f 4376 4377 4344
f 4344 4345 4320
f 4344 4348 4376
f 4320 4348 4344
f 4353 4352 4389
f 4352 4388 4389
f 4389 4390 4353
f 4389 4388 4390
f 4306 4296 4298
f 4320 4325 4347
f 4386 4388 4387
f 4387 4388 4352
f 4352 4350 4387
f 7304 7318 7313
f 7313 7301 7304
f 7311 7301 7313
f 7321 7308 6697
f 6697 7319 7321
f 7321 7318 7308
f 6725 7319 6697
f 6698 7319 6725
f 6717 7308 6688
f 6717 6709 7308
f 6715 6683 6712
f 6603 6602 6642
f 4143 4195 4144
f 4036 7307 3977
f 3977 4040 4036
f 4039 4040 3977
f 4087 4040 4039
f 4039 4082 4087
f 3990 3929 3945
f 3929 3870 3883
f 3945 3929 3883
f 3952 3900 3902
f 6580 6615 4205
f 3847 3905 3906
f 3852 3789 3851
f 3847 3849 3787
f 3895 3831 3894
f 3886 3896 3927
f 3927 3948 3886
f 3863 3820 3819
f 3819 3800 3863
f 3863 3800 3799
f 3763 3821 3822
f 3822 3821 3880
f 3822 3764 3763
f 3720 3760 3761
f 3760 3815 3816
f 3815 3820 3816
f 7166 7130 7129
f 6985 6923 6982
f 6982 6923 6921
f 6921 6919 6982
f 6919 6981 6982
f 6919 6872 6920
f 490 527 531
f 490 491 467
f 531 491 490
f 467 489 490
f 489 527 490
f 574 526 573
f 527 526 574
f 574 648 579
f 579 649 574
f 573 647 574
f 574 647 648
f 531 527 574
f 6919 6979 6983
f 530 526 489
f 571 526 530
f 7062 6983 530
f 6987 6926 6986
f 7173 7130 7166
f 7166 7134 7173
f 7173 7134 7130
f 7076 7070 7130
f 7130 7134 7076
f 7076 7075 6995
f 7147 7085 7146
f 7146 7180 7147
f 7180 7146 7145
f 7145 7105 7103
f 7145 7146 7085
f 1634 1633 460
f 460 1632 1634
f 7040 7039 7041
f 7041 6963 7040
f 7102 7042 7041
f 7103 7042 7102
f 7041 7101 7102
f 7102 7101 7103
f 460 1633 6970
f 7055 7056 6970
f 6970 7056 460
f 6970 7054 7055
f 7053 7054 6970
f 6665 6664 6696
f 7310 6665 6696
f 6696 7298 7310
f 6696 6664 6695
f 6573 6610 6611
f 6611 6610 6621
f 7189 7154 6655
f 6621 6610 6648
f 6621 6648 6624
f 6624 6648 6653
f 6510 6511 6479
f 6479 6515 6516
f 2503 2494 2502
f 2494 2493 2502
f 2513 2503 2502
f 2502 2510 2513
f 2502 2499 2510
f 2502 2493 2499
f 6851 6814 6813
f 6785 6814 6789
f 6785 6813 6814
f 7157 7099 7103
f 7099 7157 7100
f 7100 7157 7103
f 6853 6852 6898
f 6898 6852 6895
f 7099 7100 7032
f 6886 2503 6941
f 2503 2504 6941
f 7154 7094 7093
f 7093 7094 7021
f 6556 6602 6557
f 6557 6515 6556
f 6556 6515 6555
f 6555 6552 6556
f 6556 6552 6602
f 6557 6603 6604
f 6604 6646 6643
f 6603 6642 6604
f 6606 6581 6560
f 6560 6559 6606
f 6618 6604 6643
f 6517 6559 6560
f 6516 6559 6517
f 6517 6479 6516
f 6505 6479 6517
f 6553 6552 6555
f 6554 6511 6553
f 6553 6511 6552
f 3000 3035 3007
f 800 853 832
f 832 853 835
f 768 702 769
f 698 768 769
f 769 699 698
f 700 620 708
f 708 620 707
f 6795 6774 6792
f 6792 6794 6795
f 6774 6773 6792
f 6792 6773 6794
f 6760 6749 6759
f 6759 6775 6760
f 6750 6749 6760
f 6760 6761 6750
f 6760 6775 6774
f 563 6757 6746
f 6746 6757 6749
f 6746 523 563
f 6749 6747 6746
f 6747 523 6746
f 6759 6749 6758
f 6749 6757 6758
f 6758 6774 6759
f 6758 6757 6774
f 1814 1757 1756
f 1756 1755 1814
f 1757 1709 1756
f 1756 1709 1755
f 1704 1752 1753
f 1753 1752 1755
f 1903 1851 1847
f 1852 1851 1903
f 1847 1902 1903
f 1912 1857 1855
f 1812 1757 1815
f 1757 504 1815
f 1952 1911 1909
f 1952 1937 1936
f 1963 1937 1952
f 1852 1903 1906
f 1906 1903 871
f 654 586 653
f 1846 1901 1900
f 1901 586 1900
f 583 538 532
f 584 538 583
f 722 713 788
f 788 790 722
f 654 653 722
f 722 1847 654
f 722 790 1847
f 714 713 722
f 841 842 779
f 780 707 779
f 779 842 780
f 860 871 1902
f 787 788 711
f 787 851 788
f 787 820 748
f 859 860 816
f 747 816 817
f 745 816 747
f 550 549 595
f 595 587 550
f 657 587 595
f 798 802 729
f 803 796 779
f 802 796 803
f 803 779 729
f 729 802 803
f 797 796 802
f 802 798 797
f 776 707 706
f 776 774 707
f 706 775 776
f 776 775 774
f 552 2770 551
f 597 602 601
f 597 677 602
f 597 553 552
f 601 553 597
f 552 551 597
f 604 553 603
f 603 553 602
f 473 476 475
f 2650 2694 458
f 458 465 2650
f 464 465 458
f 2857 5807 2888
f 2888 2889 2857
f 5836 5807 2857
f 5837 5808 5836
f 5808 5807 5836
f 1703 1704 1666
f 1702 1703 1666
f 5794 5808 5809
f 5809 5810 5794
f 5794 5810 5811
f 2791 2827 2828
f 2828 2827 2825
f 2828 2829 2791
f 2857 2889 2863
f 2829 2828 2863
f 2863 2828 2862
f 662 661 734
f 2868 2867 2831
f 588 587 656
f 656 658 588
f 656 587 657
f 657 658 656
f 588 659 660
f 659 732 660
f 660 661 588
f 660 732 661
f 1473 1475 1474
f 6132 6158 6159
f 6129 6150 6141
f 1601 1541 1551
f 1625 1602 1606
f 1551 1605 1606
f 1606 1601 1551
f 1602 1601 1606
f 41 40 76
f 5 5252 5251
f 5 5253 5252
f 10 5 5251
f 6 5 10
f 12 23 13
f 13 6 12
f 1423 1499 1500
f 1569 1567 1568
f 1570 1569 1568
f 1567 1500 1568
f 1587 1588 1585
f 1585 1586 1587
f 1587 1586 1588
f 1588 1586 1558
f 1493 1557 1558
f 1558 1494 1493
f 1451 1391 1450
f 5714 4562 5691
f 5691 5713 5714
f 5714 5713 5712
f 5663 5662 5691
f 5632 5662 5663
f 2131 2132 2115
f 2149 2132 2131
f 5815 2054 2055
f 2075 2076 2062
f 2090 2081 2099
f 2090 2075 2074
f 4620 4623 4621
f 4620 4705 4623
f 5778 4618 5745
f 5752 5720 5726
f 5770 5784 5752
f 5752 5753 5720
f 5752 5784 5753
f 5708 5709 5685
f 5737 5709 5708
f 5708 5739 5737
f 5738 5739 5708
f 5740 5709 5745
f 5745 5741 5740
f 5740 5741 5709
f 4621 4623 4622
f 4622 5741 4621
f 4623 5741 4622
f 4623 5709 4557
f 4557 5741 4623
f 5709 5741 4557
f 5745 5709 5744
f 5744 5743 5745
f 5709 5743 5744
f 5777 5778 5745
f 5777 5761 4618
f 4618 5778 5777
f 5772 5743 5737
f 5775 5777 5772
f 5745 5743 5772
f 5772 5777 5745
f 5685 5709 5710
f 4944 4982 5046
f 5071 4992 5070
f 4992 5069 5070
f 4928 5032 5033
f 5033 5034 4928
f 4763 4860 4764
f 4859 4860 4763
f 4859 4957 4860
f 4793 4794 4700
f 4790 4791 4700
f 4616 4699 4700
f 4700 4699 4790
f 4795 4793 4902
f 4796 4703 4795
f 4798 4705 4797
f 4792 4791 4894
f 4793 4700 4792
f 4792 4700 4791
f 4897 4792 4896
f 4896 4978 4980
f 4980 5064 4994
f 4994 4896 4980
f 4897 4896 4994
f 4962 4904 5003
f 4904 4999 5003
f 4853 4881 4854
f 4944 5046 5047
f 5041 4939 4938
f 1208 1182 1181
f 1181 1182 1143
f 1143 1142 1180
f 4575 4637 1243
f 2183 2162 4817
f 4817 2184 2183
f 2183 2184 2162
f 4817 2038 4816
f 4816 4926 4817
f 2038 4926 4816
f 2203 2038 2185
f 2203 4926 2038
f 2131 2142 2143
f 2141 5030 4928
f 4928 2142 2141
f 2537 2538 2529
f 2537 2556 2538
f 2559 2560 2538
f 2538 2556 2559
f 2563 2562 2573
f 2604 2603 2644
f 2572 2603 2604
f 2825 2827 2826
f 2881 2850 2857
f 2687 2736 2688
f 2735 2736 2687
f 2766 2763 2797
f 2766 2797 2799
f 2797 2763 2796
f 2796 2795 2797
f 2763 2795 2796
f 2767 2766 2799
f 2735 2766 2767
f 2689 2688 2739
f 2688 2738 2739
f 808 732 804
f 730 659 729
f 729 801 730
f 731 801 805
f 731 730 801
f 659 730 731
f 731 732 659
f 731 804 732
f 808 804 731
f 2791 2790 2788
f 2788 2783 2822
f 2788 2827 2791
f 2788 2826 2827
f 2825 2826 2788
f 2791 2798 2792
f 2792 2759 2791
f 2792 2798 2763
f 2722 2677 2721
f 2722 2723 2677
f 2625 2676 2627
f 2674 2714 2715
f 2715 2716 2674
f 2715 2714 2721
f 2721 2719 2715
f 2715 2719 2716
f 2622 2593 2620
f 2622 2623 2593
f 2668 2669 2622
f 2564 2591 2593
f 2564 2538 2563
f 2563 2591 2564
f 2689 2690 2638
f 2638 2688 2689
f 2638 2687 2688
f 2642 2603 2602
f 2642 2617 2667
f 2642 2602 2619
f 2619 2617 2642
f 2708 2717 2754
f 2754 2710 2708
f 2717 2710 2754
f 2666 2701 2707
f 2701 2704 2707
f 2707 2708 2666
f 2753 2708 2707
f 2751 2753 2707
f 2707 2704 2751
f 2671 2672 2624
f 2624 2669 2671
f 2671 2669 2672
f 2624 2623 2670
f 2670 2669 2624
f 2623 2622 2670
f 2670 2622 2669
f 2673 2692 2711
f 2711 2712 2673
f 2692 2712 2711
f 2758 2759 2721
f 2721 2714 2758
f 2714 2757 2758
f 2758 2757 2756
f 2674 2717 2718
f 2718 2713 2674
f 2718 2717 2756
f 2714 2713 2718
f 2522 2526 2527
f 2527 2528 2522
f 2527 2535 2528
f 2752 2749 2748
f 2748 2746 2752
f 2839 5817 2806
f 2806 5819 5850
f 2697 2746 2698
f 2746 2748 2698
f 2698 2748 2749
f 5574 5584 5582
f 2779 2812 2813
f 2842 2811 2843
f 2812 2811 2842
f 2843 2813 2842
f 2842 2813 2812
f 2776 2811 2812
f 2776 2779 2777
f 2776 2812 2779
f 2777 2746 2776
f 5812 5816 5846
f 5795 5816 5812
f 5915 5851 5850
f 5818 5852 5819
f 5818 5817 5845
f 5845 5812 5818
f 5818 2806 5817
f 5819 2806 5818
f 2654 2655 2609
f 2654 2653 2655
f 2608 2576 2607
f 2608 2654 2609
f 2653 2654 2608
f 2608 2609 2581
f 2581 2577 2608
f 2608 2577 2576
f 1111 1060 4772
f 1111 1110 1060
f 4772 1157 1111
f 1111 1157 1110
f 1061 1062 1020
f 1061 1110 1062
f 1020 1060 1061
f 1060 1110 1061
f 1017 989 1015
f 1015 989 985
f 1015 1053 1017
f 1015 1052 1053
f 1292 1274 1291
f 1292 988 1274
f 1319 1366 1367
f 1367 1368 1322
f 1322 1321 1367
f 1367 1321 1319
f 1366 1426 1427
f 1368 1367 1427
f 1427 1367 1366
f 1433 1427 1426
f 986 962 993
f 1016 987 986
f 986 993 1016
f 987 956 986
f 955 939 937
f 937 936 955
f 928 936 937
f 928 1370 1429
f 1429 1369 928
f 1370 1369 1429
f 5100 5080 5064
f 5064 5081 5100
f 5100 5081 5080
f 5057 5024 5087
f 5087 5024 5086
f 5060 4972 5059
f 5059 5087 5086
f 5086 5094 5059
f 2544 5650 2530
f 5648 5674 5675
f 5676 5650 5649
f 5649 5674 5676
f 5649 5675 5674
f 5649 5650 5618
f 5618 5648 5649
f 5648 5675 5649
f 5676 5674 2531
f 2530 5676 2531
f 2531 2523 2530
f 2531 5678 2523
f 5673 5705 5677
f 5705 5678 5677
f 5677 5674 5673
f 5677 2531 5674
f 5678 2531 5677
f 2550 2533 2549
f 2549 2578 2550
f 2550 2548 2533
f 2550 2578 2548
f 2548 2578 2579
f 2579 2609 2605
f 2579 2578 2609
f 2543 2575 2574
f 2574 5620 2543
f 5620 5652 2543
f 2543 5652 5651
f 5651 5650 2543
f 5650 2544 2543
f 2543 2544 2530
f 2543 2530 2533
f 2533 2548 2543
f 5722 5757 5758
f 5758 5759 5722
f 4614 4615 5703
f 5703 5704 4614
f 5734 5707 5733
f 5735 5707 5734
f 5733 5769 5734
f 5734 5769 5735
f 5718 5706 5701
f 5627 5659 5628
f 5659 5627 5658
f 5628 5659 5658
f 5658 5627 5626
f 5641 5605 5640
f 5785 5784 5790
f 5768 5769 5733
f 5768 5784 5770
f 5768 5790 5784
f 1147 1146 1093
f 1147 1145 1148
f 1093 1145 1147
f 981 980 1012
f 1096 1052 1095
f 1095 1147 1096
f 1146 1147 1095
f 1103 1102 4678
f 1100 1062 1101
f 1062 1102 1101
f 4680 4681 4608
f 4682 4677 4608
f 4608 4681 4682
f 4608 1103 4678
f 4678 4679 4608
f 4679 4680 4608
f 4608 4677 1056
f 1102 1103 4608
f 4608 1101 1102
f 1100 1101 4608
f 4608 1056 1054
f 1054 1100 4608
f 4678 1102 1113
f 1113 1102 1062
f 1113 4679 4678
f 1113 1157 4679
f 4772 4679 4771
f 4771 1157 4772
f 4679 1157 4771
f 4878 4877 4879
f 4878 4777 4877
f 4878 4879 4778
f 4778 4777 4878
f 5021 5024 4924
f 5086 5024 5021
f 4918 5015 5019
f 5017 5021 4924
f 4871 4870 4971
f 4971 5024 5057
f 5057 4972 4971
f 4971 4972 4871
f 1109 1059 1108
f 1108 4869 1109
f 5022 5023 4923
f 2039 2041 2040
f 2039 2038 4728
f 4728 2038 4817
f 1998 2010 2014
f 1989 1990 1997
f 1997 3473 1989
f 3509 3473 1997
f 2009 2025 2026
f 2025 2022 2026
f 3378 2012 3382
f 1989 3506 3524
f 3524 3504 1989
f 3523 3504 3495
f 3523 3501 1989
f 1989 3504 3523
f 3503 3467 3495
f 3495 3504 3503
f 3510 3473 3509
f 3354 3355 3283
f 7286 7278 7290
f 7278 7289 7290
f 7290 7297 7286
f 7290 7301 7297
f 7290 7289 7301
f 7300 7289 7288
f 7288 7289 7278
f 7288 2518 7300
f 7278 2518 7288
f 7287 2515 2509
f 2509 2515 2519
f 2519 2520 2509
f 2509 7258 7266
f 2521 7258 2509
f 2509 2520 2521
f 7266 7267 2509
f 7247 7248 7241
f 7253 7248 7247
f 7250 7256 7251
f 7255 7256 7250
f 7250 7254 7255
f 7250 7243 7242
f 7251 7243 7250
f 7273 7272 7271
f 7261 7271 7269
f 7269 7271 7272
f 7238 2029 2016
f 2016 2029 2021
f 2003 2020 2004
f 2019 2021 2032
f 2019 2032 2031
f 2031 2020 2019
f 2019 2003 2021
f 2020 2003 2019
f 7239 5805 7238
f 7239 7240 5805
f 5837 5888 5889
f 5889 5890 5837
f 5976 5977 5889
f 5972 5898 5889
f 5898 5890 5889
f 5970 5887 5966
f 5966 6036 6037
f 6036 6039 6037
f 6037 5970 5966
f 6039 5970 6037
f 5824 5801 5826
f 5800 5799 5820
f 5820 5799 5821
f 5820 5822 5800
f 5854 5820 5821
f 5821 5856 5857
f 5857 5854 5821
f 5859 5822 5858
f 5873 5829 5872
f 5872 5950 5873
f 5949 5950 5872
f 5872 5870 5949
f 5827 5828 5802
f 5802 5824 5827
f 5801 5824 5802
f 5793 5801 5802
f 5803 5793 5802
f 5802 5828 5803
f 5874 5952 5875
f 5874 5875 5831
f 5951 5952 5874
f 5873 5950 5874
f 5874 5949 5951
f 5874 5950 5949
f 5831 5830 5874
f 5874 5830 5873
f 5960 5880 5959
f 5834 5880 5881
f 5881 5880 5960
f 5815 2055 5847
f 5847 2054 5908
f 5847 2055 2054
f 5908 5909 5847
f 5909 5880 5847
f 5848 5911 5912
f 5848 5849 5816
f 5848 5816 5815
f 5815 5847 5848
f 5848 5910 5911
f 5879 5910 5848
f 2169 2197 2198
f 2198 2170 2169
f 2197 2196 2198
f 2208 2193 2192
f 2201 5833 5834
f 5861 5862 5823
f 5862 5863 5823
f 5823 5863 5825
f 5823 5860 5861
f 5825 5801 5823
f 5823 5801 5800
f 5800 5822 5823
f 5822 5859 5823
f 5823 5867 5860
f 5939 5863 5935
f 5935 6017 5939
f 5935 5863 5862
f 2780 2815 2781
f 2751 2780 2781
f 2781 2815 2817
f 2781 2782 2751
f 2781 2816 2782
f 2781 6003 6033
f 2817 6003 2781
f 2820 2821 2782
f 2782 2816 2820
f 2822 2821 2820
f 2820 2850 2822
f 2849 2850 2820
f 6061 6077 6079
f 6061 6053 6076
f 6076 6077 6061
f 5912 5905 5913
f 5913 5905 5849
f 5913 5848 5912
f 5849 5848 5913
f 5994 5905 5912
f 5994 6058 6015
f 5912 5998 5994
f 6054 6053 6061
f 6054 5992 6053
f 6054 6061 6001
f 6001 5992 6054
f 5904 5915 5852
f 5893 5962 5979
f 5893 5894 5837
f 5979 5894 5893
f 5837 5836 5884
f 5964 6034 5979
f 5964 2884 5963
f 5885 2884 5964
f 5979 5962 5964
f 5964 5962 5885
f 5983 5896 5982
f 5980 5894 5979
f 5981 5894 5980
f 5979 6047 5980
f 5980 5982 5981
f 5983 5982 5980
f 5980 6048 5983
f 6047 6048 5980
f 7273 1897 6004
f 6004 6007 7273
f 6012 5923 7273
f 7273 6007 6012
f 6012 6007 6006
f 6012 6005 5923
f 6006 6005 6012
f 5972 5889 5978
f 5978 5889 5977
f 5865 5941 5942
f 6009 6008 5921
f 5921 5920 6009
f 6009 5920 6008
f 1672 1673 1645
f 1672 1717 1722
f 1775 1835 2496
f 1803 1862 1804
f 1925 1888 1866
f 1894 1888 1925
f 1875 1876 1814
f 1920 1876 1875
f 5507 5508 5475
f 5550 7221 5536
f 5550 5536 5535
f 5535 5536 5508
f 278 5449 352
f 352 417 414
f 359 354 352
f 7227 7226 7236
f 7227 7217 7226
f 7219 7214 7213
f 7219 7220 7214
f 7219 7227 7220
f 7226 912 922
f 921 7217 911
f 921 912 7217
f 921 922 912
f 921 911 910
f 910 920 921
f 921 920 924
f 924 925 921
f 921 925 7226
f 7226 922 921
f 450 446 433
f 433 434 406
f 437 434 433
f 447 448 419
f 419 446 447
f 406 405 426
f 7374 7375 7360
f 7376 7375 7374
f 7360 7644 7374
f 7374 7644 7376
f 7796 7818 7819
f 7819 7818 7837
f 7790 7812 7813
f 7790 7811 7812
f 7790 7810 7811
f 7790 7805 7809
f 7809 7810 7790
f 7791 7806 7792
f 4360 4332 4331
f 4361 4332 4360
f 4302 4303 4281
f 4297 4296 4281
f 4296 4306 4281
f 4281 4306 4298
f 4281 4298 4299
f 4299 4300 4281
f 4323 4324 4298
f 4320 4347 4323
f 4325 4324 4323
f 4323 4347 4325
f 4298 4296 4322
f 4322 4323 4298
f 4317 4323 4322
f 4322 4296 4294
f 4294 4317 4322
f 7813 4336 4312
f 4312 4336 4318
f 4318 4293 4314
f 4292 4314 4293
f 4291 4292 4274
f 4274 4293 4276
f 4274 4292 4293
f 4291 4274 4271
f 7651 7642 7641
f 7652 7642 7651
f 7651 7646 7652
f 7480 7475 7479
f 7479 7475 7435
f 7380 7409 7410
f 7377 7395 7399
f 7399 7395 7398
f 7398 7397 7399
f 7416 7447 7448
f 7448 7418 7416
f 7369 7365 7383
f 7365 7364 7383
f 7383 7364 7382
f 7416 7384 7387
f 7387 7422 7416
f 7386 7422 7387
f 7386 7387 7368
f 7368 7387 7384
f 7368 2310 2271
f 7384 2310 7368
f 7451 7422 7446
f 7422 7412 7446
f 7446 7487 7451
f 7442 7487 7443
f 7443 7412 7442
f 7382 7411 7413
f 7413 7411 7386
f 7386 7411 7420
f 7420 7411 7412
f 7382 7364 7381
f 7381 7411 7382
f 7381 7380 7410
f 7410 7412 7381
f 7412 7411 7381
f 7537 7538 7474
f 7474 7536 7537
f 7537 7602 7538
f 7536 7602 7537
f 7482 7440 7439
f 7410 7409 7439
f 7439 7440 7410
f 7549 7609 7612
f 7464 7466 7465
f 7464 7431 7466
f 7521 7522 7467
f 7467 7520 7521
f 7521 7520 7594
f 7565 2233 2270
f 7490 2233 7565
f 2219 2218 2229
f 18 2218 2219
f 7492 7493 7449
f 7569 7570 7503
f 7617 7616 7618
f 7618 7572 7617
f 7556 7616 7617
f 7556 7555 7616
f 7482 7555 7556
f 7556 7557 7482
f 7617 7557 7556
f 7553 7555 7554
f 7616 7555 7553
f 7553 7534 7601
f 7535 7534 7553
f 7482 7535 7553
f 7553 7554 7482
f 7601 7622 7631
f 7631 7622 7616
f 7623 7622 7601
f 7506 7507 7575
f 7575 7576 7506
f 7507 7576 7575
f 7503 7454 7502
f 7574 7504 7503
f 7507 7456 7505
f 7504 7574 7505
f 7505 7574 7503
f 5550 5535 5549
f 5556 7221 5550
f 5556 5555 7221
f 5550 5549 5556
f 5531 5547 5548
f 5547 5555 5548
f 5548 5549 5531
f 5555 5556 5548
f 5548 5556 5549
f 5478 5476 5475
f 5478 7221 7229
f 5478 7234 5479
f 5479 5449 5478
f 5449 5476 5478
f 7229 7234 5478
f 5552 5547 5553
f 5553 5546 5552
f 5547 5546 5553
f 5545 4400 5552
f 5552 5546 5545
f 4366 4400 5545
f 5551 4366 5545
f 5545 5540 5551
f 5530 5547 5531
f 5531 5500 5530
f 5501 5469 5468
f 5468 5500 5501
f 5501 5500 5531
f 5539 4401 5551
f 5551 5540 5539
f 5468 5469 5439
f 5349 7466 7470
f 5349 7520 7466
f 5363 5350 5362
f 53 30 29
f 28 29 18
f 18 5351 28
f 28 5351 29
f 5364 5350 5363
f 5364 5365 5350
f 5364 5385 5365
f 31 32 18
f 31 53 58
f 18 30 31
f 31 30 56
f 388 387 344
f 315 387 388
f 315 383 311
f 332 331 393
f 250 331 332
f 290 359 360
f 360 349 290
f 414 417 360
f 7235 7234 7236
f 7236 925 7235
f 925 349 7235
f 449 422 448
f 419 448 420
f 448 422 420
f 422 364 420
f 288 303 309
f 223 303 288
f 419 420 361
f 924 419 361
f 361 349 924
f 278 354 279
f 221 217 279
f 279 217 278
f 279 354 290
f 279 287 221
f 290 289 279
f 289 287 279
f 5302 5331 5332
f 5301 5331 5302
f 5268 5301 5302
f 5332 250 5302
f 5302 5271 5268
f 5302 5334 5335
f 5272 5271 5302
f 5302 250 251
f 251 5334 5302
f 5302 112 5272
f 5335 112 5302
f 5332 5331 5342
f 328 250 5332
f 5330 5329 5339
f 5300 5329 5330
f 5330 5331 5300
f 5300 5331 5301
f 5300 5301 5268
f 5268 5299 5300
f 5299 5329 5300
f 2466 2427 2426
f 2371 2373 2327
f 2224 2217 2225
f 67 107 68
f 68 107 69
f 68 35 67
f 69 35 68
f 161 107 167
f 161 241 168
f 167 241 161
f 168 108 161
f 108 107 161
f 2378 2331 2330
f 2329 2376 2330
f 2330 2290 2329
f 2331 2290 2330
f 2345 2331 2379
f 2379 2331 2378
f 2325 2326 2289
f 2345 2326 2325
f 2325 2331 2345
f 2289 2290 2324
f 2324 2290 2331
f 2324 2325 2289
f 2331 2325 2324
f 2249 2226 2252
f 2252 2250 2249
f 2249 2250 2226
f 2226 2250 170
f 170 2250 2289
f 170 2326 108
f 2289 2326 170
f 2247 2248 2224
f 2224 2245 2247
f 2247 2245 5331
f 2287 2286 2288
f 2288 2248 2287
f 2287 2247 2286
f 2248 2247 2287
f 2246 2226 2224
f 2224 2248 2246
f 2246 2248 2226
f 177 173 178
f 177 116 173
f 173 116 115
f 407 907 435
f 907 917 435
f 918 907 904
f 904 917 918
f 918 917 907
f 916 915 923
f 923 917 916
f 5316 5287 20
f 174 112 173
f 113 112 174
f 72 112 113
f 5289 5253 1543
f 1543 5254 5289
f 18 35 2230
f 98 65 64
f 234 157 156
f 234 235 157
f 66 101 67
f 104 101 66
f 67 35 66
f 35 65 66
f 106 107 67
f 325 326 246
f 321 330 395
f 397 326 325
f 397 395 326
f 394 330 321
f 321 331 394
f 394 331 330
f 178 173 172
f 172 249 178
f 173 112 172
f 175 5334 251
f 175 112 5334
f 251 250 175
f 249 172 175
f 236 319 237
f 2474 2482 2483
f 2258 2229 2228
f 2258 2259 2229
f 2228 2257 2258
f 2258 2257 2259
f 2265 2230 70
f 2254 2265 2291
f 2398 2399 2350
f 2350 2397 2398
f 2293 2295 2260
f 2260 2257 2293
f 2229 2257 2260
f 2261 2295 2296
f 2229 2260 2261
f 2261 2260 2295
f 2301 2326 2345
f 2293 2257 2294
f 2381 2380 2434
f 2474 2473 2472
f 2472 2445 2474
f 2439 2390 2393
f 2393 2443 2439
f 2482 2445 2444
f 2444 2453 2482
f 2378 2330 2377
f 2377 2330 2376
f 2431 2375 2393
f 2393 2376 2431
f 2431 2376 2375
f 2391 2392 2345
f 2378 2392 2391
f 2345 2379 2391
f 2391 2379 2378
f 2393 2392 2432
f 2432 2392 2378
f 2432 2376 2393
f 2432 2377 2376
f 100 62 69
f 2326 62 100
f 69 108 100
f 108 2326 100
f 2348 2311 2353
f 2353 2310 2348
f 2311 2310 2353
f 2348 2310 2349
f 2349 2305 2348
f 2349 2307 2305
f 7417 7449 2349
f 2349 7449 2307
f 7419 7417 2349
f 2349 7418 7419
f 2349 7385 7416
f 7416 7418 2349
f 2356 2312 2311
f 2348 2305 2351
f 2351 2354 2348
f 2351 2305 2350
f 2451 2483 2482
f 2450 2483 2451
f 2451 2410 2450
f 2440 2441 2393
f 2393 2429 2440
f 2358 2360 2359
f 2359 2314 2358
f 2360 2316 2359
f 2359 2316 2314
f 2319 2284 2321
f 2319 2320 2283
f 2283 2284 2319
f 2242 2284 2283
f 7331 7333 7339
f 7339 7334 7331
f 7341 7334 7339
f 7339 7333 7340
f 7340 7341 7339
f 2235 7334 7335
f 7335 2275 2235
f 2275 2277 2235
f 2235 2277 2278
f 2278 2276 2235
f 7326 7327 2236
f 2237 2220 2236
f 7327 2235 2236
f 2236 2235 2276
f 2236 7325 7326
f 2236 2220 7325
f 2236 2280 2237
f 2279 2280 2236
f 2236 2276 2279
f 2273 2316 2317
f 2322 2318 2317
f 2317 2318 2273
f 2317 2363 2322
f 2317 2316 2360
f 2281 2318 2285
f 2285 2284 2243
f 2285 2321 2284
f 2282 2281 2285
f 2285 2318 2322
f 913 915 903
f 903 900 913
f 6370 923 6375
f 6404 6370 6375
f 6375 6407 6404
f 6294 6295 6235
f 6297 6298 6235
f 3467 3503 3469
f 3469 3503 3504
f 3452 3453 3387
f 3387 3450 3452
f 3452 3450 3451
f 3420 3421 3355
f 3453 3466 3420
f 3467 3421 3420
f 3420 3466 3467
f 6352 6361 6360
f 6360 6353 6352
f 6195 6158 6194
f 6242 6194 6240
f 6242 6243 6194
f 6238 6237 6303
f 6238 6239 6190
f 6190 6237 6238
f 1258 6133 1260
f 1260 6133 6118
f 6118 6133 6134
f 6135 6163 6136
f 6240 6307 6305
f 6353 6360 6321
f 6321 6360 6361
f 6263 6262 6321
f 6321 6323 6263
f 6361 6323 6321
f 6317 6257 6316
f 6259 6257 6317
f 6246 6254 6310
f 6310 6254 6276
f 6198 6214 6176
f 6196 6214 6198
f 6158 6195 6196
f 6246 6214 6196
f 6196 6195 6246
f 6149 6178 6179
f 6203 6252 6253
f 6253 6254 6203
f 3355 3411 3418
f 3410 3418 3411
f 3455 3418 3410
f 6365 6364 6396
f 6365 6325 6364
f 6326 6325 6365
f 6365 6366 6326
f 6394 6412 6414
f 6414 6415 6394
f 6393 6412 6394
f 6415 6416 6394
f 6394 6417 6418
f 6394 6416 6417
f 3395 6399 3457
f 6399 6421 3457
f 3457 6421 6395
f 3242 3308 3258
f 3330 3259 3258
f 6270 3308 6267
f 6267 6206 6270
f 6423 3456 3395
f 6399 3456 6423
f 3405 3331 3404
f 6425 6423 3404
f 3404 3394 3405
f 3395 3394 3404
f 3404 6423 3395
f 3403 3331 3330
f 3330 6425 3403
f 3403 3404 3331
f 6425 3404 3403
f 3393 3331 3405
f 3405 3394 3393
f 3393 3325 3331
f 3393 3394 3325
f 6364 6323 6363
f 6393 6394 6363
f 6396 6364 6363
f 6363 6395 6396
f 6363 6394 6395
f 6324 6264 6263
f 6263 6323 6324
f 6324 6323 6264
f 6383 6393 6361
f 6383 6412 6393
f 6383 6346 6382
f 6382 6410 6383
f 6383 6410 6413
f 6383 6413 6411
f 6411 6412 6383
f 6297 6235 6296
f 6296 6235 6295
f 6343 6298 6296
f 6296 6295 6343
f 3189 3243 3191
f 3191 3146 3189
f 995 1005 1023
f 1023 1024 995
f 6248 1283 6247
f 1295 1326 1296
f 1296 1277 1295
f 1330 1327 1296
f 1296 1327 1328
f 6162 6163 6135
f 6205 6163 6162
f 6202 6203 6162
f 1258 1268 1269
f 1390 1391 1337
f 1385 1441 1440
f 1438 1378 1437
f 1437 1378 1377
f 1326 1378 1329
f 1329 1296 1326
f 1330 1296 1329
f 1097 1147 1148
f 1097 1053 1096
f 1096 1147 1097
f 970 1000 1001
f 1137 1131 1132
f 1132 1083 1137
f 1137 1136 1145
f 1137 1083 1136
f 1035 1083 1081
f 1039 1083 1035
f 1035 1000 1039
f 1148 1136 1150
f 1079 1080 1033
f 1039 1080 1087
f 1140 1088 1087
f 1087 1088 1039
f 1039 1000 1034
f 1034 1080 1039
f 1033 1080 1034
f 999 1000 970
f 970 998 999
f 999 998 1033
f 1033 1034 999
f 999 1034 1000
f 1030 3129 1031
f 1031 998 1030
f 1077 1033 1076
f 1120 1125 1076
f 1076 1124 1120
f 1043 1063 1044
f 1063 1024 1044
f 1044 1007 1043
f 1041 1007 1044
f 1024 1023 1044
f 997 970 969
f 997 998 970
f 997 1029 1030
f 1030 998 997
f 1114 1064 1115
f 1068 1064 1114
f 1160 1119 1161
f 1161 1114 1160
f 1161 1119 1117
f 1117 1114 1161
f 1029 1070 1071
f 1030 1029 1071
f 1025 1024 1063
f 1159 1160 1114
f 1115 1162 1159
f 1159 1114 1115
f 1120 3129 3152
f 3129 3128 3152
f 3152 1125 1120
f 3152 3128 3151
f 3152 3151 1163
f 3260 3325 3254
f 3254 3325 3326
f 3254 3326 3327
f 3321 3322 3254
f 3322 3323 3254
f 3156 3201 3198
f 3342 3333 3264
f 3133 3146 3163
f 3131 3122 3134
f 3134 3157 3131
f 3134 3122 3133
f 3133 3163 3134
f 3276 3222 3275
f 3225 3274 3226
f 3225 3224 3276
f 3310 3248 3247
f 3247 3309 3310
f 3313 3314 3251
f 3278 3274 3314
f 3226 3274 3278
f 3151 3128 3150
f 3150 3194 3196
f 1163 3151 3150
f 3150 3196 1163
f 3161 3209 3212
f 3495 3453 3493
f 3451 3450 3386
f 3386 3450 3387
f 3327 3400 3386
f 3386 3400 3451
f 3399 3327 3398
f 3399 3400 3327
f 3398 1982 3399
f 3464 3465 3399
f 1982 3464 3399
f 3451 3400 3463
f 3463 3493 3451
f 3465 3498 3463
f 3463 3399 3465
f 3400 3399 3463
f 3496 6417 3460
f 3460 3459 3496
f 6429 3496 3459
f 6418 6417 6429
f 6417 3496 6429
f 6795 6822 6826
f 6795 6826 6796
f 6762 6761 6777
f 6795 6796 6777
f 6761 6760 6777
f 6777 6778 6762
f 6777 6796 6778
f 6802 6780 6801
f 6801 6835 6836
f 6753 6752 6766
f 6766 6752 6751
f 6918 6977 6978
f 6978 6979 6918
f 642 641 720
f 720 641 640
f 720 719 789
f 640 638 720
f 720 638 719
f 572 619 573
f 573 526 572
f 568 619 572
f 572 638 568
f 572 526 571
f 571 638 572
f 6974 7057 6973
f 6977 7057 6974
f 6974 646 6977
f 6974 638 646
f 6793 6773 642
f 6794 6773 6793
f 6822 6794 6793
f 6958 6960 6959
f 6960 6900 6959
f 7039 7040 6961
f 6961 6960 7034
f 6961 6900 6960
f 6770 1840 1899
f 1882 1885 1941
f 1882 1817 1881
f 1881 1885 1882
f 1711 1669 1710
f 1710 1760 1711
f 1711 1760 1762
f 1670 1669 1711
f 1720 1721 1670
f 1670 1719 1720
f 1720 1719 1774
f 1670 1713 1714
f 1722 1717 1770
f 1725 1673 1724
f 1829 1887 1888
f 1747 1714 1713
f 1670 1721 1712
f 1712 1713 1670
f 1712 1747 1713
f 1748 1747 1712
f 1837 1841 1838
f 1884 1818 1837
f 1838 1841 1782
f 1782 6816 1734
f 1882 1841 1883
f 1883 1818 1882
f 1841 1837 1883
f 1883 1837 1818
f 1849 1859 1860
f 1860 1859 1801
f 1801 1859 1861
f 1801 1849 1860
f 1800 1849 1801
f 1848 1850 1904
f 1904 1859 1848
f 1850 1859 1904
f 1915 1859 1913
f 1794 1857 1858
f 1858 1857 1913
f 1858 1859 1794
f 1913 1859 1858
f 1794 1855 1856
f 1856 1857 1794
f 1855 1857 1856
f 1934 1876 1920
f 1653 6904 1637
f 1637 1652 1653
f 1653 1652 6904
f 1637 1647 1648
f 1647 1676 1648
f 1648 1649 1637
f 1734 6816 6857
f 6857 6816 6856
f 6856 1651 1683
f 1683 6857 6856
f 1743 1733 1778
f 532 538 534
f 534 538 493
f 534 533 532
f 534 493 492
f 492 491 534
f 491 533 534
f 535 536 493
f 584 536 535
f 634 631 648
f 634 635 566
f 634 647 635
f 648 647 634
f 1901 1844 1842
f 537 586 1842
f 1842 586 1901
f 1690 1691 1659
f 1659 1658 1657
f 1657 1690 1659
f 1637 1658 1659
f 1659 1691 1692
f 1746 1696 1745
f 1800 1801 1745
f 1799 1747 1745
f 1772 1797 1745
f 1803 1804 1745
f 1745 1804 1805
f 1661 1696 1697
f 1697 1696 1746
f 1738 1687 1737
f 1739 1738 1737
f 1785 1740 1737
f 1740 1739 1737
f 1737 1784 1785
f 494 1783 1737
f 1737 1783 537
f 537 1784 1737
f 1736 1687 1686
f 1686 1685 1736
f 3079 3102 3101
f 3101 3100 3079
f 3101 3102 3070
f 3070 3100 3101
f 3071 3078 3041
f 3071 3035 3070
f 2956 2928 2926
f 3981 3985 3924
f 3981 4041 3985
f 3981 3982 4041
f 3980 3982 3981
f 3743 3800 3796
f 3799 3800 3743
f 3743 3796 3759
f 3759 3720 3743
f 3924 3923 3864
f 3799 3862 3864
f 3864 3863 3799
f 3923 3863 3864
f 3070 3076 3092
f 3092 3093 3070
f 3076 3093 3092
f 3070 3093 3094
f 3090 3098 3097
f 3097 3096 3090
f 3097 3098 3070
f 3070 3096 3097
f 3090 3106 3105
f 3106 3795 3105
f 3105 3743 3090
f 3795 3743 3105
f 4091 4150 4151
f 4151 4150 4153
f 4151 4097 4091
f 4153 4097 4151
f 4091 4097 4047
f 4047 4041 4091
f 3985 4041 4047
f 4047 4097 4095
f 2957 2926 4201
f 2956 2926 2957
f 2996 2957 2990
f 2956 2992 2993
f 3031 2990 4149
f 2996 2990 3031
f 3065 3066 3090
f 3065 3030 3066
f 3648 3596 3595
f 3595 3594 3648
f 3647 3594 3646
f 3646 3698 3699
f 3646 3699 3693
f 3693 3647 3646
f 5206 5233 2243
f 5206 2284 5164
f 2243 2284 5206
f 5282 5267 5293
f 5293 5278 5282
f 5267 5278 5293
f 5266 5278 5267
f 5299 5298 5324
f 5324 5323 5320
f 5324 5298 5297
f 5297 5323 5324
f 2393 2375 2430
f 2430 2429 2393
f 2375 2429 2430
f 2426 2427 2374
f 2374 2427 2375
f 2374 2373 2426
f 2328 2373 2374
f 2374 2375 2329
f 2329 2328 2374
f 2428 2429 2375
f 2375 2427 2428
f 5164 5163 5205
f 5205 5206 5164
f 5234 2283 2320
f 2242 2283 5234
f 5208 5240 5241
f 5241 5236 5208
f 5282 5277 5241
f 5277 5236 5241
f 5237 5211 5238
f 5238 5208 5237
f 5145 5127 5125
f 1361 1316 1360
f 1360 1424 1361
f 1361 1362 1316
f 1424 1362 1361
f 1315 1286 5119
f 5119 5120 1315
f 5119 1286 5135
f 5135 5120 5119
f 1364 1318 1317
f 1317 1286 1316
f 556 557 513
f 556 513 555
f 555 611 556
f 612 561 614
f 564 561 612
f 612 611 564
f 612 556 611
f 557 556 612
f 614 559 613
f 613 559 557
f 613 612 614
f 557 612 613
f 558 514 513
f 558 559 514
f 513 557 558
f 557 559 558
f 483 560 519
f 520 483 519
f 519 562 520
f 519 561 562
f 519 559 561
f 515 559 519
f 519 560 515
f 516 560 518
f 516 478 515
f 515 560 516
f 483 521 522
f 522 521 485
f 6732 6734 6735
f 6735 6734 6739
f 6735 6733 6732
f 6739 6736 6735
f 6735 6736 6733
f 3578 7752 3598
f 3598 3579 3578
f 3578 3579 3548
f 3547 3548 3532
f 3532 3546 3547
f 3547 3578 3548
f 3546 3578 3547
f 7665 7645 7664
f 7669 7650 7670
f 7670 7645 7669
f 7669 7645 7650
f 7661 7685 7662
f 7662 7645 7661
f 7661 7645 7670
f 7661 7670 7684
f 7684 7685 7661
f 5129 5117 5118
f 1607 5117 5129
f 5147 5153 5152
f 5184 5148 5152
f 5185 5148 5184
f 1554 1607 1608
f 1608 1559 1554
f 1607 1559 1608
f 1527 1453 1451
f 1451 1526 1527
f 1527 1456 1453
f 1527 1526 1456
f 1453 1456 1455
f 1456 1397 1455
f 1457 1397 1456
f 1398 1397 1457
f 1491 1490 1555
f 1488 1490 1418
f 1490 1491 1418
f 1613 1559 1612
f 1613 1609 1559
f 1604 1609 1613
f 5152 5151 5193
f 5220 5221 5193
f 5193 5151 5192
f 5219 5220 5193
f 5193 5192 5219
f 1627 1613 1612
f 5215 1613 1627
f 1611 5185 1626
f 5185 5215 1626
f 5215 1627 1626
f 1626 1612 1611
f 1626 1627 1612
f 5150 5130 5149
f 5149 5130 5145
f 5187 5150 5149
f 5149 5186 5187
f 5226 5198 5216
f 5216 5244 5249
f 5218 5198 5189
f 5189 5198 5190
f 5189 5190 5150
f 5189 5150 5187
f 5187 5186 5189
f 5186 5218 5189
f 5229 5230 5200
f 5264 5230 5229
f 5200 5232 5229
f 5229 5232 5264
f 5222 5194 5200
f 5200 5230 5222
f 5265 5230 5264
f 5132 5151 5152
f 5156 5151 5132
f 5152 5153 5132
f 5155 5156 5132
f 5118 5131 5132
f 5132 5154 5155
f 5132 5150 5154
f 5132 5131 5150
f 5223 5224 5194
f 5223 5222 5257
f 5194 5222 5223
f 5261 5224 5223
f 5219 5194 5225
f 5194 5224 5225
f 3582 3601 3600
f 3600 3562 3582
f 3601 3562 3600
f 3541 3562 3563
f 3563 3562 3602
f 3563 3564 3541
f 3602 3603 3563
f 3563 3603 3564
f 3533 3535 3534
f 7781 7754 3566
f 3560 3562 3561
f 3561 3540 3560
f 3561 3562 3541
f 3541 3540 3561
f 3628 3672 3673
f 3700 3665 3664
f 3664 3663 3700
f 3653 3665 3700
f 3700 3701 3653
f 3746 3701 3700
f 3619 3620 3574
f 3663 3620 3619
f 3667 3665 3630
f 3630 3624 3667
f 3650 3601 3630
f 3630 3665 3650
f 3630 3601 3582
f 3582 3624 3630
f 3666 3667 3621
f 3621 3620 3666
f 3575 3620 3621
f 7665 7664 7690
f 7722 7723 7692
f 7674 7690 7692
f 7692 7721 7722
f 7720 7721 7692
f 7723 7724 7692
f 7692 7724 7694
f 7665 7652 7666
f 7666 7645 7665
f 7648 7640 7639
f 7641 7640 7648
f 7804 7823 3573
f 3573 7824 7804
f 3614 3615 3573
f 3573 3617 3584
f 3554 7825 3573
f 7825 7824 3573
f 3573 3552 3554
f 3584 3552 3573
f 7759 7762 7760
f 7760 7761 7722
f 7722 7759 7760
f 7789 7757 7756
f 7756 7762 7789
f 7789 7762 7759
f 7789 7759 7758
f 7758 7757 7789
f 7788 7762 7756
f 7756 7767 7788
f 7761 7760 7726
f 7726 7760 7762
f 7785 7786 7755
f 7755 7754 7785
f 7785 7784 7786
f 7785 7754 7784
f 7755 7786 7787
f 7786 7805 7787
f 7805 7790 7787
f 7787 7767 7755
f 3654 3704 3705
f 3704 3658 3705
f 3613 3658 3614
f 3614 3573 3613
f 3679 3658 3704
f 3679 3636 3658
f 3637 3636 3679
f 3679 3680 3637
f 3704 3680 3679
f 3610 3655 3611
f 3611 3573 3610
f 3610 3570 3609
f 3609 3655 3610
f 4300 4327 4301
f 4302 4281 4301
f 4301 4281 4300
f 7281 7225 7280
f 7280 7225 7231
f 7280 7237 7277
f 7277 7285 7280
f 7280 7285 7281
f 7280 7231 7237
f 7277 7283 7284
f 7284 7285 7277
f 7292 7285 7295
f 7306 7292 7295
f 7295 7283 7294
f 7294 7306 7295
f 7224 7281 7216
f 7216 7279 7224
f 7281 7279 7216
f 7291 7305 7212
f 7212 7279 7291
f 7291 7292 7305
f 7291 7281 7292
f 7291 7279 7281
f 3914 3973 3974
f 4429 3973 4430
f 4430 3973 4435
f 4430 4435 4436
f 4285 7830 3640
f 4285 7835 7830
f 4285 4309 7835
f 4337 4309 4310
f 4338 4309 4337
f 4337 4310 4318
f 4318 4338 4337
f 4336 7835 4308
f 4308 4309 4336
f 7835 4309 4308
f 3590 3591 3555
f 3555 3591 7840
f 3555 3553 3584
f 3555 7840 7829
f 3584 3585 3555
f 3555 7829 7839
f 7839 3553 3555
f 3555 3585 3586
f 3555 3589 3590
f 3588 3589 3555
f 3587 3588 3555
f 3555 3586 3587
f 3639 3641 3593
f 3593 3591 3639
f 3593 3641 3640
f 3640 3592 3593
f 3593 3592 7843
f 7843 3591 3593
f 4405 4377 4406
f 4377 4382 4406
f 4406 4375 4405
f 4406 4382 4375
f 4402 4372 3920
f 3917 3856 3916
f 3857 3856 3917
f 3917 3916 3918
f 3918 3857 3917
f 3741 3740 3794
f 3741 3690 3740
f 3686 3685 3688
f 3688 3685 3689
f 3688 3640 3686
f 3688 3689 3640
f 3803 3804 3747
f 3782 3734 3778
f 3734 3733 3778
f 3781 3734 3780
f 3588 3633 3634
f 3634 3635 3588
f 3769 3726 3725
f 3725 3726 3680
f 3768 3769 3725
f 3774 3804 3775
f 3775 3728 3774
f 3729 3775 3776
f 3729 3728 3775
f 3680 3728 3729
f 3729 3725 3680
f 3637 3680 3681
f 3681 3638 3637
f 3681 3680 3727
f 3682 3638 3681
f 3727 3730 3681
f 3681 3733 3682
f 3681 3732 3733
f 4414 4431 4415
f 4345 4344 4378
f 4378 4344 4377
f 7299 7312 2504
f 7299 2515 7287
f 2504 2515 7299
f 7299 7287 7286
f 7286 7298 7299
f 7298 7312 7299
f 6688 7308 6718
f 6718 6689 6688
f 7308 6689 6718
f 7308 4198 4199
f 4198 6689 4199
f 7308 4195 4197
f 4076 4089 4139
f 7322 7319 7310
f 7322 7321 7319
f 7318 7321 7322
f 7310 7311 7322
f 7311 7313 7322
f 7322 7313 7318
f 6709 6717 6710
f 6688 6715 6710
f 6710 6717 6688
f 4077 4022 4076
f 4072 4022 4071
f 4023 4022 4026
f 4179 4125 4178
f 4205 6615 4210
f 6641 6602 6640
f 6641 6642 6602
f 4196 4142 4195
f 4195 4143 4196
f 4196 4143 4142
f 4088 4040 4087
f 4085 4036 4040
f 4040 4088 4085
f 4085 4143 4144
f 4142 4143 4085
f 7307 4036 4085
f 4087 4142 4085
f 4085 4088 4087
f 4144 7309 4085
f 7309 7307 4085
f 4034 4082 4035
f 4082 4039 4035
f 4035 3976 4034
f 3977 3976 4035
f 4035 4039 3977
f 3886 3948 3887
f 3887 3948 3950
f 3868 3867 3883
f 4226 4224 6503
f 6615 6580 6579
f 3852 3851 3850
f 3958 3963 3907
f 3847 3906 3907
f 3907 3849 3847
f 3907 3850 3849
f 3852 3850 3907
f 3960 4022 4023
f 4019 4022 3960
f 4023 3961 3960
f 3960 3961 3906
f 3788 3787 3849
f 3849 3850 3788
f 3788 3789 3736
f 3736 3787 3788
f 3788 3851 3789
f 3788 3850 3851
f 3769 3831 3832
f 3831 3895 3832
f 3834 3896 3886
f 3834 3895 3896
f 3870 3927 3928
f 3926 3927 3870
f 3948 3927 3926
f 3720 3761 3762
f 3762 3821 3763
f 3762 3761 3821
f 3821 3761 3817
f 3760 3816 3817
f 3817 3816 3820
f 7069 7070 6987
f 7130 7070 7069
f 7069 7129 7130
f 467 466 487
f 466 486 487
f 7196 524 487
f 487 524 525
f 487 489 467
f 525 489 487
f 6994 6930 6929
f 6929 6993 6994
f 7074 6993 7070
f 6984 6929 6922
f 6984 6993 6929
f 6926 6989 6927
f 6927 6984 6922
f 6989 6984 6927
f 6987 7070 6988
f 7070 6989 6988
f 6988 6926 6987
f 6988 6989 6926
f 6833 6872 6873
f 6873 6874 6833
f 6923 6924 6873
f 6921 6923 6873
f 6873 6872 6921
f 6922 6874 6873
f 6873 6927 6922
f 6926 6927 6873
f 649 578 577
f 577 574 649
f 577 578 531
f 531 574 577
f 6985 6982 6980
f 6980 6982 6981
f 6980 6981 6919
f 6919 6983 6980
f 571 530 7061
f 7061 530 6983
f 6977 646 7058
f 7058 6978 6977
f 6985 6980 7060
f 7060 6980 6983
f 529 530 489
f 525 7196 7195
f 6987 6986 7066
f 7066 6986 6985
f 6985 7060 7066
f 7133 7076 7134
f 7075 7076 7133
f 6998 7076 6995
f 7070 7076 6998
f 6998 7074 7070
f 6995 6930 6998
f 7055 7054 7117
f 7117 7056 7055
f 7118 7056 7117
f 7162 7106 7105
f 7106 7107 7049
f 7103 7105 7104
f 6902 6855 6901
f 6856 6855 6902
f 6965 6972 6963
f 1633 1634 1638
f 1638 1632 1637
f 1638 1634 1632
f 6597 6629 6630
f 6629 6659 6630
f 7298 6696 6722
f 6722 6696 6695
f 6695 6694 6722
f 7208 6610 6573
f 7192 7156 7155
f 7204 7198 7194
f 7154 6626 6656
f 6627 6626 6657
f 6627 6596 6595
f 7189 6655 7188
f 6653 6648 7188
f 6625 6655 7154
f 7154 6656 6625
f 6625 6656 6626
f 6507 6479 6490
f 6508 6479 6507
f 6490 6533 6507
f 6507 6533 6508
f 6509 6508 6510
f 6510 6479 6509
f 6509 6479 6508
f 6554 6553 6513
f 6513 6553 6555
f 6555 6515 6514
f 6515 6479 6514
f 6514 6513 6555
f 6479 6513 6514
f 6506 6479 6505
f 6505 6518 6506
f 6621 6624 6622
f 6622 6624 6593
f 6489 6533 6490
f 6886 6946 6942
f 7021 6946 7020
f 7020 6946 7019
f 6846 2493 2494
f 6847 2493 6846
f 6887 6844 6886
f 6808 6785 2493
f 6896 6897 6848
f 6848 6895 6896
f 6813 6785 6812
f 6787 6789 6770
f 6787 6785 6789
f 7038 7101 7039
f 7038 7100 7101
f 7034 7100 7038
f 7039 6961 7038
f 7038 6961 7034
f 7103 7101 7158
f 7158 7100 7103
f 7101 7100 7158
f 6899 6898 6958
f 6958 6959 6899
f 6899 6959 6900
f 6899 6900 6853
f 6853 6898 6899
f 7037 7025 7095
f 6960 7025 7037
f 7037 7032 6960
f 7095 7025 7022
f 7022 7021 7095
f 7022 6946 7021
f 7026 7025 6960
f 7030 6960 6958
f 6958 6898 6957
f 6957 7030 6958
f 6955 6898 6895
f 6895 6954 6955
f 6954 6957 6955
f 7095 7156 7097
f 7097 7037 7095
f 7032 7037 7097
f 7034 6960 7033
f 6960 7032 7033
f 7033 7100 7034
f 7033 7032 7100
f 6658 6659 6629
f 6658 6627 6657
f 6647 6648 6610
f 6945 6946 6886
f 7153 7096 6657
f 7153 7093 7096
f 7154 7093 7153
f 7153 6626 7154
f 6657 6626 7153
f 6657 7096 6691
f 6693 7312 7298
f 2504 7312 6693
f 7298 6722 6693
f 6693 6722 6694
f 6694 6659 6693
f 6581 6606 6616
f 6557 6606 6558
f 6558 6606 6559
f 6558 6515 6557
f 6559 6515 6558
f 6581 6618 6619
f 6619 6618 6643
f 6643 6650 6619
f 6619 6650 6615
f 3070 3035 3067
f 3067 3069 3070
f 3024 3006 3025
f 3006 3005 3025
f 2967 3005 3006
f 6458 6459 6443
f 6459 6460 6443
f 3041 3077 3039
f 3039 3007 3041
f 3039 3077 3042
f 760 800 831
f 766 771 768
f 620 703 704
f 704 703 768
f 768 771 704
f 702 620 701
f 701 769 702
f 701 620 699
f 699 769 701
f 781 708 707
f 707 780 781
f 781 780 842
f 6825 6822 6795
f 6795 6824 6825
f 6825 6824 6822
f 6823 6794 6822
f 6822 6824 6823
f 6795 6794 6823
f 6823 6824 6795
f 1755 1709 1708
f 1708 1753 1755
f 1707 1704 1708
f 1704 1753 1708
f 1902 871 1951
f 1951 1903 1902
f 871 1903 1951
f 1936 1937 1878
f 1878 1937 1879
f 1913 1857 1878
f 1878 1938 1913
f 1878 1934 1938
f 1878 1879 1814
f 1814 1877 1878
f 1877 1876 1878
f 1876 1934 1878
f 1854 1911 1912
f 1854 1855 1794
f 1854 1912 1855
f 1909 1911 1854
f 1812 1815 471
f 471 1815 504
f 1643 1666 1667
f 461 472 468
f 461 471 472
f 1972 741 1963
f 1963 1952 1972
f 739 741 1972
f 870 860 859
f 870 1906 871
f 871 860 870
f 1908 1909 1852
f 1908 1952 1909
f 585 653 586
f 585 536 584
f 586 536 585
f 655 586 654
f 655 1900 586
f 654 1846 655
f 1846 1900 655
f 532 581 582
f 582 583 532
f 581 583 582
f 584 583 652
f 714 722 652
f 652 722 653
f 652 581 651
f 652 583 581
f 652 585 584
f 653 585 652
f 817 816 818
f 818 816 860
f 818 747 817
f 868 860 1902
f 851 860 868
f 868 1902 1847
f 1847 851 868
f 819 787 748
f 851 787 819
f 748 747 819
f 747 818 819
f 793 723 792
f 792 838 793
f 1907 816 1952
f 1952 1908 1907
f 859 816 1907
f 1907 870 859
f 1906 870 1907
f 1852 1906 1907
f 1907 1908 1852
f 744 816 745
f 676 723 657
f 657 595 676
f 723 676 675
f 675 676 595
f 779 796 795
f 727 726 796
f 796 797 727
f 657 726 727
f 727 797 798
f 727 659 657
f 727 728 659
f 729 728 727
f 727 798 729
f 779 778 836
f 836 843 779
f 836 778 835
f 835 853 836
f 853 843 836
f 799 843 853
f 799 800 729
f 799 853 800
f 729 779 799
f 779 843 799
f 777 773 835
f 774 773 777
f 707 774 777
f 835 778 777
f 777 778 707
f 706 620 705
f 705 775 706
f 772 773 705
f 705 764 772
f 771 764 705
f 620 704 705
f 705 704 771
f 705 773 774
f 774 775 705
f 600 677 596
f 596 551 600
f 677 597 596
f 596 597 551
f 758 760 686
f 758 829 760
f 757 758 685
f 474 2695 473
f 473 475 474
f 477 476 513
f 513 514 477
f 477 478 464
f 514 478 477
f 2887 2888 5807
f 2889 2888 2890
f 2886 5836 2857
f 1643 1642 1665
f 1702 1666 1665
f 1665 1666 1643
f 1635 5811 5810
f 1635 1642 1643
f 1635 1631 5794
f 5794 5811 1635
f 2858 2825 2857
f 2857 2828 2858
f 2858 2828 2825
f 2861 2828 2857
f 2862 2828 2861
f 2857 2863 2861
f 2861 2863 2862
f 733 734 661
f 733 732 808
f 661 732 733
f 2866 2867 2829
f 2866 2892 2867
f 588 662 663
f 663 590 588
f 667 663 662
f 2830 2831 2791
f 2830 2868 2831
f 2791 2829 2830
f 2829 2867 2830
f 2867 2868 2830
f 2831 2867 2869
f 1482 1476 1483
f 1552 1544 1537
f 1537 1475 1473
f 1480 1544 1482
f 1482 1481 1480
f 1475 1537 1480
f 1480 1537 1544
f 1552 1532 1599
f 1599 1544 1552
f 1532 1544 1599
f 6175 6176 6149
f 6142 1600 6125
f 6125 6141 6142
f 6125 6129 6140
f 6140 6141 6125
f 6129 6141 6140
f 1540 1601 1602
f 1476 1541 1540
f 1541 1601 1540
f 45 44 46
f 46 23 45
f 45 23 44
f 182 119 181
f 76 118 77
f 118 119 77
f 77 41 76
f 44 41 77
f 77 79 44
f 44 23 43
f 2 5 6
f 20 10 19
f 19 5316 20
f 21 10 20
f 6283 6232 6231
f 6402 6370 6404
f 6402 923 6370
f 917 923 6402
f 120 119 182
f 121 77 120
f 120 77 119
f 6334 6272 127
f 46 44 47
f 44 79 47
f 6155 6189 6190
f 6190 6156 6155
f 6155 6156 6132
f 1473 1474 1412
f 1412 1474 1475
f 6 13 14
f 15 6 14
f 1570 1568 1617
f 1566 1500 1499
f 1566 1568 1500
f 1568 1618 1615
f 1588 1558 1528
f 1456 1526 1528
f 1528 1529 1456
f 1523 1586 1585
f 1451 1450 1522
f 1522 1523 1585
f 1450 1523 1522
f 5712 5713 5690
f 5690 5687 5712
f 5691 5662 5690
f 5690 5713 5691
f 5628 5658 5660
f 5712 5687 5711
f 5748 5714 5711
f 5711 5714 5712
f 5685 5710 5711
f 5711 5710 5746
f 4625 4562 4561
f 4562 5714 4561
f 4561 5714 5748
f 5748 4560 4561
f 5691 4626 4563
f 4563 5663 5691
f 4626 5663 4563
f 5632 5663 5633
f 4692 5663 4626
f 4692 5633 5663
f 2092 2115 2096
f 2074 2091 2092
f 2131 2115 2130
f 2117 2132 2121
f 2117 2115 2132
f 2096 2115 2117
f 2117 2118 2096
f 2121 2132 2133
f 2132 2149 2133
f 2168 2169 2148
f 2131 2147 2148
f 2148 2149 2131
f 5996 5909 5908
f 5908 5907 5996
f 5958 5880 5909
f 5909 5996 5958
f 5958 5959 5880
f 2095 2081 2078
f 2099 2081 2095
f 5071 5070 5101
f 5101 5069 5068
f 5101 5070 5069
f 2074 2075 2061
f 2071 2074 2061
f 2061 2058 2071
f 2061 2075 2062
f 2061 2050 2060
f 2060 2050 2059
f 2050 2061 5569
f 2745 2746 2697
f 2743 2696 5604
f 5604 5605 2743
f 5558 5560 5792
f 2093 2090 2074
f 2093 2092 2096
f 2074 2092 2093
f 2096 2081 2093
f 2081 2090 2093
f 2076 2075 5631
f 2075 2090 5631
f 2063 5560 2078
f 2064 5560 2063
f 4618 4703 4619
f 4619 4703 4620
f 4799 4705 4798
f 4709 4708 4625
f 4705 4799 4707
f 4707 4799 4708
f 4624 4560 4623
f 4623 4707 4624
f 4624 4707 4708
f 4708 4709 4624
f 4624 4561 4560
f 4625 4561 4624
f 4624 4709 4625
f 4705 4620 4704
f 4620 4703 4704
f 4704 4797 4705
f 4703 4796 4704
f 4796 4797 4704
f 4701 4794 4795
f 4795 4703 4701
f 4616 4700 4701
f 4701 4700 4794
f 4701 4618 4616
f 4701 4703 4618
f 5004 5078 5005
f 5067 5051 5050
f 4958 4957 5050
f 5050 5051 4958
f 4860 4957 4958
f 4956 4868 4856
f 4856 4868 4857
f 4867 4868 4865
f 5002 4904 4962
f 4962 5053 5002
f 5726 5704 5725
f 4617 4702 4618
f 4618 5761 4617
f 4616 4702 4617
f 4617 4554 4616
f 5736 5708 5707
f 5736 5707 5735
f 5736 5752 5738
f 5738 5708 5736
f 5770 5752 5736
f 5735 5769 5736
f 5736 5768 5770
f 5769 5768 5736
f 5737 5739 5771
f 5771 5772 5737
f 5771 5739 5775
f 5775 5772 5771
f 5746 5710 5742
f 5742 5776 5746
f 5742 5709 4623
f 5742 5710 5709
f 4560 5776 5742
f 4943 4982 4944
f 4943 4942 4982
f 4991 5008 5065
f 4949 4881 4853
f 4882 4881 4982
f 4780 4881 4882
f 4711 4626 4625
f 4788 4881 4780
f 4887 4789 4784
f 2062 5592 5579
f 5579 5592 4893
f 5027 5028 4928
f 4928 5036 5027
f 5027 5036 5028
f 5045 5036 5035
f 5068 5045 5035
f 4928 5034 5035
f 5035 5036 4928
f 5034 5090 5035
f 4690 4696 5635
f 4884 4885 4784
f 4987 4885 4884
f 4613 4695 4689
f 4689 4690 4613
f 4782 4690 4689
f 4780 4882 4781
f 4781 4689 4780
f 4782 4689 4781
f 4992 4893 4989
f 5068 4992 4989
f 5032 5088 5089
f 5031 5032 4928
f 5031 5088 5032
f 4928 5030 5031
f 4858 4953 4957
f 4957 4859 4858
f 4858 4859 4763
f 4903 4904 4795
f 4795 4902 4903
f 5000 4904 4903
f 4903 4902 5000
f 4798 4797 4906
f 4906 4797 4904
f 4904 5002 4906
f 4904 4797 4905
f 4905 4797 4796
f 4795 4904 4905
f 4905 4796 4795
f 4898 4792 4897
f 4895 4792 4894
f 4895 4896 4792
f 4978 4896 4895
f 4894 4880 4895
f 4880 4978 4895
f 4962 5003 5054
f 5054 5003 4999
f 4962 5054 5055
f 5064 5080 5055
f 5055 5009 4962
f 5010 5009 5055
f 5055 5080 5010
f 5000 4902 5001
f 4853 4852 4948
f 4660 4665 4602
f 4602 4590 4660
f 4844 4941 4942
f 4942 4943 4844
f 4844 4943 4944
f 4750 4844 4845
f 4725 4813 4814
f 4723 4812 4813
f 4813 4725 4723
f 4723 4725 4724
f 1149 1188 1189
f 1174 3347 3273
f 1140 1169 1174
f 1174 1175 1140
f 1174 1169 3274
f 3274 3347 1174
f 1183 1181 1143
f 1143 1180 1183
f 1208 1181 1183
f 4636 4575 4574
f 4636 4723 4724
f 4637 4575 4636
f 4636 4574 4635
f 4635 4723 4636
f 4724 4725 4636
f 2185 4926 2205
f 2205 2203 2185
f 4926 2203 2205
f 2162 2163 2161
f 2161 2143 2162
f 2161 2163 2146
f 2178 2158 5026
f 4928 5026 5025
f 5026 2158 5025
f 5025 2142 4928
f 5025 2158 2142
f 5030 2141 2129
f 2129 5031 5030
f 2110 5031 2129
f 2131 2130 2129
f 2129 2142 2131
f 2129 2141 2142
f 2562 2561 2542
f 2542 2573 2562
f 2542 2561 2560
f 2560 2559 2542
f 2542 2559 2556
f 2572 2573 2542
f 2542 2571 2572
f 2556 2537 2542
f 2529 2541 2542
f 2542 2537 2529
f 2590 2591 2563
f 2563 2573 2590
f 2590 2604 2620
f 2590 2573 2572
f 2572 2604 2590
f 2692 2646 2645
f 2646 2604 2645
f 2644 2692 2645
f 2645 2604 2644
f 2857 2825 2856
f 2849 2880 2879
f 2879 2880 2848
f 2845 2816 2819
f 2819 2848 2845
f 2816 2781 2819
f 751 2767 752
f 2689 2739 2741
f 2741 2742 2689
f 2741 509 2742
f 2770 509 2741
f 2801 598 2770
f 805 854 855
f 827 758 757
f 805 855 806
f 806 731 805
f 807 731 806
f 2790 2759 2789
f 2789 2788 2790
f 2759 2788 2789
f 2785 2759 2756
f 2783 2788 2785
f 2823 2788 2822
f 2823 2851 2852
f 2822 2850 2823
f 2850 2851 2823
f 2760 2792 2763
f 2721 2759 2760
f 2760 2722 2721
f 2721 2677 2720
f 2720 2719 2721
f 2716 2719 2675
f 2675 2676 2625
f 2719 2720 2675
f 2625 2674 2675
f 2674 2716 2675
f 2677 2676 2675
f 2675 2720 2677
f 2668 2622 2647
f 2647 2669 2668
f 2620 2604 2647
f 2647 2622 2620
f 2672 2669 2647
f 2647 2646 2672
f 2647 2604 2646
f 2593 2623 2594
f 2594 2564 2593
f 2594 2623 2624
f 2594 2624 2625
f 2557 2538 2565
f 2538 2564 2565
f 2565 2564 2592
f 2592 2576 2565
f 2565 2545 2557
f 2565 2576 2545
f 2639 2638 2690
f 2651 2640 2639
f 2639 2690 2651
f 2638 2639 2599
f 2599 2639 2640
f 2628 2676 2677
f 2677 2678 2628
f 2628 2630 2629
f 2628 2627 2676
f 2725 2678 2677
f 2726 2678 2725
f 2725 2677 2724
f 2724 2726 2725
f 2685 2638 2637
f 2637 2684 2685
f 2638 2599 2637
f 2603 2642 2643
f 2667 2691 2643
f 2643 2642 2667
f 2756 2759 2786
f 2786 2758 2756
f 2759 2758 2786
f 2756 2714 2755
f 2755 2718 2756
f 2714 2718 2755
f 2772 2804 2805
f 2805 5560 5558
f 2805 2804 5560
f 2703 2665 2702
f 2665 2698 2702
f 2702 2704 2703
f 2749 2704 2702
f 2535 2527 2534
f 2583 2552 5716
f 5716 5693 2584
f 2584 5665 5643
f 5643 5641 2584
f 2540 2542 2541
f 2567 2542 2540
f 2540 2568 2569
f 2529 2536 2540
f 2540 2541 2529
f 2585 2610 2611
f 2585 2584 2610
f 2555 2540 2536
f 2568 2540 2555
f 2536 2535 2555
f 2535 2554 2555
f 5640 5604 5639
f 5622 5644 5653
f 5584 5599 5600
f 5600 5625 5626
f 5626 5627 5600
f 5628 5629 5600
f 5600 5627 5628
f 5584 5600 5601
f 5601 5600 5629
f 2843 5919 5918
f 5918 6000 6001
f 5919 5851 5918
f 6001 6002 5918
f 6002 6003 5918
f 2814 2780 2779
f 2779 2813 2814
f 2814 2815 2780
f 2817 2815 2814
f 2814 6003 2817
f 2814 5918 6003
f 2840 2810 2808
f 2774 2810 2811
f 2843 2811 2841
f 2811 2810 2841
f 2810 2840 2841
f 2876 5919 2843
f 2843 2841 2876
f 2876 2841 2875
f 5916 5851 5919
f 5919 2875 5916
f 5916 2875 5851
f 5845 5817 5813
f 5813 5812 5845
f 5817 5797 5813
f 5797 5814 5813
f 5795 5812 5813
f 5813 5814 5795
f 5842 5812 5846
f 5843 5812 5842
f 5846 5902 5842
f 5842 5902 5843
f 5850 5852 5914
f 5914 5915 5850
f 5852 5915 5914
f 5851 5915 5917
f 6000 5918 5917
f 5917 5918 5851
f 5915 5904 5917
f 5917 5992 6000
f 5917 5904 5992
f 2652 2607 2651
f 2652 2608 2607
f 2651 2653 2652
f 2653 2608 2652
f 985 982 1014
f 1014 1015 985
f 1052 1015 1051
f 1051 1095 1052
f 954 984 955
f 955 935 954
f 981 982 953
f 984 954 953
f 953 952 981
f 935 952 953
f 953 954 935
f 957 988 1293
f 988 1292 1293
f 1293 938 957
f 1502 1496 1423
f 1502 1433 1426
f 1502 1497 1496
f 1425 1497 1502
f 1502 1426 1425
f 1328 1382 1383
f 1382 1386 1383
f 1446 1386 1382
f 1388 1387 1446
f 1446 1387 1386
f 1578 1514 1577
f 943 962 963
f 962 986 963
f 963 956 943
f 963 986 956
f 929 939 1370
f 929 937 939
f 929 1370 928
f 928 937 929
f 943 1370 942
f 1370 941 942
f 942 962 943
f 942 941 962
f 1370 939 940
f 940 941 1370
f 940 939 962
f 962 941 940
f 932 1369 1428
f 1369 1372 1428
f 932 1428 927
f 927 934 932
f 927 933 934
f 4975 4976 4872
f 4872 4974 4975
f 4975 5061 5062
f 5062 4976 4975
f 4975 4974 4972
f 4975 5060 5061
f 4975 4972 5060
f 4973 4974 4872
f 4972 4974 4973
f 4872 4871 4973
f 4871 4972 4973
f 5057 5087 5058
f 5087 5059 5058
f 5058 4972 5057
f 5058 5059 4972
f 2548 2579 2580
f 2580 2543 2548
f 2575 2543 2580
f 2605 2575 2580
f 2580 2579 2605
f 5732 5707 5731
f 5731 5707 5706
f 5706 5730 5731
f 5695 5718 5719
f 5701 5706 5682
f 5706 5707 5682
f 5682 5708 5685
f 5707 5708 5682
f 5685 5660 5682
f 5682 5660 5658
f 5623 5622 5653
f 5599 5622 5623
f 5719 5718 5699
f 5699 5695 5719
f 5666 5665 5693
f 5643 5665 5666
f 1049 1012 1048
f 1112 1113 1062
f 1157 1113 1112
f 1062 1110 1112
f 5085 5094 5086
f 5085 5086 5019
f 5019 5015 5085
f 5015 5084 5085
f 5102 5081 5099
f 5010 5081 5082
f 5081 5102 5082
f 4810 4812 4721
f 4721 4723 4635
f 4812 4723 4721
f 4919 4920 4810
f 4810 4918 4919
f 4919 5021 4920
f 4919 4918 5019
f 4920 5021 5016
f 5021 5017 5016
f 4810 4920 5016
f 4813 4812 4921
f 4970 4971 4870
f 4970 4869 4969
f 4870 4869 4970
f 4969 5022 4970
f 5024 4971 4970
f 1105 1059 1058
f 1058 1057 1104
f 1104 1105 1058
f 1104 1099 1151
f 1057 1099 1104
f 4969 4869 4968
f 4869 1108 4968
f 4968 1108 5023
f 4968 5022 4969
f 5023 5022 4968
f 2036 2022 2035
f 2035 2040 2036
f 2035 2022 2023
f 2035 2023 2033
f 2035 2033 2039
f 2039 2040 2035
f 4817 4928 4929
f 2012 2014 2027
f 2009 2026 2027
f 2027 2010 2009
f 2027 2014 2010
f 1999 1990 1998
f 1998 2014 1999
f 1999 1997 1990
f 2013 2012 3378
f 3378 1997 2013
f 2013 1997 2012
f 2011 2014 2012
f 2012 1997 2011
f 2011 1999 2014
f 1997 1999 2011
f 3445 1997 3378
f 2012 2027 2028
f 2028 2027 2026
f 3140 3139 3172
f 3124 3139 3140
f 3142 3180 3181
f 3142 3140 3180
f 3495 3501 3522
f 3522 3523 3495
f 3501 3523 3522
f 3422 3473 3471
f 3471 3472 3422
f 3508 3472 3507
f 3507 3471 3473
f 3472 3471 3507
f 3423 3355 3422
f 3422 3472 3423
f 3475 3472 3508
f 3512 3508 3473
f 3351 3355 3354
f 3354 3283 3351
f 3267 3344 3345
f 3211 3266 3267
f 2508 1993 2507
f 2508 1994 1993
f 7246 7241 7245
f 7246 7247 7241
f 2021 2003 2017
f 7247 7246 2017
f 2017 7246 7245
f 7245 2016 2017
f 2017 2016 2021
f 7242 7248 7249
f 7249 7250 7242
f 7248 7254 7249
f 7254 7250 7249
f 7261 7268 7270
f 7270 7271 7261
f 7268 7265 7270
f 7270 7265 7275
f 7270 7275 7273
f 7273 7271 7270
f 7263 7262 7261
f 7261 7269 7263
f 7257 7256 7263
f 7256 7262 7263
f 7264 7257 7263
f 7263 7272 7264
f 7263 7269 7272
f 5930 5862 5861
f 5861 5931 5930
f 5930 5931 5862
f 5888 5887 5969
f 5969 5889 5888
f 5976 5889 5975
f 5971 6039 6040
f 5971 5970 6039
f 5887 5970 5971
f 5822 5820 5855
f 5820 5854 5855
f 5858 5822 5855
f 5922 5857 5925
f 5925 5857 5856
f 5925 7257 5922
f 5925 5856 7257
f 5922 5941 5926
f 5926 5857 5922
f 5838 5808 5837
f 5838 5839 5808
f 5891 5890 5898
f 5898 5839 5891
f 5837 5890 5891
f 5891 5838 5837
f 5839 5838 5891
f 5945 5931 5929
f 5929 5867 5945
f 5860 5867 5929
f 5861 5860 5929
f 5929 5931 5861
f 5870 5872 5868
f 5868 5824 5826
f 5827 5824 5868
f 2176 2201 2202
f 2202 2201 5834
f 5954 5910 5879
f 5947 6030 5954
f 5879 5955 5954
f 6029 5947 5954
f 5876 5953 5954
f 5954 5955 5876
f 5954 5953 5952
f 5951 6029 5954
f 5954 5952 5951
f 2195 2196 2168
f 2195 2198 2196
f 2170 2198 2195
f 5957 5955 5879
f 5832 5876 5877
f 5876 5955 5877
f 6025 6030 5947
f 6025 5939 6024
f 6025 5947 5939
f 6024 5998 6025
f 5865 5823 5864
f 5864 5823 5859
f 5864 5859 5858
f 5933 6017 5934
f 6017 5935 5934
f 5934 5862 5933
f 5934 5935 5862
f 2846 2816 2845
f 2845 2848 2846
f 6070 6061 6080
f 6061 6079 6080
f 6015 6016 6056
f 6057 5994 5998
f 6058 5994 6057
f 6057 5998 6015
f 6015 6058 6057
f 5844 5812 5843
f 5844 5818 5812
f 5852 5818 5844
f 5844 5904 5852
f 5843 5902 5903
f 5903 5844 5843
f 5904 5844 5903
f 5892 5893 5837
f 5962 5893 5892
f 5837 5884 5892
f 5892 5884 5962
f 5962 5884 5961
f 5963 6034 6035
f 6035 5964 5963
f 6034 5964 6035
f 5981 5982 5895
f 5895 5982 5896
f 5895 5896 5837
f 5837 5894 5895
f 5895 5894 5981
f 1948 1949 1894
f 5985 5898 5972
f 5972 6043 5985
f 6042 5978 6008
f 6008 6067 6042
f 6042 6043 5972
f 5972 5978 6042
f 6046 5977 5976
f 6046 5978 5977
f 6008 5978 6046
f 6011 5941 5921
f 6011 6026 5941
f 6011 5921 5976
f 5976 6026 6011
f 6027 5942 5941
f 5941 6026 6027
f 5945 5867 5946
f 5976 5945 5946
f 5946 6026 5976
f 1671 1672 1645
f 1717 1672 1671
f 1671 1645 1670
f 1670 1717 1671
f 1768 2496 1725
f 1768 1775 2496
f 1725 1724 1768
f 1831 1804 1866
f 1805 1804 1831
f 1823 1773 1834
f 1766 1773 1823
f 1888 1887 1892
f 5899 5839 5898
f 1874 1875 1813
f 1813 1873 1874
f 1814 1755 1813
f 1813 1875 1814
f 1755 1752 1810
f 1810 1813 1755
f 1873 1813 1810
f 1874 1873 1931
f 1866 1922 1923
f 5510 5478 5475
f 7221 5511 5509
f 5509 5536 7221
f 5509 5510 5475
f 5475 5508 5509
f 5508 5536 5509
f 353 354 278
f 278 352 353
f 353 352 354
f 7229 7220 7228
f 7220 7227 7228
f 7236 7229 7228
f 7228 7227 7236
f 7213 7217 7218
f 7218 7219 7213
f 7217 7227 7218
f 7227 7219 7218
f 432 433 406
f 437 433 452
f 452 433 446
f 452 920 437
f 452 445 920
f 452 446 445
f 408 346 347
f 347 345 407
f 409 346 408
f 404 426 405
f 404 405 345
f 345 387 404
f 7743 7775 7776
f 7796 7797 7776
f 7776 7797 7777
f 7736 7703 7735
f 7694 7724 7725
f 7761 7726 7725
f 7725 7724 7723
f 7722 7761 7725
f 7725 7723 7722
f 7653 7642 7652
f 7795 7790 7808
f 7791 7795 7808
f 7808 7815 7791
f 7816 7792 7814
f 7814 7792 7806
f 7814 7790 7813
f 7806 7790 7814
f 7793 7792 7816
f 4330 4360 4331
f 4330 4331 4302
f 4302 4329 4330
f 4357 4327 4356
f 4357 4356 4361
f 4361 4360 4357
f 4282 4281 4305
f 4261 5422 4239
f 4261 5458 5422
f 4260 4261 4238
f 4239 4231 4238
f 4238 4261 4239
f 4321 4323 4317
f 4321 4293 4320
f 4320 4323 4321
f 7813 4312 4311
f 4313 4312 4318
f 4318 4314 4313
f 7777 7801 7390
f 7777 4229 7800
f 7800 7801 7777
f 5357 5349 5355
f 4234 4229 4233
f 4234 4231 4229
f 4235 4231 4239
f 4236 4231 4235
f 4232 4231 4236
f 4276 4252 4275
f 4275 4274 4276
f 4252 4274 4275
f 4249 4271 4252
f 4233 4245 4246
f 4291 4271 4270
f 4273 4274 4252
f 4252 4271 4273
f 4273 4271 4274
f 4294 4296 4295
f 7475 7480 7436
f 7436 7435 7475
f 7401 7435 7436
f 7402 7401 7436
f 7437 7401 7642
f 7642 7435 7437
f 7437 7435 7401
f 7409 7380 7404
f 7404 7436 7409
f 7642 7401 7408
f 7408 7397 7396
f 7418 7448 7450
f 7492 7449 7450
f 7450 7448 7447
f 7419 7418 7450
f 7450 7417 7419
f 7450 7449 7417
f 7450 7493 7492
f 7450 7496 7493
f 7495 7496 7450
f 7450 7451 7495
f 7450 7447 7451
f 7414 7383 7382
f 7382 7413 7414
f 7386 7366 7371
f 7371 7383 7386
f 7371 7366 7355
f 7367 7366 7386
f 7386 7368 7367
f 2271 7366 7367
f 7367 7368 2271
f 7487 7446 7445
f 7445 7446 7412
f 7421 7412 7422
f 7421 7420 7412
f 7421 7422 7386
f 7386 7420 7421
f 7602 7550 7615
f 7632 7602 7615
f 7615 7549 7614
f 7615 7550 7549
f 7549 7550 7481
f 7481 7485 7549
f 7481 7535 7482
f 7552 7535 7481
f 7482 7439 7481
f 7481 7439 7485
f 7632 7633 7603
f 7540 7602 7603
f 7603 7602 7632
f 7603 7542 7540
f 7541 7474 7540
f 7540 7542 7541
f 7541 7542 7474
f 7547 7609 7549
f 7614 7549 7613
f 7549 7612 7613
f 7642 7658 7659
f 7659 7660 7642
f 7606 7660 7659
f 7659 7609 7606
f 7476 7435 7642
f 7429 7430 5346
f 5346 7468 7429
f 7429 7468 7430
f 7430 7468 7469
f 7469 7468 7525
f 7470 7430 7469
f 7469 7525 7470
f 7525 7468 7524
f 7524 7468 5346
f 7585 7581 7594
f 7490 7565 7491
f 7491 7449 7490
f 2307 7449 7491
f 2305 2307 7491
f 2270 2305 7491
f 7491 7565 2270
f 2232 2219 2229
f 2233 2219 2232
f 2229 2264 2232
f 7497 7453 7452
f 7452 2233 7497
f 7452 2219 2233
f 7423 2219 7452
f 7490 7449 7494
f 7493 7560 7494
f 7494 7449 7493
f 7566 7569 7503
f 7490 7494 7566
f 7566 7494 7560
f 7570 7569 7566
f 7559 7570 7566
f 7566 7560 7559
f 7577 7618 7616
f 7622 7623 7579
f 7579 7576 7507
f 7579 7621 7576
f 7594 7581 7626
f 7589 7621 7624
f 7601 7589 7624
f 7624 7623 7601
f 7624 7579 7623
f 7499 7564 7563
f 7563 7500 7499
f 7497 7564 7499
f 7499 7454 7497
f 7499 7500 7454
f 7563 7502 7501
f 7501 7500 7563
f 7501 7502 7454
f 7454 7500 7501
f 7457 7456 7506
f 7457 7425 7456
f 7426 7425 7457
f 7389 7425 7426
f 18 9 7389
f 7389 5350 18
f 7424 7453 7454
f 7454 7425 7424
f 7424 7389 9
f 7425 7389 7424
f 7423 7452 7424
f 7424 7452 7453
f 7498 7454 7503
f 7503 7504 7498
f 7455 7505 7456
f 7455 7425 7454
f 7456 7425 7455
f 7454 7498 7455
f 7504 7505 7455
f 7455 7498 7504
f 5534 5549 5535
f 5508 5507 5534
f 5534 5535 5508
f 5531 5549 5534
f 5534 5507 5533
f 5512 5511 7221
f 7221 5478 5512
f 5512 5478 5511
f 5529 5546 5547
f 5547 5530 5529
f 5529 5545 5546
f 5529 5544 5545
f 5529 5530 5500
f 5469 5501 5503
f 5499 5500 5468
f 5468 5498 5499
f 5526 5498 5525
f 5540 5545 5543
f 5545 5544 5543
f 5543 5526 5540
f 5544 5526 5543
f 5396 5422 5423
f 5463 5425 5462
f 5349 5357 5358
f 5355 5349 5352
f 7470 7526 7527
f 7527 5349 7470
f 7526 7524 7527
f 5346 5349 7527
f 7527 7524 5346
f 5361 5362 5350
f 5350 7389 7427
f 7427 7389 7426
f 56 30 55
f 30 53 55
f 55 31 56
f 53 31 55
f 5384 5364 5388
f 5385 5364 5384
f 54 53 29
f 58 53 54
f 33 32 57
f 57 31 33
f 32 31 57
f 33 31 59
f 59 31 58
f 59 60 33
f 59 58 60
f 376 387 315
f 383 336 402
f 393 392 430
f 315 258 337
f 337 258 336
f 337 383 315
f 337 336 383
f 334 335 333
f 334 332 393
f 336 258 334
f 258 335 334
f 393 402 334
f 334 402 336
f 250 332 252
f 252 175 250
f 249 175 252
f 414 360 415
f 415 360 359
f 415 352 414
f 359 352 415
f 349 360 412
f 456 449 448
f 446 449 456
f 448 447 456
f 456 447 446
f 223 291 292
f 292 361 362
f 349 361 292
f 290 349 292
f 292 291 290
f 223 288 224
f 310 228 309
f 315 311 229
f 227 228 154
f 421 420 364
f 421 361 420
f 285 5449 278
f 278 217 285
f 5505 5504 5520
f 206 207 141
f 5388 5420 5421
f 281 217 280
f 2216 2217 2214
f 2216 2225 2217
f 2224 2225 2216
f 250 328 329
f 327 330 329
f 329 330 250
f 329 399 327
f 5328 5339 5329
f 5328 2371 2327
f 5328 5329 5299
f 5299 2373 5328
f 2373 2371 5328
f 2426 2373 2425
f 2425 2466 2426
f 2425 2373 5299
f 2470 2427 2469
f 2427 2466 2469
f 5299 2470 2469
f 2469 2466 5299
f 248 241 2226
f 324 2217 2226
f 2226 241 324
f 167 107 166
f 169 108 168
f 169 170 108
f 168 241 169
f 241 248 169
f 2226 170 169
f 169 248 2226
f 5331 2286 5340
f 5340 2247 5331
f 2286 2247 5340
f 117 177 178
f 116 177 117
f 178 118 117
f 76 116 117
f 117 118 76
f 173 115 176
f 176 115 113
f 176 174 173
f 113 174 176
f 261 341 342
f 261 340 341
f 342 264 263
f 263 261 342
f 342 341 403
f 5250 5251 5219
f 5219 5225 5250
f 5250 5224 5261
f 5250 5225 5224
f 5284 5287 5251
f 5251 5250 5284
f 5284 5250 5286
f 5272 5303 5304
f 112 72 71
f 5303 112 111
f 112 71 111
f 111 71 110
f 1478 5253 1
f 1478 1543 5253
f 18 2230 2231
f 2231 2230 2228
f 35 62 63
f 63 2230 35
f 63 62 70
f 70 2230 63
f 33 60 61
f 61 98 64
f 61 35 33
f 64 35 61
f 104 102 147
f 142 149 147
f 149 104 147
f 95 60 94
f 95 61 60
f 103 102 104
f 104 66 103
f 103 66 102
f 97 66 65
f 102 66 97
f 65 98 97
f 98 61 97
f 67 101 105
f 105 106 67
f 220 217 221
f 221 151 220
f 220 151 217
f 221 287 222
f 222 151 221
f 222 287 223
f 217 151 218
f 245 246 167
f 325 246 245
f 167 166 245
f 245 244 325
f 398 330 327
f 398 395 330
f 327 326 398
f 326 395 398
f 321 395 396
f 395 397 396
f 396 322 321
f 396 397 322
f 179 118 178
f 178 254 179
f 171 172 112
f 112 175 171
f 171 175 172
f 2381 2382 2334
f 2334 2295 2293
f 2436 2382 2381
f 2436 2472 2473
f 2382 2436 2437
f 2437 2473 2474
f 2437 2436 2473
f 2448 2483 2450
f 2263 2264 2229
f 2296 2264 2263
f 2304 2303 2270
f 2296 2295 2302
f 2384 2352 2339
f 2303 2302 2339
f 2300 2332 2291
f 2291 2265 2300
f 2228 2254 2255
f 2292 2254 2291
f 2257 2254 2292
f 2291 2332 2292
f 2332 2294 2292
f 2292 2294 2257
f 2228 2230 2253
f 2253 2254 2228
f 2230 2265 2253
f 2265 2254 2253
f 2388 2380 2344
f 2387 2434 2388
f 2388 2434 2380
f 99 62 2326
f 2326 2301 99
f 70 62 99
f 99 2301 70
f 2345 2390 2346
f 2346 2301 2345
f 2387 2388 2342
f 70 2301 2298
f 2301 2341 2298
f 2298 2265 70
f 2333 2380 2381
f 2381 2334 2333
f 2293 2294 2333
f 2333 2334 2293
f 2344 2380 2333
f 2381 2434 2435
f 2445 2472 2435
f 2435 2436 2381
f 2472 2436 2435
f 2395 2434 2387
f 2395 2439 2443
f 2390 2439 2395
f 2395 2444 2445
f 2395 2346 2390
f 2395 2443 2442
f 2442 2444 2395
f 2378 2377 2433
f 2433 2432 2378
f 2377 2432 2433
f 7385 2349 2309
f 2309 2349 2310
f 2309 7384 7385
f 2309 2310 7384
f 2313 2312 2357
f 2312 2356 2357
f 2358 2314 2357
f 2357 2314 2313
f 2406 2357 2356
f 2311 2354 2355
f 2355 2356 2311
f 2354 2406 2355
f 2355 2406 2356
f 2350 2403 2404
f 2453 2410 2452
f 2410 2451 2452
f 2482 2453 2452
f 2452 2451 2482
f 2319 2321 2365
f 2365 2321 2369
f 2471 2440 2429
f 5313 2491 5282
f 5338 5313 2486
f 2369 2321 2370
f 2370 2423 2369
f 2322 2363 2370
f 2424 2423 2370
f 7327 7334 7328
f 7328 2235 7327
f 7334 2235 7328
f 2361 2317 2360
f 2323 2285 2322
f 2321 2285 2323
f 2322 2370 2323
f 2323 2370 2321
f 901 913 900
f 901 900 887
f 915 913 901
f 887 6341 901
f 901 6341 6340
f 6293 6292 6294
f 6294 6235 6293
f 6236 6237 6190
f 6190 6235 6236
f 6301 6236 6235
f 6237 6236 6301
f 6301 6304 6237
f 6347 6346 6385
f 6298 6346 6347
f 3470 3469 3506
f 3421 3469 3470
f 3506 3473 3470
f 3470 3473 3422
f 3422 3421 3470
f 3468 3421 3467
f 3467 3469 3468
f 3468 3469 3421
f 3504 3524 3505
f 3505 3469 3504
f 3505 3524 3506
f 3506 3469 3505
f 3355 3418 3419
f 3419 3418 3455
f 3419 3454 3453
f 3419 3420 3355
f 3453 3420 3419
f 3494 3453 3495
f 3494 3466 3453
f 3495 3467 3494
f 3467 3466 3494
f 6194 6243 6244
f 6244 6195 6194
f 6241 6303 6240
f 6241 6238 6303
f 6239 6238 6241
f 6241 6240 6192
f 6192 6239 6241
f 6307 6355 6357
f 6357 6305 6307
f 6356 6307 6303
f 6356 6355 6307
f 6118 6134 6119
f 6119 6134 6135
f 6135 6136 6119
f 3145 6208 3188
f 6207 6208 3145
f 3188 3189 3145
f 3189 3146 3145
f 6319 6262 6322
f 6322 6305 6319
f 6262 6305 6322
f 6353 6321 6359
f 6320 6262 6319
f 6320 6321 6262
f 6320 6359 6321
f 6319 6355 6320
f 6320 6355 6354
f 6320 6354 6353
f 6353 6359 6320
f 6260 6259 6317
f 6203 6259 6260
f 6203 6257 6258
f 6258 6259 6203
f 6257 6259 6258
f 6255 6203 6246
f 6246 6312 6255
f 6197 6159 6158
f 6158 6196 6197
f 6198 6159 6197
f 6197 6196 6198
f 6180 6150 6149
f 6149 6179 6180
f 6178 6218 6219
f 6276 6218 6275
f 6275 6218 6214
f 6275 6214 6246
f 6215 6176 6214
f 6177 6178 6149
f 6149 6176 6177
f 6314 6252 6276
f 6314 6253 6252
f 6276 6254 6314
f 6254 6253 6314
f 6396 6399 6397
f 6397 6365 6396
f 6399 6366 6397
f 6366 6365 6397
f 3308 6270 3383
f 3330 3258 3329
f 3329 3258 3308
f 6424 6425 6400
f 6400 6423 6424
f 6424 6423 6425
f 6422 6423 6400
f 6399 6423 6422
f 6393 6363 6362
f 6362 6363 6323
f 6361 6393 6362
f 6362 6323 6361
f 6351 6350 6386
f 6385 6346 6384
f 6384 6383 6385
f 6346 6383 6384
f 6344 6298 6297
f 6297 6296 6344
f 6344 6296 6298
f 3133 3122 3127
f 3122 3118 3127
f 3115 3118 3122
f 3115 3122 3120
f 948 932 947
f 1444 1443 1513
f 1513 1571 1444
f 944 1571 1513
f 1513 1511 944
f 1440 1441 1381
f 1381 1380 1440
f 1328 1380 1381
f 1381 1443 1444
f 1381 1382 1328
f 1442 1513 1443
f 1511 1513 1442
f 1443 1381 1442
f 1442 1381 1441
f 1438 1437 1442
f 1442 1437 1511
f 1442 1385 1438
f 1441 1385 1442
f 1042 1005 1041
f 1042 1023 1005
f 1041 1044 1042
f 1042 1044 1023
f 978 1437 1377
f 1005 975 977
f 977 1007 1005
f 977 978 1377
f 1006 1005 995
f 1006 975 1005
f 6201 6251 6202
f 6278 6248 6274
f 1267 1268 1258
f 1258 1266 1267
f 1267 1266 1268
f 1265 1266 1258
f 1277 1266 1265
f 1282 1268 1279
f 1268 1266 1279
f 1295 1277 1294
f 1294 1285 1295
f 1295 1285 1312
f 1277 1265 1278
f 1278 1265 1275
f 1278 1294 1277
f 1285 1294 1278
f 1115 1064 1067
f 1067 1285 1115
f 1258 1115 1271
f 1115 1285 1271
f 6135 6134 6160
f 6160 6134 6133
f 6160 6133 1258
f 1258 1269 6160
f 6160 1269 1268
f 6160 1283 6202
f 1268 1283 6160
f 6203 6205 6204
f 6204 6162 6203
f 6205 6162 6204
f 6247 1283 1309
f 1309 1350 6247
f 6313 6252 6251
f 6276 6252 6313
f 6313 6277 6276
f 6221 6277 6249
f 6249 6278 6221
f 6248 6278 6249
f 6249 6201 6248
f 6220 6221 6178
f 6220 6277 6221
f 6276 6277 6220
f 6178 6219 6220
f 6220 6218 6276
f 6220 6219 6218
f 1451 1453 1452
f 1452 1391 1451
f 1440 1380 1439
f 1439 1385 1440
f 1384 1378 1438
f 1384 1329 1378
f 1330 1329 1384
f 1438 1385 1384
f 1384 1385 1330
f 1326 1325 1374
f 1325 1434 1374
f 1435 1374 1434
f 1375 1434 1325
f 971 948 970
f 970 1001 971
f 1038 1000 1037
f 1037 1001 1038
f 1038 1001 1000
f 949 948 973
f 1086 1046 1037
f 1039 1088 1089
f 1089 1083 1039
f 1089 1088 1143
f 1136 1083 1135
f 1083 1089 1133
f 1188 1149 1187
f 1187 1149 1150
f 945 1571 944
f 945 1572 1571
f 1163 1168 1164
f 1164 3152 1163
f 3314 1169 1200
f 1169 1168 1200
f 1200 1163 3314
f 1200 1168 1163
f 1127 1168 1169
f 1169 1167 1127
f 3348 3274 3273
f 3273 3347 3348
f 3348 3347 3274
f 1080 1129 1128
f 1128 1167 1138
f 1128 1129 1077
f 1077 1127 1128
f 1128 1127 1167
f 1078 1129 1080
f 1080 1079 1078
f 1077 1129 1078
f 1078 1033 1077
f 1078 1079 1033
f 1139 1087 1138
f 1139 1169 1140
f 1140 1087 1139
f 1033 998 1032
f 998 1031 1032
f 1068 1070 1069
f 1068 1069 1028
f 1028 1069 1070
f 1028 1070 1029
f 1029 997 1028
f 1261 1162 1258
f 1068 1114 1116
f 1116 1117 1068
f 1114 1117 1116
f 1118 1071 1070
f 1118 1117 1119
f 1118 1070 1068
f 1068 1117 1118
f 1024 1025 996
f 996 997 969
f 969 995 996
f 995 1024 996
f 3211 3201 3256
f 3201 3200 3205
f 3205 3254 3201
f 3260 3254 3205
f 3317 3254 3316
f 3158 3156 3199
f 3156 3198 3199
f 3253 3201 3211
f 3253 3198 3201
f 3324 3254 3323
f 3323 3264 3324
f 3324 3256 3254
f 3341 3411 3342
f 3342 3264 3341
f 3146 3191 3190
f 3190 3163 3146
f 3208 3157 3207
f 3245 3191 3203
f 3203 3243 3257
f 3197 3200 3156
f 3164 3163 3207
f 3164 3134 3163
f 3207 3157 3164
f 3157 3134 3164
f 3277 3275 3274
f 3276 3275 3277
f 3274 3225 3277
f 3277 3225 3276
f 3221 3222 3172
f 3172 3222 3173
f 3226 3175 3173
f 3173 3225 3226
f 3224 3225 3173
f 3173 3140 3172
f 3223 3222 3276
f 3276 3224 3223
f 3223 3173 3222
f 3224 3173 3223
f 3311 3310 3309
f 3314 3313 3349
f 3349 3313 3312
f 3312 3311 3349
f 3349 3311 3278
f 3132 3161 3162
f 3161 3212 3162
f 3212 3213 3162
f 3261 3209 3211
f 3261 3212 3209
f 3261 3213 3212
f 3194 3195 3250
f 3312 3313 3250
f 3251 3194 3250
f 3250 3313 3251
f 3193 3195 3194
f 3192 3195 3149
f 3195 3193 3149
f 3149 3150 3128
f 3194 3150 3149
f 3149 3193 3194
f 3451 3493 3491
f 3327 3386 3328
f 3328 3386 3385
f 3385 3316 3328
f 3328 3254 3327
f 3328 3316 3254
f 3493 3463 3500
f 3495 3493 3500
f 3500 3501 3495
f 3500 3498 3501
f 3395 3457 3458
f 3458 3459 3395
f 6418 6429 6419
f 6419 6394 6418
f 6395 6394 6419
f 6419 6429 3459
f 3459 3458 6419
f 6778 6796 6797
f 6797 6796 6826
f 6798 6778 6797
f 6797 6826 6798
f 6776 6760 6774
f 6776 6777 6760
f 6776 6774 6795
f 6795 6777 6776
f 7090 6432 6431
f 6938 6939 6878
f 6918 6919 6870
f 6870 6871 6833
f 6919 6920 6870
f 6870 6872 6871
f 6870 6920 6872
f 6975 6909 6976
f 6910 6909 6975
f 6918 6870 6915
f 6751 6764 6765
f 6765 6766 6751
f 6764 6766 6765
f 6754 6743 6753
f 6744 6743 6754
f 638 6859 717
f 6858 720 789
f 6858 6859 720
f 6973 6909 6907
f 6907 6974 6973
f 6962 7040 6963
f 6962 6961 7040
f 6963 6900 6962
f 6900 6961 6962
f 1776 1628 1629
f 1882 1941 1898
f 1898 1899 1840
f 1898 1941 1899
f 1943 1941 1885
f 1899 1941 1943
f 1943 6788 1899
f 1885 1881 1819
f 1819 1817 1758
f 1819 1881 1817
f 1762 1774 1718
f 1718 1711 1762
f 1774 1719 1718
f 1718 1719 1670
f 1670 1711 1718
f 1716 1717 1670
f 1769 1768 1724
f 1722 1770 1769
f 1769 1724 1722
f 1673 1672 1723
f 1723 1724 1673
f 1723 1672 1722
f 1722 1724 1723
f 1836 1835 1890
f 1890 1829 1836
f 1836 1829 1889
f 1889 1829 1888
f 1889 1894 1836
f 1889 1888 1894
f 1733 1727 1732
f 1748 1712 1749
f 1677 1732 1727
f 1661 1695 1677
f 1677 1727 1675
f 1677 1647 1661
f 1675 1647 1677
f 1714 1747 1715
f 1772 1773 1715
f 1715 1773 1766
f 1670 1714 1715
f 1715 1716 1670
f 1768 1769 1715
f 1715 1769 1770
f 1715 1770 1717
f 1717 1716 1715
f 1798 1747 1799
f 1799 1745 1798
f 1798 1745 1797
f 1743 1712 1764
f 1781 1837 1838
f 1734 1733 1781
f 1781 1733 1743
f 1781 1782 1734
f 1838 1782 1781
f 1839 1841 1882
f 1839 1782 1841
f 1882 1898 1839
f 1840 1782 1839
f 1839 1898 1840
f 1840 6816 6817
f 6817 1782 1840
f 6816 1782 6817
f 1848 1859 1905
f 1905 1849 1848
f 1859 1849 1905
f 1953 1938 1954
f 1954 1915 1953
f 1913 1938 1953
f 1953 1915 1913
f 1920 1866 1919
f 1954 1938 1958
f 1938 1934 1958
f 1958 1919 1954
f 1958 1934 1920
f 1920 1919 1958
f 1729 1676 1675
f 1675 1679 1729
f 1729 1679 1676
f 1651 1679 1680
f 1675 1727 1680
f 1680 1727 1733
f 1649 1648 1650
f 1650 1651 1637
f 1637 1649 1650
f 1650 1679 1651
f 1779 1778 1733
f 1779 1732 1780
f 1733 1732 1779
f 493 538 539
f 539 535 493
f 539 538 584
f 584 535 539
f 632 631 633
f 631 634 633
f 566 632 633
f 633 634 566
f 1843 1844 537
f 537 1842 1843
f 1843 1842 1844
f 1694 1696 1661
f 1692 1696 1694
f 1744 1745 1696
f 1744 1790 1794
f 1740 1790 1744
f 1744 1696 1740
f 1795 1744 1794
f 1750 1726 494
f 494 1737 1750
f 1662 1674 1699
f 1699 1700 1662
f 1674 1726 1699
f 1726 1750 1699
f 1687 1736 1735
f 1700 1699 1735
f 1735 1737 1687
f 1735 1750 1737
f 1735 1699 1750
f 3040 3071 3041
f 3035 3071 3040
f 3041 3007 3040
f 3040 3007 3035
f 3070 3078 3103
f 3103 3071 3070
f 3078 3071 3103
f 4201 2928 2929
f 2928 2930 2929
f 2927 2928 4201
f 4201 2926 2927
f 2927 2926 2928
f 6503 6474 6502
f 3861 3921 3862
f 3861 3093 3076
f 3073 3921 3074
f 3862 3921 3922
f 3922 3982 3980
f 3980 3981 3922
f 3922 3981 3924
f 3924 3864 3922
f 3922 3864 3862
f 3982 3922 3979
f 3979 3922 3921
f 3798 3862 3799
f 3799 3743 3798
f 3797 3795 3093
f 3797 3743 3795
f 3797 3798 3743
f 3862 3798 3797
f 3797 3861 3862
f 3093 3861 3797
f 3107 3094 3093
f 3107 3795 3106
f 3093 3795 3107
f 4153 4150 4160
f 4160 4150 4201
f 4201 4159 4160
f 4201 4149 4200
f 4200 2990 4201
f 4149 2990 4200
f 2955 2957 4201
f 4201 2990 2955
f 2955 2990 2957
f 2981 2947 2946
f 2918 2945 2946
f 2946 2947 2918
f 2981 2946 2980
f 3016 3031 4149
f 3090 3743 3697
f 3697 3743 3720
f 3718 3698 3697
f 3596 3648 3649
f 3626 3596 3649
f 3649 3642 3626
f 3643 3594 3642
f 3643 3648 3594
f 3642 3649 3643
f 3643 3649 3648
f 3645 3646 3594
f 3030 3065 3645
f 5204 5205 5163
f 5204 5163 5203
f 5233 5206 5204
f 5206 5205 5204
f 2243 5233 5204
f 5204 2285 2243
f 2282 2285 5204
f 5204 5203 2282
f 5231 5266 5267
f 5231 5267 5268
f 5268 5232 5231
f 5263 5269 5231
f 5231 5228 5263
f 5200 5228 5231
f 5231 5232 5200
f 5263 5228 5262
f 5262 5269 5263
f 5278 5266 5270
f 5270 5269 5278
f 5266 5231 5270
f 5270 5231 5269
f 2489 5324 5320
f 2467 2427 2470
f 2467 2489 2490
f 2467 2490 2476
f 2467 2471 2429
f 2476 2490 5314
f 2490 2489 5314
f 5282 2491 5314
f 5314 2489 5320
f 5314 5294 5282
f 5314 5320 5294
f 2429 2428 2468
f 2468 2428 2427
f 2468 2467 2429
f 2427 2467 2468
f 5235 5239 5208
f 5207 5164 2242
f 2242 5234 5207
f 5207 5165 5164
f 5234 5235 5207
f 5208 5165 5207
f 5207 5235 5208
f 5245 5211 5237
f 5237 5278 5246
f 5246 5245 5237
f 5246 5242 5211
f 5211 5245 5246
f 5210 5211 5173
f 5210 5238 5211
f 5210 5173 5208
f 5208 5238 5210
f 5211 5242 5243
f 5243 5244 5211
f 5249 5244 5243
f 5181 5211 5212
f 5212 5182 5181
f 5211 5244 5212
f 5188 5216 5186
f 5186 5149 5188
f 5188 5149 5182
f 5123 5142 5124
f 5142 5125 5124
f 5124 5125 5112
f 5111 5123 5124
f 5124 5112 5111
f 5127 5113 5126
f 5126 5125 5127
f 5126 5113 5112
f 5112 5125 5126
f 1365 1362 1425
f 1425 1366 1365
f 1319 1364 1365
f 1365 1366 1319
f 1287 1317 1318
f 1288 1273 1287
f 1287 1318 1288
f 1273 1286 1287
f 1286 1317 1287
f 518 479 517
f 517 516 518
f 479 478 517
f 478 516 517
f 484 6734 482
f 485 6734 484
f 484 522 485
f 7714 7752 3558
f 7752 3578 3558
f 3558 3546 7714
f 3558 3578 3546
f 5152 5148 5183
f 5183 5147 5152
f 5183 5148 1607
f 1607 5147 5183
f 5153 5147 5146
f 1607 5129 5146
f 5146 5147 1607
f 1585 1588 1524
f 1451 1522 1524
f 1524 1522 1585
f 1525 1526 1451
f 1525 1590 1526
f 1451 1524 1525
f 1525 1524 1590
f 1591 1590 1588
f 1526 1590 1591
f 1453 1455 1454
f 1454 1455 1397
f 1397 1396 1395
f 1532 1457 1530
f 1530 1529 1482
f 1456 1529 1530
f 1530 1457 1456
f 1482 1544 1530
f 1530 1544 1532
f 1462 1461 1464
f 5141 5122 5140
f 5122 5139 5140
f 5166 5141 5140
f 5140 5139 5166
f 5166 5139 5138
f 5138 5165 5166
f 5164 5165 5138
f 5138 5163 5164
f 5137 5163 5138
f 5138 5122 5137
f 5138 5139 5122
f 1493 1491 1556
f 1556 1491 1555
f 1556 1559 1493
f 1555 1559 1556
f 1493 1420 1492
f 1492 1491 1493
f 5254 1543 5247
f 1543 5248 5247
f 5220 5254 5247
f 5214 5215 5185
f 5214 1613 5215
f 1604 1613 5214
f 1605 1604 5214
f 5214 5193 5221
f 5214 1606 1605
f 1625 1606 5214
f 5214 5247 5248
f 5214 5221 5220
f 5220 5247 5214
f 5214 1602 1625
f 5214 1540 1602
f 5145 5125 5144
f 5144 5149 5145
f 5144 5125 5142
f 5142 5172 5144
f 5182 5149 5144
f 5181 5182 5144
f 5144 5172 5181
f 5217 5198 5218
f 5217 5216 5198
f 5217 5218 5186
f 5186 5216 5217
f 5255 5222 5230
f 5230 5265 5255
f 5255 5265 5264
f 5261 5223 5260
f 3550 3581 3582
f 3535 3533 3550
f 3583 3562 3560
f 3560 3559 3583
f 3582 3562 3583
f 3583 3550 3582
f 3559 3550 3583
f 3575 3624 3576
f 3544 3575 3576
f 3576 3624 3582
f 3582 3581 3576
f 3549 3533 3544
f 3544 3576 3549
f 3549 3576 3581
f 3581 3550 3549
f 3549 3550 3533
f 3530 3533 3534
f 3534 3535 3530
f 3530 7717 3529
f 3535 3536 3530
f 3551 3536 3535
f 3535 3550 3551
f 3551 3550 3559
f 7719 7718 3551
f 7781 3566 3567
f 3568 7784 3567
f 3567 3566 3568
f 7782 7754 7753
f 7753 3566 7782
f 7782 3566 7754
f 7803 7784 3542
f 3542 7784 3568
f 3722 3672 3721
f 3763 3764 3722
f 3722 3762 3763
f 3721 3720 3722
f 3720 3762 3722
f 3674 3669 3628
f 3628 3673 3674
f 3622 3621 3667
f 3575 3621 3622
f 7673 7674 7652
f 7673 7690 7674
f 7673 7652 7665
f 7665 7690 7673
f 7663 7690 7664
f 7663 7645 7662
f 7663 7664 7645
f 7662 7687 7688
f 7688 7687 7720
f 7720 7692 7688
f 7667 7666 7652
f 7645 7666 7667
f 7646 7651 7647
f 7639 7646 7647
f 7647 7648 7639
f 7647 7651 7641
f 7641 7648 7647
f 3572 3573 7823
f 3570 3610 3572
f 3572 3610 3573
f 3617 3573 3616
f 3616 3573 3615
f 3616 3631 3617
f 7768 7787 7790
f 7767 7787 7768
f 4328 4301 4327
f 4328 4329 4302
f 4302 4301 4328
f 7285 7284 7296
f 7296 7295 7285
f 7296 7284 7283
f 7283 7295 7296
f 3914 3974 3964
f 3964 3966 3965
f 3974 3966 3964
f 3972 3973 3914
f 4434 4435 3973
f 4434 4436 4435
f 3973 3972 4434
f 4434 3972 4436
f 4430 4436 4437
f 4437 4436 4433
f 7283 4430 4437
f 4437 4433 7283
f 4287 4285 3640
f 4309 4285 4287
f 3640 3691 4287
f 4287 3691 4286
f 4286 4309 4287
f 7826 7810 7825
f 7826 7827 7810
f 7826 7825 3554
f 3554 7827 7826
f 7810 7827 7828
f 7828 3553 7839
f 7839 7829 7828
f 7829 7810 7828
f 3552 3553 7828
f 3554 3552 7828
f 7828 7827 3554
f 4425 4402 3920
f 4343 4372 4373
f 4372 4402 4373
f 3742 3741 3794
f 3690 3741 3742
f 3794 4339 3742
f 3691 3690 3742
f 3742 4339 3691
f 3804 3803 3837
f 3776 3775 3837
f 3775 3804 3837
f 3865 3814 3876
f 3894 3831 3893
f 3893 3895 3894
f 3896 3895 3893
f 3930 3935 3931
f 3930 3927 3896
f 3867 3868 3809
f 3758 3712 3711
f 3744 3712 3758
f 3730 3778 3731
f 3731 3681 3730
f 3732 3681 3731
f 3733 3732 3731
f 3731 3778 3733
f 3951 3902 3903
f 3900 3840 3844
f 3844 3902 3900
f 3844 3903 3902
f 3842 3781 3779
f 3779 3781 3780
f 3780 3734 3779
f 3735 3683 3734
f 3734 3781 3735
f 3736 3683 3735
f 3735 3781 3736
f 3847 3787 3848
f 3635 3634 3678
f 3639 3635 3678
f 3677 3639 3678
f 3804 3774 3748
f 3748 3774 3728
f 3747 3804 3748
f 3748 3703 3747
f 3748 3728 3703
f 3770 3729 3776
f 3725 3729 3770
f 3768 3725 3770
f 4415 4385 4384
f 4384 4414 4415
f 4413 4414 4384
f 4409 4429 4430
f 4430 4411 4409
f 4409 4411 4410
f 3973 4409 4379
f 4379 4409 4410
f 4410 4380 4379
f 4379 4380 4345
f 4345 4378 4379
f 4408 3966 3974
f 4408 4378 4377
f 4408 4379 4378
f 3974 4379 4408
f 3965 3966 3908
f 3916 3856 3908
f 3908 3968 3916
f 3908 3964 3965
f 3908 3915 3914
f 3914 3964 3908
f 3909 3852 3908
f 3852 3915 3908
f 3908 3854 3909
f 3908 3856 3854
f 4073 4022 4072
f 4138 4089 4076
f 4219 6689 7308
f 7308 4199 4219
f 4219 4199 6689
f 4218 6689 4198
f 4193 4197 4194
f 4194 4197 4195
f 4194 4142 4193
f 4195 4142 4194
f 4191 4197 4193
f 4190 4197 4191
f 7308 4197 4145
f 4146 4139 4089
f 4190 4139 4146
f 4146 4089 7308
f 7308 4145 4146
f 4146 4197 4190
f 4146 4145 4197
f 6697 7308 6723
f 7308 6709 6723
f 4016 3953 3952
f 3952 4015 4016
f 3953 4016 3956
f 3956 4016 4015
f 3956 3906 3905
f 3956 3960 3906
f 4019 3960 3956
f 3956 4015 3952
f 3952 4014 3956
f 3971 4029 4030
f 4030 3975 3971
f 3971 3913 3912
f 3975 3914 3971
f 3914 3913 3971
f 4193 4142 4141
f 4130 4125 4072
f 6503 4224 4204
f 4204 6539 6503
f 4018 3956 4014
f 4018 4022 4019
f 4019 3956 4018
f 4072 4125 4126
f 4125 4182 4126
f 4214 4187 4183
f 4181 4182 4125
f 4181 4183 4182
f 4175 4210 6615
f 4178 4125 4177
f 4177 6720 4178
f 6688 6689 6652
f 4212 4179 4178
f 6680 6641 6640
f 6640 6679 6680
f 6644 6604 6642
f 3945 3996 3997
f 3997 3990 3945
f 4095 4097 4096
f 3889 3888 3949
f 3888 3887 3949
f 3949 3951 3889
f 3949 4002 3951
f 3949 3887 3950
f 3823 3824 3764
f 3764 3822 3823
f 3869 3883 3870
f 3869 3868 3883
f 3870 3809 3869
f 3869 3809 3868
f 3952 4011 4012
f 4070 4017 4069
f 3954 4017 4011
f 3954 3902 3951
f 3952 3902 3954
f 3954 4011 3952
f 4011 4017 4065
f 4065 4017 4070
f 4224 4226 4225
f 4205 4204 4225
f 4225 4204 4224
f 4225 6580 4205
f 4225 4226 6580
f 6615 6579 6614
f 6542 6579 6580
f 6542 4226 6503
f 6580 4226 6542
f 3962 3961 3958
f 3906 3961 3962
f 3958 3961 4020
f 4020 4021 3958
f 4026 4021 4020
f 4023 4026 4020
f 4020 3961 4023
f 3959 3906 3958
f 3958 3907 3959
f 3959 3907 3906
f 3852 3907 3910
f 3910 3907 3963
f 3910 3963 3958
f 3769 3834 3828
f 3828 3834 3886
f 3828 3888 3889
f 3886 3887 3828
f 3828 3887 3888
f 3833 3832 3895
f 3895 3834 3833
f 3769 3832 3833
f 3833 3834 3769
f 3948 3926 3989
f 3950 3948 3989
f 3989 4004 3950
f 3880 3821 3879
f 3821 3817 3879
f 3818 3761 3760
f 3760 3817 3818
f 3818 3817 3761
f 7126 7125 7127
f 7125 487 7171
f 7000 7085 7001
f 7001 6932 7000
f 7000 6932 6996
f 6996 6932 6930
f 6996 6930 6995
f 6996 7078 7000
f 6995 7075 6996
f 6929 6930 6875
f 6922 6929 6875
f 6875 6874 6922
f 7065 6989 7070
f 7065 6984 6989
f 7070 6993 7065
f 6993 6984 7065
f 6925 6873 6924
f 6925 6924 6923
f 6925 6986 6926
f 6926 6873 6925
f 6925 6923 6985
f 6985 6986 6925
f 645 7058 646
f 645 646 571
f 571 7061 645
f 645 7061 6983
f 6983 7058 645
f 6979 6978 7059
f 6978 7058 7059
f 7059 6983 6979
f 7059 7058 6983
f 576 529 528
f 528 489 525
f 528 529 489
f 6987 7066 7067
f 7062 530 7119
f 530 529 7119
f 7119 529 576
f 7064 7060 6983
f 6993 7074 6997
f 7074 6998 6997
f 6997 6998 6930
f 6930 6994 6997
f 6997 6994 6993
f 7110 7051 7109
f 7136 7078 7110
f 7083 7078 7136
f 7053 6970 7052
f 7052 7051 7053
f 7052 6970 6969
f 6969 7051 7052
f 7112 7078 7053
f 7053 7078 7113
f 7077 6996 7075
f 7078 6996 7077
f 7166 7118 7167
f 7167 7117 7166
f 7118 7117 7167
f 7054 7113 7115
f 7115 7134 7166
f 7115 7113 7078
f 7161 7162 7105
f 7143 7162 7161
f 7105 7145 7161
f 7108 7107 7106
f 7108 7083 7109
f 7109 7049 7108
f 7108 7049 7107
f 7048 7049 6968
f 7050 6969 6968
f 6968 7049 7050
f 7050 7049 7109
f 7109 7051 7050
f 7050 7051 6969
f 6966 6965 6967
f 6967 6965 6963
f 6967 6963 7041
f 7041 7042 6967
f 7106 7049 7045
f 7105 7106 7045
f 7045 7104 7105
f 6964 6902 6901
f 6901 6963 6964
f 6963 6972 6964
f 6972 6965 6903
f 6903 6965 6966
f 6903 6967 6968
f 6966 6967 6903
f 6856 6902 6903
f 6903 6964 6972
f 6902 6964 6903
f 6903 1652 6856
f 6904 1652 6903
f 6968 6969 6903
f 1637 6904 6903
f 6969 6970 6903
f 6597 6630 6631
f 6631 6630 6662
f 6662 6630 6661
f 6661 6663 6662
f 6695 6664 6661
f 6664 6663 6661
f 7149 7184 7183
f 7183 7184 7147
f 7185 6534 7151
f 7199 7198 6570
f 7199 7185 7200
f 7206 7198 7204
f 7103 7156 7159
f 7156 7194 7159
f 7156 7192 7193
f 7193 7194 7156
f 7182 7183 7147
f 7200 7185 7182
f 7149 7183 7182
f 7182 7185 7149
f 6610 7208 7207
f 7207 6647 6610
f 6648 6647 7207
f 7205 7208 7204
f 7204 7194 7205
f 6653 7188 6654
f 6654 7188 6655
f 6654 6625 6653
f 6655 6625 6654
f 6594 6627 6595
f 6626 6627 6594
f 6594 6625 6626
f 6623 6624 6653
f 6653 6625 6623
f 6593 6624 6623
f 6623 6594 6593
f 6625 6594 6623
f 6639 6679 6640
f 6678 6679 6639
f 6512 6479 6511
f 6512 6513 6479
f 6512 6511 6554
f 6554 6513 6512
f 6545 6518 6505
f 6505 6544 6545
f 6545 6544 6518
f 6505 6517 6543
f 6543 6544 6505
f 6543 6517 6560
f 6560 6581 6543
f 6581 6544 6543
f 6589 6544 6588
f 6549 6596 6597
f 6508 6548 6549
f 6595 6596 6549
f 6593 6594 6549
f 6549 6594 6595
f 6612 6574 6573
f 6621 6591 6612
f 6573 6611 6612
f 6612 6611 6621
f 6573 6574 6531
f 6574 6612 6575
f 6490 6479 6478
f 6479 6460 6478
f 7014 6942 6946
f 6943 6948 6887
f 6886 6942 6943
f 6943 6887 6886
f 6894 6954 6895
f 6895 6848 6894
f 6851 6813 6850
f 6813 6812 6850
f 6850 6897 6851
f 6893 6848 6897
f 6847 6848 6809
f 6785 6808 6809
f 6809 2493 6847
f 6809 6808 2493
f 6769 6787 6770
f 6770 1630 6769
f 2493 6785 6769
f 6769 1630 2492
f 2492 2493 6769
f 7015 7014 6946
f 6942 7014 7015
f 7016 6943 7015
f 7015 6943 6942
f 6950 7022 7025
f 7025 7026 6950
f 7016 7015 6950
f 6950 6949 7016
f 6847 6846 6891
f 6952 7026 6960
f 6956 6957 6898
f 6898 6955 6956
f 6956 6955 6957
f 7098 7156 7103
f 7098 7097 7156
f 7103 7099 7098
f 7099 7032 7098
f 7032 7097 7098
f 6596 6627 6628
f 6627 6658 6628
f 6597 6596 6628
f 6628 6629 6597
f 6628 6658 6629
f 6886 6941 6944
f 6944 6945 6886
f 7019 6946 7018
f 6946 6945 7018
f 6657 6691 6692
f 6692 6693 6659
f 6692 6658 6657
f 6659 6658 6692
f 6557 6604 6605
f 6604 6616 6605
f 6605 6606 6557
f 6605 6616 6606
f 6604 6618 6617
f 6617 6616 6604
f 6617 6618 6581
f 6581 6616 6617
f 3034 3067 3035
f 3069 3067 3034
f 3006 3038 3034
f 2985 3025 3005
f 3024 3025 2985
f 2958 2928 2956
f 2945 2977 2958
f 2958 2959 2928
f 2977 2959 2958
f 2965 2977 2945
f 2948 2947 2981
f 2948 2949 2918
f 2918 2947 2948
f 6431 6432 6433
f 6482 6483 6462
f 6480 6506 6518
f 6479 6506 6480
f 7011 2921 6939
f 2971 2939 2938
f 3008 3039 3042
f 3007 3039 3008
f 772 764 833
f 833 764 832
f 833 773 772
f 833 832 835
f 835 773 833
f 763 764 687
f 800 832 762
f 832 764 762
f 762 831 800
f 764 763 762
f 762 763 687
f 768 692 767
f 767 766 768
f 687 764 765
f 842 845 785
f 782 710 785
f 785 845 782
f 624 623 709
f 709 622 700
f 709 623 622
f 709 710 624
f 700 708 770
f 708 781 770
f 770 709 700
f 781 783 770
f 770 783 710
f 710 709 770
f 1857 1912 1914
f 1914 1878 1857
f 1794 1852 1853
f 1853 1854 1794
f 507 472 506
f 506 549 550
f 548 549 506
f 506 504 548
f 505 471 504
f 472 471 505
f 504 506 505
f 505 506 472
f 1705 1704 1707
f 1705 1666 1704
f 5794 1631 457
f 1709 461 1668
f 1668 461 1667
f 1707 1708 1668
f 1668 1708 1709
f 1668 1705 1707
f 1668 1667 1666
f 1666 1705 1668
f 1706 461 1709
f 461 1706 1754
f 1754 1706 1709
f 1754 1757 1812
f 1754 1709 1757
f 1971 740 739
f 739 1972 1971
f 1971 1972 1952
f 651 715 721
f 721 652 651
f 721 715 714
f 714 652 721
f 840 841 779
f 840 865 841
f 852 838 792
f 841 865 846
f 842 841 846
f 846 845 842
f 782 845 846
f 861 860 851
f 861 818 860
f 851 819 861
f 861 819 818
f 673 744 745
f 595 672 673
f 548 594 593
f 593 549 548
f 593 595 549
f 739 740 669
f 740 672 669
f 669 671 739
f 669 593 594
f 1880 671 669
f 669 594 1880
f 837 838 779
f 779 795 837
f 796 726 725
f 725 795 796
f 725 726 657
f 604 685 684
f 684 685 758
f 684 758 686
f 686 605 684
f 684 605 604
f 463 474 475
f 463 477 464
f 463 475 476
f 476 477 463
f 464 458 463
f 463 458 2694
f 2888 2887 2895
f 2895 2890 2888
f 5836 2886 5883
f 5883 5884 5836
f 5883 5961 5884
f 5885 5962 5883
f 5962 5961 5883
f 5841 1665 1642
f 5841 5809 5808
f 1702 1665 5841
f 5841 5901 1702
f 2865 2866 2829
f 588 590 542
f 809 733 808
f 734 733 810
f 733 809 810
f 2867 545 592
f 2867 667 668
f 668 667 738
f 738 667 737
f 737 667 662
f 6168 6141 6150
f 6150 6180 6168
f 6168 6179 6211
f 6168 6180 6179
f 1466 1535 1536
f 6141 6168 1536
f 6212 6248 6247
f 6274 6248 6212
f 6212 6273 6274
f 6211 6273 6212
f 6212 6168 6211
f 6148 6175 6149
f 6159 6175 6148
f 6132 6159 6148
f 6128 6132 6148
f 6148 6149 6128
f 6199 6159 6198
f 6198 6176 6199
f 1623 1600 1624
f 1600 6142 1624
f 1597 6142 6141
f 1597 1624 6142
f 1623 1624 1597
f 1597 1600 1623
f 6125 1600 1597
f 1597 1532 6125
f 180 119 118
f 180 181 119
f 118 179 180
f 180 179 181
f 5253 5 5290
f 5 2 5290
f 1 5253 5290
f 5290 2 1
f 5288 10 5251
f 5288 19 10
f 5316 19 5288
f 5251 5287 5288
f 5287 5316 5288
f 6 10 11
f 10 21 11
f 12 6 11
f 6232 6283 6284
f 6333 6272 6334
f 6333 6283 6272
f 917 6402 441
f 200 205 201
f 196 264 197
f 196 263 264
f 188 120 187
f 258 187 186
f 186 187 120
f 6182 6183 6152
f 46 47 24
f 24 23 46
f 24 13 23
f 24 14 13
f 6154 6153 6152
f 6152 6187 6154
f 6187 6155 6154
f 6132 6153 6154
f 6154 6155 6132
f 6152 6153 6131
f 6131 6153 6132
f 6144 6131 6130
f 6115 6130 6126
f 6116 6132 6128
f 6116 6131 6132
f 6130 6131 6116
f 6128 6129 6116
f 6116 6126 6130
f 6115 6126 6116
f 6116 6129 6125
f 16 14 26
f 1 2 3
f 3 2 6
f 6 7 3
f 1413 1412 1475
f 1413 1483 1476
f 1475 1480 1413
f 1413 1480 1481
f 1413 1481 1482
f 1482 1483 1413
f 1412 1413 1357
f 1568 1566 1565
f 1565 1566 1499
f 1588 1528 1592
f 1592 1591 1588
f 1526 1591 1592
f 1529 1528 1596
f 1545 1558 1557
f 1482 1529 1545
f 1545 1546 1482
f 1557 1547 1545
f 1547 1546 1545
f 1578 1577 1579
f 1579 1577 1622
f 5689 5690 5662
f 5747 5711 5746
f 5746 5776 5747
f 5747 5776 4560
f 5747 4560 5748
f 5748 5711 5747
f 5687 5660 5686
f 5686 5711 5687
f 5686 5660 5685
f 5685 5711 5686
f 4613 5635 5634
f 5634 4692 4613
f 5633 4692 5634
f 2115 2092 2113
f 2113 2092 2091
f 2120 2117 2121
f 2118 2117 2120
f 2121 2133 2134
f 2134 2133 2124
f 2167 2147 2168
f 2168 2148 2167
f 2167 2148 2147
f 6032 5958 5996
f 2126 6032 6059
f 2154 2137 2136
f 2153 2154 2136
f 2136 2126 2135
f 2136 2152 2153
f 2137 6032 2136
f 6032 2126 2136
f 2081 2082 2069
f 2069 2068 2081
f 2082 2083 2069
f 2078 5560 2077
f 2077 2095 2078
f 5068 5035 5091
f 5091 5035 5090
f 2073 2061 2060
f 2058 2061 2073
f 2060 2059 2073
f 2073 2059 2058
f 2049 2059 2050
f 2049 5101 2058
f 2058 2059 2049
f 2062 5579 5580
f 5580 5579 4893
f 5580 2061 2062
f 5580 5569 2061
f 5580 4893 4992
f 4992 4993 5580
f 2044 2049 2050
f 5101 2049 2044
f 5071 5101 2044
f 2808 2774 2773
f 2773 2745 2772
f 2746 2745 2773
f 2773 2774 2746
f 2772 2805 2773
f 2773 2805 2806
f 2611 2610 2612
f 2772 2745 2744
f 2744 2743 2772
f 2696 2743 2744
f 2744 2745 2697
f 2697 2696 2744
f 5561 2772 5567
f 2743 5578 5567
f 5574 5570 5567
f 5567 5578 5574
f 2064 2063 2051
f 2046 5566 2051
f 2051 5560 2064
f 2051 5566 5560
f 5796 5814 5797
f 5797 5792 5796
f 5795 5814 5796
f 5796 5792 5795
f 5798 2054 5795
f 5561 5560 2803
f 2803 2772 5561
f 2803 2804 2772
f 5614 5613 5603
f 5603 5613 5638
f 5632 5633 5603
f 5603 5634 5635
f 5633 5634 5603
f 2076 5631 5609
f 2062 2076 5609
f 5609 5592 2062
f 5571 5570 5574
f 5562 5560 5561
f 4556 4619 4620
f 4621 5741 4556
f 4556 4620 4621
f 4556 5741 5745
f 5745 4619 4556
f 5745 4618 4555
f 4555 4619 5745
f 4618 4619 4555
f 4623 4705 4706
f 4706 4707 4623
f 4705 4707 4706
f 5065 5008 5007
f 5051 5067 5066
f 4953 4854 4952
f 4952 4854 4881
f 4856 4764 4861
f 4861 4956 4856
f 4861 4764 4860
f 4860 4956 4861
f 5077 5052 5051
f 5056 5052 5077
f 5077 5004 5056
f 5078 5004 5077
f 4959 4956 4860
f 4860 4958 4959
f 4959 4958 5051
f 5051 5052 4959
f 4967 5002 5053
f 4963 4865 4962
f 5056 5004 4965
f 4965 5052 5056
f 5004 4906 4965
f 4965 4906 5002
f 4868 4959 4965
f 4965 4959 5052
f 5002 4967 4965
f 5775 5739 5774
f 5774 5764 5775
f 5765 5752 5726
f 5726 5764 5765
f 5761 5777 5762
f 5726 5725 5762
f 5724 4617 5761
f 4554 4617 5724
f 5761 5762 5724
f 5724 5762 5725
f 5724 5703 4615
f 5724 4615 4616
f 4616 4554 5724
f 5704 5703 5724
f 5724 5725 5704
f 4558 5742 4623
f 4842 4939 4940
f 4940 4941 4842
f 5045 4942 5044
f 5092 5036 5044
f 5044 5036 5045
f 4853 4948 4950
f 4950 5047 5046
f 4950 4948 5047
f 4951 4949 4853
f 4853 4950 4951
f 4985 4942 5045
f 5045 4987 4985
f 4982 4942 4985
f 4985 4882 4982
f 4693 4692 4626
f 4626 4711 4693
f 4613 4692 4693
f 4890 4889 4799
f 4787 4889 4890
f 4881 4788 4890
f 4625 4708 4712
f 4886 4885 4893
f 4893 4789 4886
f 4789 4887 4886
f 4784 4885 4886
f 4886 4887 4784
f 5612 4789 4893
f 5638 5613 5645
f 5613 5611 5645
f 4785 4690 4784
f 4691 5635 4613
f 4613 4690 4691
f 4691 4690 5635
f 4783 4884 4784
f 4782 4884 4783
f 4784 4690 4783
f 4783 4690 4782
f 4987 4884 4883
f 4883 4884 4782
f 4782 4781 4883
f 4883 4781 4882
f 4883 4985 4987
f 4779 4689 4695
f 4779 4788 4780
f 4780 4689 4779
f 4893 4885 4990
f 4990 4989 4893
f 4885 4989 4990
f 4988 4885 4987
f 4988 4989 4885
f 4988 4987 5045
f 4988 5045 5068
f 5068 4989 4988
f 4928 5028 5029
f 5029 4931 4928
f 5037 5029 5028
f 4931 5029 5037
f 4737 4831 4826
f 4746 4839 4747
f 4747 4660 4746
f 4665 4660 4747
f 4753 4665 4752
f 4665 4747 4752
f 4752 4747 4839
f 4744 4839 4746
f 4589 4590 4529
f 4585 4656 4589
f 4658 4590 4589
f 4589 4656 4658
f 4938 4939 4841
f 4841 4840 4938
f 4841 4939 4842
f 4748 4841 4842
f 4840 4841 4748
f 4529 4590 4591
f 4591 4590 4602
f 4602 4661 4591
f 4533 4595 4535
f 4594 4595 4533
f 4490 4529 4530
f 4490 4525 4529
f 3178 3140 3177
f 2058 5101 2048
f 2048 2057 2058
f 2089 5088 2109
f 2056 5033 5032
f 5032 5089 2056
f 5034 5033 2056
f 2056 5090 5034
f 2056 5091 5090
f 2057 2048 2056
f 2071 2058 2056
f 2058 2057 2056
f 2056 2048 5101
f 2056 5101 5068
f 5068 5091 2056
f 2087 2108 2091
f 2087 2074 2071
f 2087 2091 2074
f 2127 2108 2109
f 2108 2127 2128
f 4954 4854 4953
f 4907 5004 5005
f 4907 4906 5004
f 4798 4906 4907
f 5008 4991 4907
f 4907 5007 5008
f 4998 5054 4999
f 4998 5055 5054
f 4897 4996 4997
f 4897 4994 4995
f 4995 4996 4897
f 5073 4995 4994
f 4996 4995 5073
f 4659 4658 4746
f 4746 4660 4659
f 4659 4590 4658
f 4659 4660 4590
f 4666 4750 4667
f 4666 4667 4602
f 4602 4665 4666
f 4843 4750 4842
f 4844 4750 4843
f 4842 4941 4843
f 4941 4844 4843
f 4944 5047 4946
f 4946 4849 4944
f 4945 4844 4944
f 4845 4844 4945
f 4845 4945 4847
f 4944 4849 4847
f 4847 4945 4944
f 4848 4847 4849
f 4758 4849 4850
f 4938 5028 5040
f 5040 5041 4938
f 5028 5036 5040
f 5040 5036 5092
f 5092 5093 5040
f 3172 3139 3171
f 3171 3218 3172
f 3170 3171 3139
f 3218 3171 3170
f 1225 3139 3124
f 1225 3170 3139
f 4814 4923 4815
f 4815 4725 4814
f 4815 4923 1198
f 1186 1149 1189
f 1151 1099 1098
f 1098 1149 1151
f 1150 1149 1098
f 1148 1150 1098
f 1098 1097 1148
f 1098 1099 1053
f 1053 1097 1098
f 1217 1189 4637
f 4637 1189 1221
f 1189 1220 1221
f 1243 4637 1221
f 1221 1220 1243
f 1215 1220 1189
f 1188 1187 1215
f 1209 1182 1208
f 1233 1234 1209
f 1209 1210 1182
f 1234 1210 1209
f 1233 1209 1232
f 4863 4803 4911
f 4912 4803 4863
f 4913 4803 4912
f 4912 5009 5010
f 4807 4913 4912
f 4962 5009 4912
f 4912 4963 4962
f 4574 4575 4518
f 4518 4517 4574
f 4573 4634 4635
f 4635 4574 4573
f 4574 4517 4573
f 2145 2146 2131
f 2145 2161 2146
f 2131 2143 2144
f 2143 2161 2144
f 2144 2145 2131
f 2161 2145 2144
f 2187 2182 2162
f 2162 2181 2187
f 2187 2181 2182
f 2162 2143 2160
f 2160 2181 2162
f 2160 2143 2142
f 4817 2182 2204
f 2182 2181 2204
f 4817 2178 4927
f 4927 2178 5026
f 4927 4928 4817
f 4927 5026 4928
f 2179 2178 4817
f 2158 2178 2179
f 2112 2127 2109
f 2130 2127 2112
f 2109 5088 2112
f 5088 5031 2112
f 2570 2567 2569
f 2570 2542 2567
f 2571 2542 2570
f 2825 2859 2860
f 2860 2859 2850
f 2860 2854 2825
f 2850 2881 2860
f 2881 2854 2860
f 2853 2859 2825
f 2852 2859 2853
f 2850 2859 2882
f 2882 2859 2852
f 2882 2851 2850
f 2852 2851 2882
f 2855 2854 2881
f 2855 2856 2825
f 2825 2854 2855
f 6074 2781 6033
f 2848 2819 6074
f 6074 2879 2848
f 6074 6033 2857
f 2857 2849 6074
f 2849 2879 6074
f 2724 2763 2764
f 2763 2766 2764
f 2686 2638 2685
f 2687 2638 2686
f 2731 2764 2732
f 2732 2764 2733
f 2735 2767 2737
f 2737 2736 2735
f 2737 2738 2688
f 2688 2736 2737
f 2769 678 750
f 2769 2739 2738
f 2738 678 2769
f 2769 2741 2739
f 2770 2741 2769
f 2769 2801 2770
f 826 854 805
f 805 827 826
f 757 825 826
f 826 827 757
f 830 805 760
f 760 829 830
f 2835 2869 738
f 864 825 2799
f 2799 869 864
f 2787 2788 2759
f 2759 2785 2787
f 2787 2785 2788
f 2756 2783 2784
f 2784 2785 2756
f 2783 2785 2784
f 2762 2763 2724
f 2724 2723 2762
f 2723 2722 2762
f 2759 2792 2793
f 2793 2760 2759
f 2792 2760 2793
f 2564 2594 2595
f 2629 2630 2595
f 2595 2628 2629
f 2627 2628 2595
f 2632 2633 2595
f 2595 2630 2631
f 2595 2633 2625
f 2625 2627 2595
f 2625 2633 2626
f 2626 2594 2625
f 2626 2633 2632
f 2632 2595 2626
f 2626 2595 2594
f 2564 2599 2600
f 2640 2621 2600
f 2600 2621 2592
f 2592 2564 2600
f 2630 2628 2680
f 2727 2678 2726
f 2727 2764 2731
f 2682 2634 2631
f 2635 2634 2684
f 5759 5758 5786
f 5760 5759 5786
f 5786 2525 5760
f 5786 5758 5757
f 5757 5756 5786
f 5786 5756 5754
f 5754 5753 5786
f 5753 5785 5786
f 5780 5782 5781
f 5780 2534 5779
f 5558 5792 2838
f 2838 2805 5558
f 2838 5792 5797
f 2806 2805 2838
f 2838 5797 5817
f 2839 2806 2838
f 2838 5817 2839
f 2747 2698 2749
f 2749 2702 2747
f 2747 2702 2698
f 2552 2583 2582
f 2583 2584 2582
f 5715 2583 5716
f 5716 2584 5715
f 5715 2584 2583
f 5693 5665 5692
f 5692 2584 5693
f 5665 2584 5692
f 2569 2567 2566
f 2566 2540 2569
f 2567 2540 2566
f 2553 2554 2535
f 2584 2585 2553
f 2553 2582 2584
f 2535 2534 2553
f 2553 2534 2552
f 2552 2582 2553
f 2660 2696 2697
f 5643 5644 5606
f 5644 5622 5606
f 5606 5641 5643
f 5606 2743 5605
f 5624 5600 5599
f 5625 5600 5624
f 5599 5623 5624
f 2099 5575 5586
f 5574 5582 5573
f 2844 2813 2843
f 2843 5918 2844
f 2844 2814 2813
f 5918 2814 2844
f 2808 2810 2809
f 2809 2774 2808
f 2810 2774 2809
f 2811 2776 2775
f 2775 2774 2811
f 2775 2776 2746
f 2746 2774 2775
f 2875 2841 2874
f 5850 5851 2874
f 2874 2840 5850
f 2874 2841 2840
f 5999 2875 5919
f 5919 2876 5999
f 5999 2876 2875
f 5906 5902 5846
f 5906 5988 5902
f 5846 5905 5906
f 5905 5988 5906
f 5992 5904 5991
f 1015 1014 1013
f 1013 1051 1015
f 1013 1014 982
f 1013 982 981
f 981 1012 1013
f 983 953 982
f 984 953 983
f 983 982 985
f 983 985 955
f 955 984 983
f 1501 1569 1570
f 1501 1502 1423
f 1501 1567 1569
f 1423 1500 1501
f 1501 1500 1567
f 1431 1428 1372
f 1431 1507 1444
f 931 1428 1503
f 931 927 1428
f 933 927 931
f 5751 2552 5750
f 5716 2552 5751
f 5750 5780 5751
f 5751 5780 5781
f 5783 5766 5751
f 5751 5782 5783
f 5781 5782 5751
f 5732 5731 5767
f 5767 5731 5730
f 5733 5732 5767
f 5785 5790 5767
f 5767 5783 5785
f 5767 5766 5783
f 5767 5768 5733
f 5790 5768 5767
f 5728 5751 5766
f 5766 5767 5728
f 5653 5644 5670
f 5656 5623 5653
f 5664 2584 5641
f 5664 5641 5640
f 2610 2584 5664
f 5640 5639 5664
f 5664 2612 2610
f 5700 5718 5701
f 5700 5699 5718
f 5669 5670 5644
f 5669 5700 5701
f 5699 5700 5669
f 5667 5644 5643
f 5643 5666 5667
f 5667 5666 5693
f 1094 1095 1049
f 1049 1048 1094
f 1146 1095 1094
f 1093 1146 1094
f 1094 1048 1093
f 1011 1012 980
f 1011 1048 1012
f 1110 1157 1158
f 1158 1112 1110
f 1157 1112 1158
f 5010 5082 5011
f 5011 4912 5010
f 5012 4912 5011
f 5015 4915 5014
f 5014 4915 5013
f 5015 4918 4917
f 4917 4915 5015
f 4917 4918 4810
f 4810 4915 4917
f 5094 5085 5095
f 5061 5060 5095
f 5062 5061 5095
f 5060 5059 5095
f 5095 5059 5094
f 5095 5085 5084
f 5099 5063 5098
f 5098 5102 5099
f 5083 5084 5015
f 5015 5014 5083
f 5083 5014 5013
f 5013 5011 5083
f 5083 5011 5082
f 4810 4721 4811
f 4635 4634 4722
f 4722 4721 4635
f 4634 4721 4722
f 5020 4919 5019
f 5021 4919 5020
f 5019 5086 5020
f 5086 5021 5020
f 4810 5016 4916
f 4916 5016 5017
f 4916 4812 4810
f 4916 4921 4812
f 4813 4921 4922
f 4922 4924 4814
f 4814 4813 4922
f 4925 4970 5022
f 4925 4923 4814
f 4925 5022 4923
f 5024 4970 4925
f 4814 4924 4925
f 4924 5024 4925
f 1106 1105 1152
f 1152 1104 1106
f 1059 1105 1106
f 1106 1104 5023
f 5023 1104 1156
f 1152 1105 1153
f 1153 1104 1152
f 1105 1104 1153
f 4738 4650 4737
f 4737 4826 4738
f 4738 4826 4735
f 4585 4529 4586
f 4482 4525 4526
f 4821 4820 4817
f 4817 4929 4821
f 4928 4930 4821
f 4821 4929 4928
f 4822 4821 4824
f 4817 4820 4818
f 4818 4728 4817
f 3444 3445 3378
f 3509 1997 3520
f 1997 3528 3520
f 3527 3510 3509
f 2034 2036 4451
f 4451 2028 2034
f 2034 2022 2036
f 2034 2026 2022
f 3307 2028 4451
f 2012 2028 3307
f 3307 3382 2012
f 3176 3175 3177
f 3177 3140 3176
f 3176 3140 3175
f 3124 3140 3141
f 3141 3142 3124
f 3140 3142 3141
f 3473 3508 3513
f 3513 3507 3473
f 3508 3507 3513
f 3345 3351 3281
f 3226 3280 3281
f 3280 3345 3281
f 3282 3283 3226
f 3282 3351 3283
f 3226 3281 3282
f 3282 3281 3351
f 3345 3344 3408
f 3344 3267 3343
f 3343 3408 3344
f 3352 3353 3283
f 3424 3423 3472
f 1995 2003 2004
f 2004 2005 1995
f 1995 2508 2509
f 1994 2508 1995
f 1995 2005 2006
f 2006 2007 1995
f 2007 2001 1995
f 1995 2001 1992
f 1995 1992 872
f 872 1994 1995
f 2000 2016 7245
f 2000 2015 2016
f 7245 7240 2000
f 7240 7239 2000
f 7244 7239 7238
f 7238 2016 7244
f 2016 2015 7244
f 7244 2000 7239
f 2015 2000 7244
f 6044 6069 6028
f 6028 5945 5976
f 5976 6044 6028
f 6013 6069 6040
f 6018 5937 6013
f 6013 6039 6018
f 6040 6039 6013
f 6040 6069 6041
f 6041 6069 6044
f 6041 5971 6040
f 6038 5971 6041
f 5889 5969 5968
f 5968 5969 5887
f 5927 5928 5857
f 5857 5926 5927
f 5865 5864 5927
f 5927 5864 5928
f 5808 5839 5840
f 5839 5901 5840
f 5840 5841 5808
f 5901 5841 5840
f 1751 1752 1702
f 1702 5901 1751
f 1751 1810 1752
f 5826 5870 5871
f 5871 5868 5826
f 5870 5868 5871
f 5882 5881 5960
f 5834 5881 5882
f 5882 2202 5834
f 5960 5959 5882
f 5997 5954 5998
f 5910 5954 5997
f 5997 5998 5912
f 5912 5911 5997
f 5911 5910 5997
f 2193 2208 2194
f 2168 2193 2194
f 2194 2195 2168
f 5833 2201 2173
f 2153 2152 2175
f 2199 2208 2192
f 2192 2207 2199
f 2207 2209 2199
f 2199 2194 2208
f 5955 5957 5956
f 5956 5957 5879
f 6031 5954 6030
f 6030 6025 6031
f 5998 5954 6031
f 6031 6025 5998
f 5924 5864 5858
f 5928 5864 5924
f 5857 5928 5924
f 5858 5855 5924
f 5854 5857 5924
f 5924 5855 5854
f 2849 2820 2847
f 2847 2820 2816
f 2816 2846 2847
f 2877 2846 2848
f 6071 6079 6077
f 6071 6080 6079
f 6070 6080 6071
f 6077 6078 6071
f 6071 6016 6070
f 6071 6056 6016
f 6078 6056 6071
f 5995 5994 6015
f 6015 6056 5995
f 5905 5994 5995
f 6055 6078 6077
f 6055 6056 6078
f 6055 6076 6053
f 6077 6076 6055
f 6007 6004 1944
f 1944 6004 1897
f 1897 1894 1944
f 6064 6008 6007
f 6008 6064 1967
f 1965 1946 1960
f 1948 1946 1965
f 1949 1948 1966
f 1948 1965 1966
f 5921 6008 6010
f 6008 6046 6010
f 5976 5921 6010
f 6010 6046 5976
f 5944 6027 6026
f 6026 5946 5944
f 5944 5946 5867
f 1835 1775 1827
f 1775 1768 1827
f 1796 1773 1772
f 1796 1807 1773
f 1772 1745 1796
f 1745 1807 1796
f 1806 1831 1773
f 1773 1807 1806
f 1805 1831 1806
f 1806 1745 1805
f 1806 1807 1745
f 1766 1823 1824
f 1834 1829 1824
f 1824 1823 1834
f 1866 1888 1891
f 1893 1892 1887
f 1945 1925 1960
f 1960 1946 1945
f 1894 1925 1945
f 1945 1946 1894
f 1947 1948 1894
f 1894 1946 1947
f 1947 1946 1948
f 5986 5985 6043
f 6043 1962 5986
f 5898 5985 5986
f 5986 1962 5898
f 6065 6081 6066
f 6066 1962 6043
f 6066 6008 6065
f 6066 6067 6008
f 6043 6042 6066
f 6066 6042 6067
f 5984 1962 6051
f 5984 5899 5898
f 5898 1962 5984
f 1873 1810 1872
f 1871 1931 1872
f 1872 1931 1873
f 1960 1925 1961
f 1961 1923 1960
f 1925 1923 1961
f 1924 1925 1866
f 1866 1923 1924
f 1924 1923 1925
f 5511 5478 5513
f 5513 5509 5511
f 5478 5510 5513
f 5510 5509 5513
f 5448 5476 5449
f 5449 5420 5448
f 5420 5447 5448
f 5475 5476 5448
f 5446 5447 5420
f 443 444 417
f 417 442 443
f 443 442 444
f 417 352 416
f 416 442 417
f 416 352 5449
f 5449 442 416
f 450 433 451
f 433 432 451
f 406 426 431
f 431 432 406
f 431 451 432
f 266 347 346
f 266 346 268
f 345 347 266
f 411 347 407
f 408 347 411
f 346 409 410
f 422 449 423
f 423 446 450
f 423 449 446
f 302 223 301
f 375 369 426
f 375 404 387
f 426 404 375
f 387 376 375
f 375 376 302
f 7818 7834 7833
f 7833 7834 7813
f 4233 4242 4243
f 4244 4243 4242
f 4233 4243 4244
f 4244 4245 4233
f 4241 4233 7777
f 4241 4242 4233
f 7769 7768 7790
f 7736 7768 7769
f 7798 7778 7777
f 7777 7390 7798
f 5346 7430 7391
f 7430 7431 7391
f 7463 7518 7474
f 7517 7518 7463
f 7463 7516 7517
f 7463 7515 7516
f 7467 7515 7463
f 7694 7725 7695
f 7695 7676 7694
f 7695 7725 7726
f 7677 7653 7676
f 7656 7642 7655
f 7652 7674 7675
f 7675 7653 7652
f 7694 7676 7675
f 7676 7653 7675
f 7807 7790 7806
f 7807 7808 7790
f 7806 7815 7807
f 7815 7808 7807
f 7817 7814 7813
f 7816 7814 7817
f 7813 7834 7817
f 7796 7793 7817
f 7817 7793 7816
f 7817 7818 7796
f 7817 7834 7818
f 7796 7776 7794
f 7794 7793 7796
f 7794 7776 7775
f 7791 7792 7771
f 7792 7793 7771
f 7771 7794 7775
f 7793 7794 7771
f 7771 7795 7791
f 7770 7769 7771
f 7771 7790 7795
f 7771 7769 7790
f 7771 7738 7770
f 7771 7775 7743
f 4359 4330 4329
f 4329 4328 4359
f 4327 4357 4358
f 4358 4357 4360
f 4360 4330 4358
f 4330 4359 4358
f 4358 4328 4327
f 4358 4359 4328
f 4304 4305 4281
f 4304 4303 4334
f 4304 4281 4303
f 4304 4334 4333
f 5454 4261 4260
f 4256 4281 4282
f 5468 5439 5467
f 5517 5492 5488
f 4316 4317 4293
f 4316 4321 4317
f 4289 4311 4312
f 4312 4313 4289
f 4289 4313 4314
f 4289 4292 4291
f 4314 4292 4289
f 4268 4245 4265
f 7813 4288 4265
f 4265 4288 4268
f 4265 4244 7813
f 4245 4244 4265
f 7820 7390 7801
f 7801 7800 7820
f 4239 5396 5373
f 4254 4235 4239
f 4239 5373 4254
f 4254 5373 5357
f 4233 4252 4253
f 4252 4238 4253
f 4237 4238 4231
f 4231 4234 4237
f 4237 4253 4238
f 4237 4234 4233
f 4233 4253 4237
f 4230 4232 5347
f 5347 5346 4230
f 5355 5352 5347
f 5369 4254 5357
f 5369 5357 5355
f 4251 4252 4233
f 4251 4249 4252
f 4248 4249 4233
f 4291 4270 4269
f 4269 4289 4291
f 4268 4289 4269
f 4296 4278 4277
f 4277 4295 4296
f 4294 4295 4277
f 4277 4278 4252
f 4276 4294 4277
f 4277 4252 4276
f 7614 7613 7634
f 7634 7615 7614
f 7634 7633 7632
f 7632 7615 7634
f 7657 7642 7656
f 7657 7658 7642
f 7409 7436 7438
f 7438 7436 7480
f 7438 7480 7479
f 7438 7439 7409
f 7402 7436 7403
f 7436 7404 7403
f 7379 7401 7402
f 7379 7408 7401
f 7402 7403 7379
f 7379 7403 7404
f 7379 7380 7363
f 7379 7404 7380
f 7638 7642 7643
f 7386 7383 7415
f 7383 7414 7415
f 7415 7413 7386
f 7415 7414 7413
f 7369 7383 7370
f 7383 7371 7370
f 7355 7369 7370
f 7370 7371 7355
f 7412 7443 7444
f 7444 7445 7412
f 7444 7443 7487
f 7487 7445 7444
f 7551 7550 7602
f 7551 7481 7550
f 7551 7602 7552
f 7552 7481 7551
f 7604 7603 7633
f 7604 7634 7605
f 7633 7634 7604
f 7605 7542 7604
f 7542 7603 7604
f 7479 7435 7478
f 7478 7438 7479
f 7439 7438 7478
f 7549 7485 7484
f 7485 7439 7484
f 7609 7547 7611
f 7606 7609 7545
f 7545 7546 7476
f 7607 7660 7606
f 7525 7524 7528
f 7528 7524 7526
f 7470 7525 7528
f 7528 7526 7470
f 7584 7511 7582
f 7582 7581 7584
f 7581 7585 7584
f 2233 2232 2266
f 2266 2232 2264
f 7562 7563 7490
f 7490 7566 7562
f 7562 7566 7563
f 7567 7502 7563
f 7507 7577 7578
f 7578 7579 7507
f 7622 7579 7578
f 7616 7622 7578
f 7578 7577 7616
f 7573 7577 7507
f 7503 7572 7573
f 7573 7505 7503
f 7507 7505 7573
f 7572 7618 7619
f 7580 7626 7581
f 7576 7621 7580
f 7596 7589 7522
f 7596 7621 7589
f 7522 7521 7596
f 7596 7580 7621
f 7626 7580 7596
f 7621 7579 7625
f 7625 7624 7621
f 7579 7624 7625
f 7506 7576 7508
f 7508 7457 7506
f 7576 7580 7508
f 7508 7580 7581
f 7508 7581 7582
f 7388 9 18
f 7388 7424 9
f 7423 7424 7388
f 18 2219 7388
f 7388 2219 7423
f 5532 5503 5501
f 5532 5534 5533
f 5532 5501 5531
f 5531 5534 5532
f 5498 5526 5527
f 5527 5526 5544
f 5521 5539 5540
f 5442 5416 5441
f 5424 5425 5396
f 5396 5423 5424
f 5424 5423 5425
f 5422 5458 5457
f 5457 5423 5422
f 5457 4261 5456
f 5458 4261 5457
f 5465 5463 5462
f 5465 5467 5439
f 5425 5463 5426
f 5486 5460 5456
f 5456 5485 5486
f 5462 5425 5461
f 5461 5460 5462
f 5425 5460 5461
f 5362 5361 5379
f 5363 5362 5379
f 7458 7427 7426
f 7426 7461 7458
f 144 5384 5388
f 5385 5384 139
f 5365 5385 139
f 139 144 91
f 5384 144 139
f 91 54 88
f 5365 139 88
f 88 139 91
f 89 92 58
f 89 54 91
f 91 140 89
f 142 143 89
f 89 141 142
f 140 141 89
f 386 376 315
f 393 430 390
f 390 430 392
f 383 402 384
f 318 231 316
f 318 390 392
f 319 236 317
f 231 318 317
f 392 319 317
f 317 318 392
f 257 335 258
f 258 186 257
f 253 334 333
f 332 334 253
f 253 252 332
f 333 254 253
f 253 254 178
f 178 249 253
f 249 252 253
f 418 360 417
f 417 412 418
f 418 412 360
f 5479 7234 5480
f 7234 7235 5480
f 5480 5449 5479
f 444 453 5480
f 417 444 5480
f 413 7235 349
f 349 412 413
f 413 5480 7235
f 413 412 417
f 417 5480 413
f 363 292 362
f 364 292 363
f 363 421 364
f 362 361 363
f 361 421 363
f 294 292 364
f 304 288 309
f 309 228 304
f 304 228 227
f 101 151 152
f 151 222 152
f 223 224 152
f 152 222 223
f 228 310 306
f 303 378 306
f 377 303 302
f 377 378 303
f 428 386 377
f 302 376 377
f 377 376 428
f 230 313 316
f 230 229 313
f 316 231 230
f 230 231 156
f 156 229 230
f 228 229 155
f 155 154 228
f 155 229 156
f 156 101 155
f 101 154 155
f 5449 285 284
f 284 285 217
f 5440 5416 5439
f 5440 5441 5416
f 5447 5446 5443
f 5443 5416 5442
f 91 145 146
f 146 140 91
f 206 141 146
f 146 141 140
f 214 146 145
f 214 207 206
f 206 146 214
f 5331 2245 2223
f 2223 2216 5331
f 2223 2245 2224
f 2224 2216 2223
f 5341 2216 2214
f 5341 2214 5332
f 5332 5342 5341
f 5341 5342 5331
f 5331 2216 5341
f 5332 2214 5343
f 2210 399 328
f 2214 2217 2215
f 2215 2217 327
f 327 399 2215
f 328 399 401
f 401 329 328
f 399 329 401
f 2372 5328 2327
f 5339 5328 2372
f 2372 2327 5330
f 5330 5339 2372
f 5299 2466 5327
f 5327 2425 5299
f 2466 2425 5327
f 247 246 326
f 247 326 327
f 167 246 247
f 327 2217 247
f 2217 324 247
f 247 241 167
f 247 324 241
f 83 129 130
f 130 129 191
f 191 129 192
f 343 264 342
f 342 403 343
f 341 340 339
f 339 403 341
f 339 343 403
f 339 388 344
f 344 264 339
f 264 343 339
f 315 388 339
f 339 338 315
f 6340 6339 6338
f 5258 5223 5257
f 5303 111 5336
f 5336 111 110
f 20 5287 36
f 5287 71 36
f 1476 1540 1477
f 1477 1413 1476
f 1478 1413 1477
f 2227 2228 18
f 18 2231 2227
f 2227 2231 2228
f 93 147 102
f 94 58 93
f 58 92 93
f 93 143 142
f 142 147 93
f 93 89 143
f 92 89 93
f 61 95 96
f 96 97 61
f 96 95 102
f 102 97 96
f 165 164 244
f 244 245 165
f 165 245 166
f 165 166 107
f 107 164 165
f 237 322 323
f 322 397 323
f 325 244 323
f 323 397 325
f 106 105 159
f 159 105 101
f 182 181 255
f 181 179 255
f 255 179 254
f 2337 2383 2384
f 2382 2383 2337
f 2384 2339 2337
f 2295 2334 2337
f 2337 2334 2382
f 2399 2398 2438
f 2438 2383 2399
f 2384 2383 2438
f 2438 2397 2384
f 2438 2398 2397
f 2447 2437 2474
f 2474 2483 2447
f 2483 2448 2447
f 2400 2383 2382
f 2382 2437 2400
f 2399 2383 2400
f 2437 2447 2400
f 2400 2401 2350
f 2350 2399 2400
f 2400 2448 2401
f 2400 2447 2448
f 2450 2410 2409
f 2409 2448 2450
f 2401 2448 2409
f 2409 2410 2358
f 2262 2263 2229
f 2229 2261 2262
f 2303 2304 2269
f 2270 2233 2269
f 2269 2304 2270
f 2268 2302 2303
f 2268 2269 2233
f 2303 2269 2268
f 2268 2264 2296
f 2296 2302 2268
f 2306 2339 2352
f 2303 2339 2306
f 2270 2303 2306
f 2306 2352 2350
f 2350 2305 2306
f 2306 2305 2270
f 2340 2302 2295
f 2295 2339 2340
f 2340 2339 2302
f 2256 2254 2257
f 2256 2255 2254
f 2256 2257 2228
f 2228 2255 2256
f 2347 2341 2301
f 2301 2346 2347
f 2347 2346 2341
f 2396 2395 2387
f 2346 2395 2396
f 2341 2346 2385
f 2294 2336 2335
f 2335 2333 2294
f 2344 2333 2335
f 2446 2435 2434
f 2434 2395 2446
f 2445 2435 2446
f 2446 2395 2445
f 2358 2357 2408
f 2408 2409 2358
f 2401 2409 2408
f 2402 2406 2354
f 2354 2403 2402
f 2350 2401 2402
f 2402 2403 2350
f 2401 2408 2449
f 2405 2403 2354
f 2405 2404 2403
f 2354 2351 2405
f 2405 2351 2350
f 2350 2404 2405
f 2455 2454 2453
f 2358 2410 2411
f 2411 2410 2453
f 2453 2454 2411
f 2411 2360 2358
f 2411 2361 2360
f 2421 2365 2420
f 2462 2422 2421
f 2421 2422 2365
f 2420 2365 2419
f 2460 2420 2419
f 2369 2423 2419
f 2419 2365 2369
f 2419 2424 2460
f 2419 2423 2424
f 2424 2465 2461
f 2460 2424 2461
f 2461 2420 2460
f 2462 2421 2461
f 2461 2421 2420
f 2465 2487 2461
f 2461 2422 2462
f 2463 2422 2461
f 2461 2487 2463
f 5312 5313 5282
f 2486 5313 5312
f 2477 5338 2486
f 2491 5313 2477
f 5313 5338 2477
f 2477 5314 2491
f 2477 2440 2476
f 2476 5314 2477
f 5275 5235 5234
f 5275 5234 2364
f 2366 2422 2367
f 2365 2422 2366
f 2366 2367 2319
f 2319 2365 2366
f 2364 5234 2368
f 2368 5234 2320
f 2368 2320 2319
f 2319 2367 2368
f 2424 2370 2415
f 2415 2455 2453
f 2415 2444 2442
f 2453 2444 2415
f 2442 2441 2415
f 2441 2424 2415
f 2415 2370 2363
f 2363 2317 2362
f 2317 2361 2362
f 2362 2411 2363
f 2361 2411 2362
f 914 923 915
f 915 901 914
f 6369 923 914
f 914 901 6369
f 6340 6380 6381
f 6381 901 6340
f 6380 901 6381
f 6290 6339 6340
f 6340 6291 6290
f 6291 6232 6290
f 6286 6338 6288
f 6288 6338 6339
f 6369 6377 6376
f 6292 6293 6234
f 6234 6293 6235
f 6291 6292 6234
f 6234 6232 6291
f 6234 6233 6232
f 6190 6233 6234
f 6234 6235 6190
f 6299 6235 6298
f 6298 6347 6299
f 6348 6347 6385
f 6348 6385 6349
f 6300 6301 6235
f 6235 6299 6300
f 6300 6299 6347
f 6347 6348 6300
f 6349 6301 6300
f 6300 6348 6349
f 3388 3419 3455
f 3454 3419 3388
f 3388 3319 3387
f 3389 3319 3388
f 3455 3410 3388
f 3387 3453 3388
f 3453 3454 3388
f 6245 6244 6243
f 6195 6244 6245
f 6246 6195 6245
f 6358 6355 6319
f 6358 6357 6355
f 6319 6305 6358
f 6305 6357 6358
f 6302 6356 6303
f 6355 6356 6302
f 6354 6355 6302
f 6304 6301 6302
f 6303 6237 6302
f 6237 6304 6302
f 6352 6353 6302
f 6353 6354 6302
f 6302 6301 6349
f 6349 6350 6302
f 6302 6351 6352
f 6350 6351 6302
f 1258 1260 1270
f 1270 1259 1258
f 1260 1259 1270
f 3144 6163 6207
f 6207 3145 3144
f 3144 6136 6163
f 6256 6255 6312
f 6256 6257 6203
f 6203 6255 6256
f 6243 6242 6308
f 6308 6316 6257
f 6257 6256 6308
f 6308 6256 6315
f 6317 6316 6308
f 6317 6262 6318
f 6318 6260 6317
f 6211 6179 6224
f 6224 6273 6211
f 6178 6221 6222
f 6222 6179 6178
f 6274 6273 6222
f 6221 6278 6222
f 6222 6278 6274
f 6246 6310 6311
f 6311 6275 6246
f 6311 6310 6276
f 6276 6275 6311
f 6178 6177 6216
f 6216 6215 6214
f 6176 6215 6216
f 6216 6177 6176
f 3321 3254 3320
f 3254 3319 3320
f 3318 3254 3317
f 3318 3319 3254
f 3318 3316 3385
f 3317 3316 3318
f 3385 3386 3318
f 3318 3386 3387
f 3387 3319 3318
f 3391 3322 3321
f 3391 3392 3322
f 3390 3319 3389
f 3389 3392 3390
f 3321 3320 3390
f 3390 3320 3319
f 3390 3391 3321
f 3392 3391 3390
f 3340 3410 3411
f 3322 3392 3340
f 3411 3341 3340
f 3340 3341 3264
f 3340 3323 3322
f 3340 3264 3323
f 6401 6425 3330
f 6400 6425 6401
f 6401 6367 6400
f 6206 6269 3384
f 3384 6270 6206
f 3384 3383 6270
f 3308 3383 3384
f 3384 3329 3308
f 6332 3329 3384
f 3384 6269 6332
f 6398 6367 6366
f 6398 6366 6399
f 6399 6422 6398
f 6327 6367 6332
f 6326 6366 6327
f 6366 6367 6327
f 6327 6264 6326
f 6327 6328 6264
f 6332 6269 6268
f 6268 6329 6328
f 6268 6269 6206
f 6390 6351 6383
f 6389 6351 6386
f 6383 6351 6389
f 6386 6385 6389
f 6385 6383 6389
f 3147 3146 3133
f 3126 3127 3118
f 3126 3145 3146
f 3146 3147 3126
f 3133 3127 3126
f 3126 3147 3133
f 1160 1159 3121
f 1119 1160 3121
f 3121 3115 3120
f 3120 3130 3121
f 3121 3130 1119
f 930 931 1503
f 1572 945 930
f 930 945 933
f 933 931 930
f 934 933 950
f 932 934 950
f 948 947 966
f 1283 6248 1310
f 6248 6201 1310
f 1332 1300 1299
f 1299 1296 1328
f 1299 1337 1332
f 1299 1336 1337
f 1281 1279 1266
f 1276 1278 1275
f 1285 1278 1276
f 1275 1263 1276
f 1026 1067 1064
f 1026 1025 1063
f 1026 996 1025
f 1067 1026 1066
f 1066 1026 1063
f 1311 1312 1285
f 1285 1067 1311
f 1295 1312 1311
f 1311 1325 1295
f 1262 1263 1258
f 1275 1265 1264
f 1264 1263 1275
f 1264 1265 1258
f 1258 1263 1264
f 6161 6162 6135
f 6135 6160 6161
f 6202 6162 6161
f 6161 6160 6202
f 1308 1347 1348
f 1308 1283 1282
f 1308 1309 1283
f 6250 6313 6251
f 6277 6313 6250
f 6251 6201 6250
f 6250 6249 6277
f 6201 6249 6250
f 1448 1516 1517
f 1386 1387 1334
f 1330 1385 1379
f 1385 1439 1379
f 1379 1439 1380
f 1379 1380 1328
f 1328 1327 1379
f 1379 1327 1330
f 1007 1435 1510
f 1510 1435 1434
f 1007 977 1436
f 1436 1435 1007
f 1436 977 1377
f 1377 1435 1436
f 1376 1435 1377
f 1374 1435 1376
f 1377 1326 1376
f 1326 1374 1376
f 948 971 972
f 972 973 948
f 972 971 1001
f 1001 973 972
f 1002 973 1001
f 1081 1131 1092
f 1092 1086 1081
f 1092 1137 1145
f 1131 1137 1092
f 1092 1145 1093
f 1046 1086 1092
f 1085 1084 1037
f 1000 1035 1036
f 1084 1085 1036
f 1037 1000 1036
f 1036 1085 1037
f 1144 1089 1143
f 1144 1133 1089
f 1143 1182 1144
f 1185 1171 1144
f 1191 1150 1190
f 1190 1192 1191
f 1191 1192 1150
f 944 1511 1512
f 1511 1437 1512
f 1165 1164 1168
f 1168 1127 1165
f 1125 3152 1165
f 3152 1164 1165
f 1130 1087 1080
f 1080 1128 1130
f 1138 1087 1130
f 1130 1128 1138
f 1169 1139 1173
f 1173 1167 1169
f 1075 1076 1033
f 1033 1032 1075
f 1124 1076 1075
f 1075 1032 1031
f 1071 1118 1072
f 1072 1073 1030
f 1030 1071 1072
f 3201 3254 3255
f 3255 3256 3201
f 3254 3256 3255
f 3211 3256 3262
f 3256 3324 3262
f 3206 3205 3200
f 3157 3205 3206
f 3206 3197 3157
f 3159 3199 3198
f 3158 3199 3159
f 3211 3209 3159
f 3159 3209 3160
f 3159 3132 3158
f 3160 3132 3159
f 3211 3264 3265
f 3265 3266 3211
f 3265 3338 3266
f 3337 3267 3266
f 3266 3338 3337
f 3337 3338 3264
f 3215 3208 3207
f 3207 3163 3215
f 3163 3190 3215
f 3157 3208 3202
f 3202 3203 3157
f 3245 3203 3202
f 3244 3191 3243
f 3243 3203 3244
f 3244 3203 3191
f 3204 3203 3257
f 3257 3243 3204
f 3204 3258 3259
f 3204 3243 3242
f 3242 3258 3204
f 3204 3259 3260
f 3260 3205 3204
f 3204 3205 3157
f 3157 3203 3204
f 3156 3131 3155
f 3155 3197 3156
f 3131 3157 3155
f 3157 3197 3155
f 3175 3140 3174
f 3174 3173 3175
f 3140 3173 3174
f 3279 3311 3280
f 3278 3311 3279
f 3279 3280 3226
f 3226 3278 3279
f 3350 3278 3314
f 3314 3349 3350
f 3350 3349 3278
f 3132 3162 3148
f 3148 3162 3192
f 3192 3149 3148
f 3148 3128 3132
f 3148 3149 3128
f 3214 3213 3192
f 3192 3162 3214
f 3214 3162 3213
f 3346 3311 3309
f 3346 3269 3311
f 3312 3250 3249
f 3249 3250 3195
f 3249 3311 3312
f 3249 3192 3248
f 3249 3195 3192
f 3248 3310 3249
f 3310 3311 3249
f 3492 3493 3453
f 3492 3491 3493
f 3451 3491 3492
f 3492 3452 3451
f 3453 3452 3492
f 3499 3463 3498
f 3498 3500 3499
f 3499 3500 3463
f 6395 6419 6420
f 6420 6419 3458
f 6420 3457 6395
f 6420 3458 3457
f 2904 2905 2899
f 6912 6863 6911
f 6910 6975 6911
f 6911 6975 6912
f 6753 6766 6767
f 6767 6754 6753
f 718 717 789
f 638 717 718
f 789 719 718
f 719 638 718
f 789 717 6905
f 6905 6858 789
f 716 6859 638
f 716 6907 6859
f 638 6974 716
f 6974 6907 716
f 6908 6907 6909
f 6859 6907 6908
f 6860 6908 6909
f 6859 6908 6860
f 6860 6909 6910
f 6819 6820 642
f 6859 6860 6819
f 6819 6860 6820
f 6827 6828 6798
f 6827 6861 6828
f 6798 6826 6827
f 6827 6826 6822
f 6827 6860 6861
f 1628 1776 1777
f 1777 1758 2492
f 2492 1628 1777
f 1777 1819 1758
f 1776 1819 1777
f 1942 1943 1885
f 1885 1819 6772
f 6772 1942 1885
f 6772 6771 6770
f 6772 1819 6771
f 6770 1899 6772
f 1899 6788 6772
f 6788 1943 6772
f 1943 1942 6772
f 6771 1819 6755
f 6755 1819 1776
f 1629 6771 6755
f 6755 1776 1629
f 1748 1749 1698
f 1698 1747 1748
f 1698 1695 1661
f 1746 1745 1698
f 1698 1745 1747
f 1661 1697 1698
f 1698 1697 1746
f 1765 1712 1743
f 1743 1749 1765
f 1765 1749 1712
f 1780 1732 1731
f 1732 1677 1731
f 1730 1677 1695
f 1730 1695 1743
f 1743 1778 1730
f 1730 1731 1677
f 1780 1731 1730
f 1730 1779 1780
f 1778 1779 1730
f 1771 1715 1747
f 1747 1798 1771
f 1771 1798 1797
f 1771 1797 1772
f 1772 1715 1771
f 1821 1818 1884
f 1792 1781 1743
f 1837 1781 1792
f 1743 1764 1792
f 1866 1804 1865
f 1865 1804 1862
f 1651 1680 1681
f 1681 1680 1733
f 1728 1679 1675
f 1675 1680 1728
f 1728 1680 1679
f 1678 1648 1676
f 1678 1650 1648
f 1676 1679 1678
f 1679 1650 1678
f 1693 1659 1692
f 1692 1694 1693
f 1745 1744 1793
f 1744 1795 1793
f 1793 1849 1800
f 1800 1745 1793
f 1793 1795 1794
f 1794 1848 1793
f 1848 1849 1793
f 1684 1735 1736
f 1684 1736 1685
f 1684 1655 1664
f 1684 1685 1655
f 2932 2930 2928
f 2932 2931 2930
f 2928 2959 2932
f 2932 2959 2933
f 3924 3985 3986
f 4045 3986 3985
f 3984 3986 4045
f 4095 4096 4045
f 4045 4096 4053
f 4054 4053 4060
f 4060 4006 4054
f 4054 4006 4004
f 3075 3074 3921
f 3075 3861 3076
f 3921 3861 3075
f 3076 3038 3075
f 3038 3074 3075
f 3037 3038 3006
f 3037 3074 3038
f 3073 3074 3036
f 3074 3037 3036
f 3036 3037 3006
f 3072 3921 3073
f 3072 3979 3921
f 3073 3036 3072
f 3072 3036 3059
f 3982 3979 3072
f 3095 3107 3106
f 3094 3107 3095
f 3095 3106 3090
f 3090 3096 3095
f 3095 3096 3070
f 3070 3094 3095
f 4055 4105 4100
f 3950 4006 4003
f 4003 3949 3950
f 2956 2993 2994
f 2993 2980 2994
f 2991 2992 2956
f 2991 3033 2992
f 2956 2957 2991
f 2991 2957 2996
f 3031 3016 3015
f 2992 3033 3015
f 3015 2993 2992
f 3015 2980 2993
f 2981 2980 3015
f 3015 3016 2981
f 3696 3065 3090
f 3090 3697 3696
f 3696 3645 3065
f 3697 3645 3696
f 3720 3672 3719
f 3719 3697 3720
f 3719 3672 3718
f 3718 3697 3719
f 3644 3645 3594
f 2989 3029 3644
f 3644 3594 2989
f 3029 3030 3644
f 3030 3645 3644
f 3695 3697 3698
f 3695 3645 3697
f 3698 3646 3695
f 3646 3645 3695
f 5227 5216 5249
f 5249 5262 5227
f 5226 5216 5227
f 5227 5199 5226
f 5228 5199 5227
f 5227 5262 5228
f 5294 5322 5295
f 5267 5294 5295
f 5320 5323 5321
f 5323 5322 5321
f 5294 5320 5321
f 5321 5322 5294
f 5324 2489 5325
f 5299 5324 5325
f 2488 2467 2470
f 2489 2467 2488
f 2488 5325 2489
f 2440 2471 2475
f 2471 2467 2475
f 2476 2440 2475
f 2475 2467 2476
f 5282 5241 5281
f 5281 2457 5282
f 5241 2457 5281
f 5279 5241 5240
f 5242 5246 5283
f 5249 5243 5283
f 5283 5243 5242
f 5283 5246 5278
f 5278 5269 5283
f 5283 5262 5249
f 5269 5262 5283
f 5182 5212 5213
f 5213 5212 5244
f 5213 5188 5182
f 5244 5216 5213
f 5216 5188 5213
f 5181 5176 5175
f 5177 5176 5181
f 5181 5172 5171
f 5171 5172 5142
f 5123 5141 5143
f 5143 5142 5123
f 5143 5177 5178
f 5176 5177 5143
f 5143 5175 5176
f 1362 1365 1363
f 1316 1362 1363
f 1363 1317 1316
f 1364 1317 1363
f 1363 1365 1364
f 5115 5128 5118
f 5114 5128 5115
f 5115 5107 5114
f 5106 5113 5114
f 5114 5107 5106
f 5106 5105 5112
f 5112 5113 5106
f 5153 5146 5133
f 5118 5132 5133
f 5133 5132 5153
f 5133 5129 5118
f 5133 5146 5129
f 1588 1590 1589
f 1589 1524 1588
f 1590 1524 1589
f 1332 1337 1338
f 1338 1300 1332
f 1392 1452 1453
f 1392 1337 1391
f 1391 1452 1392
f 1397 1395 1392
f 1453 1454 1392
f 1392 1454 1397
f 1531 1457 1532
f 1531 1462 1457
f 1532 1597 1531
f 1466 1461 1533
f 1461 1462 1533
f 1419 1418 1491
f 1491 1492 1419
f 1419 1492 1420
f 1419 1420 1360
f 1360 1359 1419
f 1359 1418 1419
f 5185 5184 5195
f 5195 5214 5185
f 5195 5184 5152
f 5152 5193 5195
f 5193 5214 5195
f 1540 5214 1542
f 1543 1478 1542
f 1542 5248 1543
f 1542 5214 5248
f 1542 1477 1540
f 1478 1477 1542
f 5257 5222 5256
f 5222 5255 5256
f 5256 5258 5257
f 3531 3530 3529
f 3533 3530 3531
f 3531 3532 3545
f 3529 3532 3531
f 3545 3544 3531
f 3544 3533 3531
f 3539 3559 3560
f 3539 3551 3559
f 3539 3560 7719
f 7719 3551 3539
f 3538 3551 7718
f 7718 7717 3538
f 7717 3530 3538
f 7781 3567 7783
f 7783 3567 7784
f 7783 7754 7781
f 7784 7754 7783
f 3568 3566 3606
f 3566 3605 3606
f 3603 3607 3604
f 3565 3566 7753
f 3565 3605 3566
f 7753 3564 3565
f 3565 3604 3605
f 3564 3603 3565
f 3603 3604 3565
f 3569 3607 7803
f 7803 3542 3569
f 3569 3604 3607
f 3605 3604 3569
f 3569 3606 3605
f 3569 3542 3568
f 3568 3606 3569
f 3723 3673 3672
f 3672 3722 3723
f 3764 3824 3765
f 3765 3722 3764
f 3706 3674 3673
f 3713 3700 3663
f 3713 3744 3700
f 3663 3712 3713
f 3713 3712 3744
f 3667 3624 3623
f 3623 3622 3667
f 3623 3624 3575
f 3575 3622 3623
f 7689 7663 7662
f 7690 7663 7689
f 7662 7688 7689
f 7689 7692 7690
f 7689 7688 7692
f 7652 7646 7668
f 7668 7667 7652
f 7668 7646 7645
f 7645 7667 7668
f 3570 3572 3571
f 3660 3615 3631
f 3631 3616 3660
f 3660 3616 3615
f 7727 7726 7764
f 7764 7733 7727
f 7726 7733 7764
f 7763 7733 7726
f 7762 7788 7763
f 7763 7726 7762
f 7763 7788 7767
f 7767 7733 7763
f 7734 7735 7703
f 7703 7733 7734
f 7736 7735 7734
f 7734 7733 7767
f 7734 7768 7736
f 7767 7768 7734
f 3656 3611 3654
f 3656 3657 3611
f 3613 3657 3659
f 3654 3705 3659
f 3659 3656 3654
f 3657 3656 3659
f 3659 3705 3658
f 3658 3613 3659
f 3611 3657 3612
f 3612 3657 3613
f 3612 3573 3611
f 3612 3613 3573
f 4038 4083 4031
f 3978 3972 3914
f 3977 4038 3978
f 3978 3914 3977
f 4038 4031 3978
f 3978 4031 3972
f 4426 4425 3920
f 4343 4373 4374
f 4374 4373 4404
f 4374 4375 4343
f 4374 4404 4375
f 4404 4373 4403
f 4403 4373 4402
f 4403 4426 4404
f 3802 3803 3747
f 3802 3865 3803
f 3802 3747 3746
f 3814 3865 3802
f 3776 3837 3838
f 3838 3837 3803
f 3896 3893 3875
f 3875 3865 3876
f 3875 3930 3896
f 3935 3930 3875
f 3876 3814 3813
f 3745 3758 3746
f 3744 3758 3745
f 3746 3700 3745
f 3700 3744 3745
f 3727 3726 3772
f 3784 3779 3734
f 3784 3844 3840
f 3840 3779 3784
f 3844 3784 3783
f 3783 3734 3782
f 3783 3784 3734
f 3899 3836 3898
f 3841 3845 3842
f 3842 3779 3841
f 3841 3779 3840
f 3786 3781 3842
f 3842 3845 3786
f 3786 3848 3787
f 3786 3787 3736
f 3736 3781 3786
f 3847 3848 3786
f 3676 3634 3633
f 3676 3678 3634
f 3676 3633 3677
f 3677 3678 3676
f 3768 3770 3827
f 3827 3769 3768
f 3830 3769 3827
f 4325 4345 4349
f 4349 4385 4386
f 4349 4384 4385
f 4349 4350 4325
f 4386 4387 4349
f 4349 4387 4350
f 4413 4384 4381
f 4345 4380 4381
f 4381 4349 4345
f 4410 4411 4381
f 4381 4380 4410
f 4412 4411 4430
f 4412 4414 4413
f 4413 4381 4412
f 4412 4381 4411
f 4430 4431 4412
f 4431 4414 4412
f 3973 4429 4428
f 4428 4409 3973
f 4429 4409 4428
f 4033 3974 3973
f 3973 4379 4033
f 4033 4379 3974
f 4407 4377 4405
f 4407 4408 4377
f 3966 4408 4407
f 4405 4404 4407
f 3920 3968 4407
f 4407 4426 3920
f 4090 4137 4147
f 4089 4138 4075
f 4076 4022 4075
f 4075 4138 4076
f 7308 4089 4075
f 4075 4090 7308
f 4075 4137 4090
f 6689 4218 4217
f 4217 4218 4187
f 4134 4187 4135
f 4135 4075 4134
f 6708 6723 6709
f 6724 6725 6697
f 6697 6713 6724
f 6697 6723 6714
f 6714 6713 6697
f 6723 6708 6714
f 6676 6713 6714
f 6714 6708 6676
f 6709 6710 6673
f 6673 6707 6709
f 6672 6707 6673
f 3955 3905 3953
f 3953 3956 3955
f 3955 3956 3905
f 4027 3971 4025
f 4192 4191 4193
f 4193 4141 4192
f 4081 4141 4142
f 4077 4141 4081
f 4081 4142 4087
f 4087 4082 4081
f 4122 4170 4171
f 4169 4170 4122
f 4168 4170 4169
f 4072 4071 4067
f 4067 4116 4072
f 4067 4071 4022
f 4022 4018 4067
f 4171 4170 4172
f 4170 4168 4172
f 4161 4107 4159
f 4107 4161 4162
f 4162 4161 4159
f 4162 4159 4201
f 4201 4204 4162
f 3970 3971 3912
f 3970 4025 3971
f 4132 4126 4182
f 4182 4183 4132
f 6649 4175 6615
f 4210 4175 4173
f 4130 4172 4173
f 4125 4130 4173
f 6689 6720 6690
f 6690 6652 6689
f 6686 6715 6688
f 6688 6652 6686
f 6686 6683 6715
f 6686 6685 6646
f 4176 4177 4125
f 4125 6649 4176
f 6615 6652 4176
f 4176 6649 6615
f 4179 4212 4180
f 4125 4179 4180
f 4180 4181 4125
f 4178 6720 4211
f 4211 4212 4178
f 6681 6680 6712
f 6641 6680 6681
f 6642 6641 6681
f 6681 6712 6683
f 6683 6682 6681
f 6681 6644 6642
f 6682 6644 6681
f 6646 6604 6645
f 6604 6644 6645
f 6645 6682 6683
f 6645 6644 6682
f 3950 4004 4005
f 4005 4006 3950
f 4004 4006 4005
f 4060 4062 4061
f 4061 4006 4060
f 4062 4006 4061
f 4099 4062 4060
f 4060 4053 4099
f 4152 4096 4097
f 4002 3949 4001
f 4001 4000 4057
f 3949 4000 4001
f 3826 3809 3806
f 3867 3809 3826
f 3883 3867 3826
f 3826 3882 3883
f 3941 3882 3881
f 3881 3942 3941
f 3824 3823 3881
f 3881 3823 3822
f 3880 3942 3881
f 3881 3822 3880
f 3951 4008 4009
f 4009 4008 4017
f 4009 3954 3951
f 4017 3954 4009
f 4007 4008 3951
f 4064 4008 4057
f 4017 4008 4064
f 4070 4069 4119
f 4119 4168 4169
f 4119 4069 4118
f 4066 4065 4114
f 4011 4065 4066
f 4066 4012 4011
f 4113 4065 4070
f 4114 4065 4113
f 6499 6474 6503
f 6503 6539 6538
f 6582 6614 6579
f 6589 6588 6582
f 6582 6544 6589
f 6579 6542 6578
f 6609 6582 6578
f 6578 6582 6579
f 6583 6582 6609
f 6544 6582 6583
f 3958 3906 3957
f 3957 3962 3958
f 3906 3962 3957
f 3769 3828 3829
f 3890 3844 3898
f 3903 3844 3890
f 3951 3903 3890
f 3889 3951 3890
f 3890 3828 3889
f 3925 3989 3926
f 3925 3870 3929
f 3925 3926 3870
f 3877 3863 3923
f 3820 3863 3877
f 3877 3817 3820
f 7129 7069 7128
f 7069 7127 7128
f 7128 7125 7129
f 7128 7127 7125
f 7129 7125 7172
f 7125 7171 7172
f 7166 7129 7172
f 7172 7171 487
f 7172 486 7166
f 7172 487 486
f 7086 7001 7085
f 7086 6534 7137
f 7151 6534 7086
f 7148 7149 7086
f 7147 7148 7086
f 7086 7085 7147
f 6932 7001 6999
f 6432 7090 7004
f 6930 6932 6931
f 6931 6875 6930
f 6932 6875 6931
f 6833 6874 6834
f 6874 6875 6834
f 6834 6801 6833
f 6835 6801 6834
f 6836 6835 6834
f 6834 6878 6836
f 576 528 575
f 6987 7067 7068
f 7068 7069 6987
f 7068 7127 7069
f 7126 7127 7068
f 7068 7125 7126
f 7062 7119 7063
f 7063 7119 576
f 7063 6983 7062
f 7063 7064 6983
f 7063 7066 7060
f 7060 7064 7063
f 7164 7110 7135
f 7135 7110 7078
f 7135 7112 7164
f 7078 7112 7135
f 7053 7051 7111
f 7051 7110 7111
f 7111 7112 7053
f 7111 7110 7164
f 7164 7112 7111
f 7143 7144 7084
f 7084 7083 7143
f 7000 7083 7084
f 7084 7144 7145
f 7084 7085 7000
f 7084 7145 7085
f 7000 7078 7082
f 7082 7083 7000
f 7078 7083 7082
f 7136 7110 7141
f 7141 7083 7136
f 7141 7110 7109
f 7109 7083 7141
f 7114 7054 7053
f 7053 7113 7114
f 7114 7113 7054
f 7116 7117 7054
f 7054 7115 7116
f 7166 7117 7116
f 7116 7115 7166
f 7131 7115 7078
f 7075 7133 7131
f 7179 7144 7143
f 7143 7161 7179
f 7145 7144 7179
f 7179 7161 7145
f 7106 7162 7163
f 7163 7108 7106
f 7162 7108 7163
f 7143 7083 7142
f 7083 7108 7142
f 7142 7162 7143
f 7142 7108 7162
f 7049 7048 7047
f 7047 7048 6968
f 6968 6967 7047
f 7103 7104 7043
f 7043 7042 7103
f 7043 6967 7042
f 7104 7045 7043
f 1654 1638 1637
f 1637 6903 1654
f 1654 6903 1638
f 6971 6903 6970
f 1638 6903 6971
f 6971 6970 1633
f 1633 1638 6971
f 6660 6630 6659
f 6660 6661 6630
f 6660 6659 6694
f 6660 6694 6695
f 6695 6661 6660
f 7149 7185 7150
f 7150 7185 7151
f 7150 7086 7149
f 7151 7086 7150
f 7187 7199 6570
f 6570 6534 7187
f 7204 7208 7209
f 7209 7206 7204
f 7208 7206 7209
f 7160 7159 7194
f 7103 7159 7160
f 7147 7180 7160
f 7160 7145 7103
f 7180 7145 7160
f 7194 7193 7203
f 7203 7193 7192
f 6501 6502 6474
f 6541 6542 6503
f 6587 6544 6581
f 6587 6588 6544
f 6581 6619 6587
f 6587 6619 6615
f 6615 6588 6587
f 6592 6549 6548
f 6592 6548 6591
f 6592 6622 6593
f 6593 6549 6592
f 6592 6591 6621
f 6621 6622 6592
f 6573 6531 6530
f 6530 6531 6489
f 6528 6572 6530
f 6530 7208 6573
f 6530 6572 7208
f 6529 6530 6489
f 6528 6530 6529
f 6591 6548 6590
f 6590 6612 6591
f 6447 6460 6459
f 6447 6459 6458
f 6486 6525 6487
f 6528 6529 6487
f 6888 6948 6949
f 6887 6948 6888
f 6844 6887 6888
f 6888 6889 6844
f 2494 6844 6845
f 6844 6889 6845
f 6845 6846 2494
f 6845 6889 6846
f 7017 6943 7016
f 6948 6943 7017
f 7016 6949 7017
f 6949 6948 7017
f 6785 6809 6810
f 6785 6787 6786
f 6786 6769 6785
f 6787 6769 6786
f 6946 7022 7023
f 7023 7015 6946
f 7022 6950 7023
f 7023 6950 7015
f 6951 6950 7026
f 7026 6952 6951
f 6951 6952 6891
f 6954 6894 6892
f 6892 6894 6848
f 6892 6848 6847
f 6847 6891 6892
f 6891 6952 6892
f 6960 7030 7029
f 7030 6957 7031
f 6960 7029 7035
f 7035 7029 7028
f 6954 6892 6953
f 6953 6892 6952
f 6953 6957 6954
f 6953 7031 6957
f 7030 7031 6953
f 6953 6952 6960
f 6953 7029 7030
f 7028 7029 6953
f 7024 7020 7019
f 7021 7020 7024
f 7024 6692 6691
f 7024 6691 7096
f 7024 7093 7021
f 7096 7093 7024
f 2999 3035 3000
f 2999 3034 3035
f 3006 3034 2999
f 3000 2967 2999
f 2999 2967 3006
f 3069 3034 3068
f 3068 3076 3070
f 3070 3069 3068
f 3068 3038 3076
f 3068 3034 3038
f 2949 2985 2974
f 3020 2985 3018
f 2979 2946 2945
f 2979 2980 2946
f 2937 2965 2945
f 2977 2965 2997
f 6481 6483 6482
f 6461 6443 6460
f 6461 6460 6479
f 6479 6480 6461
f 6480 6481 6461
f 6461 6481 6482
f 6482 6462 6461
f 6461 6462 6443
f 6484 6462 6483
f 6521 6481 6480
f 2931 2932 6476
f 7010 6939 6938
f 7010 7011 6939
f 6938 7009 7010
f 7010 7009 7011
f 2923 2905 2921
f 6939 2921 2920
f 2968 2938 2967
f 2972 2967 2966
f 2966 2938 2972
f 2967 2938 2966
f 2916 2938 2939
f 2916 2904 2918
f 2971 2938 2970
f 3008 3009 2970
f 3007 3008 2970
f 3081 3062 3061
f 3081 3061 3060
f 831 762 761
f 686 760 761
f 760 831 761
f 771 766 834
f 766 765 834
f 834 764 771
f 834 765 764
f 766 767 691
f 691 765 766
f 691 692 606
f 691 767 692
f 844 781 842
f 842 785 844
f 1878 1914 1935
f 1936 1878 1935
f 1912 1911 1935
f 1935 1914 1912
f 1935 1952 1936
f 1911 1952 1935
f 1910 1853 1852
f 1854 1853 1910
f 1852 1909 1910
f 1909 1854 1910
f 5794 457 2893
f 461 457 1644
f 1667 461 1644
f 1643 1667 1644
f 471 461 1811
f 461 1754 1811
f 1812 471 1811
f 1811 1754 1812
f 742 672 740
f 740 1971 742
f 1952 816 742
f 742 1971 1952
f 865 840 839
f 839 852 865
f 839 840 779
f 779 838 839
f 838 852 839
f 745 747 674
f 674 747 748
f 595 673 674
f 674 675 595
f 748 723 674
f 723 675 674
f 670 669 672
f 593 669 670
f 670 672 595
f 595 593 670
f 724 725 657
f 657 723 724
f 723 793 724
f 794 837 795
f 795 725 794
f 794 793 838
f 838 837 794
f 794 724 793
f 725 724 794
f 2695 474 462
f 474 463 462
f 462 2694 2695
f 462 463 2694
f 5806 2887 5807
f 5806 2895 2887
f 5806 5807 5794
f 5794 2895 5806
f 2896 2895 5794
f 2890 2895 2896
f 5794 2893 2896
f 2896 2893 2890
f 2802 461 468
f 2890 2893 2873
f 2873 2893 457
f 5885 5883 2885
f 2885 5883 2886
f 2857 5885 2885
f 2885 2886 2857
f 5809 5841 5835
f 5810 5809 5835
f 5835 1635 5810
f 1642 1635 5835
f 5835 5841 1642
f 500 542 543
f 588 542 589
f 540 542 500
f 540 589 542
f 588 589 540
f 540 506 550
f 550 587 540
f 540 587 588
f 541 542 590
f 541 543 542
f 662 734 735
f 734 810 735
f 735 810 809
f 666 667 2867
f 2867 592 666
f 738 2869 2870
f 2870 668 738
f 2870 2869 2867
f 2867 668 2870
f 811 737 807
f 738 737 811
f 736 731 807
f 807 737 736
f 808 731 736
f 736 809 808
f 736 737 662
f 662 735 736
f 736 735 809
f 6141 1536 6170
f 6170 1536 1535
f 6247 1350 1409
f 1409 6212 6247
f 1552 1537 1539
f 1539 1538 1552
f 1539 1537 1473
f 1473 1538 1539
f 6200 6175 6159
f 6159 6199 6200
f 6200 6199 6175
f 6176 6175 6213
f 6213 6199 6176
f 6175 6199 6213
f 44 43 78
f 43 42 78
f 78 41 44
f 78 42 41
f 8 6 15
f 8 7 6
f 15 14 8
f 14 16 8
f 12 11 22
f 22 11 21
f 22 23 12
f 22 43 23
f 22 21 40
f 22 42 43
f 40 41 22
f 41 42 22
f 75 115 116
f 75 116 76
f 37 71 72
f 37 36 71
f 37 21 20
f 20 36 37
f 76 40 39
f 39 75 76
f 74 75 39
f 40 21 39
f 113 115 114
f 114 72 113
f 115 75 114
f 114 75 74
f 6186 6187 6152
f 6152 6185 6186
f 6336 6376 6377
f 6336 6377 6369
f 440 6402 435
f 440 441 6402
f 440 435 917
f 917 441 440
f 271 205 268
f 6402 205 271
f 201 205 6405
f 268 200 267
f 267 266 268
f 197 266 267
f 268 205 269
f 269 200 268
f 205 200 269
f 134 200 201
f 134 196 197
f 83 130 131
f 131 130 191
f 191 192 193
f 193 131 191
f 124 129 83
f 120 183 124
f 124 183 129
f 315 338 260
f 260 339 340
f 338 339 260
f 340 261 260
f 188 187 260
f 261 193 260
f 260 193 192
f 184 120 182
f 121 120 122
f 122 77 121
f 120 124 122
f 122 124 123
f 6174 6182 6152
f 6225 6209 6272
f 6183 6209 6225
f 190 127 6272
f 6272 6209 190
f 6183 6182 6210
f 6210 6209 6183
f 48 24 47
f 14 24 27
f 6111 6116 6112
f 6181 6174 6152
f 6127 6130 6115
f 6127 6144 6130
f 6115 6116 6104
f 6104 6111 6105
f 6090 6084 6089
f 6090 6104 6105
f 6115 6104 6102
f 26 14 25
f 25 50 26
f 14 27 25
f 25 27 50
f 6089 6084 6087
f 6084 16 6087
f 26 6095 6085
f 6085 16 26
f 6089 6087 6085
f 1 3 1472
f 1472 1478 1
f 1473 1412 1416
f 1412 1357 1416
f 1568 1565 1562
f 1494 1558 1562
f 1562 1558 1586
f 1568 1615 1616
f 1615 1621 1616
f 1616 1617 1568
f 1616 1621 1617
f 1593 1528 1526
f 1526 1592 1593
f 1593 1592 1528
f 1594 1528 1558
f 1558 1545 1594
f 1594 1545 1528
f 1595 1596 1528
f 1528 1545 1595
f 1529 1596 1595
f 1595 1545 1529
f 1521 1523 1450
f 1449 1448 1517
f 1449 1521 1450
f 1520 1521 1449
f 1449 1450 1391
f 1449 1391 1390
f 1622 1621 1580
f 1580 1579 1622
f 5687 5690 5688
f 5690 5689 5688
f 5688 5689 5662
f 5688 5660 5687
f 5688 5683 5660
f 2114 2113 2091
f 2114 2128 2130
f 2114 2130 2115
f 2115 2113 2114
f 2091 2108 2114
f 2108 2128 2114
f 2102 2120 2121
f 2097 2081 2096
f 2123 2134 2124
f 2138 2137 2154
f 2138 6032 2137
f 2138 2154 2153
f 2135 2133 2151
f 2151 2136 2135
f 2133 2136 2151
f 2170 2152 2150
f 2152 2136 2150
f 2169 2170 2150
f 2150 2148 2169
f 2150 2136 2133
f 2150 2133 2149
f 2149 2148 2150
f 2081 2068 2080
f 2068 2079 2080
f 2078 2081 2080
f 2080 2079 2078
f 2054 2069 2070
f 2070 2069 2083
f 2083 2084 2070
f 2070 2084 5907
f 5908 2054 2070
f 2070 5907 5908
f 2099 2095 2094
f 2095 2077 2094
f 2094 2077 5560
f 2045 4993 4992
f 2045 4992 5071
f 5569 5580 2045
f 2045 5580 4993
f 5071 2044 2045
f 2050 5569 2045
f 2045 2044 2050
f 2808 2773 2807
f 2807 2773 2806
f 2807 2806 5850
f 5850 2840 2807
f 2807 2840 2808
f 2772 2743 2771
f 2771 5567 2772
f 2743 5567 2771
f 5583 5584 5574
f 5574 5578 5583
f 5583 5597 5584
f 5596 5597 5583
f 5577 5578 2743
f 2042 5566 2046
f 2042 5792 5560
f 5560 5566 2042
f 2053 2069 2054
f 2068 2069 2053
f 5560 2804 5559
f 5559 2803 5560
f 2804 2803 5559
f 5602 5631 2090
f 5602 5603 5631
f 5602 2090 2099
f 2099 5603 5602
f 5595 5603 2099
f 5601 5603 5595
f 5595 5582 5584
f 5584 5601 5595
f 5610 5603 5638
f 5631 5603 5610
f 5638 5645 5610
f 5592 5609 5610
f 5610 5609 5631
f 5610 5611 5592
f 5610 5645 5611
f 5630 5662 5632
f 5632 5603 5630
f 5661 5662 5630
f 5630 5660 5661
f 5628 5660 5630
f 5630 5629 5628
f 5630 5601 5629
f 5630 5603 5601
f 5614 5603 5637
f 4784 4789 5636
f 5636 5637 5603
f 5635 4696 5636
f 5636 5603 5635
f 5636 4785 4784
f 4696 4690 5636
f 4690 4785 5636
f 5568 5562 5561
f 5570 5562 5568
f 5561 5567 5568
f 5568 5567 5570
f 5560 5562 5563
f 5563 5562 5570
f 5570 5571 5563
f 5005 5078 5006
f 5078 5007 5006
f 5006 4907 5005
f 5007 4907 5006
f 5049 5067 5050
f 5050 4953 5049
f 4953 4952 5049
f 5049 5048 5067
f 4952 5048 5049
f 5079 5077 5051
f 5079 5066 5065
f 5051 5066 5079
f 5065 5007 5079
f 5079 5007 5078
f 5078 5077 5079
f 4868 4956 4964
f 4964 4959 4868
f 4956 4959 4964
f 4961 4865 4868
f 4868 4967 4961
f 4962 4865 4961
f 4961 5053 4962
f 4961 4967 5053
f 4966 4967 4868
f 4868 4965 4966
f 4966 4965 4967
f 5764 5774 5773
f 5738 5752 5773
f 5752 5765 5773
f 5773 5739 5738
f 5773 5774 5739
f 5763 5777 5775
f 5763 5762 5777
f 5726 5762 5763
f 5763 5764 5726
f 5775 5764 5763
f 4560 5742 4559
f 5742 4558 4559
f 4623 4560 4559
f 4559 4558 4623
f 4939 5041 5042
f 5042 4940 4939
f 5041 5040 5042
f 4981 4950 5046
f 4981 4951 4950
f 4981 5046 4982
f 4949 4951 4981
f 4982 4881 4981
f 4881 4949 4981
f 4786 4693 4711
f 4694 4779 4695
f 4788 4779 4694
f 4694 4695 4613
f 4613 4693 4694
f 4787 4788 4694
f 4694 4786 4787
f 4693 4786 4694
f 4991 4890 4908
f 4798 4907 4908
f 4908 4907 4991
f 4908 4799 4798
f 4908 4890 4799
f 4892 4788 4787
f 4708 4799 4800
f 4800 4712 4708
f 4789 5612 5646
f 5646 5612 5616
f 5616 5637 5646
f 5646 5636 4789
f 5637 5636 5646
f 5616 5612 5593
f 5593 5613 5614
f 5593 5612 4893
f 5593 5611 5613
f 4893 5592 5593
f 5592 5611 5593
f 4882 4985 4986
f 4986 4883 4882
f 4985 4883 4986
f 4833 4931 4933
f 4931 5037 4933
f 4839 4744 4743
f 4743 4752 4839
f 4928 4931 4932
f 4931 4831 4932
f 4932 4930 4928
f 4932 4831 4930
f 4740 4829 4833
f 4735 4826 4827
f 4827 4831 4931
f 4827 4826 4831
f 4938 4840 4846
f 4746 4658 4745
f 4745 4744 4746
f 4658 4656 4745
f 4656 4744 4745
f 4655 4656 4585
f 4655 4744 4656
f 4655 4743 4744
f 4585 4654 4655
f 4588 4529 4585
f 4585 4589 4588
f 4588 4589 4529
f 4749 4750 4665
f 4665 4748 4749
f 4842 4750 4749
f 4749 4748 4842
f 4664 4661 4602
f 4663 4595 4594
f 4663 4591 4662
f 4594 4591 4663
f 4529 4591 4592
f 4592 4591 4594
f 4594 4533 4592
f 4491 3438 4490
f 3181 3180 3186
f 3180 3140 3179
f 3140 3178 3179
f 3179 3186 3180
f 3226 3287 3227
f 3227 3287 3228
f 3227 3175 3226
f 3227 3228 3177
f 3177 3175 3227
f 3177 3228 3229
f 3228 3287 3229
f 4454 4487 4488
f 4525 4490 4488
f 4488 4455 4454
f 4526 4525 4527
f 2088 5089 5088
f 5088 2089 2088
f 2088 2089 5089
f 2109 2108 2086
f 2086 2089 2109
f 2086 2087 2071
f 2108 2087 2086
f 2140 2127 2130
f 2130 2128 2140
f 2140 2128 2127
f 4953 4858 4955
f 4763 4764 4671
f 4899 4898 4897
f 4897 4997 4899
f 4792 4898 4899
f 5076 4997 5075
f 4998 4997 5076
f 5075 5055 5076
f 5055 4998 5076
f 5072 5073 4994
f 5055 5073 5072
f 5072 4994 5064
f 5064 5055 5072
f 4996 5073 5074
f 5075 4997 5074
f 5074 4997 4996
f 5074 5055 5075
f 5074 5073 5055
f 4665 4750 4751
f 4751 4666 4665
f 4750 4666 4751
f 5047 4948 4947
f 4947 4946 5047
f 4947 4948 4852
f 4849 4946 4947
f 4947 4850 4849
f 4757 4849 4758
f 4667 4750 4755
f 4755 4750 4845
f 4845 4847 4755
f 4847 4848 4755
f 4759 4670 4758
f 4758 4850 4759
f 4867 4865 4768
f 4768 4767 4857
f 4768 4868 4867
f 4768 4857 4868
f 4668 4604 4667
f 4667 4757 4668
f 4668 4757 4758
f 4758 4670 4669
f 4670 4604 4669
f 4669 4668 4758
f 4604 4668 4669
f 4602 4667 4603
f 4667 4604 4603
f 4503 4504 4467
f 1141 1175 1176
f 1176 1142 1141
f 3138 1225 3124
f 3165 1225 3138
f 3172 3218 1203
f 1203 1174 3273
f 4725 4815 4726
f 4637 4636 4726
f 4726 4636 4725
f 4726 4727 4637
f 4726 4815 4727
f 1154 1104 1151
f 1151 1149 1154
f 1149 1186 1154
f 1195 1186 1189
f 4637 4727 1218
f 1218 1217 4637
f 1189 1217 1218
f 1150 1192 1193
f 1189 1188 1216
f 1216 1215 1189
f 1188 1215 1216
f 1194 1215 1187
f 1222 1215 1194
f 1194 1187 1150
f 1150 1193 1194
f 1194 1193 1222
f 1243 1220 1241
f 1220 1215 1241
f 1242 1215 1222
f 1243 1241 1242
f 1242 1241 1215
f 1248 1249 1225
f 1235 1234 1236
f 1235 1210 1234
f 4807 4805 4806
f 4806 4913 4807
f 4806 4803 4913
f 4720 4721 4634
f 4720 4805 4807
f 4720 4811 4721
f 4810 4811 4720
f 4807 4808 4720
f 4628 4715 4716
f 1239 4575 1243
f 1239 4518 4575
f 1243 1242 1239
f 1239 1242 1222
f 4513 1239 1238
f 4518 1239 4513
f 4517 4518 4480
f 1236 4450 4480
f 4480 4513 1236
f 4518 4513 4480
f 4515 4516 4480
f 4516 4517 4480
f 4480 4479 4515
f 4450 4479 4480
f 4572 4517 4516
f 4572 4573 4517
f 4572 4516 4515
f 2180 2204 2181
f 4817 2204 2180
f 2180 2179 4817
f 2158 2179 2180
f 2111 2129 2130
f 2130 2112 2111
f 2110 2129 2111
f 2111 5031 2110
f 2111 2112 5031
f 2824 2823 2852
f 2852 2853 2824
f 2788 2823 2824
f 2825 2788 2824
f 2824 2853 2825
f 2883 2855 2881
f 2856 2855 2883
f 2883 2881 2857
f 2857 2856 2883
f 2818 2819 2781
f 2781 6074 2818
f 2818 6074 2819
f 2687 2733 2734
f 2733 2764 2734
f 2734 2764 2766
f 2735 2687 2734
f 2734 2766 2735
f 753 752 2767
f 757 685 683
f 683 603 602
f 604 603 683
f 683 685 604
f 2768 2767 751
f 2768 2737 2767
f 751 749 2768
f 2768 749 750
f 750 678 2768
f 2768 678 2738
f 2738 2737 2768
f 828 830 829
f 829 758 828
f 758 827 828
f 828 827 805
f 805 830 828
f 2834 2835 2799
f 2833 2835 2834
f 2834 2799 2791
f 2791 2833 2834
f 2799 2835 858
f 2832 2833 2791
f 2832 2835 2833
f 2791 2831 2832
f 2831 2869 2832
f 2869 2835 2832
f 814 806 738
f 738 813 814
f 814 813 806
f 863 826 825
f 825 862 863
f 854 826 863
f 2761 2760 2763
f 2763 2762 2761
f 2722 2760 2761
f 2761 2762 2722
f 2597 2564 2596
f 2564 2595 2596
f 2596 2631 2597
f 2596 2595 2631
f 2641 2599 2640
f 2640 2600 2641
f 2641 2600 2599
f 2679 2628 2678
f 2679 2680 2628
f 2765 2727 2726
f 2764 2727 2765
f 2765 2726 2724
f 2724 2764 2765
f 2681 2682 2631
f 2631 2630 2681
f 2630 2680 2681
f 2681 2679 2678
f 2680 2679 2681
f 2678 2727 2728
f 2727 2682 2728
f 2684 2634 2683
f 2634 2682 2683
f 2731 2732 2683
f 2683 2727 2731
f 2683 2732 2733
f 2685 2684 2683
f 2683 2686 2685
f 2683 2733 2687
f 2687 2686 2683
f 2684 2637 2636
f 2636 2635 2684
f 2636 2637 2599
f 2599 2635 2636
f 2631 2634 2598
f 2634 2635 2598
f 2597 2631 2598
f 2598 2635 2599
f 2598 2564 2597
f 2598 2599 2564
f 5788 2526 2522
f 2522 2525 5788
f 5788 2527 2526
f 5788 5780 5779
f 5779 2534 5788
f 5788 2534 2527
f 5785 5783 5791
f 5791 5786 5785
f 5783 5782 5791
f 5782 5786 5791
f 2552 2534 2551
f 2534 5780 2551
f 2696 2660 2659
f 2699 2663 2698
f 2699 2700 2663
f 2699 2698 2665
f 2665 2700 2699
f 2616 2665 2666
f 2666 2667 2616
f 2667 2617 2616
f 2602 2601 2589
f 2589 2601 2572
f 2572 2571 2589
f 2619 2602 2589
f 2589 2618 2619
f 2589 2570 2569
f 2571 2570 2589
f 2569 2568 2589
f 2568 2555 2589
f 2554 2588 2589
f 2589 2555 2554
f 5605 5641 5642
f 5642 5606 5605
f 5641 5606 5642
f 5565 5573 5575
f 2099 2094 5565
f 5565 2094 5560
f 5575 5573 5581
f 5581 5573 5582
f 5851 2875 2894
f 2894 2874 5851
f 2875 2874 2894
f 5904 5903 5990
f 5990 5991 5904
f 1095 1051 1050
f 1051 1013 1050
f 1049 1095 1050
f 1050 1012 1049
f 1050 1013 1012
f 1323 1292 1291
f 1323 1369 1370
f 1323 1293 1292
f 1323 1372 1369
f 1323 1371 1372
f 1370 938 1323
f 938 1293 1323
f 1322 1368 1324
f 1444 1507 1445
f 1445 1381 1444
f 1382 1381 1445
f 1445 1507 1514
f 1445 1446 1382
f 1514 1446 1445
f 1574 1577 1514
f 1514 1507 1574
f 1622 1577 1574
f 1574 1621 1622
f 1617 1621 1574
f 1578 1516 1515
f 1515 1514 1578
f 1515 1446 1514
f 5729 5730 5706
f 5706 5728 5729
f 5729 5767 5730
f 5729 5728 5767
f 5718 5695 5717
f 5706 5718 5717
f 5717 5728 5706
f 5717 5695 5693
f 5717 5693 5716
f 5716 5751 5717
f 5751 5728 5717
f 5679 5682 5658
f 5653 5670 5679
f 5679 5670 5682
f 5695 5699 5697
f 5699 5669 5697
f 5698 5669 5701
f 5670 5669 5698
f 5701 5682 5698
f 5682 5670 5698
f 5693 5695 5694
f 5694 5667 5693
f 5695 5667 5694
f 980 1009 1010
f 1010 1011 980
f 4809 4915 4810
f 4809 4808 4915
f 4810 4720 4809
f 4809 4720 4808
f 5013 4915 4914
f 4915 4808 4914
f 4914 5011 5013
f 5012 5011 4914
f 4914 4912 5012
f 4807 4912 4914
f 4914 4808 4807
f 5103 5095 5084
f 5103 5082 5102
f 5084 5083 5103
f 5103 5083 5082
f 5018 4922 4921
f 5018 4916 5017
f 4921 4916 5018
f 5018 5017 4924
f 4924 4922 5018
f 5023 1108 1107
f 1107 1106 5023
f 1107 1108 1059
f 1059 1106 1107
f 4649 4652 4735
f 4649 4657 4585
f 4735 4657 4649
f 4739 4652 4650
f 4650 4738 4739
f 4735 4652 4739
f 4739 4738 4735
f 4645 4650 4646
f 4645 4646 4581
f 4581 4646 4647
f 4523 4482 4522
f 4585 4586 4523
f 4523 4586 4529
f 4525 4482 4524
f 4482 4523 4524
f 4451 2036 4481
f 4481 4482 4451
f 4830 4821 4930
f 4830 4831 4737
f 4930 4831 4830
f 4737 4650 4736
f 4825 4824 4821
f 4821 4830 4825
f 4737 4736 4825
f 4732 4736 4650
f 4824 4825 4732
f 4732 4825 4736
f 4822 4824 4823
f 3443 3444 3378
f 1997 3445 3486
f 3486 3487 1997
f 3519 3528 1997
f 1997 3487 3519
f 3487 3486 3485
f 3485 3486 3445
f 3485 3444 3476
f 3445 3444 3485
f 3526 3520 3528
f 3528 3527 3526
f 3509 3520 3526
f 3526 3527 3509
f 3515 3527 3528
f 3515 3485 3476
f 3510 3527 3511
f 3473 3510 3511
f 3511 3512 3473
f 2037 2028 2026
f 2026 2034 2037
f 2037 2034 2028
f 3412 3351 3345
f 3345 3408 3412
f 3412 3408 3351
f 3355 3351 3407
f 3351 3408 3407
f 3283 3353 3284
f 3226 3283 3284
f 3284 3285 3226
f 3483 3443 3482
f 3474 3424 3472
f 3355 3423 3356
f 3423 3424 3356
f 3356 3283 3355
f 3356 3352 3283
f 3424 3425 3356
f 7247 2017 2002
f 2002 1995 7247
f 2002 2017 2003
f 2003 1995 2002
f 1991 7259 7253
f 7253 7247 1991
f 7247 1995 1991
f 7260 7259 1991
f 1991 7267 7260
f 1991 2509 7267
f 1991 1995 2509
f 6014 5931 5945
f 6014 6013 5931
f 5945 6028 6014
f 6014 6028 6069
f 6069 6013 6014
f 5862 5931 5936
f 5931 6013 5936
f 5936 5937 5862
f 5936 6013 5937
f 6045 6041 6044
f 5889 5968 5973
f 5973 6045 6044
f 5973 5968 6038
f 6038 6041 5973
f 6041 6045 5973
f 5967 5971 6038
f 6038 5968 5967
f 5887 5971 5967
f 5967 5968 5887
f 5940 5926 5941
f 5940 5927 5926
f 5940 5941 5865
f 5865 5927 5940
f 1810 1751 1809
f 1871 1872 1809
f 1809 1872 1810
f 1809 1751 5901
f 2174 2175 2152
f 2174 2201 2176
f 2174 2173 2201
f 2152 2173 2174
f 2172 2173 2152
f 2195 2194 2171
f 2194 2199 2171
f 2170 2195 2171
f 2171 2152 2170
f 2171 2172 2152
f 2199 2172 2171
f 5878 5877 5955
f 5955 5956 5878
f 5832 5877 5878
f 5879 5832 5878
f 5878 5956 5879
f 2878 2847 2846
f 2846 2877 2878
f 2878 2880 2849
f 2849 2847 2878
f 2848 2880 2878
f 2878 2877 2848
f 5993 5988 5905
f 5905 5995 5993
f 5993 5995 6056
f 6053 5988 5993
f 5993 6055 6053
f 6056 6055 5993
f 6007 1944 1964
f 1949 1967 1964
f 1964 1967 1976
f 1976 1967 6063
f 6063 1967 6064
f 6063 1964 1976
f 6063 6064 6007
f 6007 1964 6063
f 1949 1969 1970
f 1969 6082 1970
f 1975 1965 1960
f 1960 1974 1975
f 1960 1923 1959
f 1959 1923 1962
f 6083 1959 1962
f 5942 6027 5943
f 6027 5944 5943
f 5865 5942 5943
f 1830 1768 1829
f 1830 1827 1768
f 1829 1890 1830
f 1830 1890 1835
f 1835 1827 1830
f 1829 1768 1828
f 1768 1826 1828
f 1828 1824 1829
f 1767 1715 1766
f 1766 1826 1767
f 1768 1715 1767
f 1767 1826 1768
f 1886 1893 1887
f 1886 1829 1834
f 1887 1829 1886
f 1892 1893 1832
f 1832 1831 1866
f 1773 1831 1832
f 1866 1891 1832
f 1888 1892 1832
f 1832 1891 1888
f 1874 1931 1932
f 1930 1931 1871
f 1930 1932 1931
f 1921 1875 1874
f 1921 1922 1866
f 1921 1923 1922
f 1921 1929 1923
f 1921 1866 1920
f 1920 1875 1921
f 1962 1923 1927
f 1923 1928 1927
f 6051 1962 1927
f 1927 1926 6051
f 1870 1928 1923
f 1870 1930 1871
f 1923 1929 1870
f 1929 1930 1870
f 5388 5364 5387
f 5364 5386 5387
f 444 442 454
f 454 442 5449
f 426 369 425
f 425 431 426
f 451 431 425
f 450 451 425
f 344 345 265
f 345 266 265
f 265 266 197
f 265 264 344
f 197 264 265
f 348 410 6402
f 348 271 268
f 6402 271 348
f 268 346 348
f 346 410 348
f 438 410 409
f 438 409 408
f 408 411 438
f 366 364 422
f 422 423 366
f 302 301 374
f 374 375 302
f 7832 7833 7813
f 7813 4244 7832
f 7832 4244 4267
f 7796 7819 7799
f 7799 7797 7796
f 7777 7797 7799
f 7799 4241 7777
f 7799 7821 4263
f 4267 4244 7836
f 7836 7832 4267
f 7833 7832 7836
f 7837 7818 7836
f 7818 7833 7836
f 4242 4241 4264
f 4264 4244 4242
f 4264 7799 4263
f 4241 7799 4264
f 7737 7769 7770
f 7770 7738 7737
f 7737 7738 7703
f 7737 7703 7736
f 7736 7769 7737
f 7432 7463 7474
f 7474 7471 7432
f 7432 7471 7472
f 7432 7433 7745
f 7467 7463 7428
f 7465 7466 7428
f 7428 7466 7467
f 7428 7464 7465
f 7463 7432 7428
f 7431 7464 7428
f 7428 7391 7431
f 7676 7695 7696
f 7696 7726 7727
f 7696 7695 7726
f 7653 7677 7678
f 7642 7653 7654
f 7654 7655 7642
f 7674 7692 7693
f 7693 7675 7674
f 7693 7692 7694
f 7694 7675 7693
f 5455 5483 5456
f 5456 4261 5455
f 4261 5454 5455
f 4297 4281 4280
f 4281 4256 4280
f 4280 4256 4278
f 4280 4296 4297
f 4280 4278 4296
f 4278 4256 4279
f 4255 4238 4252
f 4255 4256 4238
f 4255 4279 4256
f 4252 4278 4255
f 4278 4279 4255
f 5497 5498 5468
f 5525 5498 5497
f 5517 5488 5516
f 5492 5467 5490
f 5490 5465 5462
f 5467 5465 5490
f 4284 4283 4260
f 4284 4258 4283
f 4238 4256 4257
f 4257 4258 4238
f 4257 4256 4282
f 4282 4283 4257
f 4283 4258 4257
f 4283 5537 5514
f 4293 4321 4315
f 4315 4316 4293
f 4321 4316 4315
f 4311 4289 4290
f 4290 4289 4268
f 4268 4288 4290
f 7813 4311 4290
f 4290 4288 7813
f 7390 7820 7372
f 7372 7798 7390
f 5346 7391 7372
f 7778 7798 7372
f 7372 7802 7778
f 5348 5352 5349
f 5348 5347 5352
f 5348 5349 5346
f 5346 5347 5348
f 5353 5347 4232
f 5354 5353 4232
f 5354 5369 5355
f 5355 5347 5354
f 5347 5353 5354
f 4254 5369 4240
f 4236 4235 4240
f 4235 4254 4240
f 5369 5354 4240
f 4240 4232 4236
f 4240 5354 4232
f 4233 4249 4250
f 4250 4251 4233
f 4249 4251 4250
f 4271 4249 4272
f 4247 4269 4270
f 4233 4246 4247
f 4268 4269 4247
f 4247 4270 4271
f 4247 4245 4268
f 4247 4246 4245
f 4247 4248 4233
f 4271 4272 4247
f 4249 4248 4247
f 4247 4272 4249
f 7612 7635 7636
f 7635 7634 7636
f 7473 7432 7472
f 7433 7432 7473
f 7743 7707 7742
f 7682 7707 7708
f 7708 7707 7743
f 7681 7702 7703
f 7681 7657 7656
f 7656 7680 7681
f 7681 7680 7702
f 7682 7657 7681
f 7605 7634 7629
f 7629 7634 7635
f 7629 7612 7609
f 7629 7635 7612
f 7605 7629 7599
f 7599 7542 7605
f 7378 7379 7363
f 7378 7363 7377
f 7377 7399 7378
f 7408 7379 7407
f 7407 7399 7397
f 7397 7408 7407
f 7642 7408 7434
f 7434 7643 7642
f 7434 7408 7396
f 7434 7396 7638
f 7638 7643 7434
f 7477 7478 7435
f 7547 7478 7477
f 7435 7476 7477
f 7476 7546 7477
f 7548 7547 7549
f 7549 7484 7548
f 7548 7478 7547
f 7611 7546 7610
f 7609 7611 7610
f 7610 7545 7609
f 7546 7545 7610
f 7544 7545 7476
f 7544 7476 7642
f 7642 7660 7543
f 7660 7607 7543
f 7543 7544 7642
f 7607 7544 7543
f 7502 7567 7568
f 7503 7502 7568
f 7568 7566 7503
f 7563 7566 7568
f 7568 7567 7563
f 7577 7573 7620
f 7618 7577 7620
f 7620 7619 7618
f 7620 7573 7572
f 7572 7619 7620
f 7595 7596 7521
f 7626 7596 7595
f 7595 7521 7594
f 7594 7626 7595
f 7582 7511 7583
f 7583 7508 7582
f 7426 7457 7459
f 7457 7508 7459
f 5518 5532 5533
f 5503 5532 5518
f 5533 5519 5518
f 5506 5519 5533
f 5475 5505 5506
f 5506 5505 5520
f 5520 5519 5506
f 5506 5507 5475
f 5533 5507 5506
f 5498 5527 5528
f 5500 5499 5528
f 5528 5499 5498
f 5528 5529 5500
f 5544 5529 5528
f 5528 5527 5544
f 5540 5526 5541
f 5541 5521 5540
f 5526 5521 5541
f 5542 5526 5525
f 5542 5521 5526
f 5525 5523 5542
f 5523 5521 5542
f 4401 5539 4370
f 5539 5521 4370
f 4307 5492 5517
f 4307 5521 5492
f 4307 5537 4283
f 4282 4305 4307
f 4307 4283 4282
f 5492 5521 5493
f 5493 5467 5492
f 5383 5364 5363
f 5383 5386 5364
f 5425 5423 5459
f 5423 5457 5459
f 5459 5460 5425
f 5456 5460 5459
f 5459 5457 5456
f 5439 5416 5438
f 5463 5465 5437
f 5437 5438 5416
f 5437 5465 5439
f 5439 5438 5437
f 5374 5373 5396
f 5374 5358 5357
f 5357 5373 5374
f 5374 5375 5358
f 5397 5375 5374
f 5464 5426 5463
f 7519 7592 7593
f 7593 7586 7585
f 7593 7585 7594
f 7593 7520 7519
f 7594 7520 7593
f 7512 7584 7585
f 7585 7586 7512
f 7511 7584 7512
f 7512 7586 7513
f 7513 7459 7512
f 7512 7459 7511
f 7513 7586 7587
f 5349 5358 5356
f 7519 7520 5356
f 7520 5349 5356
f 5378 5379 5361
f 5378 5381 5363
f 5363 5379 5378
f 5399 5375 5397
f 5381 5400 5399
f 5399 5400 5375
f 5350 7427 7462
f 7462 5360 5350
f 7513 7514 7460
f 7460 7459 7513
f 7460 7461 7426
f 7426 7459 7460
f 5360 7462 5359
f 7427 7458 5359
f 5359 7462 7427
f 5365 88 5368
f 5368 88 54
f 29 5365 5368
f 5368 54 29
f 58 54 90
f 90 89 58
f 54 89 90
f 428 376 427
f 427 386 428
f 376 386 427
f 383 384 312
f 312 384 316
f 316 313 312
f 313 229 312
f 312 311 383
f 312 229 311
f 429 402 393
f 429 384 402
f 393 390 429
f 316 390 391
f 391 318 316
f 390 318 391
f 231 317 232
f 156 231 232
f 256 254 333
f 333 335 256
f 335 257 256
f 256 255 254
f 185 257 186
f 185 184 182
f 185 256 257
f 185 186 120
f 120 184 185
f 182 255 185
f 255 256 185
f 223 292 293
f 293 294 223
f 292 294 293
f 227 226 305
f 305 304 227
f 101 152 153
f 153 154 101
f 153 226 227
f 227 154 153
f 303 306 379
f 379 306 310
f 309 303 379
f 379 310 309
f 228 306 307
f 315 382 385
f 385 382 378
f 378 377 385
f 385 386 315
f 385 377 386
f 5449 284 358
f 217 281 282
f 282 281 275
f 5470 5439 5469
f 5520 5504 5491
f 5491 5519 5520
f 5491 5518 5519
f 5504 5505 5474
f 5474 5505 5475
f 5475 5448 5474
f 5474 5448 5447
f 5447 5443 5474
f 5471 5491 5504
f 5416 5443 5417
f 5417 5387 5416
f 5388 5387 5417
f 5417 5420 5388
f 209 210 141
f 213 149 142
f 5453 5421 5420
f 5453 355 5421
f 5421 355 350
f 5333 5343 5344
f 5333 5344 328
f 5332 5343 5333
f 5333 328 5332
f 328 5344 400
f 400 2210 328
f 399 2210 2213
f 2214 2215 2213
f 2213 2215 399
f 189 192 129
f 129 183 189
f 188 260 189
f 189 260 192
f 189 120 188
f 189 183 120
f 6379 901 6380
f 6379 6380 6340
f 6340 6338 6379
f 6369 901 6379
f 6379 6338 6369
f 5287 5284 5315
f 5285 5258 5286
f 5285 5250 5261
f 5286 5250 5285
f 5261 5260 5285
f 5318 5319 110
f 5305 5304 110
f 110 5319 5305
f 5272 5304 5305
f 110 5304 5337
f 5337 5336 110
f 5337 5304 5303
f 5303 5336 5337
f 102 95 148
f 148 93 102
f 148 95 94
f 94 93 148
f 107 106 160
f 106 159 160
f 158 159 101
f 158 101 157
f 157 235 158
f 158 236 237
f 235 236 158
f 2338 2339 2295
f 2295 2337 2338
f 2338 2337 2339
f 2296 2263 2297
f 2263 2262 2297
f 2297 2261 2296
f 2297 2262 2261
f 2233 2266 2267
f 2267 2268 2233
f 2267 2266 2264
f 2264 2268 2267
f 2299 2298 2341
f 2341 2342 2299
f 2342 2343 2299
f 2299 2335 2336
f 2299 2343 2344
f 2344 2335 2299
f 2299 2294 2332
f 2299 2336 2294
f 2332 2300 2299
f 2299 2300 2265
f 2265 2298 2299
f 2389 2342 2388
f 2389 2343 2342
f 2389 2388 2344
f 2344 2343 2389
f 2346 2396 2386
f 2386 2385 2346
f 2387 2342 2386
f 2386 2396 2387
f 2386 2342 2341
f 2341 2385 2386
f 2407 2402 2401
f 2406 2402 2407
f 2401 2449 2407
f 2357 2406 2407
f 2407 2408 2357
f 2407 2449 2408
f 2454 2455 2414
f 2414 2415 2363
f 2455 2415 2414
f 2363 2411 2412
f 2412 2411 2454
f 2464 2424 2441
f 2464 2465 2424
f 2464 2487 2465
f 2463 2487 2464
f 5282 2457 5311
f 5311 5312 5282
f 5310 2457 2486
f 2486 5312 5310
f 5310 5311 2457
f 5312 5311 5310
f 2440 2477 2478
f 2478 2480 2441
f 2478 2484 2480
f 2477 2484 2478
f 5235 5275 5276
f 5309 5279 5276
f 5239 5235 5276
f 5276 5240 5239
f 5276 5279 5240
f 5306 5275 5307
f 5274 5275 2364
f 5307 5275 5274
f 2364 5306 5274
f 5274 5306 5307
f 6232 6286 6287
f 6287 6288 6232
f 6286 6288 6287
f 6289 6290 6232
f 6232 6288 6289
f 6339 6290 6289
f 6289 6288 6339
f 6369 6376 6403
f 6403 923 6369
f 6403 6375 923
f 3409 3392 3389
f 3389 3388 3409
f 3409 3388 3410
f 3410 3340 3409
f 3409 3340 3392
f 6137 6119 6136
f 6136 3144 6137
f 3114 3117 3118
f 3115 3110 3114
f 6315 6256 6309
f 6243 6308 6309
f 6309 6308 6315
f 6309 6256 6312
f 6309 6312 6246
f 6246 6245 6309
f 6309 6245 6243
f 6306 6242 6240
f 6306 6308 6242
f 6240 6305 6306
f 6317 6308 6306
f 6306 6262 6317
f 6306 6305 6262
f 6261 6318 6262
f 6260 6318 6261
f 6261 6262 6203
f 6203 6260 6261
f 6223 6224 6179
f 6179 6222 6223
f 6273 6224 6223
f 6223 6222 6273
f 6217 6218 6178
f 6178 6216 6217
f 6214 6218 6217
f 6217 6216 6214
f 3330 3329 6368
f 6368 6401 3330
f 6367 6401 6368
f 6328 6329 6265
f 6265 6205 6264
f 6264 6328 6265
f 6331 6327 6332
f 6332 6268 6331
f 6328 6327 6331
f 6331 6268 6328
f 6266 6268 6206
f 6329 6268 6266
f 6266 6265 6329
f 6206 6205 6266
f 6205 6265 6266
f 6392 6383 6361
f 6392 6390 6383
f 3116 3110 3115
f 3116 1162 1199
f 3116 1159 1162
f 3116 3121 1159
f 3115 3121 3116
f 3108 3109 3110
f 3108 3110 1162
f 1261 3109 3108
f 1162 1261 3108
f 1506 930 1503
f 1572 930 1506
f 1506 1431 1444
f 1444 1571 1506
f 1571 1572 1506
f 932 950 946
f 946 950 967
f 946 947 932
f 946 966 947
f 933 945 951
f 951 950 933
f 951 1512 1437
f 951 945 944
f 944 1512 951
f 978 977 951
f 951 977 975
f 975 950 951
f 1437 978 951
f 967 950 965
f 965 995 969
f 966 946 965
f 1283 1310 1284
f 1284 1310 6201
f 6202 1283 1284
f 1284 6201 6202
f 1339 1338 1394
f 1300 1338 1339
f 1280 1299 1300
f 1303 1281 1280
f 1280 1302 1303
f 1280 1266 1277
f 1280 1281 1266
f 996 1026 1027
f 1027 1028 997
f 997 996 1027
f 1352 1375 1325
f 1325 1311 1352
f 1043 1007 1045
f 1007 1510 1045
f 1434 1375 1045
f 1045 1510 1434
f 1067 1066 1351
f 1351 1311 1067
f 1066 1352 1351
f 1351 1352 1311
f 1272 1276 1263
f 1263 1262 1272
f 1285 1276 1272
f 1272 1262 1258
f 1258 1271 1272
f 1272 1271 1285
f 1346 1308 1345
f 1347 1308 1346
f 1464 1461 1402
f 1461 1399 1402
f 1461 1465 1460
f 1460 1399 1461
f 1389 1336 1388
f 1390 1337 1389
f 1337 1336 1389
f 1389 1449 1390
f 1448 1449 1389
f 1388 1336 1335
f 1335 1387 1388
f 1335 1334 1387
f 1336 1299 1335
f 1299 1334 1335
f 1333 1334 1299
f 1328 1383 1333
f 1333 1299 1328
f 1333 1383 1386
f 1386 1334 1333
f 1008 1010 1009
f 973 1004 979
f 979 1008 1009
f 1004 1008 979
f 979 1009 980
f 980 952 979
f 1037 1046 1040
f 1040 1004 1037
f 1046 1008 1040
f 1040 1008 1004
f 973 1002 1003
f 1003 1004 973
f 1003 1002 1001
f 1003 1001 1037
f 1037 1004 1003
f 1082 1036 1035
f 1084 1036 1082
f 1082 1035 1081
f 1081 1086 1082
f 1082 1086 1037
f 1037 1084 1082
f 1190 1150 1170
f 1170 1150 1136
f 1184 1171 1185
f 1185 1144 1184
f 1184 1144 1182
f 1126 1127 1077
f 1126 1165 1127
f 1125 1165 1126
f 1077 1076 1126
f 1126 1076 1125
f 1138 1167 1172
f 1167 1173 1172
f 1172 1139 1138
f 1172 1173 1139
f 1124 1075 1122
f 3263 3264 3211
f 3211 3262 3263
f 3332 3324 3264
f 3332 3262 3324
f 3264 3263 3332
f 3332 3263 3262
f 3200 3197 3252
f 3252 3206 3200
f 3197 3206 3252
f 3198 3253 3210
f 3210 3159 3198
f 3210 3253 3211
f 3211 3159 3210
f 3264 3338 3339
f 3339 3265 3264
f 3338 3265 3339
f 3336 3337 3264
f 3267 3337 3336
f 3336 3343 3267
f 3336 3264 3335
f 3211 3267 3268
f 3268 3269 3211
f 3268 3267 3345
f 3311 3269 3268
f 3268 3345 3280
f 3280 3311 3268
f 3211 3269 3270
f 3269 3346 3270
f 3270 3346 3309
f 6470 6468 6452
f 7175 6452 6451
f 2904 2899 2903
f 6799 6828 6800
f 6800 6780 6799
f 6800 6801 6780
f 6831 6868 6832
f 6832 6870 6833
f 6833 6801 6832
f 6801 6800 6832
f 6832 6800 6831
f 6862 6911 6863
f 6862 6863 6828
f 6828 6861 6862
f 6910 6911 6862
f 6862 6860 6910
f 6861 6860 6862
f 6865 6863 6912
f 6916 6866 6915
f 6916 6870 6917
f 6916 6915 6870
f 6917 6868 6913
f 6913 6916 6917
f 6866 6916 6913
f 6912 6975 6914
f 6914 6865 6912
f 6866 6865 6914
f 6914 6975 6976
f 6976 6977 6914
f 6914 6977 6918
f 6754 6767 6768
f 6782 6766 6764
f 6782 6767 6766
f 6782 6768 6767
f 3083 6768 6784
f 6859 6858 6906
f 6858 6905 6906
f 6906 717 6859
f 6906 6905 717
f 6820 6860 6821
f 642 6820 6821
f 6821 6827 6822
f 6860 6827 6821
f 6821 6793 642
f 6822 6793 6821
f 720 6859 6818
f 6859 6819 6818
f 642 720 6818
f 6818 6819 642
f 1695 1698 1742
f 1742 1698 1749
f 1743 1695 1742
f 1742 1749 1743
f 1763 1764 1712
f 1763 1821 1764
f 1818 1821 1763
f 1774 1818 1763
f 1763 1720 1774
f 1721 1720 1763
f 1763 1712 1721
f 1837 1792 1822
f 1884 1837 1822
f 1822 1821 1884
f 1764 1821 1822
f 1822 1792 1764
f 1802 1801 1861
f 1802 1745 1801
f 1803 1745 1802
f 1802 1862 1803
f 1802 1865 1862
f 1859 1915 1863
f 1861 1859 1863
f 1863 1802 1861
f 1918 1919 1866
f 1866 1865 1918
f 1682 1681 1733
f 6857 1683 1682
f 1682 1683 1651
f 1651 1681 1682
f 1682 1733 1734
f 1734 6857 1682
f 1659 1693 1660
f 1660 1693 1694
f 1637 1659 1660
f 1660 1661 1637
f 1660 1694 1661
f 1735 1684 1701
f 1662 1700 1701
f 1700 1735 1701
f 1701 1664 1662
f 1701 1684 1664
f 3987 3984 3924
f 3924 3986 3987
f 3987 3986 3984
f 4046 4045 4093
f 3984 4045 4046
f 4093 4045 4094
f 4094 4045 4053
f 4053 4052 4094
f 3985 4047 4048
f 4048 4045 3985
f 4048 4047 4095
f 4095 4045 4048
f 3883 3882 3944
f 3944 3882 3943
f 3943 3991 3944
f 3944 3991 3993
f 3998 4052 4053
f 4053 4054 3998
f 3998 4004 3996
f 3998 4054 4004
f 3059 3036 3023
f 3023 3006 3024
f 3023 3036 3006
f 3022 3057 3023
f 3023 3058 3059
f 3057 3058 3023
f 3024 2985 3023
f 3023 2985 3022
f 4154 4100 4105
f 4154 4097 4153
f 4154 4105 4097
f 4203 4154 4153
f 4057 4102 4101
f 4055 4100 4101
f 4101 4102 4055
f 3033 2991 3032
f 3031 3015 3032
f 3032 3015 3033
f 2996 3031 3032
f 3032 2991 2996
f 5296 5322 5323
f 5296 5295 5322
f 5296 5323 5297
f 5297 5267 5296
f 5267 5295 5296
f 5326 2488 2470
f 5325 2488 5326
f 5326 2470 5299
f 5299 5325 5326
f 5280 2457 5241
f 5241 5279 5280
f 5174 5173 5181
f 5181 5175 5174
f 5174 5143 5173
f 5175 5143 5174
f 5181 5171 5209
f 5209 5171 5178
f 5209 5177 5181
f 5178 5177 5209
f 5178 5171 5179
f 5179 5171 5180
f 5179 5143 5178
f 5180 5143 5179
f 5170 5171 5142
f 5180 5171 5170
f 5142 5143 5170
f 5170 5143 5180
f 5166 5173 5167
f 5173 5143 5167
f 5143 5168 5167
f 5167 5141 5166
f 5167 5168 5141
f 1488 1418 1489
f 1489 1417 1488
f 5104 5106 5107
f 5104 1489 1418
f 1417 1489 5104
f 5105 5106 5104
f 1359 5105 5104
f 5104 1418 1359
f 1488 1417 5109
f 5118 5117 5109
f 1554 1488 5109
f 5109 5117 1554
f 5107 5115 5108
f 5108 5104 5107
f 1417 5104 5108
f 5108 5109 1417
f 1598 1597 1535
f 1598 1531 1597
f 3536 3551 3537
f 3551 3538 3537
f 3537 3530 3536
f 3537 3538 3530
f 3673 3723 3724
f 3724 3706 3673
f 3749 3706 3724
f 3669 3674 3716
f 3806 3809 3807
f 3809 3754 3807
f 3753 3807 3754
f 3709 3753 3710
f 3710 3753 3754
f 3543 3572 7823
f 3543 3571 3572
f 3543 7823 3570
f 3570 3571 3543
f 7727 7733 7765
f 7765 7766 7727
f 7733 7766 7765
f 7732 7766 7733
f 7703 7702 7732
f 7732 7733 7703
f 7732 7702 7727
f 7727 7766 7732
f 4436 3972 4032
f 3972 4031 4032
f 3801 3802 3746
f 3814 3802 3801
f 3776 3838 3835
f 3835 3875 3893
f 3838 3875 3835
f 3835 3770 3776
f 3835 3827 3770
f 3830 3827 3835
f 3835 3831 3830
f 3835 3893 3831
f 3931 3935 3932
f 3866 3838 3803
f 3866 3875 3838
f 3803 3865 3866
f 3865 3875 3866
f 3811 3875 3876
f 3756 3813 3814
f 3773 3730 3727
f 3727 3772 3773
f 3836 3899 3839
f 3839 3783 3782
f 3898 3844 3839
f 3839 3899 3898
f 3845 3841 3901
f 3901 3840 3900
f 3901 3841 3840
f 3901 3900 3952
f 3952 3953 3901
f 3953 3905 3901
f 3846 3845 3905
f 3846 3786 3845
f 3846 3905 3847
f 3847 3786 3846
f 4384 4349 4383
f 4383 4381 4384
f 4349 4381 4383
f 4404 4426 4427
f 4427 4407 4404
f 4426 4407 4427
f 3967 3908 3966
f 3966 4407 3967
f 3968 3908 3967
f 3967 4407 3968
f 4216 4187 6689
f 6689 4217 4216
f 4216 4217 4187
f 4187 4218 4188
f 4188 4135 4187
f 4148 4198 7308
f 7308 4090 4148
f 4090 4147 4148
f 6671 6708 6709
f 6676 6708 6671
f 6709 6707 6671
f 6671 6707 6672
f 6698 6725 6726
f 6725 6724 6726
f 6726 6724 6713
f 6713 6727 6726
f 6705 6701 6700
f 6700 6701 6665
f 6550 6549 6597
f 6597 6599 6550
f 6510 6508 6550
f 6508 6549 6550
f 6676 6671 6635
f 6635 6671 6672
f 6672 6673 6635
f 6674 6673 6710
f 6675 6635 6674
f 6674 6635 6673
f 6712 6680 6674
f 6674 6680 6704
f 4080 4022 4079
f 4080 4026 4022
f 4079 4027 4080
f 4027 4025 4080
f 4191 4192 4140
f 4190 4191 4140
f 4140 4077 4076
f 4076 4139 4140
f 4140 4139 4190
f 4140 4141 4077
f 4140 4192 4141
f 4078 4081 4027
f 4077 4081 4078
f 4078 4027 4079
f 4079 4022 4078
f 4022 4077 4078
f 4028 3971 4027
f 4027 4081 4028
f 4029 3971 4028
f 4028 4081 4082
f 4028 4034 4029
f 4028 4082 4034
f 4121 4122 4070
f 4169 4122 4121
f 4070 4119 4121
f 4121 4119 4169
f 4070 4122 4123
f 4114 4113 4115
f 4115 4113 4070
f 4116 4067 4115
f 4115 4066 4114
f 4067 4066 4115
f 4205 4168 4206
f 3952 4012 4013
f 4013 4014 3952
f 4012 4066 4013
f 4013 4066 4067
f 4013 4018 4014
f 4013 4067 4018
f 4171 4172 4124
f 4116 4115 4124
f 4072 4116 4124
f 4124 4122 4171
f 4124 4123 4122
f 4070 4123 4124
f 4124 4115 4070
f 4205 4210 4208
f 4210 4173 4208
f 4057 4107 4108
f 4164 4165 4107
f 3911 3970 3912
f 3911 3912 3852
f 3852 3910 3911
f 3911 3910 3958
f 4025 3970 3969
f 3969 4021 4026
f 3970 3911 3969
f 3958 4021 3969
f 3969 3911 3958
f 4185 4183 4187
f 4125 4173 4174
f 4174 4173 4175
f 4174 6649 4125
f 4175 6649 4174
f 6720 4177 6716
f 6716 6690 6720
f 4177 6690 6716
f 6685 6686 6651
f 6651 6686 6652
f 6651 6650 6643
f 6615 6650 6651
f 6651 6652 6615
f 6643 6646 6651
f 6646 6685 6651
f 4177 4176 6687
f 6687 4176 6652
f 6687 6690 4177
f 6652 6690 6687
f 4213 4212 4187
f 4213 4180 4212
f 4213 4187 4214
f 4214 4183 4213
f 4183 4181 4213
f 4181 4180 4213
f 4212 4211 4215
f 6689 4187 4215
f 4187 4212 4215
f 4215 4211 6720
f 6684 6645 6683
f 6646 6645 6684
f 6683 6686 6684
f 6684 6686 6646
f 4098 4096 4062
f 4062 4099 4098
f 4053 4096 4098
f 4098 4099 4053
f 4062 4096 4111
f 4096 4152 4111
f 4097 4105 4155
f 4155 4152 4097
f 4155 4111 4152
f 4057 4000 4056
f 4056 4000 4055
f 4056 4102 4057
f 4055 4102 4056
f 4055 4000 3999
f 3999 4000 3949
f 3999 4003 4055
f 3949 4003 3999
f 3882 3826 3825
f 3824 3881 3825
f 3825 3881 3882
f 3951 4002 4010
f 4010 4007 3951
f 4002 4007 4010
f 4002 4001 4058
f 4058 4007 4002
f 4058 4001 4057
f 4118 4069 4117
f 4069 4120 4117
f 4117 4164 4118
f 4057 4108 4109
f 4165 4164 4109
f 4107 4165 4109
f 4109 4108 4107
f 4109 4117 4120
f 4164 4117 4109
f 4068 4069 4017
f 4017 4064 4068
f 4068 4064 4069
f 4110 4064 4057
f 4057 4109 4110
f 4110 4109 4120
f 4167 4119 4118
f 4168 4119 4167
f 4167 4206 4168
f 6537 6499 6503
f 6503 6538 6537
f 6536 6499 6537
f 4222 6538 6539
f 4222 4223 4204
f 6614 6582 6620
f 6620 6582 6588
f 6615 6614 6620
f 6620 6588 6615
f 3771 3829 3836
f 3771 3772 3726
f 3836 3772 3771
f 3771 3726 3769
f 3769 3829 3771
f 3898 3836 3897
f 3828 3890 3891
f 3891 3890 3898
f 3898 3897 3891
f 3891 3897 3947
f 3989 3925 3988
f 3990 3997 3988
f 3929 3990 3988
f 3988 3925 3929
f 4004 3989 3988
f 3996 4004 3988
f 3988 3997 3996
f 3817 3877 3878
f 3878 3877 3936
f 3878 3936 3938
f 3938 3879 3878
f 3878 3879 3817
f 3880 3879 3940
f 3940 3941 3880
f 3940 3882 3941
f 3943 3882 3940
f 3995 3944 3994
f 3994 3944 3993
f 7001 7086 7079
f 7079 6999 7001
f 7079 7086 7137
f 6933 6875 6932
f 6432 7004 7089
f 7081 7140 7089
f 570 575 528
f 525 7195 570
f 570 528 525
f 7124 7123 7169
f 7169 7170 7124
f 7067 7123 7124
f 7125 7068 7124
f 7124 7068 7067
f 7066 7063 7122
f 7169 7123 7122
f 7122 7067 7066
f 7122 7123 7067
f 7134 7115 7165
f 7115 7131 7165
f 7165 7133 7134
f 7165 7131 7133
f 7078 7077 7132
f 7132 7131 7078
f 7132 7077 7075
f 7075 7131 7132
f 6967 7045 7046
f 7046 7047 6967
f 7046 7045 7049
f 7049 7047 7046
f 7044 7045 6967
f 6967 7043 7044
f 7044 7043 7045
f 7185 7199 7186
f 7199 7187 7186
f 6534 7185 7186
f 7186 7187 6534
f 7181 7160 7194
f 7181 7194 7198
f 7181 7182 7147
f 7147 7160 7181
f 7200 7182 7181
f 7181 7199 7200
f 7198 7199 7181
f 7202 7207 7208
f 7208 7205 7202
f 7202 7205 7194
f 7194 7203 7202
f 7191 7192 7155
f 7191 7203 7192
f 7191 7202 7203
f 7155 7190 7191
f 7191 7190 7189
f 6498 6541 6503
f 6524 6541 6498
f 6503 6502 6498
f 6502 6501 6498
f 7210 7206 7208
f 7208 6572 7210
f 6613 6575 6612
f 6612 6590 6613
f 6613 6590 6575
f 6508 6533 6546
f 6533 6576 6546
f 6574 6575 6532
f 6532 6531 6574
f 6575 6546 6532
f 6532 6546 6576
f 6489 6531 6532
f 6533 6489 6532
f 6532 6576 6533
f 6485 6525 6486
f 6486 6487 6466
f 6466 6489 6490
f 6466 6485 6486
f 6460 6447 6466
f 6490 6478 6466
f 6466 6478 6460
f 6526 6487 6525
f 6811 6812 6785
f 6785 6810 6811
f 6811 6810 6812
f 6812 6810 6849
f 6849 6893 6897
f 6849 6810 6809
f 6897 6850 6849
f 6849 6850 6812
f 6848 6893 6849
f 6849 6809 6848
f 6949 6950 6890
f 6950 6951 6890
f 6846 6889 6890
f 6890 6891 6846
f 6890 6951 6891
f 6890 6888 6949
f 6889 6888 6890
f 7028 6953 7027
f 7027 6953 6960
f 6945 6944 7013
f 7013 7018 6945
f 7013 6944 6941
f 7019 7018 7013
f 7013 7024 7019
f 6693 6692 6721
f 6692 7024 6721
f 2504 6693 6721
f 6721 7024 2504
f 3019 2985 3020
f 3056 3054 3053
f 3056 3057 3022
f 3053 3058 3056
f 3056 3058 3057
f 3052 3058 3053
f 3084 3052 3982
f 4092 4149 4091
f 2942 2974 2972
f 2949 2974 2942
f 2918 2949 2942
f 2942 2916 2918
f 2972 2938 2942
f 2938 2916 2942
f 3004 2974 2985
f 3005 2967 3004
f 3004 2985 3005
f 3020 3018 2984
f 2984 3019 3020
f 2982 2985 2949
f 2982 3018 2985
f 2982 2984 3018
f 2949 2948 2982
f 2948 2984 2982
f 2945 2958 2978
f 2978 2979 2945
f 2978 2958 2956
f 2995 2994 2980
f 2980 2979 2995
f 2956 2994 2995
f 2995 2978 2956
f 2979 2978 2995
f 6455 6456 6443
f 6455 2932 2933
f 6455 6476 2932
f 6475 6476 6455
f 6443 6462 6455
f 6474 6475 6455
f 2936 2937 2915
f 2915 2935 2936
f 2918 2904 2915
f 2904 2903 2915
f 6443 6456 2915
f 2960 2959 2977
f 2977 2997 2960
f 2933 2959 2960
f 2960 2961 2933
f 6431 6433 6434
f 6433 6435 6434
f 6458 6443 6448
f 6448 6447 6458
f 2902 2903 2899
f 7176 7175 6449
f 6449 7175 6451
f 6454 6463 6445
f 6468 6463 6454
f 7152 6433 6432
f 6432 7089 7152
f 7152 7089 7140
f 7152 6435 6433
f 6496 6501 6474
f 6474 6472 6496
f 6496 6498 6501
f 6472 6498 6496
f 6497 6484 6524
f 6472 6484 6497
f 6524 6498 6497
f 6497 6498 6472
f 6519 6480 6518
f 6522 6484 6483
f 6522 6521 6484
f 6483 6481 6522
f 6481 6521 6522
f 2931 6476 2910
f 2930 2931 2910
f 2910 6476 2901
f 4201 2929 2910
f 2910 2929 2930
f 6500 6475 6474
f 6500 6476 6475
f 6474 6499 6500
f 2922 2923 2921
f 2924 2923 7009
f 2905 2923 2924
f 2921 2905 2919
f 2919 2920 2921
f 3007 2970 2969
f 2969 2970 2938
f 2938 2968 2969
f 2969 2968 2967
f 3000 3007 2969
f 2969 2967 3000
f 3010 2970 3009
f 3043 3008 3042
f 3042 3062 3043
f 6754 6768 3104
f 3104 6768 3083
f 3082 3060 6738
f 3082 3081 3060
f 6738 6745 3082
f 6754 3104 3082
f 6745 6744 3082
f 6744 6754 3082
f 3082 3104 3083
f 759 762 687
f 759 761 762
f 759 687 686
f 686 761 759
f 765 691 690
f 690 691 606
f 784 844 785
f 784 785 710
f 710 783 784
f 784 783 781
f 781 844 784
f 1636 457 1631
f 1636 1644 457
f 1631 1635 1636
f 1636 1635 1643
f 1643 1644 1636
f 816 744 743
f 743 742 816
f 744 673 743
f 743 673 672
f 672 742 743
f 792 723 791
f 748 820 791
f 791 723 748
f 850 852 792
f 850 849 852
f 792 791 850
f 850 791 820
f 786 711 782
f 786 787 711
f 820 787 786
f 786 850 820
f 849 850 786
f 865 852 867
f 867 849 865
f 852 849 867
f 866 846 865
f 865 849 866
f 866 849 846
f 746 673 745
f 745 674 746
f 746 674 673
f 461 2802 2837
f 2872 2873 2837
f 2837 457 461
f 2837 2873 457
f 2866 2865 2891
f 500 543 544
f 544 541 500
f 543 541 544
f 667 666 664
f 590 663 664
f 663 667 664
f 591 541 590
f 590 664 591
f 591 592 545
f 545 541 591
f 857 811 807
f 807 806 857
f 806 813 857
f 812 813 738
f 738 811 812
f 812 857 813
f 811 857 812
f 1535 1597 6171
f 6171 6170 1535
f 6171 1597 6141
f 6141 6170 6171
f 1349 1409 1350
f 1350 1309 1349
f 1349 1308 1348
f 1309 1308 1349
f 6212 1409 1467
f 1552 1538 1553
f 1415 1416 1357
f 1473 1416 1415
f 6112 6116 6114
f 6114 6099 6112
f 6125 1552 6114
f 6114 6116 6125
f 1314 8 6084
f 17 16 6084
f 6084 8 17
f 17 8 16
f 21 37 38
f 38 37 74
f 38 39 21
f 74 39 38
f 73 37 72
f 72 114 73
f 74 37 73
f 73 114 74
f 6335 6284 6283
f 6283 6333 6335
f 6376 6336 6378
f 6337 6338 6286
f 6286 6336 6337
f 6369 6338 6337
f 6337 6336 6369
f 137 6405 83
f 6371 6405 205
f 6404 6407 6371
f 6371 6402 6404
f 6334 127 6371
f 6371 127 83
f 83 6405 6371
f 6371 6375 6334
f 6407 6375 6371
f 197 267 198
f 198 134 197
f 267 134 198
f 199 267 200
f 200 134 199
f 199 134 267
f 133 134 83
f 196 134 195
f 134 133 195
f 195 133 131
f 83 48 81
f 81 48 47
f 315 260 259
f 259 260 187
f 259 258 315
f 259 187 258
f 80 122 123
f 79 77 80
f 77 122 80
f 80 47 79
f 80 81 47
f 123 124 80
f 80 124 83
f 83 81 80
f 6272 6227 6279
f 6279 6225 6272
f 6227 6225 6279
f 127 190 125
f 6182 6174 6165
f 6165 6210 6182
f 24 48 49
f 51 27 49
f 49 27 24
f 49 48 82
f 6105 6111 6098
f 6098 6090 6105
f 6098 6099 6088
f 6112 6099 6098
f 6098 6111 6112
f 6146 6127 6145
f 6145 6138 6146
f 6116 6111 6117
f 6117 6104 6116
f 6111 6104 6117
f 6101 6090 6089
f 6091 6092 6084
f 6084 6090 6091
f 6090 6098 6091
f 6104 6090 6103
f 6103 6102 6104
f 6090 6102 6103
f 85 6121 86
f 82 6121 85
f 86 49 85
f 85 49 82
f 50 27 52
f 52 87 50
f 86 87 52
f 52 27 51
f 51 49 52
f 52 49 86
f 6086 6087 16
f 16 6085 6086
f 6086 6085 6087
f 4 1410 1471
f 1411 4 1471
f 1411 1472 3
f 3 4 1411
f 1479 1413 1478
f 1478 1472 1479
f 1479 1472 1413
f 1414 1357 1413
f 1563 1498 1494
f 1494 1562 1563
f 1563 1562 1498
f 1564 1565 1499
f 1564 1562 1565
f 1499 1498 1564
f 1498 1562 1564
f 1583 1521 1520
f 1520 1449 1519
f 5684 5688 5662
f 5683 5688 5684
f 5684 5662 5661
f 5661 5660 5684
f 5660 5683 5684
f 2098 2097 2120
f 2098 2082 2081
f 2081 2097 2098
f 2118 2120 2119
f 2096 2118 2119
f 5907 2084 2107
f 6059 6032 2107
f 2107 2126 6059
f 6032 2138 2139
f 2743 5606 5587
f 5589 5583 5578
f 5596 5583 5589
f 2047 2042 2046
f 2054 5798 2047
f 2047 2053 2054
f 2046 2053 2047
f 2065 2051 2063
f 2065 2066 2051
f 2065 2063 2078
f 2068 2066 2065
f 2078 2079 2065
f 2065 2079 2068
f 2046 2051 2052
f 2052 2053 2046
f 2068 2053 2052
f 2099 5586 5585
f 5585 5595 2099
f 5582 5595 5585
f 5585 5581 5582
f 5585 5586 5575
f 5575 5581 5585
f 4881 4890 4983
f 4983 4890 4991
f 4984 4952 4881
f 4984 5048 4952
f 4881 4983 4984
f 4984 4983 4991
f 4984 4991 5065
f 5065 5066 4984
f 4984 5066 5067
f 5067 5048 4984
f 5789 5765 5764
f 5764 5773 5789
f 5789 5773 5765
f 4941 4940 5043
f 4940 5042 5043
f 5043 5040 5093
f 5043 5042 5040
f 4942 4941 5043
f 5043 5044 4942
f 5043 5093 5092
f 5092 5044 5043
f 4891 4890 4788
f 4788 4892 4891
f 4787 4890 4891
f 4891 4892 4787
f 4799 4889 4909
f 4909 4800 4799
f 4888 4889 4787
f 5615 5593 5614
f 5616 5593 5615
f 5614 5637 5615
f 5615 5637 5616
f 4833 4933 4834
f 4735 4829 4741
f 4829 4740 4741
f 4741 4657 4735
f 4828 4829 4735
f 4735 4827 4828
f 4828 4827 4931
f 4828 4931 4833
f 4833 4829 4828
f 4754 4665 4753
f 4754 4748 4665
f 4840 4748 4754
f 4754 4846 4840
f 4654 4740 4742
f 4742 4655 4654
f 4742 4740 4833
f 4833 4834 4742
f 4743 4655 4742
f 4742 4834 4743
f 4498 4536 4537
f 4593 4533 4530
f 4593 4592 4533
f 4530 4529 4593
f 4529 4592 4593
f 4530 4533 4532
f 4532 4493 4530
f 4533 4493 4532
f 3381 3448 3449
f 3382 3307 3381
f 3378 3382 3381
f 4490 3438 3484
f 4531 4490 4530
f 4530 4491 4531
f 4531 4491 4490
f 4460 4493 4494
f 4494 4493 4533
f 3226 3285 3286
f 3285 3359 3286
f 3359 3360 3286
f 3286 3287 3226
f 3286 3360 3287
f 3186 3179 3143
f 3182 3183 3143
f 3181 3186 3143
f 3143 3183 3184
f 3143 3142 3181
f 3124 3142 3143
f 3143 3136 3124
f 3143 3166 3136
f 4528 4527 4525
f 4487 4527 4528
f 4525 4488 4528
f 4528 4488 4487
f 2072 2056 5089
f 5089 2089 2072
f 2089 2086 2072
f 2071 2056 2072
f 2072 2086 2071
f 4854 4954 4855
f 4855 4954 4953
f 4953 4955 4855
f 4855 4955 4858
f 4855 4858 4763
f 4607 4604 4670
f 4761 4764 4856
f 4761 4671 4764
f 4856 4857 4761
f 4857 4767 4761
f 4793 4792 4900
f 4792 4899 4900
f 4851 4947 4852
f 4850 4947 4851
f 4756 4848 4849
f 4849 4757 4756
f 4756 4757 4667
f 4667 4755 4756
f 4756 4755 4848
f 4670 4759 4760
f 4854 4855 4760
f 4760 4671 4670
f 4853 4854 4760
f 4760 4759 4850
f 4850 4851 4760
f 4760 4852 4853
f 4760 4851 4852
f 4767 4768 4674
f 4674 4761 4767
f 4863 4911 4802
f 4802 4803 4716
f 4802 4911 4803
f 4715 4628 4627
f 4545 4603 4604
f 4602 4603 4545
f 4470 4504 4507
f 1233 1232 1212
f 1208 1183 1212
f 1212 1209 1208
f 1212 1232 1209
f 3219 1203 3218
f 3220 3221 3172
f 3172 1203 3220
f 3220 3275 3222
f 3222 3221 3220
f 3274 3275 3220
f 3273 3274 3220
f 3220 1203 3273
f 1189 1197 1196
f 1196 1195 1189
f 1155 1154 1186
f 1186 1195 1155
f 1198 5023 1155
f 1195 1196 1155
f 5023 1156 1155
f 1155 1197 1198
f 1155 1196 1197
f 1155 1156 1104
f 1104 1154 1155
f 1219 1218 4727
f 4727 4815 1219
f 1219 1197 1189
f 1189 1218 1219
f 1219 4815 1198
f 1198 1197 1219
f 4449 4448 4474
f 4474 4475 4449
f 4508 4475 4474
f 4442 4448 4449
f 1240 4450 1236
f 1240 1234 1233
f 1236 1234 1240
f 1233 1212 1240
f 1240 1212 1231
f 4478 4450 4449
f 4478 4479 4450
f 4477 4478 4449
f 4515 4479 4514
f 1222 1193 1213
f 1213 1239 1222
f 1255 4513 1238
f 4573 4572 4571
f 4571 4572 4515
f 4717 4628 4716
f 4717 4630 4628
f 4629 4630 4569
f 4628 4630 4629
f 2159 2180 2181
f 2159 2160 2142
f 2181 2160 2159
f 2142 2158 2159
f 2158 2180 2159
f 2800 753 2767
f 2800 2767 2799
f 821 822 755
f 753 2800 821
f 825 822 821
f 2799 825 821
f 821 2800 2799
f 823 822 825
f 755 822 823
f 756 755 757
f 757 683 756
f 856 858 2835
f 856 869 2799
f 2799 858 856
f 825 864 856
f 856 864 869
f 856 862 825
f 856 855 854
f 856 806 855
f 854 863 856
f 856 863 862
f 2729 2681 2678
f 2682 2681 2729
f 2678 2728 2729
f 2729 2728 2682
f 2730 2682 2727
f 2727 2683 2730
f 2730 2683 2682
f 5787 5786 5782
f 5782 5780 5787
f 5780 5788 5787
f 2525 5786 5787
f 5787 5788 2525
f 5749 5780 5750
f 5749 2551 5780
f 5750 2552 5749
f 2552 2551 5749
f 2658 2659 2612
f 2658 5639 5604
f 5604 2696 2658
f 2696 2659 2658
f 2664 2700 2665
f 2665 2616 2664
f 2663 2700 2664
f 2587 2616 2617
f 2587 2588 2554
f 5573 5565 5564
f 5564 5571 5574
f 5564 5563 5571
f 5560 5563 5564
f 5564 5565 5560
f 5576 5575 2099
f 2099 5565 5576
f 5576 5565 5575
f 5902 5988 5989
f 5988 5990 5989
f 5989 5903 5902
f 5989 5990 5903
f 5992 5991 6052
f 5991 5990 6052
f 6052 5990 5988
f 6053 5992 6052
f 6052 5988 6053
f 1371 1324 1373
f 1373 1324 1368
f 1368 1427 1373
f 1427 1433 1373
f 1430 1373 1433
f 1371 1373 1430
f 1430 1432 1372
f 1372 1371 1430
f 1508 1501 1570
f 1570 1575 1508
f 1502 1501 1508
f 1570 1617 1619
f 1619 1574 1570
f 1617 1574 1619
f 1620 1575 1570
f 1570 1574 1620
f 1507 1432 1509
f 1432 1508 1509
f 5680 5679 5658
f 5658 5681 5680
f 5680 5681 5656
f 5680 5656 5653
f 5653 5679 5680
f 5657 5658 5626
f 5657 5681 5658
f 5626 5625 5657
f 5668 5697 5669
f 5668 5669 5644
f 5644 5667 5668
f 5695 5697 5668
f 5095 5103 5096
f 5062 5095 5096
f 4522 4482 4521
f 4521 4581 4522
f 4583 4649 4585
f 4652 4649 4583
f 4587 4523 4529
f 4587 4524 4523
f 4529 4525 4587
f 4525 4524 4587
f 4832 4830 4737
f 4737 4825 4832
f 4832 4825 4830
f 4733 4650 4645
f 4645 4732 4733
f 4733 4732 4650
f 3528 3519 3518
f 3518 3519 3487
f 3487 3485 3518
f 3518 3515 3528
f 3514 3515 3476
f 3527 3515 3514
f 3514 3511 3527
f 3476 3475 3514
f 3514 3475 3508
f 3508 3511 3514
f 3508 3512 3525
f 3525 3511 3508
f 3512 3511 3525
f 4454 3446 4453
f 3446 4484 4453
f 4451 4482 4483
f 4483 4484 4451
f 4482 4484 4483
f 4451 4484 4485
f 4485 3307 4451
f 3379 3307 4485
f 4452 3446 3379
f 4452 4484 3446
f 3379 4485 4452
f 4452 4485 4484
f 4526 4527 4520
f 4527 4484 4520
f 4520 4482 4526
f 4520 4484 4482
f 3406 3333 3355
f 3355 3407 3406
f 3408 3343 3334
f 3334 3407 3408
f 3334 3336 3335
f 3343 3336 3334
f 3335 3264 3334
f 3334 3264 3333
f 3333 3406 3334
f 3334 3406 3407
f 3285 3284 3357
f 3357 3284 3353
f 3353 3352 3415
f 3429 3426 3415
f 3415 3414 3429
f 3415 3352 3414
f 3427 3360 3359
f 3359 3426 3427
f 3431 3414 3432
f 3295 3237 3294
f 3352 3356 3413
f 3432 3414 3413
f 3414 3352 3413
f 3413 3425 3432
f 3413 3356 3425
f 5974 5975 5889
f 5889 5973 5974
f 5974 5973 6044
f 5974 6044 5976
f 5976 5975 5974
f 5900 1809 5901
f 5900 5901 5839
f 5839 5899 5900
f 2157 2174 2176
f 2200 2199 2209
f 2200 2172 2199
f 2173 2172 2200
f 2200 2209 2207
f 2200 2207 5833
f 5833 2173 2200
f 1949 1964 1950
f 1950 1964 1944
f 1894 1949 1950
f 1950 1944 1894
f 1968 1966 1965
f 1965 1975 1968
f 1968 1975 1969
f 1968 1969 1949
f 1949 1966 1968
f 6068 1975 1974
f 6068 6081 6065
f 1969 1975 6068
f 6068 6083 6081
f 1974 6083 6068
f 6068 6082 1969
f 6065 6008 6068
f 6008 1967 6068
f 6068 1970 6082
f 6068 1967 1949
f 1949 1970 6068
f 6075 6066 6081
f 6081 6083 6075
f 1962 6066 6075
f 6075 6083 1962
f 1973 6083 1974
f 1959 6083 1973
f 1973 1974 1960
f 1960 1959 1973
f 5866 5823 5865
f 5865 5943 5866
f 5867 5823 5866
f 5866 5944 5867
f 5866 5943 5944
f 1766 1824 1825
f 1824 1828 1825
f 1825 1826 1766
f 1825 1828 1826
f 1893 1886 1833
f 1833 1832 1893
f 1773 1832 1833
f 1834 1773 1833
f 1833 1886 1834
f 1868 1926 1869
f 1928 1870 1869
f 1869 1927 1928
f 1926 1927 1869
f 1874 1932 1933
f 1933 1921 1874
f 1929 1921 1933
f 1933 1930 1929
f 1932 1930 1933
f 455 453 444
f 444 454 455
f 455 5480 453
f 5449 5480 5477
f 5477 454 5449
f 5480 455 5477
f 5477 455 454
f 424 425 369
f 424 423 450
f 450 425 424
f 6402 410 439
f 410 438 439
f 435 6402 439
f 436 411 407
f 436 438 411
f 407 435 436
f 435 439 436
f 436 439 438
f 365 294 364
f 364 366 365
f 296 365 366
f 297 296 366
f 223 296 297
f 373 374 301
f 375 374 373
f 300 301 223
f 223 299 300
f 300 373 301
f 372 373 300
f 299 371 300
f 300 371 372
f 4263 7821 7822
f 7822 7836 4263
f 7822 7799 7819
f 7821 7799 7822
f 7822 7819 7837
f 7837 7836 7822
f 4266 7836 4244
f 4244 4264 4266
f 7727 7702 7728
f 7728 7696 7727
f 7702 7680 7701
f 7701 7731 7702
f 7391 7428 7392
f 7392 7372 7391
f 7392 7432 7745
f 7392 7428 7432
f 7676 7696 7697
f 7697 7677 7676
f 7697 7731 7698
f 7698 7678 7697
f 7697 7678 7677
f 7696 7728 7697
f 7700 7701 7680
f 7653 7678 7679
f 7679 7700 7680
f 7679 7654 7653
f 7655 7654 7679
f 7679 7680 7656
f 7656 7655 7679
f 7679 7678 7698
f 5483 5455 5482
f 4283 5514 5482
f 5524 5523 5525
f 5525 5497 5524
f 5524 5493 5523
f 5497 5493 5524
f 5517 5516 5515
f 5487 5488 5462
f 5487 5516 5488
f 5485 5516 5487
f 5487 5486 5485
f 5462 5460 5487
f 5460 5486 5487
f 5489 5488 5492
f 5492 5490 5489
f 5462 5488 5489
f 5489 5490 5462
f 4259 4284 4260
f 4258 4284 4259
f 4260 4238 4259
f 4238 4258 4259
f 7357 7820 7800
f 7357 7372 7820
f 7357 7800 4229
f 4229 7372 7357
f 4228 7372 4229
f 4229 4231 4228
f 4231 4232 4228
f 4228 4232 4230
f 4230 5346 4228
f 7637 7613 7612
f 7612 7636 7637
f 7637 7634 7613
f 7637 7636 7634
f 7682 7473 7706
f 7706 7473 7532
f 7532 7599 7706
f 7472 7471 7529
f 7529 7473 7472
f 7474 7542 7529
f 7529 7471 7474
f 7709 7473 7682
f 7682 7708 7709
f 7433 7473 7746
f 7473 7708 7746
f 7745 7433 7746
f 7746 7708 7745
f 7704 7681 7703
f 7703 7740 7704
f 7600 7599 7629
f 7600 7706 7599
f 7600 7657 7682
f 7682 7706 7600
f 7400 7378 7399
f 7379 7378 7400
f 7399 7407 7406
f 7406 7407 7379
f 7478 7548 7483
f 7483 7548 7484
f 7439 7478 7483
f 7483 7484 7439
f 7606 7545 7608
f 7545 7544 7608
f 7608 7607 7606
f 7608 7544 7607
f 7508 7583 7510
f 7510 7459 7508
f 7510 7583 7511
f 7511 7459 7510
f 4369 4368 4401
f 4401 4370 4369
f 4333 4368 4369
f 5538 4307 5517
f 5537 4307 5538
f 5538 5514 5537
f 5517 5515 5538
f 5538 5515 5514
f 5522 5521 5523
f 5523 5493 5522
f 5522 5493 5521
f 5495 5497 5468
f 5436 5437 5416
f 5463 5437 5436
f 5397 5374 5398
f 5398 5374 5396
f 5396 5425 5398
f 5425 5426 5398
f 7627 7593 7592
f 7586 7593 7627
f 5371 5356 5358
f 5372 5356 5371
f 5358 5375 5371
f 7591 7592 7519
f 7514 5389 7509
f 7509 5389 5376
f 5376 5359 7509
f 7509 7458 7461
f 7509 5359 7458
f 5377 5378 5361
f 5381 5378 5377
f 389 429 390
f 384 429 389
f 389 390 316
f 316 384 389
f 233 317 236
f 233 232 317
f 233 236 235
f 156 232 233
f 233 234 156
f 235 234 233
f 226 153 225
f 225 153 152
f 225 305 226
f 304 305 225
f 288 304 225
f 225 224 288
f 225 152 224
f 380 306 378
f 380 307 306
f 308 229 228
f 228 307 308
f 5451 358 5452
f 5452 358 284
f 284 282 5452
f 5452 5420 5451
f 5450 5420 5449
f 5449 358 5450
f 5451 5420 5450
f 5450 358 5451
f 356 282 355
f 356 5453 5420
f 355 5453 356
f 283 284 217
f 217 282 283
f 283 282 284
f 5470 5491 5466
f 5466 5440 5439
f 5439 5470 5466
f 5466 5471 5440
f 5491 5471 5466
f 5503 5518 5502
f 5518 5491 5502
f 5469 5503 5502
f 5502 5470 5469
f 5502 5491 5470
f 5473 5471 5504
f 5504 5474 5473
f 5473 5474 5443
f 5444 5443 5446
f 5444 5417 5443
f 5444 5446 5420
f 5420 5417 5444
f 272 350 275
f 5421 350 272
f 210 209 276
f 275 350 351
f 351 350 355
f 351 282 275
f 355 282 351
f 5345 400 5344
f 2210 400 5345
f 5345 2211 2210
f 5344 5343 5345
f 5345 5343 2214
f 2214 2211 5345
f 2212 2213 2210
f 2210 2211 2212
f 2214 2213 2212
f 2212 2211 2214
f 5292 5315 5284
f 5287 5315 5292
f 5292 5284 5286
f 5286 5258 5292
f 5223 5258 5259
f 5258 5285 5259
f 5259 5260 5223
f 5259 5285 5260
f 109 5318 110
f 109 71 5287
f 110 71 109
f 5319 5318 5317
f 5287 5292 5317
f 5317 5292 5319
f 5317 109 5287
f 5318 109 5317
f 5272 5305 5291
f 5291 5292 5258
f 5291 5305 5319
f 5319 5292 5291
f 107 160 162
f 2363 2412 2413
f 2413 2412 2454
f 2441 2480 2481
f 2481 2464 2441
f 2481 2480 2463
f 2463 2464 2481
f 2463 2480 2456
f 2480 2484 2456
f 2456 2422 2463
f 2456 2477 2486
f 2486 2457 2456
f 2441 2440 2479
f 2479 2478 2441
f 2440 2478 2479
f 5309 5276 5308
f 5308 5279 5309
f 5308 5280 5279
f 2367 2422 2416
f 2416 2368 2367
f 2417 5306 2416
f 2364 2368 2416
f 2416 5306 2364
f 2416 2459 2417
f 2457 2458 2416
f 2422 2456 2416
f 2416 2456 2457
f 6119 6137 6120
f 3112 3109 1261
f 3110 3109 3112
f 3118 3115 3119
f 3119 3114 3118
f 3115 3114 3119
f 3117 3114 3113
f 3113 3114 3110
f 1258 1259 3113
f 3113 1259 6094
f 3113 1261 1258
f 3110 3112 3113
f 3113 3112 1261
f 3401 3329 6332
f 6332 6367 3401
f 6367 6368 3401
f 6390 6392 6391
f 6391 6361 6352
f 6391 6392 6361
f 3111 3116 1199
f 3110 3116 3111
f 1199 1162 3111
f 1162 3110 3111
f 964 946 967
f 967 965 964
f 964 965 946
f 975 1006 994
f 994 1006 995
f 995 965 994
f 948 966 968
f 966 965 968
f 969 948 968
f 968 965 969
f 1341 1395 1396
f 1341 1396 1397
f 1307 1308 1282
f 1282 1306 1307
f 1345 1308 1307
f 1307 1306 1345
f 1282 1279 1298
f 1298 1306 1282
f 1345 1306 1344
f 1344 1306 1302
f 1302 1306 1304
f 1304 1281 1303
f 1303 1302 1304
f 1028 1027 1065
f 1065 1064 1068
f 1068 1028 1065
f 1065 1026 1064
f 1065 1027 1026
f 1090 1063 1043
f 1090 1066 1063
f 1091 1352 1066
f 1066 1090 1091
f 1375 1352 1091
f 1091 1045 1375
f 1043 1045 1091
f 1091 1090 1043
f 1403 1460 1465
f 1348 1346 1403
f 1345 1399 1403
f 1399 1460 1403
f 1348 1347 1405
f 1405 1346 1348
f 1347 1346 1405
f 1463 1462 1464
f 1464 1402 1463
f 1457 1462 1401
f 1462 1463 1401
f 1401 1463 1402
f 1447 1389 1388
f 1448 1389 1447
f 1388 1446 1447
f 1446 1515 1447
f 1516 1448 1447
f 1447 1515 1516
f 1011 1010 1047
f 1010 1008 1047
f 1093 1048 1047
f 1048 1011 1047
f 1047 1008 1046
f 1047 1092 1093
f 1046 1092 1047
f 949 973 974
f 973 979 974
f 974 952 949
f 974 979 952
f 1134 1144 1171
f 1171 1170 1134
f 1133 1144 1134
f 1134 1135 1083
f 1083 1133 1134
f 1136 1135 1134
f 1134 1170 1136
f 1201 1170 1171
f 1171 1184 1201
f 1238 1239 1211
f 1239 1213 1211
f 1211 1213 1184
f 1211 1237 1238
f 1182 1210 1211
f 1211 1184 1182
f 1210 1235 1211
f 1236 1237 1211
f 1211 1235 1236
f 1120 1124 1166
f 1124 1122 1166
f 3271 3261 3211
f 3211 3270 3271
f 3271 3270 3261
f 3213 3261 3246
f 3261 3270 3246
f 3192 3213 3246
f 3247 3192 3246
f 3246 3309 3247
f 3246 3270 3309
f 6467 6468 6470
f 6467 6463 6468
f 7174 6493 6492
f 7137 6534 7174
f 6534 6493 7174
f 6491 7174 6492
f 7175 7174 6491
f 2908 7091 2907
f 7009 7091 2908
f 2907 2924 2908
f 2908 2924 7009
f 7006 7004 7090
f 7091 7006 2900
f 2900 2899 2907
f 2907 7091 2900
f 6831 6800 6830
f 6869 6868 6917
f 6869 6832 6868
f 6917 6870 6869
f 6870 6832 6869
f 6768 6782 6783
f 6783 6784 6768
f 3044 3009 3008
f 3008 3043 3044
f 1955 1956 1915
f 1955 1915 1954
f 1954 1919 1955
f 1915 1865 1864
f 1864 1863 1915
f 1865 1802 1864
f 1802 1863 1864
f 1917 1918 1865
f 3984 4046 4043
f 4043 4046 4093
f 3995 3998 3946
f 3883 3944 3946
f 3946 3944 3995
f 3945 3883 3946
f 3946 3996 3945
f 3946 3998 3996
f 4106 4160 4159
f 4159 4107 4106
f 4106 4107 4057
f 4057 4101 4106
f 4156 4101 4100
f 4100 4154 4156
f 4154 4203 4156
f 4153 4160 4202
f 5169 5143 5141
f 5141 5168 5169
f 5169 5168 5143
f 5116 5108 5115
f 5109 5108 5116
f 5116 5115 5118
f 5118 5109 5116
f 1534 1535 1466
f 1534 1598 1535
f 1531 1598 1534
f 1462 1531 1534
f 1466 1533 1534
f 1534 1533 1462
f 3766 3724 3723
f 3766 3723 3722
f 3722 3765 3766
f 3766 3765 3824
f 3766 3826 3806
f 3824 3825 3766
f 3766 3825 3826
f 3674 3706 3715
f 3715 3716 3674
f 3715 3706 3668
f 3714 3668 3669
f 3669 3716 3714
f 3714 3715 3668
f 3716 3715 3714
f 3806 3807 3752
f 3752 3805 3806
f 3749 3724 3752
f 3752 3753 3709
f 3711 3710 3755
f 3755 3710 3754
f 3755 3756 3711
f 3754 3756 3755
f 3709 3710 3662
f 3663 3619 3662
f 3662 3712 3663
f 3711 3712 3662
f 3662 3710 3711
f 3618 3619 3574
f 3618 3662 3619
f 3574 3577 3618
f 3618 3577 3625
f 4433 4436 4439
f 4439 4440 4433
f 4084 4083 4433
f 4433 4440 4084
f 4084 4031 4083
f 4084 4440 4031
f 3931 3932 3871
f 3871 3930 3931
f 3871 3928 3927
f 3927 3930 3871
f 3870 3928 3871
f 3871 3809 3870
f 3933 3871 3932
f 3810 3754 3809
f 3810 3756 3754
f 3809 3811 3810
f 3811 3756 3810
f 3813 3756 3812
f 3812 3756 3811
f 3876 3813 3812
f 3812 3811 3876
f 3757 3758 3711
f 3711 3756 3757
f 3757 3756 3814
f 3814 3801 3757
f 3746 3758 3757
f 3757 3801 3746
f 3777 3773 3772
f 3782 3778 3777
f 3777 3778 3730
f 3730 3773 3777
f 3777 3839 3782
f 3777 3772 3836
f 3836 3839 3777
f 3844 3783 3843
f 3843 3839 3844
f 3783 3839 3843
f 3905 3845 3904
f 3904 3901 3905
f 3845 3901 3904
f 4189 4188 4218
f 4135 4188 4189
f 4189 4218 4198
f 4198 4148 4189
f 6706 6713 6676
f 6706 6727 6713
f 6665 6701 6702
f 6702 6701 6705
f 6662 6663 6632
f 6632 6631 6662
f 6632 6664 6665
f 6632 6663 6664
f 6597 6631 6632
f 6632 6599 6597
f 6598 6550 6599
f 6678 6639 6668
f 6668 6679 6678
f 6668 6635 6675
f 6704 6680 6668
f 6668 6680 6679
f 6668 6674 6704
f 6675 6674 6668
f 6711 6710 6715
f 6711 6674 6710
f 6715 6712 6711
f 6712 6674 6711
f 4026 4080 4024
f 4024 4080 4025
f 4024 3969 4026
f 4025 3969 4024
f 4129 4130 4072
f 4129 4172 4130
f 4129 4124 4172
f 4207 4168 4205
f 4205 4208 4207
f 4207 4172 4168
f 4207 4208 4172
f 4209 4173 4172
f 4172 4208 4209
f 4209 4208 4173
f 4107 4162 4163
f 4163 4164 4107
f 4162 4164 4163
f 4118 4164 4166
f 4205 4206 4166
f 4166 4204 4205
f 4166 4167 4118
f 4206 4167 4166
f 4166 4162 4204
f 4166 4164 4162
f 4184 4132 4183
f 4183 4185 4184
f 4184 4185 4132
f 4132 4185 4186
f 4134 4133 4186
f 4186 4133 4132
f 4186 4187 4134
f 4186 4185 4187
f 4126 4132 4127
f 4072 4126 4127
f 6719 6720 6689
f 6689 4215 6719
f 6719 4215 6720
f 4055 4003 4059
f 4059 4103 4055
f 4059 4003 4006
f 4059 4006 4062
f 4062 4111 4059
f 4059 4111 4103
f 4104 4155 4105
f 4103 4155 4104
f 4104 4105 4055
f 4055 4103 4104
f 4103 4111 4158
f 4158 4155 4103
f 4111 4155 4158
f 4008 4007 4063
f 4007 4058 4063
f 4057 4008 4063
f 4063 4058 4057
f 4069 4064 4112
f 4064 4110 4112
f 4112 4120 4069
f 4112 4110 4120
f 6540 4222 6539
f 4223 4222 6540
f 6539 4204 6540
f 4204 4223 6540
f 6504 6499 6536
f 6504 6500 6499
f 6476 6500 6504
f 6518 6544 6561
f 6544 6583 6584
f 6584 6583 6609
f 6569 6568 6577
f 6577 6541 6569
f 6542 6541 6577
f 6609 6578 6577
f 6577 6578 6542
f 3836 3829 3892
f 3892 3897 3836
f 3992 3991 3943
f 3943 3940 3992
f 3993 3991 4049
f 4049 3994 3993
f 7139 7175 7176
f 6932 6999 6992
f 6992 6933 6932
f 575 570 7168
f 7168 570 7195
f 7168 7170 7169
f 7168 7195 7196
f 7125 7124 7168
f 7168 7124 7170
f 7196 487 7168
f 7168 487 7125
f 7169 7122 7121
f 7121 7122 7063
f 7121 7168 7169
f 7207 7202 7201
f 7202 7191 7201
f 6648 7207 7201
f 7201 7188 6648
f 7189 7188 7201
f 7201 7191 7189
f 7211 6572 6528
f 7211 7210 6572
f 6528 6487 7211
f 6575 6590 6547
f 6547 6546 6575
f 6508 6546 6547
f 6547 6548 6508
f 6547 6590 6548
f 6489 6466 6488
f 6488 6466 6487
f 6488 6529 6489
f 6488 6487 6529
f 6465 6466 6447
f 6485 6466 6465
f 6470 6485 6465
f 6465 6467 6470
f 6447 6467 6465
f 6535 6493 6534
f 6535 6534 6570
f 6525 6485 6494
f 6570 7198 6571
f 6571 6526 6570
f 7036 7035 7028
f 7028 7027 7036
f 6960 7035 7036
f 7036 7027 6960
f 6947 6941 2504
f 6947 7013 6941
f 2504 7024 6947
f 7024 7013 6947
f 2981 3016 3017
f 3054 3019 3017
f 3053 3054 3017
f 3017 3052 3053
f 3054 3056 3021
f 3021 3056 3022
f 3022 2985 3021
f 2985 3019 3021
f 3087 3072 3059
f 3982 3072 3087
f 3087 3084 3982
f 3058 3052 3085
f 3052 3084 3085
f 3059 3058 3085
f 3085 3084 3059
f 3050 3016 4149
f 4149 4092 3050
f 3050 4092 3051
f 3050 3017 3016
f 3051 3017 3050
f 2983 2984 2948
f 3019 2984 2983
f 2983 3017 3019
f 2983 2948 2981
f 2981 3017 2983
f 2961 2960 6477
f 2933 2961 6477
f 6477 6455 2933
f 6456 6455 6477
f 6473 6472 6474
f 6474 6455 6473
f 6473 6455 6472
f 6471 6484 6472
f 6472 6455 6471
f 6462 6484 6471
f 6471 6455 6462
f 2934 2937 2945
f 2934 2915 2937
f 2934 2945 2918
f 2918 2915 2934
f 6457 2915 6456
f 2935 2915 6457
f 6456 6477 6457
f 6457 6477 2935
f 6442 6454 6445
f 6441 6442 6435
f 6450 6452 6468
f 6442 6441 6450
f 6435 7152 7178
f 7178 7152 7140
f 7140 7139 7178
f 2901 4220 2909
f 2909 2910 2901
f 2909 4220 4201
f 4201 2910 2909
f 2921 7011 7012
f 7012 2922 2921
f 7009 2923 7092
f 2923 2922 7092
f 2922 7012 7092
f 7011 7009 7092
f 7092 7012 7011
f 2907 2899 2906
f 2906 2924 2907
f 2906 2899 2905
f 2905 2924 2906
f 6939 2920 6940
f 6940 6878 6939
f 2951 2919 2950
f 2920 2919 2951
f 2917 2919 2905
f 2917 2905 2904
f 2904 2916 2917
f 2916 2941 2917
f 6802 6801 6837
f 6837 6801 6836
f 6803 6780 6802
f 6802 6838 6803
f 2940 2916 2939
f 2940 2941 2916
f 2941 2940 2943
f 2943 2917 2941
f 2971 2970 3011
f 2970 3010 3011
f 687 765 689
f 765 690 689
f 606 687 689
f 689 690 606
f 782 846 847
f 847 786 782
f 846 849 848
f 849 786 848
f 848 847 846
f 786 847 848
f 468 472 497
f 472 498 497
f 508 472 507
f 508 498 472
f 2866 2891 547
f 2892 2866 547
f 547 546 2892
f 2890 2873 2871
f 2871 2873 2872
f 665 666 592
f 592 591 665
f 665 664 666
f 665 591 664
f 1408 1349 1348
f 1409 1349 1408
f 1408 1467 1409
f 6168 6212 6169
f 6212 1467 6169
f 6169 1536 6168
f 6169 1467 1466
f 1466 1536 6169
f 6113 6114 1552
f 6099 6114 6113
f 6088 6099 6100
f 6099 1415 6100
f 6100 1357 6088
f 6100 1415 1357
f 1487 1538 1473
f 1473 1415 1487
f 1486 1415 6099
f 1486 1487 1415
f 1486 1553 1538
f 1538 1487 1486
f 1355 6088 1356
f 6084 6088 1355
f 6280 6227 6272
f 6280 6283 6231
f 6272 6283 6280
f 6227 6228 6184
f 6152 6183 6184
f 6184 6185 6152
f 6284 6335 6285
f 6285 6335 6336
f 6285 6336 6286
f 6285 6286 6232
f 6232 6284 6285
f 6376 6378 6409
f 6375 6403 6409
f 6409 6403 6376
f 6334 6375 6372
f 6372 6333 6334
f 6333 6372 6373
f 6373 6372 6378
f 6405 137 138
f 83 134 135
f 135 134 203
f 6402 6371 6406
f 6406 6371 205
f 83 131 132
f 132 133 83
f 131 133 132
f 131 193 194
f 194 195 131
f 196 195 194
f 6122 6121 82
f 6164 190 6209
f 6164 125 190
f 6164 6165 125
f 6209 6210 6164
f 6210 6165 6164
f 82 48 84
f 84 125 82
f 84 48 83
f 83 125 84
f 83 127 128
f 128 125 83
f 127 125 128
f 6138 125 6166
f 6166 6165 6138
f 125 6165 6166
f 6127 6146 6147
f 6147 6172 6174
f 6147 6146 6138
f 6089 6085 6097
f 6097 6101 6089
f 6092 6091 6093
f 6093 6091 6098
f 6093 6098 6088
f 6093 6088 6084
f 6084 6092 6093
f 86 6121 6107
f 6121 6109 6107
f 6107 87 86
f 6095 6109 6096
f 6090 6101 6096
f 6096 6102 6090
f 6101 6097 6096
f 6096 6085 6095
f 6096 6097 6085
f 1354 4 3
f 1470 1411 1471
f 1471 1410 1470
f 1410 1469 1470
f 1468 1414 1413
f 1410 1414 1468
f 1468 1469 1410
f 1413 1472 1468
f 1472 1411 1468
f 1411 1470 1468
f 1468 1470 1469
f 1523 1521 1584
f 1521 1583 1584
f 1586 1523 1584
f 1584 1562 1586
f 1584 1583 1562
f 1582 1583 1520
f 1562 1583 1582
f 1581 1582 1520
f 1581 1621 1615
f 1581 1580 1621
f 1581 1615 1618
f 2082 2102 2103
f 2102 2104 2103
f 2103 2083 2082
f 2103 2104 2083
f 2122 2104 2102
f 2122 2102 2121
f 2121 2134 2122
f 2134 2123 2122
f 2101 2098 2120
f 2101 2102 2082
f 2120 2102 2101
f 2120 2097 2116
f 2116 2119 2120
f 2116 2097 2096
f 2096 2119 2116
f 2125 2133 2135
f 2124 2133 2125
f 2135 2126 2125
f 2126 2107 2125
f 2106 2084 2083
f 2106 2107 2084
f 2106 2125 2107
f 2124 2125 2106
f 2106 2123 2124
f 2085 5996 5907
f 5907 2107 2085
f 2085 6032 5996
f 2085 2107 6032
f 2153 2175 2156
f 6032 2139 2156
f 5958 6032 2156
f 2156 2157 5958
f 2175 2174 2156
f 2174 2157 2156
f 5621 5622 5599
f 5622 5621 5608
f 5578 5577 5590
f 5590 5589 5578
f 5577 5589 5590
f 5588 5589 5577
f 5588 5577 2743
f 5792 2042 2043
f 2042 2047 2043
f 5795 5792 2043
f 2043 5798 5795
f 2043 2047 5798
f 2051 2066 2067
f 2067 2052 2051
f 2067 2066 2068
f 2068 2052 2067
f 4801 4909 4889
f 4800 4909 4801
f 4889 4888 4801
f 4712 4800 4801
f 4801 4888 4787
f 4936 5037 5028
f 4936 4933 5037
f 4657 4741 4653
f 4653 4654 4585
f 4585 4657 4653
f 4653 4740 4654
f 4653 4741 4740
f 4846 4754 4838
f 4752 4743 4838
f 4753 4752 4838
f 4838 4754 4753
f 4501 4504 4503
f 4538 4498 4537
f 4539 4501 4538
f 3438 4491 4492
f 4492 4491 4530
f 4530 4493 4492
f 4493 4457 4492
f 3448 3381 3447
f 3379 3446 3447
f 3447 3381 3379
f 3438 4457 3374
f 3303 3374 3305
f 3302 3374 3303
f 3380 3307 3379
f 3379 3381 3380
f 3380 3381 3307
f 4489 4488 4490
f 4455 4488 4489
f 3136 3166 3167
f 3272 3216 3238
f 4460 4459 4458
f 4458 4493 4460
f 4458 4457 4493
f 4458 4459 3305
f 4458 3374 4457
f 4495 3272 4460
f 4460 4494 4495
f 4534 4533 4535
f 4534 4494 4533
f 3272 4494 4496
f 3361 3288 3287
f 3290 3365 3291
f 3233 3183 3182
f 3182 3231 3233
f 3234 3233 3287
f 3183 3233 3234
f 3185 3143 3184
f 3184 3237 3185
f 3185 3237 3239
f 3166 3143 3185
f 3185 3167 3166
f 3185 3238 3216
f 3241 3238 3185
f 3187 3178 3177
f 3182 3143 3187
f 3187 3231 3182
f 3187 3179 3178
f 3187 3143 3179
f 3216 4464 3168
f 4465 4445 3168
f 3168 3185 3216
f 3167 3185 3168
f 3136 3167 3168
f 4466 4445 4465
f 4466 4467 4446
f 4446 4445 4466
f 4671 4761 4672
f 4901 4900 4899
f 4901 4997 4998
f 4901 4899 4997
f 4793 4900 4901
f 4901 4902 4793
f 4901 5001 4902
f 5000 5001 4901
f 4901 4999 5000
f 4901 4998 4999
f 4671 4760 4762
f 4762 4760 4855
f 4763 4671 4762
f 4762 4855 4763
f 4765 4768 4865
f 4765 4674 4768
f 4865 4862 4765
f 4765 4862 4863
f 4766 4674 4765
f 4769 4802 4716
f 4864 4765 4863
f 4766 4765 4864
f 4716 4715 4714
f 4715 4627 4714
f 4566 4627 4567
f 4567 4514 4566
f 4599 4538 4537
f 4539 4538 4599
f 4602 4545 4601
f 4540 4545 4543
f 4539 4599 4540
f 4540 4501 4539
f 4507 4504 4540
f 4504 4501 4540
f 3136 4470 4471
f 3124 3136 4471
f 4471 4470 3124
f 3124 4470 4472
f 4506 4474 4473
f 4508 4474 4506
f 4473 4472 4506
f 4506 4472 4470
f 4552 4508 4506
f 4469 4470 3136
f 4469 4467 4504
f 4504 4470 4469
f 1225 1205 1223
f 1244 1251 1252
f 1225 1251 1244
f 1252 1227 1244
f 1249 1248 1250
f 1225 1249 1250
f 1250 1251 1225
f 1252 1251 1250
f 1250 1230 1252
f 1231 1230 1250
f 3170 1225 3217
f 1225 3219 3217
f 3218 3170 3217
f 3217 3219 3218
f 1224 3219 1225
f 1203 3219 1224
f 1225 1223 1224
f 1224 1223 1203
f 3123 4442 1248
f 3123 1248 3124
f 4448 4442 3123
f 3123 4474 4448
f 3124 4473 3123
f 4473 4474 3123
f 1248 4442 4443
f 4449 4450 4443
f 4443 4442 4449
f 3124 1246 3135
f 3124 1248 1247
f 1247 1246 3124
f 1247 1248 1225
f 1225 1246 1247
f 4566 4514 4512
f 4512 4514 4479
f 4479 4478 4512
f 4478 4477 4512
f 1214 1193 1192
f 1214 1213 1193
f 1214 1192 1190
f 1190 1184 1214
f 1184 1213 1214
f 1236 1255 1256
f 1256 1255 1238
f 1256 1237 1236
f 1238 1237 1256
f 1236 4513 1254
f 1254 1255 1236
f 4513 1255 1254
f 4573 4571 4632
f 4570 4571 4515
f 4515 4514 4570
f 4570 4514 4569
f 4569 4632 4570
f 4570 4632 4571
f 4716 4803 4804
f 4804 4717 4716
f 4630 4719 4633
f 4634 4573 4633
f 4633 4719 4634
f 4630 4717 4718
f 4718 4719 4630
f 4717 4804 4718
f 4718 4804 4803
f 4803 4806 4718
f 4718 4806 4805
f 4634 4719 4718
f 4718 4720 4634
f 4805 4720 4718
f 752 753 679
f 753 680 679
f 751 752 679
f 679 749 751
f 750 749 679
f 679 2769 750
f 2801 2769 679
f 598 2801 679
f 599 602 600
f 599 679 680
f 600 551 599
f 598 679 599
f 599 551 2770
f 2770 598 599
f 681 680 755
f 681 599 680
f 602 599 681
f 754 821 755
f 753 821 754
f 755 680 754
f 754 680 753
f 824 825 757
f 824 823 825
f 757 755 824
f 755 823 824
f 815 2835 738
f 815 856 2835
f 738 806 815
f 806 856 815
f 2612 5664 2657
f 2657 2658 2612
f 2657 5664 5639
f 5639 2658 2657
f 2663 2664 2614
f 2614 2664 2616
f 2616 2587 2614
f 2615 2587 2617
f 2615 2617 2619
f 2619 2618 2615
f 2588 2587 2615
f 2615 2589 2588
f 2618 2589 2615
f 5574 5573 5572
f 5572 5564 5574
f 5573 5564 5572
f 1504 1430 1433
f 1433 1502 1504
f 1502 1508 1504
f 1573 1574 1507
f 1507 1509 1573
f 1575 1620 1576
f 1576 1620 1574
f 1576 1508 1575
f 1576 1509 1508
f 1574 1573 1576
f 1576 1573 1509
f 5623 5656 5654
f 5656 5681 5654
f 5681 5657 5654
f 5696 5667 5695
f 5695 5668 5696
f 5696 5668 5667
f 5102 5098 5097
f 5062 5096 5097
f 5097 5063 5062
f 5097 5098 5063
f 4645 4581 4580
f 4581 4521 4580
f 4585 4523 4584
f 4584 4583 4585
f 4523 4583 4584
f 4650 4652 4651
f 4651 4583 4650
f 4652 4583 4651
f 4582 4583 4523
f 4582 4523 4522
f 4522 4581 4582
f 4582 4581 4647
f 4824 4732 4731
f 3485 3515 3517
f 3517 3518 3485
f 3515 3518 3517
f 4454 4453 4486
f 4486 4453 4484
f 4486 4487 4454
f 4486 4527 4487
f 4486 4484 4527
f 3285 3357 3358
f 3358 3359 3285
f 3358 3426 3359
f 3417 3357 3353
f 3426 3358 3417
f 3417 3358 3357
f 3236 3237 3184
f 3236 3290 3291
f 3184 3183 3236
f 3287 3288 3236
f 3236 3234 3287
f 3296 3237 3295
f 3295 3294 3296
f 3414 3431 3430
f 3362 3430 3431
f 3429 3414 3362
f 3414 3430 3362
f 3362 3426 3429
f 3362 3427 3426
f 3362 3361 3287
f 3287 3360 3362
f 3360 3427 3362
f 3292 3294 3237
f 3292 3236 3291
f 3433 3475 3476
f 3472 3475 3433
f 3433 3474 3472
f 3424 3474 3433
f 3433 3425 3424
f 3432 3425 3371
f 3425 3433 3371
f 3483 3480 3516
f 5987 1926 1868
f 5899 5984 5987
f 5987 5900 5899
f 5987 5984 6051
f 6051 1926 5987
f 5958 2157 2177
f 5959 5958 2177
f 2177 2157 2176
f 2177 5882 5959
f 2176 2202 2177
f 2202 5882 2177
f 1808 1869 1870
f 1868 1869 1808
f 1809 5900 1808
f 1808 5987 1868
f 5900 5987 1808
f 295 296 223
f 365 296 295
f 223 294 295
f 294 365 295
f 367 366 423
f 367 297 366
f 223 297 298
f 298 297 369
f 298 299 223
f 298 371 299
f 372 371 370
f 369 375 370
f 370 298 369
f 371 298 370
f 375 373 370
f 370 373 372
f 4263 7836 7838
f 7836 4266 7838
f 7838 4264 4263
f 7838 4266 4264
f 7702 7731 7730
f 7731 7697 7730
f 7802 7372 7393
f 7372 7392 7393
f 7778 7802 7393
f 7777 7778 7744
f 7744 7776 7777
f 7778 7393 7744
f 7744 7393 7392
f 7743 7776 7744
f 7744 7708 7743
f 7745 7708 7744
f 7744 7392 7745
f 7731 7701 7699
f 7701 7700 7699
f 7698 7731 7699
f 7699 7679 7698
f 7700 7679 7699
f 5481 5455 5454
f 5481 5482 5455
f 4283 5482 5481
f 4260 4283 5481
f 5481 5454 4260
f 5484 5516 5485
f 5484 5515 5516
f 5484 5485 5456
f 5514 5515 5484
f 5456 5483 5484
f 5483 5482 5484
f 5484 5482 5514
f 5346 7372 4227
f 4227 4228 5346
f 7372 4228 4227
f 7597 7529 7542
f 7542 7599 7597
f 7532 7473 7531
f 7531 7529 7532
f 7473 7529 7531
f 7772 7771 7743
f 7738 7771 7772
f 7705 7704 7740
f 7681 7704 7705
f 7705 7707 7682
f 7682 7681 7705
f 7530 7708 7473
f 7473 7709 7530
f 7530 7709 7708
f 7657 7600 7630
f 7630 7600 7629
f 7630 7629 7609
f 7609 7659 7630
f 7630 7659 7658
f 7658 7657 7630
f 7379 7400 7405
f 7405 7406 7379
f 7405 7400 7399
f 7399 7406 7405
f 4335 4304 4333
f 4333 4369 4335
f 4305 4304 4335
f 4335 4370 5521
f 4335 4369 4370
f 4335 4307 4305
f 5521 4307 4335
f 5468 5467 5496
f 5496 5495 5468
f 5467 5495 5496
f 5467 5493 5494
f 5494 5495 5467
f 5494 5493 5497
f 5497 5495 5494
f 5435 5436 5416
f 5427 5398 5426
f 5431 5418 5432
f 5432 5413 5433
f 5418 5413 5432
f 7519 5356 7590
f 7590 7591 7519
f 5372 5371 5394
f 5375 5400 5401
f 5404 5400 5381
f 5381 5377 5404
f 5404 5377 5400
f 382 307 381
f 307 380 381
f 378 382 381
f 381 380 378
f 314 307 382
f 314 308 307
f 314 382 315
f 315 229 314
f 229 308 314
f 5471 5473 5472
f 5442 5441 5472
f 5472 5443 5442
f 5472 5473 5443
f 5441 5440 5472
f 5440 5471 5472
f 5421 272 5415
f 5388 5421 5415
f 5415 144 5388
f 5415 141 207
f 91 144 5415
f 207 214 5415
f 5415 145 91
f 5415 214 145
f 277 281 280
f 280 217 277
f 150 218 151
f 217 218 150
f 149 213 150
f 150 101 149
f 150 151 101
f 274 276 209
f 274 273 275
f 5273 5232 5272
f 5272 5291 5273
f 5273 5291 5258
f 5264 5232 5273
f 5273 5255 5264
f 5273 5256 5255
f 5258 5256 5273
f 163 164 107
f 107 162 163
f 244 164 163
f 2485 2484 2477
f 2477 2456 2485
f 2485 2456 2484
f 2457 5280 2418
f 5280 5308 2418
f 2418 2458 2457
f 5275 5306 2418
f 2418 5276 5275
f 2418 5308 5276
f 2417 2459 2418
f 2459 2416 2418
f 2418 2416 2458
f 2418 5306 2417
f 6118 6119 6106
f 6119 6120 6106
f 6106 1260 6118
f 6106 1259 1260
f 6094 1259 6106
f 6106 3113 6094
f 3117 3113 6106
f 3125 6120 6137
f 3125 3144 3145
f 3125 6137 3144
f 3118 3117 3125
f 3117 6106 3125
f 3125 6106 6120
f 3125 3126 3118
f 3145 3126 3125
f 3402 6368 3329
f 3329 3401 3402
f 3402 3401 6368
f 6351 6390 6387
f 6390 6391 6387
f 976 965 950
f 976 994 965
f 976 950 975
f 975 994 976
f 1393 1341 1339
f 1393 1339 1394
f 1393 1392 1395
f 1395 1341 1393
f 1394 1338 1393
f 1393 1338 1337
f 1337 1392 1393
f 1300 1339 1301
f 1301 1280 1300
f 1302 1280 1301
f 1342 1397 1398
f 1342 1341 1397
f 1302 1301 1342
f 1342 1301 1341
f 1343 1402 1399
f 1343 1399 1345
f 1345 1344 1343
f 1343 1401 1402
f 1343 1342 1398
f 1343 1344 1302
f 1302 1342 1343
f 1297 1304 1298
f 1279 1281 1297
f 1297 1298 1279
f 1306 1298 1331
f 1331 1304 1306
f 1298 1304 1331
f 1404 1346 1345
f 1345 1403 1404
f 1404 1403 1346
f 1348 1403 1406
f 1406 1403 1465
f 1406 1465 1461
f 1398 1457 1458
f 1457 1401 1458
f 1202 1184 1190
f 1202 1201 1184
f 1190 1170 1202
f 1170 1201 1202
f 3153 1166 1122
f 1122 1121 3153
f 3153 3129 1120
f 1120 1166 3153
f 1074 1121 1122
f 1074 1075 1031
f 1074 3153 1121
f 1074 1031 3129
f 3129 3153 1074
f 6464 6467 6447
f 6463 6467 6464
f 6464 6447 6446
f 6464 6446 6445
f 6445 6463 6464
f 7008 7091 7009
f 7008 7006 7091
f 7007 7006 7008
f 6828 6863 6829
f 6829 6800 6828
f 6829 6830 6800
f 6863 6865 6829
f 6829 6865 6866
f 3009 3048 3049
f 3049 3045 3009
f 3049 3082 3083
f 3083 6784 3049
f 6784 3045 3049
f 3049 3048 3081
f 3081 3082 3049
f 3047 3048 3009
f 3009 3044 3047
f 3081 3048 3047
f 3047 3044 3081
f 3081 3044 3080
f 3080 3044 3043
f 3062 3081 3080
f 3080 3043 3062
f 1916 1917 1865
f 1956 1917 1916
f 1916 1865 1915
f 1915 1956 1916
f 1956 1955 1957
f 1957 1917 1956
f 1918 1917 1957
f 1919 1918 1957
f 1957 1955 1919
f 3984 4043 3983
f 3983 3923 3924
f 3924 3984 3983
f 4160 4106 4157
f 4157 4106 4101
f 4157 4202 4160
f 4153 4202 4157
f 4157 4203 4153
f 4157 4156 4203
f 4101 4156 4157
f 3767 3766 3806
f 3724 3766 3767
f 3806 3805 3767
f 3767 3752 3724
f 3805 3752 3767
f 3807 3753 3808
f 3808 3752 3807
f 3753 3752 3808
f 3751 3707 3706
f 3707 3662 3661
f 3662 3618 3661
f 3706 3707 3661
f 3668 3706 3661
f 4031 4440 4441
f 4440 4439 4441
f 4441 4032 4031
f 4436 4032 4441
f 4441 4439 4436
f 3875 3811 3874
f 3874 3933 3875
f 3935 3875 3934
f 3875 3933 3934
f 3934 3932 3935
f 3934 3933 3932
f 4135 4189 4136
f 4136 4189 4148
f 4137 4075 4136
f 4075 4135 4136
f 4136 4147 4137
f 4136 4148 4147
f 6727 6706 6699
f 6699 6706 6700
f 6699 6726 6727
f 6699 6700 6665
f 6665 6698 6699
f 6698 6726 6699
f 6665 6702 6703
f 6599 6632 6636
f 6636 6632 6667
f 6636 6637 6599
f 6667 6637 6636
f 6599 6637 6634
f 6634 6598 6599
f 6635 6598 6634
f 6677 6637 6667
f 6667 6703 6677
f 6677 6703 6702
f 6677 6702 6705
f 6552 6511 6551
f 6551 6511 6510
f 6510 6550 6551
f 6550 6598 6551
f 6633 6598 6635
f 6635 6668 6633
f 4072 4124 4128
f 4128 4129 4072
f 4124 4129 4128
f 4132 4133 4074
f 4074 4073 4072
f 4072 4127 4074
f 4022 4073 4074
f 4074 4075 4022
f 4134 4075 4074
f 4074 4133 4134
f 6538 4222 6495
f 6495 6537 6538
f 6536 6537 6495
f 6495 6504 6536
f 2901 6476 2911
f 2911 6504 2901
f 6476 6504 2911
f 6544 6584 6585
f 6607 6584 6608
f 6608 6564 6607
f 6607 6564 6566
f 6607 6585 6584
f 6567 6577 6568
f 6567 6564 6608
f 6609 6577 6567
f 6567 6584 6609
f 6608 6584 6567
f 6523 6568 6569
f 6523 6567 6568
f 6564 6567 6523
f 6569 6541 6523
f 6523 6541 6524
f 6524 6484 6523
f 6484 6521 6523
f 6520 6519 6518
f 6566 6564 6520
f 6518 6563 6520
f 6520 6563 6566
f 6520 6521 6480
f 6480 6519 6520
f 6564 6523 6520
f 3947 3897 3884
f 3828 3891 3884
f 3884 3891 3947
f 3939 3940 3879
f 3939 3992 3940
f 3939 3879 3938
f 3938 3936 3939
f 3991 3992 3939
f 3939 3983 3991
f 4044 4049 3991
f 3991 3983 4044
f 4044 3983 4043
f 4044 4043 4093
f 6999 7079 7080
f 7079 7139 7080
f 7080 7139 7140
f 7081 6999 7080
f 7080 7140 7081
f 7175 7139 7138
f 7138 7139 7079
f 7138 7174 7175
f 7138 7079 7137
f 7137 7174 7138
f 7073 6992 6999
f 7087 7089 7004
f 7004 7002 7087
f 7071 7087 7002
f 6992 7073 7071
f 7071 6999 7081
f 7071 7073 6999
f 7081 7089 7071
f 7089 7087 7071
f 6937 7009 6938
f 6937 7006 7007
f 6937 7008 7009
f 7007 7008 6937
f 7004 6936 7003
f 7004 7006 7005
f 7005 6936 7004
f 7006 6937 7005
f 7005 6937 6936
f 7120 7063 576
f 7120 7121 7063
f 576 575 7120
f 575 7168 7120
f 7168 7121 7120
f 6527 7211 6487
f 7210 7211 6527
f 7206 7210 6527
f 6487 6526 6527
f 6526 6571 6527
f 7198 7206 6527
f 6527 6571 7198
f 6469 6485 6470
f 6469 6494 6485
f 6469 6491 6492
f 6470 6452 6469
f 7175 6491 6469
f 6493 6494 6469
f 6492 6493 6469
f 6452 7175 6469
f 3982 3052 4042
f 3052 3017 4042
f 4042 3017 3051
f 3051 4092 4042
f 4042 4092 4091
f 4091 4041 4042
f 4041 3982 4042
f 3055 3019 3054
f 3054 3021 3055
f 3055 3021 3019
f 3059 3084 3086
f 3086 3087 3059
f 3084 3087 3086
f 2974 3004 3001
f 2972 2974 3001
f 3001 2967 2972
f 3001 3002 2967
f 2936 2935 2962
f 2935 6477 2962
f 6477 2963 2962
f 2962 2937 2936
f 2962 2963 2937
f 2898 6436 2902
f 2898 2902 2899
f 6439 6438 6449
f 6435 7178 6439
f 6439 7178 6438
f 6468 6454 6453
f 6453 6450 6468
f 6454 6442 6453
f 6442 6450 6453
f 6452 6450 6440
f 6451 6452 6440
f 6440 6449 6451
f 6440 6450 6441
f 6440 6441 6435
f 6435 6439 6440
f 6440 6439 6449
f 7177 7139 7176
f 7177 7178 7139
f 6449 6438 7197
f 6438 7178 7197
f 7178 7177 7197
f 7176 6449 7197
f 7197 7177 7176
f 6836 6841 6839
f 6839 6837 6836
f 6839 6838 6802
f 6802 6837 6839
f 6838 6841 6805
f 6805 6803 6838
f 6882 6940 6883
f 2920 2951 6884
f 6884 6940 2920
f 6883 6940 6884
f 2973 2943 2940
f 2973 2939 2971
f 2973 2940 2939
f 499 508 507
f 498 508 499
f 499 540 500
f 507 506 499
f 506 540 499
f 470 499 500
f 498 499 470
f 470 497 498
f 2864 2891 2865
f 2829 2863 2864
f 2864 2865 2829
f 2890 2871 2864
f 2864 2863 2889
f 2889 2890 2864
f 1467 1408 1407
f 1407 1461 1466
f 1466 1467 1407
f 1407 1408 1348
f 1348 1406 1407
f 1407 1406 1461
f 1484 1553 6099
f 6099 6113 1484
f 1552 1553 1484
f 1484 6113 1552
f 6099 1553 1485
f 1485 1486 6099
f 1553 1486 1485
f 6227 6280 6281
f 6187 6186 6188
f 6189 6155 6188
f 6188 6155 6187
f 6226 6184 6183
f 6227 6184 6226
f 6183 6225 6226
f 6226 6225 6227
f 6375 6409 6408
f 6408 6409 6378
f 6408 6372 6375
f 6378 6372 6408
f 6374 6335 6333
f 6333 6373 6374
f 6336 6335 6374
f 6374 6378 6336
f 6374 6373 6378
f 202 138 137
f 202 135 203
f 201 6405 202
f 6405 138 202
f 202 134 201
f 203 134 202
f 270 205 6402
f 6402 6406 270
f 270 6406 205
f 262 194 193
f 261 263 262
f 262 193 261
f 263 196 262
f 196 194 262
f 126 125 6138
f 6138 6122 126
f 82 125 126
f 126 6122 82
f 6121 6122 6110
f 6110 6109 6121
f 6110 6096 6109
f 6115 6102 6110
f 6102 6096 6110
f 6123 6122 6138
f 6123 6110 6122
f 6167 6165 6174
f 6138 6165 6167
f 6167 6147 6138
f 6172 6147 6167
f 6144 6127 6143
f 6143 6147 6144
f 6127 6147 6143
f 6144 6147 6151
f 6152 6131 6151
f 6131 6144 6151
f 6151 6181 6152
f 6174 6181 6151
f 6151 6147 6174
f 87 6107 6108
f 6108 6107 6109
f 50 87 6108
f 6108 6109 6095
f 6108 6095 26
f 26 50 6108
f 1410 4 1353
f 4 1354 1353
f 1353 1354 3
f 1580 1581 1518
f 1520 1519 1518
f 1518 1581 1520
f 1517 1516 1518
f 1518 1449 1517
f 1518 1519 1449
f 1579 1580 1518
f 1578 1579 1518
f 1518 1516 1578
f 1562 1582 1614
f 1582 1581 1614
f 1614 1581 1618
f 1614 1618 1568
f 1568 1562 1614
f 2083 2104 2105
f 2104 2122 2105
f 2105 2122 2123
f 2105 2106 2083
f 2123 2106 2105
f 2082 2098 2100
f 2100 2101 2082
f 2098 2101 2100
f 2155 2139 2138
f 2155 2156 2139
f 2155 2138 2153
f 2153 2156 2155
f 5598 5599 5584
f 5584 5597 5598
f 5598 5621 5599
f 5598 5608 5621
f 5591 5587 5606
f 2743 5587 5591
f 5591 5588 2743
f 4710 4801 4787
f 4712 4801 4710
f 4787 4786 4710
f 4625 4712 4710
f 4710 4711 4625
f 4710 4786 4711
f 4835 4936 4935
f 4835 4836 4743
f 4935 4836 4835
f 4743 4834 4835
f 5039 5028 4938
f 5039 4936 5028
f 4743 4836 4837
f 4837 4838 4743
f 4846 4838 4837
f 4938 4846 4837
f 4498 4538 4499
f 4499 4538 4501
f 4499 4501 4465
f 4499 4464 4498
f 4456 4457 3438
f 3438 4492 4456
f 4456 4492 4457
f 3448 3447 3489
f 3489 3447 3446
f 3440 3484 3438
f 3438 3374 3440
f 4454 4455 3440
f 3440 3448 4454
f 4455 4489 3440
f 4490 3484 3440
f 3440 4489 4490
f 3449 3448 3441
f 3442 3381 3449
f 3449 3441 3442
f 3442 3441 3375
f 3304 3305 3241
f 3304 3303 3305
f 3483 3482 3436
f 3372 3371 3436
f 3305 3374 3377
f 3377 4458 3305
f 3374 4458 3377
f 4460 3272 4444
f 4444 4459 4460
f 4444 3367 4459
f 4459 3367 3306
f 3241 3305 3306
f 3305 4459 3306
f 4461 4494 3272
f 3272 4495 4461
f 4461 4495 4494
f 4462 3216 3272
f 3272 4496 4462
f 4462 4496 3216
f 4494 4534 4497
f 4497 4496 4494
f 4497 4534 4535
f 4535 4536 4497
f 4536 4498 4497
f 3288 3361 3289
f 3289 3236 3288
f 3290 3236 3289
f 3230 3229 3287
f 3287 3233 3230
f 3177 3229 3230
f 3230 3231 3177
f 3230 3233 3231
f 3177 3231 3232
f 3232 3187 3177
f 3231 3187 3232
f 3169 4446 3136
f 3136 3168 3169
f 3169 4445 4446
f 3169 3168 4445
f 4503 4467 4502
f 4467 4466 4502
f 4502 4466 4465
f 4502 4501 4503
f 4465 4501 4502
f 4606 4676 4627
f 4761 4674 4673
f 4673 4672 4761
f 4674 4606 4673
f 4673 4606 4672
f 4604 4607 4547
f 4547 4606 4548
f 4865 4963 4960
f 4960 4862 4865
f 4863 4862 4960
f 4960 4912 4863
f 4963 4912 4960
f 4770 4769 4716
f 4766 4864 4866
f 4866 4769 4766
f 4802 4769 4866
f 4716 4714 4713
f 4713 4714 4627
f 4713 4676 4716
f 4627 4676 4713
f 4568 4627 4628
f 4568 4567 4627
f 4514 4567 4568
f 4628 4629 4568
f 4569 4514 4568
f 4568 4629 4569
f 4596 4664 4602
f 4602 4601 4596
f 4537 4536 4596
f 4661 4664 4596
f 4596 4536 4535
f 4662 4591 4596
f 4596 4591 4661
f 4535 4595 4596
f 4596 4663 4662
f 4595 4663 4596
f 4507 4540 4542
f 4542 4540 4543
f 4597 4596 4601
f 4597 4601 4545
f 4545 4540 4597
f 4537 4596 4597
f 4447 4473 3124
f 3124 4472 4447
f 4447 4472 4473
f 3136 4446 4468
f 4468 4469 3136
f 4446 4467 4468
f 4467 4469 4468
f 1228 1227 1252
f 1205 1227 1228
f 1252 1230 1228
f 1226 1205 1225
f 1226 1227 1205
f 1225 1244 1226
f 1226 1244 1227
f 1203 1223 1204
f 1204 1223 1205
f 1174 1203 1204
f 1204 1205 1176
f 1175 1174 1204
f 1204 1176 1175
f 1231 1212 1207
f 1207 1230 1231
f 1207 1212 1183
f 1207 1183 1180
f 1180 1206 1207
f 1176 1205 1179
f 1205 1206 1179
f 1179 1206 1180
f 1179 1180 1142
f 1248 1240 1253
f 1253 1250 1248
f 1253 1240 1231
f 1231 1250 1253
f 1257 1240 1248
f 1248 4443 1257
f 4450 1240 1257
f 1257 4443 4450
f 3124 3135 3137
f 3137 3138 3124
f 3165 3138 3137
f 1245 3135 1246
f 1245 1225 3165
f 1245 1246 1225
f 3165 3137 1245
f 1245 3137 3135
f 4573 4632 4631
f 4569 4630 4631
f 4631 4632 4569
f 682 681 755
f 755 756 682
f 682 756 683
f 682 683 602
f 602 681 682
f 2698 2663 2662
f 2663 2614 2662
f 2586 2614 2587
f 2586 2587 2554
f 2554 2553 2586
f 2586 2553 2585
f 2586 2585 2611
f 2611 2612 2586
f 1430 1504 1505
f 1505 1504 1508
f 1432 1430 1505
f 1505 1508 1432
f 5655 5657 5625
f 5655 5654 5657
f 5625 5624 5655
f 5655 5624 5623
f 5623 5654 5655
f 4644 4640 4645
f 4645 4580 4644
f 4583 4582 4648
f 4650 4583 4648
f 4648 4582 4647
f 4729 4823 4824
f 4822 4823 4729
f 4729 4818 4820
f 4820 4821 4729
f 4729 4821 4822
f 4728 4818 4729
f 4729 2041 2039
f 4640 4578 4639
f 4645 4640 4639
f 4643 4578 4642
f 4643 4731 4732
f 4642 4731 4643
f 4643 4639 4578
f 4643 4732 4645
f 4645 4639 4643
f 4638 2040 2041
f 2041 4729 4638
f 4642 4578 4638
f 4638 4729 4642
f 3416 3415 3426
f 3426 3417 3416
f 3353 3415 3416
f 3416 3417 3353
f 3183 3234 3235
f 3235 3236 3183
f 3234 3236 3235
f 3291 3365 3366
f 3299 3298 3366
f 3366 3292 3291
f 3294 3292 3366
f 3366 3296 3294
f 3366 3298 3296
f 3368 3362 3431
f 3299 3366 3368
f 3365 3362 3368
f 3368 3366 3365
f 3237 3236 3293
f 3293 3292 3237
f 3236 3292 3293
f 3479 3516 3480
f 3370 3431 3432
f 3432 3371 3370
f 1809 1808 1867
f 1867 1808 1870
f 1871 1809 1867
f 1867 1870 1871
f 423 424 368
f 368 367 423
f 368 424 369
f 369 297 368
f 297 367 368
f 7729 7728 7702
f 7702 7730 7729
f 7729 7697 7728
f 7729 7730 7697
f 7532 7529 7598
f 7529 7597 7598
f 7598 7599 7532
f 7598 7597 7599
f 5430 5418 5431
f 5418 5428 5445
f 5426 5464 5445
f 5445 5428 5426
f 5436 5435 5445
f 5445 5464 5463
f 5463 5436 5445
f 5386 5383 5414
f 5414 5413 5418
f 5414 5387 5386
f 5414 5418 5387
f 7591 7590 5370
f 7592 7591 5370
f 5370 7590 5356
f 5370 5356 5372
f 5372 5394 5370
f 5370 5394 5393
f 5395 5394 5371
f 5395 5371 5375
f 5375 5401 5395
f 7513 7587 5391
f 282 356 357
f 357 5452 282
f 357 356 5420
f 5420 5452 357
f 208 5415 272
f 208 272 275
f 275 273 208
f 208 209 141
f 141 5415 208
f 208 274 209
f 273 274 208
f 216 277 217
f 217 150 216
f 219 150 211
f 211 274 219
f 276 274 211
f 211 150 213
f 141 210 211
f 210 276 211
f 286 274 275
f 275 281 286
f 281 277 286
f 286 277 219
f 219 274 286
f 243 323 244
f 244 163 243
f 237 323 243
f 243 163 162
f 6351 6387 6388
f 6388 6387 6391
f 6352 6351 6388
f 6388 6391 6352
f 1339 1341 1340
f 1340 1301 1339
f 1341 1301 1340
f 1281 1304 1305
f 1305 1297 1281
f 1304 1297 1305
f 1398 1458 1459
f 1459 1458 1401
f 1123 1122 1075
f 1075 1074 1123
f 1123 1074 1122
f 6866 6913 6867
f 6867 6829 6866
f 6830 6829 6864
f 6864 6868 6831
f 6831 6830 6864
f 6829 6867 6864
f 6864 6913 6868
f 6864 6867 6913
f 3708 3752 3709
f 3708 3751 3752
f 3707 3751 3708
f 3709 3662 3708
f 3708 3662 3707
f 3749 3752 3750
f 3752 3751 3750
f 3750 3706 3749
f 3750 3751 3706
f 3933 3874 3873
f 3873 3811 3809
f 3873 3874 3811
f 6667 6632 6666
f 6666 6703 6667
f 6666 6632 6665
f 6665 6703 6666
f 6635 6634 6670
f 6700 6706 6670
f 6676 6635 6670
f 6670 6706 6676
f 6638 6668 6639
f 6638 6633 6668
f 4131 4127 4132
f 4132 4074 4131
f 4131 4074 4127
f 2901 6504 4221
f 6504 6495 4221
f 4221 6495 4222
f 4221 4220 2901
f 4201 4220 4221
f 4221 4204 4201
f 4221 4222 4204
f 6585 6607 6562
f 6562 6607 6566
f 6562 6561 6544
f 6566 6563 6562
f 6518 6561 6562
f 6562 6563 6518
f 6565 6523 6521
f 6521 6520 6565
f 6565 6520 6523
f 3897 3892 3885
f 3885 3884 3897
f 3885 3892 3829
f 3885 3829 3828
f 3828 3884 3885
f 3923 3983 3937
f 3983 3939 3937
f 3937 3877 3923
f 3936 3877 3937
f 3937 3939 3936
f 4051 4044 4093
f 4093 4094 4051
f 3995 3994 4051
f 4051 4094 4052
f 4051 3998 3995
f 4052 3998 4051
f 6933 6992 6934
f 6992 6928 6934
f 6875 6933 6934
f 6934 6928 6875
f 6876 6834 6875
f 6875 6928 6876
f 6992 7071 6990
f 6991 6928 6990
f 6990 6928 6992
f 7072 7002 6991
f 7072 7071 7002
f 6991 6990 7072
f 7072 6990 7071
f 7088 7002 7004
f 7004 7003 7088
f 7088 7003 7002
f 3003 3001 3004
f 3002 3001 3003
f 3003 3004 2967
f 2967 3002 3003
f 2998 6477 2960
f 2998 2963 6477
f 2998 2960 2997
f 2997 2963 2998
f 2964 2997 2965
f 2964 2963 2997
f 2965 2937 2964
f 2937 2963 2964
f 6436 2898 2897
f 2897 7090 6431
f 6435 6436 2897
f 2897 7006 7090
f 2897 2900 7006
f 2899 2900 2897
f 2897 2898 2899
f 6431 6434 2897
f 2897 6434 6435
f 6443 2915 2913
f 2902 6436 2912
f 2912 2913 2902
f 6443 2913 2912
f 6881 6841 6838
f 6838 6839 6881
f 6881 6839 6841
f 6780 6803 6804
f 6804 6805 6780
f 6803 6805 6804
f 6842 6882 6883
f 6883 6884 6842
f 6841 6882 6842
f 6842 2951 6885
f 6842 6884 2951
f 6842 6805 6841
f 6880 6841 6836
f 6880 6882 6841
f 6878 6940 6879
f 6940 6882 6879
f 6836 6878 6879
f 6879 6880 6836
f 6882 6880 6879
f 501 470 500
f 500 541 501
f 501 541 545
f 501 545 2867
f 2892 546 501
f 2867 2892 501
f 546 547 503
f 503 547 2891
f 2891 2864 503
f 2871 470 503
f 503 2864 2871
f 497 470 469
f 469 2802 468
f 468 497 469
f 2872 2837 2836
f 2836 2837 2802
f 2836 2871 2872
f 2836 470 2871
f 2802 469 2836
f 2836 469 470
f 6282 6228 6227
f 6227 6281 6282
f 6229 6184 6228
f 6228 6282 6229
f 6229 6280 6231
f 6229 6281 6280
f 6229 6282 6281
f 6231 6189 6229
f 6189 6188 6229
f 204 202 137
f 135 202 204
f 6139 6138 6145
f 6139 6123 6138
f 6145 6127 6139
f 6174 6172 6173
f 6173 6167 6174
f 6172 6167 6173
f 1410 1353 1358
f 1357 1414 1358
f 1358 1414 1410
f 1313 1353 3
f 1356 6088 1313
f 8 1314 1313
f 1313 3 7
f 7 8 1313
f 6088 1357 1313
f 1357 1358 1313
f 1313 1358 1353
f 1313 1355 1356
f 1313 1314 6084
f 6084 1355 1313
f 5607 5591 5608
f 5607 5597 5596
f 5588 5591 5607
f 5607 5598 5597
f 5608 5598 5607
f 5596 5589 5607
f 5589 5588 5607
f 4934 4835 4834
f 4936 4835 4934
f 4934 4834 4933
f 4933 4936 4934
f 4937 5039 4938
f 4935 5039 4937
f 4937 4836 4935
f 4938 4837 4937
f 4937 4837 4836
f 4935 4936 5038
f 5038 5039 4935
f 4936 5039 5038
f 4465 3168 4500
f 4500 4499 4465
f 4500 3168 4464
f 4464 4499 4500
f 4454 3448 3490
f 3448 3489 3490
f 3488 3446 4454
f 3488 3489 3446
f 3448 3440 3439
f 3439 3441 3448
f 3375 3441 3439
f 3439 3440 3374
f 3437 3442 3375
f 3381 3442 3437
f 3378 3381 3437
f 3437 3443 3378
f 3437 3482 3443
f 3437 3436 3482
f 3372 3436 3437
f 3303 3304 3240
f 3240 3185 3239
f 3296 3298 3240
f 3241 3185 3240
f 3240 3304 3241
f 3239 3237 3240
f 3237 3296 3240
f 3302 3303 3240
f 3240 3298 3299
f 3481 3480 3483
f 3483 3436 3481
f 3297 4444 3272
f 3367 4444 3297
f 3297 3238 3241
f 3272 3238 3297
f 3241 3306 3297
f 3297 3306 3367
f 4498 4464 4463
f 4463 4497 4498
f 4463 4464 3216
f 3216 4496 4463
f 4496 4497 4463
f 3361 3362 3428
f 4670 4671 4605
f 4605 4607 4670
f 4671 4672 4605
f 4672 4606 4605
f 4605 4547 4607
f 4606 4547 4605
f 4675 4674 4766
f 4675 4606 4674
f 4766 4769 4675
f 4769 4770 4675
f 4675 4770 4716
f 4716 4676 4675
f 4676 4606 4675
f 4565 4627 4566
f 4565 4606 4627
f 4566 4512 4565
f 4543 4545 4600
f 4600 4544 4543
f 4545 4544 4600
f 4546 4545 4604
f 4604 4547 4546
f 4552 4564 4510
f 4802 4866 4910
f 4910 4866 4864
f 4863 4802 4910
f 4910 4864 4863
f 4505 4547 4548
f 4507 4542 4505
f 4543 4544 4505
f 4505 4542 4543
f 4505 4546 4547
f 4505 4470 4507
f 4505 4544 4545
f 4545 4546 4505
f 4505 4506 4470
f 4598 4540 4599
f 4598 4597 4540
f 4598 4599 4537
f 4537 4597 4598
f 1229 1206 1205
f 1229 1207 1206
f 1205 1228 1229
f 1229 1228 1230
f 1230 1207 1229
f 1178 1179 1142
f 2661 2614 2660
f 2661 2662 2614
f 2661 2660 2697
f 2697 2698 2661
f 2698 2662 2661
f 2660 2614 2613
f 2614 2586 2613
f 2613 2659 2660
f 2612 2659 2613
f 2613 2586 2612
f 4640 4644 4641
f 4641 4644 4580
f 4580 4579 4641
f 4641 4578 4640
f 4641 4579 4578
f 4577 4578 4519
f 4578 4579 4519
f 4519 4580 4521
f 4519 4579 4580
f 2036 2040 4519
f 4519 4481 2036
f 4482 4481 4519
f 4519 4521 4482
f 4734 4646 4650
f 4650 4648 4734
f 4647 4646 4734
f 4734 4648 4647
f 4824 4731 4730
f 4730 4729 4824
f 4730 4731 4642
f 4642 4729 4730
f 2039 4728 4819
f 4819 4729 2039
f 4728 4729 4819
f 4576 4578 4577
f 4576 4638 4578
f 4577 4519 4576
f 2040 4638 4576
f 4576 4519 2040
f 3477 3433 3476
f 3516 3479 3477
f 3483 3516 3477
f 3477 3443 3483
f 3476 3444 3477
f 3444 3443 3477
f 3435 3436 3371
f 3435 3481 3436
f 3434 3371 3433
f 3433 3479 3434
f 3434 3435 3371
f 3434 3479 3480
f 3480 3481 3434
f 3481 3435 3434
f 3369 3368 3431
f 3431 3370 3369
f 3299 3368 3369
f 3369 3370 3299
f 7741 7774 7742
f 7740 7774 7741
f 7741 7705 7740
f 7741 7742 7707
f 7707 7705 7741
f 7742 7774 7773
f 7743 7742 7773
f 7773 7772 7743
f 7739 7774 7740
f 7738 7772 7739
f 7772 7773 7739
f 7739 7773 7774
f 7703 7738 7739
f 7739 7740 7703
f 5408 5427 5426
f 5426 5428 5408
f 5398 5427 5408
f 5407 5408 5382
f 5363 5381 5382
f 5382 5383 5363
f 5382 5414 5383
f 5413 5414 5382
f 5397 5398 5382
f 5381 5399 5382
f 5382 5399 5397
f 5412 5432 5433
f 5433 5413 5412
f 5413 5382 5412
f 5429 5428 5418
f 5418 5430 5429
f 5429 5408 5428
f 5430 5408 5429
f 5434 5435 5416
f 5434 5445 5435
f 5392 5391 7587
f 5392 7587 7586
f 7586 7627 5392
f 5380 5377 5361
f 5393 5394 5380
f 5394 5395 5380
f 7513 5391 7588
f 215 150 219
f 215 216 150
f 219 277 215
f 277 216 215
f 212 213 142
f 212 211 213
f 142 141 212
f 141 211 212
f 159 158 238
f 238 158 237
f 237 243 238
f 240 162 160
f 1401 1343 1400
f 1400 1459 1401
f 1400 1343 1398
f 1398 1459 1400
f 3871 3933 3872
f 3933 3873 3872
f 3809 3871 3872
f 3872 3873 3809
f 6669 6634 6637
f 6669 6670 6634
f 6705 6700 6669
f 6700 6670 6669
f 6600 6638 6639
f 6633 6638 6600
f 6600 6639 6640
f 6640 6601 6600
f 6598 6633 6600
f 6600 6551 6598
f 6601 6552 6600
f 6552 6551 6600
f 6544 6585 6586
f 6586 6562 6544
f 6585 6562 6586
f 4050 4051 3994
f 4044 4051 4050
f 3994 4049 4050
f 4049 4044 4050
f 6877 6937 6938
f 6936 6937 6877
f 6938 6878 6877
f 6878 6834 6877
f 6834 6876 6877
f 6443 2912 6444
f 2903 2902 2914
f 2902 2913 2914
f 2914 2915 2903
f 2914 2913 2915
f 2944 2951 2950
f 6885 2951 2944
f 2917 2943 2944
f 2950 2919 2944
f 2919 2917 2944
f 2975 3011 3010
f 2971 3011 2975
f 2975 2973 2971
f 2943 2973 2975
f 6805 6842 6840
f 6840 6842 3014
f 502 501 546
f 546 503 502
f 470 501 502
f 502 503 470
f 6184 6229 6230
f 6230 6186 6185
f 6185 6184 6230
f 6230 6188 6186
f 6230 6229 6188
f 83 135 136
f 135 204 136
f 136 137 83
f 136 204 137
f 6110 6123 6124
f 6123 6139 6124
f 6115 6110 6124
f 6124 6127 6115
f 6124 6139 6127
f 3521 3490 3489
f 3489 3488 3521
f 4454 3490 3521
f 3521 3488 4454
f 3302 3375 3376
f 3375 3439 3376
f 3376 3374 3302
f 3376 3439 3374
f 3373 3375 3302
f 3373 3437 3375
f 3372 3437 3373
f 3300 3370 3371
f 3299 3370 3300
f 3300 3240 3299
f 3290 3289 3363
f 3363 3289 3361
f 3361 3428 3363
f 3365 3290 3364
f 3364 3362 3365
f 3364 3428 3362
f 3290 3363 3364
f 3364 3363 3428
f 4511 4512 4477
f 4511 4565 4512
f 4564 4565 4511
f 4511 4510 4564
f 4509 4508 4552
f 4552 4510 4509
f 4509 4475 4508
f 4549 4550 4506
f 4564 4550 4549
f 4549 4565 4564
f 4548 4606 4549
f 4606 4565 4549
f 4506 4550 4551
f 4551 4550 4564
f 4552 4506 4551
f 4551 4564 4552
f 1176 1179 1177
f 1179 1178 1177
f 1142 1176 1177
f 1177 1178 1142
f 3478 3479 3433
f 3433 3477 3478
f 3478 3477 3479
f 5409 5408 5430
f 5409 5430 5431
f 5410 5382 5409
f 5409 5382 5408
f 5431 5432 5409
f 5432 5410 5409
f 5398 5408 5406
f 5406 5408 5407
f 5406 5382 5398
f 5407 5382 5406
f 5411 5410 5432
f 5432 5412 5411
f 5411 5382 5410
f 5411 5412 5382
f 5418 5445 5419
f 5445 5434 5419
f 5419 5434 5416
f 5416 5387 5419
f 5387 5418 5419
f 7628 7627 7592
f 7628 5392 7627
f 7592 5370 7628
f 5370 5392 7628
f 5403 5395 5401
f 5400 5377 5403
f 5403 5401 5400
f 5367 5361 5350
f 5367 5380 5361
f 5367 7588 5391
f 5391 5392 5367
f 5367 5392 5370
f 5367 5370 5393
f 5393 5380 5367
f 7513 7588 5390
f 5390 7514 7513
f 5390 5389 7514
f 5390 5367 5389
f 7588 5367 5390
f 242 243 162
f 162 240 242
f 242 238 243
f 6935 6877 6876
f 6935 7003 6936
f 6936 6877 6935
f 6991 7002 6935
f 7002 7003 6935
f 6935 6928 6991
f 6935 6876 6928
f 6437 2912 6436
f 6437 6444 2912
f 6437 6436 6435
f 6443 6444 6437
f 6437 6448 6443
f 6435 6442 6437
f 6437 6442 6445
f 6445 6446 6437
f 6446 6447 6437
f 6447 6448 6437
f 6807 3045 6784
f 3013 6807 6843
f 3301 3300 3371
f 3240 3300 3301
f 3302 3240 3301
f 3301 3371 3372
f 3301 3373 3302
f 3372 3373 3301
f 4510 4511 4476
f 4475 4509 4476
f 4476 4509 4510
f 4449 4475 4476
f 4476 4477 4449
f 4476 4511 4477
f 4506 4505 4541
f 4541 4549 4506
f 4541 4505 4548
f 4548 4549 4541
f 5405 5380 5395
f 5395 5403 5405
f 5350 5360 5366
f 5366 5367 5350
f 5360 5359 5366
f 5366 5359 5376
f 5376 5389 5366
f 5389 5367 5366
f 239 240 160
f 239 242 240
f 238 242 239
f 239 160 159
f 159 238 239
f 6784 6783 6781
f 6781 6807 6784
f 6781 6783 6782
f 6781 6764 6780
f 6781 6782 6764
f 6780 6805 6781
f 3009 3045 3046
f 3046 3010 3009
f 3045 6807 3046
f 6807 3013 3046
f 6885 2944 2976
f 2976 2944 2943
f 2943 2975 2976
f 2976 3013 6843
f 5380 5405 5402
f 5402 5405 5403
f 5377 5380 5402
f 5402 5403 5377
f 6843 6807 6806
f 6807 6781 6806
f 6806 6781 6805
f 6805 6840 6806
f 6806 6840 3014
f 3010 3046 3012
f 3012 3046 3013
f 3013 2976 3012
f 3012 2975 3010
f 3012 2976 2975
f 2986 6745 3026
f 3026 6745 6738
f 2986 3026 2987
f 2987 2952 2986
f 2523 2529 2532
f 2522 2529 2523
f 881 882 875
f 875 874 881
f 2952 2987 2953
f 2925 2952 2953
f 7222 7215 7214
f 7214 7221 7222
f 7350 7340 7333
f 7333 7338 7350
f 7286 7287 2509
f 2509 2518 7286
f 5848 5847 5880
f 5848 5880 5879
f 7363 7380 7381
f 7364 7363 7381
f 7616 7553 7631
f 7631 7553 7601
f 2593 2591 2590
f 2620 2593 2590
f 2644 2603 2643
f 2643 2691 2644
f 2518 2509 2508
f 2507 2518 2508
f 5868 5872 5829
f 5868 5829 5827
f 483 522 484
f 484 482 483
f 6398 6422 6400
f 6400 6367 6398
f 1072 1118 1119
f 1119 1073 1072
f 3215 3190 3191
f 3215 3191 3245
f 3202 3215 3245
f 3208 3215 3202
f 4425 4426 4403
f 4402 4425 4403
f 1371 1323 1324
f 1324 1323 1291
f 1290 1322 1324
f 1324 1291 1290
f 1507 1431 1432
f 1432 1431 1372
f 7477 7546 7611
f 7477 7611 7547
f 1428 1431 1506
f 1503 1428 1506
f 1296 1299 1280
f 1277 1296 1280
f 6915 6866 6914
f 6918 6915 6914
f 7509 7460 7514
f 7461 7460 7509
f 2454 2414 2413
f 2413 2414 2363
f 6570 6526 6535
f 6535 6526 6525
f 6494 6535 6525
f 6493 6535 6494
f 5097 5096 5103
f 5097 5103 5102
f 3661 3618 3625
f 3625 3668 3661
f 5622 5608 5591
f 5591 5606 5622
f 4630 4633 4631
f 4631 4633 4573
f 6637 6677 6669
f 6669 6677 6705
f 3014 6842 2976
f 2976 6842 6885
f 3014 2976 6806
f 6806 2976 6843

