# https://github.com/mikedh/trimesh
v -0.01528737 -0.00097084 0.09366965
v -0.01526325 0.00100904 0.09327804
v -0.01525980 -0.00302093 0.09329776
v -0.01431540 -0.00097084 0.09495437
v -0.01425336 0.00097042 0.09496282
v -0.01409826 0.00291520 0.09491774
v -0.01423268 -0.00291562 0.09488393
v -0.01386388 0.00444575 0.09469517
v -0.01477381 -0.00485689 0.09335693
v -0.01399830 -0.00485689 0.09471208
v -0.01263341 -0.00097084 0.09583338
v -0.01263341 0.00097042 0.09587846
v -0.01263341 -0.00291562 0.09572350
v -0.01263341 0.00291520 0.09583902
v -0.01263341 -0.00485689 0.09550375
v -0.01279885 0.00500040 0.09519666
v -0.01224738 0.00680125 0.09483886
v -0.01184067 0.00797724 0.09453458
v -0.01355713 0.00574110 0.09421904
v -0.01347785 -0.00753885 0.09409226
v -0.01377082 -0.00624351 0.09450641
v -0.01275060 -0.00685783 0.09496845
v -0.01068947 -0.00485689 0.09597708
v -0.01068947 -0.00291562 0.09606159
v -0.01118235 0.00291520 0.09622499
v -0.01068947 -0.00680166 0.09581366
v -0.01101346 0.00485998 0.09611230
v -0.01068947 -0.00874644 0.09545304
v -0.01053437 0.00665381 0.09581085
v -0.00605020 0.01177552 0.09634050
v -0.00991741 0.00990095 0.09456839
v -0.01185790 -0.00994350 0.09450923
v -0.01219912 -0.00874644 0.09474588
v -0.00874553 -0.00680166 0.09600805
v -0.00489556 -0.00484635 0.09635178
v -0.00096976 0.00097042 0.09687580
v -0.00096976 0.00291520 0.09696314
v -0.00874553 0.00291520 0.09643629
v -0.01066879 0.00095638 0.09621936
v -0.01004149 0.00485998 0.09632361
v -0.01021038 0.00291520 0.09632078
v -0.00485764 0.00874602 0.09687299
v -0.00874553 -0.00874644 0.09584466
v -0.00977954 0.00590609 0.09629261
v -0.01062053 -0.01063154 0.09478251
v -0.00874553 -0.01069122 0.09542205
v -0.00633628 0.01069080 0.09643629
v -0.00485764 0.01069080 0.09673494
v -0.00485764 0.01197913 0.09643629
v -0.00291370 0.01310246 0.09530091
v -0.00795278 0.01180010 0.09464446
v -0.00992430 -0.01183211 0.09449514
v 0.00097074 -0.01263248 0.09613203
v -0.00427170 -0.00627159 0.09631515
v 0.00874650 0.00291520 0.09715755
v -0.00291370 -0.00485689 0.09646447
v -0.00096976 -0.00097084 0.09676592
v 0.00291468 -0.01263248 0.09621373
v 0.01069044 -0.00485689 0.09679129
v 0.00874650 0.00485998 0.09724206
v -0.00096976 0.00485998 0.09701949
v -0.00291370 0.00874602 0.09703639
v -0.00291370 0.00680125 0.09697441
v -0.00680158 0.00485998 0.09663915
v -0.00485764 0.00680125 0.09683917
v -0.00291370 0.01069080 0.09692653
v -0.00485764 -0.01263248 0.09559109
v -0.00855940 -0.01254121 0.09465855
v -0.00680158 -0.01263248 0.09522483
v -0.00291370 0.01225294 0.09653491
v -0.00096976 0.01341138 0.09530091
v -0.00778389 -0.01361540 0.09434018
v -0.00485764 -0.01419813 0.09493183
v 0.00097074 -0.01454216 0.09520511
v 0.01069044 -0.00097084 0.09699132
v 0.01069044 0.00097042 0.09708147
v 0.00291468 -0.01441578 0.09527554
v 0.00485862 -0.01263248 0.09604187
v 0.00977362 -0.00979255 0.09630106
v 0.01187611 -0.00639094 0.09646166
v 0.01204500 -0.00485689 0.09657153
v 0.00874650 0.00680125 0.09719135
v 0.00485862 0.00874602 0.09721671
v 0.01069044 0.00291520 0.09706457
v 0.00291468 0.01069080 0.09719135
v 0.00097074 0.01254782 0.09670113
v -0.00096976 0.01245655 0.09661379
v -0.00680158 -0.01385060 0.09461629
v 0.00097074 0.01350616 0.09530091
v -0.00291370 -0.01438068 0.09497691
v -0.00291370 -0.01534956 0.09373445
v -0.00096976 -0.01547242 0.09411198
v -0.00096976 -0.01450003 0.09506143
v 0.00097074 -0.01551455 0.09420495
v 0.01212772 -0.00291562 0.09660815
v 0.01215874 -0.00097084 0.09664478
v 0.01210359 0.00097042 0.09666732
v 0.00485862 -0.01407878 0.09509242
v 0.00291468 -0.01538817 0.09380489
v 0.01150042 -0.00768629 0.09613203
v 0.00607186 -0.01377337 0.09471489
v 0.00826741 -0.01202518 0.09494028
v 0.01297906 -0.00291562 0.09530091
v 0.01035956 0.00680125 0.09669550
v 0.00999421 0.00810361 0.09651800
v 0.00870514 0.00874953 0.09671804
v 0.00680256 0.00874602 0.09713782
v 0.01194160 0.00291520 0.09658562
v 0.01084555 0.00495476 0.09676030
v 0.00485862 0.01069080 0.09705893
v 0.00291468 0.01242846 0.09674902
v 0.00291468 0.01327799 0.09530091
v 0.01308246 -0.00097084 0.09530091
v 0.01291702 0.00097042 0.09530091
v 0.01177960 0.00436852 0.09642503
v 0.01159348 0.00566387 0.09585311
v 0.00802959 0.00993606 0.09644475
v 0.00667503 0.01062761 0.09661943
v 0.00485862 0.01203881 0.09657153
v 0.00594433 0.01174393 0.09634896
v -0.00096772 -0.05165828 -0.07965419
v -0.00291497 -0.05160772 -0.07770252
v -0.00291497 -0.05160772 -0.07965419
v -0.00096772 -0.05163805 -0.08158947
v 0.00096974 -0.05161783 -0.08158947
v 0.00096974 -0.05162793 -0.07965419
v 0.00096974 -0.05138520 0.01169735
v -0.00096772 -0.05140543 0.01169735
v -0.00485243 -0.05147623 -0.07770252
v -0.00291497 -0.05135485 0.01169735
v -0.00485243 -0.05147623 -0.07965419
v -0.00291497 -0.05156725 -0.08158947
v -0.00291497 -0.05141554 -0.08354115
v -0.00096772 -0.05147623 -0.08354115
v 0.00096974 -0.05146611 -0.08354115
v 0.00290721 -0.05155714 -0.08158947
v 0.00290721 -0.05157737 -0.07965419
v 0.00290721 -0.05127394 0.01169735
v 0.00290721 -0.05126382 0.01364902
v 0.00096974 -0.05136497 0.01364902
v -0.00096772 -0.05138520 0.01364902
v -0.00679968 -0.05126382 -0.07965419
v -0.00485243 -0.05121325 0.01169735
v -0.00679968 -0.05100085 0.01364902
v -0.00291497 -0.05133463 0.01364902
v -0.00485243 -0.05120314 0.01364902
v -0.00679968 -0.05122337 -0.08158947
v -0.00485243 -0.05142566 -0.08158947
v -0.00485243 -0.05127394 -0.08354115
v -0.00485243 -0.05096040 -0.08547642
v -0.00291497 -0.05109188 -0.08547642
v -0.00096772 -0.05115257 -0.08547642
v 0.00290721 -0.05138520 -0.08354115
v 0.00096974 -0.05114246 -0.08547642
v 0.00485446 -0.05142566 -0.08158947
v 0.00485446 -0.05145599 -0.07965419
v 0.00485446 -0.05108177 0.01364902
v 0.00485446 -0.05102108 0.01558430
v 0.00290721 -0.05118291 0.01558430
v 0.00096974 -0.05126382 0.01558430
v -0.00096772 -0.05129417 0.01558430
v -0.00291497 -0.05125371 0.01558430
v -0.00874692 -0.05098062 -0.07965419
v -0.00485243 -0.05114246 0.01558430
v -0.00679968 -0.05091994 0.01558430
v -0.00855122 -0.05066708 0.01558430
v -0.00970587 -0.05053559 0.01451826
v -0.00893284 -0.05067720 0.01378023
v -0.00874692 -0.05091994 -0.08158947
v -0.00679968 -0.05104131 -0.08354115
v -0.00680946 -0.05071765 -0.08552562
v -0.00617343 -0.05059629 -0.08662447
v -0.00485243 -0.05064685 -0.08680487
v -0.00291497 -0.05070753 -0.08701808
v -0.00096772 -0.05074800 -0.08713289
v 0.00485446 -0.05123349 -0.08354115
v 0.00290721 -0.05105143 -0.08547642
v 0.00096974 -0.05073788 -0.08708368
v 0.00290721 -0.05069742 -0.08691968
v 0.00680170 -0.05119302 -0.08158947
v 0.00680170 -0.05124360 -0.07965419
v 0.00680170 -0.05085926 0.01364902
v 0.00680170 -0.05076823 0.01558430
v 0.00687998 -0.05064685 0.01745397
v 0.00485446 -0.05089971 0.01753597
v 0.00290721 -0.05106154 0.01753597
v 0.00096974 -0.05115257 0.01753597
v -0.00096772 -0.05118291 0.01753597
v -0.00291497 -0.05113234 0.01753597
v -0.01038105 -0.05068732 -0.07965419
v -0.00976458 -0.05054571 0.01322260
v -0.00485243 -0.05102108 0.01753597
v -0.00679968 -0.05080868 0.01753597
v -0.00817938 -0.05060639 0.01753597
v -0.00951995 -0.05050526 0.01558430
v -0.01068439 -0.05015125 0.01753597
v -0.01068439 -0.05027262 0.01558430
v -0.01263163 -0.04984783 0.01558430
v -0.01263163 -0.04992874 0.01364902
v -0.01051804 -0.05038388 0.01378023
v -0.01026362 -0.05064685 -0.08158947
v -0.00996028 -0.05058617 -0.08296712
v -0.00882520 -0.05070753 -0.08359035
v -0.00951995 -0.05050526 -0.08426277
v -0.00822831 -0.05061651 -0.08490240
v -0.00746507 -0.05049514 -0.08619805
v -0.00874692 -0.04991863 -0.08742810
v -0.00680946 -0.05026251 -0.08732969
v -0.00485243 -0.05033331 -0.08778891
v -0.00291497 -0.05040411 -0.08798572
v -0.00096772 -0.05044457 -0.08810052
v 0.00680170 -0.05100085 -0.08354115
v 0.00485446 -0.05088959 -0.08547642
v 0.00814227 -0.05061651 -0.08483680
v 0.00485446 -0.05060639 -0.08665727
v 0.00096974 -0.05042433 -0.08805132
v 0.00290721 -0.05036365 -0.08788731
v 0.00485446 -0.05029285 -0.08762491
v 0.00873917 -0.05087949 -0.08158947
v 0.00873917 -0.05096040 -0.07965419
v 0.00838690 -0.05064685 0.01169735
v 0.00828905 -0.05062662 0.01364902
v 0.00800528 -0.05057606 0.01558430
v 0.00782915 -0.05054571 0.01674874
v 0.00758452 -0.05051536 0.01804439
v 0.00629287 -0.05059629 0.01907763
v 0.00500123 -0.05069742 0.01961885
v 0.00290721 -0.05089971 0.01947125
v 0.00096974 -0.05100085 0.01947125
v -0.00096772 -0.05102108 0.01947125
v -0.00291497 -0.05096040 0.01947125
v -0.01134978 -0.05047491 -0.07965419
v -0.01123236 -0.05045468 -0.08158947
v -0.01263163 -0.04994897 0.01169735
v -0.00485243 -0.05083903 0.01947125
v -0.00621257 -0.05058617 0.02078330
v -0.00683882 -0.05064685 0.01945485
v -0.00790540 -0.05056594 0.01878242
v -0.00914812 -0.05044457 0.01753597
v -0.01068439 -0.05000965 0.01947125
v -0.01263163 -0.04973657 0.01753597
v -0.01457888 -0.04934211 0.01558430
v -0.01457888 -0.04942302 0.01364902
v -0.01064525 -0.05037377 -0.08359035
v -0.01068439 -0.05006022 -0.08547642
v -0.00882520 -0.05039400 -0.08552562
v -0.01068439 -0.04953428 -0.08742810
v -0.01052782 -0.04884650 -0.08937977
v -0.00874692 -0.04920051 -0.08936337
v -0.00679968 -0.04949382 -0.08936337
v -0.00485243 -0.04969611 -0.08936337
v -0.00291497 -0.04983771 -0.08936337
v -0.00096772 -0.04991863 -0.08936337
v 0.00096974 -0.04989839 -0.08936337
v 0.00876852 -0.05068732 -0.08344275
v 0.00663536 -0.05067720 -0.08547642
v 0.00588190 -0.05054571 -0.08647685
v 0.00943391 -0.05048503 -0.08403317
v 0.00718332 -0.05046480 -0.08613244
v 0.00876852 -0.05033331 -0.08547642
v 0.01068641 -0.04991863 -0.08547642
v 0.00663536 -0.05021194 -0.08724769
v 0.00290721 -0.04979725 -0.08936337
v 0.00485446 -0.04964554 -0.08936337
v 0.00680170 -0.04942302 -0.08936337
v 0.01007973 -0.05062662 -0.08158947
v 0.01033415 -0.05067720 -0.07965419
v 0.00936542 -0.05047491 0.01169735
v 0.00926756 -0.05046480 0.01364902
v 0.00898379 -0.05041423 0.01558430
v 0.00873917 -0.05016137 0.01947125
v 0.00687998 -0.05045468 0.01961885
v 0.00858260 -0.05037377 0.01745397
v 0.00574491 -0.05052548 0.02037328
v 0.00500123 -0.05047491 0.02153773
v 0.00370959 -0.05052548 0.02227576
v 0.00300506 -0.05066708 0.02153773
v 0.00096974 -0.05078846 0.02142292
v -0.00096772 -0.05081879 0.02142292
v -0.00291497 -0.05075811 0.02142292
v -0.01263163 -0.05016137 -0.07965419
v -0.01263163 -0.05011080 -0.08158947
v -0.01263163 -0.04992874 -0.08354115
v -0.01457888 -0.04943313 0.01169735
v -0.00406961 -0.05055583 0.02250537
v -0.00477415 -0.05062662 0.02142292
v -0.00750421 -0.05050526 0.02007807
v -0.00536126 -0.05049514 0.02207895
v -0.00683882 -0.05042433 0.02142292
v -0.00862950 -0.05038388 0.01945485
v -0.01263163 -0.04958485 0.01947125
v -0.00874692 -0.05014113 0.02142292
v -0.01068439 -0.04977702 0.02142292
v -0.01457888 -0.04923085 0.01753597
v -0.01626193 -0.04882628 0.01558430
v -0.01640871 -0.04886673 0.01364902
v -0.01263163 -0.04958485 -0.08547642
v -0.01277841 -0.04898811 -0.08757570
v -0.01351230 -0.04857342 -0.08833013
v -0.01222066 -0.04872514 -0.08872375
v -0.01106601 -0.04846216 -0.09001940
v -0.00977437 -0.04860377 -0.09036382
v -0.00874692 -0.04869479 -0.09052782
v -0.00679968 -0.04882628 -0.09079023
v -0.00485243 -0.04892743 -0.09098703
v -0.00291497 -0.04899823 -0.09111824
v -0.00096772 -0.04903867 -0.09116744
v 0.00096974 -0.04903867 -0.09113464
v 0.00290721 -0.04899823 -0.09106904
v 0.00980575 -0.05055583 -0.08273752
v 0.01263366 -0.04946348 -0.08547642
v 0.01263366 -0.04979725 -0.08354115
v 0.01054942 -0.05030297 -0.08344275
v 0.00873917 -0.04981748 -0.08742810
v 0.01068641 -0.04941291 -0.08742810
v 0.00485446 -0.04891731 -0.09092143
v 0.00680170 -0.04880605 -0.09072462
v 0.00824991 -0.04869479 -0.09052782
v 0.00883702 -0.04902856 -0.08951098
v 0.01263366 -0.05001977 -0.08158947
v 0.01131266 -0.05045468 -0.07965419
v 0.01129309 -0.05046480 -0.07770252
v 0.01068641 -0.05019171 0.01169735
v 0.01068641 -0.05017148 0.01364902
v 0.01068641 -0.05007033 0.01558430
v 0.01068641 -0.04976691 0.01947125
v 0.00873917 -0.04990851 0.02142292
v 0.00680170 -0.05024227 0.02142292
v 0.01068641 -0.04993886 0.01753597
v 0.00680170 -0.04997931 0.02335820
v 0.00485446 -0.05024227 0.02335820
v 0.00240816 -0.05057606 0.02265297
v 0.00300506 -0.05042433 0.02332540
v 0.00096974 -0.05060639 0.02283338
v -0.00096772 -0.05062662 0.02289898
v -0.00291497 -0.05059629 0.02271857
v -0.01457888 -0.04962531 -0.07965419
v -0.01457888 -0.04957474 -0.08158947
v -0.01457888 -0.04939269 -0.08354115
v -0.00291497 -0.05043445 0.02370261
v -0.00477415 -0.05037377 0.02324339
v -0.00679968 -0.05013103 0.02335820
v -0.00874692 -0.04984783 0.02335820
v -0.01457888 -0.04905891 0.01947125
v -0.01263163 -0.04935222 0.02142292
v -0.01068439 -0.04948371 0.02335820
v -0.01606623 -0.04876559 0.01753597
v -0.01724045 -0.04851273 0.01558430
v -0.01737744 -0.04856331 0.01364902
v -0.01472566 -0.04896788 -0.08560763
v -0.01417769 -0.04876559 -0.08703448
v -0.01472566 -0.04843182 -0.08757570
v -0.01651634 -0.04789576 -0.08742810
v -0.01655548 -0.04710685 -0.08942898
v -0.01457888 -0.04780474 -0.08936337
v -0.01277841 -0.04831045 -0.08937977
v -0.01457888 -0.04701582 -0.09098703
v -0.01277841 -0.04724845 -0.09147906
v -0.01052782 -0.04799690 -0.09113464
v -0.00874692 -0.04813851 -0.09149545
v -0.00679968 -0.04830033 -0.09175786
v -0.00485243 -0.04841159 -0.09195467
v -0.00291497 -0.04848239 -0.09208588
v -0.00096772 -0.04850262 -0.09213508
v 0.00096974 -0.04849251 -0.09211868
v 0.00290721 -0.04845205 -0.09203667
v 0.00485446 -0.04837114 -0.09190547
v 0.01266302 -0.04891731 -0.08747730
v 0.01401337 -0.04872514 -0.08687047
v 0.01462005 -0.04889708 -0.08549282
v 0.01580405 -0.04868468 -0.08485320
v 0.01457112 -0.04926119 -0.08354115
v 0.01068641 -0.04885662 -0.08900256
v 0.01203677 -0.04870491 -0.08864175
v 0.00680170 -0.04825988 -0.09169226
v 0.00955133 -0.04856331 -0.09026541
v 0.00883702 -0.04816885 -0.09123304
v 0.01457112 -0.04947360 -0.08158947
v 0.01263366 -0.05013103 -0.07965419
v 0.01263366 -0.05015125 -0.07770252
v 0.01263366 -0.04970622 0.01169735
v 0.01263366 -0.04969611 0.01364902
v 0.01263366 -0.04961519 0.01558430
v 0.01263366 -0.04947360 0.01753597
v 0.01263366 -0.04929154 0.01947125
v 0.01263366 -0.04905891 0.02142292
v 0.01068641 -0.04951405 0.02142292
v 0.00873917 -0.04963543 0.02335820
v 0.00873917 -0.04933199 0.02530987
v 0.00680170 -0.04965565 0.02530987
v 0.00485446 -0.04989839 0.02530987
v 0.00290721 -0.05009057 0.02530987
v 0.00096974 -0.05045468 0.02380102
v 0.00096974 -0.05019171 0.02530987
v -0.00096772 -0.05045468 0.02386662
v -0.01651634 -0.04900834 -0.07965419
v -0.01759271 -0.04863411 -0.08121226
v -0.01671205 -0.04889708 -0.08175348
v -0.01748508 -0.04859365 -0.08250791
v -0.01632064 -0.04885662 -0.08354115
v -0.01593902 -0.04872514 -0.08505001
v -0.00096772 -0.05019171 0.02530987
v -0.00291497 -0.05014113 0.02530987
v -0.00485243 -0.04999954 0.02530987
v -0.00679968 -0.04977702 0.02530987
v -0.00874692 -0.04950393 0.02530987
v -0.01464738 -0.04881617 0.02130812
v -0.01559654 -0.04861388 0.02058649
v -0.01578246 -0.04867456 0.01947125
v -0.01263163 -0.04903867 0.02335820
v -0.01365908 -0.04861388 0.02442424
v -0.01398199 -0.04870491 0.02335820
v -0.01068439 -0.04913982 0.02530987
v -0.01704474 -0.04844194 0.01753597
v -0.01846359 -0.04791599 0.01753597
v -0.01846359 -0.04805759 0.01558430
v -0.01846359 -0.04813851 0.01364902
v -0.01846359 -0.04814862 0.01169735
v -0.01859080 -0.04828010 -0.07965419
v -0.01762207 -0.04864423 -0.07965419
v -0.01546933 -0.04857342 -0.08634566
v -0.01655548 -0.04839136 -0.08560763
v -0.01846359 -0.04771371 -0.08547642
v -0.01854187 -0.04710685 -0.08749370
v -0.01794498 -0.04684388 -0.08883855
v -0.01723066 -0.04655056 -0.09013420
v -0.01593902 -0.04679330 -0.09059342
v -0.01457888 -0.04644942 -0.09197108
v -0.01352208 -0.04663147 -0.09224989
v -0.01222066 -0.04679330 -0.09249590
v -0.01068439 -0.04697536 -0.09275831
v -0.00874692 -0.04716753 -0.09302071
v -0.00672139 -0.04720799 -0.09339793
v -0.00485243 -0.04754176 -0.09325032
v -0.00291497 -0.04767325 -0.09325032
v -0.00096772 -0.04771371 -0.09325032
v 0.00096974 -0.04770359 -0.09325032
v 0.00290721 -0.04762268 -0.09325032
v 0.00503059 -0.04728891 -0.09344713
v 0.00680170 -0.04727879 -0.09316832
v 0.01332841 -0.04852285 -0.08816613
v 0.01462005 -0.04834079 -0.08747730
v 0.01530501 -0.04851273 -0.08614885
v 0.01846562 -0.04794634 -0.08354115
v 0.01706634 -0.04845205 -0.08354115
v 0.01609761 -0.04877571 -0.08354115
v 0.01647923 -0.04828010 -0.08549282
v 0.01846562 -0.04756199 -0.08547642
v 0.01068641 -0.04843182 -0.08998659
v 0.01266302 -0.04821942 -0.08931417
v 0.01457112 -0.04762268 -0.08936337
v 0.00873917 -0.04711696 -0.09293871
v 0.01068641 -0.04772382 -0.09131505
v 0.01068641 -0.04691468 -0.09265990
v 0.01637159 -0.04887685 -0.08158947
v 0.01747732 -0.04859365 -0.08052343
v 0.01670429 -0.04888697 -0.07978540
v 0.01457112 -0.04958485 -0.07965419
v 0.01457112 -0.04960508 -0.07770252
v 0.01457112 -0.04918028 0.01169735
v 0.01457112 -0.04917017 0.01364902
v 0.01457112 -0.04906902 0.01558430
v 0.01472769 -0.04886673 0.01758518
v 0.01431671 -0.04881617 0.01947125
v 0.01396444 -0.04870491 0.02142292
v 0.01371981 -0.04863411 0.02262017
v 0.01265323 -0.04878582 0.02330900
v 0.01068641 -0.04922073 0.02335820
v 0.01082341 -0.04886673 0.02542468
v 0.01026565 -0.04872514 0.02686793
v 0.00963940 -0.04858354 0.02816358
v 0.00889573 -0.04887685 0.02740915
v 0.00680170 -0.04925108 0.02726155
v 0.00485446 -0.04950393 0.02726155
v 0.00290721 -0.04968599 0.02726155
v 0.00096974 -0.04978713 0.02726155
v -0.00096772 -0.04980737 0.02726155
v -0.01833639 -0.04831045 -0.08175348
v -0.02041084 -0.04755188 -0.07965419
v -0.02041084 -0.04747096 -0.08158947
v -0.02041084 -0.04725856 -0.08354115
v -0.01846359 -0.04806771 -0.08354115
v -0.01728937 -0.04853296 -0.08354115
v -0.00291497 -0.04974668 0.02726155
v -0.00485243 -0.04960508 0.02726155
v -0.00679968 -0.04938257 0.02726155
v -0.00874692 -0.04909937 0.02726155
v -0.01060611 -0.04876559 0.02719595
v -0.01495072 -0.04843182 0.02335820
v -0.01534212 -0.04853296 0.02188214
v -0.01635000 -0.04826999 0.02130812
v -0.01675119 -0.04835091 0.01947125
v -0.01255335 -0.04873525 0.02516227
v -0.01185861 -0.04864423 0.02650712
v -0.01315025 -0.04848239 0.02571989
v -0.01457888 -0.04776428 0.02726155
v -0.01441253 -0.04824977 0.02516227
v -0.01846359 -0.04774405 0.01947125
v -0.02041084 -0.04727879 0.01558430
v -0.02028363 -0.04701582 0.01947125
v -0.02059676 -0.04703605 0.01768358
v -0.02041084 -0.04735970 0.01364902
v -0.02041084 -0.04737993 0.01169735
v -0.02139914 -0.04666182 -0.08455798
v -0.02042063 -0.04692479 -0.08531241
v -0.02108602 -0.04652022 -0.08585364
v -0.01979437 -0.04680342 -0.08688688
v -0.01924640 -0.04657079 -0.08818252
v -0.01854187 -0.04632805 -0.08942898
v -0.02002922 -0.04499296 -0.09079023
v -0.01849295 -0.04531662 -0.09139705
v -0.01655548 -0.04616622 -0.09126585
v -0.01786670 -0.04488170 -0.09251229
v -0.01651634 -0.04514467 -0.09287311
v -0.01463759 -0.04540765 -0.09339793
v -0.01403091 -0.04485136 -0.09438197
v -0.01277841 -0.04612576 -0.09318472
v -0.01068439 -0.04626736 -0.09372594
v -0.00874692 -0.04646965 -0.09398835
v -0.00731829 -0.04658090 -0.09415235
v -0.00602665 -0.04668205 -0.09426716
v -0.00485243 -0.04675285 -0.09434916
v -0.00291497 -0.04681353 -0.09441476
v 0.00096974 -0.04683376 -0.09444757
v 0.00290721 -0.04679330 -0.09439837
v 0.00450219 -0.04672251 -0.09431636
v 0.00580362 -0.04665170 -0.09421796
v 0.00680170 -0.04658090 -0.09413595
v 0.01651837 -0.04771371 -0.08742810
v 0.01644988 -0.04699559 -0.08934698
v 0.01781980 -0.04678319 -0.08869094
v 0.02003125 -0.04692479 -0.08547642
v 0.02130332 -0.04662136 -0.08424637
v 0.02055964 -0.04705628 -0.08357394
v 0.02040308 -0.04735970 -0.08158947
v 0.01846562 -0.04814862 -0.08158947
v 0.01735011 -0.04854308 -0.08158947
v 0.01965941 -0.04674273 -0.08673927
v 0.01266302 -0.04715742 -0.09142985
v 0.01457112 -0.04691468 -0.09082302
v 0.01575513 -0.04672251 -0.09047861
v 0.00873917 -0.04639885 -0.09390634
v 0.01203677 -0.04675285 -0.09243029
v 0.01068641 -0.04617633 -0.09362753
v 0.01830906 -0.04831045 -0.07978540
v 0.01755560 -0.04862399 -0.07922778
v 0.01651837 -0.04898811 -0.07770252
v 0.01597040 -0.04874537 0.01364902
v 0.01580405 -0.04868468 0.01558430
v 0.01565728 -0.04863411 0.01697835
v 0.01548114 -0.04857342 0.01827400
v 0.01528544 -0.04851273 0.01947125
v 0.01493318 -0.04840148 0.02142292
v 0.01651837 -0.04759233 0.02335820
v 0.01445370 -0.04828010 0.02330900
v 0.01457112 -0.04789576 0.02530987
v 0.01330884 -0.04852285 0.02391582
v 0.01651837 -0.04788565 0.02142292
v 0.01201720 -0.04868468 0.02485066
v 0.01155729 -0.04857342 0.02614631
v 0.01082341 -0.04847228 0.02740915
v 0.01068641 -0.04808794 0.02919682
v 0.00889573 -0.04846216 0.02927883
v 0.00834776 -0.04869479 0.02867200
v 0.00744752 -0.04855319 0.02996765
v 0.00680170 -0.04879593 0.02927883
v 0.00614610 -0.04864423 0.03032847
v 0.00485446 -0.04905891 0.02919682
v 0.00290721 -0.04923085 0.02919682
v 0.00096974 -0.04933199 0.02919682
v -0.00096772 -0.04935222 0.02919682
v -0.00291497 -0.04930166 0.02919682
v -0.02189818 -0.04689445 -0.07770252
v -0.02189818 -0.04689445 -0.07965419
v -0.02179055 -0.04682365 0.01169735
v -0.02275928 -0.04639885 0.01169735
v -0.02179055 -0.04684388 -0.08158947
v -0.02156549 -0.04674273 -0.08354115
v -0.00485243 -0.04916005 0.02919682
v -0.00696602 -0.04887685 0.02937723
v -0.00874692 -0.04874537 0.02880321
v -0.00990157 -0.04863411 0.02837679
v -0.01120300 -0.04849251 0.02780277
v -0.01651634 -0.04756199 0.02530987
v -0.01651634 -0.04792611 0.02335820
v -0.01846359 -0.04752154 0.02142292
v -0.01255335 -0.04831045 0.02719595
v -0.01263163 -0.04780474 0.02919682
v -0.01457888 -0.04727879 0.02919682
v -0.01602709 -0.04682365 0.02919682
v -0.01666312 -0.04705628 0.02737635
v -0.02001943 -0.04690456 0.02142292
v -0.02148721 -0.04670228 0.01714236
v -0.02161442 -0.04676296 0.01558430
v -0.02173184 -0.04681353 0.01364902
v -0.02126215 -0.04660114 0.01947125
v -0.02253422 -0.04624713 -0.08354115
v -0.02446190 -0.04521547 -0.08365595
v -0.02522514 -0.04467942 -0.08439398
v -0.02403135 -0.04509410 -0.08547642
v -0.02217217 -0.04610553 -0.08531241
v -0.02365951 -0.04489182 -0.08695248
v -0.02247551 -0.04528627 -0.08752650
v -0.02042063 -0.04628759 -0.08749370
v -0.02191775 -0.04497273 -0.08898615
v -0.02056740 -0.04537730 -0.08952738
v -0.02132086 -0.04467942 -0.09028181
v -0.02056740 -0.04436587 -0.09139705
v -0.01915834 -0.04457827 -0.09208588
v -0.02181990 -0.04299033 -0.09257790
v -0.02025428 -0.04323307 -0.09323392
v -0.01951060 -0.04279816 -0.09426716
v -0.01651634 -0.04438610 -0.09384074
v -0.01532255 -0.04462885 -0.09413595
v -0.01263163 -0.04504353 -0.09461157
v -0.01468652 -0.04376913 -0.09525120
v -0.01263163 -0.04410290 -0.09557921
v -0.01068439 -0.04528627 -0.09487399
v -0.00856100 -0.04533685 -0.09531680
v -0.00778798 -0.04470976 -0.09616964
v -0.00679968 -0.04477045 -0.09623524
v -0.00485243 -0.04585268 -0.09531680
v -0.00291497 -0.04592348 -0.09539881
v -0.00096772 -0.04594370 -0.09541520
v 0.00096974 -0.04595382 -0.09541520
v 0.00290721 -0.04590325 -0.09536600
v 0.00503059 -0.04597405 -0.09505439
v 0.00609717 -0.04475021 -0.09621883
v 0.00677235 -0.04545822 -0.09534960
v 0.00873917 -0.04542787 -0.09500519
v 0.01846562 -0.04698548 -0.08741169
v 0.01704677 -0.04647976 -0.08998659
v 0.01846562 -0.04620668 -0.08934698
v 0.01912123 -0.04652022 -0.08803492
v 0.02100976 -0.04647976 -0.08547642
v 0.02516846 -0.04464908 -0.08418077
v 0.02442478 -0.04515479 -0.08352475
v 0.02222312 -0.04626736 -0.08357394
v 0.02148923 -0.04670228 -0.08295072
v 0.02235033 -0.04583245 -0.08547642
v 0.02392574 -0.04503342 -0.08547642
v 0.02165558 -0.04678319 -0.08158947
v 0.02180236 -0.04685399 -0.07965419
v 0.02040308 -0.04747096 -0.07965419
v 0.02034437 -0.04619656 -0.08741169
v 0.02357348 -0.04484124 -0.08680487
v 0.01333819 -0.04657079 -0.09215148
v 0.01457112 -0.04635839 -0.09180707
v 0.01644988 -0.04602462 -0.09120024
v 0.01068641 -0.04520536 -0.09477558
v 0.01266302 -0.04600439 -0.09315192
v 0.01263366 -0.04493228 -0.09448037
v 0.01855369 -0.04825988 -0.07770252
v 0.01758496 -0.04862399 -0.07770252
v 0.01694892 -0.04841159 0.01169735
v 0.01694892 -0.04840148 0.01364902
v 0.01677279 -0.04836102 0.01558430
v 0.01639117 -0.04834079 0.01758518
v 0.01651837 -0.04810816 0.01947125
v 0.01846562 -0.04717765 0.02142292
v 0.01848519 -0.04689445 0.02317779
v 0.01651837 -0.04723834 0.02530987
v 0.01265323 -0.04842171 0.02542468
v 0.01457112 -0.04748108 0.02726155
v 0.01263366 -0.04804748 0.02726155
v 0.01846562 -0.04741028 0.01947125
v 0.01263366 -0.04758222 0.02919682
v 0.01068641 -0.04756199 0.03114850
v 0.00873917 -0.04798679 0.03114850
v 0.00680170 -0.04835091 0.03105010
v 0.00485446 -0.04844194 0.03157492
v 0.00485446 -0.04871503 0.03059088
v 0.00290721 -0.04879593 0.03091889
v 0.00096974 -0.04884650 0.03109930
v -0.00096772 -0.04885662 0.03111570
v -0.00291497 -0.04882628 0.03103369
v -0.00485243 -0.04875547 0.03080409
v -0.02286692 -0.04643930 -0.07770252
v -0.02286692 -0.04642919 -0.07965419
v -0.02270057 -0.04635839 0.01364902
v -0.02429555 -0.04563016 0.01169735
v -0.02275928 -0.04636851 -0.08158947
v -0.00641805 -0.04867456 0.03047607
v -0.00771948 -0.04858354 0.03014806
v -0.00874692 -0.04849251 0.02977085
v -0.00874692 -0.04812839 0.03114850
v -0.01068439 -0.04772382 0.03114850
v -0.01060611 -0.04829022 0.02909842
v -0.01908984 -0.04652022 0.02563789
v -0.01844402 -0.04687422 0.02511307
v -0.01944211 -0.04665170 0.02434224
v -0.01846359 -0.04720799 0.02335820
v -0.01741658 -0.04662136 0.02809798
v -0.01778842 -0.04676296 0.02680233
v -0.01964760 -0.04674273 0.02335820
v -0.01263163 -0.04726868 0.03114850
v -0.01373736 -0.04669216 0.03223094
v -0.01446146 -0.04682365 0.03100090
v -0.01562589 -0.04667193 0.03026287
v -0.01700560 -0.04647976 0.02919682
v -0.02098816 -0.04647976 0.02142292
v -0.02259293 -0.04629771 0.01558430
v -0.02222110 -0.04630782 0.01768358
v -0.02234830 -0.04608531 0.01947125
v -0.02234830 -0.04584256 0.02142292
v -0.02543063 -0.04480079 -0.08309833
v -0.02614495 -0.04424450 -0.08365595
v -0.02624280 -0.04379947 -0.08547642
v -0.02500008 -0.04455804 -0.08547642
v -0.02731917 -0.04283861 -0.08664086
v -0.02626237 -0.04322296 -0.08734609
v -0.02430533 -0.04431530 -0.08752650
v -0.02320940 -0.04464908 -0.08824813
v -0.02247551 -0.04444679 -0.08952738
v -0.02383565 -0.04305102 -0.09082302
v -0.02241680 -0.04344547 -0.09141345
v -0.02311154 -0.04264644 -0.09211868
v -0.02332682 -0.04082587 -0.09423436
v -0.02081203 -0.04246438 -0.09387355
v -0.02234830 -0.04108884 -0.09449677
v -0.02025428 -0.04180695 -0.09485758
v -0.01943232 -0.04081575 -0.09616964
v -0.01865930 -0.04177661 -0.09561202
v -0.01846359 -0.04302067 -0.09451317
v -0.01651634 -0.04341513 -0.09490679
v -0.01534212 -0.04268690 -0.09610403
v -0.01068439 -0.04437599 -0.09584162
v -0.01404070 -0.04290941 -0.09630084
v -0.01263163 -0.04313193 -0.09649765
v -0.00907962 -0.04456816 -0.09603843
v -0.01068439 -0.04340502 -0.09671086
v -0.00856100 -0.04385004 -0.09674366
v -0.00679968 -0.04373879 -0.09705527
v -0.00485243 -0.04488170 -0.09633364
v -0.00291497 -0.04495250 -0.09639925
v -0.00096772 -0.04497273 -0.09641565
v 0.00096974 -0.04498284 -0.09641565
v 0.00290721 -0.04493228 -0.09638284
v 0.00485446 -0.04483113 -0.09628444
v 0.00739860 -0.04463896 -0.09610403
v 0.00485446 -0.04373879 -0.09717008
v 0.00677235 -0.04389050 -0.09680926
v 0.00873917 -0.04352638 -0.09680926
v 0.00873917 -0.04449736 -0.09597283
v 0.01838734 -0.04516491 -0.09131505
v 0.01983554 -0.04491204 -0.09067542
v 0.02045201 -0.04526605 -0.08942898
v 0.02309400 -0.04458839 -0.08810052
v 0.02179258 -0.04491204 -0.08880575
v 0.02489447 -0.04449736 -0.08547642
v 0.02623504 -0.04368822 -0.08547642
v 0.02745819 -0.04292964 -0.08547642
v 0.02778110 -0.04315216 -0.08354115
v 0.02609805 -0.04420405 -0.08352475
v 0.02536416 -0.04476033 -0.08288512
v 0.02263410 -0.04631793 -0.08158947
v 0.02277109 -0.04637862 -0.07965419
v 0.02184150 -0.04687422 -0.07770252
v 0.02040308 -0.04751142 -0.07770252
v 0.02240904 -0.04518513 -0.08744450
v 0.02424865 -0.04421416 -0.08744450
v 0.02724291 -0.04278804 -0.08650966
v 0.01373938 -0.04476033 -0.09428357
v 0.01446349 -0.04527616 -0.09331592
v 0.01651837 -0.04503342 -0.09269270
v 0.01769259 -0.04479067 -0.09239749
v 0.01068641 -0.04426473 -0.09574322
v 0.01263366 -0.04398153 -0.09544801
v 0.01846562 -0.04786542 0.01169735
v 0.01846562 -0.04785531 0.01364902
v 0.01846562 -0.04774405 0.01558430
v 0.01846562 -0.04760245 0.01753597
v 0.01960070 -0.04672251 0.02142292
v 0.01943435 -0.04665170 0.02239056
v 0.01915058 -0.04654045 0.02368621
v 0.01778066 -0.04676296 0.02530987
v 0.01751646 -0.04666182 0.02632671
v 0.01648902 -0.04686410 0.02709755
v 0.01583341 -0.04675285 0.02862280
v 0.01464941 -0.04697536 0.02924603
v 0.02010953 -0.04693491 0.01753597
v 0.01987468 -0.04683376 0.01947125
v 0.01405251 -0.04679330 0.03064008
v 0.01270216 -0.04700571 0.03123050
v 0.01210526 -0.04677308 0.03252615
v 0.01134202 -0.04657079 0.03382180
v 0.01068641 -0.04694502 0.03313298
v 0.00873917 -0.04737993 0.03308377
v 0.00680170 -0.04772382 0.03308377
v 0.00485446 -0.04798679 0.03308377
v 0.00290721 -0.04853296 0.03190293
v 0.00096974 -0.04858354 0.03206694
v -0.00096772 -0.04858354 0.03208334
v -0.00291497 -0.04856331 0.03201773
v -0.00485243 -0.04850262 0.03177173
v -0.02429555 -0.04569085 -0.07770252
v -0.02429555 -0.04568073 -0.07965419
v -0.02429555 -0.04556948 -0.08158947
v -0.02429555 -0.04555936 0.01364902
v -0.02557741 -0.04488170 0.01364902
v -0.02562633 -0.04491204 0.01169735
v -0.00696602 -0.04843182 0.03113210
v -0.00874692 -0.04755188 0.03308377
v -0.01086052 -0.04705628 0.03326418
v -0.01263163 -0.04682365 0.03267376
v -0.01844402 -0.04638873 0.02737635
v -0.02041084 -0.04558970 0.02726155
v -0.02021514 -0.04614599 0.02511307
v -0.02061633 -0.04631793 0.02335820
v -0.01846359 -0.04593359 0.02919682
v -0.01162376 -0.04664159 0.03403501
v -0.01263163 -0.04649999 0.03364140
v -0.01446146 -0.04620668 0.03296897
v -0.01651634 -0.04549867 0.03308377
v -0.01503878 -0.04648988 0.03155852
v -0.01636957 -0.04620668 0.03100090
v -0.02234830 -0.04550879 0.02335820
v -0.02429555 -0.04543799 0.01558430
v -0.02448147 -0.04517502 0.01765078
v -0.02416834 -0.04516491 0.01947125
v -0.02363994 -0.04487159 0.02335820
v -0.02394328 -0.04503342 0.02142292
v -0.02555784 -0.04488170 -0.08158947
v -0.02652657 -0.04428496 -0.08158947
v -0.02805305 -0.04331398 -0.08158947
v -0.02783778 -0.04318250 -0.08354115
v -0.02753444 -0.04297010 -0.08547642
v -0.02945233 -0.04104838 -0.08742810
v -0.02919792 -0.04085621 -0.08846134
v -0.02693755 -0.04258576 -0.08793652
v -0.02850317 -0.04231267 -0.08547642
v -0.02987310 -0.04134170 -0.08547642
v -0.02563612 -0.04299033 -0.08888775
v -0.02441297 -0.04343536 -0.08946177
v -0.02512729 -0.04267678 -0.09018341
v -0.02441297 -0.04233290 -0.09141345
v -0.02545998 -0.04093713 -0.09244669
v -0.02462824 -0.04040107 -0.09374234
v -0.02560676 -0.03910644 -0.09446397
v -0.02409985 -0.03979421 -0.09472638
v -0.02429555 -0.03845912 -0.09580883
v -0.02318004 -0.03879289 -0.09612043
v -0.02246572 -0.03982455 -0.09557921
v -0.02041084 -0.04055278 -0.09595643
v -0.01814068 -0.04111918 -0.09641565
v -0.01651634 -0.04244416 -0.09589083
v -0.02041084 -0.03958181 -0.09669445
v -0.01852230 -0.03987512 -0.09718648
v -0.01651634 -0.04147318 -0.09667806
v -0.01464738 -0.04193844 -0.09687486
v -0.01269034 -0.04167547 -0.09756369
v -0.01068439 -0.04209016 -0.09767850
v -0.00874692 -0.04229244 -0.09784250
v -0.00485243 -0.04373879 -0.09723567
v -0.00679968 -0.04247450 -0.09795731
v -0.00485243 -0.04261610 -0.09803931
v -0.00291497 -0.04373879 -0.09735048
v -0.00106557 -0.04354661 -0.09753089
v 0.00104803 -0.04354661 -0.09753089
v 0.00290721 -0.04373879 -0.09733408
v 0.00485446 -0.04259587 -0.09802291
v 0.00680170 -0.04242393 -0.09790810
v 0.00873917 -0.04224187 -0.09777690
v 0.01068641 -0.04202947 -0.09759649
v 0.01068641 -0.04329376 -0.09662885
v 0.01898423 -0.04449736 -0.09197108
v 0.02113697 -0.04458839 -0.09010140
v 0.02164580 -0.04290941 -0.09246309
v 0.02232097 -0.04328365 -0.09131505
v 0.02240904 -0.04429507 -0.08942898
v 0.02431715 -0.04330387 -0.08936337
v 0.02552072 -0.04292964 -0.08872375
v 0.02842692 -0.04226210 -0.08547642
v 0.02874983 -0.04248461 -0.08354115
v 0.02893575 -0.04260598 -0.08158947
v 0.02795723 -0.04326342 -0.08158947
v 0.02644053 -0.04423439 -0.08158947
v 0.02547180 -0.04483113 -0.08158947
v 0.02429758 -0.04546833 -0.08158947
v 0.02429758 -0.04558970 -0.07965419
v 0.02281023 -0.04639885 -0.07770252
v 0.02281023 -0.04640896 -0.07576725
v 0.02140117 -0.04666182 0.01287819
v 0.02057922 -0.04699559 0.01356702
v 0.02619590 -0.04313193 -0.08726409
v 0.02681236 -0.04250484 -0.08780531
v 0.02907274 -0.04075507 -0.08826453
v 0.02944457 -0.04104838 -0.08696888
v 0.02977727 -0.04129113 -0.08547642
v 0.01506038 -0.04258576 -0.09600563
v 0.01651837 -0.04328365 -0.09475918
v 0.01651837 -0.04425462 -0.09367674
v 0.01848519 -0.04374890 -0.09326673
v 0.02040308 -0.04320273 -0.09284031
v 0.01263366 -0.04301056 -0.09638284
v 0.01375895 -0.04281839 -0.09621883
v 0.02028566 -0.04701582 0.01558430
v 0.02056943 -0.04629771 0.02142292
v 0.02085320 -0.04641907 0.01947125
v 0.02021716 -0.04616622 0.02317779
v 0.02040308 -0.04567062 0.02530987
v 0.01875917 -0.04637862 0.02530987
v 0.01828949 -0.04618645 0.02709755
v 0.01712505 -0.04652022 0.02762236
v 0.01648902 -0.04634828 0.02924603
v 0.01534415 -0.04659102 0.02991845
v 0.02107826 -0.04652022 0.01753597
v 0.01464941 -0.04641907 0.03123050
v 0.01339690 -0.04659102 0.03193573
v 0.01270216 -0.04640896 0.03313298
v 0.01004059 -0.04672251 0.03426462
v 0.01263366 -0.04575153 0.03503545
v 0.01068641 -0.04630782 0.03495345
v 0.00873917 -0.04685399 0.03459264
v 0.00679192 -0.04698548 0.03515026
v 0.00485446 -0.04729902 0.03503545
v 0.00290721 -0.04815874 0.03308377
v 0.00096974 -0.04825988 0.03308377
v -0.00096772 -0.04825988 0.03308377
v -0.00291497 -0.04819920 0.03308377
v -0.00485243 -0.04808794 0.03308377
v -0.00679968 -0.04786542 0.03308377
v -0.02566547 -0.04493228 -0.06604167
v -0.02566547 -0.04493228 -0.07770252
v -0.02564590 -0.04493228 -0.07965419
v -0.02654614 -0.04431530 0.01364902
v -0.02545998 -0.04482102 0.01558430
v -0.02659507 -0.04434564 0.01169735
v -0.02663421 -0.04437599 -0.06604167
v -0.00874692 -0.04694502 0.03480585
v -0.01033212 -0.04678319 0.03441223
v -0.02045977 -0.04508399 0.02914762
v -0.02151656 -0.04478056 0.02847520
v -0.02181990 -0.04493228 0.02726155
v -0.02242658 -0.04509410 0.02524427
v -0.01863972 -0.04525593 0.03131251
v -0.01985309 -0.04490193 0.03077129
v -0.01086052 -0.04641907 0.03505185
v -0.01263163 -0.04597405 0.03503545
v -0.01457888 -0.04540765 0.03503545
v -0.01633042 -0.04489182 0.03490425
v -0.01759271 -0.04475021 0.03416622
v -0.01803305 -0.04494239 0.03308377
v -0.02341489 -0.04475021 0.02453904
v -0.02524471 -0.04469965 0.01838881
v -0.02513707 -0.04463896 0.01947125
v -0.02492180 -0.04451759 0.02142292
v -0.02460867 -0.04434564 0.02335820
v -0.02661464 -0.04434564 -0.07965419
v -0.02903157 -0.04267678 -0.08158947
v -0.02814112 -0.04337467 -0.07965419
v -0.02881630 -0.04253519 -0.08354115
v -0.03043085 -0.04027969 -0.08742810
v -0.03085161 -0.04062358 -0.08547642
v -0.03162464 -0.03930872 -0.08742810
v -0.03128216 -0.03902552 -0.08867455
v -0.03083204 -0.03866141 -0.08997019
v -0.02870866 -0.04047187 -0.08975699
v -0.02740723 -0.04096747 -0.09056062
v -0.02811177 -0.04121021 -0.08921576
v -0.03105710 -0.04078541 -0.08432838
v -0.02626237 -0.04230256 -0.08946177
v -0.02616451 -0.04132147 -0.09124944
v -0.02676141 -0.04053255 -0.09185627
v -0.02769100 -0.03923792 -0.09270910
v -0.02618409 -0.03982455 -0.09321752
v -0.02689840 -0.03865130 -0.09400476
v -0.02773993 -0.03735666 -0.09462798
v -0.02620366 -0.03787249 -0.09518560
v -0.02549912 -0.03710381 -0.09630084
v -0.02429555 -0.03748815 -0.09657965
v -0.02231895 -0.03788261 -0.09713727
v -0.01761228 -0.03893450 -0.09815411
v -0.01651634 -0.04010775 -0.09766209
v -0.02144807 -0.03697232 -0.09813771
v -0.01891371 -0.03860072 -0.09795731
v -0.01457888 -0.04048198 -0.09792451
v -0.01338509 -0.04072472 -0.09807211
v -0.01208366 -0.04094724 -0.09818692
v -0.01068439 -0.04111918 -0.09828532
v -0.00291497 -0.04271724 -0.09808851
v -0.00874692 -0.04132147 -0.09836731
v -0.00679968 -0.04149341 -0.09843292
v -0.00485243 -0.04164512 -0.09848212
v -0.00177010 -0.04275770 -0.09812132
v -0.00047846 -0.04276782 -0.09812132
v 0.00046092 -0.04276782 -0.09812132
v 0.00175256 -0.04275770 -0.09812132
v 0.00290721 -0.04271724 -0.09808851
v 0.00680170 -0.04145296 -0.09844933
v 0.00873917 -0.04127090 -0.09836731
v 0.01068641 -0.04105850 -0.09825251
v 0.01188020 -0.04089667 -0.09817052
v 0.01257495 -0.04164512 -0.09744889
v 0.02368111 -0.04295999 -0.09067542
v 0.01927779 -0.04268690 -0.09413595
v 0.02040308 -0.04240370 -0.09380794
v 0.02184150 -0.04106861 -0.09449677
v 0.02313314 -0.04071461 -0.09410316
v 0.02429758 -0.04117987 -0.09270910
v 0.02294723 -0.04254530 -0.09197108
v 0.02497275 -0.04259587 -0.09001940
v 0.02732119 -0.04089667 -0.09046222
v 0.02771260 -0.04116976 -0.08936337
v 0.03099063 -0.04073484 -0.08406597
v 0.03025674 -0.04140238 -0.08345914
v 0.03114719 -0.04085621 -0.08277032
v 0.03012954 -0.04174627 -0.08158947
v 0.02904338 -0.04268690 -0.07965419
v 0.02807465 -0.04332410 -0.07965419
v 0.02654817 -0.04429507 -0.07965419
v 0.02556965 -0.04489182 -0.07965419
v 0.02560879 -0.04491204 -0.07770252
v 0.02429758 -0.04563016 -0.07770252
v 0.02429758 -0.04563016 -0.07576725
v 0.02422908 -0.04520536 0.01364902
v 0.02216441 -0.04627748 0.01156614
v 0.02216441 -0.04625725 0.01356702
v 0.02125439 -0.04660114 0.01558430
v 0.02869111 -0.04048198 -0.08936337
v 0.03012954 -0.03945033 -0.08929776
v 0.03122547 -0.03898507 -0.08860894
v 0.03153860 -0.03923792 -0.08742810
v 0.03074600 -0.04054267 -0.08547642
v 0.01651837 -0.04229244 -0.09574322
v 0.01651837 -0.04132147 -0.09659605
v 0.01795679 -0.04102815 -0.09635004
v 0.01798615 -0.04299033 -0.09446397
v 0.01447327 -0.04187775 -0.09676006
v 0.02235033 -0.04544810 0.02142292
v 0.02245797 -0.04509410 0.02329260
v 0.02235033 -0.04570096 0.01947125
v 0.02190021 -0.04496261 0.02530987
v 0.02157730 -0.04481090 0.02670393
v 0.02053029 -0.04515479 0.02731075
v 0.01995296 -0.04495250 0.02919682
v 0.01846562 -0.04558970 0.02919682
v 0.01651837 -0.04579199 0.03114850
v 0.02235033 -0.04590325 0.01753597
v 0.01457112 -0.04584256 0.03308377
v 0.00873917 -0.04648988 0.03557667
v 0.01459069 -0.04510422 0.03506825
v 0.01395466 -0.04483113 0.03628190
v 0.01248688 -0.04498284 0.03693792
v 0.01068641 -0.04546833 0.03697073
v 0.00743774 -0.04660114 0.03587188
v 0.00614610 -0.04670228 0.03611790
v 0.00485446 -0.04678319 0.03631470
v 0.00290721 -0.04687422 0.03652791
v 0.00290721 -0.04747096 0.03503545
v 0.00096974 -0.04758222 0.03503545
v -0.00096772 -0.04758222 0.03503545
v -0.00291497 -0.04750131 0.03503545
v -0.00485243 -0.04737993 0.03503545
v -0.00698559 -0.04706639 0.03521586
v -0.02663421 -0.04435576 -0.07770252
v -0.02810198 -0.04334433 0.01364902
v -0.02642872 -0.04425462 0.01558430
v -0.02800413 -0.04328365 0.01558430
v -0.02609602 -0.04427484 0.01765078
v -0.02815091 -0.04336456 0.01169735
v -0.02818026 -0.04340502 -0.06604167
v -0.00774884 -0.04665170 0.03600309
v -0.00874692 -0.04656067 0.03577348
v -0.02114473 -0.04458839 0.02977085
v -0.02234830 -0.04357696 0.03114850
v -0.02224066 -0.04421416 0.02914762
v -0.02278863 -0.04443667 0.02726155
v -0.02312133 -0.04460862 0.02583470
v -0.01940297 -0.04468953 0.03206694
v -0.02045977 -0.04444679 0.03131251
v -0.01068439 -0.04564027 0.03697073
v -0.01263163 -0.04511433 0.03705273
v -0.01457888 -0.04487159 0.03634750
v -0.01555740 -0.04470976 0.03601949
v -0.02155570 -0.04285884 0.03426462
v -0.02041084 -0.04386016 0.03308377
v -0.01900178 -0.04450747 0.03308377
v -0.01685883 -0.04445690 0.03546187
v -0.01838531 -0.04312181 0.03692153
v -0.01833639 -0.04408267 0.03490425
v -0.02035213 -0.04312181 0.03496985
v -0.02414877 -0.04419393 0.02524427
v -0.02624280 -0.04399164 0.01947125
v -0.02638958 -0.04329376 0.02340740
v -0.02624280 -0.04372867 0.02142292
v -0.02593946 -0.04316227 0.02530987
v -0.02714304 -0.04271724 0.02409623
v -0.02910985 -0.04273747 -0.07965419
v -0.03012751 -0.04199913 -0.07965419
v -0.03012751 -0.04187775 -0.08158947
v -0.03120388 -0.04090678 -0.08303273
v -0.02816069 -0.04338479 -0.07770252
v -0.02913921 -0.04274759 -0.07770252
v -0.03029386 -0.04146307 -0.08362315
v -0.03291628 -0.03877266 -0.08603404
v -0.03260316 -0.03848947 -0.08742810
v -0.03330769 -0.03717460 -0.08882215
v -0.03208454 -0.03792306 -0.08939617
v -0.03288693 -0.03678015 -0.09011780
v -0.03159529 -0.03736678 -0.09097064
v -0.02954040 -0.03917724 -0.09079023
v -0.02819983 -0.03985490 -0.09133144
v -0.03193777 -0.04015833 -0.08362315
v -0.03310220 -0.03892438 -0.08473840
v -0.02898264 -0.03873221 -0.09208588
v -0.03107667 -0.03691164 -0.09226628
v -0.02978503 -0.03743758 -0.09284031
v -0.02836618 -0.03804444 -0.09341433
v -0.02904135 -0.03683072 -0.09413595
v -0.02832704 -0.03607215 -0.09531680
v -0.02680055 -0.03659809 -0.09592362
v -0.02760294 -0.03530346 -0.09639925
v -0.02618409 -0.03596089 -0.09671086
v -0.02431512 -0.03592043 -0.09759649
v -0.02274949 -0.03653741 -0.09789170
v -0.02041084 -0.03723529 -0.09826892
v -0.01834617 -0.03793318 -0.09841652
v -0.01651634 -0.03913678 -0.09825251
v -0.02367909 -0.03524278 -0.09825251
v -0.02220153 -0.03592043 -0.09836731
v -0.01457888 -0.03951101 -0.09840013
v -0.01269034 -0.03998638 -0.09846573
v -0.01068439 -0.03984478 -0.09872814
v -0.00874692 -0.03984478 -0.09882654
v -0.00291497 -0.04174627 -0.09851494
v -0.00106557 -0.04197890 -0.09844933
v 0.00104803 -0.04197890 -0.09843292
v 0.00290721 -0.04174627 -0.09849852
v 0.00485446 -0.04162490 -0.09848212
v 0.00873917 -0.03984478 -0.09884294
v 0.01068641 -0.03984478 -0.09874453
v 0.01257495 -0.03994593 -0.09848212
v 0.01457112 -0.03940987 -0.09840013
v 0.01608782 -0.03909632 -0.09825251
v 0.01318163 -0.04065393 -0.09802291
v 0.02431715 -0.04217107 -0.09131505
v 0.02040308 -0.04143273 -0.09485758
v 0.02040308 -0.04044152 -0.09582522
v 0.02244818 -0.03990547 -0.09526760
v 0.02429758 -0.03938964 -0.09472638
v 0.02549137 -0.03902552 -0.09438197
v 0.02429758 -0.04036061 -0.09369314
v 0.02532502 -0.04085621 -0.09233189
v 0.02949350 -0.03913678 -0.09072462
v 0.02607848 -0.04117987 -0.09118384
v 0.02662645 -0.04043141 -0.09175786
v 0.02887703 -0.03867152 -0.09202027
v 0.03215506 -0.03945033 -0.08532882
v 0.03306508 -0.03889404 -0.08459079
v 0.03191044 -0.04009764 -0.08345914
v 0.03319229 -0.03900529 -0.08354115
v 0.03335864 -0.03914689 -0.08158947
v 0.03220399 -0.04012798 -0.08158947
v 0.03122547 -0.04092701 -0.08158947
v 0.03012954 -0.04187775 -0.07965419
v 0.02909231 -0.04271724 -0.07770252
v 0.02812358 -0.04335444 -0.07770252
v 0.02658731 -0.04432542 -0.07770252
v 0.02657752 -0.04433553 -0.07576725
v 0.02519781 -0.04466930 0.01364902
v 0.02509996 -0.04461873 0.01558430
v 0.02413123 -0.04514467 0.01558430
v 0.02235033 -0.04606508 0.01558430
v 0.03078514 -0.03862095 -0.08990459
v 0.03284002 -0.03673969 -0.08998659
v 0.03321186 -0.03709369 -0.08869094
v 0.03355434 -0.03740723 -0.08742810
v 0.03250733 -0.03837821 -0.08742810
v 0.03284981 -0.03870187 -0.08588643
v 0.01924843 -0.04073484 -0.09610403
v 0.01457112 -0.04038084 -0.09784250
v 0.01664558 -0.03978410 -0.09766209
v 0.01846562 -0.03858050 -0.09794090
v 0.01854390 -0.03998638 -0.09690767
v 0.02040308 -0.03947055 -0.09664525
v 0.02355391 -0.04483113 0.02142292
v 0.02338756 -0.04474010 0.02260377
v 0.02317228 -0.04462885 0.02389942
v 0.02378875 -0.04496261 0.01947125
v 0.02286894 -0.04447713 0.02530987
v 0.02228183 -0.04429507 0.02731075
v 0.02126418 -0.04464908 0.02799958
v 0.02092170 -0.04448725 0.02919682
v 0.01959091 -0.04478056 0.03041047
v 0.01847540 -0.04504353 0.03108290
v 0.01782958 -0.04485136 0.03250976
v 0.01657708 -0.04512445 0.03313298
v 0.02398445 -0.04506376 0.01753597
v 0.01596062 -0.04487159 0.03446143
v 0.00873917 -0.04589313 0.03697073
v 0.01524630 -0.04459850 0.03575708
v 0.01459069 -0.04430519 0.03693792
v 0.01303485 -0.04453782 0.03757755
v 0.01174321 -0.04472999 0.03800397
v 0.01068641 -0.04486147 0.03826638
v 0.00855325 -0.04501319 0.03895520
v 0.00679192 -0.04628759 0.03685592
v 0.00485446 -0.04635839 0.03728234
v 0.00290721 -0.04645953 0.03749555
v 0.00096974 -0.04693491 0.03664271
v -0.00096772 -0.04693491 0.03665911
v -0.00291497 -0.04689445 0.03657711
v -0.00485243 -0.04683376 0.03642950
v -0.00645719 -0.04674273 0.03621630
v -0.02907071 -0.04270713 0.01364902
v -0.02911964 -0.04273747 0.01169735
v -0.02787692 -0.04320273 0.01753597
v -0.02897286 -0.04263633 0.01558430
v -0.02915878 -0.04276782 -0.06502483
v -0.02915878 -0.04276782 -0.06727171
v -0.00698559 -0.04636851 0.03690512
v -0.00874692 -0.04604485 0.03697073
v -0.02361059 -0.04291953 0.03114850
v -0.02332682 -0.04276782 0.03211614
v -0.02432491 -0.04312181 0.02903282
v -0.02429555 -0.04361741 0.02726155
v -0.02226024 -0.04302067 0.03290337
v -0.01068439 -0.04495250 0.03844678
v -0.01198581 -0.04480079 0.03813517
v -0.01327745 -0.04460862 0.03775796
v -0.01457888 -0.04440633 0.03731514
v -0.01651634 -0.04308135 0.03854518
v -0.01633042 -0.04403210 0.03679032
v -0.02284735 -0.04249473 0.03341179
v -0.02096859 -0.04256553 0.03556027
v -0.02226024 -0.04215084 0.03496985
v -0.02419770 -0.04110907 0.03483864
v -0.01769057 -0.04284873 0.03810237
v -0.01967695 -0.04287907 0.03623269
v -0.01898221 -0.04255541 0.03752835
v -0.02770079 -0.04309147 0.01947125
v -0.02731917 -0.04283861 0.02280058
v -0.02748552 -0.04294987 0.02142292
v -0.02690819 -0.04256553 0.02530987
v -0.02551869 -0.04291953 0.02726155
v -0.02936427 -0.04097758 0.02491626
v -0.02958932 -0.04114953 0.02335820
v -0.02805305 -0.04222164 0.02340740
v -0.02836618 -0.04153387 0.02545748
v -0.03012751 -0.04204970 -0.07770252
v -0.03143872 -0.04108884 -0.07770252
v -0.03139958 -0.04105850 -0.07965419
v -0.03131151 -0.04098770 -0.08158947
v -0.03228025 -0.04016844 -0.08158947
v -0.03339575 -0.03918735 -0.08158947
v -0.03322941 -0.03904575 -0.08354115
v -0.03490267 -0.03685095 -0.08618165
v -0.03366974 -0.03751849 -0.08742810
v -0.03509837 -0.03704312 -0.08488600
v -0.03524515 -0.03525289 -0.08883855
v -0.03408071 -0.03602158 -0.08947818
v -0.03463847 -0.03657786 -0.08742810
v -0.03485375 -0.03484832 -0.09013420
v -0.03356210 -0.03548552 -0.09097064
v -0.03030364 -0.03805455 -0.09152825
v -0.03420792 -0.03815569 -0.08354115
v -0.03302392 -0.03496969 -0.09226628
v -0.03306306 -0.03306820 -0.09425076
v -0.03107667 -0.03496969 -0.09421796
v -0.03043085 -0.03622386 -0.09352913
v -0.02978503 -0.03553609 -0.09470998
v -0.02890436 -0.03477752 -0.09600563
v -0.02966761 -0.03348289 -0.09648125
v -0.02822919 -0.03407963 -0.09685846
v -0.02637979 -0.03407963 -0.09777690
v -0.02498051 -0.03476740 -0.09800651
v -0.02041084 -0.03596089 -0.09872814
v -0.01651634 -0.03790284 -0.09869534
v -0.02712346 -0.03296706 -0.09808851
v -0.02583182 -0.03347277 -0.09830172
v -0.02431512 -0.03407963 -0.09849852
v -0.01457888 -0.03790284 -0.09887573
v -0.01263163 -0.03790284 -0.09894134
v -0.00679968 -0.03984478 -0.09887573
v -0.00291497 -0.03984478 -0.09890855
v 0.00485446 -0.03984478 -0.09889214
v 0.00680170 -0.03984478 -0.09887573
v 0.01263366 -0.03790284 -0.09895775
v 0.01457112 -0.03790284 -0.09887573
v 0.01664558 -0.03806467 -0.09856413
v 0.01846562 -0.03760952 -0.09844933
v 0.01737947 -0.03882324 -0.09808851
v 0.02176322 -0.03910644 -0.09635004
v 0.02305486 -0.03871198 -0.09603843
v 0.02429758 -0.03832764 -0.09569402
v 0.02539352 -0.03702289 -0.09623524
v 0.02608826 -0.03779158 -0.09510360
v 0.02766367 -0.03727575 -0.09454598
v 0.02678301 -0.03857038 -0.09388995
v 0.02605891 -0.03972341 -0.09311911
v 0.02758539 -0.03913678 -0.09259430
v 0.03153860 -0.03732632 -0.09083943
v 0.03022739 -0.03799386 -0.09142985
v 0.02827035 -0.03797363 -0.09333233
v 0.02965985 -0.03737689 -0.09277470
v 0.03096128 -0.03681049 -0.09213508
v 0.03506126 -0.03700266 -0.08473840
v 0.03416102 -0.03810512 -0.08354115
v 0.03433716 -0.03826695 -0.08158947
v 0.03344671 -0.03922781 -0.07965419
v 0.03228227 -0.04019878 -0.07965419
v 0.03131354 -0.04098770 -0.07965419
v 0.03012954 -0.04193844 -0.07770252
v 0.02909231 -0.04271724 -0.07381557
v 0.02812358 -0.04336456 -0.07576725
v 0.03142118 -0.04106861 -0.06604167
v 0.03012954 -0.04198901 -0.06604167
v 0.02811379 -0.04334433 -0.06799334
v 0.02811379 -0.04333422 -0.06604167
v 0.02776153 -0.04313193 0.01169735
v 0.02623504 -0.04405233 0.01364902
v 0.02623504 -0.04394107 0.01558430
v 0.02623504 -0.04376913 0.01753597
v 0.02495318 -0.04452770 0.01753597
v 0.03348584 -0.03543495 -0.09090503
v 0.03478727 -0.03476740 -0.09001940
v 0.03517868 -0.03518209 -0.08872375
v 0.03452307 -0.03648683 -0.08742810
v 0.03484599 -0.03680038 -0.08603404
v 0.02054007 -0.03789272 -0.09769490
v 0.01997253 -0.03723529 -0.09828532
v 0.02238947 -0.03800398 -0.09687486
v 0.02452264 -0.04428496 0.02142292
v 0.02475748 -0.04442656 0.01947125
v 0.02414102 -0.04418382 0.02329260
v 0.02429758 -0.04367810 0.02530987
v 0.02589256 -0.04314204 0.02335820
v 0.02435629 -0.04319261 0.02714675
v 0.02373004 -0.04300044 0.02919682
v 0.02235033 -0.04375901 0.02919682
v 0.02237969 -0.04317239 0.03106650
v 0.02030523 -0.04421416 0.03108290
v 0.01913101 -0.04456816 0.03170612
v 0.01847540 -0.04434564 0.03313298
v 0.01725226 -0.04460862 0.03380541
v 0.01657708 -0.04437599 0.03506825
v 0.01670429 -0.04341513 0.03716753
v 0.01617589 -0.04301056 0.03841398
v 0.01461026 -0.04328365 0.03900441
v 0.01399380 -0.04290941 0.04013605
v 0.01248688 -0.04411302 0.03875839
v 0.01263366 -0.04312181 0.04052966
v 0.01068641 -0.04436587 0.03923402
v 0.00907186 -0.04456816 0.03961123
v 0.00778022 -0.04470976 0.03989004
v 0.00680170 -0.04532673 0.03892240
v 0.00485446 -0.04558970 0.03892240
v 0.00290721 -0.04578188 0.03892240
v 0.00096974 -0.04651011 0.03762675
v -0.00096772 -0.04649999 0.03762675
v -0.00291497 -0.04647976 0.03754475
v -0.00485243 -0.04640896 0.03739714
v -0.03012751 -0.04194855 0.01364902
v -0.03012751 -0.04181707 0.01558430
v -0.03012751 -0.04199913 0.01169735
v -0.03147786 -0.04109896 -0.06604167
v -0.03013729 -0.04206993 -0.06604167
v -0.02884565 -0.04255541 0.01753597
v -0.00679968 -0.04543799 0.03892240
v -0.00866864 -0.04509410 0.03902081
v -0.02457932 -0.04236324 0.03114850
v -0.02499030 -0.04260598 0.02955764
v -0.02527406 -0.04082587 0.03406781
v -0.02558719 -0.04102815 0.03308377
v -0.00927532 -0.04462885 0.03974244
v -0.01068439 -0.04446702 0.03943082
v -0.01263163 -0.04424450 0.03884039
v -0.01422662 -0.04298022 0.04028365
v -0.01475502 -0.04342524 0.03910281
v -0.01551826 -0.04275770 0.03987364
v -0.01651634 -0.04255541 0.03951282
v -0.02035213 -0.04220141 0.03692153
v -0.02227981 -0.04122033 0.03688872
v -0.02348338 -0.04091690 0.03618350
v -0.01750465 -0.04082587 0.04184172
v -0.01827767 -0.04109896 0.04075927
v -0.01838531 -0.04214073 0.03882400
v -0.01960846 -0.04090678 0.04005404
v -0.02031299 -0.04121021 0.03884039
v -0.02866952 -0.04243404 0.01947125
v -0.02846403 -0.04229244 0.02142292
v -0.02648743 -0.04231267 0.02726155
v -0.02796499 -0.04134170 0.02726155
v -0.02605688 -0.04209016 0.02903282
v -0.03148765 -0.03919747 0.02530987
v -0.03056784 -0.04040107 0.02335820
v -0.02912942 -0.04080564 0.02621191
v -0.03126259 -0.03901541 0.02675313
v -0.03081247 -0.04060335 0.02142292
v -0.02984374 -0.04131136 0.02142292
v -0.03240745 -0.04028981 -0.07770252
v -0.03244659 -0.04035050 -0.06604167
v -0.03236831 -0.04023924 -0.07965419
v -0.03349361 -0.03926827 -0.07965419
v -0.03436448 -0.03829730 -0.08158947
v -0.03446234 -0.03838832 -0.07965419
v -0.03682056 -0.03486855 -0.08605044
v -0.03558763 -0.03560689 -0.08742810
v -0.03523536 -0.03718472 -0.08354115
v -0.03621388 -0.03617329 -0.08354115
v -0.03713369 -0.03520232 -0.08354115
v -0.03699669 -0.03506071 -0.08475479
v -0.03655636 -0.03457523 -0.08742810
v -0.03711411 -0.03327049 -0.08872375
v -0.03598882 -0.03405940 -0.08942898
v -0.03673249 -0.03280523 -0.09001940
v -0.03544085 -0.03355369 -0.09095424
v -0.03495159 -0.03300751 -0.09224989
v -0.03425685 -0.03426169 -0.09161026
v -0.03455040 -0.03224894 -0.09341433
v -0.03491245 -0.03101500 -0.09415235
v -0.03546042 -0.02972037 -0.09466077
v -0.03349361 -0.03206689 -0.09462798
v -0.03286735 -0.03089363 -0.09603843
v -0.03216282 -0.03218826 -0.09566122
v -0.03095925 -0.03290637 -0.09608763
v -0.03207476 -0.03353346 -0.09466077
v -0.03037214 -0.03423135 -0.09539881
v -0.03023515 -0.03218826 -0.09692406
v -0.02837596 -0.03221860 -0.09789170
v -0.02234830 -0.03401894 -0.09890855
v -0.01846359 -0.03596089 -0.09894134
v -0.02914899 -0.03109591 -0.09812132
v -0.02785735 -0.03167243 -0.09833452
v -0.02637979 -0.03221860 -0.09854773
v -0.01651634 -0.03596089 -0.09899054
v -0.02041084 -0.03401894 -0.09902336
v 0.01651837 -0.03596089 -0.09897415
v 0.01846562 -0.03596089 -0.09892494
v 0.02054007 -0.03611261 -0.09856413
v 0.02429758 -0.03735666 -0.09649765
v 0.02424865 -0.03585975 -0.09749809
v 0.02485533 -0.03469660 -0.09795731
v 0.02611762 -0.03590021 -0.09661245
v 0.02749733 -0.03522255 -0.09635004
v 0.02668516 -0.03651718 -0.09584162
v 0.02895532 -0.03677003 -0.09407035
v 0.02823121 -0.03599123 -0.09523480
v 0.03225292 -0.03612272 -0.09152825
v 0.03167559 -0.03551586 -0.09284031
v 0.03032524 -0.03614295 -0.09344713
v 0.03296723 -0.03491912 -0.09220068
v 0.03592235 -0.03591032 -0.08531241
v 0.03695958 -0.03501015 -0.08459079
v 0.03616698 -0.03611261 -0.08354115
v 0.03519825 -0.03713415 -0.08354115
v 0.03535482 -0.03729598 -0.08158947
v 0.03442523 -0.03834787 -0.07965419
v 0.03348584 -0.03926827 -0.07770252
v 0.03232141 -0.04023924 -0.07770252
v 0.03135268 -0.04100792 -0.07770252
v 0.03136247 -0.04102815 -0.07576725
v 0.02908252 -0.04271724 -0.06604167
v 0.03239970 -0.04029992 -0.06604167
v 0.03109827 -0.04081575 0.01268138
v 0.02874004 -0.04247450 0.01169735
v 0.02775174 -0.04312181 0.01364902
v 0.02765389 -0.04306113 0.01558430
v 0.02752668 -0.04297010 0.01753597
v 0.02735055 -0.04285884 0.01947125
v 0.02623504 -0.04354661 0.01947125
v 0.03418059 -0.03419089 -0.09152825
v 0.03666602 -0.03272431 -0.08987179
v 0.03592235 -0.03395826 -0.08929776
v 0.03537438 -0.03347277 -0.09083943
v 0.03701829 -0.03314912 -0.08857614
v 0.03647032 -0.03445386 -0.08742810
v 0.03550159 -0.03551586 -0.08742810
v 0.03677366 -0.03480786 -0.08590284
v 0.02127396 -0.03686106 -0.09808851
v 0.02235033 -0.03553609 -0.09836731
v 0.02235033 -0.03650706 -0.09787530
v 0.02635246 -0.04321284 0.02129172
v 0.02555008 -0.04293976 0.02530987
v 0.02533481 -0.04279816 0.02644152
v 0.02707656 -0.04267678 0.02186574
v 0.02686129 -0.04253519 0.02335820
v 0.02505104 -0.04263633 0.02773717
v 0.02470856 -0.04242393 0.02919682
v 0.02343648 -0.04282850 0.03037767
v 0.02305486 -0.04261610 0.03167332
v 0.02175343 -0.04295999 0.03264096
v 0.02054007 -0.04335444 0.03319858
v 0.01985511 -0.04297010 0.03503545
v 0.01846562 -0.04360730 0.03503545
v 0.01846562 -0.04299033 0.03647871
v 0.01747732 -0.04275770 0.03793836
v 0.01528544 -0.04266667 0.03970964
v 0.01461026 -0.04228233 0.04082488
v 0.01263366 -0.04256553 0.04149730
v 0.01155729 -0.04273747 0.04179251
v 0.01082341 -0.04336456 0.04102169
v 0.00855325 -0.04411302 0.04067727
v 0.00680170 -0.04424450 0.04098888
v 0.00680170 -0.04478056 0.04002124
v 0.00485446 -0.04491204 0.04026725
v 0.00096974 -0.04587290 0.03892240
v 0.00290721 -0.04500308 0.04043126
v 0.00096974 -0.04504353 0.04052966
v -0.00096772 -0.04587290 0.03892240
v -0.00291497 -0.04583245 0.03892240
v -0.00485243 -0.04568073 0.03892240
v -0.03137023 -0.04102815 0.01364902
v -0.03128216 -0.04096747 0.01558430
v -0.03012751 -0.04163501 0.01753597
v -0.03117452 -0.04087644 0.01753597
v -0.03138980 -0.04104838 0.01169735
v -0.03236831 -0.04029992 0.01169735
v -0.03025471 -0.04133158 0.01930724
v -0.03110602 -0.04082587 0.01853641
v -0.00485243 -0.04495250 0.04034926
v -0.00679968 -0.04482102 0.04011965
v -0.00797390 -0.04474010 0.03995564
v -0.02629172 -0.04131136 0.03106650
v -0.02655592 -0.04037073 0.03308377
v -0.02478481 -0.04051232 0.03536347
v -0.02707454 -0.03878278 0.03580628
v -0.02750508 -0.03909632 0.03451063
v -0.02697669 -0.04065393 0.03165692
v -0.00866864 -0.04419393 0.04071007
v -0.01068439 -0.04367810 0.04085768
v -0.01181947 -0.04280827 0.04190732
v -0.01253378 -0.04316227 0.04090688
v -0.01311111 -0.04261610 0.04157930
v -0.01475502 -0.04244416 0.04090688
v -0.01651634 -0.04102815 0.04216973
v -0.02158506 -0.04093713 0.03815157
v -0.02287670 -0.04056290 0.03747915
v -0.02381608 -0.03918735 0.03892240
v -0.02524471 -0.03886369 0.03792197
v -0.02578290 -0.03921770 0.03662632
v -0.01880607 -0.04052244 0.04134970
v -0.02137957 -0.03887381 0.04184172
v -0.02090010 -0.04056290 0.03944722
v -0.03098860 -0.04073484 0.01984846
v -0.02756380 -0.04106861 0.02919682
v -0.02893372 -0.04065393 0.02726155
v -0.02729960 -0.04088655 0.03036127
v -0.03245638 -0.03836809 0.02530987
v -0.03274015 -0.03861083 0.02335820
v -0.03177142 -0.03943010 0.02335820
v -0.03028407 -0.03960204 0.02734355
v -0.03103753 -0.03882324 0.02804878
v -0.03309241 -0.03697232 0.02834399
v -0.03326855 -0.03713415 0.02726155
v -0.03293585 -0.03878278 0.02184934
v -0.03220196 -0.03949078 0.02129172
v -0.03353275 -0.03931884 -0.07770252
v -0.03361103 -0.03937952 -0.06604167
v -0.03357189 -0.03931884 0.01169735
v -0.03538214 -0.03732632 -0.08158947
v -0.03450148 -0.03841867 -0.07770252
v -0.03551913 -0.03744769 -0.07770252
v -0.03547021 -0.03741735 -0.07965419
v -0.03739789 -0.03360426 -0.08742810
v -0.03760337 -0.03414031 -0.08544362
v -0.03869931 -0.03281534 -0.08547642
v -0.03635087 -0.03634523 -0.08158947
v -0.03728046 -0.03537426 -0.08158947
v -0.03823941 -0.03388746 -0.08363955
v -0.03884609 -0.03300751 -0.08434478
v -0.03825898 -0.03423135 -0.08158947
v -0.03856232 -0.03068122 -0.08974059
v -0.03837640 -0.03238043 -0.08742810
v -0.03889501 -0.03112626 -0.08844494
v -0.03726089 -0.03151060 -0.09083943
v -0.03612581 -0.03225905 -0.09154466
v -0.03682056 -0.03094420 -0.09213508
v -0.03551913 -0.03171289 -0.09285671
v -0.03614539 -0.03033734 -0.09344713
v -0.03676185 -0.02892134 -0.09403756
v -0.03598882 -0.02822345 -0.09523480
v -0.03471675 -0.02882020 -0.09595643
v -0.03416878 -0.03030699 -0.09534960
v -0.03342511 -0.02959900 -0.09643205
v -0.03157571 -0.03161174 -0.09648125
v -0.03031343 -0.03031711 -0.09790810
v -0.02429555 -0.03206689 -0.09899054
v -0.03108646 -0.02913374 -0.09810491
v -0.02978503 -0.02980128 -0.09833452
v -0.02837596 -0.03031711 -0.09858053
v -0.02624280 -0.03012494 -0.09900694
v -0.02818026 -0.02818299 -0.09902336
v -0.02234830 -0.03206689 -0.09903974
v 0.02818229 -0.02818299 -0.09899054
v 0.02040308 -0.03401894 -0.09897415
v 0.02429758 -0.03206689 -0.09892494
v 0.02235033 -0.03401894 -0.09884294
v 0.02424865 -0.03402906 -0.09844933
v 0.02702764 -0.03288614 -0.09803931
v 0.02632311 -0.03402906 -0.09769490
v 0.02356369 -0.03514163 -0.09820331
v 0.02572621 -0.03340197 -0.09828532
v 0.02952286 -0.03338175 -0.09639925
v 0.02879875 -0.03467637 -0.09594002
v 0.02816272 -0.03401894 -0.09676006
v 0.03099063 -0.03488877 -0.09413595
v 0.02969899 -0.03547541 -0.09464438
v 0.03487534 -0.03291649 -0.09213508
v 0.03231163 -0.03425157 -0.09347993
v 0.03293788 -0.03293671 -0.09413595
v 0.03357391 -0.03362449 -0.09284031
v 0.03881876 -0.03297717 -0.08419717
v 0.03706722 -0.03514163 -0.08354115
v 0.03754669 -0.03409986 -0.08534522
v 0.03632354 -0.03629466 -0.08158947
v 0.03641161 -0.03638569 -0.07965419
v 0.03544288 -0.03737689 -0.07965419
v 0.03549181 -0.03741735 -0.07770252
v 0.03446436 -0.03838832 -0.07770252
v 0.03234098 -0.04024936 -0.07576725
v 0.03454264 -0.03846924 -0.06604167
v 0.03356413 -0.03932895 -0.06604167
v 0.03357391 -0.03931884 -0.06408999
v 0.03319229 -0.03900529 0.01364902
v 0.03188108 -0.04011787 0.01345222
v 0.03103956 -0.04077530 0.01397703
v 0.03028610 -0.04135181 0.01345222
v 0.02872047 -0.04245427 0.01364902
v 0.02862262 -0.04240370 0.01558430
v 0.02849541 -0.04231267 0.01753597
v 0.02831928 -0.04218118 0.01947125
v 0.02724291 -0.04277793 0.02057009
v 0.03719443 -0.03142969 -0.09070822
v 0.03749777 -0.03207700 -0.08928137
v 0.03604956 -0.03216803 -0.09142985
v 0.03882855 -0.03103523 -0.08828092
v 0.03836865 -0.03206689 -0.08754290
v 0.03730206 -0.03348289 -0.08742810
v 0.03865241 -0.03273443 -0.08547642
v 0.02652860 -0.04231267 0.02530987
v 0.02608826 -0.04213061 0.02714675
v 0.02931737 -0.04093713 0.02293178
v 0.02800615 -0.04213061 0.02129172
v 0.02835842 -0.04148330 0.02348940
v 0.02796702 -0.04134170 0.02530987
v 0.02736033 -0.04092701 0.02855720
v 0.02634268 -0.04139227 0.02919682
v 0.02575557 -0.04113941 0.03114850
v 0.02417037 -0.04215084 0.03106650
v 0.02542287 -0.04091690 0.03236215
v 0.02432693 -0.04132147 0.03305097
v 0.02237969 -0.04239358 0.03319858
v 0.02128375 -0.04270713 0.03393661
v 0.02082384 -0.04248461 0.03503545
v 0.01944414 -0.04276782 0.03600309
v 0.01846562 -0.04252507 0.03746274
v 0.01864175 -0.04158444 0.03910281
v 0.01811335 -0.04110907 0.04038206
v 0.01670429 -0.04248461 0.03900441
v 0.01657708 -0.04143273 0.04095608
v 0.01597040 -0.04099781 0.04212053
v 0.01026565 -0.04290941 0.04207132
v 0.00485446 -0.04437599 0.04123489
v -0.00096772 -0.04505365 0.04054607
v 0.00096974 -0.04452770 0.04149730
v -0.00096772 -0.04453782 0.04153011
v -0.00291497 -0.04502330 0.04049686
v -0.03233895 -0.04025947 0.01364902
v -0.03226067 -0.04017856 0.01558430
v -0.03214325 -0.04008752 0.01753597
v -0.03187905 -0.04007741 0.01930724
v -0.03331747 -0.03911655 0.01753597
v -0.00291497 -0.04450747 0.04146450
v -0.00485243 -0.04442656 0.04131690
v -0.00679968 -0.04429507 0.04108728
v -0.02816069 -0.03930872 0.03291977
v -0.02918813 -0.03889404 0.03216534
v -0.02635043 -0.03852992 0.03715113
v -0.02626237 -0.03757918 0.03888960
v -0.02742680 -0.03710381 0.03823358
v -0.02812155 -0.03739712 0.03682312
v -0.02920770 -0.03698244 0.03608509
v -0.02955019 -0.03725552 0.03503545
v -0.02816069 -0.03829730 0.03510106
v -0.02879673 -0.03861083 0.03346099
v -0.02216238 -0.03912666 0.04069367
v -0.02335617 -0.03889404 0.03992284
v -0.02479459 -0.03858050 0.03892240
v -0.02562633 -0.03719483 0.04030006
v -0.02268100 -0.03848947 0.04121849
v -0.03306306 -0.03889404 0.02055369
v -0.03316091 -0.03898507 0.01947125
v -0.02853253 -0.04036061 0.02919682
v -0.02982417 -0.03938964 0.02919682
v -0.03355232 -0.03739712 0.02530987
v -0.03382630 -0.03763986 0.02335820
v -0.03079290 -0.03863106 0.02919682
v -0.03213347 -0.03753872 0.02908202
v -0.03502988 -0.03503038 0.02836039
v -0.03423728 -0.03619352 0.02726155
v -0.03153657 -0.03730609 0.03114850
v -0.03282821 -0.03672957 0.02963964
v -0.03352296 -0.03546529 0.03114850
v -0.03479503 -0.03478763 0.02965604
v -0.03453083 -0.03648683 0.02530987
v -0.03494181 -0.03689140 0.02217735
v -0.03506901 -0.03701278 0.02088170
v -0.03413943 -0.03810512 0.01947125
v -0.03458954 -0.03850969 -0.06604167
v -0.03456997 -0.03849958 -0.06799334
v -0.03454062 -0.03845912 0.01169735
v -0.03352296 -0.03927838 0.01364902
v -0.03449169 -0.03842878 0.01364902
v -0.03561699 -0.03753872 -0.06604167
v -0.03648787 -0.03647672 -0.07770252
v -0.03644872 -0.03642615 -0.07965419
v -0.03943320 -0.03184437 -0.08547642
v -0.03735875 -0.03545517 -0.07965419
v -0.03832747 -0.03433249 -0.07965419
v -0.03895373 -0.03314912 -0.08304913
v -0.03954083 -0.03223883 -0.08363955
v -0.04061721 -0.03080260 -0.08354115
v -0.04041171 -0.03049917 -0.08547642
v -0.03905158 -0.03326037 -0.08158947
v -0.03912986 -0.03336152 -0.07965419
v -0.03904179 -0.02938659 -0.09057702
v -0.03927664 -0.03007437 -0.08919936
v -0.03911029 -0.03140946 -0.08742810
v -0.04065635 -0.02892134 -0.08796932
v -0.03858189 -0.02873928 -0.09187267
v -0.03729025 -0.02964957 -0.09274190
v -0.03850361 -0.02661528 -0.09379154
v -0.03720218 -0.02762671 -0.09451317
v -0.03903201 -0.02744465 -0.09249590
v -0.03650744 -0.02660516 -0.09580883
v -0.03520601 -0.02751545 -0.09633364
v -0.03405136 -0.02817288 -0.09677646
v -0.03219218 -0.02836505 -0.09784250
v -0.03216282 -0.03019574 -0.09689126
v -0.03291628 -0.02705019 -0.09805571
v -0.03162464 -0.02783911 -0.09831811
v -0.03031343 -0.02836505 -0.09858053
v -0.03207476 -0.02234704 -0.09908895
v -0.03012751 -0.02624105 -0.09900694
v 0.02623504 -0.03012494 -0.09897415
v -0.03207476 0.02234805 -0.09902336
v -0.02234830 0.03206789 -0.09899054
v 0.03206700 0.02234805 -0.09882654
v 0.03012954 -0.02624105 -0.09897415
v 0.02829971 -0.03024631 -0.09858053
v 0.02632311 -0.03216803 -0.09854773
v 0.02903360 -0.03097454 -0.09805571
v 0.02829971 -0.03216803 -0.09777690
v 0.02773217 -0.03159151 -0.09833452
v 0.03145053 -0.03148026 -0.09641565
v 0.03081450 -0.03277488 -0.09597283
v 0.03014911 -0.03210734 -0.09680926
v 0.03164624 -0.03358403 -0.09467718
v 0.03420995 -0.03227928 -0.09346353
v 0.03543309 -0.03162185 -0.09279111
v 0.03672474 -0.03083294 -0.09200387
v 0.03483620 -0.03092397 -0.09408676
v 0.03219420 -0.03220848 -0.09530041
v 0.03354456 -0.03164208 -0.09464438
v 0.04058009 -0.03076214 -0.08354115
v 0.03950372 -0.03221860 -0.08354115
v 0.03893619 -0.03311877 -0.08290152
v 0.03817294 -0.03386723 -0.08354115
v 0.03722378 -0.03532369 -0.08158947
v 0.03731185 -0.03541472 -0.07965419
v 0.03646054 -0.03643626 -0.07770252
v 0.03648011 -0.03645649 -0.07576725
v 0.03656817 -0.03656775 -0.06604167
v 0.03558966 -0.03749826 -0.06604167
v 0.03454264 -0.03846924 -0.06408999
v 0.03417081 -0.03814558 0.01169735
v 0.03416102 -0.03813547 0.01364902
v 0.03310423 -0.03893450 0.01558430
v 0.03206700 -0.03979421 0.01558430
v 0.03095149 -0.04070450 0.01558430
v 0.02998276 -0.04142261 0.01558430
v 0.02985555 -0.04134170 0.01753597
v 0.02969899 -0.04121021 0.01947125
v 0.02949350 -0.04106861 0.02142292
v 0.03893619 -0.02924499 -0.09042941
v 0.03854478 -0.03063066 -0.08936337
v 0.03785003 -0.03003391 -0.09121664
v 0.04059966 -0.02882020 -0.08780531
v 0.03984620 -0.03011483 -0.08739530
v 0.03908296 -0.03140946 -0.08698528
v 0.03923953 -0.02965968 -0.08936337
v 0.03934716 -0.03176346 -0.08547642
v 0.04084429 -0.02918431 -0.08650966
v 0.02761475 -0.04109896 0.02726155
v 0.03145053 -0.03916712 0.02335820
v 0.03003168 -0.04025947 0.02348940
v 0.02912166 -0.04079552 0.02422743
v 0.03046223 -0.04033027 0.02142292
v 0.03169516 -0.03935929 0.02142292
v 0.02893575 -0.04066404 0.02530987
v 0.02949350 -0.03914689 0.02919682
v 0.02807465 -0.04019878 0.02919682
v 0.02705699 -0.04071461 0.02985285
v 0.02859326 -0.04041118 0.02726155
v 0.02673408 -0.04050221 0.03114850
v 0.02613719 -0.04015833 0.03305097
v 0.02500211 -0.04065393 0.03365780
v 0.02370068 -0.04104838 0.03457623
v 0.02248732 -0.04151364 0.03515026
v 0.02179258 -0.04105850 0.03697073
v 0.02021716 -0.04199913 0.03679032
v 0.02040308 -0.04107873 0.03841398
v 0.01941478 -0.04080564 0.03987364
v 0.01726204 -0.04072472 0.04167771
v -0.03343489 -0.03920758 0.01558430
v -0.03428620 -0.03823661 0.01753597
v -0.03440363 -0.03834787 0.01558430
v -0.03125281 -0.03706335 0.03241135
v -0.03038192 -0.03828718 0.03114850
v -0.02940341 -0.03906598 0.03114850
v -0.03092011 -0.03677003 0.03370700
v -0.02692776 -0.03670935 0.03952923
v -0.02872823 -0.03658798 0.03738074
v -0.03125281 -0.03513152 0.03624910
v -0.03051892 -0.03643626 0.03503545
v -0.02952083 -0.03529334 0.03843039
v -0.03082225 -0.03473706 0.03754475
v -0.02418791 -0.03784215 0.04075927
v -0.02500987 -0.03675992 0.04159570
v -0.02641893 -0.03608226 0.04107088
v -0.03479503 -0.03674981 0.02335820
v -0.03563656 -0.03408974 0.02908202
v -0.03691841 -0.03302774 0.02816358
v -0.03520601 -0.03522255 0.02726155
v -0.03250530 -0.03643626 0.03114850
v -0.03449169 -0.03448420 0.03114850
v -0.03322941 -0.03517197 0.03250976
v -0.03541150 -0.03350312 0.03114850
v -0.03548978 -0.03551586 0.02530987
v -0.03685970 -0.03490900 0.02202975
v -0.03596925 -0.03597100 0.02145573
v -0.03573441 -0.03576872 0.02335820
v -0.03616495 -0.03613283 0.01947125
v -0.03519623 -0.03713415 0.01947125
v -0.03553871 -0.03745781 0.01364902
v -0.03555827 -0.03748815 0.01169735
v -0.03658571 -0.03656775 -0.06604167
v -0.03739789 -0.03550575 -0.07770252
v -0.03837640 -0.03438306 -0.07770252
v -0.04076398 -0.03101500 -0.08158947
v -0.04128260 -0.02983163 -0.08354115
v -0.04106732 -0.02952820 -0.08547642
v -0.04090098 -0.02927534 -0.08667366
v -0.04082270 -0.03109591 -0.08058903
v -0.03916900 -0.03341209 -0.07770252
v -0.04014752 -0.03213769 -0.07770252
v -0.04024537 -0.03189494 -0.07981820
v -0.04039215 -0.02823357 -0.08949457
v -0.04075420 -0.02709065 -0.09021620
v -0.03941363 -0.02813242 -0.09126585
v -0.04108689 -0.02762671 -0.08892056
v -0.04012795 -0.03000357 -0.08736250
v -0.04132174 -0.02823357 -0.08736250
v -0.03931578 -0.02607922 -0.09318472
v -0.03890480 -0.02532065 -0.09426716
v -0.03773058 -0.02596796 -0.09503799
v -0.03695755 -0.02531053 -0.09620244
v -0.04042150 -0.02636242 -0.09141345
v -0.04072484 -0.02507790 -0.09213508
v -0.03590075 -0.02606910 -0.09656325
v -0.03401222 -0.02634219 -0.09767850
v -0.03511794 -0.02353042 -0.09818692
v -0.03335661 -0.02575556 -0.09826892
v -0.03219218 -0.02634219 -0.09851494
v -0.03207476 -0.02429910 -0.09894134
v -0.03595947 -0.01457926 -0.09903974
v -0.03790671 -0.00874331 -0.09902336
v -0.03401222 0.01846416 -0.09902336
v -0.03401222 -0.02040510 -0.09902336
v -0.03595947 -0.01652121 -0.09900694
v -0.02624280 0.03012594 -0.09894134
v -0.03595947 0.01652221 -0.09897415
v -0.03401222 0.02040610 -0.09897415
v -0.03207476 0.02428999 -0.09885934
v -0.02041084 0.03401995 -0.09895775
v -0.01651634 0.03596189 -0.09894134
v -0.01068439 0.03790384 -0.09892494
v 0.02040308 0.03401995 -0.09881014
v 0.02623504 0.03012594 -0.09877734
v 0.02818229 0.02818400 -0.09877734
v 0.03012954 0.02624205 -0.09874453
v 0.03206700 0.02428999 -0.09869534
v 0.03401424 0.02040610 -0.09876093
v 0.03596149 0.01652221 -0.09879375
v 0.03596149 0.01457015 -0.09881014
v 0.03206700 -0.02234704 -0.09894134
v 0.03401424 -0.02040510 -0.09887573
v 0.03206700 -0.02429910 -0.09889214
v 0.03023717 -0.02828414 -0.09856413
v 0.02965985 -0.02967991 -0.09833452
v 0.03096128 -0.02899214 -0.09805571
v 0.03023717 -0.03024631 -0.09779330
v 0.03331950 -0.02947762 -0.09638284
v 0.03274218 -0.03077225 -0.09594002
v 0.03208657 -0.03012494 -0.09679286
v 0.03720421 -0.02953831 -0.09261069
v 0.03602999 -0.03022608 -0.09334873
v 0.03895576 -0.02733339 -0.09238109
v 0.03850564 -0.02862802 -0.09172506
v 0.03663667 -0.02874940 -0.09390634
v 0.03408274 -0.03019574 -0.09525120
v 0.03534503 -0.02962934 -0.09456237
v 0.04124548 -0.02979117 -0.08354115
v 0.04072687 -0.03096443 -0.08158947
v 0.04101064 -0.02942705 -0.08547642
v 0.03990491 -0.03206689 -0.08158947
v 0.03902425 -0.03321991 -0.08158947
v 0.03829036 -0.03430215 -0.07965419
v 0.03736077 -0.03546529 -0.07770252
v 0.03748798 -0.03559677 -0.06604167
v 0.03557987 -0.03749826 -0.06408999
v 0.03716507 -0.03523266 0.01169735
v 0.03620613 -0.03620363 0.01169735
v 0.03522760 -0.03716449 0.01364902
v 0.03305530 -0.03888392 0.01663394
v 0.03083407 -0.04061347 0.01753597
v 0.03066772 -0.04049210 0.01947125
v 0.04066816 -0.02697939 -0.09006860
v 0.04024740 -0.02817288 -0.08939617
v 0.03925909 -0.02806162 -0.09118384
v 0.04121613 -0.02817288 -0.08726409
v 0.04101064 -0.02751545 -0.08877295
v 0.04181302 -0.02818299 -0.08547642
v 0.03266389 -0.03854004 0.02142292
v 0.03242905 -0.03832764 0.02335820
v 0.03124505 -0.03899518 0.02478505
v 0.03028610 -0.03960204 0.02539188
v 0.03189087 -0.03952112 0.01947125
v 0.03285960 -0.03871198 0.01947125
v 0.02986534 -0.03944021 0.02726155
v 0.03047202 -0.03835798 0.02919682
v 0.02924887 -0.03894461 0.03037767
v 0.03084385 -0.03866141 0.02726155
v 0.02825078 -0.03944021 0.03106650
v 0.02894553 -0.03871198 0.03167332
v 0.02758539 -0.03914689 0.03308377
v 0.02726248 -0.03891427 0.03414981
v 0.02621547 -0.03929861 0.03488785
v 0.02554029 -0.03906598 0.03638030
v 0.02432693 -0.04041118 0.03515026
v 0.02322121 -0.04075507 0.03587188
v 0.02276131 -0.04049210 0.03697073
v 0.02138160 -0.04081575 0.03795476
v 0.02040308 -0.04054267 0.03939802
v 0.02186107 -0.03915701 0.04034926
v 0.02047158 -0.03957170 0.04093968
v 0.01986490 -0.03911655 0.04220253
v -0.03533322 -0.03726563 0.01753597
v -0.03544085 -0.03737689 0.01558430
v -0.03208454 -0.03597100 0.03310018
v -0.03291628 -0.03485843 0.03380541
v -0.03160507 -0.03546529 0.03503545
v -0.02721153 -0.03497981 0.04182532
v -0.02773993 -0.03540460 0.04052966
v -0.02903157 -0.03488877 0.03972603
v -0.02822919 -0.03600135 0.03898801
v -0.03203562 -0.03397849 0.03692153
v -0.03321962 -0.03323003 0.03628190
v -0.03257380 -0.03454489 0.03503545
v -0.03028407 -0.03416054 0.03913561
v -0.03151700 -0.03344243 0.03852879
v -0.03674228 -0.03281534 0.02919682
v -0.03753488 -0.03184437 0.02919682
v -0.03873845 -0.03091385 0.02773717
v -0.03891459 -0.03115660 0.02644152
v -0.03826877 -0.03230963 0.02530987
v -0.03729025 -0.03347277 0.02530987
v -0.03645851 -0.03444374 0.02530987
v -0.03513751 -0.03320980 0.03246055
v -0.03484396 -0.03288614 0.03375620
v -0.03638023 -0.03239054 0.03114850
v -0.03670314 -0.03472695 0.02335820
v -0.03753488 -0.03375597 0.02335820
v -0.03851339 -0.03260294 0.02335820
v -0.03871888 -0.03284569 0.02142292
v -0.03761316 -0.03416054 0.02140652
v -0.03698691 -0.03504049 0.02073410
v -0.03708476 -0.03515175 0.01947125
v -0.03631173 -0.03627443 0.01753597
v -0.03650744 -0.03649695 0.01364902
v -0.03652701 -0.03651718 0.01169735
v -0.03748595 -0.03559677 -0.06604167
v -0.03744681 -0.03554620 0.01169735
v -0.03845469 -0.03447409 -0.06604167
v -0.04141959 -0.03004402 -0.08158947
v -0.04225133 -0.02833471 -0.08354115
v -0.04276994 -0.02721202 -0.08452518
v -0.04261338 -0.02694905 -0.08582083
v -0.04084226 -0.03112626 -0.07929339
v -0.04136088 -0.03031711 -0.07981820
v -0.04244703 -0.02864825 -0.07965419
v -0.04238832 -0.02854711 -0.08158947
v -0.03923750 -0.03350312 -0.06604167
v -0.04086183 -0.03115660 -0.07770252
v -0.04020623 -0.03218826 -0.06604167
v -0.04152723 -0.02636242 -0.08949457
v -0.04253510 -0.02446093 -0.08956018
v -0.04276016 -0.02331802 -0.09033101
v -0.04110646 -0.02579602 -0.09083943
v -0.04242746 -0.02627139 -0.08757570
v -0.04274059 -0.02522962 -0.08833013
v -0.03919835 -0.02429910 -0.09456237
v -0.03822963 -0.02429910 -0.09553001
v -0.04023558 -0.02438002 -0.09325032
v -0.04056828 -0.02283253 -0.09390634
v -0.03725111 -0.02429910 -0.09643205
v -0.03584205 -0.02422830 -0.09743248
v -0.03863082 -0.02283253 -0.09594002
v -0.04246660 -0.02253922 -0.09142985
v -0.04106732 -0.02378327 -0.09261069
v -0.03712390 -0.01979824 -0.09821972
v -0.03544085 -0.02234704 -0.09833452
v -0.03401222 -0.02422830 -0.09841652
v -0.03640958 -0.02234704 -0.09780970
v -0.03675206 -0.02110298 -0.09802291
v -0.03401222 -0.02234704 -0.09881014
v -0.03790671 -0.01068526 -0.09900694
v -0.03595947 0.01457015 -0.09900694
v -0.03984417 -0.00485942 -0.09884294
v -0.03790671 0.01068626 -0.09897415
v -0.03595947 -0.01846315 -0.09885934
v -0.03790671 -0.01262720 -0.09892494
v -0.02429555 0.03206789 -0.09889214
v -0.03022536 0.02827503 -0.09849852
v -0.02827811 0.03022709 -0.09851494
v -0.02630151 0.03215892 -0.09848212
v -0.03790671 0.01262821 -0.09890855
v -0.03790671 0.01457015 -0.09872814
v -0.03595947 0.01846416 -0.09877734
v -0.03401222 0.02234805 -0.09871173
v -0.03212368 0.02624205 -0.09846573
v -0.02234830 0.03401995 -0.09877734
v -0.01846359 0.03596189 -0.09882654
v -0.01263163 0.03790384 -0.09889214
v -0.00485243 0.03984578 -0.09881014
v -0.00291497 0.03984578 -0.09882654
v 0.00096974 0.03984578 -0.09882654
v 0.01068641 0.03790384 -0.09882654
v 0.01263366 0.03790384 -0.09877734
v 0.01846562 0.03596189 -0.09867894
v 0.02253625 0.03420201 -0.09849852
v 0.02429758 0.03206789 -0.09867894
v 0.02611762 0.03204766 -0.09835092
v 0.02753647 0.03138012 -0.09823611
v 0.02818229 0.03012594 -0.09840013
v 0.03011975 0.02815365 -0.09838372
v 0.03415124 0.02245930 -0.09848212
v 0.03596149 0.01846416 -0.09862974
v 0.03200829 0.02613079 -0.09835092
v 0.03353477 0.02428999 -0.09831811
v 0.03789896 0.01262821 -0.09869534
v 0.03789896 0.01068626 -0.09876093
v 0.03789896 0.00874431 -0.09877734
v 0.03789896 -0.01262720 -0.09877734
v 0.03789896 -0.01457926 -0.09867894
v 0.03401424 -0.02234704 -0.09872814
v 0.03212571 -0.02625116 -0.09849852
v 0.03151903 -0.02769751 -0.09830172
v 0.03282046 -0.02690859 -0.09800651
v 0.03212571 -0.02828414 -0.09774409
v 0.03511018 -0.02737385 -0.09626804
v 0.03461114 -0.02866848 -0.09585802
v 0.03398489 -0.02809197 -0.09667806
v 0.03780111 -0.02804139 -0.09315192
v 0.04062902 -0.02493630 -0.09202027
v 0.04027675 -0.02629162 -0.09134785
v 0.03709657 -0.02745477 -0.09439837
v 0.03846649 -0.02624105 -0.09375874
v 0.03880898 -0.02516893 -0.09415235
v 0.03927867 -0.02624105 -0.09279111
v 0.03587343 -0.02806162 -0.09513640
v 0.04231207 -0.02808185 -0.08363955
v 0.04286003 -0.02737385 -0.08306552
v 0.04235121 -0.02849654 -0.08158947
v 0.04138247 -0.02999345 -0.08158947
v 0.04078558 -0.03105545 -0.08003141
v 0.03910253 -0.03333117 -0.07965419
v 0.03833929 -0.03435272 -0.07770252
v 0.03835886 -0.03438306 -0.07576725
v 0.03846649 -0.03451455 -0.06604167
v 0.03813380 -0.03414031 0.01169735
v 0.03714550 -0.03521243 0.01364902
v 0.03620613 -0.03618341 0.01364902
v 0.03610827 -0.03610249 0.01558430
v 0.03512976 -0.03707346 0.01558430
v 0.03505147 -0.03699255 0.01712596
v 0.03401424 -0.03790284 0.01753597
v 0.03297702 -0.03881313 0.01792959
v 0.03222356 -0.03949078 0.01738837
v 0.04105956 -0.02568476 -0.09072462
v 0.04142161 -0.02629162 -0.08939617
v 0.04232185 -0.02622082 -0.08749370
v 0.04259583 -0.02689848 -0.08547642
v 0.04268390 -0.02510825 -0.08818252
v 0.04273283 -0.02715134 -0.08436117
v 0.03370112 -0.03756906 0.02142292
v 0.03348584 -0.03735666 0.02335820
v 0.03323143 -0.03710381 0.02530987
v 0.03195936 -0.03820626 0.02539188
v 0.03103956 -0.03882324 0.02608071
v 0.03497319 -0.03692175 0.01842161
v 0.03389682 -0.03774101 0.01947125
v 0.03159731 -0.03738701 0.02919682
v 0.03130376 -0.03711392 0.03062368
v 0.03012954 -0.03791295 0.03114850
v 0.03215506 -0.03754884 0.02709755
v 0.03101020 -0.03685095 0.03191933
v 0.02973813 -0.03743758 0.03308377
v 0.02855412 -0.03840855 0.03308377
v 0.02900424 -0.03681049 0.03575708
v 0.02684172 -0.03861083 0.03544547
v 0.02621547 -0.03825684 0.03700353
v 0.02505104 -0.03872209 0.03767595
v 0.02435629 -0.03950090 0.03700353
v 0.02374961 -0.03914689 0.03841398
v 0.02227205 -0.03980432 0.03884039
v 0.02315271 -0.03877266 0.03970964
v 0.02244818 -0.03841867 0.04093968
v 0.02116632 -0.03875244 0.04164491
v -0.03641937 -0.03640592 0.01558430
v -0.03355232 -0.03357392 0.03503545
v -0.02830747 -0.03458535 0.04105448
v -0.02925663 -0.03312889 0.04194012
v -0.02967739 -0.03352334 0.04085768
v -0.03104731 -0.03299740 0.03982444
v -0.03280865 -0.03280523 0.03757755
v -0.03396329 -0.03201631 0.03688872
v -0.03509837 -0.03122740 0.03619990
v -0.03452105 -0.03253214 0.03503545
v -0.03225089 -0.03224894 0.03916841
v -0.03719240 -0.03141957 0.03114850
v -0.03850361 -0.03062054 0.02919682
v -0.03940384 -0.03021597 0.02714675
v -0.03922771 -0.02964957 0.02919682
v -0.04067592 -0.02893145 0.02563789
v -0.03906136 -0.03133865 0.02530987
v -0.03698691 -0.03116671 0.03224734
v -0.03593011 -0.03202643 0.03300177
v -0.03671293 -0.03083294 0.03354299
v -0.03539193 -0.03156117 0.03503545
v -0.03928642 -0.03163197 0.02335820
v -0.03948213 -0.03187471 0.02142292
v -0.03882652 -0.03298729 0.02017647
v -0.03893416 -0.03311877 0.01888083
v -0.03819048 -0.03419089 0.01753597
v -0.03722175 -0.03530346 0.01753597
v -0.03733917 -0.03542483 0.01558430
v -0.03742724 -0.03552597 0.01364902
v -0.03841554 -0.03445386 0.01169735
v -0.03923750 -0.03348289 0.01169735
v -0.04284822 -0.02736373 -0.08354115
v -0.04347447 -0.02624105 -0.08354115
v -0.04436492 -0.02459242 -0.08354115
v -0.04475633 -0.02341916 -0.08472199
v -0.04310264 -0.02627139 -0.08529601
v -0.04297543 -0.02565442 -0.08703448
v -0.04420836 -0.02415750 -0.08541082
v -0.04153701 -0.03012494 -0.07770252
v -0.04246660 -0.02866848 -0.07770252
v -0.04303414 -0.02767728 -0.07965419
v -0.04297543 -0.02757614 -0.08158947
v -0.04020623 -0.03223883 0.01169735
v -0.04094012 -0.03126786 0.01169735
v -0.04090098 -0.03121728 -0.06604167
v -0.04306350 -0.02202339 -0.09085583
v -0.04307328 -0.02392487 -0.08903536
v -0.04348426 -0.02253922 -0.08956018
v -0.04441385 -0.02052647 -0.08946177
v -0.04340598 -0.02446093 -0.08757570
v -0.04441385 -0.02240773 -0.08752650
v -0.04090098 -0.02153790 -0.09431636
v -0.04135109 -0.02225601 -0.09325032
v -0.03895373 -0.02153790 -0.09625164
v -0.03794586 -0.02225601 -0.09674366
v -0.04020623 -0.02040510 -0.09556281
v -0.04267209 -0.02118390 -0.09215148
v -0.03781865 -0.02043544 -0.09753089
v -0.03838619 -0.01846315 -0.09780970
v -0.03868953 -0.01710784 -0.09800651
v -0.03897330 -0.01580309 -0.09818692
v -0.03741746 -0.01846315 -0.09835092
v -0.03604753 -0.02043544 -0.09849852
v -0.03984417 -0.00680136 -0.09879375
v -0.03984417 -0.00290736 -0.09882654
v -0.04126303 -0.00485942 -0.09836731
v -0.04132174 -0.00290736 -0.09836731
v -0.03984417 0.00874431 -0.09861333
v -0.03798499 -0.01648075 -0.09846573
v -0.03790671 -0.01457926 -0.09876093
v -0.03984417 -0.00874331 -0.09867894
v -0.02424662 0.03401995 -0.09841652
v -0.03150722 0.02769851 -0.09828532
v -0.02964804 0.02964046 -0.09830172
v -0.02770079 0.03156218 -0.09830172
v -0.02569483 0.03337263 -0.09825251
v -0.03997139 0.01063569 -0.09844933
v -0.03951148 0.01262821 -0.09843292
v -0.03796542 0.01645141 -0.09844933
v -0.03600839 0.02036564 -0.09844933
v -0.03396329 0.02412816 -0.09835092
v -0.03327833 0.02560485 -0.09821972
v -0.02234830 0.03555732 -0.09835092
v -0.02054783 0.03612372 -0.09849852
v -0.01846359 0.03759030 -0.09838372
v -0.01666312 0.03807578 -0.09848212
v -0.01457888 0.03790384 -0.09876093
v -0.00874692 0.03984578 -0.09869534
v -0.00679968 0.03984578 -0.09877734
v -0.00291497 0.04146408 -0.09840013
v -0.00096772 0.04151465 -0.09841652
v 0.00485446 0.03984578 -0.09876093
v 0.00096974 0.04152476 -0.09840013
v 0.00290721 0.04146408 -0.09840013
v 0.00680170 0.03984578 -0.09871173
v 0.00873917 0.03984578 -0.09861333
v 0.01457112 0.03790384 -0.09864613
v 0.01648902 0.03797464 -0.09840013
v 0.01846562 0.03735767 -0.09830172
v 0.02036394 0.03601247 -0.09840013
v 0.02201764 0.03540561 -0.09828532
v 0.02946414 0.02948874 -0.09823611
v 0.02330928 0.03498081 -0.09812132
v 0.02668516 0.03267475 -0.09794090
v 0.02818229 0.03204766 -0.09762929
v 0.02882811 0.03078337 -0.09799010
v 0.03527653 0.02188279 -0.09825251
v 0.03593214 0.02024427 -0.09835092
v 0.03718464 0.01846416 -0.09825251
v 0.03758583 0.01652221 -0.09841652
v 0.03132332 0.02747600 -0.09820331
v 0.03314336 0.02541268 -0.09817052
v 0.03489491 0.02317742 -0.09807211
v 0.03804573 0.01466118 -0.09846573
v 0.03923953 0.01262821 -0.09831811
v 0.03948415 0.01068626 -0.09840013
v 0.03984620 0.00680237 -0.09853133
v 0.03984620 0.00485031 -0.09858053
v 0.03972878 -0.01068526 -0.09844933
v 0.03945480 -0.01262720 -0.09840013
v 0.03915146 -0.01457926 -0.09826892
v 0.03797724 -0.01645041 -0.09841652
v 0.03735099 -0.01846315 -0.09831811
v 0.03601042 -0.02034441 -0.09843292
v 0.03534503 -0.02234704 -0.09830172
v 0.03396532 -0.02416762 -0.09838372
v 0.03328036 -0.02561396 -0.09823611
v 0.03458178 -0.02472390 -0.09789170
v 0.03396532 -0.02625116 -0.09758009
v 0.03506126 -0.02342927 -0.09815411
v 0.03551138 -0.02624105 -0.09656325
v 0.03686173 -0.02515882 -0.09612043
v 0.03648989 -0.02624105 -0.09577602
v 0.04099107 -0.02364167 -0.09252869
v 0.04142161 -0.02428899 -0.09134785
v 0.03749777 -0.02624105 -0.09480838
v 0.03920038 -0.02387430 -0.09456237
v 0.03991470 -0.02440025 -0.09333233
v 0.04364285 -0.02624105 -0.08158947
v 0.04294810 -0.02752556 -0.08158947
v 0.04329058 -0.02640288 -0.08363955
v 0.04242949 -0.02859768 -0.07965419
v 0.04133355 -0.03029688 -0.07949019
v 0.04082472 -0.03110603 -0.07873575
v 0.04020825 -0.03187471 -0.07949019
v 0.04012019 -0.03210734 -0.07770252
v 0.03914167 -0.03338175 -0.07770252
v 0.03917103 -0.03341209 -0.07576725
v 0.03928845 -0.03354357 -0.06604167
v 0.03897532 -0.03316934 0.01169735
v 0.03896554 -0.03314912 0.01364902
v 0.03811423 -0.03412009 0.01364902
v 0.03706722 -0.03513152 0.01558430
v 0.03698894 -0.03505060 0.01696195
v 0.04269369 -0.02318653 -0.09019980
v 0.04242949 -0.02439013 -0.08947818
v 0.04291875 -0.02555328 -0.08688688
v 0.04313402 -0.02592750 -0.08547642
v 0.04430824 -0.02233693 -0.08746090
v 0.04330037 -0.02439013 -0.08749370
v 0.04300681 -0.02380350 -0.08890415
v 0.03466985 -0.03661832 0.02142292
v 0.03446436 -0.03641604 0.02335820
v 0.03487534 -0.03682061 0.01947125
v 0.03420017 -0.03617329 0.02530987
v 0.03504169 -0.03504049 0.02644152
v 0.03306508 -0.03695209 0.02635952
v 0.03689108 -0.03493935 0.01825760
v 0.03581472 -0.03584963 0.01947125
v 0.03257583 -0.03647672 0.02919682
v 0.03284981 -0.03674981 0.02765516
v 0.03327058 -0.03521243 0.03070568
v 0.03214528 -0.03603169 0.03131251
v 0.03298680 -0.03493935 0.03200134
v 0.03176366 -0.03561700 0.03308377
v 0.03071665 -0.03658798 0.03308377
v 0.02937608 -0.03712403 0.03446143
v 0.03139182 -0.03526301 0.03457623
v 0.03101999 -0.03490900 0.03587188
v 0.02969899 -0.03549564 0.03697073
v 0.02931737 -0.03514163 0.03818437
v 0.02859326 -0.03646661 0.03697073
v 0.02725270 -0.03696220 0.03800397
v 0.02761475 -0.03723529 0.03697073
v 0.02614697 -0.03731621 0.03875839
v 0.02543266 -0.03705323 0.04007044
v 0.02435629 -0.03840855 0.03900441
v 0.02420951 -0.03740723 0.04077567
v 0.02351476 -0.03705323 0.04202212
v -0.03120388 -0.03120717 0.04195652
v -0.03064612 -0.03260294 0.04085768
v -0.03298477 -0.03103523 0.03980804
v -0.03162464 -0.03163197 0.04085768
v -0.03341532 -0.03151060 0.03851239
v -0.03690863 -0.02912362 0.03595389
v -0.03646829 -0.03016540 0.03519946
v -0.03470697 -0.03077225 0.03749555
v -0.03558763 -0.03012494 0.03688872
v -0.03824919 -0.03005414 0.03119770
v -0.03902222 -0.02934614 0.03057448
v -0.04047043 -0.02863814 0.02726155
v -0.04028451 -0.02809197 0.02922963
v -0.04125324 -0.02824368 0.02511307
v -0.04169358 -0.02818299 0.02335820
v -0.04082270 -0.02915397 0.02434224
v -0.04009859 -0.02993277 0.02511307
v -0.04111625 -0.02766716 0.02726155
v -0.04025516 -0.03028677 0.02335820
v -0.03747617 -0.03016540 0.03296897
v -0.03722175 -0.02953831 0.03465823
v -0.04045086 -0.03059020 0.02142292
v -0.04060742 -0.03081271 0.01947125
v -0.03952127 -0.03222872 0.01950405
v -0.04073463 -0.03098466 0.01753597
v -0.04080312 -0.03107568 0.01638793
v -0.03901244 -0.03321991 0.01753597
v -0.03830791 -0.03431226 0.01558430
v -0.03839597 -0.03442352 0.01364902
v -0.03920814 -0.03345254 0.01364902
v -0.04371910 -0.02624105 -0.08158947
v -0.04447256 -0.02478459 -0.08158947
v -0.04484440 -0.02361133 -0.08354115
v -0.04540215 -0.02234704 -0.08354115
v -0.04586205 -0.02040510 -0.08547642
v -0.04504010 -0.02240773 -0.08541082
v -0.04460955 -0.02308539 -0.08601765
v -0.04305371 -0.02769751 -0.07770252
v -0.04256446 -0.02884042 0.01169735
v -0.04316135 -0.02786945 0.01169735
v -0.04381695 -0.02624105 -0.07965419
v -0.04017687 -0.03220848 0.01364902
v -0.04092054 -0.03123751 0.01364902
v -0.04172293 -0.03012494 0.01169735
v -0.04462912 -0.01922172 -0.09016700
v -0.04339619 -0.02048601 -0.09142985
v -0.04464869 -0.02124459 -0.08824813
v -0.04492268 -0.01994995 -0.08887135
v -0.04521623 -0.02052647 -0.08752650
v -0.04488354 -0.02179076 -0.08695248
v -0.04220240 -0.02048601 -0.09323392
v -0.04254488 -0.01846315 -0.09393915
v -0.04275037 -0.01745172 -0.09421796
v -0.04115539 -0.02040510 -0.09459518
v -0.04057806 -0.01888795 -0.09592362
v -0.03923750 -0.02040510 -0.09648125
v -0.04295586 -0.01988927 -0.09257790
v -0.03989310 -0.01833167 -0.09672725
v -0.03971697 -0.01648075 -0.09744889
v -0.03919835 -0.01457926 -0.09830172
v -0.04016709 -0.01457926 -0.09764569
v -0.04048022 -0.01262720 -0.09790810
v -0.04114560 -0.00680136 -0.09831811
v -0.04223176 -0.00485942 -0.09774409
v -0.04230025 -0.00290736 -0.09780970
v -0.04094012 0.00874431 -0.09820331
v -0.03951148 -0.01262720 -0.09843292
v -0.03997139 -0.01064480 -0.09846573
v -0.04098904 -0.00874331 -0.09823611
v -0.02357145 0.03515275 -0.09820331
v -0.03280865 0.02689948 -0.09799010
v -0.03093968 0.02899314 -0.09805571
v -0.02899243 0.03093509 -0.09805571
v -0.02698647 0.03286692 -0.09803931
v -0.04087162 0.00994792 -0.09815411
v -0.04069548 0.01124255 -0.09803931
v -0.03916900 0.01457015 -0.09828532
v -0.03895373 0.01575352 -0.09817052
v -0.03734896 0.01846416 -0.09831811
v -0.03705541 0.01968799 -0.09818692
v -0.03530386 0.02234805 -0.09826892
v -0.03501031 0.02336959 -0.09813771
v -0.02129150 0.03688229 -0.09808851
v -0.01999008 0.03719584 -0.09823611
v -0.01740680 0.03884447 -0.09810491
v -0.01611515 0.03906699 -0.09821972
v -0.01457888 0.03935019 -0.09833452
v -0.01068439 0.03984578 -0.09856413
v -0.00874692 0.04112019 -0.09826892
v -0.00679968 0.04126178 -0.09835092
v -0.00485243 0.04137304 -0.09838372
v -0.00096772 0.04249573 -0.09799010
v 0.00096974 0.04249573 -0.09799010
v 0.00290721 0.04243505 -0.09794090
v 0.00485446 0.04136293 -0.09836731
v 0.00680170 0.04122133 -0.09831811
v 0.00873917 0.04102916 -0.09823611
v 0.01063749 0.03994693 -0.09841652
v 0.01263366 0.03947156 -0.09838372
v 0.01457112 0.03918836 -0.09826892
v 0.01581384 0.03898607 -0.09817052
v 0.01968876 0.03706435 -0.09818692
v 0.02099019 0.03670024 -0.09800651
v 0.03076557 0.02878074 -0.09797370
v 0.02253625 0.03601247 -0.09782610
v 0.02446393 0.03613384 -0.09697327
v 0.02611762 0.03387835 -0.09753089
v 0.02807465 0.03394915 -0.09659605
v 0.02939565 0.03326138 -0.09631725
v 0.03008061 0.03202743 -0.09666166
v 0.03011975 0.03012594 -0.09766209
v 0.03695958 0.01948570 -0.09813771
v 0.03903404 0.01406443 -0.09821972
v 0.03856435 0.01652221 -0.09792451
v 0.03878941 0.01535906 -0.09807211
v 0.03261497 0.02670731 -0.09792451
v 0.03450350 0.02428999 -0.09785890
v 0.03604956 0.02433045 -0.09685846
v 0.03593214 0.02245930 -0.09769490
v 0.03656817 0.02078033 -0.09792451
v 0.04045289 0.01068626 -0.09790810
v 0.04082472 0.00779357 -0.09812132
v 0.04090300 0.00680237 -0.09817052
v 0.03994406 0.00856226 -0.09838372
v 0.04102042 0.00485031 -0.09823611
v 0.04105956 0.00290836 -0.09825251
v 0.04086386 -0.00840954 -0.09813771
v 0.04081494 -0.00970417 -0.09812132
v 0.04069751 -0.01068526 -0.09803931
v 0.03895576 -0.01575252 -0.09817052
v 0.04043331 -0.01262720 -0.09785890
v 0.03867199 -0.01704715 -0.09800651
v 0.03704765 -0.01965664 -0.09818692
v 0.03596149 -0.02429910 -0.09715367
v 0.03669538 -0.02095127 -0.09799010
v 0.03632354 -0.02234704 -0.09772769
v 0.03724335 -0.02386419 -0.09643205
v 0.03889704 -0.02142664 -0.09620244
v 0.03853499 -0.02272127 -0.09585802
v 0.04057031 -0.02234704 -0.09392275
v 0.04133355 -0.02234704 -0.09295511
v 0.04261541 -0.02103218 -0.09205308
v 0.04235121 -0.02246841 -0.09138066
v 0.04081494 -0.02137607 -0.09423436
v 0.03947437 -0.02218522 -0.09520200
v 0.04439631 -0.02423842 -0.08372156
v 0.04443545 -0.02470367 -0.08158947
v 0.04448437 -0.02480482 -0.07965419
v 0.04374070 -0.02624105 -0.07965419
v 0.04299703 -0.02762671 -0.07965419
v 0.04398533 -0.02429910 -0.08547642
v 0.04470943 -0.02331802 -0.08450878
v 0.04246863 -0.02865837 -0.07770252
v 0.04152925 -0.03012494 -0.07770252
v 0.04084429 -0.03113637 -0.07770252
v 0.04087365 -0.03117683 -0.07576725
v 0.04013976 -0.03214780 -0.07576725
v 0.04025718 -0.03227928 -0.06604167
v 0.04071708 -0.03096443 0.01169735
v 0.03985599 -0.03206689 0.01169735
v 0.03978749 -0.03206689 0.01364902
v 0.03890683 -0.03308843 0.01492827
v 0.03818273 -0.03384700 0.01558430
v 0.03883833 -0.03299740 0.01622392
v 0.03876005 -0.03289626 0.01753597
v 0.03765433 -0.03418077 0.01756877
v 0.04338843 -0.02246841 -0.08947818
v 0.04301660 -0.02189190 -0.09075743
v 0.04460179 -0.02114344 -0.08811692
v 0.04483664 -0.02167950 -0.08682127
v 0.04459201 -0.02306516 -0.08547642
v 0.03544288 -0.03544506 0.02335820
v 0.03519825 -0.03520232 0.02530987
v 0.03563859 -0.03564735 0.02142292
v 0.03708679 -0.03321991 0.02486706
v 0.03689108 -0.03299740 0.02616271
v 0.03672474 -0.03280523 0.02726155
v 0.03544288 -0.03355369 0.02919682
v 0.03480684 -0.03480786 0.02773717
v 0.03764454 -0.03385711 0.01947125
v 0.03678345 -0.03482809 0.01947125
v 0.03661710 -0.03463592 0.02142292
v 0.03356413 -0.03550575 0.02919682
v 0.03454264 -0.03452466 0.02919682
v 0.03517868 -0.03326037 0.03064008
v 0.03409253 -0.03409986 0.03131251
v 0.03490470 -0.03295694 0.03193573
v 0.03367176 -0.03370540 0.03308377
v 0.03274218 -0.03467637 0.03308377
v 0.03330971 -0.03333117 0.03455983
v 0.03217464 -0.03412009 0.03521586
v 0.03296723 -0.03295694 0.03585548
v 0.03263454 -0.03262317 0.03697073
v 0.03165602 -0.03360426 0.03697073
v 0.03127440 -0.03321991 0.03823358
v 0.03085364 -0.03279511 0.03952923
v 0.02883790 -0.03470672 0.03948002
v 0.02804529 -0.03584963 0.03874199
v 0.02672430 -0.03654752 0.03929962
v 0.02753647 -0.03525289 0.04028365
v 0.02697871 -0.03480786 0.04157930
v -0.03308263 -0.02920454 0.04189092
v -0.03344468 -0.02962934 0.04085768
v -0.03483417 -0.02895168 0.03964403
v -0.03411986 -0.03025643 0.03908641
v -0.03662486 -0.02873928 0.03697073
v -0.03702605 -0.02734351 0.03810237
v -0.03866017 -0.02688836 0.03557667
v -0.03898308 -0.02736373 0.03428102
v -0.03524515 -0.02947762 0.03834838
v -0.03877759 -0.02902248 0.03187013
v -0.04074441 -0.02709065 0.02990205
v -0.03951148 -0.02830437 0.03119770
v -0.04093033 -0.02738397 0.02860640
v -0.04233940 -0.02647368 0.02530987
v -0.04255467 -0.02684791 0.02335820
v -0.04093033 -0.02931580 0.02335820
v -0.04269166 -0.02708054 0.02194774
v -0.04220240 -0.02802116 0.02135732
v -0.04113582 -0.02961922 0.02142292
v -0.04213390 -0.02605899 0.02708114
v -0.03854275 -0.02868871 0.03308377
v -0.04129238 -0.02984174 0.01947125
v -0.04140002 -0.03001368 0.01753597
v -0.04139023 -0.03030699 0.01568270
v -0.04086183 -0.03115660 0.01509228
v -0.04022580 -0.03191517 0.01568270
v -0.03911029 -0.03334129 0.01558430
v -0.04451170 -0.02487562 -0.07965419
v -0.04499117 -0.02390464 -0.07965419
v -0.04493246 -0.02381362 -0.08158947
v -0.04559786 -0.02234704 -0.08158947
v -0.04658616 -0.01926218 -0.08400036
v -0.04634152 -0.02055681 -0.08158947
v -0.04628282 -0.02024327 -0.08342634
v -0.04645895 -0.01886772 -0.08547642
v -0.04667422 -0.01755287 -0.08650966
v -0.04384631 -0.02624105 -0.07770252
v -0.04406158 -0.02624105 0.01169735
v -0.04254488 -0.02881008 0.01364902
v -0.04313199 -0.02783911 0.01364902
v -0.04402244 -0.02624105 0.01364902
v -0.04453127 -0.02490596 -0.07770252
v -0.04167400 -0.03012494 0.01364902
v -0.04519666 -0.01853395 -0.08946177
v -0.04486397 -0.01792709 -0.09064262
v -0.04426707 -0.01853395 -0.09129865
v -0.04614582 -0.01831144 -0.08726409
v -0.04644916 -0.01687521 -0.08782171
v -0.04324942 -0.01846315 -0.09297151
v -0.04374846 -0.01652121 -0.09326673
v -0.04420836 -0.01457926 -0.09351273
v -0.04297543 -0.01615709 -0.09448037
v -0.04086183 -0.01759332 -0.09621883
v -0.04144894 -0.01833167 -0.09525120
v -0.04451170 -0.01688532 -0.09193827
v -0.04105754 -0.01652121 -0.09638284
v -0.04069548 -0.01126177 -0.09803931
v -0.04087162 -0.00995703 -0.09815411
v -0.04138045 -0.01457926 -0.09667806
v -0.04187949 -0.01246537 -0.09679286
v -0.04211434 -0.00680136 -0.09761290
v -0.04324942 -0.00680136 -0.09664525
v -0.04335705 -0.00485942 -0.09676006
v -0.04342555 -0.00290736 -0.09684206
v -0.04215348 -0.00096541 -0.09782610
v -0.04345490 -0.00096541 -0.09685846
v -0.04348426 0.00096642 -0.09680926
v -0.04344512 0.00290836 -0.09674366
v -0.04336684 0.00485031 -0.09666166
v -0.04190885 0.00874431 -0.09746528
v -0.04196756 -0.00874331 -0.09746528
v -0.02486309 0.03466726 -0.09795731
v -0.02424662 0.03587086 -0.09751449
v -0.02234830 0.03652830 -0.09789170
v -0.03456997 0.02466422 -0.09787530
v -0.03396329 0.02624205 -0.09754729
v -0.03397308 0.02805251 -0.09664525
v -0.03212368 0.02827503 -0.09772769
v -0.03208454 0.03010572 -0.09677646
v -0.03143872 0.03147114 -0.09641565
v -0.03022536 0.03022709 -0.09779330
v -0.02827811 0.03215892 -0.09777690
v -0.02816069 0.03401995 -0.09674366
v -0.02630151 0.03401995 -0.09769490
v -0.04308307 0.00874431 -0.09649765
v -0.04181100 0.01077729 -0.09718648
v -0.04048022 0.01262821 -0.09789170
v -0.04162508 0.01262821 -0.09692406
v -0.04014752 0.01457015 -0.09761290
v -0.03987353 0.01660312 -0.09718648
v -0.03866017 0.01704815 -0.09799010
v -0.03832747 0.01846416 -0.09776050
v -0.03668357 0.02098262 -0.09799010
v -0.03628238 0.02234805 -0.09771129
v -0.02237766 0.03800498 -0.09689126
v -0.02041084 0.03947156 -0.09664525
v -0.02054783 0.03786338 -0.09769490
v -0.01846359 0.03856127 -0.09795731
v -0.01857123 0.03999750 -0.09692406
v -0.01651634 0.04133259 -0.09659605
v -0.01666312 0.03976487 -0.09766209
v -0.01457888 0.04032116 -0.09782610
v -0.01295454 0.04061447 -0.09800651
v -0.01166290 0.04081676 -0.09812132
v -0.01243593 0.03991658 -0.09836731
v -0.01068439 0.04092802 -0.09817052
v -0.00874692 0.04209116 -0.09769490
v -0.00679968 0.04223276 -0.09779330
v -0.00485243 0.04234402 -0.09789170
v -0.00291497 0.04243505 -0.09794090
v -0.00291497 0.04373979 -0.09703887
v -0.00096772 0.04373979 -0.09708807
v 0.00096974 0.04373979 -0.09708807
v 0.00290721 0.04373979 -0.09700607
v 0.00485446 0.04233390 -0.09787530
v 0.00680170 0.04219230 -0.09777690
v 0.00995253 0.04088756 -0.09815411
v 0.00873917 0.04200013 -0.09764569
v 0.01263366 0.04044253 -0.09792451
v 0.01457112 0.04015933 -0.09772769
v 0.01648902 0.03972441 -0.09753089
v 0.01711527 0.03867253 -0.09802291
v 0.01846562 0.03832864 -0.09782610
v 0.02036394 0.03778247 -0.09753089
v 0.02227205 0.03794430 -0.09672725
v 0.03201807 0.03006526 -0.09664525
v 0.03200829 0.02815365 -0.09759649
v 0.02392574 0.03731721 -0.09646485
v 0.02521738 0.03689241 -0.09615324
v 0.02623504 0.03553709 -0.09653044
v 0.02736033 0.03511230 -0.09625164
v 0.03134290 0.03134977 -0.09633364
v 0.02865198 0.03456612 -0.09584162
v 0.03013932 0.03403006 -0.09521840
v 0.03068729 0.03264440 -0.09589083
v 0.03788917 0.02038587 -0.09715367
v 0.03816316 0.01846416 -0.09762929
v 0.03974835 0.01466118 -0.09758009
v 0.04021804 0.01262821 -0.09771129
v 0.03998320 0.01658290 -0.09687486
v 0.03322165 0.02936737 -0.09630084
v 0.03392618 0.02800194 -0.09653044
v 0.03387725 0.02613079 -0.09743248
v 0.03536460 0.02624205 -0.09644844
v 0.03716507 0.02371348 -0.09636644
v 0.03755648 0.02234805 -0.09664525
v 0.04149011 0.01262821 -0.09674366
v 0.04192066 0.01058512 -0.09680926
v 0.04159775 0.00856226 -0.09739968
v 0.04187173 0.00680237 -0.09744889
v 0.04198916 0.00485031 -0.09756369
v 0.04202830 0.00290836 -0.09762929
v 0.04331994 0.00096642 -0.09667806
v 0.04331015 -0.00096541 -0.09662885
v 0.04323187 -0.00485942 -0.09656325
v 0.04314381 -0.00680136 -0.09653044
v 0.04299703 -0.00874331 -0.09641565
v 0.04286982 -0.01017954 -0.09628444
v 0.04195980 -0.01076617 -0.09695686
v 0.04159775 -0.01262720 -0.09689126
v 0.04012019 -0.01457926 -0.09761290
v 0.03831972 -0.01846315 -0.09777690
v 0.03988535 -0.01661224 -0.09718648
v 0.03960158 -0.01846315 -0.09680926
v 0.03778153 -0.02034441 -0.09744889
v 0.03789896 -0.02218522 -0.09664525
v 0.03914167 -0.02040510 -0.09641565
v 0.04081494 -0.01747195 -0.09616964
v 0.04058009 -0.01846315 -0.09592362
v 0.04025718 -0.02059727 -0.09520200
v 0.04186195 -0.02055681 -0.09334873
v 0.04288939 -0.01973755 -0.09246309
v 0.04330037 -0.02039498 -0.09138066
v 0.04110849 -0.02008144 -0.09454598
v 0.04242949 -0.01846315 -0.09379154
v 0.04480728 -0.02354053 -0.08321314
v 0.04489535 -0.02373270 -0.08158947
v 0.04495406 -0.02383384 -0.07965419
v 0.04497363 -0.02386419 -0.07770252
v 0.04451373 -0.02486550 -0.07576725
v 0.04380919 -0.02624105 -0.07770252
v 0.04303617 -0.02768739 -0.07770252
v 0.04609893 -0.02040510 -0.08354115
v 0.04516933 -0.02254933 -0.08372156
v 0.04502255 -0.02209418 -0.08547642
v 0.04572709 -0.02040510 -0.08547642
v 0.04156839 -0.03012494 -0.07576725
v 0.04305574 -0.02771774 -0.07576725
v 0.04256648 -0.02881008 -0.06604167
v 0.04174453 -0.03012494 -0.06604167
v 0.04096171 -0.03130831 -0.06604167
v 0.04138247 -0.02998334 0.01169735
v 0.04134334 -0.02991254 0.01364902
v 0.04066816 -0.03089363 0.01364902
v 0.04058988 -0.03078237 0.01558430
v 0.03949394 -0.03223883 0.01558430
v 0.03951351 -0.03192529 0.01753597
v 0.03862306 -0.03271420 0.01947125
v 0.04433759 -0.02045567 -0.08939617
v 0.04458223 -0.01909024 -0.09006860
v 0.04512041 -0.02045567 -0.08746090
v 0.04487578 -0.01983870 -0.08877295
v 0.03641161 -0.03441340 0.02335820
v 0.03889704 -0.03112626 0.02442424
v 0.03790874 -0.03206689 0.02529347
v 0.03753691 -0.03183426 0.02726155
v 0.03727271 -0.03344243 0.02335820
v 0.03723357 -0.03146003 0.02919682
v 0.03641161 -0.03244111 0.02919682
v 0.03746841 -0.03366495 0.02142292
v 0.03597128 -0.03207700 0.03116490
v 0.03701829 -0.03120717 0.03039407
v 0.03675409 -0.03087340 0.03168972
v 0.03547224 -0.03167243 0.03308377
v 0.03516890 -0.03130831 0.03441223
v 0.03464050 -0.03264340 0.03308377
v 0.03484599 -0.03093408 0.03570788
v 0.03354456 -0.03165220 0.03697073
v 0.03320208 -0.03126786 0.03818437
v 0.03146032 -0.03150048 0.04039846
v 0.03099063 -0.03098466 0.04169411
v 0.02903360 -0.03292660 0.04167771
v 0.02955221 -0.03341209 0.04038206
v 0.02828993 -0.03410997 0.04098888
v -0.03490267 -0.02710076 0.04171051
v -0.03448191 -0.02825379 0.04098888
v -0.03533322 -0.02765705 0.04041486
v -0.03593989 -0.02815265 0.03887320
v -0.03662486 -0.02678722 0.03939802
v -0.03708476 -0.02549259 0.04013605
v -0.03738810 -0.02618036 0.03882400
v -0.03873845 -0.02504756 0.03770876
v -0.03909072 -0.02559373 0.03639670
v -0.04065635 -0.02498688 0.03362500
v -0.04021601 -0.02612979 0.03301818
v -0.03921793 -0.02771774 0.03308377
v -0.03935492 -0.02624105 0.03496985
v -0.04103797 -0.02369224 0.03454343
v -0.04137066 -0.02636242 0.02922963
v -0.04053892 -0.02673665 0.03114850
v -0.04111625 -0.02576568 0.03114850
v -0.04276994 -0.02529030 0.02632671
v -0.04289715 -0.02550271 0.02530987
v -0.04310264 -0.02587694 0.02335820
v -0.04319070 -0.02636242 0.02135732
v -0.04279930 -0.02726259 0.02065209
v -0.04227090 -0.02836505 0.01947125
v -0.04260359 -0.02496665 0.02762236
v -0.04237854 -0.02854711 0.01753597
v -0.04247639 -0.02869882 0.01558430
v -0.04501074 -0.02393499 -0.07770252
v -0.04568592 -0.02234704 -0.07965419
v -0.04666444 -0.01948470 -0.08270472
v -0.04688950 -0.01855418 -0.08342634
v -0.04752553 -0.01652121 -0.08354115
v -0.04678186 -0.01789675 -0.08547642
v -0.04670358 -0.01957573 -0.08158947
v -0.04638067 -0.02065795 -0.07965419
v -0.04674272 -0.01968698 -0.07965419
v -0.04726133 -0.01457926 -0.08742810
v -0.04680143 -0.01633915 -0.08726409
v -0.04666444 -0.01558058 -0.08842853
v -0.04721240 -0.01652121 -0.08547642
v -0.04777016 -0.01457926 -0.08547642
v -0.04463891 -0.02511836 0.01169735
v -0.04462912 -0.02509813 0.01364902
v -0.04307328 -0.02772785 0.01558430
v -0.04390502 -0.02624105 0.01558430
v -0.04606754 -0.01633915 -0.08918297
v -0.04638067 -0.01457926 -0.08970778
v -0.04504010 -0.01634926 -0.09129865
v -0.04471719 -0.01559069 -0.09231549
v -0.04447256 -0.01262720 -0.09390634
v -0.04322984 -0.01457926 -0.09477558
v -0.04486397 -0.01457926 -0.09252869
v -0.04512817 -0.01262720 -0.09293871
v -0.04235896 -0.01457926 -0.09574322
v -0.04163486 -0.01064480 -0.09739968
v -0.04259381 -0.01301154 -0.09600563
v -0.04277973 -0.01170680 -0.09618603
v -0.04308307 -0.00874331 -0.09649765
v -0.04421815 -0.00680136 -0.09559561
v -0.04433557 -0.00485942 -0.09572682
v -0.04439428 -0.00290736 -0.09580883
v -0.04443342 -0.00096541 -0.09585802
v -0.04445299 0.00096642 -0.09587442
v -0.04442364 0.00290836 -0.09584162
v -0.04324942 0.00680237 -0.09659605
v -0.02610581 0.03591132 -0.09661245
v -0.02537192 0.03700367 -0.09623524
v -0.02429555 0.03734755 -0.09649765
v -0.03591054 0.02421919 -0.09713727
v -0.03543107 0.02624205 -0.09653044
v -0.03505923 0.02732428 -0.09623524
v -0.03458954 0.02861891 -0.09584162
v -0.03328812 0.02944829 -0.09635004
v -0.03274015 0.03074292 -0.09594002
v -0.03081247 0.03277589 -0.09597283
v -0.02952083 0.03337263 -0.09639925
v -0.03014708 0.03209823 -0.09679286
v -0.02749530 0.03522355 -0.09635004
v -0.04422793 0.00680237 -0.09559561
v -0.04406158 0.00874431 -0.09538241
v -0.04290694 0.01030192 -0.09633364
v -0.04132174 0.01457015 -0.09664525
v -0.04275037 0.01159655 -0.09615324
v -0.04104775 0.01614798 -0.09638284
v -0.04080312 0.01744261 -0.09615324
v -0.03958976 0.01846416 -0.09677646
v -0.03912986 0.02040610 -0.09639925
v -0.03778929 0.02036564 -0.09744889
v -0.03788714 0.02217610 -0.09662885
v -0.03722175 0.02377416 -0.09639925
v -0.02305283 0.03871298 -0.09603843
v -0.02175141 0.03908721 -0.09635004
v -0.01929533 0.04074596 -0.09612043
v -0.01799390 0.04103927 -0.09635004
v -0.01499964 0.04258676 -0.09600563
v -0.01370800 0.04279916 -0.09620244
v -0.01444189 0.04187876 -0.09674366
v -0.01243593 0.04159556 -0.09739968
v -0.01068439 0.04189899 -0.09753089
v -0.00874692 0.04342625 -0.09672725
v -0.00679968 0.04360830 -0.09682566
v -0.00487200 0.04391173 -0.09677646
v -0.00552760 0.04468042 -0.09615324
v -0.00422618 0.04473099 -0.09620244
v -0.00291497 0.04477145 -0.09623524
v -0.00096772 0.04479168 -0.09625164
v 0.00096974 0.04478157 -0.09623524
v 0.00290721 0.04474111 -0.09620244
v 0.00388572 0.04471076 -0.09616964
v 0.00465875 0.04388139 -0.09676006
v 0.00680170 0.04353750 -0.09680926
v 0.00873917 0.04337567 -0.09666166
v 0.01063749 0.04163602 -0.09754729
v 0.01068641 0.04314305 -0.09648125
v 0.01278044 0.04196979 -0.09689126
v 0.01457112 0.04158544 -0.09676006
v 0.01651837 0.04120110 -0.09648125
v 0.01842648 0.03992670 -0.09677646
v 0.02040308 0.03930973 -0.09649765
v 0.02157730 0.03898607 -0.09626804
v 0.02286894 0.03861184 -0.09595643
v 0.02446393 0.03794430 -0.09567761
v 0.02538373 0.03894561 -0.09429996
v 0.02610783 0.03786338 -0.09479199
v 0.02623504 0.03650806 -0.09584162
v 0.02751690 0.03718572 -0.09446397
v 0.02808444 0.03588098 -0.09515280
v 0.03209636 0.03208812 -0.09523480
v 0.03263454 0.03066200 -0.09585802
v 0.02958157 0.03534492 -0.09454598
v 0.03087321 0.03478863 -0.09403756
v 0.03154838 0.03349400 -0.09459518
v 0.03881876 0.02127593 -0.09612043
v 0.03913189 0.01998130 -0.09638284
v 0.03948415 0.01846416 -0.09666166
v 0.04097150 0.01597604 -0.09631725
v 0.04120634 0.01457015 -0.09649765
v 0.03398489 0.03008549 -0.09516919
v 0.03451329 0.02853800 -0.09575962
v 0.03501233 0.02724337 -0.09618603
v 0.03676388 0.02500811 -0.09603843
v 0.03852521 0.02234805 -0.09585802
v 0.04245884 0.01262821 -0.09585802
v 0.04264476 0.01116163 -0.09605483
v 0.04279154 0.00986700 -0.09620244
v 0.04290896 0.00874431 -0.09631725
v 0.04307531 0.00680237 -0.09648125
v 0.04318295 0.00485031 -0.09659605
v 0.04327101 0.00290836 -0.09666166
v 0.04429846 0.00096642 -0.09569402
v 0.04427888 -0.00096541 -0.09571042
v 0.04423974 -0.00290736 -0.09567761
v 0.04420060 -0.00485942 -0.09561202
v 0.04411253 -0.00680136 -0.09548081
v 0.04410275 -0.00888491 -0.09508719
v 0.04468986 -0.00962325 -0.09420156
v 0.04349607 -0.01076617 -0.09536600
v 0.04272304 -0.01147417 -0.09612043
v 0.04256648 -0.01262720 -0.09595643
v 0.04130419 -0.01457926 -0.09662885
v 0.04103021 -0.01617732 -0.09638284
v 0.04227293 -0.01457926 -0.09562841
v 0.04288939 -0.01593458 -0.09438197
v 0.04267412 -0.01722921 -0.09410316
v 0.04145097 -0.01846315 -0.09493959
v 0.04313402 -0.01846315 -0.09280750
v 0.04445501 -0.01652121 -0.09187267
v 0.04415167 -0.01845304 -0.09123304
v 0.04551182 -0.02234704 -0.08158947
v 0.04561945 -0.02234704 -0.07965419
v 0.04565859 -0.02234704 -0.07770252
v 0.04498342 -0.02389453 -0.07576725
v 0.04453330 -0.02490596 -0.07188030
v 0.04391683 -0.02624105 -0.06799334
v 0.04311445 -0.02783911 -0.06604167
v 0.04656861 -0.01920150 -0.08354115
v 0.04663711 -0.01940378 -0.08244230
v 0.04642184 -0.01848338 -0.08559123
v 0.04257626 -0.02882020 -0.06408999
v 0.04173474 -0.03012494 -0.06408999
v 0.04236099 -0.02848642 0.01169735
v 0.04232185 -0.02843585 0.01364902
v 0.04126505 -0.02981140 0.01558430
v 0.04049203 -0.03063066 0.01753597
v 0.03937652 -0.03174323 0.01947125
v 0.03844693 -0.03249168 0.02142292
v 0.04480728 -0.01779561 -0.09052782
v 0.04510084 -0.01845304 -0.08939617
v 0.04587387 -0.01846315 -0.08742810
v 0.03936673 -0.03019574 0.02516227
v 0.03872091 -0.03089363 0.02571989
v 0.03824144 -0.03223883 0.02335820
v 0.03900468 -0.03126786 0.02335820
v 0.04027675 -0.03001368 0.02152133
v 0.04078558 -0.02910339 0.02222655
v 0.04066816 -0.02893145 0.02335820
v 0.03850564 -0.03060031 0.02726155
v 0.03828058 -0.03004402 0.02922963
v 0.03878941 -0.02902248 0.02991845
v 0.03750755 -0.03018563 0.03108290
v 0.03721400 -0.02952820 0.03308377
v 0.03698894 -0.02923488 0.03418262
v 0.03645075 -0.03049917 0.03308377
v 0.03592235 -0.03008448 0.03495345
v 0.03668560 -0.02882020 0.03547827
v 0.03451329 -0.03051940 0.03697073
v 0.03501233 -0.02919442 0.03798757
v 0.03389682 -0.02998334 0.03874199
v 0.03330971 -0.02946751 0.04026725
v 0.03275196 -0.03076214 0.03948002
v 0.03284981 -0.02893145 0.04156290
v -0.03876781 -0.02313596 0.03970964
v -0.03843511 -0.02435979 0.03900441
v -0.03742724 -0.02423842 0.04080848
v -0.03912986 -0.02375293 0.03841398
v -0.03950170 -0.02435979 0.03701993
v -0.04074441 -0.02317641 0.03583908
v -0.04127281 -0.02431933 0.03301818
v -0.04090098 -0.02541168 0.03232934
v -0.04143916 -0.02245830 0.03511746
v -0.04266230 -0.02115356 0.03377260
v -0.04232961 -0.02230659 0.03311658
v -0.04239811 -0.02456207 0.02919682
v -0.04210455 -0.02410693 0.03095169
v -0.04354297 -0.02429910 0.02530987
v -0.04309285 -0.02430922 0.02708114
v -0.04394416 -0.02429910 0.02335820
v -0.04431600 -0.02418785 0.02150493
v -0.04437471 -0.02461265 0.01947125
v -0.04351361 -0.02624105 0.01947125
v -0.04287758 -0.02739408 0.01947125
v -0.04298522 -0.02757614 0.01753597
v -0.04571528 -0.02234704 -0.07770252
v -0.04509881 -0.02414739 0.01169735
v -0.04590119 -0.02234704 0.01169735
v -0.04709498 -0.01846315 -0.08158947
v -0.04772123 -0.01652121 -0.08158947
v -0.04808328 -0.01457926 -0.08354115
v -0.04639045 -0.02065795 -0.07770252
v -0.04716348 -0.01846315 -0.07965419
v -0.04684057 -0.01994995 0.01169735
v -0.04774080 -0.01262720 -0.08742810
v -0.04680143 -0.01457926 -0.08874015
v -0.04847469 -0.01298120 -0.08354115
v -0.04829856 -0.01247549 -0.08532882
v -0.04509881 -0.02412716 0.01364902
v -0.04457041 -0.02498688 0.01558430
v -0.04372889 -0.02624105 0.01753597
v -0.04654701 -0.01318349 -0.09011780
v -0.04556850 -0.01457926 -0.09131505
v -0.04699713 -0.01257663 -0.08942898
v -0.04463891 -0.01133257 -0.09413595
v -0.04336684 -0.01246537 -0.09530041
v -0.04615561 -0.01257663 -0.09118384
v -0.04632196 -0.01068526 -0.09165946
v -0.04525537 -0.01068526 -0.09339793
v -0.04288736 -0.01068526 -0.09630084
v -0.04398330 -0.01068526 -0.09505439
v -0.04406158 -0.00874331 -0.09543160
v -0.04488354 -0.00874331 -0.09444757
v -0.04500096 -0.00680136 -0.09462798
v -0.04509881 -0.00485942 -0.09474278
v -0.04517709 -0.00290736 -0.09484118
v -0.04521623 -0.00096541 -0.09489039
v -0.04521623 0.00096642 -0.09490679
v -0.04433557 0.00485031 -0.09574322
v -0.04516730 0.00290836 -0.09487399
v -0.02666356 0.03651818 -0.09584162
v -0.02763229 0.03725652 -0.09454598
v -0.02605688 0.03777235 -0.09508719
v -0.02544042 0.03899618 -0.09434916
v -0.02429555 0.03831853 -0.09567761
v -0.03680099 0.02506879 -0.09607123
v -0.03640958 0.02624205 -0.09571042
v -0.03707498 0.02741531 -0.09436557
v -0.03530386 0.02955954 -0.09454598
v -0.03404157 0.03015628 -0.09523480
v -0.03349361 0.03163297 -0.09464438
v -0.03219218 0.03219938 -0.09530041
v -0.03164421 0.03359515 -0.09467718
v -0.03098860 0.03488978 -0.09413595
v -0.03025471 0.03413121 -0.09530041
v -0.02878694 0.03466726 -0.09592362
v -0.02820962 0.03598212 -0.09523480
v -0.04499117 0.00680237 -0.09462798
v -0.04483461 0.00874431 -0.09439837
v -0.04472698 0.00979620 -0.09425076
v -0.04259381 0.01262821 -0.09598923
v -0.04229047 0.01457015 -0.09566122
v -0.04458020 0.01109083 -0.09403756
v -0.04340598 0.01262821 -0.09502159
v -0.04185992 0.01669415 -0.09528400
v -0.04145873 0.01846416 -0.09495599
v -0.04111625 0.02008244 -0.09456237
v -0.04055849 0.01846416 -0.09592362
v -0.03889501 0.02141753 -0.09618603
v -0.03851339 0.02271216 -0.09584162
v -0.02429555 0.03936030 -0.09470998
v -0.02243637 0.03989635 -0.09526760
v -0.02041084 0.04044253 -0.09582522
v -0.02181990 0.04106962 -0.09448037
v -0.02041084 0.04143373 -0.09485758
v -0.01925619 0.04268790 -0.09413595
v -0.01862994 0.04185853 -0.09528400
v -0.01651634 0.04230356 -0.09572682
v -0.01651634 0.04325430 -0.09475918
v -0.01365908 0.04472088 -0.09425076
v -0.01263163 0.04488270 -0.09443117
v -0.01263163 0.04393196 -0.09539881
v -0.01263163 0.04296099 -0.09633364
v -0.01068439 0.04321384 -0.09656325
v -0.00679968 0.04457927 -0.09605483
v -0.00679968 0.04548956 -0.09508719
v -0.00485243 0.04659202 -0.09415235
v -0.00368799 0.04663248 -0.09421796
v -0.00239635 0.04668305 -0.09426716
v -0.00299325 0.04591437 -0.09503799
v -0.00096772 0.04576265 -0.09526760
v 0.00096974 0.04575254 -0.09525120
v 0.00297570 0.04589414 -0.09502159
v 0.00366067 0.04664259 -0.09421796
v 0.00465875 0.04540865 -0.09534960
v 0.00517737 0.04461974 -0.09608763
v 0.00680170 0.04450848 -0.09597283
v 0.00873917 0.04434665 -0.09582522
v 0.01068641 0.04412413 -0.09559561
v 0.01223247 0.04293064 -0.09631725
v 0.01352411 0.04273847 -0.09615324
v 0.01457112 0.04255642 -0.09598923
v 0.01651837 0.04218219 -0.09562841
v 0.01776109 0.04093813 -0.09626804
v 0.01905273 0.04063470 -0.09602202
v 0.02040308 0.04028070 -0.09571042
v 0.02229162 0.03981544 -0.09518560
v 0.02429758 0.03927938 -0.09461157
v 0.02610783 0.03942098 -0.09320112
v 0.02667537 0.03848035 -0.09380794
v 0.02299615 0.04063470 -0.09403756
v 0.02396488 0.04121122 -0.09274190
v 0.02525652 0.04081676 -0.09228269
v 0.02814315 0.03788361 -0.09323392
v 0.02881832 0.03664967 -0.09395555
v 0.03344671 0.03153183 -0.09456237
v 0.03023717 0.03605292 -0.09334873
v 0.03157774 0.03545618 -0.09274190
v 0.03221378 0.03415143 -0.09339793
v 0.03284981 0.03282646 -0.09403756
v 0.03950372 0.02234805 -0.09487399
v 0.03994406 0.02060839 -0.09531680
v 0.04046267 0.01846416 -0.09582522
v 0.04072687 0.01727067 -0.09608763
v 0.04179345 0.01654244 -0.09521840
v 0.04217507 0.01457015 -0.09554641
v 0.03473835 0.03080360 -0.09398835
v 0.03525696 0.02950897 -0.09446397
v 0.03704765 0.02737485 -0.09434916
v 0.03633333 0.02624205 -0.09567761
v 0.03740970 0.02624205 -0.09469358
v 0.03795767 0.02439114 -0.09526760
v 0.03913189 0.02376405 -0.09449677
v 0.04305574 0.01457015 -0.09457877
v 0.04332972 0.01262821 -0.09489039
v 0.04340801 0.01058512 -0.09533320
v 0.04401468 0.00874431 -0.09505439
v 0.04404404 0.00680237 -0.09538241
v 0.04415167 0.00485031 -0.09551361
v 0.04424953 0.00290836 -0.09562841
v 0.04503234 0.00290836 -0.09466077
v 0.04508127 0.00096642 -0.09470998
v 0.04509106 -0.00096541 -0.09472638
v 0.04507148 -0.00290736 -0.09470998
v 0.04502255 -0.00485942 -0.09462798
v 0.04491492 -0.00680136 -0.09449677
v 0.04480728 -0.00832862 -0.09434916
v 0.04337865 -0.01262720 -0.09498879
v 0.04531611 -0.00888491 -0.09343073
v 0.04521826 -0.01068526 -0.09306992
v 0.04501277 -0.01262720 -0.09275831
v 0.04457244 -0.01068526 -0.09403756
v 0.04310466 -0.01457926 -0.09466077
v 0.04417125 -0.01466018 -0.09318472
v 0.04341779 -0.01655155 -0.09338153
v 0.04465072 -0.01535806 -0.09220068
v 0.04501277 -0.01652121 -0.09090503
v 0.04669582 -0.01954538 -0.08114665
v 0.04635334 -0.02027361 -0.08172068
v 0.04634355 -0.02057704 -0.07965419
v 0.04636312 -0.02056693 -0.07770252
v 0.04565859 -0.02234704 -0.07188030
v 0.04499320 -0.02395522 -0.06604167
v 0.04499320 -0.02394510 -0.06992862
v 0.04499320 -0.02393499 -0.07188030
v 0.04455287 -0.02492619 -0.06799334
v 0.04392662 -0.02624105 -0.06604167
v 0.04443545 -0.02469356 0.01169735
v 0.04364285 -0.02624105 0.01169735
v 0.04690131 -0.01823052 -0.08354115
v 0.04677410 -0.01785629 -0.08500081
v 0.04694045 -0.01864521 -0.08172068
v 0.04744928 -0.01652121 -0.08354115
v 0.04660776 -0.01737081 -0.08629645
v 0.04293831 -0.02751545 0.01169735
v 0.04290896 -0.02746488 0.01364902
v 0.04284047 -0.02734351 0.01558430
v 0.04223378 -0.02831448 0.01558430
v 0.04115742 -0.02965968 0.01753597
v 0.04102042 -0.02945740 0.01947125
v 0.04034525 -0.03042837 0.01947125
v 0.03919060 -0.03152071 0.02142292
v 0.04574666 -0.01652121 -0.08936337
v 0.04658818 -0.01531760 -0.08823173
v 0.04643162 -0.01664258 -0.08751010
v 0.04681324 -0.01607618 -0.08693608
v 0.04044310 -0.02858757 0.02530987
v 0.03921017 -0.02961922 0.02726155
v 0.04091279 -0.02928545 0.02093090
v 0.04141183 -0.02834482 0.02152133
v 0.04129441 -0.02796048 0.02335820
v 0.04107913 -0.02761659 0.02530987
v 0.03900468 -0.02933602 0.02860640
v 0.03950372 -0.02830437 0.02922963
v 0.03922974 -0.02773796 0.03114850
v 0.03900468 -0.02739408 0.03242775
v 0.03855456 -0.02870894 0.03114850
v 0.03739991 -0.02818299 0.03490425
v 0.03714550 -0.02752556 0.03642950
v 0.03633333 -0.02818299 0.03703633
v 0.03530589 -0.02953831 0.03697073
v 0.03680302 -0.02701985 0.03772516
v 0.03538417 -0.02808185 0.03875839
v 0.03511018 -0.02737385 0.04007044
v 0.03460136 -0.02866848 0.03928322
v 0.03399467 -0.02815265 0.04082488
v 0.03337821 -0.02763682 0.04230093
v -0.03706519 -0.02354053 0.04203853
v -0.03841554 -0.02242796 0.04090688
v -0.03912007 -0.02184133 0.04030006
v -0.04078355 -0.02129515 0.03787276
v -0.04051935 -0.02245830 0.03711833
v -0.04108689 -0.02188179 0.03657711
v -0.04256446 -0.02293367 0.03147651
v -0.04243724 -0.02046578 0.03511746
v -0.04319070 -0.02046578 0.03311658
v -0.04288736 -0.02163904 0.03247695
v -0.04270145 -0.01926218 0.03583908
v -0.04294607 -0.01985892 0.03452703
v -0.04276994 -0.02333824 0.03018086
v -0.04290694 -0.02359110 0.02919682
v -0.04416922 -0.02216499 0.02708114
v -0.04438449 -0.02262013 0.02530987
v -0.04458020 -0.02304493 0.02335820
v -0.04467805 -0.02326744 0.02221015
v -0.04477590 -0.02346973 0.02091450
v -0.04487375 -0.02364167 0.01947125
v -0.04448234 -0.02481493 0.01753597
v -0.04647852 -0.02092093 0.01169735
v -0.04590119 -0.02234704 0.01364902
v -0.04825942 -0.01457926 -0.08158947
v -0.04778973 -0.01652121 -0.07965419
v -0.04855298 -0.01338577 -0.08158947
v -0.04734940 -0.01846315 0.01169735
v -0.04647852 -0.02090070 0.01364902
v -0.04683078 -0.01992973 0.01364902
v -0.04733961 -0.01846315 0.01364902
v -0.04850405 -0.01068526 -0.08598484
v -0.04859211 -0.00967383 -0.08642766
v -0.04811264 -0.01068526 -0.08742810
v -0.04740811 -0.01068526 -0.08936337
v -0.04867040 -0.01201023 -0.08354115
v -0.04860190 -0.01171691 -0.08457439
v -0.04504010 -0.02401590 0.01558430
v -0.04579356 -0.02234704 0.01558430
v -0.04497160 -0.02384396 0.01753597
v -0.04670358 -0.01188886 -0.09044582
v -0.04476612 -0.01002783 -0.09431636
v -0.04648830 -0.00874331 -0.09198748
v -0.04683078 -0.01068526 -0.09069182
v -0.04568592 -0.00874331 -0.09325032
v -0.04607733 -0.00666988 -0.09306992
v -0.04606754 -0.00485942 -0.09336513
v -0.04615561 -0.00290736 -0.09346353
v -0.04619475 -0.00096541 -0.09351273
v -0.04618496 0.00096642 -0.09349634
v -0.04507924 0.00485031 -0.09475918
v -0.04613604 0.00290836 -0.09341433
v -0.02969696 0.03544606 -0.09462798
v -0.02893372 0.03674069 -0.09403756
v -0.02674184 0.03855115 -0.09387355
v -0.02603731 0.03971430 -0.09310272
v -0.02533278 0.04085721 -0.09233189
v -0.02429555 0.04033127 -0.09367674
v -0.02311154 0.04070550 -0.09410316
v -0.03801435 0.02446193 -0.09530041
v -0.03880695 0.02514971 -0.09415235
v -0.03747617 0.02624205 -0.09474278
v -0.03844490 0.02624205 -0.09372594
v -0.03777951 0.02800194 -0.09311911
v -0.03660529 0.02870994 -0.09387355
v -0.03479503 0.03086429 -0.09403756
v -0.03293585 0.03292760 -0.09411956
v -0.03227046 0.03422223 -0.09347993
v -0.03160507 0.03547641 -0.09284031
v -0.03092011 0.03678115 -0.09208588
v -0.02962846 0.03733744 -0.09274190
v -0.04588162 0.00680237 -0.09325032
v -0.04557828 0.00874431 -0.09325032
v -0.04616540 0.00494134 -0.09310272
v -0.04515752 0.01054466 -0.09333233
v -0.04312221 0.01457015 -0.09469358
v -0.04290694 0.01595581 -0.09441476
v -0.04502053 0.01262821 -0.09277470
v -0.04437471 0.01262821 -0.09374234
v -0.04267209 0.01725044 -0.09410316
v -0.04242746 0.01846416 -0.09377515
v -0.04081291 0.02137707 -0.09423436
v -0.03916900 0.02384496 -0.09454598
v -0.02041084 0.04240470 -0.09379154
v -0.01651634 0.04422528 -0.09362753
v -0.01796455 0.04296099 -0.09444757
v -0.02041084 0.04316327 -0.09282391
v -0.01764164 0.04477145 -0.09236469
v -0.01495072 0.04450848 -0.09398835
v -0.01441253 0.04519625 -0.09331592
v -0.01182925 0.04670328 -0.09236469
v -0.01068439 0.04609642 -0.09351273
v -0.01068439 0.04512545 -0.09469358
v -0.01068439 0.04418482 -0.09566122
v -0.00874692 0.04439722 -0.09585802
v -0.00874692 0.04530751 -0.09489039
v -0.00679968 0.04646054 -0.09400476
v -0.00679968 0.04719888 -0.09303711
v -0.00485243 0.04731014 -0.09318472
v -0.00299325 0.04725957 -0.09344713
v -0.00096772 0.04748208 -0.09325032
v -0.00096772 0.04670328 -0.09428357
v 0.00096974 0.04669316 -0.09428357
v 0.00236902 0.04667294 -0.09425076
v 0.00680170 0.04542888 -0.09500519
v 0.00297570 0.04724945 -0.09344713
v 0.00485446 0.04730002 -0.09315192
v 0.00485446 0.04655157 -0.09411956
v 0.00873917 0.04526705 -0.09484118
v 0.01068641 0.04506476 -0.09462798
v 0.01287829 0.04381059 -0.09528400
v 0.01222268 0.04487259 -0.09441476
v 0.01351433 0.04468042 -0.09420156
v 0.01457112 0.04352739 -0.09500519
v 0.01651837 0.04317339 -0.09466077
v 0.01781980 0.04291042 -0.09438197
v 0.01843626 0.04177761 -0.09520200
v 0.02040308 0.04133259 -0.09474278
v 0.02170451 0.04100893 -0.09441476
v 0.02747776 0.03906699 -0.09251229
v 0.02227205 0.04175739 -0.09321752
v 0.02154795 0.04284973 -0.09239749
v 0.02284937 0.04250585 -0.09188907
v 0.02877918 0.03858150 -0.09192187
v 0.02443457 0.04187876 -0.09142985
v 0.02490426 0.04255642 -0.08997019
v 0.02623504 0.04116064 -0.09083943
v 0.02723313 0.04083699 -0.09036382
v 0.02959135 0.03728687 -0.09265990
v 0.03088299 0.03675081 -0.09205308
v 0.03286938 0.03480886 -0.09208588
v 0.03349563 0.03351424 -0.09274190
v 0.03412188 0.03217915 -0.09336513
v 0.04075623 0.02123547 -0.09415235
v 0.04105956 0.01994084 -0.09449677
v 0.04137269 0.01846416 -0.09484118
v 0.04261541 0.01709872 -0.09405395
v 0.04286003 0.01580410 -0.09433276
v 0.03535482 0.03153183 -0.09269270
v 0.03595171 0.03013606 -0.09328312
v 0.03654860 0.02866949 -0.09385715
v 0.03717485 0.02946851 -0.09256150
v 0.03776196 0.02797160 -0.09308632
v 0.03890683 0.02726359 -0.09233189
v 0.03838822 0.02624205 -0.09367674
v 0.03875027 0.02506879 -0.09408676
v 0.03986577 0.02432033 -0.09326673
v 0.04095193 0.02357188 -0.09246309
v 0.04047246 0.02234805 -0.09380794
v 0.04429846 0.01262821 -0.09367674
v 0.04411253 0.01461061 -0.09316832
v 0.04451373 0.01068626 -0.09395555
v 0.04464094 0.00939163 -0.09415235
v 0.04476814 0.00809700 -0.09429996
v 0.04484642 0.00680237 -0.09441476
v 0.04495406 0.00485031 -0.09454598
v 0.04583472 0.00485031 -0.09325032
v 0.04611849 0.00284768 -0.09306992
v 0.04605000 0.00096642 -0.09331592
v 0.04605978 -0.00096541 -0.09333233
v 0.04616742 -0.00306919 -0.09310272
v 0.04595215 -0.00485942 -0.09325032
v 0.04575644 -0.00680136 -0.09325032
v 0.04435717 -0.01262720 -0.09372594
v 0.04650990 -0.00680136 -0.09203667
v 0.04637291 -0.00874331 -0.09175786
v 0.04627506 -0.01084708 -0.09124944
v 0.04586408 -0.01262720 -0.09131505
v 0.04483664 -0.01406343 -0.09247950
v 0.04526719 -0.01466018 -0.09144625
v 0.04652947 -0.01262720 -0.09005220
v 0.04631420 -0.01462983 -0.08934698
v 0.04760584 -0.01652121 -0.08158947
v 0.04671539 -0.01960607 -0.07965419
v 0.04620656 -0.02040510 0.01169735
v 0.04548246 -0.02234704 0.01169735
v 0.04455287 -0.02491608 -0.06408999
v 0.04455287 -0.02492619 -0.06604167
v 0.04489535 -0.02372259 0.01169735
v 0.04487578 -0.02368213 0.01364902
v 0.04440609 -0.02465310 0.01364902
v 0.04358413 -0.02624105 0.01364902
v 0.04701873 -0.01664258 -0.08559123
v 0.04799725 -0.01457926 -0.08354115
v 0.04762541 -0.01457926 -0.08547642
v 0.04343736 -0.02624105 0.01558430
v 0.04279154 -0.02725248 0.01676514
v 0.04184238 -0.02818299 0.01947125
v 0.04753734 -0.01262720 -0.08742810
v 0.04700894 -0.01462983 -0.08751010
v 0.04675453 -0.01402298 -0.08867455
v 0.04091279 -0.02735362 0.02662192
v 0.04025718 -0.02807174 0.02726155
v 0.04245884 -0.02666585 0.02142292
v 0.04235121 -0.02615002 0.02347300
v 0.04189130 -0.02624105 0.02530987
v 0.04073665 -0.02707042 0.02791758
v 0.04053117 -0.02674676 0.02919682
v 0.04024740 -0.02615002 0.03111570
v 0.04068773 -0.02502733 0.03175532
v 0.03941566 -0.02629162 0.03308377
v 0.03873070 -0.02697939 0.03372340
v 0.03851542 -0.02629162 0.03518306
v 0.03884812 -0.02520939 0.03593748
v 0.03760540 -0.02632196 0.03703633
v 0.03722378 -0.02572522 0.03844678
v 0.03685195 -0.02512848 0.03974244
v 0.03648989 -0.02632196 0.03902081
v 0.03548202 -0.02617025 0.04077567
v 0.03467964 -0.02676699 0.04136609
v -0.03872867 -0.02109287 0.04159570
v -0.03947234 -0.02042533 0.04090688
v -0.04050957 -0.02055681 0.03902081
v -0.04108689 -0.02000052 0.03844678
v -0.04148808 -0.02055681 0.03711833
v -0.04416922 -0.01831144 0.03295257
v -0.04450192 -0.01893852 0.03114850
v -0.04386588 -0.02040510 0.03114850
v -0.04303414 -0.02230659 0.03095169
v -0.04242746 -0.01855418 0.03701993
v -0.04265252 -0.01718875 0.03769235
v -0.04294607 -0.01796755 0.03639670
v -0.04417900 -0.01635938 0.03487144
v -0.04451170 -0.01690555 0.03349379
v -0.04352340 -0.02234704 0.02919682
v -0.04456063 -0.02106253 0.02762236
v -0.04471719 -0.02139630 0.02632671
v -0.04482482 -0.02164916 0.02530987
v -0.04502053 -0.02207396 0.02335820
v -0.04511838 -0.02250887 0.02150493
v -0.04545108 -0.02234704 0.01947125
v -0.04565656 -0.02234704 0.01753597
v -0.04642959 -0.02079955 0.01558430
v -0.04832792 -0.01457926 -0.07965419
v -0.04793651 -0.01652121 0.01169735
v -0.04858233 -0.01352737 -0.07965419
v -0.04874868 -0.01241480 -0.08158947
v -0.04679164 -0.01982858 0.01558430
v -0.04727112 -0.01846315 0.01558430
v -0.04792672 -0.01652121 0.01364902
v -0.04787780 -0.01652121 0.01558430
v -0.04869975 -0.01068526 -0.08501720
v -0.04884652 -0.00890514 -0.08565683
v -0.04915966 -0.00680136 -0.08547642
v -0.04868018 -0.00836908 -0.08672287
v -0.04838663 -0.00890514 -0.08739530
v -0.04771145 -0.00874331 -0.08936337
v -0.04908137 -0.01068526 -0.08158947
v -0.04891502 -0.01068526 -0.08354115
v -0.04636110 -0.02063773 0.01753597
v -0.04698735 -0.00874331 -0.09100343
v -0.04658616 -0.00723628 -0.09216788
v -0.04666444 -0.00594165 -0.09229908
v -0.04671336 -0.00485942 -0.09238109
v -0.04677207 -0.00290736 -0.09249590
v -0.04680143 -0.00096541 -0.09252869
v -0.04679164 0.00096642 -0.09252869
v -0.04674272 0.00290836 -0.09244669
v -0.02823897 0.03794430 -0.09329953
v -0.02754422 0.03912767 -0.09257790
v -0.02429555 0.04117076 -0.09270910
v -0.02663421 0.04042230 -0.09167586
v -0.02608624 0.04113030 -0.09115104
v -0.02428577 0.04215185 -0.09129865
v -0.02289627 0.04254630 -0.09193827
v -0.02235809 0.04180796 -0.09326673
v -0.04055849 0.02234805 -0.09388995
v -0.04096947 0.02359211 -0.09249590
v -0.03923750 0.02624205 -0.09275831
v -0.03892437 0.02728382 -0.09234829
v -0.03718261 0.02949886 -0.09257790
v -0.03539193 0.03157229 -0.09274190
v -0.03482439 0.03286692 -0.09208588
v -0.03352296 0.03354457 -0.09282391
v -0.03290650 0.03483921 -0.09211868
v -0.03218239 0.03607315 -0.09146266
v -0.03146807 0.03725652 -0.09079023
v -0.03015686 0.03794430 -0.09136425
v -0.02884565 0.03863207 -0.09192187
v -0.04663508 0.00563922 -0.09224989
v -0.04656658 0.00680237 -0.09213508
v -0.04642959 0.00874431 -0.09185627
v -0.04668400 0.00434459 -0.09234829
v -0.04631217 0.01086832 -0.09126585
v -0.04417900 0.01465107 -0.09318472
v -0.04342555 0.01657278 -0.09338153
v -0.04586205 0.01262821 -0.09131505
v -0.04483461 0.01404421 -0.09247950
v -0.04313199 0.01846416 -0.09280750
v -0.04185992 0.02054770 -0.09333233
v -0.04287758 0.01971833 -0.09244669
v -0.04260359 0.02101296 -0.09202027
v -0.04129238 0.02234805 -0.09292231
v -0.02160463 0.04286996 -0.09243029
v -0.01651634 0.04497373 -0.09265990
v -0.01893328 0.04448825 -0.09195467
v -0.01835596 0.04511533 -0.09129865
v -0.01638914 0.04596494 -0.09116744
v -0.01457888 0.04627848 -0.09167586
v -0.01313068 0.04650099 -0.09205308
v -0.01254357 0.04707751 -0.09136425
v -0.01068439 0.04758323 -0.09131505
v -0.01068439 0.04683477 -0.09254509
v -0.00874692 0.04627848 -0.09377515
v -0.00874692 0.04703705 -0.09280750
v -0.00679968 0.04816985 -0.09154466
v -0.00485243 0.04828111 -0.09175786
v -0.00291497 0.04836202 -0.09188907
v -0.00096772 0.04840248 -0.09195467
v 0.00096974 0.04747197 -0.09325032
v 0.00096974 0.04840248 -0.09195467
v 0.00290721 0.04835191 -0.09187267
v 0.00485446 0.04827100 -0.09174147
v 0.00680170 0.04715842 -0.09295511
v 0.00680170 0.04639985 -0.09392275
v 0.00873917 0.04623802 -0.09370954
v 0.01068641 0.04603573 -0.09344713
v 0.01169429 0.04666282 -0.09229908
v 0.01457112 0.04449836 -0.09398835
v 0.01457112 0.04526705 -0.09300431
v 0.01651837 0.04414436 -0.09354553
v 0.01757517 0.04474111 -0.09233189
v 0.01834820 0.04368922 -0.09320112
v 0.01911144 0.04261710 -0.09407035
v 0.02040308 0.04230356 -0.09370954
v 0.02040308 0.04313293 -0.09274190
v 0.01886681 0.04445790 -0.09192187
v 0.02042265 0.04413425 -0.09128225
v 0.02226226 0.04320373 -0.09126585
v 0.02360283 0.04291042 -0.09059342
v 0.02939565 0.03907710 -0.09062622
v 0.02107826 0.04455905 -0.09005220
v 0.02426822 0.04323407 -0.08934698
v 0.02550115 0.04291042 -0.08867455
v 0.02618611 0.04209116 -0.08934698
v 0.02763432 0.04111007 -0.08936337
v 0.02905317 0.04074596 -0.08821533
v 0.02860305 0.04042230 -0.08936337
v 0.03215506 0.03605292 -0.09142985
v 0.03144075 0.03722618 -0.09075743
v 0.03341735 0.03535504 -0.09079023
v 0.03410231 0.03411098 -0.09142985
v 0.03478727 0.03282646 -0.09206948
v 0.04235121 0.01846416 -0.09370954
v 0.04124548 0.02234805 -0.09284031
v 0.04285025 0.01963741 -0.09241389
v 0.04308509 0.01846416 -0.09274190
v 0.04336886 0.01648175 -0.09334873
v 0.03664646 0.03076314 -0.09193827
v 0.03781089 0.03000457 -0.09118384
v 0.03846649 0.02855823 -0.09172506
v 0.03921995 0.02624205 -0.09269270
v 0.03893619 0.02923588 -0.09042941
v 0.03921017 0.02802217 -0.09116744
v 0.04020825 0.02624205 -0.09131505
v 0.04059966 0.02486651 -0.09195467
v 0.04255669 0.02093204 -0.09198748
v 0.04133355 0.02424954 -0.09131505
v 0.04226314 0.02241885 -0.09133144
v 0.04482685 0.01398352 -0.09246309
v 0.04499320 0.01262821 -0.09269270
v 0.04519869 0.01068626 -0.09298792
v 0.04526719 0.00874431 -0.09339793
v 0.04563902 0.00680237 -0.09325032
v 0.04656861 0.00485031 -0.09213508
v 0.04661754 0.00345454 -0.09223348
v 0.04666646 0.00215990 -0.09231549
v 0.04668603 0.00096642 -0.09234829
v 0.04669582 -0.00096541 -0.09236469
v 0.04668603 -0.00253313 -0.09234829
v 0.04664690 -0.00382776 -0.09228269
v 0.04661754 -0.00485942 -0.09221708
v 0.04701873 -0.00680136 -0.09105264
v 0.04687195 -0.00874331 -0.09079023
v 0.04675453 -0.01031103 -0.09054422
v 0.04663711 -0.01160566 -0.09031460
v 0.04693066 -0.01262720 -0.08906816
v 0.04815381 -0.01457926 -0.08158947
v 0.04760584 -0.01652121 -0.07965419
v 0.04704808 -0.01846315 -0.07965419
v 0.04689152 -0.01828109 0.01364902
v 0.04659797 -0.01925207 0.01364902
v 0.04619678 -0.02040510 0.01364902
v 0.04545311 -0.02234704 0.01364902
v 0.04530632 -0.02234704 0.01558430
v 0.04479750 -0.02352030 0.01558430
v 0.04432781 -0.02449127 0.01558430
v 0.04808531 -0.01262720 -0.08547642
v 0.04842779 -0.01260697 -0.08359035
v 0.04865285 -0.01193943 -0.08296712
v 0.04849629 -0.01315315 -0.08158947
v 0.04431802 -0.02414739 0.01756877
v 0.04318295 -0.02637253 0.01745397
v 0.04270347 -0.02711088 0.01806079
v 0.04260562 -0.02693894 0.01947125
v 0.04794832 -0.01068526 -0.08742810
v 0.04133355 -0.02635230 0.02726155
v 0.04299703 -0.02569488 0.02142292
v 0.04286003 -0.02544202 0.02289898
v 0.04273283 -0.02520939 0.02419463
v 0.04260562 -0.02496665 0.02530987
v 0.04111828 -0.02577579 0.02919682
v 0.04091279 -0.02543190 0.03045967
v 0.04103021 -0.02373270 0.03265736
v 0.04048224 -0.02434967 0.03321498
v 0.04126505 -0.02434967 0.03111570
v 0.03912210 -0.02568476 0.03464184
v 0.03959179 -0.02446093 0.03518306
v 0.04055073 -0.02281230 0.03503545
v 0.04084429 -0.02142664 0.03605229
v 0.03914167 -0.02379339 0.03697073
v 0.03889704 -0.02335847 0.03798757
v 0.03858392 -0.02477448 0.03697073
v 0.03787939 -0.02424853 0.03887320
v 0.03724335 -0.02383384 0.04038206
v -0.03905158 -0.01979824 0.04210413
v -0.04038236 -0.01854407 0.04089048
v -0.04073463 -0.01924195 0.03974244
v -0.04141959 -0.01854407 0.03902081
v -0.04473676 -0.01756298 0.03219814
v -0.04489332 -0.01796755 0.03114850
v -0.04466826 -0.01934310 0.03003326
v -0.04440406 -0.02040510 0.02931163
v -0.04320049 -0.01653132 0.03701993
v -0.04101840 -0.01794732 0.04025085
v -0.04230025 -0.01653132 0.03887320
v -0.04288736 -0.01588400 0.03820077
v -0.04388545 -0.01457926 0.03697073
v -0.04451170 -0.01457926 0.03549467
v -0.04472698 -0.01561092 0.03411701
v -0.04485418 -0.01976790 0.02873761
v -0.04497160 -0.02040510 0.02708114
v -0.04535322 -0.02040510 0.02530987
v -0.04571528 -0.02040510 0.02335820
v -0.04600883 -0.02040510 0.02142292
v -0.04669379 -0.01953527 0.01883162
v -0.04631217 -0.02027361 0.01948765
v -0.04674272 -0.01966675 0.01753597
v -0.04839641 -0.01472086 0.01364902
v -0.04877803 -0.01255640 -0.07965419
v -0.04863125 -0.01374989 0.01364902
v -0.04716348 -0.01846315 0.01753597
v -0.04777994 -0.01652121 0.01753597
v -0.04829856 -0.01457926 0.01753597
v -0.04841598 -0.01443766 0.01573190
v -0.04920858 -0.00874331 -0.08354115
v -0.04944342 -0.00680136 -0.08354115
v -0.04933579 -0.00485942 -0.08547642
v -0.04877803 -0.00680136 -0.08705088
v -0.04847469 -0.00680136 -0.08801852
v -0.04795608 -0.00680136 -0.08936337
v -0.04912052 -0.01068526 -0.07965419
v -0.04942385 -0.00874331 -0.07965419
v -0.04937493 -0.00874331 -0.08158947
v -0.04701670 -0.00666988 -0.09142985
v -0.04726133 -0.00485942 -0.09131505
v -0.04737875 -0.00290736 -0.09131505
v -0.04742768 -0.00096541 -0.09131505
v -0.04739833 0.00096642 -0.09131505
v -0.04730047 0.00290836 -0.09131505
v -0.04706563 0.00494134 -0.09149545
v -0.02804327 0.03974464 -0.09115104
v -0.02725067 0.04084710 -0.09038021
v -0.02493159 0.04256653 -0.08998659
v -0.02363994 0.04295088 -0.09064262
v -0.02228959 0.04326442 -0.09129865
v -0.02045977 0.04418482 -0.09129865
v -0.04231982 0.02244919 -0.09134785
v -0.04138045 0.02425965 -0.09131505
v -0.04060742 0.02488674 -0.09197108
v -0.04022580 0.02626228 -0.09131505
v -0.04102818 0.02563519 -0.09067542
v -0.03921793 0.02803228 -0.09116744
v -0.03892437 0.02922577 -0.09041301
v -0.03848404 0.02857846 -0.09170866
v -0.03668357 0.03079349 -0.09195467
v -0.03599861 0.03210834 -0.09136425
v -0.03530386 0.03341309 -0.09079023
v -0.03412964 0.03413121 -0.09144625
v -0.03343489 0.03537526 -0.09082302
v -0.03069505 0.03855115 -0.08982259
v -0.03275972 0.03666990 -0.08990459
v -0.03118431 0.03895573 -0.08852694
v -0.02939362 0.03905687 -0.09062622
v -0.04704606 0.00680237 -0.09115104
v -0.04691885 0.00874431 -0.09088863
v -0.04678186 0.01033226 -0.09059342
v -0.04664487 0.01163700 -0.09033101
v -0.04464869 0.01533884 -0.09218428
v -0.04445299 0.01652221 -0.09185627
v -0.04525537 0.01465107 -0.09144625
v -0.04413008 0.01843381 -0.09123304
v -0.04326898 0.02038587 -0.09134785
v -0.04298522 0.02186256 -0.09072462
v -0.01985309 0.04488270 -0.09065902
v -0.01695668 0.04645042 -0.08995380
v -0.01565525 0.04669316 -0.09041301
v -0.01457888 0.04686511 -0.09069182
v -0.01258271 0.04813951 -0.08926497
v -0.01068439 0.04836202 -0.08983899
v -0.00867843 0.04807882 -0.09116744
v -0.00929489 0.04851374 -0.09016700
v -0.00799347 0.04863511 -0.09041301
v -0.00679968 0.04872613 -0.09057702
v -0.00485243 0.04883739 -0.09079023
v -0.00291497 0.04891831 -0.09092143
v -0.00096772 0.04893854 -0.09098703
v 0.00096974 0.04893854 -0.09098703
v 0.00290721 0.04890819 -0.09090503
v 0.00680170 0.04812939 -0.09152825
v 0.00485446 0.04882728 -0.09075743
v 0.00680170 0.04871602 -0.09056062
v 0.00873917 0.04697637 -0.09274190
v 0.01068641 0.04677408 -0.09246309
v 0.01299571 0.04647065 -0.09200387
v 0.01068641 0.04749219 -0.09131505
v 0.01245753 0.04703705 -0.09134785
v 0.01651837 0.04493328 -0.09257790
v 0.01457112 0.04623802 -0.09161026
v 0.01831884 0.04508499 -0.09128225
v 0.01559857 0.04667294 -0.09038021
v 0.01977683 0.04487259 -0.09062622
v 0.03008061 0.03936030 -0.08921576
v 0.03069708 0.03852081 -0.08975699
v 0.02042265 0.04520636 -0.08937977
v 0.02171429 0.04488270 -0.08875655
v 0.02301572 0.04453882 -0.08803492
v 0.02353434 0.04483213 -0.08673927
v 0.02591213 0.04315316 -0.08742810
v 0.02688086 0.04253619 -0.08742810
v 0.02831928 0.04153487 -0.08751010
v 0.02939565 0.04100893 -0.08691968
v 0.03007082 0.04022001 -0.08751010
v 0.03144075 0.03914790 -0.08742810
v 0.03114719 0.03891527 -0.08846134
v 0.03274218 0.03664967 -0.08990459
v 0.03470899 0.03470772 -0.08988819
v 0.03532546 0.03341309 -0.09077383
v 0.03599085 0.03209823 -0.09136425
v 0.04324165 0.02033530 -0.09133144
v 0.04409297 0.01842370 -0.09121664
v 0.04441588 0.01652221 -0.09180707
v 0.04462136 0.01528827 -0.09213508
v 0.03714550 0.03138012 -0.09064262
v 0.03743905 0.03204766 -0.08924857
v 0.03848607 0.03058109 -0.08936337
v 0.03921017 0.02961011 -0.08936337
v 0.04099107 0.02747600 -0.08872375
v 0.04063880 0.02689948 -0.09001940
v 0.04101064 0.02560485 -0.09065902
v 0.04297746 0.02181199 -0.09069182
v 0.04265455 0.02310662 -0.09013420
v 0.04499320 0.01652221 -0.09083943
v 0.04522805 0.01461061 -0.09142985
v 0.04580537 0.01262821 -0.09131505
v 0.04624570 0.01079752 -0.09123304
v 0.04633377 0.00874431 -0.09174147
v 0.04646097 0.00680237 -0.09197108
v 0.04700894 0.00680237 -0.09098703
v 0.04709701 0.00485031 -0.09116744
v 0.04706766 0.00284768 -0.09147906
v 0.04722422 0.00096642 -0.09131505
v 0.04723400 -0.00096541 -0.09131505
v 0.04707744 -0.00306919 -0.09151185
v 0.04711658 -0.00485942 -0.09124944
v 0.04778197 -0.00680136 -0.08936337
v 0.04751778 -0.00874331 -0.08936337
v 0.04709701 -0.01084708 -0.08954378
v 0.04850608 -0.01320372 -0.07965419
v 0.04815381 -0.01457926 -0.07965419
v 0.04739057 -0.01652121 0.01364902
v 0.04733185 -0.01652121 0.01558430
v 0.04685238 -0.01814961 0.01558430
v 0.04654904 -0.01912058 0.01558430
v 0.04608914 -0.02040510 0.01558430
v 0.04591301 -0.02040510 0.01753597
v 0.04506170 -0.02250887 0.01756877
v 0.04473879 -0.02339893 0.01692915
v 0.04855500 -0.01146406 -0.08426277
v 0.04844736 -0.01076617 -0.08554202
v 0.04930846 -0.00874331 -0.08158947
v 0.04898555 -0.01068526 -0.08158947
v 0.04871156 -0.01218217 -0.08158947
v 0.04878985 -0.01076617 -0.08359035
v 0.04913233 -0.00874331 -0.08354115
v 0.04468007 -0.02326744 0.01822480
v 0.04400490 -0.02429910 0.01947125
v 0.04314381 -0.02596796 0.01947125
v 0.04830059 -0.00874331 -0.08731329
v 0.04864307 -0.00808588 -0.08659166
v 0.04854522 -0.00938051 -0.08621445
v 0.04243927 -0.02427887 0.02740915
v 0.04370156 -0.02429910 0.02142292
v 0.04325144 -0.02446093 0.02347300
v 0.04310466 -0.02399567 0.02530987
v 0.04192066 -0.02429910 0.02919682
v 0.04230228 -0.02228636 0.03113210
v 0.04264476 -0.02111310 0.03177173
v 0.04143140 -0.02249876 0.03321498
v 0.04077579 -0.02324722 0.03395301
v 0.04259583 -0.02297413 0.02919682
v 0.04286982 -0.02159858 0.03047607
v 0.04104978 -0.02184133 0.03503545
v 0.04172495 -0.02040510 0.03503545
v 0.04247841 -0.01856430 0.03511746
v 0.04102042 -0.02022304 0.03680672
v 0.04082472 -0.01944424 0.03795476
v 0.03888726 -0.02139630 0.03990644
v 0.03910253 -0.02216499 0.03874199
v 0.03853499 -0.02269093 0.03928322
v 0.03785982 -0.02226613 0.04079207
v -0.04064656 -0.01703704 0.04154650
v -0.04487375 -0.01635938 0.03295257
v -0.04601862 -0.01457926 0.03114850
v -0.04540215 -0.01652121 0.03114850
v -0.04593055 -0.01652121 0.02919682
v -0.04514774 -0.01860475 0.02931163
v -0.04124346 -0.01644029 0.04089048
v -0.04255467 -0.01492315 0.03949643
v -0.04303414 -0.01439720 0.03887320
v -0.04276994 -0.01361840 0.03990644
v -0.04352340 -0.01262720 0.03892240
v -0.04441385 -0.01274857 0.03697073
v -0.04467805 -0.01347680 0.03592109
v -0.04488354 -0.01457926 0.03452703
v -0.04539236 -0.01457926 0.03308377
v -0.04570549 -0.01846315 0.02726155
v -0.04610668 -0.01846315 0.02530987
v -0.04651766 -0.01908012 0.02142292
v -0.04665465 -0.01749218 0.02434224
v -0.04642959 -0.01843281 0.02355501
v -0.04661551 -0.01932287 0.02012727
v -0.04694821 -0.01859464 0.01948765
v -0.04862147 -0.01369932 0.01517428
v -0.04883674 -0.01262720 0.01364902
v -0.04762338 -0.01652121 0.01947125
v -0.04817135 -0.01457926 0.01947125
v -0.04856276 -0.01345657 0.01753597
v -0.04859211 -0.01358806 0.01646993
v -0.04958041 -0.00680136 -0.08158947
v -0.04960977 -0.00485942 -0.08354115
v -0.04971741 -0.00290736 -0.08354115
v -0.04942385 -0.00290736 -0.08547642
v -0.04885631 -0.00485942 -0.08731329
v -0.04856276 -0.00485942 -0.08829733
v -0.04813221 -0.00485942 -0.08936337
v -0.04915966 -0.01068526 0.01364902
v -0.04963912 -0.00680136 -0.07965419
v -0.04944342 -0.00874331 0.01364902
v -0.04829856 -0.00302873 -0.08921576
v -0.04824963 -0.00096541 -0.08946177
v -0.04822028 0.00096642 -0.08942898
v -0.04824963 0.00289825 -0.08918297
v -0.04858233 0.00354556 -0.08834653
v -0.04804415 0.00485031 -0.08936337
v -0.02764208 0.04112019 -0.08936337
v -0.02549912 0.04292053 -0.08869094
v -0.03007858 0.03937041 -0.08924857
v -0.02904135 0.04073584 -0.08819892
v -0.02428577 0.04327453 -0.08934698
v -0.02239723 0.04428596 -0.08942898
v -0.02114473 0.04459950 -0.09011780
v -0.04268188 0.02316730 -0.09018341
v -0.04064656 0.02692983 -0.08998659
v -0.04019644 0.02812331 -0.08936337
v -0.03919835 0.02960000 -0.08936337
v -0.03847425 0.03057097 -0.08936337
v -0.03713369 0.03135989 -0.09065902
v -0.03780886 0.03000457 -0.09118384
v -0.03660529 0.03265452 -0.08975699
v -0.03472653 0.03470772 -0.08992099
v -0.03395351 0.03590121 -0.08926497
v -0.03318048 0.03705424 -0.08860894
v -0.03244659 0.03832864 -0.08742810
v -0.03146807 0.03917824 -0.08742810
v -0.03007858 0.04023013 -0.08751010
v -0.04784844 0.00680237 -0.08936337
v -0.04756467 0.00874431 -0.08936337
v -0.04710477 0.01086832 -0.08956018
v -0.04692864 0.01262821 -0.08908456
v -0.04676229 0.01401386 -0.08867455
v -0.04651766 0.01262821 -0.09005220
v -0.04501074 0.01652221 -0.09088863
v -0.04480525 0.01776627 -0.09052782
v -0.04456063 0.01906090 -0.09000299
v -0.01845381 0.04615711 -0.08933057
v -0.01778842 0.04677408 -0.08865815
v -0.01638914 0.04695614 -0.08933057
v -0.01457888 0.04751242 -0.08936337
v -0.01189775 0.04866545 -0.08855974
v -0.01068439 0.04879694 -0.08887135
v -0.00867843 0.04892842 -0.08946177
v -0.00679968 0.04927231 -0.08936337
v -0.00485243 0.04952517 -0.08936337
v -0.00291497 0.04967688 -0.08936337
v -0.00096772 0.04973757 -0.08936337
v 0.00096974 0.04973757 -0.08936337
v 0.00290721 0.04965665 -0.08936337
v 0.00866088 0.04801814 -0.09115104
v 0.00795635 0.04863511 -0.09039661
v 0.00485446 0.04948471 -0.08936337
v 0.00680170 0.04925209 -0.08936337
v 0.01457112 0.04683477 -0.09064262
v 0.00924799 0.04849351 -0.09013420
v 0.01068641 0.04834180 -0.08980618
v 0.01258474 0.04812939 -0.08926497
v 0.01689021 0.04643019 -0.08990459
v 0.01457112 0.04749219 -0.08936337
v 0.01635202 0.04692579 -0.08929776
v 0.01775130 0.04675385 -0.08860894
v 0.01842648 0.04613688 -0.08929776
v 0.03193979 0.03779258 -0.08918297
v 0.01904294 0.04649088 -0.08798572
v 0.02032480 0.04614699 -0.08736250
v 0.02236012 0.04514568 -0.08739530
v 0.01962027 0.04673362 -0.08669007
v 0.02235033 0.04580311 -0.08547642
v 0.02388660 0.04502431 -0.08547642
v 0.02486512 0.04446802 -0.08547642
v 0.02718420 0.04274859 -0.08639485
v 0.02815293 0.04231367 -0.08564043
v 0.02968920 0.04124156 -0.08547642
v 0.03065793 0.04047287 -0.08547642
v 0.03187130 0.03950190 -0.08547642
v 0.03284981 0.03870287 -0.08547642
v 0.03240948 0.03832864 -0.08742810
v 0.03317272 0.03705424 -0.08860894
v 0.03394575 0.03588098 -0.08924857
v 0.03661710 0.03267475 -0.08982259
v 0.03510040 0.03511230 -0.08859254
v 0.03586365 0.03391881 -0.08921576
v 0.04455287 0.01904067 -0.09000299
v 0.04479750 0.01774604 -0.09049501
v 0.03699872 0.03312989 -0.08852694
v 0.03878941 0.03097554 -0.08819892
v 0.04061923 0.02886165 -0.08742810
v 0.04135312 0.02624205 -0.08936337
v 0.04124548 0.02789068 -0.08742810
v 0.04226314 0.02617125 -0.08742810
v 0.04265455 0.02505868 -0.08808412
v 0.04235121 0.02436079 -0.08942898
v 0.04331994 0.02241885 -0.08942898
v 0.04426910 0.02039599 -0.08936337
v 0.04297746 0.02375393 -0.08883855
v 0.04570752 0.01652221 -0.08936337
v 0.04628484 0.01463084 -0.08931417
v 0.04649033 0.01262821 -0.08998659
v 0.04661754 0.01151563 -0.09028181
v 0.04675453 0.01021089 -0.09052782
v 0.04688174 0.00874431 -0.09077383
v 0.04777219 0.00680237 -0.08936337
v 0.04794832 0.00485031 -0.08936337
v 0.04806574 0.00290836 -0.08936337
v 0.04811467 0.00096642 -0.08936337
v 0.04811467 -0.00096541 -0.08936337
v 0.04805596 -0.00290736 -0.08936337
v 0.04794832 -0.00485942 -0.08936337
v 0.04838865 -0.00680136 -0.08777250
v 0.04872135 -0.01223274 -0.07965419
v 0.04786026 -0.01457926 0.01364902
v 0.04781133 -0.01457926 0.01558430
v 0.04769390 -0.01457926 0.01753597
v 0.04720465 -0.01652121 0.01753597
v 0.04679367 -0.01792709 0.01753597
v 0.04646097 -0.01889807 0.01753597
v 0.04637291 -0.01861487 0.01947125
v 0.04570752 -0.02040510 0.01947125
v 0.04868221 -0.01016943 -0.08491880
v 0.04956287 -0.00680136 -0.08158947
v 0.04960201 -0.00680136 -0.07965419
v 0.04933782 -0.00874331 -0.07965419
v 0.04901490 -0.01068526 -0.07965419
v 0.04878006 -0.00874331 -0.08554202
v 0.04936717 -0.00680136 -0.08354115
v 0.04501277 -0.02210430 0.01947125
v 0.04459201 -0.02307527 0.01947125
v 0.04870178 -0.00680136 -0.08678847
v 0.04902469 -0.00680136 -0.08547642
v 0.04290896 -0.02362145 0.02686793
v 0.04274261 -0.02328767 0.02816358
v 0.04444523 -0.02274150 0.02142292
v 0.04433759 -0.02224590 0.02339100
v 0.04388748 -0.02234704 0.02530987
v 0.04330037 -0.02252910 0.02740915
v 0.04292853 -0.01981847 0.03259176
v 0.04270347 -0.01928241 0.03388741
v 0.04242949 -0.02044556 0.03318218
v 0.04315359 -0.02044556 0.03113210
v 0.04306553 -0.02200316 0.02919682
v 0.04377005 -0.02040510 0.02919682
v 0.04269369 -0.01728989 0.03582268
v 0.04169560 -0.01846315 0.03697073
v 0.04102042 -0.01846315 0.03834838
v 0.04051159 -0.01846315 0.03931602
v 0.03911232 -0.02040510 0.04028365
v 0.03879919 -0.01925207 0.04171051
v -0.04089119 -0.01574240 0.04195652
v -0.04594034 -0.01262720 0.03308377
v -0.04648830 -0.01276880 0.03124690
v -0.04663508 -0.01351726 0.03008246
v -0.04648830 -0.01467029 0.02934443
v -0.04660572 -0.01538840 0.02801598
v -0.04639045 -0.01650098 0.02732715
v -0.04207519 -0.01439720 0.04067727
v -0.04234918 -0.01262720 0.04112009
v -0.04289715 -0.01262720 0.04013605
v -0.04397352 -0.01068526 0.03892240
v -0.04458998 -0.01068526 0.03767595
v -0.04483461 -0.01218217 0.03631470
v -0.04513795 -0.01274857 0.03518306
v -0.04655680 -0.01722921 0.02530987
v -0.04675250 -0.01777538 0.02304659
v -0.04686992 -0.01810915 0.02142292
v -0.04703627 -0.01671338 0.02355501
v -0.04688950 -0.01624812 0.02530987
v -0.04739833 -0.01652121 0.02142292
v -0.04875846 -0.01248560 0.01753597
v -0.04908137 -0.01068526 0.01753597
v -0.04914008 -0.01068526 0.01558430
v -0.04797565 -0.01457926 0.02142292
v -0.04850405 -0.01313292 0.01947125
v -0.04973698 -0.00485942 -0.08158947
v -0.04986418 -0.00290736 -0.08158947
v -0.04993268 -0.00096541 -0.08158947
v -0.04976634 -0.00096541 -0.08354115
v -0.04946300 -0.00096541 -0.08547642
v -0.04896395 -0.00096541 -0.08742810
v -0.04885631 -0.00302873 -0.08760850
v -0.04859211 -0.00374685 -0.08837933
v -0.04977612 -0.00485942 -0.07965419
v -0.04965870 -0.00680136 0.01364902
v -0.04981526 -0.00485942 0.01364902
v -0.04942385 -0.00874331 0.01558430
v -0.04964891 -0.00680136 0.01558430
v -0.04862147 -0.00245222 -0.08846134
v -0.04863125 -0.00096541 -0.08849414
v -0.04862147 0.00096642 -0.08846134
v -0.04860190 0.00225093 -0.08842853
v -0.04894438 0.00096642 -0.08742810
v -0.04882696 0.00289825 -0.08759210
v -0.04880739 0.00485031 -0.08719849
v -0.04853340 0.00485031 -0.08818252
v -0.02680055 0.04249573 -0.08777250
v -0.02723110 0.04277893 -0.08647685
v -0.02618409 0.04310259 -0.08724769
v -0.02422705 0.04418482 -0.08742810
v -0.02307240 0.04457927 -0.08806773
v -0.02939362 0.04099882 -0.08690327
v -0.02177098 0.04490293 -0.08882215
v -0.02045977 0.04522659 -0.08942898
v -0.04427686 0.02040610 -0.08936337
v -0.04332770 0.02244919 -0.08946177
v -0.04297543 0.02372359 -0.08888775
v -0.04237854 0.02434056 -0.08946177
v -0.04134131 0.02626228 -0.08936337
v -0.04095969 0.02743554 -0.08869094
v -0.04060742 0.02883131 -0.08742810
v -0.03877759 0.03097554 -0.08816613
v -0.03740767 0.03202743 -0.08921576
v -0.03696734 0.03308943 -0.08846134
v -0.03586162 0.03389858 -0.08919936
v -0.03511794 0.03512241 -0.08862534
v -0.03445255 0.03639681 -0.08742810
v -0.03348382 0.03735767 -0.08742810
v -0.03409050 0.03758018 -0.08532882
v -0.03282821 0.03869275 -0.08547642
v -0.03185948 0.03950190 -0.08547642
v -0.03066569 0.04048299 -0.08547642
v -0.04842576 0.00680237 -0.08783811
v -0.04829856 0.00871397 -0.08731329
v -0.04791694 0.01068626 -0.08742810
v -0.04752553 0.01262821 -0.08742810
v -0.04630239 0.01463084 -0.08934698
v -0.04699713 0.01463084 -0.08749370
v -0.04658616 0.01530849 -0.08819892
v -0.04572506 0.01652221 -0.08936337
v -0.04507924 0.01843381 -0.08936337
v -0.04483461 0.01974867 -0.08870734
v -0.01908984 0.04649088 -0.08798572
v -0.01845381 0.04697637 -0.08737889
v -0.01651634 0.04766414 -0.08742810
v -0.01460824 0.04828111 -0.08741169
v -0.01319917 0.04847328 -0.08806773
v -0.01258271 0.04887786 -0.08741169
v -0.01068439 0.04933300 -0.08742810
v -0.00874692 0.04970723 -0.08742810
v -0.00679968 0.05003088 -0.08742810
v -0.00495028 0.05029385 -0.08732969
v -0.00291497 0.05032420 -0.08777250
v -0.00096772 0.05035454 -0.08788731
v 0.00096974 0.05035454 -0.08788731
v 0.00290721 0.05031408 -0.08775611
v 0.00866088 0.04892842 -0.08944537
v 0.01068641 0.04879694 -0.08883855
v 0.00491317 0.05026352 -0.08731329
v 0.00680170 0.05000054 -0.08742810
v 0.00873917 0.04971734 -0.08742810
v 0.01190956 0.04865534 -0.08854334
v 0.01320120 0.04849351 -0.08808412
v 0.01651837 0.04767425 -0.08742810
v 0.01842648 0.04696625 -0.08736250
v 0.01846562 0.04755288 -0.08547642
v 0.01999210 0.04690557 -0.08547642
v 0.02097062 0.04646054 -0.08547642
v 0.02129353 0.04661225 -0.08427917
v 0.02225248 0.04627848 -0.08359035
v 0.02516846 0.04465008 -0.08418077
v 0.02642096 0.04345659 -0.08564043
v 0.02747776 0.04294076 -0.08509921
v 0.02873026 0.04246539 -0.08354115
v 0.02999254 0.04149441 -0.08354115
v 0.03302594 0.03885458 -0.08442678
v 0.03409253 0.03758018 -0.08531241
v 0.03478727 0.03673058 -0.08585364
v 0.03347606 0.03735767 -0.08742810
v 0.03445458 0.03638669 -0.08742810
v 0.03540374 0.03541572 -0.08742810
v 0.03638226 0.03438406 -0.08742810
v 0.04483664 0.01973856 -0.08870734
v 0.04507148 0.01842370 -0.08936337
v 0.03723357 0.03341309 -0.08742810
v 0.03829036 0.03203754 -0.08751010
v 0.03907318 0.03135989 -0.08690327
v 0.03961136 0.03024732 -0.08751010
v 0.04081494 0.02915497 -0.08644406
v 0.04252734 0.02679834 -0.08547642
v 0.04287961 0.02547336 -0.08678847
v 0.04324165 0.02436079 -0.08742810
v 0.04424953 0.02230759 -0.08739530
v 0.04456265 0.02104330 -0.08801852
v 0.04658818 0.01531861 -0.08823173
v 0.04675453 0.01401386 -0.08864175
v 0.04692088 0.01262821 -0.08901896
v 0.04709701 0.01079752 -0.08952738
v 0.04752756 0.00874431 -0.08936337
v 0.04838865 0.00680237 -0.08778891
v 0.04847672 0.00485031 -0.08803492
v 0.04852565 0.00290836 -0.08819892
v 0.04854522 0.00096642 -0.08826453
v 0.04854522 -0.00096541 -0.08826453
v 0.04851586 -0.00290736 -0.08816613
v 0.04845715 -0.00485942 -0.08798572
v 0.04878006 -0.00485942 -0.08701808
v 0.04822230 -0.01262720 0.01364902
v 0.04819295 -0.01262720 0.01558430
v 0.04812445 -0.01262720 0.01753597
v 0.04798746 -0.01262720 0.01947125
v 0.04754713 -0.01457926 0.01947125
v 0.04702852 -0.01652121 0.01947125
v 0.04670560 -0.01764389 0.01947125
v 0.04664690 -0.01749218 0.02045529
v 0.04628484 -0.01827098 0.02122612
v 0.04546289 -0.02040510 0.02142292
v 0.04971944 -0.00485942 -0.08158947
v 0.04976836 -0.00485942 -0.07965419
v 0.04953352 -0.00485942 -0.08354115
v 0.04892684 -0.00680136 0.01558430
v 0.04874092 -0.00874331 0.01558430
v 0.04848650 -0.01076617 0.01558430
v 0.04488556 -0.02177053 0.02142292
v 0.04918125 -0.00485942 -0.08547642
v 0.04465072 -0.02125470 0.02404702
v 0.04476814 -0.02152778 0.02275138
v 0.04451373 -0.02092093 0.02530987
v 0.04432781 -0.02031407 0.02722875
v 0.04323187 -0.01856430 0.03318218
v 0.04394619 -0.01846315 0.03114850
v 0.04294810 -0.01798778 0.03452703
v 0.04447459 -0.01852384 0.02932803
v 0.04462136 -0.01921161 0.02785197
v 0.04322209 -0.01659201 0.03511746
v 0.04292853 -0.01599526 0.03634750
v 0.04240013 -0.01659201 0.03698713
v 0.04137269 -0.01660212 0.03903721
v 0.04074644 -0.01730001 0.03975883
v 0.03952329 -0.01854407 0.04097248
v 0.03907318 -0.01795744 0.04215333
v -0.04639045 -0.01076617 0.03306738
v -0.04660572 -0.01146406 0.03195213
v -0.04568592 -0.01068526 0.03503545
v -0.04679164 -0.01222263 0.03065648
v -0.04699713 -0.01276880 0.02934443
v -0.04752553 -0.01262720 0.02726155
v -0.04679164 -0.01409378 0.02878681
v -0.04696778 -0.01467029 0.02732715
v -0.04675250 -0.01584355 0.02672033
v -0.04259381 -0.01068526 0.04153011
v -0.04312221 -0.01068526 0.04056246
v -0.04436492 -0.00889502 0.03885680
v -0.04469762 -0.00965360 0.03792197
v -0.04500096 -0.01068526 0.03670832
v -0.04771145 -0.01457926 0.02335820
v -0.04738854 -0.01457926 0.02530987
v -0.04868997 -0.01216194 0.01947125
v -0.04896395 -0.01068526 0.01947125
v -0.04927707 -0.00874331 0.01947125
v -0.04937493 -0.00874331 0.01753597
v -0.04818114 -0.01262720 0.02335820
v -0.04843555 -0.01255640 0.02145573
v -0.04863125 -0.01184840 0.02083250
v -0.04877803 -0.01080663 0.02145573
v -0.04989354 -0.00290736 -0.07965419
v -0.04992289 0.00096642 -0.08158947
v -0.04998161 -0.00096541 0.01364902
v -0.04999139 0.00096642 0.01558430
v -0.04974676 0.00096642 -0.08354115
v -0.04943364 0.00096642 -0.08547642
v -0.04981526 -0.00485942 0.01558430
v -0.04992289 -0.00290736 0.01364902
v -0.04959020 -0.00680136 0.01753597
v -0.04935536 0.00290836 -0.08547642
v -0.04871932 0.00680237 -0.08687047
v -0.04923793 0.00485031 -0.08547642
v -0.02354209 0.04483213 -0.08677207
v -0.02969696 0.04123145 -0.08547642
v -0.02836618 0.04220242 -0.08547642
v -0.02739745 0.04289019 -0.08547642
v -0.02624280 0.04360830 -0.08547642
v -0.02483373 0.04444779 -0.08547642
v -0.02239723 0.04516591 -0.08742810
v -0.02033256 0.04616722 -0.08737889
v -0.04457041 0.02105342 -0.08801852
v -0.04423772 0.02227725 -0.08739530
v -0.04322006 0.02434056 -0.08741169
v -0.04262316 0.02501822 -0.08805132
v -0.04222197 0.02617125 -0.08741169
v -0.04121410 0.02786034 -0.08742810
v -0.04081291 0.02914486 -0.08642766
v -0.03958976 0.03024732 -0.08747730
v -0.03905158 0.03132955 -0.08687047
v -0.03824919 0.03201732 -0.08747730
v -0.03719240 0.03335240 -0.08742810
v -0.03635087 0.03432338 -0.08742810
v -0.03538214 0.03542583 -0.08742810
v -0.03478525 0.03672047 -0.08587003
v -0.03501031 0.03695310 -0.08457439
v -0.03300435 0.03884447 -0.08432838
v -0.03093968 0.04069539 -0.08354115
v -0.04864104 0.00804643 -0.08660807
v -0.04853340 0.00934106 -0.08618165
v -0.04842576 0.01074695 -0.08550923
v -0.04804415 0.01262821 -0.08547642
v -0.04755488 0.01457015 -0.08547642
v -0.04680143 0.01598615 -0.08690327
v -0.04641002 0.01659301 -0.08749370
v -0.04579356 0.01846416 -0.08742810
v -0.04505967 0.02040610 -0.08739530
v -0.01963781 0.04673362 -0.08669007
v -0.01646742 0.04826088 -0.08549282
v -0.01527363 0.04851374 -0.08613244
v -0.01397220 0.04870592 -0.08677207
v -0.01263163 0.04944426 -0.08547642
v -0.01068439 0.04990952 -0.08547642
v -0.00870778 0.05030397 -0.08539442
v -0.00679968 0.05044557 -0.08605044
v -0.00566460 0.05052648 -0.08637846
v -0.00437295 0.05058717 -0.08660807
v -0.00291497 0.05064786 -0.08678847
v -0.00096772 0.05069843 -0.08691968
v 0.00096974 0.05069843 -0.08691968
v 0.00290721 0.05064786 -0.08677207
v 0.00429670 0.05058717 -0.08659166
v 0.01068641 0.04933300 -0.08742810
v 0.00559813 0.05051637 -0.08634566
v 0.00680170 0.05043546 -0.08605044
v 0.00871960 0.05030397 -0.08541082
v 0.01068641 0.04990952 -0.08547642
v 0.01258474 0.04886774 -0.08742810
v 0.01399380 0.04870592 -0.08678847
v 0.01461026 0.04830134 -0.08742810
v 0.01528544 0.04852385 -0.08614885
v 0.01647923 0.04828111 -0.08549282
v 0.01713484 0.04847328 -0.08354115
v 0.01846562 0.04796757 -0.08354115
v 0.02054986 0.04706740 -0.08359035
v 0.02153816 0.04672351 -0.08298352
v 0.02266346 0.04633917 -0.08158947
v 0.02442478 0.04516591 -0.08354115
v 0.02535438 0.04476133 -0.08288512
v 0.02609805 0.04418482 -0.08354115
v 0.02776153 0.04312282 -0.08354115
v 0.03108848 0.04081676 -0.08250791
v 0.02891617 0.04259688 -0.08158947
v 0.03225292 0.03963339 -0.08368875
v 0.03317272 0.03898607 -0.08313113
v 0.03389682 0.03819716 -0.08368875
v 0.03512976 0.03707447 -0.08354115
v 0.03500255 0.03694298 -0.08455798
v 0.03672474 0.03474818 -0.08583724
v 0.03586365 0.03587086 -0.08519761
v 0.04508127 0.02039599 -0.08739530
v 0.04583472 0.01846416 -0.08742810
v 0.04643162 0.01664358 -0.08751010
v 0.03746841 0.03407052 -0.08531241
v 0.03856435 0.03264440 -0.08547642
v 0.03930802 0.03167343 -0.08547642
v 0.04038439 0.03009560 -0.08567323
v 0.04100085 0.02942806 -0.08514841
v 0.04151947 0.02837617 -0.08567323
v 0.04269369 0.02709165 -0.08409876
v 0.04306553 0.02581725 -0.08547642
v 0.04388748 0.02428999 -0.08547642
v 0.04455287 0.02297513 -0.08547642
v 0.04481707 0.02161982 -0.08672287
v 0.04681324 0.01608730 -0.08693608
v 0.04701873 0.01463084 -0.08751010
v 0.04752756 0.01262821 -0.08742810
v 0.04792875 0.01068626 -0.08742810
v 0.04830059 0.00873420 -0.08731329
v 0.04864307 0.00808688 -0.08659166
v 0.04871156 0.00680237 -0.08680487
v 0.04878985 0.00485031 -0.08706728
v 0.04883877 0.00290836 -0.08723129
v 0.04886812 0.00096642 -0.08728049
v 0.04885834 -0.00096541 -0.08728049
v 0.04883877 -0.00290736 -0.08719849
v 0.04928889 -0.00290736 -0.08547642
v 0.04847672 -0.01052343 0.01745397
v 0.04833973 -0.01068526 0.01947125
v 0.04815381 -0.01068526 0.02142292
v 0.04779176 -0.01262720 0.02142292
v 0.04733185 -0.01457926 0.02142292
v 0.04682303 -0.01653132 0.02122612
v 0.04655883 -0.01717864 0.02175094
v 0.04586408 -0.01846315 0.02335820
v 0.04507148 -0.02052647 0.02339100
v 0.04982708 -0.00290736 -0.08158947
v 0.04986621 -0.00290736 -0.07965419
v 0.04901490 -0.00485942 0.01753597
v 0.04964115 -0.00290736 -0.08354115
v 0.04889748 -0.00680136 0.01753597
v 0.04869200 -0.00886468 0.01745397
v 0.04860393 -0.00976485 0.01674874
v 0.04491492 -0.01994995 0.02530987
v 0.04476814 -0.01959595 0.02655632
v 0.04400490 -0.01652121 0.03308377
v 0.04468007 -0.01741126 0.03006606
v 0.04454308 -0.01666281 0.03131251
v 0.04486600 -0.01790687 0.02877041
v 0.04502255 -0.01852384 0.02722875
v 0.04469965 -0.01550978 0.03208334
v 0.04452351 -0.01475120 0.03318218
v 0.04387769 -0.01457926 0.03503545
v 0.04307531 -0.01446800 0.03698713
v 0.04260562 -0.01503441 0.03764315
v 0.04220443 -0.01446800 0.03877480
v 0.04098129 -0.01600538 0.04016885
v 0.04038439 -0.01660212 0.04084128
v -0.04675250 -0.01015931 0.03241135
v -0.04695799 -0.01076617 0.03124690
v -0.04605776 -0.00874331 0.03503545
v -0.04654701 -0.00874331 0.03373980
v -0.04750596 -0.01068526 0.02919682
v -0.04793651 -0.01068526 0.02726155
v -0.04788758 -0.01262720 0.02530987
v -0.04272102 -0.00949177 0.04175971
v -0.04481504 -0.00834885 0.03816797
v -0.04324942 -0.00880400 0.04100528
v -0.04283844 -0.00819714 0.04197292
v -0.04515752 -0.00889502 0.03715113
v -0.04913030 -0.00874331 0.02142292
v -0.04949235 -0.00680136 0.01947125
v -0.04935536 -0.00680136 0.02142292
v -0.04849426 -0.01113029 0.02335820
v -0.04857254 -0.01153486 0.02212815
v -0.04868997 -0.01015931 0.02335820
v -0.04989354 0.00290836 -0.07965419
v -0.04987397 0.00290836 -0.08158947
v -0.04992289 -0.00290736 0.01558430
v -0.04997182 -0.00096541 0.01558430
v -0.04995225 -0.00096541 0.01753597
v -0.04995225 0.00096642 0.01753597
v -0.04994247 0.00290836 0.01558430
v -0.04967827 0.00290836 -0.08354115
v -0.04974676 -0.00485942 0.01753597
v -0.04988375 -0.00290736 0.01753597
v -0.04957063 0.00485031 -0.08354115
v -0.04905202 0.00680237 -0.08547642
v -0.04939450 0.00680237 -0.08354115
v -0.02385522 0.04501419 -0.08547642
v -0.02234830 0.04579299 -0.08547642
v -0.02997095 0.04144385 -0.08354115
v -0.02865973 0.04242493 -0.08354115
v -0.02511750 0.04461974 -0.08401676
v -0.02769100 0.04308236 -0.08354115
v -0.02607645 0.04413425 -0.08344275
v -0.04479547 0.02157936 -0.08672287
v -0.04287758 0.02547336 -0.08675567
v -0.04250574 0.02675788 -0.08547642
v -0.04147830 0.02836606 -0.08565683
v -0.04268188 0.02706131 -0.08400036
v -0.04096947 0.02936737 -0.08513201
v -0.04035300 0.03006526 -0.08565683
v -0.03926685 0.03163297 -0.08547642
v -0.03853296 0.03261406 -0.08547642
v -0.03756423 0.03378732 -0.08547642
v -0.03673249 0.03475829 -0.08547642
v -0.03561699 0.03603270 -0.08532882
v -0.03691841 0.03497069 -0.08442678
v -0.03624323 0.03584052 -0.08367235
v -0.03510816 0.03704412 -0.08354115
v -0.03314134 0.03896584 -0.08303273
v -0.03104731 0.04078642 -0.08219630
v -0.04877803 0.00871397 -0.08550923
v -0.04868018 0.01015020 -0.08488600
v -0.04855298 0.01144483 -0.08422998
v -0.04790715 0.01457015 -0.08354115
v -0.04696778 0.01659301 -0.08550923
v -0.04735918 0.01652221 -0.08354115
v -0.04658616 0.01728078 -0.08618165
v -0.04635131 0.01842370 -0.08550923
v -0.04561742 0.02040610 -0.08547642
v -0.02094902 0.04646054 -0.08547642
v -0.01998029 0.04689545 -0.08547642
v -0.01846359 0.04751242 -0.08547642
v -0.01578246 0.04867557 -0.08483680
v -0.01460824 0.04887786 -0.08549282
v -0.01457888 0.04926220 -0.08354115
v -0.01263163 0.04979826 -0.08354115
v -0.01053761 0.05031408 -0.08342634
v -0.00932425 0.05047591 -0.08400036
v -0.00803261 0.05057705 -0.08468919
v -0.00679968 0.05066808 -0.08508281
v -0.00495028 0.05076922 -0.08564043
v -0.00291497 0.05097151 -0.08547642
v -0.00096772 0.05104231 -0.08547642
v 0.00096974 0.05105243 -0.08547642
v 0.00290721 0.05096140 -0.08547642
v 0.00491317 0.05076922 -0.08560763
v 0.01263366 0.04943414 -0.08547642
v 0.00680170 0.05067820 -0.08506640
v 0.00805420 0.05058717 -0.08470559
v 0.00934585 0.05047591 -0.08401676
v 0.01263366 0.04981849 -0.08354115
v 0.01461026 0.04888797 -0.08549282
v 0.01579427 0.04867557 -0.08485320
v 0.01616611 0.04879694 -0.08354115
v 0.01740882 0.04857443 -0.08201589
v 0.02040308 0.04736071 -0.08158947
v 0.02169473 0.04679431 -0.08158947
v 0.02429758 0.04548956 -0.08158947
v 0.02272217 0.04636951 -0.07965419
v 0.02548158 0.04483213 -0.08158947
v 0.02645032 0.04422528 -0.08158947
v 0.02794744 0.04325430 -0.08158947
v 0.03031545 0.04150453 -0.08175348
v 0.03119612 0.04088756 -0.08121226
v 0.03193001 0.04022001 -0.08175348
v 0.03329993 0.03910744 -0.08158947
v 0.02896510 0.04262722 -0.07965419
v 0.03012954 0.04175739 -0.07965419
v 0.03426866 0.03820727 -0.08158947
v 0.03529610 0.03723630 -0.08158947
v 0.03609848 0.03608327 -0.08354115
v 0.03694001 0.03500104 -0.08454159
v 0.04661754 0.01738193 -0.08631285
v 0.03876984 0.03290737 -0.08395116
v 0.04051159 0.03066200 -0.08354115
v 0.04117699 0.02969103 -0.08354115
v 0.04468007 0.02326845 -0.08432838
v 0.04223378 0.02802217 -0.08349194
v 0.04280132 0.02727371 -0.08280312
v 0.04320252 0.02636342 -0.08349194
v 0.04499320 0.02200416 -0.08547642
v 0.04566837 0.02040610 -0.08547642
v 0.04759606 0.01457015 -0.08547642
v 0.04806574 0.01262821 -0.08547642
v 0.04844736 0.01078740 -0.08554202
v 0.04854522 0.00938151 -0.08621445
v 0.04877028 0.00873420 -0.08554202
v 0.04902469 0.00680237 -0.08547642
v 0.04920082 0.00485031 -0.08547642
v 0.04929867 0.00290836 -0.08547642
v 0.04935738 0.00096642 -0.08547642
v 0.04934760 -0.00096541 -0.08547642
v 0.04857457 -0.00959291 0.01804439
v 0.04854522 -0.00926925 0.01947125
v 0.04845715 -0.00865228 0.02134092
v 0.04819295 -0.00874331 0.02335820
v 0.04788961 -0.01068526 0.02335820
v 0.04749820 -0.01262720 0.02335820
v 0.04696002 -0.01475120 0.02352221
v 0.04675453 -0.01588400 0.02298098
v 0.04646097 -0.01653132 0.02352221
v 0.04611849 -0.01652121 0.02530987
v 0.04547267 -0.01846315 0.02530987
v 0.04988578 -0.00096541 -0.08158947
v 0.04994449 -0.00096541 -0.07965419
v 0.04905405 -0.00290736 0.01753597
v 0.04902469 -0.00290736 0.01947125
v 0.04893662 -0.00485942 0.01947125
v 0.04969008 -0.00096541 -0.08354115
v 0.04879963 -0.00680136 0.01947125
v 0.04866264 -0.00829828 0.01947125
v 0.04512041 -0.01666281 0.02932803
v 0.04489535 -0.01610652 0.03078769
v 0.04568795 -0.01652121 0.02726155
v 0.04513998 -0.01475120 0.03131251
v 0.04487578 -0.01421515 0.03259176
v 0.04465072 -0.01336554 0.03390381
v 0.04438652 -0.01267777 0.03498625
v 0.04355478 -0.01262720 0.03697073
v 0.04280132 -0.01373977 0.03802037
v 0.04243927 -0.01262720 0.03928322
v 0.04120634 -0.01457926 0.04056246
v -0.04686992 -0.00874331 0.03277216
v -0.04735918 -0.00874331 0.03114850
v -0.04553914 -0.00680136 0.03697073
v -0.04636110 -0.00689239 0.03493705
v -0.04662530 -0.00760039 0.03398581
v -0.04697756 -0.00689239 0.03323138
v -0.04785823 -0.00874331 0.02919682
v -0.04833770 -0.00855114 0.02706474
v -0.04850405 -0.00906697 0.02571989
v -0.04834748 -0.01053354 0.02516227
v -0.04443342 -0.00680136 0.03934881
v -0.04491289 -0.00680136 0.03836478
v -0.04293629 -0.00680136 0.04213693
v -0.04363104 -0.00680136 0.04085768
v -0.04890524 -0.00874331 0.02335820
v -0.04964891 -0.00485942 0.01947125
v -0.04952170 -0.00485942 0.02142292
v -0.04913030 -0.00680136 0.02335820
v -0.04932600 -0.00485942 0.02335820
v -0.04861169 -0.00978508 0.02442424
v -0.04978590 0.00485031 -0.07965419
v -0.04983483 0.00485031 0.01364902
v -0.04975655 0.00485031 -0.08158947
v -0.04987397 -0.00096541 0.01947125
v -0.04987397 0.00096642 0.01947125
v -0.04989354 0.00290836 0.01753597
v -0.04977612 0.00485031 0.01753597
v -0.04981526 0.00485031 0.01558430
v -0.04978590 -0.00290736 0.01947125
v -0.04913030 0.00874431 -0.08354115
v -0.04956084 0.00680237 -0.08158947
v -0.04931622 0.00874431 -0.08158947
v -0.02440319 0.04512545 -0.08344275
v -0.02223088 0.04623802 -0.08354115
v -0.02125236 0.04659202 -0.08419717
v -0.03029386 0.04142362 -0.08157307
v -0.02881630 0.04252607 -0.08158947
v -0.02531321 0.04474111 -0.08272111
v -0.04496182 0.02196370 -0.08547642
v -0.04453127 0.02293468 -0.08547642
v -0.04384631 0.02428999 -0.08547642
v -0.04305371 0.02578691 -0.08547642
v -0.04467805 0.02325833 -0.08427917
v -0.04316135 0.02634319 -0.08342634
v -0.04278951 0.02724337 -0.08270472
v -0.04218283 0.02801205 -0.08342634
v -0.04113582 0.02963034 -0.08354115
v -0.04047043 0.03060132 -0.08354115
v -0.03950170 0.03194652 -0.08354115
v -0.03877759 0.03291749 -0.08354115
v -0.03769144 0.03420201 -0.08367235
v -0.03703583 0.03510218 -0.08313113
v -0.03619431 0.03616418 -0.08158947
v -0.03522558 0.03715538 -0.08158947
v -0.03419814 0.03813647 -0.08158947
v -0.03322941 0.03904676 -0.08158947
v -0.03189863 0.04014921 -0.08157307
v -0.03113538 0.04084710 -0.08090065
v -0.04878782 0.01074695 -0.08355755
v -0.04865082 0.01188986 -0.08293433
v -0.04838663 0.01257763 -0.08355755
v -0.04813221 0.01457015 -0.08158947
v -0.04674272 0.01775615 -0.08488600
v -0.04758424 0.01652221 -0.08158947
v -0.04686014 0.01811015 -0.08354115
v -0.04652744 0.01908113 -0.08354115
v -0.04599904 0.02040610 -0.08354115
v -0.02052826 0.04703705 -0.08354115
v -0.01846359 0.04790688 -0.08354115
v -0.01706431 0.04844294 -0.08354115
v -0.01608580 0.04878683 -0.08354115
v -0.01457888 0.04942403 -0.08158947
v -0.01263163 0.04994997 -0.08158947
v -0.00978415 0.05055683 -0.08270472
v -0.00870778 0.05064786 -0.08342634
v -0.00679968 0.05091083 -0.08354115
v -0.00485243 0.05113334 -0.08354115
v -0.00291497 0.05126483 -0.08354115
v -0.00096772 0.05132551 -0.08354115
v 0.00096974 0.05133563 -0.08354115
v 0.00290721 0.05126483 -0.08354115
v 0.00485446 0.05113334 -0.08354115
v 0.00680170 0.05093106 -0.08354115
v 0.00871960 0.05065798 -0.08342634
v 0.00979596 0.05055683 -0.08272111
v 0.01053964 0.05030397 -0.08342634
v 0.01263366 0.04999043 -0.08158947
v 0.01457112 0.04947459 -0.08158947
v 0.01457112 0.04928242 -0.08354115
v 0.01666515 0.04883739 -0.08145826
v 0.01750667 0.04859465 -0.08072024
v 0.01827970 0.04825077 -0.08145826
v 0.02040308 0.04742140 -0.07965419
v 0.02175343 0.04682465 -0.07965419
v 0.02429758 0.04555025 -0.07965419
v 0.02196871 0.04693591 -0.06604167
v 0.02290808 0.04645042 -0.06799334
v 0.02552072 0.04486248 -0.07965419
v 0.02648945 0.04425562 -0.07965419
v 0.02799637 0.04328465 -0.07965419
v 0.03123526 0.04091790 -0.07965419
v 0.03220399 0.04013910 -0.07965419
v 0.03336842 0.03916813 -0.07965419
v 0.02912166 0.04273847 -0.06799334
v 0.03012954 0.04204059 -0.06604167
v 0.03142118 0.04107973 -0.06604167
v 0.03433716 0.03826796 -0.07965419
v 0.03626483 0.03623498 -0.08158947
v 0.03535482 0.03728687 -0.07965419
v 0.03633333 0.03632601 -0.07965419
v 0.03703786 0.03511230 -0.08354115
v 0.03812401 0.03383789 -0.08339354
v 0.04639248 0.01845404 -0.08559123
v 0.04676432 0.01780673 -0.08500081
v 0.04699916 0.01664358 -0.08559123
v 0.03888726 0.03306920 -0.08265551
v 0.03941566 0.03217915 -0.08339354
v 0.04065837 0.03086429 -0.08158947
v 0.04130419 0.02989331 -0.08158947
v 0.04432781 0.02418885 -0.08362315
v 0.04477793 0.02346062 -0.08303273
v 0.04512041 0.02250988 -0.08362315
v 0.04605000 0.02040610 -0.08354115
v 0.04227293 0.02835594 -0.08158947
v 0.04286982 0.02738497 -0.08158947
v 0.04350585 0.02624205 -0.08158947
v 0.04437673 0.02459342 -0.08158947
v 0.04654904 0.01914181 -0.08354115
v 0.04794832 0.01457015 -0.08354115
v 0.04856478 0.01149540 -0.08427917
v 0.04741014 0.01652221 -0.08354115
v 0.04868221 0.01020077 -0.08491880
v 0.04911276 0.00874431 -0.08354115
v 0.04935738 0.00680237 -0.08354115
v 0.04954330 0.00485031 -0.08354115
v 0.04966072 0.00290836 -0.08354115
v 0.04969987 0.00096642 -0.08354115
v 0.04861371 -0.00794428 0.02065209
v 0.04854522 -0.00718571 0.02194774
v 0.04843758 -0.00663954 0.02319419
v 0.04808531 -0.00680136 0.02530987
v 0.04787004 -0.00874331 0.02530987
v 0.04754713 -0.01068526 0.02530987
v 0.04714594 -0.01262720 0.02530987
v 0.04679367 -0.01414435 0.02530987
v 0.04663711 -0.01550978 0.02427663
v 0.04652947 -0.01512543 0.02530987
v 0.04990535 0.00096642 -0.08158947
v 0.04997385 0.00096642 -0.07965419
v 0.04905405 -0.00096541 0.01947125
v 0.04887791 -0.00290736 0.02142292
v 0.04878006 -0.00485942 0.02142292
v 0.04577601 -0.01457926 0.02919682
v 0.04631420 -0.01444777 0.02714675
v 0.04572709 -0.01262720 0.03114850
v 0.04505191 -0.01267777 0.03318218
v 0.04479750 -0.01207091 0.03431383
v 0.04457244 -0.01068526 0.03565868
v 0.04400490 -0.01068526 0.03697073
v 0.04294810 -0.01262720 0.03829918
v 0.04263498 -0.01108983 0.03964403
v 0.04143140 -0.01277892 0.04103808
v 0.04098129 -0.01223274 0.04210413
v -0.04763317 -0.00680136 0.03114850
v -0.04574463 -0.00485942 0.03697073
v -0.04641002 -0.00485942 0.03537986
v -0.04671336 -0.00630576 0.03423182
v -0.04724176 -0.00485942 0.03308377
v -0.04811264 -0.00680136 0.02919682
v -0.04846491 -0.00680136 0.02754036
v -0.04859211 -0.00777234 0.02627751
v -0.04382674 -0.00485942 0.04085768
v -0.04452148 -0.00485942 0.03952923
v -0.04501074 -0.00485942 0.03856159
v -0.04304393 -0.00485942 0.04231733
v -0.04866061 -0.00855114 0.02516227
v -0.04885631 -0.00680136 0.02530987
v -0.04964891 -0.00290736 0.02142292
v -0.04904223 -0.00485942 0.02530987
v -0.04915966 -0.00290736 0.02530987
v -0.04943364 -0.00290736 0.02335820
v -0.04960977 0.00680237 -0.07965419
v -0.04968805 0.00680237 0.01364902
v -0.04970763 -0.00096541 0.02142292
v -0.04980548 0.00290836 0.01947125
v -0.04970763 0.00096642 0.02142292
v -0.04967827 0.00485031 0.01947125
v -0.04961956 0.00680237 0.01753597
v -0.04966848 0.00680237 0.01558430
v -0.04900309 0.01068626 -0.08158947
v -0.04936514 0.00874431 -0.07965419
v -0.02150678 0.04671339 -0.08290152
v -0.02783778 0.04317339 -0.08158947
v -0.03115495 0.04086733 -0.07965419
v -0.03012751 0.04161579 -0.07965419
v -0.02895329 0.04261710 -0.07188030
v -0.02791606 0.04324419 -0.07576725
v -0.02429555 0.04532773 -0.08158947
v -0.02254401 0.04625825 -0.08158947
v -0.02630151 0.04415448 -0.08158947
v -0.02639936 0.04421516 -0.07576725
v -0.02642872 0.04423539 -0.07381557
v -0.02545998 0.04482202 -0.07381557
v -0.02429555 0.04543899 -0.07576725
v -0.04509881 0.02250988 -0.08359035
v -0.04476612 0.02343028 -0.08298352
v -0.04429642 0.02416862 -0.08359035
v -0.04345490 0.02624205 -0.08158947
v -0.04284822 0.02734451 -0.08158947
v -0.04224154 0.02831548 -0.08158947
v -0.04127281 0.02982252 -0.08158947
v -0.04060742 0.03079349 -0.08158947
v -0.03886566 0.03302875 -0.08245870
v -0.03711411 0.03519320 -0.08158947
v -0.03623345 0.03618441 -0.07965419
v -0.03526472 0.03720595 -0.07965419
v -0.03424706 0.03817692 -0.07965419
v -0.03327833 0.03908721 -0.07965419
v -0.03212368 0.04005818 -0.07965419
v -0.04869975 0.01216295 -0.08158947
v -0.04848448 0.01313392 -0.08158947
v -0.04852362 0.01327552 -0.07965419
v -0.04820071 0.01457015 -0.07965419
v -0.04765274 0.01652221 -0.07965419
v -0.04666444 0.01947558 -0.08083504
v -0.04690906 0.01860576 -0.08152387
v -0.04661551 0.01934410 -0.08213069
v -0.01846359 0.04806871 -0.08158947
v -0.01727959 0.04852385 -0.08158947
v -0.01631086 0.04886774 -0.08158947
v -0.01457888 0.04947459 -0.07965419
v -0.01263163 0.05001066 -0.07965419
v -0.01087030 0.05036466 -0.08158947
v -0.01101708 0.05039499 -0.07965419
v -0.00990157 0.05057705 -0.08158947
v -0.00874692 0.05078946 -0.08158947
v -0.00679968 0.05106254 -0.08158947
v -0.00485243 0.05127494 -0.08158947
v -0.00291497 0.05141654 -0.08158947
v -0.00096772 0.05148735 -0.08158947
v 0.00096974 0.05149745 -0.08158947
v 0.00290721 0.05142666 -0.08158947
v 0.00485446 0.05128506 -0.08158947
v 0.00680170 0.05109289 -0.08158947
v 0.00873917 0.05080969 -0.08158947
v 0.00997210 0.05059728 -0.08158947
v 0.01112675 0.05041523 -0.07965419
v 0.01263366 0.05007134 -0.07965419
v 0.01457112 0.04955551 -0.07965419
v 0.01651837 0.04893854 -0.07965419
v 0.01751646 0.04860477 -0.07965419
v 0.01869068 0.04831145 -0.06799334
v 0.01851455 0.04824065 -0.07770252
v 0.01848519 0.04822043 -0.07965419
v 0.02040308 0.04760345 -0.06799334
v 0.02040308 0.04763380 -0.06604167
v 0.02429758 0.04572219 -0.06799334
v 0.02566750 0.04495351 -0.06799334
v 0.02040308 0.04761356 -0.06408999
v 0.02192957 0.04692579 -0.06408999
v 0.02235033 0.04560082 0.01364902
v 0.02373982 0.04493328 0.01364902
v 0.02293744 0.04646054 -0.06604167
v 0.02661666 0.04434665 -0.06992862
v 0.02815293 0.04337567 -0.06799334
v 0.02914123 0.04275870 -0.06604167
v 0.03239970 0.04027059 -0.06604167
v 0.03349563 0.03929961 -0.06604167
v 0.02974791 0.04124156 0.01364902
v 0.03071665 0.04053356 0.01364902
v 0.03192022 0.03956259 0.01364902
v 0.03538417 0.03730709 -0.07770252
v 0.03718464 0.03526401 -0.08158947
v 0.03726292 0.03535504 -0.07965419
v 0.03635290 0.03634623 -0.07770252
v 0.04688174 0.01817084 -0.08354115
v 0.03815337 0.03411098 -0.08158947
v 0.03894597 0.03312989 -0.08158947
v 0.03975814 0.03206789 -0.08158947
v 0.03902425 0.03324115 -0.07965419
v 0.03989513 0.03206789 -0.07965419
v 0.04071708 0.03095532 -0.07965419
v 0.04137269 0.02998434 -0.07965419
v 0.04234142 0.02845708 -0.07965419
v 0.04485621 0.02362245 -0.08158947
v 0.04543354 0.02234805 -0.08158947
v 0.04663711 0.01938456 -0.08226190
v 0.04291875 0.02748611 -0.07965419
v 0.04359392 0.02624205 -0.07965419
v 0.04440609 0.02468445 -0.07965419
v 0.04489535 0.02371348 -0.07965419
v 0.04841801 0.01258775 -0.08359035
v 0.04814402 0.01457015 -0.08158947
v 0.04849629 0.01316426 -0.08158947
v 0.04865285 0.01192020 -0.08298352
v 0.04878006 0.01078740 -0.08359035
v 0.04760584 0.01652221 -0.08158947
v 0.04930846 0.00874431 -0.08158947
v 0.04955309 0.00680237 -0.08158947
v 0.04972922 0.00485031 -0.08158947
v 0.04985642 0.00290836 -0.08158947
v 0.04865285 -0.00663954 0.02134092
v 0.04860393 -0.00589108 0.02242336
v 0.04850608 -0.00485942 0.02368621
v 0.04824188 -0.00485942 0.02530987
v 0.04787982 -0.00485942 0.02726155
v 0.04771348 -0.00680136 0.02726155
v 0.04746885 -0.00874331 0.02726155
v 0.04713615 -0.01068526 0.02726155
v 0.04679367 -0.01251594 0.02714675
v 0.04668603 -0.01371955 0.02642512
v 0.04991514 0.00290836 -0.07965419
v 0.04903448 0.00096642 0.01947125
v 0.04890727 -0.00096541 0.02142292
v 0.04870178 -0.00096541 0.02319419
v 0.04868221 -0.00290736 0.02309579
v 0.04863328 -0.00485942 0.02271857
v 0.04653926 -0.01309246 0.02772077
v 0.04633377 -0.01251594 0.02908202
v 0.04654904 -0.01068526 0.02973805
v 0.04613807 -0.01068526 0.03114850
v 0.04551182 -0.01068526 0.03308377
v 0.04494428 -0.01068526 0.03467464
v 0.04468007 -0.00957268 0.03593748
v 0.04345693 -0.00874331 0.03892240
v 0.04309488 -0.01054366 0.03895520
v 0.04437673 -0.00885457 0.03688872
v 0.04278175 -0.00979520 0.03992284
v 0.04219465 -0.01054366 0.04069367
v 0.04117699 -0.01068526 0.04246494
v -0.04783866 -0.00485942 0.03114850
v -0.04586205 -0.00290736 0.03697073
v -0.04507924 -0.00290736 0.03869279
v -0.04645895 -0.00290736 0.03552747
v -0.04685036 -0.00290736 0.03455983
v -0.04678186 -0.00485942 0.03441223
v -0.04734940 -0.00290736 0.03308377
v -0.04795608 -0.00290736 0.03114850
v -0.04836706 -0.00468748 0.02901642
v -0.04854319 -0.00522353 0.02795038
v -0.04865082 -0.00680136 0.02655632
v -0.04396373 -0.00290736 0.04085768
v -0.04458998 -0.00290736 0.03966043
v -0.04871932 -0.00468748 0.02727795
v -0.04883674 -0.00290736 0.02726155
v -0.04919879 -0.00096541 0.02530987
v -0.04947278 -0.00096541 0.02335820
v -0.04946300 0.00874431 0.01364902
v -0.04963912 0.00290836 0.02142292
v -0.04947278 0.00096642 0.02335820
v -0.04950214 0.00680237 0.01947125
v -0.04951192 0.00485031 0.02142292
v -0.04937493 0.00874431 0.01753597
v -0.04944342 0.00874431 0.01558430
v -0.04904223 0.01068626 -0.07965419
v -0.04872911 0.01230455 -0.07965419
v -0.04915966 0.01068626 0.01364902
v -0.02157527 0.04674374 -0.08158947
v -0.02041084 0.04726968 -0.08158947
v -0.03340554 0.03919847 -0.06799334
v -0.03224111 0.04016944 -0.06799334
v -0.03127237 0.04095836 -0.06799334
v -0.03012751 0.04177761 -0.06992862
v -0.02797477 0.04327453 -0.07188030
v -0.03012751 0.04179784 -0.06799334
v -0.02896307 0.04262722 -0.06992862
v -0.02799434 0.04328465 -0.06992862
v -0.02257336 0.04628859 -0.07965419
v -0.02644829 0.04424551 -0.07188030
v -0.02547956 0.04483213 -0.07188030
v -0.02429555 0.04547945 -0.07188030
v -0.02264186 0.04631894 -0.07381557
v -0.04630239 0.02023416 -0.08152387
v -0.04538258 0.02234805 -0.08158947
v -0.04483461 0.02358199 -0.08158947
v -0.04434535 0.02455296 -0.08158947
v -0.04357233 0.02624205 -0.07965419
v -0.04290694 0.02744565 -0.07965419
v -0.04229047 0.02841662 -0.07965419
v -0.04132174 0.02989331 -0.07965419
v -0.04064656 0.03086429 -0.07965419
v -0.03891459 0.03309955 -0.08116305
v -0.03951148 0.03226006 -0.08172068
v -0.03823941 0.03384801 -0.08172068
v -0.03824919 0.03425258 -0.06799334
v -0.03729025 0.03539549 -0.06604167
v -0.03639001 0.03636647 -0.06604167
v -0.03541150 0.03733744 -0.06604167
v -0.03437427 0.03828818 -0.06799334
v -0.04878782 0.01246638 0.01364902
v -0.04855298 0.01343735 0.01364902
v -0.04824963 0.01457015 0.01364902
v -0.04704606 0.01846416 -0.07576725
v -0.04702649 0.01846416 -0.07965419
v -0.04770166 0.01652221 0.01364902
v -0.04709498 0.01846416 0.01169735
v -0.04667422 0.01949582 -0.07965419
v -0.04631217 0.02047690 -0.07770252
v -0.04628282 0.02046679 -0.07965419
v -0.04550000 0.02234805 -0.07965419
v -0.01846359 0.04810917 -0.07965419
v -0.01734808 0.04854408 -0.07965419
v -0.01637935 0.04888797 -0.07965419
v -0.01457888 0.04951506 -0.07770252
v -0.01263163 0.05006123 -0.07770252
v -0.01113450 0.05042534 -0.07770252
v -0.01004835 0.05060740 -0.07965419
v -0.00874692 0.05085014 -0.07965419
v -0.00679968 0.05115357 -0.07965419
v -0.00485243 0.05136597 -0.07965419
v -0.00291497 0.05150757 -0.07965419
v -0.00096772 0.05158848 -0.07965419
v 0.00096974 0.05159860 -0.07965419
v 0.00290721 0.05152780 -0.07965419
v 0.00485446 0.05138620 -0.07965419
v 0.00680170 0.05116368 -0.07965419
v 0.00873917 0.05088048 -0.07965419
v 0.01014823 0.05063774 -0.07965419
v 0.01121481 0.05044557 -0.07770252
v 0.01263366 0.05011179 -0.07770252
v 0.01263366 0.05016237 -0.07381557
v 0.01457112 0.04964654 -0.07188030
v 0.01651837 0.04905992 -0.06992862
v 0.01771216 0.04867557 -0.06799334
v 0.01774152 0.04868568 -0.06604167
v 0.01871025 0.04832157 -0.06604167
v 0.01870046 0.04831145 -0.06408999
v 0.02429758 0.04573231 -0.06604167
v 0.02567729 0.04495351 -0.06604167
v 0.02663623 0.04435676 -0.06799334
v 0.01973769 0.04678419 0.01364902
v 0.02070642 0.04634928 0.01364902
v 0.02060857 0.04630882 0.01558430
v 0.02235033 0.04548956 0.01558430
v 0.02361262 0.04486248 0.01558430
v 0.02458135 0.04434665 0.01558430
v 0.02470856 0.04439722 0.01364902
v 0.02817250 0.04338579 -0.06604167
v 0.02814315 0.04338579 -0.06408999
v 0.02737012 0.04286996 0.01364902
v 0.02834863 0.04222265 0.01364902
v 0.03288895 0.03874332 0.01364902
v 0.03290852 0.03875344 0.01169735
v 0.03447415 0.03835898 -0.06604167
v 0.03399467 0.03778247 0.01169735
v 0.03496341 0.03691264 0.01169735
v 0.02964028 0.04117076 0.01558430
v 0.03060901 0.04044253 0.01558430
v 0.03183215 0.03947156 0.01558430
v 0.03280088 0.03867253 0.01558430
v 0.03823165 0.03421212 -0.07965419
v 0.03728249 0.03537526 -0.07770252
v 0.03826101 0.03425258 -0.07770252
v 0.03543309 0.03738801 -0.06604167
v 0.03641161 0.03638669 -0.06604167
v 0.03906339 0.03328161 -0.07770252
v 0.03996363 0.03206789 -0.07770252
v 0.04074644 0.03099577 -0.07770252
v 0.04139226 0.03002480 -0.07770252
v 0.04237078 0.02848743 -0.07770252
v 0.04551182 0.02234805 -0.07965419
v 0.04667625 0.01948570 -0.08096624
v 0.04632398 0.02024427 -0.08160587
v 0.04693066 0.01862599 -0.08160587
v 0.04293831 0.02751645 -0.07770252
v 0.04362328 0.02624205 -0.07770252
v 0.04363306 0.02624205 -0.07576725
v 0.04441588 0.02468445 -0.07770252
v 0.04442566 0.02467434 -0.07576725
v 0.04489535 0.02371348 -0.07770252
v 0.04821252 0.01457015 -0.07965419
v 0.04871156 0.01219329 -0.08158947
v 0.04852565 0.01331598 -0.07965419
v 0.04875071 0.01234500 -0.07965419
v 0.04899533 0.01068626 -0.08158947
v 0.04766455 0.01652221 -0.07965419
v 0.04906383 0.01068626 -0.07965419
v 0.04936717 0.00874431 -0.07965419
v 0.04961180 0.00680237 -0.07965419
v 0.04977815 0.00485031 -0.07965419
v 0.04855500 -0.00290736 0.02406343
v 0.04834951 -0.00290736 0.02530987
v 0.04798746 -0.00290736 0.02726155
v 0.04746885 -0.00485942 0.02919682
v 0.04728293 -0.00680136 0.02919682
v 0.04695024 -0.00889502 0.02936083
v 0.04678389 -0.01068526 0.02877041
v 0.04667625 -0.01178771 0.02834399
v 0.04977815 0.00485031 -0.07770252
v 0.04895619 0.00290836 0.01947125
v 0.04888770 0.00096642 0.02142292
v 0.04869200 0.00096642 0.02314499
v 0.04857457 -0.00096541 0.02416183
v 0.04663711 -0.00964348 0.03013166
v 0.04646097 -0.00889502 0.03113210
v 0.04586408 -0.00874331 0.03308377
v 0.04509106 -0.00885457 0.03518306
v 0.04479750 -0.00827805 0.03618350
v 0.04445501 -0.00680136 0.03739714
v 0.04374070 -0.00680136 0.03892240
v 0.04302638 -0.00680136 0.04038206
v 0.04286982 -0.00874331 0.04010325
v 0.04234142 -0.00874331 0.04107088
v -0.04841598 -0.00290736 0.02932803
v -0.04590119 -0.00096541 0.03697073
v -0.04648830 -0.00096541 0.03557667
v -0.04509881 -0.00096541 0.03874199
v -0.04686992 -0.00096541 0.03460904
v -0.04739833 -0.00096541 0.03308377
v -0.04799522 -0.00096541 0.03114850
v -0.04860190 -0.00392890 0.02824559
v -0.04313199 -0.00096541 0.04246494
v -0.04400287 -0.00096541 0.04085768
v -0.04460955 -0.00096541 0.03970964
v -0.04862147 -0.00290736 0.02836039
v -0.04865082 -0.00096541 0.02845879
v -0.04887588 -0.00096541 0.02726155
v -0.04918901 0.00096642 0.02530987
v -0.04940429 0.00290836 0.02335820
v -0.04924772 0.00874431 0.01947125
v -0.04931622 0.00680237 0.02142292
v -0.04927707 0.00485031 0.02335820
v -0.04904223 0.01068626 0.01753597
v -0.04912052 0.01068626 0.01558430
v -0.04876825 0.01239558 0.01558430
v -0.02041084 0.04730002 -0.07965419
v -0.02162420 0.04676396 -0.07770252
v -0.03438405 0.03830841 -0.06604167
v -0.03340554 0.03919847 -0.06604167
v -0.03306306 0.03889504 0.01297660
v -0.02897286 0.04263733 -0.06604167
v -0.03083204 0.04061447 0.01364902
v -0.02896307 0.04263733 -0.06799334
v -0.02799434 0.04329476 -0.06799334
v -0.02646786 0.04426574 -0.06799334
v -0.02548934 0.04483213 -0.06992862
v -0.02429555 0.04548956 -0.06992862
v -0.02265164 0.04632905 -0.07188030
v -0.02164377 0.04677408 -0.07576725
v -0.02168291 0.04679431 -0.07188030
v -0.04488354 0.02368313 -0.07965419
v -0.04440406 0.02466422 -0.07965419
v -0.04442364 0.02470468 -0.07770252
v -0.04372889 0.02624205 -0.06799334
v -0.04298522 0.02757714 -0.06799334
v -0.04239811 0.02855823 -0.06799334
v -0.04140980 0.03002480 -0.06992862
v -0.04067592 0.03089463 -0.07770252
v -0.04077377 0.03103623 -0.06799334
v -0.03973654 0.03206789 -0.07965419
v -0.03999095 0.03206789 -0.06799334
v -0.03904179 0.03325126 -0.06992862
v -0.03906136 0.03327149 -0.06799334
v -0.03826877 0.03427280 -0.06604167
v -0.03883630 0.03299841 0.01169735
v -0.03699669 0.03506172 0.01364902
v -0.03605732 0.03603270 0.01364902
v -0.03507880 0.03702389 0.01364902
v -0.04854319 0.01336655 0.01558430
v -0.04823006 0.01457015 0.01558430
v -0.04669379 0.01953627 -0.06799334
v -0.04668400 0.01953627 -0.07381557
v -0.04668400 0.01952616 -0.07576725
v -0.04767231 0.01652221 0.01558430
v -0.04709498 0.01846416 0.01364902
v -0.04671336 0.01958684 0.01364902
v -0.04633174 0.02050724 -0.07381557
v -0.04632196 0.02049713 -0.07576725
v -0.04553914 0.02234805 -0.07770252
v -0.04556850 0.02234805 -0.07576725
v -0.04491289 0.02373371 -0.07770252
v -0.01846359 0.04813951 -0.07770252
v -0.01739701 0.04856431 -0.07770252
v -0.01642828 0.04890819 -0.07770252
v -0.01457888 0.04953529 -0.07576725
v -0.01263163 0.05008146 -0.07576725
v -0.01118343 0.05043546 -0.07576725
v -0.01015599 0.05062763 -0.07770252
v -0.00874692 0.05089060 -0.07770252
v -0.00679968 0.05119403 -0.07770252
v -0.00485243 0.05141654 -0.07770252
v -0.00291497 0.05155814 -0.07770252
v -0.00096772 0.05163906 -0.07770252
v 0.00096974 0.05164918 -0.07770252
v 0.00290721 0.05156826 -0.07770252
v 0.00485446 0.05142666 -0.07770252
v 0.00680170 0.05121426 -0.07770252
v 0.00873917 0.05093106 -0.07770252
v 0.01031458 0.05066808 -0.07576725
v 0.01129309 0.05046580 -0.07576725
v 0.01263366 0.05018260 -0.07188030
v 0.01457112 0.04966677 -0.06992862
v 0.01651837 0.04908014 -0.06799334
v 0.01651837 0.04910037 -0.06604167
v 0.01773173 0.04868568 -0.06408999
v 0.01846562 0.04728991 0.01364902
v 0.02623504 0.04353750 0.01364902
v 0.02661666 0.04435676 -0.06408999
v 0.02664602 0.04435676 -0.06604167
v 0.01846562 0.04719888 0.01558430
v 0.01963005 0.04673362 0.01558430
v 0.01952242 0.04668305 0.01694555
v 0.02026609 0.04629871 0.01756877
v 0.02235033 0.04532773 0.01753597
v 0.02344627 0.04477145 0.01753597
v 0.02442478 0.04425562 0.01753597
v 0.02611762 0.04328465 0.01753597
v 0.02642096 0.04327453 0.01569910
v 0.02728205 0.04280927 0.01512508
v 0.02803551 0.04226310 0.01569910
v 0.03397511 0.03777235 0.01364902
v 0.03544288 0.03738801 -0.06408999
v 0.03494384 0.03689241 0.01364902
v 0.03684216 0.03488978 0.01364902
v 0.03588321 0.03594166 0.01169735
v 0.02949350 0.04106962 0.01753597
v 0.03046223 0.04032116 0.01753597
v 0.03167559 0.03935019 0.01753597
v 0.03387725 0.03769144 0.01558430
v 0.03265411 0.03854104 0.01753597
v 0.03731185 0.03541572 -0.06604167
v 0.03907318 0.03328161 -0.07576725
v 0.03998320 0.03206789 -0.07576725
v 0.04076601 0.03101600 -0.07576725
v 0.04140205 0.03004503 -0.07576725
v 0.04238056 0.02849754 -0.07576725
v 0.04628484 0.02045667 -0.07770252
v 0.04628484 0.02048702 -0.07965419
v 0.04445501 0.02273239 0.01364902
v 0.04486600 0.02176142 0.01364902
v 0.04667625 0.01950593 -0.07965419
v 0.04703830 0.01846416 -0.07965419
v 0.04293831 0.02752657 -0.07576725
v 0.04293831 0.02750634 -0.07381557
v 0.04253713 0.02678823 0.01364902
v 0.04304595 0.02580714 0.01364902
v 0.04377005 0.02428999 0.01364902
v 0.04821252 0.01457015 -0.07770252
v 0.04852565 0.01328563 -0.07770252
v 0.04821252 0.01068626 0.01558430
v 0.04765477 0.01652221 -0.07770252
v 0.04849629 0.00874431 0.01753597
v 0.04839844 -0.00096541 0.02530987
v 0.04805596 -0.00096541 0.02726155
v 0.04757648 -0.00290736 0.02919682
v 0.04706766 -0.00290736 0.03114850
v 0.04690131 -0.00487965 0.03129611
v 0.04684260 -0.00680136 0.03083689
v 0.04674475 -0.00834885 0.03049248
v 0.04880941 0.00485031 0.01947125
v 0.04867242 0.00479974 0.02137372
v 0.04879963 0.00290836 0.02142292
v 0.04865285 0.00290836 0.02288258
v 0.04853543 0.00290836 0.02385022
v 0.04856478 0.00096642 0.02411263
v 0.04838865 0.00096642 0.02530987
v 0.04655883 -0.00680136 0.03180453
v 0.04614785 -0.00680136 0.03308377
v 0.04545311 -0.00680136 0.03503545
v 0.04489535 -0.00680136 0.03642950
v 0.04456265 -0.00485942 0.03762675
v 0.04395597 -0.00485942 0.03892240
v 0.04313402 -0.00485942 0.04057886
v 0.04249799 -0.00680136 0.04134970
v -0.04842576 -0.00096541 0.02942643
v -0.04587184 0.00096642 0.03697073
v -0.04646873 0.00096642 0.03554387
v -0.04507924 0.00096642 0.03870919
v -0.04459977 0.00096642 0.03967683
v -0.04685036 0.00096642 0.03457623
v -0.04736897 0.00096642 0.03308377
v -0.04796586 0.00096642 0.03114850
v -0.04311242 0.00096642 0.04244854
v -0.04397352 0.00096642 0.04085768
v -0.04863125 0.00096642 0.02839319
v -0.04885631 0.00096642 0.02726155
v -0.04840619 0.00096642 0.02937723
v -0.04912052 0.00290836 0.02530987
v -0.04891502 0.01068626 0.01947125
v -0.04905202 0.00874431 0.02142292
v -0.04908137 0.00680237 0.02335820
v -0.04898352 0.00485031 0.02530987
v -0.04872911 0.01219329 0.01753597
v -0.02041084 0.04732025 -0.07770252
v -0.01846359 0.04815974 -0.07576725
v -0.03383609 0.03815670 0.01363262
v -0.03302392 0.03885458 0.01427225
v -0.03225089 0.03950190 0.01363262
v -0.02799434 0.04329476 -0.06604167
v -0.02985352 0.04132247 0.01364902
v -0.02896307 0.04262722 -0.06408999
v -0.03198669 0.03958282 0.01558430
v -0.03074398 0.04055379 0.01558430
v -0.02977524 0.04126178 0.01558430
v -0.02646786 0.04426574 -0.06604167
v -0.02549912 0.04483213 -0.06604167
v -0.02266143 0.04632905 -0.06992862
v -0.02429555 0.04548956 -0.06604167
v -0.02267121 0.04632905 -0.06604167
v -0.02169270 0.04680442 -0.06604167
v -0.02041084 0.04736071 -0.06992862
v -0.02041084 0.04735060 -0.07381557
v -0.04447256 0.02479571 -0.06992862
v -0.04448234 0.02481594 -0.06799334
v -0.04373867 0.02624205 -0.06604167
v -0.04298522 0.02757714 -0.06604167
v -0.04141959 0.03007537 -0.06604167
v -0.04078355 0.03105646 -0.06604167
v -0.04141959 0.03005514 -0.06799334
v -0.04351361 0.02624205 0.01169735
v -0.04283844 0.02732428 0.01364902
v -0.04222197 0.02829526 0.01364902
v -0.04003010 0.03206789 -0.06604167
v -0.03908093 0.03329172 -0.06604167
v -0.03961912 0.03202743 0.01169735
v -0.03881674 0.03296806 0.01364902
v -0.03791650 0.03401995 0.01364902
v -0.03694777 0.03501115 0.01482987
v -0.03502988 0.03696321 0.01499387
v -0.04848448 0.01316426 0.01753597
v -0.04811264 0.01457015 0.01753597
v -0.04754510 0.01652221 0.01753597
v -0.04694821 0.01828210 0.01753597
v -0.04694821 0.01862599 0.01560070
v -0.04667422 0.01949582 0.01497747
v -0.04631217 0.02055782 0.01364902
v -0.04559786 0.02234805 -0.06799334
v -0.04559786 0.02234805 -0.06992862
v -0.04558807 0.02234805 -0.07188030
v -0.04496182 0.02384496 -0.06799334
v -0.01743615 0.04857443 -0.07576725
v -0.01645763 0.04891831 -0.07576725
v -0.01648699 0.04891831 -0.07381557
v -0.01457888 0.04953529 -0.07188030
v -0.01263163 0.05008146 -0.07381557
v -0.01020491 0.05063774 -0.07576725
v -0.01117364 0.05043546 -0.07381557
v -0.01020491 0.05064786 -0.07381557
v -0.00874692 0.05091083 -0.07576725
v -0.00679968 0.05120415 -0.07576725
v -0.00485243 0.05143677 -0.07576725
v -0.00291497 0.05158848 -0.07576725
v -0.00096772 0.05166940 -0.07576725
v 0.00096974 0.05165929 -0.07576725
v 0.00290721 0.05158848 -0.07576725
v 0.00485446 0.05143677 -0.07576725
v 0.00680170 0.05122437 -0.07576725
v 0.00873917 0.05094117 -0.07576725
v 0.01043200 0.05067820 -0.06992862
v 0.01137138 0.05048602 -0.07188030
v 0.01263366 0.05020282 -0.06992862
v 0.01457112 0.04967688 -0.06799334
v 0.01457112 0.04968700 -0.06604167
v 0.01651837 0.04908014 -0.06408999
v 0.01651837 0.04798780 0.01364902
v 0.01651837 0.04790688 0.01558430
v 0.01651837 0.04775517 0.01753597
v 0.01862218 0.04698648 0.01756877
v 0.01937564 0.04662237 0.01824120
v 0.02040308 0.04604585 0.01947125
v 0.02247754 0.04507488 0.01935644
v 0.02334842 0.04472088 0.01861841
v 0.02321143 0.04465008 0.01991406
v 0.02411166 0.04421516 0.01935644
v 0.02592192 0.04316327 0.01947125
v 0.02709614 0.04268790 0.01753597
v 0.02719399 0.04274859 0.01642073
v 0.02818229 0.04196979 0.01753597
v 0.03484599 0.03679127 0.01558430
v 0.03578536 0.03582029 0.01558430
v 0.03675409 0.03478863 0.01558430
v 0.03767390 0.03391881 0.01364902
v 0.02931737 0.04093813 0.01947125
v 0.03028610 0.04019979 0.01947125
v 0.03151903 0.03921870 0.01947125
v 0.03373048 0.03755995 0.01753597
v 0.03248776 0.03839944 0.01947125
v 0.03357391 0.03742847 0.01947125
v 0.03828058 0.03423235 -0.06604167
v 0.03906339 0.03328161 -0.06799334
v 0.03907318 0.03328161 -0.07381557
v 0.03865241 0.03276578 0.01169735
v 0.03998320 0.03206789 -0.07381557
v 0.04076601 0.03101600 -0.07381557
v 0.04139226 0.03004503 -0.07381557
v 0.04103021 0.02946851 0.01169735
v 0.04666646 0.01948570 -0.07770252
v 0.04442566 0.02267171 0.01558430
v 0.04484642 0.02170073 0.01558430
v 0.04539439 0.02040610 0.01364902
v 0.04701873 0.01846416 -0.07770252
v 0.04174453 0.02818400 0.01364902
v 0.04248820 0.02669720 0.01558430
v 0.04300681 0.02572622 0.01558430
v 0.04369177 0.02428999 0.01558430
v 0.04721443 0.01457015 0.01558430
v 0.04776240 0.01262821 0.01558430
v 0.04818317 0.01068626 0.01753597
v 0.04604021 0.01846416 0.01558430
v 0.04650990 0.01699758 0.01558430
v 0.04679367 0.01602661 0.01558430
v 0.04836908 0.00874431 0.01947125
v 0.04854522 0.00739911 0.01947125
v 0.04866264 0.00642814 0.01947125
v 0.04804617 0.00096642 0.02726155
v 0.04763520 -0.00096541 0.02919682
v 0.04712637 -0.00096541 0.03114850
v 0.04671539 -0.00290736 0.03232934
v 0.04668603 -0.00425256 0.03221454
v 0.04662732 -0.00554719 0.03203413
v 0.04861371 0.00599322 0.02070130
v 0.04856478 0.00541671 0.02199695
v 0.04861371 0.00412208 0.02257097
v 0.04818317 0.00485031 0.02530987
v 0.04832016 0.00290836 0.02530987
v 0.04846694 0.00479974 0.02327620
v 0.04638270 -0.00487965 0.03295257
v 0.04564881 -0.00485942 0.03503545
v 0.04499320 -0.00485942 0.03665911
v 0.04462136 -0.00290736 0.03775796
v 0.04406361 -0.00290736 0.03892240
v 0.04318295 -0.00290736 0.04069367
v 0.04267412 -0.00290736 0.04166131
v 0.04260562 -0.00485942 0.04154650
v -0.04576420 0.00290836 0.03697073
v -0.04641981 0.00290836 0.03542906
v -0.04502053 0.00290836 0.03861079
v -0.04455084 0.00290836 0.03957843
v -0.04387566 0.00290836 0.04085768
v -0.04680143 0.00290836 0.03444503
v -0.04727112 0.00290836 0.03308377
v -0.04786801 0.00290836 0.03114850
v -0.04839641 0.00286791 0.02904922
v -0.04861169 0.00218013 0.02829479
v -0.04874868 0.00286791 0.02735995
v -0.04870954 0.00485031 0.02683513
v -0.04872911 0.01068626 0.02129172
v -0.04861169 0.01170780 0.02055369
v -0.04866061 0.01189998 0.01947125
v -0.04877803 0.00882523 0.02344020
v -0.04866061 0.01003894 0.02284978
v -0.04875846 0.00682260 0.02537548
v -0.04867040 0.00823860 0.02476865
v -0.04864104 0.00618540 0.02650712
v -0.01846359 0.04816985 -0.07381557
v -0.01745572 0.04858454 -0.07381557
v -0.03296521 0.03880401 0.01558430
v -0.02845425 0.04230356 0.01169735
v -0.02748552 0.04293064 0.01169735
v -0.02843468 0.04229344 0.01364902
v -0.03186927 0.03948167 0.01753597
v -0.03061677 0.04045264 0.01753597
v -0.02964804 0.04118087 0.01753597
v -0.02835639 0.04223276 0.01558430
v -0.02624280 0.04365887 0.01364902
v -0.02483373 0.04446802 0.01364902
v -0.02385522 0.04498385 0.01364902
v -0.02234830 0.04575254 0.01364902
v -0.02041084 0.04735060 -0.06604167
v -0.02041084 0.04736071 -0.06799334
v -0.02089031 0.04644031 0.01364902
v -0.04442364 0.02470468 0.01169735
v -0.04124346 0.02980229 0.01169735
v -0.04058785 0.03077326 0.01169735
v -0.04349404 0.02624205 0.01364902
v -0.04280908 0.02728382 0.01519068
v -0.04124346 0.02978206 0.01364902
v -0.04055849 0.03075303 0.01364902
v -0.03958976 0.03199709 0.01364902
v -0.03872867 0.03285680 0.01558430
v -0.03760337 0.03418178 0.01551870
v -0.03688906 0.03494035 0.01612552
v -0.03595947 0.03595178 0.01556790
v -0.03496138 0.03690252 0.01628952
v -0.04796586 0.01457015 0.01947125
v -0.04737875 0.01652221 0.01947125
v -0.04686014 0.01805958 0.01947125
v -0.04658616 0.01925307 0.01753597
v -0.04632196 0.02025439 0.01560070
v -0.04542172 0.02234805 0.01558430
v -0.04553914 0.02234805 0.01364902
v -0.04490311 0.02373371 0.01169735
v -0.01745572 0.04858454 -0.07188030
v -0.01647720 0.04891831 -0.07188030
v -0.01263163 0.05006123 -0.06992862
v -0.01645763 0.04890819 -0.06992862
v -0.01530298 0.04852385 0.01364902
v -0.01433425 0.04879694 0.01364902
v -0.01113450 0.05042534 -0.06992862
v -0.00874692 0.05092094 -0.07381557
v -0.01015599 0.05063774 -0.06992862
v -0.00679968 0.05120415 -0.07381557
v -0.00485243 0.05142666 -0.07381557
v -0.00291497 0.05157838 -0.07381557
v -0.00096772 0.05165929 -0.07381557
v 0.00096974 0.05165929 -0.07381557
v 0.00290721 0.05158848 -0.07188030
v 0.00485446 0.05143677 -0.06992862
v 0.00680170 0.05121426 -0.06799334
v 0.00873917 0.05095128 -0.06799334
v 0.00873917 0.05095128 -0.07188030
v 0.01044178 0.05067820 -0.06799334
v 0.01141052 0.05049614 -0.06799334
v 0.01263366 0.05020282 -0.06799334
v 0.01263366 0.05019272 -0.06604167
v 0.01263366 0.04912060 0.01364902
v 0.01409165 0.04873625 0.01364902
v 0.01507017 0.04845305 0.01364902
v 0.01492339 0.04841259 0.01558430
v 0.01447327 0.04838225 0.01766718
v 0.01457112 0.04820020 0.01947125
v 0.01651837 0.04757311 0.01947125
v 0.01824056 0.04694602 0.01947125
v 0.01921908 0.04656168 0.01947125
v 0.02040308 0.04579299 0.02142292
v 0.02202742 0.04502431 0.02142292
v 0.02299615 0.04453882 0.02142292
v 0.02429758 0.04383082 0.02142292
v 0.02690043 0.04256653 0.01947125
v 0.02568707 0.04302168 0.02142292
v 0.02818229 0.04170682 0.01947125
v 0.03469921 0.03664967 0.01753597
v 0.03565815 0.03567869 0.01753597
v 0.03757605 0.03381766 0.01558430
v 0.03662689 0.03464704 0.01753597
v 0.03746841 0.03367606 0.01753597
v 0.03864263 0.03274555 0.01364902
v 0.02919016 0.04084710 0.02060289
v 0.03132332 0.03906699 0.02142292
v 0.03229206 0.03820727 0.02142292
v 0.03454264 0.03649795 0.01947125
v 0.03337821 0.03723630 0.02142292
v 0.03434694 0.03631590 0.02142292
v 0.04075623 0.03100589 -0.07188030
v 0.03938630 0.03177457 0.01364902
v 0.04035503 0.03041926 0.01364902
v 0.04100085 0.02944829 0.01364902
v 0.04436695 0.02254022 0.01753597
v 0.04534547 0.02040610 0.01558430
v 0.04478771 0.02156925 0.01753597
v 0.04524761 0.02040610 0.01753597
v 0.04162711 0.02818400 0.01558430
v 0.04240992 0.02655560 0.01753597
v 0.04292853 0.02557451 0.01753597
v 0.04355478 0.02428999 0.01753597
v 0.04677410 0.01594570 0.01753597
v 0.04716551 0.01457015 0.01753597
v 0.04769390 0.01262821 0.01753597
v 0.04705787 0.01457015 0.01947125
v 0.04753734 0.01262821 0.01947125
v 0.04800703 0.01068626 0.01947125
v 0.04596194 0.01846416 0.01753597
v 0.04648055 0.01691667 0.01753597
v 0.04815381 0.00874431 0.02142292
v 0.04846694 0.00671134 0.02137372
v 0.04796789 0.00290836 0.02726155
v 0.04761562 0.00096642 0.02919682
v 0.04709701 0.00096642 0.03114850
v 0.04673496 0.00096642 0.03237855
v 0.04674475 -0.00096541 0.03241135
v 0.04640226 -0.00290736 0.03329699
v 0.04823209 0.00680237 0.02335820
v 0.04794832 0.00680237 0.02530987
v 0.04783090 0.00485031 0.02726155
v 0.04575644 -0.00290736 0.03503545
v 0.04504213 -0.00290736 0.03679032
v 0.04465072 -0.00096541 0.03780716
v 0.04410275 -0.00096541 0.03892240
v 0.04319273 -0.00096541 0.04074287
v 0.04270347 -0.00096541 0.04171051
v -0.04558807 0.00485031 0.03697073
v -0.04493246 0.00485031 0.03843039
v -0.04673293 0.00446597 0.03426462
v -0.04446277 0.00485031 0.03939802
v -0.04369953 0.00485031 0.04085768
v -0.04700692 0.00501214 0.03326418
v -0.04770166 0.00485031 0.03114850
v -0.04819092 0.00485031 0.02919682
v -0.04856276 0.00347476 0.02808158
v -0.04850405 0.00485031 0.02780277
v -0.04852362 0.01133357 0.02184934
v -0.04832792 0.01246638 0.02129172
v -0.04776037 0.01457015 0.02142292
v -0.04856276 0.00953323 0.02414543
v -0.04843555 0.01068626 0.02344020
v -0.04855298 0.00748003 0.02606430
v -0.04846491 0.00882523 0.02537548
v -0.04795608 0.00680237 0.02919682
v -0.04840619 0.00682260 0.02719595
v -0.01846359 0.04816985 -0.07188030
v -0.03390458 0.03772178 0.01753597
v -0.03283800 0.03869275 0.01753597
v -0.02746595 0.04292053 0.01364902
v -0.02738766 0.04288008 0.01558430
v -0.03171271 0.03938053 0.01947125
v -0.03046999 0.04035150 0.01947125
v -0.02949147 0.04106962 0.01947125
v -0.02804327 0.04226310 0.01766718
v -0.02729960 0.04281939 0.01710956
v -0.02624280 0.04355773 0.01558430
v -0.02473588 0.04441745 0.01558430
v -0.02376715 0.04495351 0.01558430
v -0.02234830 0.04567162 0.01558430
v -0.02081203 0.04639985 0.01558430
v -0.01846359 0.04814962 -0.06799334
v -0.01992158 0.04684488 0.01364902
v -0.01984330 0.04682465 0.01558430
v -0.04490311 0.02370336 0.01364902
v -0.04439428 0.02468445 0.01364902
v -0.04326898 0.02642411 0.01573190
v -0.04276016 0.02720291 0.01648633
v -0.04228068 0.02803228 0.01573190
v -0.04118475 0.02967080 0.01558430
v -0.04048022 0.03064177 0.01558430
v -0.03950170 0.03188583 0.01558430
v -0.03941363 0.03176446 0.01753597
v -0.03862103 0.03273543 0.01753597
v -0.03765230 0.03386823 0.01753597
v -0.03680099 0.03483921 0.01753597
v -0.03583226 0.03585064 0.01753597
v -0.03487331 0.03682161 0.01753597
v -0.04714391 0.01652221 0.02142292
v -0.04649809 0.01903056 0.01947125
v -0.04673293 0.01771570 0.02142292
v -0.04611647 0.02040610 0.01753597
v -0.04514774 0.02254022 0.01771638
v -0.04477590 0.02345050 0.01719156
v -0.04484440 0.02358199 0.01558430
v -0.01846359 0.04740117 0.01364902
v -0.01651634 0.04810917 0.01364902
v -0.01263163 0.04924197 0.01364902
v -0.01651634 0.04803837 0.01558430
v -0.01512685 0.04847328 0.01558430
v -0.01415812 0.04875648 0.01558430
v -0.01263163 0.04917118 0.01558430
v -0.01109536 0.05041523 -0.06799334
v -0.01012663 0.05062763 -0.06799334
v -0.00874692 0.05090072 -0.06992862
v -0.00679968 0.05118392 -0.06992862
v -0.00485243 0.05140642 -0.06992862
v -0.00291497 0.05156826 -0.07188030
v -0.00096772 0.05163906 -0.06992862
v 0.00096974 0.05163906 -0.06992862
v 0.00290721 0.05156826 -0.06992862
v 0.00290721 0.05152780 -0.06604167
v 0.00485446 0.05141654 -0.06799334
v 0.00532414 0.05048602 0.01364902
v 0.00680170 0.05029385 0.01364902
v 0.01136159 0.05048602 -0.06604167
v 0.00873917 0.04997020 0.01364902
v 0.01068641 0.04958585 0.01364902
v 0.01068641 0.04953529 0.01558430
v 0.01263366 0.04905992 0.01558430
v 0.01395466 0.04869580 0.01558430
v 0.01375895 0.04864522 0.01712596
v 0.01340669 0.04854408 0.01947125
v 0.01457112 0.04797768 0.02142292
v 0.01651837 0.04734048 0.02142292
v 0.01793722 0.04682465 0.02142292
v 0.01890595 0.04644031 0.02142292
v 0.02040308 0.04545922 0.02335820
v 0.02168494 0.04486248 0.02335820
v 0.02265367 0.04436687 0.02335820
v 0.02447371 0.04334533 0.02352221
v 0.02546201 0.04288008 0.02298098
v 0.02665580 0.04240470 0.02142292
v 0.03551138 0.03552698 0.01947125
v 0.03855456 0.03262417 0.01558430
v 0.03648011 0.03447509 0.01947125
v 0.03732163 0.03350412 0.01947125
v 0.03843714 0.03248258 0.01753597
v 0.02995340 0.04013910 0.02130812
v 0.02901403 0.04072573 0.02189854
v 0.03116676 0.03893550 0.02265297
v 0.03302594 0.03691264 0.02426023
v 0.03318251 0.03706435 0.02296458
v 0.03532546 0.03534492 0.02142292
v 0.03514932 0.03515275 0.02296458
v 0.03928845 0.03165320 0.01558430
v 0.04025718 0.03029788 0.01558430
v 0.04093236 0.02932691 0.01558430
v 0.04434738 0.02220645 0.01948765
v 0.04473879 0.02145799 0.01883162
v 0.04503234 0.02055782 0.01948765
v 0.04583472 0.01846416 0.01947125
v 0.04134334 0.02835594 0.01760157
v 0.04132377 0.02802217 0.01947125
v 0.04229249 0.02636342 0.01947125
v 0.04277197 0.02529131 0.02053729
v 0.04283068 0.02539245 0.01947125
v 0.04337865 0.02428999 0.01947125
v 0.04672518 0.01578387 0.01947125
v 0.04667625 0.01563215 0.02066849
v 0.04685238 0.01466118 0.02135732
v 0.04735142 0.01262821 0.02142292
v 0.04778197 0.01068626 0.02142292
v 0.04642184 0.01675484 0.01947125
v 0.04791896 0.00874431 0.02335820
v 0.04752756 0.00290836 0.02919682
v 0.04699916 0.00290836 0.03114850
v 0.04668603 0.00290836 0.03221454
v 0.04637291 0.00290836 0.03319858
v 0.04641205 0.00096642 0.03334618
v 0.04642184 -0.00096541 0.03337899
v 0.04581515 -0.00096541 0.03503545
v 0.04763520 0.00874431 0.02530987
v 0.04758627 0.00680237 0.02726155
v 0.04715572 0.00680237 0.02919682
v 0.04739057 0.00485031 0.02919682
v 0.04506170 -0.00096541 0.03683952
v 0.04463115 0.00096642 0.03779076
v 0.04408318 0.00096642 0.03892240
v 0.04505191 0.00096642 0.03680672
v 0.04319273 0.00096642 0.04072647
v 0.04268390 0.00096642 0.04169411
v -0.04534344 0.00680237 0.03697073
v -0.04639045 0.00501214 0.03495345
v -0.04481504 0.00680237 0.03816797
v -0.04664487 0.00576060 0.03403501
v -0.04612625 0.00680237 0.03503545
v -0.04343533 0.00680237 0.04085768
v -0.04432578 0.00680237 0.03913561
v -0.04283844 0.00680237 0.04195652
v -0.04276994 0.00778346 0.04184172
v -0.04690906 0.00680237 0.03285417
v -0.04744725 0.00680237 0.03114850
v -0.04798543 0.01262821 0.02335820
v -0.04745704 0.01457015 0.02335820
v -0.04811264 0.01068626 0.02530987
v -0.04765274 0.01262821 0.02530987
v -0.04810286 0.00874431 0.02726155
v -0.04765274 0.00874431 0.02919682
v -0.03375781 0.03759030 0.01947125
v -0.03269122 0.03856127 0.01947125
v -0.03249552 0.03840955 0.02142292
v -0.03151700 0.03921870 0.02142292
v -0.03027429 0.04018967 0.02142292
v -0.02929577 0.04091790 0.02142292
v -0.02818026 0.04195967 0.01947125
v -0.02818026 0.04167647 0.02142292
v -0.02719196 0.04274859 0.01840520
v -0.02611559 0.04328465 0.01947125
v -0.02642872 0.04328465 0.01766718
v -0.02461846 0.04434665 0.01753597
v -0.02364973 0.04488270 0.01753597
v -0.02234830 0.04554014 0.01753597
v -0.02065547 0.04633917 0.01753597
v -0.01846359 0.04736071 0.01558430
v -0.01967695 0.04675385 0.01753597
v -0.01846359 0.04722922 0.01753597
v -0.04433557 0.02456308 0.01558430
v -0.04326898 0.02613079 0.01753597
v -0.04270145 0.02710177 0.01753597
v -0.04199691 0.02818400 0.01753597
v -0.04108689 0.02952920 0.01753597
v -0.04038236 0.03050017 0.01753597
v -0.03928642 0.03160263 0.01947125
v -0.03848404 0.03257360 0.01947125
v -0.03750552 0.03371652 0.01947125
v -0.03666400 0.03468749 0.01947125
v -0.03569527 0.03570904 0.01947125
v -0.03472653 0.03668001 0.01947125
v -0.04686014 0.01653232 0.02317779
v -0.04665465 0.01750330 0.02240696
v -0.04593055 0.02040610 0.01947125
v -0.04637088 0.01868667 0.02142292
v -0.04567613 0.02040610 0.02142292
v -0.04510860 0.02221656 0.01947125
v -0.04470740 0.02331902 0.01848721
v -0.04433557 0.02417874 0.01771638
v -0.01068439 0.04962632 0.01558430
v -0.01068439 0.04968700 0.01364902
v -0.01651634 0.04790688 0.01753597
v -0.01492136 0.04841259 0.01753597
v -0.01395263 0.04869580 0.01753597
v -0.01263163 0.04904980 0.01753597
v -0.00874692 0.05005111 0.01364902
v -0.00679968 0.05117380 -0.06799334
v -0.00679968 0.05034443 0.01364902
v -0.00547868 0.05050626 0.01364902
v -0.00450995 0.05058717 0.01364902
v -0.00291497 0.05070854 0.01364902
v -0.00096772 0.05076922 0.01364902
v 0.00096974 0.05159860 -0.06604167
v 0.00290721 0.05068831 0.01364902
v 0.00434563 0.05058717 0.01364902
v 0.00412057 0.05055683 0.01499387
v 0.00480553 0.05045569 0.01561710
v 0.00680170 0.05023317 0.01558430
v 0.00873917 0.04992974 0.01558430
v 0.01068641 0.04941391 0.01753597
v 0.01280979 0.04886774 0.01766718
v 0.01242817 0.04880705 0.01947125
v 0.01298593 0.04843282 0.02142292
v 0.01247710 0.04828111 0.02324339
v 0.01457112 0.04765403 0.02335820
v 0.01662601 0.04697637 0.02339100
v 0.01766324 0.04671339 0.02275138
v 0.01837755 0.04631894 0.02339100
v 0.01846562 0.04590425 0.02530987
v 0.02046179 0.04504453 0.02521147
v 0.02145988 0.04474111 0.02450624
v 0.02220355 0.04421516 0.02521147
v 0.02406273 0.04319362 0.02530987
v 0.02524674 0.04274859 0.02427663
v 0.02615676 0.04231367 0.02352221
v 0.02783981 0.04124156 0.02335820
v 0.03919060 0.03151160 0.01753597
v 0.03629419 0.03426269 0.02142292
v 0.03714550 0.03329172 0.02142292
v 0.03829036 0.03231063 0.01947125
v 0.03883833 0.03104634 0.02216095
v 0.03905361 0.03133966 0.01947125
v 0.03025674 0.03949178 0.02332540
v 0.02880854 0.04057401 0.02335820
v 0.03098084 0.03877367 0.02394862
v 0.03189087 0.03763075 0.02530987
v 0.03286938 0.03677104 0.02530987
v 0.03384790 0.03580007 0.02530987
v 0.03687152 0.03296806 0.02404702
v 0.03481663 0.03480886 0.02530987
v 0.03572665 0.03383789 0.02530987
v 0.04027675 0.02997423 0.01760157
v 0.04086386 0.02922577 0.01699475
v 0.04467029 0.02129616 0.02012727
v 0.04405383 0.02234805 0.02142292
v 0.04460179 0.02112422 0.02142292
v 0.04499320 0.02015324 0.02142292
v 0.04563902 0.01846416 0.02142292
v 0.04079537 0.02911451 0.01829040
v 0.04070730 0.02899314 0.01947125
v 0.04117699 0.02777943 0.02142292
v 0.04221421 0.02605999 0.02127532
v 0.04267412 0.02509914 0.02183294
v 0.04310466 0.02439114 0.02127532
v 0.04636312 0.01637050 0.02135732
v 0.04659797 0.01535906 0.02196415
v 0.04677410 0.01404421 0.02335820
v 0.04711658 0.01262821 0.02335820
v 0.04753734 0.01068626 0.02335820
v 0.04685238 0.00466825 0.03123050
v 0.04665668 0.00389956 0.03211614
v 0.04633377 0.00466825 0.03288697
v 0.04556074 0.00485031 0.03503545
v 0.04571730 0.00290836 0.03503545
v 0.04579559 0.00096642 0.03503545
v 0.04725358 0.01068626 0.02530987
v 0.04688174 0.01072672 0.02727795
v 0.04727314 0.00874431 0.02726155
v 0.04684260 0.00872409 0.02922963
v 0.04658818 0.00935117 0.02990205
v 0.04669582 0.00805654 0.03032847
v 0.04679367 0.00680237 0.03064008
v 0.04460179 0.00290836 0.03770876
v 0.04400490 0.00290836 0.03892240
v 0.04502255 0.00290836 0.03672472
v 0.04314381 0.00290836 0.04062807
v 0.04264476 0.00290836 0.04159570
v -0.04472698 0.00789471 0.03798757
v -0.04501074 0.00862294 0.03703633
v -0.04582291 0.00874431 0.03503545
v -0.04657637 0.00680237 0.03382180
v -0.04262316 0.00907809 0.04157930
v -0.04296564 0.01068626 0.04026725
v -0.04309285 0.00856226 0.04090688
v -0.04419858 0.00862294 0.03875839
v -0.04642959 0.00874431 0.03336259
v -0.04674272 0.00874431 0.03239495
v -0.04712434 0.00874431 0.03114850
v -0.04711455 0.01457015 0.02530987
v -0.04665465 0.01555124 0.02629391
v -0.04674272 0.01581421 0.02530987
v -0.04772123 0.01068626 0.02726155
v -0.04725154 0.01262821 0.02726155
v -0.04726133 0.01068626 0.02919682
v -0.04680143 0.01050420 0.03103369
v -0.03358167 0.03743858 0.02142292
v -0.03335661 0.03722618 0.02335820
v -0.03224111 0.03819716 0.02335820
v -0.03127237 0.03901641 0.02335820
v -0.02917835 0.04083699 0.02247256
v -0.02709411 0.04268790 0.01947125
v -0.02687883 0.04254630 0.02142292
v -0.02444233 0.04425562 0.01947125
v -0.02590032 0.04316327 0.02142292
v -0.02347360 0.04479168 0.01947125
v -0.02234830 0.04534796 0.01947125
v -0.02026406 0.04629871 0.01948765
v -0.01953018 0.04669316 0.01884802
v -0.01860058 0.04697637 0.01948765
v -0.01651634 0.04773494 0.01947125
v -0.04316135 0.02593862 0.01947125
v -0.04258402 0.02690959 0.01947125
v -0.04175228 0.02818400 0.01947125
v -0.04095969 0.02935726 0.01947125
v -0.04025516 0.03032823 0.01947125
v -0.03912007 0.03141046 0.02142292
v -0.03831769 0.03238143 0.02142292
v -0.03734896 0.03352435 0.02142292
v -0.03648787 0.03449532 0.02142292
v -0.03551913 0.03552698 0.02142292
v -0.03455040 0.03649795 0.02142292
v -0.04654701 0.01718975 0.02370261
v -0.04623389 0.01827198 0.02317779
v -0.04498139 0.02195359 0.02142292
v -0.04534344 0.02040610 0.02335820
v -0.04482482 0.02160970 0.02335820
v -0.04463891 0.02319765 0.01947125
v -0.04407137 0.02428999 0.01947125
v -0.00874692 0.04998032 0.01558430
v -0.01068439 0.04950494 0.01753597
v -0.01376671 0.04864522 0.01896283
v -0.01277841 0.04882728 0.01955325
v -0.00679968 0.05026352 0.01558430
v -0.00483286 0.05047591 0.01569910
v -0.00377606 0.05053660 0.01642073
v -0.00416747 0.05055683 0.01512508
v -0.00304217 0.05061752 0.01569910
v -0.00096772 0.05070854 0.01558430
v 0.00096974 0.05069843 0.01558430
v 0.00096974 0.05074900 0.01364902
v 0.00296592 0.05060740 0.01561710
v 0.00365088 0.05052648 0.01628952
v 0.00485446 0.05032420 0.01753597
v 0.00680170 0.05011179 0.01753597
v 0.00873917 0.04980837 0.01753597
v 0.01068641 0.04922174 0.01947125
v 0.01201720 0.04868568 0.02142292
v 0.01173343 0.04861489 0.02250537
v 0.01125395 0.04850363 0.02381742
v 0.01263366 0.04785631 0.02530987
v 0.01457112 0.04728991 0.02530987
v 0.01602911 0.04682465 0.02530987
v 0.01735011 0.04660214 0.02404702
v 0.01700763 0.04648076 0.02530987
v 0.01641073 0.04627848 0.02719595
v 0.01846562 0.04544911 0.02726155
v 0.01978662 0.04487259 0.02726155
v 0.02114675 0.04459950 0.02580189
v 0.02235033 0.04364876 0.02726155
v 0.02503147 0.04261710 0.02530987
v 0.02364197 0.04295088 0.02726155
v 0.02752668 0.04102916 0.02530987
v 0.02633289 0.04132247 0.02719595
v 0.02730162 0.04088756 0.02652352
v 0.03700851 0.03312989 0.02275138
v 0.03894597 0.03118794 0.02086530
v 0.03747819 0.03179480 0.02530987
v 0.03869155 0.03085417 0.02335820
v 0.03937652 0.02988320 0.02335820
v 0.04035503 0.02845708 0.02335820
v 0.04055073 0.02875040 0.02142292
v 0.03991470 0.03012594 0.01947125
v 0.02978705 0.03937041 0.02530987
v 0.02849541 0.04034138 0.02530987
v 0.03076557 0.03860173 0.02530987
v 0.03157774 0.03734755 0.02726155
v 0.03255626 0.03647772 0.02726155
v 0.03356413 0.03550675 0.02726155
v 0.03669538 0.03276578 0.02530987
v 0.03453286 0.03451555 0.02726155
v 0.03542331 0.03353446 0.02726155
v 0.04375049 0.02234805 0.02335820
v 0.04445501 0.02077022 0.02335820
v 0.04485621 0.01979924 0.02335820
v 0.04536504 0.01846416 0.02335820
v 0.04604021 0.01652221 0.02335820
v 0.04099107 0.02748611 0.02335820
v 0.04172495 0.02624205 0.02335820
v 0.04252734 0.02482605 0.02335820
v 0.04302638 0.02385508 0.02335820
v 0.04650012 0.01501518 0.02335820
v 0.04668603 0.01373066 0.02453904
v 0.04683281 0.01262821 0.02524427
v 0.04659797 0.00519419 0.03195213
v 0.04601086 0.00680237 0.03308377
v 0.04531611 0.00680237 0.03503545
v 0.04483664 0.00680237 0.03628190
v 0.04494428 0.00485031 0.03656071
v 0.04672518 0.01198089 0.02665473
v 0.04659797 0.01139426 0.02795038
v 0.04673496 0.01009963 0.02860640
v 0.04645119 0.01072672 0.02922963
v 0.04594236 0.01068626 0.03114850
v 0.04637291 0.00872409 0.03103369
v 0.04650012 0.00680237 0.03162412
v 0.04452351 0.00485031 0.03752835
v 0.04384834 0.00485031 0.03892240
v 0.04306553 0.00485031 0.04046406
v 0.04253713 0.00485031 0.04143170
v -0.04460955 0.00919946 0.03772516
v -0.04486397 0.01068626 0.03636390
v -0.04541194 0.01068626 0.03503545
v -0.04242746 0.01068626 0.04123489
v -0.04281887 0.01183929 0.03998844
v -0.04367018 0.01068626 0.03892240
v -0.04621432 0.01050420 0.03290337
v -0.04665465 0.00973552 0.03213254
v -0.04577399 0.01846416 0.02530987
v -0.04640024 0.01678518 0.02530987
v -0.04679164 0.01445889 0.02706474
v -0.04668400 0.01373066 0.02837679
v -0.04628282 0.01445889 0.02909842
v -0.04557828 0.01652221 0.02919682
v -0.04618496 0.01633004 0.02706474
v -0.04533365 0.01846416 0.02726155
v -0.04683078 0.01253718 0.02909842
v -0.04669379 0.01182918 0.03032847
v -0.04649809 0.01103015 0.03162412
v -0.03433513 0.03628555 0.02335820
v -0.03317069 0.03705424 0.02475225
v -0.03112559 0.03889504 0.02442424
v -0.02899243 0.04070550 0.02376821
v -0.02827811 0.04130225 0.02321059
v -0.02661464 0.04238448 0.02335820
v -0.02411942 0.04419493 0.02129172
v -0.02563612 0.04299133 0.02335820
v -0.02429555 0.04376002 0.02335820
v -0.02334639 0.04472088 0.02053729
v -0.02245594 0.04505465 0.02129172
v -0.02041084 0.04598517 0.02142292
v -0.01934426 0.04661225 0.02014367
v -0.01817004 0.04691568 0.02142292
v -0.01448103 0.04836202 0.01955325
v -0.01651634 0.04749219 0.02142292
v -0.01457888 0.04809905 0.02142292
v -0.04302436 0.02569588 0.02142292
v -0.04242746 0.02666685 0.02142292
v -0.04136088 0.02831548 0.02139012
v -0.04087162 0.02922577 0.02071770
v -0.04019644 0.02997423 0.02139012
v -0.03898308 0.03123852 0.02288258
v -0.03714347 0.03328161 0.02335820
v -0.03627259 0.03425258 0.02335820
v -0.03530386 0.03530446 0.02335820
v -0.04451170 0.02292456 0.02142292
v -0.04499117 0.02042633 0.02514587
v -0.04471719 0.02140742 0.02439144
v -0.04434535 0.02258068 0.02335820
v -0.04379738 0.02428999 0.02142292
v -0.00874692 0.04985894 0.01753597
v -0.01068439 0.04932288 0.01947125
v -0.00874692 0.04969711 0.01947125
v -0.01352208 0.04857443 0.02025848
v -0.00679968 0.05014214 0.01753597
v -0.00485243 0.05037478 0.01753597
v -0.00248442 0.05057705 0.01707675
v -0.00304217 0.05050626 0.01765078
v -0.00096772 0.05059728 0.01737197
v 0.00096974 0.05059728 0.01730636
v 0.00235924 0.05056695 0.01697835
v 0.00296592 0.05048602 0.01758518
v 0.00485446 0.05016237 0.01947125
v 0.00680170 0.04993985 0.01947125
v 0.00873917 0.04961620 0.01947125
v 0.00873917 0.04938357 0.02142292
v 0.01068641 0.04897900 0.02142292
v 0.01063749 0.04873625 0.02324339
v 0.00996231 0.04864522 0.02462105
v 0.01063749 0.04837214 0.02529347
v 0.01263366 0.04744162 0.02726155
v 0.01458091 0.04688534 0.02719595
v 0.01568663 0.04670328 0.02649072
v 0.01523652 0.04655157 0.02778637
v 0.01651837 0.04572219 0.02919682
v 0.01844605 0.04499396 0.02906562
v 0.01949306 0.04473099 0.02831119
v 0.02076513 0.04442756 0.02726155
v 0.02024652 0.04417470 0.02906562
v 0.02236990 0.04312282 0.02908202
v 0.02338756 0.04279916 0.02834399
v 0.02461070 0.04236425 0.02726155
v 0.02414102 0.04214173 0.02908202
v 0.02703742 0.04070550 0.02781917
v 0.02575557 0.04113030 0.02919682
v 0.02804529 0.04013910 0.02719595
v 0.02943479 0.03908721 0.02726155
v 0.03845671 0.03052040 0.02530987
v 0.03721400 0.03145092 0.02726155
v 0.03915146 0.02954943 0.02530987
v 0.04019847 0.02803228 0.02524427
v 0.04086386 0.02728382 0.02455544
v 0.03040352 0.03832864 0.02726155
v 0.03130376 0.03711492 0.02875401
v 0.03217464 0.03605292 0.02945924
v 0.03329014 0.03522355 0.02885241
v 0.03640183 0.03242189 0.02726155
v 0.03413167 0.03412109 0.02947563
v 0.03517868 0.03327149 0.02880321
v 0.04287961 0.02355165 0.02489986
v 0.04325144 0.02251999 0.02545748
v 0.04429846 0.02027461 0.02524427
v 0.04474857 0.01953627 0.02455544
v 0.04500299 0.01852484 0.02524427
v 0.04569773 0.01652221 0.02530987
v 0.04635334 0.01445889 0.02524427
v 0.04126505 0.02633308 0.02524427
v 0.04239035 0.02423942 0.02545748
v 0.04274261 0.02328868 0.02619551
v 0.04656861 0.01327552 0.02583470
v 0.04569773 0.00874431 0.03308377
v 0.04474857 0.00798574 0.03610149
v 0.04438652 0.00680237 0.03726594
v 0.04643162 0.01262821 0.02727795
v 0.04599129 0.01262821 0.02919682
v 0.04545311 0.01262821 0.03114850
v 0.04473879 0.01175837 0.03413342
v 0.04532589 0.01068626 0.03308377
v 0.04358413 0.00680237 0.03892240
v 0.04293831 0.00680237 0.04020165
v 0.04081494 0.00776323 0.04377699
v -0.04443342 0.01068626 0.03733154
v -0.04473676 0.01175837 0.03606869
v -0.04496182 0.01249672 0.03501905
v -0.04562721 0.01262821 0.03308377
v -0.04118475 0.01262821 0.04246494
v -0.04219262 0.01254729 0.04072647
v -0.04261338 0.01313392 0.03962763
v -0.04315156 0.01254729 0.03895520
v -0.04419858 0.01249672 0.03682312
v -0.04482482 0.01970821 0.02726155
v -0.04651766 0.01312380 0.02967244
v -0.04568592 0.01457015 0.03114850
v -0.04503031 0.01653232 0.03111570
v -0.04479547 0.01771570 0.03045967
v -0.04492268 0.01840347 0.02901642
v -0.04470740 0.01944524 0.02824559
v -0.04629260 0.01253718 0.03103369
v -0.03511794 0.03512241 0.02489986
v -0.03496138 0.03496058 0.02619551
v -0.03204540 0.03789373 0.02524427
v -0.03296521 0.03686206 0.02604790
v -0.03179099 0.03754984 0.02726155
v -0.03092011 0.03873321 0.02571989
v -0.03021558 0.03943110 0.02516227
v -0.02873801 0.04052344 0.02530987
v -0.02776928 0.04120110 0.02530987
v -0.02613516 0.04226310 0.02535908
v -0.02542084 0.04285984 0.02475225
v -0.02317026 0.04462985 0.02183294
v -0.02291584 0.04450848 0.02335820
v -0.02443254 0.04327453 0.02535908
v -0.02193733 0.04497373 0.02335820
v -0.02041084 0.04568174 0.02335820
v -0.01913877 0.04653134 0.02142292
v -0.01874736 0.04637962 0.02335820
v -0.01776885 0.04676396 0.02335820
v -0.01651634 0.04718877 0.02335820
v -0.01457888 0.04780574 0.02335820
v -0.01318939 0.04849351 0.02142292
v -0.04287758 0.02546325 0.02298098
v -0.04233940 0.02616114 0.02352221
v -0.04127281 0.02789068 0.02335820
v -0.04075420 0.02905383 0.02201335
v -0.03956041 0.03028777 0.02345660
v -0.03883630 0.03104634 0.02417823
v -0.03684992 0.03294783 0.02591670
v -0.03699669 0.03311978 0.02462105
v -0.04458020 0.02109387 0.02568709
v -0.04417900 0.02217610 0.02514587
v -0.04317113 0.02405736 0.02530987
v -0.04331791 0.02447205 0.02352221
v -0.00679968 0.04999043 0.01947125
v -0.01222066 0.04872613 0.02142292
v -0.01068439 0.04907003 0.02142292
v -0.00874692 0.04947459 0.02142292
v -0.00679968 0.04977803 0.02142292
v -0.00485243 0.05020282 0.01947125
v -0.00291497 0.05035454 0.01947125
v -0.00096772 0.05052648 0.01833960
v 0.00096974 0.05052648 0.01827400
v 0.00290721 0.05031408 0.01947125
v 0.00290721 0.05009158 0.02142292
v 0.00485446 0.04992974 0.02142292
v 0.00680170 0.04970723 0.02142292
v 0.00873917 0.04910037 0.02335820
v 0.00929692 0.04852385 0.02591670
v 0.01068641 0.04793722 0.02726155
v 0.01265323 0.04693591 0.02922963
v 0.01393509 0.04675385 0.02860640
v 0.01458091 0.04636951 0.02922963
v 0.01457112 0.04580311 0.03114850
v 0.01657708 0.04509510 0.03118130
v 0.01779044 0.04484225 0.03057448
v 0.01909187 0.04454894 0.02962324
v 0.02057922 0.04333522 0.03129611
v 0.02173387 0.04295088 0.03075489
v 0.02302551 0.04260699 0.02963964
v 0.02543266 0.04093813 0.03049248
v 0.02920973 0.03892538 0.02837679
v 0.02672430 0.04048299 0.02919682
v 0.02894553 0.03872310 0.02967244
v 0.03828058 0.03002480 0.02729435
v 0.03897532 0.02930668 0.02667113
v 0.03702808 0.03120817 0.02850800
v 0.04071708 0.02704108 0.02585110
v 0.03104934 0.03688229 0.03004966
v 0.03186151 0.03569892 0.03114850
v 0.03303573 0.03498081 0.03014806
v 0.03600064 0.03211846 0.02931163
v 0.03496341 0.03301863 0.03009886
v 0.04307531 0.02204462 0.02726155
v 0.04462136 0.01921261 0.02585110
v 0.04379941 0.02040610 0.02726155
v 0.04484642 0.01786741 0.02726155
v 0.04473879 0.01756398 0.02832759
v 0.04530632 0.01652221 0.02726155
v 0.04591301 0.01457015 0.02726155
v 0.04111828 0.02577679 0.02726155
v 0.04193044 0.02428999 0.02726155
v 0.04261541 0.02301559 0.02726155
v 0.04485621 0.01068626 0.03442863
v 0.04499320 0.00868363 0.03508465
v 0.04462136 0.00929049 0.03577348
v 0.04377984 0.01068626 0.03697073
v 0.04305574 0.01068626 0.03852879
v 0.04425931 0.00868363 0.03683952
v 0.04271326 0.00942197 0.03979164
v 0.04319273 0.00876454 0.03905360
v 0.04545311 0.01457015 0.02919682
v 0.04494428 0.01449935 0.03108290
v 0.04476814 0.01381158 0.03229655
v 0.04490513 0.01249672 0.03300177
v 0.04454308 0.01306312 0.03359220
v 0.04354500 0.01457015 0.03503545
v 0.04422017 0.01249672 0.03488785
v 0.04446480 0.01068626 0.03539627
v 0.04282089 0.00812734 0.04000485
v 0.04105956 0.01068626 0.04223533
v -0.04456063 0.01305300 0.03564227
v -0.04482482 0.01398352 0.03434663
v -0.04504988 0.01461061 0.03313298
v -0.04096947 0.01402398 0.04208772
v -0.04245682 0.01475221 0.03895520
v -0.04296564 0.01421615 0.03833198
v -0.04335705 0.01475221 0.03715113
v -0.04483461 0.01588501 0.03250976
v -0.04458998 0.01718975 0.03175532
v -0.04453127 0.01901033 0.02954124
v -0.04430621 0.01840347 0.03111570
v -0.04413008 0.02021393 0.02901642
v -0.04438449 0.02067919 0.02726155
v -0.03666400 0.03273543 0.02726155
v -0.03568548 0.03380755 0.02726155
v -0.03538214 0.03346366 0.02919682
v -0.03478525 0.03477852 0.02726155
v -0.03347404 0.03538538 0.02919682
v -0.03380673 0.03569892 0.02726155
v -0.03275972 0.03666990 0.02726155
v -0.03144851 0.03724641 0.02919682
v -0.03066569 0.03852081 0.02726155
v -0.02969696 0.03929961 0.02726155
v -0.02839553 0.04027059 0.02726155
v -0.02742680 0.04096847 0.02726155
v -0.02624280 0.04172704 0.02726155
v -0.02517621 0.04270813 0.02604790
v -0.02163398 0.04483213 0.02489986
v -0.02230916 0.04437699 0.02545748
v -0.02393350 0.04310259 0.02726155
v -0.02057719 0.04518614 0.02545748
v -0.01828746 0.04620768 0.02514587
v -0.01752422 0.04666282 0.02439144
v -0.01650656 0.04685500 0.02514587
v -0.01457888 0.04745174 0.02530987
v -0.01254357 0.04837214 0.02335820
v -0.01263163 0.04800802 0.02530987
v -0.01144763 0.04854408 0.02399782
v -0.01183904 0.04863511 0.02270217
v -0.04275037 0.02524073 0.02427663
v -0.04105754 0.02756703 0.02530987
v -0.04061721 0.02886165 0.02335820
v -0.03943320 0.02989331 0.02530987
v -0.03869931 0.03086429 0.02530987
v -0.03747617 0.03176446 0.02726155
v -0.04357233 0.02234805 0.02726155
v -0.04262316 0.02502834 0.02530987
v -0.04291672 0.02360222 0.02726155
v -0.01075288 0.04878683 0.02335820
v -0.00874692 0.04919139 0.02335820
v -0.00679968 0.04950494 0.02335820
v -0.00485243 0.04971734 0.02335820
v -0.00485243 0.04998032 0.02142292
v -0.00096772 0.05042534 0.01947125
v -0.00291497 0.05013203 0.02142292
v 0.00096974 0.05040511 0.01947125
v 0.00096974 0.05017249 0.02142292
v 0.00290721 0.04980837 0.02335820
v 0.00485446 0.04962632 0.02335820
v 0.00680170 0.04940380 0.02335820
v 0.00680170 0.04903968 0.02530987
v 0.00869024 0.04874637 0.02529347
v 0.00800528 0.04863511 0.02645792
v 0.00869024 0.04835191 0.02716315
v 0.00873917 0.04784619 0.02919682
v 0.01068641 0.04743151 0.02919682
v 0.01201720 0.04674374 0.03049248
v 0.01330884 0.04657179 0.02990205
v 0.01265323 0.04638974 0.03113210
v 0.01263366 0.04577276 0.03308377
v 0.01466898 0.04511533 0.03318218
v 0.01537351 0.04465008 0.03388741
v 0.01597040 0.04486248 0.03259176
v 0.01726204 0.04461974 0.03187013
v 0.01846562 0.04369933 0.03308377
v 0.01844605 0.04434665 0.03118130
v 0.01998232 0.04302168 0.03308377
v 0.02133267 0.04273847 0.03205054
v 0.02236990 0.04241482 0.03129611
v 0.02437586 0.04133259 0.03114850
v 0.02507061 0.04070550 0.03178813
v 0.02614697 0.04020990 0.03114850
v 0.02763432 0.03917824 0.03114850
v 0.02860305 0.03845001 0.03114850
v 0.02981641 0.03747904 0.03114850
v 0.03755648 0.03022709 0.02918042
v 0.03879919 0.02904371 0.02796678
v 0.03948415 0.02831548 0.02729435
v 0.03681280 0.03094520 0.02980365
v 0.04053117 0.02674777 0.02726155
v 0.03079493 0.03666990 0.03114850
v 0.03283024 0.03477852 0.03114850
v 0.03142118 0.03528424 0.03308377
v 0.03377940 0.03380755 0.03114850
v 0.03474813 0.03277589 0.03114850
v 0.03558966 0.03180492 0.03114850
v 0.04288939 0.02165016 0.02870481
v 0.04446480 0.01883839 0.02726155
v 0.04323187 0.02053759 0.02929523
v 0.04422996 0.01831244 0.02906562
v 0.04356457 0.01846416 0.03114850
v 0.04455287 0.01703804 0.02962324
v 0.04476814 0.01574341 0.03039407
v 0.04490513 0.01644129 0.02906562
v 0.04094214 0.02546325 0.02862280
v 0.04133355 0.02440125 0.02922963
v 0.04240013 0.02231770 0.02929523
v 0.04322209 0.01267878 0.03706913
v 0.04287961 0.01205169 0.03818437
v 0.04256648 0.01068626 0.03951282
v 0.04183259 0.01068626 0.04085768
v 0.04457244 0.01510621 0.03168972
v 0.04431802 0.01449935 0.03300177
v 0.04362328 0.01652221 0.03308377
v 0.04298724 0.01637050 0.03492064
v 0.04279154 0.01562204 0.03606869
v 0.04295789 0.01457015 0.03641311
v 0.04090300 0.01194043 0.04197292
v -0.04434535 0.01461061 0.03501905
v -0.04461934 0.01527815 0.03380541
v -0.04073463 0.01531861 0.04169411
v -0.04138045 0.01463084 0.04097248
v -0.04275037 0.01551078 0.03792197
v -0.04300478 0.01652221 0.03654431
v -0.04367018 0.01652221 0.03503545
v -0.04439428 0.01653232 0.03313298
v -0.04363104 0.01846416 0.03308377
v -0.04330812 0.02054770 0.03124690
v -0.04307328 0.02234805 0.02903282
v -0.04292650 0.02170073 0.03067288
v -0.03718261 0.03140035 0.02919682
v -0.03635087 0.03237132 0.02919682
v -0.03444277 0.03443464 0.02919682
v -0.03514730 0.03321081 0.03055808
v -0.03241724 0.03636647 0.02919682
v -0.03320983 0.03515275 0.03059088
v -0.03121366 0.03703401 0.03042687
v -0.03007858 0.03832864 0.02934443
v -0.02940341 0.03906699 0.02878681
v -0.02723110 0.04083699 0.02827839
v -0.02490223 0.04255642 0.02726155
v -0.02134043 0.04469053 0.02619551
v -0.02234830 0.04394208 0.02726155
v -0.02358123 0.04291042 0.02873761
v -0.02009771 0.04500408 0.02726155
v -0.01714260 0.04653134 0.02568709
v -0.01846359 0.04568174 0.02726155
v -0.01584117 0.04675385 0.02672033
v -0.01467673 0.04698648 0.02731075
v -0.01263163 0.04759334 0.02726155
v -0.01075288 0.04843282 0.02539188
v -0.01015599 0.04869580 0.02478505
v -0.04188928 0.02624205 0.02530987
v -0.04040193 0.02853800 0.02530987
v -0.04089119 0.02733440 0.02655632
v -0.03916900 0.02954943 0.02726155
v -0.03844490 0.03052040 0.02726155
v -0.04259381 0.02299536 0.02957404
v -0.04277973 0.02334936 0.02827839
v -0.04236875 0.02457319 0.02726155
v -0.04132174 0.02633308 0.02722875
v -0.00878606 0.04881717 0.02539188
v -0.00679968 0.04914083 0.02530987
v -0.00485243 0.04937345 0.02530987
v -0.00291497 0.04984882 0.02335820
v -0.00096772 0.05019272 0.02142292
v 0.00096974 0.04988929 0.02335820
v 0.00096974 0.04953529 0.02530987
v 0.00290721 0.04944426 0.02530987
v 0.00485446 0.04927231 0.02530987
v 0.00680170 0.04872613 0.02683513
v 0.00680170 0.04815974 0.02919682
v 0.00680170 0.04763380 0.03114850
v 0.00873917 0.04731014 0.03114850
v 0.01000145 0.04672351 0.03232934
v 0.01066684 0.04689545 0.03113210
v 0.01129309 0.04655157 0.03178813
v 0.01408186 0.04485236 0.03444503
v 0.01066684 0.04631894 0.03301818
v 0.01068641 0.04559071 0.03503545
v 0.01261409 0.04505465 0.03506825
v 0.01657708 0.04443768 0.03318218
v 0.01466898 0.04440733 0.03506825
v 0.01651837 0.04376002 0.03503545
v 0.01836777 0.04305202 0.03492064
v 0.01955177 0.04281939 0.03419902
v 0.02095105 0.04253619 0.03308377
v 0.02228183 0.04112019 0.03485505
v 0.02333863 0.04082687 0.03408422
v 0.02367133 0.04101904 0.03308377
v 0.02464006 0.04045264 0.03308377
v 0.02566750 0.03914790 0.03464184
v 0.02628396 0.03941087 0.03301818
v 0.02733098 0.03896584 0.03232934
v 0.02944457 0.03717561 0.03269016
v 0.03730206 0.02965057 0.03114850
v 0.03861327 0.02878074 0.02919682
v 0.03926888 0.02779965 0.02919682
v 0.03655839 0.03062154 0.03114850
v 0.03010996 0.03636647 0.03323138
v 0.03238991 0.03434361 0.03308377
v 0.03335864 0.03336252 0.03308377
v 0.03114719 0.03503138 0.03416622
v 0.03445458 0.03206789 0.03326418
v 0.03525696 0.03142057 0.03273936
v 0.04271326 0.02127593 0.03000046
v 0.04297746 0.01991050 0.03114850
v 0.04432781 0.01644129 0.03108290
v 0.04281111 0.01953627 0.03223094
v 0.03903404 0.02746588 0.03065648
v 0.04073665 0.02511937 0.02991845
v 0.04106935 0.02377416 0.03114850
v 0.04181302 0.02234805 0.03114850
v 0.04268390 0.01334632 0.03779076
v 0.04236099 0.01267878 0.03887320
v 0.04129441 0.01260798 0.04093968
v 0.04299703 0.01835290 0.03296897
v 0.04281111 0.01762467 0.03418262
v 0.04254691 0.01691667 0.03547827
v 0.04215550 0.01637050 0.03682312
v 0.04175431 0.01457015 0.03892240
v 0.04249799 0.01457015 0.03738074
v 0.04069751 0.01323506 0.04164491
v -0.04049000 0.01652221 0.04126769
v -0.04105754 0.01652221 0.04030006
v -0.04255467 0.01652221 0.03751195
v -0.04181100 0.01652221 0.03892240
v -0.04280908 0.01758421 0.03608509
v -0.04300478 0.01832256 0.03488785
v -0.03887545 0.01943513 0.04184172
v -0.03910051 0.01846416 0.04218613
v -0.04279930 0.01950593 0.03413342
v -0.04298522 0.01990039 0.03308377
v -0.04271123 0.02128604 0.03196853
v -0.04238832 0.02234805 0.03124690
v -0.03822963 0.03001469 0.02919682
v -0.03698691 0.03116772 0.03032847
v -0.03593989 0.03204766 0.03108290
v -0.03487331 0.03292760 0.03185373
v -0.03294564 0.03488978 0.03188653
v -0.03208454 0.03596189 0.03116490
v -0.02911964 0.03884447 0.03008246
v -0.03092011 0.03678115 0.03172252
v -0.03021558 0.03759030 0.03109930
v -0.02887501 0.03865230 0.03114850
v -0.02818026 0.03984578 0.02918042
v -0.02790628 0.03940076 0.03114850
v -0.02693755 0.04063470 0.02957404
v -0.02626237 0.04122133 0.02903282
v -0.02425641 0.04235413 0.02931163
v -0.02106645 0.04456916 0.02726155
v -0.02250486 0.04332510 0.02931163
v -0.02324854 0.04272836 0.03003326
v -0.01971609 0.04483213 0.02865561
v -0.01650656 0.04638974 0.02731075
v -0.01856144 0.04511533 0.02926243
v -0.01539105 0.04660214 0.02801598
v -0.01409941 0.04680442 0.02880321
v -0.01353187 0.04663248 0.03009886
v -0.01277841 0.04702694 0.02934443
v -0.01068439 0.04757311 0.02919682
v -0.01068439 0.04804848 0.02726155
v -0.00946124 0.04855420 0.02609710
v -0.04021601 0.02806263 0.02722875
v -0.04071506 0.02704108 0.02785197
v -0.03897330 0.02929657 0.02854080
v -0.04132174 0.02437091 0.03113210
v -0.04212412 0.02411805 0.02903282
v -0.04111625 0.02574645 0.02919682
v -0.00597772 0.04862499 0.02832759
v -0.00291497 0.04949483 0.02530987
v -0.00485243 0.04895877 0.02726155
v -0.00291497 0.04909025 0.02726155
v -0.00096772 0.04989940 0.02335820
v -0.00096772 0.04954540 0.02530987
v 0.00096974 0.04914083 0.02726155
v 0.00290721 0.04904980 0.02726155
v 0.00495231 0.04882728 0.02740915
v 0.00566662 0.04857443 0.02814719
v 0.00485446 0.04787654 0.03114850
v 0.00437498 0.04865534 0.02844240
v 0.00495231 0.04840248 0.02913122
v 0.00485446 0.04730002 0.03308377
v 0.00691913 0.04698648 0.03324778
v 0.00873917 0.04684488 0.03272296
v 0.00873917 0.04653134 0.03369060
v 0.01325013 0.04459950 0.03574068
v 0.00873917 0.04602562 0.03503545
v 0.01068641 0.04496362 0.03656071
v 0.01195849 0.04479168 0.03619990
v 0.01457112 0.04360830 0.03697073
v 0.01636181 0.04301156 0.03687232
v 0.01766324 0.04283962 0.03616710
v 0.01895488 0.04253619 0.03549467
v 0.02028566 0.04215185 0.03492064
v 0.02158709 0.04093813 0.03623269
v 0.02287873 0.04054367 0.03537986
v 0.02427801 0.03984578 0.03501905
v 0.02522717 0.03884447 0.03595389
v 0.02628396 0.03845001 0.03518306
v 0.02695914 0.03869275 0.03362500
v 0.02822143 0.03793418 0.03314938
v 0.02911188 0.03689241 0.03398581
v 0.03705743 0.02931680 0.03241135
v 0.03836865 0.02814354 0.03124690
v 0.03602020 0.03020686 0.03323138
v 0.03310423 0.03309955 0.03416622
v 0.03013932 0.03555732 0.03490425
v 0.03078514 0.03470772 0.03546187
v 0.03194958 0.03390869 0.03480585
v 0.03497319 0.03108680 0.03403501
v 0.04252734 0.02088147 0.03114850
v 0.04117699 0.02233793 0.03298537
v 0.04218486 0.02027461 0.03296897
v 0.04256648 0.01892941 0.03352659
v 0.03881876 0.02712199 0.03195213
v 0.04051159 0.02474514 0.03114850
v 0.04087365 0.02342016 0.03226374
v 0.04104978 0.01457015 0.04028365
v 0.04222400 0.01835290 0.03492064
v 0.04125527 0.01845404 0.03698713
v 0.04095193 0.01779661 0.03818437
v 0.04113785 0.01638061 0.03887320
v 0.04085407 0.01564227 0.03995564
v 0.04048224 0.01457015 0.04125129
v -0.04084226 0.01755387 0.03993924
v -0.04111625 0.01830233 0.03882400
v -0.04211434 0.01832256 0.03683952
v -0.04117496 0.02032519 0.03690512
v -0.04093033 0.02156925 0.03621630
v -0.04252531 0.01887884 0.03542906
v -0.03894394 0.02150856 0.04000485
v -0.03914943 0.02021393 0.04074287
v -0.04055849 0.01884850 0.03939802
v -0.04250574 0.02087136 0.03308377
v -0.04110646 0.02227725 0.03485505
v -0.04173271 0.02234805 0.03308377
v -0.04101840 0.02367302 0.03308377
v -0.03876781 0.02900326 0.02983645
v -0.03853296 0.02868971 0.03114850
v -0.03746638 0.03017652 0.03103369
v -0.03674228 0.03085417 0.03162412
v -0.03547021 0.03165320 0.03308377
v -0.03459933 0.03262417 0.03308377
v -0.03363060 0.03365583 0.03308377
v -0.03268144 0.03462681 0.03308377
v -0.03170292 0.03552698 0.03308377
v -0.03058741 0.03649795 0.03308377
v -0.02961868 0.03730709 0.03308377
v -0.02818026 0.03837921 0.03323138
v -0.02752465 0.03910744 0.03267376
v -0.02652657 0.04037173 0.03114850
v -0.02555784 0.04099882 0.03114850
v -0.02038148 0.04435676 0.02926243
v -0.02192754 0.04305202 0.03114850
v -0.02429555 0.04174727 0.03114850
v -0.02289627 0.04253619 0.03114850
v -0.01926598 0.04463996 0.02995126
v -0.01651634 0.04588402 0.02919682
v -0.01797433 0.04489282 0.03080409
v -0.01457888 0.04599528 0.03114850
v -0.01467673 0.04647065 0.02934443
v -0.01263163 0.04595482 0.03308377
v -0.01277841 0.04649088 0.03124690
v -0.01224023 0.04680442 0.03067288
v -0.01077245 0.04698648 0.03124690
v -0.00874692 0.04744162 0.03114850
v -0.00874692 0.04795745 0.02919682
v -0.00878606 0.04841259 0.02722875
v -0.03947234 0.02828514 0.02919682
v -0.04051935 0.02671742 0.02919682
v -0.04092054 0.02543291 0.03047607
v -0.04048022 0.02464399 0.03308377
v -0.04070527 0.02506879 0.03177173
v -0.00679968 0.04772482 0.03114850
v -0.00485243 0.04793722 0.03114850
v -0.00485243 0.04841259 0.02949204
v -0.00485243 0.04866545 0.02852440
v -0.00096772 0.04915094 0.02726155
v -0.00291497 0.04873625 0.02877041
v 0.00096974 0.04876660 0.02886881
v 0.00290721 0.04871602 0.02870481
v 0.00290721 0.04846317 0.02967244
v 0.00290721 0.04805860 0.03114850
v 0.00290721 0.04747197 0.03308377
v 0.00485446 0.04682465 0.03451063
v 0.00636137 0.04673362 0.03428102
v 0.00765301 0.04663248 0.03400221
v 0.01261409 0.04427585 0.03690512
v 0.00691913 0.04637962 0.03496985
v 0.00880766 0.04513556 0.03710193
v 0.00949262 0.04466019 0.03783996
v 0.01068641 0.04451859 0.03754475
v 0.01560835 0.04278905 0.03798757
v 0.02034437 0.04121122 0.03692153
v 0.01689999 0.04252607 0.03746274
v 0.01965941 0.04092802 0.03816797
v 0.02095105 0.04059424 0.03752835
v 0.02150881 0.03895573 0.04002124
v 0.02223291 0.03919847 0.03877480
v 0.02228183 0.04015933 0.03692153
v 0.02382789 0.03918836 0.03697073
v 0.02627418 0.03755995 0.03693792
v 0.02740926 0.03707447 0.03626550
v 0.02781045 0.03739813 0.03503545
v 0.02338756 0.03891527 0.03802037
v 0.02479662 0.03858150 0.03697073
v 0.02563814 0.03721607 0.03839758
v 0.02877918 0.03662944 0.03503545
v 0.02949350 0.03527412 0.03651151
v 0.03679323 0.02896280 0.03370700
v 0.03275196 0.03273543 0.03546187
v 0.03364241 0.03207801 0.03490425
v 0.02906295 0.03491000 0.03780716
v 0.03146032 0.03341309 0.03657711
v 0.03334885 0.03144080 0.03654431
v 0.03471878 0.03077326 0.03503545
v 0.03551138 0.02980229 0.03503545
v 0.03648011 0.02856834 0.03503545
v 0.04063880 0.02297513 0.03355939
v 0.04097150 0.02167039 0.03441223
v 0.04127484 0.02043644 0.03505185
v 0.03719443 0.02758725 0.03503545
v 0.03858392 0.02675788 0.03308377
v 0.03895576 0.02540257 0.03424822
v 0.03918081 0.02578691 0.03308377
v 0.04017890 0.02415851 0.03298537
v 0.04099107 0.01980936 0.03634750
v 0.04067794 0.01909124 0.03764315
v 0.04031589 0.01845404 0.03887320
v 0.04060945 0.01694701 0.03948002
v 0.04013976 0.01638061 0.04071007
v 0.03915146 0.01652221 0.04228453
v -0.04090098 0.01961718 0.03810237
v -0.04059764 0.02091181 0.03751195
v -0.03919835 0.02223679 0.03877480
v -0.04016709 0.02227725 0.03690512
v -0.03887545 0.02526097 0.03600309
v -0.04054871 0.02287399 0.03537986
v -0.01570418 0.04087744 0.04194012
v -0.03686949 0.02322799 0.04174331
v -0.03728046 0.02387531 0.04044766
v -0.03857211 0.02280319 0.03933242
v -0.04017687 0.02032519 0.03882400
v -0.04083248 0.02333925 0.03408422
v -0.03922771 0.02771874 0.03114850
v -0.03899287 0.02738497 0.03244415
v -0.03823941 0.02809297 0.03308377
v -0.03720218 0.02950897 0.03308377
v -0.03698691 0.02922577 0.03418262
v -0.03643894 0.03047994 0.03308377
v -0.03516687 0.03130932 0.03441223
v -0.03328812 0.03330183 0.03455983
v -0.03136044 0.03521343 0.03449423
v -0.02929577 0.03705424 0.03433022
v -0.02824876 0.03755995 0.03500265
v -0.02715282 0.03883436 0.03396941
v -0.02622323 0.03983567 0.03305097
v -0.02528385 0.04082687 0.03214894
v -0.02041084 0.04377013 0.03114850
v -0.02153613 0.04283962 0.03231294
v -0.02424662 0.04115053 0.03290337
v -0.02225045 0.04220242 0.03301818
v -0.01856144 0.04450848 0.03132891
v -0.01671205 0.04520636 0.03132891
v -0.01748508 0.04470065 0.03209974
v -0.01618365 0.04493328 0.03275576
v -0.01476480 0.04524682 0.03328058
v -0.01354165 0.04469053 0.03595389
v -0.01278820 0.04516591 0.03519946
v -0.01077245 0.04642008 0.03311658
v -0.01147698 0.04661225 0.03196853
v -0.01018534 0.04676396 0.03249335
v -0.00916769 0.04657179 0.03378901
v -0.00860993 0.04686511 0.03311658
v -0.04025516 0.02614091 0.03113210
v -0.03945277 0.02632297 0.03308377
v -0.03917878 0.02573634 0.03470744
v -0.00786626 0.04666282 0.03410062
v -0.00679968 0.04711797 0.03308377
v -0.00291497 0.04807882 0.03114850
v -0.00485243 0.04731014 0.03308377
v -0.00291497 0.04848340 0.02973805
v -0.00096772 0.04876660 0.02886881
v -0.00096772 0.04851374 0.02985285
v 0.00096974 0.04851374 0.02985285
v 0.00096974 0.04814962 0.03114850
v 0.00096974 0.04756300 0.03308377
v 0.00096974 0.04694602 0.03487144
v 0.00290721 0.04690557 0.03472384
v 0.00485446 0.04645042 0.03547827
v 0.01266302 0.04324419 0.03900441
v 0.01457112 0.04296099 0.03833198
v 0.00680170 0.04555025 0.03697073
v 0.00819120 0.04479168 0.03813517
v 0.00880766 0.04431631 0.03884039
v 0.01068641 0.04384093 0.03892240
v 0.01332841 0.04266768 0.03970964
v 0.01457112 0.04245527 0.03929962
v 0.01468855 0.04146408 0.04100528
v 0.01636181 0.04207093 0.03875839
v 0.01761431 0.04087744 0.03998844
v 0.01834820 0.04116064 0.03885680
v 0.01891574 0.04058413 0.03946362
v 0.02034437 0.04019979 0.03885680
v 0.02022695 0.03917824 0.04074287
v 0.01945392 0.03888493 0.04185811
v 0.02317228 0.03683173 0.04167771
v 0.02378875 0.03723630 0.04038206
v 0.02508039 0.03681149 0.03969323
v 0.02423887 0.03787350 0.03885680
v 0.02693957 0.03672047 0.03757755
v 0.02627418 0.03637658 0.03900441
v 0.03696937 0.02726359 0.03606869
v 0.02767346 0.03535504 0.03892240
v 0.02728205 0.03504149 0.03997204
v 0.02865198 0.03454589 0.03892240
v 0.02930758 0.03318046 0.04010325
v 0.02970877 0.03357492 0.03892240
v 0.03104934 0.03298829 0.03787276
v 0.03297702 0.03102612 0.03783996
v 0.03517868 0.02938760 0.03634750
v 0.03408274 0.03020686 0.03710193
v 0.03930802 0.02427988 0.03495345
v 0.04034525 0.02233793 0.03505185
v 0.04068773 0.02110399 0.03570788
v 0.03866220 0.02490696 0.03554387
v 0.04038439 0.02043644 0.03698713
v 0.03939609 0.02040610 0.03893881
v 0.03903404 0.01974867 0.04015245
v 0.03926888 0.01833267 0.04082488
v 0.03892640 0.01760444 0.04192372
v -0.03892437 0.02341005 0.03803676
v -0.03862103 0.02483616 0.03697073
v -0.03725111 0.02573634 0.03849599
v -0.03680099 0.02703097 0.03770876
v -0.03714347 0.02750634 0.03639670
v -0.03853296 0.02632297 0.03521586
v -0.01457888 0.04107973 0.04226813
v -0.01440275 0.04207093 0.04067727
v -0.01494093 0.04254630 0.03946362
v -0.01641849 0.04121122 0.04084128
v -0.01699582 0.04060436 0.04148090
v -0.02097838 0.03866241 0.04149730
v -0.02234830 0.03728687 0.04236653
v -0.02338553 0.03697332 0.04189092
v -0.02417813 0.03588098 0.04269455
v -0.02558719 0.03523366 0.04218613
v -0.02688862 0.03473806 0.04148090
v -0.02767143 0.03343332 0.04236653
v -0.02950126 0.03336252 0.04031646
v -0.03021558 0.03215892 0.04097248
v -0.03093968 0.03093509 0.04162851
v -0.03337618 0.02760748 0.04228453
v -0.03466783 0.02678823 0.04136609
v -0.03513751 0.02548348 0.04203853
v -0.03655636 0.02443159 0.04100528
v -0.03686949 0.02516994 0.03979164
v -0.03790671 0.02428999 0.03890600
v -0.03875802 0.02703097 0.03373980
v -0.03740767 0.02816377 0.03490425
v -0.03667378 0.02880097 0.03547827
v -0.03592033 0.03007537 0.03493705
v -0.03483417 0.03091486 0.03570788
v -0.03296521 0.03295795 0.03585548
v -0.03096903 0.03486955 0.03578988
v -0.02893372 0.03675081 0.03562587
v -0.02764208 0.03725652 0.03656071
v -0.02682012 0.03860173 0.03503545
v -0.02585139 0.03925915 0.03503545
v -0.02486309 0.04056390 0.03344459
v -0.02357145 0.04096847 0.03439583
v -0.02039127 0.04312282 0.03301818
v -0.01846359 0.04394208 0.03308377
v -0.02102731 0.04259688 0.03360860
v -0.02239723 0.04132247 0.03503545
v -0.01671205 0.04455905 0.03328058
v -0.01553783 0.04470065 0.03405141
v -0.01476480 0.04453882 0.03519946
v -0.01651634 0.04395219 0.03503545
v -0.01786670 0.04291042 0.03634750
v -0.01713281 0.04262722 0.03764315
v -0.01457888 0.04386116 0.03697073
v -0.01440275 0.04304190 0.03885680
v -0.01278820 0.04443768 0.03698713
v -0.01224023 0.04486248 0.03634750
v -0.01068439 0.04576265 0.03503545
v -0.00860993 0.04624813 0.03485505
v -0.00679968 0.04672351 0.03428102
v -0.00679968 0.04637962 0.03524866
v -0.00096772 0.04814962 0.03114850
v -0.00291497 0.04745174 0.03308377
v -0.00096772 0.04754277 0.03308377
v -0.00485243 0.04681454 0.03454343
v -0.00096772 0.04692579 0.03485505
v -0.00096772 0.04658191 0.03582268
v 0.00096974 0.04659202 0.03583908
v 0.00290721 0.04653134 0.03569148
v 0.00290721 0.04599528 0.03697073
v 0.00485446 0.04580311 0.03697073
v 0.01202698 0.04288008 0.04010325
v 0.00485446 0.04503442 0.03861079
v 0.00680170 0.04490293 0.03834838
v 0.00680170 0.04443768 0.03933242
v 0.00871960 0.04321384 0.04098888
v 0.00934585 0.04269801 0.04171051
v 0.01068641 0.04306213 0.04043126
v 0.01266302 0.04227322 0.04079207
v 0.01411122 0.04100893 0.04213693
v 0.01541265 0.04076619 0.04174331
v 0.01651837 0.04109996 0.04038206
v 0.01651837 0.04053356 0.04134970
v 0.01834820 0.04009864 0.04072647
v 0.01846562 0.03912767 0.04221893
v 0.02437586 0.03647772 0.04095608
v 0.02419973 0.03544606 0.04271095
v 0.02541309 0.03509207 0.04198932
v 0.02613719 0.03540561 0.04071007
v 0.03728249 0.02614091 0.03682312
v 0.03833929 0.02427988 0.03698713
v 0.03481663 0.02894257 0.03764315
v 0.03531567 0.02764794 0.03847959
v 0.03660731 0.02672754 0.03736434
v 0.03703786 0.02543291 0.03813517
v 0.02670473 0.03458635 0.04126769
v 0.02750711 0.03329172 0.04216973
v 0.02804529 0.03388846 0.04067727
v 0.02879875 0.03271521 0.04139890
v 0.03004147 0.03198697 0.04074287
v 0.03125483 0.03125874 0.04010325
v 0.03068729 0.03263429 0.03892240
v 0.03165602 0.03166331 0.03892240
v 0.03262475 0.03063166 0.03892240
v 0.03312380 0.02925611 0.04000485
v 0.03346628 0.02966068 0.03892240
v 0.03904382 0.02361233 0.03634750
v 0.03873070 0.02305605 0.03764315
v 0.03940587 0.02237839 0.03698713
v 0.03907318 0.02175130 0.03829918
v 0.03870134 0.02105342 0.03959483
v 0.03702808 0.02154902 0.04197292
v 0.03535482 0.02392588 0.04238293
v 0.03495362 0.02522051 0.04179251
v -0.03649765 0.02632297 0.03905360
v -0.03539193 0.02808286 0.03875839
v -0.03502009 0.02919543 0.03800397
v -0.03633130 0.02816377 0.03701993
v -0.01829724 0.03922881 0.04272735
v -0.01968674 0.03900630 0.04203853
v -0.01263163 0.04237436 0.04115289
v -0.01363951 0.04277893 0.03990644
v -0.01583138 0.04286996 0.03816797
v -0.01649677 0.04226310 0.03885680
v -0.01786670 0.04098870 0.04016885
v -0.01849295 0.04030093 0.04084128
v -0.02036191 0.03938053 0.04085768
v -0.02170248 0.03905687 0.04020165
v -0.02234830 0.03826796 0.04085768
v -0.02299412 0.03867253 0.03956202
v -0.02413899 0.03723630 0.04069367
v -0.02468696 0.03652830 0.04121849
v -0.02609602 0.03586075 0.04071007
v -0.02746595 0.03519320 0.04018525
v -0.02821940 0.03405029 0.04089048
v -0.02876737 0.03465715 0.03938162
v -0.03002966 0.03391881 0.03877480
v -0.03079290 0.03274555 0.03946362
v -0.03143872 0.03145092 0.04033286
v -0.03213347 0.03019674 0.04093968
v -0.03330769 0.02946851 0.04025085
v -0.03399265 0.02813343 0.04080848
v -0.03510816 0.02736474 0.04007044
v -0.03549957 0.02618137 0.04077567
v -0.03530386 0.02953931 0.03697073
v -0.03447212 0.03051029 0.03697073
v -0.03316091 0.03122840 0.03813517
v -0.03261294 0.03259383 0.03697073
v -0.03125281 0.03319058 0.03816797
v -0.03059720 0.03452566 0.03697073
v -0.02961868 0.03540561 0.03697073
v -0.02925663 0.03508195 0.03808597
v -0.02824876 0.03645749 0.03711833
v -0.02545020 0.03899618 0.03621630
v -0.02714304 0.03688229 0.03785636
v -0.02424662 0.04027059 0.03503545
v -0.02307240 0.04068527 0.03569148
v -0.01972588 0.04290031 0.03442863
v -0.01915834 0.04265756 0.03572427
v -0.01849295 0.04318351 0.03505185
v -0.02039127 0.04233390 0.03505185
v -0.02177098 0.04102916 0.03642950
v -0.01849295 0.04236425 0.03698713
v -0.01849295 0.04136293 0.03897160
v -0.01263163 0.04355773 0.03892240
v -0.01106601 0.04457927 0.03764315
v -0.01052782 0.04497373 0.03698713
v -0.00874692 0.04535808 0.03697073
v -0.00679968 0.04569185 0.03697073
v -0.00485243 0.04648076 0.03551107
v -0.00485243 0.04590425 0.03697073
v -0.00291497 0.04687522 0.03470744
v -0.00291497 0.04653134 0.03567507
v -0.00291497 0.04602562 0.03697073
v -0.00096772 0.04610654 0.03697073
v 0.00096974 0.04609642 0.03697073
v 0.00290721 0.04513556 0.03880760
v 0.01068641 0.04251596 0.04141530
v 0.01263366 0.04125167 0.04254694
v 0.00485446 0.04455905 0.03957843
v 0.00485446 0.04389150 0.04085768
v 0.00680170 0.04361842 0.04085768
v 0.00805420 0.04281939 0.04192372
v 0.03598107 0.02627240 0.03895520
v 0.03491448 0.02710177 0.03977523
v 0.03535482 0.02580714 0.04049686
v 0.03665624 0.02481594 0.03943082
v 0.03737056 0.02421919 0.03884039
v 0.02947393 0.03142057 0.04221893
v 0.03076557 0.03075303 0.04139890
v 0.03194958 0.03000457 0.04071007
v 0.03136247 0.02945840 0.04218613
v 0.03317272 0.02737485 0.04202212
v 0.03351520 0.02809297 0.04074287
v 0.03836865 0.02237839 0.03893881
v 0.03734120 0.02225702 0.04079207
v 0.03704765 0.02352130 0.04008685
v 0.03664646 0.02284365 0.04138250
v -0.03459933 0.02866949 0.03929962
v -0.03274015 0.03076314 0.03943082
v -0.00841423 0.04289019 0.04205493
v -0.00970587 0.04275870 0.04182532
v -0.01916812 0.04069539 0.03966043
v -0.01068439 0.04263733 0.04161211
v -0.01068439 0.04318351 0.04064447
v -0.01263163 0.04292053 0.04016885
v -0.02047934 0.04040207 0.03897160
v -0.02117408 0.04071562 0.03772516
v -0.02234830 0.03942098 0.03890600
v -0.02529364 0.03695310 0.03992284
v -0.02360080 0.03905687 0.03826638
v -0.02669292 0.03655864 0.03892240
v -0.02814112 0.03552698 0.03880760
v -0.03199647 0.03198697 0.03880760
v -0.02572419 0.03724641 0.03892240
v -0.02490223 0.03862195 0.03751195
v -0.02426619 0.03936030 0.03690512
v -0.02239723 0.04039196 0.03703633
v -0.02047934 0.04140339 0.03703633
v -0.01987266 0.04104939 0.03836478
v -0.01052782 0.04418482 0.03874199
v -0.00976458 0.04472088 0.03797117
v -0.00874692 0.04482202 0.03818437
v -0.00679968 0.04498385 0.03854518
v -0.00485243 0.04509510 0.03875839
v -0.00280733 0.04507488 0.03907001
v -0.00209301 0.04472088 0.03990644
v -0.00096772 0.04520636 0.03892240
v 0.00088168 0.04509510 0.03910281
v 0.00146879 0.04470065 0.03987364
v 0.00290721 0.04465008 0.03977523
v 0.00290721 0.04408368 0.04085768
v 0.00485446 0.04307225 0.04235014
v 0.00680170 0.04292053 0.04210413
v -0.00679968 0.04302168 0.04226813
v -0.00679968 0.04381059 0.04085768
v -0.00893284 0.04334533 0.04105448
v -0.00874692 0.04436687 0.03916841
v -0.00679968 0.04452870 0.03951282
v -0.00485243 0.04462985 0.03972603
v -0.00338465 0.04468042 0.03982444
v -0.00096772 0.04419493 0.04087408
v -0.00096772 0.04472088 0.03990644
v -0.00485243 0.04401288 0.04085768
v -0.00485243 0.04312282 0.04246494
v -0.00291497 0.04318351 0.04257974
v -0.00096772 0.04321384 0.04262895
v 0.00016736 0.04471076 0.03990644
v 0.00088168 0.04428596 0.04067727
v 0.00096974 0.04321384 0.04261255
v 0.00290721 0.04316327 0.04251414
f 1586 1735 1738
f 4820 4829 4663
f 4997 4829 4996
f 4663 4829 4827
f 126 127 121
f 51 30 6645
f 21 3788 3971
f 3971 3964 21
f 4296 4295 4455
f 52 2125 1955
f 52 1955 72
f 4821 4657 4658
f 4658 4657 4497
f 4661 4820 4655
f 4500 4499 4661
f 4661 4499 4660
f 4829 4820 4826
f 4826 4996 4829
f 4826 4661 4660
f 4820 4661 4826
f 4828 4827 4829
f 4694 4692 4828
f 2347 2156 2346
f 2346 2345 2347
f 2156 2345 2346
f 2344 2345 2156
f 4493 4494 4655
f 2973 2770 2769
f 2973 2769 2967
f 1393 1551 1550
f 1888 1741 1887
f 2056 1888 2055
f 2055 1888 1887
f 2240 2056 2239
f 2056 2055 2239
f 2239 2055 2054
f 2057 2056 2240
f 4950 5112 5114
f 3881 3883 3695
f 3695 3883 3884
f 1873 1738 1876
f 296 337 284
f 60 61 37
f 32 2125 52
f 26 15 28
f 26 43 23
f 28 43 26
f 6750 6645 30
f 62 66 42
f 62 37 61
f 31 30 51
f 31 18 30
f 18 31 6654
f 6654 31 51
f 2 1 6
f 6 5596 2
f 3621 3415 3620
f 3621 3815 3807
f 3620 3815 3621
f 3620 3415 3619
f 3972 3788 21
f 21 9 3972
f 1 7 4
f 3 7 1
f 4323 4154 3
f 3 3972 9
f 4154 3972 3
f 4111 3927 3939
f 4621 4455 4454
f 5571 5429 5428
f 2273 2084 2083
f 1957 2125 2126
f 1956 1955 1957
f 2124 2125 1957
f 1957 1955 2124
f 2124 1955 2125
f 67 69 73
f 73 69 88
f 67 73 53
f 53 73 74
f 53 43 67
f 53 56 54
f 1681 72 1822
f 1822 72 1955
f 1681 1820 1821
f 1821 72 1681
f 1820 72 1821
f 1534 72 1682
f 1682 72 1820
f 88 72 1376
f 144 143 146
f 146 164 144
f 146 143 130
f 121 127 128
f 3963 100 3775
f 4824 4657 4821
f 4862 4863 4694
f 4694 4828 4862
f 4862 4828 4829
f 4862 4829 4997
f 4850 5018 4851
f 4850 4851 4682
f 4852 4851 5019
f 5019 4851 5018
f 5180 5018 5179
f 4694 4863 4695
f 4657 4499 4498
f 4498 4339 4497
f 4497 4657 4498
f 4663 4827 4662
f 4662 4504 4663
f 4662 4828 4692
f 4827 4828 4662
f 4662 4692 4532
f 4662 4502 4504
f 4504 4502 4346
f 4663 4504 4503
f 4504 4346 4503
f 2769 2770 2544
f 2544 2344 2542
f 2970 2770 2974
f 2345 2344 2543
f 2542 2540 2763
f 2763 2544 2542
f 2769 2544 2763
f 2967 2769 2763
f 2541 2540 2542
f 2342 2341 2351
f 2540 2541 2342
f 1711 1841 1717
f 2159 2156 2347
f 2341 2342 2155
f 2770 2973 2975
f 2974 2770 2975
f 2967 2763 2762
f 2762 2763 2540
f 2351 2341 2162
f 1985 1839 1983
f 1839 1706 1983
f 1740 1741 1586
f 1887 1741 1740
f 1879 1880 1740
f 884 769 759
f 2240 2239 2436
f 2436 2239 2435
f 2666 2665 2885
f 2885 2665 2664
f 2454 2448 2681
f 4950 5114 4951
f 4952 4772 4951
f 4941 4939 5108
f 105 116 6631
f 3882 3881 3695
f 3693 3881 3882
f 4510 4352 4509
f 1738 1873 1739
f 1739 1873 1877
f 1586 1738 1739
f 1739 1740 1586
f 1879 1740 1739
f 2026 1873 1876
f 1877 1873 2025
f 2207 2397 2208
f 2208 2397 2398
f 1252 1098 1251
f 1098 1252 1100
f 1250 1248 1096
f 1251 1098 1253
f 123 124 121
f 129 143 144
f 144 142 129
f 130 143 129
f 36 56 57
f 54 56 36
f 36 37 23
f 33 32 28
f 21 32 33
f 20 32 21
f 3170 2946 20
f 20 2946 32
f 23 43 34
f 34 53 54
f 43 53 34
f 88 69 68
f 52 72 68
f 68 72 88
f 52 68 46
f 46 68 69
f 46 43 28
f 67 43 46
f 46 69 67
f 48 44 42
f 42 66 48
f 40 25 42
f 42 44 40
f 13 26 23
f 23 11 13
f 15 26 13
f 13 7 15
f 13 4 7
f 11 4 13
f 89 6876 71
f 6876 6875 71
f 71 6831 50
f 66 87 70
f 70 71 50
f 87 71 70
f 30 50 6832
f 50 6831 6832
f 51 6645 6646
f 6646 6647 51
f 30 6541 6644
f 42 25 41
f 6651 6652 51
f 51 6650 6651
f 6649 6650 51
f 18 6654 6770
f 6770 6769 6830
f 6654 6769 6770
f 5736 5866 5867
f 1 5301 5145
f 2764 2970 2971
f 2974 3193 2971
f 2971 2970 2974
f 3606 3608 3401
f 3997 3815 3999
f 3620 3619 3814
f 3998 3815 3620
f 3998 3999 3815
f 4175 3999 3998
f 2736 32 2741
f 2741 2946 2947
f 2744 2951 2749
f 2311 32 2313
f 2947 2946 2949
f 3171 2946 3170
f 32 2946 3169
f 1 5145 4984
f 4984 5145 4985
f 5140 5299 5138
f 6 1 5
f 1 4 5
f 5 14 6
f 7 3 10
f 15 7 10
f 10 9 21
f 10 3 9
f 4323 3 4326
f 4326 4325 4323
f 3975 3790 3789
f 3789 3974 3975
f 4155 4154 4323
f 3587 3781 3782
f 4152 3969 4151
f 3750 3939 3926
f 3926 3939 3927
f 3546 3737 3738
f 3137 3349 3138
f 3136 3130 3137
f 3137 3130 3349
f 2913 3130 3136
f 2909 3130 2913
f 770 769 884
f 2919 3143 2920
f 2920 2715 2926
f 1671 1672 1518
f 1518 1672 1673
f 76 84 60
f 76 95 96
f 100 79 3168
f 1228 1375 1364
f 1226 1230 1373
f 1517 1518 1364
f 1364 1375 1517
f 1679 1682 1820
f 88 1376 1527
f 1533 1376 72
f 145 146 130
f 164 146 145
f 130 128 145
f 3775 100 3778
f 3778 3582 3775
f 100 3582 3778
f 4139 4312 4141
f 100 3963 80
f 80 79 100
f 3962 3963 3775
f 3963 3962 3961
f 3775 3774 3961
f 3961 3962 3775
f 1805 101 1806
f 1806 101 98
f 98 101 79
f 79 101 102
f 2507 2735 2510
f 4321 4322 4150
f 4152 4151 4150
f 4482 4322 4321
f 4997 4996 4995
f 4321 4150 4320
f 5743 5877 5878
f 5878 5871 5743
f 5743 5602 5746
f 5031 4862 4997
f 4863 4862 5031
f 6549 6548 6661
f 6471 6365 6366
f 6367 6365 6471
f 3010 3233 3012
f 3012 3233 3234
f 3234 3013 3012
f 3439 3233 3438
f 3234 3233 3439
f 3439 3440 3234
f 4195 4196 4024
f 4196 4025 4024
f 4024 4025 3833
f 3007 2804 2824
f 2805 2804 3007
f 2805 3007 3008
f 3438 3233 3232
f 3232 3233 3010
f 2595 2584 2583
f 1876 1738 1875
f 1875 2032 1876
f 2031 2032 1875
f 1871 2018 2023
f 2018 2184 2023
f 1872 1735 1871
f 2024 2019 1872
f 1871 2023 1872
f 1872 2023 2024
f 4684 4852 4853
f 4852 5020 4853
f 4520 4359 4519
f 4683 4851 4852
f 4683 4682 4851
f 4683 4852 4684
f 4684 4520 4683
f 4520 4519 4683
f 4517 4519 4518
f 4682 4683 4517
f 4517 4683 4519
f 5181 5018 5180
f 5181 5019 5018
f 4850 5016 5017
f 5017 5018 4850
f 5178 5018 5017
f 4849 5016 4850
f 4869 5035 5039
f 5033 5039 5034
f 5039 5035 5034
f 4536 4696 4697
f 4340 4499 4500
f 4340 4498 4499
f 4340 4500 4494
f 4172 4339 4340
f 4339 4498 4340
f 4374 4376 4210
f 4374 4533 4532
f 3628 3822 3652
f 3994 3995 3810
f 4180 4178 4344
f 4344 4346 4180
f 4209 4374 4210
f 4502 4372 4371
f 4531 4372 4502
f 4531 4662 4532
f 4502 4662 4531
f 4344 4178 4341
f 3807 3815 3989
f 3989 3815 3997
f 4663 4503 4654
f 4654 4493 4655
f 4655 4820 4654
f 4654 4820 4663
f 4495 4346 4344
f 4495 4503 4346
f 4493 4654 4495
f 4495 4654 4503
f 2773 2547 2772
f 2344 2544 2545
f 2545 2544 2764
f 2545 2543 2344
f 2764 2543 2545
f 2764 2544 2768
f 2768 2970 2764
f 2768 2544 2770
f 2770 2970 2768
f 2766 2543 2765
f 2765 2543 2764
f 2765 2971 2766
f 2764 2971 2765
f 2767 2543 2766
f 2542 2344 2343
f 2343 2541 2542
f 2343 2344 2156
f 2156 2155 2343
f 2343 2342 2541
f 2343 2155 2342
f 2539 2342 2351
f 2540 2342 2539
f 1987 1994 1843
f 1997 1996 1848
f 1710 1841 1711
f 1711 1560 1710
f 1999 2003 2000
f 1844 1715 1843
f 2955 2956 2749
f 3178 2956 2955
f 1997 1848 1995
f 1984 1986 1841
f 1984 1839 1985
f 3195 3193 2974
f 2974 2975 3195
f 1997 1995 2165
f 2165 1995 2164
f 2166 1996 1997
f 1997 2165 2166
f 1706 1701 1703
f 1550 1551 1703
f 1703 1701 1550
f 929 928 1062
f 1062 928 1061
f 1062 1061 1207
f 1207 1210 1062
f 1504 1508 1356
f 1509 1508 1504
f 1551 1393 1509
f 2241 2057 2240
f 2240 2438 2241
f 2057 2058 1889
f 2056 2057 1889
f 1889 1888 2056
f 1741 1888 1889
f 1881 1740 1880
f 1880 2044 1881
f 2043 2044 1880
f 3129 3130 2909
f 3343 3124 3123
f 3138 3349 3353
f 2437 2438 2240
f 2240 2436 2437
f 2664 2665 2437
f 2437 2665 2666
f 2666 2438 2437
f 2666 2885 2886
f 2455 2448 2454
f 2454 2258 2455
f 2455 2258 2448
f 2448 2253 2447
f 2448 2258 2449
f 2449 2253 2448
f 2258 2253 2449
f 1887 1740 1886
f 2054 2055 1886
f 1886 2055 1887
f 2234 2052 2233
f 4949 5112 4950
f 4949 4946 5112
f 5111 5269 5112
f 5112 4946 5111
f 2884 2885 2664
f 4280 4441 4281
f 3293 3500 3501
f 3501 3500 3693
f 5087 4918 5086
f 4918 5087 5084
f 4244 4243 4407
f 5086 4918 5085
f 5085 5091 5241
f 4743 4578 4742
f 5086 5085 5242
f 5242 5085 5241
f 4952 4951 4961
f 4961 4951 5114
f 5258 5409 5264
f 5264 5106 5258
f 5258 5106 5098
f 5113 5271 5272
f 4930 4755 4754
f 4754 4755 4590
f 4931 4755 4930
f 4758 4933 4934
f 4758 4595 4593
f 5099 4933 5102
f 4941 5108 5109
f 4945 4946 4766
f 4945 5111 4946
f 111 112 89
f 5419 5268 5418
f 5269 5268 5419
f 5270 5114 5112
f 5112 5269 5270
f 5072 5074 5073
f 6156 6041 6154
f 6359 6463 6360
f 4552 4551 4712
f 5792 5657 5793
f 5793 5655 5792
f 6041 6156 6155
f 4240 4405 4241
f 4563 4405 4562
f 4562 4721 4563
f 4564 4405 4563
f 4241 4405 4406
f 4406 4243 4241
f 4407 4243 4406
f 4405 4564 4406
f 4406 4565 4407
f 4406 4564 4565
f 4071 3884 3883
f 4071 4072 3884
f 4241 4072 4069
f 4069 4240 4241
f 4239 4240 4069
f 4073 4072 4243
f 4243 4244 4073
f 4241 4243 4242
f 4242 4072 4241
f 4243 4072 4242
f 4067 4069 3883
f 3880 3881 3693
f 3883 3881 3880
f 5167 5327 5168
f 5050 5051 4879
f 5656 5655 5793
f 5656 5515 5655
f 5793 5657 5656
f 5517 5656 5657
f 1867 2018 1871
f 1871 1735 1867
f 2363 2563 2564
f 2791 2790 2987
f 2564 2563 2788
f 2570 2788 2790
f 2014 2018 2015
f 2014 2184 2018
f 2183 2023 2184
f 2028 2025 1873
f 2395 2610 2611
f 2615 2398 2616
f 2616 2397 2615
f 2398 2397 2616
f 1089 1241 1090
f 1400 1396 1552
f 1257 1396 1400
f 1400 1250 1257
f 1247 1246 1257
f 1257 1246 1396
f 1254 1252 1251
f 1255 1100 1254
f 1254 1100 1252
f 1248 1250 1398
f 1557 1558 1398
f 1249 1253 1098
f 1096 1248 1249
f 1248 1253 1249
f 396 397 337
f 680 799 681
f 796 678 681
f 478 397 479
f 479 480 478
f 478 399 397
f 480 399 478
f 597 578 682
f 633 746 747
f 127 126 137
f 127 137 138
f 337 397 338
f 281 284 337
f 234 284 281
f 337 338 281
f 124 123 132
f 121 128 122
f 122 123 121
f 122 128 130
f 130 129 122
f 144 164 165
f 296 284 243
f 243 242 296
f 243 284 234
f 1737 1587 1586
f 1586 1587 1429
f 1280 1131 1279
f 1132 1131 1280
f 28 15 22
f 22 33 28
f 21 33 22
f 22 10 21
f 15 10 22
f 54 36 35
f 35 34 54
f 35 36 23
f 23 34 35
f 45 32 52
f 52 46 45
f 28 32 45
f 45 46 28
f 30 44 47
f 47 48 30
f 44 48 47
f 27 14 25
f 25 40 27
f 27 40 44
f 27 44 30
f 12 11 25
f 25 14 12
f 12 4 11
f 12 5 4
f 14 5 12
f 49 50 30
f 49 70 50
f 30 48 49
f 49 48 66
f 66 70 49
f 60 84 82
f 83 61 60
f 83 62 61
f 60 82 83
f 6867 6832 6831
f 6831 6866 6867
f 6761 6760 6840
f 6647 6760 6761
f 6759 6760 6647
f 6759 6646 6645
f 6647 6646 6759
f 6749 6750 30
f 30 6644 6749
f 6749 6644 6750
f 39 41 25
f 6762 6761 6840
f 6647 6761 6762
f 6840 6763 6762
f 6762 6763 6649
f 6765 6766 6652
f 6652 6651 6765
f 6765 6651 6650
f 6222 6105 8
f 6 14 8
f 5867 5866 8
f 6768 6769 6652
f 6652 6769 6653
f 6653 6769 6654
f 51 6652 6653
f 6653 6654 51
f 5735 5736 5596
f 5866 5736 5735
f 5735 8 5866
f 5735 5596 6
f 6 8 5735
f 5596 5593 5447
f 1 2 5447
f 5447 5301 1
f 5141 4986 4985
f 3810 3615 3809
f 3607 3404 3194
f 3607 3619 3415
f 3415 3404 3607
f 3608 3619 3607
f 3192 3401 3194
f 3802 3619 3608
f 3802 3814 3619
f 3620 3814 3816
f 3816 3998 3620
f 4161 4162 3984
f 3984 4162 3985
f 3597 3390 3596
f 3597 3391 3390
f 3587 3391 3597
f 3596 3390 3595
f 3595 3787 3788
f 3788 3789 3595
f 3595 3789 3790
f 2517 2744 2518
f 2748 2744 2749
f 2512 2313 32
f 2127 2126 2125
f 1957 2126 2127
f 2127 1962 1957
f 2950 2949 3173
f 3173 2951 2950
f 2951 2744 2950
f 3170 20 3378
f 3378 3171 3170
f 3379 3171 3378
f 3378 3583 3379
f 3378 20 3583
f 32 3169 2948
f 2948 2741 32
f 2946 2741 2948
f 2948 3169 2946
f 3974 3789 3973
f 3973 4155 3974
f 3973 3789 3788
f 3788 3972 3973
f 3973 3972 4154
f 4154 4155 3973
f 3968 3782 3781
f 3968 4151 3969
f 4153 3969 4152
f 3945 3944 4128
f 4122 4295 4296
f 4296 4124 4122
f 3936 4121 4122
f 3736 3926 3927
f 3736 3927 3738
f 3738 3737 3736
f 3341 3340 3547
f 3547 3340 3546
f 3119 3340 3341
f 3341 3121 3119
f 3119 3121 2904
f 96 95 113
f 113 5295 5442
f 5430 5572 5573
f 5430 5279 5429
f 5429 5571 5430
f 5571 5572 5430
f 5431 5430 5573
f 5279 5430 5431
f 2708 2918 2919
f 2707 2918 2708
f 2706 2918 2707
f 2082 2271 2083
f 4139 3958 4138
f 4138 3958 4135
f 3574 3368 3572
f 3572 3368 3367
f 3149 3360 3154
f 3148 3360 3149
f 461 460 548
f 548 460 459
f 2707 2708 2474
f 1373 1230 1231
f 1082 1226 1076
f 1230 1226 1082
f 1691 1826 1692
f 1814 1671 1681
f 1672 1671 1814
f 1681 1822 1814
f 1814 1956 1957
f 1957 1958 1814
f 1955 1956 1814
f 1814 1822 1955
f 1681 1671 1531
f 1672 1814 1815
f 1815 1814 1958
f 1675 1817 1813
f 74 73 90
f 73 92 90
f 74 92 94
f 55 76 60
f 60 37 55
f 37 36 55
f 3165 3168 3167
f 1076 1226 1227
f 1227 1226 1375
f 1227 1228 1076
f 1375 1228 1227
f 1375 1226 1374
f 1374 1528 1375
f 1374 1226 1373
f 1373 1528 1374
f 1375 1528 1529
f 1528 1679 1529
f 1534 1682 1678
f 1682 1679 1678
f 1678 1679 1528
f 3377 3376 100
f 3165 3376 3377
f 100 3168 3377
f 3377 3168 3165
f 3374 3376 3165
f 3374 3582 100
f 100 3376 3374
f 3775 3582 3777
f 4139 4141 4140
f 4140 3958 4139
f 4315 80 4142
f 4635 80 4472
f 4800 80 4802
f 4802 80 4635
f 4975 80 4800
f 5136 80 4975
f 79 80 59
f 59 55 36
f 2121 101 1949
f 101 1805 1949
f 78 98 79
f 4321 4480 4481
f 4481 4482 4321
f 4165 4159 4322
f 4993 4823 4824
f 4657 4824 4659
f 4824 4823 4659
f 4659 4499 4657
f 4660 4499 4659
f 4659 4823 4660
f 4660 4823 4825
f 4825 4826 4660
f 4996 4826 4825
f 4825 4995 4996
f 5303 5143 5302
f 5149 4988 5137
f 4982 5144 5137
f 5137 5144 5149
f 5153 4994 5154
f 5154 5314 5153
f 5147 4988 5149
f 5303 5302 5445
f 5868 5736 5867
f 5867 5991 5868
f 4818 4822 4819
f 4818 4819 4652
f 4652 4819 4653
f 4652 4653 4491
f 4491 4490 4649
f 4649 4490 4487
f 4978 5138 5139
f 4810 4981 4982
f 4479 4480 4321
f 4321 4320 4479
f 4479 4641 4480
f 3976 3790 3975
f 5744 5775 5635
f 5635 5600 5744
f 5744 5600 5743
f 5743 5871 5872
f 5871 5775 5872
f 5872 5744 5743
f 5775 5744 5872
f 5871 5878 5993
f 5993 5878 5999
f 5876 5743 5875
f 5876 5877 5743
f 5743 5746 5873
f 5604 5598 5741
f 4864 4695 4863
f 5155 4995 5151
f 5151 5311 5155
f 4997 4995 5155
f 5155 5311 5192
f 5155 5031 4997
f 5192 5031 5155
f 6579 6539 6639
f 6639 6661 6579
f 6636 6539 6635
f 5160 5004 5002
f 5336 5185 5180
f 5480 5354 5353
f 5480 5500 5481
f 5353 5500 5480
f 5334 5480 5481
f 5354 5480 5334
f 5481 5500 5623
f 2392 2605 2586
f 2588 2804 2805
f 2588 2807 2589
f 3645 3835 3837
f 3440 3439 3643
f 3643 3439 3438
f 3643 3836 3835
f 3234 3440 3441
f 3440 3442 3441
f 3833 4025 3834
f 3434 3228 3249
f 2824 3030 3031
f 3031 3007 2824
f 3229 3007 3228
f 3229 3008 3007
f 3438 3232 3231
f 3435 3228 3434
f 3434 3249 3435
f 3835 3836 3641
f 3833 3834 3641
f 3641 3834 3835
f 3851 3660 3659
f 2800 2595 2812
f 2800 2584 2595
f 2195 2382 2383
f 2031 2030 2200
f 2199 2030 2029
f 2199 2200 2030
f 2392 2203 2202
f 2391 2390 2392
f 2392 2202 2391
f 2031 1875 1874
f 2029 2030 1874
f 1874 2030 2031
f 1874 1875 1738
f 1735 1872 1868
f 1868 1872 2019
f 2376 2579 2580
f 2029 1874 2022
f 2022 1874 2020
f 2188 2021 2187
f 2185 2019 2024
f 2185 2021 2019
f 2187 2021 2185
f 2024 2023 2191
f 2191 2370 2377
f 2572 2374 2379
f 2195 2026 2194
f 2194 2382 2195
f 2822 3030 2823
f 2823 3030 2824
f 2824 2605 2823
f 2604 2603 2822
f 2390 2603 2604
f 2822 2823 2604
f 2604 2823 2605
f 2392 2390 2604
f 2604 2605 2392
f 2819 2820 2601
f 4195 4359 4360
f 4360 4361 4195
f 4360 4359 4520
f 4521 4520 4684
f 4684 4685 4521
f 4521 4360 4520
f 4361 4360 4521
f 4855 4685 4684
f 4850 4682 4681
f 4682 4517 4681
f 4681 4849 4850
f 4195 4356 4357
f 4358 4517 4518
f 4358 4357 4356
f 4518 4519 4358
f 4358 4519 4359
f 4358 4359 4195
f 4195 4357 4358
f 3649 3650 3444
f 5021 5181 5180
f 5019 5181 5021
f 4852 5019 5021
f 5021 5020 4852
f 5180 5185 5021
f 5021 5023 5020
f 5185 5023 5021
f 5175 5016 5015
f 5016 4849 5015
f 4697 4871 4872
f 5035 4869 4866
f 4697 4696 4866
f 4866 4869 4697
f 4870 4871 4697
f 4697 4869 4870
f 4694 4695 4534
f 4534 4374 4532
f 4698 4536 4697
f 4697 4699 4698
f 4698 4699 4536
f 4376 4536 4537
f 4536 4699 4537
f 3848 3655 3847
f 4494 4493 4334
f 4334 4340 4494
f 4172 4340 4334
f 3628 3652 3447
f 3019 2814 2813
f 3240 3019 3239
f 3626 3819 3820
f 3627 3822 3628
f 3627 3626 3820
f 3627 3821 3822
f 3820 3821 3627
f 3627 3628 3425
f 3425 3626 3627
f 3844 4036 3845
f 3844 3652 3822
f 3653 3844 3845
f 3652 3844 3653
f 4179 4036 4009
f 4036 3844 4009
f 3822 3821 4009
f 4009 3844 3822
f 3821 4006 4007
f 4533 4374 4373
f 4374 4209 4373
f 4532 4533 4373
f 4373 4531 4532
f 4372 4531 4373
f 4345 4180 4346
f 4345 4346 4502
f 4502 4371 4345
f 4179 4180 4345
f 3810 3809 3992
f 3992 3809 3991
f 2359 2558 2358
f 2345 2547 2359
f 2547 2558 2359
f 2358 2558 2559
f 2559 2547 2773
f 2559 2558 2547
f 2345 2543 2546
f 2543 2767 2546
f 2546 2547 2345
f 2546 2767 2547
f 2553 2762 2540
f 2540 2539 2553
f 2553 2539 2351
f 2351 2548 2553
f 1993 1994 1846
f 1994 1987 1846
f 1401 1250 1400
f 1401 1402 1250
f 1560 1402 1401
f 2158 2159 2347
f 1990 2159 2158
f 2357 2359 2358
f 1989 2155 2156
f 1990 1844 1989
f 1989 1844 1843
f 2163 2153 1994
f 2163 2162 2341
f 2749 2951 2954
f 2954 2955 2749
f 2951 3174 2954
f 3178 2955 3177
f 3390 3391 3179
f 3179 3389 3390
f 1847 1995 1848
f 1847 1717 1841
f 1847 1848 1717
f 1841 1986 1847
f 1986 1995 1847
f 3198 3195 2975
f 3198 3407 3195
f 2354 2554 2550
f 2354 2166 2165
f 1996 2166 2160
f 2549 2548 2348
f 2348 2350 2549
f 2351 2162 2348
f 2348 2548 2351
f 2348 2162 1993
f 799 818 800
f 681 799 800
f 1355 1206 1209
f 1207 1206 1354
f 1354 1356 1207
f 1504 1356 1354
f 1206 1355 1354
f 1505 1504 1354
f 1354 1355 1505
f 1061 928 1057
f 1207 1061 1057
f 1057 1206 1207
f 1390 1547 1548
f 1542 1547 1390
f 1838 1703 1837
f 1837 1982 1838
f 1838 1982 1983
f 1838 1983 1706
f 1706 1703 1838
f 1357 1356 1508
f 1207 1356 1357
f 1357 1509 1393
f 1508 1509 1357
f 1094 1241 1089
f 1094 1089 951
f 951 1093 1094
f 1951 1982 1837
f 1951 1809 1950
f 1837 1809 1951
f 2164 1995 2152
f 2152 1995 1986
f 1985 1983 2150
f 1983 1982 2150
f 1664 1809 1807
f 1807 1661 1664
f 1807 1809 1705
f 1705 1704 1807
f 1705 1809 1837
f 1837 1703 1705
f 1705 1703 1551
f 1551 1704 1705
f 1551 1509 1660
f 1660 1704 1551
f 1660 1509 1504
f 1660 1504 1505
f 1505 1661 1660
f 1660 1661 1807
f 1807 1704 1660
f 2674 2675 2442
f 2442 2675 2673
f 2675 2678 2673
f 2673 2678 2448
f 2439 2241 2438
f 2442 2244 2440
f 1741 1889 1890
f 1890 1889 2058
f 1890 1891 1741
f 2243 2058 2057
f 2243 2244 2058
f 2243 2440 2244
f 1883 1740 1882
f 1740 1881 1882
f 1882 2048 1883
f 2044 2043 2045
f 2046 1881 2045
f 2045 1881 2044
f 2042 2043 1880
f 2221 2043 2042
f 2281 2096 2280
f 2909 2699 2692
f 2692 2908 2909
f 2463 2699 2700
f 2909 2913 2700
f 2700 2699 2909
f 3344 3129 3128
f 2908 3127 3128
f 2909 2908 3128
f 3128 3129 2909
f 2904 3121 2905
f 2905 3123 3124
f 3549 3342 3341
f 3346 3347 3129
f 3346 3124 3343
f 3343 3551 3346
f 3551 3347 3346
f 3346 3344 3124
f 3346 3129 3344
f 2454 2686 2682
f 2454 2681 2680
f 2680 2681 2448
f 2683 2682 2686
f 1145 1021 1003
f 1003 1148 1145
f 646 762 750
f 866 868 746
f 2664 2437 2663
f 2663 2437 2436
f 2435 2662 2663
f 2663 2436 2435
f 3106 3328 3329
f 3329 3330 3106
f 3539 3330 3329
f 2885 2884 3104
f 3542 3333 3541
f 3541 3333 3540
f 3106 3330 3107
f 3332 3330 3539
f 3539 3540 3332
f 3540 3333 3332
f 3111 2890 3110
f 3110 3333 3111
f 3110 3332 3333
f 3330 3332 3110
f 2666 2886 2887
f 2444 2447 2253
f 2445 2673 2446
f 2251 2445 2446
f 2446 2444 2251
f 2447 2444 2446
f 2238 2239 2054
f 2435 2239 2238
f 2433 2662 2435
f 2661 2662 2433
f 2435 2238 2433
f 2423 2231 2230
f 2423 2236 2231
f 1884 1740 1883
f 1883 2048 1884
f 2054 1886 2053
f 2053 2238 2054
f 2647 2648 2422
f 5269 5111 5110
f 5113 5268 5110
f 5110 5268 5269
f 5110 4948 5113
f 5111 4945 5110
f 2883 2884 2664
f 2664 2663 2883
f 2662 2882 2883
f 2883 2663 2662
f 3101 2882 3100
f 3101 2883 2882
f 2884 2883 3101
f 4107 3923 3922
f 4106 4281 4107
f 4282 4281 4441
f 4107 4281 4282
f 4459 4454 4297
f 4621 4454 4620
f 4454 4459 4620
f 4620 4459 4609
f 3695 3501 3694
f 3694 3501 3693
f 3694 3882 3695
f 3693 3882 3694
f 2418 2641 2642
f 2859 2860 2642
f 5252 5254 5407
f 4740 4917 4918
f 4915 4917 4740
f 5226 5227 5067
f 5227 5068 5067
f 4903 5068 5072
f 5072 5073 4903
f 4409 4244 4407
f 4920 4742 4919
f 5083 5085 4918
f 4918 4917 5083
f 4915 4914 5083
f 5083 4917 4915
f 4577 4742 4578
f 5695 5685 5702
f 5122 4961 5114
f 4962 4961 5122
f 4784 4961 4962
f 4784 4785 4621
f 4962 4785 4784
f 4952 4961 4784
f 4784 4772 4952
f 4621 4785 4622
f 4963 4785 4962
f 5125 4964 4963
f 4963 4964 4786
f 5098 5106 5105
f 5105 5106 4939
f 5107 5108 4939
f 4939 5106 5107
f 5107 5106 5264
f 5408 5553 5409
f 5409 5258 5408
f 5273 5268 5113
f 5113 5272 5273
f 5418 5268 5273
f 5273 5272 5418
f 5263 5262 5271
f 5263 5271 5113
f 5271 5424 5425
f 5418 5272 5425
f 5425 5272 5271
f 5271 5262 5411
f 5411 5424 5271
f 4930 4754 4929
f 5257 5258 5098
f 5093 4924 4927
f 4927 5084 5087
f 5086 5093 4927
f 4927 5087 5086
f 4755 4931 4932
f 4087 4098 3912
f 4259 4271 4423
f 4259 4258 4271
f 4593 4595 4594
f 4432 4431 4595
f 4423 4271 4432
f 4271 4431 4432
f 4587 4433 4423
f 4587 4603 4433
f 4600 4432 4595
f 4433 4603 4601
f 4601 4765 4766
f 4603 4765 4601
f 4935 4758 4934
f 4934 4933 5100
f 4933 5099 5100
f 5262 5263 5259
f 5102 5262 5259
f 5259 5099 5102
f 5102 4933 5101
f 6710 6711 6601
f 6500 6608 120
f 86 111 89
f 89 71 86
f 86 71 87
f 86 87 66
f 105 82 104
f 104 82 84
f 97 108 84
f 97 76 96
f 84 76 97
f 96 113 97
f 115 104 108
f 115 116 105
f 105 104 115
f 6219 115 6101
f 105 6631 6742
f 116 115 6633
f 5114 5270 5274
f 5269 5419 5420
f 5420 5270 5269
f 5420 5419 5421
f 5421 5270 5420
f 4905 5073 5074
f 4904 4903 4905
f 4905 4903 5073
f 5384 5529 5530
f 5387 5532 5533
f 5633 5774 5634
f 5649 5644 5643
f 5509 5644 5649
f 5649 5510 5509
f 5652 5512 5650
f 6359 6360 6251
f 6874 6866 6875
f 6870 6866 6874
f 6865 71 6875
f 6875 6866 6865
f 6831 71 6865
f 6865 6866 6831
f 6869 6866 6870
f 6868 6867 6869
f 6869 6867 6866
f 6047 6160 6161
f 6046 6160 6047
f 5932 5931 6049
f 6128 6010 6127
f 6011 6010 6128
f 5330 5333 5172
f 4892 4721 4720
f 4559 4719 4720
f 4563 4721 4722
f 4722 4721 4895
f 4718 4719 4559
f 5791 5792 5655
f 5659 5658 5657
f 5519 5658 5659
f 5925 6047 5926
f 6046 6047 5925
f 6045 6046 5925
f 6157 6158 6045
f 6043 6155 6157
f 6157 6155 6158
f 6375 6376 6269
f 6267 6155 6156
f 6267 6266 6375
f 6156 6266 6267
f 6158 6155 6267
f 5228 5381 5229
f 5228 5229 5072
f 5072 5068 5228
f 5228 5068 5227
f 5666 5529 5528
f 5528 5665 5666
f 5522 5520 5662
f 5798 5524 5662
f 5523 5522 5662
f 5662 5524 5523
f 4563 4725 4726
f 4725 4565 4726
f 4726 4564 4563
f 4565 4564 4726
f 4725 4728 4727
f 4727 4565 4725
f 4711 4712 4550
f 4550 4712 4551
f 4403 4240 4239
f 4721 4562 4560
f 4560 4405 4561
f 4560 4562 4405
f 4072 4071 4070
f 4070 4069 4072
f 4070 4071 3883
f 3883 4069 4070
f 4399 4556 4400
f 4716 4717 4555
f 4717 4556 4555
f 4555 4554 4716
f 4555 4556 4399
f 4399 4400 4234
f 4716 4554 4715
f 4715 4554 4714
f 4714 4554 4553
f 4553 4394 4552
f 3692 3880 3693
f 3877 4067 4068
f 4068 3880 3877
f 4068 4067 3883
f 3883 3880 4068
f 3843 3650 3842
f 3630 3650 3826
f 3650 3843 3826
f 4352 4510 4353
f 4368 4203 4367
f 4667 4668 4509
f 4369 4203 4368
f 5168 5327 5328
f 5329 5170 5328
f 5328 5170 5168
f 5757 5754 5755
f 5614 5754 5757
f 5471 5325 5470
f 5165 5164 5323
f 5165 5004 5164
f 4844 4840 4676
f 4836 4668 4839
f 4839 4668 4838
f 4838 4668 4837
f 4837 5005 4838
f 5327 5167 5321
f 5161 5321 5167
f 4672 4673 4510
f 4841 4836 4839
f 4014 4181 4187
f 4187 4016 4014
f 4188 4016 4187
f 4348 4181 4347
f 4347 4506 4348
f 5512 5513 5366
f 5655 5515 5514
f 5514 5366 5513
f 4878 5050 4879
f 5510 5364 5362
f 5362 5364 5212
f 5213 5366 5214
f 5212 5364 5213
f 4507 4506 4664
f 4348 4506 4507
f 4702 4542 4701
f 1275 1274 1276
f 1276 1279 1277
f 990 1131 1132
f 1255 1254 1410
f 1735 1584 1736
f 1736 1867 1735
f 1859 2009 1862
f 1862 1728 1859
f 1727 1725 1859
f 1859 1728 1727
f 3424 3626 3425
f 3625 3626 3424
f 3000 3019 2813
f 3000 2813 2799
f 2555 2559 2773
f 2358 2559 2555
f 1859 1725 1858
f 1858 1857 1859
f 1725 1857 1858
f 2173 2363 2364
f 2367 2361 2178
f 2991 2792 2789
f 2789 2791 2991
f 2567 2570 2371
f 2564 2788 2567
f 2788 2570 2567
f 2790 2791 2571
f 2571 2570 2790
f 2571 2791 2789
f 1864 2014 2015
f 2008 2009 1859
f 1859 2010 2008
f 1859 1857 2005
f 2005 2010 1859
f 2173 2010 2004
f 2004 2005 1857
f 2010 2005 2004
f 2366 2176 2175
f 2176 2008 2175
f 2175 2008 2010
f 2182 2183 2013
f 2013 1864 2017
f 2014 1864 2013
f 2184 2014 2013
f 2013 2183 2184
f 2369 2371 2182
f 2564 2567 2369
f 2369 2567 2371
f 2179 2013 2017
f 2180 2013 2179
f 2179 2176 2366
f 2366 2180 2179
f 2208 2036 2035
f 2207 2208 2035
f 2035 2206 2207
f 2205 2206 2035
f 2195 2383 2196
f 1873 2026 2027
f 2027 2028 1873
f 2027 2196 2028
f 2027 2026 2195
f 2195 2196 2027
f 2025 2028 2193
f 2615 2397 2396
f 2396 2397 2207
f 2207 2206 2396
f 2206 2395 2396
f 2609 2395 2393
f 2610 2395 2609
f 2393 2395 2394
f 2394 2395 2206
f 2394 2206 2205
f 2398 2399 2209
f 2209 2210 2036
f 2209 2208 2398
f 2209 2036 2208
f 1092 1246 1247
f 830 829 833
f 710 829 830
f 833 829 960
f 828 829 710
f 1245 1244 1243
f 1245 1092 1244
f 1246 1092 1245
f 1400 1552 1559
f 1559 1401 1400
f 1560 1401 1559
f 1105 1250 1096
f 1105 1257 1250
f 1247 1257 1105
f 1096 961 1105
f 1702 1701 1706
f 1706 1553 1702
f 1246 1245 1395
f 1397 1552 1396
f 1396 1246 1397
f 1246 1395 1397
f 1707 1706 1839
f 1251 1405 1406
f 1406 1254 1251
f 1250 1402 1403
f 1403 1398 1250
f 1557 1398 1403
f 1404 1405 1251
f 483 399 482
f 397 396 420
f 479 397 419
f 397 420 419
f 929 1062 1056
f 1062 1093 1056
f 479 573 574
f 574 573 678
f 574 480 479
f 678 573 576
f 681 678 576
f 479 575 576
f 576 573 479
f 576 680 681
f 480 578 481
f 482 399 481
f 481 399 480
f 949 1093 951
f 949 1056 1093
f 833 713 712
f 713 602 712
f 301 357 358
f 354 353 425
f 746 633 632
f 632 530 541
f 156 138 137
f 155 181 156
f 156 157 138
f 181 157 156
f 180 181 155
f 380 381 323
f 459 460 380
f 380 460 381
f 769 655 654
f 655 548 654
f 150 172 173
f 149 170 150
f 207 248 249
f 175 211 178
f 397 399 398
f 398 338 397
f 399 338 398
f 233 283 244
f 244 245 204
f 283 245 244
f 282 283 233
f 233 281 282
f 282 281 338
f 233 201 190
f 190 191 234
f 423 483 482
f 482 481 423
f 299 354 355
f 353 354 299
f 205 170 204
f 207 172 206
f 206 245 207
f 131 132 123
f 131 129 142
f 191 168 167
f 167 168 144
f 193 165 164
f 164 192 193
f 296 242 295
f 294 295 242
f 347 295 294
f 1748 1750 1598
f 2247 2246 2251
f 2058 2246 2247
f 1434 1594 1591
f 862 741 861
f 317 375 318
f 542 454 452
f 439 527 440
f 440 452 375
f 1743 1594 1590
f 1590 1589 1743
f 864 743 863
f 1281 1280 1430
f 1430 1429 1587
f 1279 1429 1430
f 1430 1280 1279
f 1277 1279 1278
f 1279 1131 1278
f 1278 1129 1277
f 1278 1131 1129
f 14 27 16
f 16 8 14
f 106 82 105
f 106 107 82
f 110 107 106
f 6640 6541 30
f 6758 6759 6645
f 6760 6759 6758
f 6840 6846 6845
f 6840 6760 6841
f 6841 6846 6840
f 23 37 24
f 24 39 25
f 24 11 23
f 25 11 24
f 41 39 38
f 38 24 37
f 39 24 38
f 6648 6649 51
f 6648 6762 6649
f 51 6647 6648
f 6647 6762 6648
f 6764 6765 6650
f 6766 6765 6764
f 6650 6649 6764
f 6649 6763 6764
f 6840 6842 6764
f 6764 6763 6840
f 5990 5991 5867
f 5867 8 5988
f 5988 8 6105
f 18 6655 6656
f 18 6770 6771
f 6771 6655 18
f 6771 6770 6830
f 6830 6747 6771
f 6431 6537 6538
f 6539 6431 6538
f 6634 6636 6635
f 6660 6636 6634
f 6634 6538 6537
f 6635 6539 6634
f 6539 6538 6634
f 18 6656 6657
f 6657 6656 6774
f 19 8 18
f 6331 8 19
f 6331 19 6433
f 6433 19 6542
f 6433 6537 6431
f 5595 2 5596
f 5596 5447 5595
f 5595 5447 2
f 5301 5447 5300
f 5300 5141 5301
f 5300 5299 5140
f 5140 5141 5300
f 4985 5145 5146
f 5146 5141 4985
f 5146 5145 5301
f 5301 5141 5146
f 3614 3621 3807
f 3614 3613 3621
f 3194 3401 3403
f 3403 3607 3194
f 3403 3401 3608
f 3608 3607 3403
f 3997 3999 4169
f 3999 4176 4169
f 4172 3991 4171
f 3991 4169 4171
f 4171 4169 4176
f 4336 4171 4176
f 3806 3984 3801
f 3801 3984 3985
f 3801 3802 3608
f 3801 3608 3606
f 4000 3816 3814
f 4491 4653 4650
f 4496 4501 4650
f 4168 4167 4166
f 4168 4162 4161
f 3780 3781 3587
f 3587 3597 3780
f 3596 3595 3791
f 3791 3595 3790
f 3790 3976 3791
f 21 3964 3779
f 3964 3785 3779
f 3779 20 21
f 2744 2517 2743
f 2743 2741 2947
f 2947 2949 2743
f 2743 2950 2744
f 2949 2950 2743
f 2736 2741 2740
f 2741 2517 2740
f 2313 2512 2513
f 2311 2313 2314
f 2314 2127 2311
f 2313 2127 2314
f 2312 32 2311
f 2311 2127 2312
f 2125 32 2312
f 2312 2127 2125
f 2316 2517 2518
f 2518 2744 2519
f 2744 2748 2519
f 2519 2316 2518
f 2331 2316 2519
f 2519 2748 2749
f 2141 2331 2330
f 4322 4159 4160
f 4152 4150 4160
f 4160 4150 4322
f 4160 4153 4152
f 4160 3982 4153
f 4159 3982 4160
f 2551 2350 2550
f 4298 4124 4296
f 4112 3927 4111
f 4286 4113 4285
f 4113 4112 4285
f 3738 3927 3928
f 3927 4112 3928
f 3928 4112 4113
f 3749 3939 3750
f 3936 3748 3752
f 3937 3748 3936
f 3936 4122 3937
f 3937 4122 4124
f 4297 4454 4294
f 4294 4455 4295
f 4294 4454 4455
f 4295 4122 4294
f 4294 4122 4121
f 3133 3119 2911
f 3340 3119 3133
f 2903 3119 2904
f 4438 4439 4278
f 4608 4609 4441
f 4608 4620 4609
f 81 80 5136
f 81 59 80
f 95 76 81
f 5119 4956 5118
f 5279 5280 5118
f 4967 4793 4966
f 4311 4312 4139
f 4631 4632 4469
f 4632 4471 4470
f 4312 4311 4470
f 4469 4632 4470
f 4470 4311 4469
f 4633 4471 4632
f 5294 5295 5135
f 5135 5293 5294
f 5442 5295 5294
f 5134 5293 5135
f 5439 5293 5292
f 5292 5134 5133
f 5293 5134 5292
f 5574 5431 5573
f 5439 5582 5585
f 4973 5134 5135
f 4972 5134 4973
f 4973 4797 4972
f 2290 2491 2492
f 2491 2490 2492
f 2290 2492 2484
f 2919 2918 3142
f 3142 3143 2919
f 3142 2928 3143
f 3143 2928 2927
f 2927 2928 2715
f 2927 2920 3143
f 2715 2920 2927
f 3136 3137 2915
f 2915 2913 3136
f 2702 2469 2468
f 2702 2703 2469
f 2468 2466 2702
f 3138 3139 2916
f 2916 3137 3138
f 2916 2915 3137
f 2703 2915 2916
f 4139 4138 4310
f 4310 4311 4139
f 4469 4311 4310
f 4795 4629 4794
f 4795 4969 4796
f 3571 3572 3367
f 3571 3765 3766
f 3771 3772 3577
f 3577 3774 3775
f 3148 3149 2924
f 2924 2930 3148
f 2715 2930 2924
f 2931 3149 3154
f 656 548 655
f 770 657 656
f 656 657 548
f 461 548 462
f 897 770 884
f 660 558 666
f 2475 2490 2476
f 2476 2275 2475
f 2475 2275 2474
f 2475 2474 2708
f 2289 2491 2290
f 2289 2490 2491
f 2476 2490 2289
f 2289 2275 2476
f 2474 2275 2473
f 2293 2294 2106
f 1080 1231 1230
f 1376 1533 1379
f 1379 72 1534
f 1379 1533 72
f 1079 1080 942
f 943 814 942
f 942 1078 943
f 942 1082 1076
f 1697 1692 1826
f 1825 1826 1691
f 1825 1965 1966
f 1541 1547 1542
f 1670 1671 1518
f 1518 1531 1670
f 1670 1531 1671
f 1532 1517 1375
f 1375 1531 1532
f 1518 1517 1532
f 1532 1531 1518
f 1681 1531 1680
f 1680 1820 1681
f 1680 1679 1820
f 1813 1953 1952
f 1953 1829 1952
f 1818 1958 1957
f 1818 1815 1958
f 1516 1668 1669
f 1669 1668 1519
f 1668 1516 1519
f 1364 1518 1519
f 1519 1516 1364
f 1813 1669 1677
f 1677 1675 1813
f 1669 1519 1677
f 1677 1519 1675
f 1817 1675 1674
f 1815 1818 1674
f 1674 1673 1672
f 1672 1815 1674
f 1518 1673 1674
f 1674 1675 1518
f 1669 1811 1689
f 1691 1692 1545
f 1545 1696 1691
f 1545 1389 1544
f 1686 1689 1544
f 1544 1538 1686
f 93 92 74
f 74 90 93
f 93 90 92
f 1667 1666 92
f 2945 3168 79
f 79 2732 2945
f 2945 3167 3168
f 79 2735 2733
f 590 591 496
f 496 589 590
f 2293 2495 2496
f 2497 2496 2495
f 3165 3163 3375
f 3375 3374 3165
f 3163 3374 3375
f 3775 3777 3579
f 4144 80 3963
f 4144 4142 80
f 3960 3961 3774
f 3960 4142 3961
f 3960 4140 4141
f 4141 4142 3960
f 4635 4472 4634
f 4634 4472 4471
f 4471 4633 4634
f 4315 4142 4314
f 4314 4142 4141
f 4314 80 4315
f 4314 4472 80
f 2121 1949 1948
f 1948 1949 1805
f 1650 1805 1806
f 1804 1805 1648
f 1806 98 1653
f 98 1490 1653
f 1341 98 1491
f 1341 1490 98
f 58 78 79
f 79 59 58
f 58 53 74
f 57 56 58
f 56 53 58
f 58 36 57
f 58 59 36
f 98 78 77
f 74 94 77
f 77 58 74
f 78 58 77
f 99 98 77
f 77 94 99
f 79 102 2511
f 2511 2735 79
f 2511 2510 2735
f 4643 4481 4480
f 4813 4649 4643
f 4643 4649 4487
f 4322 4482 4331
f 4331 4165 4322
f 4823 4993 4992
f 4992 4825 4823
f 5742 5602 5743
f 5743 5600 5742
f 5742 5600 5602
f 5602 5600 5599
f 5310 5311 5151
f 5142 5302 5143
f 5142 4978 5139
f 5305 5450 5451
f 5149 5144 5305
f 4991 4994 4824
f 4991 4824 4821
f 4821 4658 4991
f 4658 4822 4991
f 4818 4652 4989
f 5150 5308 5154
f 5150 5154 4994
f 4994 4991 5150
f 5150 4991 4822
f 6103 5987 5986
f 5995 5876 5875
f 5748 5880 5747
f 5748 5741 5870
f 5747 5604 5748
f 5604 5741 5748
f 5870 5869 5881
f 5881 5869 5987
f 5881 5748 5870
f 5880 5748 5881
f 5874 5873 5746
f 5875 5743 5874
f 5743 5873 5874
f 5879 5746 5747
f 5747 5880 5879
f 5879 5874 5746
f 5449 5303 5448
f 5303 5445 5448
f 5597 5598 5449
f 5449 5448 5597
f 5460 5450 5449
f 5449 5598 5460
f 5460 5598 5604
f 5596 5736 5737
f 5736 5868 5737
f 4983 4987 4817
f 4817 4989 4652
f 4817 4987 4988
f 4988 4989 4817
f 4651 4652 4491
f 4491 4649 4651
f 4651 4817 4652
f 4651 4649 4813
f 4647 1 4814
f 1 4984 4814
f 4814 4984 4985
f 4985 4986 4814
f 4979 4805 4986
f 4979 5141 5140
f 4986 5141 4979
f 5140 5138 4979
f 3974 4155 4156
f 4325 4326 4156
f 4323 4325 4156
f 4156 4155 4323
f 4485 4326 3
f 4485 1 4647
f 4485 3 1
f 4646 4805 4637
f 4637 4805 4804
f 4805 4979 4804
f 4982 5137 4976
f 4976 4810 4982
f 4988 4987 4976
f 4976 5137 4988
f 4976 4987 4983
f 4803 4810 4976
f 4981 4810 4809
f 4809 4807 4981
f 4811 4641 4803
f 4811 4976 4983
f 4803 4976 4811
f 4803 4641 4636
f 4641 4479 4636
f 3967 4150 4151
f 3967 3968 3781
f 4151 3968 3967
f 4474 4479 4320
f 4474 4636 4479
f 4474 4316 4473
f 4473 4636 4474
f 4158 3976 3975
f 4147 3976 4158
f 4158 4318 4147
f 5455 5599 5600
f 5347 5455 5348
f 5192 5311 5347
f 5311 5310 5347
f 5310 5455 5347
f 6540 6431 6539
f 6539 6579 6540
f 6658 19 18
f 6542 19 6658
f 6543 6433 6542
f 6639 6539 6638
f 6638 6661 6639
f 6662 6661 6638
f 6124 6123 6240
f 6240 6123 6122
f 6240 6347 6241
f 6241 6125 6240
f 6240 6125 6124
f 6557 6669 6670
f 6557 6670 6558
f 6558 6451 6557
f 6557 6451 6556
f 6670 6669 6784
f 6784 6845 6846
f 6846 6841 6784
f 6257 6365 6367
f 5769 5903 5904
f 6114 5999 6113
f 5337 5334 5481
f 5177 5334 5178
f 5178 5017 5177
f 5177 5017 5016
f 5334 5177 5176
f 5176 5016 5175
f 5176 5177 5016
f 2589 2807 2590
f 2590 2807 2591
f 2590 2382 2589
f 2591 2382 2590
f 2806 2588 2805
f 2807 2588 2806
f 2805 3008 2806
f 2591 2807 2808
f 3013 2809 2808
f 2808 2809 2591
f 2808 3012 3013
f 2807 2806 2808
f 3017 2809 3016
f 2803 2605 2824
f 2803 2586 2605
f 2824 2804 2803
f 2804 2586 2803
f 2381 2588 2589
f 2589 2382 2381
f 2381 2203 2392
f 2392 2586 2381
f 2381 2194 2203
f 2382 2194 2381
f 2587 2586 2804
f 2804 2588 2587
f 2587 2381 2586
f 2588 2381 2587
f 3647 3649 3444
f 3835 3645 3644
f 3644 3643 3835
f 3644 3645 3440
f 3440 3643 3644
f 3837 3835 4026
f 3835 3834 4026
f 4197 4025 4196
f 4197 4196 4195
f 4195 4361 4197
f 3029 3030 2819
f 3250 3249 3228
f 3030 3249 3250
f 3228 3031 3250
f 3250 3031 3030
f 3458 3659 3660
f 3228 3007 3227
f 3227 3031 3228
f 3007 3031 3227
f 3832 3831 4023
f 3832 3641 3831
f 3833 3641 3832
f 4023 4024 3832
f 3832 4024 3833
f 3851 3659 3657
f 2592 2382 2591
f 2592 2383 2382
f 2591 2809 2810
f 2810 3017 2812
f 2809 3017 2810
f 2031 2200 2201
f 2201 2032 2031
f 2390 2391 2201
f 2201 2202 2032
f 2201 2391 2202
f 2799 2813 2596
f 2813 2814 2596
f 2198 2199 2029
f 2388 2200 2387
f 2200 2199 2387
f 2387 2199 2386
f 2602 2390 2388
f 2602 2603 2390
f 2388 2601 2602
f 2820 2603 2602
f 2602 2601 2820
f 2821 2603 2820
f 2819 3030 2821
f 2821 2820 2819
f 2821 3030 2822
f 2822 2603 2821
f 1870 1874 1738
f 2020 1874 1870
f 1870 1738 1735
f 2019 2021 1869
f 2021 2022 1869
f 1869 2022 2020
f 1869 1868 2019
f 2020 1870 1869
f 1735 1868 1869
f 1869 1870 1735
f 2376 2188 2375
f 2187 2374 2375
f 2375 2188 2187
f 2182 2371 2372
f 2372 2370 2182
f 2371 2570 2372
f 2570 2571 2372
f 2370 2191 2190
f 2190 2183 2182
f 2182 2370 2190
f 2023 2183 2190
f 2190 2191 2023
f 2373 2374 2187
f 2373 2379 2374
f 2187 2185 2373
f 2572 2379 2582
f 2789 2792 2582
f 2192 2185 2024
f 2192 2373 2185
f 2379 2373 2192
f 2024 2191 2192
f 2192 2191 2377
f 2598 2386 2599
f 2599 2816 2598
f 2388 2387 2598
f 2598 2387 2386
f 2033 2202 2203
f 2203 2194 2033
f 1876 2032 2033
f 2032 2202 2033
f 2033 2026 1876
f 2033 2194 2026
f 2819 2601 2818
f 2818 3023 2819
f 2816 3023 2818
f 4362 4197 4361
f 4363 4199 4362
f 4199 4197 4362
f 5022 4853 5020
f 5020 5023 5022
f 4213 4042 4212
f 4212 4211 4213
f 4042 4211 4212
f 4041 4211 4042
f 4041 4042 3848
f 4210 4211 4041
f 4195 4024 4194
f 4194 4024 4023
f 4355 4192 4191
f 4355 4356 4195
f 4195 4194 4355
f 4516 4358 4515
f 4517 4358 4516
f 3650 3649 3840
f 5014 5015 4849
f 4849 4848 5014
f 5013 4872 5043
f 5043 5014 5013
f 5015 5014 5043
f 5175 5015 5043
f 5041 4872 4871
f 4871 4870 5041
f 5041 4870 5042
f 5042 5043 5041
f 5041 5043 4872
f 4865 5034 5035
f 5035 4866 4865
f 5033 5034 4865
f 4865 4866 4696
f 5039 5042 5040
f 5042 4870 5040
f 5040 4869 5039
f 5040 4870 4869
f 4693 4692 4694
f 4694 4534 4693
f 4532 4692 4693
f 4693 4534 4532
f 4846 4677 4845
f 4845 4677 4699
f 4845 4699 4697
f 4697 4872 4845
f 4845 4872 4846
f 4379 4511 4354
f 4515 4511 4379
f 4376 4537 4535
f 3655 3658 3454
f 3846 3847 3655
f 3847 3846 4038
f 4038 3846 3845
f 4493 4495 4335
f 4335 4334 4493
f 4344 4341 4335
f 4335 4495 4344
f 4170 3991 4172
f 4172 4334 4170
f 4334 4335 4170
f 4170 3992 3991
f 3241 3447 3239
f 3239 3019 3241
f 2814 3019 3020
f 3019 3240 3020
f 3245 3024 3242
f 3449 3242 3240
f 4004 4006 4005
f 4005 4006 3821
f 4005 3819 4004
f 4005 3821 3820
f 3820 3819 4005
f 4178 4180 4008
f 4008 4007 4178
f 4008 4180 4179
f 4179 4009 4008
f 4008 4009 3821
f 3821 4007 4008
f 3810 3992 3993
f 3993 3994 3810
f 3993 4006 3994
f 3618 3812 3813
f 3813 3623 3618
f 3810 3995 3811
f 3811 3615 3810
f 3995 3994 4002
f 2989 3208 3211
f 2983 2985 3208
f 1991 1848 1996
f 1991 1846 1848
f 1717 1848 1849
f 1849 1846 1717
f 1848 1846 1849
f 1717 1846 1716
f 1842 1987 1843
f 1842 1846 1987
f 1842 1716 1846
f 2171 2158 2347
f 2003 2158 2171
f 1567 1718 1569
f 1569 1568 1567
f 1567 1568 1408
f 1998 2003 1999
f 1569 1718 1722
f 2170 2167 2000
f 2170 2357 2358
f 2168 2000 2003
f 2359 2357 2172
f 2172 2171 2347
f 2357 2168 2172
f 2003 2171 2172
f 2172 2168 2003
f 2155 1989 2154
f 2154 1989 2153
f 2341 2155 2154
f 2154 2163 2341
f 2153 2163 2154
f 2156 2159 2157
f 2157 1989 2156
f 2157 2159 1990
f 1990 1989 2157
f 1988 1989 1843
f 2153 1989 1988
f 1843 1994 1988
f 1994 2153 1988
f 1845 1844 1990
f 1715 1844 1845
f 2002 2158 2003
f 1990 2158 2002
f 1566 1405 1565
f 3172 2951 3173
f 3172 3174 2951
f 2946 3171 3172
f 3173 2949 3172
f 3172 2949 2946
f 3591 3595 3390
f 3390 3389 3591
f 3180 3177 2955
f 2955 3179 3180
f 2955 2954 3176
f 3176 3179 2955
f 3176 2954 3174
f 3174 3179 3176
f 3193 3195 3402
f 3195 3407 3402
f 3402 3401 3193
f 3606 3401 3402
f 3402 3407 3606
f 2550 2350 2349
f 2349 2354 2550
f 2166 2354 2349
f 1993 2160 2161
f 2161 2348 1993
f 2161 2160 2166
f 2166 2349 2161
f 2350 2348 2161
f 2161 2349 2350
f 1058 800 927
f 927 800 818
f 681 800 801
f 801 800 928
f 801 796 681
f 801 923 796
f 801 928 929
f 929 923 801
f 926 800 1058
f 928 800 926
f 926 1057 928
f 1058 1208 1059
f 1059 926 1058
f 1057 926 1059
f 1209 1206 1059
f 1206 1057 1059
f 1359 1355 1209
f 1209 1059 1359
f 1359 1059 1208
f 1684 1664 1663
f 1364 1215 1225
f 1225 1215 1076
f 1225 1228 1364
f 1076 1228 1225
f 1076 1215 1218
f 1385 1236 1363
f 1237 1238 1088
f 1088 1240 1237
f 1358 1357 1241
f 1358 1210 1207
f 1207 1357 1358
f 1828 1829 1971
f 1971 1830 1828
f 1830 1696 1828
f 1966 1965 2134
f 2139 2141 2330
f 2140 2141 2139
f 1971 2140 2139
f 2538 2340 2338
f 1950 1836 1981
f 2148 2149 1981
f 1548 1547 1683
f 2146 1979 2145
f 1980 1979 2146
f 1980 2147 2148
f 2146 2147 1980
f 2148 1981 1980
f 1699 1547 1698
f 1985 2150 2151
f 2151 1984 1985
f 1986 1984 2151
f 2151 2152 1986
f 2339 2149 2338
f 2339 2150 2149
f 2338 2340 2339
f 2339 2151 2150
f 2340 2152 2339
f 2152 2151 2339
f 1950 1809 1808
f 1809 1664 1808
f 1808 1836 1950
f 2711 2710 2478
f 2672 2674 2442
f 2442 2440 2672
f 2672 2440 2441
f 2440 2243 2242
f 2241 2439 2242
f 2057 2241 2242
f 2242 2243 2057
f 2242 2439 2441
f 2441 2440 2242
f 2058 2244 2245
f 2245 2246 2058
f 2244 2246 2245
f 2443 2246 2244
f 2443 2244 2442
f 2443 2445 2251
f 2251 2246 2443
f 2442 2673 2443
f 2443 2673 2445
f 2047 1882 1881
f 2048 1882 2047
f 2047 1881 2046
f 2418 2226 2417
f 2417 2641 2418
f 2233 2414 2426
f 2421 2420 2643
f 2223 2047 2046
f 2048 2047 2223
f 1906 1905 2077
f 2077 1905 2076
f 2077 2078 1906
f 1906 2078 1908
f 1757 1905 1906
f 2263 2460 2463
f 2463 2464 2263
f 2263 2077 2076
f 2693 2699 2463
f 2463 2460 2693
f 2693 2692 2699
f 2693 2460 2459
f 2459 2692 2693
f 2093 2277 2096
f 2458 2692 2459
f 2908 2692 2691
f 2692 2458 2691
f 2081 2082 1911
f 2078 2265 2266
f 2467 2466 2468
f 2271 2082 2270
f 2082 2081 2270
f 2270 2470 2271
f 2468 2469 2270
f 2469 2470 2270
f 3126 3127 2906
f 2906 2905 3126
f 3124 3344 3345
f 3345 3127 3124
f 3344 3128 3345
f 3345 3128 3127
f 3123 2905 3122
f 3122 2905 3121
f 3122 3121 3341
f 3343 3123 3122
f 3341 3342 3122
f 3122 3342 3343
f 2261 2263 2076
f 2460 2263 2261
f 3548 3546 3738
f 3548 3547 3546
f 3341 3547 3548
f 3548 3549 3341
f 3551 3742 3552
f 3745 3553 3552
f 3552 3347 3551
f 3552 3553 3347
f 3550 3549 3741
f 3741 3742 3550
f 3550 3742 3551
f 3342 3549 3550
f 3343 3342 3550
f 3550 3551 3343
f 3743 3552 3742
f 3766 3765 3954
f 3573 3571 3367
f 4303 4138 4135
f 3347 3553 3348
f 3348 3353 3349
f 3129 3347 3348
f 3349 3130 3348
f 3130 3129 3348
f 3754 3565 3755
f 3565 3361 3755
f 3755 3559 3754
f 3760 3565 3754
f 2685 2686 2454
f 2901 3118 2921
f 3117 3118 2901
f 2900 2683 2686
f 3117 2901 2900
f 2900 2901 2683
f 1003 1021 1020
f 1021 887 1020
f 886 887 762
f 645 646 538
f 762 646 761
f 748 872 761
f 761 646 748
f 538 646 635
f 1287 1289 1288
f 3337 3118 3117
f 3338 3118 3337
f 3337 3335 3338
f 3112 2890 3111
f 3338 3335 3543
f 3925 3756 3733
f 3733 3924 3925
f 3328 3537 3538
f 3539 3329 3538
f 3538 3329 3328
f 3105 3328 3106
f 3106 2887 3105
f 3105 2887 2886
f 3105 2886 2885
f 2885 3104 3105
f 3536 3537 3327
f 3327 3537 3328
f 3328 3105 3327
f 3327 3105 3104
f 2675 2674 2679
f 2679 2678 2675
f 2674 2672 2679
f 2448 2678 2679
f 2679 2680 2448
f 2454 2680 2679
f 2679 2685 2454
f 3108 3107 3330
f 3108 3110 2890
f 3330 3110 3108
f 2438 2668 2669
f 2666 2887 2667
f 2667 2438 2666
f 2667 2668 2438
f 1900 1753 1898
f 2092 2093 1920
f 2277 2093 2092
f 2448 2447 2677
f 2447 2446 2677
f 2237 2053 2236
f 2238 2053 2237
f 1885 1886 1740
f 1740 1884 1885
f 2051 1884 2048
f 2052 1884 2051
f 2233 2052 2051
f 2048 2223 2051
f 2049 1884 2052
f 2231 2236 2235
f 2235 2053 2231
f 2236 2053 2235
f 2651 2648 2869
f 2869 2868 3085
f 2869 2648 2647
f 2647 2868 2869
f 2871 2649 2870
f 2870 2649 2651
f 2651 2869 2870
f 2870 2869 3085
f 2052 2234 2228
f 2234 2422 2228
f 2228 2049 2052
f 4948 5110 4943
f 4943 5110 4945
f 4943 4945 4766
f 4766 4765 4943
f 3103 3327 3104
f 3103 3104 2884
f 2871 2870 2877
f 3100 2882 2881
f 2881 3099 3100
f 2881 2662 2661
f 2881 2882 2662
f 3535 3729 3536
f 3536 3327 3535
f 3921 3729 3920
f 3920 3729 3728
f 4102 3918 3917
f 3730 3922 3923
f 3730 3537 3536
f 3536 3729 3730
f 3921 3922 3730
f 3730 3729 3921
f 4108 3923 4107
f 4108 3924 3923
f 4442 4282 4441
f 4297 4284 4442
f 4442 4459 4297
f 3323 3101 3100
f 3100 3099 3323
f 3516 3309 3306
f 3498 3690 3691
f 3078 3296 3297
f 3507 3703 3508
f 3508 3506 3507
f 3506 3297 3507
f 3507 3297 3498
f 3498 3691 3507
f 3507 3691 3703
f 3712 3896 3901
f 3901 3897 4085
f 3508 3703 3704
f 3094 3092 3313
f 3313 3092 3090
f 3293 3501 3502
f 3291 3296 3287
f 3498 3297 3291
f 3291 3297 3296
f 3076 3296 3078
f 3076 2864 2860
f 3287 3296 3075
f 3075 3076 2860
f 3296 3076 3075
f 3295 3505 3498
f 3498 3291 3295
f 3295 3294 3293
f 3293 3502 3295
f 2645 2866 2646
f 5093 5254 5251
f 5251 5252 5093
f 5254 5252 5251
f 4918 5084 4916
f 4916 4740 4918
f 4744 4740 4916
f 4915 4740 4739
f 4739 4914 4915
f 4739 4578 4743
f 4743 4914 4739
f 4919 4742 4741
f 4742 4577 4741
f 4899 5067 5068
f 5068 4903 4899
f 5696 5695 5702
f 5702 5558 5696
f 5696 5558 5553
f 5702 5685 5825
f 5540 5396 5398
f 5682 5684 5542
f 5398 5396 5243
f 5086 5242 5243
f 5549 5403 5405
f 5547 5550 5405
f 5405 5550 5549
f 5539 5403 5549
f 5539 5394 5403
f 105 6820 6819
f 6819 6729 105
f 4772 4784 4773
f 4620 4608 4773
f 4621 4620 4773
f 4773 4784 4621
f 4621 4622 4456
f 4456 4455 4621
f 4296 4455 4456
f 4456 4622 4457
f 4456 4457 4296
f 5126 4964 5125
f 5125 5285 5126
f 5126 5287 5128
f 4937 5105 4939
f 4760 4932 4937
f 5098 5105 4937
f 4937 4932 5098
f 5265 5107 5264
f 5559 5558 5702
f 5415 5558 5559
f 5096 4929 4928
f 4930 4929 5096
f 5096 4931 4930
f 5258 5257 5406
f 5406 5257 5256
f 5406 5408 5258
f 5407 5408 5406
f 5406 5252 5407
f 5256 5252 5406
f 3696 3501 3695
f 4575 4739 4740
f 4928 4929 4753
f 4753 4929 4754
f 4753 4754 4590
f 4928 4923 4925
f 4925 4924 5093
f 5093 5094 4925
f 4925 5094 4928
f 4924 4925 4746
f 4746 4925 4923
f 4940 4939 4941
f 4940 4762 4939
f 4757 4758 4593
f 4755 4932 4756
f 4756 4932 4760
f 4273 4098 4272
f 4423 4433 4272
f 4433 4273 4272
f 3521 3311 3520
f 3718 3526 3525
f 3905 3715 3903
f 3717 3908 3719
f 3718 3525 3719
f 3719 3525 3717
f 3911 3908 3907
f 3911 3719 3908
f 4271 4258 4097
f 3910 3911 4097
f 3718 3910 3899
f 4258 4259 4086
f 4086 4259 4087
f 4086 4097 4258
f 3910 4097 4086
f 4086 3899 3910
f 4087 3899 4086
f 4098 4087 4260
f 4087 4259 4260
f 4260 4259 4423
f 4423 4272 4260
f 4260 4272 4098
f 3905 4093 3906
f 3906 3715 3905
f 3907 3715 3906
f 4270 4431 4271
f 4271 4095 4270
f 4423 4432 4585
f 4769 4765 4603
f 4934 4948 4769
f 4948 4943 4769
f 4769 4943 4765
f 5104 5259 5263
f 5104 4948 4934
f 5113 4948 5104
f 5104 5263 5113
f 5103 5100 5099
f 5099 5259 5103
f 4934 5100 5103
f 5103 5104 4934
f 5259 5104 5103
f 5266 5109 5108
f 5108 5107 5266
f 5107 5265 5266
f 5266 5265 5415
f 6711 120 6713
f 6717 120 6718
f 110 111 85
f 111 86 85
f 85 86 66
f 66 62 85
f 62 83 85
f 85 107 110
f 82 107 85
f 85 83 82
f 84 108 109
f 109 104 84
f 108 104 109
f 6090 6101 115
f 6743 6744 105
f 6741 6742 6631
f 6632 6633 6533
f 6632 6631 116
f 116 6633 6632
f 6534 115 6533
f 6533 6633 6534
f 6534 6633 115
f 5422 5270 5421
f 5421 5567 5422
f 5711 5567 5710
f 5710 5845 5711
f 5568 5711 5712
f 5567 5711 5568
f 5568 5712 5570
f 5581 5572 5571
f 5534 5387 5533
f 5804 5668 5803
f 5528 5529 5383
f 5529 5384 5383
f 5383 5384 5229
f 5383 5527 5528
f 5532 5387 5386
f 5530 5529 5669
f 5529 5668 5669
f 5669 5670 5530
f 5806 5670 5669
f 6241 6347 6349
f 5493 5634 5605
f 5633 5634 5493
f 5323 5164 5319
f 5319 5464 5323
f 5749 5606 5605
f 5607 5606 5749
f 5605 5634 5749
f 5749 5634 5774
f 5191 5030 5029
f 5649 5643 5782
f 5644 5509 5508
f 5508 5509 5361
f 5363 5509 5510
f 5363 5362 5210
f 5510 5362 5363
f 5210 5361 5363
f 5361 5509 5363
f 6040 6039 6154
f 6154 6041 6040
f 6041 5918 6040
f 5787 5918 5788
f 5788 5652 5787
f 5915 6039 6035
f 6039 6040 6035
f 6035 6040 5918
f 5649 5782 5651
f 5651 5652 5650
f 5650 5510 5651
f 5651 5510 5649
f 5654 5513 5512
f 5655 5514 5654
f 5654 5514 5513
f 5790 5791 5654
f 5654 5791 5655
f 5654 5788 5790
f 6253 6139 6138
f 6036 5914 5916
f 5916 5914 5785
f 5915 5914 6038
f 6038 6039 5915
f 5507 5648 5783
f 5783 5643 5507
f 5648 5785 5783
f 5783 5785 5914
f 5783 5914 5915
f 5783 5782 5643
f 5916 5898 6022
f 6022 6036 5916
f 5897 5898 5763
f 6462 6360 6463
f 6568 6569 6462
f 6868 6869 6854
f 6853 6852 6868
f 6868 6854 6853
f 6853 6854 6799
f 6263 6151 6253
f 6253 6364 6263
f 6263 6371 6264
f 6263 6364 6371
f 6372 6266 6265
f 6264 6371 6265
f 6265 6374 6372
f 6241 6127 6126
f 6126 6127 6010
f 6010 6009 6126
f 6126 6125 6241
f 6351 6245 6242
f 6128 6127 6242
f 6242 6127 6241
f 6244 6245 6353
f 5885 5886 5753
f 6009 5886 5885
f 5884 6007 5885
f 5887 6009 6010
f 6010 6011 5887
f 5887 5886 6009
f 5753 5886 5887
f 5887 5755 5753
f 5757 5755 5887
f 6018 6134 6019
f 6132 6018 6016
f 5647 5648 5507
f 5784 5646 5763
f 5784 5647 5646
f 5648 5647 5784
f 5916 5785 5784
f 5784 5785 5648
f 5172 5333 5331
f 5171 5330 5172
f 5172 5169 5171
f 5171 5170 5329
f 5329 5330 5171
f 4895 4721 4894
f 5226 5067 5066
f 5222 5375 5223
f 5523 5377 5521
f 5377 5375 5521
f 5521 5522 5523
f 5221 5375 5222
f 5222 5061 5221
f 5062 5061 5222
f 5222 5223 5062
f 4889 4717 4716
f 4719 4718 4890
f 5061 5062 4890
f 5060 5061 4890
f 4890 4889 5060
f 4890 4718 4717
f 4717 4889 4890
f 5920 5918 6041
f 5920 5788 5918
f 6042 6155 6043
f 6041 6155 6042
f 5519 5659 5660
f 5660 5659 5795
f 6043 5923 5922
f 5922 5923 5792
f 5792 5791 5922
f 5657 5792 5794
f 5792 5923 5794
f 5794 5923 5795
f 5794 5659 5657
f 5795 5659 5794
f 6045 5925 6044
f 6044 6157 6045
f 6043 6157 6044
f 6375 6269 6268
f 6268 6267 6375
f 6158 6267 6268
f 5380 5228 5227
f 5381 5228 5380
f 5380 5227 5226
f 5526 5379 5525
f 5525 5527 5526
f 5526 5527 5381
f 5381 5380 5526
f 5526 5380 5379
f 5525 5379 5378
f 5523 5524 5378
f 5378 5524 5525
f 5378 5377 5523
f 5803 5668 5667
f 5667 5668 5529
f 5529 5666 5667
f 5525 5524 5663
f 5663 5524 5798
f 4565 4727 4566
f 4407 4565 4566
f 4566 4409 4407
f 4566 4727 4728
f 4548 4709 4549
f 4711 4550 4549
f 4393 4550 4551
f 4548 4549 4390
f 4053 4054 3859
f 4404 4403 4561
f 4240 4403 4404
f 4561 4405 4404
f 4405 4240 4404
f 4557 4400 4556
f 4557 4556 4717
f 4717 4718 4557
f 4557 4718 4559
f 4061 4060 4064
f 4058 4059 3865
f 4394 4553 4395
f 4395 4553 4554
f 4399 4234 4233
f 4233 4234 4064
f 4064 4234 4230
f 4065 4061 4230
f 4230 4061 4064
f 4230 4234 4397
f 4401 4234 4400
f 4397 4234 4401
f 4401 4557 4559
f 4559 4560 4401
f 4401 4560 4561
f 4065 4066 3873
f 3875 4066 4067
f 3875 3873 4066
f 4239 4069 4238
f 4069 4067 4238
f 4238 4403 4239
f 3877 3880 3878
f 3880 3692 3878
f 4011 4182 4183
f 4015 4182 4011
f 4011 3826 4015
f 4015 3826 3843
f 4015 3843 3842
f 4013 4181 4014
f 4014 3824 4013
f 4011 4181 4013
f 3823 3824 3630
f 3630 3826 3823
f 4011 3824 4010
f 4010 3826 4011
f 3824 3823 4010
f 4010 3823 3826
f 3842 3650 3841
f 3650 3840 3841
f 3841 3840 4031
f 4364 4199 4363
f 4200 4201 4029
f 4199 4364 4200
f 4200 4364 4201
f 4029 4201 4030
f 4030 3840 4029
f 4031 3840 4030
f 4685 4686 4524
f 4368 4367 4524
f 5002 5004 4834
f 5472 5466 5471
f 5327 5466 5472
f 5472 5328 5327
f 5890 5888 5757
f 5753 5755 5612
f 5612 5755 5754
f 5471 5614 5615
f 5615 5472 5471
f 5616 5472 5615
f 5471 5470 5613
f 5613 5614 5471
f 5754 5614 5613
f 5469 5470 5325
f 5325 5468 5469
f 5324 5468 5325
f 5325 5165 5324
f 5323 5468 5324
f 5324 5165 5323
f 5166 5165 5325
f 5004 5165 5166
f 4664 4510 4671
f 4510 4676 4670
f 4670 4676 4840
f 4670 4671 4510
f 4840 4671 4670
f 4844 4676 4843
f 5010 5012 4844
f 4844 4843 5010
f 5010 5169 5172
f 5172 5012 5010
f 5156 5012 5174
f 4999 4840 4844
f 4509 4668 4669
f 4668 4836 4669
f 5327 5321 5465
f 5322 5466 5465
f 5465 5466 5327
f 5321 5161 5320
f 5322 5465 5320
f 5320 5465 5321
f 5161 5163 5320
f 4839 4838 5006
f 5006 4838 5005
f 5007 4841 4839
f 4839 5006 5007
f 5007 5167 5168
f 4836 4841 4674
f 4673 4669 4674
f 4674 4669 4836
f 4510 4673 4674
f 4506 4347 4505
f 4505 4510 4664
f 4664 4506 4505
f 4186 4181 4011
f 4186 4347 4181
f 3829 4016 4017
f 5214 5366 5215
f 5210 5208 5049
f 5049 4878 4877
f 5650 5512 5511
f 5511 5510 5650
f 5511 5364 5510
f 5211 5362 5212
f 5050 5208 5211
f 5051 5050 5211
f 5211 5208 5210
f 5210 5362 5211
f 5512 5366 5365
f 5366 5213 5365
f 5365 5213 5364
f 5053 5213 5214
f 4701 4542 4541
f 4348 4507 4380
f 4380 4507 4381
f 5207 5357 5361
f 4542 4702 4543
f 4877 4878 4704
f 1129 1131 1130
f 1131 990 1130
f 863 862 991
f 991 990 1132
f 861 990 991
f 991 862 861
f 1255 1410 1258
f 1408 1568 1409
f 1409 1254 1408
f 1409 1410 1254
f 1409 1568 1569
f 1259 1258 1409
f 1409 1258 1410
f 1272 1268 1121
f 1867 1736 1734
f 1734 1736 1584
f 1412 1413 1259
f 1725 1727 1573
f 1268 1269 1118
f 1428 1429 1279
f 3625 3424 3423
f 3423 3424 3216
f 3216 3424 3217
f 3217 3424 3425
f 2986 2791 2987
f 2785 2788 2563
f 2785 2986 2987
f 2784 2986 2785
f 2987 2790 2785
f 2790 2788 2785
f 2178 2361 2174
f 2174 2361 2173
f 1857 2006 2007
f 2173 2004 2007
f 2007 2004 1857
f 2007 2174 2173
f 1861 2006 1857
f 2565 2363 2564
f 2565 2364 2363
f 2362 2363 2173
f 2173 2361 2362
f 2361 2367 2362
f 2561 2363 2560
f 2363 2362 2560
f 2560 2362 2367
f 2178 2167 2356
f 2356 2367 2178
f 2017 1864 2016
f 2016 1864 2009
f 2009 2008 2016
f 2016 2008 2176
f 2016 2179 2017
f 2176 2179 2016
f 2564 2366 2365
f 2366 2175 2365
f 2173 2364 2365
f 2365 2565 2564
f 2364 2565 2365
f 2182 2013 2181
f 2181 2013 2180
f 2181 2369 2182
f 2180 2369 2181
f 2564 2369 2368
f 2368 2369 2180
f 2368 2366 2564
f 2368 2180 2366
f 1877 2035 1878
f 1878 2035 2036
f 1878 2036 1879
f 1879 1739 1878
f 1878 1739 1877
f 2025 2193 2034
f 2205 2035 2034
f 1877 2025 2034
f 2034 2035 1877
f 2380 2585 2393
f 2380 2583 2584
f 2584 2585 2380
f 2028 2196 2197
f 2197 2193 2028
f 2197 2380 2193
f 2612 2395 2611
f 2611 2613 2612
f 2612 2613 2395
f 2831 2613 2611
f 3044 2832 2831
f 2615 2396 2614
f 2614 2396 2395
f 2395 2613 2614
f 2614 2832 2615
f 2613 2831 2614
f 2614 2831 2832
f 2608 2609 2393
f 2627 2406 2626
f 2626 2406 2405
f 2615 2832 2833
f 3045 3044 3261
f 3045 2832 3044
f 3045 2833 2832
f 1104 1092 1247
f 961 1092 1104
f 1247 1105 1104
f 1104 1105 961
f 1244 1092 1091
f 1243 1244 1091
f 1091 1090 1243
f 1098 1100 1099
f 1099 956 1098
f 1097 1249 1098
f 1098 956 1097
f 1096 1249 1097
f 832 828 710
f 829 828 953
f 710 602 709
f 504 578 597
f 597 598 504
f 504 598 599
f 504 481 578
f 504 423 481
f 1394 1245 1243
f 1394 1395 1245
f 1549 1702 1553
f 1553 1397 1549
f 1549 1397 1395
f 1550 1701 1549
f 1701 1702 1549
f 1554 1553 1706
f 1706 1707 1554
f 1554 1397 1553
f 1839 1984 1840
f 1840 1707 1839
f 1840 1984 1841
f 1841 1710 1840
f 1555 1559 1552
f 1552 1397 1555
f 1397 1554 1555
f 1555 1554 1707
f 1251 1253 1399
f 1399 1404 1251
f 1399 1253 1248
f 1248 1398 1399
f 1398 1404 1399
f 1565 1405 1556
f 1405 1404 1556
f 1556 1404 1398
f 1556 1558 1565
f 1556 1398 1558
f 595 576 575
f 680 576 595
f 348 295 347
f 702 818 799
f 799 680 702
f 701 809 817
f 796 923 924
f 924 923 929
f 929 1056 924
f 480 574 577
f 577 578 480
f 577 682 578
f 796 924 797
f 710 830 711
f 711 602 710
f 711 712 602
f 711 830 833
f 833 712 711
f 301 358 302
f 302 248 301
f 303 249 302
f 302 249 248
f 1275 1276 1126
f 1277 1129 1126
f 1126 1276 1277
f 1129 1130 988
f 1117 1118 973
f 1121 1268 1117
f 1268 1118 1117
f 745 866 746
f 746 632 745
f 541 530 451
f 181 180 220
f 221 181 220
f 266 312 320
f 372 378 320
f 320 312 372
f 653 759 769
f 769 654 653
f 653 644 759
f 547 548 459
f 547 654 548
f 459 458 547
f 535 644 536
f 456 378 455
f 204 170 203
f 132 131 148
f 147 131 142
f 147 148 131
f 147 170 149
f 149 148 147
f 172 150 171
f 171 150 170
f 170 205 171
f 171 206 172
f 205 206 171
f 208 172 207
f 207 249 208
f 429 358 357
f 357 428 429
f 154 175 178
f 152 175 154
f 152 134 133
f 149 150 133
f 133 148 149
f 132 148 133
f 124 132 133
f 133 134 124
f 214 176 213
f 213 176 177
f 212 176 214
f 214 255 212
f 155 156 136
f 136 156 137
f 439 440 367
f 367 440 375
f 367 375 317
f 317 316 367
f 309 366 367
f 367 316 309
f 363 435 364
f 307 363 364
f 306 363 307
f 210 252 211
f 211 175 210
f 210 175 174
f 210 174 173
f 309 254 308
f 307 364 308
f 253 306 307
f 252 306 253
f 307 308 253
f 253 308 254
f 211 252 253
f 253 254 211
f 178 211 216
f 211 254 216
f 202 201 233
f 233 244 202
f 202 244 204
f 204 203 202
f 202 203 170
f 232 281 233
f 233 190 232
f 234 281 232
f 232 190 234
f 353 423 424
f 425 353 424
f 424 508 425
f 421 353 352
f 353 299 352
f 301 299 356
f 356 299 355
f 356 357 301
f 355 357 356
f 297 245 283
f 297 283 339
f 301 248 300
f 300 299 301
f 207 245 247
f 299 300 247
f 247 248 207
f 247 300 248
f 245 206 246
f 246 206 205
f 204 245 246
f 246 205 204
f 239 290 240
f 238 290 239
f 196 239 240
f 199 167 198
f 199 243 234
f 165 193 166
f 144 165 166
f 166 167 144
f 287 290 238
f 192 236 237
f 237 193 192
f 236 287 237
f 238 193 237
f 237 287 238
f 413 494 493
f 413 410 346
f 235 236 192
f 192 231 235
f 241 196 240
f 1595 1745 1749
f 1895 2063 2064
f 1904 1903 2064
f 2064 1903 1895
f 2073 2069 1904
f 1904 2064 2073
f 2073 2064 2063
f 2252 2444 2253
f 2253 2063 2252
f 1896 1903 1756
f 1895 1903 1896
f 1431 1589 1590
f 1590 1472 1431
f 1431 1472 1322
f 1431 1430 1589
f 1594 1434 1593
f 1590 1594 1593
f 1593 1472 1590
f 1433 1434 1287
f 1285 1284 1287
f 1176 1284 1171
f 1323 1284 1176
f 544 454 542
f 630 629 740
f 895 768 767
f 733 856 854
f 863 743 742
f 742 862 863
f 741 862 742
f 377 318 375
f 375 452 377
f 377 452 454
f 377 454 453
f 528 440 527
f 528 630 542
f 542 452 528
f 452 440 528
f 527 629 528
f 629 630 528
f 1891 1892 1742
f 1586 1741 1742
f 1741 1891 1742
f 1742 1737 1586
f 1742 1743 1737
f 1737 1743 1588
f 1588 1743 1589
f 1589 1430 1588
f 1587 1737 1588
f 1588 1430 1587
f 30 18 17
f 18 8 17
f 8 16 17
f 29 27 30
f 29 16 27
f 30 17 29
f 29 17 16
f 6857 6876 89
f 6857 6875 6876
f 6857 6874 6875
f 112 6707 6813
f 6813 6864 112
f 117 106 105
f 117 6727 120
f 105 6729 117
f 6729 6727 117
f 110 106 118
f 118 117 120
f 106 117 118
f 6798 6797 6852
f 6852 6853 6798
f 6798 6799 6689
f 6798 6853 6799
f 6751 6752 6640
f 6751 6640 30
f 6868 6852 6851
f 6541 6640 6641
f 6640 6752 6641
f 6684 6685 6570
f 6685 6684 6753
f 6676 6562 6564
f 6750 6644 6756
f 6756 6833 6750
f 6755 6756 6644
f 6833 6756 6755
f 6757 6758 6645
f 6757 6833 6758
f 6645 6750 6757
f 6750 6833 6757
f 65 62 42
f 42 41 65
f 6766 6764 6843
f 5989 5990 5867
f 6105 5990 5989
f 5867 5988 5989
f 5989 5988 6105
f 6223 6105 6222
f 6332 8 6331
f 6331 6427 6332
f 6332 6427 8
f 6222 8 6325
f 8 6427 6325
f 6829 6771 6747
f 6772 6656 6655
f 6655 6771 6772
f 6771 6829 6772
f 6428 6427 6435
f 6435 6427 6331
f 6428 6435 6535
f 6535 6435 6545
f 6536 6433 6431
f 6545 6433 6536
f 6536 6535 6545
f 3203 3404 3415
f 2774 2767 2766
f 2547 2767 2774
f 3808 3809 3615
f 3615 3614 3808
f 3807 3989 3808
f 3808 3614 3807
f 3990 4169 3991
f 3991 3809 3990
f 3990 3989 3997
f 3997 4169 3990
f 3990 3808 3989
f 3809 3808 3990
f 4338 4339 4172
f 3986 4000 3814
f 3814 3802 3986
f 3986 3801 3985
f 3802 3801 3986
f 3998 3816 4001
f 3816 4000 4001
f 4175 3998 4001
f 4653 4819 4656
f 4656 4650 4653
f 4496 4650 4656
f 4487 4490 4328
f 4162 4168 4328
f 4175 4001 4177
f 2742 2517 2741
f 2741 2743 2742
f 2742 2743 2517
f 2313 2513 2514
f 2130 2142 2131
f 2131 1960 2130
f 2130 2316 2317
f 2317 2316 2331
f 2331 2141 2317
f 2317 2142 2130
f 2317 2141 2142
f 2319 2316 2130
f 2130 2318 2319
f 2319 2318 2520
f 2516 2520 2517
f 2517 2316 2516
f 2516 2319 2520
f 2316 2319 2516
f 2330 2331 2532
f 2331 2519 2532
f 3797 3982 3981
f 3981 3982 4159
f 3987 4165 4166
f 4159 4165 3987
f 4166 4167 3988
f 3988 3987 4166
f 3804 3987 3988
f 4161 3984 3988
f 3988 4168 4161
f 4167 4168 3988
f 3606 3407 3408
f 3408 3198 3406
f 3407 3198 3408
f 2982 2963 3189
f 2965 2758 2757
f 2552 2551 2779
f 2549 2350 2552
f 2350 2551 2552
f 2778 2551 2550
f 2779 2551 2778
f 2981 3189 3207
f 2779 2982 2981
f 2982 3189 2981
f 3399 3603 3417
f 2776 2980 2968
f 2776 2548 2549
f 2776 2553 2548
f 2776 2968 2762
f 2762 2553 2776
f 4296 4457 4458
f 4458 4298 4296
f 4457 4623 4458
f 4126 4112 4111
f 4300 4285 4126
f 4126 4285 4112
f 4615 4448 4447
f 4447 4614 4615
f 4288 4447 4448
f 4287 4447 4288
f 3132 2910 2912
f 3545 3736 3737
f 3940 3752 3935
f 3748 3749 3557
f 3557 3752 3748
f 3557 3749 3750
f 3351 3556 3557
f 3936 3752 3941
f 3941 3940 3945
f 3752 3940 3941
f 4125 3937 4124
f 4125 4299 4300
f 4300 4126 4125
f 4125 4126 3937
f 4124 4298 4125
f 4298 4299 4125
f 3748 3937 3938
f 4111 3939 3938
f 3938 4126 4111
f 3937 4126 3938
f 2688 2903 2904
f 2911 3119 3120
f 3120 2903 2911
f 3119 2903 3120
f 4601 4764 4602
f 4434 4433 4602
f 4433 4601 4602
f 4274 4433 4434
f 4274 4273 4433
f 4607 4439 4438
f 4438 4606 4607
f 4607 4608 4439
f 4772 4773 4607
f 4607 4773 4608
f 4768 4947 4770
f 4770 4949 4950
f 4770 4947 4949
f 4950 4951 4770
f 4768 4770 4605
f 4276 4436 4277
f 4438 4278 4277
f 4279 4278 4439
f 4440 4608 4441
f 4439 4608 4440
f 4440 4441 4280
f 4280 4279 4440
f 4440 4279 4439
f 5135 5295 5296
f 103 113 95
f 95 81 103
f 5295 113 103
f 103 5296 5295
f 5136 5296 103
f 103 81 5136
f 75 81 76
f 59 81 75
f 76 55 75
f 55 59 75
f 5277 5287 5428
f 5128 5287 5277
f 5428 5429 5277
f 4777 4953 4954
f 5119 5118 5281
f 5281 5118 5280
f 5280 5433 5281
f 5281 5433 5289
f 5279 5118 5278
f 5429 5279 5278
f 5278 5277 5429
f 5116 5277 5278
f 5718 5585 5582
f 5438 5582 5439
f 5439 5292 5438
f 5289 5433 5290
f 5131 5130 5290
f 5290 5130 5289
f 5290 5132 5131
f 5121 4967 4966
f 5129 4967 5121
f 4615 4614 4780
f 4632 4631 4798
f 4800 4633 4798
f 4798 4633 4632
f 4798 4797 4800
f 4631 4797 4798
f 4471 4472 4313
f 4313 4470 4471
f 4472 4314 4313
f 4312 4470 4313
f 4313 4141 4312
f 4313 4314 4141
f 4801 4802 4635
f 4635 4634 4801
f 4801 4634 4633
f 4800 4802 4801
f 4801 4633 4800
f 5714 5574 5573
f 5573 5572 5714
f 6532 6632 6533
f 5440 5293 5439
f 5440 5294 5293
f 5587 113 5442
f 5442 5586 5587
f 5584 5440 5439
f 5586 5440 5584
f 5439 5585 5583
f 5585 5726 5583
f 5583 5584 5439
f 5726 5584 5583
f 114 5862 108
f 108 97 114
f 114 97 113
f 4971 5132 5133
f 5133 5134 4971
f 4971 5134 4972
f 4972 4797 4971
f 4799 4631 4796
f 4799 4797 4631
f 4800 4797 4974
f 4797 4973 4974
f 4974 4975 4800
f 4974 4973 5136
f 5136 4975 4974
f 2718 2485 2714
f 2718 2920 2926
f 2926 2715 2718
f 2715 2485 2718
f 2714 2492 2718
f 2721 2492 2490
f 2920 2718 2721
f 2721 2718 2492
f 2715 2928 2929
f 2929 2930 2715
f 2272 2470 2469
f 2271 2470 2272
f 2272 2273 2083
f 2083 2271 2272
f 2701 2700 2913
f 2463 2700 2701
f 2701 2702 2466
f 2469 2703 2704
f 2703 2916 2704
f 2087 1916 2086
f 4468 4310 4467
f 4469 4310 4468
f 4467 4629 4468
f 4630 4795 4796
f 4629 4795 4630
f 4630 4468 4629
f 4796 4631 4630
f 4630 4631 4469
f 4469 4468 4630
f 3574 3572 3575
f 3766 3954 3770
f 3771 3577 3770
f 3774 3577 3773
f 3773 3577 3772
f 2716 2485 2715
f 1492 98 99
f 1491 98 1492
f 1494 1654 99
f 553 558 466
f 466 558 554
f 558 660 554
f 548 657 549
f 549 462 548
f 323 381 382
f 382 324 323
f 324 382 383
f 383 382 461
f 461 462 383
f 771 657 770
f 770 897 771
f 1019 897 884
f 907 781 1019
f 1019 781 897
f 2103 2289 2290
f 2275 2289 2103
f 2103 2086 2275
f 1161 1160 1312
f 1312 1160 1311
f 1911 2082 1912
f 1765 1912 1914
f 2083 2084 1914
f 1914 2082 2083
f 1914 1912 2082
f 1456 1457 1308
f 1456 1308 1307
f 1307 1308 1157
f 2490 2475 2709
f 2920 2721 2709
f 2709 2721 2490
f 2919 2920 2709
f 2709 2708 2919
f 2709 2475 2708
f 2274 2473 2275
f 2275 2086 2274
f 2084 2273 2274
f 2273 2272 2274
f 1192 1338 1193
f 1337 1338 1192
f 2120 2119 2310
f 2120 101 2121
f 2120 2310 101
f 2310 2119 2309
f 1945 1805 1804
f 1937 2110 2111
f 1330 1329 1479
f 2293 2106 2291
f 2291 2106 2105
f 2494 2495 2293
f 2488 2287 2487
f 2495 2494 2488
f 2487 2287 2486
f 2486 2287 2485
f 2498 2497 2500
f 1231 1080 1229
f 1229 1080 1079
f 1373 1231 1380
f 1231 1379 1380
f 1380 1528 1373
f 1380 1379 1528
f 1534 1678 1535
f 1535 1379 1534
f 1535 1678 1528
f 1528 1379 1535
f 1230 1082 1081
f 1082 942 1081
f 1081 1080 1230
f 1081 942 1080
f 2530 2332 2329
f 2329 2332 2143
f 2138 2329 2143
f 1386 1541 1542
f 1237 1389 1386
f 1688 1541 1687
f 1698 1547 1688
f 1547 1541 1688
f 1530 1529 1679
f 1679 1680 1530
f 1375 1529 1530
f 1530 1531 1375
f 1530 1680 1531
f 1965 1825 1964
f 1819 1674 1818
f 1957 1962 1819
f 1819 1818 1957
f 1515 1385 1363
f 1518 1675 1676
f 1676 1519 1518
f 1675 1519 1676
f 1690 1689 1811
f 1544 1689 1690
f 1690 1545 1544
f 1813 1952 1810
f 1810 1952 1829
f 1810 1669 1813
f 1810 1811 1669
f 1692 1697 1546
f 1546 1545 1692
f 1546 1697 1687
f 1389 1545 1546
f 1388 1389 1237
f 1237 1240 1388
f 1685 1538 1537
f 1685 1686 1538
f 1665 94 92
f 92 1666 1665
f 1666 1667 1512
f 1512 1665 1666
f 1659 1665 1512
f 91 92 73
f 2506 2732 79
f 79 2733 2506
f 2505 2730 2506
f 496 591 584
f 411 489 412
f 411 495 496
f 411 494 495
f 411 493 494
f 411 410 413
f 413 493 411
f 588 583 688
f 588 589 496
f 815 814 816
f 816 814 943
f 700 816 810
f 808 809 691
f 692 584 691
f 693 700 810
f 693 584 591
f 591 590 693
f 590 700 693
f 806 693 810
f 138 157 139
f 127 138 139
f 139 140 127
f 157 158 139
f 2726 2500 2727
f 2727 2497 2726
f 2500 2497 2727
f 2935 2936 2724
f 3165 3167 3166
f 3373 3374 3163
f 3371 3370 3574
f 3574 3575 3371
f 3776 3577 3775
f 3775 3579 3776
f 3776 3579 3577
f 4143 4144 3963
f 4142 4144 4143
f 3963 3961 4143
f 3961 4142 4143
f 3958 4140 3959
f 4140 3960 3959
f 3959 3960 3774
f 3774 3773 3959
f 3959 3772 3958
f 3959 3773 3772
f 1947 1948 1805
f 2121 1948 1947
f 1947 2120 2121
f 2119 2120 1947
f 1805 1650 1649
f 1649 1650 1488
f 1649 1648 1805
f 1488 1648 1649
f 1488 1338 1487
f 1487 1338 1337
f 1337 1486 1487
f 1806 1653 1652
f 1652 1650 1806
f 4648 4643 4487
f 4492 4331 4482
f 4482 4481 4492
f 4492 4648 4487
f 4481 4643 4492
f 4643 4648 4492
f 4166 4165 4332
f 4165 4331 4332
f 4332 4168 4166
f 5153 5314 5315
f 5315 5312 5153
f 5456 5312 5315
f 5314 5458 5315
f 5151 4992 5152
f 5152 4992 4993
f 5152 4993 5153
f 5153 5312 5152
f 5456 5601 5457
f 5602 5599 5457
f 5457 5601 5602
f 5603 5458 5461
f 5461 5460 5603
f 5603 5460 5604
f 5316 5460 5461
f 5450 5460 5316
f 5461 5458 5316
f 5316 5458 5314
f 5314 5154 5316
f 5154 5308 5316
f 5451 5450 5452
f 5452 5308 5451
f 5450 5316 5452
f 5452 5316 5308
f 5449 5450 5304
f 5450 5305 5304
f 5304 5305 5144
f 5304 5303 5449
f 5306 5305 5451
f 5306 5147 5149
f 5149 5305 5306
f 4818 4989 4990
f 4990 4822 4818
f 4990 5150 4822
f 5986 5987 5865
f 5987 5869 5865
f 5865 5733 5864
f 5446 5447 5593
f 5446 5300 5447
f 6221 6103 6220
f 6220 6226 6221
f 5994 5995 5875
f 5994 5879 5880
f 5875 5874 5994
f 5874 5879 5994
f 5987 5995 6000
f 6000 5881 5987
f 5880 5881 6000
f 6000 5994 5880
f 5995 5994 6000
f 5987 6103 6104
f 6104 5995 5987
f 6104 6103 6221
f 5591 5448 5445
f 5734 5597 5591
f 5591 5597 5448
f 5298 5445 5302
f 5298 5443 5445
f 5139 5138 5298
f 5298 5142 5139
f 5302 5142 5298
f 5598 5597 5740
f 5870 5741 5740
f 5740 5741 5598
f 4983 4817 4816
f 4817 4651 4816
f 4816 4651 4813
f 4486 4483 4326
f 4326 4485 4486
f 4486 4485 4647
f 4986 4805 4815
f 4815 4814 4986
f 4645 4646 4483
f 4805 4646 4645
f 4645 4815 4805
f 4978 4804 4977
f 4977 4804 4979
f 5138 4978 4977
f 4977 4979 5138
f 4981 4807 4980
f 4980 4807 4978
f 4978 5142 4980
f 4980 5143 4981
f 4980 5142 5143
f 4806 4804 4978
f 4978 4807 4806
f 4808 4807 4640
f 4807 4809 4640
f 4803 4636 4640
f 4640 4810 4803
f 4640 4809 4810
f 4813 4643 4642
f 4480 4641 4642
f 4642 4643 4480
f 4149 4320 4150
f 4150 3967 4149
f 4149 4148 4320
f 3967 4148 4149
f 4317 4474 4320
f 4316 4474 4317
f 4320 4148 4317
f 5599 5455 5454
f 5454 5455 5310
f 6636 6745 6637
f 6539 6636 6637
f 6637 6638 6539
f 6659 6745 6636
f 6659 6636 6660
f 6542 6658 6659
f 6659 6543 6542
f 6659 6657 6774
f 18 6657 6659
f 6659 6658 18
f 6433 6543 6544
f 6660 6634 6544
f 6544 6659 6660
f 6543 6659 6544
f 6544 6634 6537
f 6537 6433 6544
f 6006 6123 6124
f 6124 6007 6006
f 6006 6007 5884
f 6006 5884 6003
f 6004 6002 6120
f 6786 6784 6787
f 5905 5771 5904
f 5905 5772 5771
f 5882 5749 5774
f 5628 5627 5768
f 6028 6144 6145
f 6366 6365 6256
f 6365 6257 6255
f 6257 6144 6255
f 6255 6256 6365
f 6142 6256 6255
f 5773 5772 5907
f 5907 5882 5773
f 5773 5882 5774
f 5773 5774 5633
f 6001 5882 5907
f 6002 5882 6001
f 5629 5768 5769
f 5628 5768 5629
f 6221 6226 6227
f 6226 6330 6227
f 5876 5997 5998
f 5999 5878 5998
f 5998 5878 5877
f 5877 5876 5998
f 6221 6227 6109
f 6109 6104 6221
f 5995 6104 6109
f 6472 6471 6366
f 6472 6547 6471
f 6370 6472 6366
f 6473 6472 6370
f 6111 6113 5999
f 5999 5998 6111
f 6111 5998 5997
f 6114 6113 6147
f 6147 6260 6149
f 5481 5623 5482
f 5335 5336 5180
f 5178 5334 5182
f 5334 5337 5182
f 5182 5018 5178
f 5201 5042 5039
f 5039 5200 5201
f 5871 5993 5909
f 5348 5455 5494
f 5494 5600 5635
f 5494 5455 5600
f 3008 3229 3009
f 3009 2806 3008
f 3010 2806 3009
f 3009 3232 3010
f 3009 3229 3228
f 3228 3230 3009
f 3009 3231 3232
f 3009 3230 3231
f 3011 2806 3010
f 3011 2808 2806
f 3010 3012 3011
f 3012 2808 3011
f 3445 3237 3444
f 3446 3237 3445
f 3016 2809 3015
f 3630 3651 3648
f 3444 3650 3648
f 3648 3445 3444
f 3648 3651 3446
f 3446 3445 3648
f 3629 3651 3630
f 3446 3651 3629
f 2812 3017 3018
f 3440 3645 3646
f 3645 3647 3646
f 3646 3442 3440
f 3646 3647 3442
f 3838 3647 3645
f 3838 4028 4029
f 3649 3647 3838
f 3837 4028 3838
f 3838 3645 3837
f 3443 3237 3442
f 3442 3647 3443
f 3444 3237 3443
f 3443 3647 3444
f 4029 4028 4027
f 4027 4028 3837
f 3837 4026 4027
f 4027 4200 4029
f 4199 4200 4027
f 4027 3834 4025
f 4027 4026 3834
f 3028 3249 3030
f 3030 3029 3028
f 3028 3027 3247
f 3028 3029 2819
f 2819 3027 3028
f 3459 3635 3435
f 3459 3458 3660
f 3639 3831 3640
f 3831 3641 3640
f 3435 3635 3636
f 3659 3458 3456
f 3456 3657 3659
f 2827 3037 3038
f 2812 2595 2594
f 2594 2810 2812
f 2383 2592 2593
f 2810 2594 2593
f 2390 2201 2389
f 2389 2201 2200
f 2388 2390 2389
f 2389 2200 2388
f 2815 2596 2814
f 2799 2596 2581
f 2581 2580 2799
f 2376 2580 2581
f 2386 2199 2385
f 2199 2198 2385
f 2385 2198 2376
f 2376 2581 2385
f 2385 2581 2596
f 2186 2022 2021
f 2021 2188 2186
f 2576 2579 2376
f 2376 2375 2576
f 2377 2370 2569
f 2789 2582 2569
f 2569 2582 2379
f 2378 2192 2377
f 2379 2192 2378
f 2377 2569 2378
f 2378 2569 2379
f 2388 2598 2600
f 2600 2598 2816
f 2600 2601 2388
f 2816 2818 2600
f 2600 2818 2601
f 3247 3027 3244
f 4522 4521 4685
f 4685 4524 4522
f 4361 4521 4522
f 4522 4362 4361
f 5024 5023 5185
f 4685 4855 4854
f 4853 5022 4854
f 4854 5022 5023
f 5023 5024 4854
f 4684 4853 4854
f 4854 4855 4684
f 4527 4369 4368
f 4368 4526 4527
f 4688 4527 4526
f 4515 4677 4678
f 4678 4677 4846
f 4680 4681 4517
f 4517 4678 4680
f 4680 4678 4848
f 4849 4681 4680
f 4680 4848 4849
f 4040 4043 3851
f 3848 4042 4040
f 4042 4043 4040
f 4356 4355 4514
f 4514 4355 4513
f 4514 4358 4356
f 4514 4513 4515
f 4515 4358 4514
f 4512 4355 4354
f 4513 4355 4512
f 4515 4513 4512
f 4512 4511 4515
f 4354 4511 4512
f 4023 4192 4193
f 4192 4355 4193
f 4193 4194 4023
f 4193 4355 4194
f 3661 3459 3660
f 3635 3459 3661
f 4023 3831 4022
f 4022 4192 4023
f 4022 4021 4192
f 3852 3660 3851
f 3852 3661 3660
f 4213 4045 4044
f 4044 4042 4213
f 4044 4043 4042
f 4045 3852 4044
f 3851 4043 4044
f 4044 3852 3851
f 4029 3840 3839
f 3839 3840 3649
f 3839 3838 4029
f 3649 3838 3839
f 5202 5043 5042
f 5042 5201 5202
f 5202 5176 5175
f 5175 5043 5202
f 5202 5201 5200
f 5202 5200 5199
f 5199 5198 5202
f 5202 5198 5353
f 5353 5354 5202
f 5354 5334 5202
f 5334 5176 5202
f 4539 4677 4515
f 4515 4379 4539
f 4699 4677 4539
f 4210 4376 4375
f 4376 4535 4375
f 4375 4211 4210
f 4378 4379 4213
f 4378 4535 4379
f 3245 3454 3455
f 3455 3454 3658
f 3658 3656 3455
f 3455 3656 3452
f 4206 4036 4179
f 4179 4345 4206
f 4206 4345 4371
f 4038 4206 4207
f 4207 4371 4372
f 4207 4206 4371
f 3845 4036 4037
f 4037 4038 3845
f 4036 4206 4037
f 4037 4206 4038
f 3848 3847 4039
f 3847 4038 4039
f 4039 4041 3848
f 4039 4209 4210
f 4210 4041 4039
f 4038 4207 4039
f 4173 4335 4341
f 4173 4170 4335
f 3992 4170 4173
f 4173 3993 3992
f 3450 3241 3425
f 3447 3241 3450
f 3425 3628 3450
f 3628 3447 3450
f 2814 3020 3021
f 3021 3242 3024
f 3021 3020 3240
f 3240 3242 3021
f 3654 3449 3653
f 3654 3653 3845
f 3845 3846 3654
f 3654 3846 3655
f 3655 3454 3451
f 3451 3654 3655
f 3449 3654 3451
f 3451 3454 3245
f 3245 3242 3451
f 3242 3449 3451
f 3652 3653 3448
f 3653 3449 3448
f 3448 3447 3652
f 3239 3447 3448
f 3448 3240 3239
f 3448 3449 3240
f 4006 3993 4174
f 4178 4007 4174
f 4174 4007 4006
f 3993 4173 4174
f 4174 4341 4178
f 4174 4173 4341
f 4003 4002 3994
f 4003 4006 4004
f 3994 4006 4003
f 4002 4003 3818
f 3818 3626 3625
f 3819 3626 3818
f 4004 3819 3818
f 3818 4003 4004
f 3813 3812 3817
f 4002 3818 3817
f 1996 2160 1992
f 1992 1991 1996
f 1992 2160 1993
f 1993 1846 1992
f 1846 1991 1992
f 1711 1717 1563
f 1717 1716 1563
f 1563 1560 1711
f 1563 1402 1560
f 1714 1842 1843
f 1843 1715 1714
f 1407 1406 1405
f 1407 1567 1408
f 1408 1254 1407
f 1254 1406 1407
f 1569 1722 1723
f 2000 2168 2169
f 2169 2168 2357
f 2169 2170 2000
f 2357 2170 2169
f 2360 2172 2347
f 2359 2172 2360
f 2347 2345 2360
f 2345 2359 2360
f 1853 2002 2003
f 2003 1998 1853
f 1855 1845 1990
f 1990 2002 1855
f 1721 1845 1855
f 1855 1853 1721
f 2002 1853 1855
f 1721 1566 1720
f 1720 1566 1565
f 1565 1558 1720
f 1558 1709 1720
f 1720 1709 1715
f 1715 1845 1720
f 3382 3179 3174
f 3174 3172 3382
f 3787 3595 3594
f 3595 3591 3594
f 3177 3180 3383
f 3383 3180 3179
f 3383 3391 3587
f 3383 3179 3391
f 3179 3382 3381
f 3381 3382 3172
f 3380 3172 3171
f 3380 3171 3379
f 3379 3585 3380
f 3380 3381 3172
f 3585 3381 3380
f 20 3779 3584
f 3583 20 3584
f 3379 3583 3584
f 3584 3585 3379
f 3417 3603 3605
f 3406 3198 3197
f 3197 3198 2975
f 2975 3196 3197
f 2967 2762 2969
f 2762 2968 2969
f 3190 2975 2973
f 3190 3196 2975
f 3190 2973 2967
f 2967 2969 3190
f 1505 1355 1507
f 1507 1661 1505
f 1542 1390 1387
f 1390 1238 1387
f 1387 1238 1237
f 1237 1386 1387
f 1387 1386 1542
f 1208 1084 1232
f 1232 1359 1208
f 1232 1381 1359
f 936 937 810
f 936 816 943
f 810 816 936
f 943 1078 1070
f 1070 936 943
f 937 936 1070
f 1383 1385 1537
f 1236 1385 1383
f 1086 1084 947
f 1234 1232 1086
f 1086 1232 1084
f 1239 1088 1238
f 1210 1358 1211
f 1211 1358 1241
f 1241 1094 1211
f 1211 1062 1210
f 1211 1093 1062
f 1211 1094 1093
f 2320 2139 2330
f 2321 2134 2320
f 2747 2532 2519
f 2749 2956 2952
f 2526 2754 2755
f 2137 2324 2325
f 2324 2526 2325
f 2338 2147 2337
f 2337 2147 2146
f 2337 2538 2338
f 2537 2352 2340
f 2340 2538 2537
f 2538 2337 2537
f 2122 1981 2149
f 2122 2150 1982
f 2149 2150 2122
f 1982 1951 2122
f 2122 1951 1950
f 1950 1981 2122
f 1978 1832 1977
f 1979 1832 1978
f 1977 2145 1978
f 1978 2145 1979
f 1698 1832 1833
f 1833 1832 1979
f 1833 1699 1698
f 1834 1832 1698
f 1835 1981 1836
f 1835 1980 1981
f 1979 1980 1835
f 1836 1699 1835
f 1835 1833 1979
f 1699 1833 1835
f 1700 1664 1684
f 1700 1808 1664
f 1836 1808 1700
f 1684 1683 1700
f 1700 1699 1836
f 1700 1683 1547
f 1547 1699 1700
f 2710 2479 2477
f 2478 2710 2477
f 2713 2479 2710
f 2710 2711 2713
f 2712 2479 2713
f 2684 2711 2478
f 1021 1145 1165
f 1293 1165 1145
f 1166 1165 1293
f 2405 2406 2216
f 2407 2406 2627
f 2221 2412 2222
f 2222 2043 2221
f 2046 2045 2222
f 2222 2045 2043
f 2413 2222 2412
f 2416 2415 2639
f 2641 2417 2416
f 2225 2226 2046
f 2225 2417 2226
f 2226 2420 2227
f 2420 2421 2227
f 2046 2226 2227
f 2227 2223 2046
f 2227 2421 2414
f 2414 2223 2227
f 2232 2414 2233
f 2232 2223 2414
f 2233 2051 2232
f 2232 2051 2223
f 2078 2077 2264
f 2077 2263 2264
f 2264 2265 2078
f 2264 2263 2464
f 2464 2265 2264
f 2690 2905 2906
f 2906 2691 2690
f 2690 2691 2458
f 2907 3127 2908
f 2908 2691 2907
f 2906 3127 2907
f 2907 2691 2906
f 2465 2464 2466
f 2465 2265 2464
f 2079 1910 1909
f 1909 1908 2079
f 2079 2266 2265
f 2079 1908 2078
f 2078 2266 2079
f 2080 2079 2268
f 1910 2079 2080
f 2080 2270 2081
f 2080 2081 1911
f 3125 2905 3124
f 3125 3126 2905
f 3124 3127 3125
f 3127 3126 3125
f 2260 2458 2459
f 2457 2458 2260
f 2459 2460 2260
f 2460 2261 2260
f 2074 1905 1925
f 2096 2281 2278
f 3745 3552 3744
f 3552 3743 3744
f 3953 3772 3771
f 3771 3770 3953
f 3953 3770 3954
f 4135 3958 3953
f 3958 3772 3953
f 3953 3954 3765
f 3765 3571 3764
f 3571 3573 3764
f 4138 4303 4308
f 4308 4466 4467
f 4467 4466 4628
f 4794 4629 4628
f 4628 4629 4467
f 4616 4448 4615
f 4966 4793 4792
f 3554 3348 3553
f 3554 3553 3745
f 3745 3559 3554
f 3554 3559 3353
f 3353 3348 3554
f 3361 3362 3152
f 2930 2929 3152
f 3117 2900 3116
f 3116 3115 3117
f 2897 3115 3116
f 1603 1751 1600
f 1466 1463 1600
f 1602 1601 1598
f 1602 1751 1603
f 1598 1750 1602
f 889 873 762
f 746 868 869
f 868 1001 869
f 869 1001 995
f 871 872 748
f 747 746 867
f 746 869 867
f 867 869 995
f 887 886 1004
f 1003 1020 1004
f 1004 1020 887
f 1004 872 1003
f 1004 886 872
f 748 646 760
f 760 645 748
f 646 645 760
f 762 761 885
f 885 761 872
f 885 886 762
f 872 886 885
f 448 538 532
f 538 635 532
f 641 646 750
f 750 762 751
f 762 873 752
f 873 753 752
f 752 751 762
f 764 647 763
f 883 1019 884
f 884 759 883
f 1013 1159 1160
f 1013 1160 1161
f 3336 3112 3335
f 3336 3337 3117
f 3335 3337 3336
f 3331 3112 3336
f 3117 3115 3336
f 3336 3115 3331
f 3334 3543 3335
f 3111 3333 3334
f 3334 3333 3542
f 3542 3543 3334
f 3334 3112 3111
f 3335 3112 3334
f 3735 3543 3542
f 3757 3925 3944
f 3756 3925 3757
f 3944 3945 3757
f 3945 3940 3757
f 3757 3563 3756
f 3923 3924 3732
f 3732 3538 3537
f 3539 3538 3732
f 3732 3540 3539
f 3733 3540 3732
f 3732 3924 3733
f 2686 2679 2898
f 2898 2679 2897
f 2897 3116 2898
f 2898 2900 2686
f 2898 3116 2900
f 2686 2685 2899
f 2899 2679 2686
f 2685 2679 2899
f 3107 3108 2888
f 2668 2667 2888
f 2888 2667 2887
f 3106 3107 2888
f 2888 2887 3106
f 3113 3109 2890
f 3331 3109 3113
f 2890 3112 3113
f 3113 3112 3331
f 3114 3109 3331
f 3331 3115 3114
f 3114 3115 2897
f 2891 2669 2890
f 2892 2669 2891
f 2890 3109 2891
f 2891 3109 2892
f 2671 2669 2892
f 2441 2439 2671
f 2894 2672 2671
f 2671 2672 2441
f 1920 1921 1777
f 1921 1783 1777
f 1901 1753 1900
f 2066 2069 1900
f 1900 1898 2066
f 2257 2071 2069
f 2257 2253 2258
f 2258 2071 2257
f 1900 2069 2070
f 2070 2071 1900
f 2069 2071 2070
f 2255 2453 2256
f 2277 2092 2276
f 2478 2477 2276
f 2276 2453 2478
f 2276 2092 2256
f 2256 2453 2276
f 2676 2446 2673
f 2676 2677 2446
f 2676 2673 2448
f 2448 2677 2676
f 2434 2433 2238
f 2238 2237 2434
f 2434 2237 2433
f 2650 2649 2871
f 2423 2649 2650
f 2425 2649 2423
f 2425 2423 2230
f 1886 1885 2050
f 2050 1885 1884
f 1884 2049 2050
f 2231 2053 2050
f 2050 2053 1886
f 2230 2231 2050
f 3085 2868 3084
f 3083 3302 3084
f 3900 4087 3912
f 3912 3720 3900
f 3900 3899 4087
f 3900 3720 3709
f 3511 3513 3514
f 2430 2422 2234
f 2234 2429 2430
f 2647 2422 2430
f 3511 3514 3304
f 3087 3305 3095
f 3095 2877 3087
f 3087 2877 2870
f 3095 3305 3318
f 3099 2881 2880
f 3327 3103 3326
f 3326 3535 3327
f 3917 3918 3726
f 3726 3725 3917
f 3532 3725 3726
f 3728 3729 3534
f 3729 3535 3534
f 3535 3326 3534
f 4105 4106 3921
f 3921 3920 4105
f 4280 4281 4105
f 4281 4106 4105
f 4105 4279 4280
f 3722 3721 3914
f 4109 3925 3924
f 3924 4108 4109
f 3320 3319 3529
f 3096 2877 3095
f 3096 2878 2877
f 3319 3320 3096
f 3099 3321 3322
f 3322 3323 3099
f 2638 2426 2414
f 2638 2652 2426
f 2637 2421 2643
f 2643 2652 2637
f 2652 2638 2637
f 2414 2421 2637
f 2637 2638 2414
f 2427 2234 2233
f 2233 2426 2427
f 3308 3309 3090
f 3090 3089 3308
f 3308 3089 3088
f 3310 3311 3090
f 3090 3309 3310
f 3310 3309 3311
f 3517 3309 3516
f 3520 3311 3518
f 3311 3309 3518
f 3518 3517 3520
f 3309 3517 3518
f 2643 2646 2862
f 2862 2646 2866
f 3508 3704 3705
f 3705 3704 3896
f 3703 3691 3879
f 3703 3879 3894
f 4085 3897 4084
f 4081 4082 3892
f 4256 4081 4257
f 4085 4084 4256
f 4084 4081 4256
f 4590 4755 4591
f 4755 4756 4591
f 4591 4756 4596
f 4267 4428 4429
f 4429 4591 4596
f 4588 4751 4590
f 4588 4584 4583
f 3898 3901 3896
f 3896 3704 3898
f 3897 3901 3898
f 3898 3704 3897
f 3090 3311 3312
f 3312 3313 3090
f 3315 3525 3526
f 3315 3513 3512
f 2858 2860 2859
f 3071 3070 3287
f 3287 3075 3071
f 3071 3075 2860
f 2865 2866 2645
f 2645 2864 2865
f 2865 3081 2866
f 2865 3076 3078
f 2864 3076 2865
f 2644 2864 2645
f 3503 3295 3502
f 3503 3502 3501
f 5093 5252 5253
f 5253 5094 5093
f 5084 4927 4926
f 4926 4916 5084
f 4568 4566 4728
f 4409 4566 4568
f 4895 4896 4723
f 4563 4722 4723
f 4723 4722 4895
f 4728 4899 4731
f 4731 4899 4903
f 4731 4568 4728
f 4731 4903 4904
f 4898 4899 4728
f 5067 4899 4898
f 5403 5394 5250
f 5250 5405 5403
f 4919 5082 5088
f 5246 5089 5088
f 5088 4920 4919
f 5088 5089 4920
f 5816 5944 5947
f 5535 5534 5674
f 5674 5673 5811
f 5674 5534 5533
f 5533 5673 5674
f 6607 6608 6500
f 6500 6605 6607
f 6607 6605 6608
f 5695 5696 5552
f 5552 5408 5407
f 5553 5408 5552
f 5552 5696 5553
f 5702 5825 5703
f 5703 5825 5684
f 5703 5559 5702
f 5819 5825 5685
f 5684 5825 5819
f 5543 5540 5398
f 5398 5542 5543
f 5399 5540 5407
f 5407 5254 5399
f 5396 5540 5399
f 5548 5402 5547
f 5241 5394 5395
f 5394 5539 5395
f 5395 5242 5241
f 5397 5542 5398
f 5398 5243 5397
f 5397 5395 5539
f 5397 5243 5242
f 5242 5395 5397
f 5956 6064 6069
f 5955 6064 5956
f 6069 6192 6070
f 6192 6194 6070
f 6304 6404 6409
f 6403 6404 6296
f 6402 6404 6403
f 6069 6064 6186
f 6186 6192 6069
f 6296 6192 6186
f 6063 6064 5946
f 5947 6063 5946
f 5946 5816 5947
f 5817 5816 5946
f 5820 5821 5684
f 6296 6404 6301
f 6301 6192 6296
f 6301 6194 6192
f 6301 6404 6304
f 6304 6194 6301
f 105 6824 6735
f 5115 4965 5128
f 5116 4954 5115
f 4953 4965 5115
f 5115 4954 4953
f 4786 4964 4787
f 4964 4965 4787
f 4787 4623 4786
f 5127 5126 5128
f 4964 5126 5127
f 5128 4965 5127
f 5127 4965 4964
f 4939 4762 4938
f 4938 4937 4939
f 5414 5558 5415
f 5415 5265 5414
f 5553 5558 5414
f 5409 5553 5414
f 5264 5409 5414
f 5414 5265 5264
f 6078 6092 6080
f 5710 5567 5566
f 5566 5567 5421
f 5421 5565 5566
f 5564 5565 5421
f 5564 5419 5418
f 5421 5419 5564
f 5418 5425 5564
f 5424 5411 5413
f 5556 5413 5555
f 5102 5101 5261
f 5261 5413 5411
f 5261 5262 5102
f 5261 5411 5262
f 5097 5257 5098
f 4931 5096 5097
f 5097 5096 5256
f 5256 5257 5097
f 5098 4932 5097
f 5097 4932 4931
f 4422 4256 4257
f 4261 4256 4422
f 4583 4584 4422
f 4248 4247 4246
f 4074 4247 4248
f 4074 4246 4247
f 4248 4246 4411
f 4411 4246 4410
f 4567 4410 4408
f 4408 4409 4567
f 4244 4409 4408
f 4410 4246 4408
f 4578 4739 4574
f 4739 4575 4574
f 4923 4749 4745
f 4745 4746 4923
f 4745 4588 4583
f 4749 4588 4745
f 4924 4746 4747
f 4744 4916 4747
f 4916 4926 4747
f 4747 4927 4924
f 4747 4926 4927
f 4579 4740 4744
f 4579 4575 4740
f 4762 4940 4763
f 4763 4940 4941
f 4933 4758 4763
f 4758 4757 4763
f 3904 3908 3717
f 3904 3715 3907
f 3907 3908 3904
f 3909 3911 3910
f 3719 3911 3909
f 3909 3910 3718
f 3718 3719 3909
f 4271 4097 4096
f 4096 4097 3911
f 4096 3911 3907
f 4096 4095 4271
f 3907 4095 4096
f 3718 3899 3707
f 3899 3900 3707
f 4268 4093 4267
f 4267 4269 4268
f 4427 4270 4269
f 4427 4269 4267
f 4427 4592 4593
f 4593 4594 4427
f 4431 4270 4427
f 4595 4431 4427
f 4427 4594 4595
f 4603 4587 4586
f 4586 4748 4603
f 4586 4587 4423
f 4423 4585 4586
f 4600 4748 4586
f 4432 4600 4586
f 4586 4585 4432
f 4759 4748 4600
f 4759 4935 4934
f 4759 4600 4595
f 4603 4748 4759
f 4759 4769 4603
f 4595 4758 4759
f 4758 4935 4759
f 4767 4947 4768
f 4768 4602 4767
f 4767 4602 4764
f 4767 4601 4766
f 4767 4764 4601
f 5416 5266 5415
f 5417 5266 5416
f 5559 5705 5561
f 6608 6605 6714
f 6601 6711 6712
f 6718 120 6726
f 120 6727 6726
f 6500 120 6609
f 120 6717 6609
f 6609 6610 6500
f 6609 6717 6718
f 6324 115 6219
f 6324 6420 115
f 6533 115 6425
f 6425 6532 6533
f 6425 6420 6322
f 6322 6420 6316
f 5975 5974 6091
f 5974 6090 6091
f 108 5862 5983
f 5983 115 108
f 5983 6090 115
f 6744 6743 6828
f 6828 6827 6744
f 6742 6827 6828
f 105 6742 6828
f 6828 6743 105
f 5270 5422 5423
f 5423 5422 5567
f 5567 5568 5423
f 5423 5274 5270
f 5580 5581 5436
f 5580 5436 5579
f 5287 5126 5286
f 5570 5434 5426
f 5426 5568 5570
f 5274 5423 5426
f 5426 5423 5568
f 6207 6206 6312
f 6406 6405 6512
f 4919 4741 4913
f 4913 5082 4919
f 5082 4913 5081
f 4904 4905 4733
f 5237 5392 5391
f 5391 5238 5237
f 5237 5238 5079
f 5237 5078 5236
f 5079 5078 5237
f 5236 5390 5237
f 5237 5390 5392
f 5230 5074 5072
f 5072 5229 5230
f 5385 5386 5230
f 5229 5384 5230
f 5384 5385 5230
f 5381 5527 5382
f 5527 5383 5382
f 5229 5381 5382
f 5382 5383 5229
f 5232 5386 5387
f 4905 5076 4906
f 4906 5076 4907
f 4906 4733 4905
f 5235 5390 5236
f 5236 5078 5235
f 5530 5670 5531
f 5531 5670 5532
f 5531 5384 5530
f 5531 5385 5384
f 5532 5386 5531
f 5531 5386 5385
f 5671 5670 5806
f 5533 5532 5671
f 5532 5670 5671
f 5668 5804 5805
f 5805 5669 5668
f 5805 5804 5935
f 5935 5807 5805
f 5806 5669 5805
f 5805 5807 5806
f 5808 5807 5935
f 5935 5936 5808
f 6354 6456 6353
f 6353 6245 6354
f 6354 6245 6351
f 6241 6349 6350
f 6350 6242 6241
f 6351 6242 6350
f 6453 6560 6454
f 6454 6349 6453
f 6454 6350 6349
f 6351 6350 6454
f 6454 6354 6351
f 5191 5345 5346
f 5346 5319 5191
f 5345 5344 5346
f 5159 5160 5002
f 5159 5030 5191
f 5191 5319 5159
f 5159 5319 5164
f 5164 5004 5159
f 5004 5160 5159
f 5917 6035 5918
f 5512 5652 5653
f 5653 5654 5512
f 6253 6138 6252
f 6252 6138 6251
f 5898 5897 6021
f 6021 6022 5898
f 6358 6463 6359
f 6358 6462 6463
f 6468 6371 6469
f 6469 6362 6468
f 6361 6251 6360
f 6361 6362 6251
f 6251 6362 6363
f 6363 6252 6251
f 6363 6469 6364
f 6362 6469 6363
f 6363 6364 6253
f 6253 6252 6363
f 6037 6036 6139
f 5914 6036 6037
f 6037 6038 5914
f 5913 5783 5915
f 5782 5783 5913
f 5915 6035 5913
f 6035 5917 5913
f 6139 6036 6140
f 6140 6022 6139
f 6036 6022 6140
f 6568 6462 6567
f 6567 6462 6566
f 6247 6248 6356
f 6355 6248 6246
f 6356 6248 6357
f 6357 6248 6355
f 6355 6459 6357
f 6468 6575 6576
f 6360 6462 6464
f 6464 6462 6569
f 6464 6569 6570
f 6570 6571 6464
f 6689 6799 6691
f 6574 6575 6468
f 6688 6571 6570
f 6797 6798 6688
f 6689 6575 6688
f 6688 6798 6689
f 6799 6854 6801
f 6801 6691 6799
f 6050 5932 6049
f 6049 6165 6050
f 6153 6265 6266
f 6153 6156 6154
f 6153 6266 6156
f 6154 6039 6153
f 6374 6265 6373
f 6373 6265 6371
f 6371 6477 6478
f 6478 6477 6582
f 6581 6477 6476
f 6468 6576 6476
f 6476 6371 6468
f 6476 6477 6371
f 6048 6047 6161
f 6049 5931 6048
f 6048 6163 6049
f 5800 5666 5665
f 6047 6048 5928
f 5752 5608 5607
f 5607 5751 5752
f 5752 5751 5884
f 5753 5608 5752
f 5752 5885 5753
f 5884 5885 5752
f 5609 5608 5753
f 5468 5608 5609
f 5467 5608 5468
f 5467 5468 5323
f 5467 5606 5607
f 5607 5608 5467
f 5323 5464 5467
f 5464 5606 5467
f 6014 6011 6128
f 6013 5890 6014
f 6014 5890 6011
f 6245 6244 6131
f 6128 6242 6131
f 6131 6242 6245
f 6131 6014 6128
f 6355 6246 6352
f 6352 6244 6353
f 6008 6126 6009
f 6009 5885 6008
f 6125 6126 6008
f 6124 6125 6008
f 6008 6007 6124
f 6008 5885 6007
f 6133 6018 6132
f 6132 6246 6133
f 6133 6246 6248
f 6134 6018 6133
f 6133 6247 6134
f 6248 6247 6133
f 6132 6016 6129
f 5916 5784 5896
f 5896 5784 5763
f 5896 5898 5916
f 5763 5898 5896
f 5361 5357 5503
f 5644 5508 5503
f 5503 5508 5361
f 5507 5643 5503
f 5503 5643 5644
f 5329 5328 5474
f 5474 5330 5329
f 5474 5475 5330
f 4713 4885 4714
f 4552 4712 4713
f 4712 4885 4713
f 5373 5221 5220
f 5220 5061 5060
f 5220 5221 5061
f 4886 4885 5056
f 4714 4885 4886
f 5226 5066 5225
f 5225 5380 5226
f 5379 5380 5225
f 5377 5378 5225
f 5225 5378 5379
f 5065 4896 4895
f 5065 5066 4896
f 4895 4894 5065
f 5065 4894 5064
f 5064 5066 5065
f 4893 4721 4892
f 4893 4894 4721
f 4892 5062 4893
f 5064 4894 5063
f 5063 5223 5064
f 4894 4893 5063
f 5063 5062 5223
f 5063 4893 5062
f 5375 5221 5374
f 5374 5521 5375
f 5374 5373 5372
f 5374 5221 5373
f 5522 5521 5374
f 5372 5520 5374
f 5374 5520 5522
f 4719 4890 4891
f 4891 4890 5062
f 4891 4720 4719
f 4892 4720 4891
f 4891 5062 4892
f 5919 5791 5790
f 5919 5920 6041
f 6041 6042 5919
f 5790 5788 5919
f 5788 5920 5919
f 5661 5662 5520
f 5661 5520 5519
f 5519 5660 5661
f 5798 5662 5661
f 5796 5660 5795
f 5924 5923 6043
f 6043 6044 5924
f 5795 5923 5924
f 5924 6044 5925
f 5924 5796 5795
f 5925 5796 5924
f 6159 6046 6045
f 6159 6160 6046
f 6159 6268 6269
f 5664 5527 5525
f 5525 5663 5664
f 5664 5663 5665
f 5664 5665 5528
f 5528 5527 5664
f 5051 5211 5052
f 5052 5211 5212
f 5052 5053 4881
f 5212 5213 5052
f 5213 5053 5052
f 4879 4707 4705
f 4546 4705 4707
f 4546 4386 4545
f 4545 4705 4546
f 4708 4546 4707
f 4708 4881 4709
f 4708 4709 4548
f 4548 4546 4708
f 4226 4057 4056
f 4056 4225 4226
f 4226 4393 4394
f 4392 4549 4550
f 4550 4393 4392
f 4392 4226 4225
f 4393 4226 4392
f 4548 4390 4389
f 4222 4389 4390
f 4222 4054 4053
f 3862 3861 4056
f 4056 4057 3862
f 3860 4054 3861
f 3860 3859 4054
f 3679 3480 3678
f 3868 3865 4059
f 3679 3678 3868
f 3868 3678 3865
f 4064 4060 3869
f 3869 4063 4064
f 3869 3868 4063
f 3679 3868 3869
f 4227 4059 4058
f 4227 4226 4394
f 4235 4230 4397
f 4235 4066 4065
f 4065 4230 4235
f 4400 4557 4558
f 4558 4401 4400
f 4557 4401 4558
f 3870 3873 3688
f 3873 3875 3688
f 4067 4066 4237
f 4237 4238 4067
f 4403 4238 4402
f 4561 4403 4402
f 4402 4401 4561
f 4397 4401 4402
f 3684 3873 3870
f 4011 4183 4184
f 4352 4353 4184
f 4203 4369 4204
f 4012 3824 4011
f 4011 4013 4012
f 4012 4013 3824
f 4203 4204 4033
f 4033 4204 4034
f 4033 4034 3842
f 3842 3841 4033
f 4201 4364 4202
f 4202 4030 4201
f 4031 4030 4202
f 4525 4524 4686
f 4525 4688 4526
f 4525 4526 4368
f 4368 4524 4525
f 4509 4352 4350
f 4352 4184 4350
f 4350 4184 4183
f 4350 4183 4182
f 4182 4349 4350
f 4508 4530 4509
f 4509 4350 4508
f 4508 4350 4349
f 4370 4508 4349
f 4530 4508 4370
f 4529 4370 4369
f 4530 4370 4529
f 4837 4668 4835
f 4835 4834 4837
f 5889 5890 5757
f 6011 5890 5889
f 5757 5887 5889
f 5889 5887 6011
f 5760 5761 5619
f 5616 5615 5756
f 5756 5615 5614
f 5756 5614 5757
f 5757 5888 5756
f 5888 5758 5756
f 6012 5890 6013
f 5888 5890 6012
f 5470 5469 5611
f 5754 5613 5611
f 5611 5613 5470
f 5611 5612 5754
f 5611 5469 5612
f 5753 5612 5610
f 5612 5469 5610
f 5610 5469 5468
f 5610 5609 5753
f 5468 5609 5610
f 5004 5166 5162
f 5322 5320 5162
f 5162 5320 5163
f 5326 5325 5471
f 5326 5166 5325
f 5471 5466 5326
f 5326 5466 5322
f 5322 5162 5326
f 5326 5162 5166
f 4830 4831 4664
f 4664 4671 4830
f 4830 4671 4840
f 4840 4999 4830
f 5170 5171 5009
f 5009 5171 5169
f 5168 5170 5009
f 5169 5010 5009
f 5009 5010 4843
f 5331 5355 5332
f 5172 5331 5332
f 5011 5012 5156
f 5156 4999 5011
f 4844 5012 5011
f 5011 4999 4844
f 4673 4672 4665
f 4665 4669 4673
f 4509 4669 4665
f 4665 4510 4509
f 4665 4672 4510
f 5003 5163 5161
f 5161 5006 5003
f 5003 5006 5005
f 5003 5005 4837
f 4837 4834 5003
f 5003 4834 5004
f 5004 5162 5003
f 5003 5162 5163
f 4842 5009 4843
f 4841 5007 4842
f 4842 4843 4676
f 4351 4184 4353
f 4351 4353 4510
f 4510 4505 4351
f 4351 4505 4347
f 4347 4186 4351
f 4385 4386 4219
f 4386 4220 4219
f 3663 3853 3854
f 3854 3855 3663
f 3854 3829 4017
f 3853 3829 3854
f 3855 3856 3664
f 3663 3855 3664
f 3664 3465 3663
f 4053 3859 3858
f 3858 3859 3669
f 4014 4016 3828
f 4016 3829 3828
f 3829 3632 3828
f 3662 3853 3663
f 3662 3829 3853
f 5366 5514 5367
f 5367 5215 5366
f 5055 5215 5056
f 5209 5361 5210
f 5210 5049 5209
f 5209 5207 5361
f 5049 5207 5209
f 5054 5053 5214
f 5214 5215 5054
f 5215 5055 5054
f 4881 5053 4882
f 5053 5054 4882
f 4381 4507 4540
f 4540 4541 4381
f 4540 4507 4664
f 4664 4541 4540
f 4664 4831 4700
f 4700 4541 4664
f 4701 4541 4700
f 4383 4541 4542
f 4542 4543 4383
f 4383 4543 4385
f 4385 4219 4383
f 5046 4875 5045
f 4831 4830 4998
f 4998 4999 5156
f 4998 4830 4999
f 4877 5047 5048
f 5048 5049 4877
f 5048 5207 5049
f 4544 4704 4545
f 4544 4386 4385
f 4545 4386 4544
f 4385 4543 4544
f 4544 4543 4702
f 1259 1409 1411
f 1411 1412 1259
f 1571 1412 1411
f 1580 1730 1732
f 1732 1733 1580
f 1580 1733 1581
f 1581 1733 1734
f 1580 1581 1424
f 1424 1581 1425
f 1259 1413 1414
f 1414 1415 1259
f 1572 1412 1571
f 1413 1412 1572
f 1725 1573 1572
f 1572 1573 1413
f 1572 1571 1569
f 1569 1723 1572
f 1413 1573 1574
f 1574 1576 1415
f 1728 1576 1574
f 1574 1727 1728
f 1574 1573 1727
f 1585 1584 1735
f 1585 1428 1584
f 1429 1428 1585
f 1585 1735 1586
f 1586 1429 1585
f 1279 1276 1427
f 1427 1428 1279
f 1427 1276 1274
f 3624 3818 3625
f 3624 3817 3818
f 3624 3623 3813
f 3813 3817 3624
f 2573 2374 2572
f 2572 2582 2573
f 2573 2582 2792
f 3418 3211 3414
f 3414 3618 3418
f 3019 3000 3218
f 3218 3241 3019
f 2993 2991 2791
f 2792 2991 2993
f 2011 1861 2000
f 2011 2167 2178
f 2000 2167 2011
f 2178 2174 2012
f 2012 2011 2178
f 1861 2011 2012
f 2174 2007 2012
f 2012 2007 2006
f 2006 1861 2012
f 1999 2000 1851
f 1851 1998 1999
f 1851 1853 1998
f 1850 1853 1851
f 1718 1850 1851
f 1726 1723 1722
f 1726 1572 1723
f 1726 1722 1718
f 1734 1733 1866
f 1867 1734 1866
f 2015 2018 1866
f 2018 1867 1866
f 2173 2365 2177
f 2177 2365 2175
f 2177 2010 2173
f 2177 2175 2010
f 2204 2380 2393
f 2393 2394 2204
f 2204 2394 2205
f 2193 2380 2204
f 2205 2034 2204
f 2204 2034 2193
f 2583 2380 2384
f 2380 2197 2384
f 2595 2583 2384
f 2384 2197 2196
f 2384 2594 2595
f 2384 2593 2594
f 2384 2196 2383
f 2383 2593 2384
f 3038 3037 3253
f 3253 3252 3040
f 3253 3037 3252
f 2611 2829 2830
f 2830 2831 2611
f 3044 2831 2830
f 2404 2626 2405
f 2215 2214 2403
f 2215 2404 2405
f 2403 2404 2215
f 2405 2216 2215
f 2215 2216 2213
f 2039 2215 2213
f 2214 2215 2039
f 2214 2039 2212
f 2403 2214 2212
f 3479 3273 3478
f 3049 3267 3050
f 3051 2838 3050
f 2622 2838 2839
f 2839 2623 2622
f 2840 2623 2839
f 2839 2838 3051
f 3051 3050 2839
f 2837 2838 2622
f 3049 3050 2837
f 2837 3050 2838
f 2617 2398 2615
f 2617 2399 2398
f 3262 3045 3261
f 3046 3045 3262
f 1260 1262 1110
f 954 832 961
f 828 832 954
f 954 953 828
f 954 961 1096
f 1096 953 954
f 1096 1097 955
f 955 953 1096
f 829 953 955
f 955 956 829
f 955 1097 956
f 710 709 708
f 708 709 599
f 600 709 602
f 599 709 600
f 600 504 599
f 599 598 706
f 597 682 706
f 706 598 597
f 1095 1092 961
f 961 952 1095
f 1095 952 1092
f 950 1091 1092
f 1092 952 950
f 951 1089 950
f 950 825 951
f 1089 1090 950
f 1090 1091 950
f 831 832 710
f 961 832 831
f 831 952 961
f 506 423 505
f 505 504 506
f 423 504 505
f 1395 1394 1392
f 1392 1549 1395
f 1392 1394 1243
f 1392 1393 1550
f 1550 1549 1392
f 1559 1555 1708
f 1708 1710 1560
f 1560 1559 1708
f 1708 1555 1707
f 400 401 339
f 483 401 400
f 399 483 400
f 339 338 400
f 400 338 399
f 483 423 422
f 422 401 483
f 421 401 422
f 422 353 421
f 422 423 353
f 502 595 575
f 595 502 499
f 819 927 818
f 818 702 819
f 820 819 704
f 414 348 347
f 492 498 414
f 414 409 492
f 347 409 414
f 492 491 586
f 586 498 492
f 682 577 679
f 679 577 574
f 679 574 678
f 507 423 506
f 507 424 423
f 507 604 508
f 508 424 507
f 603 602 713
f 713 604 603
f 604 507 603
f 506 602 603
f 603 507 506
f 959 960 829
f 613 612 614
f 613 513 612
f 427 357 355
f 355 354 427
f 427 428 357
f 612 718 720
f 967 1110 968
f 1109 1110 967
f 989 988 1130
f 989 990 861
f 989 1130 990
f 1129 988 1128
f 988 989 860
f 861 741 860
f 860 989 861
f 649 632 541
f 649 745 632
f 371 447 448
f 219 255 266
f 219 220 180
f 180 212 219
f 219 212 255
f 258 255 214
f 214 261 258
f 267 219 266
f 220 219 267
f 457 378 456
f 457 458 378
f 459 380 379
f 379 458 459
f 378 458 379
f 379 320 378
f 758 883 759
f 882 883 758
f 638 756 639
f 643 644 535
f 759 644 643
f 643 758 759
f 644 653 545
f 456 536 545
f 545 536 644
f 537 536 456
f 445 536 537
f 456 455 537
f 537 455 445
f 535 536 444
f 444 536 445
f 448 532 444
f 444 371 448
f 445 371 444
f 169 190 201
f 201 202 169
f 170 147 169
f 169 202 170
f 514 428 513
f 514 429 428
f 514 515 429
f 614 515 514
f 514 613 614
f 513 613 514
f 361 304 303
f 362 304 361
f 434 363 362
f 362 361 434
f 434 361 433
f 434 435 363
f 522 435 434
f 124 134 135
f 152 133 151
f 151 133 150
f 151 175 152
f 174 175 151
f 151 150 173
f 173 174 151
f 178 216 179
f 179 154 178
f 177 154 179
f 524 525 437
f 439 367 438
f 438 367 366
f 438 437 525
f 738 860 741
f 741 739 738
f 436 364 435
f 524 437 436
f 436 437 364
f 250 249 303
f 303 304 250
f 250 208 249
f 305 306 252
f 305 304 362
f 362 363 305
f 363 306 305
f 421 352 351
f 351 352 299
f 339 401 350
f 350 297 339
f 350 401 421
f 421 351 350
f 350 351 297
f 234 191 200
f 200 199 234
f 191 167 200
f 167 199 200
f 238 239 194
f 194 193 238
f 194 166 193
f 167 166 195
f 195 196 167
f 239 196 195
f 278 228 277
f 289 287 236
f 404 342 341
f 404 486 405
f 405 342 404
f 405 486 406
f 406 342 405
f 286 285 236
f 236 235 286
f 286 235 285
f 280 235 231
f 285 235 280
f 280 336 285
f 279 336 280
f 141 145 128
f 141 128 127
f 127 140 141
f 279 280 230
f 230 280 231
f 189 192 164
f 189 231 192
f 189 230 231
f 188 230 189
f 294 241 291
f 291 241 240
f 167 196 197
f 196 241 197
f 197 241 198
f 198 167 197
f 1595 1436 1597
f 1591 1745 1597
f 1597 1745 1595
f 1287 1434 1435
f 1435 1436 1287
f 1437 1289 1287
f 1287 1436 1437
f 1894 1893 1897
f 1897 2062 1895
f 1897 1893 2062
f 2069 2073 2254
f 2253 2257 2254
f 2254 2257 2069
f 2254 2063 2253
f 2254 2073 2063
f 2062 1893 2061
f 1892 1893 1744
f 1744 1893 1894
f 1744 1745 1591
f 1894 1749 1744
f 1744 1749 1745
f 2060 1892 1891
f 2060 1893 1892
f 2060 2061 1893
f 1755 1896 1756
f 1748 1896 1755
f 1756 1602 1755
f 1750 1748 1755
f 1755 1602 1750
f 1895 1896 1747
f 1747 1896 1748
f 1747 1897 1895
f 1747 1748 1595
f 1595 1749 1747
f 1747 1749 1894
f 1894 1897 1747
f 1281 1430 1282
f 1430 1431 1282
f 1282 1431 1322
f 1282 1134 1281
f 1135 1134 1282
f 1432 1433 1287
f 1287 1284 1432
f 1432 1284 1323
f 1322 1472 1471
f 1472 1593 1471
f 1141 1285 1286
f 1286 1285 1287
f 1284 1285 1140
f 1140 1285 1141
f 454 544 543
f 453 454 543
f 543 539 453
f 647 539 543
f 895 767 865
f 743 864 865
f 650 544 542
f 542 630 650
f 868 996 997
f 894 996 868
f 868 866 766
f 766 894 868
f 866 745 766
f 745 649 766
f 998 997 996
f 1141 999 998
f 998 1140 1141
f 998 999 868
f 868 997 998
f 1138 1028 1171
f 1138 996 1028
f 1138 998 996
f 763 768 890
f 890 891 763
f 522 623 523
f 523 435 522
f 524 436 523
f 523 436 435
f 625 525 524
f 993 1135 1136
f 993 1134 1135
f 993 864 863
f 994 1029 895
f 1136 1029 994
f 994 993 1136
f 864 993 994
f 895 865 994
f 994 865 864
f 1172 1173 1026
f 1172 1029 1136
f 1026 1029 1172
f 1136 1135 1172
f 1176 1175 1174
f 5935 5804 5934
f 5934 5936 5935
f 5934 6052 5936
f 6870 6874 6871
f 6874 6857 6871
f 89 6881 6880
f 6863 6881 89
f 89 112 6863
f 112 6864 6863
f 6807 6700 6806
f 6707 6808 6708
f 6808 6702 6708
f 110 118 119
f 119 118 120
f 119 111 110
f 112 111 119
f 119 6702 6808
f 119 6707 112
f 119 6808 6707
f 6710 6809 119
f 6711 6710 119
f 119 120 6711
f 6850 6838 6837
f 6837 6838 6758
f 6837 6833 6850
f 6758 6833 6837
f 6758 6838 6839
f 6839 6838 6841
f 6760 6758 6839
f 6839 6841 6760
f 6796 6851 6852
f 6852 6797 6796
f 6796 6795 6851
f 6797 6688 6796
f 6642 6641 6752
f 6642 6753 6754
f 6541 6641 6642
f 6642 6752 6685
f 6685 6753 6642
f 6562 6676 6674
f 6754 6753 6683
f 6683 6753 6684
f 6683 6684 6570
f 6679 6569 6568
f 6570 6569 6679
f 6754 6755 6643
f 6541 6642 6643
f 6643 6642 6754
f 6643 6644 6541
f 6643 6755 6644
f 41 38 64
f 64 65 41
f 6785 6764 6842
f 6785 6843 6764
f 6785 6842 6840
f 6840 6845 6785
f 6785 6784 6669
f 6845 6784 6785
f 6768 6779 6844
f 6830 6769 6844
f 6769 6768 6844
f 6668 6557 6556
f 6669 6557 6668
f 6667 6781 6668
f 6782 6668 6781
f 6766 6843 6782
f 6555 6668 6556
f 6667 6668 6555
f 6117 6233 6235
f 6341 6237 6235
f 6747 6637 6746
f 6746 6637 6745
f 6656 6772 6773
f 6773 6772 6829
f 6774 6656 6773
f 6773 6829 6747
f 6747 6746 6773
f 6773 6746 6745
f 6773 6659 6774
f 6745 6659 6773
f 6434 6433 6545
f 6545 6435 6434
f 6331 6433 6434
f 6434 6435 6331
f 3204 3203 3416
f 3416 3203 3415
f 2972 3192 3194
f 2971 3192 2972
f 2766 2971 2972
f 2771 2772 2547
f 2773 2772 2771
f 2771 2977 2773
f 3409 3416 3613
f 3204 3416 3409
f 3613 3614 3411
f 3411 3614 3615
f 3414 3201 3413
f 3413 3201 3200
f 4171 4336 4337
f 4336 4338 4337
f 4172 4171 4337
f 4337 4338 4172
f 4496 4338 4343
f 4343 4501 4496
f 4343 4338 4336
f 4343 4336 4175
f 4330 4490 4491
f 4330 4328 4490
f 3985 4162 4163
f 4162 4328 4163
f 4163 4330 4329
f 4328 4330 4163
f 4342 4177 4329
f 4329 4488 4342
f 4175 4177 4342
f 4342 4343 4175
f 4342 4488 4501
f 4501 4343 4342
f 4147 4316 4145
f 4145 3965 4147
f 4147 3965 3977
f 3977 3965 3791
f 3977 3976 4147
f 3977 3791 3976
f 3791 3965 3792
f 3792 3597 3596
f 3596 3791 3792
f 2515 2318 2313
f 2520 2318 2515
f 2313 2514 2515
f 2515 2514 2520
f 2737 2513 2512
f 2737 2514 2513
f 2737 32 2736
f 2737 2512 32
f 2736 2740 2738
f 2738 2737 2736
f 2514 2737 2738
f 2517 2520 2739
f 2520 2514 2739
f 2514 2738 2739
f 2739 2740 2517
f 2739 2738 2740
f 2132 2127 2313
f 2313 2128 2132
f 2313 2318 2315
f 2315 2128 2313
f 2315 2318 2130
f 1972 2131 2142
f 1972 2140 1971
f 2142 2141 1972
f 1972 2141 2140
f 1971 1829 1972
f 1972 1829 1953
f 3978 3982 3797
f 4153 3982 3978
f 3969 4153 3970
f 4153 3978 3970
f 3970 3978 3794
f 3587 3782 3588
f 3178 3177 3385
f 2753 2960 2959
f 2959 2754 2753
f 2755 2754 2959
f 3207 3189 3188
f 3188 3189 2963
f 3188 3399 3207
f 2962 2963 2756
f 3983 3981 4159
f 4159 3987 3983
f 3805 3984 3806
f 3805 3988 3984
f 3804 3988 3805
f 3611 3805 3806
f 3804 3805 3611
f 3804 3611 3610
f 3610 3611 3408
f 3610 3408 3406
f 2964 2963 2982
f 2982 2965 2964
f 2964 2965 2757
f 2757 2756 2964
f 2756 2963 2964
f 2761 2778 2550
f 2550 2554 2761
f 2761 2534 2760
f 2966 2982 2779
f 2779 2778 2966
f 2966 2965 2982
f 2966 2761 2760
f 2778 2761 2966
f 3205 2981 3207
f 2980 2981 3205
f 3207 3399 3205
f 2777 2981 2980
f 2980 2776 2777
f 2777 2552 2779
f 2779 2981 2777
f 2549 2552 2777
f 2777 2776 2549
f 2968 2980 3191
f 3191 2969 2968
f 3196 3190 3191
f 3191 3190 2969
f 4443 4285 4300
f 4300 4299 4443
f 4461 4299 4298
f 4614 4447 4446
f 4611 4612 4446
f 4446 4447 4287
f 4446 4613 4614
f 4612 4613 4446
f 3743 3933 3934
f 3934 3744 3743
f 3934 3933 4119
f 3740 3931 3741
f 3741 3549 3740
f 3549 3548 3740
f 3741 3931 3932
f 3932 3931 3933
f 3932 3933 3743
f 3932 3742 3741
f 3932 3743 3742
f 4119 3933 4118
f 3544 3735 3563
f 3338 3543 3544
f 3543 3735 3544
f 3339 3118 3338
f 3352 3351 3134
f 3134 3133 2911
f 3340 3133 3134
f 3736 3545 3558
f 3558 3545 3351
f 3558 3557 3750
f 3351 3557 3558
f 3555 3351 3352
f 3555 3556 3351
f 3563 3747 3555
f 3935 3752 3751
f 3752 3557 3751
f 4123 4121 3936
f 3936 3941 4123
f 4123 3945 4128
f 4123 3941 3945
f 2689 2458 2457
f 2457 2688 2689
f 2689 2688 2904
f 2689 2690 2458
f 2904 2905 2689
f 2905 2690 2689
f 4434 4602 4435
f 4435 4274 4434
f 4276 4102 4275
f 4275 4436 4276
f 4275 4435 4436
f 4274 4435 4275
f 4772 4607 4771
f 4771 4607 4606
f 4771 4951 4772
f 4771 4770 4951
f 4436 4435 4604
f 4604 4435 4602
f 4604 4602 4768
f 4768 4605 4604
f 4103 4277 4278
f 4276 4277 4103
f 4103 4102 4276
f 3918 4102 4103
f 4955 4954 5116
f 4624 4458 4623
f 4623 4789 4624
f 4777 4613 4776
f 4776 4613 4612
f 4776 4953 4777
f 5119 5281 5282
f 5282 5130 5129
f 5282 5281 5289
f 5289 5130 5282
f 4968 4967 5129
f 5129 5130 4968
f 4794 4793 4968
f 4793 4967 4968
f 4968 4795 4794
f 4969 4795 4968
f 5131 4969 4968
f 4968 5130 5131
f 5279 5431 5432
f 5432 5280 5279
f 5432 5433 5280
f 5432 5576 5433
f 5718 5576 5575
f 5431 5574 5575
f 5575 5574 5717
f 5717 5718 5575
f 5577 5718 5582
f 5577 5576 5718
f 5582 5438 5577
f 5433 5576 5577
f 5133 5132 5291
f 5132 5290 5291
f 5291 5292 5133
f 5291 5438 5292
f 5129 5121 5120
f 5120 5121 4957
f 5120 5282 5129
f 5119 5282 5120
f 5120 4956 5119
f 5120 4957 4956
f 4957 4780 4779
f 4956 4957 4779
f 4614 4613 4779
f 4779 4780 4614
f 5572 5581 5713
f 5713 5714 5572
f 5858 5973 5848
f 5848 5973 5974
f 5979 5978 6095
f 5856 5978 5979
f 6099 6086 5979
f 5857 5723 5856
f 5857 5973 5858
f 6631 6632 6531
f 6632 6532 6531
f 6532 6423 6531
f 5442 5294 5441
f 5294 5440 5441
f 5441 5586 5442
f 5441 5440 5586
f 5730 5586 5729
f 5730 5587 5586
f 113 5587 5730
f 5862 114 5730
f 5730 114 113
f 5717 5851 5728
f 5728 5851 5726
f 5728 5718 5717
f 5728 5726 5585
f 5585 5718 5728
f 5727 5860 5729
f 5726 5860 5727
f 5729 5586 5727
f 5586 5584 5727
f 5727 5584 5726
f 5726 5851 5859
f 5859 5860 5726
f 5975 5860 5859
f 5981 6091 6090
f 5981 5860 5975
f 5975 6091 5981
f 5132 4971 4970
f 4970 4799 4796
f 4970 4971 4797
f 4797 4799 4970
f 4796 4969 4970
f 4970 4969 5131
f 5131 5132 4970
f 2469 2704 2705
f 2707 2474 2472
f 2474 2473 2472
f 2473 2274 2472
f 2472 2274 2272
f 2913 2915 2914
f 2914 2701 2913
f 2914 2915 2703
f 2703 2702 2914
f 2702 2701 2914
f 2698 2464 2463
f 2463 2701 2698
f 2466 2464 2698
f 2698 2701 2466
f 2918 2706 2917
f 2917 2916 3139
f 2917 2704 2916
f 2706 2705 2917
f 2917 2705 2704
f 3367 3368 3157
f 3157 3366 3367
f 3157 2936 2935
f 3767 3575 3572
f 3767 3770 3577
f 3572 3571 3767
f 3767 3571 3766
f 3766 3770 3767
f 2925 2716 2715
f 2715 2924 2925
f 2925 2924 3149
f 3149 2931 2925
f 2717 2719 2487
f 2487 2486 2717
f 2931 2719 2717
f 2485 2716 2717
f 2717 2486 2485
f 2717 2925 2931
f 2716 2925 2717
f 2932 2931 3154
f 2932 2719 2931
f 99 1654 1493
f 1493 1492 99
f 1654 1494 1493
f 1343 1341 1491
f 1491 1492 1343
f 1342 1341 1343
f 1492 1493 1343
f 1343 1195 1342
f 99 94 1346
f 1346 1494 99
f 1346 1347 1197
f 789 790 670
f 328 275 274
f 185 228 186
f 186 158 185
f 551 658 659
f 666 558 659
f 464 463 551
f 386 385 466
f 386 326 385
f 657 658 550
f 550 549 657
f 550 658 551
f 551 463 550
f 462 549 550
f 550 463 462
f 384 464 385
f 463 464 384
f 329 383 384
f 462 463 384
f 384 383 462
f 384 326 329
f 385 326 384
f 325 383 329
f 324 383 325
f 560 469 559
f 560 663 665
f 665 556 664
f 663 556 665
f 470 471 389
f 389 469 470
f 470 469 560
f 772 658 657
f 657 771 772
f 666 659 772
f 772 659 658
f 772 781 666
f 897 781 772
f 772 771 897
f 666 781 782
f 1484 1645 1485
f 1039 1032 907
f 1039 1164 1189
f 907 1019 1039
f 1019 1164 1039
f 1030 898 899
f 899 1032 1030
f 907 1032 899
f 899 781 907
f 899 782 781
f 1180 1039 1189
f 1032 1039 1180
f 1632 1786 1633
f 1479 1633 1638
f 1638 1633 1786
f 1638 1786 1796
f 1796 1793 1638
f 1918 1771 1917
f 1917 1916 2087
f 2290 2484 2285
f 2285 2103 2290
f 1325 1315 1314
f 1162 1315 1189
f 1161 1312 1162
f 1162 1312 1313
f 1313 1314 1162
f 1162 1314 1315
f 1788 1789 1634
f 1929 1788 1928
f 1789 1788 1929
f 1796 1786 1792
f 1789 1929 1792
f 1930 1918 2090
f 1765 1610 1764
f 1764 1912 1765
f 1916 1765 1915
f 1765 1914 1915
f 1454 1457 1311
f 1454 1308 1457
f 1453 1451 1612
f 1452 1451 1453
f 1766 1610 1765
f 1455 1453 1612
f 1307 1453 1455
f 1456 1307 1455
f 1768 1769 1616
f 1916 1769 1768
f 2307 2309 2119
f 2510 2511 2307
f 2307 2511 102
f 2307 102 101
f 101 2310 2307
f 2310 2309 2307
f 2117 1945 1944
f 1647 1486 1485
f 1647 1487 1486
f 1647 1648 1488
f 1488 1487 1647
f 1485 1645 1646
f 1646 1647 1485
f 2302 2300 2505
f 2302 2506 2507
f 2505 2506 2302
f 1937 2111 1938
f 1943 1800 1942
f 1942 1941 1943
f 1329 1330 1182
f 1480 1330 1479
f 1640 1641 1480
f 2714 2485 2483
f 2485 2287 2483
f 2293 2291 2493
f 2493 2494 2293
f 2495 2488 2720
f 2487 2719 2720
f 2720 2488 2487
f 2109 2106 2294
f 2109 2107 2106
f 2109 2297 2110
f 2109 2110 1937
f 1937 2107 2109
f 2112 2302 2303
f 2499 2498 2500
f 1376 1379 1377
f 1377 1229 1376
f 1378 1379 1231
f 1231 1229 1378
f 1378 1377 1379
f 1229 1377 1378
f 1977 2143 2144
f 2143 2332 2144
f 2144 2145 1977
f 2530 2758 2533
f 2533 2758 2760
f 2760 2534 2533
f 1968 1825 1967
f 1967 2138 1968
f 1967 1825 1966
f 2137 2138 1967
f 2327 2138 2137
f 2329 2138 2327
f 1687 1541 1540
f 1541 1386 1540
f 1540 1546 1687
f 1540 1386 1389
f 1389 1546 1540
f 1824 1964 1825
f 1824 1825 1691
f 1691 1696 1824
f 1824 1696 1830
f 1830 1964 1824
f 1973 1964 1830
f 1973 1830 1971
f 1971 2139 1973
f 1813 1817 1954
f 1954 1953 1813
f 1954 1961 1953
f 1959 2128 1960
f 2127 2132 1963
f 1963 2132 2128
f 1962 2127 1963
f 1963 1819 1962
f 2128 1959 1963
f 1963 1959 1819
f 1362 1515 1363
f 1520 1516 1669
f 1693 1690 1811
f 1811 1810 1693
f 1545 1690 1693
f 1543 1538 1544
f 1543 1388 1538
f 1544 1389 1543
f 1389 1388 1543
f 1384 1388 1240
f 1384 1383 1537
f 1537 1538 1384
f 1538 1388 1384
f 1812 1685 1669
f 1686 1685 1812
f 1669 1689 1812
f 1689 1686 1812
f 1202 1350 1351
f 2943 2945 2732
f 2732 2944 2943
f 3167 2945 2943
f 2943 3166 3167
f 2942 3166 2943
f 2730 2942 2943
f 2943 2944 2730
f 2732 2506 2731
f 2731 2506 2730
f 2731 2944 2732
f 2730 2944 2731
f 2507 2506 2734
f 2734 2506 2733
f 2734 2735 2507
f 2734 2733 2735
f 585 584 692
f 489 584 585
f 692 586 585
f 490 489 585
f 585 491 490
f 585 586 491
f 497 584 489
f 489 411 497
f 496 584 497
f 497 411 496
f 687 588 688
f 587 588 496
f 496 495 587
f 495 494 587
f 494 583 587
f 583 588 587
f 815 816 699
f 699 590 589
f 699 700 590
f 816 700 699
f 809 701 592
f 592 701 596
f 498 586 592
f 690 584 689
f 689 691 690
f 690 691 584
f 689 584 694
f 584 693 694
f 694 806 689
f 693 806 694
f 1052 1051 1202
f 1202 1351 1352
f 570 674 571
f 285 336 340
f 404 341 340
f 340 341 285
f 485 486 404
f 486 485 579
f 3370 3371 3160
f 3163 3161 3160
f 3160 3161 2939
f 2728 2500 2726
f 2728 2502 2500
f 2729 2502 2728
f 2937 2936 2726
f 2937 2724 2936
f 2722 2497 2495
f 2722 2724 2497
f 2300 2502 2503
f 2503 2730 2505
f 2503 2729 2730
f 2503 2502 2729
f 3374 3373 3581
f 3581 3373 3579
f 3582 3374 3581
f 3581 3777 3582
f 3581 3579 3777
f 3579 3373 3580
f 3580 3371 3579
f 3577 3579 3578
f 3578 3371 3577
f 3579 3371 3578
f 1805 1945 1946
f 1946 1947 1805
f 1490 1341 1489
f 1489 1653 1490
f 1489 1652 1653
f 1489 1341 1340
f 4331 4492 4333
f 4333 4332 4331
f 4168 4332 4333
f 4333 4328 4168
f 4487 4328 4333
f 4333 4492 4487
f 5309 5310 5151
f 5151 5152 5309
f 5459 5601 5456
f 5459 5603 5601
f 5456 5315 5459
f 5459 5315 5458
f 5458 5603 5459
f 5601 5603 5745
f 5747 5746 5745
f 5745 5604 5747
f 5745 5603 5604
f 5745 5746 5602
f 5602 5601 5745
f 5308 5150 5307
f 5150 5306 5307
f 5451 5308 5307
f 5307 5306 5451
f 5148 5306 5150
f 5150 4990 5148
f 5147 5306 5148
f 5148 4990 4989
f 4988 5147 5148
f 5148 4989 4988
f 5986 5865 5985
f 5985 5865 5864
f 5984 5985 5864
f 5864 5733 5863
f 5863 5984 5864
f 5868 5984 5863
f 5594 5446 5593
f 5594 5593 5596
f 5596 5731 5594
f 5991 5990 6107
f 6327 6427 6428
f 6326 6224 6222
f 6222 6325 6326
f 6326 6325 6427
f 6226 6220 6108
f 6108 6107 6224
f 6430 6536 6431
f 6535 6536 6430
f 5592 5733 5734
f 5734 5591 5592
f 5592 5591 5445
f 5443 5298 5297
f 5299 5444 5297
f 5297 5444 5443
f 5297 5138 5299
f 5297 5298 5138
f 5739 5597 5734
f 5739 5740 5597
f 5734 5733 5739
f 5870 5740 5739
f 5733 5865 5739
f 5739 5869 5870
f 5739 5865 5869
f 4647 4814 4644
f 4644 4645 4483
f 4814 4815 4644
f 4815 4645 4644
f 4644 4486 4647
f 4483 4486 4644
f 4637 4804 4638
f 4804 4806 4638
f 4638 4807 4808
f 4638 4806 4807
f 4637 4638 4475
f 4475 4638 4476
f 4475 4476 4318
f 4473 4316 4319
f 4319 4316 4147
f 4147 4318 4319
f 4318 4476 4477
f 4477 4319 4318
f 4641 4811 4812
f 4812 4642 4641
f 4812 4811 4983
f 4983 4816 4812
f 4812 4816 4813
f 4813 4642 4812
f 3966 4148 3967
f 3966 3967 3781
f 3781 3965 3966
f 4863 5031 5032
f 5032 4864 4863
f 5032 5031 5192
f 6748 6637 6747
f 6638 6637 6748
f 6549 6661 6551
f 6551 6550 6549
f 6551 6661 6662
f 6338 6235 6233
f 6146 6028 6145
f 6121 6004 6120
f 6003 5884 5883
f 5884 5751 5883
f 6002 6004 5883
f 5883 5882 6002
f 6122 6123 6005
f 6004 6121 6005
f 6005 5883 6004
f 6003 5883 6005
f 6005 6006 6003
f 6123 6006 6005
f 6239 6240 6122
f 6238 6239 6122
f 6345 6346 6238
f 6240 6239 6343
f 6343 6238 6346
f 6239 6238 6343
f 6453 6349 6348
f 6348 6343 6346
f 6348 6349 6347
f 6347 6240 6348
f 6240 6343 6348
f 6450 6346 6345
f 6556 6451 6450
f 6451 6346 6450
f 6847 6784 6841
f 6841 6787 6847
f 6847 6787 6784
f 6841 6838 6848
f 6848 6787 6841
f 6792 6848 6838
f 6787 6848 6792
f 6791 6792 6789
f 6564 6563 6673
f 6786 6787 6673
f 6673 6672 6786
f 6563 6560 6673
f 6560 6672 6673
f 5767 5768 5627
f 5627 5626 5767
f 5767 5626 5766
f 5904 5903 6026
f 5625 5624 5764
f 5772 5905 5906
f 5907 5772 5906
f 5906 6001 5907
f 6002 6001 5906
f 5770 5629 5769
f 5904 5771 5770
f 5770 5769 5904
f 5628 5629 5488
f 5488 5629 5489
f 5771 5772 5632
f 5632 5773 5633
f 5772 5773 5632
f 6228 6330 6333
f 6228 6227 6330
f 5996 5997 5876
f 5876 5995 5996
f 5995 6109 5996
f 6547 6472 6577
f 6577 6472 6473
f 6473 6475 6577
f 6548 6547 6577
f 6473 6370 6369
f 5911 5910 6032
f 5489 5344 5343
f 5189 5188 5343
f 5341 5188 5187
f 5336 5340 5187
f 5187 5340 5341
f 5186 5185 5187
f 5185 5336 5187
f 5486 5487 5341
f 5341 5340 5486
f 5486 5488 5487
f 5628 5488 5486
f 5486 5627 5628
f 5484 5626 5627
f 6031 5909 5993
f 6031 5999 6114
f 6031 5993 5999
f 5910 5909 6031
f 6031 6032 5910
f 6114 6147 6031
f 6147 6032 6031
f 5352 5500 5353
f 5353 5198 5352
f 5348 5494 5349
f 3235 3015 3234
f 3234 3441 3235
f 3235 3441 3442
f 3442 3237 3236
f 3237 3015 3236
f 3236 3235 3442
f 3015 3235 3236
f 3238 3237 3446
f 3238 3015 3237
f 3234 3015 3014
f 3014 3015 2809
f 3014 3013 3234
f 3014 2809 3013
f 3220 3017 3016
f 3016 3015 3220
f 3220 3018 3017
f 3003 3018 3220
f 3825 3650 3630
f 3630 3648 3825
f 3825 3648 3650
f 3427 3238 3446
f 3431 3224 3430
f 4198 4197 4199
f 4199 4027 4198
f 4025 4197 4198
f 4198 4027 4025
f 3249 3028 3248
f 3248 3028 3247
f 3247 3456 3248
f 3248 3456 3458
f 3460 3435 3249
f 3249 3459 3460
f 3460 3459 3435
f 3642 3641 3836
f 3642 3643 3438
f 3836 3643 3642
f 3639 3640 3437
f 3437 3230 3228
f 3437 3640 3641
f 3641 3642 3437
f 3231 3230 3437
f 3438 3231 3437
f 3437 3642 3438
f 3453 3656 3657
f 3657 3456 3453
f 3453 3456 3247
f 3247 3244 3453
f 3452 3656 3453
f 3453 3244 3452
f 3035 2827 3034
f 3034 2827 2825
f 3035 3037 3036
f 3036 2827 3035
f 3037 2827 3036
f 2607 2608 2393
f 2607 2827 2610
f 2610 2609 2607
f 2609 2608 2607
f 3040 2829 3039
f 3039 2827 3038
f 3039 3253 3040
f 3038 3253 3039
f 2801 3006 2825
f 2584 2800 2801
f 2801 2800 2812
f 2801 3005 3006
f 2811 2592 2591
f 2811 2593 2592
f 2591 2810 2811
f 2810 2593 2811
f 2817 2816 2599
f 2599 2815 2817
f 2817 3021 3024
f 2817 2815 2814
f 2814 3021 2817
f 2596 2815 2597
f 2597 2385 2596
f 2386 2385 2597
f 2599 2386 2597
f 2597 2815 2599
f 2189 2188 2376
f 2189 2186 2188
f 2376 2198 2189
f 2022 2186 2189
f 2029 2022 2189
f 2189 2198 2029
f 2370 2372 2568
f 2568 2569 2370
f 2789 2569 2568
f 2568 2571 2789
f 2568 2372 2571
f 2819 3023 3026
f 3023 3244 3026
f 3026 3027 2819
f 3026 3244 3027
f 3246 3455 3452
f 3246 3024 3245
f 3245 3455 3246
f 4366 4364 4363
f 4363 4362 4366
f 4362 4522 4366
f 4366 4524 4367
f 4366 4367 4203
f 5186 5026 5025
f 5025 5185 5186
f 5025 5024 5185
f 4856 4686 4685
f 4685 4854 4856
f 4856 4854 4686
f 4857 4854 5024
f 4857 5025 5026
f 5024 5025 4857
f 4686 4854 4857
f 4369 4527 4528
f 4528 4529 4369
f 4690 4530 4528
f 4530 4529 4528
f 4687 4525 4686
f 4688 4525 4687
f 4515 4678 4679
f 4679 4678 4517
f 4679 4516 4515
f 4517 4516 4679
f 4847 4678 4846
f 4848 4678 4847
f 4847 4872 5013
f 4846 4872 4847
f 5013 5014 4847
f 4847 5014 4848
f 3849 3658 3655
f 3849 3655 3848
f 3848 4040 3849
f 3850 4040 3851
f 3850 3656 3658
f 3658 3849 3850
f 3850 3849 4040
f 3851 3657 3850
f 3657 3656 3850
f 4214 4045 4213
f 4214 4189 4045
f 4354 4189 4214
f 4213 4379 4214
f 4214 4379 4354
f 4379 4535 4538
f 4538 4539 4379
f 4538 4535 4537
f 4538 4537 4699
f 4699 4539 4538
f 4211 4375 4377
f 4377 4375 4535
f 4535 4378 4377
f 4213 4211 4377
f 4377 4378 4213
f 4209 4039 4208
f 4208 4039 4207
f 4208 4207 4372
f 4372 4373 4208
f 4208 4373 4209
f 3996 3817 3812
f 4002 3817 3996
f 3995 4002 3996
f 3996 3811 3995
f 3812 3811 3996
f 2561 2560 2566
f 2566 2560 2367
f 2780 2555 2773
f 2773 2977 2781
f 2781 2780 2773
f 2977 2985 2781
f 2985 2983 2781
f 2988 3208 2989
f 2988 2983 3208
f 1402 1563 1561
f 1716 1842 1712
f 1712 1563 1716
f 1712 1561 1563
f 1405 1566 1564
f 1718 1567 1564
f 1564 1407 1405
f 1567 1407 1564
f 1719 1566 1721
f 1721 1853 1719
f 1719 1853 1850
f 1719 1564 1566
f 1719 1850 1718
f 1718 1564 1719
f 1854 1845 1721
f 1721 1720 1854
f 1854 1720 1845
f 3788 3787 3786
f 3787 3594 3786
f 3786 3971 3788
f 3964 3971 3786
f 3786 3785 3964
f 3389 3179 3388
f 3388 3591 3389
f 3388 3594 3591
f 3417 3605 3400
f 3196 3191 3400
f 1662 1664 1661
f 1661 1507 1662
f 1382 1239 1238
f 1382 1232 1234
f 1381 1232 1382
f 1381 1382 1536
f 1536 1390 1548
f 1548 1683 1536
f 1684 1663 1536
f 1536 1683 1684
f 1077 1070 1078
f 1077 942 1076
f 1078 942 1077
f 1076 1218 1077
f 810 937 932
f 1236 1383 1235
f 1383 1384 1235
f 1240 1088 1235
f 1235 1384 1240
f 1234 1086 1233
f 1233 1382 1234
f 1088 1239 1233
f 1239 1382 1233
f 1085 1086 947
f 1088 1233 1085
f 1085 1233 1086
f 1363 1236 1217
f 2133 2134 1965
f 2133 2320 2134
f 2139 2320 2133
f 1965 1964 2133
f 2133 1973 2139
f 1964 1973 2133
f 2960 2957 3182
f 2958 2957 2752
f 2752 2952 2958
f 2532 2747 2521
f 2321 2320 2521
f 2330 2532 2521
f 2521 2320 2330
f 2753 2754 2525
f 2525 2526 2324
f 2754 2526 2525
f 2759 2960 2753
f 2759 2957 2960
f 2747 2751 2523
f 2321 2521 2523
f 2523 2521 2747
f 2745 2519 2749
f 2749 2952 2745
f 2757 2758 2529
f 2529 2758 2530
f 2530 2325 2529
f 2137 2325 2326
f 2326 2327 2137
f 2329 2327 2326
f 2554 2354 2353
f 2353 2354 2165
f 2164 2352 2353
f 2353 2165 2164
f 2335 2533 2534
f 1968 2138 1976
f 1976 2138 2143
f 1976 2143 1977
f 1977 1832 1976
f 1832 1975 1976
f 1969 1825 1968
f 1968 1976 1969
f 1969 1976 1975
f 1823 1834 1698
f 1698 1688 1823
f 1687 1697 1823
f 1823 1688 1687
f 2282 2477 2479
f 2280 2096 2282
f 2282 2479 2280
f 2282 2276 2477
f 2096 2277 2282
f 2277 2276 2282
f 2922 2713 2711
f 2922 2711 2921
f 2478 2453 2452
f 2452 2684 2478
f 2683 2684 2452
f 2453 2255 2452
f 2682 2683 2452
f 2921 2711 2902
f 2711 2684 2902
f 2902 2684 2683
f 2902 2901 2921
f 2683 2901 2902
f 1169 1023 1022
f 1022 1165 1166
f 1021 1165 1022
f 1022 887 1021
f 1294 1145 1148
f 1294 1293 1145
f 1603 1600 1443
f 1443 1600 1463
f 1443 1602 1603
f 1601 1602 1443
f 1598 1601 1443
f 2096 2278 2094
f 1780 1781 1628
f 1628 1783 1780
f 1780 1783 1921
f 1448 1300 1447
f 1447 1607 1448
f 1446 1607 1447
f 1317 1318 1166
f 1317 1463 1466
f 1466 1625 1464
f 1464 1317 1466
f 2041 2042 1880
f 2408 2407 2409
f 2220 2412 2221
f 2221 2042 2220
f 2042 2219 2220
f 2415 2416 2224
f 2224 2416 2417
f 2417 2225 2224
f 2224 2413 2415
f 2222 2413 2224
f 2046 2222 2224
f 2224 2225 2046
f 1925 1905 1907
f 1905 1757 1907
f 1604 1631 1757
f 2265 2465 2267
f 2267 2079 2265
f 2268 2079 2267
f 2466 2467 2267
f 2267 2465 2466
f 2269 2080 2268
f 2270 2080 2269
f 2268 2267 2269
f 2269 2267 2467
f 2262 2260 2075
f 2075 2260 2261
f 2075 2261 2076
f 2076 1905 2075
f 1905 2074 2075
f 2097 2279 2262
f 2262 2075 2097
f 2097 2075 2074
f 2097 2074 1925
f 3949 3761 3760
f 3943 3760 3754
f 3942 4127 3943
f 4133 4134 4303
f 4133 4303 4135
f 4135 3953 4133
f 3153 3152 3362
f 3148 2930 3153
f 2930 3152 3153
f 3765 3764 3769
f 3769 3955 3765
f 3769 3768 3956
f 3573 3768 3769
f 3769 3764 3573
f 4467 4310 4309
f 4309 4308 4467
f 4309 4310 4138
f 4138 4308 4309
f 4303 4134 4305
f 4305 4308 4303
f 4466 4308 4465
f 4465 4308 4463
f 4958 5121 4966
f 4957 5121 4958
f 4958 4780 4957
f 4615 4780 4781
f 3140 2917 3139
f 2918 2917 3140
f 3559 3755 3560
f 3755 3561 3560
f 3353 3559 3560
f 3361 3152 3151
f 3151 3152 2929
f 3151 3355 3361
f 4304 4305 4134
f 4463 4308 4304
f 4308 4305 4304
f 4136 4304 4134
f 4289 4450 4290
f 4289 4115 4288
f 4289 4288 4448
f 4452 4292 4451
f 1753 1625 1627
f 1627 1600 1753
f 1627 1625 1466
f 1466 1600 1627
f 874 753 873
f 873 889 874
f 888 889 762
f 762 887 888
f 1023 1024 888
f 888 1024 889
f 887 1022 888
f 888 1022 1023
f 995 1001 1137
f 1003 872 1002
f 872 871 1002
f 1002 871 995
f 1002 1137 1003
f 995 1137 1002
f 747 867 870
f 870 871 748
f 995 871 870
f 870 867 995
f 534 639 535
f 535 444 534
f 640 635 646
f 646 641 640
f 1449 1300 1448
f 1170 1150 1149
f 1169 1320 1170
f 1170 1023 1169
f 1149 1024 1170
f 1170 1024 1023
f 753 755 754
f 637 756 638
f 637 755 756
f 756 755 879
f 1301 1154 1153
f 1153 1449 1301
f 1300 1449 1153
f 1152 1300 1153
f 1292 1295 1148
f 1142 1288 1289
f 1287 1288 1142
f 1142 999 1141
f 1142 1143 999
f 1141 1286 1142
f 1142 1286 1287
f 1596 1437 1436
f 1596 1436 1595
f 1595 1748 1596
f 1148 1295 1296
f 1295 1438 1296
f 1161 1162 1016
f 880 1013 1014
f 3734 3735 3542
f 3542 3541 3734
f 3733 3756 3734
f 3734 3540 3733
f 3734 3541 3540
f 3756 3563 3734
f 3563 3735 3734
f 3758 3757 3940
f 3758 3940 3935
f 3935 3747 3758
f 3758 3747 3563
f 3563 3757 3758
f 3731 3730 3923
f 3923 3732 3731
f 3537 3730 3731
f 3731 3732 3537
f 2889 2888 3108
f 2889 3108 2890
f 2890 2669 2889
f 2889 2669 2668
f 2668 2888 2889
f 2897 2679 2896
f 2896 3114 2897
f 2670 2671 2439
f 2669 2671 2670
f 2670 2439 2438
f 2438 2669 2670
f 1778 1783 1628
f 1625 1777 1778
f 1778 1777 1783
f 1922 1900 1920
f 1920 1777 1922
f 1922 1901 1900
f 1777 1901 1922
f 1779 1625 1753
f 1753 1901 1779
f 1779 1777 1625
f 1779 1901 1777
f 2069 2066 1902
f 1902 2066 1898
f 1898 1899 1902
f 1904 2069 1902
f 1752 1600 1751
f 1753 1600 1752
f 1752 1898 1753
f 1752 1899 1898
f 1900 2071 2072
f 1900 2072 2067
f 2067 2072 2255
f 2256 2092 2067
f 2067 2255 2256
f 2450 2258 2454
f 2236 2423 2431
f 2423 2650 2431
f 2230 2422 2424
f 2424 2425 2230
f 2424 2422 2648
f 2424 2648 2651
f 2651 2649 2424
f 2649 2425 2424
f 2049 2228 2229
f 2229 2050 2049
f 2230 2050 2229
f 2229 2422 2230
f 2229 2228 2422
f 3301 3302 3083
f 3301 3315 3512
f 3512 3513 3301
f 3301 3513 3511
f 3511 3302 3301
f 3527 3722 3528
f 3527 3721 3722
f 3720 3721 3527
f 3708 3514 3513
f 3513 3707 3708
f 3708 3707 3900
f 3708 3900 3709
f 3709 3514 3708
f 2867 2868 2647
f 2867 3084 2868
f 3083 3084 2867
f 3093 3092 3094
f 3094 2876 3093
f 2658 2431 2650
f 2658 2650 2871
f 2871 2877 2658
f 2877 2878 2658
f 3086 3304 3305
f 3086 2870 3085
f 3086 3087 2870
f 3305 3087 3086
f 3085 3084 3303
f 3303 3084 3302
f 3303 3086 3085
f 3304 3086 3303
f 3303 3302 3511
f 3511 3304 3303
f 3515 3514 3709
f 3515 3527 3318
f 3515 3304 3514
f 3305 3304 3515
f 3515 3318 3305
f 3102 3326 3103
f 3101 3323 3102
f 2884 3101 3102
f 3102 3103 2884
f 3102 3323 3324
f 3917 3725 3724
f 3531 3532 3324
f 3531 3725 3532
f 3324 3323 3531
f 3323 3322 3531
f 3531 3322 3321
f 3531 3724 3725
f 3919 3726 3918
f 3917 3724 3916
f 3916 4102 3917
f 4099 4098 4273
f 4273 4274 4099
f 3913 3721 3720
f 3913 3914 3721
f 3913 3720 3912
f 3913 4099 3914
f 3912 4098 3913
f 4098 4099 3913
f 4110 4109 4108
f 3944 3925 4110
f 3925 4109 4110
f 4110 4284 4128
f 4128 3944 4110
f 2879 2878 3097
f 2878 3096 3097
f 3097 3096 3320
f 2873 3089 3090
f 3088 3089 2872
f 2872 2873 2652
f 3089 2873 2872
f 3307 3308 3088
f 3309 3308 3307
f 3088 3306 3307
f 3307 3306 3309
f 3711 3705 3896
f 3711 3517 3516
f 3520 3517 3711
f 3712 3520 3711
f 3711 3896 3712
f 3706 3711 3516
f 3705 3711 3706
f 3300 3306 3088
f 3088 3081 3300
f 3077 2862 2866
f 2866 3081 3077
f 3077 3081 3088
f 3088 2872 3077
f 3897 3704 3895
f 3895 3894 3897
f 3895 3704 3703
f 3703 3894 3895
f 3701 3699 3892
f 3702 3894 3879
f 3702 3691 3690
f 3702 3879 3691
f 4257 4081 4255
f 4255 4422 4257
f 4254 4422 4255
f 4255 4079 4254
f 4082 4081 4083
f 4083 4081 4084
f 4083 3894 4082
f 3897 3894 4083
f 4083 4084 3897
f 4091 3902 4090
f 3903 3902 4091
f 3713 3520 3712
f 3712 3901 3713
f 3901 3902 3713
f 3714 3903 3715
f 3714 3902 3903
f 3714 3715 3520
f 3520 3713 3714
f 3714 3713 3902
f 4090 3902 4089
f 4089 3902 3901
f 4088 4256 4261
f 4090 4089 4088
f 4088 4089 3901
f 4088 3901 4085
f 4085 4256 4088
f 4267 4429 4430
f 4430 4427 4267
f 4592 4427 4430
f 4429 4598 4430
f 4752 4749 4923
f 4590 4751 4752
f 4752 4753 4590
f 4752 4923 4928
f 4928 4753 4752
f 4262 4263 4090
f 4090 4088 4262
f 4262 4088 4261
f 4261 4422 4262
f 3519 3312 3311
f 3313 3312 3519
f 3523 3519 3311
f 3315 3519 3523
f 3717 3525 3523
f 3525 3315 3523
f 3513 3315 3524
f 3524 3315 3526
f 3524 3526 3718
f 3718 3707 3524
f 3524 3707 3513
f 2640 2858 2859
f 2859 2642 2640
f 2640 2642 2641
f 2640 2416 2639
f 2641 2416 2640
f 3499 3500 3293
f 3693 3500 3499
f 3499 3692 3693
f 3293 3294 3074
f 3287 3070 3074
f 3294 3295 3074
f 3074 3291 3287
f 3074 3295 3291
f 3078 3297 3079
f 3079 2865 3078
f 2860 2864 2861
f 2864 2644 2861
f 2861 2642 2860
f 2861 2644 2642
f 2418 2642 2419
f 2642 2644 2419
f 2645 2646 2419
f 2419 2644 2645
f 2419 2226 2418
f 2419 2420 2226
f 2643 2420 2419
f 2419 2646 2643
f 4928 5094 5095
f 5095 5096 4928
f 4409 4568 4569
f 4569 4568 4735
f 4567 4409 4569
f 5069 4901 4900
f 5067 4898 4897
f 4897 5066 5067
f 4896 5066 4897
f 4724 4723 4896
f 4896 4897 4724
f 4724 4897 4898
f 4563 4723 4724
f 4724 4725 4563
f 4724 4728 4725
f 4724 4898 4728
f 5547 5402 5546
f 5546 5688 5547
f 5547 5688 5689
f 5401 5546 5402
f 5246 5400 5401
f 5405 5250 5404
f 5402 5548 5404
f 5547 5405 5404
f 5404 5548 5547
f 5248 5394 5241
f 5248 5250 5394
f 5241 5091 5248
f 5391 5392 5538
f 5538 5400 5391
f 5246 5088 5245
f 5245 5400 5246
f 5811 5673 5810
f 5811 5810 5940
f 5677 5816 5817
f 5559 5703 5704
f 5841 5705 5704
f 5704 5705 5559
f 5685 5543 5683
f 5683 5543 5542
f 5683 5819 5685
f 5683 5542 5684
f 5684 5819 5683
f 5685 5695 5680
f 5680 5543 5685
f 5540 5543 5680
f 5695 5552 5680
f 5396 5399 5244
f 5086 5243 5244
f 5244 5243 5396
f 5244 5399 5254
f 5244 5093 5086
f 5244 5254 5093
f 5542 5397 5541
f 5541 5397 5539
f 5682 5542 5541
f 5541 5681 5682
f 5549 5681 5541
f 5541 5539 5549
f 5830 5956 5957
f 5957 5956 6069
f 6069 6070 5957
f 5957 6070 6071
f 5958 5957 6071
f 5830 5957 5958
f 5691 5550 5547
f 5691 5693 5550
f 6402 6403 6295
f 6295 6403 6296
f 6295 6183 6182
f 6182 6183 6061
f 6061 6181 6182
f 6061 6063 5947
f 6062 6064 5955
f 5955 5949 6062
f 6062 5946 6064
f 6062 5949 5946
f 5817 5946 5948
f 5948 5949 5817
f 5946 5949 5948
f 6716 6609 6718
f 5682 5681 5818
f 5818 5684 5682
f 6730 6819 6820
f 6729 6819 6730
f 6515 6613 6616
f 6623 6520 6519
f 6517 6623 6518
f 6518 6623 6519
f 6512 6520 6615
f 6520 6623 6615
f 6724 6725 6615
f 6615 6623 6722
f 105 6744 6823
f 6823 6824 105
f 6744 6824 6823
f 6815 6735 6824
f 6815 6824 6744
f 6822 6820 105
f 105 6735 6822
f 4962 5122 5123
f 5123 5284 5285
f 5276 5122 5114
f 4623 4787 4788
f 4788 4789 4623
f 4788 4965 4953
f 4788 4787 4965
f 4953 4776 4788
f 4788 4776 4789
f 4760 4937 4761
f 4937 4938 4761
f 4761 4938 4762
f 4761 4598 4760
f 6309 6213 6204
f 6079 6078 6080
f 5967 6078 6079
f 5710 5566 5709
f 5709 5566 5565
f 5844 5845 5710
f 5710 5709 5844
f 5844 5709 5839
f 5968 5839 5967
f 5845 5844 5968
f 5968 5844 5839
f 5968 6079 6080
f 5967 6079 5968
f 5555 5413 5412
f 5413 5261 5412
f 5555 5412 5410
f 4583 4422 4421
f 4421 4422 4254
f 4073 4074 3885
f 3884 4072 3885
f 4072 4073 3885
f 4074 3886 3885
f 3695 3884 3885
f 3885 3886 3695
f 4245 4408 4246
f 4245 4074 4073
f 4246 4074 4245
f 4245 4073 4244
f 4244 4408 4245
f 3504 3503 3501
f 3505 3295 3504
f 3295 3503 3504
f 3504 3702 3690
f 3701 3702 3504
f 3504 3690 3498
f 3498 3505 3504
f 4578 4574 4573
f 4414 4575 4416
f 4414 4574 4575
f 4414 4573 4574
f 4420 4421 4254
f 4583 4421 4420
f 4942 4763 4941
f 4933 4763 4942
f 4941 5109 4942
f 4942 5101 4933
f 5109 5101 4942
f 4762 4763 4599
f 4599 4763 4757
f 4599 4761 4762
f 4598 4761 4599
f 4599 4757 4593
f 4593 4592 4599
f 4592 4430 4599
f 4599 4430 4598
f 4760 4598 4597
f 4597 4756 4760
f 4596 4756 4597
f 4597 4429 4596
f 4597 4598 4429
f 3716 3904 3717
f 3715 3904 3716
f 3520 3715 3716
f 3716 3521 3520
f 3907 3906 4094
f 4094 4095 3907
f 4094 3906 4093
f 4093 4268 4094
f 4094 4268 4269
f 4269 4270 4094
f 4094 4270 4095
f 4934 4769 4936
f 4936 4759 4934
f 4769 4759 4936
f 4944 4767 4766
f 4947 4767 4944
f 4766 4946 4944
f 4946 4949 4944
f 4949 4947 4944
f 5417 5416 5563
f 5415 5559 5560
f 5560 5561 5415
f 5559 5561 5560
f 6715 120 6608
f 6608 6714 6715
f 6715 6714 120
f 6603 6713 120
f 120 6714 6603
f 6711 6713 6603
f 6603 6712 6711
f 6603 6714 6605
f 6718 6726 6617
f 6616 6613 6617
f 6617 6613 6614
f 6617 6515 6616
f 6618 6515 6617
f 6617 6726 6727
f 6317 6324 6219
f 6420 6324 6317
f 6317 6316 6420
f 115 6420 6426
f 6426 6425 115
f 6420 6425 6426
f 6089 6090 5974
f 5974 6088 6089
f 6089 6088 6090
f 5982 5983 5862
f 5860 5981 5982
f 6826 6827 6742
f 6826 6825 6827
f 6742 6741 6826
f 6741 6825 6826
f 5722 5580 5579
f 5723 5580 5722
f 5724 5580 5723
f 5724 5857 5858
f 5723 5857 5724
f 5436 5286 5435
f 5579 5436 5435
f 5435 5286 5434
f 5288 5126 5285
f 5288 5286 5126
f 5285 5284 5288
f 5288 5284 5434
f 5434 5286 5288
f 6522 6523 6415
f 6208 6207 6313
f 6313 6207 6312
f 6312 6418 6313
f 6313 6418 6419
f 6417 6418 6312
f 6417 6406 6512
f 6740 6825 6741
f 6309 6204 6203
f 6203 6204 6078
f 6310 6318 6309
f 6421 6529 6422
f 6523 6529 6421
f 6322 6316 6315
f 6315 6316 6210
f 4912 5081 4913
f 4912 4901 5069
f 4912 5070 4901
f 4911 5070 4912
f 5240 5088 5082
f 5240 5245 5088
f 5240 5238 5391
f 5079 5238 5239
f 5082 5081 5239
f 5239 5240 5082
f 5238 5240 5239
f 5080 4912 5069
f 5081 4912 5080
f 5079 5239 5080
f 5080 5239 5081
f 4907 5078 4908
f 4908 5080 5069
f 4908 5078 5079
f 5079 5080 4908
f 4904 4733 4732
f 4732 4733 4568
f 4732 4731 4904
f 4568 4731 4732
f 4907 4908 4734
f 4734 4906 4907
f 4733 4906 4734
f 4734 4900 4735
f 4735 4568 4734
f 4568 4733 4734
f 5074 5230 5231
f 5231 5230 5386
f 5386 5232 5231
f 5234 5235 5078
f 5076 5232 5233
f 5233 5234 5076
f 5235 5234 5233
f 5535 5390 5389
f 5390 5235 5389
f 5389 5534 5535
f 5806 5807 5672
f 5672 5671 5806
f 5672 5808 5809
f 5807 5808 5672
f 5809 5810 5672
f 5672 5810 5673
f 5672 5673 5533
f 5533 5671 5672
f 6560 6559 6671
f 6671 6672 6560
f 6558 6670 6671
f 6671 6559 6558
f 6670 6784 6671
f 6671 6784 6786
f 6786 6672 6671
f 6456 6354 6458
f 6458 6563 6564
f 6564 6562 6458
f 6562 6456 6458
f 6457 6454 6560
f 6354 6454 6457
f 6457 6458 6354
f 6457 6560 6563
f 6563 6458 6457
f 5464 5319 5463
f 5319 5346 5463
f 5463 5346 5493
f 5463 5493 5605
f 5605 5606 5463
f 5463 5606 5464
f 5492 5346 5344
f 5633 5493 5492
f 5493 5346 5492
f 5002 5030 5158
f 5158 5159 5002
f 5030 5159 5158
f 5786 5918 5787
f 5786 5917 5918
f 5787 5652 5786
f 5652 5651 5786
f 5786 5651 5782
f 5788 5654 5789
f 5654 5653 5789
f 5652 5788 5789
f 5789 5653 5652
f 6020 5897 6019
f 6020 6021 5897
f 6019 6134 6020
f 6139 6022 6137
f 6022 6021 6137
f 6137 6138 6139
f 6137 6021 6138
f 6356 6358 6249
f 6249 6247 6356
f 6371 6364 6470
f 6470 6469 6371
f 6364 6469 6470
f 6150 6037 6139
f 6038 6037 6150
f 6150 6139 6253
f 6253 6151 6150
f 6151 6038 6150
f 6455 6459 6355
f 6353 6456 6455
f 6455 6352 6353
f 6355 6352 6455
f 6565 6459 6561
f 6561 6455 6456
f 6459 6455 6561
f 6561 6456 6562
f 6562 6674 6561
f 6681 6679 6678
f 6568 6567 6678
f 6678 6679 6568
f 6460 6358 6356
f 6356 6357 6460
f 6566 6462 6460
f 6462 6358 6460
f 6461 6567 6566
f 6566 6460 6461
f 6461 6460 6357
f 6461 6357 6459
f 6461 6459 6565
f 6565 6567 6461
f 6580 6576 6575
f 6581 6476 6580
f 6580 6476 6576
f 6580 6575 6689
f 6689 6691 6580
f 6691 6801 6800
f 6800 6801 6804
f 6468 6362 6467
f 6467 6574 6468
f 6575 6574 6572
f 6572 6688 6575
f 6572 6464 6571
f 6571 6688 6572
f 6855 6801 6854
f 6855 6869 6870
f 6855 6854 6869
f 6870 6871 6855
f 6804 6801 6855
f 6152 6153 6039
f 6264 6265 6152
f 6265 6153 6152
f 6039 6038 6152
f 6152 6038 6151
f 6151 6263 6152
f 6152 6263 6264
f 6479 6373 6371
f 6371 6478 6479
f 6479 6481 6374
f 6374 6373 6479
f 6480 6269 6376
f 6480 6376 6372
f 6372 6374 6480
f 6374 6481 6480
f 6584 6478 6582
f 6481 6479 6584
f 6584 6479 6478
f 5930 6048 5931
f 5930 5928 6048
f 5801 5667 5666
f 5666 5800 5801
f 5929 5928 5801
f 5928 5930 5801
f 5927 5798 5926
f 5926 6047 5927
f 6047 5928 5927
f 5927 5663 5798
f 6013 6014 6130
f 6130 6129 6013
f 6130 6131 6244
f 6014 6131 6130
f 6243 6246 6132
f 6243 6352 6246
f 6132 6129 6243
f 6129 6130 6243
f 6244 6352 6243
f 6243 6130 6244
f 5893 6016 6017
f 6017 6016 6018
f 6013 6129 6015
f 6015 6129 6016
f 6015 6012 6013
f 6015 6016 5893
f 5646 5647 5506
f 5506 5505 5646
f 5506 5647 5507
f 5359 5505 5506
f 5360 5503 5357
f 5507 5503 5360
f 5360 5506 5507
f 5359 5506 5360
f 5357 5207 5206
f 5206 5360 5357
f 5359 5360 5206
f 5204 5047 5046
f 5502 5355 5501
f 5478 5331 5333
f 5501 5355 5478
f 5333 5479 5478
f 5328 5472 5473
f 5473 5474 5328
f 5473 5472 5616
f 5516 5369 5515
f 5515 5656 5516
f 5656 5517 5516
f 5216 5217 5056
f 5056 5215 5216
f 5372 5373 5219
f 5373 5220 5219
f 5056 5217 5057
f 5057 4886 5056
f 5224 5066 5064
f 5224 5225 5066
f 5064 5223 5224
f 5223 5225 5224
f 5377 5225 5376
f 5376 5225 5223
f 5376 5375 5377
f 5376 5223 5375
f 5791 5919 5921
f 5921 5919 6042
f 5921 5922 5791
f 5921 6042 6043
f 6043 5922 5921
f 5926 5798 5797
f 5798 5661 5797
f 5797 5925 5926
f 5797 5796 5925
f 5797 5661 5660
f 5660 5796 5797
f 6270 6159 6269
f 4706 4705 4545
f 4545 4704 4706
f 4706 4704 4878
f 4706 4878 4879
f 4879 4705 4706
f 4387 4546 4388
f 4386 4546 4387
f 4388 4220 4387
f 4387 4220 4386
f 4547 4546 4548
f 4388 4546 4547
f 4548 4389 4547
f 4547 4389 4388
f 4881 4708 4880
f 4879 5051 4880
f 4880 4707 4879
f 4880 4708 4707
f 4391 4390 4549
f 4549 4392 4391
f 4221 4220 4388
f 4388 4389 4221
f 4389 4222 4221
f 4053 4220 4221
f 4221 4222 4053
f 4056 3861 4055
f 3861 4054 4055
f 3480 3481 3274
f 3055 3273 3274
f 3479 3480 3274
f 3274 3273 3479
f 3861 3862 3672
f 3862 3673 3672
f 3667 3858 3669
f 3857 3858 3667
f 3665 3468 3467
f 3041 2829 3040
f 3041 3042 2829
f 4059 4229 4062
f 4062 4229 4063
f 4062 3868 4059
f 4063 3868 4062
f 4059 4227 4228
f 4228 4229 4059
f 4395 4229 4228
f 4394 4395 4228
f 4228 4227 4394
f 4396 4229 4395
f 4396 4395 4554
f 4064 4063 4232
f 4232 4233 4064
f 4399 4233 4232
f 4060 4061 3867
f 4061 3871 3867
f 3679 3869 3867
f 3867 3869 4060
f 3872 4061 4065
f 3872 3871 4061
f 4065 3873 3872
f 3873 3684 3872
f 3877 3688 3876
f 3876 3688 3875
f 3876 4067 3877
f 3876 3875 4067
f 4236 4237 4066
f 4238 4237 4236
f 4066 4235 4236
f 4236 4235 4397
f 4397 4402 4236
f 4236 4402 4238
f 3683 3684 3485
f 3683 3867 3871
f 3871 3872 3683
f 3683 3872 3684
f 3272 3276 3059
f 3055 3274 3275
f 3275 3274 3481
f 3275 3272 3055
f 3276 3272 3275
f 2627 2626 2845
f 2845 2846 2627
f 2624 2623 2840
f 2409 2407 2628
f 4034 4204 4035
f 3842 4034 4035
f 4035 4015 3842
f 4182 4015 4035
f 4203 4033 4032
f 4032 4202 4203
f 4032 4033 3841
f 4032 3841 4031
f 4031 4202 4032
f 4833 4832 5001
f 4833 5001 5002
f 5002 4834 4833
f 4527 4688 4689
f 4690 4528 4689
f 4689 4528 4527
f 4688 4687 4859
f 4859 4687 4686
f 4859 5029 5030
f 4859 5028 5029
f 4369 4370 4205
f 4205 4370 4349
f 4205 4204 4369
f 4205 4035 4204
f 5619 5618 5759
f 5759 5618 5758
f 5759 5760 5619
f 5893 5760 5759
f 5758 5618 5617
f 5475 5474 5617
f 5617 5618 5475
f 5317 5174 5173
f 5172 5332 5173
f 5173 5012 5172
f 5173 5174 5012
f 5462 5332 5355
f 5008 5007 5168
f 5008 4842 5007
f 5168 5009 5008
f 5009 4842 5008
f 4675 4674 4841
f 4841 4842 4675
f 4510 4674 4675
f 4675 4676 4510
f 4675 4842 4676
f 4185 4186 4011
f 4185 4351 4186
f 4011 4184 4185
f 4184 4351 4185
f 4052 4219 4220
f 4052 4220 4053
f 4053 3858 4052
f 4052 3858 3857
f 4017 4016 4046
f 4046 3854 4017
f 4046 4016 4188
f 4050 3857 3856
f 4050 3856 3855
f 4050 4049 4218
f 3855 3854 4050
f 3854 4049 4050
f 4048 4049 3854
f 3827 3828 3632
f 3827 3824 4014
f 4014 3828 3827
f 3255 3462 3252
f 3252 3037 3255
f 3829 3662 3634
f 3634 3662 3463
f 4884 4885 4712
f 4884 4712 4711
f 4883 4882 5054
f 4883 4884 4711
f 5055 4884 4883
f 4883 5054 5055
f 4710 4549 4709
f 4711 4549 4710
f 4710 4883 4711
f 4882 4883 4710
f 4873 4700 4831
f 4831 4998 4873
f 4873 4998 5044
f 5044 5045 4873
f 4384 4383 4219
f 4701 4700 4874
f 4874 5045 4875
f 4700 4873 4874
f 4874 4873 5045
f 4874 4702 4701
f 4874 4875 4702
f 5157 5174 5317
f 5156 5174 5157
f 5157 4998 5156
f 5044 4998 5157
f 4876 5047 4877
f 5046 5047 4876
f 4876 4875 5046
f 4877 4704 4703
f 4704 4544 4703
f 4703 4876 4877
f 4703 4544 4702
f 4702 4875 4703
f 4875 4876 4703
f 1570 1409 1569
f 1570 1411 1409
f 1569 1571 1570
f 1571 1411 1570
f 2009 1864 1863
f 1864 1732 1863
f 1863 1862 2009
f 1728 1862 1863
f 1268 1272 1422
f 1422 1579 1428
f 1582 1734 1584
f 1425 1581 1582
f 1582 1581 1734
f 842 847 844
f 972 847 842
f 1121 1117 975
f 975 847 972
f 976 847 975
f 975 1117 973
f 973 976 975
f 1580 1424 1578
f 1578 1424 1420
f 1259 1415 1416
f 1416 1417 1259
f 1415 1417 1416
f 1420 1417 1577
f 1580 1578 1577
f 1577 1578 1420
f 1577 1417 1415
f 1415 1576 1577
f 1111 1112 968
f 968 1110 1111
f 1111 1110 1262
f 1418 1260 1259
f 1259 1417 1418
f 1418 1417 1260
f 1729 1576 1728
f 1728 1863 1729
f 1729 1863 1732
f 1729 1732 1730
f 1730 1576 1729
f 1413 1574 1575
f 1575 1574 1415
f 1575 1414 1413
f 1415 1414 1575
f 851 731 729
f 851 852 731
f 729 850 851
f 731 852 732
f 733 620 732
f 732 620 731
f 733 732 853
f 853 732 852
f 1125 1274 1275
f 1125 1273 1274
f 1275 1126 1125
f 2575 2375 2374
f 2996 2794 2995
f 2996 2997 2794
f 2798 2580 2579
f 2799 2580 2798
f 2798 3000 2799
f 3622 3618 3623
f 3622 3418 3618
f 3419 3418 3622
f 3623 3421 3420
f 3420 3622 3623
f 3419 3622 3420
f 3422 3423 3216
f 3625 3423 3422
f 3422 3624 3625
f 3623 3624 3422
f 3422 3421 3623
f 3425 3241 3219
f 3241 3218 3219
f 3219 3217 3425
f 3210 3418 3419
f 2989 3211 3210
f 3211 3418 3210
f 2994 2993 3209
f 2793 2994 2995
f 2793 2993 2994
f 2995 2794 2793
f 2794 2573 2793
f 2793 2573 2792
f 2792 2993 2793
f 2000 1861 2001
f 2001 1851 2000
f 1861 1851 2001
f 1856 1861 1857
f 1856 1726 1861
f 1860 1851 1861
f 1861 1726 1860
f 1724 1857 1725
f 1725 1572 1724
f 1572 1726 1724
f 1724 1856 1857
f 1726 1856 1724
f 1718 1851 1852
f 1852 1726 1718
f 1851 1860 1852
f 1852 1860 1726
f 1733 1732 1865
f 1865 1866 1733
f 2015 1866 1865
f 1865 1864 2015
f 1865 1732 1864
f 2829 3042 3043
f 3043 2830 2829
f 3043 3042 3261
f 3261 3044 3043
f 3044 2830 3043
f 2626 2404 2625
f 2625 2404 2403
f 2403 2624 2625
f 2038 2212 2039
f 2038 2039 1879
f 2210 2209 2400
f 2400 2209 2399
f 2403 2212 2402
f 2622 2623 2402
f 3269 3270 3052
f 2840 2839 3052
f 3052 3050 3269
f 3052 2839 3050
f 3271 3273 3055
f 2841 2624 2840
f 2840 3052 2841
f 3477 3478 3273
f 3273 3271 3477
f 3477 3271 3270
f 3269 3050 3268
f 3268 3050 3267
f 3478 3477 3268
f 4058 3865 3864
f 2622 2620 2836
f 2836 2837 2622
f 829 956 957
f 956 1099 957
f 957 1099 1100
f 1107 1100 1255
f 1255 1258 1107
f 1259 1260 1107
f 1107 1258 1259
f 710 708 827
f 827 831 710
f 952 831 827
f 506 504 601
f 504 600 601
f 601 602 506
f 601 600 602
f 952 827 826
f 826 706 825
f 826 827 708
f 825 950 826
f 826 950 952
f 925 797 924
f 1056 949 925
f 925 924 1056
f 798 706 682
f 798 679 797
f 682 679 798
f 1242 1392 1243
f 1393 1392 1242
f 1242 1357 1393
f 1241 1357 1242
f 1243 1090 1242
f 1242 1090 1241
f 503 502 575
f 503 419 418
f 503 575 479
f 479 419 503
f 349 348 416
f 296 295 349
f 295 348 349
f 349 420 396
f 418 419 349
f 349 419 420
f 349 337 296
f 349 396 337
f 595 499 594
f 680 595 594
f 594 702 680
f 927 819 945
f 945 819 820
f 596 701 705
f 705 704 596
f 705 701 817
f 820 704 705
f 833 960 962
f 958 959 829
f 1102 959 958
f 829 957 958
f 958 957 1102
f 513 428 512
f 428 427 512
f 612 513 611
f 611 610 612
f 513 610 611
f 719 718 612
f 612 610 719
f 719 610 718
f 721 720 844
f 612 720 721
f 1109 967 965
f 981 854 856
f 1127 985 1126
f 1127 1126 1129
f 1129 1128 1127
f 1127 1128 988
f 854 981 857
f 857 981 985
f 988 860 859
f 614 612 724
f 612 723 724
f 724 723 846
f 849 850 726
f 622 623 522
f 621 620 733
f 522 620 621
f 621 622 522
f 729 731 727
f 849 726 845
f 845 726 846
f 529 538 448
f 448 447 529
f 372 371 446
f 446 371 445
f 446 378 372
f 446 455 378
f 445 455 446
f 370 371 311
f 372 312 311
f 311 371 372
f 312 258 311
f 311 258 261
f 311 315 368
f 311 261 315
f 260 261 214
f 315 261 260
f 214 259 260
f 441 451 530
f 540 450 539
f 540 647 541
f 540 539 647
f 541 451 540
f 451 450 540
f 224 270 225
f 313 312 266
f 313 258 312
f 266 255 310
f 255 258 310
f 310 313 266
f 258 313 310
f 322 380 323
f 323 324 268
f 221 220 268
f 220 267 268
f 268 322 323
f 267 322 268
f 546 547 458
f 458 457 546
f 654 547 546
f 546 457 456
f 456 545 546
f 546 653 654
f 546 545 653
f 321 267 266
f 266 320 321
f 320 379 321
f 321 379 380
f 380 322 321
f 321 322 267
f 535 639 642
f 642 639 756
f 642 643 535
f 756 643 642
f 757 643 756
f 757 879 880
f 756 879 757
f 190 169 163
f 191 190 163
f 163 147 142
f 163 169 147
f 163 168 191
f 163 142 144
f 144 168 163
f 359 302 358
f 358 429 359
f 136 135 153
f 153 176 155
f 155 136 153
f 177 176 153
f 153 135 154
f 153 154 177
f 124 135 125
f 125 135 136
f 121 124 125
f 125 126 121
f 125 137 126
f 125 136 137
f 214 213 256
f 256 259 214
f 215 213 177
f 177 179 215
f 264 316 317
f 314 259 262
f 315 260 314
f 314 260 259
f 376 319 318
f 376 377 453
f 318 377 376
f 364 437 365
f 365 308 364
f 365 438 366
f 437 438 365
f 365 366 309
f 309 308 365
f 628 629 527
f 740 629 628
f 628 743 740
f 628 742 743
f 741 742 628
f 628 739 741
f 526 527 439
f 439 438 526
f 526 438 525
f 172 208 209
f 208 250 209
f 173 172 209
f 209 210 173
f 251 250 304
f 304 305 251
f 251 305 252
f 251 209 250
f 252 210 251
f 210 209 251
f 297 351 298
f 245 297 298
f 298 247 245
f 299 247 298
f 298 351 299
f 228 278 229
f 187 186 229
f 229 186 228
f 229 188 187
f 229 230 188
f 229 278 279
f 279 230 229
f 279 278 334
f 406 486 487
f 580 579 683
f 486 579 580
f 580 487 486
f 581 487 580
f 287 289 292
f 290 287 292
f 292 293 240
f 240 290 292
f 342 289 288
f 288 341 342
f 288 289 236
f 236 285 288
f 285 341 288
f 161 141 140
f 140 160 161
f 187 188 161
f 161 160 187
f 294 291 344
f 347 294 344
f 344 409 347
f 1592 1434 1591
f 1592 1435 1434
f 1436 1435 1592
f 1591 1597 1592
f 1592 1597 1436
f 2249 2061 2251
f 2251 2444 2249
f 2444 2252 2249
f 2065 2252 2063
f 2065 2063 1895
f 1895 2062 2065
f 2062 2061 2065
f 1746 1744 1591
f 1892 1744 1746
f 1591 1594 1746
f 1594 1743 1746
f 1746 1742 1892
f 1743 1742 1746
f 2059 2060 1891
f 1891 1890 2059
f 2059 1890 2058
f 2058 2247 2059
f 2061 2060 2248
f 2248 2247 2251
f 2251 2061 2248
f 2248 2059 2247
f 2060 2059 2248
f 1323 1471 1473
f 1473 1432 1323
f 1433 1432 1473
f 1434 1433 1473
f 1473 1593 1434
f 1473 1471 1593
f 1323 1176 1321
f 1321 1471 1323
f 1176 1174 1321
f 1322 1471 1321
f 1321 1174 1322
f 651 543 544
f 763 647 651
f 647 543 651
f 744 865 767
f 744 630 740
f 740 743 744
f 743 865 744
f 744 650 630
f 767 650 744
f 652 767 768
f 652 650 767
f 652 768 763
f 544 650 652
f 763 651 652
f 652 651 544
f 1028 996 893
f 996 894 893
f 894 766 893
f 647 764 765
f 648 766 649
f 541 647 648
f 648 649 541
f 647 765 648
f 648 765 766
f 1284 1140 1139
f 1140 998 1139
f 1171 1284 1139
f 1139 1138 1171
f 998 1138 1139
f 896 1029 1026
f 1026 890 896
f 895 1029 896
f 896 768 895
f 896 890 768
f 1027 890 1026
f 1027 1176 1171
f 1027 1175 1176
f 1026 1173 1027
f 1173 1174 1027
f 1027 1174 1175
f 736 625 624
f 624 625 524
f 524 523 624
f 624 523 623
f 737 625 736
f 738 625 737
f 860 738 737
f 737 859 860
f 992 991 1132
f 863 991 992
f 992 993 863
f 1134 993 1133
f 1132 1280 1133
f 1133 992 1132
f 993 992 1133
f 1133 1280 1281
f 1281 1134 1133
f 1173 1172 1283
f 1283 1174 1173
f 1283 1172 1135
f 1322 1174 1283
f 1283 1282 1322
f 1135 1282 1283
f 5933 5804 5803
f 5933 5934 5804
f 6052 5934 5933
f 5803 5932 5933
f 5932 6050 5933
f 6614 6613 6509
f 6606 6605 6500
f 6806 6858 6859
f 6859 6807 6806
f 6860 6807 6859
f 6805 6697 6804
f 6857 6858 6805
f 6805 6858 6806
f 6879 6880 6860
f 6877 6857 89
f 89 6880 6877
f 6881 6863 6862
f 6860 6880 6862
f 6862 6880 6881
f 6274 6384 6385
f 6384 6274 6381
f 6698 6805 6806
f 6697 6805 6698
f 6698 6699 6591
f 6806 6700 6698
f 6700 6699 6698
f 6162 6048 6161
f 6163 6048 6162
f 6382 6381 6383
f 6709 6809 6710
f 6709 6599 6702
f 6702 119 6709
f 6709 119 6809
f 6709 6710 6601
f 6601 6599 6709
f 6851 6795 6835
f 6832 6867 6835
f 6835 6867 6868
f 6868 6851 6835
f 6795 6796 6686
f 6752 6795 6686
f 6570 6685 6686
f 6685 6752 6686
f 6788 6674 6676
f 6788 6791 6789
f 6676 6791 6788
f 6833 6755 6794
f 6794 6683 6793
f 6794 6755 6754
f 6754 6683 6794
f 6850 6833 6794
f 6794 6793 6850
f 6789 6793 6682
f 6793 6683 6682
f 6570 6681 6682
f 6682 6683 6570
f 6680 6681 6570
f 6570 6679 6680
f 6680 6679 6681
f 65 64 63
f 37 62 63
f 62 65 63
f 63 38 37
f 63 64 38
f 6783 6785 6669
f 6669 6668 6783
f 6668 6782 6783
f 6843 6785 6783
f 6783 6782 6843
f 6652 6766 6767
f 6766 6782 6767
f 6767 6782 6779
f 6767 6768 6652
f 6767 6779 6768
f 6780 6781 6667
f 6780 6782 6781
f 6779 6782 6780
f 6664 6775 6665
f 6665 6775 6747
f 6118 6002 6117
f 2978 2972 3194
f 2978 3203 3204
f 2775 2774 2766
f 2766 2972 2775
f 2972 2978 2775
f 2547 2774 2775
f 2775 2771 2547
f 3200 3409 3410
f 3410 3411 3200
f 3410 3409 3613
f 3613 3411 3410
f 3616 3811 3812
f 3615 3811 3616
f 3616 3411 3615
f 3202 3201 3414
f 3414 3211 3202
f 3208 2985 3202
f 3202 3211 3208
f 4491 4650 4489
f 4489 4330 4491
f 4489 4650 4501
f 4501 4488 4489
f 4489 4488 4329
f 4329 4330 4489
f 4329 4177 4164
f 4164 4163 4329
f 4164 4001 4000
f 4164 4177 4001
f 3985 4163 4164
f 4164 3986 3985
f 4000 3986 4164
f 3597 3792 3793
f 3793 3792 3965
f 3793 3965 3781
f 3781 3780 3793
f 3793 3780 3597
f 2130 1960 2129
f 2129 2315 2130
f 1960 2128 2129
f 2128 2315 2129
f 1960 2131 2123
f 2131 1972 2123
f 2123 1972 1953
f 1953 1961 2123
f 2123 1961 1960
f 3784 3794 3598
f 3598 3589 3784
f 3589 3588 3784
f 3590 3589 3598
f 3590 3385 3589
f 3589 3385 3384
f 3587 3588 3384
f 3384 3588 3589
f 3384 3383 3587
f 3177 3383 3384
f 3384 3385 3177
f 2755 2959 2961
f 3186 2962 2961
f 2961 2756 2755
f 2961 2962 2756
f 3598 3794 3599
f 3795 3978 3797
f 3794 3978 3795
f 3187 3188 2963
f 2963 2962 3187
f 3187 2962 3186
f 3186 3397 3187
f 3981 3983 3980
f 3806 3801 3612
f 3612 3611 3806
f 3408 3611 3612
f 3612 3801 3606
f 3606 3408 3612
f 3804 3610 3803
f 3803 3987 3804
f 3803 3983 3987
f 2980 3205 3206
f 3206 3191 2980
f 3206 3205 3399
f 3206 3400 3191
f 3206 3399 3417
f 3417 3400 3206
f 4444 4443 4299
f 4299 4461 4444
f 4286 4285 4444
f 4285 4443 4444
f 4288 4115 4114
f 4114 4113 4286
f 4286 4287 4114
f 4287 4288 4114
f 4120 3934 4119
f 4120 4127 3942
f 3942 3934 4120
f 4119 4292 4120
f 4292 4293 4120
f 3350 3147 3352
f 3352 3134 3350
f 3350 3134 3132
f 3352 3147 3357
f 3357 3147 3145
f 2923 2922 3145
f 2713 2922 2923
f 2712 2713 2923
f 2923 2912 2712
f 2687 2688 2457
f 2903 2688 2687
f 2687 2695 2903
f 2910 3132 3131
f 3132 3134 3131
f 2911 2910 3131
f 3131 3134 2911
f 3556 3555 3746
f 3935 3751 3746
f 3746 3747 3935
f 3746 3555 3747
f 3746 3557 3556
f 3746 3751 3557
f 4436 4604 4437
f 4438 4277 4437
f 4437 4277 4436
f 4437 4604 4605
f 4437 4605 4606
f 4437 4606 4438
f 4956 4955 5117
f 5117 5118 4956
f 5117 5278 5118
f 5116 5278 5117
f 5117 4955 5116
f 4778 4955 4956
f 4956 4779 4778
f 4778 4613 4777
f 4778 4779 4613
f 4775 4624 4789
f 4775 4612 4611
f 4775 4776 4612
f 4789 4776 4775
f 4458 4624 4460
f 4298 4458 4460
f 4460 4461 4298
f 5437 5577 5438
f 5438 5291 5437
f 5437 5291 5290
f 5437 5290 5433
f 5433 5577 5437
f 5725 5713 5581
f 5581 5580 5725
f 5725 5724 5858
f 5580 5724 5725
f 6309 6318 6215
f 6215 6213 6309
f 6095 5978 6094
f 6094 5979 6095
f 6096 5979 6094
f 5858 5848 5847
f 5714 5713 5847
f 5847 5725 5858
f 5713 5725 5847
f 5850 5859 5851
f 5850 5974 5975
f 5975 5859 5850
f 5974 5973 6085
f 6087 6086 6099
f 6210 6088 6087
f 6087 6088 5974
f 5974 6086 6087
f 6099 5979 6087
f 5856 5979 5980
f 5980 5857 5856
f 5973 5857 5980
f 6098 6087 5979
f 5712 5711 5719
f 5972 5968 6080
f 5845 5968 5972
f 6080 6092 5977
f 5977 5978 5856
f 6092 5978 5977
f 6422 6529 6530
f 6530 6423 6422
f 6530 6531 6423
f 6422 6423 6321
f 6322 6217 6321
f 6532 6425 6424
f 6424 6423 6532
f 6424 6321 6423
f 6424 6425 6322
f 6322 6321 6424
f 5862 5730 5861
f 5861 5982 5862
f 5860 5982 5861
f 5729 5860 5861
f 5861 5730 5729
f 2471 2272 2469
f 2469 2705 2471
f 2471 2472 2272
f 2707 2472 2471
f 2471 2706 2707
f 2471 2705 2706
f 3366 3157 3156
f 3369 3157 3368
f 3369 3368 3574
f 3574 3370 3369
f 3370 3160 3369
f 3576 3767 3577
f 3575 3767 3576
f 3577 3371 3576
f 3576 3371 3575
f 1197 1045 1196
f 1045 1195 1196
f 1342 1195 1194
f 1193 1340 1194
f 1340 1341 1194
f 1194 1341 1342
f 1191 1045 1197
f 789 788 914
f 1495 1346 94
f 472 471 564
f 564 473 472
f 389 471 472
f 472 390 389
f 472 473 390
f 565 473 564
f 274 275 227
f 227 228 185
f 389 390 330
f 275 328 330
f 159 139 158
f 158 186 159
f 140 139 159
f 159 160 140
f 187 160 159
f 159 186 187
f 558 553 552
f 552 659 558
f 553 464 552
f 551 659 552
f 552 464 551
f 466 385 465
f 385 464 465
f 465 553 466
f 465 464 553
f 466 554 555
f 555 556 466
f 554 556 555
f 466 556 557
f 557 556 663
f 557 663 560
f 560 559 557
f 661 554 660
f 1033 1034 901
f 662 556 554
f 554 661 662
f 664 556 662
f 326 386 387
f 560 665 561
f 561 470 560
f 471 470 561
f 1019 883 1018
f 1018 1164 1019
f 883 1016 1018
f 1018 1016 1164
f 1178 1324 1326
f 1326 1179 1178
f 1181 1034 1033
f 1033 1179 1181
f 1181 1182 1034
f 1329 1182 1181
f 773 660 666
f 666 782 773
f 773 899 898
f 782 899 773
f 1190 1192 1042
f 1337 1192 1190
f 1311 1457 1458
f 1458 1312 1311
f 1313 1312 1458
f 1775 1622 1774
f 1623 1622 1775
f 1461 1622 1623
f 2105 1935 2108
f 2101 2108 1935
f 1937 1936 1934
f 1934 2107 1937
f 1933 1935 2105
f 1933 1793 1935
f 1933 1934 1793
f 2105 2106 1933
f 2106 2107 1933
f 2107 1934 1933
f 1616 1769 1770
f 1770 1917 1771
f 1770 1769 1916
f 1916 1917 1770
f 1771 1618 1770
f 2090 1918 2091
f 2091 1917 2090
f 1918 1917 2091
f 2089 2103 2090
f 2090 1917 2089
f 1632 1475 1478
f 1478 1477 1634
f 1635 1776 1634
f 1634 1477 1635
f 1325 1314 1462
f 1462 1314 1461
f 1462 1324 1325
f 1462 1474 1324
f 2102 1929 1928
f 1928 2101 2102
f 2102 2101 1935
f 1796 1792 1932
f 1932 1792 1929
f 1932 1793 1796
f 1935 1793 1932
f 1932 2102 1935
f 1929 2102 1932
f 1637 1786 1632
f 1637 1792 1786
f 1789 1792 1637
f 1632 1478 1637
f 1918 1930 1919
f 1775 1774 1919
f 1919 1774 1918
f 1919 1776 1775
f 1791 1919 1930
f 1916 1915 2085
f 2085 1915 1914
f 2085 1914 2084
f 2084 2274 2085
f 2085 2086 1916
f 2085 2274 2086
f 1160 1159 1306
f 1157 1308 1305
f 1308 1454 1305
f 1305 1306 1157
f 1454 1306 1305
f 1311 1160 1310
f 1310 1454 1311
f 1612 1451 1450
f 1450 1451 1301
f 1610 1766 1611
f 1611 1766 1613
f 1613 1450 1611
f 1611 1449 1610
f 1913 1765 1916
f 1913 1766 1765
f 1767 1768 1616
f 1916 1768 1767
f 1767 1913 1916
f 1613 1766 1767
f 1766 1913 1767
f 1943 1941 2116
f 2116 1944 1943
f 1941 2115 2116
f 2117 1944 2116
f 2116 2115 2117
f 1801 1646 1645
f 1801 1800 1943
f 1801 1645 1644
f 1644 1800 1801
f 1647 1646 1803
f 1803 1945 1804
f 1804 1648 1803
f 1648 1647 1803
f 2507 2510 2508
f 2508 2302 2507
f 1797 1936 1937
f 1937 1938 1797
f 1640 1795 1797
f 1797 1795 1936
f 2714 2483 2482
f 2482 2483 2284
f 2482 2492 2714
f 2482 2484 2492
f 2284 2283 2482
f 2482 2285 2484
f 2482 2283 2285
f 2284 2483 2286
f 2286 2483 2287
f 2494 2493 2489
f 2287 2488 2489
f 2489 2488 2494
f 2489 2291 2287
f 2489 2493 2291
f 2300 2112 2299
f 2299 2499 2500
f 2300 2302 2301
f 2301 2112 2300
f 2302 2112 2301
f 2295 2294 2293
f 2293 2496 2295
f 2295 2109 2294
f 2498 2499 2295
f 2496 2497 2295
f 2497 2498 2295
f 2135 1967 1966
f 2137 1967 2135
f 1819 1959 1816
f 1816 1954 1817
f 1816 1959 1960
f 1817 1674 1816
f 1674 1819 1816
f 1960 1961 1816
f 1961 1954 1816
f 1515 1362 1365
f 1365 1520 1515
f 1365 1215 1364
f 1365 1362 1215
f 1364 1516 1365
f 1516 1520 1365
f 1539 1520 1669
f 1669 1685 1539
f 1539 1685 1537
f 1515 1520 1539
f 1537 1385 1539
f 1385 1515 1539
f 1827 1810 1829
f 1827 1693 1810
f 1499 94 1657
f 1499 1497 94
f 1201 1200 1350
f 1201 1350 1202
f 1202 1051 1201
f 1658 1665 1659
f 1659 1656 1658
f 94 1665 1658
f 1657 94 1658
f 1501 1351 1350
f 1376 1229 1372
f 1229 1223 1372
f 695 691 809
f 809 592 695
f 692 691 695
f 695 586 692
f 695 592 586
f 1203 1052 1202
f 1202 1352 1203
f 1659 1512 1502
f 1502 1656 1659
f 1502 1501 1656
f 1502 1352 1351
f 1351 1501 1502
f 477 571 572
f 394 476 477
f 919 794 793
f 793 918 919
f 921 794 920
f 920 919 1052
f 794 919 920
f 941 942 814
f 814 813 941
f 1369 1221 1368
f 3164 3163 3165
f 2940 2728 2939
f 2730 2729 2940
f 2729 2728 2940
f 3163 3160 3372
f 3372 3160 3371
f 3371 3580 3372
f 3372 3373 3163
f 3372 3580 3373
f 3159 2939 2936
f 3159 3160 2939
f 3159 3369 3160
f 2936 3157 3159
f 3157 3369 3159
f 2726 2936 2938
f 2938 2728 2726
f 2936 2939 2938
f 2939 2728 2938
f 2726 2497 2725
f 2725 2937 2726
f 2497 2724 2725
f 2724 2937 2725
f 2724 2722 2723
f 2723 2722 2495
f 2719 2932 2723
f 2935 2724 2723
f 2723 2934 2935
f 2495 2720 2723
f 2723 2720 2719
f 2505 2300 2504
f 2504 2503 2505
f 2300 2503 2504
f 2118 1946 1945
f 1947 1946 2118
f 2119 1947 2118
f 2117 2119 2118
f 2118 1945 2117
f 1651 1489 1488
f 1652 1489 1651
f 1488 1650 1651
f 1650 1652 1651
f 1339 1489 1340
f 1488 1489 1339
f 1339 1340 1193
f 1193 1338 1339
f 1339 1338 1488
f 5456 5457 5313
f 5313 5312 5456
f 5313 5152 5312
f 5313 5309 5152
f 6102 6220 6103
f 6102 6103 5986
f 5986 5985 6102
f 6102 6108 6220
f 5732 5863 5733
f 5731 5863 5732
f 5738 5737 5868
f 5868 5863 5738
f 5596 5737 5738
f 5738 5731 5596
f 5738 5863 5731
f 5590 5444 5446
f 5446 5594 5590
f 5590 5594 5731
f 5443 5444 5590
f 6106 6107 5990
f 6106 5990 6105
f 6105 6223 6106
f 6224 6107 6106
f 6106 6223 6222
f 6222 6224 6106
f 6428 6535 6429
f 6429 6327 6428
f 6535 6430 6429
f 6224 6327 6225
f 6226 6108 6225
f 6225 6108 6224
f 6328 6326 6427
f 6224 6326 6328
f 6427 6327 6328
f 6328 6327 6224
f 5445 5443 5589
f 5589 5592 5445
f 4639 4638 4808
f 4476 4638 4639
f 4639 4477 4476
f 4808 4640 4639
f 4484 4646 4637
f 4637 4475 4484
f 4483 4646 4484
f 3975 3974 4157
f 3974 4156 4157
f 4157 4158 3975
f 4318 4158 4157
f 4473 4319 4478
f 4319 4477 4478
f 4477 4639 4478
f 4478 4636 4473
f 4478 4640 4636
f 4478 4639 4640
f 4146 3966 3965
f 4146 4145 4316
f 3965 4145 4146
f 4316 4317 4146
f 4146 4317 4148
f 4148 3966 4146
f 5348 5349 5194
f 5194 5347 5348
f 5038 5196 5197
f 5197 5198 5038
f 5038 5200 5039
f 5038 5039 5033
f 5199 5200 5038
f 5038 5198 5199
f 4864 5032 4867
f 6663 6775 6664
f 6664 6551 6663
f 6663 6748 6747
f 6747 6775 6663
f 6638 6748 6663
f 6662 6638 6663
f 6663 6551 6662
f 6367 6471 6440
f 6471 6547 6440
f 6443 6551 6552
f 6550 6551 6443
f 6117 6002 6116
f 6030 5906 5905
f 6030 5905 5904
f 6258 6146 6145
f 6145 6144 6258
f 6258 6144 6257
f 6258 6257 6367
f 6236 6121 6120
f 6236 6238 6122
f 6237 6238 6236
f 5607 5749 5750
f 5750 5751 5607
f 5750 5883 5751
f 5749 5882 5750
f 5882 5883 5750
f 6342 6237 6341
f 6342 6238 6237
f 6452 6346 6451
f 6452 6348 6346
f 6452 6451 6558
f 6453 6348 6452
f 6558 6559 6452
f 6452 6560 6453
f 6452 6559 6560
f 6449 6555 6556
f 6556 6450 6449
f 6789 6792 6849
f 6849 6792 6838
f 6849 6838 6850
f 6850 6793 6849
f 6849 6793 6789
f 6677 6673 6787
f 6787 6792 6677
f 6792 6791 6677
f 6677 6791 6676
f 6677 6676 6564
f 6564 6673 6677
f 6366 6256 6262
f 6262 6370 6366
f 6023 6034 6141
f 6143 6255 6144
f 5902 6026 5903
f 5768 5767 5902
f 5902 5767 5766
f 5903 5769 5902
f 5769 5768 5902
f 5625 5764 5765
f 5765 5626 5625
f 5766 5626 5765
f 5765 5764 5899
f 5911 6034 5912
f 5912 6034 6023
f 6023 5899 5912
f 5487 5488 5342
f 5342 5488 5489
f 5489 5343 5342
f 5342 5343 5188
f 5029 5028 5190
f 5190 5344 5345
f 5190 5028 5189
f 5190 5345 5191
f 5191 5029 5190
f 5189 5343 5190
f 5190 5343 5344
f 5490 5344 5489
f 5630 5770 5771
f 5629 5770 5630
f 5489 5629 5630
f 5630 5490 5489
f 6227 6228 6110
f 6110 6109 6227
f 5997 5996 6110
f 6110 5996 6109
f 6368 6475 6473
f 6473 6369 6368
f 6368 6474 6475
f 6368 6439 6474
f 6475 6474 6578
f 6578 6577 6475
f 6578 6579 6661
f 6578 6474 6579
f 6578 6661 6548
f 6548 6577 6578
f 6546 6540 6579
f 6579 6474 6546
f 6474 6439 6546
f 6033 6034 5911
f 5911 6032 6033
f 6033 6141 6034
f 6148 6141 6033
f 6033 6147 6149
f 6033 6032 6147
f 5027 5026 5186
f 5186 5187 5027
f 5027 5187 5188
f 5027 5188 5189
f 5189 5028 5027
f 5483 5624 5625
f 5625 5626 5483
f 5626 5484 5483
f 5623 5624 5483
f 5483 5482 5623
f 5184 5179 5018
f 5180 5179 5184
f 5184 5335 5180
f 5627 5486 5485
f 5485 5484 5627
f 5485 5486 5340
f 5779 5910 5911
f 3015 3238 3221
f 3003 3220 3221
f 3221 3220 3015
f 3446 3629 3429
f 3429 3427 3446
f 3429 3629 3630
f 3224 3427 3429
f 3630 3430 3429
f 3429 3430 3224
f 3222 3005 3003
f 3003 3221 3222
f 3824 3827 3631
f 3631 3827 3632
f 3630 3824 3631
f 3631 3430 3630
f 3631 3632 3431
f 3431 3430 3631
f 3249 3248 3457
f 3457 3248 3458
f 3457 3459 3249
f 3458 3459 3457
f 3637 3636 3639
f 3435 3636 3637
f 3228 3435 3436
f 3436 3437 3228
f 3435 3637 3436
f 3436 3637 3437
f 2825 2827 2826
f 2827 2607 2826
f 2393 2585 2606
f 2606 2607 2393
f 2606 2826 2607
f 2606 2585 2584
f 2825 2826 2606
f 2828 2829 2611
f 2828 3039 2829
f 2827 3039 2828
f 2611 2610 2828
f 2610 2827 2828
f 3002 2801 2812
f 3003 2801 3002
f 2812 3018 3002
f 3002 3018 3003
f 3003 3005 3004
f 3004 2801 3003
f 3005 2801 3004
f 3022 3023 2816
f 2816 2817 3022
f 4523 4522 4524
f 4524 4366 4523
f 4523 4366 4522
f 4365 4202 4364
f 4364 4366 4365
f 4203 4202 4365
f 4365 4366 4203
f 4020 4019 4189
f 4191 4192 4020
f 4192 4021 4020
f 4018 3852 4045
f 4045 4189 4018
f 4189 4019 4018
f 2561 2566 2783
f 2783 2566 2782
f 2367 2356 2557
f 2557 2566 2367
f 1842 1714 1713
f 1713 1712 1842
f 1561 1712 1562
f 1562 1558 1557
f 1712 1713 1562
f 1557 1403 1562
f 1562 1709 1558
f 1562 1403 1402
f 1402 1561 1562
f 1562 1713 1714
f 1715 1709 1562
f 1562 1714 1715
f 3785 3786 3593
f 3593 3786 3594
f 3594 3388 3593
f 3592 3593 3388
f 3785 3593 3592
f 3592 3779 3785
f 3592 3584 3779
f 3585 3584 3592
f 3179 3381 3387
f 3387 3388 3179
f 3405 3197 3196
f 3196 3400 3405
f 3406 3197 3405
f 3405 3605 3406
f 3405 3400 3605
f 1390 1536 1391
f 1391 1536 1382
f 1391 1238 1390
f 1391 1382 1238
f 1511 1662 1507
f 1511 1536 1663
f 1511 1663 1664
f 1664 1662 1511
f 1065 1066 933
f 1065 932 937
f 933 932 1065
f 1070 1077 1071
f 937 1070 1071
f 1071 1077 1218
f 1071 1065 937
f 1066 1065 1071
f 1071 1218 1215
f 1215 1066 1071
f 1214 1066 1215
f 1214 1362 1363
f 1215 1362 1214
f 807 806 810
f 810 932 807
f 689 806 807
f 807 932 933
f 933 934 807
f 808 691 807
f 807 691 689
f 817 809 935
f 935 809 808
f 808 807 935
f 935 807 934
f 821 705 817
f 1088 1085 948
f 948 1085 947
f 947 821 948
f 1068 934 933
f 3392 3182 3181
f 3181 3182 2957
f 2957 2958 3181
f 2957 2759 2750
f 2752 2957 2750
f 2522 2523 2751
f 2522 2750 2524
f 2321 2523 2522
f 2522 2751 2752
f 2752 2750 2522
f 2519 2745 2746
f 2746 2747 2519
f 2746 2751 2747
f 2757 2529 2528
f 2528 2756 2757
f 2528 2325 2526
f 2528 2529 2325
f 2755 2756 2528
f 2528 2526 2755
f 2530 2329 2527
f 2329 2326 2527
f 2527 2325 2530
f 2527 2326 2325
f 2352 2537 2536
f 2536 2353 2352
f 2554 2353 2536
f 2333 2335 2146
f 2333 2144 2332
f 2533 2335 2333
f 1826 1825 1970
f 1825 1969 1970
f 3144 2922 2921
f 2921 3118 3144
f 3118 3339 3144
f 3144 3339 3145
f 3145 2922 3144
f 2451 2452 2255
f 2451 2450 2454
f 2255 2450 2451
f 2454 2682 2451
f 2682 2452 2451
f 1924 1780 1921
f 1924 1921 1920
f 1920 2093 1924
f 1924 2093 2096
f 2096 2094 1924
f 1923 1924 2094
f 1780 1924 1923
f 1152 1150 1299
f 1299 1300 1152
f 1299 1447 1300
f 1167 1022 1166
f 1166 1318 1167
f 1318 1319 1167
f 1316 1443 1463
f 1463 1317 1316
f 1316 1317 1166
f 1316 1440 1443
f 1166 1293 1316
f 1293 1440 1316
f 1318 1317 1465
f 1317 1464 1465
f 2218 2219 2042
f 2042 2041 2218
f 2040 2041 1880
f 2040 1880 1879
f 1879 2039 2040
f 2040 2039 2213
f 2411 2220 2219
f 2412 2220 2411
f 1626 1778 1628
f 1626 1464 1625
f 1625 1778 1626
f 1631 1629 1782
f 1628 1781 1782
f 1782 1629 1628
f 1469 1319 1318
f 1318 1468 1469
f 1320 1319 1469
f 1781 1780 1785
f 1785 1782 1781
f 1780 1923 1785
f 1631 1782 1785
f 1925 1907 1785
f 1785 1923 1925
f 1759 1908 1909
f 1906 1908 1759
f 1759 1757 1906
f 1763 1762 1911
f 1763 1764 1610
f 1911 1912 1763
f 1912 1764 1763
f 1448 1607 1608
f 1762 1763 1608
f 2095 2097 1925
f 2279 2097 2095
f 2095 2278 2279
f 2095 2094 2278
f 1925 1923 2095
f 2095 1923 2094
f 2279 2278 2461
f 2262 2279 2461
f 2461 2278 2281
f 2281 2481 2461
f 2480 2281 2280
f 2480 2481 2281
f 2280 2479 2480
f 2480 2479 2712
f 2694 2910 2911
f 2911 2903 2694
f 2903 2695 2694
f 3948 3949 3760
f 4127 3949 3948
f 3760 3943 3948
f 3948 3943 4127
f 3942 3943 3753
f 3753 3934 3942
f 3744 3934 3753
f 3745 3744 3753
f 3753 3559 3745
f 3754 3559 3753
f 3753 3943 3754
f 3952 4133 3953
f 3952 3953 3765
f 3765 3955 3952
f 3952 3955 4134
f 4134 4133 3952
f 3761 3567 3566
f 3565 3760 3566
f 3760 3761 3566
f 3566 3567 3362
f 3566 3361 3565
f 3566 3362 3361
f 3761 3949 3762
f 3762 3567 3761
f 3763 3768 3573
f 3154 3360 3364
f 3364 3155 3154
f 4960 4792 4791
f 4959 4792 4960
f 4960 4781 4959
f 4966 4792 4959
f 4959 4958 4966
f 4780 4958 4959
f 4959 4781 4780
f 3354 3140 3139
f 3354 3139 3138
f 3561 3355 3354
f 3354 3355 3140
f 3354 3560 3561
f 3138 3353 3354
f 3353 3560 3354
f 3361 3355 3562
f 3562 3355 3561
f 3562 3755 3361
f 3562 3561 3755
f 3355 3151 3150
f 3150 3151 2929
f 2928 3142 3150
f 3150 2929 2928
f 4301 4293 4292
f 4129 4293 4301
f 3956 4132 3957
f 3957 4132 4137
f 3957 3769 3956
f 4137 4136 3957
f 3955 3769 3957
f 4134 3955 3957
f 3957 4136 4134
f 4306 4136 4137
f 4304 4136 4306
f 4782 4781 4960
f 4615 4781 4782
f 4782 4616 4615
f 4782 4783 4616
f 4448 4616 4617
f 4616 4783 4617
f 4450 4451 4291
f 4119 4118 4291
f 4291 4292 4119
f 4291 4451 4292
f 4290 4450 4291
f 4291 4118 4290
f 889 1024 1005
f 1005 874 889
f 1149 1150 1005
f 1005 1024 1149
f 999 1143 1000
f 868 999 1000
f 1000 1001 868
f 747 870 749
f 749 870 748
f 533 444 532
f 533 534 444
f 533 532 635
f 635 640 533
f 638 639 533
f 639 534 533
f 533 640 641
f 533 637 638
f 636 752 753
f 753 754 636
f 751 752 636
f 750 751 636
f 636 754 755
f 755 637 636
f 636 641 750
f 636 533 641
f 637 533 636
f 877 755 753
f 753 876 877
f 753 874 875
f 875 876 753
f 1010 877 876
f 1157 1156 1304
f 1452 1453 1304
f 1304 1307 1157
f 1304 1453 1307
f 1303 1451 1452
f 1452 1304 1303
f 1303 1304 1156
f 1290 1292 1291
f 1291 1142 1290
f 1295 1292 1290
f 1290 1142 1289
f 1289 1438 1290
f 1290 1438 1295
f 1439 1438 1289
f 1289 1437 1439
f 1437 1596 1439
f 1598 1443 1441
f 1017 883 882
f 882 1016 1017
f 1017 1016 883
f 1164 1016 1163
f 1163 1016 1162
f 1189 1164 1163
f 1163 1162 1189
f 1015 1016 882
f 882 1014 1015
f 1015 1014 1013
f 1015 1013 1161
f 1161 1016 1015
f 2894 2896 2895
f 2895 2896 2679
f 2895 2672 2894
f 2895 2679 2672
f 2893 2896 2894
f 2894 2671 2893
f 2893 2671 2892
f 2892 3109 2893
f 3109 3114 2893
f 3114 2896 2893
f 1904 1902 1754
f 1754 1902 1899
f 1899 1752 1754
f 1754 1752 1751
f 1754 1903 1904
f 1756 1903 1754
f 1754 1602 1756
f 1751 1602 1754
f 2259 2072 2071
f 2255 2072 2259
f 2259 2071 2258
f 2258 2450 2259
f 2259 2450 2255
f 1900 2067 2068
f 2068 2067 2092
f 1920 1900 2068
f 2068 2092 1920
f 2661 2433 2432
f 2236 2431 2432
f 2432 2237 2236
f 2433 2237 2432
f 3094 3301 3082
f 3082 3301 3083
f 3083 2867 3082
f 3082 2876 3094
f 3082 2867 2876
f 3094 3315 3316
f 3316 3301 3094
f 3315 3301 3316
f 3317 3096 3095
f 3095 3318 3317
f 3318 3527 3317
f 3317 3527 3528
f 3319 3096 3317
f 3528 3529 3317
f 3529 3319 3317
f 2659 2878 2879
f 2659 2658 2878
f 2879 2880 2659
f 2431 2658 2659
f 2659 2432 2431
f 3710 3515 3709
f 3527 3515 3710
f 3709 3720 3710
f 3720 3527 3710
f 3325 3534 3326
f 3326 3102 3325
f 3325 3102 3324
f 3325 3533 3534
f 3324 3532 3325
f 3532 3533 3325
f 3529 3724 3530
f 3321 3320 3530
f 3530 3320 3529
f 3530 3531 3321
f 3724 3531 3530
f 4104 4105 3920
f 3920 3919 4104
f 4279 4105 4104
f 3918 4103 4104
f 4104 3919 3918
f 4278 4279 4104
f 4104 4103 4278
f 3727 3920 3728
f 3727 3919 3920
f 3726 3919 3727
f 3532 3726 3727
f 3727 3533 3532
f 3728 3534 3727
f 3534 3533 3727
f 3723 3916 3724
f 3528 3722 3723
f 3723 3529 3528
f 3723 3724 3529
f 4101 4275 4102
f 4102 3916 4101
f 4284 4110 4283
f 4283 4442 4284
f 4282 4442 4283
f 4283 4110 4108
f 4107 4282 4283
f 4283 4108 4107
f 3098 3320 3321
f 3098 3097 3320
f 3098 3321 3099
f 3099 2880 3098
f 3098 2880 2879
f 2879 3097 3098
f 2875 3093 2876
f 3092 3093 2875
f 3090 3092 2875
f 2863 2872 2652
f 2863 3077 2872
f 2862 3077 2863
f 2863 2652 2643
f 2643 2862 2863
f 3893 3702 3701
f 3892 4082 3893
f 3893 3701 3892
f 4082 3894 3893
f 3894 3702 3893
f 4080 4081 3892
f 4080 4255 4081
f 3892 4079 4080
f 4079 4255 4080
f 4750 4588 4749
f 4749 4752 4750
f 4751 4588 4750
f 4750 4752 4751
f 4424 4422 4584
f 4424 4262 4422
f 4584 4588 4424
f 4424 4588 4589
f 4263 4262 4424
f 4092 4093 3905
f 3905 3903 4092
f 4092 4091 4090
f 3903 4091 4092
f 4090 4263 4092
f 4426 4428 4267
f 4267 4265 4426
f 4590 4591 4426
f 4426 4429 4428
f 4591 4429 4426
f 3313 3519 3314
f 3314 3519 3315
f 3094 3313 3314
f 3314 3315 3094
f 3522 3523 3311
f 3717 3523 3522
f 3311 3521 3522
f 3522 3716 3717
f 3521 3716 3522
f 3081 2865 3080
f 2865 3079 3080
f 3306 3300 3510
f 3705 3706 3510
f 3516 3306 3510
f 3510 3706 3516
f 5255 5252 5256
f 5255 5253 5252
f 4567 4569 4729
f 4729 4569 4735
f 4735 4900 4729
f 5826 5949 5955
f 5544 5401 5400
f 5546 5401 5544
f 5829 5956 5830
f 5955 5956 5829
f 5547 5689 5690
f 5690 5691 5547
f 5690 5829 5830
f 5689 5829 5690
f 4920 5089 4921
f 5089 5090 4921
f 4743 4742 4921
f 4742 4920 4921
f 5249 5401 5402
f 5247 5089 5246
f 5247 5090 5089
f 5246 5401 5247
f 5401 5249 5247
f 5391 5400 5393
f 5400 5245 5393
f 5393 5240 5391
f 5245 5240 5393
f 6291 6182 6179
f 6182 6181 6179
f 6291 6179 6290
f 6290 6179 6289
f 6290 6182 6291
f 5937 5808 5936
f 5675 5674 5811
f 5535 5674 5675
f 5675 5676 5535
f 5944 5816 5813
f 5816 5677 5813
f 5813 5814 5944
f 5676 5814 5813
f 5813 5677 5676
f 5679 5678 5815
f 5678 5677 5815
f 5815 5677 5817
f 5815 5687 5679
f 5392 5390 5537
f 5537 5538 5392
f 5537 5677 5678
f 5679 5538 5537
f 5537 5678 5679
f 5824 5703 5684
f 5824 5704 5703
f 5407 5540 5551
f 5540 5680 5551
f 5551 5552 5407
f 5551 5680 5552
f 5830 5958 5831
f 5831 5958 5833
f 5831 5690 5830
f 5691 5690 5831
f 5960 5958 6071
f 6071 6073 5960
f 5833 5958 5960
f 6195 6073 6071
f 6184 6064 6063
f 6183 6295 6184
f 6063 6061 6184
f 6184 6061 6183
f 6185 6186 6064
f 6064 6184 6185
f 6185 6184 6295
f 6296 6186 6185
f 6185 6295 6296
f 5945 6061 5947
f 5945 5814 5943
f 5947 5944 5945
f 5944 5814 5945
f 6406 6417 6311
f 6312 6206 6311
f 6311 6417 6312
f 6067 6187 6065
f 6065 6187 6188
f 5820 5832 5951
f 6067 6065 5951
f 5833 5960 5961
f 5961 5960 6073
f 5694 5693 5833
f 5550 5693 5694
f 6729 6730 6619
f 6618 6617 6619
f 6620 6515 6619
f 6619 6515 6618
f 6511 6404 6510
f 6511 6409 6404
f 6514 6513 6517
f 6744 6827 6817
f 6817 6725 6744
f 6827 6825 6818
f 6818 6817 6827
f 6725 6817 6818
f 6720 6725 6721
f 6721 6615 6720
f 6720 6615 6725
f 6736 6735 6722
f 6722 6622 6736
f 6736 6622 6735
f 6722 6623 6624
f 6624 6622 6722
f 6624 6623 6517
f 6517 6622 6624
f 6517 6513 6516
f 6516 6622 6517
f 6513 6411 6516
f 6731 6730 6820
f 6732 6619 6731
f 6731 6619 6730
f 6723 6615 6722
f 6724 6615 6723
f 6722 6735 6723
f 6735 6815 6723
f 6814 6723 6815
f 6814 6725 6724
f 6724 6723 6814
f 4962 5123 5124
f 5124 5123 5285
f 5124 5285 5125
f 5124 4963 4962
f 5125 4963 5124
f 5434 5284 5427
f 5274 5426 5427
f 5427 5426 5434
f 6077 6078 5967
f 5967 5966 6077
f 6075 6077 5966
f 6078 6077 6075
f 6092 6078 6205
f 6205 6204 6092
f 6078 6204 6205
f 6208 6307 6198
f 5838 5701 5837
f 5839 5701 5838
f 5967 5839 5838
f 5838 5966 5967
f 5708 5701 5839
f 5708 5709 5565
f 5839 5709 5708
f 5424 5413 5557
f 5413 5556 5557
f 5697 5556 5555
f 5267 5266 5417
f 5417 5410 5267
f 5109 5266 5267
f 5260 5412 5261
f 5260 5410 5412
f 5260 5267 5410
f 5109 5267 5260
f 5260 5101 5109
f 5260 5261 5101
f 4254 4079 4253
f 4253 4252 4254
f 4079 4252 4253
f 4416 4252 4249
f 3887 3696 3695
f 3695 3886 3887
f 4570 4411 4410
f 4570 4571 4411
f 4570 4736 4571
f 4570 4410 4567
f 4078 3889 4077
f 4077 4249 4078
f 3892 3699 3891
f 3891 4079 3892
f 3699 3701 3700
f 3700 3504 3699
f 3701 3504 3700
f 4417 4577 4578
f 4576 4577 4417
f 4746 4745 4580
f 4580 4745 4583
f 4583 4420 4580
f 4581 4420 4579
f 4581 4579 4744
f 4579 4420 4419
f 4419 4252 4416
f 4254 4252 4419
f 4419 4420 4254
f 5554 5410 5417
f 5417 5563 5554
f 5555 5410 5554
f 5554 5697 5555
f 5699 5697 5554
f 5562 5563 5416
f 5561 5563 5562
f 5562 5416 5415
f 5415 5561 5562
f 5698 5563 5561
f 5698 5835 5699
f 5699 5554 5698
f 5698 5554 5563
f 6718 6617 6719
f 6728 6727 6729
f 6728 6617 6727
f 6729 6619 6728
f 6728 6619 6617
f 6219 6101 6212
f 6101 6090 6212
f 6316 6317 6211
f 6210 6316 6211
f 6211 6088 6210
f 6090 6088 6211
f 6211 6212 6090
f 6211 6317 6219
f 6219 6212 6211
f 6090 5983 6100
f 5983 5982 6100
f 6100 5981 6090
f 6100 5982 5981
f 5723 5722 5721
f 5721 5722 5579
f 6419 6418 6528
f 6528 6417 6527
f 6418 6417 6528
f 6314 6307 6208
f 6208 6313 6314
f 6314 6313 6419
f 6512 6615 6524
f 6524 6417 6512
f 6615 6525 6524
f 6524 6525 6417
f 6630 6741 6631
f 6630 6740 6741
f 6631 6531 6630
f 6531 6530 6630
f 6627 6529 6523
f 6523 6522 6627
f 6307 6310 6308
f 6202 6203 6078
f 6202 6308 6310
f 6309 6203 6202
f 6202 6310 6309
f 6320 6421 6422
f 6422 6321 6320
f 6320 6321 6217
f 6323 6217 6322
f 6322 6315 6323
f 4738 4577 4576
f 4738 4741 4577
f 4738 4913 4741
f 4738 4912 4913
f 4911 4912 4738
f 4909 4908 5069
f 4909 4734 4908
f 5069 4900 4909
f 4900 4734 4909
f 5074 5231 5075
f 5075 5231 5232
f 5075 4905 5074
f 5075 5076 4905
f 5075 5232 5076
f 4907 5076 5077
f 5076 5234 5077
f 5077 5078 4907
f 5077 5234 5078
f 5387 5534 5388
f 5534 5389 5388
f 5388 5389 5235
f 5235 5233 5388
f 5388 5232 5387
f 5388 5233 5232
f 6138 6021 6136
f 6251 6138 6136
f 6021 6020 6136
f 6681 6678 6790
f 6789 6682 6790
f 6790 6682 6681
f 6581 6580 6690
f 6690 6580 6691
f 6691 6800 6690
f 6693 6694 6582
f 6804 6697 6803
f 6803 6800 6804
f 6362 6361 6466
f 6466 6467 6362
f 6466 6361 6360
f 6804 6855 6856
f 6856 6805 6804
f 6857 6805 6856
f 6856 6871 6857
f 6856 6855 6871
f 6694 6693 6696
f 6269 6480 6377
f 6377 6480 6482
f 6377 6482 6483
f 6585 6480 6481
f 6482 6480 6585
f 6483 6482 6587
f 6582 6694 6692
f 6692 6584 6582
f 6692 6694 6589
f 6589 6588 6692
f 5802 5801 5930
f 5931 5932 5802
f 5802 5930 5931
f 5802 5932 5803
f 5803 5667 5802
f 5667 5801 5802
f 5799 5928 5929
f 5799 5927 5928
f 5663 5927 5799
f 5929 5801 5799
f 5799 5801 5800
f 5665 5663 5799
f 5799 5800 5665
f 5895 5762 5761
f 5895 5897 5763
f 5763 5762 5895
f 6019 5897 5895
f 5895 6018 6019
f 5895 6017 6018
f 5619 5479 5476
f 5476 5618 5619
f 5475 5618 5476
f 5476 5479 5333
f 5333 5330 5476
f 5330 5475 5476
f 5619 5761 5621
f 5621 5479 5619
f 5359 5206 5358
f 5358 5502 5359
f 5355 5502 5358
f 5318 5157 5317
f 5205 5206 5047
f 5047 5204 5205
f 5205 5318 5355
f 5204 5318 5205
f 5504 5505 5359
f 5359 5502 5504
f 5646 5505 5504
f 5477 5355 5331
f 5331 5478 5477
f 5477 5478 5355
f 5515 5369 5368
f 5368 5216 5215
f 5215 5367 5368
f 5369 5516 5370
f 5370 5516 5517
f 4223 4222 4390
f 4390 4391 4223
f 4054 4222 4223
f 4223 4055 4054
f 4224 4392 4225
f 4224 4391 4392
f 4224 4223 4391
f 4055 4223 4224
f 4224 4225 4056
f 4056 4055 4224
f 3481 3680 3483
f 3483 3680 3484
f 3671 3860 3861
f 3861 3672 3671
f 3471 3264 3260
f 3260 3262 3261
f 3261 3042 3260
f 3259 3471 3260
f 3260 3042 3259
f 3472 3471 3259
f 3259 3470 3472
f 3472 3264 3471
f 3259 3042 3258
f 3258 3470 3259
f 3042 3041 3258
f 3258 3467 3468
f 3473 3472 3668
f 3668 3472 3470
f 3857 3667 3666
f 3856 3857 3666
f 3666 3468 3665
f 3666 3667 3468
f 3665 3664 3666
f 3666 3664 3856
f 3466 3664 3665
f 3665 3467 3466
f 3466 3467 3462
f 3465 3664 3466
f 3462 3255 3466
f 3466 3255 3465
f 3040 3252 3256
f 3256 3041 3040
f 3252 3462 3256
f 4063 4229 4231
f 4231 4232 4063
f 4229 4396 4231
f 4399 4232 4398
f 4398 4555 4399
f 4398 4231 4396
f 4232 4231 4398
f 4554 4555 4398
f 4398 4396 4554
f 3681 3485 3484
f 3484 3680 3681
f 3681 3683 3485
f 3677 3480 3679
f 3679 3867 3677
f 3677 3481 3480
f 3677 3680 3481
f 3058 3272 3059
f 3055 3272 3058
f 3059 2846 3058
f 2846 2845 3058
f 2639 2415 2636
f 2415 2413 2636
f 4666 4833 4834
f 4834 4835 4666
f 4666 4835 4668
f 4832 4833 4666
f 4668 4667 4666
f 4666 4667 4509
f 4509 4530 4666
f 4688 4859 4860
f 4860 4859 5030
f 4686 4857 4858
f 4858 4859 4686
f 4858 4857 5026
f 5028 4859 4858
f 5026 5027 4858
f 4858 5027 5028
f 5893 5759 5892
f 5892 6015 5893
f 6012 6015 5892
f 4051 4052 3857
f 4051 4050 4218
f 3857 4050 4051
f 4218 4219 4051
f 4219 4052 4051
f 3854 4046 4047
f 4047 4048 3854
f 4218 4049 4217
f 4049 4048 4217
f 4217 4047 4216
f 4048 4047 4217
f 4217 4219 4218
f 4217 4384 4219
f 4216 4383 4217
f 4383 4384 4217
f 3463 3662 3464
f 3464 3255 3463
f 3464 3662 3663
f 3663 3465 3464
f 3465 3255 3464
f 3428 3226 3224
f 1423 1422 1428
f 1428 1427 1423
f 1268 1422 1423
f 1274 1273 1423
f 1423 1427 1274
f 1423 1269 1268
f 1423 1273 1269
f 1583 1582 1584
f 1579 1582 1583
f 1584 1428 1583
f 1428 1579 1583
f 1425 1582 1426
f 1272 1271 1426
f 1426 1271 1425
f 1426 1582 1579
f 1426 1422 1272
f 1579 1422 1426
f 844 720 843
f 843 842 844
f 843 720 718
f 718 842 843
f 1120 1272 1121
f 1120 1271 1272
f 1121 975 1120
f 1270 1424 1425
f 1425 1271 1270
f 1267 1266 1270
f 1270 1120 1267
f 1271 1120 1270
f 972 842 971
f 842 970 971
f 971 975 972
f 841 842 718
f 841 970 842
f 1264 1417 1420
f 839 967 968
f 970 841 839
f 1114 1266 1267
f 1580 1577 1731
f 1731 1577 1576
f 1731 1730 1580
f 1731 1576 1730
f 1419 1262 1260
f 1260 1417 1419
f 978 851 850
f 850 977 978
f 978 977 973
f 982 983 856
f 855 856 733
f 733 853 855
f 855 982 856
f 855 853 980
f 980 982 855
f 1123 1122 1269
f 984 1125 1126
f 983 1125 984
f 856 983 984
f 984 981 856
f 1126 985 984
f 985 981 984
f 2574 2573 2794
f 2794 2575 2574
f 2374 2573 2574
f 2574 2575 2374
f 2795 2575 2794
f 2794 2997 2795
f 2997 2998 2795
f 2375 2575 2577
f 2997 2996 3215
f 3421 3422 3215
f 3215 3422 3216
f 3216 2998 3215
f 3215 2998 2997
f 3419 3420 3213
f 2995 2994 3213
f 3217 3219 3001
f 3001 3219 3218
f 3001 3218 3000
f 3000 2798 3001
f 2989 3210 2990
f 2990 3209 2986
f 2992 2993 2791
f 2992 3209 2993
f 2791 2986 2992
f 2986 3209 2992
f 2844 2845 2626
f 2626 2625 2844
f 2843 2845 2844
f 2844 2625 2843
f 2037 2038 1879
f 2212 2038 2037
f 2621 2620 2622
f 2622 2402 2621
f 2621 2400 2620
f 2211 2402 2212
f 2211 2037 2210
f 2212 2037 2211
f 3053 3052 3270
f 3053 2841 3052
f 3270 3271 3053
f 3476 3267 3475
f 3476 3268 3267
f 3478 3268 3476
f 3475 3673 3476
f 3676 3864 3865
f 3479 3478 3676
f 3865 3678 3676
f 3676 3480 3479
f 3676 3678 3480
f 3863 3673 3862
f 3863 3862 4057
f 2835 2836 2620
f 2837 2836 2835
f 1102 957 1101
f 1101 957 1100
f 1100 1107 1101
f 1108 1110 1109
f 1108 1107 1110
f 1109 965 1108
f 1108 965 1107
f 1260 1110 1261
f 1261 1107 1260
f 1110 1107 1261
f 599 706 707
f 706 826 707
f 707 708 599
f 707 826 708
f 825 706 824
f 951 825 824
f 824 949 951
f 797 925 823
f 823 798 797
f 823 925 949
f 949 824 823
f 706 798 823
f 823 824 706
f 417 349 416
f 502 503 417
f 417 503 418
f 418 349 417
f 415 414 498
f 415 499 416
f 415 501 499
f 416 348 415
f 348 414 415
f 596 501 500
f 500 592 596
f 498 592 500
f 500 415 498
f 501 415 500
f 499 501 593
f 593 594 499
f 593 501 596
f 702 594 593
f 1060 1208 1058
f 1058 927 1060
f 927 945 1060
f 1060 1084 1208
f 1060 945 1084
f 947 1084 946
f 1084 945 946
f 946 820 947
f 946 945 820
f 718 610 717
f 834 713 833
f 425 508 509
f 605 604 713
f 508 604 605
f 838 839 718
f 967 839 838
f 837 717 836
f 718 717 837
f 837 838 718
f 1107 965 1106
f 985 1127 986
f 736 857 858
f 858 857 985
f 858 737 736
f 859 737 858
f 985 986 858
f 614 724 725
f 725 724 846
f 725 726 614
f 846 726 725
f 728 850 729
f 728 726 850
f 433 361 432
f 735 857 736
f 854 857 735
f 521 620 522
f 522 434 521
f 521 434 433
f 731 620 730
f 730 727 731
f 620 619 730
f 618 619 519
f 618 730 619
f 727 730 618
f 844 847 722
f 722 721 844
f 846 723 722
f 722 845 846
f 612 721 722
f 722 723 612
f 531 632 633
f 530 632 531
f 531 441 530
f 529 441 531
f 368 441 369
f 369 311 368
f 370 311 369
f 324 325 269
f 325 270 269
f 269 268 324
f 269 222 221
f 221 268 269
f 224 225 183
f 329 326 273
f 273 225 270
f 273 325 329
f 273 270 325
f 271 273 326
f 225 273 271
f 274 227 226
f 185 225 226
f 226 227 185
f 185 158 184
f 184 225 185
f 158 183 184
f 184 183 225
f 881 1014 882
f 882 758 881
f 880 1014 881
f 881 757 880
f 213 215 257
f 257 256 213
f 259 256 257
f 262 259 257
f 257 215 262
f 217 179 216
f 265 314 262
f 319 314 265
f 318 319 265
f 317 318 265
f 265 264 317
f 315 314 374
f 368 315 374
f 374 441 368
f 374 450 451
f 451 441 374
f 627 628 527
f 527 526 627
f 739 628 627
f 626 526 525
f 525 625 626
f 626 625 738
f 626 627 526
f 626 738 739
f 739 627 626
f 390 473 474
f 568 475 474
f 332 278 277
f 332 334 278
f 335 394 395
f 279 334 335
f 335 336 279
f 395 340 335
f 335 340 336
f 413 406 488
f 406 487 488
f 488 494 413
f 488 583 494
f 683 802 684
f 684 580 683
f 581 580 684
f 684 685 581
f 684 802 686
f 686 685 684
f 343 289 342
f 343 292 289
f 343 342 406
f 188 189 162
f 162 161 188
f 164 145 162
f 162 189 164
f 145 141 162
f 141 161 162
f 409 344 408
f 490 491 408
f 408 491 492
f 492 409 408
f 412 489 407
f 407 489 490
f 490 408 407
f 407 408 344
f 2250 2249 2252
f 2061 2249 2250
f 2252 2065 2250
f 2250 2065 2061
f 766 765 892
f 1028 893 892
f 892 893 766
f 763 891 892
f 892 891 1028
f 892 764 763
f 892 765 764
f 1171 1028 1025
f 1025 1027 1171
f 890 1027 1025
f 1028 891 1025
f 891 890 1025
f 6502 6503 6397
f 6397 6501 6502
f 6500 6501 6397
f 6610 6609 6611
f 6609 6716 6611
f 6500 6610 6611
f 6611 6716 6718
f 6718 6719 6611
f 6614 6509 6611
f 6611 6617 6614
f 6611 6719 6617
f 6507 6509 6508
f 6507 6501 6500
f 6502 6501 6507
f 6507 6503 6502
f 6504 6509 6613
f 6605 6606 6498
f 6498 6397 6496
f 6878 6879 6860
f 6860 6859 6878
f 6878 6859 6858
f 6879 6878 6873
f 6873 6858 6857
f 6873 6878 6858
f 6880 6879 6872
f 6872 6877 6880
f 6879 6873 6872
f 6857 6877 6872
f 6872 6873 6857
f 6861 6807 6860
f 6860 6862 6861
f 6812 6863 6864
f 6864 6813 6812
f 6706 6813 6707
f 6706 6812 6813
f 6705 6812 6706
f 6700 6807 6701
f 6273 6382 6383
f 6383 6381 6273
f 6273 6381 6274
f 6384 6486 6487
f 6487 6486 6591
f 6590 6698 6591
f 6590 6486 6589
f 6591 6486 6590
f 6589 6694 6590
f 6694 6696 6590
f 6697 6698 6590
f 6590 6696 6697
f 6384 6381 6485
f 6485 6486 6384
f 6485 6587 6588
f 6485 6588 6589
f 6589 6486 6485
f 6702 6599 6593
f 6051 5933 6050
f 6052 5933 6051
f 6049 6163 6164
f 6163 6162 6164
f 6164 6162 6272
f 6164 6165 6049
f 6164 6273 6165
f 6272 6273 6164
f 6483 6382 6378
f 6378 6377 6483
f 6378 6270 6269
f 6269 6377 6378
f 6272 6162 6271
f 6270 6378 6271
f 6160 6159 6271
f 6159 6270 6271
f 6161 6160 6271
f 6271 6162 6161
f 6836 6795 6752
f 6836 6835 6795
f 6752 6751 6836
f 6751 6835 6836
f 6832 6835 6834
f 6834 6835 6751
f 30 6832 6834
f 6834 6751 30
f 6570 6686 6687
f 6687 6686 6796
f 6687 6688 6570
f 6687 6796 6688
f 6674 6788 6675
f 6675 6567 6565
f 6675 6788 6789
f 6565 6561 6675
f 6675 6561 6674
f 6789 6790 6675
f 6675 6678 6567
f 6675 6790 6678
f 6664 6665 6553
f 6552 6551 6553
f 6553 6551 6664
f 6666 6780 6667
f 6779 6780 6666
f 6667 6555 6666
f 6666 6553 6665
f 6117 6235 6234
f 6234 6118 6117
f 6234 6235 6237
f 2979 2978 3204
f 2979 2775 2978
f 3200 3411 3412
f 3411 3616 3412
f 3412 3413 3200
f 3969 3970 3783
f 3783 3970 3794
f 3794 3784 3783
f 3783 3968 3969
f 3782 3968 3783
f 3783 3588 3782
f 3783 3784 3588
f 3185 2961 2959
f 3186 2961 3185
f 3601 3795 3797
f 3604 3603 3398
f 3603 3399 3398
f 3399 3188 3398
f 3188 3187 3398
f 3398 3187 3397
f 3797 3981 3979
f 3981 3980 3979
f 3979 3980 3796
f 3609 3803 3610
f 3609 3605 3603
f 3406 3605 3609
f 3609 3610 3406
f 3796 3980 3799
f 3799 3603 3604
f 4445 4287 4286
f 4286 4444 4445
f 4611 4446 4445
f 4445 4446 4287
f 4115 3930 3929
f 3929 3928 4113
f 4113 4114 3929
f 3929 4114 4115
f 3931 3740 3739
f 3739 3930 3931
f 3739 3548 3738
f 3739 3740 3548
f 3738 3928 3739
f 3928 3929 3739
f 3739 3929 3930
f 4116 3930 4115
f 4290 4118 4116
f 4116 4289 4290
f 4115 4289 4116
f 4130 4293 4129
f 4130 4120 4293
f 4127 4120 4130
f 4129 3949 4130
f 4130 3949 4127
f 3135 3132 2912
f 3135 3350 3132
f 3147 3350 3135
f 2912 2923 3135
f 3135 2923 3147
f 3356 3544 3563
f 3563 3555 3356
f 3356 3357 3145
f 3356 3555 3352
f 3352 3357 3356
f 3145 3147 3146
f 3146 2923 3145
f 3147 2923 3146
f 2456 2687 2457
f 2457 2260 2456
f 2456 2260 2262
f 4461 4460 4610
f 4611 4445 4610
f 4610 4460 4624
f 4610 4444 4461
f 4610 4445 4444
f 6097 5979 6096
f 6097 6098 5979
f 6213 6094 6093
f 6093 6094 5978
f 6093 6204 6213
f 6093 5978 6092
f 6092 6204 6093
f 5717 5574 5716
f 5716 5851 5717
f 5716 5850 5851
f 6084 5979 6086
f 6084 6086 5974
f 5974 6085 6084
f 6084 5980 5979
f 6084 6085 5973
f 5973 5980 6084
f 6209 6315 6210
f 6210 6087 6209
f 6087 6098 6209
f 5578 5434 5570
f 5578 5435 5434
f 5579 5435 5578
f 5578 5721 5579
f 5578 5719 5720
f 5720 5721 5578
f 5720 5719 5852
f 5856 5723 5855
f 5855 5977 5856
f 3158 3157 2935
f 2935 2934 3158
f 1344 1196 1195
f 1195 1343 1344
f 1344 1343 1493
f 1044 1194 1195
f 1044 1195 1045
f 1045 912 1044
f 1046 1191 1198
f 1198 1047 1046
f 1197 1347 1198
f 1198 1191 1197
f 789 914 915
f 1046 1047 915
f 911 914 788
f 911 787 786
f 788 787 911
f 94 1497 1655
f 1655 1495 94
f 1346 1495 1496
f 1497 1348 1496
f 1496 1655 1497
f 1495 1655 1496
f 1347 1346 1496
f 1496 1348 1347
f 673 674 570
f 673 791 674
f 673 672 791
f 670 565 669
f 669 788 789
f 789 670 669
f 669 787 788
f 902 901 903
f 1036 1037 903
f 1035 901 1034
f 1035 903 901
f 1036 903 1035
f 776 662 661
f 468 469 389
f 471 561 562
f 562 561 665
f 664 779 780
f 1031 898 1030
f 1031 900 898
f 1030 1178 1031
f 1031 1178 1179
f 1031 1179 1033
f 1033 901 1031
f 901 900 1031
f 1177 1178 1030
f 1030 1032 1177
f 1032 1180 1177
f 1324 1178 1177
f 1177 1180 1325
f 1325 1324 1177
f 1328 1179 1326
f 1328 1478 1475
f 1477 1478 1328
f 1328 1474 1477
f 1326 1324 1328
f 1324 1474 1328
f 1479 1329 1476
f 1476 1633 1479
f 1632 1633 1476
f 1476 1475 1632
f 1327 1181 1179
f 1179 1328 1327
f 1327 1328 1475
f 1475 1476 1327
f 1329 1181 1327
f 1327 1476 1329
f 774 661 660
f 660 773 774
f 898 900 774
f 774 773 898
f 1336 1190 1188
f 1336 1486 1337
f 1337 1190 1336
f 1185 1334 1186
f 1186 1037 1185
f 1185 1037 1036
f 1036 1184 1185
f 1038 1037 1186
f 906 908 783
f 906 780 779
f 783 780 906
f 906 1038 908
f 910 912 786
f 1460 1314 1313
f 1460 1622 1461
f 1461 1314 1460
f 1622 1460 1621
f 1621 1774 1622
f 1918 1774 1772
f 1772 1771 1918
f 1772 1618 1771
f 2105 2108 2292
f 2292 2108 2288
f 2292 2291 2105
f 2287 2291 2292
f 2292 2288 2287
f 2288 2108 2100
f 2108 2101 2100
f 2287 2288 2100
f 2100 2286 2287
f 1794 1638 1793
f 1793 1934 1794
f 1794 1795 1638
f 1794 1934 1936
f 1936 1795 1794
f 1638 1795 1639
f 1479 1638 1639
f 1639 1480 1479
f 1640 1480 1639
f 1639 1795 1640
f 1616 1770 1617
f 1617 1770 1618
f 1456 1616 1617
f 1617 1618 1456
f 2103 2089 2088
f 2087 2086 2088
f 2086 2103 2088
f 2088 1917 2087
f 2088 2089 1917
f 1634 1789 1636
f 1636 1478 1634
f 1789 1637 1636
f 1636 1637 1478
f 1624 1462 1461
f 1474 1462 1624
f 1477 1474 1624
f 1624 1635 1477
f 1461 1623 1624
f 1776 1635 1624
f 1775 1776 1624
f 1624 1623 1775
f 1928 1788 1787
f 1787 1788 1634
f 1634 1791 1787
f 2090 2103 1931
f 1931 1930 2090
f 1931 1791 1930
f 1776 1919 1790
f 1919 1791 1790
f 1634 1776 1790
f 1790 1791 1634
f 1157 1306 1158
f 1158 1306 1159
f 1160 1306 1309
f 1309 1310 1160
f 1309 1306 1454
f 1454 1310 1309
f 1614 1455 1612
f 1612 1450 1614
f 1614 1450 1613
f 1613 1767 1614
f 2117 2115 2308
f 2308 2115 2307
f 2308 2119 2117
f 2308 2307 2119
f 2114 2115 1941
f 1945 1803 1802
f 1802 1803 1646
f 1646 1801 1802
f 1802 1801 1943
f 1943 1944 1802
f 1802 1944 1945
f 2510 2307 2509
f 2509 2508 2510
f 1939 1938 2111
f 2111 2112 1939
f 1799 1942 1800
f 1941 1942 1799
f 1799 1940 1941
f 2297 2299 2298
f 2298 2299 2112
f 2110 2297 2298
f 2298 2111 2110
f 2298 2112 2111
f 2499 2299 2296
f 2109 2295 2296
f 2296 2295 2499
f 2297 2109 2296
f 2296 2299 2297
f 2500 2502 2501
f 2501 2299 2500
f 2501 2502 2300
f 2300 2299 2501
f 2328 2324 2137
f 2328 2525 2324
f 2136 2135 1966
f 1966 2134 2136
f 2136 2134 2321
f 1545 1693 1694
f 1693 1827 1694
f 1199 1200 1048
f 1199 1348 1200
f 1048 1047 1199
f 1047 1198 1199
f 1347 1348 1199
f 1199 1198 1347
f 1498 1501 1350
f 1656 1501 1498
f 1200 1348 1349
f 1349 1348 1497
f 1497 1499 1349
f 1350 1200 1349
f 1349 1498 1350
f 792 918 793
f 674 791 792
f 916 1050 790
f 916 1047 1048
f 916 915 1047
f 916 790 789
f 789 915 916
f 1051 918 917
f 917 1050 1051
f 917 792 791
f 918 792 917
f 917 791 790
f 790 1050 917
f 1049 1201 1051
f 1051 1050 1049
f 1200 1201 1049
f 1048 1200 1049
f 1049 916 1048
f 1050 916 1049
f 1371 1527 1376
f 1376 1372 1371
f 1371 1372 1223
f 1223 1222 1371
f 803 687 686
f 803 804 687
f 686 802 803
f 1052 1203 1053
f 921 920 1053
f 1053 920 1052
f 395 394 402
f 394 477 402
f 402 340 395
f 484 477 572
f 484 485 404
f 572 571 675
f 675 676 572
f 675 571 674
f 793 794 675
f 794 676 675
f 675 792 793
f 674 792 675
f 795 676 794
f 795 794 921
f 795 802 683
f 1079 942 1075
f 942 941 1075
f 1075 1222 1223
f 1370 1221 1369
f 1370 1222 1221
f 1369 1371 1370
f 1370 1371 1222
f 2941 3166 2942
f 2941 3161 3163
f 3163 3164 2941
f 2941 2942 2730
f 2730 2940 2941
f 3165 3166 2941
f 2941 3164 3165
f 5310 5309 5453
f 5309 5313 5453
f 5453 5313 5457
f 5453 5454 5310
f 5453 5457 5599
f 5599 5454 5453
f 5992 6102 5985
f 5991 6107 5992
f 6107 6108 5992
f 6108 6102 5992
f 5985 5984 5992
f 5992 5868 5991
f 5992 5984 5868
f 5731 5732 5588
f 5588 5590 5731
f 5733 5592 5588
f 5588 5732 5733
f 5443 5590 5588
f 5588 5589 5443
f 5592 5589 5588
f 6431 6333 6432
f 6333 6330 6432
f 6327 6429 6329
f 6329 6225 6327
f 6329 6429 6430
f 6329 6432 6330
f 6329 6430 6431
f 6431 6432 6329
f 6329 6330 6226
f 6226 6225 6329
f 4483 4484 4324
f 4326 4483 4324
f 4324 4156 4326
f 4324 4157 4156
f 4324 4484 4475
f 5347 5194 5193
f 5192 5347 5193
f 5193 5032 5192
f 4696 4867 4868
f 4868 4867 5037
f 4868 4865 4696
f 5033 4865 4868
f 4868 5038 5033
f 5037 5038 4868
f 5036 4867 5032
f 5032 5193 5036
f 5036 5193 5194
f 5037 4867 5036
f 5196 5038 5036
f 5036 5038 5037
f 6367 6440 6337
f 6337 6440 6338
f 6337 6258 6367
f 6441 6440 6547
f 6549 6550 6441
f 6338 6440 6441
f 6441 6548 6549
f 6441 6547 6548
f 6550 6443 6441
f 6235 6338 6339
f 6338 6443 6339
f 6002 5906 6029
f 5906 6030 6029
f 6028 6146 6029
f 5904 6028 6029
f 6029 6030 5904
f 6146 6258 6232
f 6232 6338 6233
f 6232 6337 6338
f 6258 6337 6232
f 6119 6236 6120
f 6120 6002 6119
f 6002 6118 6119
f 6237 6236 6119
f 6119 6234 6237
f 6118 6234 6119
f 6238 6342 6344
f 6344 6449 6450
f 6345 6238 6344
f 6344 6450 6345
f 6261 6369 6370
f 6370 6262 6261
f 6261 6262 6148
f 6261 6033 6149
f 6148 6033 6261
f 6149 6260 6261
f 6260 6369 6261
f 6023 6141 6024
f 6024 6141 6142
f 6254 6256 6142
f 6142 6141 6254
f 6254 6141 6148
f 6254 6262 6256
f 6148 6262 6254
f 5904 6026 6027
f 6026 6143 6027
f 6027 6143 6144
f 6027 6028 5904
f 6144 6028 6027
f 5900 5765 5899
f 5900 5899 6023
f 6023 6024 5900
f 5899 5764 5781
f 5781 5912 5899
f 5344 5490 5491
f 5491 5490 5632
f 5491 5492 5344
f 5491 5632 5633
f 5633 5492 5491
f 5771 5632 5631
f 5631 5630 5771
f 5632 5490 5631
f 5490 5630 5631
f 5997 6110 6112
f 6112 6110 6228
f 6112 6111 5997
f 6259 6369 6260
f 6259 6368 6369
f 6260 6147 6259
f 6437 6333 6431
f 6431 6540 6437
f 6540 6546 6437
f 5183 5182 5337
f 5018 5182 5183
f 5183 5184 5018
f 5484 5485 5339
f 5339 5485 5340
f 5339 5340 5336
f 5336 5335 5339
f 5335 5184 5339
f 5871 5909 5778
f 5778 5909 5910
f 5910 5779 5778
f 5637 5777 5640
f 5500 5352 5499
f 5499 5623 5500
f 5911 5912 5908
f 5912 5781 5908
f 5908 5779 5911
f 5777 5779 5908
f 5351 5198 5197
f 5197 5350 5351
f 5351 5350 5497
f 5351 5352 5198
f 5351 5497 5352
f 5195 5194 5349
f 5196 5036 5195
f 5195 5036 5194
f 5197 5196 5195
f 5195 5350 5197
f 3238 3427 3426
f 3426 3221 3238
f 3427 3222 3426
f 3426 3222 3221
f 3225 3005 3224
f 3224 3226 3225
f 3225 3226 3005
f 3033 3226 3035
f 3035 3034 3033
f 3033 3034 2825
f 2825 3006 3032
f 3032 3033 2825
f 3226 3033 3032
f 3006 3005 3032
f 3005 3226 3032
f 3224 3005 3223
f 3005 3222 3223
f 3223 3427 3224
f 3223 3222 3427
f 3639 3437 3638
f 3638 3637 3639
f 3437 3637 3638
f 2584 2801 2802
f 2802 2606 2584
f 2802 2801 2825
f 2825 2606 2802
f 3243 3244 3023
f 3023 3022 3243
f 3024 3246 3243
f 3452 3244 3243
f 3243 3246 3452
f 4191 4020 4190
f 4190 4355 4191
f 4354 4355 4190
f 4190 4189 4354
f 4190 4020 4189
f 3830 4020 4021
f 4019 4020 3830
f 3830 4018 4019
f 3830 3831 3639
f 3635 3661 3830
f 3661 3852 3830
f 3852 4018 3830
f 3830 4022 3831
f 4021 4022 3830
f 3639 3636 3830
f 3830 3636 3635
f 2561 2783 2562
f 2563 2363 2562
f 2562 2363 2561
f 2562 2785 2563
f 2784 2785 2562
f 2784 2562 2787
f 2787 2986 2784
f 2787 2990 2986
f 2787 2988 2989
f 2989 2990 2787
f 2782 2781 2984
f 2984 2783 2782
f 2984 2781 2983
f 2983 2988 2984
f 2988 2787 2984
f 2358 2555 2355
f 2355 2170 2358
f 2355 2557 2356
f 2167 2170 2355
f 2355 2356 2167
f 3586 3381 3585
f 3585 3592 3586
f 3586 3387 3381
f 3586 3592 3388
f 3388 3387 3586
f 1359 1511 1506
f 1506 1511 1507
f 1355 1359 1506
f 1506 1507 1355
f 1359 1381 1510
f 1510 1511 1359
f 1381 1536 1510
f 1536 1511 1510
f 933 1066 1067
f 1066 1214 1067
f 1067 1068 933
f 1363 1217 1216
f 1216 1214 1363
f 1217 1068 1216
f 1216 1067 1214
f 1068 1067 1216
f 822 821 947
f 705 821 822
f 947 820 822
f 820 705 822
f 1088 948 1087
f 1087 948 1083
f 1236 1235 1087
f 1087 1235 1088
f 1087 1217 1236
f 1083 1217 1087
f 1069 1217 1083
f 1069 1068 1217
f 1069 935 934
f 934 1068 1069
f 3178 3385 3386
f 3386 3181 3178
f 3385 3590 3386
f 3386 3590 3392
f 3392 3181 3386
f 3175 2956 3178
f 3178 3181 3175
f 3175 3181 2958
f 3175 2952 2956
f 3175 2958 2952
f 2531 2759 2753
f 2531 2750 2759
f 2753 2525 2531
f 2524 2750 2531
f 2525 2328 2531
f 2531 2328 2524
f 2953 2745 2952
f 2953 2746 2745
f 2953 2952 2752
f 2752 2751 2953
f 2751 2746 2953
f 2336 2536 2537
f 2336 2537 2337
f 2336 2335 2534
f 2336 2337 2146
f 2146 2335 2336
f 2334 2333 2146
f 2144 2333 2334
f 2146 2145 2334
f 2145 2144 2334
f 1826 1970 1831
f 1831 1697 1826
f 1831 1823 1697
f 1834 1823 1831
f 1443 1440 1297
f 1297 1441 1443
f 1296 1441 1297
f 1297 1294 1148
f 1148 1296 1297
f 1293 1294 1297
f 1297 1440 1293
f 1298 1299 1150
f 1447 1299 1298
f 1298 1170 1320
f 1150 1170 1298
f 1320 1444 1298
f 1298 1444 1445
f 1446 1447 1298
f 1298 1445 1446
f 1168 1167 1319
f 1168 1320 1169
f 1168 1319 1320
f 1169 1022 1168
f 1022 1167 1168
f 2217 2216 2406
f 2217 2041 2216
f 2217 2218 2041
f 2217 2408 2409
f 2409 2218 2217
f 2406 2407 2217
f 2407 2408 2217
f 2410 2218 2409
f 2409 2628 2410
f 2628 2411 2410
f 2219 2218 2410
f 2410 2411 2219
f 2634 2413 2412
f 1628 1629 1467
f 1467 1626 1628
f 1464 1626 1467
f 1467 1465 1464
f 1467 1468 1318
f 1318 1465 1467
f 1445 1444 1470
f 1470 1444 1320
f 1320 1469 1470
f 1470 1469 1468
f 1631 1785 1784
f 1784 1785 1907
f 1757 1631 1784
f 1784 1907 1757
f 1758 1604 1757
f 1757 1759 1758
f 1758 1759 1604
f 1761 1607 1446
f 1761 1759 1909
f 1909 1910 1761
f 1910 1762 1761
f 1445 1604 1605
f 1759 1761 1605
f 1446 1445 1605
f 1605 1761 1446
f 1610 1449 1609
f 1609 1763 1610
f 1609 1608 1763
f 1609 1449 1448
f 1448 1608 1609
f 2712 2912 2697
f 2697 2480 2712
f 2912 2910 2697
f 2910 2694 2697
f 3951 4132 3956
f 3759 3763 3569
f 3570 3573 3367
f 3570 3763 3573
f 3569 3763 3570
f 3367 3366 3570
f 3359 3364 3360
f 3359 3360 3148
f 3148 3153 3359
f 3365 3156 3155
f 3155 3364 3365
f 3366 3156 3365
f 3365 3364 3569
f 3365 3570 3366
f 3569 3570 3365
f 4626 4783 4790
f 4783 4782 4790
f 4960 4791 4790
f 4790 4782 4960
f 4627 4792 4793
f 4627 4791 4792
f 4466 4465 4627
f 4627 4628 4466
f 4627 4793 4794
f 4794 4628 4627
f 3141 3150 3142
f 3141 3142 2918
f 2918 3140 3141
f 3140 3355 3141
f 3355 3150 3141
f 4453 4301 4292
f 4453 4292 4452
f 4452 4464 4453
f 4129 4301 4131
f 4131 4301 4132
f 4137 4132 4302
f 4132 4301 4302
f 4619 4783 4626
f 4626 4464 4619
f 4619 4464 4452
f 4625 4464 4626
f 4625 4465 4463
f 4626 4790 4625
f 4625 4790 4791
f 4625 4627 4465
f 4791 4627 4625
f 4448 4617 4449
f 4449 4289 4448
f 4450 4289 4449
f 1151 1150 1152
f 1151 1005 1150
f 1003 1137 1146
f 1291 1292 1144
f 1144 1000 1143
f 1144 1142 1291
f 1143 1142 1144
f 1003 1146 1144
f 1001 1000 1144
f 1144 1137 1001
f 1144 1146 1137
f 880 879 878
f 878 879 755
f 755 877 878
f 874 1005 1006
f 876 875 1009
f 1009 1010 876
f 1009 1156 1157
f 1302 1154 1301
f 1301 1451 1302
f 1451 1303 1302
f 1155 1303 1156
f 1154 1302 1155
f 1155 1302 1303
f 1438 1439 1599
f 1599 1439 1596
f 1598 1438 1599
f 1599 1748 1598
f 1599 1596 1748
f 1442 1438 1598
f 1598 1441 1442
f 1442 1296 1438
f 1442 1441 1296
f 2660 2659 2880
f 2660 2881 2661
f 2660 2880 2881
f 2661 2432 2660
f 2432 2659 2660
f 3914 4099 4100
f 4100 4099 4274
f 4274 4275 4100
f 4275 4101 4100
f 2428 2429 2234
f 2234 2427 2428
f 3090 2875 3091
f 4425 4265 4263
f 4263 4424 4425
f 4425 4426 4265
f 4425 4424 4589
f 4590 4426 4425
f 4425 4588 4590
f 4589 4588 4425
f 4093 4092 4266
f 4266 4092 4265
f 4267 4093 4266
f 4266 4265 4267
f 4263 4265 4264
f 4264 4092 4263
f 4265 4092 4264
f 3497 3499 3293
f 3293 3290 3497
f 3293 3074 3292
f 3292 3290 3293
f 3074 3290 3292
f 3484 3485 3279
f 3485 3280 3279
f 3870 3688 3686
f 3487 3280 3485
f 3487 3686 3685
f 3486 3280 3487
f 3487 3685 3486
f 3069 2856 2855
f 2855 2640 2639
f 2855 2856 2640
f 2857 2856 3069
f 2858 2640 2857
f 2640 2856 2857
f 2860 2858 2857
f 2857 3071 2860
f 3070 3071 2857
f 2857 3074 3070
f 3299 3080 3079
f 3081 3080 3299
f 3299 3300 3081
f 3299 3510 3300
f 3508 3705 3509
f 3705 3510 3509
f 5828 5826 5955
f 5688 5826 5828
f 5955 5829 5828
f 5828 5689 5688
f 5828 5829 5689
f 5687 5826 5686
f 5546 5544 5686
f 5688 5546 5686
f 5686 5826 5688
f 5545 5544 5400
f 5679 5687 5545
f 5687 5686 5545
f 5545 5686 5544
f 5545 5538 5679
f 5400 5538 5545
f 4922 4914 4743
f 4743 4921 4922
f 4922 5083 4914
f 5091 5085 4922
f 5085 5083 4922
f 4922 4921 5090
f 6394 6498 6496
f 6497 6498 6394
f 6294 6293 6402
f 6182 6293 6294
f 6402 6295 6294
f 6294 6295 6182
f 6399 6293 6292
f 6292 6290 6399
f 6292 6293 6182
f 6182 6290 6292
f 6059 5942 5941
f 5938 5937 6056
f 6056 6057 5938
f 5809 5808 5938
f 5808 5937 5938
f 5936 6052 6053
f 6053 5937 5936
f 6053 6054 5937
f 6058 6057 6056
f 6179 6059 6058
f 5941 6057 6058
f 6058 6059 5941
f 5812 5814 5676
f 5676 5675 5812
f 5943 5814 5812
f 5811 5940 5812
f 5812 5675 5811
f 5812 5942 5943
f 5812 5940 5941
f 5941 5942 5812
f 5827 5826 5687
f 5687 5815 5827
f 5827 5815 5817
f 5817 5949 5827
f 5949 5826 5827
f 5536 5537 5390
f 5677 5537 5536
f 5536 5390 5535
f 5535 5676 5536
f 5676 5677 5536
f 6193 6195 6071
f 6071 6070 6193
f 6193 6070 6194
f 6195 6193 6303
f 6305 6306 6196
f 6196 6303 6305
f 6073 6195 6196
f 6195 6303 6196
f 6512 6405 6407
f 6412 6306 6305
f 6412 6407 6306
f 6517 6518 6412
f 6412 6514 6517
f 6412 6518 6519
f 6512 6407 6412
f 6412 6520 6512
f 6519 6520 6412
f 6188 6187 6298
f 6406 6311 6298
f 6190 6187 6067
f 5841 5704 5840
f 5704 5824 5840
f 5833 5961 5834
f 5834 5694 5833
f 5832 5694 5834
f 5959 5951 5832
f 5832 5834 5959
f 5959 5834 5961
f 6067 5951 5959
f 6072 5961 6073
f 6072 6190 6067
f 6073 6190 6072
f 6067 5959 6072
f 6072 5959 5961
f 5550 5694 5692
f 5692 5694 5832
f 5549 5550 5692
f 5684 5818 5692
f 5692 5681 5549
f 5692 5818 5681
f 5692 5820 5684
f 5692 5832 5820
f 6304 6409 6410
f 6409 6511 6410
f 6410 6411 6304
f 6410 6516 6411
f 6410 6511 6515
f 6515 6516 6410
f 6622 6516 6621
f 6620 6619 6621
f 6621 6619 6732
f 6621 6515 6620
f 6621 6516 6515
f 6735 6622 6734
f 6734 6731 6735
f 6622 6731 6734
f 6821 6822 6735
f 6735 6731 6821
f 6820 6822 6821
f 6821 6731 6820
f 6816 6815 6744
f 6816 6814 6815
f 6744 6725 6816
f 6725 6814 6816
f 5274 5427 5275
f 5114 5274 5275
f 5275 5276 5114
f 5283 5427 5284
f 5284 5123 5283
f 5276 5275 5283
f 5283 5275 5427
f 5283 5123 5122
f 5122 5276 5283
f 5965 6075 5966
f 5965 5838 5837
f 5966 5838 5965
f 6208 6198 6083
f 5971 6082 6083
f 6083 6207 6208
f 6206 6207 6083
f 6083 6082 6206
f 5569 5425 5424
f 5424 5557 5569
f 5569 5564 5425
f 5565 5564 5569
f 5569 5708 5565
f 5701 5708 5569
f 5569 5557 5701
f 5556 5697 5700
f 5700 5697 5699
f 5700 5557 5556
f 5701 5557 5700
f 5837 5701 5700
f 5700 5699 5837
f 5837 5699 5836
f 5699 5835 5836
f 5836 5965 5837
f 4251 4252 4079
f 4251 4249 4252
f 4251 4079 4078
f 4078 4249 4251
f 4415 4414 4416
f 4416 4249 4415
f 4415 4249 4414
f 3888 3889 3699
f 3699 3887 3888
f 3888 4077 3889
f 4075 3886 4074
f 4075 3887 3886
f 3699 3504 3698
f 3698 3887 3699
f 3501 3696 3697
f 3696 3887 3697
f 3887 3698 3697
f 3697 3504 3501
f 3697 3698 3504
f 4736 4570 4730
f 4730 4900 4901
f 4730 4729 4900
f 4567 4729 4730
f 4730 4570 4567
f 4414 4249 4413
f 3699 3889 3890
f 3890 3891 3699
f 4079 3891 3890
f 4078 4079 3890
f 3890 3889 4078
f 4578 4573 4418
f 4418 4417 4578
f 4573 4414 4418
f 4576 4417 4572
f 4571 4736 4572
f 4411 4571 4572
f 4572 4738 4576
f 4746 4580 4582
f 4582 4580 4420
f 4420 4581 4582
f 4582 4747 4746
f 4744 4747 4582
f 4582 4581 4744
f 6604 6603 6605
f 6604 6497 6603
f 6605 6498 6604
f 6604 6498 6497
f 6497 6394 6495
f 5723 5721 5854
f 5854 5721 5720
f 5854 5855 5723
f 6419 6528 6521
f 6413 6310 6307
f 6307 6314 6413
f 6413 6314 6310
f 6415 6310 6414
f 6310 6314 6414
f 6414 6522 6415
f 6414 6521 6522
f 6414 6314 6419
f 6419 6521 6414
f 6529 6627 6629
f 6629 6627 6740
f 6740 6630 6629
f 6629 6530 6529
f 6629 6630 6530
f 6626 6627 6522
f 6522 6521 6626
f 6738 6737 6721
f 6738 6626 6737
f 6721 6725 6738
f 6725 6818 6738
f 6825 6740 6738
f 6738 6818 6825
f 6201 6202 6078
f 6308 6202 6201
f 6421 6320 6319
f 6319 6215 6318
f 4902 4730 4901
f 4736 4730 4902
f 4901 5070 5071
f 5071 4902 4901
f 6251 6136 6250
f 6359 6251 6250
f 6250 6358 6359
f 6250 6249 6358
f 6250 6136 6249
f 6135 6020 6134
f 6135 6136 6020
f 6134 6247 6135
f 6247 6249 6135
f 6249 6136 6135
f 6583 6477 6581
f 6581 6690 6583
f 6582 6477 6583
f 6583 6693 6582
f 6802 6693 6800
f 6800 6803 6802
f 6802 6696 6693
f 6574 6467 6573
f 6467 6466 6573
f 6573 6572 6574
f 6464 6572 6573
f 6481 6584 6586
f 6586 6585 6481
f 6584 6692 6586
f 5894 5895 5761
f 6017 5895 5894
f 5761 5760 5894
f 5894 5760 5893
f 5893 6017 5894
f 5203 5318 5204
f 5046 5045 5203
f 5203 5204 5046
f 5203 5045 5044
f 5044 5157 5203
f 5157 5318 5203
f 5355 5358 5356
f 5356 5205 5355
f 5356 5358 5206
f 5206 5205 5356
f 5763 5646 5645
f 5646 5504 5645
f 5501 5478 5620
f 5620 5478 5479
f 5620 5502 5501
f 5620 5504 5502
f 5372 5219 5371
f 5219 5370 5371
f 5519 5520 5371
f 5371 5520 5372
f 5218 5370 5219
f 5219 5059 5218
f 4888 4889 4716
f 3482 3275 3481
f 3481 3483 3482
f 3276 3275 3482
f 3482 3483 3276
f 3266 3474 3475
f 3475 3267 3266
f 3046 3262 3047
f 3047 2837 3046
f 3670 3671 3473
f 3473 3668 3670
f 3670 3668 3669
f 3860 3671 3670
f 3669 3859 3670
f 3859 3860 3670
f 3669 3668 3469
f 3469 3667 3669
f 3470 3258 3469
f 3469 3668 3470
f 3468 3667 3469
f 3469 3258 3468
f 3257 3256 3462
f 3462 3467 3257
f 3467 3258 3257
f 3257 3258 3041
f 3041 3256 3257
f 3866 3681 3680
f 3680 3677 3866
f 3866 3677 3867
f 3867 3683 3866
f 3683 3681 3866
f 3057 2845 2843
f 3057 3058 2845
f 2848 2846 3059
f 2627 2846 2629
f 2629 2847 2628
f 2846 2848 2629
f 2629 2848 2847
f 2629 2407 2627
f 2629 2628 2407
f 3073 3290 3074
f 3074 2857 3073
f 3281 3063 3280
f 4691 4530 4690
f 4691 4666 4530
f 4690 4832 4691
f 4832 4666 4691
f 4861 4689 4688
f 4688 4860 4861
f 4861 4832 4690
f 4690 4689 4861
f 5001 4832 5000
f 5000 4860 5030
f 4832 4861 5000
f 5000 4861 4860
f 5000 5030 5002
f 5002 5001 5000
f 5891 5759 5758
f 5891 5892 5759
f 6012 5892 5891
f 5891 5758 5888
f 5888 6012 5891
f 4215 4380 4381
f 4215 4046 4188
f 4215 4047 4046
f 4216 4047 4215
f 4188 4187 4215
f 4215 4187 4181
f 4215 4181 4348
f 4348 4380 4215
f 3226 3428 3433
f 1116 971 970
f 975 971 1116
f 1267 1120 1116
f 1116 1120 975
f 1417 1264 1263
f 1112 1111 1263
f 1263 1419 1417
f 1263 1111 1262
f 1262 1419 1263
f 1424 1270 1421
f 1270 1264 1421
f 1420 1424 1421
f 1421 1264 1420
f 1112 970 969
f 970 839 969
f 968 1112 969
f 969 839 968
f 840 841 718
f 718 839 840
f 840 839 841
f 1266 1114 1265
f 1265 1270 1266
f 1265 1264 1270
f 1112 1263 1113
f 1113 1263 1264
f 1113 970 1112
f 1113 1114 970
f 1264 1265 1113
f 1113 1265 1114
f 973 977 974
f 974 845 973
f 849 845 974
f 974 850 849
f 974 977 850
f 979 1123 980
f 1122 1123 979
f 979 853 852
f 980 853 979
f 852 851 979
f 851 978 979
f 1119 978 973
f 973 1118 1119
f 1122 979 1119
f 1119 979 978
f 1119 1118 1269
f 1269 1122 1119
f 980 1123 1124
f 1124 982 980
f 1273 1125 1124
f 1124 1125 983
f 983 982 1124
f 1269 1273 1124
f 1124 1123 1269
f 2575 2795 2796
f 2797 2577 2796
f 2796 2577 2575
f 2796 2998 2797
f 2796 2795 2998
f 2578 2798 2579
f 2375 2577 2578
f 2797 2798 2578
f 2578 2577 2797
f 2579 2576 2578
f 2578 2576 2375
f 3419 3213 3212
f 3212 3213 2994
f 3212 3210 3419
f 2994 3209 3212
f 3212 2990 3210
f 3209 2990 3212
f 3421 3215 3214
f 3214 3420 3421
f 3214 3213 3420
f 2995 3213 3214
f 3214 2996 2995
f 3214 3215 2996
f 3217 3001 2999
f 3216 3217 2999
f 2999 2998 3216
f 2797 2998 2999
f 2999 2798 2797
f 2999 3001 2798
f 2400 2621 2401
f 2401 2621 2402
f 2402 2211 2401
f 2210 2400 2401
f 2401 2211 2210
f 2841 3053 2842
f 2843 2625 2842
f 2842 2625 2624
f 2624 2841 2842
f 3055 2843 2842
f 3675 3676 3478
f 3864 3676 3675
f 2619 2835 2620
f 2619 2400 2399
f 2620 2400 2619
f 2833 3045 2834
f 2834 3045 3046
f 3046 2837 2834
f 2837 2835 2834
f 1102 1101 1256
f 1256 1101 1107
f 1256 1106 1102
f 1107 1106 1256
f 596 704 703
f 703 593 596
f 702 593 703
f 703 819 702
f 703 704 819
f 836 717 715
f 713 834 714
f 714 605 713
f 607 605 714
f 714 715 607
f 834 715 714
f 606 509 508
f 607 509 606
f 508 605 606
f 606 605 607
f 513 512 511
f 609 610 513
f 609 608 610
f 513 511 609
f 609 511 608
f 716 608 607
f 607 715 716
f 716 715 717
f 716 717 610
f 610 608 716
f 964 837 836
f 965 837 964
f 966 837 965
f 838 837 966
f 966 965 967
f 967 838 966
f 1103 959 1102
f 1102 1106 1103
f 1103 964 959
f 1103 1106 965
f 965 964 1103
f 988 859 987
f 987 1127 988
f 987 986 1127
f 614 726 616
f 360 432 361
f 360 361 303
f 303 302 360
f 302 359 360
f 430 359 429
f 429 517 430
f 854 735 734
f 733 854 734
f 734 621 733
f 622 621 734
f 734 735 623
f 623 622 734
f 519 619 520
f 520 521 433
f 520 619 620
f 620 521 520
f 433 432 520
f 520 432 519
f 518 618 519
f 518 430 517
f 845 722 848
f 848 976 973
f 973 845 848
f 848 847 976
f 848 722 847
f 538 529 631
f 529 531 631
f 443 529 447
f 447 371 443
f 443 371 370
f 370 369 443
f 442 441 529
f 442 369 441
f 529 443 442
f 442 443 369
f 224 183 223
f 223 183 222
f 223 270 224
f 223 269 270
f 222 269 223
f 182 158 157
f 182 183 158
f 222 183 182
f 221 222 182
f 182 181 221
f 182 157 181
f 272 271 328
f 225 271 272
f 272 226 225
f 272 328 274
f 274 226 272
f 389 330 388
f 388 468 389
f 387 468 388
f 263 217 216
f 264 217 263
f 263 216 254
f 263 254 309
f 309 316 263
f 316 264 263
f 218 215 179
f 179 217 218
f 218 217 264
f 262 215 218
f 218 265 262
f 264 265 218
f 319 376 373
f 373 314 319
f 373 374 314
f 450 374 449
f 539 450 449
f 449 373 376
f 374 373 449
f 453 539 449
f 449 376 453
f 473 565 566
f 566 474 473
f 334 332 393
f 394 335 393
f 393 335 334
f 583 488 582
f 688 583 582
f 582 487 581
f 582 488 487
f 581 685 582
f 582 685 686
f 582 687 688
f 686 687 582
f 345 344 291
f 345 407 344
f 412 407 345
f 345 411 412
f 410 411 345
f 293 346 345
f 345 346 410
f 240 293 345
f 345 291 240
f 6399 6290 6398
f 6398 6290 6289
f 6289 6397 6398
f 6289 6179 6288
f 6288 6397 6289
f 6499 6606 6500
f 6500 6397 6499
f 6499 6498 6606
f 6397 6498 6499
f 6612 6611 6509
f 6509 6507 6612
f 6500 6611 6612
f 6612 6507 6500
f 6402 6293 6401
f 6505 6504 6613
f 6505 6511 6510
f 6613 6515 6505
f 6515 6511 6505
f 6703 6701 6807
f 6811 6861 6862
f 6811 6862 6863
f 6863 6812 6811
f 6811 6812 6705
f 6701 6703 6595
f 6592 6699 6700
f 6700 6701 6592
f 6591 6699 6592
f 6592 6487 6591
f 6701 6595 6592
f 6380 6273 6272
f 6382 6273 6380
f 6484 6382 6483
f 6483 6587 6484
f 6587 6485 6484
f 6381 6382 6484
f 6484 6485 6381
f 6598 6708 6702
f 6702 6593 6598
f 6593 6494 6598
f 6052 6051 6169
f 6169 6051 6168
f 6169 6053 6052
f 6054 6053 6169
f 6166 6050 6165
f 6165 6273 6166
f 6166 6273 6274
f 6275 6166 6274
f 6389 6387 6489
f 6056 5937 6055
f 5937 6054 6055
f 6778 6844 6779
f 6779 6666 6778
f 6776 6665 6747
f 6776 6666 6665
f 6554 6666 6555
f 6553 6666 6554
f 3199 2979 3204
f 3204 3409 3199
f 3199 3409 3200
f 2771 2775 2976
f 2775 2979 2976
f 2977 2771 2976
f 2979 3199 2976
f 2976 2985 2977
f 3200 3201 2976
f 2976 3199 3200
f 2976 3202 2985
f 3201 3202 2976
f 3413 3412 3617
f 3617 3412 3616
f 3414 3413 3617
f 3617 3618 3414
f 3812 3618 3617
f 3617 3616 3812
f 3184 3185 2959
f 3184 3394 3395
f 3795 3601 3600
f 3600 3599 3794
f 3794 3795 3600
f 3395 3394 3600
f 3600 3394 3599
f 3186 3185 3396
f 3396 3397 3186
f 3395 3600 3396
f 3396 3600 3601
f 3796 3601 3798
f 3798 3979 3796
f 3798 3601 3797
f 3797 3979 3798
f 3800 3609 3603
f 3803 3609 3800
f 3603 3799 3800
f 3983 3803 3800
f 3800 3980 3983
f 3800 3799 3980
f 3602 3601 3796
f 3796 3799 3602
f 3397 3396 3602
f 3602 3396 3601
f 3602 3799 3604
f 3604 3398 3602
f 3602 3398 3397
f 4117 4116 4118
f 3933 3931 4117
f 4117 4118 3933
f 3931 3930 4117
f 3930 4116 4117
f 3358 3356 3145
f 3544 3356 3358
f 3145 3339 3358
f 3338 3544 3358
f 3358 3339 3338
f 2462 2461 2481
f 2262 2461 2462
f 2462 2456 2262
f 2695 2687 2462
f 2687 2456 2462
f 2462 2694 2695
f 2462 2697 2694
f 4774 4775 4611
f 4611 4610 4774
f 4624 4775 4774
f 4774 4610 4624
f 6214 6097 6096
f 6215 6097 6214
f 6096 6094 6214
f 6213 6215 6214
f 6214 6094 6213
f 5715 5847 5848
f 5848 5716 5715
f 5715 5716 5574
f 5574 5714 5715
f 5714 5847 5715
f 5849 5848 5974
f 5849 5716 5848
f 5974 5850 5849
f 5850 5716 5849
f 6218 6209 6098
f 6218 6097 6217
f 6098 6097 6218
f 6315 6209 6218
f 6217 6323 6218
f 6218 6323 6315
f 5846 5852 5719
f 5972 5852 5846
f 5845 5972 5846
f 5846 5711 5845
f 5846 5719 5711
f 5976 5852 5972
f 5976 5972 6080
f 6080 5977 5976
f 2933 2932 3154
f 2933 2723 2932
f 3154 3155 2933
f 3155 3156 2933
f 2933 3156 3157
f 3157 3158 2933
f 2934 2723 2933
f 2933 3158 2934
f 1197 1196 1345
f 1196 1344 1345
f 1345 1346 1197
f 1494 1346 1345
f 1345 1493 1494
f 1345 1344 1493
f 1043 1044 912
f 1194 1044 1043
f 1042 1192 1043
f 1043 912 1042
f 1043 1192 1193
f 1193 1194 1043
f 913 911 786
f 786 912 913
f 913 912 1045
f 914 911 1041
f 1041 1191 1046
f 911 913 1041
f 1046 915 1041
f 1041 915 914
f 1045 1191 1041
f 1041 913 1045
f 567 565 670
f 567 672 568
f 567 566 565
f 568 474 567
f 474 566 567
f 569 475 568
f 568 672 569
f 672 673 569
f 569 673 570
f 563 669 565
f 564 471 563
f 563 565 564
f 471 562 563
f 904 903 1037
f 1183 1035 1034
f 1036 1035 1183
f 1183 1184 1036
f 1034 1182 1183
f 467 559 469
f 469 468 467
f 466 557 467
f 467 557 559
f 467 468 387
f 467 386 466
f 467 387 386
f 667 562 665
f 667 780 783
f 783 784 667
f 667 665 664
f 664 780 667
f 787 669 668
f 669 563 668
f 668 563 562
f 786 787 668
f 562 667 668
f 668 667 784
f 661 774 775
f 902 776 775
f 775 776 661
f 775 774 900
f 775 901 902
f 775 900 901
f 1486 1336 1335
f 1485 1486 1335
f 1335 1484 1485
f 1335 1334 1484
f 1484 1334 1483
f 1644 1645 1483
f 1645 1484 1483
f 1037 1038 905
f 1038 906 905
f 905 906 779
f 779 904 905
f 905 904 1037
f 909 784 783
f 783 908 909
f 1188 1190 1040
f 1040 1190 1042
f 1040 909 908
f 910 909 1040
f 1040 1038 1188
f 908 1038 1040
f 1042 912 1040
f 912 910 1040
f 1458 1621 1459
f 1459 1621 1460
f 1313 1458 1459
f 1459 1460 1313
f 1773 1621 1618
f 1774 1621 1773
f 1618 1772 1773
f 1773 1772 1774
f 1620 1621 1458
f 1620 1457 1456
f 1620 1458 1457
f 1928 1787 1927
f 1927 2101 1928
f 1927 2100 2101
f 2103 2285 2098
f 2285 2283 2098
f 2098 2283 2284
f 1456 1455 1615
f 1455 1614 1615
f 1615 1616 1456
f 1615 1767 1616
f 1615 1614 1767
f 2115 2114 2304
f 2304 2509 2307
f 2508 2509 2304
f 2305 2112 2304
f 2304 2112 2303
f 2303 2302 2304
f 2302 2508 2304
f 2113 2112 2305
f 2113 1939 2112
f 2305 2304 2113
f 2113 2304 2114
f 2113 2114 1941
f 1941 1940 2113
f 1940 1939 2113
f 1798 1797 1938
f 1938 1939 1798
f 1798 1939 1940
f 1940 1799 1798
f 1643 1800 1644
f 1643 1799 1800
f 2323 2522 2524
f 2321 2522 2323
f 2323 2136 2321
f 1696 1545 1695
f 1545 1694 1695
f 1695 1828 1696
f 1695 1694 1827
f 1829 1828 1695
f 1695 1827 1829
f 1500 1499 1657
f 1656 1498 1500
f 1500 1349 1499
f 1498 1349 1500
f 1657 1658 1500
f 1500 1658 1656
f 88 1527 1526
f 1527 1371 1526
f 1526 1371 1369
f 1526 1525 88
f 1526 1369 1525
f 922 803 802
f 922 795 921
f 802 795 922
f 803 922 930
f 804 803 931
f 931 811 804
f 803 930 931
f 938 811 931
f 687 804 805
f 804 811 805
f 1204 1203 1352
f 1204 1053 1203
f 1503 1502 1512
f 403 402 477
f 477 484 403
f 340 402 403
f 404 340 403
f 403 484 404
f 683 579 677
f 677 795 683
f 677 579 572
f 572 676 677
f 676 795 677
f 1221 1222 1074
f 1222 1075 1074
f 1224 1229 1079
f 1079 1075 1224
f 1224 1223 1229
f 1224 1075 1223
f 940 941 813
f 940 1075 941
f 940 1074 1075
f 1368 1367 1524
f 1525 1369 1524
f 1369 1368 1524
f 3162 2940 2939
f 3162 2941 2940
f 2939 3161 3162
f 3161 2941 3162
f 4318 4157 4327
f 4157 4324 4327
f 4327 4475 4318
f 4327 4324 4475
f 6442 6443 6338
f 6338 6441 6442
f 6442 6441 6443
f 6115 6116 6002
f 6002 6029 6115
f 6115 6029 6146
f 6115 6232 6233
f 6146 6232 6115
f 6115 6233 6117
f 6117 6116 6115
f 6448 6342 6341
f 6448 6344 6342
f 6555 6449 6448
f 6449 6344 6448
f 5765 5900 5901
f 5901 5902 5766
f 5766 5765 5901
f 6026 5902 5901
f 6025 5900 6024
f 6025 6024 6142
f 6025 5901 5900
f 6025 6143 6026
f 6026 5901 6025
f 6230 6147 6113
f 6230 6259 6147
f 6113 6111 6229
f 6111 6112 6229
f 6229 6112 6228
f 5338 5183 5337
f 5482 5483 5338
f 5338 5483 5484
f 5338 5337 5481
f 5481 5482 5338
f 5184 5183 5338
f 5484 5339 5338
f 5338 5339 5184
f 5352 5497 5498
f 5498 5499 5352
f 5498 5497 5637
f 5641 5499 5498
f 5637 5640 5498
f 5498 5640 5641
f 5641 5781 5642
f 5642 5499 5641
f 5642 5764 5624
f 5642 5781 5764
f 5642 5624 5623
f 5623 5499 5642
f 5777 5908 5780
f 5780 5640 5777
f 5641 5640 5780
f 5780 5781 5641
f 5780 5908 5781
f 3025 2817 3024
f 3024 3243 3025
f 3025 3022 2817
f 3025 3243 3022
f 2783 2984 2786
f 2786 2984 2787
f 2786 2562 2783
f 2786 2787 2562
f 2555 2780 2556
f 2556 2355 2555
f 2556 2781 2782
f 2780 2781 2556
f 2782 2566 2556
f 2566 2557 2556
f 2557 2355 2556
f 944 1069 1083
f 1083 948 944
f 944 948 821
f 935 1069 944
f 817 935 944
f 944 821 817
f 2534 2761 2535
f 2535 2336 2534
f 2536 2336 2535
f 2535 2761 2554
f 2554 2536 2535
f 1974 1831 1970
f 1974 1975 1832
f 1832 1834 1974
f 1834 1831 1974
f 1974 1969 1975
f 1974 1970 1969
f 2852 2634 2632
f 2632 2631 2850
f 2411 2631 2632
f 2635 2634 2852
f 2635 2636 2413
f 2413 2634 2635
f 1630 1467 1629
f 1468 1467 1630
f 1630 1629 1631
f 1631 1470 1630
f 1630 1470 1468
f 1631 1604 1606
f 1606 1470 1631
f 1606 1604 1445
f 1445 1470 1606
f 1604 1759 1760
f 1760 1605 1604
f 1759 1605 1760
f 2481 2480 2696
f 2480 2697 2696
f 2696 2462 2481
f 2697 2462 2696
f 3567 3762 3568
f 3762 3759 3568
f 3762 3951 3946
f 3946 3759 3762
f 3956 3768 3947
f 3947 3951 3956
f 3768 3763 3947
f 3763 3759 3947
f 3947 3946 3951
f 3759 3946 3947
f 4132 3951 3950
f 3950 4131 4132
f 4129 4131 3950
f 3950 3951 3762
f 3950 3949 4129
f 3950 3762 3949
f 4301 4453 4307
f 4307 4302 4301
f 4137 4302 4307
f 4307 4306 4137
f 4464 4306 4307
f 4307 4453 4464
f 4462 4625 4463
f 4464 4625 4462
f 4462 4306 4464
f 4463 4304 4462
f 4304 4306 4462
f 4450 4449 4618
f 4618 4451 4450
f 4618 4449 4617
f 4452 4451 4618
f 4618 4619 4452
f 4618 4617 4783
f 4783 4619 4618
f 1003 1144 1147
f 1147 1144 1292
f 1147 1148 1003
f 1147 1292 1148
f 877 1010 1011
f 1011 878 877
f 1010 1158 1011
f 1011 1158 1159
f 1156 1009 1008
f 1008 1155 1156
f 1008 1009 875
f 1008 875 874
f 3914 4100 3915
f 3915 4100 4101
f 3915 4101 3916
f 3722 3914 3915
f 3915 3723 3722
f 3916 3723 3915
f 2876 2867 2656
f 2656 2875 2876
f 2429 2428 2656
f 2655 2428 2427
f 2875 2656 2655
f 2655 2656 2428
f 3290 3073 3289
f 3493 3494 3289
f 3494 3495 3289
f 3499 3497 3496
f 3496 3497 3290
f 3290 3289 3496
f 3496 3289 3495
f 3874 3687 3688
f 3877 3878 3874
f 3874 3688 3877
f 3489 3687 3494
f 3688 3687 3489
f 3489 3494 3493
f 3489 3686 3688
f 3685 3686 3489
f 3689 3495 3494
f 3494 3687 3689
f 3499 3496 3689
f 3689 3496 3495
f 3689 3878 3692
f 3692 3499 3689
f 3689 3874 3878
f 3687 3874 3689
f 3059 3276 3277
f 3276 3483 3277
f 3277 3483 3484
f 3484 3279 3277
f 3280 3063 3062
f 3062 3063 2850
f 3682 3487 3485
f 3686 3487 3682
f 3485 3684 3682
f 3682 3684 3870
f 3870 3686 3682
f 3067 3286 3068
f 3068 3286 3069
f 3069 2855 3068
f 3067 3068 2854
f 2854 3068 2855
f 2639 2636 2854
f 2854 2855 2639
f 3069 3286 3072
f 3072 2857 3069
f 3072 3073 2857
f 3510 3299 3298
f 3298 3509 3510
f 3298 3299 3079
f 3298 3297 3506
f 3298 3079 3297
f 3298 3506 3508
f 3508 3509 3298
f 5092 5249 5250
f 5250 5248 5092
f 5092 5247 5249
f 5090 5247 5092
f 5092 4922 5090
f 6180 6179 6181
f 6181 6061 6060
f 6061 5945 6060
f 6060 6180 6181
f 6060 5945 5943
f 6060 6059 6179
f 6179 6180 6060
f 5943 5942 6060
f 5942 6059 6060
f 5939 5810 5809
f 5809 5938 5939
f 5939 5940 5810
f 5941 5940 5939
f 5939 6057 5941
f 5939 5938 6057
f 6408 6411 6513
f 6513 6514 6408
f 6304 6411 6408
f 6305 6303 6408
f 6408 6412 6305
f 6514 6412 6408
f 6300 6407 6405
f 6306 6407 6300
f 5950 5952 5821
f 5821 5820 5950
f 5820 5951 5950
f 5950 5951 6065
f 6066 6065 6188
f 6066 5950 6065
f 5952 5950 6066
f 5684 5821 5822
f 5821 5952 5822
f 6299 6298 6311
f 6299 6311 6206
f 6206 6191 6299
f 5970 5969 6081
f 5971 5970 6081
f 6081 6082 5971
f 6206 6082 6081
f 6081 5969 6068
f 6081 6191 6206
f 6068 6191 6081
f 5841 5840 5954
f 5954 5969 5841
f 6068 5969 5954
f 6733 6731 6622
f 6622 6621 6733
f 6732 6731 6733
f 6733 6621 6732
f 6078 6075 6199
f 6199 6076 6078
f 6075 6076 6199
f 5835 5843 5962
f 5971 5963 5962
f 5962 5963 5835
f 5706 5705 5841
f 5706 5561 5705
f 4076 3888 3887
f 3887 4075 4076
f 4248 4077 4076
f 4077 3888 4076
f 4076 4074 4248
f 4076 4075 4074
f 4250 4418 4414
f 4417 4418 4250
f 4414 4413 4250
f 4249 4077 4250
f 4250 4413 4249
f 4250 4077 4248
f 4250 4572 4417
f 4737 4572 4736
f 4738 4572 4737
f 4736 4902 4737
f 6391 6494 6490
f 6490 6494 6593
f 6600 6599 6601
f 6601 6495 6600
f 6600 6495 6599
f 6603 6497 6602
f 6497 6495 6602
f 6712 6603 6602
f 6601 6712 6602
f 6602 6495 6601
f 6526 6528 6527
f 6526 6521 6528
f 6526 6525 6615
f 6527 6417 6526
f 6417 6525 6526
f 6740 6627 6739
f 6739 6738 6740
f 6627 6626 6739
f 6626 6738 6739
f 6200 6198 6307
f 6200 6076 6198
f 6307 6308 6200
f 6308 6201 6200
f 6078 6076 6200
f 6200 6201 6078
f 6318 6310 6416
f 6416 6319 6318
f 6421 6319 6416
f 6523 6421 6416
f 6415 6523 6416
f 6416 6310 6415
f 6215 6319 6216
f 6217 6097 6216
f 6216 6097 6215
f 6216 6320 6217
f 6216 6319 6320
f 6695 6690 6800
f 6695 6583 6690
f 6800 6693 6695
f 6693 6583 6695
f 6465 6466 6360
f 6465 6573 6466
f 6360 6464 6465
f 6464 6573 6465
f 5479 5621 5622
f 5622 5620 5479
f 5622 5621 5761
f 5761 5762 5622
f 5622 5762 5763
f 5763 5645 5622
f 5519 5371 5518
f 5518 5371 5370
f 5518 5658 5519
f 5657 5658 5518
f 5518 5517 5657
f 5518 5370 5517
f 4716 4715 4887
f 4887 4888 4716
f 5059 4888 4887
f 4886 5057 4887
f 3048 3047 3264
f 3048 3267 3049
f 3048 3266 3267
f 3049 2837 3048
f 2837 3047 3048
f 3473 3474 3265
f 3474 3266 3265
f 3265 3472 3473
f 3264 3472 3265
f 3265 3048 3264
f 3266 3048 3265
f 3262 3260 3263
f 3263 3047 3262
f 3263 3260 3264
f 3264 3047 3263
f 3055 3058 3056
f 3058 3057 3056
f 3056 2843 3055
f 3056 3057 2843
f 2847 2848 2849
f 2850 2631 2849
f 2849 2631 2847
f 2628 2847 2630
f 2847 2631 2630
f 2630 2411 2628
f 2630 2631 2411
f 3492 3491 3493
f 3286 3491 3492
f 3493 3289 3492
f 3285 3286 3067
f 3285 3491 3286
f 3063 3281 3282
f 3282 3280 3486
f 3282 3281 3280
f 4382 4215 4381
f 4216 4215 4382
f 4382 4383 4216
f 4381 4541 4382
f 4541 4383 4382
f 3251 3037 3035
f 3035 3226 3251
f 3226 3433 3251
f 3432 3433 3428
f 3431 3632 3432
f 3432 3224 3431
f 3432 3428 3224
f 1267 1116 1115
f 1115 1116 970
f 1115 1114 1267
f 970 1114 1115
f 3054 3053 3271
f 3054 2842 3053
f 3054 3271 3055
f 3055 2842 3054
f 3673 3863 3674
f 3674 3476 3673
f 2833 2834 2618
f 2835 2619 2618
f 2618 2834 2835
f 2615 2833 2618
f 2618 2617 2615
f 2399 2617 2618
f 2618 2619 2399
f 835 715 834
f 833 962 835
f 835 834 833
f 960 959 835
f 835 962 960
f 836 715 835
f 510 509 607
f 607 608 510
f 608 511 510
f 426 512 427
f 426 511 512
f 425 509 426
f 509 510 426
f 426 510 511
f 426 354 425
f 426 427 354
f 963 964 836
f 959 964 963
f 836 835 963
f 963 835 959
f 729 727 617
f 617 728 729
f 726 728 617
f 617 616 726
f 432 360 431
f 430 518 431
f 431 360 359
f 359 430 431
f 519 432 431
f 431 518 519
f 618 518 615
f 727 618 615
f 615 617 727
f 538 631 634
f 634 631 531
f 634 645 538
f 634 531 633
f 634 633 747
f 747 749 634
f 748 645 634
f 634 749 748
f 387 388 327
f 326 387 327
f 327 271 326
f 328 271 327
f 327 330 328
f 327 388 330
f 390 474 391
f 6287 6288 6179
f 6400 6401 6293
f 6400 6293 6399
f 6508 6509 6400
f 6509 6504 6400
f 6504 6505 6400
f 6400 6507 6508
f 6503 6507 6400
f 6399 6398 6400
f 6400 6397 6503
f 6400 6398 6397
f 6510 6404 6506
f 6506 6505 6510
f 6506 6404 6402
f 6402 6401 6506
f 6401 6400 6506
f 6506 6400 6505
f 6705 6703 6810
f 6810 6811 6705
f 6861 6811 6810
f 6807 6861 6810
f 6810 6703 6807
f 6704 6703 6705
f 6704 6595 6703
f 6487 6592 6488
f 6488 6489 6385
f 6385 6384 6488
f 6384 6487 6488
f 6382 6380 6379
f 6379 6378 6382
f 6379 6271 6378
f 6272 6271 6379
f 6379 6380 6272
f 6705 6706 6597
f 6708 6598 6597
f 6707 6708 6597
f 6597 6706 6707
f 6280 6171 6276
f 6166 6275 6276
f 6174 6054 6173
f 6174 6055 6054
f 6281 6171 6280
f 6387 6389 6281
f 6281 6276 6387
f 6280 6276 6281
f 6173 6054 6172
f 6054 6171 6172
f 6054 6169 6170
f 6170 6171 6054
f 6170 6169 6168
f 6830 6844 6777
f 6844 6778 6777
f 6777 6747 6830
f 6777 6778 6666
f 6777 6776 6747
f 6666 6776 6777
f 6447 6554 6555
f 6447 6448 6341
f 6555 6448 6447
f 6444 6339 6443
f 6444 6443 6552
f 6552 6553 6444
f 3183 3182 3392
f 2960 3182 3183
f 3183 2959 2960
f 3183 3184 2959
f 5977 5855 5853
f 5853 5976 5977
f 5852 5976 5853
f 5720 5852 5853
f 5853 5854 5720
f 5855 5854 5853
f 672 567 671
f 790 791 671
f 791 672 671
f 671 670 790
f 671 567 670
f 778 904 779
f 778 779 664
f 664 662 778
f 662 776 777
f 777 778 662
f 904 778 777
f 903 904 777
f 902 903 777
f 777 776 902
f 1481 1480 1641
f 1330 1480 1481
f 786 668 785
f 785 668 784
f 785 910 786
f 784 909 785
f 785 909 910
f 1334 1335 1187
f 1186 1334 1187
f 1187 1336 1188
f 1187 1335 1336
f 1187 1038 1186
f 1188 1038 1187
f 1334 1185 1333
f 1333 1483 1334
f 1333 1185 1184
f 1619 1620 1456
f 1621 1620 1619
f 1456 1618 1619
f 1618 1621 1619
f 2100 1927 2099
f 2284 2286 2099
f 2286 2100 2099
f 2099 2098 2284
f 1926 1787 1791
f 1926 1927 1787
f 1791 1931 1926
f 1931 2098 1926
f 1926 2099 1927
f 2098 2099 1926
f 2104 1931 2103
f 2103 2098 2104
f 2104 2098 1931
f 2307 2115 2306
f 2306 2304 2307
f 2115 2304 2306
f 1640 1797 1642
f 1797 1798 1642
f 1642 1798 1799
f 1799 1643 1642
f 1642 1641 1640
f 2524 2328 2322
f 2322 2323 2524
f 2137 2135 2322
f 2322 2328 2137
f 2135 2136 2322
f 2136 2323 2322
f 938 931 1064
f 1064 931 930
f 697 814 815
f 697 813 814
f 697 805 811
f 589 588 697
f 921 1053 1054
f 1053 1204 1054
f 1054 922 921
f 1353 1204 1352
f 1352 1502 1353
f 1502 1503 1353
f 1221 1074 1073
f 1074 940 939
f 939 1073 1074
f 939 811 938
f 938 1073 939
f 1523 1524 1367
f 1523 73 88
f 1523 91 73
f 88 1525 1523
f 1525 1524 1523
f 1514 1667 92
f 92 91 1514
f 6259 6230 6231
f 6229 6335 6231
f 6231 6230 6113
f 6113 6229 6231
f 6439 6368 6336
f 6336 6335 6439
f 6336 6231 6335
f 6368 6259 6336
f 6259 6231 6336
f 6438 6546 6439
f 6439 6335 6438
f 6438 6437 6546
f 6438 6335 6437
f 6333 6437 6436
f 6436 6335 6333
f 6437 6335 6436
f 6333 6335 6334
f 6334 6335 6229
f 6334 6228 6333
f 6334 6229 6228
f 5871 5778 5776
f 5778 5638 5776
f 5776 5775 5871
f 5635 5775 5636
f 5636 5494 5635
f 5775 5776 5636
f 5636 5776 5638
f 5637 5497 5495
f 5497 5350 5495
f 5639 5777 5637
f 5637 5495 5639
f 5639 5495 5638
f 5639 5638 5778
f 5639 5779 5777
f 5639 5778 5779
f 2411 2632 2633
f 2633 2632 2634
f 2412 2411 2633
f 2633 2634 2412
f 2851 3065 2852
f 2852 2632 2851
f 2851 2632 2850
f 2850 3063 2851
f 2853 2635 2852
f 2636 2635 2853
f 2853 2854 2636
f 3564 3568 3759
f 3569 3364 3564
f 3564 3759 3569
f 3364 3359 3564
f 1159 1013 1012
f 1012 1011 1159
f 1012 1013 880
f 880 878 1012
f 878 1011 1012
f 1155 1008 1007
f 1007 1006 1005
f 874 1006 1007
f 1007 1008 874
f 1005 1151 1007
f 1154 1155 1007
f 1007 1151 1152
f 1152 1153 1007
f 1007 1153 1154
f 2657 2867 2647
f 2657 2656 2867
f 2647 2430 2657
f 2657 2430 2429
f 2429 2656 2657
f 2426 2652 2653
f 2652 2873 2874
f 2874 2653 2652
f 2655 2653 2874
f 2874 3091 2875
f 2875 2655 2874
f 2874 2873 3090
f 3090 3091 2874
f 3493 3491 3490
f 3490 3489 3493
f 3278 3279 3280
f 3280 3062 3278
f 3288 3289 3073
f 3073 3072 3288
f 3288 3072 3286
f 3286 3492 3288
f 3288 3492 3289
f 6302 6408 6303
f 6302 6193 6194
f 6302 6303 6193
f 6302 6194 6304
f 6304 6408 6302
f 6405 6406 6297
f 6297 6300 6405
f 6190 6300 6297
f 6406 6298 6297
f 6297 6298 6187
f 6187 6190 6297
f 6197 6190 6073
f 6197 6300 6190
f 6306 6300 6197
f 6073 6196 6197
f 6197 6196 6306
f 6189 6191 6068
f 6068 6066 6189
f 6189 6066 6188
f 6189 6299 6191
f 6188 6298 6189
f 6298 6299 6189
f 5823 5954 5840
f 5823 5840 5824
f 5823 5822 5952
f 5823 5824 5684
f 5684 5822 5823
f 6074 5963 5971
f 5971 6083 6074
f 6074 6083 6198
f 6198 6076 6074
f 5964 6076 6075
f 6075 5965 5964
f 5964 6074 6076
f 5963 6074 5964
f 5965 5836 5964
f 5964 5836 5835
f 5835 5963 5964
f 5842 5970 5971
f 5971 5962 5842
f 5842 5706 5841
f 5842 5962 5843
f 5843 5706 5842
f 5841 5969 5842
f 5842 5969 5970
f 5707 5843 5835
f 5707 5706 5843
f 5835 5698 5707
f 5707 5698 5561
f 5561 5706 5707
f 4248 4411 4412
f 4412 4250 4248
f 4411 4572 4412
f 4572 4250 4412
f 4738 4737 4910
f 4910 4737 4902
f 4902 5071 4910
f 4911 4738 4910
f 6279 6284 6173
f 6173 6172 6279
f 6279 6172 6171
f 6173 6284 6285
f 6594 6490 6593
f 6495 6490 6594
f 6594 6593 6599
f 6599 6495 6594
f 6391 6490 6388
f 6284 6279 6388
f 6737 6626 6625
f 6625 6626 6521
f 6521 6526 6625
f 5058 5218 5059
f 5059 4887 5058
f 5058 4887 5057
f 5217 5218 5058
f 5058 5057 5217
f 3061 2849 2848
f 3061 3062 2850
f 2850 2849 3061
f 3491 3285 3283
f 3283 3490 3491
f 3489 3490 3283
f 3461 3634 3463
f 3461 3432 3634
f 3461 3251 3433
f 3433 3432 3461
f 3633 3632 3829
f 3633 3432 3632
f 3829 3634 3633
f 3634 3432 3633
f 516 515 614
f 614 616 516
f 516 518 517
f 516 615 518
f 429 515 516
f 516 517 429
f 616 617 516
f 617 615 516
f 331 330 390
f 390 391 331
f 275 330 331
f 392 474 475
f 392 391 474
f 333 331 392
f 392 331 391
f 332 333 392
f 394 393 392
f 392 393 332
f 6395 6287 6394
f 6496 6397 6395
f 6395 6394 6496
f 6397 6288 6396
f 6288 6287 6396
f 6396 6395 6397
f 6287 6395 6396
f 6283 6174 6173
f 6173 6285 6283
f 6179 6058 6178
f 6178 6287 6179
f 6595 6492 6491
f 6491 6492 6389
f 6491 6592 6595
f 6491 6488 6592
f 6491 6389 6489
f 6489 6488 6491
f 6493 6598 6494
f 6493 6597 6598
f 6489 6387 6386
f 6387 6276 6386
f 6386 6276 6275
f 6385 6489 6386
f 6386 6274 6385
f 6386 6275 6274
f 6167 6051 6050
f 6050 6166 6167
f 6166 6276 6167
f 6168 6051 6167
f 6389 6492 6390
f 6390 6281 6389
f 6390 6493 6494
f 6492 6493 6390
f 6390 6494 6391
f 6391 6281 6390
f 6278 6276 6171
f 6171 6170 6278
f 6168 6276 6278
f 6278 6170 6168
f 6341 6235 6340
f 6235 6339 6340
f 6339 6444 6340
f 3394 3184 3393
f 3184 3183 3393
f 3598 3599 3393
f 3599 3394 3393
f 3393 3590 3598
f 3392 3590 3393
f 3393 3183 3392
f 1330 1481 1331
f 1331 1182 1330
f 1331 1183 1182
f 1184 1183 1331
f 1483 1333 1332
f 1332 1331 1481
f 1332 1333 1184
f 1184 1331 1332
f 698 697 815
f 589 697 698
f 815 699 698
f 698 699 589
f 588 687 696
f 696 697 588
f 687 805 696
f 805 697 696
f 812 697 811
f 811 939 812
f 812 939 940
f 812 940 813
f 813 697 812
f 1055 930 922
f 922 1054 1055
f 1367 1366 1522
f 1522 1523 1367
f 1522 1366 91
f 91 1523 1522
f 91 1366 1521
f 1521 1514 91
f 1366 1514 1521
f 1513 1512 1667
f 1667 1514 1513
f 1361 1514 1366
f 1361 1213 1212
f 5494 5636 5496
f 5496 5636 5638
f 5496 5349 5494
f 5496 5495 5349
f 5638 5495 5496
f 2852 3065 3066
f 3066 2853 2852
f 3066 3285 3067
f 3067 2854 3066
f 2854 2853 3066
f 3363 3564 3359
f 3568 3564 3363
f 3363 3359 3153
f 3567 3568 3363
f 3362 3567 3363
f 3363 3153 3362
f 2426 2653 2654
f 2654 2653 2655
f 2654 2427 2426
f 2654 2655 2427
f 5953 5823 5952
f 5954 5823 5953
f 6068 5954 5953
f 5953 6066 6068
f 5952 6066 5953
f 6171 6281 6282
f 6282 6279 6171
f 6282 6388 6279
f 6282 6281 6391
f 6391 6388 6282
f 6393 6285 6284
f 6393 6495 6394
f 6394 6285 6393
f 6392 6490 6495
f 6392 6388 6490
f 6284 6388 6392
f 6495 6393 6392
f 6392 6393 6284
f 6628 6526 6615
f 6628 6625 6526
f 6628 6615 6721
f 6721 6737 6628
f 6737 6625 6628
f 3060 3278 3062
f 3062 3061 3060
f 3279 3278 3060
f 3060 3277 3279
f 3059 3277 3060
f 3060 2848 3059
f 3060 3061 2848
f 3282 3283 3064
f 3063 3282 3064
f 3064 3066 3065
f 3064 2851 3063
f 3065 2851 3064
f 3489 3283 3488
f 3486 3685 3488
f 3685 3489 3488
f 3488 3282 3486
f 3488 3283 3282
f 3254 3461 3463
f 3251 3461 3254
f 3037 3251 3254
f 3254 3255 3037
f 3463 3255 3254
f 275 331 276
f 276 332 277
f 276 333 332
f 276 331 333
f 276 227 275
f 277 228 276
f 228 227 276
f 6174 6283 6175
f 6056 6055 6175
f 6055 6174 6175
f 6286 6283 6285
f 6394 6287 6286
f 6286 6285 6394
f 6177 6058 6056
f 6177 6178 6058
f 6597 6493 6596
f 6596 6493 6492
f 6596 6704 6705
f 6705 6597 6596
f 6595 6704 6596
f 6596 6492 6595
f 6277 6276 6168
f 6168 6167 6277
f 6277 6167 6276
f 6554 6447 6446
f 6446 6447 6341
f 6341 6340 6446
f 6445 6340 6444
f 6553 6554 6445
f 6445 6444 6553
f 6554 6446 6445
f 6445 6446 6340
f 1483 1332 1482
f 1482 1332 1481
f 1644 1483 1482
f 1482 1481 1641
f 1482 1643 1644
f 1641 1642 1482
f 1482 1642 1643
f 1219 1366 1367
f 1219 1361 1366
f 1213 1361 1219
f 1212 1213 1063
f 1063 1213 1064
f 1063 1064 930
f 930 1055 1063
f 1360 1361 1212
f 1514 1361 1360
f 1212 1353 1360
f 1360 1353 1503
f 1360 1513 1514
f 1360 1503 1512
f 1512 1513 1360
f 3284 3064 3283
f 3066 3064 3284
f 3284 3283 3285
f 3285 3066 3284
f 6287 6178 6176
f 6176 6175 6283
f 6056 6175 6176
f 6176 6286 6287
f 6283 6286 6176
f 6176 6177 6056
f 6178 6177 6176
f 1220 1219 1367
f 1220 1368 1221
f 1220 1367 1368
f 1221 1073 1220
f 1212 1063 1205
f 1205 1353 1212
f 1204 1353 1205
f 1205 1063 1055
f 1205 1054 1204
f 1205 1055 1054
f 1072 1073 938
f 1072 1220 1073
f 938 1064 1072
f 1064 1213 1072
f 1213 1219 1072
f 1219 1220 1072
f 4494 4500 4661
f 4655 4494 4661
f 4981 5143 5144
f 4982 4981 5144
f 3193 3401 3192
f 3192 2971 3193
f 4824 4994 4993
f 4993 4994 5153
f 4696 4536 4534
f 4534 4695 4696
f 4534 4536 4376
f 4376 4374 4534
f 1993 2162 2163
f 2163 1994 1993
f 2352 2152 2340
f 2164 2152 2352
f 4106 3922 3921
f 4107 3922 4106
f 4963 4622 4785
f 4786 4622 4963
f 6372 6376 6266
f 6266 6376 6375
f 4560 4720 4721
f 4559 4720 4560
f 339 283 282
f 282 338 339
f 131 122 129
f 123 122 131
f 4336 4176 3999
f 4336 3999 4175
f 4623 4622 4786
f 4457 4622 4623
f 769 770 656
f 656 655 769
f 4995 4825 4992
f 5151 4995 4992
f 2147 2149 2148
f 2338 2149 2147
f 4609 4459 4442
f 4441 4609 4442
f 5428 5436 5581
f 5581 5571 5428
f 4552 4394 4393
f 4393 4551 4552
f 5007 5006 5161
f 5007 5161 5167
f 5050 4878 5049
f 5049 5208 5050
f 5364 5511 5365
f 5365 5511 5512
f 155 176 212
f 212 180 155
f 199 198 242
f 242 243 199
f 242 198 241
f 241 294 242
f 4338 4496 4497
f 4497 4339 4338
f 4656 4819 4822
f 4656 4822 4658
f 4497 4496 4656
f 4656 4658 4497
f 3546 3340 3545
f 3737 3546 3545
f 3938 3749 3748
f 3939 3749 3938
f 5136 4973 5296
f 5296 4973 5135
f 381 460 382
f 382 460 461
f 5304 5144 5143
f 5304 5143 5303
f 5115 5277 5116
f 5128 5277 5115
f 5286 5436 5428
f 5428 5287 5286
f 4714 4553 4713
f 4713 4553 4552
f 6158 6268 6159
f 6045 6158 6159
f 4057 4226 4227
f 4058 4057 4227
f 1707 1840 1708
f 1708 1840 1710
f 796 797 679
f 678 796 679
f 152 154 135
f 135 134 152
f 166 194 195
f 195 194 239
f 3621 3613 3416
f 3415 3621 3416
f 2758 2965 2966
f 2760 2758 2966
f 3134 3545 3340
f 3351 3545 3134
f 3926 3736 3558
f 3750 3926 3558
f 4123 4294 4121
f 4297 4294 4123
f 4128 4284 4123
f 4123 4284 4297
f 4771 4605 4770
f 4606 4605 4771
f 5576 5432 5575
f 5575 5432 5431
f 1189 1315 1180
f 1180 1315 1325
f 5300 5446 5444
f 5299 5300 5444
f 1910 2080 1762
f 1762 2080 1911
f 2468 2270 2269
f 2269 2467 2468
f 5786 5913 5917
f 5782 5913 5786
f 5207 5048 5206
f 5206 5048 5047
f 4880 5052 4881
f 5051 5052 4880
f 4182 4035 4205
f 4205 4349 4182
f 5617 5756 5758
f 5616 5756 5617
f 5617 5473 5616
f 5474 5473 5617
f 5462 5173 5332
f 5317 5173 5462
f 4884 5055 5056
f 5056 4885 4884
f 4881 4882 4710
f 4709 4881 4710
f 2623 2624 2402
f 2402 2624 2403
f 3268 3477 3270
f 3268 3270 3269
f 3404 3203 2978
f 3194 3404 2978
f 4954 4955 4778
f 4777 4954 4778
f 1611 1450 1301
f 1301 1449 1611
f 477 476 570
f 570 571 477
f 919 918 1051
f 1051 1052 919
f 4696 4695 4867
f 4695 4864 4867
f 6236 6005 6121
f 6122 6005 6236
f 5341 5487 5342
f 5342 5188 5341
f 2530 2533 2333
f 2333 2332 2530
f 2216 2041 2040
f 2213 2216 2040
f 5096 5095 5255
f 5256 5096 5255
f 5094 5253 5255
f 5255 5095 5094
f 5249 5404 5250
f 5402 5404 5249
f 5693 5691 5831
f 5833 5693 5831
f 4575 4579 4419
f 4416 4575 4419
f 5317 5462 5318
f 5318 5462 5355
f 5217 5216 5368
f 5368 5369 5217
f 5368 5367 5514
f 5368 5514 5515
f 5059 5219 5220
f 5059 5220 5060
f 3474 3672 3673
f 3474 3673 3475
f 3473 3671 3474
f 3474 3671 3672
f 2036 2210 2037
f 1879 2036 2037
f 3863 4057 4058
f 4058 3864 3863
f 417 499 502
f 416 499 417
f 735 624 623
f 736 624 735
f 643 757 881
f 758 643 881
f 413 346 343
f 343 406 413
f 343 346 293
f 293 292 343
f 5712 5719 5578
f 5570 5712 5578
f 484 579 485
f 572 579 484
f 1762 1608 1761
f 1761 1608 1607
f 1009 1158 1010
f 1157 1158 1009
f 6697 6696 6802
f 6802 6803 6697
f 6586 6587 6482
f 6482 6585 6586
f 6588 6587 6586
f 6586 6692 6588
f 5217 5369 5218
f 5369 5370 5218
f 4888 5059 5060
f 5060 4889 4888
f 987 858 986
f 859 858 987
f 3185 3184 3396
f 3396 3184 3395
f 570 476 569
f 569 476 475
f 6255 6143 6025
f 6142 6255 6025
f 5091 4922 5092
f 5092 5248 5091
f 5504 5620 5622
f 5622 5645 5504
f 4714 4886 4887
f 4887 4715 4714
f 3674 3863 3864
f 3864 3675 3674
f 3478 3476 3674
f 3674 3675 3478
f 5350 5195 5495
f 5495 5195 5349
f 4910 5071 5070
f 4910 5070 4911
f 475 476 392
f 392 476 394

