# https://github.com/mikedh/trimesh
v 0.00559828 -0.05688458 -0.05097207
v 0.00559828 -0.05675222 -0.05211712
v 0.00610085 -0.05681840 -0.05097207
v 0.00610085 -0.05668604 -0.05211712
v 0.00610085 -0.05635513 -0.05303765
v 0.00724491 -0.05653162 -0.05097207
v 0.00696407 -0.05625954 -0.05287784
v 0.00730404 -0.05636984 -0.05214750
v 0.00559828 -0.05598747 -0.05365837
v 0.00610085 -0.05594335 -0.05360951
v 0.00795146 -0.05620807 -0.05178694
v 0.00801945 -0.05623013 -0.05097207
v 0.00724491 -0.05653162 -0.04090703
v 0.00772678 -0.05611983 -0.05255031
v 0.00730404 -0.05583305 -0.05326084
v 0.00876442 -0.05492123 -0.05375743
v 0.00953600 -0.05519330 -0.05298086
v 0.01024255 -0.05506094 -0.05277351
v 0.00559828 -0.05541390 -0.05406119
v 0.00610085 -0.05536978 -0.05404534
v 0.00724491 -0.05520065 -0.05395949
v 0.00799876 -0.05506829 -0.05387893
v 0.01350624 -0.05384763 -0.05261766
v 0.01368953 -0.05392117 -0.05185298
v 0.01433399 -0.05372262 -0.05097207
v 0.01376048 -0.05395058 -0.05097207
v 0.01128019 -0.05386969 -0.05384327
v 0.01172658 -0.05411971 -0.05327141
v 0.01274353 -0.05399470 -0.05289501
v 0.01593628 -0.05278139 -0.05278935
v 0.00610085 -0.05443590 -0.05430420
v 0.00724491 -0.05443590 -0.05422231
v 0.00838603 -0.05449473 -0.05406119
v 0.00953600 -0.05417853 -0.05402025
v 0.01526225 -0.05324465 -0.05211712
v 0.01526225 -0.05334760 -0.05097207
v 0.01297116 -0.05292846 -0.05397402
v 0.01374570 -0.05278874 -0.05389082
v 0.01450841 -0.05262697 -0.05376139
v 0.01526225 -0.05292110 -0.05299538
v 0.01664578 -0.05247255 -0.05211712
v 0.01607226 -0.05286228 -0.05211712
v 0.01526225 -0.05245049 -0.05356857
v 0.01599540 -0.05168573 -0.05390931
v 0.01634719 -0.05209752 -0.05323443
v 0.01721929 -0.05174456 -0.05291614
v 0.02053324 -0.04936942 -0.05280520
v 0.01925910 -0.05041360 -0.05264804
v 0.00838898 -0.05328877 -0.05434250
v 0.01182710 -0.05214164 -0.05432401
v 0.00953600 -0.05328877 -0.05428042
v 0.01297116 -0.05214164 -0.05423552
v 0.01068007 -0.05328877 -0.05417213
v 0.01172658 -0.05329613 -0.05402421
v 0.01616095 -0.05292110 -0.05097207
v 0.00907483 0.01605369 -0.05387497
v 0.00838898 0.01617134 -0.05394364
v 0.00724491 0.01631841 -0.05400043
v 0.01412410 -0.05220782 -0.05406911
v 0.01526225 -0.05187692 -0.05400968
v 0.01742327 -0.05189898 -0.05211712
v 0.01937143 -0.05050184 -0.05188468
v 0.01750604 -0.05196516 -0.05097207
v 0.01673151 -0.05253137 -0.05097207
v 0.01639154 -0.05100187 -0.05405459
v 0.02056871 -0.04825170 -0.05390931
v 0.01930640 -0.04930324 -0.05385384
v 0.01802634 -0.05034742 -0.05377856
v 0.01676107 -0.05139160 -0.05368083
v 0.01849639 -0.05070038 -0.05301520
v 0.02007206 -0.04901645 -0.05356857
v 0.02180738 -0.04831788 -0.05291086
v 0.02384719 -0.04698692 -0.05267842
v 0.01799678 -0.05147249 -0.05211712
v 0.02213257 0.00626632 -0.05437948
v 0.01068007 -0.05214164 -0.05435438
v 0.01411818 -0.05099451 -0.05434382
v 0.00610085 0.01542865 -0.05425401
v 0.02098850 0.00741345 -0.05436495
v 0.01526225 -0.05099451 -0.05427250
v 0.01628216 -0.05284021 -0.04090703
v 0.01466213 0.01368590 -0.05382214
v 0.01148121 0.01495068 -0.05390931
v 0.01389647 0.01384767 -0.05393044
v 0.01068007 0.01509039 -0.05397270
v 0.00838898 0.01542865 -0.05414571
v 0.00724491 0.01542865 -0.05422496
v 0.02338897 -0.04742812 -0.05222410
v 0.02393883 -0.04706781 -0.05191505
v 0.02267356 -0.04811199 -0.05097207
v 0.01999520 -0.05011211 -0.05097207
v 0.01807955 -0.05153867 -0.05097207
v 0.01870037 -0.04870761 -0.05421175
v 0.02096485 -0.04756783 -0.05404402
v 0.01974983 -0.04866349 -0.05398459
v 0.02182216 -0.04718546 -0.05394761
v 0.02258487 -0.04688397 -0.05376271
v 0.02133142 -0.04795021 -0.05367422
v 0.02308448 -0.04727370 -0.05299935
v 0.02343036 -0.04655307 -0.05339423
v 0.02377624 -0.04576626 -0.05378912
v 0.02417533 -0.04622217 -0.05302576
v 0.02523958 -0.04500886 -0.05295576
v 0.02630383 -0.04375878 -0.05287784
v 0.02737104 -0.04250870 -0.05279067
v 0.02843528 -0.04126598 -0.05269294
v 0.02493804 -0.04576626 -0.05243805
v 0.02443844 -0.04643542 -0.05217655
v 0.02327664 0.00626632 -0.05430023
v 0.02327664 0.00511920 -0.05438344
v 0.03244099 -0.02465468 -0.05439797
v 0.03129693 -0.03038297 -0.05439400
v 0.03014991 -0.03266987 -0.05439136
v 0.01755334 -0.04870761 -0.05435042
v 0.02900584 -0.00289600 -0.05439532
v 0.01640928 -0.04985474 -0.05432136
v 0.00953600 0.01428887 -0.05424609
v 0.01182710 0.01314175 -0.05426194
v 0.01640928 0.01084749 -0.05428307
v 0.01984443 0.00856058 -0.05432533
v 0.01984443 -0.04756048 -0.05426854
v 0.01693844 0.01253141 -0.05381290
v 0.01617278 0.01273731 -0.05393836
v 0.01526225 0.01296526 -0.05400308
v 0.01297116 0.01401680 -0.05399251
v 0.01068007 0.01428887 -0.05418269
v 0.01297116 0.01314175 -0.05421043
v 0.02502378 -0.04587656 -0.05167469
v 0.02455669 -0.04647218 -0.05097207
v 0.02398318 -0.04711192 -0.05097207
v 0.02327664 -0.04765608 -0.05097207
v 0.02314952 -0.04775902 -0.04090703
v 0.01999520 -0.05011211 -0.04090703
v 0.02217395 -0.04646483 -0.05407836
v 0.02301057 -0.04611922 -0.05396346
v 0.02451235 -0.04538388 -0.05337310
v 0.02408665 -0.04500150 -0.05395949
v 0.02515089 -0.04375143 -0.05392648
v 0.02620923 -0.04249400 -0.05387893
v 0.02484936 -0.04451618 -0.05372045
v 0.02591361 -0.04325875 -0.05364253
v 0.02978629 -0.03925115 -0.05292275
v 0.02949953 -0.04001591 -0.05234560
v 0.02912704 -0.04058212 -0.05202467
v 0.02702220 -0.04322198 -0.05211712
v 0.02535783 -0.04533976 -0.05208014
v 0.01870037 0.00970036 -0.05427382
v 0.02213257 0.00741345 -0.05424344
v 0.02318795 0.00736198 -0.05399780
v 0.02395953 0.00694284 -0.05390667
v 0.02437340 0.00617808 -0.05400308
v 0.02442366 0.00511920 -0.05425269
v 0.02671475 0.00168516 -0.05432665
v 0.02556772 0.00283229 -0.05437023
v 0.02442366 0.00397942 -0.05438212
v 0.03358802 -0.02007352 -0.05429627
v 0.03244099 -0.02579445 -0.05438212
v 0.03244099 -0.01435258 -0.05439665
v 0.03244099 -0.02923584 -0.05423288
v 0.03129693 -0.03152274 -0.05429891
v 0.03014991 -0.03381700 -0.05433325
v 0.02900584 -0.03610390 -0.05435042
v 0.03244099 -0.02694158 -0.05434382
v 0.03244099 -0.02808871 -0.05429759
v 0.02671475 -0.03954529 -0.05434514
v 0.02327664 -0.04412645 -0.05431608
v 0.02213257 -0.04527358 -0.05431212
v 0.02098850 -0.04641336 -0.05430552
v 0.02900584 -0.00174887 -0.05435570
v 0.03014991 -0.00519025 -0.05438080
v 0.03129693 -0.00862429 -0.05439532
v 0.02785882 -0.00060174 -0.05438740
v 0.01526225 0.01199462 -0.05422891
v 0.02392405 0.00804585 -0.05275898
v 0.02274747 0.00801643 -0.05385912
v 0.01820963 0.01148723 -0.05388289
v 0.01755334 0.01172989 -0.05396346
v 0.01649796 0.01209021 -0.05405722
v 0.02958526 -0.04012621 -0.05158224
v 0.02503856 -0.04589861 -0.05097207
v 0.02334759 -0.04533976 -0.05408628
v 0.02445026 -0.04412645 -0.05406119
v 0.02755728 -0.04047182 -0.05397798
v 0.02861266 -0.03920703 -0.05394233
v 0.02726165 -0.04123657 -0.05381950
v 0.02831999 -0.03997179 -0.05375611
v 0.02905609 -0.03961147 -0.05333876
v 0.02937833 -0.03864082 -0.05368611
v 0.03007896 -0.03823638 -0.05319349
v 0.03072933 -0.03783930 -0.05270087
v 0.03052535 -0.03855258 -0.05211712
v 0.02988089 -0.03959676 -0.05202467
v 0.01755334 0.01084749 -0.05419590
v 0.01863533 0.01081807 -0.05400440
v 0.02351018 0.00770759 -0.05352234
v 0.02432315 0.00731786 -0.05314859
v 0.02506516 0.00692813 -0.05277483
v 0.02472224 0.00650899 -0.05353819
v 0.02503264 0.00574423 -0.05386176
v 0.02525436 0.00511920 -0.05396874
v 0.02672657 0.00281759 -0.05407572
v 0.02785882 0.00053804 -0.05425137
v 0.03440690 -0.02007352 -0.05401496
v 0.03358802 -0.02121329 -0.05425665
v 0.03244099 -0.01320545 -0.05439136
v 0.03358802 -0.01893374 -0.05429099
v 0.03314458 -0.02923584 -0.05392516
v 0.03248829 -0.03033885 -0.05406911
v 0.03343429 -0.02579445 -0.05408628
v 0.03334561 -0.02694158 -0.05404402
v 0.03325101 -0.02808871 -0.05399251
v 0.03107521 -0.03381700 -0.05404006
v 0.02999914 -0.03610390 -0.05406383
v 0.02900584 -0.03725103 -0.05421307
v 0.02785882 -0.03839816 -0.05431873
v 0.02442366 -0.04297932 -0.05428571
v 0.02994888 -0.00174887 -0.05406119
v 0.03014991 -0.00404313 -0.05430948
v 0.03129693 -0.00747716 -0.05435042
v 0.02906792 -0.00055762 -0.05412722
v 0.03244099 -0.01091119 -0.05436099
v 0.03244099 -0.01205832 -0.05437815
v 0.03058447 -0.03867759 -0.05097207
v 0.03002279 -0.03954529 -0.05097207
v 0.02959118 -0.04013356 -0.05097207
v 0.02913887 -0.04070712 -0.05097207
v 0.02553225 -0.04527358 -0.05097207
v 0.02556772 -0.04183219 -0.05423816
v 0.02790612 -0.03956735 -0.05409024
v 0.02899993 -0.03830992 -0.05401364
v 0.02960300 -0.03787607 -0.05385516
v 0.03031841 -0.03725103 -0.05343253
v 0.03078845 -0.03797902 -0.05211712
v 0.03085645 -0.03725103 -0.05285935
v 0.03197982 -0.03465529 -0.05284615
v 0.03306476 -0.03222131 -0.05276822
v 0.03414675 -0.02973587 -0.05264672
v 0.03182018 -0.03542004 -0.05245654
v 0.02527801 0.00617808 -0.05319877
v 0.02612350 0.00567070 -0.05263615
v 0.02851510 0.00236903 -0.05279992
v 0.02746268 0.00364117 -0.05291350
v 0.02641026 0.00490595 -0.05301387
v 0.02607029 0.00446474 -0.05377724
v 0.02845302 0.00114101 -0.05384988
v 0.02740947 0.00242050 -0.05391195
v 0.02635409 0.00369999 -0.05395553
v 0.02781743 0.00158957 -0.05400043
v 0.03498041 -0.02007352 -0.05346159
v 0.03434482 -0.02121329 -0.05397402
v 0.03352594 -0.02465468 -0.05411138
v 0.03439803 -0.01893374 -0.05400968
v 0.03358802 -0.01778661 -0.05425269
v 0.03306181 -0.02993441 -0.05386704
v 0.03414971 -0.02401493 -0.05382610
v 0.03409945 -0.02465468 -0.05377856
v 0.03400781 -0.02579445 -0.05368611
v 0.03391616 -0.02694158 -0.05358045
v 0.03382452 -0.02808871 -0.05345763
v 0.03214833 -0.03152274 -0.05399780
v 0.03426500 -0.02236042 -0.05391591
v 0.03420292 -0.02325018 -0.05386969
v 0.03087419 -0.03473617 -0.05393704
v 0.02974490 -0.03725103 -0.05394761
v 0.03082097 -0.00321955 -0.05390931
v 0.03098061 -0.00404313 -0.05400704
v 0.03223406 -0.00747716 -0.05405987
v 0.03129693 -0.00633003 -0.05423948
v 0.02975377 -0.00090323 -0.05395685
v 0.03244099 -0.00977142 -0.05430420
v 0.03336630 -0.01091119 -0.05407307
v 0.03342838 -0.01205832 -0.05409553
v 0.03084462 -0.03810402 -0.05097207
v 0.03070568 -0.03550092 -0.05382478
v 0.03057265 -0.03610390 -0.05370196
v 0.03163098 -0.03603037 -0.05209202
v 0.03189705 -0.03559652 -0.05169317
v 0.03164872 -0.03381700 -0.05362932
v 0.03290217 -0.03069916 -0.05374026
v 0.03215720 -0.03381700 -0.05305746
v 0.03320962 -0.03152274 -0.05296369
v 0.03379791 -0.02930202 -0.05319877
v 0.03420883 -0.02897111 -0.05277483
v 0.03531151 -0.02183098 -0.05270219
v 0.03525534 -0.02259573 -0.05248295
v 0.03453106 -0.02808871 -0.05211712
v 0.03432413 -0.02930202 -0.05220560
v 0.03424135 -0.03000794 -0.05188336
v 0.03400190 -0.03038297 -0.05220560
v 0.03338995 -0.03033885 -0.05332028
v 0.03206851 -0.03500825 -0.05209202
v 0.02956161 0.00108954 -0.05263351
v 0.02984837 0.00032479 -0.05300199
v 0.02781743 0.00278082 -0.05323839
v 0.02711680 0.00318526 -0.05367687
v 0.02949066 -0.00013848 -0.05376535
v 0.03542976 -0.02007352 -0.05288973
v 0.03491833 -0.02121329 -0.05335461
v 0.03497154 -0.01893374 -0.05344706
v 0.03433299 -0.01778661 -0.05396874
v 0.03427091 -0.01663948 -0.05392516
v 0.03358802 -0.01663948 -0.05421043
v 0.03349933 -0.01320545 -0.05411401
v 0.03180540 -0.03311107 -0.05378648
v 0.03197095 -0.03234632 -0.05390270
v 0.03536177 -0.02121329 -0.05278275
v 0.03444533 -0.02579445 -0.05311425
v 0.03435960 -0.02694158 -0.05300859
v 0.03427683 -0.02808871 -0.05288445
v 0.03066134 -0.00245479 -0.05378120
v 0.03188818 -0.00570499 -0.05385252
v 0.03310911 -0.00895519 -0.05390667
v 0.03201530 -0.00633003 -0.05393836
v 0.03324805 -0.00977142 -0.05400176
v 0.03018242 -0.00056497 -0.05330047
v 0.03052239 -0.00174887 -0.05361875
v 0.03393981 -0.01091119 -0.05359234
v 0.03407285 -0.01320545 -0.05375611
v 0.03412606 -0.01402903 -0.05380761
v 0.03417336 -0.01478643 -0.05384724
v 0.03421179 -0.01549971 -0.05387761
v 0.03404328 -0.03067710 -0.05097207
v 0.03554505 -0.02121329 -0.05211712
v 0.03534403 -0.02319871 -0.05171959
v 0.03449559 -0.02923584 -0.05097207
v 0.03428274 -0.03010354 -0.05097207
v 0.03062882 -0.00019730 -0.05211712
v 0.03082097 -0.00098412 -0.05283558
v 0.02817218 0.00190576 -0.05356329
v 0.03567513 -0.02007352 -0.05211712
v 0.03542089 -0.01893374 -0.05287388
v 0.03173150 -0.00494024 -0.05369403
v 0.03294651 -0.00819779 -0.05377724
v 0.03381861 -0.00977142 -0.05342329
v 0.03098357 -0.00174887 -0.05304557
v 0.03326874 -0.00747716 -0.05303897
v 0.03437734 -0.01091119 -0.05301916
v 0.03426204 -0.00977142 -0.05285011
v 0.03567217 -0.02121329 -0.05097207
v 0.03070272 -0.00007230 -0.05097207
v 0.03093331 -0.00076351 -0.05211712
v 0.03137083 -0.00174887 -0.05211712
v 0.03188818 -0.00341809 -0.05272068
v 0.03579929 -0.02007352 -0.05097207
v 0.03565444 -0.01893374 -0.05211712
v 0.03535290 -0.01778661 -0.05276954
v 0.03280757 -0.00747716 -0.05361083
v 0.03356732 -0.00867576 -0.05324632
v 0.03417336 -0.00916108 -0.05271408
v 0.03201234 -0.00404313 -0.05289369
v 0.03310615 -0.00666829 -0.05283030
v 0.03471139 -0.01091119 -0.05211712
v 0.03531447 -0.01713951 -0.05270483
v 0.03448968 -0.00977142 -0.05211712
v 0.03099539 -0.00063851 -0.05097207
v 0.03149795 -0.00174887 -0.05097207
v 0.03304111 -0.00569764 -0.05167072
v 0.03173445 -0.00266069 -0.05211712
v 0.03295538 -0.00591089 -0.05243409
v 0.03577269 -0.01893374 -0.05097207
v 0.03527012 -0.01637476 -0.05252786
v 0.03534994 -0.01569825 -0.05176449
v 0.03424726 -0.00897725 -0.05211712
v 0.03483260 -0.01091119 -0.05097207
v 0.03484738 -0.01205832 -0.05211712
v 0.03461088 -0.00977142 -0.05097207
v 0.03430934 -0.00882283 -0.05097207
v 0.03401963 -0.00840369 -0.05211712
v -0.04136593 -0.01893236 -0.04010210
v -0.04129697 -0.01778621 -0.05097121
v -0.04136133 -0.01893236 -0.05097121
v -0.04127858 -0.02007851 -0.05097121
v -0.04113148 -0.01664006 -0.05097121
v -0.04031779 -0.01128216 -0.05169637
v -0.04118664 -0.01778621 -0.05211635
v -0.04126019 -0.01893236 -0.05211635
v -0.04117745 -0.02007851 -0.05211635
v -0.04032698 -0.02784839 -0.05176777
v -0.04101195 -0.02236620 -0.05097121
v -0.04042812 -0.01434776 -0.05290732
v -0.04051546 -0.01549391 -0.05302771
v -0.04059821 -0.01664006 -0.05313271
v -0.04061200 -0.01785526 -0.05334410
v -0.04073152 -0.01893236 -0.05326290
v -0.04023963 -0.01182071 -0.05246074
v -0.04029480 -0.01258481 -0.05270153
v -0.04034537 -0.01320162 -0.05277572
v -0.04061660 -0.02122006 -0.05314951
v -0.04048328 -0.02351235 -0.05297871
v -0.04041433 -0.02465850 -0.05288492
v -0.04034537 -0.02580465 -0.05278272
v -0.04030400 -0.02650891 -0.05271553
v -0.04025802 -0.02727301 -0.05253074
v -0.04091081 -0.02236620 -0.05211635
v -0.04037295 -0.02691397 -0.05213595
v -0.04022124 -0.02817520 -0.05213595
v -0.04028101 -0.02858487 -0.05097121
v -0.04047409 -0.02695080 -0.05097121
v -0.04080968 -0.02409693 -0.04010210
v -0.04029939 -0.01828334 -0.05384528
v -0.04029939 -0.01893236 -0.05384248
v -0.04029020 -0.01951234 -0.05383548
v -0.04060281 -0.01996804 -0.05334830
v -0.03991324 -0.02580465 -0.05335530
v -0.03992243 -0.02691397 -0.05316351
v -0.03969258 -0.02809235 -0.05326290
v -0.03942594 -0.02913723 -0.05328110
v -0.03994542 -0.02923849 -0.05211635
v -0.04005575 -0.02923849 -0.05097121
v -0.04028101 -0.02858487 -0.04010210
v -0.04047409 -0.02695080 -0.04010210
v -0.03907656 -0.01084027 -0.05378368
v -0.03913632 -0.01152152 -0.05382988
v -0.03920528 -0.01228562 -0.05387887
v -0.03928343 -0.01320162 -0.05393487
v -0.03938457 -0.01434776 -0.05399507
v -0.03947651 -0.01549391 -0.05403847
v -0.03978912 -0.01785526 -0.05403847
v -0.03971556 -0.01893236 -0.05409726
v -0.03978912 -0.01996804 -0.05402867
v -0.03933860 -0.02580465 -0.05398107
v -0.03927883 -0.02695080 -0.05394327
v -0.03920528 -0.02809235 -0.05388447
v -0.03915471 -0.02869074 -0.05384248
v -0.03926964 -0.03038464 -0.05286672
v -0.03915471 -0.03097843 -0.05270293
v -0.03950410 -0.03038464 -0.05211635
v -0.03961443 -0.03038464 -0.05097121
v -0.03857088 -0.01320162 -0.05423866
v -0.03857088 -0.01434776 -0.05429885
v -0.03956845 -0.01664006 -0.05406367
v -0.03857088 -0.01549391 -0.05434225
v -0.03857088 -0.01664006 -0.05436045
v -0.03857088 -0.01778621 -0.05436465
v -0.03857088 -0.01893236 -0.05436325
v -0.03857088 -0.02007851 -0.05435905
v -0.03857088 -0.02236620 -0.05434365
v -0.03857088 -0.02351235 -0.05433525
v -0.03857088 -0.02465850 -0.05431846
v -0.03857088 -0.02580465 -0.05428346
v -0.03857088 -0.02695080 -0.05423166
v -0.03857088 -0.02809235 -0.05414486
v -0.03824448 -0.03267694 -0.05301931
v -0.03858467 -0.02913723 -0.05401187
v -0.03822150 -0.03038464 -0.05397827
v -0.03808818 -0.03117636 -0.05390127
v -0.03686534 -0.03442148 -0.05384528
v -0.03808358 -0.03346406 -0.05281632
v -0.03898462 -0.03170110 -0.05211635
v -0.03686534 -0.03671378 -0.05270853
v -0.03793188 -0.03422815 -0.05234454
v -0.03800543 -0.03440767 -0.05158158
v -0.03903978 -0.03183459 -0.05097121
v -0.03742619 -0.01091392 -0.05439545
v -0.03742619 -0.01206007 -0.05440245
v -0.03742619 -0.02809235 -0.05435485
v -0.03742619 -0.02923849 -0.05434645
v -0.03742619 -0.03038464 -0.05427366
v -0.03715037 -0.03486797 -0.05328390
v -0.03698487 -0.03610618 -0.05287512
v -0.03628151 -0.03382309 -0.05419526
v -0.03593673 -0.03610618 -0.05398107
v -0.03579881 -0.03689330 -0.05390407
v -0.03625393 -0.03718329 -0.05323350
v -0.03722852 -0.03610618 -0.05211635
v -0.03594592 -0.03818214 -0.05299412
v -0.03568848 -0.03894624 -0.05261333
v -0.03669525 -0.03743645 -0.05211635
v -0.03675042 -0.03756994 -0.05097121
v -0.03698028 -0.03699917 -0.05097121
v -0.03824908 -0.03382309 -0.05097121
v -0.03903978 -0.03183459 -0.04010210
v 0.00495009 -0.05443535 -0.05434085
v 0.00380541 -0.05443535 -0.05435345
v -0.00765062 -0.05443535 -0.05437585
v -0.03284286 -0.03839848 -0.05437305
v -0.03628151 -0.03153079 -0.05435485
v -0.03513683 -0.03496463 -0.05434785
v -0.03628151 -0.03267694 -0.05432265
v -0.03513683 -0.03610618 -0.05427646
v -0.03518280 -0.03726614 -0.05406367
v -0.03477825 -0.03839848 -0.05394047
v -0.03559654 -0.03765739 -0.05375708
v -0.03541265 -0.03849975 -0.05333010
v -0.03483802 -0.03944336 -0.05320970
v -0.03464034 -0.04022587 -0.05279392
v -0.03538507 -0.03948479 -0.05218495
v -0.03577583 -0.03906131 -0.05184897
v -0.03607924 -0.03849975 -0.05218495
v -0.03224983 -0.04352163 -0.05260773
v -0.03234637 -0.04365051 -0.05184477
v -0.03627691 -0.03839848 -0.05097121
v -0.03824908 -0.03382309 -0.04010210
v 0.00495009 -0.05546643 -0.05408326
v -0.00077792 -0.05558150 -0.05423446
v -0.00192261 -0.05558150 -0.05426946
v -0.00306729 -0.05558150 -0.05429186
v -0.00421198 -0.05558150 -0.05428066
v -0.00879531 -0.05443535 -0.05436185
v -0.01337864 -0.05328921 -0.05434925
v -0.02139143 -0.04985536 -0.05435345
v -0.02711944 -0.04527077 -0.05436185
v -0.02940881 -0.04297847 -0.05436325
v -0.03055350 -0.04183693 -0.05435205
v -0.03399214 -0.03725233 -0.05435345
v -0.03399214 -0.03839848 -0.05420926
v -0.03394158 -0.03944336 -0.05397267
v -0.03352783 -0.04026730 -0.05390407
v -0.03458058 -0.03899227 -0.05384668
v -0.03429096 -0.03975636 -0.05355689
v -0.03116031 -0.04359527 -0.05385648
v -0.03253945 -0.04275753 -0.05300671
v -0.03119250 -0.04478285 -0.05277712
v -0.03238315 -0.04370114 -0.05097121
v -0.03538048 -0.03967812 -0.05097121
v -0.03580801 -0.03910274 -0.05097121
v -0.03086610 -0.04550552 -0.05211635
v -0.03130283 -0.04493475 -0.05211635
v -0.03094885 -0.04561600 -0.05097121
v -0.03138098 -0.04504062 -0.05097121
v 0.00495009 -0.05696241 -0.05097121
v 0.00132296 -0.05734446 -0.05175377
v 0.00559828 -0.05598657 -0.05365908
v 0.00495009 -0.05604181 -0.05372208
v 0.00400308 -0.05610625 -0.05378928
v 0.00323996 -0.05615228 -0.05383548
v -0.00192261 -0.05641465 -0.05400907
v -0.00306729 -0.05646528 -0.05403147
v -0.00535666 -0.05558150 -0.05424426
v -0.01108468 -0.05443535 -0.05431145
v -0.00993999 -0.05443535 -0.05433805
v -0.00421198 -0.05642846 -0.05401467
v -0.01452332 -0.05328921 -0.05431565
v -0.01681269 -0.05214306 -0.05432965
v -0.02024674 -0.05099691 -0.05428625
v -0.02253611 -0.04985536 -0.05423866
v -0.02368079 -0.04870921 -0.05428066
v -0.02482548 -0.04756307 -0.05431986
v -0.02597016 -0.04641692 -0.05435065
v -0.02826413 -0.04527077 -0.05424846
v -0.02940881 -0.04412462 -0.05425266
v -0.03169818 -0.04069078 -0.05431986
v -0.03284286 -0.03954463 -0.05428206
v -0.03055350 -0.04297847 -0.05420086
v -0.03283826 -0.04066776 -0.05403567
v -0.03049373 -0.04403716 -0.05396287
v -0.03007539 -0.04482888 -0.05388727
v -0.02972601 -0.04559298 -0.05364929
v -0.03048454 -0.04518791 -0.05321391
v -0.03139936 -0.04403716 -0.05319991
v -0.03013056 -0.04599344 -0.05288632
v -0.03029146 -0.04615455 -0.05211635
v -0.03037880 -0.04624200 -0.05097121
v 0.00151144 -0.05736747 -0.05097121
v 0.00495009 -0.05683352 -0.05211635
v -0.00017570 -0.05730303 -0.05269453
v -0.00192261 -0.05776794 -0.05097121
v -0.00192261 -0.05763905 -0.05211635
v 0.00058742 -0.05725700 -0.05251814
v 0.00495009 -0.05642846 -0.05314951
v -0.00192261 -0.05740430 -0.05287932
v -0.00192261 -0.05698542 -0.05345189
v -0.00306729 -0.05703606 -0.05353029
v -0.00650594 -0.05558150 -0.05420506
v -0.01222936 -0.05443535 -0.05427366
v -0.00421198 -0.05700383 -0.05347569
v -0.00833560 -0.05616609 -0.05384668
v -0.00874934 -0.05566436 -0.05403987
v -0.00765062 -0.05558150 -0.05415186
v -0.01566801 -0.05328921 -0.05422046
v -0.01795278 -0.05214306 -0.05425686
v -0.02139143 -0.05099691 -0.05415186
v -0.02243957 -0.05093247 -0.05395027
v -0.02711944 -0.04641692 -0.05420226
v -0.02937204 -0.04523394 -0.05399367
v -0.02896289 -0.04593821 -0.05388587
v -0.02774465 -0.04702912 -0.05386067
v -0.02650343 -0.04810162 -0.05381588
v -0.02932606 -0.04634787 -0.05321391
v -0.02892152 -0.04705674 -0.05277993
v -0.02964786 -0.04672532 -0.05211635
v -0.02975819 -0.04681278 -0.05097121
v -0.00306729 -0.05786460 -0.05097121
v -0.00306729 -0.05773111 -0.05211635
v -0.00306729 -0.05745033 -0.05295772
v -0.01222936 -0.05522708 -0.05396707
v -0.01337864 -0.05443535 -0.05416866
v -0.00421198 -0.05741810 -0.05290312
v -0.00909872 -0.05610165 -0.05379208
v -0.01337864 -0.05511200 -0.05390547
v -0.00993999 -0.05544341 -0.05404407
v -0.01916642 -0.05223512 -0.05405947
v -0.02199365 -0.05159070 -0.05385087
v -0.02711944 -0.04728228 -0.05394047
v -0.02818138 -0.04635708 -0.05396287
v -0.02441634 -0.05055502 -0.05285972
v -0.02566216 -0.04949173 -0.05296331
v -0.02691257 -0.04842383 -0.05305151
v -0.02317051 -0.05161832 -0.05275333
v -0.02767569 -0.04812463 -0.05265393
v -0.02782280 -0.04823971 -0.05189097
v -0.02657239 -0.04930300 -0.05163058
v -0.02846180 -0.04783925 -0.05097121
v -0.00306729 -0.05786460 -0.04010210
v -0.00421198 -0.05780476 -0.05097121
v -0.00421198 -0.05767127 -0.05211635
v -0.01401304 -0.05503375 -0.05385368
v -0.00512680 -0.05734906 -0.05278132
v -0.01222936 -0.05625815 -0.05286392
v -0.01108468 -0.05634100 -0.05300391
v -0.00993999 -0.05642386 -0.05313551
v -0.00993999 -0.05601419 -0.05370808
v -0.02243957 -0.05178863 -0.05318591
v -0.01958936 -0.05267701 -0.05380748
v -0.02024674 -0.05295319 -0.05304451
v -0.02099608 -0.05279209 -0.05280792
v -0.02175920 -0.05263098 -0.05235574
v -0.02243497 -0.05233178 -0.05203096
v -0.02331302 -0.05173339 -0.05211635
v -0.02642988 -0.04918793 -0.05239494
v -0.02341876 -0.05181624 -0.05097121
v -0.02399340 -0.05136515 -0.05097121
v -0.02471974 -0.05079438 -0.05097121
v -0.00535666 -0.05763905 -0.05097121
v -0.00727826 -0.05732604 -0.05167957
v -0.00650594 -0.05738588 -0.05191476
v -0.00650594 -0.05724779 -0.05248734
v -0.00588993 -0.05729382 -0.05266653
v -0.01222936 -0.05579785 -0.05343649
v -0.01293732 -0.05619371 -0.05275752
v -0.01444517 -0.05528231 -0.05327270
v -0.01540597 -0.05514422 -0.05289752
v -0.01858258 -0.05388760 -0.05272533
v -0.02198446 -0.05272764 -0.05159138
v -0.01617369 -0.05497851 -0.05258673
v -0.01399006 -0.05617069 -0.05161658
v -0.02256829 -0.05239162 -0.05097121
v -0.00993999 -0.05697161 -0.05097121
v -0.01222936 -0.05663559 -0.05097121
v -0.01222936 -0.05649750 -0.05211635
v -0.00993999 -0.05683352 -0.05211635
v -0.01334186 -0.05626735 -0.05204496
v -0.01370044 -0.05606942 -0.05237954
v -0.01400845 -0.05617990 -0.05097121
v -0.02024674 -0.05349174 -0.05097121
v -0.02139143 -0.05299462 -0.05097121
v -0.02199365 -0.05273224 -0.05097121
v -0.01443138 -0.05586689 -0.05204496
v -0.01337864 -0.05637783 -0.05097121
v -0.00993999 -0.05697161 -0.04010210
v -0.01400845 -0.05617990 -0.04010210
v 0.04087461 -0.01892821 0.00171867
v 0.04088054 -0.01939013 0.00171867
v 0.03976961 -0.01515048 0.00171867
v 0.04005845 -0.01572384 0.00171867
v 0.04048949 -0.01663637 0.00171867
v 0.04080648 -0.01778310 0.00171867
v 0.04077685 -0.01778310 0.00286518
v 0.04081833 -0.01892821 0.00286518
v 0.03936524 -0.01434615 0.00286518
v 0.03976369 -0.01518601 0.00286518
v 0.04003475 -0.01575776 0.00286518
v 0.04044802 -0.01663637 0.00286518
v 0.03461195 -0.00976571 0.05210891
v 0.03482377 -0.01091082 0.05210891
v 0.03534960 -0.01569638 0.05279867
v 0.03577175 -0.01892821 0.05210891
v 0.03197535 -0.00320515 0.05292917
v 0.03304184 -0.00569242 0.05275207
v 0.03430977 -0.00881603 0.05210891
v 0.03425941 -0.00894201 0.05292917
v 0.03436162 -0.00980286 0.05328337
v 0.03457196 -0.01091082 0.05325541
v 0.03540441 -0.01663637 0.05292917
v 0.03547106 -0.01778310 0.05305967
v 0.03553772 -0.01892821 0.05317152
v 0.03554365 -0.01939013 0.05318084
v 0.03301962 -0.00689405 0.05383332
v 0.03406241 -0.00944431 0.05369350
v 0.03419572 -0.01020825 0.05387061
v 0.03517037 -0.01778310 0.05363758
v 0.03523555 -0.01892821 0.05374943
v 0.03015342 -0.00289344 0.05431802
v 0.03105994 -0.00289344 0.05404771
v 0.03195313 -0.00440679 0.05389857
v 0.03313516 -0.00747549 0.05392653
v 0.03334253 -0.00862060 0.05403839
v 0.03364322 -0.00980286 0.05406635
v 0.03358841 -0.01091082 0.05420617
v 0.03424312 -0.01091082 0.05390789
v 0.03524147 -0.01939013 0.05375875
v 0.03436458 -0.01320104 0.05400110
v 0.03442827 -0.01434615 0.05403839
v 0.03448604 -0.01549126 0.05406635
v 0.03453937 -0.01663637 0.05409431
v 0.03459713 -0.01778310 0.05410364
v 0.03358841 -0.01549126 0.05430870
v 0.03244342 -0.00862060 0.05430870
v 0.03129842 -0.00518366 0.05428074
v 0.03209384 -0.00518366 0.05399178
v 0.03244342 -0.00747549 0.05420617
v 0.03358841 -0.01205593 0.05425278
v 0.03466379 -0.01892821 0.05409431
v 0.03358841 -0.01320104 0.05428074
v 0.03358841 -0.01434615 0.05429938
v -0.00192055 0.01815105 -0.05373088
v 0.00461464 0.01718498 -0.05386686
v -0.00306589 0.01814197 -0.05371978
v -0.01080031 0.01718498 -0.05386686
v -0.01156387 0.01712441 -0.05381968
v -0.01420040 0.01610079 -0.05390988
v -0.01746126 0.01489244 -0.05386270
v -0.04028724 -0.01084027 -0.04021836
v 0.00151548 0.01736668 -0.05398620
v -0.00192055 0.01757868 -0.05401256
v -0.00306589 0.01756959 -0.05401256
v 0.00380616 0.01724252 -0.05391265
v 0.00266082 0.01731217 -0.05396122
v 0.00537820 0.01710321 -0.05380581
v -0.00765174 0.01734246 -0.05397787
v -0.00879709 0.01729400 -0.05395151
v -0.00994243 0.01723343 -0.05390849
v -0.01223311 0.01642786 -0.05401534
v -0.01337845 0.01623102 -0.05397926
v -0.01910067 0.01314200 -0.05429147
v -0.01910067 0.01395968 -0.05399175
v -0.01995406 0.01382037 -0.05391682
v -0.02071762 0.01365078 -0.05378777
v -0.03742613 -0.01084027 -0.05439415
v -0.04013004 -0.00976517 -0.04021836
v -0.04013004 -0.00976517 -0.05097093
v 0.00151548 0.01657929 -0.05420128
v 0.00266082 0.01657929 -0.05416797
v -0.00192055 0.01657929 -0.05425401
v -0.00306589 0.01657929 -0.05425262
v 0.00037014 0.01657929 -0.05422070
v -0.00077520 0.01657929 -0.05423874
v -0.00535657 0.01657929 -0.05422348
v -0.00650640 0.01657929 -0.05420821
v -0.00765174 0.01657929 -0.05418879
v 0.00380616 0.01657929 -0.05410970
v -0.00879709 0.01657929 -0.05415410
v -0.00994243 0.01657929 -0.05410415
v -0.01337845 0.01543151 -0.05421099
v -0.01681448 0.01428675 -0.05419573
v -0.02024601 0.01199725 -0.05436918
v -0.02139135 0.01199725 -0.05427621
v -0.02029991 0.01321771 -0.05408472
v -0.01566914 0.01428675 -0.05429564
v -0.01795533 0.01314200 -0.05435252
v -0.02139135 0.01287550 -0.05399036
v -0.02208305 0.01265745 -0.05389739
v -0.02540229 0.01028315 -0.05383772
v 0.00559828 0.01543151 -0.05426233
v -0.03850410 -0.01084027 -0.05411663
v -0.03742613 -0.00976517 -0.05436224
v -0.03628079 -0.00747264 -0.05438444
v -0.02940874 0.00398095 -0.05437334
v -0.02482738 0.00855996 -0.05438167
v 0.00495150 0.01543151 -0.05427204
v -0.04002673 -0.00931999 -0.04021836
v -0.03986055 -0.00861739 -0.05097093
v -0.04000877 -0.00976517 -0.05211709
v -0.04017495 -0.01084027 -0.05209489
v 0.00380616 0.01543151 -0.05427621
v -0.01452379 0.01428675 -0.05432477
v -0.01108777 0.01543151 -0.05427343
v -0.01223311 0.01543151 -0.05425678
v -0.02368203 0.00970471 -0.05436224
v -0.02253669 0.01085249 -0.05432755
v -0.02597272 0.00855996 -0.05428314
v -0.02482738 0.00970471 -0.05419711
v -0.02249178 0.01198210 -0.05403338
v -0.02667340 0.00922925 -0.05390155
v -0.02869459 0.00785433 -0.05373504
v -0.03840080 -0.00976517 -0.05408194
v -0.03742613 -0.00861739 -0.05427759
v -0.03628079 -0.00632789 -0.05433171
v -0.03513545 -0.00403535 -0.05434836
v -0.03055408 0.00283619 -0.05436224
v -0.02826340 0.00627045 -0.05434004
v -0.02711806 0.00741521 -0.05433033
v -0.03942936 -0.00747264 -0.05097093
v -0.03915987 -0.00686998 -0.05160923
v -0.03973927 -0.00861739 -0.05211709
v -0.03937995 -0.00861739 -0.05298573
v -0.03951919 -0.00976517 -0.05313421
v -0.02829484 0.00744852 -0.05407778
v -0.02708213 0.00854785 -0.05403754
v -0.02793103 0.00815718 -0.05393624
v -0.02904942 0.00709116 -0.05394734
v -0.03013188 0.00588887 -0.05392653
v -0.02981298 0.00665507 -0.05368647
v -0.02946264 0.00748183 -0.05332986
v -0.02911230 0.00823289 -0.05297186
v -0.02987586 0.00786947 -0.05242930
v -0.03823910 -0.00861739 -0.05398897
v -0.03897571 -0.00976517 -0.05370729
v -0.03721503 -0.00632789 -0.05403893
v -0.03628079 -0.00518313 -0.05419295
v -0.03513545 -0.00289060 -0.05424290
v -0.03399011 -0.00060109 -0.05424568
v -0.03399011 -0.00174585 -0.05433033
v -0.03169943 0.00169144 -0.05433310
v -0.02940874 0.00512267 -0.05431367
v -0.02942222 0.00627045 -0.05406529
v -0.03916436 -0.00685484 -0.05097093
v -0.03806393 -0.00445631 -0.05184928
v -0.03826605 -0.00509228 -0.05218509
v -0.03931707 -0.00745750 -0.05204077
v -0.03844571 -0.00518313 -0.05097093
v -0.03785283 -0.00380519 -0.05097093
v -0.03646944 -0.00060109 -0.05097093
v -0.03923622 -0.00783000 -0.05281506
v -0.03880953 -0.00861739 -0.05355743
v -0.03052714 0.00507422 -0.05402089
v -0.03120985 0.00465932 -0.05389323
v -0.03227883 0.00342068 -0.05384189
v -0.03019027 0.00710630 -0.05292329
v -0.03231926 0.00461389 -0.05274290
v -0.03338375 0.00336617 -0.05260553
v -0.03808639 -0.00782394 -0.05389184
v -0.03699046 -0.00518313 -0.05391821
v -0.03594392 -0.00289060 -0.05397232
v -0.03486147 -0.00060109 -0.05398481
v -0.03467731 0.00013785 -0.05391265
v -0.03399011 0.00053155 -0.05403060
v -0.03055408 0.00398095 -0.05426095
v -0.03284477 0.00054669 -0.05429841
v -0.03671198 -0.00149448 -0.05211709
v -0.03696350 -0.00206686 -0.05211709
v -0.03797859 -0.00465316 -0.05261247
v -0.03907003 -0.00706683 -0.05237241
v -0.03596639 0.00040738 -0.05097093
v -0.03588554 0.00026807 -0.05211709
v -0.03631223 -0.00060109 -0.05211709
v -0.03778995 -0.00632789 -0.05366150
v -0.03687817 -0.00226068 -0.05272486
v -0.03814478 -0.00541632 -0.05288582
v -0.03670749 -0.00380822 -0.05370590
v -0.03793367 -0.00706077 -0.05378916
v -0.03251689 0.00387495 -0.05318000
v -0.03436740 0.00090102 -0.05366427
v -0.03474918 0.00135528 -0.05290109
v -0.03444825 0.00211845 -0.05236408
v -0.03551723 0.00084045 -0.05211709
v -0.03686918 -0.00457139 -0.05384466
v -0.03578672 -0.00211229 -0.05389184
v -0.03560706 -0.00134912 -0.05376002
v -0.03543189 -0.00060109 -0.05355465
v -0.03576875 0.00007728 -0.05277204
v -0.03509502 0.00048915 -0.05321885
v -0.03593045 -0.00060109 -0.05298157
v -0.03701291 -0.00289060 -0.05290525
v 0.03084296 -0.03810791 0.05211751
v 0.03057953 -0.03868019 0.05211751
v 0.03080320 -0.03801440 0.05287229
v 0.02958545 -0.04012958 0.05270456
v 0.03002036 -0.03954796 0.05211751
v 0.03002533 -0.03954796 0.05097136
v 0.03039811 -0.03839966 0.05325434
v 0.02978924 -0.03948437 0.05315184
v 0.02503753 -0.04589911 0.05211751
v 0.02754013 -0.04273101 0.05211751
v 0.02959042 -0.04013519 0.05211751
v 0.02934190 -0.03982474 0.05346866
v 0.02828072 -0.04107216 0.05362707
v 0.02852178 -0.04137700 0.05286297
v 0.02502262 -0.04588228 0.05275115
v 0.03002533 -0.03954796 -0.04090703
v 0.02963764 -0.03905984 0.05387866
v 0.02455540 -0.04647325 0.05211751
v 0.02455789 -0.04647325 0.05097136
v 0.02503753 -0.04590098 0.05097136
v 0.02606392 -0.04460307 0.05097136
v 0.02811421 -0.04200725 0.05097136
v 0.02913811 -0.04070934 0.05097136
v 0.02959042 -0.04013519 -0.04090703
v 0.02721457 -0.04231957 0.05374821
v 0.02478155 -0.04557556 0.05350593
v 0.02435907 -0.04634421 0.05317979
v 0.02393907 -0.04707359 0.05285365
v 0.02398380 -0.04711473 0.05211751
v 0.02981906 -0.03840153 0.05399980
v 0.02897906 -0.03948437 0.05402776
v 0.02857894 -0.04030912 0.05392525
v 0.02507978 -0.04481253 0.05388798
v 0.02614842 -0.04356698 0.05383207
v 0.02455789 -0.04647325 -0.04090703
v 0.02503753 -0.04590098 -0.04090703
v 0.02514439 -0.04576820 -0.04090703
v 0.02811421 -0.04200725 0.00401647
v 0.02868829 -0.04127975 -0.04090703
v 0.02913811 -0.04070934 0.00630877
v 0.02401860 -0.04604498 0.05394389
v 0.02364582 -0.04680802 0.05361775
v 0.01936879 -0.05050163 0.05284433
v 0.02327801 -0.04765895 0.05211751
v 0.02327055 -0.04733354 0.05324502
v 0.02034547 -0.04922430 0.05376685
v 0.02327801 -0.04766082 0.05097136
v 0.02327801 -0.04766269 0.00630877
v 0.02383469 -0.04723255 -0.04090703
v 0.02398380 -0.04711473 -0.04090703
v 0.02962521 -0.03777876 0.05415821
v 0.02900640 -0.03840153 0.05424208
v 0.02788309 -0.04069251 0.05408367
v 0.02751776 -0.04155654 0.05397185
v 0.00585426 -0.05685278 -0.04090703
v 0.00559828 -0.05688458 0.05097136
v 0.02651623 -0.04403079 -0.04090703
v 0.02288286 -0.04712034 0.05391594
v 0.02440877 -0.04522584 0.05404639
v 0.02327055 -0.04642463 0.05405571
v 0.02161044 -0.04817138 0.05386003
v 0.01728370 -0.05179767 0.05325434
v 0.01605104 -0.05285246 0.05298411
v 0.01673199 -0.05253640 0.05211751
v 0.01750489 -0.05196412 0.05211751
v 0.02210002 -0.04853794 0.05211751
v 0.02267162 -0.04811154 0.05211751
v 0.01703767 -0.05161252 0.05386003
v 0.02267410 -0.04811154 0.05097136
v 0.02267410 -0.04811341 0.03034997
v 0.02327801 -0.04766269 -0.04090703
v 0.02786072 -0.03954796 0.05427935
v 0.02442369 -0.04412991 0.05427003
v 0.02556936 -0.04298349 0.05422344
v 0.00610030 -0.05682099 -0.04090703
v 0.00610030 -0.05682099 0.05097136
v 0.00610030 -0.05681351 0.05211751
v 0.02204783 -0.04752617 0.05401844
v 0.01958251 -0.04950669 0.05396253
v 0.02327801 -0.04527446 0.05428867
v 0.02213233 -0.04642089 0.05427935
v 0.02098665 -0.04756357 0.05423276
v 0.01642382 -0.05238304 0.05331957
v 0.01368762 -0.05392033 0.05281638
v 0.01526323 -0.05334432 0.05211751
v 0.01615791 -0.05292165 0.05211751
v 0.01569317 -0.05262243 0.05374821
v 0.01529306 -0.05301517 0.05331957
v 0.01673199 -0.05253827 0.05097136
v 0.01750737 -0.05196412 0.05097136
v 0.02210002 -0.04853981 0.05097136
v 0.01747258 -0.05095983 0.05399048
v 0.01640891 -0.05181825 0.05394389
v 0.01493022 -0.05280009 0.05389730
v 0.01762914 -0.05187435 -0.04090703
v 0.00724349 -0.05653111 0.05097136
v 0.00724349 -0.05652924 0.05211751
v 0.00795177 -0.05620757 0.05281638
v 0.00716396 -0.05631604 0.05322638
v 0.00610030 -0.05653860 0.05325434
v 0.01869033 -0.04987512 0.05406503
v 0.01869530 -0.04871000 0.05427003
v 0.01755459 -0.04985455 0.05425140
v 0.01640891 -0.05100097 0.05418617
v 0.01289484 -0.05403629 0.05322638
v 0.01043697 -0.05513970 0.05298411
v 0.01375969 -0.05395026 0.05211751
v 0.01526323 -0.05335367 0.05097136
v 0.01616039 -0.05292165 0.05097136
v 0.01246241 -0.05388667 0.05385071
v 0.01673199 -0.05253827 -0.04090703
v 0.01529306 -0.05220350 0.05402776
v 0.00672905 -0.05617391 0.05385071
v 0.01411755 -0.05214553 0.05420480
v 0.01411755 -0.05292727 0.05396253
v 0.00838917 -0.05443650 0.05418617
v 0.01068052 -0.05329195 0.05421412
v 0.00801887 -0.05623563 -0.04090703
v 0.00801887 -0.05623563 0.05097136
v 0.00801887 -0.05623375 0.05211751
v 0.00859295 -0.05600746 0.05097136
v 0.01526323 -0.05335367 -0.04090703
v 0.01616039 -0.05292165 -0.04090703
v 0.01182620 -0.05329195 0.05413958
v 0.00716396 -0.05558106 0.05398117
v 0.00610030 -0.05558106 0.05409299
v 0.00610030 -0.05621318 0.05387866
v 0.00859295 -0.05600746 -0.04090703
v 0.00470871 0.05433547 -0.00171791
v 0.00470435 0.05434049 -0.00056873
v 0.00435090 0.05490952 -0.00171791
v 0.00435527 0.05491454 -0.00056873
v 0.00434654 0.05490115 0.00057642
v 0.00469271 0.05432877 0.00057642
v -0.00886918 0.05437898 0.00286673
v -0.00888518 0.05437898 0.00172158
v 0.00329202 0.05614131 -0.00056873
v 0.00332402 0.05617143 0.00057642
v 0.00386510 0.05552374 0.00057642
v 0.00384328 0.05552374 0.00172158
v 0.00433636 0.05488609 0.00172158
v 0.00466944 0.05429865 0.00286673
v -0.00883718 0.05437898 0.00401189
v -0.00842555 0.05524592 0.00172158
v -0.00842555 0.05527437 0.00057642
v -0.00842555 0.05528776 -0.00056873
v -0.00888809 0.05437898 -0.00056873
v -0.00889100 0.05437898 -0.00286306
v 0.00266076 0.05652959 -0.00056873
v 0.00266076 0.05658816 0.00057642
v 0.00266076 0.05658984 0.00172158
v 0.00331238 0.05616641 0.00172158
v 0.00379673 0.05552374 0.00286673
v 0.00430145 0.05484425 0.00401189
v 0.00432472 0.05487103 0.00286673
v 0.00465781 0.05427187 0.00401189
v -0.00878627 0.05437898 0.00515705
v -0.00841392 0.05520742 0.00286673
v -0.00798484 0.05584675 0.00057642
v -0.00800665 0.05586014 -0.00056873
v -0.00842555 0.05527939 -0.00171791
v 0.00172987 0.05705678 -0.00056873
v 0.00173859 0.05708523 0.00057642
v 0.00166441 0.05709192 0.00172158
v 0.00266076 0.05654800 0.00286673
v 0.00327893 0.05613963 0.00286673
v 0.00461999 0.05418652 0.00630220
v 0.00464181 0.05422835 0.00515705
v 0.00363819 0.05563085 0.00402796
v 0.00420400 0.05471203 0.00744736
v -0.00820010 0.04805436 0.02973974
v -0.00842992 0.05181499 0.02118924
v -0.00871064 0.05437898 0.00630220
v -0.00834265 0.05510533 0.00515705
v -0.00838483 0.05515889 0.00401189
v -0.00791066 0.05577981 0.00286673
v -0.00794702 0.05581830 0.00172158
v -0.00724158 0.05623168 0.00630220
v -0.00727649 0.05625344 0.00515705
v -0.00741321 0.05631704 0.00057642
v -0.00743503 0.05633043 -0.00056873
v -0.00743212 0.05634047 -0.00171791
v -0.00800375 0.05585177 -0.00171791
v -0.00842410 0.05525931 -0.00286306
v 0.00101861 0.05727770 -0.00287110
v 0.00108988 0.05731117 -0.00171791
v 0.00115824 0.05733795 -0.00056873
v 0.00116552 0.05733125 0.00057642
v 0.00144042 0.05710531 0.00289888
v 0.00151605 0.05700322 0.00401189
v 0.00261858 0.05641746 0.00515705
v 0.00324984 0.05611285 0.00365830
v 0.00276694 0.05640407 0.00402796
v 0.00319166 0.05605930 0.00515705
v 0.00365710 0.05543839 0.00630220
v 0.00369055 0.05548692 0.00515705
v 0.00458363 0.05413965 0.00744736
v 0.00363092 0.05536809 0.00744736
v 0.00358292 0.05529111 0.00859252
v 0.00415600 0.05462835 0.00859252
v 0.00326293 0.04926439 0.02868298
v 0.00335165 0.04821335 0.02994466
v 0.00313202 0.04680918 0.03194567
v -0.00737976 0.04835561 0.03035049
v -0.00778557 0.04875895 0.02934195
v -0.00813465 0.04910707 0.02842984
v -0.00722994 0.04597237 0.03344844
v -0.00719940 0.04705688 0.03222694
v -0.00826265 0.04928949 0.02766640
v -0.00831647 0.05163926 0.02205715
v -0.00812738 0.05255306 0.02024900
v -0.00822192 0.05266352 0.01948557
v -0.00828010 0.05273716 0.01889892
v -0.00839356 0.05287607 0.01775377
v -0.00849392 0.05300828 0.01661263
v -0.00856373 0.05313381 0.01546346
v -0.00848810 0.05415137 0.01088283
v -0.00853464 0.05424174 0.00973767
v -0.00857537 0.05431706 0.00859252
v -0.00784811 0.05567771 0.00515705
v -0.00828883 0.05504006 0.00630220
v -0.00781466 0.05561244 0.00630220
v -0.00787866 0.05573127 0.00401189
v -0.00716304 0.05616808 0.00744736
v -0.00650123 0.05661327 0.00630220
v -0.00650123 0.05666515 0.00515705
v -0.00650123 0.05674883 0.00286673
v -0.00650123 0.05678398 0.00172158
v -0.00650123 0.05681578 0.00057642
v -0.00650123 0.05684256 -0.00056873
v -0.00650123 0.05686264 -0.00171791
v -0.00650123 0.05685929 -0.00287110
v -0.00740158 0.05634214 -0.00287110
v -0.00740739 0.05633880 -0.00286306
v 0.00036990 0.05747853 -0.00171791
v 0.00036990 0.05753544 -0.00056873
v 0.00036990 0.05752874 0.00057642
v 0.00109134 0.05729276 0.00172158
v 0.00100843 0.05726096 0.00254127
v 0.00080916 0.05720406 0.00401189
v 0.00062735 0.05715218 0.00515705
v 0.00151605 0.05689946 0.00515705
v 0.00255312 0.05635888 0.00630220
v 0.00090661 0.05723251 0.00330471
v 0.00312620 0.05601244 0.00630220
v 0.00453126 0.05405597 0.00859252
v 0.00350001 0.05520241 0.00973767
v 0.00437272 0.05379489 0.01140116
v 0.00441781 0.05386518 0.01063773
v 0.00447017 0.05394886 0.00973767
v 0.00407309 0.05452291 0.00973767
v 0.00425345 0.05362083 0.01317314
v 0.00451672 0.05060161 0.02233439
v 0.00462144 0.05304845 0.01317314
v 0.00456035 0.05293297 0.01431830
v 0.00337783 0.04943342 0.02806018
v 0.00327020 0.05041249 0.02644490
v 0.00310002 0.05022672 0.02720834
v 0.00269567 0.05006103 0.02814456
v 0.00201059 0.05033885 0.02858253
v 0.00259385 0.04949200 0.02912095
v 0.00293130 0.04897652 0.02944642
v 0.00304039 0.04790708 0.03070810
v 0.00236840 0.04715562 0.03235150
v 0.00239022 0.04609454 0.03354085
v 0.00443527 0.05045601 0.02307774
v 0.00430436 0.05026522 0.02384118
v 0.00189568 0.04569622 0.03430429
v -0.00681541 0.04560250 0.03421188
v -0.00711795 0.04811628 0.03097329
v -0.00737103 0.04942171 0.02894416
v -0.00711213 0.05039576 0.02753782
v -0.00729103 0.05054806 0.02691502
v -0.00768375 0.05073550 0.02569352
v -0.00808956 0.05021501 0.02602300
v -0.00823938 0.05039408 0.02525957
v -0.00675577 0.04673721 0.03299038
v -0.00650123 0.04787361 0.03180504
v -0.00818847 0.05148027 0.02282058
v -0.00796011 0.05238737 0.02118924
v -0.00738703 0.05288778 0.02118924
v -0.00717322 0.05388191 0.01856542
v -0.00728812 0.05398401 0.01775377
v -0.00785975 0.05344845 0.01775377
v -0.00798775 0.05358066 0.01661263
v -0.00811574 0.05370618 0.01546346
v -0.00819283 0.05377982 0.01477636
v -0.00827574 0.05386016 0.01401292
v -0.00835574 0.05394719 0.01317314
v -0.00843428 0.05405263 0.01202799
v -0.00809974 0.05481412 0.00973767
v -0.00816956 0.05489111 0.00859252
v -0.00820738 0.05493630 0.00790141
v -0.00824665 0.05498651 0.00713797
v -0.00799793 0.05472375 0.01088283
v -0.00709467 0.05611285 0.00811436
v -0.00650123 0.05648608 0.00744736
v -0.00545253 0.05710699 0.00401189
v -0.00557616 0.05713209 0.00286673
v -0.00567216 0.05715218 0.00172158
v -0.00535507 0.05688607 0.00744736
v -0.00535507 0.05699988 0.00630220
v -0.00574197 0.05716891 0.00057642
v -0.00577834 0.05718230 -0.00056873
v -0.00578270 0.05719234 -0.00171791
v -0.00574488 0.05719067 -0.00286306
v -0.00077481 0.05767937 -0.00171791
v -0.00077481 0.05773460 -0.00056873
v -0.00077481 0.05772623 0.00057642
v 0.00036990 0.05746849 0.00172158
v 0.00046299 0.05737811 0.00289888
v 0.00023608 0.05736472 0.00401189
v 0.00005427 0.05731452 0.00515705
v 0.00151605 0.05678398 0.00630220
v 0.00232186 0.05623336 0.00859252
v 0.00244694 0.05629863 0.00744736
v 0.00302002 0.05594047 0.00744736
v 0.00339529 0.05509696 0.01088283
v 0.00359746 0.05418149 0.01431830
v 0.00417054 0.05350535 0.01431830
v 0.00289493 0.05586349 0.00859252
v 0.00447163 0.05279573 0.01546346
v 0.00435818 0.05148194 0.02051822
v 0.00428254 0.05137148 0.02118924
v 0.00451381 0.05172127 0.01889892
v 0.00443236 0.05159742 0.01975478
v 0.00411673 0.05117399 0.02233439
v 0.00337492 0.05164428 0.02324248
v 0.00321202 0.05149533 0.02400592
v 0.00306948 0.05136311 0.02462471
v 0.00249640 0.05184512 0.02462471
v 0.00269567 0.05070203 0.02686279
v 0.00233640 0.05053634 0.02781909
v 0.00227386 0.05165265 0.02550065
v 0.00198877 0.05147859 0.02626409
v 0.00156987 0.05130955 0.02691904
v 0.00158296 0.05070538 0.02814456
v 0.00029281 0.05057986 0.02919328
v -0.00014064 0.05039576 0.02981608
v 0.00151605 0.04943844 0.03005315
v 0.00151605 0.04899326 0.03062774
v 0.00216768 0.04927777 0.02984823
v 0.00260403 0.04859661 0.03027816
v 0.00227677 0.04821837 0.03110187
v 0.00190150 0.04685772 0.03311896
v 0.00113788 0.04701504 0.03330379
v -0.00134061 0.04808281 0.03321941
v 0.00113206 0.04585187 0.03441278
v 0.00090516 0.04462678 0.03549767
v -0.00605179 0.04584015 0.03440876
v -0.00640378 0.04628868 0.03372970
v -0.00699431 0.04917569 0.02970759
v -0.00672377 0.05018488 0.02830126
v -0.00647796 0.04979325 0.02918524
v -0.00640523 0.05053299 0.02797580
v -0.00602997 0.05156897 0.02644892
v -0.00628451 0.05173968 0.02576986
v -0.00685759 0.05138152 0.02576986
v -0.00706558 0.05150872 0.02518322
v -0.00726485 0.05167440 0.02441978
v -0.00805320 0.05134135 0.02347955
v -0.00599215 0.04696985 0.03325155
v -0.00642560 0.04724934 0.03262473
v -0.00588888 0.04806440 0.03205014
v -0.00575216 0.04912380 0.03079248
v -0.00650123 0.04831711 0.03123045
v -0.00656814 0.04892632 0.03038665
v -0.00748012 0.05187691 0.02347955
v -0.00720231 0.05274887 0.02200893
v -0.00696231 0.05376141 0.01932886
v -0.00608960 0.05503337 0.01630324
v -0.00626705 0.05513378 0.01546346
v -0.00684013 0.05479404 0.01546346
v -0.00698122 0.05488609 0.01457546
v -0.00708886 0.05496475 0.01381202
v -0.00741467 0.05410618 0.01661263
v -0.00773466 0.05451956 0.01317314
v -0.00742630 0.05526098 0.01088283
v -0.00696086 0.05603754 0.00887780
v -0.00604742 0.05614800 0.01061764
v -0.00654778 0.05628357 0.00853225
v -0.00535507 0.05671369 0.00859252
v -0.00500308 0.05730615 0.00286673
v -0.00509908 0.05734297 0.00172158
v -0.00516890 0.05738147 0.00057642
v -0.00421037 0.05707854 0.00744736
v -0.00421037 0.05679569 0.00973767
v -0.00421037 0.05694799 0.00859252
v -0.00452164 0.05722247 0.00542224
v -0.00480236 0.05724757 0.00465880
v -0.00487945 0.05726765 0.00401189
v -0.00520526 0.05739485 -0.00056873
v -0.00517180 0.05734632 -0.00286306
v -0.00521108 0.05737477 -0.00171791
v -0.00191369 0.05768606 -0.00287110
v -0.00192096 0.05774799 -0.00171791
v -0.00192096 0.05779318 -0.00056873
v -0.00192096 0.05776640 0.00057642
v -0.00077481 0.05766430 0.00172158
v -0.00077481 0.05759903 0.00286673
v -0.00077481 0.05752539 0.00401189
v -0.00009991 0.05727101 0.00597674
v 0.00151605 0.05666683 0.00744736
v 0.00219386 0.05615972 0.00973767
v 0.00276694 0.05577478 0.00973767
v 0.00330365 0.05501329 0.01177886
v 0.00321784 0.05493965 0.01254230
v 0.00347674 0.05403589 0.01546346
v 0.00404836 0.05336811 0.01546346
v 0.00211531 0.05611453 0.01042879
v 0.00440472 0.05269699 0.01616260
v 0.00432763 0.05258486 0.01693006
v 0.00423600 0.05246268 0.01775377
v 0.00409055 0.05229532 0.01889892
v 0.00351747 0.05293632 0.01889892
v 0.00354365 0.05180997 0.02233439
v 0.00290366 0.05238235 0.02233439
v 0.00217349 0.05273046 0.02308980
v 0.00190877 0.05258318 0.02385323
v 0.00122515 0.05161415 0.02654134
v 0.00114515 0.05273381 0.02421486
v 0.00064044 0.05255640 0.02497830
v 0.00065934 0.05142504 0.02730478
v 0.00031462 0.05119742 0.02798383
v 0.00003245 0.04932966 0.03105365
v 0.00097934 0.04809787 0.03209032
v 0.00079607 0.04916062 0.03084070
v -0.00010428 0.05154554 0.02754988
v -0.00077481 0.05082253 0.02920533
v -0.00077481 0.05044931 0.02990046
v -0.00077481 0.05002589 0.03047505
v 0.00174296 0.04791879 0.03186531
v 0.00036990 0.04774139 0.03280956
v -0.00057699 0.04792884 0.03303859
v -0.00192096 0.04908866 0.03188942
v -0.00136970 0.04808281 0.03321941
v -0.00306421 0.04563764 0.03536909
v -0.00192096 0.04685102 0.03429224
v -0.00192096 0.04627864 0.03476236
v -0.00192096 0.04557739 0.03533694
v -0.00077481 0.04418326 0.03627718
v -0.00013773 0.04353725 0.03668300
v 0.00014154 0.04475899 0.03560213
v 0.00036990 0.04597906 0.03452127
v 0.00036990 0.04822005 0.03223899
v -0.00192096 0.04951208 0.03131483
v -0.00535507 0.04595061 0.03452930
v -0.00535507 0.04652466 0.03393463
v -0.00505690 0.04478912 0.03561821
v -0.00421037 0.04496987 0.03576688
v -0.00421037 0.04554392 0.03527667
v -0.00623069 0.04940330 0.03002904
v -0.00596015 0.05038571 0.02866289
v -0.00535507 0.05021166 0.02950669
v -0.00535507 0.05167273 0.02666590
v -0.00535507 0.05210620 0.02576986
v -0.00589615 0.05265347 0.02403003
v -0.00472381 0.05036228 0.02976787
v -0.00696522 0.05260327 0.02277237
v -0.00661177 0.05198235 0.02473320
v -0.00535507 0.04707361 0.03336004
v -0.00498854 0.04934305 0.03104964
v -0.00536526 0.04962756 0.03038665
v -0.00655068 0.05292460 0.02236654
v -0.00619869 0.05390535 0.01978290
v -0.00654778 0.05404426 0.01892705
v -0.00578125 0.05491454 0.01706667
v -0.00538271 0.05512877 0.01665683
v -0.00535507 0.05543337 0.01546346
v -0.00535507 0.05567939 0.01431830
v -0.00588452 0.05608440 0.01138107
v -0.00535507 0.05651787 0.00973767
v -0.00421037 0.05662331 0.01088283
v -0.00421037 0.05756723 0.00057642
v -0.00421037 0.05759736 -0.00056873
v -0.00306421 0.05722414 0.00666383
v -0.00306421 0.05727602 0.00608925
v -0.00375802 0.05725092 0.00583209
v -0.00416819 0.05718565 0.00624997
v -0.00306421 0.05693126 0.00973767
v -0.00306421 0.05704339 0.00859252
v -0.00306421 0.05679737 0.01088283
v -0.00421037 0.05750866 -0.00286306
v -0.00421037 0.05756221 -0.00171791
v -0.00192096 0.05768606 -0.00287110
v -0.00306421 0.05766598 -0.00171791
v -0.00306421 0.05770112 -0.00056873
v -0.00192096 0.05751535 0.00401189
v -0.00192096 0.05743000 0.00515705
v -0.00077481 0.05742832 0.00515705
v -0.00037772 0.05722582 0.00674018
v 0.00036990 0.05658984 0.01088283
v 0.00036990 0.05672373 0.00973767
v 0.00036990 0.05685260 0.00859252
v 0.00151605 0.05654130 0.00859252
v 0.00256330 0.05572959 0.01084265
v 0.00276694 0.05534299 0.01210835
v 0.00312620 0.05487605 0.01317314
v 0.00292839 0.05475387 0.01431830
v 0.00334292 0.05390535 0.01637155
v 0.00156842 0.05625009 0.01084265
v 0.00198586 0.05605428 0.01119222
v 0.00151605 0.05640574 0.00973767
v 0.00333856 0.05275557 0.02004408
v 0.00323675 0.05266352 0.02062269
v 0.00309129 0.05254134 0.02138612
v 0.00233204 0.05285766 0.02233439
v 0.00213859 0.05384175 0.01959807
v 0.00193641 0.05373129 0.02036151
v 0.00151605 0.05328276 0.02233439
v 0.00152333 0.05287774 0.02347553
v -0.00012318 0.05268527 0.02525153
v 0.00117279 0.05390200 0.02089993
v 0.00071607 0.05377146 0.02166337
v 0.00030299 0.05281247 0.02460863
v 0.00031462 0.05172461 0.02691904
v -0.00077481 0.05131625 0.02822492
v -0.00192096 0.05087274 0.02920533
v -0.00192096 0.05134135 0.02828117
v -0.00192096 0.05047274 0.02994466
v -0.00192096 0.05008614 0.03051523
v -0.00306421 0.04949535 0.03127465
v -0.00306421 0.04903678 0.03184522
v -0.00213187 0.04802925 0.03316315
v -0.00306421 0.04682592 0.03424804
v -0.00306421 0.04625354 0.03479450
v -0.00306421 0.04506527 0.03584724
v -0.00192096 0.04500334 0.03579501
v -0.00077481 0.04361089 0.03673524
v -0.00421037 0.04611463 0.03470208
v -0.00421037 0.04668868 0.03410339
v -0.00306421 0.04424184 0.03641781
v -0.00465254 0.05148863 0.02743335
v -0.00420019 0.05241080 0.02570557
v -0.00381183 0.05269866 0.02527966
v -0.00457545 0.05261331 0.02505866
v -0.00545107 0.05254469 0.02465685
v -0.00376093 0.05498316 0.01842077
v -0.00501763 0.05500994 0.01736401
v -0.00421037 0.04944514 0.03117822
v -0.00428891 0.05008279 0.03027415
v -0.00396019 0.05040412 0.02984019
v -0.00388892 0.05156395 0.02758604
v -0.00421037 0.04780666 0.03293011
v -0.00421037 0.04892464 0.03175280
v -0.00421037 0.05538483 0.01661263
v -0.00416964 0.05508860 0.01774573
v -0.00421037 0.05565763 0.01546346
v -0.00417546 0.05594717 0.01427008
v -0.00453327 0.05604926 0.01349057
v -0.00486781 0.05611955 0.01272713
v -0.00529253 0.05592876 0.01313698
v -0.00567361 0.05602583 0.01202799
v -0.00544380 0.05628022 0.01095516
v -0.00510053 0.05618315 0.01202799
v -0.00421037 0.05641746 0.01202799
v -0.00306421 0.05660323 0.01202799
v -0.00248241 0.05724088 0.00686876
v -0.00192096 0.05695971 0.00973767
v -0.00192096 0.05708691 0.00859252
v -0.00172024 0.05726096 0.00702948
v -0.00202860 0.05730950 0.00641471
v -0.00192096 0.05682582 0.01088283
v -0.00192096 0.05663837 0.01202799
v -0.00114134 0.05726096 0.00702948
v -0.00076608 0.05730615 0.00633435
v -0.00077481 0.05677561 0.01088283
v -0.00077481 0.05658649 0.01202799
v 0.00036990 0.05639905 0.01202799
v 0.00118297 0.05617980 0.01202799
v 0.00255312 0.05525931 0.01317314
v 0.00235531 0.05511705 0.01431830
v 0.00219095 0.05501496 0.01514603
v 0.00260839 0.05465848 0.01550364
v 0.00276257 0.05422668 0.01669701
v 0.00321347 0.05378987 0.01713498
v 0.00175605 0.05596725 0.01202799
v 0.00202513 0.05491956 0.01590946
v 0.00227822 0.05394217 0.01889892
v 0.00185350 0.05482919 0.01661263
v 0.00147969 0.05471203 0.01778591
v 0.00151605 0.05437229 0.01889892
v 0.00153933 0.05402083 0.02000390
v 0.00153933 0.05362585 0.02124549
v 0.00036990 0.05320410 0.02347955
v 0.00034953 0.05362585 0.02226207
v -0.00004755 0.05382836 0.02183213
v -0.00077481 0.05387522 0.02196473
v -0.00077481 0.05336142 0.02347955
v -0.00077481 0.05296477 0.02462471
v -0.00077481 0.05271373 0.02531180
v -0.00077481 0.05244093 0.02588639
v 0.00107534 0.05500994 0.01743232
v 0.00068262 0.05491789 0.01819174
v 0.00036990 0.05436392 0.02004408
v 0.00034953 0.05396560 0.02124549
v -0.00192096 0.05201248 0.02691502
v -0.00192096 0.05162420 0.02771060
v -0.00306421 0.05160746 0.02766640
v -0.00306421 0.05080579 0.02920533
v -0.00306421 0.05043927 0.02989243
v -0.00306421 0.05198737 0.02691502
v -0.00306421 0.05006773 0.03046701
v -0.00306421 0.04846439 0.03249615
v -0.00306421 0.04794222 0.03307074
v -0.00306421 0.04736985 0.03367747
v -0.00192096 0.04424519 0.03636558
v -0.00192096 0.04367281 0.03675935
v -0.00420019 0.05282753 0.02465685
v -0.00306421 0.05246938 0.02593862
v -0.00306421 0.05273548 0.02536404
v -0.00306421 0.05300828 0.02462471
v -0.00306421 0.05458149 0.02004408
v -0.00306421 0.05486433 0.01921234
v -0.00306421 0.05505513 0.01863775
v -0.00306421 0.05530115 0.01775377
v -0.00376965 0.05612122 0.01385220
v -0.00417546 0.05619486 0.01313698
v -0.00306421 0.05635218 0.01317314
v -0.00192096 0.05639403 0.01317314
v -0.00077481 0.05633545 0.01317314
v -0.00013482 0.05611118 0.01380800
v 0.00029572 0.05617813 0.01309680
v 0.00062880 0.05602583 0.01342628
v 0.00098370 0.05611118 0.01266285
v 0.00251240 0.05410283 0.01775377
v -0.00077481 0.05413296 0.02118924
v -0.00192096 0.05489111 0.01928466
v -0.00192096 0.05463337 0.02004408
v -0.00192096 0.05424174 0.02118924
v -0.00192096 0.05302837 0.02462471
v -0.00192096 0.05392543 0.02210134
v -0.00192096 0.05372459 0.02267593
v -0.00192096 0.05343841 0.02347955
v -0.00192096 0.05274218 0.02537609
v -0.00192096 0.05247607 0.02595068
v -0.00077481 0.05520910 0.01775377
v -0.00008100 0.05496642 0.01837255
v 0.00032772 0.05477228 0.01881053
v -0.00077481 0.05601076 0.01454331
v -0.00077481 0.05549529 0.01661263
v -0.00077481 0.05450953 0.02004408
v -0.00192096 0.05507688 0.01871007
v -0.00192096 0.05533797 0.01775377
v -0.00306421 0.05557395 0.01661263
v -0.00306421 0.05615972 0.01402900
v -0.00192096 0.05618315 0.01412945
v -0.00192096 0.05605261 0.01470002
v -0.00077481 0.05615135 0.01397274
v -0.00077481 0.05482416 0.01907974
v -0.00077481 0.05500826 0.01850515
v -0.00192096 0.05560742 0.01661263
v -0.00192096 0.05587520 0.01546346
v -0.04034952 -0.02800678 0.05096507
v -0.04030763 -0.02835656 0.05211171
v -0.04128226 -0.02007336 -0.02347435
v -0.04128170 -0.02007336 -0.04010070
v -0.04047460 -0.02694545 -0.01202641
v -0.04034895 -0.02800506 0.05211171
v -0.04047347 -0.02694545 0.05211171
v -0.04060874 -0.02580010 0.05096507
v -0.04114699 -0.02121870 0.04981842
v -0.04074345 -0.02465475 0.04753438
v -0.04087815 -0.02350940 0.04065451
v -0.04114756 -0.02121870 0.02576663
v -0.04128226 -0.02007336 0.01774936
v -0.04032971 -0.02784046 0.05277750
v -0.04136659 -0.01892972 -0.00399989
v -0.04136603 -0.01892972 -0.03493155
v -0.04074175 -0.02465475 0.05211171
v -0.04128113 -0.02007336 0.05096507
v -0.04101229 -0.02236405 0.05096507
v -0.04128170 -0.02007336 0.04180116
v -0.04136603 -0.01892972 0.03263725
v -0.04136659 -0.01892972 -0.00171585
v -0.04001615 -0.02835656 0.05321212
v -0.04038235 -0.02694545 0.05289771
v -0.04099814 -0.02007336 0.05325836
v -0.04127207 -0.02007336 0.05211171
v -0.04087475 -0.02350940 0.05211171
v -0.04006766 -0.02816967 0.05320287
v -0.04029122 -0.02407693 0.05383168
v -0.04129924 -0.01778437 -0.04010070
v -0.04133320 -0.01836734 -0.04010070
v -0.04136093 -0.01892972 0.05211171
v -0.04136546 -0.01892972 0.05096507
v -0.04129924 -0.01778437 0.04981842
v -0.03941507 -0.02835656 0.05405361
v -0.04044970 -0.02580010 0.05304567
v -0.04074175 -0.02236405 0.05325836
v -0.04039197 -0.02236405 0.05394264
v -0.04045536 -0.02121870 0.05399813
v -0.04051252 -0.02007336 0.05404436
v -0.04107737 -0.01892972 0.05325836
v -0.04008294 -0.02694545 0.05347104
v -0.03944451 -0.02809080 0.05407210
v -0.04055044 -0.02362085 0.05336932
v -0.04129132 -0.01778437 0.05211171
v -0.04129868 -0.01778437 0.05096507
v -0.04101455 -0.01778437 0.05325836
v -0.04113228 -0.01663903 0.05096507
v -0.04054535 -0.01892972 0.05406286
v -0.03951016 -0.02694545 0.05410909
v -0.03971957 -0.02236405 0.05426629
v -0.03971957 -0.02121870 0.05432178
v -0.04051875 -0.01778437 0.05404436
v -0.04032122 -0.01128435 0.05275901
v -0.04079608 -0.01434833 0.05211171
v -0.04063025 -0.01320298 0.05211171
v -0.04044743 -0.01663903 0.05398888
v -0.04036763 -0.01549368 0.05391490
v -0.04031443 -0.01476669 0.05385942
v -0.04050630 -0.01437062 0.05333233
v -0.04046102 -0.01320298 0.05307342
v -0.04037782 -0.01205763 0.05288847
v -0.04046385 -0.01205763 0.05211171
v -0.04033593 -0.01118148 0.05211171
v -0.03971957 -0.01778437 0.05435876
v -0.03971957 -0.01892972 0.05436801
v -0.03971957 -0.02007336 0.05434952
v -0.03971957 -0.01663903 0.05431253
v -0.04028556 -0.01084027 0.05211171
v -0.04024425 -0.01400370 0.05376695
v -0.03937659 -0.01084027 0.05409060
v -0.00472655 0.04463559 -0.03549960
v -0.00122852 0.04468548 -0.03554576
v 0.00037036 0.04382522 -0.03573750
v -0.00535619 0.04563357 -0.03420355
v -0.00466387 0.04576331 -0.03433138
v -0.00390014 0.04584714 -0.03442015
v -0.00396281 0.04468149 -0.03553511
v -0.00705128 0.04462561 -0.03434913
v -0.00628754 0.04484516 -0.03454088
v -0.00709354 0.04580323 -0.03323063
v -0.00650179 0.04594894 -0.03337621
v -0.00650179 0.04652178 -0.03280097
v -0.00306499 0.04470345 -0.03555641
v -0.00192084 0.04470744 -0.03556351
v -0.00032195 0.04575133 -0.03432783
v 0.00037036 0.04439807 -0.03529365
v -0.00192084 0.04590902 -0.03446986
v -0.00192084 0.04648186 -0.03394079
v -0.00108569 0.04587109 -0.03443790
v -0.00017183 0.04695092 -0.03323063
v 0.00120697 0.04364957 -0.03561678
v 0.00163694 0.04413859 -0.03498828
v 0.00206836 0.04462960 -0.03434913
v -0.00650179 0.04707666 -0.03222929
v -0.00708480 0.04808862 -0.03093679
v -0.00620446 0.04934209 -0.02989640
v -0.00535619 0.04948181 -0.03003133
v -0.00421059 0.05020635 -0.02960524
v -0.00306499 0.04589105 -0.03445921
v -0.00262336 0.04925627 -0.03095810
v -0.00192084 0.04821636 -0.03221154
v -0.00192084 0.04766348 -0.03278677
v -0.00192084 0.04709263 -0.03336910
v -0.00306499 0.04527629 -0.03503089
v -0.00708917 0.04694692 -0.03208371
v 0.00037036 0.04504875 -0.03471842
v 0.00130463 0.04484117 -0.03453733
v -0.00077524 0.04760560 -0.03277257
v -0.00077524 0.04703475 -0.03330519
v -0.00077524 0.04820638 -0.03220089
v -0.00013102 0.04811656 -0.03210856
v 0.00169524 0.04531422 -0.03388398
v 0.00208585 0.04578726 -0.03321287
v 0.00288020 0.04782914 -0.03066338
v -0.00696820 0.04917244 -0.02970111
v -0.00513611 0.05054167 -0.02885246
v -0.00421059 0.05065943 -0.02903355
v -0.00306499 0.05029218 -0.02968335
v -0.00192084 0.04929618 -0.03101491
v -0.00192084 0.04878921 -0.03158659
v 0.00132212 0.04599484 -0.03341882
v -0.00105945 0.04928820 -0.03100781
v -0.00071694 0.04885507 -0.03143391
v -0.00029572 0.04920237 -0.03089774
v 0.00029895 0.04843193 -0.03151203
v 0.00151597 0.04823233 -0.03110013
v 0.00211646 0.04809261 -0.03094034
v 0.00063272 0.04791098 -0.03190617
v 0.00209897 0.04694293 -0.03207661
v 0.00256246 0.04832215 -0.03030830
v 0.00331016 0.04816047 -0.02989995
v -0.00723492 0.04938401 -0.02893768
v -0.00827413 0.05044786 -0.02535490
v -0.00732674 0.05054766 -0.02668291
v -0.00703816 0.05034806 -0.02744989
v -0.00597563 0.05154365 -0.02639529
v -0.00589984 0.05035405 -0.02860745
v -0.00545385 0.05081512 -0.02816005
v -0.00465221 0.05150573 -0.02747119
v -0.00306499 0.05070335 -0.02911167
v -0.00424557 0.05128218 -0.02796831
v -0.00306499 0.05127619 -0.02815295
v -0.00192084 0.05073528 -0.02913298
v -0.00192084 0.05031413 -0.02970821
v 0.00151597 0.04710061 -0.03223284
v -0.00077524 0.05069337 -0.02906906
v -0.00077524 0.05026223 -0.02964074
v -0.00071694 0.04963550 -0.03045033
v 0.00014882 0.05054766 -0.02887022
v 0.00037036 0.04950377 -0.03014496
v 0.00037036 0.04906465 -0.03071664
v 0.00153491 0.04884709 -0.03031895
v 0.00193136 0.04915248 -0.02966915
v 0.00233800 0.04939399 -0.02890572
v 0.00212521 0.05039597 -0.02753156
v 0.00232634 0.05057560 -0.02691726
v 0.00310174 0.04912253 -0.02844057
v 0.00333640 0.04932014 -0.02767714
v 0.00349526 0.04835009 -0.02920755
v 0.00446305 0.04818842 -0.02767359
v -0.00812546 0.05142589 -0.02383515
v -0.00770570 0.05127619 -0.02473706
v -0.00736172 0.05169734 -0.02442814
v -0.00706877 0.05151172 -0.02519156
v -0.00624673 0.05171331 -0.02577035
v -0.00599750 0.05270331 -0.02414407
v -0.00535619 0.05137000 -0.02722619
v -0.00192084 0.05159754 -0.02766294
v -0.00535619 0.05166541 -0.02665450
v -0.00535619 0.05252966 -0.02493591
v -0.00535619 0.05280710 -0.02436422
v -0.00421059 0.05290690 -0.02457017
v -0.00421059 0.05263545 -0.02514540
v -0.00192084 0.05130812 -0.02823462
v -0.00077524 0.05126621 -0.02821686
v -0.00012665 0.05154964 -0.02755286
v 0.00091256 0.05035405 -0.02861101
v 0.00116762 0.04932612 -0.02991416
v 0.00039223 0.05095284 -0.02808193
v 0.00151597 0.05019837 -0.02836245
v 0.00151597 0.05055764 -0.02779076
v 0.00109766 0.05159754 -0.02647341
v 0.00186140 0.05138198 -0.02608282
v 0.00216019 0.05157758 -0.02531939
v 0.00264699 0.05092889 -0.02574549
v 0.00313234 0.05028020 -0.02616804
v 0.00314546 0.05143587 -0.02389907
v 0.00336263 0.05163147 -0.02313564
v 0.00354190 0.04951574 -0.02691726
v 0.00411471 0.04895687 -0.02691726
v 0.00430418 0.04913850 -0.02618224
v 0.00445722 0.04933012 -0.02541882
v -0.00826392 0.05156361 -0.02307172
v -0.00717225 0.05273325 -0.02196742
v -0.00770570 0.05184504 -0.02346586
v -0.00676560 0.05246379 -0.02348007
v -0.00619280 0.05282706 -0.02348007
v -0.00603685 0.05387096 -0.02081695
v -0.00568413 0.05373922 -0.02157683
v -0.00535619 0.05315839 -0.02348007
v -0.00192084 0.05194883 -0.02691726
v -0.00077524 0.05193286 -0.02691726
v -0.00077524 0.05159155 -0.02764163
v -0.00421059 0.05338993 -0.02348007
v -0.00306499 0.05378313 -0.02284447
v -0.00306499 0.05349172 -0.02348007
v 0.00063709 0.05135803 -0.02723684
v 0.00037036 0.05260551 -0.02508504
v 0.00114867 0.05276718 -0.02430386
v 0.00149410 0.05179315 -0.02573129
v 0.00152471 0.05235801 -0.02466249
v 0.00191095 0.05253765 -0.02377834
v 0.00236132 0.05175722 -0.02462343
v 0.00431584 0.05028419 -0.02385646
v 0.00413220 0.05009857 -0.02462343
v 0.00355939 0.05067740 -0.02462343
v 0.00264554 0.05208456 -0.02345876
v 0.00290352 0.05239793 -0.02233315
v 0.00311777 0.05257557 -0.02154132
v 0.00355065 0.05182708 -0.02233315
v -0.00732674 0.05285900 -0.02118979
v -0.00834846 0.05166740 -0.02233315
v -0.00842716 0.05289692 -0.01775614
v -0.00831639 0.05276319 -0.01869001
v -0.00827267 0.05385898 -0.01507172
v -0.00821291 0.05265341 -0.01945344
v -0.00705128 0.05493681 -0.01484447
v -0.00753517 0.05303265 -0.02004642
v -0.00697257 0.05372725 -0.01919778
v -0.00697548 0.05259752 -0.02273085
v -0.00679184 0.05360549 -0.02004642
v -0.00621904 0.05400069 -0.02004642
v -0.00655572 0.05300071 -0.02234381
v -0.00595960 0.05496874 -0.01726258
v -0.00557482 0.05487892 -0.01802601
v -0.00535619 0.05432404 -0.02004642
v -0.00532413 0.05395678 -0.02119334
v -0.00492185 0.05383902 -0.02186089
v -0.00532413 0.05358952 -0.02227989
v -0.00421059 0.05371727 -0.02263852
v -0.00192084 0.05243984 -0.02585912
v -0.00104488 0.05269333 -0.02527678
v -0.00070819 0.05246978 -0.02570288
v -0.00028114 0.05265142 -0.02517736
v -0.00192084 0.05378912 -0.02286223
v -0.00192084 0.05351368 -0.02348007
v -0.00192084 0.05299871 -0.02462343
v -0.00192084 0.05269932 -0.02528744
v -0.00306499 0.05400469 -0.02227279
v -0.00192084 0.05402265 -0.02229054
v 0.00037036 0.05285700 -0.02451336
v 0.00152471 0.05289293 -0.02343036
v 0.00214707 0.05270331 -0.02301491
v 0.00037036 0.05326618 -0.02348007
v 0.00088486 0.05379511 -0.02173306
v 0.00119969 0.05392884 -0.02097319
v 0.00412345 0.05117839 -0.02233315
v 0.00429252 0.05137399 -0.02138508
v 0.00233217 0.05282507 -0.02233315
v 0.00270529 0.05298874 -0.02117203
v 0.00330725 0.05271728 -0.02078144
v 0.00379988 0.05204664 -0.02108326
v -0.00834554 0.05395279 -0.01431895
v -0.00790975 0.05464938 -0.01317558
v -0.00733695 0.05515836 -0.01317558
v -0.00719411 0.05504060 -0.01408104
v -0.00655426 0.05412644 -0.01884980
v -0.00650179 0.05561743 -0.01317558
v -0.00529060 0.05588290 -0.01429409
v -0.00486647 0.05612641 -0.01389640
v -0.00481108 0.05495676 -0.01834558
v -0.00525708 0.05473122 -0.01879653
v -0.00421059 0.05585895 -0.01546586
v -0.00421059 0.05454559 -0.02004642
v -0.00421059 0.05418832 -0.02118979
v -0.00421059 0.05390489 -0.02206329
v -0.00306499 0.05437793 -0.02118979
v -0.00077524 0.05342585 -0.02348007
v -0.00070819 0.05289293 -0.02472641
v -0.00192084 0.05441586 -0.02118979
v -0.00077524 0.05394081 -0.02213076
v -0.00077524 0.05373323 -0.02270599
v 0.00196342 0.05373523 -0.02042281
v 0.00217913 0.05387096 -0.01965938
v 0.00044907 0.05366737 -0.02231895
v 0.00012113 0.05386297 -0.02192481
v 0.00044907 0.05402664 -0.02128566
v 0.00037036 0.05446376 -0.02004642
v 0.00086883 0.05494080 -0.01828877
v 0.00151597 0.05445777 -0.01890306
v 0.00155532 0.05407055 -0.02004287
v 0.00400977 0.05218635 -0.02004642
v 0.00417446 0.05237996 -0.01890306
v 0.00437997 0.05151571 -0.02062521
v 0.00233800 0.05398672 -0.01890306
v 0.00291080 0.05356757 -0.01890306
v 0.00343696 0.05283105 -0.02004642
v -0.00842862 0.05407654 -0.01317558
v -0.00820271 0.05493082 -0.01021420
v -0.00814878 0.05486295 -0.01088175
v -0.00804675 0.05475717 -0.01202867
v -0.00747395 0.05528810 -0.01202867
v -0.00705856 0.05609048 -0.00910634
v -0.00694050 0.05604457 -0.00973839
v -0.00670439 0.05596074 -0.01088175
v -0.00561417 0.05598270 -0.01317558
v -0.00641726 0.05588290 -0.01198251
v -0.00580802 0.05605655 -0.01233404
v -0.00504137 0.05618429 -0.01317558
v -0.00472946 0.05723417 -0.00674505
v -0.00429221 0.05719824 -0.00755463
v -0.00421059 0.05705653 -0.00859147
v -0.00361155 0.05724016 -0.00800914
v -0.00421059 0.05633798 -0.01317558
v -0.00421059 0.05617431 -0.01413075
v -0.00421059 0.05605655 -0.01470244
v -0.00421059 0.05521225 -0.01775614
v -0.00421059 0.05500068 -0.01849827
v -0.00421059 0.05483501 -0.01907350
v -0.00421059 0.05553760 -0.01660923
v -0.00360135 0.05609247 -0.01487643
v -0.00306499 0.05535596 -0.01775614
v -0.00306499 0.05491285 -0.01933981
v -0.00306499 0.05471126 -0.02004642
v -0.00192084 0.05475118 -0.02004642
v -0.00077524 0.05426815 -0.02118979
v -0.00077524 0.05531604 -0.01775614
v -0.00077524 0.05488092 -0.01923684
v -0.00077524 0.05463741 -0.02004642
v 0.00190366 0.05485896 -0.01686489
v 0.00211209 0.05496874 -0.01610146
v 0.00044032 0.05482703 -0.01887110
v 0.00113993 0.05503461 -0.01752534
v 0.00152034 0.05476715 -0.01784491
v 0.00010510 0.05499269 -0.01846986
v -0.00113524 0.05614038 -0.01504332
v 0.00037036 0.05573520 -0.01546586
v 0.00151597 0.05566933 -0.01431895
v 0.00429252 0.05253765 -0.01796564
v 0.00438289 0.05266539 -0.01720222
v 0.00312360 0.05372126 -0.01775614
v 0.00322562 0.05379910 -0.01715961
v 0.00360166 0.05299472 -0.01890306
v -0.00848838 0.05418432 -0.01202867
v -0.00832077 0.05507253 -0.00859147
v -0.00826101 0.05500068 -0.00945077
v -0.00757598 0.05538790 -0.01088175
v -0.00636770 0.05625215 -0.00973839
v -0.00756140 0.05573120 -0.00867314
v -0.00776254 0.05572322 -0.00744811
v -0.00712269 0.05613040 -0.00834292
v -0.00650179 0.05675913 -0.00515783
v -0.00650179 0.05664536 -0.00630119
v -0.00535619 0.05693877 -0.00744811
v -0.00613159 0.05616633 -0.01088175
v -0.00598001 0.05611443 -0.01157061
v -0.00881778 0.05437793 -0.00744811
v -0.00535619 0.05660145 -0.00973839
v -0.00535619 0.05642780 -0.01088175
v -0.00535619 0.05677111 -0.00859147
v -0.00527603 0.05710244 -0.00634025
v -0.00550923 0.05713238 -0.00515783
v -0.00484169 0.05725613 -0.00598162
v -0.00421059 0.05739385 -0.00515783
v -0.00429221 0.05731801 -0.00634025
v -0.00396573 0.05728607 -0.00724571
v -0.00316410 0.05731801 -0.00755463
v -0.00284782 0.05726012 -0.00812987
v -0.00192084 0.05653159 -0.01317558
v -0.00306499 0.05646173 -0.01317558
v -0.00315681 0.05623020 -0.01442547
v -0.00283762 0.05613239 -0.01501846
v -0.00192084 0.05615634 -0.01510013
v -0.00192084 0.05493281 -0.01941083
v 0.00151597 0.05539189 -0.01546586
v 0.00222286 0.05505856 -0.01546586
v -0.00192084 0.05632999 -0.01431895
v -0.00077524 0.05643379 -0.01317558
v -0.00076212 0.05622021 -0.01433315
v -0.00037151 0.05606254 -0.01472374
v 0.00038202 0.05598669 -0.01433315
v 0.00077264 0.05606254 -0.01353777
v 0.00145767 0.05591683 -0.01316493
v 0.00178706 0.05599068 -0.01202867
v 0.00241233 0.05520626 -0.01431895
v 0.00444119 0.05273924 -0.01660923
v 0.00346466 0.05402065 -0.01546586
v 0.00324603 0.05496275 -0.01264296
v 0.00332182 0.05503860 -0.01202867
v 0.00298514 0.05474120 -0.01431895
v 0.00333640 0.05389890 -0.01639618
v 0.00453593 0.05287097 -0.01546586
v 0.00459568 0.05298874 -0.01431895
v 0.00464087 0.05309053 -0.01317558
v 0.00475893 0.05323224 -0.01088175
v 0.00446305 0.05393882 -0.00973839
v 0.00454467 0.05410449 -0.00744811
v 0.00458257 0.05419231 -0.00630119
v 0.00462192 0.05425418 -0.00515783
v 0.00465981 0.05428612 -0.00401091
v 0.00469334 0.05431406 -0.00287110
v -0.00838344 0.05515037 -0.00744811
v -0.00775088 0.05539788 -0.00979520
v -0.00783979 0.05576513 -0.00630119
v -0.00726699 0.05624217 -0.00630119
v -0.00732529 0.05629407 -0.00515783
v -0.00650179 0.05682300 -0.00401091
v -0.00564041 0.05716831 -0.00401091
v -0.00887316 0.05437793 -0.00630119
v -0.00506760 0.05731401 -0.00401091
v -0.00421059 0.05745173 -0.00401091
v -0.00306499 0.05750163 -0.00515783
v -0.00306499 0.05743976 -0.00630119
v -0.00192084 0.05738586 -0.00744811
v -0.00192084 0.05728008 -0.00826480
v -0.00115565 0.05727609 -0.00823639
v -0.00889211 0.05437793 -0.00401091
v -0.00888919 0.05437793 -0.00515783
v 0.00038202 0.05620425 -0.01316493
v 0.00000890 0.05614038 -0.01396032
v -0.00077524 0.05680104 -0.01088175
v 0.00037036 0.05676911 -0.00973839
v 0.00037036 0.05658348 -0.01088175
v 0.00103645 0.05612441 -0.01277434
v 0.00121426 0.05618629 -0.01202867
v 0.00151597 0.05643578 -0.00973839
v 0.00197508 0.05605455 -0.01115517
v 0.00271112 0.05525816 -0.01308326
v 0.00266157 0.05550566 -0.01202867
v 0.00417592 0.05356158 -0.01431895
v 0.00343259 0.05515636 -0.01088175
v 0.00427795 0.05366337 -0.01317558
v 0.00433771 0.05374321 -0.01225237
v 0.00438289 0.05381108 -0.01148894
v 0.00441204 0.05385698 -0.01088175
v 0.00425025 0.05476515 -0.00630119
v 0.00429106 0.05482703 -0.00515783
v 0.00431438 0.05485896 -0.00401091
v 0.00433479 0.05488691 -0.00287110
v -0.00841259 0.05519229 -0.00630119
v -0.00789809 0.05578709 -0.00515783
v -0.00736756 0.05632401 -0.00401091
v -0.00841988 0.05521424 -0.00515783
v -0.00305770 0.05761540 -0.00287110
v -0.00306499 0.05755952 -0.00401091
v -0.00192084 0.05748766 -0.00630119
v -0.00192084 0.05762139 -0.00401091
v -0.00077524 0.05740782 -0.00630119
v -0.00077378 0.05731401 -0.00739130
v -0.00039191 0.05721022 -0.00773573
v 0.00037036 0.05695274 -0.00859147
v -0.00077378 0.05715234 -0.00860923
v -0.00077524 0.05697869 -0.00973839
v -0.00842716 0.05525416 -0.00287110
v -0.00842279 0.05523620 -0.00401091
v 0.00151597 0.05659746 -0.00859147
v 0.00211063 0.05610844 -0.01039174
v 0.00255954 0.05577711 -0.01081784
v 0.00275776 0.05580106 -0.00973839
v 0.00350547 0.05522822 -0.00973839
v 0.00407827 0.05451166 -0.00973839
v 0.00400539 0.05442983 -0.01088175
v 0.00356377 0.05526415 -0.00859147
v -0.00797971 0.05583300 -0.00287110
v -0.00794036 0.05580905 -0.00401091
v -0.00741128 0.05633598 -0.00287110
v -0.00000713 0.05727609 -0.00630119
v -0.00013685 0.05725413 -0.00697230
v 0.00029457 0.05713038 -0.00739130
v 0.00218496 0.05615435 -0.00973839
v 0.00056567 0.05717629 -0.00630119
v 0.00151597 0.05671921 -0.00744811
v 0.00227824 0.05622221 -0.00859147
v 0.00285105 0.05583699 -0.00859147
v 0.00037036 0.05741181 -0.00287110
v 0.00088486 0.05723218 -0.00441571
v 0.00075952 0.05721022 -0.00515783
v 0.00096940 0.05725413 -0.00365228
v 0.00151597 0.05679905 -0.00630119
v 0.03888462 -0.02655586 0.00057718
v 0.03098730 -0.03777876 0.05211508
v 0.04040928 -0.02351209 0.00057718
v 0.04002116 -0.02436708 0.00057718
v 0.03975267 -0.02493948 0.00057718
v 0.03932282 -0.02580167 0.00057718
v 0.03189848 -0.03559898 0.05275506
v 0.03973598 -0.02493228 0.00172380
v 0.04002950 -0.02435988 0.00172380
v 0.04045379 -0.02351209 0.00172380
v 0.04081409 -0.02122071 0.00057718
v 0.04075705 -0.02236550 0.00057718
v 0.04082383 -0.02236550 0.00172380
v 0.03428145 -0.03010723 0.05211508
v 0.03424111 -0.03000643 0.05288839
v 0.03315465 -0.03242201 0.05298838
v 0.04090312 -0.02122071 0.00172380
v 0.03579636 -0.02007592 0.05211508
v 0.03567256 -0.02122071 0.05211508
v 0.03534425 -0.02320069 0.05278839
v 0.03449429 -0.02923604 0.05211508
v 0.03432596 -0.02923604 0.05308171
v 0.03403939 -0.02923604 0.05365502
v 0.03387942 -0.03038623 0.05326837
v 0.03295572 -0.03199001 0.05375502
v 0.03187622 -0.03440379 0.05383501
v 0.03060336 -0.03755556 0.05364169
v 0.03055049 -0.03777876 0.05354169
v 0.03578245 -0.01939013 0.05211508
v 0.03555014 -0.02007592 0.05319504
v 0.03548893 -0.02122071 0.05310171
v 0.03540546 -0.02236550 0.05293505
v 0.03437743 -0.02807865 0.05334170
v 0.03411591 -0.02844945 0.05377502
v 0.03330211 -0.03038263 0.05402834
v 0.03313239 -0.03122502 0.05392834
v 0.03199585 -0.03381880 0.05392834
v 0.03091357 -0.03611018 0.05397501
v 0.03076890 -0.03679057 0.05386835
v 0.03542216 -0.01939013 0.05341503
v 0.03524966 -0.02007592 0.05376835
v 0.03519262 -0.02122071 0.05367502
v 0.03512028 -0.02236550 0.05350836
v 0.03418407 -0.02768625 0.05385501
v 0.03346904 -0.02923604 0.05409500
v 0.03244379 -0.03038263 0.05432166
v 0.03252169 -0.03157602 0.05412834
v 0.03223234 -0.03267401 0.05406167
v 0.03019437 -0.03720637 0.05407501
v 0.03358867 -0.02236550 0.05430833
v 0.03466817 -0.01939013 0.05409500
v 0.03431205 -0.02580167 0.05396834
v 0.03423554 -0.02694826 0.05390168
v 0.03467652 -0.02007592 0.05409500
v 0.03462088 -0.02122071 0.05410167
v 0.03454854 -0.02236550 0.05409500
v 0.03447064 -0.02351209 0.05406167
v 0.03358867 -0.02694826 0.05420833
v 0.03358867 -0.02580167 0.05426167
v 0.03358867 -0.02465688 0.05428833
v 0.03358867 -0.02351209 0.05430166
v 0.03244379 -0.02923604 0.05432166
v 0.03129891 -0.03267401 0.05432833
v 0.03015264 -0.03611018 0.05424167
v 0.03129891 -0.03381880 0.05422166
v 0.02900776 -0.03777876 0.05427500
v 0.03015264 -0.03496359 0.05432166
v 0.00559829 -0.05558252 0.05412484
v 0.00495150 -0.05558252 0.05416180
v 0.00559829 -0.05588071 0.05402322
v 0.00380586 -0.05558252 0.05419876
v -0.00306625 -0.05672785 0.05408789
v 0.00495150 -0.05626572 0.05392159
v 0.00266022 -0.05558252 0.05421723
v -0.00764709 -0.05558252 0.05428190
v -0.00879273 -0.05558252 0.05426342
v -0.00420329 -0.05680611 0.05403245
v -0.00381625 -0.05732764 0.05385692
v -0.00306625 -0.05732993 0.05386616
v -0.00238162 -0.05731336 0.05384769
v -0.00993664 -0.05558252 0.05419876
v -0.00993664 -0.05628400 0.05395855
v -0.00879273 -0.05635312 0.05399550
v -0.01108228 -0.05620288 0.05388464
v -0.01167574 -0.05615833 0.05383844
v -0.00420329 -0.05751729 0.05333955
v -0.00306625 -0.05760926 0.05325640
v -0.00196878 -0.05749501 0.05333032
v -0.00077498 -0.05746816 0.05309011
v 0.00132020 -0.05734535 0.05280371
v -0.00727209 -0.05732993 0.05275751
v -0.00650145 -0.05738590 0.05288686
v -0.00535581 -0.05746931 0.05307163
v -0.00421017 -0.05780405 0.05211081
v -0.00306625 -0.05786174 0.05211081
v -0.00192061 -0.05776977 0.05211081
v -0.00077498 -0.05763611 0.05211081
v 0.00037066 -0.05750187 0.05211081
v 0.00151286 -0.05736763 0.05211081
v 0.00208568 -0.05730022 0.05211081
v -0.00650145 -0.05747159 0.05211081
v -0.00535581 -0.05763839 0.05211081
v -0.00421017 -0.05780633 0.05096520
v -0.00306625 -0.05786460 0.05096520
v -0.00192061 -0.05777149 0.05096520
v -0.00077498 -0.05763725 0.05096520
v 0.00380586 -0.05709915 0.05096520
v 0.00495150 -0.05696434 0.05096520
v 0.00559829 -0.05687979 0.05161192
v -0.01197506 -0.05667472 0.05096520
v -0.00535581 -0.05763953 0.05096520
v -0.00421017 -0.05780633 -0.04010070
v -0.00306625 -0.05786460 -0.04010070
v -0.00250375 -0.05781890 -0.04010070
v -0.00192061 -0.05777149 -0.04010070
v -0.00077498 -0.05763725 -0.04010070
v 0.00380586 -0.05709915 -0.04010070
v 0.00495150 -0.05696434 -0.04010070
v -0.01197506 -0.05667472 -0.04010070
v -0.00535581 -0.05763953 -0.04010070
v 0.00036935 0.01772450 0.05413348
v -0.00077638 0.01772450 0.05418896
v -0.00192027 0.01772450 0.05421671
v -0.01108247 0.01658046 0.05424445
v 0.00119303 0.01832527 0.05385606
v 0.00036935 0.01836509 0.05388380
v -0.00077638 0.01841641 0.05392079
v -0.00192027 0.01846065 0.05393928
v -0.00306601 0.01772450 0.05421671
v -0.01222821 0.01658046 0.05422596
v -0.01331101 0.01663090 0.05407799
v -0.00306601 0.01845888 0.05393928
v -0.00420989 0.01772450 0.05419821
v -0.00535563 0.01772450 0.05416122
v -0.01108247 0.01741748 0.05401326
v -0.01222821 0.01733608 0.05397627
v -0.01331101 0.01668664 0.05405950
v -0.00420989 0.01841995 0.05393003
v -0.00535563 0.01838102 0.05390229
v -0.00650137 0.01833235 0.05386530
v -0.00712514 0.01830315 0.05383756
v -0.01302782 0.01724052 0.05390229
v -0.03240814 -0.04367064 -0.04010070
v -0.03559965 -0.03938641 -0.04010070
v -0.03580840 -0.03910609 -0.04010070
v -0.03580840 -0.03910609 0.05211121
v -0.03240680 -0.04367064 0.05211121
v -0.03603856 -0.03875982 -0.04010070
v -0.03627810 -0.03840005 0.04409881
v -0.03577495 -0.03906112 0.05282280
v -0.03626739 -0.03840005 0.05211121
v -0.03627810 -0.03840005 0.05096526
v -0.03234793 -0.04365265 0.05283205
v -0.03627676 -0.03840005 -0.04010070
v -0.03675180 -0.03757409 0.04867336
v -0.03675047 -0.03757409 -0.04010070
v -0.03210839 -0.04333036 0.05359909
v -0.03448764 -0.04001600 0.05373771
v -0.03553542 -0.03873883 0.05358061
v -0.03598638 -0.03837457 0.05322943
v -0.03693915 -0.03689353 0.05288749
v -0.03674244 -0.03757258 0.05211121
v -0.03675180 -0.03757409 0.05096526
v -0.04028187 -0.02858141 -0.04010070
v -0.03698197 -0.03700146 -0.04010070
v -0.03193577 -0.04367064 0.05346971
v -0.03141790 -0.04367064 0.05398724
v -0.03239209 -0.04256735 0.05391330
v -0.03343986 -0.04129168 0.05384861
v -0.03580572 -0.03797583 0.05390406
v -0.03656580 -0.03726678 0.05326640
v -0.03922606 -0.03115824 0.05286901
v -0.03800700 -0.03440814 0.05270266
v -0.03673976 -0.03640484 0.05364530
v -0.03797756 -0.03319842 0.05380241
v -0.03698197 -0.03699996 0.05211121
v -0.03698197 -0.03700146 0.05096526
v -0.04005706 -0.02923799 -0.04010070
v -0.04028187 -0.02858141 0.05096526
v -0.04028053 -0.02857841 0.05211121
v -0.03778352 -0.03499126 0.00630098
v -0.03514735 -0.03837457 0.05405193
v -0.03477267 -0.03925150 0.05395951
v -0.03689365 -0.03564333 0.05386710
v -0.03598102 -0.03725479 0.05401496
v -0.03936389 -0.03035026 0.05325716
v -0.03977203 -0.02923799 0.05325716
v -0.04005572 -0.02923799 0.05211121
v -0.03961413 -0.03038324 0.05211121
v -0.03801101 -0.03441713 0.05211121
v -0.03919796 -0.02994552 0.05388558
v -0.03778352 -0.03499126 0.03951501
v -0.03983225 -0.02982111 -0.04010070
v -0.04005706 -0.02923799 0.05096526
v -0.03857304 -0.02835805 0.05431069
v -0.03943883 -0.03082995 -0.04010070
v -0.03055747 -0.04298258 0.05424600
v -0.03170293 -0.04183732 0.05423676
v -0.03284706 -0.04069206 0.05419979
v -0.03406077 -0.03959927 0.05409813
v -0.03513665 -0.03725479 0.05423676
v -0.03702747 -0.03496577 0.05396875
v -0.03811673 -0.03243391 0.05393179
v -0.03628211 -0.03496577 0.05421827
v -0.03726700 -0.03382052 0.05408889
v -0.03931705 -0.02923799 0.05398724
v -0.03961546 -0.03038324 0.05096526
v -0.03926754 -0.03126017 0.05096526
v -0.03961546 -0.03038324 -0.04010070
v -0.03857304 -0.02923799 0.05427372
v -0.03742757 -0.03153000 0.05429220
v -0.03628211 -0.03382052 0.05430145
v -0.03861452 -0.03035026 0.05409813
v -0.03828266 -0.03153000 0.05404269
v -0.01337510 -0.05443696 0.05425904
v -0.02940955 -0.04527451 0.05420362
v -0.01337510 -0.05535346 0.05403734
v -0.03062758 -0.04418744 0.05410200
v -0.02597345 -0.04756576 0.05426828
v -0.01910326 -0.05214571 0.05422209
v -0.01681119 -0.05329134 0.05421285
v -0.01452113 -0.05443696 0.05418514
v -0.02482742 -0.04871139 0.05422209
v -0.03022957 -0.04527451 0.05397269
v -0.02940955 -0.04610191 0.05397269
v -0.02833352 -0.04649778 0.05411124
v -0.02712948 -0.04759758 0.05407429
v -0.01452113 -0.05516252 0.05394498
v -0.01244107 -0.05606120 0.05373252
v -0.01197506 -0.05628396 0.05349234
v -0.03134360 -0.04384503 0.05396345
v -0.02139332 -0.05100009 0.05420362
v -0.02257535 -0.05105228 0.05404658
v -0.02032329 -0.05223100 0.05404658
v -0.01999128 -0.05283181 0.05391726
v -0.01681119 -0.05407418 0.05397269
v -0.02368338 -0.04985574 0.05415743
v -0.03000156 -0.04586514 0.05384336
v -0.02799951 -0.04723735 0.05397269
v -0.02592145 -0.04869229 0.05401887
v -0.01757921 -0.05394434 0.05389879
v -0.01517115 -0.05504287 0.05386184
v -0.01337510 -0.05592627 0.05349234
v -0.01337510 -0.05626614 0.05291962
v -0.01212906 -0.05634761 0.05330759
v -0.01197506 -0.05637307 0.05330759
v -0.03105759 -0.04460878 0.05375099
v -0.03232163 -0.04367191 0.05285496
v -0.02471942 -0.04978827 0.05395421
v -0.02221734 -0.05170910 0.05391726
v -0.02139332 -0.05192550 0.05398193
v -0.02075530 -0.05267015 0.05379718
v -0.02550544 -0.04936185 0.05388955
v -0.03079759 -0.04529615 0.05332607
v -0.03019357 -0.04605735 0.05326141
v -0.02943355 -0.04666708 0.05333531
v -0.02876353 -0.04693185 0.05376023
v -0.02426540 -0.05043619 0.05383413
v -0.01559916 -0.05520962 0.05323369
v -0.01398511 -0.05617067 0.05271640
v -0.01223106 -0.05663529 0.05211598
v -0.03129760 -0.04492955 0.05298428
v -0.03235963 -0.04367191 0.05257784
v -0.03095159 -0.04561565 0.05211598
v -0.02368338 -0.05064112 0.05391726
v -0.02298137 -0.05146852 0.05374175
v -0.02139332 -0.05249831 0.05353853
v -0.02198734 -0.05272871 0.05270716
v -0.02139332 -0.05285727 0.05296581
v -0.03037758 -0.04624193 0.05211598
v -0.02906954 -0.04717625 0.05300276
v -0.02751949 -0.04800110 0.05364938
v -0.02331738 -0.05173711 0.05297505
v -0.01639918 -0.05507851 0.05282725
v -0.01400511 -0.05617958 0.05211598
v -0.01337510 -0.05637816 0.05211598
v -0.01223106 -0.05663656 0.05097054
v -0.03240563 -0.04367191 0.05211598
v -0.03195562 -0.04427527 0.05211598
v -0.03138160 -0.04504411 0.05211598
v -0.03138360 -0.04504411 0.05097054
v -0.03095159 -0.04561693 0.05097054
v -0.03037958 -0.04624320 0.05097054
v -0.02248335 -0.05210498 0.05322446
v -0.02342138 -0.05181985 0.05211598
v -0.02256735 -0.05239138 0.05211598
v -0.02199734 -0.05273507 0.05211598
v -0.02139332 -0.05299729 0.05211598
v -0.01895525 -0.05404745 0.05211598
v -0.02975756 -0.04681474 0.05211598
v -0.02782150 -0.04824168 0.05288267
v -0.02657547 -0.04930584 0.05273487
v -0.01337510 -0.05637943 0.05097054
v -0.01648118 -0.05511415 0.05097054
v -0.01457913 -0.05593264 0.05097054
v -0.01223106 -0.05663656 -0.04010070
v -0.03240763 -0.04367191 0.05097054
v -0.03138360 -0.04504411 -0.04010070
v -0.03117160 -0.04532543 -0.04010070
v -0.03095159 -0.04561693 -0.04010070
v -0.03066158 -0.04593643 -0.04010070
v -0.02975956 -0.04681601 0.05097054
v -0.03037958 -0.04624320 -0.04010070
v -0.03007557 -0.04652452 -0.04010070
v -0.02256935 -0.05239266 0.05097054
v -0.02846152 -0.04784071 0.05211598
v -0.02659147 -0.04931857 0.05097054
v -0.02399540 -0.05136796 0.05097054
v -0.02370339 -0.05159836 -0.04010070
v -0.02342138 -0.05181985 -0.04010070
v -0.02300337 -0.05210116 -0.04010070
v -0.02199734 -0.05273507 -0.04010070
v -0.02170133 -0.05286364 -0.04010070
v -0.02024729 -0.05349119 0.05097054
v -0.02139332 -0.05299729 -0.04010070
v -0.02083131 -0.05324042 -0.04010070
v -0.02918554 -0.04726790 0.05211598
v -0.01337510 -0.05637943 -0.04010070
v -0.02975956 -0.04681601 -0.04010070
v -0.02256935 -0.05239266 -0.04010070
v -0.02659147 -0.04931857 -0.04010070
v -0.02399540 -0.05136796 -0.04010070
v 0.03099721 -0.00063789 0.05211462
v 0.03149512 -0.00174627 0.05211462
v 0.03123198 -0.00174627 0.05325786
v 0.03070052 -0.00006488 0.05211462
v 0.03086563 -0.00089512 0.05325786
v 0.03073148 -0.00115862 0.05383856
v 0.02966083 0.00122753 0.05285863
v 0.03054831 -0.00032211 0.05325786
v 0.02944412 0.00095567 0.05362987
v 0.02974338 0.00019235 0.05394743
v 0.03013553 -0.00070691 0.05401095
v 0.03084757 -0.00174627 0.05392929
v 0.02623217 0.00581790 0.05287678
v 0.02994461 0.00056250 0.05324878
v 0.02497319 0.00681963 0.05381134
v 0.02840185 0.00222717 0.05379319
v 0.02652111 0.00515078 0.05325786
v 0.02736215 0.00350913 0.05389299
v 0.02631214 0.00478481 0.05394743
v 0.02670171 0.00392738 0.05404724
v 0.02903908 0.00056250 0.05410168
v 0.03015100 -0.00174627 0.05421963
v 0.02518215 0.00707895 0.05304010
v 0.02381482 0.00795311 0.05379319
v 0.02420954 0.00719188 0.05399280
v 0.02524923 0.00605631 0.05397465
v 0.02560784 0.00515078 0.05410168
v 0.02671460 0.00283573 0.05426500
v 0.02900554 -0.00060025 0.05430130
v 0.01802041 0.01249120 0.05374782
v 0.01928971 0.01144137 0.05383856
v 0.02178961 0.00931035 0.05394743
v 0.02305117 0.00825007 0.05398373
v 0.02337108 0.00751185 0.05413798
v 0.02452429 0.00637209 0.05413798
v 0.02556914 0.00398176 0.05430130
v 0.02786007 0.00054577 0.05431037
v 0.02213274 0.00741774 0.05431944
v 0.01725676 0.01277143 0.05394743
v 0.01869892 0.01166305 0.05395651
v 0.01973861 0.01079307 0.05399280
v 0.02094599 0.00969724 0.05405632
v 0.02215596 0.00860350 0.05411076
v 0.01984180 0.00970560 0.05427407
v 0.02098727 0.00856167 0.05431037
v 0.02442367 0.00512569 0.05431037
v 0.01182612 0.01428761 0.05424685
v 0.00609878 0.01657966 0.05421056
v 0.00794598 0.01719868 0.05386578
v 0.01350046 0.01483971 0.05381134
v 0.01588169 0.01373342 0.05384763
v 0.01632027 0.01314995 0.05402910
v 0.01760505 0.01206457 0.05410168
v 0.01869892 0.01085163 0.05421963
v 0.01640798 0.01199765 0.05427407
v 0.00953518 0.01543363 0.05422871
v 0.01526252 0.01314159 0.05420149
v 0.00724425 0.01657966 0.05416520
v 0.00724425 0.01725514 0.05391114
v 0.00835360 0.01660475 0.05402002
v 0.01411705 0.01412240 0.05405632
v 0.01034784 0.01609239 0.05389299
v 0.01526252 0.01386308 0.05392929
v 0.01071161 0.01550474 0.05406539
v -0.01452062 0.01543420 0.05425656
v -0.01795661 0.01428793 0.05423806
v -0.02024822 0.01314304 0.05426581
v -0.01566643 0.01543420 0.05417332
v -0.02024822 0.01402660 0.05401610
v -0.02144082 0.01319973 0.05408083
v -0.02253699 0.01199677 0.05420107
v -0.02368279 0.01085189 0.05423806
v -0.01795661 0.01506916 0.05397910
v -0.01873797 0.01494333 0.05390511
v -0.02109055 0.01385790 0.05394211
v -0.02359628 0.01195806 0.05399759
v -0.02711877 0.00856211 0.05416407
v -0.02481583 0.01085742 0.05405309
v -0.02779803 0.00853999 0.05405309
v -0.01627478 0.01602047 0.05384962
v -0.02185489 0.01362008 0.05373863
v -0.02315668 0.01260517 0.05385887
v -0.02442444 0.01155016 0.05392361
v -0.02779803 0.00884004 0.05397910
v -0.02774840 0.00917742 0.05386811
v -0.04025332 -0.01060496 0.05096806
v -0.04025332 -0.01060496 0.02004188
v -0.04012984 -0.00976514 0.05096806
v -0.04025088 -0.01060699 0.05211588
v -0.03986211 -0.00861900 -0.04021836
v -0.03986211 -0.00861900 0.05096806
v -0.04012006 -0.00976514 0.05211588
v -0.03985477 -0.00861900 0.05211588
v -0.03984499 -0.00976514 0.05325443
v -0.03969584 -0.00817475 -0.04021836
v -0.03943055 -0.00747287 0.05211588
v -0.03943177 -0.00747287 0.05096806
v -0.03915914 -0.00687242 0.05271755
v -0.03950024 -0.00852163 0.05336551
v -0.03928751 -0.00747287 0.05297674
v -0.03936209 -0.00976514 0.05403199
v -0.03926795 -0.00883809 0.05394868
v -0.03943177 -0.00747287 -0.04021836
v -0.03916526 -0.00685619 0.05211588
v -0.03891952 -0.00628211 0.05096806
v -0.03916648 -0.00685416 -0.02805523
v -0.03646710 -0.00060013 0.05211588
v -0.03703314 -0.00190652 0.05211588
v -0.03913103 -0.00807332 0.05380983
v -0.03806619 -0.00445844 0.05281938
v -0.03001940 0.00802732 0.05274532
v -0.03857354 -0.00976514 0.05430968
v -0.03867868 -0.00852163 0.05414306
v -0.03841950 -0.00747287 0.05410604
v -0.03816521 -0.00632877 0.05396719
v -0.03916648 -0.00685416 -0.04021836
v -0.03647199 -0.00060013 0.05096806
v -0.03810042 -0.00437933 -0.02347323
v -0.03831192 -0.00487024 -0.04021836
v -0.03697323 -0.00204446 0.05290268
v -0.03588150 0.00025795 0.05297674
v -0.03596708 0.00040401 0.05211588
v -0.03674217 -0.00255363 0.05367098
v -0.03607344 -0.00057781 0.05331923
v -0.03802829 -0.00569180 0.05385611
v -0.03458071 0.00228042 0.05270830
v -0.03351587 0.00352798 0.05283789
v -0.03026024 0.00737209 0.05318038
v -0.02975044 0.00772303 0.05351362
v -0.03857354 -0.01084027 0.05432819
v -0.03742802 -0.00747287 0.05434671
v -0.03742802 -0.00632877 0.05426340
v -0.03598908 -0.00174626 0.05405050
v -0.03707837 -0.00403650 0.05401347
v -0.03581304 -0.00094295 0.05393016
v -0.03692188 -0.00331839 0.05389314
v -0.03596830 0.00040401 0.05096806
v -0.03647199 -0.00060013 -0.04021836
v -0.03703436 -0.00190449 -0.03493286
v -0.03703436 -0.00190449 -0.04021836
v -0.03562843 -0.00018225 0.05373578
v -0.03541326 0.00060078 0.05331923
v -0.03478488 0.00160491 0.05316187
v -0.03560887 0.00097606 0.05211588
v -0.03391442 0.00273482 0.05316187
v -0.03113680 0.00570665 0.05383760
v -0.03007686 0.00696030 0.05390239
v -0.02898757 0.00811860 0.05392091
v -0.02826627 0.00741469 0.05419860
v -0.03513697 -0.00174626 0.05431894
v -0.03628250 -0.00403650 0.05429117
v -0.03520299 -0.00057781 0.05411529
v -0.03482033 0.00054195 0.05400422
v -0.03596830 0.00040401 -0.04021836
v -0.03460516 0.00116877 0.05386537
v -0.03431053 0.00193151 0.05347659
v -0.03325181 0.00318921 0.05360619
v -0.03354766 0.00242648 0.05393016
v -0.03248894 0.00368418 0.05397645
v -0.03286059 0.00281799 0.05407827
v -0.02938612 0.00737209 0.05400422
v -0.02818558 0.00852431 0.05398570
v -0.02941179 0.00627059 0.05418935
v -0.03284714 0.00168808 0.05427266
v -0.03399267 0.00054195 0.05426340
v -0.03395477 0.00160491 0.05402273
v -0.03175663 0.00403106 0.05410604
v -0.03055732 0.00512445 0.05416158
f 656 657 366
f 366 367 656
f 660 984 988
f 983 984 660
f 1573 2062 2050
f 2401 1561 2402
f 2418 2408 2411
f 2401 2402 2397
f 2397 2402 2400
f 783 784 762
f 2411 1566 2410
f 656 356 355
f 364 366 657
f 656 355 655
f 655 662 656
f 314 270 267
f 354 364 352
f 366 364 354
f 475 502 476
f 475 476 455
f 709 710 1579
f 816 827 826
f 1541 1553 1555
f 1555 2395 1541
f 2175 2166 2181
f 1570 1555 1553
f 2395 1555 1570
f 1568 1569 1554
f 1554 1569 1561
f 2059 2064 2065
f 2048 2037 2033
f 758 759 455
f 837 815 814
f 2091 2092 2083
f 2091 2081 2090
f 2088 2078 2248
f 2407 2402 2409
f 2409 2402 2408
f 2409 2418 2407
f 2408 2418 2409
f 2408 2402 2403
f 2403 2402 1561
f 2411 2408 2403
f 1561 1569 2403
f 2407 2418 2419
f 2419 2418 2429
f 2405 2402 2407
f 2400 2402 2405
f 2405 2406 2400
f 2395 2397 730
f 761 762 731
f 731 730 761
f 761 2397 2400
f 761 730 2397
f 2400 2406 2404
f 731 762 763
f 785 762 784
f 785 763 762
f 2175 2181 2176
f 2148 2159 2160
f 2160 2159 2175
f 2175 2176 2160
f 2431 1001 1002
f 2447 834 813
f 2463 834 2447
f 818 844 842
f 808 784 813
f 813 830 808
f 853 849 854
f 1537 713 731
f 1540 1525 1539
f 1539 1553 1540
f 1540 1553 1541
f 658 652 657
f 658 657 656
f 988 984 987
f 1908 355 340
f 661 660 2310
f 2310 662 661
f 661 655 660
f 662 655 661
f 983 660 654
f 654 655 983
f 660 655 654
f 2310 660 1010
f 664 670 671
f 268 267 270
f 270 221 219
f 171 219 221
f 352 364 362
f 362 364 657
f 328 342 343
f 341 342 328
f 340 355 341
f 341 355 356
f 356 342 341
f 656 367 357
f 357 342 356
f 357 356 656
f 197 1668 240
f 1580 706 1592
f 706 1580 718
f 56 1599 82
f 455 476 456
f 539 502 501
f 502 475 501
f 859 860 1988
f 42 35 30
f 30 44 45
f 1625 1626 1606
f 706 716 708
f 827 816 828
f 728 1579 727
f 1579 728 1586
f 1586 728 752
f 2167 2166 2175
f 2175 2159 2167
f 2149 2137 2148
f 2148 2160 2149
f 2149 2160 2163
f 2247 2255 2262
f 2180 2181 2165
f 2165 428 2180
f 379 372 378
f 410 2181 2166
f 2395 1570 1571
f 1571 2397 2395
f 1571 1570 1561
f 1561 1570 1563
f 1563 1562 1561
f 1563 1570 1553
f 1553 1562 1563
f 1567 1566 1568
f 1568 1554 1567
f 1567 1554 1566
f 1539 1554 1552
f 1552 1554 1561
f 1561 1562 1552
f 1552 1553 1539
f 1552 1562 1553
f 1539 1532 1548
f 1548 1554 1539
f 897 898 882
f 2255 2260 2272
f 2263 2248 2247
f 2247 2262 2263
f 2263 2262 2280
f 2298 637 2307
f 2297 637 2298
f 2298 2272 2297
f 961 962 939
f 962 940 939
f 918 940 943
f 883 898 901
f 882 898 883
f 883 869 882
f 2048 2033 2047
f 683 2050 2049
f 2050 2033 2049
f 2050 906 2051
f 2051 2033 2050
f 2051 2052 2033
f 734 766 735
f 734 735 715
f 715 735 716
f 715 716 706
f 743 742 744
f 740 716 739
f 742 743 721
f 749 725 744
f 750 749 766
f 746 725 750
f 725 749 750
f 765 766 734
f 79 750 765
f 765 750 766
f 826 849 850
f 850 849 853
f 848 849 826
f 826 825 848
f 847 837 840
f 840 848 847
f 849 848 840
f 840 837 814
f 797 798 815
f 815 822 797
f 776 798 797
f 841 837 847
f 847 822 841
f 815 837 841
f 841 822 815
f 826 827 802
f 802 825 826
f 827 828 802
f 2082 2081 2091
f 2091 2083 2082
f 2081 2073 2080
f 2233 2073 2065
f 2081 2078 2089
f 2078 2088 2089
f 2089 2090 2081
f 1577 1566 2411
f 2411 2403 1577
f 1577 2403 1569
f 1568 1566 1577
f 1577 1569 1568
f 2407 2419 2416
f 2416 2419 2429
f 2399 761 2400
f 762 761 2399
f 2400 2404 2399
f 2399 2404 762
f 2412 2404 2406
f 783 762 2412
f 762 2404 2412
f 386 763 786
f 786 785 814
f 763 785 786
f 814 815 786
f 815 798 786
f 731 763 374
f 385 386 375
f 385 763 386
f 814 785 810
f 810 785 784
f 2358 2368 2367
f 2363 2366 2364
f 2364 2353 2363
f 683 2331 2338
f 1565 2410 1566
f 1565 1564 2410
f 1566 1554 1565
f 1554 1564 1565
f 1560 1564 1554
f 1560 1548 1556
f 1554 1548 1560
f 2410 1564 1560
f 1560 1575 2410
f 2421 1575 1572
f 2439 2421 1572
f 1572 1556 1573
f 1572 1560 1556
f 1575 1560 1572
f 2421 2410 1578
f 1578 1575 2421
f 2410 1575 1578
f 416 415 776
f 400 415 416
f 2194 2176 2181
f 2181 2180 2194
f 2163 2160 2177
f 2177 2160 2176
f 452 468 469
f 2431 1002 2446
f 1917 1865 834
f 813 834 835
f 826 818 817
f 817 816 826
f 792 816 817
f 839 854 849
f 839 840 814
f 849 840 839
f 370 374 375
f 713 1537 2396
f 731 713 2396
f 1528 1540 1541
f 381 382 375
f 403 384 402
f 1652 1627 1626
f 1625 1650 1648
f 1648 1626 1625
f 665 658 664
f 659 653 652
f 652 658 659
f 2004 653 659
f 659 658 667
f 663 670 664
f 664 658 663
f 663 658 656
f 2310 2311 663
f 656 662 663
f 663 662 2310
f 986 984 983
f 986 987 984
f 340 1906 1907
f 1907 1908 340
f 355 1908 1909
f 983 655 1909
f 1909 655 355
f 1021 2313 2310
f 1051 2313 1021
f 996 660 988
f 996 1010 660
f 1109 2313 1108
f 1176 2313 1109
f 1109 1174 1176
f 1179 2313 1176
f 1178 2313 1177
f 2316 2313 1120
f 2316 1055 2322
f 1176 1174 1263
f 218 268 270
f 270 219 218
f 218 219 169
f 205 171 222
f 222 171 221
f 169 219 170
f 219 171 170
f 455 759 115
f 115 170 171
f 169 170 115
f 352 362 365
f 360 362 657
f 345 362 360
f 657 652 360
f 652 344 360
f 360 344 345
f 2004 1999 1998
f 1999 344 1998
f 1998 653 2004
f 652 653 1998
f 1998 344 652
f 288 1999 1990
f 288 291 238
f 349 343 359
f 359 343 342
f 240 1668 292
f 312 334 314
f 333 334 312
f 314 267 312
f 349 334 348
f 348 334 333
f 271 270 314
f 271 221 270
f 203 252 249
f 249 252 299
f 352 337 338
f 338 354 352
f 349 354 338
f 338 334 349
f 314 334 317
f 317 299 318
f 334 338 317
f 317 338 337
f 317 271 314
f 318 271 317
f 151 150 199
f 109 150 151
f 1765 1766 1722
f 1668 197 1639
f 1639 150 1622
f 1599 56 1581
f 1581 56 1580
f 82 123 84
f 82 1599 122
f 122 123 82
f 176 123 122
f 122 1601 176
f 147 119 173
f 476 502 503
f 477 456 476
f 457 456 477
f 233 191 190
f 190 238 233
f 858 869 863
f 863 873 874
f 1988 860 870
f 870 878 225
f 223 1993 1988
f 1992 1993 223
f 223 1991 1992
f 191 233 223
f 1990 1991 223
f 1990 1999 2000
f 2000 1999 2004
f 2000 2006 2007
f 856 859 1988
f 1988 1993 856
f 858 859 856
f 46 30 45
f 45 44 69
f 69 46 45
f 65 66 44
f 65 80 93
f 60 65 44
f 80 65 60
f 50 80 52
f 1855 1811 1810
f 1603 795 1623
f 795 796 1623
f 723 710 709
f 723 724 710
f 744 724 723
f 723 743 744
f 744 725 745
f 745 724 744
f 725 724 745
f 726 725 727
f 727 1579 712
f 1605 1606 1583
f 1579 1582 1583
f 1583 1582 1603
f 1595 1580 1592
f 1592 706 1591
f 706 708 1591
f 1591 1595 1592
f 1612 1595 1591
f 759 758 781
f 781 758 780
f 1588 1586 752
f 747 725 746
f 819 796 795
f 819 818 842
f 2148 2137 2147
f 2146 2147 2137
f 2157 2147 2146
f 2193 1535 1530
f 2166 2167 1509
f 1539 1525 1533
f 1533 1532 1539
f 2235 2249 2234
f 2065 2064 2070
f 2070 2069 2065
f 2204 2202 2209
f 2071 2204 2072
f 2069 2204 2071
f 2071 2072 2065
f 2065 2069 2071
f 2069 2070 2063
f 2062 2202 2063
f 2063 2070 2064
f 2063 2059 2062
f 2064 2059 2063
f 2206 2184 2203
f 2207 2202 2206
f 2206 2202 2062
f 2206 2062 1573
f 2245 2236 2240
f 2240 2236 2226
f 2240 2225 2245
f 2226 2225 2240
f 2207 2206 2219
f 2237 2239 2222
f 1559 2197 2182
f 1559 1557 2197
f 379 378 398
f 398 399 379
f 395 396 378
f 2151 398 397
f 397 398 378
f 397 396 408
f 378 396 397
f 2401 2397 2398
f 2398 1561 2401
f 2066 2059 2065
f 2062 2059 2061
f 2059 2058 2061
f 2292 2298 2307
f 2272 2298 2292
f 638 639 625
f 975 962 961
f 950 973 951
f 930 950 951
f 13 973 950
f 13 950 930
f 55 977 976
f 64 965 55
f 963 943 940
f 963 940 962
f 131 89 130
f 131 90 89
f 2054 906 2050
f 934 926 2054
f 2062 934 2054
f 2054 2050 2062
f 2022 2032 2033
f 2045 2044 2043
f 2033 2032 2045
f 739 716 738
f 716 735 738
f 768 749 744
f 766 749 768
f 744 742 768
f 742 740 768
f 768 740 739
f 720 740 742
f 742 721 720
f 716 740 720
f 720 708 716
f 720 721 708
f 722 721 743
f 722 723 709
f 743 723 722
f 760 765 734
f 79 765 760
f 824 848 825
f 799 797 823
f 823 824 799
f 848 824 823
f 847 848 823
f 823 822 847
f 823 797 822
f 780 779 803
f 779 802 803
f 757 758 455
f 780 758 757
f 757 779 780
f 2074 2073 2081
f 2081 2082 2074
f 2065 2073 2074
f 2074 2066 2065
f 644 649 2305
f 2079 2080 2073
f 2079 2233 2078
f 2073 2233 2079
f 2079 2078 2081
f 2081 2080 2079
f 2065 2072 2217
f 2217 2233 2065
f 2078 2233 2232
f 2233 2217 2232
f 2413 2405 2407
f 2426 2416 2431
f 2431 2446 2426
f 807 784 783
f 812 2447 813
f 813 784 812
f 787 786 798
f 386 786 787
f 787 798 400
f 400 381 787
f 764 385 375
f 763 385 764
f 375 374 764
f 764 374 763
f 838 839 814
f 854 839 838
f 853 854 838
f 830 838 832
f 832 838 814
f 2358 2360 2359
f 1122 2360 2348
f 1122 2333 1119
f 1203 2360 1122
f 2116 2119 2120
f 2116 2115 2119
f 2110 2115 2116
f 2364 2110 2111
f 2110 2116 2111
f 1383 2368 2358
f 2365 2367 2357
f 2366 2370 2365
f 2357 2110 2365
f 2108 2367 2368
f 2366 2363 2362
f 683 2338 2346
f 1119 2333 1057
f 2430 2453 2431
f 2430 2435 2453
f 2431 2416 2430
f 2430 2416 2429
f 755 416 776
f 776 756 755
f 412 798 776
f 776 413 412
f 400 798 412
f 412 413 400
f 776 415 414
f 414 413 776
f 414 415 400
f 400 413 414
f 2163 2177 2164
f 2179 2164 2177
f 424 447 443
f 450 468 465
f 468 452 465
f 408 426 427
f 427 452 428
f 1000 1002 1001
f 990 1001 2431
f 990 1000 1001
f 999 1000 990
f 1926 1917 834
f 844 852 851
f 853 838 851
f 851 850 853
f 826 850 851
f 851 852 826
f 844 818 843
f 843 852 844
f 843 818 826
f 826 852 843
f 373 1537 731
f 373 370 1537
f 731 374 373
f 374 370 373
f 1527 1516 1525
f 1525 1540 1527
f 1527 1528 1520
f 1540 1528 1527
f 1510 399 1520
f 1520 1528 1529
f 1529 1528 1541
f 400 384 383
f 383 381 400
f 382 381 383
f 375 382 383
f 383 384 375
f 394 395 378
f 372 371 377
f 377 378 372
f 377 394 378
f 420 402 419
f 400 419 401
f 419 402 401
f 401 384 400
f 401 402 384
f 1466 1484 1467
f 1467 1389 1466
f 1246 1239 1329
f 1014 1000 999
f 1776 1742 1774
f 1776 1777 1742
f 1857 1811 1855
f 1304 1381 1291
f 1201 1290 1291
f 1312 1389 1388
f 1224 1136 1223
f 1058 1125 1059
f 1319 1224 1311
f 1311 1224 1318
f 1222 1214 1223
f 1060 1125 1126
f 1059 1125 1060
f 2435 2420 1060
f 1223 1214 1213
f 1608 1606 1626
f 1626 1627 1608
f 1608 1627 1628
f 1273 1188 1272
f 1189 1188 1273
f 1379 1290 1378
f 1377 1378 1290
f 1394 1378 1377
f 667 658 666
f 658 665 666
f 2004 659 2005
f 2005 2000 2004
f 2006 2000 2005
f 2007 2006 2005
f 1848 1894 327
f 1802 1848 327
f 340 341 327
f 327 1766 1802
f 327 1900 340
f 327 1894 1900
f 1722 1766 327
f 327 292 1722
f 327 341 328
f 328 292 327
f 1900 1894 1938
f 1945 1907 1906
f 1908 1907 1945
f 1945 1909 1908
f 340 1903 1904
f 340 1900 1901
f 2310 1010 1022
f 1022 1021 2310
f 1265 1179 1176
f 1176 1263 1265
f 1177 2313 1180
f 2313 1179 1180
f 1179 1265 1180
f 1120 2313 1107
f 1107 1178 1120
f 2313 1178 1107
f 1120 1178 1181
f 1120 1181 1111
f 1111 1181 1182
f 2310 2313 2314
f 1268 1178 1177
f 75 750 79
f 746 750 75
f 79 109 75
f 199 150 198
f 198 150 197
f 198 239 199
f 197 239 198
f 206 222 221
f 205 222 206
f 252 203 206
f 169 115 172
f 172 115 155
f 190 191 142
f 97 66 96
f 168 116 114
f 353 337 352
f 315 269 296
f 328 316 315
f 316 269 315
f 240 292 241
f 241 197 240
f 242 197 241
f 1722 292 1700
f 1700 292 1668
f 311 332 333
f 333 312 311
f 252 303 272
f 272 271 252
f 221 271 272
f 332 316 336
f 349 348 336
f 296 269 245
f 169 220 217
f 220 269 217
f 217 218 169
f 268 218 217
f 266 267 217
f 267 268 217
f 248 269 220
f 202 220 169
f 169 153 202
f 154 155 109
f 109 153 154
f 154 172 155
f 154 153 169
f 169 172 154
f 244 245 199
f 296 245 244
f 199 242 244
f 1668 1698 1699
f 1722 1700 1699
f 1699 1700 1668
f 243 197 242
f 243 239 197
f 243 242 199
f 199 239 243
f 197 150 196
f 196 1639 197
f 1662 1639 1661
f 1667 1698 1668
f 1668 1639 1667
f 176 1601 175
f 175 1601 1622
f 1580 56 57
f 58 707 57
f 733 718 741
f 718 58 741
f 58 57 86
f 79 119 120
f 120 119 147
f 120 109 79
f 120 147 109
f 147 173 193
f 124 84 123
f 124 173 127
f 127 173 117
f 149 150 109
f 149 194 176
f 176 175 149
f 149 175 150
f 476 503 504
f 446 447 424
f 455 456 435
f 456 436 435
f 435 434 455
f 435 436 419
f 419 434 435
f 440 420 419
f 52 53 32
f 475 76 474
f 474 497 475
f 473 497 474
f 539 501 538
f 291 288 277
f 238 291 277
f 288 322 277
f 277 322 1990
f 875 863 874
f 874 891 875
f 860 859 865
f 865 859 858
f 872 883 873
f 873 863 872
f 869 883 872
f 872 863 869
f 862 866 858
f 866 862 871
f 871 862 861
f 868 869 858
f 225 226 179
f 224 870 225
f 225 179 224
f 224 179 223
f 1988 870 224
f 224 223 1988
f 2008 2000 2007
f 2021 2020 2019
f 2007 2005 2019
f 858 856 857
f 857 862 858
f 861 862 857
f 41 55 42
f 64 55 41
f 42 30 41
f 73 89 88
f 89 90 62
f 62 88 89
f 73 88 62
f 62 41 61
f 97 98 67
f 67 66 97
f 44 66 67
f 68 69 44
f 44 67 68
f 52 80 59
f 80 60 59
f 59 53 52
f 473 474 49
f 49 474 76
f 77 76 114
f 114 116 77
f 77 49 76
f 50 49 77
f 77 116 80
f 80 50 77
f 1650 1647 1676
f 1657 1661 1686
f 1742 1777 1778
f 1773 1774 1733
f 1773 1776 1774
f 1773 1810 1811
f 1807 1854 1855
f 1855 1810 1807
f 1810 1809 1807
f 1807 1806 1854
f 1733 1774 1734
f 1734 1701 1733
f 846 1701 1669
f 835 1731 846
f 846 851 835
f 1775 1742 1740
f 1640 1623 796
f 1674 1647 1677
f 1625 1606 1624
f 1624 1623 1645
f 1645 1646 1624
f 1624 1647 1625
f 1646 1647 1624
f 711 724 725
f 725 726 711
f 711 726 727
f 727 712 711
f 710 724 711
f 711 1579 710
f 711 712 1579
f 1579 1583 1584
f 1584 1583 1606
f 1606 1608 1584
f 1580 1595 1596
f 1596 1595 1612
f 708 721 1585
f 1585 1591 708
f 721 722 1585
f 1612 1591 1585
f 709 1579 1585
f 1585 722 709
f 1579 1584 1585
f 806 828 816
f 806 816 792
f 792 791 806
f 805 781 780
f 828 806 805
f 805 806 781
f 1590 1582 1579
f 1579 1586 1587
f 1587 1588 1579
f 1586 1588 1587
f 752 773 774
f 751 773 752
f 751 747 773
f 751 728 727
f 752 728 751
f 759 781 782
f 796 821 1641
f 1669 1640 1641
f 1641 1640 796
f 1641 846 1669
f 820 821 796
f 796 819 820
f 844 821 820
f 842 844 820
f 820 819 842
f 793 817 818
f 818 819 793
f 792 817 793
f 2148 2147 2158
f 2158 2147 2157
f 2158 2161 2148
f 2157 2161 2158
f 2137 2235 2144
f 2157 2146 2145
f 2145 2144 2234
f 2145 2146 2137
f 2137 2144 2145
f 2193 2178 2190
f 2190 2189 2193
f 2193 2189 2192
f 2171 2161 2157
f 2171 2190 2178
f 2189 2190 2171
f 2174 2178 2193
f 2193 1530 2174
f 2174 2173 2178
f 2159 2173 2174
f 2174 2167 2159
f 1521 1530 1535
f 2167 2174 1521
f 1521 2174 1530
f 1521 1536 1531
f 1535 1536 1521
f 1521 1509 2167
f 1513 1509 1521
f 1521 1514 1513
f 1531 1532 1521
f 1532 1533 1521
f 1543 1532 1531
f 1531 1536 1543
f 1549 1535 2193
f 1549 1536 1535
f 2193 2197 1542
f 1542 1549 2193
f 1536 1549 1542
f 1525 1514 1524
f 1514 1521 1524
f 2249 2235 2140
f 2137 2250 2140
f 2140 2235 2137
f 2222 2209 2208
f 2208 2202 2207
f 2208 2209 2202
f 2223 2209 2222
f 2230 2229 2247
f 2072 2204 2215
f 2204 2209 2215
f 2209 2223 2215
f 2215 2223 2222
f 2247 2229 2246
f 2246 2229 2239
f 2222 2239 2228
f 2239 2229 2228
f 2228 2215 2222
f 2229 2215 2228
f 2068 2204 2069
f 2069 2063 2068
f 2068 2202 2204
f 2068 2063 2202
f 2234 2249 2241
f 2241 2225 2234
f 2155 2225 2218
f 2212 2225 2226
f 2226 2214 2212
f 2218 2225 2211
f 2211 2212 2203
f 2225 2212 2211
f 2259 2260 2245
f 2226 2236 2227
f 2227 2214 2226
f 2252 2236 2245
f 2245 2237 2252
f 2252 2237 2236
f 2238 2237 2222
f 2210 2219 2206
f 2210 2206 2203
f 2203 2214 2210
f 2239 2237 2253
f 2245 2260 2253
f 2253 2237 2245
f 1574 2182 1573
f 1574 1559 2182
f 1573 1556 1574
f 1556 1559 1574
f 2184 2206 2199
f 1573 2182 2199
f 2199 2206 1573
f 2203 2184 2185
f 2185 2188 2203
f 2184 2199 2185
f 2185 2199 2188
f 396 395 393
f 395 394 393
f 393 377 392
f 394 377 393
f 409 397 408
f 2165 397 409
f 409 428 2165
f 2397 1571 1576
f 1576 2398 2397
f 1576 1571 1561
f 1561 2398 1576
f 900 897 882
f 900 916 897
f 941 942 917
f 917 940 918
f 917 939 940
f 918 897 917
f 897 916 917
f 2059 2066 2067
f 2066 2074 2067
f 887 895 880
f 869 879 880
f 914 895 913
f 934 935 914
f 912 895 914
f 968 948 966
f 957 935 956
f 2062 2061 956
f 956 2061 957
f 956 934 2062
f 956 935 934
f 2255 2272 2273
f 2272 2292 2273
f 2255 2273 2274
f 2274 2273 2292
f 2306 553 582
f 492 488 516
f 469 468 492
f 2150 2149 2163
f 2163 2164 2150
f 2284 2285 2268
f 621 637 2297
f 2297 622 621
f 619 621 602
f 602 621 622
f 605 583 2099
f 2283 649 639
f 2283 2305 649
f 2091 2090 604
f 639 649 636
f 636 649 644
f 640 626 625
f 625 639 640
f 606 605 625
f 625 626 606
f 608 588 606
f 644 2303 645
f 974 951 973
f 974 975 961
f 973 975 974
f 961 952 974
f 952 951 974
f 930 951 931
f 931 951 952
f 969 968 978
f 948 968 969
f 948 969 967
f 967 969 978
f 12 972 6
f 6 11 12
f 982 25 976
f 25 11 24
f 4 6 3
f 918 943 919
f 943 944 919
f 919 897 918
f 919 920 897
f 976 25 36
f 36 55 976
f 25 24 36
f 36 24 35
f 36 35 42
f 42 55 36
f 81 965 943
f 81 963 977
f 943 963 81
f 977 55 81
f 81 55 965
f 925 131 130
f 132 90 925
f 90 131 925
f 906 926 927
f 927 928 906
f 927 926 934
f 913 928 927
f 934 914 927
f 927 914 913
f 2053 926 906
f 906 2054 2053
f 2053 2054 926
f 2033 2052 2034
f 2034 2022 2033
f 2043 2047 2046
f 2046 2045 2043
f 2046 2047 2033
f 2033 2045 2046
f 2035 2025 2022
f 2035 2034 2052
f 2022 2034 2035
f 734 715 737
f 737 760 734
f 714 732 715
f 706 718 714
f 714 715 706
f 714 718 733
f 733 732 714
f 739 738 767
f 767 768 739
f 767 738 735
f 767 735 766
f 766 768 767
f 825 802 801
f 801 824 825
f 801 802 779
f 454 757 455
f 2084 2083 2092
f 2092 2085 2084
f 2097 2098 2088
f 2248 2264 2097
f 2097 2088 2248
f 2414 2415 2406
f 2413 2426 2414
f 2406 2405 2414
f 2405 2413 2414
f 2427 2426 2448
f 2415 2414 2427
f 2427 2414 2426
f 2416 2426 2417
f 2417 2426 2413
f 2407 2416 2417
f 2417 2413 2407
f 2447 812 2449
f 783 2412 2425
f 2425 807 783
f 386 787 387
f 375 386 387
f 831 808 830
f 830 832 831
f 814 810 833
f 833 832 814
f 810 832 833
f 2372 2360 2358
f 2358 2367 2369
f 2369 2370 2358
f 2333 1122 2340
f 1202 1122 1201
f 1203 1122 1202
f 1200 1288 1201
f 1201 1122 1200
f 1279 1193 1201
f 1279 1280 1193
f 1201 1291 1292
f 1292 1291 1381
f 2117 2116 2120
f 2117 2111 2116
f 2117 2374 2111
f 2114 1383 1462
f 1462 2115 2114
f 2368 1383 2112
f 2112 2108 2368
f 1382 1294 1381
f 1382 1383 1294
f 1296 1383 2358
f 2358 2359 1296
f 1296 2360 1203
f 1296 2359 2360
f 2364 2366 2356
f 2366 2365 2356
f 2356 2110 2364
f 2356 2365 2110
f 2357 2367 2109
f 2367 2108 2109
f 2109 2110 2357
f 2109 2108 2114
f 2114 2115 2109
f 2109 2115 2110
f 683 2346 2355
f 2330 2338 2331
f 1056 1057 2324
f 2324 1057 2333
f 2324 1055 1056
f 1183 1182 1272
f 1183 1111 1182
f 1184 1111 1183
f 1272 1188 1185
f 1185 1183 1272
f 1184 1183 1185
f 1185 1111 1184
f 1119 1057 1118
f 1113 1114 1055
f 1189 1114 1187
f 1186 1188 1187
f 1187 1188 1189
f 1114 1113 1187
f 1115 1116 1055
f 1055 1114 1115
f 1193 1280 1281
f 2435 2430 2452
f 2452 2430 2451
f 2433 2430 2429
f 2429 2418 2433
f 2445 2434 2424
f 2424 2418 2411
f 2424 2434 2418
f 2411 2410 2422
f 2422 2410 2421
f 1304 1291 1305
f 2384 2383 1304
f 1304 1303 2384
f 2381 2376 2380
f 2380 2386 2381
f 2440 2441 2421
f 2440 2421 2439
f 2439 1572 2440
f 2440 1572 1573
f 2376 2459 2440
f 432 419 418
f 418 419 400
f 429 755 756
f 428 2183 2196
f 2196 2183 2194
f 2196 2180 428
f 2196 2194 2180
f 2194 2183 2195
f 493 2179 2195
f 2195 2179 2177
f 2176 2194 2195
f 2195 2177 2176
f 450 426 448
f 424 443 425
f 425 448 426
f 443 448 425
f 425 426 408
f 451 426 450
f 450 465 451
f 470 452 469
f 470 471 452
f 469 2152 470
f 2152 471 470
f 428 452 453
f 452 471 453
f 453 2183 428
f 2168 471 2152
f 449 465 452
f 452 427 449
f 449 451 465
f 449 427 426
f 426 451 449
f 513 551 517
f 989 990 2431
f 2431 1072 1027
f 1852 1806 834
f 1925 1926 834
f 1925 834 2463
f 1000 1926 1925
f 1925 2446 1002
f 2463 2446 1925
f 1002 1000 1925
f 1962 1926 1015
f 1015 1926 1000
f 1000 1014 1015
f 836 838 830
f 836 851 838
f 835 851 836
f 836 830 813
f 813 835 836
f 369 371 372
f 369 1510 1522
f 370 371 369
f 1525 1516 1526
f 1516 1515 1526
f 1526 1514 1525
f 1526 1515 1514
f 1513 1514 1508
f 1514 1515 1508
f 2166 1509 1508
f 1508 1509 1513
f 1508 1515 1516
f 1516 1517 1508
f 1520 399 1508
f 399 1512 1508
f 379 399 1511
f 399 1510 1511
f 1511 372 379
f 1511 369 372
f 1510 369 1511
f 388 384 403
f 388 377 384
f 403 402 388
f 375 384 376
f 384 377 376
f 376 377 371
f 376 370 375
f 376 371 370
f 406 393 392
f 423 404 402
f 423 402 422
f 424 406 423
f 1390 1389 1463
f 1340 1341 1251
f 1338 1329 1340
f 1340 1329 1341
f 1250 1340 1251
f 1032 1081 1033
f 1951 1948 1917
f 1917 1926 1951
f 1776 1773 1813
f 1874 1818 1873
f 1953 1919 1337
f 1855 1854 1911
f 1911 1857 1855
f 1854 1857 1911
f 1865 1917 1910
f 1917 1948 1910
f 834 1865 1910
f 1150 1232 1229
f 1223 1136 1135
f 1136 1065 1135
f 1071 1072 2431
f 2453 2435 1026
f 1142 1232 1150
f 1310 1311 1210
f 1310 1389 1390
f 1310 1388 1389
f 1136 1224 1225
f 1312 1210 1308
f 1210 1307 1308
f 1209 1210 1126
f 1209 1307 1210
f 1126 1125 1207
f 1207 1209 1126
f 1307 1209 1207
f 1219 1306 1206
f 1206 1125 1124
f 1125 1058 1124
f 1123 1131 1061
f 1061 2457 1123
f 1134 1222 1223
f 1223 1135 1134
f 1134 1135 1065
f 1130 1060 1129
f 1130 2435 1063
f 1063 1060 1130
f 2435 1060 1063
f 1126 1210 1211
f 1210 1311 1211
f 1127 1213 1214
f 1127 1060 1126
f 1126 1213 1127
f 1649 1650 1625
f 1625 1647 1649
f 1649 1647 1650
f 1702 1703 1669
f 1669 1701 1702
f 1701 1729 1702
f 1368 1367 1448
f 1193 1283 1284
f 1284 1300 1201
f 1284 1283 1372
f 1394 1377 1376
f 1376 1377 1290
f 2016 659 667
f 2016 2005 659
f 1940 1938 1939
f 1900 1938 1940
f 1897 1896 1936
f 1939 1938 1897
f 1848 1896 1897
f 1897 1894 1848
f 1897 1938 1894
f 985 986 983
f 983 1909 985
f 1943 1904 1903
f 1943 1901 1942
f 1905 1906 340
f 340 1904 1905
f 1266 1265 1263
f 1177 1180 1266
f 1266 1180 1265
f 1121 2316 1120
f 1120 1111 1121
f 1121 1111 2316
f 1055 2316 1110
f 1110 1111 1055
f 2316 1111 1110
f 2313 2316 2317
f 2317 2314 2313
f 1272 1182 1271
f 701 687 2331
f 683 2049 697
f 697 698 683
f 697 2033 2037
f 697 2049 2033
f 155 115 110
f 109 155 110
f 110 75 109
f 110 115 759
f 110 759 746
f 746 75 110
f 302 303 252
f 231 275 232
f 190 142 189
f 189 232 190
f 231 232 189
f 100 73 97
f 97 101 100
f 100 101 73
f 103 104 73
f 135 101 97
f 97 96 135
f 94 96 66
f 94 65 93
f 116 168 121
f 93 80 121
f 80 116 121
f 345 353 361
f 361 362 345
f 361 365 362
f 352 365 361
f 361 353 352
f 331 317 337
f 299 317 331
f 1999 288 325
f 326 288 1990
f 1990 322 326
f 326 322 288
f 289 288 238
f 235 236 190
f 345 344 330
f 330 331 345
f 288 289 237
f 237 289 238
f 237 238 190
f 190 236 237
f 358 359 342
f 358 368 359
f 342 357 358
f 357 368 358
f 349 359 363
f 359 368 363
f 363 354 349
f 367 366 363
f 366 354 363
f 363 357 367
f 363 368 357
f 296 329 293
f 293 315 296
f 293 241 292
f 293 292 328
f 328 315 293
f 310 316 332
f 332 311 310
f 310 269 316
f 313 267 266
f 313 312 267
f 319 271 318
f 319 320 271
f 318 299 319
f 299 320 319
f 301 299 252
f 333 332 347
f 332 336 347
f 347 348 333
f 347 336 348
f 335 336 316
f 328 343 335
f 335 316 328
f 351 343 349
f 349 336 351
f 336 335 351
f 269 248 246
f 199 245 246
f 246 245 269
f 152 202 153
f 109 151 152
f 152 153 109
f 295 329 296
f 296 244 295
f 150 1639 174
f 174 196 150
f 1639 196 174
f 1638 1639 1622
f 1638 1661 1639
f 1622 150 195
f 195 175 1622
f 150 175 195
f 717 58 718
f 717 707 58
f 717 718 1580
f 1580 707 717
f 1580 57 719
f 719 707 1580
f 719 57 707
f 83 57 56
f 84 57 83
f 83 56 82
f 82 84 83
f 85 57 84
f 85 86 57
f 178 193 173
f 178 124 123
f 173 124 178
f 84 124 125
f 125 85 84
f 86 85 125
f 118 173 119
f 118 117 173
f 118 119 79
f 78 117 118
f 126 124 127
f 86 125 126
f 126 125 124
f 87 117 78
f 86 126 87
f 87 732 733
f 78 732 87
f 58 86 87
f 127 117 87
f 87 126 127
f 733 741 87
f 87 741 58
f 148 149 109
f 194 149 148
f 148 193 194
f 109 147 148
f 147 193 148
f 459 443 447
f 447 464 459
f 438 456 457
f 420 440 421
f 422 402 421
f 402 420 421
f 51 50 52
f 52 32 51
f 475 497 498
f 498 528 532
f 497 528 498
f 527 494 526
f 528 494 527
f 496 497 473
f 496 528 497
f 20 526 19
f 19 494 20
f 526 494 19
f 501 536 537
f 537 538 501
f 276 233 238
f 238 277 276
f 276 277 233
f 273 223 233
f 233 277 273
f 1990 223 273
f 273 277 1990
f 858 863 864
f 864 865 858
f 863 875 864
f 877 865 876
f 876 875 891
f 891 892 876
f 888 871 887
f 879 871 888
f 887 880 888
f 888 880 879
f 886 895 887
f 887 871 886
f 866 871 867
f 867 871 879
f 858 866 867
f 867 868 858
f 867 879 869
f 869 868 867
f 191 223 192
f 223 179 192
f 1994 857 855
f 855 857 856
f 1992 1991 1997
f 1997 1993 1992
f 1997 1996 1993
f 1997 1991 1990
f 1990 2000 1997
f 1997 2000 2001
f 2001 1994 1997
f 856 1996 1997
f 1997 855 856
f 1995 856 1993
f 1993 1996 1995
f 1995 1996 856
f 2001 2000 2002
f 2000 2008 2002
f 2002 1994 2001
f 2002 2008 2007
f 2026 871 2014
f 61 41 48
f 73 62 48
f 48 41 30
f 227 226 891
f 891 180 227
f 227 179 226
f 227 180 179
f 73 104 105
f 105 106 73
f 104 142 105
f 142 106 105
f 44 30 43
f 43 39 44
f 40 43 30
f 39 43 40
f 47 72 73
f 73 48 47
f 30 46 47
f 47 48 30
f 69 68 71
f 71 47 69
f 72 47 71
f 71 67 98
f 71 68 67
f 1666 1667 1639
f 1639 1665 1666
f 1698 1667 1666
f 1766 1765 1728
f 1728 1765 1722
f 1802 1766 1801
f 1681 1676 1647
f 1682 1648 1650
f 1650 1676 1682
f 1661 1657 1685
f 1924 1877 1923
f 1816 1778 1814
f 1814 1778 1777
f 1777 1776 1814
f 1817 1778 1816
f 1818 1778 1817
f 1708 1712 1679
f 1679 1674 1708
f 1740 1742 1706
f 1706 1702 1740
f 1830 1881 1831
f 1806 1807 1771
f 1733 1731 1771
f 1771 1731 835
f 1771 835 834
f 834 1806 1771
f 1810 1773 1772
f 1772 1809 1810
f 1772 1773 1733
f 1733 1771 1772
f 1772 1771 1809
f 1733 1701 1732
f 1732 1731 1733
f 1701 1731 1732
f 1730 1731 1701
f 1701 846 1730
f 1730 846 1731
f 1774 1742 1735
f 1742 1775 1735
f 1735 1736 1701
f 1735 1734 1774
f 1701 1734 1735
f 1669 1703 1704
f 1645 1623 1644
f 1644 1646 1645
f 1623 1624 1604
f 1603 1623 1604
f 1604 1606 1605
f 1604 1624 1606
f 1604 1583 1603
f 1605 1583 1604
f 1628 1618 1609
f 1609 1608 1628
f 1609 1584 1608
f 1628 1627 1630
f 1630 1618 1628
f 1627 1652 1630
f 1598 1618 1619
f 1611 1618 1616
f 1618 1598 1616
f 1599 1581 1594
f 1594 1581 1580
f 1594 1598 1614
f 1599 1594 1615
f 1615 1594 1614
f 1614 1598 1615
f 1615 1598 1619
f 1619 1629 1615
f 1612 1585 1607
f 1607 1585 1584
f 1607 1584 1611
f 1611 1596 1607
f 1607 1596 1612
f 804 805 780
f 780 803 804
f 829 802 828
f 828 805 829
f 805 804 829
f 829 803 802
f 829 804 803
f 1603 1590 1613
f 1613 1590 1588
f 1579 1588 1589
f 1589 1590 1579
f 1588 1590 1589
f 1603 1582 1602
f 1602 1590 1603
f 1582 1590 1602
f 753 1588 752
f 752 774 753
f 727 725 748
f 748 751 727
f 725 747 748
f 747 751 748
f 746 759 769
f 759 782 769
f 788 791 790
f 788 771 782
f 788 806 791
f 781 806 788
f 788 782 781
f 845 1641 821
f 846 1641 845
f 845 821 844
f 844 851 845
f 851 846 845
f 775 791 792
f 792 793 775
f 790 791 775
f 775 795 1603
f 775 774 790
f 1603 1613 775
f 775 1613 1588
f 1588 753 775
f 775 753 774
f 2153 2235 2234
f 2234 2144 2153
f 2153 2144 2235
f 2200 2197 2193
f 2200 2192 2197
f 2197 2192 2191
f 2172 2192 2189
f 2172 2171 2157
f 2189 2171 2172
f 2188 2191 2172
f 2172 2191 2192
f 2162 2171 2178
f 2161 2171 2162
f 2178 2173 2162
f 2148 2161 2162
f 2162 2159 2148
f 2162 2173 2159
f 1544 1536 1532
f 1532 1543 1544
f 1532 1536 1545
f 1545 1546 1532
f 1547 1548 1532
f 1532 1546 1547
f 1556 1548 1547
f 1547 1559 1556
f 1534 1533 1525
f 1525 1524 1534
f 1534 1521 1533
f 1534 1524 1521
f 2229 2230 2216
f 2072 2215 2216
f 2216 2215 2229
f 2216 2217 2072
f 2216 2232 2217
f 2261 2255 2247
f 2247 2246 2261
f 2256 2239 2255
f 2256 2246 2239
f 2255 2261 2256
f 2256 2261 2246
f 2225 2241 2242
f 2242 2241 2249
f 2157 2145 2156
f 2156 2155 2157
f 2156 2145 2234
f 2234 2225 2156
f 2225 2155 2156
f 2213 2214 2203
f 2203 2212 2213
f 2213 2212 2214
f 2245 2225 2244
f 2244 2259 2245
f 2219 2210 2224
f 2214 2227 2224
f 2224 2210 2214
f 2221 2208 2207
f 2222 2208 2221
f 2221 2238 2222
f 2271 2260 2255
f 2271 2253 2260
f 2188 2199 2198
f 2197 2191 2198
f 2198 2191 2188
f 2182 2197 2198
f 2198 2199 2182
f 2205 2211 2203
f 2203 2188 2186
f 2186 2205 2203
f 2187 2205 2186
f 2218 2211 2154
f 2211 2205 2154
f 399 398 411
f 411 1512 399
f 411 1508 1512
f 2166 1508 411
f 916 900 922
f 900 915 922
f 922 948 941
f 922 915 912
f 938 917 942
f 939 917 938
f 938 952 961
f 961 939 938
f 882 869 881
f 869 880 881
f 957 2061 971
f 971 968 957
f 971 2061 2058
f 2307 637 2299
f 637 647 2299
f 2255 2274 2275
f 623 602 622
f 2272 2293 2294
f 489 492 468
f 488 492 489
f 469 492 2143
f 2143 2152 469
f 2132 492 516
f 2135 492 2132
f 2137 2149 2138
f 2138 2133 2137
f 2135 2132 2136
f 519 2285 520
f 2285 514 520
f 516 488 515
f 488 514 515
f 515 2132 516
f 2266 2284 2268
f 2266 2250 2137
f 581 602 582
f 605 2099 624
f 625 605 624
f 624 638 625
f 638 624 2107
f 2107 624 2099
f 619 599 618
f 617 618 599
f 608 606 628
f 642 636 643
f 639 636 642
f 642 640 639
f 584 606 588
f 528 527 563
f 532 528 563
f 563 566 532
f 563 526 562
f 563 527 526
f 2262 2281 2282
f 651 2303 644
f 651 2281 2303
f 651 2282 2281
f 2262 2282 651
f 2280 2262 651
f 2096 931 2087
f 2059 2067 2060
f 941 948 964
f 948 967 964
f 964 942 941
f 953 931 952
f 954 967 2067
f 931 953 954
f 954 953 967
f 522 521 554
f 554 557 522
f 2101 2100 583
f 2091 2100 2101
f 2101 2092 2091
f 930 931 910
f 931 2096 910
f 910 909 930
f 26 11 25
f 26 12 11
f 972 12 26
f 26 982 972
f 25 982 26
f 23 30 35
f 23 18 30
f 35 24 23
f 23 24 11
f 14 23 11
f 18 23 14
f 929 3 6
f 930 909 929
f 1 521 522
f 1 929 909
f 3 929 1
f 944 924 945
f 945 919 944
f 920 919 945
f 898 897 921
f 897 920 921
f 901 898 921
f 920 945 921
f 943 965 949
f 949 944 943
f 130 904 903
f 903 925 130
f 903 904 883
f 132 925 902
f 901 924 902
f 902 924 132
f 925 903 902
f 902 883 901
f 902 903 883
f 2021 2030 2031
f 2031 2040 2032
f 2031 2022 2021
f 2032 2022 2031
f 2032 2040 2039
f 2039 2045 2032
f 2044 2045 2039
f 2022 2025 2023
f 2025 2024 2023
f 715 732 736
f 736 737 715
f 778 801 779
f 779 757 778
f 778 757 756
f 756 757 729
f 757 454 729
f 432 756 729
f 729 454 432
f 432 454 433
f 433 419 432
f 433 434 419
f 455 434 433
f 433 454 455
f 2087 2086 2095
f 2095 2096 2087
f 2095 910 2096
f 2098 2097 650
f 639 638 2106
f 2106 2283 639
f 807 2425 811
f 811 2425 812
f 784 807 811
f 811 812 784
f 2448 2449 2428
f 2428 2425 2415
f 2428 2427 2448
f 2415 2427 2428
f 2428 2449 812
f 812 2425 2428
f 380 787 381
f 380 387 787
f 380 381 375
f 375 387 380
f 808 831 809
f 809 831 832
f 784 808 809
f 809 810 784
f 809 832 810
f 2358 2370 2371
f 2371 2372 2358
f 2370 2372 2371
f 2348 2360 2361
f 2360 2372 2361
f 2361 2362 2348
f 2366 2362 2361
f 2361 2370 2366
f 2361 2372 2370
f 2373 2365 2370
f 2370 2369 2373
f 2367 2365 2373
f 2373 2369 2367
f 2339 1122 2348
f 2348 2340 2339
f 2339 2340 1122
f 1298 1202 1201
f 1203 1202 1298
f 1288 1200 1287
f 1287 1200 1280
f 1299 1279 1201
f 1280 1279 1299
f 1201 1288 1299
f 1288 1287 1299
f 1299 1287 1280
f 1381 1294 1293
f 1293 1292 1381
f 1293 1294 1201
f 1201 1292 1293
f 2121 2117 2120
f 2120 2119 2125
f 2125 2121 2120
f 2376 2374 2375
f 2374 2117 2375
f 1461 1462 1383
f 1461 1382 1381
f 1383 1382 1461
f 2115 1462 1386
f 2119 2115 1386
f 1386 1461 1381
f 1462 1461 1386
f 1386 2125 2119
f 2114 2108 2113
f 2108 2112 2113
f 2113 1383 2114
f 2113 2112 1383
f 1295 1296 1201
f 1383 1296 1295
f 1201 1294 1295
f 1294 1383 1295
f 2352 2363 2353
f 2333 2340 2341
f 2341 2342 2333
f 2347 2355 2344
f 2347 2374 2376
f 2376 2440 2347
f 2347 2440 1573
f 683 2355 2347
f 1573 2050 2347
f 2347 2050 683
f 2338 2330 2337
f 2322 1055 2332
f 2332 2324 2322
f 1055 2324 2332
f 2322 2324 2326
f 2333 2342 2334
f 2334 2324 2333
f 1117 1057 1056
f 1117 1118 1057
f 1056 1055 1117
f 1055 1116 1117
f 1055 1111 1112
f 1112 1113 1055
f 1112 1187 1113
f 1186 1187 1112
f 1112 1188 1186
f 1112 1185 1188
f 1111 1185 1112
f 1196 1115 1114
f 1116 1115 1196
f 1193 1278 1282
f 1282 1283 1193
f 1193 1114 1192
f 1192 1278 1193
f 1190 1114 1189
f 1189 1274 1190
f 1366 1282 1370
f 1277 1282 1278
f 1277 1370 1282
f 1277 1274 1366
f 1366 1370 1277
f 2420 2437 2438
f 2456 2457 2438
f 2436 2420 2435
f 2436 2437 2420
f 2458 2381 2386
f 2385 2384 2391
f 2380 2385 2387
f 2418 2434 2432
f 2432 2433 2418
f 1379 1305 1380
f 1380 1305 1291
f 1380 1290 1379
f 1380 1291 1290
f 1399 1394 1316
f 1316 1315 1399
f 1316 1394 1312
f 1301 1305 1384
f 1384 1305 1379
f 2473 2458 2472
f 2381 2458 2473
f 2473 2459 2376
f 2376 2381 2473
f 2472 2458 2470
f 2470 2457 2456
f 2433 2432 2450
f 2450 2434 2445
f 2450 2432 2434
f 2451 2430 2450
f 2430 2433 2450
f 2441 2440 2460
f 2460 2440 2459
f 432 418 430
f 430 418 431
f 430 756 432
f 430 429 756
f 400 416 417
f 416 755 417
f 755 429 417
f 417 430 431
f 429 430 417
f 417 418 400
f 431 418 417
f 472 2195 2183
f 2183 453 472
f 493 2195 472
f 488 487 491
f 491 517 519
f 519 520 491
f 491 514 488
f 491 520 514
f 999 990 998
f 990 989 998
f 998 1014 999
f 1962 1015 1038
f 1523 369 1522
f 1519 1527 1520
f 1516 1527 1519
f 1520 1508 1519
f 389 390 377
f 377 388 389
f 389 388 402
f 402 404 389
f 404 390 389
f 392 377 391
f 377 390 391
f 405 390 404
f 404 423 405
f 405 423 406
f 405 391 390
f 405 406 392
f 392 391 405
f 424 425 407
f 407 406 424
f 407 425 408
f 408 396 407
f 396 393 407
f 393 406 407
f 442 444 424
f 424 423 442
f 442 423 422
f 1498 1470 1497
f 1448 1476 1494
f 1415 1419 1343
f 986 985 993
f 993 985 992
f 987 986 993
f 993 994 987
f 1010 996 1009
f 1051 1021 1024
f 1024 1054 1051
f 1429 1354 1353
f 1338 1340 1952
f 1952 1337 1338
f 1953 1337 1952
f 1952 1250 1953
f 1340 1250 1952
f 1874 1873 1921
f 1328 1329 1239
f 1341 1329 1328
f 1013 1032 1033
f 1033 1034 1013
f 1014 998 1013
f 1013 998 1012
f 1028 1075 1076
f 1072 1075 1028
f 1145 1076 1146
f 1146 1071 1145
f 1948 1951 1037
f 1037 1972 1948
f 1037 1015 1014
f 1037 1038 1015
f 1152 1079 1156
f 1081 1032 1080
f 1032 1079 1080
f 1079 1154 1080
f 1078 1079 1032
f 1078 1076 1145
f 1078 1032 1076
f 1036 1037 1014
f 1867 1817 1816
f 1872 1873 1818
f 1872 1921 1873
f 1872 1919 1953
f 1853 1857 1854
f 1854 1806 1853
f 1806 1852 1853
f 1853 1852 834
f 834 1910 1853
f 1948 1972 1973
f 1232 1142 1231
f 1145 1071 1144
f 1144 1071 2431
f 2431 2453 1069
f 1390 1311 1391
f 1391 1310 1390
f 1311 1310 1391
f 1309 1210 1312
f 1312 1310 1309
f 1309 1310 1210
f 1312 1388 1387
f 1387 1310 1312
f 1388 1310 1387
f 1136 1225 1226
f 1321 1225 1224
f 1319 1311 1321
f 1208 1308 1307
f 1307 1207 1208
f 1206 1306 1208
f 1208 1306 1308
f 1208 1125 1206
f 1208 1207 1125
f 1221 1219 1206
f 1206 1124 1132
f 1132 1221 1206
f 1301 1384 1302
f 2391 2384 2390
f 2390 1123 2391
f 2384 1123 2390
f 2391 1123 2394
f 2394 1123 2457
f 1065 1026 1064
f 1064 1134 1065
f 1064 2435 1130
f 1064 1026 2435
f 1222 1134 1215
f 1214 1222 1215
f 1215 1129 1214
f 1130 1129 1215
f 1212 1213 1126
f 1126 1211 1212
f 1212 1211 1213
f 1313 1211 1311
f 1313 1311 1318
f 1223 1213 1313
f 1313 1224 1223
f 1318 1224 1313
f 1128 1129 1060
f 1060 1127 1128
f 1214 1129 1128
f 1128 1127 1214
f 1739 1702 1729
f 1739 1775 1740
f 1740 1702 1739
f 1449 1368 1448
f 1367 1368 1275
f 1368 1369 1275
f 1275 1369 1366
f 1189 1273 1275
f 1424 1479 1447
f 1447 1436 1435
f 1448 1367 1447
f 1367 1436 1447
f 1447 1476 1448
f 1447 1477 1476
f 1442 1443 1366
f 1486 1484 1466
f 1366 1443 1444
f 1444 1443 1484
f 1484 1486 1444
f 1372 1283 1373
f 1201 1193 1285
f 1285 1284 1201
f 1193 1284 1285
f 1372 1455 1374
f 1374 1284 1372
f 1454 1455 1372
f 1454 1396 1455
f 1394 1376 1395
f 1312 1394 1395
f 1395 1396 1312
f 1300 1376 1289
f 1289 1376 1290
f 1201 1300 1289
f 1289 1290 1201
f 1379 1378 1460
f 1378 1459 1460
f 1460 1459 1399
f 1458 1394 1399
f 1399 1459 1458
f 1458 1378 1394
f 1458 1459 1378
f 671 678 679
f 678 680 679
f 687 680 686
f 686 680 678
f 678 685 686
f 685 2321 686
f 673 666 665
f 687 701 689
f 689 701 698
f 1961 1929 1924
f 1886 1877 1924
f 1924 1929 1886
f 1929 1961 1959
f 1959 1886 1929
f 992 1945 991
f 1945 1971 991
f 1968 1969 1939
f 1968 1971 1945
f 1939 1967 1968
f 1968 991 1971
f 1970 1940 1939
f 1939 1969 1970
f 1970 1969 1942
f 1947 985 1909
f 992 985 1947
f 1902 1943 1903
f 1901 1943 1902
f 1902 1903 340
f 340 1901 1902
f 1944 1968 1945
f 1969 1968 1944
f 1904 1943 1944
f 1942 1969 1944
f 1944 1943 1942
f 1944 1905 1904
f 1944 1945 1906
f 1906 1905 1944
f 1177 1266 1267
f 1267 1266 1263
f 1267 1268 1177
f 1263 1268 1267
f 668 678 671
f 2314 2312 668
f 668 2311 2310
f 2310 2314 668
f 1262 1268 1263
f 1262 1353 1354
f 1430 1480 1433
f 1430 1354 1429
f 1429 1480 1430
f 1178 1268 1269
f 1268 1262 1269
f 1269 1262 1354
f 699 701 2331
f 698 701 699
f 699 2331 683
f 683 698 699
f 253 272 303
f 303 302 253
f 221 272 253
f 253 206 221
f 252 206 253
f 253 302 252
f 190 232 234
f 275 278 234
f 234 232 275
f 234 235 190
f 280 235 234
f 234 279 280
f 278 279 234
f 73 101 102
f 102 103 73
f 136 102 101
f 103 102 136
f 231 189 188
f 188 189 142
f 141 142 104
f 101 138 139
f 137 138 101
f 101 135 137
f 137 135 181
f 66 65 95
f 95 94 66
f 65 94 95
f 181 135 134
f 134 168 181
f 134 121 168
f 134 94 93
f 93 121 134
f 134 135 96
f 96 94 134
f 158 171 205
f 455 115 158
f 158 115 171
f 215 216 166
f 166 216 181
f 346 353 345
f 345 331 346
f 337 353 346
f 346 331 337
f 331 330 297
f 297 298 249
f 249 299 297
f 299 331 297
f 1999 325 324
f 265 310 311
f 265 313 266
f 266 217 265
f 265 311 312
f 312 313 265
f 265 217 269
f 269 310 265
f 252 271 300
f 300 301 252
f 271 301 300
f 271 320 321
f 321 301 271
f 321 320 299
f 299 301 321
f 350 335 343
f 343 351 350
f 350 351 335
f 199 246 247
f 220 202 201
f 202 152 201
f 201 152 151
f 201 248 220
f 201 246 248
f 201 247 246
f 329 295 294
f 294 293 329
f 241 293 294
f 242 241 294
f 294 244 242
f 294 295 244
f 1636 1629 1619
f 194 193 177
f 193 178 177
f 177 178 123
f 177 123 176
f 176 194 177
f 541 504 503
f 541 503 502
f 542 504 541
f 483 482 509
f 460 464 450
f 460 459 464
f 443 459 460
f 450 448 460
f 460 448 443
f 447 446 463
f 463 464 447
f 463 483 464
f 463 482 483
f 444 442 458
f 457 477 478
f 478 477 476
f 476 504 505
f 505 504 542
f 505 478 476
f 480 478 505
f 480 505 506
f 419 436 437
f 437 438 419
f 437 436 456
f 456 438 437
f 439 440 419
f 419 438 439
f 457 440 439
f 439 438 457
f 7 16 17
f 5 10 7
f 17 18 7
f 18 14 7
f 4 5 7
f 39 40 27
f 522 555 2
f 2 1 522
f 2 5 4
f 21 10 20
f 562 526 525
f 525 526 20
f 532 564 529
f 529 498 532
f 535 536 501
f 569 564 532
f 473 494 495
f 495 496 473
f 495 494 528
f 528 496 495
f 891 226 911
f 911 892 891
f 893 894 877
f 893 876 892
f 877 876 893
f 878 894 893
f 225 878 893
f 893 226 225
f 893 911 226
f 892 911 893
f 913 895 908
f 895 886 908
f 2052 2051 2036
f 2036 2035 2052
f 2025 2035 2036
f 143 106 142
f 143 142 191
f 191 192 143
f 144 106 143
f 143 179 144
f 143 192 179
f 144 179 145
f 145 106 144
f 145 146 106
f 73 106 107
f 106 146 107
f 179 180 128
f 128 145 179
f 146 145 128
f 128 107 146
f 1994 855 1989
f 1989 1997 1994
f 855 1997 1989
f 2003 857 1994
f 1994 2002 2003
f 2009 2002 2007
f 2007 2019 2009
f 2009 2019 2020
f 2009 2020 2021
f 861 857 2015
f 857 2014 2015
f 2015 871 861
f 2015 2014 871
f 74 62 61
f 61 48 74
f 74 48 62
f 890 889 180
f 890 891 874
f 890 180 891
f 129 889 904
f 129 904 130
f 180 889 129
f 129 128 180
f 130 89 129
f 89 128 129
f 30 18 29
f 29 40 30
f 29 18 17
f 46 69 70
f 70 47 46
f 69 47 70
f 73 72 99
f 72 71 99
f 99 71 98
f 97 73 99
f 99 98 97
f 31 49 50
f 50 51 31
f 473 49 31
f 31 51 32
f 31 494 473
f 31 32 20
f 20 494 31
f 1766 1728 1770
f 1770 1728 1769
f 1696 1728 1722
f 1696 1699 1698
f 1666 1695 1696
f 1847 1848 1802
f 1802 1801 1847
f 1847 1851 1848
f 1895 1896 1848
f 1848 1851 1895
f 1936 1896 1893
f 1896 1895 1899
f 1899 1895 1851
f 1684 1683 1711
f 1711 1682 1676
f 1683 1682 1711
f 1684 1657 1654
f 1654 1683 1684
f 1655 1630 1654
f 1654 1630 1652
f 1648 1682 1651
f 1651 1652 1626
f 1626 1648 1651
f 1651 1654 1652
f 1651 1682 1683
f 1683 1654 1651
f 1658 1657 1686
f 1686 1659 1658
f 1661 1638 1635
f 1635 1638 1622
f 1635 1636 1619
f 1622 1637 1635
f 1687 1657 1684
f 1687 1685 1657
f 1769 1728 1727
f 1728 1696 1727
f 1844 1886 1887
f 1877 1886 1844
f 1877 1844 1885
f 1885 1844 1881
f 1922 1954 1924
f 1924 1923 1922
f 1922 1921 1954
f 1878 1821 1877
f 1878 1885 1879
f 1877 1885 1878
f 1876 1923 1877
f 1877 1821 1876
f 1876 1922 1923
f 1820 1821 1778
f 1776 1813 1815
f 1815 1814 1776
f 1815 1813 1816
f 1816 1814 1815
f 1713 1749 1714
f 1647 1674 1678
f 1678 1679 1647
f 1674 1679 1678
f 1680 1679 1712
f 1712 1713 1680
f 1680 1681 1647
f 1647 1679 1680
f 1680 1713 1714
f 1676 1681 1680
f 1743 1779 1780
f 1742 1778 1743
f 1743 1706 1742
f 1785 1757 1748
f 1748 1713 1712
f 1757 1713 1748
f 1748 1712 1708
f 1708 1746 1748
f 1780 1779 1782
f 1747 1746 1708
f 1746 1747 1707
f 1707 1747 1708
f 1708 1674 1707
f 1674 1706 1707
f 1808 1807 1809
f 1809 1771 1808
f 1808 1771 1807
f 1737 1729 1701
f 1701 1736 1737
f 1736 1735 1737
f 1737 1739 1729
f 1737 1735 1775
f 1775 1739 1737
f 1623 1640 1642
f 1642 1640 1669
f 1669 1670 1642
f 1669 1704 1671
f 1671 1704 1674
f 1674 1672 1671
f 1671 1670 1669
f 1672 1642 1671
f 1671 1642 1670
f 1703 1702 1738
f 1738 1704 1703
f 1738 1706 1741
f 1702 1706 1738
f 1705 1706 1674
f 1674 1704 1705
f 1741 1706 1705
f 1705 1738 1741
f 1704 1738 1705
f 1643 1644 1623
f 1623 1642 1643
f 1643 1642 1672
f 1673 1672 1674
f 1674 1644 1673
f 1673 1643 1672
f 1644 1643 1673
f 1675 1674 1677
f 1675 1644 1674
f 1646 1644 1675
f 1677 1647 1675
f 1675 1647 1646
f 1611 1584 1610
f 1584 1609 1610
f 1610 1618 1611
f 1610 1609 1618
f 1632 1658 1659
f 1657 1658 1632
f 1655 1654 1632
f 1632 1654 1657
f 1597 1596 1611
f 1611 1616 1597
f 1580 1596 1597
f 1597 1598 1580
f 1621 1629 1637
f 1622 1601 1621
f 1621 1637 1622
f 1580 1598 1593
f 1593 1594 1580
f 1598 1594 1593
f 1599 1615 1600
f 1600 1615 1601
f 1600 122 1599
f 1601 122 1600
f 1601 1615 1620
f 1620 1615 1629
f 1620 1621 1601
f 1629 1621 1620
f 770 769 782
f 770 771 747
f 782 771 770
f 770 747 746
f 746 769 770
f 773 747 772
f 747 771 772
f 794 793 819
f 794 775 793
f 794 819 795
f 795 775 794
f 2193 2192 2201
f 2201 2200 2193
f 2192 2200 2201
f 2218 2154 2170
f 2157 2155 2170
f 2170 2155 2218
f 2188 2172 2169
f 2169 2186 2188
f 2187 2186 2169
f 2169 2170 2154
f 2169 2172 2157
f 2157 2170 2169
f 2169 2205 2187
f 2169 2154 2205
f 1551 1543 1536
f 1536 1544 1551
f 1551 1544 1543
f 1546 1545 1550
f 1536 1542 1550
f 1550 1545 1536
f 1557 1547 1550
f 1550 1547 1546
f 2197 1557 1550
f 1550 1542 2197
f 1557 1559 1558
f 1558 1547 1557
f 1559 1547 1558
f 2291 2270 2290
f 2290 553 2291
f 553 2306 2291
f 2289 2294 2293
f 2289 2291 2306
f 2270 2291 2289
f 2286 2269 2268
f 2268 2285 2286
f 2286 2287 2269
f 2286 2285 519
f 519 2287 2286
f 2269 2287 2288
f 2290 2270 2288
f 2288 2270 2269
f 2288 553 2290
f 519 553 2288
f 2288 2287 519
f 2232 2216 2231
f 2247 2248 2231
f 2231 2230 2247
f 2231 2216 2230
f 2248 2078 2231
f 2078 2232 2231
f 2279 2272 2260
f 2279 2293 2272
f 2220 2227 2236
f 2220 2224 2227
f 2236 2237 2220
f 2237 2238 2220
f 2219 2224 2220
f 2238 2221 2220
f 2207 2219 2220
f 2220 2221 2207
f 2239 2253 2254
f 2253 2271 2254
f 2255 2239 2254
f 2254 2271 2255
f 896 915 900
f 912 915 896
f 896 895 912
f 882 881 896
f 896 880 895
f 896 881 880
f 937 917 916
f 916 922 937
f 941 917 937
f 937 922 941
f 646 2299 647
f 2276 2281 2262
f 2276 2275 2281
f 2276 2262 2255
f 2255 2275 2276
f 2303 2281 2301
f 2301 2275 2303
f 2281 2275 2301
f 2274 2299 2300
f 2300 2275 2274
f 2300 646 645
f 2299 646 2300
f 603 2306 582
f 582 602 603
f 602 623 603
f 603 2308 2306
f 623 2308 603
f 467 468 450
f 467 489 468
f 467 487 488
f 488 489 467
f 467 491 487
f 2285 2284 2130
f 2130 514 2285
f 2130 515 514
f 2131 2284 2133
f 2133 2132 2131
f 2131 2130 2284
f 2132 515 2131
f 515 2130 2131
f 2149 2150 2139
f 2139 2138 2149
f 2133 2138 2139
f 2141 492 2135
f 2135 2136 2141
f 2141 2143 492
f 2141 2136 2143
f 2143 2136 2142
f 2152 2143 2142
f 2133 2284 2134
f 2284 2266 2134
f 2268 2269 2251
f 2251 2270 2257
f 2269 2270 2251
f 2249 2140 2251
f 2257 2242 2251
f 2251 2242 2249
f 582 553 552
f 552 581 582
f 552 553 519
f 519 517 552
f 552 517 551
f 551 581 552
f 580 581 551
f 551 578 580
f 619 602 601
f 602 581 601
f 643 636 648
f 634 617 636
f 634 646 647
f 618 617 634
f 645 646 634
f 634 647 637
f 634 636 644
f 644 645 634
f 619 618 634
f 634 621 619
f 637 621 634
f 626 640 641
f 627 606 626
f 627 628 606
f 626 641 627
f 640 628 627
f 627 641 640
f 559 555 522
f 585 584 588
f 2067 967 981
f 981 2060 2067
f 967 980 981
f 2056 2058 2059
f 2059 2060 2056
f 952 938 960
f 960 953 952
f 967 953 960
f 978 968 970
f 968 971 970
f 970 971 2058
f 2058 2056 970
f 2077 954 2067
f 2083 2084 2077
f 2077 2084 2085
f 2085 2086 2077
f 2077 2086 2087
f 2087 931 2077
f 931 954 2077
f 557 554 2102
f 2092 2101 2102
f 583 557 2102
f 2102 2101 583
f 8 14 11
f 8 6 4
f 8 11 6
f 4 7 8
f 8 7 14
f 901 921 923
f 923 921 945
f 923 924 901
f 923 945 924
f 63 949 965
f 92 949 63
f 63 965 64
f 62 92 63
f 64 41 63
f 41 62 63
f 132 924 133
f 133 924 944
f 944 949 133
f 760 737 754
f 737 736 754
f 79 760 754
f 754 732 78
f 754 736 732
f 754 118 79
f 78 118 754
f 801 778 800
f 799 824 800
f 824 801 800
f 2105 554 521
f 2104 554 2105
f 521 1 2105
f 2093 2085 2092
f 2094 2086 2085
f 2094 2095 2086
f 2085 2093 2094
f 1297 1296 1203
f 1203 1298 1297
f 1201 1296 1297
f 1297 1298 1201
f 1304 2383 2389
f 2389 2129 1304
f 2383 2129 2389
f 2128 1386 2123
f 2123 1386 1381
f 2123 1381 1304
f 1304 2129 2123
f 2376 2375 2378
f 2383 2384 2378
f 2125 1386 2126
f 2121 2125 2126
f 2351 2362 2363
f 2363 2352 2351
f 2351 2352 2342
f 2343 2352 2353
f 2343 2347 2344
f 2344 2334 2343
f 2342 2352 2343
f 2343 2334 2342
f 2344 2355 2345
f 2345 2337 2344
f 2338 2337 2345
f 2345 2346 2338
f 2345 2355 2346
f 2344 2337 2336
f 2336 2337 2330
f 2320 2330 2331
f 2331 2321 2320
f 2331 687 684
f 684 2321 2331
f 2335 2328 2324
f 2335 2334 2344
f 2324 2334 2335
f 2344 2336 2335
f 2335 2336 2328
f 2323 2317 2316
f 2323 2316 2322
f 1193 1281 1195
f 1195 1196 1114
f 1286 1196 1195
f 1195 1281 1280
f 1280 1286 1195
f 1119 1118 1199
f 1280 1200 1199
f 1199 1286 1280
f 1199 1196 1286
f 1199 1122 1119
f 1199 1200 1122
f 1197 1117 1116
f 1116 1196 1197
f 1114 1190 1191
f 1191 1190 1274
f 1274 1277 1191
f 1191 1277 1278
f 1191 1192 1114
f 1278 1192 1191
f 1025 1058 1059
f 1059 1060 1025
f 1025 1060 2420
f 2420 2438 1025
f 2435 2452 2454
f 2388 2458 2386
f 2388 2470 2458
f 2388 2386 2380
f 2380 2387 2388
f 2379 2385 2380
f 2384 2385 2379
f 2380 2376 2379
f 2376 2378 2379
f 2379 2378 2384
f 2393 2385 2457
f 2393 2387 2385
f 2442 2460 2459
f 2441 2460 2442
f 2423 2443 2424
f 2423 2424 2411
f 2411 2422 2423
f 2421 2441 2423
f 2423 2422 2421
f 2441 2442 2423
f 2423 2442 2443
f 1317 1316 1312
f 1312 1308 1317
f 1308 1306 1317
f 1306 1219 1317
f 1219 1316 1317
f 1315 1316 1216
f 1216 1302 1315
f 1399 1315 1398
f 1398 1460 1399
f 2472 2470 2477
f 2459 2473 2474
f 2474 2470 2476
f 2474 2477 2470
f 2474 2473 2472
f 2472 2477 2474
f 2462 2468 2467
f 2467 2468 2456
f 2431 1027 1011
f 1029 1012 1011
f 1011 1028 1029
f 1027 1028 1011
f 1522 1537 1538
f 1538 1523 1522
f 369 1523 1538
f 1537 370 1538
f 370 369 1538
f 1518 1517 1516
f 1516 1519 1518
f 1518 1508 1517
f 1518 1519 1508
f 441 440 457
f 457 458 441
f 441 458 442
f 441 442 422
f 422 421 441
f 441 421 440
f 1443 1442 1482
f 1482 1442 1481
f 1469 1497 1470
f 1469 1482 1497
f 1421 1422 1346
f 1419 1417 1421
f 1418 1422 1421
f 1421 1417 1418
f 1495 1491 1448
f 1448 1494 1495
f 1495 1498 1491
f 1495 1494 1498
f 1476 1422 1475
f 1416 1415 1343
f 1251 1341 1252
f 1341 1328 1252
f 1254 1252 1255
f 1162 1250 1251
f 1423 1422 1476
f 1476 1477 1423
f 1346 1422 1423
f 1423 1424 1346
f 1423 1479 1424
f 1052 1048 1099
f 1097 1170 1099
f 995 996 988
f 995 1009 996
f 988 987 995
f 987 994 995
f 994 1009 995
f 1097 1099 1045
f 1045 1099 1048
f 1108 2313 1100
f 1100 2313 1051
f 1051 1054 1100
f 1049 1048 1052
f 1052 1024 1049
f 1429 1353 1428
f 1428 1480 1429
f 1433 1480 1428
f 1106 1102 1054
f 1054 1105 1106
f 1106 1105 1174
f 1174 1109 1106
f 1109 1102 1106
f 1954 1921 1955
f 1244 1328 1237
f 1237 1152 1156
f 1156 1079 1155
f 1325 1236 1234
f 1325 1225 1324
f 1325 1226 1225
f 1073 1027 1072
f 1072 1028 1073
f 1073 1028 1027
f 1147 1146 1076
f 1071 1146 1147
f 1972 1037 1974
f 1974 1036 1088
f 1037 1036 1974
f 1963 1037 1951
f 1038 1037 1963
f 1962 1038 1963
f 1963 1926 1962
f 1963 1951 1926
f 1079 1152 1153
f 1153 1154 1079
f 1239 1154 1153
f 1081 1080 1157
f 1157 1080 1154
f 1157 1154 1239
f 1149 1078 1145
f 1150 1078 1149
f 1248 1329 1338
f 1338 1247 1248
f 1246 1329 1248
f 1083 1084 1034
f 1036 1085 1086
f 1086 1085 1159
f 1034 1084 1035
f 1084 1085 1035
f 1035 1085 1036
f 1035 1036 1014
f 1014 1013 1035
f 1035 1013 1034
f 1811 1862 1856
f 1818 1862 1869
f 1920 1872 1953
f 1921 1872 1920
f 1953 1250 1920
f 1857 1853 1858
f 1858 1853 1910
f 1811 1857 1858
f 1859 1860 1811
f 1811 1858 1859
f 1949 1910 1948
f 1948 1973 1949
f 2431 1069 1070
f 1227 1226 1150
f 1136 1226 1227
f 1227 1137 1136
f 1320 1224 1319
f 1319 1321 1320
f 1320 1321 1224
f 1218 1316 1219
f 1219 1132 1218
f 1218 1216 1316
f 1219 1221 1220
f 1220 1132 1219
f 1221 1132 1220
f 2457 2385 2392
f 2392 2394 2457
f 2392 2385 2391
f 2391 2394 2392
f 1134 1064 1133
f 1133 1215 1134
f 1133 1064 1130
f 1130 1215 1133
f 1213 1211 1314
f 1314 1313 1213
f 1211 1313 1314
f 1441 1442 1366
f 1441 1449 1481
f 1481 1442 1441
f 1439 1368 1366
f 1366 1369 1439
f 1439 1369 1368
f 1367 1275 1365
f 1365 1275 1273
f 1366 1274 1276
f 1276 1275 1366
f 1276 1274 1189
f 1189 1275 1276
f 1435 1436 1363
f 1431 1447 1432
f 1424 1447 1431
f 1432 1447 1434
f 1434 1447 1435
f 1477 1447 1478
f 1478 1447 1479
f 1478 1423 1477
f 1479 1423 1478
f 1366 1444 1445
f 1446 1366 1445
f 1485 1489 1445
f 1445 1444 1485
f 1487 1444 1486
f 1487 1486 1466
f 1371 1373 1283
f 1371 1366 1446
f 1371 1282 1366
f 1283 1282 1371
f 1457 1374 1455
f 1457 1395 1376
f 1455 1396 1457
f 1396 1395 1457
f 680 673 672
f 671 679 672
f 672 679 680
f 664 671 672
f 672 665 664
f 672 673 665
f 688 680 687
f 687 689 688
f 688 689 680
f 702 689 698
f 689 702 695
f 2018 2019 2005
f 2018 2030 2021
f 2021 2019 2018
f 1960 1961 1924
f 1924 1959 1960
f 1960 1959 1961
f 1981 1967 1978
f 1941 1970 1942
f 1940 1970 1941
f 1942 1901 1941
f 1941 1901 1900
f 1900 1940 1941
f 1909 1945 1946
f 1946 1947 1909
f 1946 1945 992
f 992 1947 1946
f 669 668 671
f 669 671 670
f 2311 668 669
f 670 663 669
f 669 663 2311
f 1173 1263 1174
f 1173 1262 1263
f 1261 1262 1173
f 1352 1262 1261
f 1353 1262 1352
f 1352 1425 1353
f 1272 1271 1361
f 1270 1181 1178
f 1178 1269 1270
f 1182 1181 1270
f 1270 1271 1182
f 236 235 281
f 281 237 236
f 281 235 280
f 280 279 281
f 274 275 231
f 304 278 275
f 304 279 278
f 275 274 304
f 231 188 184
f 184 188 186
f 230 231 184
f 184 139 138
f 142 141 187
f 187 141 186
f 187 188 142
f 186 188 187
f 186 141 140
f 101 139 140
f 140 136 101
f 103 136 140
f 104 103 140
f 140 141 104
f 230 184 229
f 205 206 156
f 156 158 205
f 156 206 203
f 167 168 114
f 114 166 167
f 181 168 167
f 167 166 181
f 165 166 114
f 215 166 165
f 306 297 330
f 298 297 306
f 339 330 344
f 339 344 1999
f 1999 324 339
f 284 306 323
f 323 306 330
f 330 339 323
f 323 339 324
f 284 237 283
f 283 306 284
f 309 306 283
f 237 282 283
f 259 309 283
f 283 282 259
f 200 151 199
f 199 247 200
f 200 201 151
f 247 201 200
f 540 502 539
f 540 541 502
f 539 538 540
f 538 537 540
f 540 537 536
f 575 541 540
f 513 512 550
f 462 463 446
f 480 463 462
f 479 458 457
f 480 458 479
f 457 478 479
f 479 478 480
f 543 505 542
f 543 506 505
f 543 544 506
f 542 541 543
f 541 544 543
f 481 463 480
f 480 506 481
f 482 463 481
f 481 506 482
f 15 10 16
f 16 7 15
f 15 7 10
f 39 27 38
f 38 60 44
f 44 39 38
f 16 10 22
f 10 21 22
f 22 27 16
f 22 21 27
f 33 32 53
f 20 32 33
f 33 21 20
f 9 10 5
f 5 560 524
f 560 525 524
f 524 9 5
f 524 525 20
f 536 535 572
f 608 628 609
f 609 588 608
f 907 928 913
f 913 908 907
f 906 928 907
f 905 2051 906
f 905 2036 2051
f 73 107 108
f 107 128 108
f 108 89 73
f 108 128 89
f 2011 2023 2012
f 2012 2002 2011
f 2012 2003 2002
f 2010 2009 2021
f 2002 2009 2010
f 2011 2002 2010
f 2010 2023 2011
f 2021 2022 2010
f 2022 2023 2010
f 28 27 40
f 40 29 28
f 28 29 17
f 17 16 28
f 16 27 28
f 1800 1770 1769
f 1800 1801 1766
f 1766 1770 1800
f 1722 1699 1723
f 1723 1696 1722
f 1699 1696 1723
f 1698 1666 1697
f 1666 1696 1697
f 1769 1792 1803
f 1839 1792 1838
f 1839 1803 1792
f 1884 1849 1839
f 1850 1899 1851
f 1896 1899 1850
f 1850 1849 1884
f 1684 1711 1710
f 1710 1749 1750
f 1710 1711 1676
f 1686 1661 1660
f 1661 1635 1660
f 1660 1659 1686
f 1660 1635 1659
f 1619 1632 1633
f 1633 1632 1659
f 1629 1636 1653
f 1636 1635 1653
f 1637 1629 1653
f 1653 1635 1637
f 1661 1685 1688
f 1685 1689 1688
f 1685 1687 1715
f 1715 1689 1685
f 1715 1690 1689
f 1715 1687 1684
f 1684 1690 1715
f 1768 1792 1769
f 1769 1727 1768
f 1887 1886 1928
f 1886 1890 1928
f 1796 1795 1834
f 1788 1757 1785
f 1879 1885 1880
f 1880 1885 1881
f 1880 1829 1879
f 1880 1881 1830
f 1830 1829 1880
f 1921 1922 1875
f 1875 1821 1874
f 1874 1921 1875
f 1875 1876 1821
f 1922 1876 1875
f 1778 1821 1822
f 1821 1878 1822
f 1819 1778 1818
f 1819 1820 1778
f 1821 1820 1819
f 1819 1818 1874
f 1874 1821 1819
f 1824 1829 1781
f 1828 1779 1781
f 1781 1829 1830
f 1779 1743 1781
f 1781 1831 1828
f 1830 1831 1781
f 1778 1824 1781
f 1781 1743 1778
f 1780 1782 1744
f 1744 1743 1780
f 1706 1743 1744
f 1744 1707 1706
f 1746 1744 1783
f 1783 1744 1782
f 1783 1782 1785
f 1825 1779 1828
f 1828 1831 1825
f 1827 1832 1785
f 1785 1782 1827
f 1827 1782 1779
f 1882 1831 1881
f 1882 1832 1831
f 1881 1844 1882
f 1618 1630 1631
f 1630 1632 1631
f 1619 1618 1631
f 1631 1632 1619
f 1656 1630 1655
f 1655 1632 1656
f 1656 1632 1630
f 1617 1616 1598
f 1598 1597 1617
f 1617 1597 1616
f 789 774 773
f 773 772 789
f 790 774 789
f 789 788 790
f 771 788 789
f 789 772 771
f 2304 2277 2289
f 2304 2289 2293
f 2293 2279 2304
f 2304 2279 2277
f 2259 2244 2258
f 2257 2277 2258
f 2258 2242 2257
f 899 900 882
f 882 896 899
f 899 896 900
f 936 935 957
f 936 914 935
f 933 922 912
f 933 946 922
f 955 946 933
f 2303 2275 2302
f 2275 2300 2302
f 2302 645 2303
f 2302 2300 645
f 2272 2294 2295
f 450 464 466
f 466 467 450
f 464 483 466
f 513 517 490
f 491 467 490
f 2137 2133 2265
f 2133 2134 2265
f 2265 2266 2137
f 2265 2134 2266
f 2267 2266 2268
f 2268 2251 2267
f 2267 2251 2140
f 2267 2140 2250
f 2250 2266 2267
f 619 601 620
f 558 559 522
f 522 557 558
f 583 584 558
f 558 557 583
f 2055 981 980
f 980 970 2055
f 2055 970 2056
f 959 960 938
f 959 938 942
f 942 964 959
f 959 964 967
f 967 960 959
f 979 980 967
f 979 970 980
f 979 967 978
f 978 970 979
f 2075 2067 2074
f 2083 2077 2076
f 2076 2082 2083
f 2076 2074 2082
f 2076 2075 2074
f 2076 2077 2067
f 2067 2075 2076
f 2103 554 2104
f 2103 2102 554
f 91 949 92
f 91 133 949
f 91 62 90
f 91 92 62
f 91 90 132
f 132 133 91
f 799 800 777
f 777 800 778
f 776 797 777
f 777 797 799
f 777 756 776
f 777 778 756
f 2117 2121 2122
f 2122 2123 2117
f 2121 2126 2122
f 2124 2123 2129
f 2127 1386 2128
f 2127 2126 1386
f 2127 2122 2126
f 2128 2123 2127
f 2123 2122 2127
f 2348 2362 2350
f 2362 2351 2350
f 2342 2341 2350
f 2350 2351 2342
f 2354 2343 2353
f 2347 2343 2354
f 2354 2353 2364
f 2364 2111 2354
f 2111 2374 2354
f 2374 2347 2354
f 2329 2336 2330
f 2328 2336 2329
f 2330 2320 2319
f 2319 2329 2330
f 2328 2329 2319
f 700 686 2321
f 2321 684 700
f 687 686 700
f 700 684 687
f 1194 1114 1193
f 1193 1195 1194
f 1194 1195 1114
f 1198 1199 1118
f 1196 1199 1198
f 1198 1197 1196
f 1118 1117 1198
f 1117 1197 1198
f 1062 1025 2438
f 1062 1124 1058
f 1058 1025 1062
f 1061 1131 1062
f 1062 2457 1061
f 1062 2438 2457
f 1131 1132 1062
f 1062 1132 1124
f 2471 2393 2457
f 2457 2470 2471
f 2470 2388 2471
f 2471 2388 2387
f 2387 2393 2471
f 2461 2442 2459
f 2459 2474 2461
f 2461 2474 2462
f 2462 2450 2444
f 2444 2461 2462
f 2442 2461 2444
f 2444 2450 2445
f 2443 2442 2444
f 2445 2424 2444
f 2424 2443 2444
f 1131 1123 1205
f 1205 1216 1131
f 1385 1398 1315
f 1315 1302 1385
f 1385 1302 1384
f 1385 1384 1379
f 1379 1460 1385
f 1460 1398 1385
f 2469 2474 2476
f 2456 2468 2469
f 2462 2474 2469
f 2469 2470 2456
f 2476 2470 2469
f 2451 2450 2464
f 2464 2452 2451
f 2464 2450 2462
f 2462 2467 2464
f 997 1011 1012
f 997 998 989
f 1012 998 997
f 997 989 2431
f 2431 1011 997
f 1471 1404 1403
f 1474 1422 1418
f 1418 1411 1474
f 1474 1475 1422
f 1501 1475 1474
f 1484 1443 1483
f 1443 1482 1483
f 1483 1467 1484
f 1497 1482 1504
f 1482 1469 1468
f 1467 1483 1468
f 1468 1483 1482
f 1389 1467 1468
f 1468 1463 1389
f 1468 1469 1463
f 1503 1494 1476
f 1476 1475 1503
f 1498 1494 1503
f 1503 1506 1498
f 1499 1471 1470
f 1499 1470 1498
f 1498 1506 1499
f 1419 1415 1413
f 1415 1414 1413
f 1413 1417 1419
f 1332 1252 1243
f 1243 1333 1332
f 1243 1328 1244
f 1243 1252 1328
f 1243 1244 1156
f 1343 1419 1344
f 1344 1255 1343
f 1343 1255 1342
f 1342 1255 1252
f 1342 1332 1343
f 1342 1252 1332
f 1924 1954 1956
f 1169 1257 1258
f 1052 1099 1053
f 1053 1024 1052
f 1054 1024 1053
f 1432 1428 1427
f 1427 1428 1353
f 1018 1045 1019
f 1019 1005 1018
f 1018 1005 1017
f 992 991 1004
f 1004 1005 992
f 1017 1005 1004
f 1048 1019 1047
f 1047 1045 1048
f 1019 1045 1047
f 1046 1019 1048
f 1046 1020 1019
f 1048 1049 1046
f 1046 1049 1020
f 1006 993 992
f 994 993 1006
f 992 1005 1006
f 1019 1020 1006
f 1006 1005 1019
f 1008 1009 994
f 1008 1024 1021
f 1021 1022 1008
f 1008 1022 1010
f 1010 1009 1008
f 1104 1100 1054
f 1108 1100 1104
f 1104 1109 1108
f 1050 1049 1024
f 1020 1049 1050
f 1152 1237 1238
f 1239 1153 1238
f 1238 1153 1152
f 1238 1328 1239
f 1238 1237 1328
f 1156 1244 1245
f 1245 1237 1156
f 1244 1237 1245
f 1234 1236 1151
f 1236 1155 1151
f 1151 1155 1079
f 1151 1078 1150
f 1079 1078 1151
f 1335 1330 1240
f 1333 1243 1240
f 1332 1333 1240
f 1155 1242 1240
f 1156 1155 1240
f 1240 1243 1156
f 1327 1411 1336
f 1418 1417 1336
f 1336 1411 1418
f 1324 1404 1405
f 1327 1236 1326
f 1236 1325 1326
f 1150 1226 1233
f 1226 1325 1233
f 1233 1234 1150
f 1233 1325 1234
f 1032 1013 1031
f 1031 1013 1012
f 1074 1077 1029
f 1029 1028 1074
f 1074 1028 1076
f 1076 1032 1074
f 1032 1077 1074
f 1071 1147 1148
f 1148 1075 1072
f 1072 1071 1148
f 1076 1075 1148
f 1148 1147 1076
f 1950 1974 1088
f 1914 1949 1950
f 1950 1949 1973
f 1950 1973 1972
f 1972 1974 1950
f 1159 1085 1158
f 1158 1085 1084
f 1246 1159 1158
f 1084 1083 1158
f 1158 1083 1157
f 1158 1239 1246
f 1158 1157 1239
f 1145 1144 1143
f 1143 1149 1145
f 1143 1069 1142
f 1143 1142 1150
f 1150 1149 1143
f 1143 1070 1069
f 1143 1144 2431
f 2431 1070 1143
f 1082 1083 1034
f 1033 1081 1082
f 1082 1034 1033
f 1081 1157 1082
f 1157 1083 1082
f 1918 1916 1247
f 1338 1337 1918
f 1918 1247 1338
f 1160 1159 1246
f 1246 1248 1160
f 1160 1086 1159
f 1160 1248 1247
f 1247 1916 1160
f 1160 1916 1860
f 1811 1856 1812
f 1812 1856 1813
f 1812 1773 1811
f 1812 1813 1773
f 1813 1856 1863
f 1818 1869 1870
f 1860 1916 1870
f 1870 1869 1860
f 1811 1860 1861
f 1860 1869 1861
f 1861 1862 1811
f 1861 1869 1862
f 1913 1859 1858
f 1913 1914 1860
f 1860 1859 1913
f 1912 1949 1914
f 1914 1913 1912
f 1912 1913 1858
f 1912 1858 1910
f 1910 1949 1912
f 1230 1137 1229
f 1230 1229 1232
f 1232 1231 1230
f 1138 1137 1139
f 1142 1069 1068
f 1068 1069 2453
f 2453 1067 1068
f 1066 1137 1138
f 1138 1139 1066
f 1066 1139 1067
f 1066 1065 1136
f 1136 1137 1066
f 1066 1026 1065
f 1066 1067 2453
f 2453 1026 1066
f 1229 1137 1228
f 1137 1227 1228
f 1150 1229 1228
f 1228 1227 1150
f 1217 1132 1131
f 1217 1218 1132
f 1131 1216 1217
f 1216 1218 1217
f 1368 1449 1450
f 1449 1441 1450
f 1367 1365 1364
f 1272 1363 1364
f 1364 1273 1272
f 1364 1365 1273
f 1437 1436 1367
f 1367 1363 1437
f 1437 1363 1436
f 1258 1257 1264
f 1264 1350 1259
f 1466 1485 1488
f 1488 1487 1466
f 1485 1444 1488
f 1444 1487 1488
f 1451 1371 1446
f 1466 1389 1465
f 1389 1464 1465
f 1465 1464 1489
f 1465 1485 1466
f 1465 1489 1485
f 1396 1454 1453
f 1453 1454 1372
f 1372 1373 1453
f 1375 1376 1300
f 1375 1457 1376
f 1374 1457 1375
f 1300 1284 1375
f 1284 1374 1375
f 680 682 681
f 681 675 680
f 666 673 674
f 667 666 674
f 674 675 667
f 674 673 680
f 680 675 674
f 676 2016 667
f 667 675 676
f 2005 2016 676
f 676 681 682
f 675 681 676
f 2041 697 2037
f 704 695 702
f 704 702 698
f 2030 2018 2029
f 2029 2031 2030
f 2040 2031 2029
f 1933 1959 1934
f 1959 1964 1934
f 1934 1892 1933
f 1967 1981 1982
f 1982 1981 991
f 1982 1968 1967
f 991 1968 1982
f 1362 1430 1433
f 1362 1361 1430
f 1362 1363 1272
f 1272 1361 1362
f 1432 1434 1362
f 1435 1363 1362
f 1362 1434 1435
f 1362 1428 1432
f 1433 1428 1362
f 237 281 290
f 290 281 279
f 249 298 255
f 211 255 207
f 264 274 231
f 264 231 230
f 305 304 274
f 186 140 185
f 185 140 139
f 185 184 186
f 139 184 185
f 182 137 181
f 181 216 182
f 228 216 215
f 215 229 228
f 228 182 216
f 229 182 228
f 138 137 183
f 183 184 138
f 183 229 184
f 137 182 183
f 183 182 229
f 158 156 111
f 111 475 455
f 455 158 111
f 307 306 308
f 308 306 309
f 286 323 324
f 286 324 325
f 549 551 513
f 549 548 551
f 579 578 551
f 551 548 579
f 579 548 578
f 445 462 446
f 444 458 445
f 424 444 445
f 445 446 424
f 461 458 480
f 480 462 461
f 461 445 458
f 462 445 461
f 546 541 575
f 546 544 541
f 37 59 60
f 60 38 37
f 37 38 27
f 20 10 523
f 10 9 523
f 523 524 20
f 9 524 523
f 500 501 475
f 534 535 501
f 534 533 535
f 501 500 534
f 534 500 533
f 565 529 564
f 564 569 565
f 565 586 587
f 569 586 565
f 570 565 587
f 533 565 570
f 635 632 643
f 643 648 635
f 636 617 635
f 635 648 636
f 643 632 630
f 630 642 643
f 640 642 630
f 630 628 640
f 630 609 628
f 592 570 587
f 572 570 592
f 568 569 532
f 590 607 587
f 587 586 590
f 885 908 886
f 885 907 908
f 885 886 871
f 906 907 885
f 2013 2014 857
f 2026 2014 2013
f 2013 2012 2023
f 857 2003 2013
f 2003 2012 2013
f 2013 2023 2024
f 2013 2025 2026
f 2013 2024 2025
f 1805 1800 1769
f 1801 1800 1805
f 1805 1847 1801
f 1851 1847 1805
f 1805 1850 1851
f 1849 1850 1805
f 1694 1695 1666
f 1666 1693 1694
f 1694 1693 1695
f 1718 1719 1691
f 1691 1690 1718
f 1724 1696 1698
f 1698 1697 1724
f 1724 1697 1696
f 1721 1696 1695
f 1695 1693 1721
f 1726 1727 1696
f 1769 1803 1804
f 1803 1839 1804
f 1804 1805 1769
f 1804 1839 1849
f 1849 1805 1804
f 1841 1839 1838
f 1932 1959 1933
f 1884 1839 1846
f 1846 1841 1797
f 1846 1893 1884
f 1846 1892 1893
f 1936 1893 1937
f 1937 1897 1936
f 1939 1897 1937
f 1927 1890 1886
f 1886 1931 1927
f 1927 1931 1890
f 1890 1931 1930
f 1959 1932 1930
f 1930 1932 1890
f 1886 1959 1930
f 1930 1931 1886
f 1898 1893 1896
f 1896 1850 1898
f 1884 1893 1898
f 1898 1850 1884
f 1751 1710 1750
f 1709 1710 1676
f 1749 1710 1709
f 1714 1749 1709
f 1709 1680 1714
f 1676 1680 1709
f 1796 1797 1763
f 1763 1795 1796
f 1763 1797 1764
f 1659 1635 1634
f 1634 1633 1659
f 1634 1635 1619
f 1619 1633 1634
f 1792 1768 1767
f 1767 1768 1727
f 1845 1797 1844
f 1890 1846 1845
f 1845 1846 1797
f 1840 1797 1796
f 1753 1754 1713
f 1750 1754 1753
f 1823 1878 1879
f 1823 1822 1878
f 1879 1829 1823
f 1823 1829 1824
f 1823 1824 1778
f 1778 1822 1823
f 1749 1713 1756
f 1750 1749 1756
f 1746 1707 1745
f 1745 1744 1746
f 1707 1744 1745
f 1784 1748 1746
f 1746 1783 1784
f 1785 1748 1784
f 1784 1783 1785
f 1779 1825 1826
f 1826 1827 1779
f 1832 1827 1826
f 1831 1832 1826
f 1826 1825 1831
f 1832 1882 1833
f 1785 1832 1833
f 1833 1788 1785
f 1833 1882 1844
f 2225 2242 2243
f 2242 2258 2243
f 2243 2244 2225
f 2243 2258 2244
f 2277 2279 2278
f 2278 2258 2277
f 2278 2279 2260
f 2260 2259 2278
f 2259 2258 2278
f 958 936 957
f 955 936 958
f 958 946 955
f 957 968 958
f 958 968 966
f 914 936 932
f 932 936 955
f 955 933 932
f 912 914 932
f 932 933 912
f 922 946 947
f 966 948 947
f 948 922 947
f 947 958 966
f 946 958 947
f 2309 2308 623
f 483 509 484
f 484 466 483
f 517 491 518
f 518 490 517
f 491 490 518
f 600 601 581
f 600 620 601
f 581 580 600
f 600 580 599
f 600 599 619
f 619 620 600
f 596 597 578
f 599 580 596
f 580 597 596
f 598 580 578
f 578 597 598
f 598 597 580
f 559 558 556
f 5 2 556
f 556 560 5
f 556 2 555
f 555 559 556
f 981 2055 2057
f 2057 2055 2056
f 2060 981 2057
f 2057 2056 2060
f 2117 2123 2118
f 2123 2124 2118
f 2349 2340 2348
f 2348 2350 2349
f 2349 2341 2340
f 2349 2350 2341
f 2324 2328 2327
f 2328 2319 2327
f 2314 2317 2315
f 2315 2320 2321
f 2315 2319 2320
f 2315 2312 2314
f 2315 685 678
f 2315 2321 685
f 678 668 2315
f 2315 668 2312
f 1216 1205 1204
f 1301 1302 1204
f 1302 1216 1204
f 1204 1205 1123
f 1204 1303 1304
f 1204 2384 1303
f 1204 1123 2384
f 1304 1305 1204
f 1204 1305 1301
f 2475 2468 2462
f 2462 2469 2475
f 2475 2469 2468
f 2455 2467 2456
f 2455 2464 2467
f 2456 2438 2455
f 2455 2438 2437
f 2437 2436 2455
f 2455 2436 2435
f 2435 2454 2455
f 1472 1404 1471
f 1324 1225 1323
f 1323 1404 1324
f 1323 1403 1404
f 1470 1471 1400
f 1400 1401 1470
f 1448 1491 1492
f 1491 1498 1492
f 1481 1449 1496
f 1496 1482 1481
f 1496 1504 1482
f 1392 1469 1470
f 1470 1401 1392
f 1392 1311 1390
f 1390 1463 1392
f 1463 1469 1392
f 1501 1474 1473
f 1473 1474 1411
f 1473 1411 1471
f 1501 1499 1502
f 1502 1475 1501
f 1502 1503 1475
f 1335 1416 1412
f 1412 1330 1335
f 1412 1416 1343
f 1343 1330 1412
f 1345 1421 1346
f 1419 1421 1345
f 1958 1959 1924
f 1258 1264 1175
f 1175 1264 1259
f 1171 1099 1170
f 1170 1169 1171
f 1171 1169 1258
f 1258 1175 1171
f 1261 1173 1260
f 1260 1350 1261
f 1259 1350 1260
f 1356 1431 1432
f 1432 1427 1356
f 1424 1431 1356
f 1350 1264 1356
f 1351 1352 1261
f 1261 1350 1351
f 1350 1356 1351
f 1425 1352 1351
f 1351 1356 1425
f 1091 1090 1162
f 1162 1090 1161
f 1250 1162 1161
f 1161 1249 1250
f 1955 1249 1161
f 1954 1955 1161
f 1161 1956 1954
f 994 1006 1007
f 1007 1008 994
f 1007 1006 1020
f 1020 1008 1007
f 1103 1102 1109
f 1109 1104 1103
f 1054 1102 1103
f 1103 1104 1054
f 1023 1008 1020
f 1020 1050 1023
f 1024 1008 1023
f 1023 1050 1024
f 1339 1955 1921
f 1339 1249 1955
f 1921 1920 1339
f 1339 1920 1250
f 1250 1249 1339
f 1150 1234 1235
f 1235 1151 1150
f 1234 1151 1235
f 1332 1240 1331
f 1331 1240 1330
f 1343 1332 1331
f 1331 1330 1343
f 1334 1240 1242
f 1242 1336 1334
f 1335 1240 1334
f 1334 1414 1415
f 1334 1413 1414
f 1334 1416 1335
f 1415 1416 1334
f 1327 1336 1241
f 1241 1336 1242
f 1241 1242 1155
f 1324 1405 1406
f 1409 1405 1327
f 1409 1406 1405
f 1327 1405 1410
f 1410 1405 1404
f 1404 1472 1410
f 1410 1411 1327
f 1471 1411 1410
f 1410 1472 1471
f 1030 1077 1032
f 1032 1031 1030
f 1029 1077 1030
f 1030 1012 1029
f 1030 1031 1012
f 1915 1160 1860
f 1086 1160 1915
f 1860 1914 1915
f 1914 1950 1915
f 1871 1918 1337
f 1871 1337 1919
f 1818 1870 1871
f 1919 1872 1871
f 1871 1872 1818
f 1916 1918 1871
f 1871 1870 1916
f 1866 1867 1816
f 1817 1867 1866
f 1818 1817 1866
f 1137 1230 1141
f 1142 1068 1141
f 1141 1231 1142
f 1141 1230 1231
f 1141 1068 1067
f 1368 1450 1440
f 1440 1450 1441
f 1366 1368 1440
f 1440 1441 1366
f 1438 1363 1367
f 1367 1364 1438
f 1438 1364 1363
f 1349 1264 1257
f 1357 1264 1349
f 1346 1357 1349
f 1452 1451 1464
f 1373 1371 1452
f 1371 1451 1452
f 1446 1445 1490
f 1490 1451 1446
f 1490 1445 1489
f 1489 1464 1490
f 1464 1451 1490
f 1312 1396 1397
f 1396 1453 1397
f 1397 1389 1312
f 1397 1464 1389
f 2017 2018 2005
f 2017 2029 2018
f 682 692 693
f 693 692 689
f 680 689 690
f 689 692 690
f 690 682 680
f 690 692 682
f 2042 2037 2048
f 2042 2041 2037
f 2048 2047 2042
f 2042 2047 2043
f 698 697 705
f 705 704 698
f 1965 1964 1978
f 1978 1964 1980
f 1980 1981 1978
f 1271 1270 1360
f 1270 1359 1360
f 1360 1361 1271
f 1430 1361 1360
f 1360 1359 1430
f 1430 1359 1358
f 1354 1430 1358
f 1358 1269 1354
f 1358 1270 1269
f 1358 1359 1270
f 250 203 249
f 250 209 203
f 307 308 257
f 257 306 307
f 212 264 213
f 254 305 260
f 279 304 254
f 304 305 254
f 254 290 279
f 259 282 254
f 254 207 259
f 254 282 237
f 237 290 254
f 157 111 156
f 113 165 114
f 114 76 113
f 113 76 475
f 203 209 251
f 288 237 287
f 237 286 287
f 287 325 288
f 287 286 325
f 285 237 284
f 285 286 237
f 284 323 285
f 323 286 285
f 547 546 575
f 548 547 576
f 575 595 576
f 576 547 575
f 594 595 574
f 574 540 536
f 575 540 574
f 574 595 575
f 506 544 545
f 544 546 545
f 53 59 54
f 59 37 54
f 535 533 571
f 533 570 571
f 571 572 535
f 571 570 572
f 633 617 616
f 633 635 617
f 616 632 633
f 632 635 633
f 607 630 631
f 631 630 632
f 572 592 593
f 587 607 593
f 593 592 587
f 599 596 593
f 593 596 578
f 591 586 569
f 569 568 591
f 591 568 586
f 607 590 612
f 906 885 884
f 884 905 906
f 884 885 871
f 2036 905 884
f 884 871 2026
f 2025 2036 884
f 2026 2025 884
f 1664 1665 1639
f 1696 1721 1725
f 1725 1721 1720
f 1725 1726 1696
f 1838 1792 1798
f 1792 1799 1798
f 1764 1797 1798
f 1798 1799 1764
f 1839 1841 1883
f 1883 1846 1839
f 1841 1846 1883
f 1890 1932 1891
f 1891 1846 1890
f 1892 1846 1891
f 1933 1892 1891
f 1891 1932 1933
f 1717 1764 1760
f 1717 1763 1764
f 1717 1720 1719
f 1717 1690 1684
f 1717 1719 1718
f 1718 1690 1717
f 1794 1834 1795
f 1795 1763 1794
f 1792 1767 1761
f 1761 1717 1760
f 1720 1717 1761
f 1761 1767 1727
f 1727 1726 1761
f 1761 1725 1720
f 1726 1725 1761
f 1888 1844 1887
f 1888 1845 1844
f 1887 1928 1888
f 1844 1797 1843
f 1797 1840 1843
f 1789 1788 1834
f 1834 1794 1789
f 1758 1713 1757
f 1758 1753 1713
f 1757 1788 1758
f 1788 1789 1758
f 1758 1789 1790
f 1713 1754 1755
f 1755 1756 1713
f 1755 1754 1750
f 1750 1756 1755
f 2296 2309 623
f 2296 622 2297
f 2296 623 622
f 2272 2295 2296
f 2297 2272 2296
f 2295 2309 2296
f 467 466 486
f 486 512 513
f 513 490 486
f 486 490 467
f 561 556 558
f 584 585 561
f 561 558 584
f 560 556 561
f 561 525 560
f 562 525 561
f 561 585 563
f 561 563 562
f 2383 2378 2382
f 2382 2129 2383
f 2317 2323 2318
f 2318 2315 2317
f 2319 2315 2318
f 2318 2326 2324
f 2322 2326 2318
f 2318 2323 2322
f 2466 2454 2452
f 2466 2455 2454
f 2464 2455 2466
f 1225 1321 1322
f 1322 1323 1225
f 1322 1400 1323
f 1401 1400 1322
f 1471 1403 1402
f 1402 1400 1471
f 1403 1323 1402
f 1323 1400 1402
f 1497 1504 1505
f 1504 1492 1505
f 1498 1497 1505
f 1505 1492 1498
f 1493 1449 1448
f 1448 1492 1493
f 1493 1492 1504
f 1493 1496 1449
f 1504 1496 1493
f 1500 1499 1501
f 1501 1473 1500
f 1471 1499 1500
f 1500 1473 1471
f 1507 1499 1506
f 1507 1502 1499
f 1506 1503 1507
f 1503 1502 1507
f 1420 1344 1419
f 1419 1345 1420
f 1420 1345 1344
f 1254 1255 1166
f 1255 1167 1166
f 1092 1165 1166
f 1255 1344 1256
f 1256 1167 1255
f 1344 1345 1256
f 1256 1345 1346
f 1257 1167 1256
f 1256 1349 1257
f 1924 1956 1957
f 1957 1958 1924
f 1976 1957 1956
f 1958 1957 1976
f 1101 1171 1175
f 1101 1053 1099
f 1099 1171 1101
f 1101 1105 1054
f 1054 1053 1101
f 1174 1105 1101
f 1101 1173 1174
f 1425 1356 1426
f 1426 1356 1427
f 1353 1425 1426
f 1426 1427 1353
f 1424 1356 1355
f 1346 1424 1355
f 1355 1357 1346
f 1355 1264 1357
f 1355 1356 1264
f 1163 1091 1162
f 1251 1252 1163
f 1163 1162 1251
f 1956 1161 1975
f 1975 1976 1956
f 1090 1986 1089
f 1089 1161 1090
f 1408 1326 1325
f 1325 1409 1408
f 1327 1326 1408
f 1408 1409 1327
f 1407 1409 1325
f 1406 1409 1407
f 1407 1325 1324
f 1324 1406 1407
f 1087 1950 1088
f 1087 1915 1950
f 1086 1915 1087
f 1088 1036 1087
f 1036 1086 1087
f 1864 1866 1816
f 1863 1866 1864
f 1816 1813 1864
f 1813 1863 1864
f 1868 1866 1863
f 1868 1856 1862
f 1868 1863 1856
f 1868 1862 1818
f 1818 1866 1868
f 1140 1139 1137
f 1137 1141 1140
f 1067 1139 1140
f 1140 1141 1067
f 1464 1397 1456
f 1456 1397 1453
f 1456 1453 1373
f 1373 1452 1456
f 1456 1452 1464
f 2005 676 677
f 677 2017 2005
f 2029 2017 2028
f 2041 2042 2028
f 2028 2042 2043
f 2028 703 2041
f 2043 2044 2028
f 2044 2039 2028
f 2028 2039 2040
f 2040 2029 2028
f 689 695 694
f 694 693 689
f 694 695 682
f 682 693 694
f 697 2041 2038
f 2038 703 697
f 2041 703 2038
f 697 703 696
f 696 705 697
f 682 695 696
f 695 704 696
f 704 705 696
f 1892 1934 1935
f 1935 1934 1964
f 1964 1965 1935
f 1893 1892 1935
f 1935 1937 1893
f 1978 1967 1966
f 1966 1965 1978
f 1966 1967 1939
f 1939 1937 1966
f 1937 1935 1966
f 1966 1935 1965
f 1979 1980 1964
f 1976 1975 1979
f 1017 1004 1016
f 1016 1041 1017
f 1039 1986 1090
f 1039 1016 1986
f 1042 1091 1092
f 1042 1018 1017
f 1017 1041 1042
f 1090 1091 1042
f 1042 1041 1090
f 249 255 262
f 262 255 211
f 256 207 255
f 256 257 207
f 256 255 298
f 298 306 256
f 306 257 256
f 258 309 259
f 259 207 258
f 207 257 258
f 258 308 309
f 258 257 308
f 264 212 263
f 274 264 263
f 263 305 274
f 260 305 263
f 263 212 260
f 211 207 159
f 111 157 112
f 475 111 112
f 112 113 475
f 215 165 162
f 165 113 162
f 113 112 162
f 508 509 482
f 578 548 577
f 548 576 577
f 577 593 578
f 594 593 577
f 577 595 594
f 577 576 595
f 21 33 34
f 34 54 37
f 34 33 53
f 53 54 34
f 27 21 34
f 34 37 27
f 499 500 475
f 499 531 500
f 475 498 499
f 498 531 499
f 500 531 530
f 533 500 530
f 530 565 533
f 530 531 498
f 498 529 530
f 529 565 530
f 613 593 616
f 599 593 613
f 616 617 613
f 613 617 599
f 607 631 614
f 614 593 607
f 614 631 632
f 536 572 573
f 572 593 573
f 573 574 536
f 594 574 573
f 573 593 594
f 607 612 629
f 629 612 609
f 629 630 607
f 609 630 629
f 609 612 589
f 588 611 589
f 589 566 588
f 589 612 590
f 1663 1664 1639
f 1663 1639 1662
f 1662 1661 1663
f 1689 1690 1663
f 1690 1691 1663
f 1661 1688 1663
f 1663 1688 1689
f 1720 1721 1692
f 1692 1663 1691
f 1664 1663 1692
f 1692 1721 1693
f 1719 1720 1692
f 1692 1691 1719
f 1665 1664 1692
f 1692 1666 1665
f 1692 1693 1666
f 1842 1841 1838
f 1838 1798 1842
f 1797 1841 1842
f 1842 1798 1797
f 1716 1717 1684
f 1684 1710 1716
f 1793 1794 1763
f 1793 1789 1794
f 1791 1761 1760
f 1792 1761 1791
f 1791 1799 1792
f 1760 1764 1791
f 1764 1799 1791
f 1889 1928 1890
f 1889 1888 1928
f 1890 1845 1889
f 1845 1888 1889
f 1844 1843 1835
f 1835 1833 1844
f 1788 1833 1835
f 1834 1788 1837
f 1796 1834 1837
f 1837 1840 1796
f 466 484 485
f 485 486 466
f 485 484 509
f 2377 2378 2375
f 2377 2382 2378
f 2377 2375 2117
f 2117 2118 2377
f 2377 2118 2124
f 2377 2124 2129
f 2129 2382 2377
f 2325 2327 2319
f 2319 2318 2325
f 2324 2327 2325
f 2325 2318 2324
f 2452 2464 2465
f 2465 2466 2452
f 2464 2466 2465
f 1393 1322 1321
f 1401 1322 1393
f 1393 1392 1401
f 1393 1321 1311
f 1311 1392 1393
f 1164 1166 1165
f 1164 1165 1092
f 1092 1091 1164
f 1091 1163 1164
f 1097 1045 1044
f 1045 1018 1044
f 1346 1349 1347
f 1347 1256 1346
f 1259 1260 1172
f 1172 1175 1259
f 1172 1101 1175
f 1172 1260 1173
f 1173 1101 1172
f 1253 1252 1254
f 1253 1163 1252
f 1254 1166 1253
f 1166 1164 1253
f 1253 1164 1163
f 2017 677 2027
f 2027 2028 2017
f 2027 676 682
f 2027 677 676
f 1986 1980 1984
f 1984 1089 1986
f 1984 1975 1161
f 1976 1979 1977
f 1959 1958 1977
f 1958 1976 1977
f 1977 1964 1959
f 1977 1979 1964
f 1987 1980 1986
f 1986 1016 1987
f 1981 1980 1987
f 1987 1016 1981
f 1981 1016 1003
f 1003 1016 1004
f 991 1981 1003
f 1003 1004 991
f 1041 1016 1040
f 1016 1039 1040
f 1090 1041 1040
f 1040 1039 1090
f 261 250 249
f 249 262 261
f 164 251 209
f 209 159 164
f 159 112 164
f 208 254 260
f 260 212 208
f 207 254 208
f 208 159 207
f 215 162 214
f 230 229 214
f 214 229 215
f 214 264 230
f 213 264 214
f 509 508 511
f 546 547 511
f 511 547 548
f 511 545 546
f 511 508 545
f 511 550 512
f 512 486 511
f 548 549 511
f 513 550 511
f 511 549 513
f 506 545 507
f 545 508 507
f 482 506 507
f 507 508 482
f 615 632 616
f 615 614 632
f 616 593 615
f 593 614 615
f 609 589 610
f 610 589 611
f 588 609 610
f 610 611 588
f 532 566 567
f 566 589 567
f 567 568 532
f 586 568 567
f 567 590 586
f 567 589 590
f 1710 1751 1752
f 1752 1716 1710
f 1750 1787 1752
f 1752 1751 1750
f 1786 1787 1750
f 1750 1753 1786
f 1786 1758 1790
f 1753 1758 1786
f 1836 1843 1840
f 1840 1837 1836
f 1836 1835 1843
f 1788 1835 1836
f 1836 1837 1788
f 1092 1166 1093
f 1043 1044 1018
f 1043 1042 1092
f 1018 1042 1043
f 1092 1093 1043
f 1043 1093 1044
f 1096 1169 1170
f 1096 1170 1097
f 1097 1044 1096
f 1349 1256 1348
f 1348 1347 1349
f 1256 1347 1348
f 691 2027 682
f 2028 2027 691
f 703 2028 691
f 682 696 691
f 691 696 703
f 1980 1979 1985
f 1985 1984 1980
f 1985 1979 1975
f 1975 1984 1985
f 1161 1089 1983
f 1983 1984 1161
f 1089 1984 1983
f 210 262 211
f 210 261 262
f 250 261 210
f 209 250 210
f 211 159 210
f 210 159 209
f 251 164 204
f 204 156 203
f 203 251 204
f 160 112 159
f 213 214 160
f 160 212 213
f 160 208 212
f 159 208 160
f 486 485 510
f 510 511 486
f 510 485 509
f 509 511 510
f 1790 1789 1762
f 1789 1793 1762
f 1763 1717 1762
f 1762 1793 1763
f 1716 1752 1759
f 1759 1752 1787
f 1787 1786 1759
f 1717 1716 1759
f 1759 1762 1717
f 1759 1786 1790
f 1790 1762 1759
f 1098 1093 1166
f 1044 1093 1098
f 1168 1167 1257
f 1257 1169 1168
f 1169 1096 1168
f 1095 1096 1044
f 1167 1168 1095
f 1095 1168 1096
f 163 204 164
f 163 112 157
f 163 164 112
f 163 157 156
f 156 204 163
f 161 214 162
f 161 160 214
f 161 162 112
f 112 160 161
f 1094 1098 1166
f 1044 1098 1094
f 1094 1166 1167
f 1167 1095 1094
f 1094 1095 1044
f 2264 2263 2280
f 2248 2263 2264
f 2396 1537 1541
f 1541 2395 2396
f 2396 730 731
f 2395 730 2396
f 397 410 2166
f 2166 2151 397
f 2165 2181 397
f 2181 410 397
f 6 972 13
f 13 972 973
f 962 976 963
f 976 977 963
f 2098 2089 2088
f 2090 2089 2098
f 2426 2446 2463
f 2463 2447 2426
f 1529 1510 1520
f 1522 1510 1529
f 1541 1537 1529
f 1529 1537 1522
f 878 870 865
f 865 870 860
f 878 865 894
f 894 865 877
f 409 427 428
f 408 427 409
f 2283 2264 2280
f 2280 2305 2283
f 583 2100 604
f 604 2100 2091
f 2090 2099 604
f 604 2099 583
f 982 976 962
f 962 975 982
f 973 972 982
f 982 975 973
f 2449 2426 2447
f 2448 2426 2449
f 2425 2412 2406
f 2406 2415 2425
f 2164 2179 2168
f 2152 2164 2168
f 2168 2179 493
f 493 471 2168
f 865 864 876
f 876 864 875
f 883 904 889
f 873 883 889
f 411 2151 2166
f 411 398 2151
f 2299 2274 2292
f 2299 2292 2307
f 2090 2098 2107
f 2107 2099 2090
f 605 606 584
f 584 583 605
f 651 2305 2280
f 644 2305 651
f 6 13 929
f 929 13 930
f 909 910 1
f 650 2107 2098
f 638 2107 650
f 638 650 2106
f 2106 650 2097
f 2264 2283 2106
f 2106 2097 2264
f 472 471 493
f 472 453 471
f 3 1 2
f 4 3 2
f 873 889 890
f 874 873 890
f 2270 2289 2277
f 2257 2270 2277
f 2308 2289 2306
f 2294 2289 2308
f 2139 2136 2132
f 2139 2132 2133
f 2136 2139 2142
f 2142 2139 2150
f 2142 2164 2152
f 2142 2150 2164
f 566 563 585
f 588 566 585
f 2105 1 910
f 910 2095 2105
f 2094 2105 2095
f 2104 2105 2094
f 2104 2094 2103
f 2103 2094 2093
f 2092 2102 2103
f 2103 2093 2092
f 2294 2308 2309
f 2309 2295 2294
f 1334 1336 1417
f 1417 1413 1334
f 1241 1155 1236
f 1241 1236 1327

