# https://github.com/mikedh/trimesh
v 0.00339597 -0.02561788 -0.07923391
v -0.00312831 -0.02065677 -0.00702407
v -0.00313182 -0.02066226 -0.00835858
v -0.01055551 -0.01512913 0.04108328
v -0.01056605 -0.01512363 0.03943955
v -0.01056956 -0.01511813 0.03779583
v -0.01162357 -0.01430411 0.04108328
v -0.01161303 -0.01430411 0.03943955
v -0.00774484 -0.01710368 -0.00669858
v -0.00865479 -0.01622366 -0.00835858
v 0.00184658 -0.02402285 -0.08087762
v 0.00344515 -0.02559038 -0.08051959
v 0.00382811 -0.02561788 -0.07923391
v 0.00346623 -0.02557938 -0.07825744
v -0.00219376 -0.01845121 0.05262188
v -0.00384152 -0.01807720 0.05262188
v -0.00519415 -0.01746119 0.05756932
v -0.00562629 -0.01751069 0.05257306
v -0.00633599 -0.01729068 0.05198717
v -0.00718622 -0.01693867 0.05097816
v -0.00878830 -0.01615215 0.05097816
v -0.00967366 -0.01567364 0.05097816
v -0.00972988 -0.01571214 0.04108328
v -0.00974042 -0.01571764 0.03943955
v -0.01050632 -0.01509063 0.04933443
v -0.01162005 -0.01429861 0.04272700
v -0.01242461 -0.01350109 0.04603072
v -0.01243515 -0.01349559 0.04438699
v -0.01244569 -0.01348459 0.04272700
v -0.01244569 -0.01346809 0.04108328
v -0.01243866 -0.01344609 0.03943955
v -0.01159195 -0.01429311 0.03779583
v -0.00856696 -0.01618516 -0.01000230
v -0.01156735 -0.01428211 0.03613584
v -0.01311322 -0.01262107 0.03943955
v -0.01308863 -0.01258257 0.03779583
v -0.01304998 -0.01253306 0.03613584
v -0.01291296 -0.01234056 0.03030957
v -0.01288134 -0.01228556 0.02920291
v -0.01323970 -0.01164754 0.02967487
v -0.01326781 -0.01138904 0.02790095
v 0.00190280 -0.02391835 -0.08174018
v 0.00283735 -0.02497437 -0.08099155
v -0.00919585 -0.01481012 -0.01000230
v 0.00375433 -0.02559038 -0.08051959
v 0.00279870 -0.02434735 -0.08239115
v 0.00338191 -0.02408335 -0.08351409
v 0.00373325 -0.02557938 -0.07825744
v 0.00434106 -0.02523837 -0.08099155
v 0.00465374 -0.02511737 -0.07923391
v 0.00551451 -0.02423735 -0.06440786
v 0.00549343 -0.02420435 -0.06274787
v 0.00439727 -0.02478187 -0.06274787
v 0.00439727 -0.02471036 -0.06110414
v -0.00054600 -0.01865472 0.05262188
v -0.00219376 -0.01805520 0.05756932
v -0.00384152 -0.01779119 0.05756932
v -0.00507470 -0.01742819 0.05862716
v -0.00601979 -0.01717518 0.05756932
v -0.00714054 -0.01672967 0.05756932
v -0.00859155 -0.01600915 0.05756932
v -0.00964556 -0.01565714 0.05213364
v -0.01049930 -0.01507413 0.05097816
v -0.01158141 -0.01426561 0.04933443
v -0.01241758 -0.01349559 0.04767444
v -0.01320106 -0.01265957 0.04933443
v -0.01320106 -0.01267057 0.04767444
v -0.01319403 -0.01267607 0.04603072
v -0.01317998 -0.01267057 0.04438699
v -0.01315890 -0.01265957 0.04272700
v -0.01313782 -0.01264307 0.04108328
v -0.00931881 -0.01481012 -0.00835858
v -0.01459585 -0.01075102 0.04767444
v -0.01457126 -0.01071252 0.04603072
v -0.01455721 -0.01069052 0.04518444
v -0.01453612 -0.01064102 0.04409406
v -0.01449748 -0.01056402 0.04272700
v -0.01433235 -0.01014601 0.03613584
v -0.01429019 -0.01002500 0.03449211
v -0.01416371 -0.00986550 0.03118839
v -0.01320808 -0.01129004 0.02625723
v -0.00218673 0.02310230 -0.08253762
v -0.00177567 0.02310230 -0.08366057
v 0.00243331 -0.02304932 -0.08261900
v -0.00947691 -0.01187855 -0.01494974
v -0.00971933 -0.01105353 -0.01494974
v -0.00964907 -0.01081702 -0.01605640
v -0.00957880 -0.01052552 -0.01716306
v -0.00950853 -0.01016251 -0.01823718
v -0.00911855 -0.00986550 -0.02154090
v -0.00961393 -0.00905148 -0.01908345
v -0.00889019 -0.00986550 -0.02318462
v -0.00865831 -0.00986550 -0.02484462
v -0.00963150 -0.00749494 -0.02084110
v -0.00892883 -0.00821546 -0.02484462
v -0.00955069 -0.00692293 -0.02193149
v -0.00944178 -0.00644992 -0.02307070
v -0.00962448 -0.00582290 -0.02243599
v -0.00953664 -0.00492088 -0.02354266
v -0.00932233 -0.00492088 -0.02484462
v -0.00958934 -0.00381535 -0.02386815
v -0.01292702 -0.01072902 0.01859195
v -0.01288486 -0.01061902 0.01750156
v -0.01270919 -0.01012401 0.01305863
v -0.01240002 -0.00986550 0.00811119
v -0.01211895 -0.00986550 0.00482375
v -0.01197490 -0.00986550 0.00316375
v -0.01183085 -0.00986550 0.00152003
v -0.01167978 -0.00986550 -0.00012369
v -0.01123710 -0.01061352 -0.00233702
v -0.01118440 -0.01042101 -0.00341113
v -0.01110008 -0.01010201 -0.00505486
v -0.01081198 -0.00986550 -0.00835858
v 0.00396864 -0.02408335 -0.08351409
v 0.00446754 -0.02452336 -0.08261900
v 0.00325543 -0.02304932 -0.08362802
v 0.00446754 -0.02306032 -0.08362802
v 0.00547587 -0.02435285 -0.08087762
v 0.00541263 -0.02420985 -0.08213077
v 0.00559532 -0.02432535 -0.07594647
v 0.00560586 -0.02431986 -0.07428647
v 0.00556370 -0.02428685 -0.06933903
v 0.00553208 -0.02426485 -0.06605159
v 0.01314198 -0.01364409 0.04767444
v 0.01231985 -0.01443061 0.04767444
v 0.00545830 -0.02414935 -0.06110414
v 0.01228824 -0.01440311 0.04933443
v 0.01128342 -0.01525563 0.04767444
v 0.01123072 -0.01522813 0.04933443
v 0.01040860 -0.01578915 0.04933443
v 0.00439727 -0.02461686 -0.05946042
v 0.00274951 -0.01858871 0.05097816
v 0.00109824 -0.01867122 0.05262188
v 0.00109824 -0.01875922 0.05097816
v 0.00934054 -0.01636116 0.04933443
v 0.00934054 -0.01627316 0.05097816
v 0.00769278 -0.01691117 0.05262188
v -0.00054600 -0.01819821 0.05756932
v -0.00219376 -0.01768669 0.05903402
v -0.00384152 -0.01756019 0.05885500
v -0.00843345 -0.01590465 0.05877363
v 0.00268627 -0.01283007 0.07252556
v 0.00209252 -0.01226906 0.07316026
v -0.01047119 -0.00782495 0.07247674
v -0.00941367 -0.01549764 0.05756932
v -0.01136007 -0.01407310 0.05852951
v -0.01156384 -0.01425461 0.05097816
v -0.01240353 -0.01348459 0.04933443
v -0.01402318 -0.01159804 0.04933443
v -0.01319052 -0.01264307 0.05097816
v -0.01460288 -0.01075102 0.05848069
v -0.01402318 -0.01157604 0.04767444
v -0.01401615 -0.01153754 0.04603072
v -0.01314836 -0.01118553 0.02459724
v -0.01308863 -0.01107003 0.02295351
v -0.01302890 -0.01094903 0.02130979
v -0.01296917 -0.01081702 0.01964979
v -0.01461342 -0.01077302 0.04933443
v -0.01509826 -0.00986550 0.04933443
v -0.01505610 -0.00986550 0.04767444
v -0.01499286 -0.00986550 0.04603072
v -0.01485233 -0.01000300 0.04453346
v -0.01487341 -0.00974450 0.04272700
v -0.01578336 -0.00821546 0.04767444
v -0.01568850 -0.00821546 0.04603072
v -0.01462045 -0.00919998 0.03449211
v -0.01455018 -0.00901848 0.03213232
v -0.01405831 -0.00986550 0.02954468
v -0.00224997 0.02474684 -0.08253762
v -0.01016904 -0.00162080 -0.02154090
v -0.01003202 0.00002924 -0.02318462
v -0.01016202 0.00167378 -0.02318462
v -0.01028147 0.00331832 -0.02318462
v -0.01012337 0.00496836 -0.02484462
v -0.01038336 0.00496836 -0.02318462
v -0.01021120 0.00661290 -0.02484462
v -0.00177216 0.02474684 -0.08364429
v -0.00054600 0.02310230 -0.08392096
v -0.00054600 0.02145226 -0.08393724
v -0.01061172 -0.00986550 -0.01000230
v -0.01121250 -0.00880948 -0.00708917
v -0.01000040 -0.00986550 -0.01494974
v -0.00977555 -0.00993150 -0.01660973
v -0.00967366 -0.00933749 -0.01823718
v -0.01010580 -0.00821546 -0.01659346
v -0.01127223 -0.00581190 -0.01089739
v -0.01132493 -0.00479438 -0.01153210
v -0.01126872 -0.00416186 -0.01254112
v -0.00989149 -0.00656542 -0.01989718
v -0.00968420 -0.00644992 -0.02144325
v -0.01102278 -0.00327084 -0.01494974
v -0.01078036 -0.00327084 -0.01659346
v -0.00985636 -0.00492088 -0.02154090
v -0.01002148 -0.00327084 -0.02154090
v -0.00967015 -0.00492088 -0.02271266
v -0.01394237 -0.00986550 0.02790095
v -0.01369644 -0.00986550 0.02459724
v -0.01331700 -0.00986550 0.01964979
v -0.01312728 -0.00967300 0.01636235
v -0.01299728 -0.00929899 0.01305863
v -0.01290242 -0.00901298 0.01068256
v -0.01279702 -0.00859497 0.00811119
v -0.01245272 -0.00821546 0.00316375
v -0.01229461 -0.00821546 0.00152003
v -0.01147952 -0.00998650 -0.00178369
v -0.01141628 -0.00959599 -0.00341113
v -0.01132493 -0.00927699 -0.00505486
v -0.01127223 -0.00908448 -0.00599878
v 0.00506832 -0.02361583 -0.08323743
v 0.00109824 0.01485760 -0.08374194
v 0.00529669 -0.02202080 -0.08343273
v 0.00529669 -0.02251581 -0.08343273
v 0.01183853 -0.01243406 -0.03091500
v 0.01188420 -0.01259907 -0.02977578
v 0.01194393 -0.01279157 -0.02813206
v 0.01199663 -0.01295658 -0.02648834
v 0.01170853 -0.01361659 -0.02813206
v 0.01175069 -0.01378160 -0.02648834
v 0.01178934 -0.01390810 -0.02484462
v 0.01181042 -0.01396860 -0.02386815
v 0.01376032 -0.01141104 -0.00012369
v 0.01384464 -0.01151004 0.00316375
v 0.01344412 -0.01229106 0.00124336
v 0.01346169 -0.01233506 0.00235003
v 0.01347574 -0.01235706 0.00316375
v 0.01349682 -0.01240106 0.00482375
v 0.01353898 -0.01246706 0.00811119
v 0.00551100 -0.02306032 -0.08261900
v 0.00573937 -0.02304932 -0.08087762
v 0.01508485 -0.01061902 0.03613584
v 0.01509891 -0.01065752 0.03779583
v 0.01458245 -0.01151004 0.03449211
v 0.01520080 -0.01083902 0.04767444
v 0.01521836 -0.01086103 0.04933443
v 0.01467028 -0.01168605 0.04933443
v 0.01384464 -0.01283557 0.04438699
v 0.01384816 -0.01283007 0.04603072
v 0.01385167 -0.01281907 0.04767444
v 0.01316306 -0.01365509 0.04603072
v 0.01384464 -0.01279707 0.04933443
v 0.01311387 -0.01362209 0.04933443
v 0.01223554 -0.01435911 0.05097816
v 0.01115694 -0.01517863 0.05097816
v 0.01033130 -0.01573964 0.05097816
v 0.00666689 -0.01721918 0.05426560
v 0.00439727 -0.01817620 0.05097816
v 0.00439727 -0.01807170 0.05262188
v 0.00274951 -0.01847871 0.05262188
v 0.00274951 -0.01798920 0.05756932
v 0.00109824 -0.01817071 0.05756932
v 0.01024698 -0.01568464 0.05226384
v 0.00949864 -0.01604765 0.05273580
v 0.00769278 -0.01680117 0.05426560
v 0.00109824 -0.01773619 0.05909912
v -0.00054600 -0.01775819 0.05911539
v 0.00274951 -0.01355609 0.07075164
v -0.01104738 -0.00724744 0.07307889
v -0.01144790 -0.00756644 0.07197223
v 0.00439727 -0.01302808 0.07241164
v 0.00319219 -0.01245056 0.07333928
v -0.00219376 -0.00591640 0.08002809
v -0.00303345 -0.00575140 0.07983280
v -0.00994770 -0.00750594 0.07333928
v -0.01301836 -0.01245056 0.05856206
v -0.01234029 -0.01343509 0.05262188
v -0.01238596 -0.01346809 0.05097816
v -0.01315538 -0.01261007 0.05262188
v -0.01628226 -0.00756094 0.05854579
v -0.01510177 -0.00986550 0.05097816
v -0.01178869 -0.00664242 0.07247674
v -0.01628226 -0.00756094 0.05809010
v -0.01587822 -0.00828696 0.05097816
v -0.01592038 -0.00806146 0.04939953
v -0.01621550 -0.00741244 0.04998541
v -0.01618388 -0.00732444 0.04889502
v -0.01452207 -0.00892498 0.03118839
v -0.01614875 -0.00720344 0.04767444
v -0.00193377 0.02804692 -0.08087762
v -0.00185648 0.02646289 -0.08263527
v -0.01026390 0.00826294 -0.02484462
v -0.01029552 0.00991298 -0.02484462
v -0.01005662 0.01156302 -0.02648834
v -0.01027093 0.01156302 -0.02484462
v -0.00997229 0.01320756 -0.02648834
v -0.00961042 0.01402708 -0.02896206
v -0.00967717 0.01445059 -0.02785539
v -0.00974744 0.01494560 -0.02652089
v -0.01028147 -0.00327084 -0.01989718
v -0.01042552 -0.00162080 -0.01989718
v -0.01029904 0.00002924 -0.02154090
v -0.01055551 0.00002924 -0.01989718
v -0.01053443 0.00331832 -0.02154090
v -0.01062929 0.00496836 -0.02154090
v -0.01045362 0.00661290 -0.02318462
v -0.00157190 0.02595137 -0.08349781
v -0.00054600 0.02474684 -0.08375821
v 0.00055367 0.02310230 -0.08361173
v 0.00066610 0.02145226 -0.08372567
v -0.01176761 -0.00821546 -0.00341113
v -0.01157438 -0.00821546 -0.00505486
v -0.01132493 -0.00770945 -0.00801681
v -0.01115980 -0.00824296 -0.00848877
v -0.01097360 -0.00821546 -0.01000230
v -0.01032363 -0.00821546 -0.01494974
v -0.01075928 -0.00821546 -0.01164602
v -0.01125467 -0.00734644 -0.00912348
v -0.01108251 -0.00644442 -0.01153210
v -0.01133196 -0.00616941 -0.01000230
v -0.01168681 -0.00656542 -0.00669858
v -0.01192571 -0.00492088 -0.00669858
v -0.01171843 -0.00492088 -0.00835858
v -0.01150763 -0.00492088 -0.01000230
v -0.01170437 -0.00327084 -0.01000230
v -0.01131791 -0.00327084 -0.01288288
v -0.01120197 -0.00327084 -0.01371288
v -0.01148655 -0.00327084 -0.01164602
v -0.01125115 -0.00233032 -0.01405464
v -0.01446937 -0.00874347 0.02954468
v -0.01440965 -0.00852897 0.02790095
v -0.01438505 -0.00813296 0.02614331
v -0.01459585 -0.00752244 0.02661527
v -0.01455018 -0.00735744 0.02552488
v -0.01300431 -0.00776995 0.00811119
v -0.01275838 -0.00814396 0.00636982
v -0.01260379 -0.00821546 0.00482375
v -0.01307458 -0.00803946 0.00977119
v -0.01289891 -0.00734094 0.00573512
v -0.01212597 -0.00821546 -0.00012369
v -0.01286026 -0.00710993 0.00482375
v -0.01195382 -0.00821546 -0.00175114
v 0.00211711 0.01320756 -0.08353037
v 0.00207144 0.01485760 -0.08348154
v 0.00530371 -0.01316008 -0.08203312
v 0.00536695 -0.01481012 -0.08214704
v 0.00548289 -0.02144328 -0.08255390
v 0.01179285 -0.01218106 -0.03200538
v 0.01221445 -0.01151004 -0.02813206
v 0.01234093 -0.01151004 -0.02648834
v 0.01246039 -0.01151004 -0.02484462
v 0.01256930 -0.01151004 -0.02318462
v 0.01267119 -0.01151004 -0.02154090
v 0.01276605 -0.01151004 -0.01989718
v 0.01344764 -0.01062452 -0.01216680
v 0.01204933 -0.01308308 -0.02484462
v 0.01360222 -0.01107003 -0.00669858
v 0.01364790 -0.01117453 -0.00505486
v 0.01368655 -0.01125703 -0.00341113
v 0.01459650 -0.00986550 0.00646747
v 0.01465974 -0.00986550 0.00811119
v 0.01471947 -0.00986550 0.00977119
v 0.01477568 -0.00986550 0.01141491
v 0.01395004 -0.01151004 0.00646747
v 0.01399572 -0.01151004 0.00811119
v 0.01404139 -0.01151004 0.00977119
v 0.01408355 -0.01151004 0.01141491
v 0.01416085 -0.01151004 0.01470235
v 0.01237607 -0.00656542 -0.02977578
v 0.01259390 -0.00656542 -0.02813206
v 0.01216878 -0.00821546 -0.03143578
v 0.01237255 -0.00821546 -0.02977578
v 0.01190177 -0.00986550 -0.03319342
v 0.01210554 -0.00986550 -0.03143578
v 0.01186663 -0.01108103 -0.03272146
v 0.01175772 -0.01158704 -0.03319342
v 0.01491621 -0.01020101 0.02130979
v 0.01574536 -0.00986550 0.04933443
v 0.01573482 -0.00986550 0.05097816
v 0.01520431 -0.01083352 0.05097816
v 0.01463515 -0.01165854 0.05097816
v 0.01381303 -0.01274757 0.05097816
v 0.01306117 -0.01356709 0.05097816
v 0.01296280 -0.01349009 0.05262188
v 0.01213716 -0.01426561 0.05262188
v 0.01087236 -0.01519513 0.05273580
v 0.00540911 -0.01734568 0.05849696
v 0.00439727 -0.01764819 0.05756932
v 0.00439727 -0.01747769 0.05872481
v 0.00274951 -0.01763719 0.05896892
v 0.01015212 -0.01562414 0.05337050
v 0.00922460 -0.01603665 0.05426560
v 0.00769278 -0.01646566 0.05756932
v -0.00340937 -0.00492088 0.08014201
v -0.01146546 -0.00614741 0.07343693
v 0.00596422 -0.01259357 0.07234654
v 0.00535993 -0.01239556 0.07330673
v 0.00439727 -0.01247256 0.07337184
v -0.00054600 -0.00610891 0.08023966
v -0.00054600 -0.00505838 0.08106966
v -0.00207782 -0.00478338 0.08089064
v -0.00254861 -0.00371635 0.08133005
v -0.01646495 -0.00656542 0.05887128
v -0.01703762 -0.00492088 0.05756932
v -0.01704465 -0.00492088 0.05262188
v -0.01303241 -0.00446987 0.07187458
v -0.01258622 -0.00498138 0.07242791
v -0.01656332 -0.00656542 0.05262188
v -0.01623658 -0.00746194 0.05097816
v -0.01641225 -0.00669192 0.04939953
v -0.01653170 -0.00656542 0.05097816
v -0.01639820 -0.00637842 0.04767444
v -0.00632545 0.02229928 -0.04396712
v -0.00162108 0.02921845 -0.07923391
v -0.00155433 0.02908645 -0.08087762
v -0.00143488 0.02894345 -0.08178900
v -0.00163514 0.02804692 -0.08209822
v -0.00959286 0.01555062 -0.02709049
v -0.00964556 0.01579263 -0.02600010
v -0.00798374 0.01903770 -0.03581361
v -0.00802590 0.01913671 -0.03472322
v -0.01092441 0.00661290 -0.01989718
v -0.01114575 0.00661290 -0.01823718
v -0.01093846 0.00826294 -0.01989718
v -0.01050984 0.00991298 -0.02318462
v -0.01071361 0.00991298 -0.02154090
v -0.01091036 0.00991298 -0.01989718
v -0.01046416 0.01156302 -0.02318462
v -0.01065037 0.01156302 -0.02154090
v -0.01015499 0.01320756 -0.02484462
v -0.01032363 0.01320756 -0.02318462
v -0.01048173 0.01320756 -0.02154090
v -0.00991959 0.01485760 -0.02484462
v -0.01068199 -0.00162080 -0.01823718
v -0.01093144 -0.00162080 -0.01659346
v -0.01080847 0.00002924 -0.01823718
v -0.01067145 0.00167378 -0.01989718
v -0.01122304 0.00002924 -0.01550307
v -0.01125467 0.00099176 -0.01571464
v -0.01078036 0.00331832 -0.01989718
v -0.01086820 0.00496836 -0.01989718
v -0.00054600 0.02675439 -0.08317233
v -0.00054600 0.02592937 -0.08348154
v 0.00030423 0.02566537 -0.08338390
v 0.00039557 0.02474684 -0.08346527
v 0.00200468 0.01584213 -0.08343273
v -0.01208733 -0.00656542 -0.00341113
v -0.01144087 -0.00670292 -0.00848877
v -0.01212949 -0.00492088 -0.00505486
v -0.01191166 -0.00327084 -0.00835858
v -0.01185545 -0.00162080 -0.01000230
v -0.01164113 -0.00162080 -0.01164602
v -0.01139168 -0.00171430 -0.01341994
v -0.01129683 -0.00123029 -0.01436386
v -0.01117386 -0.00171430 -0.01493346
v -0.01470828 -0.00791845 0.02954468
v -0.01477152 -0.00809996 0.03118839
v -0.01464504 -0.00770395 0.02790095
v -0.01518258 -0.00656542 0.03118839
v -0.01505259 -0.00656542 0.02954468
v -0.01491908 -0.00656542 0.02790095
v -0.01474341 -0.00670842 0.02614331
v -0.01294810 -0.00754994 0.00684178
v -0.01306755 -0.00670292 0.00636982
v -0.01300782 -0.00628491 0.00482375
v -0.01538635 -0.00492088 0.02954468
v -0.01524582 -0.00492088 0.02790095
v -0.01279702 -0.00653792 0.00311493
v -0.01244920 -0.00656542 -0.00012369
v -0.01227354 -0.00656542 -0.00175114
v 0.00525453 -0.01207655 -0.08185410
v 0.01251309 0.00002924 -0.02648834
v 0.01262200 -0.00162080 -0.02648834
v 0.01271686 -0.00327084 -0.02648834
v 0.01255876 -0.00492088 -0.02813206
v 0.01192285 -0.01158704 -0.03145205
v 0.01259741 -0.00986550 -0.02648834
v 0.01274145 -0.00986550 -0.02484462
v 0.01208095 -0.01151004 -0.02977578
v 0.01287848 -0.00986550 -0.02318462
v 0.01346169 -0.00902948 -0.01740718
v 0.01350034 -0.00922748 -0.01630052
v 0.01354601 -0.00944749 -0.01494974
v 0.01337737 -0.01026701 -0.01494974
v 0.01341953 -0.01049252 -0.01328974
v 0.01395707 -0.00986550 -0.00669858
v 0.01404842 -0.00986550 -0.00505486
v 0.01438570 -0.00986550 0.00152003
v 0.01445948 -0.00986550 0.00316375
v 0.01452975 -0.00986550 0.00482375
v 0.01510945 -0.00902948 0.01231001
v 0.01512702 -0.00907898 0.01341667
v 0.01516917 -0.00920548 0.01636235
v 0.01483892 -0.00995900 0.01470235
v 0.01486000 -0.01002500 0.01636235
v 0.01488108 -0.01008551 0.01800607
v 0.01489865 -0.01014601 0.01964979
v 0.01278362 -0.00492088 -0.02648834
v 0.01299090 -0.00492088 -0.02484462
v 0.01279767 -0.00656542 -0.02648834
v 0.01256227 -0.00821546 -0.02813206
v 0.01274145 -0.00821546 -0.02648834
v 0.01227769 -0.00986550 -0.02977578
v 0.01244282 -0.00986550 -0.02813206
v 0.01645857 -0.00826496 0.04933443
v 0.01646560 -0.00832546 0.05097816
v 0.01644452 -0.00832546 0.05262188
v 0.01567158 -0.00986550 0.05262188
v 0.01516215 -0.01076752 0.05262188
v 0.01513053 -0.01071802 0.05364717
v 0.01457542 -0.01158704 0.05262188
v 0.01374979 -0.01266507 0.05262188
v 0.01365844 -0.01255507 0.05426560
v 0.01282578 -0.01337459 0.05426560
v 0.01172259 -0.01390810 0.05756932
v 0.01099181 -0.01489812 0.05426560
v 0.01089695 -0.01451311 0.05756932
v 0.00872219 -0.01576165 0.05859461
v 0.00698309 -0.01240106 0.07174438
v 0.00971296 -0.01533813 0.05756932
v 0.00888732 -0.01585515 0.05756932
v -0.00388016 -0.00332034 0.08071162
v -0.01172545 -0.00492088 0.07366477
v -0.01278648 -0.00327084 0.07301379
v -0.00491660 -0.00292983 0.08010947
v -0.00421393 -0.00162080 0.08119985
v 0.00645960 -0.01210405 0.07283477
v 0.00729226 -0.01100953 0.07351830
v 0.00596422 -0.01153754 0.07376242
v 0.00222251 -0.00587790 0.07999554
v 0.00109824 -0.00604291 0.08017456
v 0.00109824 -0.00501988 0.08098829
v 0.00109824 -0.00420036 0.08152534
v -0.00054600 -0.00423336 0.08154161
v -0.00144893 -0.00414536 0.08149280
v -0.00207782 -0.00320484 0.08163926
v -0.00313885 -0.00261632 0.08152534
v -0.01712546 -0.00327084 0.05921304
v -0.01737842 -0.00327084 0.05756932
v -0.01735734 -0.00327084 0.05262188
v -0.01698492 -0.00492088 0.05097816
v -0.01317998 -0.00327084 0.07218380
v -0.01688655 -0.00492088 0.04933443
v -0.00168081 0.02956496 -0.07428647
v -0.00807860 0.01925221 -0.03307950
v -0.01291296 0.01403808 0.02210724
v -0.00095004 0.03038998 -0.07428647
v -0.00083410 0.03027998 -0.07594647
v -0.00054600 0.02977947 -0.07923391
v -0.00054600 0.02933946 -0.08087762
v -0.00054600 0.02894895 -0.08178900
v -0.00054600 0.02804692 -0.08242371
v -0.01126872 0.01242104 -0.01420111
v -0.01130737 0.01259155 -0.01328974
v -0.01137412 0.01287755 -0.01164602
v -0.01118440 0.01369707 -0.01164602
v -0.00969123 0.01594113 -0.02484462
v -0.00943827 0.01676615 -0.02484462
v -0.00948043 0.01692565 -0.02318462
v -0.01123710 0.00496836 -0.01724444
v -0.01134601 0.00496836 -0.01641444
v -0.01153573 0.00496836 -0.01494974
v -0.01174653 0.00496836 -0.01328974
v -0.01125467 0.00661290 -0.01737463
v -0.01135655 0.00661290 -0.01656091
v -0.01114224 0.00826294 -0.01823718
v -0.01125115 0.00826294 -0.01734209
v -0.01134953 0.00826294 -0.01651209
v -0.01153222 0.00826294 -0.01494974
v -0.01110008 0.00991298 -0.01823718
v -0.01122656 0.00991298 -0.01708169
v -0.01082955 0.01156302 -0.01989718
v -0.01099468 0.01156302 -0.01823718
v -0.01121953 0.01201403 -0.01530777
v -0.01063632 0.01320756 -0.01989718
v -0.01105792 0.00002924 -0.01659346
v -0.01134250 0.00002924 -0.01468935
v -0.01153925 0.00002924 -0.01328974
v -0.01137763 0.00159678 -0.01507993
v -0.01131439 0.00331832 -0.01613777
v 0.00031125 0.02889945 -0.08174018
v 0.00053259 0.02804692 -0.08203312
v 0.00070124 0.02628688 -0.08261900
v 0.00154444 0.02639688 -0.08087762
v -0.01270216 -0.00492088 -0.00012369
v -0.01251947 -0.00492088 -0.00175114
v -0.01232623 -0.00492088 -0.00341113
v -0.01250893 -0.00327084 -0.00341113
v -0.01205922 -0.00162080 -0.00835858
v -0.01176059 0.00002924 -0.01164602
v -0.01552338 -0.00492088 0.03118839
v -0.01294810 -0.00596591 0.00363571
v -0.01563229 -0.00327084 0.02954468
v -0.01288837 -0.00559740 0.00252905
v 0.00185361 0.02647389 -0.07934783
v 0.00199063 0.02597337 -0.07885960
v 0.00982538 0.01156302 -0.03802694
v 0.01007483 0.01164002 -0.03636694
v 0.01020482 0.01114501 -0.03581361
v 0.01098127 0.00991298 -0.03143578
v 0.01137125 0.00826294 -0.02977578
v 0.01181393 0.00742142 -0.02730206
v 0.01213716 0.00496836 -0.02648834
v 0.01227067 0.00331832 -0.02648834
v 0.01239715 0.00167378 -0.02648834
v 0.01274848 0.00002924 -0.02484462
v 0.01285037 -0.00162080 -0.02484462
v 0.01293820 -0.00327084 -0.02484462
v 0.01306820 -0.00821546 -0.02318462
v 0.01348628 -0.00757194 -0.01931130
v 0.01353196 -0.00793495 -0.01823718
v 0.01359520 -0.00837496 -0.01675620
v 0.01374979 -0.00821546 -0.01494974
v 0.01469136 -0.00656542 -0.00505486
v 0.01421706 -0.00821546 -0.00835858
v 0.01432597 -0.00821546 -0.00669858
v 0.01443137 -0.00821546 -0.00505486
v 0.01452975 -0.00821546 -0.00341113
v 0.01462812 -0.00821546 -0.00175114
v 0.01472298 -0.00821546 -0.00012369
v 0.01481433 -0.00821546 0.00152003
v 0.01495135 -0.00835296 0.00482375
v 0.01498999 -0.00852347 0.00646747
v 0.01502513 -0.00868297 0.00811119
v 0.01506026 -0.00883698 0.00977119
v 0.01509188 -0.00896898 0.01141491
v 0.01755122 -0.00492088 0.04933443
v 0.01761095 -0.00492088 0.05097816
v 0.01706989 -0.00656542 0.04933443
v 0.01712259 -0.00656542 0.05097816
v 0.01677829 -0.00743994 0.04933443
v 0.01519377 -0.00926599 0.01800607
v 0.01680288 -0.00750044 0.05097816
v 0.01314198 -0.00327084 -0.02318462
v 0.01333872 -0.00327084 -0.02154090
v 0.01345115 -0.00327084 -0.02059698
v 0.01318414 -0.00492088 -0.02318462
v 0.01298739 -0.00656542 -0.02484462
v 0.01316657 -0.00656542 -0.02318462
v 0.01291010 -0.00821546 -0.02484462
v 0.01680639 -0.00750044 0.05262188
v 0.01678531 -0.00745094 0.05380991
v 0.01645857 -0.00808346 0.05431442
v 0.01548889 -0.00999200 0.05421678
v 0.01507432 -0.01063002 0.05473756
v 0.01458596 -0.01136154 0.05421678
v 0.01405545 -0.01143854 0.05756932
v 0.01339845 -0.01226356 0.05756932
v 0.01257281 -0.01308308 0.05756932
v 0.01064048 -0.01431511 0.05885500
v 0.00880651 -0.01093803 0.07200477
v 0.00768927 -0.01152104 0.07242791
v -0.01196085 -0.00327084 0.07390889
v -0.01288134 -0.00226982 0.07317654
v -0.00339181 -0.00162080 0.08163926
v -0.00352531 0.00002924 0.08173691
v -0.00435095 0.00002924 0.08124868
v -0.01121250 -0.00212131 0.07486908
v 0.00839194 -0.01058052 0.07309517
v 0.00896813 -0.00948049 0.07359967
v 0.00393000 -0.00446987 0.08012573
v 0.00262655 -0.00483288 0.08061397
v 0.00193090 -0.00409586 0.08147652
v 0.00109824 -0.00327084 0.08181828
v -0.00054600 -0.00327084 0.08185083
v -0.00219376 -0.00162080 0.08199731
v -0.01731869 -0.00162080 0.05921304
v -0.01756462 -0.00162080 0.05756932
v -0.01754003 -0.00162080 0.05426560
v -0.01752247 -0.00162080 0.05262188
v -0.01728707 -0.00327084 0.05097816
v -0.01324673 -0.00168130 0.07254183
v -0.01717465 -0.00327084 0.04933443
v -0.01292350 0.01404908 0.02668037
v -0.01292350 0.01404908 0.02724997
v -0.00951907 0.01705766 -0.02154090
v -0.01283918 0.01215154 0.00811119
v -0.01312728 0.01145302 0.00977119
v -0.01375968 0.01156302 0.02459724
v -0.01642279 0.00640390 0.05097816
v -0.01645441 0.00644790 0.05262188
v -0.01613118 0.00722892 0.05097816
v -0.01613821 0.00726742 0.05262188
v -0.01569904 0.00826294 0.05097816
v -0.01138817 0.01435709 -0.00505486
v -0.01134250 0.01425259 -0.00669858
v -0.00168432 0.02910295 -0.06274787
v -0.00160000 0.02903145 -0.06110414
v -0.00147704 0.02894345 -0.05946042
v -0.00305453 0.01735466 0.07174438
v 0.00011802 0.03054399 -0.07322863
v -0.00012440 0.03057149 -0.07428647
v -0.00000846 0.03054948 -0.07594647
v -0.01165870 0.01442859 0.04603072
v -0.01162357 0.01437909 0.04767444
v -0.01158492 0.01432959 0.04933443
v -0.01079090 0.01529211 0.04438699
v -0.01072766 0.01525361 0.04603072
v 0.00027612 0.03051648 -0.07676019
v 0.00027963 0.03051648 -0.07676019
v -0.01239650 0.00991298 -0.00505486
v -0.01201355 0.01156302 -0.00669858
v -0.01214003 0.01156302 -0.00505486
v -0.01226299 0.01156302 -0.00341113
v -0.01238596 0.01156302 -0.00175114
v -0.01153573 0.01320756 -0.00835858
v -0.01122656 0.01389508 -0.01034406
v -0.01126521 0.01404358 -0.00923740
v -0.01129331 0.01412609 -0.00835858
v -0.01147952 0.00331832 -0.01494974
v -0.01169735 0.00331832 -0.01328974
v -0.01175356 0.00661290 -0.01328974
v -0.01155330 0.00661290 -0.01494974
v -0.01189761 0.00331832 -0.01164602
v -0.01193977 0.00496836 -0.01164602
v -0.01194328 0.00661290 -0.01164602
v -0.01171843 0.00826294 -0.01328974
v -0.01189761 0.00826294 -0.01164602
v -0.01145492 0.00991298 -0.01494974
v -0.01127926 0.01091401 -0.01597503
v -0.01224543 0.00991298 -0.00669858
v -0.01163059 0.00167378 -0.01328974
v 0.00052557 0.02911945 -0.08087762
v 0.00111230 0.02804692 -0.08087762
v 0.00154795 0.02804692 -0.07923391
v -0.01284972 -0.00499238 0.00137356
v -0.01290593 -0.00406836 0.00072258
v -0.01270568 -0.00327084 -0.00175114
v -0.01255460 0.00002924 -0.00505486
v -0.01236137 0.00002924 -0.00669858
v -0.01216111 0.00002924 -0.00835858
v -0.01283216 -0.00167030 -0.00173486
v -0.01293404 -0.00115879 -0.00116526
v -0.01184139 0.00167378 -0.01164602
v -0.01576580 -0.00327084 0.03118839
v -0.01334159 -0.00492088 0.00646747
v -0.01319403 -0.00492088 0.00482375
v -0.01302539 -0.00499238 0.00311493
v -0.01619794 -0.00226982 0.03540349
v -0.01576931 -0.00162080 0.02954468
v -0.01562526 -0.00162080 0.02790095
v -0.01320808 -0.00327084 0.00316375
v -0.01296215 -0.00449737 0.00181297
v 0.00187118 0.02861344 -0.07643470
v 0.00206090 0.02805793 -0.07591391
v 0.01015564 0.01397208 -0.03382812
v 0.01010294 0.01333957 -0.03483715
v 0.01023644 0.01287206 -0.03436518
v 0.01015212 0.01223954 -0.03545557
v 0.01057372 0.01156302 -0.03307950
v 0.01122720 0.00991298 -0.02977578
v 0.01161719 0.00826294 -0.02813206
v 0.01189474 0.00826294 -0.02621167
v 0.01223905 0.00661290 -0.02484462
v 0.01196501 0.00676691 -0.02665108
v 0.01237607 0.00496836 -0.02484462
v 0.01250958 0.00331832 -0.02484462
v 0.01285388 0.00167378 -0.02318462
v 0.01296631 0.00002924 -0.02318462
v 0.01306468 -0.00162080 -0.02318462
v 0.01327197 -0.00162080 -0.02154090
v 0.01344061 -0.00656542 -0.02048306
v 0.01351790 -0.00656542 -0.01965306
v 0.01364790 -0.00656542 -0.01823718
v 0.01393599 -0.00656542 -0.01494974
v 0.01407301 -0.00656542 -0.01328974
v 0.01419949 -0.00656542 -0.01164602
v 0.01444543 -0.00656542 -0.00835858
v 0.01480379 -0.00656542 -0.00341113
v 0.01509891 -0.00555890 -0.00075840
v 0.01504972 -0.00697793 0.00152003
v 0.01508485 -0.00723094 0.00277317
v 0.01511999 -0.00742344 0.00387983
v 0.01494081 -0.00806696 0.00326140
v 0.01514458 -0.00752794 0.00482375
v 0.01518323 -0.00770395 0.00646747
v 0.01522187 -0.00785795 0.00811119
v 0.01526052 -0.00801196 0.00977119
v 0.01529565 -0.00814396 0.01141491
v 0.01798336 -0.00327084 0.05097816
v 0.01592454 -0.00656542 0.01800607
v 0.01763203 -0.00492088 0.05262188
v 0.01713313 -0.00656542 0.05262188
v 0.01351439 -0.00162080 -0.01952286
v 0.01365844 -0.00162080 -0.01823718
v 0.01384113 -0.00162080 -0.01659346
v 0.01354250 -0.00327084 -0.01976698
v 0.01346169 -0.00492088 -0.02069462
v 0.01333521 -0.00656542 -0.02154090
v 0.01701368 -0.00670842 0.05431442
v 0.01674666 -0.00735194 0.05490030
v 0.01605102 -0.00821546 0.05756932
v 0.01538700 -0.00950249 0.05756932
v 0.01487757 -0.01032751 0.05756932
v 0.01530620 -0.00935399 0.05869226
v 0.01384464 -0.01117453 0.05892010
v 0.01039806 -0.00932099 0.07200477
v 0.00943540 -0.00995350 0.07255811
v -0.01296215 -0.00116979 0.07329046
v -0.00219376 0.00002924 0.08214377
v -0.00331803 0.00136027 0.08163926
v -0.01110359 0.00208079 0.07480399
v -0.01128980 0.00098076 0.07490163
v -0.01129331 0.00002924 0.07490163
v -0.01127574 -0.00102128 0.07488536
v -0.01156384 0.00496836 0.07355085
v -0.01089631 0.00331832 0.07464124
v 0.01006429 -0.00892498 0.07311144
v 0.01048238 -0.00782495 0.07348575
v 0.00444646 -0.00317734 0.08035358
v 0.00350839 -0.00231932 0.08144397
v 0.00311841 -0.00327084 0.08126495
v 0.00229278 -0.00327084 0.08159044
v 0.00109824 -0.00162080 0.08216006
v -0.00054600 -0.00162080 0.08220887
v -0.01735734 0.00002924 0.05921304
v -0.01333808 0.00002924 0.07241164
v -0.01758571 0.00002924 0.05756932
v -0.01755057 0.00002924 0.05262188
v -0.01743463 -0.00162080 0.05097816
v -0.01731869 -0.00162080 0.04933443
v -0.01719221 -0.00162080 0.04767444
v -0.01624361 -0.00269333 0.03651015
v -0.01495070 0.00979198 0.05097816
v -0.01448342 0.01061700 0.05097816
v -0.01384400 0.01156302 0.05097816
v -0.01312728 0.01266305 0.04933443
v -0.01240704 0.01348257 0.04933443
v -0.01280054 0.01199203 0.00646747
v -0.01307809 0.01132652 0.00811119
v -0.01682331 0.00496836 0.05097816
v -0.01689709 0.00496836 0.05262188
v -0.01689709 0.00496836 0.05426560
v -0.01644036 0.00639840 0.05426560
v -0.01612064 0.00722342 0.05426560
v -0.01568850 0.00826294 0.05262188
v -0.00996878 0.01594113 0.04438699
v -0.00990203 0.01588613 0.04603072
v -0.00982474 0.01582563 0.04767444
v -0.00972988 0.01575962 0.04933443
v -0.00878830 0.01629864 0.04933443
v -0.00788186 0.01729416 0.04303622
v -0.00776592 0.01724466 0.04438699
v -0.00893235 0.01607863 0.05101071
v -0.00866533 0.01607863 0.05262188
v -0.00948745 0.01560562 0.05262188
v -0.00931881 0.01549562 0.05426560
v -0.01043606 0.01493460 0.05262188
v -0.01011634 0.01439559 0.05756932
v -0.01093846 0.01377958 0.05756932
v -0.01167275 0.01276205 0.05921304
v -0.01249839 0.01194803 0.05921304
v -0.01323619 0.01112301 0.05921304
v -0.00350072 0.01661215 0.07233027
v -0.00334965 0.01613363 0.07356712
v -0.00251699 0.01723366 0.07283477
v -0.00206025 0.01744817 0.07233027
v -0.00219376 0.01763517 0.07075164
v 0.00032531 0.03054399 -0.07322863
v -0.00054600 0.01782217 0.07075164
v 0.00036044 0.03057149 -0.07428647
v 0.00032882 0.03054948 -0.07594647
v -0.01235434 0.01343307 0.05097816
v -0.01152871 0.01427459 0.05097816
v -0.01064686 0.01520411 0.04767444
v 0.00195901 0.02892695 -0.07534431
v 0.00081015 0.02979597 -0.07742744
v 0.00079610 0.02943296 -0.07923391
v -0.01269162 0.00826294 -0.00341113
v -0.01288837 0.00882396 -0.00069330
v -0.01293404 0.00925297 0.00041337
v -0.01253001 0.00991298 -0.00341113
v -0.01280405 0.00984698 -0.00013997
v -0.01285675 0.01036949 0.00152003
v -0.01289188 0.01063350 0.00256160
v -0.01293404 0.01083150 0.00366826
v -0.01249839 0.01156302 -0.00012369
v -0.01260730 0.01156302 0.00152003
v -0.01274081 0.01145302 0.00313120
v -0.01275486 0.01180503 0.00482375
v -0.01243515 0.00167378 -0.00669858
v -0.01209084 0.00331832 -0.01000230
v -0.01262136 0.00167378 -0.00505486
v -0.01246677 0.00331832 -0.00669858
v -0.01264946 0.00331832 -0.00505486
v -0.01211895 0.00496836 -0.01000230
v -0.01265649 0.00496836 -0.00505486
v -0.01290945 0.00557338 -0.00256486
v -0.01178518 0.00991298 -0.01164602
v -0.01162357 0.00991298 -0.01328974
v -0.01278648 0.00661290 -0.00341113
v -0.01254055 0.00826294 -0.00505486
v -0.01302539 -0.00341934 0.00137356
v -0.01295512 -0.00296833 0.00028317
v -0.01286378 -0.00341934 -0.00020506
v -0.01289540 -0.00225331 -0.00080722
v -0.01287080 0.00002924 -0.00223937
v -0.01300080 -0.00167030 -0.00020506
v -0.01317295 -0.00162080 0.00152003
v -0.01309214 0.00002924 -0.00012369
v -0.01296215 0.00002924 -0.00140937
v -0.01589930 -0.00162080 0.03118839
v -0.01622253 -0.00117529 0.03512682
v -0.01579390 0.00002924 0.02954468
v -0.01566040 0.00002924 0.02790095
v -0.01551635 0.00002924 0.02625723
v -0.01536879 0.00002924 0.02459724
v -0.01522123 0.00002924 0.02295351
v -0.01431479 0.00002924 0.01305863
v -0.01325024 0.00002924 0.00152003
v -0.01332754 -0.00162080 0.00316375
v 0.01022942 0.01434059 -0.03273774
v 0.01058426 0.01320756 -0.03143578
v 0.01033130 0.01333957 -0.03320970
v 0.01103749 0.01156302 -0.02977578
v 0.01080912 0.01156302 -0.03143578
v 0.01145909 0.00991298 -0.02813206
v 0.01183853 0.00928047 -0.02585363
v 0.01208095 0.00826294 -0.02484462
v 0.01245688 0.00661290 -0.02318462
v 0.01260092 0.00496836 -0.02318462
v 0.01273092 0.00331832 -0.02318462
v 0.01294874 0.00331832 -0.02154090
v 0.01328251 0.00167378 -0.01989718
v 0.01317711 0.00002924 -0.02154090
v 0.01348628 -0.00038877 -0.01926247
v 0.01354601 -0.00492088 -0.01986463
v 0.01370762 -0.00492088 -0.01823718
v 0.01386924 -0.00492088 -0.01659346
v 0.01402383 -0.00492088 -0.01494974
v 0.01417841 -0.00492088 -0.01328974
v 0.01431894 -0.00492088 -0.01164602
v 0.01457893 -0.00492088 -0.00835858
v 0.01470893 -0.00492088 -0.00669858
v 0.01495486 -0.00492088 -0.00341113
v 0.01513404 -0.00590540 0.00034827
v 0.01501810 -0.00649942 -0.00017251
v 0.01513756 -0.00445887 -0.00129545
v 0.01517972 -0.00497588 -0.00017251
v 0.01540457 -0.00492088 0.00316375
v 0.01550997 -0.00492088 0.00482375
v 0.01517269 -0.00615291 0.00152003
v 0.01520431 -0.00663142 0.00326140
v 0.01530268 -0.00656542 0.00482375
v 0.01539051 -0.00656542 0.00646747
v 0.01547484 -0.00656542 0.00811119
v 0.01563294 -0.00656542 0.01141491
v 0.01571023 -0.00656542 0.01305863
v 0.01578401 -0.00656542 0.01470235
v 0.01585779 -0.00656542 0.01636235
v 0.01822929 -0.00162080 0.05097816
v 0.01799741 -0.00327084 0.05262188
v 0.01645155 -0.00492088 0.02295351
v 0.01758987 -0.00492088 0.05426560
v 0.01394302 0.00002924 -0.01494974
v 0.01411869 0.00002924 -0.01328974
v 0.01401328 -0.00162080 -0.01494974
v 0.01370762 -0.00327084 -0.01823718
v 0.01387978 -0.00327084 -0.01659346
v 0.01689423 -0.00609791 0.05864343
v 0.01187366 -0.00748394 0.07172811
v 0.01098830 -0.00820446 0.07241164
v -0.01211895 0.00002924 0.07413673
v -0.01297620 0.00002924 0.07330673
v -0.00054600 0.00002924 0.08232279
v -0.00054600 0.00167378 0.08209495
v -0.00233078 0.00181678 0.08181828
v -0.00297021 0.00246030 0.08146024
v -0.00957529 0.00573288 0.07486908
v -0.01040444 0.00509486 0.07446223
v -0.01183085 0.00331832 0.07382752
v -0.01204868 0.00153628 0.07403909
v -0.01294458 0.00099726 0.07327419
v -0.01134953 0.00593638 0.07332301
v -0.01268811 0.00342282 0.07244419
v -0.01280756 0.00209729 0.07301379
v 0.01158205 -0.00696143 0.07281850
v 0.01187366 -0.00586140 0.07329046
v 0.01101641 -0.00647192 0.07371359
v 0.00431646 -0.00171430 0.08097201
v 0.00371217 -0.00122479 0.08154161
v 0.00287599 -0.00171430 0.08175318
v 0.01204933 -0.00492088 0.07346947
v 0.00274951 0.00002924 0.08191593
v 0.00109824 0.00002924 0.08225770
v -0.01729059 0.00167378 0.05921304
v -0.01313079 0.00159678 0.07244419
v -0.01746977 0.00167378 0.05756932
v -0.01745922 0.00167378 0.05262188
v -0.01737491 0.00167378 0.05097816
v -0.01745220 0.00002924 0.05097816
v -0.01733977 0.00002924 0.04933443
v -0.01721681 0.00002924 0.04767444
v -0.01492962 0.00973148 0.05262188
v -0.01444127 0.01055650 0.05262188
v -0.01309214 0.01260805 0.05097816
v -0.01302539 0.01116701 0.00646747
v -0.01359104 0.00991298 0.01141491
v -0.01716411 0.00331832 0.05097816
v -0.01724140 0.00331832 0.05262188
v -0.01349969 0.00991298 0.00977119
v -0.01725194 0.00331832 0.05426560
v -0.01721681 0.00331832 0.05756932
v -0.01680575 0.00496836 0.05756932
v -0.01640522 0.00621689 0.05885500
v -0.01561472 0.00826294 0.05426560
v -0.01055551 0.01515461 0.04933443
v -0.01029904 0.01520411 0.05101071
v -0.00965609 0.01571012 0.05047365
v -0.00957529 0.01566062 0.05156404
v -0.01143033 0.01418659 0.05262188
v -0.01132845 0.01409858 0.05372854
v -0.01186599 0.01295456 0.05756932
v -0.01269162 0.01214054 0.05756932
v -0.01338024 0.01131552 0.05756932
v -0.01473639 0.00935197 0.05882245
v -0.01411804 0.00990748 0.05931069
v -0.01097360 0.00705291 0.07241164
v -0.00206025 0.01661215 0.07361595
v -0.00142082 0.01733816 0.07324164
v -0.00985636 0.00771843 0.07345320
v -0.01041849 0.00653590 0.07374614
v -0.00924152 0.00661290 0.07462496
v -0.00187053 0.00271881 0.08162299
v 0.00189577 0.02885545 -0.06212944
v 0.00194496 0.02888845 -0.06323610
v 0.00109824 0.01772317 0.07075164
v 0.00274951 0.01753067 0.07075164
v 0.00362433 0.01733816 0.07159791
v 0.00458699 0.01721166 0.07075164
v 0.00604503 0.01689815 0.07075164
v 0.00889786 0.01589163 0.07185830
v -0.00070059 0.01751417 0.07237909
v 0.00118256 0.02980147 -0.07428647
v 0.00198009 0.02892145 -0.06440786
v 0.00201171 0.02895995 -0.06605159
v 0.00202928 0.02898745 -0.06769530
v 0.00203279 0.02899845 -0.06933903
v 0.00199414 0.02897645 -0.07428647
v -0.01300080 0.01249805 0.05262188
v -0.01225245 0.01332306 0.05262188
v 0.00692688 0.02238179 -0.04297438
v 0.00688823 0.02231579 -0.04412987
v 0.00685661 0.02223328 -0.04522026
v 0.00780170 0.01980222 -0.04297438
v 0.01017672 0.01571562 -0.03070343
v 0.01011699 0.01544062 -0.03179382
v 0.01006078 0.01487960 -0.03320970
v -0.01293404 0.00772393 -0.00119781
v -0.01326078 0.00826294 0.00316375
v -0.01339429 0.00826294 0.00482375
v -0.01352428 0.00826294 0.00646747
v -0.01297972 0.00954447 0.00152003
v -0.01303241 0.01001748 0.00313120
v -0.01317295 0.00991298 0.00482375
v -0.01339780 0.00991298 0.00811119
v -0.01297269 0.01098001 0.00482375
v -0.01289540 0.00167378 -0.00245094
v -0.01290593 0.00284531 -0.00254859
v -0.01283918 0.00336232 -0.00324839
v -0.01290945 0.00394534 -0.00259741
v -0.01284269 0.00500136 -0.00324839
v -0.01288837 0.00661290 -0.00235329
v -0.01290945 0.00447885 -0.00259741
v -0.01315890 0.00331832 -0.00012369
v -0.01331700 0.00331832 0.00152003
v -0.01314484 0.00496836 -0.00012369
v -0.01329240 0.00496836 0.00152003
v -0.01323619 0.00661290 0.00152003
v -0.01296215 0.00661290 -0.00153957
v -0.01313430 0.00167378 -0.00012369
v -0.01329943 0.00167378 0.00152003
v -0.01657386 0.00002924 0.03943955
v -0.01621550 0.00096426 0.03520819
v -0.01548473 0.00167378 0.02625723
v -0.01535122 0.00167378 0.02459724
v -0.01521771 0.00167378 0.02295351
v -0.01456423 0.00261430 0.01546725
v -0.01435694 0.00167378 0.01305863
v 0.01028563 0.01487960 -0.03132186
v 0.01097425 0.01320756 -0.02813206
v 0.01078453 0.01320756 -0.02977578
v 0.01124829 0.01156302 -0.02813206
v 0.01176826 0.01037499 -0.02526775
v 0.01189825 0.00986348 -0.02476324
v 0.01229175 0.00826294 -0.02318462
v 0.01266768 0.00661290 -0.02154090
v 0.01281524 0.00496836 -0.02154090
v 0.01316306 0.00331832 -0.01989718
v 0.01342656 0.00167378 -0.01874169
v 0.01338440 0.00010624 -0.01984835
v 0.01345466 0.00071126 -0.01898581
v 0.01352142 0.00167378 -0.01792797
v 0.01356007 0.00010624 -0.01836738
v 0.01404491 -0.00327084 -0.01494974
v 0.01420652 -0.00327084 -0.01328974
v 0.01435759 -0.00327084 -0.01164602
v 0.01450164 -0.00327084 -0.01000230
v 0.01463866 -0.00327084 -0.00835858
v 0.01477568 -0.00327084 -0.00669858
v 0.01490216 -0.00327084 -0.00505486
v 0.01561186 -0.00492088 0.00646747
v 0.01539051 -0.00327084 0.00152003
v 0.01550997 -0.00327084 0.00316375
v 0.01562942 -0.00327084 0.00482375
v 0.01573834 -0.00327084 0.00646747
v 0.01570320 -0.00492088 0.00811119
v 0.01579455 -0.00492088 0.00977119
v 0.01596670 -0.00492088 0.01305863
v 0.01605102 -0.00492088 0.01470235
v 0.01613534 -0.00492088 0.01636235
v 0.01621615 -0.00492088 0.01800607
v 0.01637425 -0.00492088 0.02130979
v 0.01786742 0.00002924 0.04108328
v 0.01825389 0.00002924 0.04933443
v 0.01830659 0.00002924 0.05097816
v 0.01822578 -0.00162080 0.05262188
v 0.01670802 -0.00369985 0.02459724
v 0.01681693 -0.00288033 0.02459724
v 0.01760041 -0.00162080 0.03779583
v 0.01771283 0.00002924 0.03779583
v 0.01794823 -0.00327084 0.05426560
v 0.01728772 -0.00492088 0.05756932
v 0.01385167 0.00167378 -0.01494974
v 0.01403437 0.00167378 -0.01328974
v 0.01428733 0.00002924 -0.01164602
v 0.01417841 -0.00162080 -0.01328974
v 0.01761797 -0.00327084 0.05756932
v 0.01707341 -0.00492088 0.05896892
v 0.01351088 -0.00268233 0.07172811
v 0.01264308 -0.00492088 0.07241164
v 0.01207392 -0.00647192 0.07233027
v 0.00109824 0.00167378 0.08204612
v -0.00054600 0.00287281 0.08168809
v 0.00109824 0.00283981 0.08167182
v -0.01152519 0.00622789 0.07241164
v -0.01215057 0.00496836 0.07241164
v -0.01303241 0.00294431 0.07190713
v 0.01228472 -0.00327084 0.07372987
v 0.01242174 -0.00162080 0.07386006
v 0.00374730 0.00002924 0.08157417
v 0.00457294 0.00002924 0.08087436
v 0.01313846 -0.00324334 0.07233027
v 0.00367001 0.00100276 0.08152534
v 0.00272492 0.00160228 0.08172064
v -0.01705519 0.00331832 0.05921304
v -0.01727302 0.00167378 0.04933443
v -0.01540392 0.00826294 0.05756932
v -0.01371049 0.01156302 0.05262188
v -0.01706222 0.00331832 0.04933443
v -0.01510529 0.00836194 0.05931069
v -0.01659494 0.00502336 0.05932697
v -0.00135056 0.01733816 0.07324164
v 0.01184204 0.01406008 0.07161419
v 0.00109824 0.01748667 0.07185830
v 0.00274951 0.01739316 0.07169556
v 0.00610827 0.01625464 0.07254183
v 0.00769278 0.01612263 0.07215124
v 0.00769278 0.01542412 0.07298125
v 0.00948810 0.01492360 0.07252556
v 0.01099181 0.01437359 0.07198850
v 0.00202576 0.02900395 -0.07099903
v 0.00201522 0.02900395 -0.07264274
v 0.01363033 0.01252005 0.06416048
v 0.01367249 0.01253655 0.06251676
v 0.00490670 0.02524736 -0.04626182
v 0.00494886 0.02524185 -0.04792182
v 0.00560235 0.02440033 -0.04461810
v 0.00558478 0.02442234 -0.04626182
v 0.00554613 0.02441684 -0.04792182
v 0.00695498 0.02242029 -0.04131438
v 0.01037346 0.01770117 -0.01494974
v 0.01033833 0.01765717 -0.01659346
v 0.01027509 0.01754167 -0.01989718
v 0.01023644 0.01747017 -0.02154090
v 0.01019780 0.01739316 -0.02287541
v 0.01016266 0.01732716 -0.02398207
v 0.01013807 0.01724466 -0.02484462
v 0.01008537 0.01708516 -0.02648834
v 0.00934054 0.01815218 -0.03143578
v 0.01003267 0.01690365 -0.02813206
v 0.00996943 0.01667815 -0.02977578
v 0.00992727 0.01636464 -0.03132186
v 0.00795980 0.01980222 -0.04131438
v 0.01045778 0.01485760 -0.02977578
v 0.01021888 0.01585313 -0.02977578
v 0.01176123 0.01383458 -0.01823718
v 0.01169448 0.01355407 -0.01989718
v 0.01190177 0.01272905 -0.01989718
v 0.01184555 0.01250905 -0.02100384
v -0.01338024 0.00661290 0.00316375
v -0.01379481 0.00661290 0.00811119
v -0.01392129 0.00661290 0.00977119
v -0.01364725 0.00826294 0.00811119
v -0.01376319 0.00826294 0.00977119
v -0.01386859 0.00826294 0.01141491
v -0.01420236 0.00331832 0.01141491
v -0.01343645 0.00496836 0.00316375
v -0.01501745 0.00331832 0.02130979
v -0.01488395 0.00331832 0.01964979
v -0.01434289 0.00331832 0.01305863
v 0.01114640 0.01320756 -0.02648834
v 0.01196501 0.01164552 -0.02155717
v 0.01189123 0.01112301 -0.02318462
v 0.01183501 0.01084250 -0.02417736
v 0.01144503 0.01156302 -0.02648834
v 0.01208095 0.00991298 -0.02318462
v 0.01249201 0.00826294 -0.02154090
v 0.01287145 0.00661290 -0.01989718
v 0.01302604 0.00496836 -0.01989718
v 0.01348628 0.00276281 -0.01761875
v 0.01434003 -0.00162080 -0.01164602
v 0.01449110 -0.00162080 -0.01000230
v 0.01463866 -0.00162080 -0.00835858
v 0.01491270 -0.00162080 -0.00505486
v 0.01543268 -0.00162080 0.00152003
v 0.01555916 -0.00162080 0.00316375
v 0.01584022 -0.00327084 0.00811119
v 0.01603697 -0.00327084 0.01141491
v 0.01675369 -0.00229732 0.02225371
v 0.01678180 -0.00263282 0.02334410
v 0.01567861 -0.00162080 0.00482375
v 0.01590346 -0.00162080 0.00811119
v 0.01601238 -0.00162080 0.00977119
v 0.01711205 0.00002924 0.02625723
v 0.01668694 -0.00321584 0.02285587
v 0.01783931 0.00167378 0.04108328
v 0.01760743 0.00167378 0.03613584
v 0.01820822 0.00167378 0.04933443
v 0.01823281 0.00167378 0.05097816
v 0.01829605 0.00002924 0.05262188
v 0.01823983 0.00002924 0.05426560
v 0.01816254 -0.00162080 0.05426560
v 0.01702422 -0.00162080 0.02625723
v 0.01738258 0.00002924 0.03118839
v 0.01744933 0.00167378 0.03284839
v 0.01373925 0.00331832 -0.01494974
v 0.01391491 0.00331832 -0.01328974
v 0.01420301 0.00167378 -0.01164602
v 0.01444543 0.00002924 -0.01000230
v 0.01780769 -0.00162080 0.05756932
v 0.01748095 -0.00162080 0.05921304
v 0.01718583 -0.00334234 0.05935951
v 0.01356358 -0.00162080 0.07189085
v 0.01324386 -0.00162080 0.07272086
v 0.00216279 0.00267481 0.08159044
v 0.00560235 0.01578163 0.07333928
v 0.00439727 0.01590263 0.07343693
v 0.01369708 0.00991298 0.07348575
v 0.01360222 0.01091401 0.07338811
v -0.01455369 0.00571638 0.01724117
v -0.01514393 0.00331832 0.02295351
v 0.01007834 0.01395558 0.07317654
v 0.01378492 0.01120551 0.07241164
v 0.01332818 0.01222854 0.07075164
v 0.00670202 0.01562762 0.07317654
v 0.00898218 0.01429109 0.07342065
v 0.01428733 0.01156302 0.06251676
v 0.01391140 0.01140352 0.07075164
v 0.01517620 0.01083700 0.04767444
v 0.01519728 0.01087001 0.04603072
v 0.01462461 0.01170603 0.04438699
v 0.01332116 0.01383458 0.02790095
v 0.01330359 0.01381808 0.02954468
v 0.00988862 0.01858119 -0.01164602
v 0.01333170 0.01384558 0.02625723
v 0.01333872 0.01385658 0.02459724
v 0.00988862 0.01855919 -0.01328974
v 0.00988511 0.01852619 -0.01494974
v 0.01040157 0.01773417 -0.01328974
v 0.01182447 0.01569912 -0.00287408
v 0.01180691 0.01566612 -0.00398074
v 0.01178934 0.01563312 -0.00505486
v 0.01176475 0.01557812 -0.00669858
v 0.01173664 0.01550662 -0.00835858
v 0.01169799 0.01540762 -0.01000230
v 0.01208797 0.01468160 -0.00835858
v 0.01203879 0.01458810 -0.01000230
v 0.01062642 0.01650764 -0.02154090
v 0.01143449 0.01485760 -0.01823718
v 0.01131504 0.01485760 -0.01989718
v 0.01180339 0.01398308 -0.01717934
v 0.01118856 0.01485760 -0.02154090
v 0.01028563 0.01607863 -0.02813206
v 0.01349682 0.01085350 -0.00627544
v 0.01197555 0.01300956 -0.01823718
v 0.01345115 0.01067750 -0.00736583
v 0.01244985 0.01156302 -0.01659346
v 0.01230580 0.01156302 -0.01823718
v 0.01214770 0.01156302 -0.01989718
v 0.01178583 0.01225054 -0.02211051
v -0.01386859 0.00496836 0.00811119
v -0.01400912 0.00496836 0.00977119
v -0.01427614 0.00496836 0.01305863
v 0.01261849 0.00991298 -0.01823718
v 0.01244985 0.00991298 -0.01989718
v 0.01227067 0.00991298 -0.02154090
v 0.01268524 0.00826294 -0.01989718
v 0.01306468 0.00661290 -0.01823718
v 0.01322278 0.00496836 -0.01823718
v 0.01343710 0.00386283 -0.01721189
v 0.01357763 0.00506186 -0.01504738
v 0.01459650 0.00002924 -0.00835858
v 0.01474055 0.00002924 -0.00669858
v 0.01488108 0.00002924 -0.00505486
v 0.01501810 0.00002924 -0.00341113
v 0.01509891 0.00002924 -0.00243467
v 0.01528863 0.00002924 -0.00012369
v 0.01554862 0.00002924 0.00316375
v 0.01567158 0.00002924 0.00482375
v 0.01579104 0.00002924 0.00646747
v 0.01692936 -0.00162080 0.02459724
v 0.01590346 0.00002924 0.00811119
v 0.01601589 0.00002924 0.00977119
v 0.01700314 0.00002924 0.02459724
v 0.01678882 0.00134927 0.02174920
v 0.01696449 0.00167378 0.02459724
v 0.01706989 0.00167378 0.02625723
v 0.01716826 0.00167378 0.02790095
v 0.01736150 0.00167378 0.03118839
v 0.01720691 0.00002924 0.02790095
v 0.01747041 0.00331832 0.03613584
v 0.01774445 0.00331832 0.04272700
v 0.01794471 0.00331832 0.04767444
v 0.01801147 0.00331832 0.04933443
v 0.01754068 0.00331832 0.03779583
v 0.01803606 0.00331832 0.05097816
v 0.01820119 0.00167378 0.05262188
v 0.01814497 0.00167378 0.05426560
v 0.01785337 0.00002924 0.05756932
v 0.01738961 0.00331832 0.03449211
v 0.01377438 0.00496836 -0.01328974
v 0.01408355 0.00331832 -0.01164602
v 0.01451569 0.00167378 -0.00835858
v 0.01467028 0.00167378 -0.00669858
v 0.01755473 0.00002924 0.05921304
v 0.01415733 0.00991298 0.07241164
v 0.01263957 0.01128252 0.07358340
v 0.00769278 0.01459910 0.07361595
v 0.01440327 0.00991298 0.07075164
v 0.01680288 0.00753692 0.05097816
v 0.01641641 0.00836194 0.05097816
v 0.01566456 0.00991298 0.04933443
v 0.01515161 0.01079850 0.04933443
v 0.01681342 0.00595839 0.05854579
v 0.01702071 0.00644790 0.05426560
v 0.01677477 0.00747642 0.05200345
v 0.01569969 0.00991298 0.04767444
v 0.01520431 0.01088651 0.04438699
v 0.01333872 0.01385658 0.02295351
v 0.01333521 0.01384008 0.01964979
v 0.01333170 0.01382908 0.01800607
v 0.01332467 0.01381808 0.01636235
v 0.01042265 0.01775617 -0.01164602
v 0.01331764 0.01379608 0.01470235
v 0.01185609 0.01574862 -0.00012369
v 0.01183853 0.01572112 -0.00175114
v 0.01330710 0.01376308 0.01305863
v 0.01378492 0.01297106 0.01470235
v 0.01375330 0.01293806 0.01305863
v 0.01372168 0.01288855 0.01141491
v 0.01365492 0.01278405 0.00811119
v 0.01362331 0.01272355 0.00646747
v 0.01358466 0.01265205 0.00482375
v 0.01354250 0.01256955 0.00316375
v 0.01350034 0.01247604 0.00152003
v 0.01198258 0.01446709 -0.01164602
v 0.01347223 0.01241004 0.00052729
v 0.01158205 0.01472560 -0.01662601
v 0.01274145 0.01320756 -0.00669858
v 0.01344061 0.01231104 -0.00056310
v 0.01335278 0.01202503 -0.00341113
v 0.01330359 0.01183803 -0.00505486
v 0.01354250 0.01101301 -0.00505486
v 0.01417139 0.00991298 -0.00012369
v 0.01405193 0.00991298 -0.00175114
v 0.01392897 0.00991298 -0.00341113
v 0.01380249 0.00991298 -0.00505486
v 0.01363384 0.01003949 -0.00677995
v 0.01358114 0.00964898 -0.00835858
v 0.01278362 0.00991298 -0.01659346
v 0.01346872 0.00911546 -0.01088112
v 0.01305414 0.00826294 -0.01659346
v 0.01287145 0.00826294 -0.01823718
v 0.01325440 0.00661290 -0.01659346
v 0.01345115 0.00567238 -0.01568209
v 0.01339845 0.00506186 -0.01662601
v 0.01481433 0.00167378 -0.00505486
v 0.01514107 0.00138777 -0.00129545
v 0.01548186 0.00167378 0.00316375
v 0.01560834 0.00167378 0.00482375
v 0.01573131 0.00167378 0.00646747
v 0.01585076 0.00167378 0.00811119
v 0.01607562 0.00167378 0.01141491
v 0.01683801 0.00181128 0.02280704
v 0.01675721 0.00244930 0.02217234
v 0.01679234 0.00280131 0.02327900
v 0.01720340 0.00331832 0.03118839
v 0.01729826 0.00331832 0.03284839
v 0.01721394 0.00496836 0.03613584
v 0.01751257 0.00496836 0.04438699
v 0.01756879 0.00496836 0.04603072
v 0.01761797 0.00496836 0.04767444
v 0.01766365 0.00496836 0.04933443
v 0.01728069 0.00496836 0.03779583
v 0.01734042 0.00496836 0.03943955
v 0.01768121 0.00496836 0.05097816
v 0.01799039 0.00331832 0.05262188
v 0.01789553 0.00331832 0.05426560
v 0.01752663 0.00331832 0.05756932
v 0.01774445 0.00167378 0.05756932
v 0.01745636 0.00167378 0.05921304
v 0.01676423 0.00416534 0.02536214
v 0.01713313 0.00496836 0.03449211
v 0.01351439 0.00621139 -0.01457542
v 0.01393950 0.00496836 -0.01164602
v 0.01425571 0.00496836 -0.00835858
v 0.01439624 0.00331832 -0.00835858
v 0.01455083 0.00331832 -0.00669858
v 0.01469839 0.00331832 -0.00505486
v 0.01715070 0.00661290 0.05097816
v 0.01682045 0.00758093 0.04933443
v 0.01644803 0.00840595 0.04933443
v 0.01750555 0.00496836 0.05426560
v 0.01762500 0.00496836 0.05262188
v 0.01702071 0.00673940 0.05258933
v 0.01571374 0.00991298 0.04603072
v 0.01571374 0.00991298 0.04438699
v 0.01520080 0.01088101 0.04272700
v 0.01384816 0.01303156 0.02295351
v 0.01385167 0.01303156 0.02459724
v 0.01333872 0.01384558 0.02130979
v 0.01384464 0.01302606 0.02130979
v 0.01383410 0.01301506 0.01964979
v 0.01382356 0.01300406 0.01800607
v 0.01380951 0.01299306 0.01636235
v 0.01458596 0.01156302 0.01964979
v 0.01455083 0.01156302 0.01800607
v 0.01451218 0.01156302 0.01636235
v 0.01445597 0.01156302 0.01470235
v 0.01438570 0.01156302 0.01305863
v 0.01416436 0.01156302 0.00811119
v 0.01408355 0.01156302 0.00646747
v 0.01399572 0.01156302 0.00482375
v 0.01390086 0.01156302 0.00316375
v 0.01380600 0.01156302 0.00152003
v 0.01367249 0.01168403 -0.00005859
v 0.01360574 0.01120551 -0.00341113
v 0.01366195 0.01137052 -0.00175114
v 0.01438921 0.00991298 0.00316375
v 0.01487757 0.00826294 0.00482375
v 0.01476514 0.00826294 0.00316375
v 0.01464569 0.00826294 0.00152003
v 0.01425922 0.00826294 -0.00341113
v 0.01321576 0.00826294 -0.01494974
v 0.01411869 0.00826294 -0.00505486
v 0.01397464 0.00826294 -0.00669858
v 0.01367601 0.00826294 -0.01000230
v 0.01353898 0.00824094 -0.01151582
v 0.01344764 0.00730592 -0.01394072
v 0.01340899 0.00670090 -0.01504738
v 0.01483892 0.00331832 -0.00341113
v 0.01510945 0.00248230 -0.00092114
v 0.01495135 0.00167378 -0.00341113
v 0.01519728 0.00183328 -0.00028644
v 0.01535187 0.00167378 0.00152003
v 0.01537646 0.00331832 0.00316375
v 0.01562942 0.00331832 0.00646747
v 0.01524998 0.00331832 0.00152003
v 0.01574536 0.00331832 0.00811119
v 0.01585779 0.00331832 0.00977119
v 0.01559077 0.00496836 0.00811119
v 0.01580158 0.00496836 0.01141491
v 0.01670451 0.00333482 0.02280704
v 0.01682396 0.00333482 0.02472743
v 0.01691530 0.00331832 0.02625723
v 0.01673261 0.00389584 0.02425547
v 0.01556618 0.00826294 0.01636235
v 0.01686612 0.00618939 0.03449211
v 0.01690828 0.00632689 0.03613584
v 0.01693990 0.00643690 0.03779583
v 0.01696800 0.00651390 0.03943955
v 0.01702773 0.00661290 0.04272700
v 0.01706989 0.00661290 0.04438699
v 0.01710854 0.00661290 0.04603072
v 0.01714367 0.00661290 0.04767444
v 0.01717178 0.00661290 0.04933443
v 0.01600535 0.00496836 0.01470235
v 0.01578050 0.00661290 0.01470235
v 0.01587887 0.00661290 0.01636235
v 0.01596670 0.00661290 0.01800607
v 0.01358114 0.00670090 -0.01335484
v 0.01406598 0.00661290 -0.00835858
v 0.01440678 0.00496836 -0.00669858
v 0.01469487 0.00496836 -0.00341113
v 0.01511647 0.00418734 0.00064121
v 0.01681342 0.00756443 0.04767444
v 0.01645857 0.00838945 0.04767444
v 0.01570320 0.00991298 0.04272700
v 0.01519025 0.01087001 0.03943955
v 0.01519728 0.01087551 0.04108328
v 0.01518323 0.01085901 0.03779583
v 0.01517269 0.01084800 0.03613584
v 0.01516215 0.01083150 0.03449211
v 0.01461407 0.01156302 0.02130979
v 0.01565050 0.00991298 0.03779583
v 0.01505675 0.01057300 0.02130979
v 0.01503918 0.01051250 0.01964979
v 0.01501459 0.01044099 0.01800607
v 0.01498999 0.01035299 0.01636235
v 0.01495838 0.01023199 0.01470235
v 0.01491973 0.01007799 0.01305863
v 0.01469839 0.00991298 0.00811119
v 0.01460353 0.00991298 0.00646747
v 0.01449813 0.00991298 0.00482375
v 0.01501459 0.00860945 0.00811119
v 0.01514107 0.00758643 0.00684178
v 0.01510593 0.00739392 0.00575139
v 0.01507432 0.00717392 0.00482375
v 0.01503567 0.00659640 0.00304983
v 0.01450515 0.00661290 -0.00341113
v 0.01491270 0.00661290 0.00152003
v 0.01477919 0.00661290 -0.00012369
v 0.01349682 0.00767993 -0.01285033
v 0.01436462 0.00661290 -0.00505486
v 0.01421706 0.00661290 -0.00669858
v 0.01497945 0.00331832 -0.00175114
v 0.01514809 0.00331832 0.00025062
v 0.01535890 0.00496836 0.00482375
v 0.01547835 0.00496836 0.00646747
v 0.01515161 0.00455585 0.00152003
v 0.01510593 0.00574388 0.00241513
v 0.01514458 0.00603539 0.00350552
v 0.01537295 0.00661290 0.00811119
v 0.01547835 0.00661290 0.00977119
v 0.01547132 0.00826294 0.01470235
v 0.01509539 0.00900546 0.01087785
v 0.01512702 0.00914296 0.01196824
v 0.01515863 0.00925297 0.01305863
v 0.01520782 0.00940697 0.01470235
v 0.01563996 0.00826294 0.01800607
v 0.01667991 0.00715191 0.03613584
v 0.01524998 0.00953347 0.01636235
v 0.01670802 0.00726192 0.03779583
v 0.01694693 0.00675590 0.04122975
v 0.01674666 0.00739942 0.04079033
v 0.01676072 0.00744342 0.04188072
v 0.01677126 0.00746542 0.04272700
v 0.01678882 0.00750942 0.04438699
v 0.01680288 0.00754242 0.04603072
v 0.01517972 0.00778443 0.00811119
v 0.01507080 0.00538087 0.00152003
v 0.01483541 0.00496836 -0.00175114
v 0.01645155 0.00836744 0.04603072
v 0.01568915 0.00991298 0.04108328
v 0.01567158 0.00991298 0.03943955
v 0.01514809 0.01080950 0.03284839
v 0.01644452 0.00833444 0.04438699
v 0.01643749 0.00829044 0.04272700
v 0.01638830 0.00826294 0.03943955
v 0.01634966 0.00826294 0.03779583
v 0.01672910 0.00733892 0.03943955
v 0.01528160 0.00962147 0.01800607
v 0.01478973 0.00991298 0.00977119
v 0.01506377 0.00885146 0.00977119
v 0.01523944 0.00675040 0.00636982
v 0.01521485 0.00510586 0.00304983
v 0.01522890 0.00802644 0.00977119
f 804 655 805
f 250 138 133
f 249 378 250
f 250 133 249
f 1004 1006 1005
f 993 1004 1136
f 534 532 401
f 662 532 534
f 662 663 532
f 1137 1004 984
f 282 281 283
f 83 42 82
f 10 41 33
f 845 846 678
f 678 844 845
f 678 846 679
f 1021 1143 1015
f 1017 1020 1019
f 1017 1016 1015
f 22 2 21
f 9 10 1
f 55 133 138
f 132 133 54
f 1247 1329 1246
f 1142 1020 1149
f 1149 1241 1142
f 1007 1012 1122
f 962 1006 1124
f 1006 1004 1124
f 1124 993 962
f 668 534 667
f 667 666 668
f 534 666 667
f 665 666 534
f 978 987 1138
f 82 171 172
f 172 173 82
f 40 41 10
f 1136 1004 982
f 402 401 532
f 532 663 535
f 663 682 535
f 535 402 532
f 535 679 680
f 678 679 535
f 1152 1024 1142
f 1152 1153 1024
f 1246 1153 1152
f 1152 1247 1246
f 1153 1249 1250
f 948 949 783
f 401 402 278
f 83 179 116
f 169 83 82
f 169 278 279
f 169 282 283
f 281 282 169
f 169 280 281
f 459 583 584
f 583 736 584
f 572 583 459
f 459 434 572
f 572 434 571
f 333 434 459
f 44 42 11
f 11 33 44
f 10 33 11
f 1 10 11
f 11 12 1
f 44 33 72
f 72 33 41
f 42 92 93
f 86 87 42
f 42 87 88
f 809 808 980
f 660 805 655
f 655 530 660
f 394 391 268
f 1008 845 844
f 1141 1021 1008
f 1008 1122 1141
f 1007 1122 1008
f 843 844 678
f 843 1006 962
f 962 1009 843
f 843 1008 844
f 1007 1008 843
f 843 1012 1007
f 833 678 832
f 837 838 678
f 816 682 663
f 853 826 686
f 1029 1002 999
f 1024 849 1023
f 849 1014 1023
f 1142 1024 1023
f 1023 1014 1142
f 1013 1020 1142
f 1142 1014 1013
f 846 845 848
f 848 1021 1015
f 845 1008 848
f 848 1008 1021
f 848 679 846
f 1015 1016 847
f 847 848 1015
f 679 848 847
f 1016 1017 847
f 1019 1020 847
f 1020 1013 847
f 847 1014 849
f 847 1013 1014
f 1015 1143 1144
f 1144 1017 1015
f 1143 1021 1144
f 1144 1021 1141
f 1141 1017 1144
f 1020 1017 1146
f 1244 1147 1146
f 1146 1147 1020
f 1 2 3
f 3 4 1
f 6 7 1
f 24 3 2
f 4 3 24
f 266 147 265
f 1 15 16
f 15 55 56
f 56 55 138
f 14 54 55
f 14 15 1
f 14 55 15
f 133 55 134
f 134 54 133
f 55 54 134
f 135 126 130
f 135 54 126
f 1142 1241 1238
f 1020 1147 1148
f 1148 1147 1241
f 1148 1149 1020
f 1241 1149 1148
f 246 247 132
f 376 375 249
f 132 247 248
f 247 375 248
f 375 376 248
f 248 376 249
f 248 133 132
f 248 249 133
f 377 259 378
f 377 375 259
f 378 249 377
f 249 375 377
f 1237 1128 1233
f 1130 1128 1237
f 1010 1009 962
f 1010 843 1009
f 957 1010 962
f 254 138 250
f 254 255 138
f 250 378 254
f 378 259 254
f 259 255 254
f 138 255 139
f 139 56 138
f 146 265 147
f 264 265 146
f 141 58 144
f 144 257 141
f 268 269 151
f 96 42 95
f 841 1004 1005
f 1005 1006 841
f 1001 999 1002
f 984 1004 1003
f 1004 841 1003
f 1003 841 1002
f 1028 1002 1029
f 984 1003 1028
f 1028 1003 1002
f 1004 993 1139
f 1139 1124 1004
f 993 1124 1139
f 674 665 534
f 697 665 674
f 817 665 697
f 666 665 817
f 1180 1239 1181
f 666 817 818
f 82 173 174
f 174 175 82
f 173 175 174
f 82 175 176
f 176 169 82
f 280 169 176
f 175 293 176
f 41 40 76
f 274 397 399
f 399 397 396
f 161 76 75
f 534 401 533
f 533 664 534
f 546 408 545
f 669 820 821
f 668 820 669
f 669 534 668
f 663 662 672
f 672 812 663
f 672 662 534
f 534 671 672
f 824 982 812
f 812 672 824
f 824 672 671
f 1004 1137 983
f 983 982 1004
f 983 1137 984
f 686 535 685
f 675 535 686
f 536 535 681
f 681 535 680
f 1243 1152 1142
f 1247 1152 1243
f 1024 1153 1154
f 1153 1252 1154
f 1154 1252 1155
f 1359 1270 1358
f 1358 1270 1268
f 850 854 688
f 1032 1169 1170
f 1388 1311 1314
f 1109 939 1108
f 1324 1318 1400
f 1324 1230 1229
f 1229 1318 1324
f 405 278 404
f 279 278 405
f 404 278 403
f 403 278 402
f 403 535 536
f 402 535 403
f 42 83 84
f 83 116 84
f 583 572 713
f 434 333 332
f 462 463 334
f 334 333 462
f 462 333 461
f 42 46 43
f 43 46 12
f 43 11 42
f 12 11 43
f 47 46 42
f 42 84 47
f 47 84 116
f 12 46 47
f 91 93 92
f 91 92 42
f 85 42 44
f 44 86 85
f 85 86 42
f 113 86 44
f 87 86 113
f 123 124 51
f 239 124 123
f 120 121 50
f 50 123 51
f 838 837 1000
f 1000 1001 838
f 999 1001 1000
f 1029 999 851
f 984 1028 851
f 851 1028 1029
f 851 816 984
f 686 685 684
f 684 685 535
f 816 851 684
f 1018 1017 1019
f 1019 847 1018
f 1018 847 1017
f 1244 1146 1145
f 1145 1017 1141
f 1145 1146 1017
f 22 21 62
f 21 61 62
f 60 61 21
f 19 59 60
f 141 61 60
f 60 58 141
f 60 59 58
f 5 4 7
f 7 6 5
f 1 4 5
f 5 6 1
f 22 4 23
f 4 24 23
f 23 2 22
f 23 24 2
f 25 4 22
f 148 147 266
f 148 64 147
f 26 27 7
f 7 4 26
f 4 25 26
f 26 25 64
f 35 36 10
f 38 76 40
f 75 76 38
f 10 34 31
f 31 35 10
f 7 29 8
f 8 29 30
f 30 31 8
f 1 7 8
f 8 9 1
f 10 9 8
f 19 2 18
f 58 59 17
f 17 59 19
f 19 18 17
f 1 16 17
f 17 2 1
f 17 18 2
f 15 56 57
f 57 56 58
f 57 16 15
f 58 17 57
f 57 17 16
f 45 49 13
f 49 50 13
f 13 50 51
f 137 54 136
f 54 135 136
f 136 135 130
f 130 244 136
f 51 124 125
f 130 126 52
f 126 54 52
f 127 128 52
f 52 13 51
f 51 125 52
f 52 125 127
f 940 939 1105
f 1105 1110 940
f 1221 1110 1105
f 1104 1219 1105
f 1105 939 1104
f 1314 1311 1217
f 1220 1105 1219
f 1221 1105 1220
f 1229 1221 1220
f 1220 1318 1229
f 1246 1331 1332
f 1246 1329 1330
f 1330 1331 1246
f 1392 1315 1313
f 1395 1315 1392
f 1392 1475 1395
f 1142 1238 1242
f 1242 1243 1142
f 1247 1243 1242
f 1326 1238 1241
f 132 54 131
f 131 246 132
f 131 54 137
f 245 375 247
f 247 246 245
f 245 131 137
f 246 131 245
f 635 636 501
f 633 782 635
f 635 782 783
f 783 784 635
f 635 784 636
f 637 636 639
f 639 503 637
f 501 636 637
f 374 503 504
f 373 503 374
f 783 949 785
f 785 784 783
f 639 636 785
f 636 784 785
f 137 136 253
f 253 136 252
f 253 245 137
f 253 381 375
f 375 245 253
f 259 375 384
f 375 507 384
f 638 503 639
f 639 507 638
f 962 993 1125
f 993 1140 1126
f 1126 975 964
f 969 968 1128
f 1128 1130 969
f 843 1010 1011
f 1010 957 1011
f 1245 1326 1241
f 1241 1147 1245
f 1245 1147 1244
f 1244 1327 1245
f 1141 1236 1235
f 1235 1145 1141
f 1244 1145 1235
f 1235 1327 1244
f 58 56 140
f 56 139 140
f 264 146 258
f 258 151 264
f 141 257 258
f 258 146 141
f 257 144 143
f 143 144 58
f 842 843 678
f 678 841 842
f 1006 843 842
f 842 841 1006
f 839 1001 1002
f 678 838 839
f 838 1001 839
f 1180 1179 1281
f 534 664 673
f 673 674 534
f 664 674 673
f 819 989 987
f 986 989 819
f 819 818 986
f 666 818 819
f 668 666 819
f 819 820 668
f 821 820 990
f 806 804 974
f 974 976 806
f 804 805 974
f 805 975 974
f 993 821 992
f 1184 1138 1044
f 1044 1138 987
f 987 989 1044
f 986 818 985
f 985 989 986
f 1045 989 985
f 985 868 1045
f 985 818 817
f 817 868 985
f 292 175 173
f 292 293 175
f 280 176 294
f 294 293 429
f 294 176 293
f 109 203 204
f 325 203 202
f 202 203 108
f 108 203 109
f 108 109 44
f 41 76 77
f 77 76 163
f 447 400 531
f 396 397 271
f 271 397 272
f 272 159 271
f 271 269 268
f 271 159 269
f 274 399 398
f 655 527 526
f 526 530 655
f 391 394 526
f 526 394 530
f 268 391 392
f 391 526 392
f 392 526 527
f 656 527 655
f 656 804 806
f 656 655 804
f 806 807 656
f 149 151 158
f 158 151 269
f 269 159 158
f 163 161 164
f 163 76 162
f 162 161 163
f 76 161 162
f 160 159 272
f 160 161 75
f 408 546 409
f 409 533 401
f 409 278 408
f 401 278 409
f 664 533 547
f 547 674 664
f 533 409 547
f 547 409 546
f 697 674 547
f 547 546 697
f 671 669 822
f 822 821 993
f 822 669 821
f 670 671 534
f 534 669 670
f 670 669 671
f 993 824 823
f 823 824 671
f 823 822 993
f 671 822 823
f 994 824 993
f 982 824 994
f 994 993 1136
f 1136 982 994
f 812 982 813
f 982 983 813
f 663 812 813
f 686 826 825
f 825 675 686
f 826 675 825
f 831 830 829
f 829 997 832
f 832 678 829
f 678 831 829
f 678 535 677
f 536 681 687
f 283 281 413
f 281 412 413
f 284 169 283
f 285 169 284
f 562 541 563
f 696 817 697
f 696 868 817
f 696 546 545
f 697 546 696
f 543 694 544
f 691 543 542
f 691 692 543
f 864 989 1045
f 864 1044 989
f 693 694 543
f 543 692 693
f 1273 1363 1364
f 1368 1277 1275
f 1273 1275 1274
f 1274 1275 1177
f 1269 1169 1268
f 1268 1270 1269
f 1269 1270 1169
f 1169 1270 1271
f 1480 1481 1405
f 1520 1517 1555
f 1518 1517 1520
f 1460 1518 1520
f 1153 1250 1251
f 1251 1252 1153
f 1251 1250 1249
f 1155 1252 1251
f 1359 1435 1360
f 1360 1270 1359
f 1361 1270 1360
f 1253 1256 1157
f 1022 850 849
f 849 1026 1022
f 1255 1254 1337
f 1337 1251 1249
f 1254 1251 1337
f 1485 1486 1410
f 1410 1475 1485
f 1427 1497 1428
f 1468 1388 1467
f 1548 1547 1537
f 1495 1494 1548
f 1548 1494 1547
f 1471 1392 1470
f 1312 1388 1313
f 1311 1388 1312
f 1313 1217 1312
f 1312 1217 1311
f 1467 1388 1466
f 1466 1468 1467
f 1107 939 1106
f 1108 939 1107
f 467 336 466
f 601 469 600
f 601 602 469
f 337 338 213
f 213 336 337
f 337 336 467
f 768 939 940
f 768 615 769
f 616 615 768
f 338 469 339
f 213 338 339
f 939 1109 1102
f 1102 1216 1215
f 1109 1216 1102
f 1222 1109 1108
f 780 948 783
f 495 631 496
f 631 495 630
f 1118 1230 1232
f 1232 1233 1118
f 1118 1233 1131
f 948 1117 1118
f 1119 948 1118
f 1118 1131 1119
f 230 120 227
f 230 231 120
f 233 234 120
f 634 635 501
f 633 635 634
f 498 497 496
f 633 634 498
f 334 463 357
f 357 335 334
f 688 569 538
f 538 687 688
f 539 540 404
f 539 569 540
f 404 538 539
f 539 538 569
f 711 569 688
f 278 406 407
f 545 408 407
f 408 278 407
f 542 543 407
f 407 541 542
f 407 544 545
f 543 544 407
f 286 169 285
f 287 406 278
f 278 169 287
f 169 286 287
f 298 332 331
f 298 297 434
f 434 332 298
f 117 116 179
f 114 47 117
f 117 47 116
f 571 434 432
f 432 570 571
f 569 570 432
f 460 333 459
f 461 333 460
f 459 591 592
f 591 745 592
f 586 587 459
f 854 733 732
f 732 713 854
f 732 733 583
f 583 713 732
f 44 72 102
f 167 168 80
f 185 91 184
f 87 113 180
f 212 119 209
f 114 117 209
f 209 117 212
f 115 119 49
f 115 45 114
f 115 49 45
f 114 209 115
f 115 209 119
f 213 339 214
f 229 336 213
f 213 119 229
f 122 121 239
f 239 123 122
f 122 50 121
f 123 50 122
f 49 119 118
f 118 50 49
f 120 50 118
f 222 223 118
f 118 221 222
f 220 221 118
f 225 226 118
f 227 120 118
f 118 226 227
f 217 218 118
f 118 214 215
f 118 119 213
f 213 214 118
f 120 234 235
f 235 121 120
f 979 980 808
f 808 807 979
f 979 807 978
f 978 807 977
f 976 990 977
f 806 976 977
f 977 807 806
f 977 987 978
f 809 980 981
f 809 981 810
f 892 728 891
f 891 1061 892
f 891 981 1061
f 891 810 981
f 836 1000 837
f 678 835 836
f 836 837 678
f 999 1000 836
f 826 853 995
f 683 535 682
f 683 684 535
f 682 816 683
f 816 684 683
f 145 62 61
f 146 62 145
f 145 61 141
f 141 146 145
f 63 146 147
f 63 62 146
f 22 62 63
f 63 25 22
f 147 64 63
f 64 25 63
f 19 60 20
f 20 60 21
f 20 2 19
f 20 21 2
f 7 27 28
f 28 29 7
f 264 151 267
f 266 265 267
f 267 265 264
f 65 26 64
f 27 26 65
f 64 148 65
f 30 29 68
f 75 36 74
f 36 35 74
f 74 160 75
f 39 40 10
f 10 38 39
f 39 38 40
f 10 36 37
f 37 38 10
f 37 36 75
f 75 38 37
f 32 34 10
f 10 8 32
f 32 31 34
f 32 8 31
f 54 14 48
f 48 13 54
f 127 125 241
f 241 125 124
f 54 13 53
f 53 52 54
f 13 52 53
f 940 1110 942
f 1116 1117 948
f 1229 1230 1116
f 1230 1117 1116
f 1116 1221 1229
f 1116 1110 1221
f 1396 1315 1395
f 1316 1315 1396
f 1104 1217 1218
f 1218 1219 1104
f 1218 1316 1219
f 1218 1315 1316
f 1313 1315 1218
f 1218 1217 1313
f 1317 1396 1397
f 1316 1396 1317
f 1397 1398 1317
f 1219 1316 1317
f 1317 1220 1219
f 1318 1220 1317
f 1248 1331 1249
f 1248 1332 1331
f 1248 1249 1153
f 1248 1153 1246
f 1246 1332 1248
f 1395 1475 1409
f 1410 1329 1409
f 1409 1475 1410
f 1391 1392 1313
f 1470 1392 1391
f 1474 1392 1473
f 1475 1392 1474
f 1537 1475 1474
f 1473 1535 1474
f 1247 1242 1328
f 501 637 502
f 502 637 503
f 503 373 502
f 243 373 374
f 243 244 130
f 380 509 381
f 380 253 252
f 381 253 380
f 506 509 508
f 506 638 507
f 506 507 375
f 375 381 506
f 381 509 506
f 508 509 379
f 509 380 379
f 379 380 252
f 794 959 795
f 795 645 794
f 645 789 794
f 963 1125 993
f 993 1126 963
f 963 1126 964
f 964 794 963
f 962 1125 963
f 963 794 962
f 1119 966 1120
f 1120 948 1119
f 949 948 1120
f 1119 1131 971
f 971 966 1119
f 949 1120 965
f 965 1120 966
f 953 802 973
f 270 258 257
f 395 394 270
f 270 394 268
f 268 151 270
f 151 258 270
f 512 394 395
f 530 394 512
f 1012 843 956
f 956 955 1012
f 789 955 956
f 843 1011 956
f 956 1011 957
f 957 789 956
f 262 143 261
f 58 140 142
f 142 143 58
f 98 99 42
f 82 42 101
f 410 294 429
f 280 294 410
f 281 280 410
f 203 325 327
f 327 204 203
f 186 308 309
f 724 725 580
f 310 186 309
f 309 308 436
f 326 323 202
f 1002 841 840
f 840 839 1002
f 840 841 678
f 678 839 840
f 1185 1067 1066
f 581 729 730
f 730 715 581
f 581 725 724
f 728 729 581
f 581 727 728
f 724 580 581
f 887 882 730
f 886 882 887
f 721 886 887
f 1038 1039 859
f 1038 1179 1180
f 1180 1039 1038
f 988 990 820
f 988 819 987
f 820 819 988
f 987 977 988
f 988 977 990
f 976 974 1134
f 1134 974 975
f 1134 1140 993
f 1134 1126 1140
f 975 1126 1134
f 1182 1181 1239
f 292 426 427
f 427 567 429
f 425 426 292
f 565 427 426
f 202 323 324
f 324 325 202
f 44 106 107
f 107 108 44
f 319 200 318
f 105 106 44
f 201 200 319
f 201 105 200
f 106 105 201
f 201 107 106
f 202 108 201
f 108 107 201
f 658 807 808
f 808 659 658
f 661 808 809
f 661 659 808
f 809 810 661
f 661 810 727
f 531 659 661
f 393 392 527
f 393 399 396
f 396 271 393
f 393 271 268
f 268 392 393
f 273 164 161
f 161 160 273
f 273 160 272
f 272 397 273
f 273 397 274
f 274 164 273
f 984 816 815
f 815 816 663
f 814 983 984
f 814 813 983
f 984 815 814
f 663 813 814
f 814 815 663
f 676 829 830
f 676 830 831
f 676 831 678
f 678 677 676
f 535 675 676
f 676 677 535
f 1057 1056 1179
f 876 1056 1057
f 1045 868 867
f 868 696 867
f 694 696 695
f 695 544 694
f 695 696 545
f 545 544 695
f 542 541 690
f 690 691 542
f 692 691 863
f 863 693 692
f 864 693 863
f 691 690 863
f 694 693 865
f 865 693 864
f 876 875 1050
f 704 875 876
f 704 557 700
f 700 703 704
f 1370 1368 1442
f 1369 1277 1370
f 1277 1368 1370
f 590 591 459
f 1373 1371 1449
f 1441 1363 1440
f 1441 1364 1363
f 1442 1368 1366
f 1366 1441 1442
f 1366 1275 1273
f 1532 1531 1551
f 1532 1497 1496
f 1496 1427 1495
f 1497 1427 1496
f 1499 1432 1431
f 1499 1500 1432
f 1502 1525 1553
f 1177 1275 1276
f 1276 1277 1177
f 1275 1277 1276
f 1175 1270 1273
f 1273 1274 1175
f 1175 1034 1174
f 1174 1271 1175
f 1175 1271 1270
f 1272 1174 1170
f 1272 1271 1174
f 1170 1169 1272
f 1169 1271 1272
f 1404 1480 1405
f 1405 1321 1404
f 1404 1321 1320
f 1481 1480 1448
f 1449 1371 1448
f 1448 1480 1449
f 1519 1520 1555
f 1555 1517 1519
f 1484 1408 1483
f 1460 1520 1521
f 1341 1256 1253
f 1263 1352 1353
f 1357 1358 1268
f 1357 1355 1358
f 1155 1026 1025
f 1024 1154 1025
f 1025 1154 1155
f 1025 849 1024
f 1025 1026 849
f 1158 1157 1159
f 1150 1157 1151
f 1026 1157 1150
f 1151 1022 1150
f 1150 1022 1026
f 1255 1253 1156
f 1253 1157 1156
f 1156 1254 1255
f 1156 1026 1155
f 1156 1157 1026
f 1155 1251 1156
f 1156 1251 1254
f 854 850 1027
f 850 1022 1027
f 1027 1022 1151
f 1027 1030 854
f 1159 1030 1027
f 1027 1158 1159
f 1151 1157 1027
f 1157 1158 1027
f 1031 1032 854
f 854 1030 1031
f 1418 1337 1417
f 1419 1337 1418
f 1537 1547 1538
f 1538 1475 1537
f 1538 1485 1475
f 1425 1494 1495
f 1493 1494 1425
f 1486 1485 1542
f 1485 1538 1542
f 1532 1470 1469
f 1389 1468 1469
f 1470 1391 1469
f 1530 1531 1532
f 1530 1468 1531
f 1532 1469 1530
f 1530 1469 1468
f 1394 1468 1389
f 1389 1313 1394
f 1536 1548 1537
f 1535 1548 1536
f 1537 1474 1536
f 1536 1474 1535
f 1472 1535 1473
f 1473 1392 1472
f 1392 1471 1472
f 1533 1470 1532
f 1533 1471 1470
f 1310 1388 1314
f 1310 1319 1388
f 1314 1217 1310
f 1310 1217 1215
f 1215 1216 1310
f 1386 1401 1387
f 1401 1319 1387
f 1531 1468 1529
f 1468 1466 1529
f 1402 1466 1388
f 1388 1319 1402
f 1402 1319 1401
f 1203 1087 1202
f 1213 1212 1211
f 776 946 947
f 628 597 492
f 915 777 776
f 776 947 915
f 915 947 1083
f 776 777 627
f 627 777 628
f 920 1087 1088
f 1087 1203 1088
f 468 466 469
f 468 469 338
f 338 337 468
f 467 466 468
f 468 337 467
f 767 615 614
f 766 769 767
f 769 615 767
f 613 612 766
f 613 767 614
f 766 767 613
f 470 339 469
f 340 339 472
f 215 214 340
f 340 214 339
f 217 118 216
f 216 118 215
f 216 218 217
f 224 223 222
f 225 118 224
f 224 118 223
f 1104 939 1103
f 939 1102 1103
f 1103 1217 1104
f 1215 1217 1103
f 1103 1102 1215
f 1208 1222 1209
f 1108 1107 1209
f 1209 1222 1108
f 1300 1208 1213
f 1300 1222 1208
f 1109 1222 1223
f 948 780 779
f 779 780 631
f 631 630 779
f 781 780 783
f 783 782 781
f 781 782 633
f 940 942 770
f 616 768 770
f 770 768 940
f 1231 1117 1230
f 1230 1118 1231
f 1231 1118 1117
f 222 350 351
f 351 481 482
f 477 613 614
f 355 226 225
f 120 231 232
f 232 233 120
f 231 233 232
f 622 749 772
f 596 749 622
f 622 487 596
f 486 487 358
f 358 357 486
f 486 357 463
f 486 596 487
f 463 462 486
f 462 596 486
f 624 772 773
f 537 538 404
f 687 538 537
f 404 403 537
f 537 403 536
f 536 687 537
f 856 711 688
f 854 713 856
f 712 570 569
f 569 711 712
f 712 713 572
f 712 856 713
f 711 856 712
f 712 572 571
f 571 570 712
f 421 407 406
f 406 287 421
f 563 541 421
f 541 407 421
f 418 560 419
f 419 287 418
f 418 287 286
f 285 284 418
f 418 286 285
f 420 287 419
f 420 562 563
f 563 421 420
f 420 421 287
f 297 298 178
f 178 298 210
f 178 179 83
f 178 117 179
f 210 117 178
f 212 117 211
f 211 117 210
f 210 298 211
f 211 298 331
f 331 332 211
f 211 332 333
f 211 333 334
f 334 335 211
f 434 297 433
f 433 432 434
f 540 569 430
f 569 432 430
f 404 540 430
f 595 462 461
f 595 596 462
f 593 460 459
f 459 592 593
f 593 592 745
f 459 584 585
f 585 586 459
f 584 586 585
f 81 72 41
f 81 154 72
f 41 80 81
f 168 154 81
f 81 80 168
f 72 154 155
f 155 154 168
f 197 102 196
f 196 318 197
f 157 102 72
f 168 196 157
f 157 196 102
f 103 102 197
f 44 102 103
f 163 164 79
f 79 80 41
f 165 164 274
f 165 79 164
f 80 79 165
f 185 184 304
f 183 304 184
f 90 91 42
f 90 184 91
f 44 109 110
f 110 111 44
f 112 113 44
f 44 111 112
f 181 180 113
f 181 88 87
f 87 180 181
f 228 357 358
f 335 357 228
f 212 211 228
f 228 211 335
f 228 119 212
f 228 229 119
f 220 346 347
f 347 221 220
f 220 118 219
f 219 118 218
f 219 346 220
f 219 345 346
f 218 345 219
f 236 237 121
f 121 235 236
f 236 235 237
f 368 235 234
f 496 497 368
f 500 634 501
f 1199 1225 1113
f 1199 1288 1289
f 1202 1085 1201
f 1201 1291 1202
f 1226 1225 1320
f 1320 1321 1226
f 1113 1225 1226
f 1226 1227 1113
f 1321 1227 1226
f 1406 1321 1405
f 1323 1408 1376
f 1451 1452 1376
f 1291 1323 1376
f 913 912 1079
f 1135 981 980
f 1135 979 978
f 980 979 1135
f 1135 1182 1239
f 978 1138 1135
f 890 891 728
f 810 891 890
f 728 727 890
f 727 810 890
f 834 836 835
f 834 835 678
f 678 833 834
f 852 995 853
f 852 853 686
f 686 684 852
f 852 851 999
f 852 684 851
f 826 995 827
f 827 675 826
f 995 852 996
f 999 836 996
f 996 852 999
f 69 31 30
f 30 68 69
f 29 28 67
f 67 68 29
f 67 28 27
f 149 68 67
f 73 74 35
f 73 158 159
f 159 160 73
f 160 74 73
f 371 241 370
f 370 500 371
f 948 942 1111
f 1111 1116 948
f 1111 942 1110
f 1110 1116 1111
f 1413 1396 1395
f 1395 1409 1413
f 1413 1412 1397
f 1397 1396 1413
f 1318 1317 1399
f 1399 1317 1398
f 1400 1318 1399
f 1412 1413 1334
f 1333 1328 1398
f 1333 1398 1397
f 1397 1412 1333
f 1412 1334 1333
f 1247 1328 1333
f 1333 1334 1247
f 1325 1242 1238
f 1325 1328 1242
f 1325 1238 1237
f 1230 1324 1325
f 1325 1324 1400
f 1232 1230 1325
f 1400 1399 1325
f 1237 1233 1325
f 1325 1233 1232
f 1398 1328 1325
f 1325 1399 1398
f 501 502 372
f 372 502 373
f 371 500 372
f 372 500 501
f 373 243 242
f 242 241 371
f 127 241 242
f 371 372 242
f 242 372 373
f 129 243 130
f 130 52 129
f 129 52 128
f 129 242 243
f 129 128 127
f 127 242 129
f 503 638 505
f 638 506 505
f 505 506 508
f 508 379 505
f 505 504 503
f 374 504 505
f 505 379 374
f 251 243 374
f 374 379 251
f 244 243 251
f 251 379 252
f 252 136 251
f 251 136 244
f 968 969 799
f 799 971 968
f 966 971 799
f 797 966 967
f 797 648 796
f 649 648 797
f 797 965 966
f 796 965 797
f 958 789 957
f 958 794 789
f 958 957 962
f 962 794 958
f 960 791 959
f 790 791 645
f 959 791 790
f 790 645 795
f 795 959 790
f 1131 1233 1127
f 1127 971 1131
f 1127 1233 1128
f 1128 968 1127
f 968 971 1127
f 640 507 639
f 796 648 647
f 647 640 639
f 949 965 950
f 950 965 796
f 950 785 949
f 950 796 785
f 383 270 257
f 395 270 383
f 383 512 395
f 511 512 383
f 803 802 953
f 513 383 510
f 954 1122 1012
f 1012 955 954
f 1237 1238 1132
f 791 960 961
f 961 975 805
f 964 975 961
f 961 960 959
f 961 794 964
f 959 794 961
f 642 660 530
f 530 512 642
f 261 143 260
f 143 142 260
f 259 386 260
f 260 142 259
f 257 143 263
f 263 262 257
f 143 262 263
f 256 140 139
f 256 142 140
f 259 142 256
f 256 255 259
f 256 139 255
f 192 98 191
f 191 98 188
f 190 98 96
f 42 96 97
f 97 98 42
f 96 98 97
f 42 99 100
f 100 101 42
f 99 101 100
f 170 171 82
f 82 101 170
f 170 172 171
f 170 290 172
f 429 567 568
f 710 568 567
f 698 568 710
f 699 698 710
f 872 703 871
f 94 190 96
f 185 186 94
f 94 96 95
f 94 91 185
f 93 91 94
f 95 42 94
f 42 93 94
f 307 186 185
f 725 581 731
f 731 581 715
f 312 186 311
f 186 310 311
f 881 715 730
f 730 882 881
f 881 882 715
f 884 886 721
f 884 882 886
f 309 436 306
f 306 435 309
f 306 436 308
f 185 304 306
f 306 307 185
f 308 186 306
f 186 307 306
f 1185 1066 1189
f 1280 1281 1179
f 1185 1189 1280
f 1280 1189 1281
f 717 885 871
f 721 885 717
f 579 447 531
f 531 661 579
f 893 1066 1067
f 1067 894 893
f 893 728 892
f 893 729 728
f 893 894 729
f 976 1134 991
f 991 990 976
f 993 992 991
f 991 1134 993
f 821 990 991
f 991 992 821
f 1184 1044 1183
f 1183 1138 1184
f 1183 1135 1138
f 1182 1135 1183
f 859 1039 1040
f 1040 1039 1180
f 1180 1181 1040
f 1181 1182 1040
f 173 172 291
f 172 290 291
f 291 292 173
f 291 425 292
f 293 292 428
f 292 427 428
f 429 293 428
f 428 427 429
f 451 327 325
f 325 324 451
f 451 324 323
f 450 327 451
f 277 398 400
f 400 318 277
f 320 201 319
f 320 321 201
f 319 318 444
f 400 447 444
f 202 201 322
f 201 321 322
f 322 326 202
f 323 326 322
f 322 451 323
f 450 451 322
f 449 450 322
f 322 321 447
f 657 656 807
f 807 658 657
f 528 658 659
f 528 393 527
f 528 657 658
f 527 656 528
f 656 657 528
f 811 661 727
f 529 659 531
f 399 393 529
f 529 528 659
f 393 528 529
f 529 398 399
f 531 400 529
f 400 398 529
f 997 829 828
f 829 676 828
f 828 996 997
f 828 676 675
f 675 827 828
f 828 827 995
f 995 996 828
f 700 557 556
f 556 555 700
f 555 556 415
f 415 556 557
f 417 418 284
f 560 418 417
f 419 560 561
f 561 420 419
f 562 420 561
f 1043 1183 1044
f 1182 1183 1043
f 1044 864 1043
f 864 863 1043
f 866 696 694
f 694 865 866
f 866 867 696
f 1045 867 866
f 866 864 1045
f 866 865 864
f 1054 1067 1185
f 1185 1056 1054
f 1033 1034 854
f 854 1032 1033
f 1032 1172 1033
f 1171 1032 1170
f 1171 1172 1032
f 1170 1174 1171
f 1174 1034 1171
f 1171 1033 1172
f 1034 1033 1171
f 900 733 854
f 1069 1193 1070
f 1070 900 1069
f 901 900 1070
f 587 586 588
f 459 587 588
f 588 739 740
f 740 590 588
f 744 745 591
f 1290 1199 1289
f 1225 1199 1290
f 1320 1225 1290
f 1287 1288 1197
f 1403 1373 1449
f 1449 1480 1403
f 1403 1404 1320
f 1480 1404 1403
f 1072 1193 1195
f 1197 1288 1198
f 1198 1199 1077
f 1288 1199 1198
f 1074 1196 1197
f 1503 1438 1436
f 1436 1438 1363
f 1361 1360 1436
f 1502 1503 1436
f 1367 1368 1275
f 1275 1366 1367
f 1367 1366 1368
f 1364 1441 1365
f 1441 1366 1365
f 1273 1364 1365
f 1365 1366 1273
f 1498 1551 1531
f 1531 1499 1498
f 1498 1497 1532
f 1532 1551 1498
f 1428 1497 1498
f 1534 1496 1535
f 1471 1533 1534
f 1535 1472 1534
f 1534 1472 1471
f 1549 1548 1535
f 1535 1496 1549
f 1495 1548 1549
f 1549 1496 1495
f 1501 1500 1552
f 1432 1500 1501
f 1434 1435 1359
f 1450 1408 1484
f 1451 1376 1450
f 1450 1376 1408
f 1457 1516 1484
f 1484 1455 1457
f 1451 1516 1457
f 1305 1306 1213
f 1278 1277 1369
f 1176 1175 1274
f 1034 1175 1176
f 1176 1274 1177
f 1177 1034 1176
f 1481 1448 1512
f 1508 1521 1520
f 1508 1441 1507
f 1508 1507 1554
f 1554 1521 1508
f 1442 1441 1508
f 1540 1483 1520
f 1540 1519 1484
f 1520 1519 1540
f 1482 1483 1408
f 1520 1483 1513
f 1483 1482 1513
f 1257 1258 1159
f 1159 1157 1257
f 1257 1157 1256
f 1160 1030 1159
f 1159 1258 1160
f 1491 1492 1423
f 1347 1427 1348
f 1351 1352 1263
f 1428 1352 1351
f 1351 1350 1428
f 1265 1353 1354
f 1263 1353 1265
f 1268 1169 1167
f 1032 1031 1165
f 1165 1031 1030
f 1030 1164 1165
f 1486 1415 1411
f 1331 1330 1411
f 1410 1486 1411
f 1411 1329 1410
f 1411 1330 1329
f 1426 1427 1347
f 1347 1425 1426
f 1495 1427 1426
f 1426 1425 1495
f 1547 1494 1546
f 1494 1542 1546
f 1546 1538 1547
f 1546 1542 1538
f 1488 1487 1490
f 1545 1494 1493
f 1493 1492 1545
f 1545 1492 1494
f 1389 1469 1390
f 1390 1469 1391
f 1390 1313 1389
f 1390 1391 1313
f 1388 1468 1393
f 1468 1394 1393
f 1313 1388 1393
f 1393 1394 1313
f 1466 1402 1479
f 1460 1521 1522
f 1522 1521 1554
f 1461 1523 1476
f 1460 1522 1461
f 1461 1522 1523
f 934 1099 1100
f 1100 1099 1106
f 1086 1087 920
f 1202 1087 1086
f 1086 1085 1202
f 1084 917 1083
f 1304 1305 1213
f 465 336 464
f 465 466 336
f 465 492 597
f 464 336 364
f 336 229 364
f 919 1086 920
f 1085 1086 919
f 919 1084 1085
f 777 915 750
f 628 777 750
f 598 597 628
f 628 750 598
f 466 465 598
f 598 465 597
f 926 923 922
f 758 757 602
f 924 757 758
f 758 923 926
f 926 927 758
f 1090 1207 1208
f 1208 1209 1090
f 930 924 1090
f 1090 932 930
f 930 932 931
f 931 932 761
f 934 761 933
f 761 932 933
f 933 1097 934
f 933 932 1096
f 1096 1097 933
f 930 931 759
f 759 605 757
f 472 339 471
f 339 470 471
f 471 605 472
f 603 470 469
f 469 602 603
f 602 757 603
f 341 340 472
f 215 340 341
f 341 216 215
f 342 216 341
f 352 353 225
f 225 224 352
f 352 224 222
f 222 351 352
f 352 351 482
f 1309 1223 1222
f 1309 1300 1213
f 1222 1300 1309
f 778 779 630
f 778 942 948
f 948 779 778
f 631 780 632
f 780 781 632
f 632 781 633
f 633 498 632
f 496 631 632
f 632 498 496
f 629 630 495
f 495 494 629
f 366 233 231
f 231 230 366
f 234 233 366
f 493 494 366
f 479 351 350
f 616 617 479
f 479 615 616
f 614 615 479
f 221 347 348
f 482 481 620
f 481 619 620
f 225 353 354
f 354 355 225
f 226 355 356
f 356 355 230
f 227 226 356
f 356 230 227
f 623 487 622
f 623 624 487
f 622 772 623
f 772 624 623
f 625 624 776
f 487 624 625
f 775 946 776
f 776 624 775
f 688 854 855
f 855 856 688
f 854 856 855
f 295 405 404
f 404 430 295
f 279 405 295
f 747 912 913
f 746 912 747
f 749 596 748
f 596 595 748
f 913 749 748
f 748 747 913
f 595 747 748
f 72 155 156
f 156 157 72
f 156 155 168
f 168 157 156
f 197 318 198
f 198 103 197
f 44 103 104
f 104 105 44
f 200 105 104
f 78 77 163
f 163 79 78
f 41 77 78
f 78 79 41
f 167 80 166
f 166 165 167
f 80 165 166
f 182 183 88
f 303 183 182
f 88 181 182
f 305 183 303
f 304 183 305
f 303 306 305
f 305 306 304
f 89 183 184
f 184 90 89
f 89 90 42
f 42 88 89
f 88 183 89
f 205 110 109
f 111 110 205
f 205 112 111
f 205 204 328
f 109 204 205
f 359 360 229
f 359 228 358
f 229 228 359
f 488 359 358
f 360 359 488
f 358 487 488
f 487 625 488
f 944 943 1113
f 943 944 774
f 946 775 774
f 774 947 946
f 774 624 773
f 774 775 624
f 1112 1082 1081
f 1112 943 1082
f 1113 943 1112
f 1112 1199 1113
f 1081 1199 1112
f 1291 1201 1228
f 1228 1323 1291
f 1114 1227 1228
f 1407 1408 1323
f 1407 1406 1405
f 1405 1482 1407
f 1407 1482 1408
f 1322 1227 1321
f 1321 1406 1322
f 1323 1228 1322
f 1322 1228 1227
f 1322 1407 1323
f 1406 1407 1322
f 1205 1088 1204
f 1204 1088 1203
f 1451 1457 1378
f 1378 1457 1455
f 1202 1291 1292
f 1291 1376 1292
f 1294 1203 1202
f 773 772 914
f 1081 1082 914
f 914 772 749
f 914 774 773
f 914 749 913
f 913 1079 914
f 1082 943 914
f 943 774 914
f 1180 1281 1282
f 1061 981 1062
f 981 1135 1062
f 892 1061 1062
f 836 834 998
f 998 996 836
f 997 996 998
f 832 997 998
f 998 833 832
f 998 834 833
f 35 31 71
f 71 73 35
f 27 65 66
f 66 67 27
f 66 65 148
f 66 151 149
f 149 67 66
f 240 124 239
f 240 241 124
f 240 370 241
f 235 368 369
f 369 240 235
f 370 240 369
f 369 368 497
f 497 498 369
f 1329 1247 1335
f 1247 1334 1335
f 1335 1409 1329
f 970 799 969
f 967 966 798
f 966 799 798
f 798 799 649
f 798 797 967
f 649 797 798
f 786 647 639
f 796 647 786
f 639 785 786
f 785 796 786
f 516 648 649
f 516 647 648
f 788 803 953
f 788 955 789
f 953 954 788
f 788 954 955
f 389 262 261
f 262 389 390
f 972 970 969
f 972 973 802
f 802 970 972
f 1327 1235 1234
f 1234 1245 1327
f 1326 1245 1234
f 1238 1326 1234
f 1234 1132 1238
f 641 512 511
f 641 642 512
f 642 641 646
f 194 101 99
f 194 170 101
f 703 702 870
f 699 702 551
f 551 702 703
f 551 550 699
f 551 703 700
f 869 717 871
f 718 717 869
f 869 870 702
f 871 703 869
f 703 870 869
f 875 704 874
f 874 704 703
f 549 698 699
f 699 550 549
f 188 94 187
f 187 94 186
f 187 186 312
f 189 94 188
f 190 94 189
f 188 98 189
f 98 190 189
f 726 580 725
f 725 731 726
f 580 726 582
f 582 726 731
f 192 191 317
f 438 311 310
f 720 884 721
f 715 882 883
f 882 884 883
f 301 306 303
f 435 306 301
f 301 299 435
f 1179 1056 1186
f 1186 1280 1179
f 1186 1056 1185
f 1185 1280 1186
f 448 579 449
f 447 579 448
f 449 322 448
f 448 322 447
f 454 450 449
f 449 579 454
f 454 327 450
f 454 579 581
f 581 579 723
f 723 579 661
f 661 811 723
f 727 581 723
f 723 811 727
f 729 898 899
f 899 898 887
f 730 729 899
f 899 887 730
f 889 885 721
f 871 885 889
f 721 887 888
f 887 898 888
f 888 889 721
f 729 894 895
f 895 896 729
f 895 894 1067
f 1067 896 895
f 897 898 729
f 729 896 897
f 897 896 1067
f 424 291 422
f 425 291 424
f 422 291 289
f 290 170 289
f 289 291 290
f 167 277 276
f 276 277 318
f 276 168 167
f 276 196 168
f 318 196 276
f 167 165 275
f 275 277 167
f 275 165 274
f 274 398 275
f 398 277 275
f 319 444 446
f 446 320 319
f 321 320 446
f 447 321 446
f 446 444 447
f 445 318 400
f 400 444 445
f 445 444 318
f 414 554 555
f 555 415 414
f 414 413 412
f 412 554 414
f 283 413 414
f 414 415 283
f 416 284 283
f 416 417 284
f 283 415 416
f 558 415 557
f 558 416 415
f 417 416 558
f 1179 1038 1037
f 1037 1057 1179
f 1042 1043 863
f 862 863 690
f 862 1042 863
f 1067 1054 1060
f 1060 897 1067
f 898 897 1060
f 1060 888 898
f 1055 1056 876
f 876 1054 1055
f 1055 1054 1056
f 1053 1054 876
f 1053 1060 1054
f 1369 1371 1283
f 1371 1284 1283
f 1283 1278 1369
f 1069 900 1068
f 735 736 583
f 1194 1070 1193
f 738 904 739
f 738 588 586
f 739 588 738
f 736 904 738
f 589 590 459
f 459 588 589
f 589 588 590
f 591 590 743
f 743 744 591
f 910 746 745
f 1289 1288 1375
f 1375 1290 1289
f 1072 1195 1073
f 1073 1195 1196
f 1196 1074 1073
f 1196 1195 1286
f 1373 1287 1286
f 1197 1196 1286
f 1286 1287 1197
f 1197 1198 1075
f 1075 1198 908
f 1075 1074 1197
f 908 907 1075
f 1075 907 1074
f 745 744 909
f 909 910 745
f 742 907 908
f 908 909 742
f 742 909 744
f 744 743 742
f 742 743 590
f 1072 1073 906
f 1074 907 906
f 906 1073 1074
f 1502 1436 1437
f 1437 1434 1502
f 1435 1434 1437
f 1437 1360 1435
f 1437 1436 1360
f 1362 1363 1273
f 1362 1436 1363
f 1273 1270 1362
f 1362 1270 1361
f 1361 1436 1362
f 1428 1498 1429
f 1429 1352 1428
f 1430 1499 1431
f 1430 1498 1499
f 1430 1429 1498
f 1430 1431 1354
f 1354 1353 1430
f 1430 1353 1352
f 1352 1429 1430
f 1550 1533 1532
f 1550 1534 1533
f 1532 1496 1550
f 1496 1534 1550
f 1526 1466 1525
f 1526 1527 1466
f 1526 1525 1502
f 1502 1501 1526
f 1501 1527 1526
f 1552 1500 1528
f 1528 1501 1552
f 1528 1527 1501
f 1528 1499 1531
f 1500 1499 1528
f 1466 1527 1528
f 1531 1529 1528
f 1528 1529 1466
f 1433 1501 1502
f 1502 1434 1433
f 1432 1501 1433
f 1506 1441 1440
f 1507 1441 1506
f 1554 1507 1506
f 1506 1522 1554
f 1523 1522 1506
f 1439 1506 1440
f 1505 1506 1439
f 1440 1363 1439
f 1363 1438 1439
f 1484 1516 1515
f 1515 1450 1484
f 1515 1516 1451
f 1451 1450 1515
f 1306 1305 1384
f 1384 1459 1460
f 1191 1283 1284
f 1278 1283 1191
f 1069 1190 1191
f 1191 1190 1279
f 1173 1190 1069
f 1069 1068 1173
f 1279 1190 1178
f 1190 1173 1178
f 1177 1277 1178
f 1277 1278 1178
f 1178 1191 1279
f 1278 1191 1178
f 1178 1034 1177
f 1178 1173 1034
f 1481 1512 1446
f 1370 1445 1446
f 1443 1371 1369
f 1369 1370 1443
f 1443 1448 1371
f 1443 1512 1448
f 1510 1511 1442
f 1442 1508 1510
f 1520 1511 1510
f 1510 1508 1520
f 1484 1483 1541
f 1541 1540 1484
f 1483 1540 1541
f 1509 1511 1520
f 1520 1513 1509
f 1442 1511 1509
f 1514 1513 1482
f 1481 1446 1514
f 1445 1513 1514
f 1514 1446 1445
f 1444 1513 1445
f 1444 1370 1442
f 1444 1445 1370
f 1258 1257 1342
f 1342 1257 1256
f 1259 1160 1258
f 1347 1348 1259
f 1341 1423 1343
f 1256 1341 1343
f 1343 1342 1256
f 1421 1339 1418
f 1421 1488 1490
f 1421 1490 1491
f 1489 1488 1421
f 1421 1417 1489
f 1418 1417 1421
f 1338 1419 1418
f 1338 1253 1255
f 1338 1339 1253
f 1255 1337 1338
f 1337 1419 1338
f 1428 1350 1349
f 1349 1427 1428
f 1349 1348 1427
f 1163 1164 1030
f 1030 1162 1163
f 1163 1162 1263
f 1163 1265 1164
f 1030 1160 1161
f 1161 1162 1030
f 1169 1032 1168
f 1168 1167 1169
f 1032 1167 1168
f 1166 1167 1032
f 1032 1165 1166
f 1164 1265 1266
f 1266 1165 1164
f 1266 1265 1354
f 1331 1411 1336
f 1336 1411 1415
f 1249 1331 1336
f 1336 1337 1249
f 1336 1415 1337
f 1416 1415 1486
f 1486 1487 1416
f 1337 1415 1416
f 1416 1417 1337
f 1489 1417 1416
f 1416 1488 1489
f 1487 1488 1416
f 1491 1490 1543
f 1490 1487 1543
f 1486 1542 1543
f 1543 1487 1486
f 1523 1506 1477
f 1477 1506 1505
f 1401 1476 1477
f 1476 1523 1477
f 1462 1461 1465
f 1465 1476 1401
f 1465 1461 1476
f 1465 1401 1386
f 1386 1464 1465
f 1098 1099 934
f 934 1097 1098
f 1106 939 941
f 939 768 941
f 1205 1299 1210
f 1210 1299 1211
f 1205 1204 1297
f 1203 1296 1297
f 1297 1204 1203
f 752 919 753
f 754 598 753
f 753 598 752
f 920 754 753
f 753 919 920
f 917 750 916
f 916 750 915
f 1083 917 916
f 916 915 1083
f 918 750 917
f 919 750 918
f 917 1084 918
f 1084 919 918
f 751 919 752
f 751 750 919
f 752 598 751
f 751 598 750
f 599 754 600
f 599 598 754
f 600 469 599
f 469 466 599
f 466 598 599
f 1089 1091 926
f 926 922 1089
f 1089 922 1088
f 1089 1088 1205
f 1205 1091 1089
f 1094 1212 1213
f 1094 1211 1212
f 920 1088 921
f 1088 922 921
f 921 754 920
f 921 922 754
f 756 922 923
f 923 758 756
f 756 758 602
f 756 601 600
f 602 601 756
f 1095 1209 1096
f 1095 1090 1209
f 1096 932 1095
f 932 1090 1095
f 930 759 925
f 925 759 757
f 925 924 930
f 925 757 924
f 760 931 761
f 760 759 931
f 761 605 760
f 605 759 760
f 761 763 762
f 762 609 761
f 761 609 608
f 609 475 608
f 604 471 470
f 470 603 604
f 605 471 604
f 757 605 604
f 604 603 757
f 473 341 472
f 342 341 473
f 345 475 476
f 346 345 476
f 476 477 346
f 612 613 476
f 613 477 476
f 344 345 218
f 344 475 345
f 218 216 344
f 1223 1309 1308
f 1308 1309 1213
f 1308 1387 1319
f 1386 1387 1308
f 621 629 494
f 621 494 493
f 482 620 621
f 621 620 619
f 367 368 234
f 234 366 367
f 496 368 367
f 367 495 496
f 367 494 495
f 367 366 494
f 481 351 480
f 351 479 480
f 480 619 481
f 221 348 349
f 349 350 222
f 222 221 349
f 349 479 350
f 349 348 479
f 478 348 347
f 346 477 478
f 478 347 346
f 479 348 478
f 478 477 614
f 614 479 478
f 355 354 485
f 177 178 83
f 83 169 177
f 177 169 279
f 279 295 177
f 431 430 432
f 431 295 430
f 594 747 595
f 461 460 594
f 594 595 461
f 746 747 594
f 745 746 594
f 594 593 745
f 460 593 594
f 103 198 199
f 199 104 103
f 200 104 199
f 199 318 200
f 199 198 318
f 303 182 302
f 302 182 181
f 302 301 303
f 181 301 302
f 208 181 113
f 330 299 208
f 208 299 181
f 113 112 206
f 112 205 206
f 328 330 206
f 206 205 328
f 626 488 625
f 360 488 626
f 626 489 360
f 776 627 626
f 626 625 776
f 628 492 491
f 360 489 362
f 945 944 1114
f 945 774 944
f 1114 1115 945
f 947 774 945
f 1083 947 945
f 945 1115 1083
f 1200 1228 1201
f 1200 1115 1114
f 1114 1228 1200
f 1200 1201 1085
f 1085 1084 1200
f 1200 1084 1083
f 1083 1115 1200
f 1377 1452 1451
f 1377 1297 1296
f 1378 1297 1377
f 1377 1376 1452
f 1295 1296 1203
f 1203 1294 1295
f 1295 1377 1296
f 1294 1377 1295
f 1202 1292 1293
f 1293 1294 1202
f 1293 1292 1376
f 1376 1377 1293
f 1293 1377 1294
f 1078 1079 912
f 1078 1199 1081
f 1078 912 1077
f 1077 1199 1078
f 1187 1062 1135
f 1187 1239 1180
f 1180 1282 1187
f 31 69 70
f 70 71 31
f 158 73 152
f 71 70 152
f 152 70 69
f 149 158 152
f 152 68 149
f 152 69 68
f 150 148 266
f 150 66 148
f 266 267 150
f 150 267 151
f 151 66 150
f 237 235 238
f 235 240 238
f 121 237 238
f 239 121 238
f 238 240 239
f 499 369 498
f 499 498 634
f 634 500 499
f 500 370 499
f 370 369 499
f 1409 1335 1414
f 1414 1335 1334
f 1414 1413 1409
f 1414 1334 1413
f 515 384 507
f 507 640 515
f 640 647 515
f 647 516 515
f 513 510 514
f 645 646 514
f 514 646 641
f 514 641 511
f 511 383 514
f 514 383 513
f 803 788 654
f 524 653 654
f 654 653 803
f 262 390 382
f 382 390 510
f 257 262 382
f 382 383 257
f 382 510 383
f 1129 972 969
f 1132 972 1129
f 1129 969 1130
f 1129 1130 1237
f 1237 1132 1129
f 953 973 1121
f 1121 954 953
f 793 646 645
f 385 515 516
f 385 519 386
f 385 518 519
f 384 515 385
f 259 384 385
f 385 386 259
f 802 803 652
f 803 653 652
f 388 389 261
f 801 970 802
f 802 652 801
f 801 652 651
f 799 970 801
f 801 651 799
f 649 799 800
f 800 651 649
f 799 651 800
f 650 516 649
f 649 651 650
f 650 651 518
f 99 98 195
f 195 194 99
f 98 194 195
f 288 423 422
f 422 289 288
f 192 317 288
f 288 317 423
f 170 194 288
f 288 289 170
f 701 551 700
f 700 555 701
f 555 554 701
f 722 719 718
f 718 869 722
f 578 719 722
f 722 710 578
f 699 710 722
f 722 702 699
f 722 869 702
f 698 549 548
f 429 568 548
f 548 568 698
f 548 410 429
f 714 731 715
f 714 582 731
f 315 191 188
f 315 317 191
f 426 423 443
f 423 317 443
f 437 438 310
f 437 310 309
f 309 435 437
f 435 575 437
f 313 438 439
f 313 187 312
f 188 187 313
f 312 311 313
f 311 438 313
f 884 720 716
f 716 883 884
f 716 575 715
f 715 883 716
f 181 299 300
f 300 301 181
f 299 301 300
f 453 581 580
f 327 452 453
f 453 580 456
f 422 423 564
f 564 424 422
f 564 423 426
f 426 425 564
f 425 424 564
f 690 860 861
f 861 862 690
f 861 860 859
f 562 561 708
f 708 561 560
f 859 860 689
f 541 562 689
f 689 690 541
f 689 860 690
f 889 888 1059
f 888 1060 1059
f 1060 1053 1059
f 876 1050 1052
f 1052 1053 876
f 875 874 873
f 873 872 871
f 703 872 873
f 873 874 703
f 854 1034 1035
f 1035 1068 900
f 1034 1173 1035
f 1035 1173 1068
f 734 900 901
f 901 902 734
f 733 900 734
f 583 733 734
f 734 735 583
f 736 735 734
f 734 902 736
f 736 738 737
f 737 738 586
f 737 584 736
f 737 586 584
f 1290 1375 1374
f 1373 1403 1374
f 1374 1375 1288
f 1320 1290 1374
f 1374 1403 1320
f 1288 1287 1374
f 1374 1287 1373
f 1371 1373 1372
f 1373 1286 1372
f 1285 1286 1195
f 1193 1284 1285
f 1285 1195 1193
f 1285 1372 1286
f 1285 1284 1371
f 1371 1372 1285
f 908 1198 1076
f 1076 909 908
f 1076 1198 1077
f 910 909 911
f 746 910 911
f 911 1076 1077
f 909 1076 911
f 1077 912 911
f 911 912 746
f 907 742 741
f 741 906 907
f 740 739 741
f 741 590 740
f 741 742 590
f 903 902 901
f 903 904 736
f 736 902 903
f 1356 1434 1359
f 1356 1433 1434
f 1432 1433 1356
f 1356 1266 1354
f 1354 1431 1356
f 1431 1432 1356
f 1359 1358 1356
f 1358 1355 1356
f 1355 1266 1356
f 1524 1556 1553
f 1525 1466 1524
f 1524 1553 1525
f 1524 1539 1556
f 1192 1284 1193
f 1192 1191 1284
f 1192 1193 1069
f 1069 1191 1192
f 1447 1446 1512
f 1512 1443 1447
f 1370 1446 1447
f 1447 1443 1370
f 1345 1259 1258
f 1262 1161 1160
f 1263 1162 1262
f 1162 1161 1262
f 1348 1349 1262
f 1262 1349 1350
f 1262 1351 1263
f 1350 1351 1262
f 1424 1343 1423
f 1424 1425 1347
f 1493 1425 1424
f 1424 1492 1493
f 1424 1423 1492
f 1422 1423 1341
f 1341 1421 1422
f 1491 1423 1422
f 1422 1421 1491
f 1340 1421 1341
f 1339 1421 1340
f 1340 1341 1253
f 1253 1339 1340
f 1418 1339 1420
f 1420 1338 1418
f 1339 1338 1420
f 1263 1265 1264
f 1264 1163 1263
f 1265 1163 1264
f 1165 1266 1267
f 1267 1166 1165
f 1267 1357 1268
f 1268 1167 1267
f 1167 1166 1267
f 1355 1357 1267
f 1267 1266 1355
f 1544 1492 1491
f 1491 1543 1544
f 1494 1492 1544
f 1544 1542 1494
f 1544 1543 1542
f 1505 1439 1504
f 1504 1539 1505
f 1504 1503 1502
f 1502 1553 1504
f 1504 1438 1503
f 1504 1439 1438
f 1505 1539 1478
f 1478 1477 1505
f 1539 1524 1478
f 1478 1524 1466
f 1466 1479 1478
f 1401 1477 1478
f 1478 1402 1401
f 1478 1479 1402
f 1462 1465 1463
f 1463 1465 1464
f 1214 1098 1097
f 1214 1209 1107
f 1099 1098 1214
f 1096 1209 1214
f 1214 1097 1096
f 1214 1107 1106
f 1106 1099 1214
f 938 768 769
f 938 941 768
f 938 765 764
f 938 769 766
f 766 765 938
f 934 1100 1101
f 1101 1100 1106
f 1106 941 1101
f 1383 1384 1305
f 1383 1382 1384
f 1305 1304 1383
f 1304 1382 1383
f 1298 1299 1205
f 1205 1297 1298
f 1297 1380 1298
f 1381 1299 1298
f 1298 1380 1381
f 1211 1299 1301
f 1301 1302 1211
f 1301 1299 1381
f 1381 1382 1301
f 1301 1382 1304
f 1304 1302 1301
f 1303 1304 1213
f 1303 1302 1304
f 1213 1211 1303
f 1211 1302 1303
f 1093 927 926
f 1093 1094 927
f 1205 1210 1093
f 1093 1210 1211
f 1211 1094 1093
f 1207 1090 1206
f 1090 1094 1206
f 1208 1207 1206
f 1213 1208 1206
f 1206 1094 1213
f 928 758 927
f 927 1094 928
f 754 922 755
f 922 756 755
f 600 754 755
f 755 756 600
f 610 763 764
f 610 762 763
f 609 762 610
f 610 475 609
f 610 476 475
f 761 608 607
f 474 473 472
f 472 607 474
f 474 608 475
f 474 607 608
f 343 344 216
f 475 344 343
f 343 216 342
f 342 473 343
f 343 474 475
f 473 474 343
f 1109 1223 1224
f 1223 1308 1224
f 1224 1216 1109
f 1224 1308 1319
f 1224 1310 1216
f 1319 1310 1224
f 1213 1306 1307
f 1307 1308 1213
f 1306 1384 1307
f 618 621 619
f 619 480 618
f 618 617 616
f 618 479 617
f 618 480 479
f 616 770 618
f 484 354 353
f 484 485 354
f 353 352 484
f 493 485 484
f 355 485 365
f 230 355 365
f 365 366 230
f 493 366 365
f 365 485 493
f 296 431 432
f 432 433 296
f 295 431 296
f 297 178 296
f 296 433 297
f 178 177 296
f 296 177 295
f 207 208 113
f 113 206 207
f 330 208 207
f 207 206 330
f 363 364 229
f 229 362 363
f 363 362 491
f 363 491 492
f 464 364 363
f 363 465 464
f 492 465 363
f 229 360 361
f 361 362 229
f 360 362 361
f 628 491 490
f 491 362 490
f 490 362 489
f 490 627 628
f 490 626 627
f 489 626 490
f 1451 1378 1454
f 1378 1377 1454
f 1379 1297 1378
f 1379 1380 1297
f 1380 1379 1456
f 1381 1380 1456
f 1456 1519 1517
f 1456 1517 1518
f 1456 1378 1455
f 1456 1379 1378
f 1456 1455 1484
f 1484 1519 1456
f 1080 914 1079
f 1079 1078 1080
f 1081 914 1080
f 1080 1078 1081
f 1240 1135 1239
f 1239 1187 1240
f 1240 1187 1135
f 892 1062 1063
f 1062 1187 1063
f 73 71 153
f 153 152 73
f 71 152 153
f 645 514 644
f 644 789 645
f 644 788 789
f 525 390 524
f 524 654 525
f 510 390 525
f 525 514 510
f 973 972 1133
f 1133 1121 973
f 1133 972 1132
f 1132 1234 1133
f 1234 1121 1133
f 1123 1121 1234
f 1141 1122 1123
f 1122 954 1123
f 954 1121 1123
f 1123 1236 1141
f 1123 1235 1236
f 1123 1234 1235
f 645 791 792
f 792 793 645
f 517 385 516
f 518 385 517
f 516 650 517
f 517 650 518
f 519 518 520
f 518 651 520
f 387 388 261
f 261 260 387
f 519 520 387
f 387 520 388
f 387 260 386
f 386 519 387
f 193 194 98
f 193 288 194
f 193 98 192
f 192 288 193
f 550 551 411
f 411 549 550
f 410 548 411
f 411 548 549
f 411 412 281
f 281 410 411
f 580 582 457
f 582 458 457
f 456 580 457
f 457 458 330
f 328 456 457
f 457 330 328
f 573 714 715
f 435 458 573
f 582 714 573
f 573 458 582
f 578 710 566
f 566 710 567
f 567 427 566
f 427 565 566
f 440 313 439
f 440 441 317
f 440 439 578
f 578 566 440
f 440 566 441
f 317 315 314
f 314 315 188
f 439 438 577
f 577 716 720
f 718 719 577
f 577 720 721
f 577 719 578
f 578 439 577
f 721 717 577
f 577 717 718
f 455 453 452
f 327 454 455
f 455 452 327
f 455 454 581
f 581 453 455
f 329 453 456
f 327 453 329
f 204 327 329
f 329 456 328
f 328 204 329
f 1041 861 859
f 862 861 1041
f 1042 862 1041
f 859 1040 1041
f 1041 1040 1182
f 1182 1043 1041
f 1043 1042 1041
f 877 708 878
f 709 708 877
f 562 708 709
f 709 689 562
f 859 689 858
f 858 1038 859
f 858 1037 1038
f 689 709 857
f 1037 858 857
f 857 858 689
f 1051 879 876
f 871 889 1046
f 889 1059 1046
f 875 873 1048
f 1036 900 854
f 854 1035 1036
f 1036 1035 900
f 905 741 739
f 906 741 905
f 905 903 906
f 739 904 905
f 904 903 905
f 1072 906 1071
f 906 903 1071
f 1071 1193 1072
f 1071 1194 1193
f 1071 903 901
f 901 1070 1071
f 1070 1194 1071
f 1258 1342 1344
f 1344 1345 1258
f 1259 1345 1346
f 1347 1259 1346
f 1345 1344 1346
f 1346 1424 1347
f 1343 1424 1346
f 1342 1343 1346
f 1346 1344 1342
f 1160 1259 1260
f 1260 1259 1348
f 1385 1463 1464
f 1385 1464 1386
f 1386 1308 1385
f 1308 1307 1385
f 1385 1307 1384
f 1462 1463 1385
f 1385 1384 1460
f 1460 1461 1385
f 1385 1461 1462
f 936 763 761
f 764 763 936
f 926 1091 1092
f 1092 1093 926
f 1092 1091 1205
f 1205 1093 1092
f 929 1094 1090
f 929 928 1094
f 758 928 929
f 924 758 929
f 929 1090 924
f 612 476 611
f 476 610 611
f 611 610 764
f 764 765 611
f 766 612 611
f 611 765 766
f 606 605 761
f 761 607 606
f 472 605 606
f 606 607 472
f 771 618 770
f 771 770 942
f 629 621 771
f 621 618 771
f 942 778 771
f 771 778 630
f 630 629 771
f 483 352 482
f 483 484 352
f 482 621 483
f 483 621 493
f 493 484 483
f 1453 1377 1451
f 1451 1454 1453
f 1453 1454 1377
f 1381 1456 1458
f 1458 1382 1381
f 1458 1456 1518
f 1459 1384 1458
f 1384 1382 1458
f 1458 1518 1460
f 1460 1459 1458
f 1064 893 892
f 892 1063 1064
f 643 525 654
f 643 654 788
f 788 644 643
f 643 644 514
f 514 525 643
f 660 642 787
f 642 646 787
f 646 793 787
f 805 660 787
f 521 520 651
f 388 520 521
f 521 522 388
f 651 652 521
f 521 652 653
f 653 522 521
f 523 653 524
f 523 522 653
f 524 390 523
f 523 390 389
f 389 388 523
f 388 522 523
f 551 701 553
f 553 554 412
f 553 701 554
f 715 575 574
f 574 573 715
f 574 575 435
f 435 573 574
f 442 566 565
f 441 566 442
f 442 565 426
f 426 443 442
f 317 441 442
f 442 443 317
f 316 440 317
f 313 440 316
f 317 314 316
f 188 313 316
f 316 314 188
f 576 577 438
f 716 577 576
f 438 437 576
f 576 437 575
f 575 716 576
f 560 417 559
f 417 558 559
f 707 708 560
f 707 878 708
f 560 559 707
f 878 707 706
f 877 878 706
f 706 707 559
f 706 704 876
f 876 879 706
f 1057 1037 1058
f 1037 1051 1058
f 876 1057 1058
f 1058 1051 876
f 1053 1052 1049
f 1049 1048 1053
f 875 1048 1049
f 1049 1050 875
f 1049 1052 1050
f 1047 1048 873
f 1047 873 871
f 871 1046 1047
f 1047 1046 1059
f 1047 1059 1053
f 1053 1048 1047
f 1261 1262 1160
f 1160 1260 1261
f 1348 1262 1261
f 1261 1260 1348
f 941 938 937
f 937 936 941
f 937 938 764
f 764 936 937
f 934 1101 935
f 935 761 934
f 935 936 761
f 1066 893 1065
f 893 1064 1065
f 1065 1189 1066
f 1188 1063 1187
f 1188 1064 1063
f 1188 1065 1064
f 1188 1282 1281
f 1188 1187 1282
f 1281 1189 1188
f 1189 1065 1188
f 793 792 951
f 951 787 793
f 951 792 791
f 552 411 551
f 551 553 552
f 412 411 552
f 552 553 412
f 880 706 879
f 879 1051 880
f 877 706 880
f 1037 857 880
f 880 1051 1037
f 880 709 877
f 880 857 709
f 705 559 558
f 705 706 559
f 705 558 557
f 557 704 705
f 704 706 705
f 791 961 952
f 952 951 791
f 787 951 952
f 952 961 805
f 805 787 952
f 680 679 847
f 847 849 680
f 680 849 850
f 850 681 680
f 47 45 12
f 114 45 47
f 12 45 13
f 1 12 13
f 681 850 687
f 687 850 688
f 1 13 48
f 48 14 1
f 944 1227 1114
f 1113 1227 944
f 1514 1482 1405
f 1405 1481 1514
f 1444 1509 1513
f 1442 1509 1444
f 435 299 458
f 458 299 330
f 1556 1539 1504
f 1553 1556 1504
f 941 936 935
f 935 1101 941

