# https://github.com/mikedh/trimesh
v 0.00029702 0.03278986 -0.08605253
v -0.00042041 0.03278986 -0.08605253
v 0.00421728 0.03244397 -0.08341806
v 0.00421728 0.03239272 -0.08513831
v 0.00594041 0.03211728 -0.08513831
v 0.00765712 0.03131660 -0.08632450
v 0.00594041 0.03154079 -0.08645020
v 0.00421728 0.03168812 -0.08647154
v 0.00083510 0.03204682 -0.08640907
v -0.00265599 0.03254645 -0.08513831
v -0.00097130 0.03204042 -0.08640907
v -0.00609583 0.03153439 -0.08646621
v -0.00781255 0.03138066 -0.08637783
v -0.00609583 0.03205964 -0.08513831
v 0.00594041 0.03221337 -0.08341806
v 0.00765712 0.03180342 -0.08341806
v 0.00765712 0.03168171 -0.08513831
v 0.00888060 0.03113725 -0.08614547
v 0.01282009 0.02970243 -0.08639841
v 0.01969977 0.02783844 -0.08628946
v 0.02485632 0.02622426 -0.08637783
v 0.00765712 0.03017003 -0.08679684
v 0.00594041 0.03017003 -0.08692331
v 0.00250057 0.03179061 -0.08647154
v 0.00421728 0.03017003 -0.08694389
v -0.00437271 0.03017003 -0.08694389
v -0.00609583 0.03017003 -0.08693931
v -0.00265599 0.03177139 -0.08647154
v -0.00781255 0.03017003 -0.08685094
v -0.01297551 0.02845336 -0.08682123
v -0.01297551 0.02964478 -0.08634812
v -0.00911930 0.03118849 -0.08619498
v -0.00781255 0.03172655 -0.08513831
v 0.01027704 0.03104757 -0.08287182
v 0.01020658 0.03102195 -0.08401763
v 0.00919448 0.03123333 -0.08513831
v 0.01543359 0.02932450 -0.08601519
v 0.02083356 0.02767189 -0.08611500
v 0.02623994 0.02602569 -0.08619347
v 0.02485632 0.02501363 -0.08685094
v 0.02829616 0.02484068 -0.08647154
v 0.01282009 0.02845336 -0.08687150
v 0.01797664 0.02673029 -0.08691189
v 0.02313960 0.02501363 -0.08694084
v 0.01109696 0.02845336 -0.08694389
v -0.00953567 0.02845336 -0.08694389
v -0.01125239 0.02845336 -0.08694236
v -0.01469222 0.02673029 -0.08694236
v -0.01813206 0.02501363 -0.08690122
v -0.01641535 0.02673029 -0.08672827
v -0.01464739 0.02849820 -0.08646697
v -0.01404525 0.02942699 -0.08615156
v -0.00934350 0.03126536 -0.08513831
v -0.01297551 0.02997786 -0.08513831
v 0.01570904 0.02940778 -0.08341806
v 0.02623354 0.02604491 -0.08513831
v 0.02485632 0.02651251 -0.08513831
v 0.01969977 0.02814590 -0.08513831
v 0.01558093 0.02936934 -0.08513831
v 0.02105136 0.02774235 -0.08513831
v 0.02956448 0.02452041 -0.08631384
v 0.02829616 0.02329056 -0.08694389
v -0.01641535 0.02501363 -0.08694389
v -0.02157190 0.02157389 -0.08694389
v -0.01985519 0.02329056 -0.08693779
v -0.02168080 0.02340586 -0.08656067
v -0.01988722 0.02507128 -0.08652563
v -0.01798473 0.02671107 -0.08635955
v -0.01933633 0.02612818 -0.08625594
v -0.01641535 0.02787687 -0.08625518
v -0.01731214 0.02761425 -0.08602815
v -0.01415415 0.02949105 -0.08513831
v 0.02956448 0.02452041 -0.08565637
v 0.03092888 0.01940885 -0.08513831
v 0.03091607 0.01937682 -0.08605862
v 0.02980790 0.02329056 -0.08647154
v 0.03001929 0.01469442 -0.08680751
v 0.03001929 0.01297135 -0.08687379
v 0.03001929 0.01125469 -0.08692331
v 0.03001929 0.00953162 -0.08694389
v -0.02673487 0.01469442 -0.08694389
v -0.02329503 0.01985082 -0.08693779
v -0.02340392 0.02168278 -0.08656067
v -0.02291069 0.02290623 -0.08631384
v -0.02118116 0.02453962 -0.08630469
v -0.02227653 0.02401437 -0.08513831
v -0.02141817 0.02473179 -0.08513831
v -0.02036764 0.02559012 -0.08513831
v -0.01950928 0.02624988 -0.08513831
v -0.01818331 0.02711462 -0.08513831
v -0.01501251 0.02899142 -0.08513831
v 0.03106981 0.01813416 -0.08513831
v 0.03141572 0.01469442 -0.08513831
v 0.03262639 0.00208847 -0.08604491
v 0.03268404 0.00093549 -0.08612795
v 0.03097373 0.01813416 -0.08614623
v 0.03106340 0.01641109 -0.08625060
v 0.03114668 0.01469442 -0.08633440
v 0.03122996 0.01297135 -0.08640069
v 0.03001929 0.01641109 -0.08672371
v 0.03131323 0.01125469 -0.08645020
v 0.03173600 0.00093549 -0.08660105
v 0.03001929 -0.00593757 -0.08694389
v 0.03173600 -0.00078118 -0.08660638
v -0.02845799 0.00953162 -0.08694389
v -0.02845799 0.01125469 -0.08692788
v -0.02673487 0.01641109 -0.08677323
v -0.02501815 0.01813416 -0.08688369
v -0.02507580 0.01987644 -0.08651191
v -0.02453772 0.02118316 -0.08630469
v -0.02401246 0.02227209 -0.08513831
v -0.02315410 0.02315604 -0.08513831
v 0.03276731 0.00093549 -0.08513831
v 0.03269044 -0.00078118 -0.08613404
v 0.03001929 -0.00766064 -0.08688522
v 0.02829616 -0.01110038 -0.08694389
v 0.03147337 -0.00593757 -0.08647154
v -0.03017471 0.00437522 -0.08694389
v -0.03017471 0.00609189 -0.08690122
v -0.03017471 0.00781496 -0.08678466
v -0.02845799 0.01297135 -0.08673514
v -0.02670284 0.01801886 -0.08638012
v -0.02790710 0.01641109 -0.08630012
v -0.02610711 0.01931276 -0.08623308
v -0.02472989 0.02141376 -0.08513831
v 0.03277372 -0.00078118 -0.08513831
v 0.03263279 -0.00198540 -0.08605253
v 0.03127479 -0.00766064 -0.08641211
v 0.03001929 -0.00937731 -0.08670542
v 0.02829616 -0.01281704 -0.08684255
v 0.02657945 -0.01454011 -0.08694389
v -0.03017471 -0.00422091 -0.08694389
v -0.03181456 0.00093549 -0.08647154
v -0.03173128 0.00265215 -0.08647154
v -0.03158395 0.00437522 -0.08647154
v -0.03144943 0.00609189 -0.08642811
v -0.02995051 0.01125469 -0.08645554
v -0.03128929 0.00781496 -0.08631155
v -0.02765728 0.01737191 -0.08608528
v -0.02957257 0.01297135 -0.08626203
v -0.02935478 0.01391936 -0.08605633
v -0.02558825 0.02033764 -0.08513831
v 0.03265201 -0.00215835 -0.08513831
v 0.03254952 -0.00302309 -0.08513831
v 0.03239578 -0.00422091 -0.08513831
v 0.03208831 -0.00593757 -0.08513831
v 0.03092888 -0.01038937 -0.08607309
v 0.03106340 -0.00937731 -0.08623231
v 0.03008334 -0.01101711 -0.08642201
v 0.02956448 -0.01281704 -0.08636945
v 0.02786058 -0.01625678 -0.08636793
v 0.02657945 -0.01625678 -0.08684027
v 0.02485632 -0.01797985 -0.08692255
v 0.02313960 -0.01970292 -0.08694389
v -0.03017471 -0.00593757 -0.08692026
v -0.03166723 -0.00422091 -0.08647154
v -0.03178252 -0.00078118 -0.08647154
v -0.02845799 -0.00937731 -0.08694389
v -0.02845799 -0.01110038 -0.08694007
v -0.03260245 -0.00078118 -0.08513831
v -0.03262167 0.00093549 -0.08513831
v -0.03249355 0.00265215 -0.08513831
v -0.03114837 0.00919213 -0.08615842
v -0.03224373 0.00437522 -0.08513831
v -0.02822098 0.01641109 -0.08513831
v -0.02769572 0.01741675 -0.08513831
v -0.02708077 0.01828148 -0.08513831
v -0.02622241 0.01947931 -0.08513831
v -0.03100744 0.01031949 -0.08513831
v -0.03061670 0.01125469 -0.08513831
v -0.02984802 0.01297135 -0.08513831
v -0.02898325 0.01483534 -0.08513831
v 0.03167835 -0.00766064 -0.08513831
v 0.03095451 -0.01045983 -0.08513831
v 0.03063423 -0.01132457 -0.08513831
v 0.02998725 -0.01281704 -0.08513831
v 0.02930185 -0.01398284 -0.08617747
v 0.03124917 -0.00937731 -0.08513831
v 0.02758513 -0.01733930 -0.08617518
v 0.02659866 -0.01794141 -0.08646544
v 0.02496522 -0.01979900 -0.08654848
v 0.02327412 -0.02155410 -0.08656601
v 0.02158943 -0.02330919 -0.08656601
v 0.01969977 -0.02314265 -0.08694389
v -0.03017471 -0.00766064 -0.08678161
v -0.03153911 -0.00593757 -0.08644716
v -0.03249355 -0.00249784 -0.08513831
v -0.02329503 -0.01970292 -0.08694389
v -0.02673487 -0.01454011 -0.08694084
v -0.02845799 -0.01281704 -0.08679837
v -0.03257683 -0.00249784 -0.08341806
v -0.03265369 -0.00078118 -0.08341806
v -0.03235263 0.00437522 -0.08341806
v -0.03195548 0.00609189 -0.08513831
v -0.03160317 0.00781496 -0.08513831
v -0.03122523 0.00945476 -0.08513831
v -0.03166082 0.00781496 -0.08341806
v -0.02991848 0.01297135 -0.08341806
v 0.02937872 -0.01413657 -0.08513831
v 0.02894313 -0.01499490 -0.08513831
v 0.02830257 -0.01625678 -0.08513831
v 0.02765560 -0.01744179 -0.08513831
v 0.02704706 -0.01830012 -0.08513831
v 0.02618870 -0.01949794 -0.08513831
v 0.02555454 -0.02035627 -0.08513831
v 0.02604137 -0.01928656 -0.08628488
v 0.02446558 -0.02107369 -0.08631384
v 0.02279370 -0.02284800 -0.08631384
v 0.02112823 -0.02446218 -0.08631384
v 0.01980226 -0.02496821 -0.08655839
v 0.01797664 -0.02485931 -0.08693474
v 0.01453680 -0.02658238 -0.08694389
v -0.03206437 0.00609189 -0.08341806
v -0.02989926 -0.01110038 -0.08646697
v -0.03208359 -0.00593757 -0.08513831
v -0.03233982 -0.00422091 -0.08513831
v -0.03130851 -0.00766064 -0.08630851
v -0.02343595 -0.02156050 -0.08656601
v -0.02501815 -0.01797985 -0.08691569
v -0.01985519 -0.02314265 -0.08694389
v -0.02171923 -0.02328357 -0.08656601
v -0.02849002 -0.01446965 -0.08644945
v -0.02962382 -0.01281704 -0.08632527
v -0.02673487 -0.01625678 -0.08673514
v 0.02469618 -0.02134271 -0.08513831
v 0.02227484 -0.02399458 -0.08584454
v 0.01929621 -0.02609557 -0.08630165
v 0.01797024 -0.02663363 -0.08648602
v 0.01625993 -0.02658238 -0.08685323
v 0.01282009 -0.02829905 -0.08687837
v 0.01109696 -0.02829905 -0.08694389
v -0.03112915 -0.00882644 -0.08612871
v -0.03165441 -0.00766064 -0.08513831
v -0.03174409 -0.00766064 -0.08341806
v -0.02457616 -0.02107369 -0.08631384
v -0.02509502 -0.01976056 -0.08654315
v -0.02294912 -0.02280957 -0.08631384
v -0.01469222 -0.02658238 -0.08694389
v -0.01813206 -0.02485931 -0.08692104
v -0.01992565 -0.02494258 -0.08654696
v -0.02124522 -0.02443015 -0.08631384
v -0.02673487 -0.01783893 -0.08637860
v -0.02788148 -0.01625678 -0.08626203
v -0.02941243 -0.01385473 -0.08612414
v -0.02615836 -0.01922891 -0.08627574
v 0.02392110 -0.02220105 -0.08513831
v 0.01952681 -0.02628133 -0.08513831
v 0.01739373 -0.02760085 -0.08619194
v 0.01625993 -0.02789550 -0.08638012
v 0.01459445 -0.02839513 -0.08651268
v 0.01282009 -0.02959295 -0.08640526
v 0.00938025 -0.03002212 -0.08671761
v 0.00765712 -0.03002212 -0.08689360
v 0.00594041 -0.03002212 -0.08694389
v -0.03055904 -0.01110038 -0.08513831
v -0.03121883 -0.00910828 -0.08513831
v -0.02997613 -0.01281704 -0.08513831
v -0.03128289 -0.00928123 -0.08341806
v -0.02407652 -0.02219464 -0.08513831
v -0.02236621 -0.02393693 -0.08513831
v -0.02321816 -0.02307859 -0.08513831
v -0.01125239 -0.02829905 -0.08694389
v -0.01297551 -0.02829905 -0.08683342
v -0.01641535 -0.02658238 -0.08679608
v -0.01805520 -0.02658879 -0.08642887
v -0.01940039 -0.02602511 -0.08628260
v -0.02762526 -0.01717276 -0.08603957
v -0.02948289 -0.01399565 -0.08513831
v -0.02478755 -0.02133631 -0.08513831
v -0.02565231 -0.02028581 -0.08513831
v -0.02629928 -0.01942748 -0.08513831
v 0.01839301 -0.02713966 -0.08513831
v 0.01753465 -0.02768412 -0.08513831
v 0.01424855 -0.02945203 -0.08513831
v 0.01405638 -0.02935595 -0.08622546
v 0.01038593 -0.03093169 -0.08607842
v 0.00938025 -0.03107902 -0.08624452
v 0.00765712 -0.03129040 -0.08642126
v 0.00594041 -0.03147616 -0.08647154
v 0.00421728 -0.03158505 -0.08647154
v 0.00250057 -0.03162989 -0.08647154
v -0.00093287 -0.03171316 -0.08647154
v -0.00437271 -0.03002212 -0.08694389
v -0.03100104 -0.01013956 -0.08341806
v -0.03066154 -0.01110038 -0.08341806
v -0.02150785 -0.02464793 -0.08513831
v -0.00609583 -0.03002212 -0.08692331
v -0.00781255 -0.03002212 -0.08683036
v -0.00953567 -0.03002212 -0.08664448
v -0.01297551 -0.02954811 -0.08636031
v -0.01469222 -0.02837591 -0.08647687
v -0.01641535 -0.02781864 -0.08632298
v -0.01960537 -0.02617884 -0.08513831
v -0.02046372 -0.02550627 -0.08513831
v -0.01742104 -0.02753039 -0.08611576
v -0.02715764 -0.01808233 -0.08513831
v -0.02765728 -0.01722400 -0.08513831
v -0.02900887 -0.01485398 -0.08513831
v 0.01282009 -0.03005415 -0.08513831
v 0.01045640 -0.03096372 -0.08513831
v 0.00938025 -0.03127759 -0.08513831
v 0.00765712 -0.03171316 -0.08513831
v 0.00594041 -0.03211030 -0.08513831
v 0.00421728 -0.03234090 -0.08513831
v -0.00083678 -0.03257790 -0.08529982
v -0.00265599 -0.03166832 -0.08647154
v 0.00198171 -0.03263555 -0.08138546
v 0.00765712 -0.03181565 -0.08169933
v -0.00437271 -0.03151459 -0.08647154
v -0.00609583 -0.03135445 -0.08645020
v -0.00781255 -0.03118791 -0.08635727
v -0.01113068 -0.03007977 -0.08639992
v -0.01411572 -0.02929189 -0.08616528
v -0.00953567 -0.03100856 -0.08617137
v -0.01047089 -0.03090607 -0.08603729
v -0.01834986 -0.02703717 -0.08513831
v -0.01513422 -0.02893319 -0.08513831
v -0.01641535 -0.02820937 -0.08513831
v -0.01749150 -0.02756883 -0.08513831
v 0.00594041 -0.03216795 -0.08341806
v 0.00421728 -0.03241136 -0.08341806
v 0.00160377 -0.03259711 -0.08253203
v -0.00134283 -0.03262274 -0.08483433
v -0.00204105 -0.03262274 -0.08483433
v -0.00263037 -0.03252665 -0.08529982
v -0.01297551 -0.02995166 -0.08513831
v -0.01427586 -0.02936235 -0.08513831
v -0.01136769 -0.03061142 -0.08513831
v -0.00437271 -0.03227684 -0.08513831
v -0.00609583 -0.03194376 -0.08513831
v -0.00609583 -0.03211670 -0.08341806
v -0.00437271 -0.03241776 -0.08341806
v 0.00078280 -0.03002238 0.08677948
v 0.00938021 -0.02830311 0.08685029
v 0.01454019 -0.02658384 0.08670359
v 0.00250228 -0.03002238 0.08676936
v 0.00078280 -0.03113094 0.08630396
v 0.00250228 -0.03112466 0.08629891
v 0.00938021 -0.02958347 0.08642031
v 0.01282071 -0.02809369 0.08644561
v 0.01454019 -0.02768111 0.08623315
v 0.00078280 -0.03162627 0.08513544
v 0.00250228 -0.03160872 0.08513544
v 0.00422176 -0.03099299 0.08614210
v 0.00514148 -0.03089518 0.08601563
v 0.01080901 -0.02938533 0.08624833
v 0.01195635 -0.02916086 0.08599033
v 0.01543992 -0.02746416 0.08602574
v 0.00005533 -0.03157360 0.08513544
v 0.00078280 -0.03209904 0.08341553
v 0.00078280 -0.03246396 0.08201431
v 0.00078280 -0.03268718 0.08115435
v 0.00250228 -0.03204512 0.08341553
v 0.00422176 -0.03224702 0.08169562
v 0.00422176 -0.03179933 0.08341553
v 0.00422176 -0.03133659 0.08513544
v 0.00594278 -0.03192097 0.08169562
v 0.00938021 -0.03020296 0.08513544
v 0.01282071 -0.02983177 0.08169562
v 0.01225934 -0.02930884 0.08484204
v 0.01282840 -0.02943549 0.08327895
v 0.01454019 -0.02813507 0.08513544
v 0.01127040 -0.02959601 0.08530237
v 0.01103355 -0.03057665 0.08165515
v 0.01159800 -0.03075473 0.07997571
v 0.01566600 -0.02758204 0.08513544
v 0.01576443 -0.02755822 0.08502415
v 0.00078280 -0.03291917 0.07997571
v 0.00200551 -0.03263576 0.08098742
v 0.00254842 -0.03244641 0.08161468
v 0.00315131 -0.03258310 0.08072943
v 0.00422176 -0.03253293 0.08043604
v 0.00519070 -0.03262699 0.07926245
v 0.00583512 -0.03236489 0.07988971
v 0.00766226 -0.03189338 0.07997571
v 0.01041528 -0.03093907 0.08105824
v 0.01478934 -0.02886491 0.08169562
v 0.01371121 -0.02917842 0.08261122
v 0.01282071 -0.03020421 0.07997571
v 0.01438639 -0.02868057 0.08327895
v 0.01073826 -0.03104817 0.07997571
v 0.01187638 -0.03085129 0.07894883
v 0.01576443 -0.02760712 0.08483699
v 0.00254842 -0.03275615 0.08008700
v 0.00078280 -0.03321387 0.07825580
v 0.00250228 -0.03339696 0.07653589
v 0.00250228 -0.03309223 0.07825580
v 0.00422176 -0.03268467 0.07957608
v 0.00679637 -0.03260065 0.07739078
v 0.00422176 -0.03291667 0.07825580
v 0.00422176 -0.03321638 0.07653589
v 0.00422176 -0.03351107 0.07481598
v 0.00594278 -0.03382458 0.07137615
v 0.00594278 -0.03353490 0.07309607
v 0.00766226 -0.03346718 0.07137615
v 0.00766226 -0.03316872 0.07309607
v 0.00766226 -0.03221567 0.07825580
v 0.00938021 -0.03209027 0.07653589
v 0.00938021 -0.03176673 0.07825580
v 0.00938021 -0.03144068 0.07997571
v 0.01430334 -0.02947186 0.07997571
v 0.01516308 -0.02904549 0.07997571
v 0.01576443 -0.02874578 0.07997571
v 0.01576443 -0.02812504 0.08273263
v 0.01211784 -0.03095663 0.07780053
v 0.01274227 -0.03055784 0.07832662
v 0.01322520 -0.03066569 0.07653589
v 0.01454019 -0.03002488 0.07653589
v 0.01468476 -0.02959977 0.07836203
v 0.00935406 -0.03241004 0.07484633
v 0.01109969 -0.03188084 0.07481598
v 0.01109969 -0.03156483 0.07653589
v 0.00078280 -0.03349978 0.07653589
v 0.00250228 -0.03368664 0.07481598
v 0.00835282 -0.03255927 0.07544324
v 0.00422176 -0.03378445 0.07309607
v 0.00594278 -0.03407413 0.06965625
v 0.00671178 -0.03430989 0.06697521
v 0.00766226 -0.03372300 0.06965625
v 0.00954323 -0.03289786 0.07152791
v 0.01022610 -0.03259814 0.07220576
v 0.00998002 -0.03253419 0.07309607
v 0.00912028 -0.03277496 0.07309607
v 0.00876193 -0.03266461 0.07429495
v 0.01576443 -0.02906430 0.07836203
v 0.01576443 -0.02885112 0.07944456
v 0.01236546 -0.03107199 0.07653589
v 0.01348974 -0.03079235 0.07518525
v 0.01282071 -0.03147705 0.07309607
v 0.01475397 -0.03057540 0.07309607
v 0.01438793 -0.03045000 0.07469457
v 0.01109969 -0.03217052 0.07309607
v 0.00005533 -0.03349602 0.07653589
v 0.00078280 -0.03377693 0.07481598
v 0.00078280 -0.03405281 0.07309607
v 0.00078280 -0.03425596 0.07180108
v 0.00250228 -0.03395500 0.07309607
v 0.00192707 -0.03435252 0.07072360
v 0.00422176 -0.03403024 0.07137615
v 0.00496154 -0.03430989 0.06870018
v 0.00556443 -0.03438262 0.06755695
v 0.00605967 -0.03426098 0.06805268
v 0.00766226 -0.03394371 0.06793634
v 0.00605967 -0.03446664 0.06632771
v 0.00594278 -0.03469111 0.06449652
v 0.00594278 -0.03488423 0.06277660
v 0.00594278 -0.03506983 0.06105670
v 0.00700400 -0.03437635 0.06583197
v 0.00938021 -0.03320885 0.06965625
v 0.00938021 -0.03366406 0.06621642
v 0.00938021 -0.03344210 0.06793634
v 0.01048295 -0.03267715 0.07105747
v 0.01122734 -0.03286776 0.06800716
v 0.01188407 -0.03257808 0.06862430
v 0.01165490 -0.03250409 0.06965625
v 0.01107354 -0.03241882 0.07152791
v 0.01287761 -0.03116855 0.07469457
v 0.01371275 -0.03089768 0.07403696
v 0.01282071 -0.03176422 0.07137615
v 0.01372813 -0.03262699 0.06379338
v 0.01421875 -0.03112968 0.07137615
v 0.01507849 -0.03073215 0.07137615
v 0.01389423 -0.03098045 0.07309607
v 0.00005533 -0.03377191 0.07481598
v 0.00078280 -0.03438889 0.07094112
v 0.00078280 -0.03458076 0.06965625
v 0.00078280 -0.03482529 0.06793634
v 0.00250228 -0.03466227 0.06793634
v 0.00250074 -0.03443153 0.06968659
v 0.00432173 -0.03424468 0.06968659
v 0.00432173 -0.03445786 0.06805268
v 0.00422176 -0.03469738 0.06621642
v 0.00761151 -0.03415063 0.06632771
v 0.00422176 -0.03488925 0.06449652
v 0.00594278 -0.03524664 0.05934184
v 0.00766226 -0.03492687 0.05934184
v 0.00728699 -0.03445284 0.06449652
v 0.00775762 -0.03452433 0.06276648
v 0.00839281 -0.03428606 0.06333304
v 0.00814519 -0.03421834 0.06449652
v 0.00766226 -0.03474252 0.06105670
v 0.01109969 -0.03315117 0.06621642
v 0.00938021 -0.03386722 0.06449652
v 0.01109969 -0.03336059 0.06449652
v 0.01382810 -0.03267715 0.06277660
v 0.01484010 -0.03230345 0.06105670
v 0.01561679 -0.03100553 0.06793634
v 0.01548144 -0.03092653 0.06906439
v 0.01529227 -0.03083248 0.07021269
v 0.01287761 -0.03281634 0.06441557
v 0.00881730 -0.03441522 0.06105670
v 0.00909721 -0.03450301 0.05934184
v 0.01014459 -0.03429108 0.05817837
v 0.01031685 -0.03434876 0.05703008
v 0.00005533 -0.03446664 0.07039986
v 0.00005533 -0.03468233 0.06892782
v 0.00078280 -0.03502594 0.06621642
v 0.00250228 -0.03487420 0.06621642
v 0.00250228 -0.03505353 0.06449652
v 0.00422176 -0.03506481 0.06277660
v 0.00422176 -0.03523285 0.06105670
v 0.00422176 -0.03539462 0.05934184
v 0.00250228 -0.03569935 0.05762193
v 0.00422176 -0.03554761 0.05762193
v 0.00594278 -0.03538208 0.05762193
v 0.00862351 -0.03435378 0.06218475
v 0.00766226 -0.03506105 0.05762193
v 0.00949402 -0.03453938 0.05761182
v 0.01397882 -0.03274737 0.06105670
v 0.01498313 -0.03238998 0.05934184
v 0.01282071 -0.03358255 0.05590202
v 0.01282071 -0.03371297 0.05418211
v 0.01042451 -0.03437886 0.05590202
v 0.01141959 -0.03416066 0.05418211
v 0.00078280 -0.03615330 0.04386265
v 0.00005533 -0.03525291 0.06376808
v 0.00078280 -0.03518394 0.06449652
v 0.00078280 -0.03564668 0.05934184
v 0.00078280 -0.03580092 0.05762193
v 0.00078280 -0.03593761 0.05590202
v 0.00250228 -0.03583353 0.05590202
v 0.00422176 -0.03565796 0.05590202
v 0.00594278 -0.03546359 0.05590202
v 0.00766226 -0.03513504 0.05590202
v 0.00938021 -0.03467105 0.05590202
v 0.01412339 -0.03281384 0.05934184
v 0.01512155 -0.03246145 0.05762193
v 0.01468322 -0.03293673 0.05409612
v 0.01440023 -0.03294551 0.05590202
v 0.01282071 -0.03379699 0.05246220
v 0.01454019 -0.03309599 0.05246220
v 0.01069058 -0.03445536 0.05246220
v 0.01155032 -0.03419953 0.05246220
v 0.00233771 -0.03610816 0.04386265
v 0.00078280 -0.03618716 0.04558256
v 0.00005533 -0.03540841 0.06204817
v 0.00005533 -0.03556266 0.06033332
v 0.00005533 -0.03565169 0.05934184
v 0.00091045 -0.03602414 0.05410623
v 0.00157025 -0.03604170 0.05329686
v 0.00250228 -0.03592006 0.05418211
v 0.00422176 -0.03573320 0.05418211
v 0.00422176 -0.03580594 0.05246220
v 0.00594278 -0.03553382 0.05418211
v 0.00594278 -0.03566674 0.05074229
v 0.00766226 -0.03538459 0.04902238
v 0.00938021 -0.03487922 0.05074229
v 0.01525997 -0.03253043 0.05590202
v 0.01535225 -0.03257808 0.05461209
v 0.01541531 -0.03261068 0.05346379
v 0.01165644 -0.03422712 0.05074229
v 0.01282071 -0.03383461 0.05074229
v 0.01454019 -0.03313988 0.05074229
v 0.01546606 -0.03263827 0.05246220
v 0.01553527 -0.03267088 0.05074229
v 0.01079516 -0.03449423 0.05074229
v 0.00319745 -0.03602790 0.04386265
v 0.00333587 -0.03603919 0.04490471
v 0.00265762 -0.03611318 0.04552186
v 0.00261917 -0.03610314 0.04727718
v 0.00224236 -0.03609311 0.04902238
v 0.00078280 -0.03616459 0.04730247
v 0.00042291 -0.03604545 0.05348403
v 0.00091045 -0.03606050 0.05261902
v 0.00078280 -0.03613199 0.04902238
v 0.00179788 -0.03605549 0.05215363
v 0.00242384 -0.03598526 0.05261902
v 0.00422176 -0.03586989 0.05074229
v 0.00594278 -0.03572693 0.04902238
v 0.00594278 -0.03575202 0.04730247
v 0.00766226 -0.03540214 0.04730247
v 0.00938021 -0.03494066 0.04902238
v 0.01576443 -0.03226583 0.05590202
v 0.01084284 -0.03451931 0.04902238
v 0.01170258 -0.03423590 0.04902238
v 0.01282071 -0.03384464 0.04902238
v 0.01454019 -0.03314991 0.04902238
v 0.01555988 -0.03268091 0.04902238
v 0.01454019 -0.03312860 0.04214274
v 0.01282071 -0.03383210 0.04214274
v 0.01161799 -0.03421960 0.04214274
v 0.00422176 -0.03591880 0.04386265
v 0.00408488 -0.03596896 0.04552186
v 0.00342046 -0.03604797 0.04605301
v 0.00342046 -0.03604797 0.04669038
v 0.00326974 -0.03603417 0.04783868
v 0.00310210 -0.03602038 0.04902238
v 0.00199782 -0.03607305 0.05074229
v 0.00078280 -0.03609813 0.05074229
v 0.00285756 -0.03599906 0.05074229
v 0.00422176 -0.03592131 0.04902238
v 0.00408488 -0.03597147 0.04727718
v 0.00594278 -0.03572568 0.04558256
v 0.00938021 -0.03494693 0.04730247
v 0.00766226 -0.03536954 0.04558256
v 0.00938021 -0.03491934 0.04558256
v 0.01084284 -0.03451931 0.04730247
v 0.01170258 -0.03423590 0.04730247
v 0.01282071 -0.03384715 0.04558256
v 0.01454019 -0.03315242 0.04730247
v 0.01555988 -0.03268217 0.04730247
v 0.01550144 -0.03265583 0.04214274
v 0.01553066 -0.03267088 0.04386265
v 0.01555219 -0.03267965 0.04558256
v 0.01454019 -0.03314239 0.04386265
v 0.01282071 -0.03384214 0.04386265
v 0.01168874 -0.03423590 0.04558256
v 0.01166106 -0.03422963 0.04386265
v 0.01080132 -0.03449172 0.04386265
v 0.01075825 -0.03447542 0.04214274
v 0.00938021 -0.03484285 0.04214274
v 0.00766226 -0.03532314 0.04386265
v 0.00594278 -0.03567928 0.04386265
v 0.01082900 -0.03450552 0.04558256
v 0.00938021 -0.03488548 0.04386265
v 0.01454019 -0.03315117 0.04558256
v -0.01813720 -0.02314392 0.08678468
v -0.00781923 -0.02830366 0.08689094
v -0.00953769 -0.02830366 0.08684034
v -0.00093998 -0.03002210 0.08671382
v 0.00005379 -0.03110365 0.08627861
v -0.01641694 -0.02486383 0.08673912
v -0.01297821 -0.02658374 0.08686564
v -0.00266024 -0.03002210 0.08663792
v -0.01297821 -0.02805272 0.08643043
v -0.00953769 -0.02952168 0.08636971
v -0.00781923 -0.02977703 0.08646585
v -0.00437871 -0.03002210 0.08655188
v -0.00093998 -0.03106550 0.08623814
v -0.01476843 -0.02667620 0.08653165
v -0.01424105 -0.02773427 0.08626344
v -0.01086511 -0.02931036 0.08618247
v -0.00650257 -0.03079694 0.08577762
v -0.00535454 -0.03089673 0.08602053
v -0.00437871 -0.03093635 0.08607620
v -0.00266024 -0.03100093 0.08616222
v -0.00093998 -0.03149987 0.08513492
v -0.00093998 -0.03268562 0.08112190
v -0.01732640 -0.02575901 0.08604077
v -0.01538909 -0.02731016 0.08570171
v -0.01476843 -0.02796026 0.08512986
v -0.01297821 -0.02889066 0.08523108
v -0.01201135 -0.02911078 0.08586365
v -0.00782999 -0.03063552 0.08517541
v -0.00726494 -0.03097451 0.08462887
v -0.00599672 -0.03105522 0.08517541
v -0.00437871 -0.03172000 0.08341434
v -0.00210416 -0.03263425 0.08094478
v -0.00437871 -0.03124013 0.08513492
v -0.00266024 -0.03137074 0.08513492
v -0.00093998 -0.03291748 0.07997821
v 0.00005379 -0.03268708 0.08114214
v 0.00005379 -0.03255795 0.08163808
v -0.01571556 -0.02755963 0.08455296
v -0.01718469 -0.02737620 0.08234149
v -0.01689588 -0.02716047 0.08341434
v -0.01603665 -0.02775628 0.08341434
v -0.01454779 -0.02865439 0.08329288
v -0.01355223 -0.02904475 0.08378375
v -0.01240599 -0.02927514 0.08471996
v -0.01136558 -0.02950261 0.08523108
v -0.00953769 -0.03011896 0.08513492
v -0.00841118 -0.03079694 0.08397100
v -0.00889551 -0.03095543 0.08282225
v -0.00782999 -0.03111833 0.08340421
v -0.00781923 -0.03154390 0.08169375
v -0.00609897 -0.03190491 0.08169375
v -0.00609897 -0.03149694 0.08341434
v -0.00325040 -0.03257262 0.08068163
v -0.00267100 -0.03275019 0.08005412
v 0.00005379 -0.03291895 0.07997821
v -0.00266024 -0.03307597 0.07825763
v -0.00266024 -0.03337828 0.07653703
v -0.00093998 -0.03320805 0.07825763
v -0.01742506 -0.02754643 0.08119275
v -0.01653353 -0.02794706 0.08173929
v -0.01495499 -0.02885544 0.08169375
v -0.01387511 -0.02918122 0.08263501
v -0.01297821 -0.02938961 0.08329288
v -0.01297821 -0.03017619 0.07997821
v -0.01125795 -0.03000156 0.08341434
v -0.01160057 -0.03069862 0.07997821
v -0.01110907 -0.03050051 0.08156217
v -0.01003996 -0.03076172 0.08204292
v -0.00949464 -0.03106550 0.08156217
v -0.00953769 -0.03140742 0.07997821
v -0.00781923 -0.03191664 0.07997821
v -0.00701381 -0.03261665 0.07746817
v -0.00609897 -0.03226885 0.07997821
v -0.00450248 -0.03250511 0.08005412
v -0.00401098 -0.03267975 0.07953794
v -0.00609897 -0.03327262 0.07481644
v -0.00437871 -0.03350301 0.07481644
v -0.00266024 -0.03366591 0.07481644
v -0.00093998 -0.03348834 0.07653703
v -0.01763314 -0.02769318 0.07997821
v -0.01688871 -0.02893909 0.07653703
v -0.01641694 -0.02844307 0.07997821
v -0.01534245 -0.02905208 0.07997821
v -0.01448142 -0.02949820 0.07997821
v -0.01409575 -0.02929275 0.08169375
v -0.01290646 -0.03058856 0.07826775
v -0.01196112 -0.03082776 0.07884464
v -0.01074134 -0.03099946 0.07997821
v -0.01043818 -0.03089673 0.08089924
v -0.01133688 -0.03114914 0.07826775
v -0.00953769 -0.03173614 0.07825763
v -0.00767931 -0.03230553 0.07813111
v -0.00732055 -0.03271056 0.07653703
v -0.00609897 -0.03356759 0.07309584
v -0.00437871 -0.03378037 0.07309584
v -0.00266024 -0.03393300 0.07309584
v -0.00093998 -0.03424998 0.07176998
v -0.00093998 -0.03404012 0.07309584
v -0.00004667 -0.03604326 0.03947346
v -0.00009510 -0.03604326 0.03947346
v -0.01827173 -0.02800428 0.07658257
v -0.01712908 -0.02907850 0.07524152
v -0.01576040 -0.02927221 0.07791857
v -0.01553618 -0.02915041 0.07906225
v -0.01636671 -0.02882315 0.07839932
v -0.01485633 -0.02965523 0.07839932
v -0.01342487 -0.03072210 0.07653703
v -0.01228760 -0.03094222 0.07770096
v -0.01125795 -0.03148814 0.07653703
v -0.00885246 -0.03265774 0.07426990
v -0.00853316 -0.03255648 0.07541864
v -0.00790353 -0.03285438 0.07483162
v -0.00818157 -0.03245815 0.07653703
v -0.00781923 -0.03318017 0.07309584
v -0.00781923 -0.03343258 0.07137526
v -0.00609897 -0.03380532 0.07137526
v -0.00437871 -0.03401811 0.07137526
v -0.00204138 -0.03434683 0.07067690
v -0.00093998 -0.03438352 0.07090968
v 0.00005379 -0.03431014 0.07142586
v -0.00234274 -0.03606527 0.04417979
v -0.00281271 -0.03603005 0.04370916
v -0.00437871 -0.03592880 0.04386097
v -0.01827173 -0.02839611 0.07474559
v -0.01798831 -0.02859863 0.07472534
v -0.01469668 -0.03011309 0.07653703
v -0.01602948 -0.02941309 0.07653703
v -0.01731743 -0.02918709 0.07409278
v -0.01650125 -0.02949967 0.07472534
v -0.01369035 -0.03082336 0.07531238
v -0.01306073 -0.03115208 0.07477089
v -0.01256384 -0.03104788 0.07653703
v -0.01125795 -0.03178751 0.07481644
v -0.01031262 -0.03257409 0.07206856
v -0.01003278 -0.03248604 0.07309584
v -0.00917355 -0.03275899 0.07309584
v -0.00965788 -0.03287346 0.07144611
v -0.00953769 -0.03316109 0.06965466
v -0.00953769 -0.03361308 0.06621854
v -0.00879147 -0.03435564 0.06218021
v -0.00781923 -0.03364536 0.06965466
v -0.00609897 -0.03401077 0.06965466
v -0.00502268 -0.03429547 0.06854640
v -0.00442176 -0.03423090 0.06967997
v -0.00387465 -0.03436591 0.06912331
v -0.00266024 -0.03465794 0.06793407
v -0.00263154 -0.03442461 0.06967997
v -0.00093998 -0.03482083 0.06793407
v -0.00093998 -0.03457282 0.06965466
v 0.00005379 -0.03438645 0.07092993
v -0.00093998 -0.03613131 0.04558156
v -0.00242525 -0.03606968 0.04558156
v -0.00328449 -0.03603005 0.04558156
v -0.00437871 -0.03594494 0.04558156
v -0.00609897 -0.03578058 0.04558156
v -0.00609897 -0.03574682 0.04386097
v -0.01469668 -0.03314054 0.04386097
v -0.01565995 -0.03265774 0.04386097
v -0.01827173 -0.02845628 0.07442677
v -0.01456573 -0.03048143 0.07477089
v -0.01390382 -0.03091581 0.07416869
v -0.01827173 -0.02983426 0.06621854
v -0.01813720 -0.02991351 0.06621854
v -0.01683848 -0.03064432 0.06621854
v -0.01597746 -0.03110659 0.06621854
v -0.01469668 -0.03179191 0.06621854
v -0.01469668 -0.03152042 0.06793407
v -0.01336747 -0.03242734 0.06621854
v -0.01297821 -0.03202378 0.06965466
v -0.01200238 -0.03256528 0.06855652
v -0.01174587 -0.03247723 0.06965466
v -0.01120234 -0.03237304 0.07144611
v -0.01125795 -0.03207954 0.07309584
v -0.01059066 -0.03266654 0.07091980
v -0.01088663 -0.03275606 0.06965466
v -0.01226248 -0.03265186 0.06741284
v -0.01125795 -0.03311413 0.06621854
v -0.00953769 -0.03383761 0.06449795
v -0.01125795 -0.03333279 0.06449795
v -0.01125795 -0.03353090 0.06277736
v -0.01125795 -0.03370993 0.06105677
v -0.00983367 -0.03415018 0.06105677
v -0.00897623 -0.03440993 0.06105677
v -0.00781923 -0.03478855 0.05934123
v -0.00781923 -0.03464327 0.06105677
v -0.00786766 -0.03446130 0.06276218
v -0.00699946 -0.03433069 0.06543415
v -0.00606309 -0.03420448 0.06795938
v -0.00546575 -0.03435710 0.06740271
v -0.00661199 -0.03426759 0.06657784
v -0.00442176 -0.03444222 0.06795938
v -0.00437871 -0.03465060 0.06621854
v -0.00266024 -0.03486779 0.06621854
v -0.00093998 -0.03502481 0.06621854
v 0.00005379 -0.03614159 0.04730215
v -0.00093998 -0.03610783 0.04730215
v -0.00209878 -0.03605794 0.04730215
v -0.00190684 -0.03604767 0.04847620
v -0.00014174 -0.03604620 0.05348616
v -0.00266024 -0.03595374 0.05074333
v -0.00266024 -0.03591559 0.05246393
v -0.00437871 -0.03584808 0.05074333
v -0.00437871 -0.03588477 0.04902275
v -0.00437871 -0.03591559 0.04730215
v -0.00609897 -0.03575710 0.04730215
v -0.00781923 -0.03542838 0.04730215
v -0.00781923 -0.03544746 0.04558156
v -0.00781923 -0.03541810 0.04386097
v -0.00953769 -0.03487366 0.04214038
v -0.01297821 -0.03385228 0.04386097
v -0.01469668 -0.03318310 0.04558156
v -0.01570121 -0.03267828 0.04558156
v -0.01656044 -0.03221895 0.04558156
v -0.01407243 -0.03100386 0.07309584
v -0.01813720 -0.03016298 0.06449795
v -0.01705015 -0.03075879 0.06449795
v -0.01469668 -0.03201937 0.06449795
v -0.01367062 -0.03254180 0.06449795
v -0.01250823 -0.03273405 0.06621854
v -0.01289211 -0.03233048 0.06796443
v -0.01281139 -0.03283971 0.06449795
v -0.01297821 -0.03314494 0.06105677
v -0.01297821 -0.03331811 0.05934123
v -0.01125795 -0.03386842 0.05934123
v -0.01007045 -0.03422649 0.05934123
v -0.00921122 -0.03447450 0.05934123
v -0.00781923 -0.03506297 0.05590005
v -0.00781923 -0.03492649 0.05762064
v -0.00609897 -0.03553551 0.05417946
v -0.00609897 -0.03539316 0.05590005
v -0.00609897 -0.03491182 0.06105677
v -0.00609897 -0.03474599 0.06277736
v -0.00609897 -0.03457136 0.06449795
v -0.00609897 -0.03523467 0.05762064
v -0.00609897 -0.03507471 0.05934123
v -0.00606309 -0.03440700 0.06609202
v -0.00437871 -0.03482964 0.06449795
v -0.00266024 -0.03504389 0.06449795
v -0.00266024 -0.03521119 0.06277736
v -0.00266024 -0.03537701 0.06105677
v -0.00266024 -0.03553844 0.05934123
v -0.00093998 -0.03518624 0.06449795
v 0.00005379 -0.03509379 0.06548982
v 0.00005379 -0.03604620 0.05348616
v -0.00104402 -0.03607702 0.04903793
v -0.00093998 -0.03591706 0.05590005
v -0.00080545 -0.03598896 0.05410861
v -0.00437871 -0.03580846 0.05246393
v -0.00609897 -0.03572188 0.04902275
v -0.00609897 -0.03567932 0.05074333
v -0.00781923 -0.03537848 0.04902275
v -0.00953769 -0.03490595 0.04902275
v -0.01099067 -0.03449505 0.04902275
v -0.00953769 -0.03493970 0.04730215
v -0.00953769 -0.03493823 0.04558156
v -0.00953769 -0.03492062 0.04386097
v -0.01180865 -0.03422796 0.04386097
v -0.01297821 -0.03388310 0.04558156
v -0.01297821 -0.03385962 0.04730215
v -0.01297821 -0.03382587 0.04902275
v -0.01469668 -0.03314641 0.04730215
v -0.01568686 -0.03266947 0.04730215
v -0.01654609 -0.03221895 0.04730215
v -0.01798472 -0.03046969 0.06269132
v -0.01458726 -0.03225711 0.06289881
v -0.01381413 -0.03259316 0.06355669
v -0.01313607 -0.03289841 0.06289881
v -0.01425720 -0.03281622 0.05934123
v -0.01297821 -0.03345019 0.05762064
v -0.01109113 -0.03406654 0.05746882
v -0.01393969 -0.03265333 0.06240793
v -0.01407961 -0.03272524 0.06105677
v -0.01025342 -0.03428079 0.05794452
v -0.01040589 -0.03432482 0.05679577
v -0.00953769 -0.03462565 0.05590005
v -0.00781923 -0.03518184 0.05417946
v -0.00437871 -0.03574096 0.05417946
v -0.00437871 -0.03562943 0.05590005
v -0.00609897 -0.03562796 0.05246393
v -0.00437871 -0.03548267 0.05762064
v -0.00437871 -0.03515983 0.06105677
v -0.00437871 -0.03499547 0.06277736
v -0.00437871 -0.03532125 0.05934123
v -0.00266024 -0.03569253 0.05762064
v -0.00093998 -0.03565731 0.05934123
v -0.00093998 -0.03550322 0.06105677
v 0.00005379 -0.03580259 0.05762064
v -0.00093998 -0.03580406 0.05762064
v -0.00266024 -0.03580699 0.05590005
v -0.00266024 -0.03587010 0.05417946
v -0.00781923 -0.03532565 0.05074333
v -0.00953769 -0.03485165 0.05074333
v -0.01092072 -0.03446863 0.05074333
v -0.01177995 -0.03422649 0.05074333
v -0.01185170 -0.03424411 0.04902275
v -0.01099606 -0.03450532 0.04730215
v -0.01183914 -0.03423970 0.04558156
v -0.01185529 -0.03424264 0.04730215
v -0.01297821 -0.03376423 0.05074333
v -0.01469668 -0.03308038 0.04902275
v -0.01563125 -0.03263866 0.04902275
v -0.01649228 -0.03221015 0.04902275
v -0.01827173 -0.03127388 0.04887599
v -0.01813720 -0.03136340 0.04730215
v -0.01827173 -0.03049611 0.06105677
v -0.01741429 -0.03095543 0.06105677
v -0.01641694 -0.03148814 0.06105677
v -0.01494063 -0.03227325 0.06105677
v -0.01511643 -0.03236717 0.05934123
v -0.01436662 -0.03287933 0.05762064
v -0.01297821 -0.03353677 0.05590005
v -0.01165797 -0.03418394 0.05246393
v -0.01152702 -0.03413698 0.05417946
v -0.01136558 -0.03409002 0.05590005
v -0.01050635 -0.03435710 0.05590005
v -0.00953769 -0.03472398 0.05417946
v -0.00781923 -0.03526695 0.05246393
v -0.00953769 -0.03479442 0.05246393
v -0.01079874 -0.03443928 0.05246393
v -0.01066779 -0.03440553 0.05417946
v -0.01827173 -0.03115501 0.05246393
v -0.01810670 -0.03131790 0.05074333
v -0.01827173 -0.03123279 0.05074333
v -0.01827173 -0.03129002 0.04730215
v -0.01757394 -0.03104642 0.05934123
v -0.01641694 -0.03167157 0.05934123
v -0.01770848 -0.03111833 0.05762064
v -0.01641694 -0.03180218 0.05762064
v -0.03621106 0.00030073 0.04443261
v -0.03623947 0.00067305 0.04558065
v -0.03568134 0.00609874 0.04386119
v -0.02845733 0.00781922 0.08688938
v -0.03627791 -0.00002355 0.04723778
v -0.03626287 0.00110843 0.04714428
v -0.03619769 0.00179302 0.04646376
v -0.03532373 0.00781922 0.04386119
v -0.03594369 0.00437825 0.04558065
v -0.03572479 0.00609874 0.04558065
v -0.03482241 0.00953670 0.04214172
v -0.01995163 0.02339667 0.08655172
v -0.02168786 0.02168218 0.08656210
v -0.02501829 0.01641564 0.08683743
v -0.02673948 0.01297767 0.08686340
v -0.02845733 0.00953670 0.08682185
v -0.03017686 0.00265777 0.08670756
v -0.03017686 0.00093728 0.08677509
v -0.03127809 0.00093728 0.08630236
v -0.03625785 0.00098833 0.04894685
v -0.03620438 0.00187709 0.04832868
v -0.03620438 0.00187709 0.04761180
v -0.03613921 0.00253166 0.04714428
v -0.03486084 0.00953670 0.04386119
v -0.03453833 0.01060262 0.04214172
v -0.03535047 0.00781922 0.04558065
v -0.03595539 0.00437825 0.04730012
v -0.03570473 0.00609874 0.04730012
v -0.03427764 0.01146437 0.04214172
v -0.03379137 0.01297767 0.04214172
v -0.02095092 0.02949493 0.04214172
v -0.01985972 0.03022756 0.04214172
v -0.01943861 0.02451663 0.08628678
v -0.02118654 0.02288923 0.08631276
v -0.02337563 0.01991966 0.08654132
v -0.02285426 0.02117775 0.08630236
v -0.02505839 0.01811511 0.08646341
v -0.02634511 0.01641564 0.08636471
v -0.02684977 0.01478523 0.08652575
v -0.02814150 0.01297767 0.08642704
v -0.02965549 0.00953670 0.08634912
v -0.02990447 0.00781922 0.08646341
v -0.03121793 0.00265777 0.08623484
v -0.03126472 -0.00002355 0.08628678
v -0.03172092 0.00093728 0.08513355
v -0.03624782 -0.00002355 0.05010010
v -0.03623112 0.00042984 0.05074424
v -0.03620772 0.00017462 0.05182475
v -0.03611581 0.00253166 0.04894685
v -0.03591529 0.00437825 0.04901958
v -0.03454836 0.01064166 0.04386119
v -0.03487421 0.00953670 0.04558065
v -0.03455504 0.01066568 0.04558065
v -0.03429436 0.01150340 0.04386119
v -0.03532874 0.00781922 0.04730012
v -0.03487421 0.00953670 0.04730012
v -0.03456005 0.01068970 0.04730012
v -0.03565460 0.00609874 0.04901958
v -0.03523349 0.00781922 0.05074424
v -0.03528363 0.00781922 0.04901958
v -0.03382144 0.01297767 0.04386119
v -0.03313130 0.01459006 0.04214172
v -0.02180985 0.02880734 0.04214172
v -0.02291609 0.02797562 0.04386119
v -0.02182489 0.02883436 0.04386119
v -0.02096429 0.02949793 0.04386119
v -0.01985972 0.03023657 0.04386119
v -0.01920801 0.03065092 0.04386119
v -0.02058496 0.02403622 0.08562705
v -0.02233289 0.02232474 0.08567380
v -0.02451196 0.01939121 0.08628158
v -0.02603095 0.01752960 0.08617251
v -0.02785408 0.01427179 0.08625042
v -0.02944326 0.01075576 0.08615691
v -0.03103411 0.00522798 0.08599068
v -0.03111767 0.00408099 0.08611017
v -0.03159726 0.00265777 0.08513355
v -0.03211863 0.00093728 0.08341409
v -0.03192479 -0.00002355 0.08417771
v -0.03620772 -0.00002355 0.05182475
v -0.03602223 0.00265777 0.05074424
v -0.03586349 0.00093728 0.05762210
v -0.03577324 0.00437825 0.05246371
v -0.03584844 0.00437825 0.05074424
v -0.03547747 0.00609874 0.05418317
v -0.03554264 0.00609874 0.05246371
v -0.03559946 0.00609874 0.05074424
v -0.03431441 0.01154844 0.04730012
v -0.03484413 0.00953670 0.04901958
v -0.03455170 0.01067168 0.04901958
v -0.03431608 0.01153343 0.04901958
v -0.03513156 0.00781922 0.05418317
v -0.03518336 0.00781922 0.05246371
v -0.03479567 0.00953670 0.05074424
v -0.03452663 0.01059061 0.05074424
v -0.03314466 0.01462309 0.04386119
v -0.03381309 0.01297767 0.04558065
v -0.03271854 0.01547883 0.04386119
v -0.03270183 0.01544881 0.04214172
v -0.02377669 0.02727301 0.04386119
v -0.02379173 0.02728502 0.04558065
v -0.02293113 0.02797862 0.04558065
v -0.02182489 0.02884036 0.04558065
v -0.02182489 0.02884036 0.04730012
v -0.02096596 0.02949493 0.04558065
v -0.02096596 0.02949193 0.04730012
v -0.02095761 0.02948292 0.04901958
v -0.01985972 0.03022156 0.04558065
v -0.01985972 0.03020354 0.04730012
v -0.01920801 0.02531232 0.08511796
v -0.01995163 0.02471781 0.08508679
v -0.02079050 0.02421337 0.08447901
v -0.02212067 0.02385006 0.08169462
v -0.02183324 0.02356481 0.08341409
v -0.02156086 0.02327656 0.08507641
v -0.02251504 0.02251991 0.08452576
v -0.02400061 0.02053820 0.08548159
v -0.02567836 0.01870362 0.08513355
v -0.02621811 0.01784487 0.08513355
v -0.02749647 0.01541578 0.08567899
v -0.02803623 0.01478523 0.08511796
v -0.02896534 0.01290861 0.08512316
v -0.02921433 0.01190275 0.08568939
v -0.03020360 0.00953670 0.08513355
v -0.03075505 0.00775316 0.08508679
v -0.03094889 0.00609874 0.08571536
v -0.03108425 0.00713763 0.08448420
v -0.03116947 0.00609874 0.08485822
v -0.03128979 0.00454339 0.08530498
v -0.03199330 0.00265777 0.08341409
v -0.03249629 0.00093728 0.08169462
v -0.03571309 0.00093728 0.05934157
v -0.03554932 0.00265777 0.05934157
v -0.03537720 0.00437825 0.05934157
v -0.03550922 0.00437825 0.05762210
v -0.03559946 0.00437825 0.05590264
v -0.03568802 0.00437825 0.05418317
v -0.03532373 0.00609874 0.05762210
v -0.03540561 0.00609874 0.05590264
v -0.03507474 0.00781922 0.05590264
v -0.03429436 0.01144935 0.05074424
v -0.03377967 0.01297767 0.04901958
v -0.03379972 0.01297767 0.04730012
v -0.03449823 0.01047651 0.05246371
v -0.03084863 0.01866158 0.04042226
v -0.03312628 0.01460808 0.04558065
v -0.03271520 0.01546682 0.04558065
v -0.03221054 0.01641564 0.04386119
v -0.03222558 0.01641564 0.04558065
v -0.03141344 0.01796798 0.04730012
v -0.03217211 0.01641564 0.04214172
v -0.02630835 0.02463073 0.04042226
v -0.02550624 0.02548947 0.04042226
v -0.02467739 0.02637223 0.04214172
v -0.02469912 0.02641127 0.04386119
v -0.02470747 0.02642628 0.04558065
v -0.02471081 0.02641727 0.04730012
v -0.02471081 0.02639925 0.04901958
v -0.02378171 0.02727601 0.04730012
v -0.02292111 0.02797862 0.04730012
v -0.02181821 0.02883736 0.04901958
v -0.02180150 0.02882535 0.05074424
v -0.02094257 0.02946790 0.05074424
v -0.01985972 0.03017351 0.04901958
v -0.02097265 0.02436350 0.08341409
v -0.02232119 0.02404522 0.08045826
v -0.02417608 0.02073337 0.08433355
v -0.02268381 0.02270607 0.08341409
v -0.02354274 0.02175125 0.08341409
v -0.02431644 0.02088950 0.08341409
v -0.02469745 0.01991966 0.08499849
v -0.02583210 0.01892581 0.08412057
v -0.02639357 0.01826524 0.08349200
v -0.02730096 0.01677295 0.08341409
v -0.02766692 0.01566800 0.08453615
v -0.02853253 0.01469816 0.08341409
v -0.02930122 0.01379738 0.08248422
v -0.02917923 0.01350913 0.08341409
v -0.02938310 0.01229008 0.08454134
v -0.02959031 0.01129922 0.08512316
v -0.03002646 0.01125719 0.08341409
v -0.03106921 0.00877104 0.08268682
v -0.03092884 0.00828462 0.08383486
v -0.03119119 0.00775316 0.08332058
v -0.03154045 0.00781922 0.08169462
v -0.03273024 0.00677432 0.07725830
v -0.03187800 0.00609874 0.08169462
v -0.03149700 0.00609874 0.08341409
v -0.03174599 0.00437825 0.08341409
v -0.03212866 0.00437825 0.08169462
v -0.03237096 0.00265777 0.08169462
v -0.03265504 0.00265777 0.08032320
v -0.03271687 0.00093728 0.08061930
v -0.03465196 0.00093728 0.06793889
v -0.03448820 0.00197318 0.06888434
v -0.03437122 0.00259171 0.06953888
v -0.03445311 0.00312017 0.06857785
v -0.03451828 0.00385580 0.06743500
v -0.03535715 0.00265777 0.06105584
v -0.03519172 0.00437825 0.06105584
v -0.03518169 0.00609874 0.05934157
v -0.03498952 0.00781922 0.05762210
v -0.03466533 0.00934154 0.05590264
v -0.03448151 0.01041046 0.05340396
v -0.03372452 0.01297767 0.05074424
v -0.03425425 0.01133826 0.05246371
v -0.03349057 0.01297767 0.05590264
v -0.03356912 0.01297767 0.05418317
v -0.03307949 0.01451200 0.04901958
v -0.03310289 0.01456304 0.04730012
v -0.03136832 0.01785088 0.04214172
v -0.03008996 0.01985361 0.04042226
v -0.03087202 0.01870962 0.04214172
v -0.03220887 0.01641564 0.04730012
v -0.03139673 0.01797098 0.04901958
v -0.03216709 0.01641564 0.04901958
v -0.03140843 0.01793195 0.04558065
v -0.03093719 0.01882972 0.04730012
v -0.03094220 0.01882972 0.04901958
v -0.03139005 0.01789291 0.04386119
v -0.02719902 0.02369993 0.04214172
v -0.02634010 0.02465175 0.04214172
v -0.02553799 0.02551049 0.04214172
v -0.02555804 0.02552851 0.04386119
v -0.02556807 0.02553451 0.04558065
v -0.02557141 0.02554052 0.04730012
v -0.02556974 0.02554352 0.04901958
v -0.02556473 0.02554652 0.05074424
v -0.02555804 0.02554652 0.05246371
v -0.02470413 0.02637824 0.05074424
v -0.02469745 0.02635422 0.05246371
v -0.02376332 0.02725800 0.04901958
v -0.02287766 0.02796361 0.05074424
v -0.02290273 0.02797562 0.04901958
v -0.02285092 0.02794259 0.05246371
v -0.02176640 0.02880133 0.05246371
v -0.01985972 0.03012547 0.05074424
v -0.02090581 0.02944088 0.05246371
v -0.01920801 0.03056385 0.04901958
v -0.02015884 0.02544443 0.08169462
v -0.02126174 0.02458269 0.08169462
v -0.02294116 0.02299131 0.08169462
v -0.02249165 0.02420136 0.07931022
v -0.02349595 0.02345371 0.07825568
v -0.02324864 0.02324654 0.07980892
v -0.02380176 0.02203949 0.08169462
v -0.02457713 0.02117775 0.08169462
v -0.02528900 0.01976653 0.08349200
v -0.02543773 0.02021092 0.08169462
v -0.02598584 0.01913599 0.08297253
v -0.02705030 0.01797699 0.08155955
v -0.02747475 0.01706420 0.08204266
v -0.02896033 0.01464711 0.08182448
v -0.02943324 0.01403759 0.08134137
v -0.03081186 0.01332297 0.07653622
v -0.03107255 0.01220300 0.07754400
v -0.02971732 0.01312780 0.08182448
v -0.02952180 0.01264739 0.08341409
v -0.03044089 0.01125719 0.08169462
v -0.03088873 0.00996607 0.08169462
v -0.03100570 0.01030537 0.08069722
v -0.03118117 0.00910733 0.08169462
v -0.03190473 0.00781922 0.07997515
v -0.03294414 0.00615879 0.07662454
v -0.03281379 0.00562733 0.07765829
v -0.03261159 0.00615879 0.07824530
v -0.03224897 0.00609874 0.07997515
v -0.03284555 0.00725473 0.07611544
v -0.03328671 0.00609874 0.07481676
v -0.03254141 0.00427917 0.07985048
v -0.03277369 0.00363661 0.07919594
v -0.03281881 0.00265777 0.07946607
v -0.03288064 0.00093728 0.07975697
v -0.03305610 -0.00002355 0.07892062
v -0.03451326 0.00093728 0.06906096
v -0.03413393 0.00265777 0.07137783
v -0.03398688 0.00437825 0.07137783
v -0.03419576 0.00437825 0.06965836
v -0.03438793 0.00440828 0.06798045
v -0.03459013 0.00440828 0.06624540
v -0.03499453 0.00437825 0.06277531
v -0.03451661 0.00552824 0.06568956
v -0.03498283 0.00609874 0.06105584
v -0.03443807 0.00667523 0.06503502
v -0.03450658 0.00708058 0.06388699
v -0.03457342 0.00734481 0.06277531
v -0.03484246 0.00781922 0.05934157
v -0.03454334 0.00890316 0.05934157
v -0.03461520 0.00915838 0.05762210
v -0.03442135 0.01020028 0.05590264
v -0.03425258 0.01109505 0.05405850
v -0.03411889 0.01125719 0.05590264
v -0.03304774 0.01444294 0.05074424
v -0.03293411 0.01420273 0.05590264
v -0.03297254 0.01428380 0.05418317
v -0.03400526 0.01125719 0.05762210
v -0.03337527 0.01297767 0.05762210
v -0.03287730 0.01408263 0.05762210
v -0.02941987 0.02085047 0.04042226
v -0.03091547 0.01879369 0.04558065
v -0.02792761 0.02284119 0.04214172
v -0.03136331 0.01791994 0.05074424
v -0.03091547 0.01877868 0.05074424
v -0.03210025 0.01641564 0.05074424
v -0.03020360 0.01985361 0.04730012
v -0.02943658 0.02087749 0.04386119
v -0.02942822 0.02086548 0.04214172
v -0.03020025 0.01985361 0.04901958
v -0.03016349 0.01985361 0.05074424
v -0.02721072 0.02371494 0.04386119
v -0.02635180 0.02466676 0.04386119
v -0.02635514 0.02467577 0.04558065
v -0.02635514 0.02467877 0.04730012
v -0.02635180 0.02468478 0.04901958
v -0.02634845 0.02468478 0.05074424
v -0.02634010 0.02468478 0.05246371
v -0.02553465 0.02552851 0.05418317
v -0.02370985 0.02721596 0.05246371
v -0.02373826 0.02723698 0.05074424
v -0.02467572 0.02631519 0.05418317
v -0.02365637 0.02717693 0.05418317
v -0.02279745 0.02789154 0.05418317
v -0.02169120 0.02875329 0.05418317
v -0.01920801 0.03054283 0.04977283
v -0.01985972 0.03005942 0.05246371
v -0.02083228 0.02938984 0.05418317
v -0.01985972 0.02996934 0.05418317
v -0.01920801 0.02752223 0.07604272
v -0.02042287 0.02564861 0.07997515
v -0.02167951 0.02468778 0.07992321
v -0.02417273 0.02245085 0.07915957
v -0.02400563 0.02226469 0.08030762
v -0.02181152 0.02539038 0.07653622
v -0.02263535 0.02432747 0.07825568
v -0.02372990 0.02370593 0.07653622
v -0.02429472 0.02259197 0.07825568
v -0.02568003 0.02048415 0.07997515
v -0.02469577 0.02164616 0.07982970
v -0.02614626 0.01935217 0.08169462
v -0.02720738 0.01833430 0.07997515
v -0.02761345 0.01730140 0.08089982
v -0.02908398 0.01516056 0.07997515
v -0.02922602 0.01540076 0.07871283
v -0.02935470 0.01561995 0.07756478
v -0.02958363 0.01430182 0.07997515
v -0.03010500 0.01469816 0.07653622
v -0.03094889 0.01364124 0.07512844
v -0.03117950 0.01246423 0.07653622
v -0.03157888 0.01125719 0.07653622
v -0.03124467 0.01126019 0.07817257
v -0.03113605 0.01068970 0.07954918
v -0.03093886 0.01183369 0.07869205
v -0.03082022 0.01126019 0.08006346
v -0.03135496 0.00965380 0.08006346
v -0.03175936 0.00953670 0.07825568
v -0.03225399 0.00781922 0.07825568
v -0.03269181 0.00478360 0.07880633
v -0.03209189 0.00953670 0.07653622
v -0.03267509 0.00840172 0.07522714
v -0.03293578 0.00782523 0.07471805
v -0.03318477 0.00781922 0.07309729
v -0.03347052 0.00437825 0.07481676
v -0.03317140 0.00437825 0.07653622
v -0.03354572 0.00609874 0.07309729
v -0.03374792 0.00437825 0.07309729
v -0.03302435 0.00265777 0.07825568
v -0.03314801 0.00093728 0.07825568
v -0.03420913 0.00093728 0.07137783
v -0.03440130 0.00093728 0.06992330
v -0.03397184 0.00093728 0.07309729
v -0.03388160 0.00265777 0.07309729
v -0.03376129 0.00609874 0.07137783
v -0.03444809 0.00500279 0.06683760
v -0.03458178 0.00610174 0.06447399
v -0.03437290 0.00610174 0.06624540
v -0.03363094 0.00781922 0.06965836
v -0.03383983 0.00781922 0.06793889
v -0.03428099 0.00772014 0.06447399
v -0.03435953 0.00820355 0.06277531
v -0.03464528 0.00787927 0.06096753
v -0.03442971 0.00849480 0.06148700
v -0.03449321 0.00873201 0.06034416
v -0.03368442 0.01125719 0.06105584
v -0.03429101 0.00976190 0.05934157
v -0.03436621 0.01001712 0.05762210
v -0.03185962 0.01641564 0.05590264
v -0.03194651 0.01641564 0.05418317
v -0.03255812 0.01514554 0.05418317
v -0.03384985 0.01125719 0.05934157
v -0.03301098 0.01274047 0.06277531
v -0.03322320 0.01297767 0.05934157
v -0.03271520 0.01374333 0.06141947
v -0.03276366 0.01385143 0.06027663
v -0.03245619 0.01494437 0.05762210
v -0.02879990 0.02173923 0.04386119
v -0.02878821 0.02172722 0.04214172
v -0.02793931 0.02285620 0.04386119
v -0.03128477 0.01776681 0.05418317
v -0.03087369 0.01870061 0.05246371
v -0.03083024 0.01862555 0.05418317
v -0.03000474 0.01985361 0.05418317
v -0.03009163 0.01985361 0.05246371
v -0.02944326 0.02088350 0.04558065
v -0.02943491 0.02086848 0.04901958
v -0.02944159 0.02088049 0.04730012
v -0.02942488 0.02085647 0.05074424
v -0.02939647 0.02082345 0.05246371
v -0.02721406 0.02371194 0.04558065
v -0.02721406 0.02370593 0.04730012
v -0.02721239 0.02369693 0.04901958
v -0.02720738 0.02368792 0.05074424
v -0.02720070 0.02367891 0.05246371
v -0.02631336 0.02466676 0.05418317
v -0.02624652 0.02459470 0.05590264
v -0.02546279 0.02545344 0.05590264
v -0.02460220 0.02624913 0.05590264
v -0.02357616 0.02711087 0.05590264
v -0.02271557 0.02782249 0.05590264
v -0.02262700 0.02775042 0.05762210
v -0.02157924 0.02855212 0.05762210
v -0.02076210 0.02934480 0.05540914
v -0.01920801 0.03013448 0.05762210
v -0.02009367 0.02712288 0.07481676
v -0.02120660 0.02626114 0.07481676
v -0.02206552 0.02557955 0.07481676
v -0.02286930 0.02452864 0.07653622
v -0.02393544 0.02391911 0.07481676
v -0.02451363 0.02284719 0.07653622
v -0.02582207 0.02064629 0.07887387
v -0.02634845 0.01962541 0.07997515
v -0.02764854 0.01907293 0.07590766
v -0.02752488 0.01887176 0.07705050
v -0.02739454 0.01865557 0.07825568
v -0.02896033 0.01667386 0.07653622
v -0.02771873 0.01747555 0.07997515
v -0.02882497 0.01628052 0.07818815
v -0.02947000 0.01581512 0.07653622
v -0.02965215 0.01612139 0.07481676
v -0.03056454 0.01453001 0.07466091
v -0.03104080 0.01384542 0.07398040
v -0.03127809 0.01303172 0.07466091
v -0.03189805 0.01125719 0.07481676
v -0.03246956 0.00941059 0.07471805
v -0.03277870 0.00875303 0.07407910
v -0.03341203 0.00781922 0.07137783
v -0.03285056 0.00899924 0.07309729
v -0.03293912 0.00957874 0.07126874
v -0.03316973 0.00953670 0.06965836
v -0.03360254 0.00265777 0.07481676
v -0.03343710 0.00093728 0.07653622
v -0.03334519 -0.00002355 0.07729466
v -0.03423085 -0.00002355 0.07137783
v -0.03374290 -0.00002355 0.07481676
v -0.03371450 0.00093728 0.07481676
v -0.03339532 0.00953670 0.06793889
v -0.03360755 0.00953670 0.06621423
v -0.03404704 0.00781922 0.06621423
v -0.03380641 0.00953670 0.06449477
v -0.03399858 0.00953670 0.06277531
v -0.03350896 0.01125719 0.06277531
v -0.03123965 0.01767673 0.05590264
v -0.03173596 0.01641564 0.05762210
v -0.03265504 0.01359921 0.06277531
v -0.03291239 0.01250627 0.06449477
v -0.03255645 0.01336801 0.06449477
v -0.03237263 0.01453301 0.06093116
v -0.03212699 0.01469816 0.06277531
v -0.03158724 0.01641564 0.05934157
v -0.02879489 0.02174224 0.04558065
v -0.02793429 0.02285320 0.04558065
v -0.03078011 0.01853547 0.05590264
v -0.02980421 0.01998872 0.05578316
v -0.02932629 0.02072736 0.05512862
v -0.02935303 0.02076339 0.05418317
v -0.02877985 0.02173023 0.04901958
v -0.02877150 0.02171822 0.05074424
v -0.02878653 0.02173923 0.04730012
v -0.02876314 0.02168218 0.05246371
v -0.02872638 0.02162514 0.05418317
v -0.02792761 0.02284419 0.04730012
v -0.02791257 0.02282617 0.05074424
v -0.02790254 0.02281717 0.05246371
v -0.02717396 0.02363687 0.05418317
v -0.02615628 0.02448360 0.05762210
v -0.02710545 0.02354679 0.05590264
v -0.02754828 0.02236978 0.06105584
v -0.02606437 0.02437251 0.05934157
v -0.02590729 0.02418935 0.06217271
v -0.02584379 0.02411428 0.06332075
v -0.02535417 0.02534535 0.05762210
v -0.02412093 0.02584077 0.06334673
v -0.02419613 0.02590683 0.06219869
v -0.02449358 0.02616205 0.05762210
v -0.02348760 0.02702380 0.05762210
v -0.02252339 0.02766635 0.05934157
v -0.02157924 0.02839298 0.05934157
v -0.02062674 0.02925472 0.05762210
v -0.02069358 0.02929976 0.05655718
v -0.01976614 0.02979218 0.05762210
v -0.01920801 0.02777144 0.07481676
v -0.02033263 0.02731505 0.07309729
v -0.02142216 0.02645330 0.07309729
v -0.02228109 0.02574469 0.07309729
v -0.02307484 0.02471781 0.07481676
v -0.02469243 0.02306038 0.07481676
v -0.02418944 0.02418935 0.07239600
v -0.02628663 0.02119276 0.07481676
v -0.02537423 0.02183532 0.07653622
v -0.02595743 0.02080843 0.07773102
v -0.02609947 0.02097658 0.07653622
v -0.02714722 0.02009381 0.07481676
v -0.02704362 0.01973050 0.07649986
v -0.02775382 0.01923507 0.07481676
v -0.02843561 0.01813613 0.07481676
v -0.02913913 0.01698013 0.07481676
v -0.02802954 0.01823221 0.07649986
v -0.02925610 0.01717530 0.07354923
v -0.02972066 0.01652674 0.07302456
v -0.03066147 0.01483027 0.07309729
v -0.03110430 0.01396853 0.07309729
v -0.03176771 0.01297767 0.07137783
v -0.03152875 0.01297767 0.07309729
v -0.03216375 0.01125719 0.07309729
v -0.03259990 0.00986098 0.07309729
v -0.03269348 0.01017926 0.07177263
v -0.03277202 0.01044649 0.07062978
v -0.03284053 0.01065367 0.06965836
v -0.03295751 0.01101998 0.06793889
v -0.03304607 0.01140732 0.06633891
v -0.03331846 0.01125719 0.06449477
v -0.03117615 0.01755062 0.05762210
v -0.03105584 0.01731041 0.06039610
v -0.03110263 0.01740049 0.05934157
v -0.03192646 0.01469816 0.06449477
v -0.03282549 0.01228708 0.06584541
v -0.03137000 0.01621747 0.06277531
v -0.03100236 0.01720532 0.06154414
v -0.03070993 0.01840936 0.05762210
v -0.02962039 0.01944225 0.06277531
v -0.02970061 0.01953233 0.06105584
v -0.02779392 0.02268805 0.05590264
v -0.02786578 0.02277813 0.05418317
v -0.02900377 0.02030400 0.06277531
v -0.02771371 0.02258296 0.05762210
v -0.02764854 0.02249889 0.05899872
v -0.02759340 0.02242683 0.06014676
v -0.02814317 0.02139394 0.06277531
v -0.02745303 0.02225568 0.06277531
v -0.02646710 0.02344170 0.06275972
v -0.02677792 0.02329458 0.06105584
v -0.02576860 0.02401820 0.06449477
v -0.02490800 0.02491298 0.06449477
v -0.02403571 0.02577171 0.06449477
v -0.02237801 0.02754324 0.06148181
v -0.02245822 0.02761230 0.06033896
v -0.02338399 0.02692771 0.05934157
v -0.02171460 0.02811674 0.06096753
v -0.02050809 0.02918266 0.05934157
v -0.01964917 0.02971712 0.05934157
v -0.01950880 0.02963005 0.06105584
v -0.01947203 0.02790656 0.07309729
v -0.02055488 0.02747719 0.07137783
v -0.02172630 0.02651035 0.07143497
v -0.02239807 0.02584077 0.07204795
v -0.02370316 0.02548947 0.06793889
v -0.02341741 0.02475984 0.07301937
v -0.02428804 0.02429144 0.07137783
v -0.02563157 0.02384105 0.06621423
v -0.02644705 0.02137292 0.07309729
v -0.02755329 0.02065530 0.07024537
v -0.02745637 0.02052318 0.07137783
v -0.02730764 0.02031901 0.07309729
v -0.02789920 0.01945727 0.07309729
v -0.02950008 0.01927711 0.06449477
v -0.03013675 0.01813613 0.06449477
v -0.03090878 0.01530468 0.06965836
v -0.03099233 0.01546682 0.06847915
v -0.03139673 0.01481526 0.06791811
v -0.03169084 0.01469816 0.06621423
v -0.03274528 0.01208290 0.06698825
v -0.03268011 0.01187872 0.06793889
v -0.03246621 0.01111607 0.07126874
v -0.03063473 0.01798299 0.06100389
v -0.03107255 0.01561995 0.06733111
v -0.03115109 0.01576708 0.06621423
v -0.03126806 0.01600128 0.06449477
v -0.03093552 0.01707621 0.06277531
v -0.03037739 0.01813613 0.06277531
v -0.03063306 0.01826223 0.05934157
v -0.02889682 0.02013885 0.06449477
v -0.02803623 0.02124381 0.06449477
v -0.02477097 0.02478386 0.06621423
v -0.02317678 0.02648633 0.06449477
v -0.02227775 0.02746217 0.06277531
v -0.02388364 0.02564561 0.06621423
v -0.02141715 0.02813175 0.06277531
v -0.02036940 0.02909258 0.06105584
v -0.02020897 0.02899349 0.06277531
v -0.01934838 0.02952796 0.06277531
v -0.01920801 0.02961503 0.06277531
v -0.01920801 0.02835995 0.07137783
v -0.01969596 0.02805068 0.07137783
v -0.02067854 0.02756426 0.07034407
v -0.02145726 0.02703580 0.06972589
v -0.02265875 0.02605696 0.06965836
v -0.02252339 0.02594587 0.07089990
v -0.02445013 0.02446259 0.06965836
v -0.02461055 0.02462773 0.06793889
v -0.02765021 0.02077540 0.06909733
v -0.03081520 0.01686002 0.06449477
v -0.02213738 0.02734807 0.06449477
v -0.02127845 0.02802666 0.06449477
v -0.02302304 0.02635422 0.06621423
v -0.02284424 0.02620709 0.06793889
v -0.02003184 0.02888540 0.06449477
v -0.01920801 0.02944088 0.06415711
v -0.01920801 0.02890642 0.06793889
v -0.01985972 0.02848906 0.06793889
v -0.02000678 0.02810773 0.06972589
v -0.02080387 0.02766034 0.06920122
v -0.02179648 0.02706883 0.06793889
v -0.02197528 0.02721596 0.06621423
v -0.02111636 0.02790055 0.06621423
v -0.01971935 0.02884637 0.06618826
v -0.01920801 0.02911960 0.06654670
v -0.01920801 0.02940485 0.06443763
v -0.02093588 0.02776243 0.06793889
v 0.00004880 0.03017522 0.08670680
v -0.00953919 0.02845634 0.08681591
v -0.00782025 0.02845634 0.08689904
v -0.00782025 0.02974625 0.08643143
v -0.01297707 0.02673745 0.08686787
v -0.00953919 0.02961079 0.08634309
v -0.01297707 0.02813122 0.08642104
v -0.01641683 0.02501705 0.08688345
v -0.00093884 0.03116110 0.08616645
v -0.00210176 0.03107832 0.08606254
v -0.01080012 0.02946930 0.08619242
v -0.01432659 0.02783170 0.08624438
v -0.01641683 0.02643190 0.08641064
v -0.01815273 0.02506221 0.08650417
v 0.00004880 0.03146815 0.08557414
v 0.00004880 0.03162920 0.08513770
v -0.00093884 0.03154040 0.08513770
v -0.00324772 0.03097597 0.08587029
v -0.00266909 0.03127399 0.08523122
v -0.00782025 0.03044314 0.08513770
v -0.00953919 0.03012254 0.08513770
v -0.01132598 0.02962283 0.08513770
v -0.01194608 0.02921945 0.08571442
v -0.01759106 0.02610227 0.08623400
v -0.01547255 0.02753819 0.08583392
v -0.01920634 0.02461668 0.08632752
v -0.00093884 0.03201603 0.08341791
v -0.00265966 0.03230954 0.08169814
v -0.00437860 0.03212139 0.08169814
v -0.00609942 0.03189712 0.08169814
v -0.00666110 0.03099403 0.08415571
v -0.00782025 0.03153589 0.08169814
v -0.00995573 0.03091877 0.08169814
v -0.01035719 0.03102263 0.08077331
v -0.01125813 0.03006836 0.08341791
v -0.01227592 0.02938803 0.08456617
v -0.01289979 0.02893949 0.08513770
v -0.01481852 0.02803038 0.08521044
v -0.01636406 0.02722662 0.08521044
v -0.01788886 0.02631751 0.08513770
v -0.01875021 0.02567631 0.08513770
v -0.01575527 0.02770376 0.08469087
v 0.00004880 0.03246757 0.08169814
v -0.00093884 0.03243145 0.08169814
v -0.00265966 0.03264669 0.08024854
v -0.00431263 0.03259100 0.07986405
v -0.00609942 0.03234566 0.07997836
v -0.00782025 0.03195432 0.07997836
v -0.01128263 0.03084953 0.08010826
v -0.01125813 0.03048679 0.08169814
v -0.01128263 0.03124689 0.07821182
v -0.01222126 0.03107832 0.07760393
v -0.01187257 0.03095640 0.07875217
v -0.01258691 0.02953252 0.08341791
v -0.01344827 0.02913516 0.08341791
v -0.01469789 0.02854514 0.08341791
v -0.01691630 0.02739219 0.08341791
v -0.01892739 0.02582231 0.08405180
v -0.01717075 0.02753518 0.08231643
v -0.01739316 0.02767817 0.08116817
v -0.01920634 0.02565373 0.08384916
v -0.01605683 0.02786632 0.08341791
v -0.00093884 0.03269034 0.08047716
v -0.00265966 0.03280473 0.07938606
v -0.00369630 0.03277463 0.07921979
v -0.00484226 0.03271442 0.07886648
v -0.00561503 0.03280925 0.07771824
v -0.00615220 0.03263615 0.07827937
v -0.00676099 0.03272646 0.07722464
v -0.00722465 0.03282430 0.07608158
v -0.00782025 0.03227341 0.07825858
v -0.00953919 0.03209430 0.07653361
v -0.01125813 0.03158405 0.07653361
v -0.01286775 0.03065687 0.07821182
v -0.01297707 0.03019329 0.07997836
v -0.01125813 0.03189562 0.07481384
v -0.01247571 0.03118368 0.07653361
v -0.01333518 0.03081040 0.07653361
v -0.01308639 0.02971314 0.08175009
v -0.01373287 0.02926761 0.08235800
v -0.01463946 0.02898164 0.08175009
v -0.01920634 0.02603755 0.08228006
v -0.01920634 0.02591262 0.08279444
v -0.01844299 0.02717093 0.07997836
v -0.01652615 0.02802887 0.08172412
v -0.01641683 0.02848794 0.07997836
v -0.01758352 0.02781213 0.07997836
v -0.01907440 0.02765258 0.07592051
v -0.01518417 0.02913215 0.07997836
v 0.00004880 0.03279871 0.08008748
v -0.00093884 0.03284537 0.07961985
v -0.00093884 0.03308620 0.07825858
v -0.00265966 0.03300040 0.07825858
v -0.00431263 0.03286795 0.07827937
v -0.00265966 0.03329391 0.07653361
v -0.00265966 0.03358591 0.07481384
v -0.00265966 0.03387640 0.07309406
v -0.00437860 0.03401638 0.07137427
v -0.00437860 0.03372890 0.07309406
v -0.00609942 0.03380867 0.07137427
v -0.00837061 0.03267529 0.07520351
v -0.00780517 0.03257745 0.07660635
v -0.00782025 0.03345345 0.07137427
v -0.00782025 0.03317650 0.07309406
v -0.00780517 0.03290708 0.07470472
v -0.00940348 0.03246757 0.07470472
v -0.01432470 0.02955660 0.07997836
v -0.01402690 0.02940609 0.08120974
v -0.00874003 0.03277312 0.07406045
v -0.00899448 0.03285290 0.07309406
v -0.00985207 0.03259401 0.07309406
v -0.01125813 0.03215902 0.07309406
v -0.01302984 0.03128001 0.07467874
v -0.01363675 0.03094436 0.07515675
v -0.01480156 0.02970863 0.07825858
v -0.01920634 0.02622118 0.08151110
v -0.01544427 0.02925858 0.07883012
v -0.01566291 0.02937448 0.07768705
v -0.01630940 0.02890036 0.07825858
v -0.01671274 0.02899067 0.07653361
v -0.01784363 0.02798071 0.07825858
v -0.01824320 0.02805897 0.07651283
v -0.01813765 0.02844279 0.07481384
v -0.01920634 0.02773988 0.07500087
v 0.00004880 0.03286494 0.07971857
v -0.00093884 0.03338422 0.07653361
v -0.00093884 0.03367923 0.07481384
v -0.00093884 0.03396972 0.07309406
v -0.00265966 0.03415636 0.07137427
v -0.00437860 0.03426774 0.06965449
v -0.00609942 0.03407207 0.06965449
v -0.00782025 0.03370782 0.06965449
v -0.00958065 0.03294621 0.07125997
v -0.01018191 0.03268883 0.07175876
v -0.01297707 0.03153438 0.07309406
v -0.01043824 0.03276861 0.07061051
v -0.01064180 0.03283634 0.06965449
v -0.01111111 0.03246155 0.07125997
v -0.01150315 0.03255337 0.06965449
v -0.01185938 0.03266927 0.06793472
v -0.01206294 0.03273700 0.06693714
v -0.01385539 0.03104520 0.07400850
v -0.01469789 0.03011803 0.07653361
v -0.01453580 0.03055151 0.07467874
v -0.01585139 0.02948285 0.07653361
v -0.01611903 0.02963788 0.07481384
v -0.01697850 0.02914118 0.07481384
v -0.01716510 0.02924955 0.07358245
v -0.01733473 0.02935040 0.07243420
v -0.01800006 0.02883714 0.07304209
v -0.01920634 0.02807553 0.07308885
v 0.00004880 0.03372739 0.07481384
v -0.00093884 0.03423162 0.07137427
v -0.00277652 0.03439869 0.06959734
v -0.00342678 0.03447094 0.06875564
v -0.00437860 0.03442729 0.06840234
v -0.00531912 0.03448599 0.06716055
v -0.00597503 0.03432193 0.06781521
v -0.00658382 0.03442578 0.06621494
v -0.00695324 0.03447395 0.06534726
v -0.00953919 0.03318403 0.06965449
v -0.00782025 0.03393209 0.06793472
v -0.00953919 0.03342034 0.06793472
v -0.01297707 0.03177521 0.07137427
v -0.01364052 0.03267980 0.06308713
v -0.01099991 0.03295675 0.06793472
v -0.01139572 0.03304405 0.06630327
v -0.01227969 0.03281376 0.06579409
v -0.01448491 0.03135527 0.06965449
v -0.01534438 0.03092931 0.06965449
v -0.01509370 0.03079986 0.07137427
v -0.01484679 0.03065386 0.07309406
v -0.01384408 0.03275807 0.06194407
v -0.01652238 0.02971766 0.07304209
v -0.01641683 0.03006384 0.07137427
v -0.01747797 0.02943920 0.07137427
v -0.01833933 0.02891089 0.07137427
v -0.01920634 0.02814326 0.07269398
v -0.01920634 0.03063129 0.04214324
v -0.01875775 0.03090673 0.04214324
v -0.00050156 0.03622143 0.04260566
v -0.00093884 0.03441374 0.07003898
v -0.00228082 0.03449954 0.06898945
v -0.00093884 0.03553960 0.06105560
v -0.00265966 0.03523556 0.06277539
v -0.00437860 0.03469219 0.06621494
v -0.00437860 0.03453265 0.06753985
v -0.00437860 0.03489389 0.06449516
v -0.00437860 0.03509257 0.06277539
v -0.00572435 0.03454168 0.06621494
v -0.00953919 0.03382673 0.06449516
v -0.00953919 0.03363708 0.06621494
v -0.00782025 0.03412927 0.06621494
v -0.00626717 0.03464253 0.06466143
v -0.00609942 0.03487282 0.06277539
v -0.00609942 0.03506096 0.06105560
v -0.00609942 0.03523706 0.05934102
v -0.00782025 0.03488636 0.05934102
v -0.01125813 0.03331799 0.06449516
v -0.01252094 0.03289956 0.06449516
v -0.01549705 0.03100607 0.06856859
v -0.01641683 0.03033176 0.06965449
v -0.01617558 0.03137784 0.06277539
v -0.01597767 0.03126797 0.06449516
v -0.01563841 0.03108133 0.06742034
v -0.01303173 0.03295525 0.06261951
v -0.01125813 0.03368675 0.06105560
v -0.01125813 0.03384329 0.05934102
v -0.01297707 0.03324574 0.05934102
v -0.01297707 0.03335110 0.05762124
v -0.01297707 0.03356032 0.05418169
v -0.01390628 0.03278817 0.06105560
v -0.01488072 0.03241941 0.05934102
v -0.01641683 0.03162920 0.05934102
v -0.01731400 0.03105725 0.06036458
v -0.01770415 0.02957768 0.06965449
v -0.01920634 0.02848192 0.07063130
v -0.01856362 0.02904636 0.06965449
v -0.01878791 0.03091425 0.04386301
v -0.01792656 0.03139590 0.04386301
v -0.01641683 0.03225234 0.04558280
v -0.01551401 0.03273399 0.04558280
v -0.01641683 0.03220267 0.04386301
v -0.00437860 0.03587073 0.04214324
v -0.00164752 0.03618682 0.04355128
v -0.00101988 0.03624853 0.04401889
v 0.00004880 0.03622143 0.04260566
v 0.00004880 0.03442729 0.07014289
v -0.00093884 0.03452663 0.06918169
v -0.00093884 0.03468317 0.06793472
v 0.00004880 0.03471477 0.06793472
v -0.00093884 0.03574129 0.05934102
v -0.00265966 0.03543273 0.06105560
v -0.00437860 0.03527168 0.06105560
v -0.01125813 0.03350914 0.06277539
v -0.00895113 0.03455673 0.05934102
v -0.00437860 0.03542521 0.05934102
v -0.00437860 0.03555616 0.05762124
v -0.00609942 0.03536199 0.05762124
v -0.00782025 0.03502634 0.05762124
v -0.00919239 0.03463199 0.05762124
v -0.01629432 0.03063731 0.06797109
v -0.01791902 0.02969959 0.06793472
v -0.01718206 0.03098199 0.06151282
v -0.01663924 0.03067343 0.06621494
v -0.00980871 0.03430086 0.05934102
v -0.01005185 0.03436859 0.05762124
v -0.01125813 0.03396370 0.05762124
v -0.01297707 0.03366267 0.05246191
v -0.01402125 0.03284387 0.05934102
v -0.01499004 0.03247510 0.05762124
v -0.01641683 0.03174209 0.05762124
v -0.01739504 0.03110541 0.05934102
v -0.01825451 0.03057860 0.05934102
v -0.01920634 0.02999160 0.05934102
v -0.01920634 0.02963788 0.06258834
v -0.01917053 0.02941963 0.06449516
v -0.01904990 0.02934739 0.06559665
v -0.01826394 0.02973271 0.06618896
v -0.01892362 0.02927062 0.06673970
v -0.01877849 0.02918182 0.06793472
v -0.01877472 0.03090071 0.04558280
v -0.01791525 0.03141397 0.04558280
v -0.01641683 0.03224030 0.04730257
v -0.01552532 0.03273700 0.04730257
v -0.01466397 0.03317500 0.04730257
v -0.01465454 0.03314640 0.04558280
v -0.00782025 0.03539360 0.04386301
v -0.00609942 0.03572774 0.04386301
v -0.00437860 0.03591288 0.04386301
v -0.00180396 0.03619584 0.04469952
v -0.00093884 0.03627863 0.04558280
v 0.00004880 0.03574280 0.05934102
v -0.00093884 0.03586923 0.05762124
v -0.00265966 0.03572624 0.05762124
v -0.00265966 0.03559529 0.05934102
v -0.00437860 0.03564496 0.05590146
v -0.00782025 0.03510913 0.05590146
v -0.00437860 0.03584816 0.05074213
v -0.00609942 0.03542671 0.05590146
v -0.00782025 0.03533641 0.05074213
v -0.00782025 0.03526717 0.05246191
v -0.00953919 0.03491948 0.05074213
v -0.00953919 0.03483368 0.05246191
v -0.00935448 0.03468768 0.05590146
v -0.01021395 0.03441675 0.05590146
v -0.01125813 0.03406455 0.05590146
v -0.01297707 0.03376352 0.05074213
v -0.01435109 0.03300191 0.05418169
v -0.01510124 0.03252778 0.05590146
v -0.01749682 0.03116261 0.05762124
v -0.01521056 0.03258047 0.05418169
v -0.01530857 0.03262712 0.05246191
v -0.01835818 0.03065236 0.05762124
v -0.01920634 0.02927514 0.06541999
v -0.01874833 0.03088566 0.04730257
v -0.01788698 0.03139741 0.04730257
v -0.01784363 0.03136129 0.04902235
v -0.01641683 0.03217106 0.04902235
v -0.01546689 0.03270539 0.04902235
v -0.01460742 0.03315844 0.04902235
v -0.01297707 0.03385383 0.04902235
v -0.01297707 0.03388543 0.04730257
v -0.01159739 0.03430236 0.04558280
v -0.00953919 0.03494807 0.04558280
v -0.00782025 0.03541919 0.04558280
v -0.00953919 0.03490292 0.04386301
v -0.00609942 0.03574430 0.04558280
v -0.00437860 0.03593244 0.04558280
v -0.00184543 0.03620036 0.04558280
v -0.00185862 0.03620187 0.04667389
v -0.00097842 0.03623347 0.04727140
v -0.00043183 0.03621090 0.04848200
v -0.00265966 0.03581053 0.05590146
v 0.00004880 0.03591739 0.05663406
v -0.00157778 0.03618682 0.04782214
v -0.00265966 0.03607694 0.04902235
v -0.00265966 0.03601222 0.05074213
v -0.00437860 0.03590686 0.04902235
v -0.00609942 0.03566452 0.04902235
v -0.00609942 0.03571269 0.04730257
v -0.00782025 0.03537554 0.04902235
v -0.01065311 0.03456125 0.05074213
v -0.00953919 0.03495409 0.04902235
v -0.01074358 0.03458533 0.04902235
v -0.01160305 0.03431139 0.04902235
v -0.01042505 0.03448449 0.05348546
v -0.01032704 0.03445288 0.05463371
v -0.01110169 0.03422108 0.05410895
v -0.01136933 0.03422409 0.05246191
v -0.01151258 0.03427226 0.05074213
v -0.01444910 0.03305459 0.05246191
v -0.01757221 0.03120324 0.05590146
v -0.01843168 0.03070955 0.05590146
v -0.01539150 0.03266625 0.05074213
v -0.01641683 0.03201302 0.05246191
v -0.01453014 0.03310727 0.05074213
v -0.01870310 0.03086459 0.04902235
v -0.01920634 0.03047324 0.05154227
v -0.01777954 0.03132065 0.05074213
v -0.01162378 0.03432494 0.04730257
v -0.01073604 0.03458533 0.04558280
v -0.01076431 0.03458684 0.04730257
v -0.00953919 0.03495259 0.04730257
v -0.00782025 0.03539811 0.04730257
v -0.00437860 0.03593545 0.04730257
v -0.00252207 0.03612510 0.04727140
v -0.01857116 0.03079234 0.05246191
v -0.01827173 -0.03129898 0.04558234
v -0.01901769 -0.03089487 0.04558234
v -0.01901416 -0.03089181 0.04452460
v -0.01900006 -0.03088262 0.04819885
v -0.01985888 -0.03029177 0.05073944
v -0.02107921 -0.02944682 0.05073944
v -0.02103865 -0.02940396 0.04558234
v -0.02107745 -0.02943458 0.04902378
v -0.02105981 -0.02941927 0.04730306
v -0.01827173 -0.03127755 0.04856323
v -0.01830524 -0.03125612 0.04887195
v -0.01898948 -0.03087650 0.04934768
v -0.01896831 -0.03086426 0.05073944
v -0.01985888 -0.03024585 0.05246016
v -0.02105452 -0.02943458 0.05246016
v -0.02193803 -0.02875188 0.05073944
v -0.02301905 -0.02790387 0.04730306
v -0.02302611 -0.02789162 0.04558234
v -0.02189924 -0.02875188 0.04558234
v -0.02299613 -0.02786407 0.04386162
v -0.02192040 -0.02876412 0.04730306
v -0.01827173 -0.03121938 0.05109370
v -0.01890483 -0.03083364 0.05246016
v -0.01985888 -0.03013870 0.05418088
v -0.02098927 -0.02937641 0.05418088
v -0.02184986 -0.02868453 0.05418088
v -0.02290619 -0.02782427 0.05418088
v -0.02191511 -0.02872739 0.05246016
v -0.02298026 -0.02789162 0.05073944
v -0.02300142 -0.02790387 0.04902378
v -0.02388669 -0.02721199 0.04558234
v -0.02385671 -0.02719056 0.04386162
v -0.01880607 -0.03078160 0.05418088
v -0.01869497 -0.03071731 0.05590160
v -0.01985888 -0.02999175 0.05590160
v -0.02089228 -0.02929681 0.05590160
v -0.02175287 -0.02861718 0.05590160
v -0.02282331 -0.02775692 0.05590160
v -0.02376678 -0.02711402 0.05418088
v -0.02381615 -0.02715688 0.05246016
v -0.02384084 -0.02717525 0.05073944
v -0.02387964 -0.02720281 0.04730306
v -0.02479313 -0.02633030 0.04902378
v -0.02479489 -0.02634254 0.04730306
v -0.02478784 -0.02635173 0.04558234
v -0.02476315 -0.02633030 0.04386162
v -0.01857153 -0.03064383 0.05762232
v -0.01970898 -0.02963357 0.06105870
v -0.01999466 -0.02960601 0.05922664
v -0.02073004 -0.02917129 0.05857884
v -0.02164882 -0.02853758 0.05762232
v -0.02272455 -0.02767732 0.05762232
v -0.02368389 -0.02704055 0.05590160
v -0.02472612 -0.02625376 0.05418088
v -0.02477726 -0.02629662 0.05246016
v -0.02478960 -0.02631499 0.05073944
v -0.02565018 -0.02547923 0.05073944
v -0.02565371 -0.02548535 0.04902378
v -0.02565371 -0.02548535 0.04730306
v -0.02564842 -0.02547310 0.04558234
v -0.02562373 -0.02544861 0.04386162
v -0.01843574 -0.03057036 0.05934304
v -0.01827526 -0.03049382 0.06105870
v -0.01956966 -0.02954173 0.06277436
v -0.02056780 -0.02904884 0.06105870
v -0.02065774 -0.02911619 0.05972261
v -0.02141428 -0.02856207 0.05922664
v -0.02157828 -0.02824062 0.06105870
v -0.02261521 -0.02758548 0.05934304
v -0.02347580 -0.02686299 0.05934304
v -0.02358513 -0.02695177 0.05762232
v -0.02454448 -0.02609457 0.05762232
v -0.02463970 -0.02618029 0.05590160
v -0.02558670 -0.02540575 0.05418088
v -0.02563608 -0.02545780 0.05246016
v -0.02732550 -0.02369748 0.04902378
v -0.02646668 -0.02462509 0.04902378
v -0.02646668 -0.02462509 0.04730306
v -0.02644728 -0.02461284 0.04558234
v -0.02642788 -0.02458835 0.04386162
v -0.02725849 -0.02363625 0.04214090
v -0.02043025 -0.02894475 0.06277436
v -0.01827173 -0.03010503 0.06433819
v -0.01939155 -0.02942539 0.06449508
v -0.02169644 -0.02795897 0.06262253
v -0.02244416 -0.02744466 0.06194437
v -0.02250235 -0.02749364 0.06105870
v -0.02336293 -0.02676808 0.06105870
v -0.02434873 -0.02590782 0.06105870
v -0.02444748 -0.02600273 0.05934304
v -0.02550029 -0.02531697 0.05590160
v -0.02629562 -0.02445671 0.05590160
v -0.02635558 -0.02454549 0.05418088
v -0.02640143 -0.02459754 0.05246016
v -0.02730081 -0.02366074 0.05073944
v -0.02805911 -0.02283722 0.04902378
v -0.02806793 -0.02284028 0.04730306
v -0.02732374 -0.02369748 0.04730306
v -0.02730610 -0.02367911 0.04558234
v -0.02728670 -0.02366074 0.04386162
v -0.02802384 -0.02277599 0.04214090
v -0.02025213 -0.02881617 0.06449508
v -0.02135961 -0.02795591 0.06449508
v -0.01918875 -0.02929069 0.06621580
v -0.02222019 -0.02726403 0.06449508
v -0.02234716 -0.02736506 0.06308814
v -0.02313015 -0.02677114 0.06262253
v -0.02423763 -0.02579761 0.06277436
v -0.02520931 -0.02499858 0.06105870
v -0.02530807 -0.02510573 0.05934304
v -0.02540506 -0.02521288 0.05762232
v -0.02620568 -0.02435263 0.05762232
v -0.02706627 -0.02340971 0.05762232
v -0.02715444 -0.02349543 0.05590160
v -0.02721617 -0.02355360 0.05418088
v -0.02726025 -0.02360564 0.05246016
v -0.02799387 -0.02274844 0.05246016
v -0.02803266 -0.02280049 0.05073944
v -0.02892675 -0.02178716 0.04730306
v -0.02889325 -0.02175654 0.05073944
v -0.02891970 -0.02177491 0.04902378
v -0.02891970 -0.02179022 0.04558234
v -0.02806088 -0.02282192 0.04558234
v -0.02804677 -0.02280049 0.04386162
v -0.02890735 -0.02176879 0.04386162
v -0.01905649 -0.02920191 0.06730896
v -0.02004933 -0.02866616 0.06621580
v -0.02100162 -0.02765283 0.06793652
v -0.02119208 -0.02780590 0.06621580
v -0.02205090 -0.02712933 0.06621580
v -0.02342113 -0.02627213 0.06436855
v -0.02308783 -0.02626907 0.06621580
v -0.02416885 -0.02573026 0.06370557
v -0.02593058 -0.02405567 0.06224296
v -0.02600641 -0.02413833 0.06105870
v -0.02781928 -0.02254945 0.05762232
v -0.02700984 -0.02301173 0.06121053
v -0.02759355 -0.02227698 0.06188869
v -0.02765528 -0.02235046 0.06074492
v -0.02789511 -0.02263517 0.05590160
v -0.02794801 -0.02269334 0.05418088
v -0.02885268 -0.02172593 0.05246016
v -0.02960040 -0.02092996 0.04730306
v -0.02960922 -0.02092996 0.04558234
v -0.02956161 -0.02086567 0.05246016
v -0.02957748 -0.02089629 0.05073944
v -0.02958982 -0.02091465 0.04902378
v -0.02958453 -0.02090853 0.04386162
v -0.01890483 -0.02910088 0.06845780
v -0.01952381 -0.02782427 0.07309868
v -0.02038440 -0.02719668 0.07309868
v -0.02169291 -0.02622927 0.07300252
v -0.02234011 -0.02564148 0.07351368
v -0.02246708 -0.02574557 0.07236484
v -0.02186221 -0.02698851 0.06793652
v -0.02274924 -0.02598130 0.06965724
v -0.02292030 -0.02612825 0.06793652
v -0.02407362 -0.02563842 0.06485441
v -0.02423763 -0.02408322 0.07309868
v -0.02584064 -0.02396076 0.06339179
v -0.02654251 -0.02328725 0.06279966
v -0.02772934 -0.02243924 0.05934304
v -0.02943287 -0.02071260 0.05590160
v -0.02875569 -0.02157286 0.05590160
v -0.02818256 -0.02159123 0.06121053
v -0.02929885 -0.02053504 0.05832073
v -0.02936233 -0.02062076 0.05717189
v -0.02752830 -0.02219739 0.06277436
v -0.02808733 -0.02117793 0.06449508
v -0.02894615 -0.02004215 0.06449508
v -0.02818785 -0.02133713 0.06277436
v -0.02904843 -0.02017991 0.06277436
v -0.02951576 -0.02080750 0.05418088
v -0.02880860 -0.02166776 0.05418088
v -0.03041338 -0.01970233 0.04730306
v -0.03042396 -0.01970233 0.04558234
v -0.03038692 -0.01970233 0.04386162
v -0.03033578 -0.01970233 0.05246016
v -0.03037105 -0.01970233 0.05073944
v -0.03039221 -0.01970233 0.04902378
v -0.03017707 -0.00002355 0.08676323
v -0.02845766 -0.00766484 0.08689481
v -0.02169115 -0.02153918 0.08655067
v -0.01985535 -0.02318316 0.08648487
v -0.01830348 -0.02868453 0.07309868
v -0.01929809 -0.02765896 0.07481434
v -0.02015691 -0.02703136 0.07481434
v -0.02130494 -0.02617417 0.07481434
v -0.02071417 -0.02571802 0.07910096
v -0.02216552 -0.02549147 0.07481434
v -0.02416356 -0.02400668 0.07397422
v -0.02257113 -0.02583129 0.07137796
v -0.02394841 -0.02551902 0.06621580
v -0.02739075 -0.02203820 0.06449508
v -0.03009771 -0.01970233 0.05590160
v -0.03024761 -0.01970233 0.05418088
v -0.02924241 -0.02045238 0.05934304
v -0.02953868 -0.01918189 0.06449508
v -0.02980850 -0.01985846 0.05769823
v -0.02796741 -0.02101262 0.06621580
v -0.02882623 -0.01988602 0.06621580
v -0.02943640 -0.01902576 0.06621580
v -0.03099004 -0.01875636 0.04730306
v -0.03099180 -0.01875636 0.04558234
v -0.03097946 -0.01873492 0.04386162
v -0.03095124 -0.01868288 0.05246016
v -0.03096887 -0.01871962 0.05073944
v -0.03091068 -0.01860635 0.05418088
v -0.03097946 -0.01873799 0.04902378
v -0.03017707 -0.00078584 0.08675311
v -0.02845766 -0.00938536 0.08686444
v -0.02673826 -0.01282333 0.08685938
v -0.02329945 -0.01798182 0.08685938
v -0.02340173 -0.01978805 0.08654054
v -0.02289737 -0.02104629 0.08631280
v -0.02119208 -0.02263517 0.08628749
v -0.01928045 -0.02420568 0.08620652
v -0.01911645 -0.02752731 0.07604415
v -0.02058367 -0.02561699 0.07997650
v -0.02169291 -0.02463734 0.07992589
v -0.02234187 -0.02390872 0.08046741
v -0.02306314 -0.02287396 0.08169722
v -0.02408949 -0.02220657 0.08059394
v -0.02424644 -0.02237189 0.07945017
v -0.02574717 -0.02040340 0.07997650
v -0.02644905 -0.01954314 0.07997650
v -0.02589178 -0.02229535 0.07229399
v -0.02782810 -0.02084118 0.06793652
v -0.03075726 -0.01835225 0.05762232
v -0.03084190 -0.01849001 0.05590160
v -0.02980850 -0.01959518 0.05934304
v -0.03104294 -0.01713074 0.06196461
v -0.03055975 -0.01781650 0.06263265
v -0.03057914 -0.01806754 0.06105870
v -0.03066908 -0.01820836 0.05934304
v -0.02878038 -0.01957069 0.06791627
v -0.02935881 -0.01890636 0.06733427
v -0.03097240 -0.01700216 0.06311344
v -0.03146089 -0.01787773 0.04902378
v -0.03231971 -0.01632865 0.04902378
v -0.03279409 -0.01547146 0.04902378
v -0.03278880 -0.01546227 0.04730306
v -0.03278351 -0.01545002 0.04558234
v -0.03277293 -0.01543472 0.04386162
v -0.03276411 -0.01541635 0.04287980
v -0.03141680 -0.01782262 0.05246016
v -0.03278351 -0.01545309 0.05039023
v -0.03144854 -0.01785936 0.05073944
v -0.03136742 -0.01774609 0.05418088
v -0.03131452 -0.01762975 0.05590160
v -0.03204284 -0.01626130 0.05590160
v -0.03169543 -0.00002355 0.08513866
v -0.03125280 -0.00078584 0.08627737
v -0.03017707 -0.00250329 0.08669743
v -0.03017707 -0.00422381 0.08662152
v -0.02989138 -0.00766484 0.08646463
v -0.02969387 -0.00938536 0.08639378
v -0.02811554 -0.01282333 0.08639883
v -0.02683878 -0.01460507 0.08650512
v -0.02501885 -0.01626130 0.08680878
v -0.02502591 -0.01791447 0.08643427
v -0.02445806 -0.01927067 0.08626726
v -0.02404364 -0.02041870 0.08564476
v -0.02233835 -0.02219127 0.08578140
v -0.02042672 -0.02378320 0.08543220
v -0.01972309 -0.02622621 0.07997650
v -0.02022745 -0.02535677 0.08169722
v -0.02128202 -0.02449651 0.08169722
v -0.02214260 -0.02373422 0.08169722
v -0.02279509 -0.02261374 0.08341794
v -0.02392196 -0.02201982 0.08169722
v -0.02465029 -0.02115957 0.08169722
v -0.02479313 -0.02154837 0.08000181
v -0.02551087 -0.02009113 0.08169722
v -0.02619334 -0.01923088 0.08169722
v -0.02730787 -0.01840429 0.07997650
v -0.02748598 -0.01867370 0.07825578
v -0.02758121 -0.01881452 0.07730938
v -0.02709801 -0.01960437 0.07665652
v -0.02733785 -0.02022277 0.07309868
v -0.02750891 -0.02044626 0.07137796
v -0.02759532 -0.02055647 0.07050242
v -0.02770289 -0.02069117 0.06935359
v -0.02716502 -0.02000235 0.07481434
v -0.03108703 -0.01720728 0.06105870
v -0.03116639 -0.01735117 0.05934304
v -0.03124574 -0.01749199 0.05762232
v -0.03137448 -0.01636233 0.06263265
v -0.03240788 -0.01473059 0.06105870
v -0.03159844 -0.01626130 0.06105870
v -0.03176245 -0.01626130 0.05934304
v -0.02821783 -0.01987071 0.06981919
v -0.02926181 -0.01874717 0.06847804
v -0.02964802 -0.01770935 0.06965724
v -0.03103765 -0.01540717 0.06880194
v -0.03110114 -0.01552044 0.06793652
v -0.03001659 -0.01798182 0.06621580
v -0.03087894 -0.01682766 0.06449508
v -0.03134450 -0.01596740 0.06449508
v -0.03211162 -0.01454385 0.06449508
v -0.03323143 -0.01454385 0.04558234
v -0.03321204 -0.01454385 0.04386162
v -0.03275353 -0.01539492 0.05153401
v -0.03299865 -0.01417954 0.05762232
v -0.03303040 -0.01427444 0.05590160
v -0.03367760 -0.01282333 0.05418088
v -0.03305509 -0.01471222 0.05087608
v -0.03392978 -0.01282333 0.04558234
v -0.03320322 -0.01454385 0.04730306
v -0.03224564 -0.01626130 0.05246016
v -0.03214689 -0.01626130 0.05418088
v -0.03191411 -0.01626130 0.05762232
v -0.03256660 -0.01503980 0.05762232
v -0.03262480 -0.01513470 0.05590160
v -0.03568622 -0.00594433 0.04386162
v -0.03592781 -0.00422381 0.04386162
v -0.03611474 -0.00234410 0.04401345
v -0.03619939 -0.00166141 0.04468656
v -0.03167604 -0.00078584 0.08513866
v -0.03120518 -0.00250329 0.08622676
v -0.03114346 -0.00422381 0.08615085
v -0.03108350 -0.00526469 0.08606482
v -0.02949459 -0.01067421 0.08621158
v -0.02780164 -0.01406933 0.08621664
v -0.02631149 -0.01626130 0.08633810
v -0.02600464 -0.01729912 0.08613567
v -0.02422176 -0.02064831 0.08450098
v -0.02365391 -0.02171062 0.08341794
v -0.02331532 -0.02141979 0.08514372
v -0.02621097 -0.01757159 0.08513866
v -0.02712446 -0.01792365 0.08174783
v -0.02258524 -0.02241475 0.08463763
v -0.02092932 -0.02417200 0.08341794
v -0.02072299 -0.02400362 0.08428336
v -0.02770818 -0.01731137 0.08120631
v -0.02784749 -0.01754403 0.07997650
v -0.02801326 -0.01781344 0.07825578
v -0.02768878 -0.01896759 0.07616562
v -0.02811378 -0.01813795 0.07665652
v -0.02915424 -0.01856655 0.06965724
v -0.02797447 -0.01936252 0.07309868
v -0.03238320 -0.01441220 0.06278448
v -0.03293693 -0.01404484 0.05934304
v -0.03249253 -0.01490509 0.05934304
v -0.03278880 -0.01374788 0.06221765
v -0.03284876 -0.01387034 0.06105870
v -0.02813318 -0.01958600 0.07137796
v -0.02939055 -0.01724708 0.07264320
v -0.02950341 -0.01744301 0.07137796
v -0.03055622 -0.01608986 0.06949022
v -0.03158610 -0.01454385 0.06793652
v -0.03186649 -0.01454385 0.06621580
v -0.03014180 -0.01626130 0.07137796
v -0.02965507 -0.01603782 0.07481434
v -0.02950165 -0.01575004 0.07653506
v -0.02938879 -0.01553881 0.07779017
v -0.03094242 -0.01519287 0.06995077
v -0.03122458 -0.01574392 0.06621580
v -0.03266359 -0.01340806 0.06449508
v -0.03272708 -0.01359787 0.06336143
v -0.03391038 -0.01282333 0.04386162
v -0.03352241 -0.01282333 0.05762232
v -0.03360706 -0.01282333 0.05590160
v -0.03423662 -0.01120690 0.05418088
v -0.03426484 -0.01132017 0.05246016
v -0.03373579 -0.01282333 0.05246016
v -0.03456463 -0.01051502 0.05073944
v -0.03460167 -0.01062523 0.04730306
v -0.03434067 -0.01152223 0.04558234
v -0.03433009 -0.01149467 0.04386162
v -0.03454524 -0.01045992 0.05246016
v -0.03492262 -0.00938536 0.04214090
v -0.03532823 -0.00766484 0.04214090
v -0.03536702 -0.00766484 0.04386162
v -0.03571796 -0.00594433 0.04558234
v -0.03596485 -0.00422381 0.04558234
v -0.03612532 -0.00259208 0.04558234
v -0.03620468 -0.00173182 0.04558234
v -0.03628580 -0.00078584 0.04730306
v -0.03624700 -0.00078584 0.04558234
v -0.03624348 -0.00002355 0.04558234
v -0.03210104 -0.00002355 0.08341794
v -0.03208517 -0.00078584 0.08341794
v -0.03200228 -0.00250329 0.08341794
v -0.03158257 -0.00250329 0.08513866
v -0.03146089 -0.00422381 0.08513866
v -0.03187178 -0.00422381 0.08341794
v -0.03201463 -0.00594433 0.08169722
v -0.03119637 -0.00588004 0.08505262
v -0.03026524 -0.00938536 0.08513866
v -0.02966742 -0.01118853 0.08517409
v -0.02923007 -0.01181919 0.08577634
v -0.02747540 -0.01521736 0.08567512
v -0.02710506 -0.01617558 0.08511335
v -0.02735724 -0.01671439 0.08341794
v -0.02753359 -0.01700829 0.08235008
v -0.02807146 -0.01636539 0.08174783
v -0.02902551 -0.01453772 0.08182880
v -0.02918246 -0.01512858 0.07997650
v -0.02857229 -0.01626130 0.07997650
v -0.02903432 -0.01661030 0.07653506
v -0.02919304 -0.01689808 0.07481434
v -0.02928650 -0.01706645 0.07378697
v -0.02899376 -0.01830327 0.07137796
v -0.03339368 -0.01282333 0.05934304
v -0.03129688 -0.01458977 0.06949022
v -0.03254015 -0.01307743 0.06621580
v -0.02894086 -0.01616946 0.07832158
v -0.02928298 -0.01533675 0.07893901
v -0.02970269 -0.01467549 0.07832158
v -0.03007831 -0.01454385 0.07653506
v -0.03294046 -0.01254780 0.06449508
v -0.03283641 -0.01222023 0.06621580
v -0.03299865 -0.01294273 0.06278448
v -0.03321909 -0.01282333 0.06105870
v -0.03406733 -0.01110588 0.05762232
v -0.03423133 -0.01094362 0.05577508
v -0.03450997 -0.01034664 0.05418088
v -0.03484150 -0.00938536 0.05246016
v -0.03493144 -0.00938536 0.04730306
v -0.03494555 -0.00938536 0.04558234
v -0.03460520 -0.01066197 0.04558234
v -0.03487501 -0.00938536 0.05073944
v -0.03490499 -0.00938536 0.04902378
v -0.03459814 -0.01063442 0.04386162
v -0.03478684 -0.00938536 0.05418088
v -0.03495260 -0.00938536 0.04386162
v -0.03535821 -0.00766484 0.04558234
v -0.03570385 -0.00594433 0.04730306
v -0.03596308 -0.00422381 0.04730306
v -0.03612532 -0.00264106 0.04730306
v -0.03620997 -0.00178080 0.04730306
v -0.03627522 -0.00002355 0.04800653
v -0.03620468 -0.00171651 0.04902378
v -0.03627522 -0.00078584 0.04902378
v -0.03231971 -0.00002355 0.08245637
v -0.03247666 -0.00078584 0.08169722
v -0.03240436 -0.00250329 0.08169722
v -0.03226857 -0.00422381 0.08169722
v -0.03158963 -0.00766484 0.08169722
v -0.03238143 -0.00594433 0.07997650
v -0.03199699 -0.00766484 0.07997650
v -0.03103589 -0.01023643 0.08082674
v -0.03012945 -0.01110588 0.08341794
v -0.02941700 -0.01216819 0.08462751
v -0.02892851 -0.01277435 0.08517409
v -0.02799387 -0.01460507 0.08511335
v -0.02767467 -0.01554799 0.08452629
v -0.02784397 -0.01585413 0.08341794
v -0.02854760 -0.01454385 0.08341794
v -0.02930061 -0.01364685 0.08249179
v -0.02944522 -0.01395912 0.08134296
v -0.02958982 -0.01426832 0.07997650
v -0.03392801 -0.01110588 0.05934304
v -0.03205519 -0.01282333 0.06965724
v -0.03064263 -0.01267332 0.07813938
v -0.03259129 -0.01144569 0.06965724
v -0.03269181 -0.01175184 0.06833634
v -0.03277293 -0.01200899 0.06718750
v -0.03105176 -0.01199981 0.07748652
v -0.03185944 -0.01110588 0.07481434
v -0.03337780 -0.01110588 0.06449508
v -0.03356650 -0.01110588 0.06277436
v -0.03375343 -0.01110588 0.06105870
v -0.03317500 -0.01110588 0.06621580
v -0.03440239 -0.00997927 0.05762232
v -0.03444648 -0.01014153 0.05626598
v -0.03448175 -0.01026092 0.05512221
v -0.03467044 -0.00949557 0.05577508
v -0.03524182 -0.00766484 0.05418088
v -0.03527356 -0.00766484 0.05246016
v -0.03529825 -0.00766484 0.05073944
v -0.03517128 -0.00766484 0.05590160
v -0.03567387 -0.00594433 0.04902378
v -0.03593134 -0.00422381 0.04902378
v -0.03611474 -0.00257677 0.04902378
v -0.03626817 -0.00002355 0.04898835
v -0.03619763 -0.00165528 0.04990438
v -0.03622408 -0.00072155 0.05058255
v -0.03620645 -0.00010621 0.05182754
v -0.03261774 -0.00002355 0.08110003
v -0.03271297 -0.00078584 0.08062430
v -0.03267770 -0.00250329 0.08042186
v -0.03279409 -0.00367582 0.07932364
v -0.03262127 -0.00423912 0.07992589
v -0.03272532 -0.00482079 0.07890864
v -0.03265301 -0.00600862 0.07830639
v -0.03273237 -0.00662702 0.07723853
v -0.03231089 -0.00766484 0.07825578
v -0.03182946 -0.00938536 0.07825578
v -0.03139564 -0.00955374 0.08014351
v -0.03053506 -0.01110588 0.08169722
v -0.03116462 -0.01060074 0.07967790
v -0.02957043 -0.01252025 0.08341794
v -0.02915953 -0.01338051 0.08341794
v -0.02976265 -0.01297334 0.08182880
v -0.03024055 -0.01282333 0.07997650
v -0.03433185 -0.00970681 0.05934304
v -0.03095653 -0.01174877 0.07863029
v -0.03214512 -0.01110588 0.07309868
v -0.03247666 -0.01098954 0.07132735
v -0.03270415 -0.01005887 0.07186887
v -0.03347127 -0.00938536 0.06793652
v -0.03294751 -0.01114874 0.06783024
v -0.03278704 -0.01033746 0.07072004
v -0.03156317 -0.01110588 0.07653506
v -0.03213983 -0.00938536 0.07653506
v -0.03261774 -0.00971599 0.07309868
v -0.03388040 -0.00938536 0.06449508
v -0.03368994 -0.00938536 0.06621580
v -0.03406204 -0.00938536 0.06277436
v -0.03464928 -0.00911902 0.05762232
v -0.03556806 -0.00594433 0.05418088
v -0.03561039 -0.00594433 0.05246016
v -0.03503549 -0.00766484 0.05762232
v -0.03549400 -0.00594433 0.05590160
v -0.03589784 -0.00422381 0.05073944
v -0.03610945 -0.00233798 0.05058255
v -0.03602833 -0.00250329 0.05246016
v -0.03617647 -0.00125424 0.05105322
v -0.03614825 -0.00072155 0.05242473
v -0.03606713 -0.00078584 0.05418088
v -0.03598601 -0.00078584 0.05590160
v -0.03589431 -0.00078584 0.05762232
v -0.03289461 -0.00078584 0.07976394
v -0.03319440 -0.00078584 0.07825578
v -0.03284699 -0.00250329 0.07956150
v -0.03309917 -0.00250329 0.07825578
v -0.03339544 -0.00250329 0.07653506
v -0.03281172 -0.00547899 0.07776487
v -0.03316971 -0.00422381 0.07653506
v -0.03291401 -0.00600862 0.07661097
v -0.03319617 -0.00594433 0.07481434
v -0.03345540 -0.00594433 0.07309868
v -0.03371463 -0.00594433 0.07137796
v -0.03396858 -0.00594433 0.06965724
v -0.03367231 -0.00766484 0.06965724
v -0.03282231 -0.00706481 0.07608970
v -0.03259129 -0.00764954 0.07661097
v -0.03249077 -0.00924453 0.07469794
v -0.03126338 -0.01114567 0.07813938
v -0.03086836 -0.01114567 0.08014351
v -0.03427190 -0.00927821 0.06105870
v -0.03450644 -0.00863225 0.06049187
v -0.03456463 -0.00884655 0.05934304
v -0.03322614 -0.00938536 0.06965724
v -0.03392096 -0.00766484 0.06793652
v -0.03284699 -0.00885573 0.07309868
v -0.03439005 -0.00814242 0.06277436
v -0.03444825 -0.00840264 0.06163565
v -0.03413258 -0.00766484 0.06621580
v -0.03577792 -0.00422381 0.05418088
v -0.03585022 -0.00422381 0.05246016
v -0.03535821 -0.00594433 0.05762232
v -0.03485914 -0.00766484 0.05934304
v -0.03451702 -0.00699133 0.06400923
v -0.03568092 -0.00422381 0.05590160
v -0.03556453 -0.00422381 0.05762232
v -0.03594721 -0.00250329 0.05418088
v -0.03585022 -0.00250329 0.05590160
v -0.03574794 -0.00250329 0.05762232
v -0.03560862 -0.00250329 0.05934304
v -0.03574618 -0.00078584 0.05934304
v -0.03317500 -0.00002355 0.07825578
v -0.03349949 -0.00078584 0.07653506
v -0.03376577 -0.00078584 0.07481434
v -0.03365644 -0.00250329 0.07481434
v -0.03342894 -0.00422381 0.07481434
v -0.03421547 -0.00594433 0.06793652
v -0.03390509 -0.00250329 0.07309868
v -0.03277117 -0.00858021 0.07404002
v -0.03340778 -0.00766484 0.07137796
v -0.03445530 -0.00664233 0.06515806
v -0.03432480 -0.00760362 0.06455075
v -0.03517833 -0.00594433 0.05934304
v -0.03540758 -0.00422381 0.05934304
v -0.03458403 -0.00728217 0.06277436
v -0.03543227 -0.00250329 0.06105870
v -0.03573206 -0.00002355 0.05934304
v -0.03506900 -0.00250329 0.06449508
v -0.03486796 -0.00250329 0.06621580
v -0.03494026 -0.00078584 0.06621580
v -0.03347303 -0.00002355 0.07653506
v -0.03400914 -0.00078584 0.07309868
v -0.03452584 -0.00203796 0.06913596
v -0.03440239 -0.00434321 0.06801749
v -0.03453642 -0.00385032 0.06749622
v -0.03446588 -0.00499835 0.06698000
v -0.03440768 -0.00602086 0.06633220
v -0.03418372 -0.00422381 0.06965724
v -0.03438300 -0.00257065 0.06968760
v -0.03460520 -0.00602086 0.06455075
v -0.03499316 -0.00594433 0.06105870
v -0.03522242 -0.00422381 0.06105870
v -0.03481329 -0.00002355 0.06697495
v -0.03503549 -0.00422381 0.06277436
v -0.03484679 -0.00422381 0.06449508
v -0.03461930 -0.00257065 0.06801749
v -0.03471806 -0.00078584 0.06793652
v -0.03462812 -0.00002355 0.06843249
v -0.03424721 -0.00078584 0.07137796
v -0.03442179 -0.00078584 0.07011272
v -0.03453995 -0.00078584 0.06925236
v -0.03432833 -0.00002355 0.07066943
v 0.01907222 0.02464060 0.08633396
v 0.01799406 0.02508111 0.08649094
v 0.01626042 0.02501646 0.08677956
v 0.01742983 0.02606287 0.08620231
v 0.01907222 0.02535775 0.08512881
v 0.01466272 0.02687022 0.08654157
v 0.01282108 0.02673642 0.08687072
v 0.01626042 0.02639814 0.08638459
v 0.00766301 0.02845637 0.08688083
v 0.00078247 0.03017482 0.08674918
v 0.01861600 0.02572459 0.08513387
v 0.01775570 0.02628538 0.08513387
v 0.01531819 0.02753174 0.08583266
v 0.01417112 0.02788355 0.08627320
v 0.01880408 0.02585238 0.08417683
v 0.01282108 0.02818274 0.08644030
v 0.00938175 0.02845637 0.08684033
v 0.00250307 0.03017482 0.08672387
v 0.00078247 0.03125580 0.08627826
v 0.01704437 0.02755129 0.08238429
v 0.01621201 0.02719647 0.08520982
v 0.01678926 0.02740094 0.08341728
v 0.01560868 0.02771967 0.08468826
v 0.01466272 0.02810005 0.08520982
v 0.01279129 0.02900964 0.08518451
v 0.01180250 0.02923666 0.08578709
v 0.01065544 0.02946218 0.08617698
v 0.01907222 0.02604783 0.08258684
v 0.01899029 0.02770765 0.07612052
v 0.01834413 0.02722804 0.07997397
v 0.01726783 0.02769862 0.08123484
v 0.00938175 0.02968469 0.08636940
v 0.00766301 0.02992524 0.08647068
v 0.00250307 0.03122723 0.08624788
v 0.00078247 0.03169481 0.08513387
v 0.00004880 0.03121521 0.08623268
v 0.01638705 0.02807148 0.08176652
v 0.01592896 0.02789708 0.08341728
v 0.01453982 0.02864129 0.08341728
v 0.01341510 0.02920208 0.08341728
v 0.01219727 0.02941256 0.08464269
v 0.01117869 0.02963958 0.08518451
v 0.00938175 0.03027705 0.08513387
v 0.00766673 0.03078672 0.08514400
v 0.00627201 0.03092805 0.08572125
v 0.01907222 0.02776929 0.07560402
v 0.01748383 0.02784747 0.07997397
v 0.01626042 0.02855409 0.07997397
v 0.00512680 0.03104231 0.08600482
v 0.00422181 0.03110545 0.08609597
v 0.00250307 0.03161512 0.08513387
v 0.00078247 0.03210825 0.08341728
v 0.01451934 0.02903670 0.08184754
v 0.01366276 0.02930732 0.08252101
v 0.01298123 0.02978091 0.08184754
v 0.01255480 0.02957494 0.08341728
v 0.01143380 0.03086640 0.07997397
v 0.01095338 0.03066193 0.08155891
v 0.01110048 0.03013572 0.08341728
v 0.00931844 0.03074763 0.08338690
v 0.00824213 0.03095511 0.08393884
v 0.00709506 0.03111598 0.08457180
v 0.01907222 0.02794519 0.07480396
v 0.01691775 0.02920809 0.07512297
v 0.01664774 0.02906527 0.07653574
v 0.01781343 0.02877510 0.07465712
v 0.01617476 0.02894950 0.07830296
v 0.01531446 0.02927274 0.07890554
v 0.01509473 0.02916149 0.07997397
v 0.00579716 0.03117010 0.08514400
v 0.00594241 0.03204060 0.08169563
v 0.00422181 0.03223154 0.08169563
v 0.00250307 0.03241496 0.08169563
v 0.00250307 0.03269310 0.08049554
v 0.00078247 0.03249465 0.08169563
v 0.01393277 0.02944263 0.08137155
v 0.01282108 0.03028757 0.07997397
v 0.01028115 0.03104832 0.08089051
v 0.01179133 0.03098367 0.07882453
v 0.00984542 0.03091151 0.08203996
v 0.00870207 0.03109192 0.08279445
v 0.00766301 0.03166925 0.08169563
v 0.00766673 0.03125730 0.08338690
v 0.01907222 0.02826392 0.07309750
v 0.01811137 0.02889387 0.07309750
v 0.01578744 0.02951480 0.07653574
v 0.01712817 0.02931935 0.07397858
v 0.01631070 0.02961553 0.07465712
v 0.01554537 0.02939001 0.07776115
v 0.01466086 0.02972829 0.07830296
v 0.01423443 0.02959598 0.07997397
v 0.00594241 0.03240444 0.07997397
v 0.00426278 0.03262544 0.07991828
v 0.00078247 0.03272317 0.08065757
v 0.00371718 0.03279082 0.07931063
v 0.00250307 0.03284946 0.07963471
v 0.00036163 0.03622020 0.04260402
v 0.01544481 0.03278030 0.04430035
v 0.01271681 0.03068298 0.07825233
v 0.01453982 0.03014625 0.07653574
v 0.01371490 0.03105283 0.07404441
v 0.00931844 0.03119115 0.08155891
v 0.01057537 0.03113552 0.07997397
v 0.00938175 0.03149785 0.07997397
v 0.00766301 0.03201655 0.07997397
v 0.01207437 0.03108290 0.07767507
v 0.01110048 0.03217140 0.07309750
v 0.01110048 0.03187823 0.07481409
v 0.01110048 0.03158355 0.07653574
v 0.01117125 0.03126783 0.07825233
v 0.00938175 0.03180155 0.07825739
v 0.01873518 0.02925320 0.06837815
v 0.01857131 0.02915848 0.06965420
v 0.01834786 0.02903069 0.07137585
v 0.01887484 0.02933739 0.06723376
v 0.01725107 0.02938851 0.07309750
v 0.01438899 0.03058826 0.07469762
v 0.01475397 0.03070704 0.07309750
v 0.01626042 0.03019286 0.07137585
v 0.01525115 0.03095511 0.06998840
v 0.01504818 0.03084836 0.07137585
v 0.01418788 0.03130391 0.07137585
v 0.01389367 0.03114605 0.07309750
v 0.00667981 0.03273670 0.07728010
v 0.00604110 0.03266303 0.07834854
v 0.00553461 0.03282541 0.07783710
v 0.00486424 0.03273369 0.07898150
v 0.00004880 0.03270964 0.08058162
v 0.00250307 0.03309903 0.07825739
v 0.00078247 0.03287803 0.07979675
v 0.00250307 0.03340423 0.07653574
v 0.00087372 0.03625027 0.04390032
v 0.00150870 0.03618713 0.04335345
v 0.00422181 0.03586990 0.04214323
v 0.00594241 0.03568197 0.04214323
v 0.01135559 0.03425369 0.04214323
v 0.01282108 0.03374552 0.04385981
v 0.01453982 0.03312309 0.04558146
v 0.01544667 0.03278030 0.04558146
v 0.01630697 0.03228416 0.04558146
v 0.01776688 0.03142418 0.04558146
v 0.01282108 0.03158656 0.07309750
v 0.00938175 0.03209623 0.07653574
v 0.00766301 0.03230822 0.07825739
v 0.00707086 0.03282841 0.07613064
v 0.01282108 0.03188574 0.07137585
v 0.01002790 0.03269460 0.07184677
v 0.00967410 0.03259087 0.07309750
v 0.00922905 0.03245556 0.07467737
v 0.01098503 0.03249615 0.07131509
v 0.01771101 0.02964861 0.06965420
v 0.01808902 0.02969672 0.06785659
v 0.01748756 0.02951931 0.07137585
v 0.01898657 0.02941106 0.06621595
v 0.01798102 0.03022894 0.06449431
v 0.01798102 0.02999139 0.06621595
v 0.01609655 0.03056571 0.06951242
v 0.01541316 0.03104231 0.06884401
v 0.01462362 0.03135653 0.06951242
v 0.01453982 0.03160159 0.06793761
v 0.01282108 0.03212780 0.06965420
v 0.00766301 0.03343731 0.07137585
v 0.00594241 0.03379513 0.07137585
v 0.00594241 0.03352000 0.07309750
v 0.00422181 0.03348693 0.07481409
v 0.00422181 0.03320879 0.07653574
v 0.00250307 0.03369891 0.07481409
v 0.00078247 0.03315466 0.07825739
v 0.00078247 0.03376206 0.07481409
v 0.00004880 0.03625027 0.04395096
v 0.00078247 0.03628485 0.04558146
v 0.00168560 0.03620066 0.04450290
v 0.00422181 0.03590748 0.04385981
v 0.00422181 0.03593455 0.04558146
v 0.00594241 0.03569400 0.04385981
v 0.00766301 0.03536775 0.04214323
v 0.00938175 0.03490468 0.04214323
v 0.01049530 0.03456640 0.04214323
v 0.01137422 0.03426722 0.04385981
v 0.01282108 0.03375153 0.04558146
v 0.01282108 0.03373951 0.04730311
v 0.01282108 0.03371394 0.04901970
v 0.01282108 0.03364779 0.05246300
v 0.01282108 0.03361322 0.05417959
v 0.01431264 0.03302386 0.05417959
v 0.01541688 0.03276376 0.04673598
v 0.01626042 0.03219245 0.05246300
v 0.01774267 0.03140765 0.05246300
v 0.01775757 0.03142118 0.05074135
v 0.00821606 0.03267055 0.07515842
v 0.00764997 0.03258335 0.07663701
v 0.00764997 0.03290509 0.07467737
v 0.01140960 0.03259237 0.06965420
v 0.00881566 0.03283894 0.07309750
v 0.01033515 0.03278331 0.07069732
v 0.00942644 0.03295169 0.07131509
v 0.00855310 0.03276376 0.07400896
v 0.01638332 0.03063487 0.06793761
v 0.01907222 0.02959448 0.06449431
v 0.01798102 0.03045897 0.06277772
v 0.01659188 0.03075515 0.06621595
v 0.01680044 0.03087091 0.06449431
v 0.01552488 0.03110094 0.06793761
v 0.01711886 0.03103479 0.06191183
v 0.01725479 0.03110696 0.06076744
v 0.01643174 0.03146628 0.06122317
v 0.01453982 0.03222402 0.06277772
v 0.01445044 0.03245556 0.06122823
v 0.01367952 0.03275474 0.06191690
v 0.00766301 0.03369891 0.06965420
v 0.00422181 0.03401764 0.07137585
v 0.00422181 0.03375755 0.07309750
v 0.00594241 0.03405373 0.06965420
v 0.00250307 0.03397103 0.07309750
v 0.00078247 0.03404020 0.07309750
v 0.00004880 0.03330050 0.07726997
v 0.00004880 0.03360119 0.07554832
v 0.00004880 0.03401013 0.07309750
v 0.00176195 0.03620818 0.04558146
v 0.00078247 0.03625178 0.04730311
v 0.00167071 0.03619916 0.04998180
v 0.00172285 0.03620366 0.04901970
v 0.00178988 0.03620968 0.04730311
v 0.00262225 0.03611496 0.04558146
v 0.00265018 0.03612549 0.04730311
v 0.00422181 0.03594056 0.04730311
v 0.00594241 0.03569400 0.04558146
v 0.00766301 0.03537676 0.04558146
v 0.00766301 0.03537376 0.04385981
v 0.00938175 0.03494528 0.04730311
v 0.00938175 0.03493625 0.04558146
v 0.00938175 0.03492272 0.04385981
v 0.01051578 0.03457242 0.04385981
v 0.01051764 0.03457392 0.04558146
v 0.01051764 0.03457543 0.04730311
v 0.01137794 0.03426722 0.04558146
v 0.01137794 0.03426572 0.04730311
v 0.01050274 0.03457242 0.04901970
v 0.01136304 0.03425519 0.04901970
v 0.01046736 0.03456039 0.05074135
v 0.01282108 0.03356210 0.05590124
v 0.01424188 0.03300732 0.05590124
v 0.01537964 0.03274722 0.04788037
v 0.01517294 0.03265401 0.05417959
v 0.01626042 0.03212329 0.05417959
v 0.01768680 0.03136405 0.05417959
v 0.01854711 0.03086039 0.05417959
v 0.01860297 0.03089046 0.05246300
v 0.01907222 0.03061533 0.05172877
v 0.01861786 0.03090099 0.05074135
v 0.00938175 0.03361322 0.06621595
v 0.00938175 0.03340875 0.06793761
v 0.01054930 0.03284946 0.06965420
v 0.01173361 0.03268709 0.06793761
v 0.01110048 0.03368688 0.06105607
v 0.00938175 0.03319826 0.06965420
v 0.01907222 0.03003650 0.06110671
v 0.01788791 0.03071004 0.06122317
v 0.01701272 0.03098067 0.06277772
v 0.01824172 0.03071455 0.05933948
v 0.01738328 0.03117611 0.05933948
v 0.01626042 0.03175946 0.05933948
v 0.01484521 0.03247811 0.05933948
v 0.01381732 0.03281939 0.06077250
v 0.01282108 0.03332756 0.05933948
v 0.01299240 0.03305694 0.06122823
v 0.00766301 0.03391240 0.06793761
v 0.00250307 0.03421159 0.07137585
v 0.00422181 0.03425669 0.06965420
v 0.00627014 0.03439802 0.06621595
v 0.00578041 0.03430781 0.06777557
v 0.00510073 0.03447770 0.06709705
v 0.00422181 0.03442357 0.06836296
v 0.00217906 0.03453333 0.06922885
v 0.00078247 0.03428225 0.07137585
v 0.00004880 0.03426120 0.07137585
v 0.00152360 0.03619916 0.04998180
v 0.00250307 0.03594958 0.05417959
v 0.00250307 0.03602325 0.05246300
v 0.00234666 0.03610143 0.05062995
v 0.00258314 0.03611496 0.04901970
v 0.00078247 0.03595259 0.05590124
v 0.00078247 0.03588042 0.05762289
v 0.00422181 0.03590899 0.04901970
v 0.00594241 0.03568047 0.04730311
v 0.00766301 0.03536474 0.04901970
v 0.00766301 0.03537676 0.04730311
v 0.00938175 0.03494528 0.04901970
v 0.00938175 0.03491220 0.05074135
v 0.01039847 0.03453333 0.05246300
v 0.01282108 0.03347640 0.05762289
v 0.01414133 0.03297425 0.05762289
v 0.01031281 0.03450025 0.05371880
v 0.01510218 0.03261342 0.05590124
v 0.01626042 0.03201956 0.05590124
v 0.01760301 0.03130240 0.05590124
v 0.01836089 0.03077319 0.05762289
v 0.01846145 0.03081980 0.05590124
v 0.01907222 0.03054316 0.05417959
v 0.01907222 0.03045295 0.05590124
v 0.01907222 0.03062585 0.05074135
v 0.00938175 0.03381167 0.06449431
v 0.01110048 0.03387331 0.05933948
v 0.01907222 0.03021691 0.05929897
v 0.01907222 0.03028908 0.05836219
v 0.01750059 0.03124076 0.05762289
v 0.01626042 0.03189928 0.05762289
v 0.01500163 0.03255478 0.05762289
v 0.01398491 0.03290058 0.05933948
v 0.00938175 0.03399810 0.06277772
v 0.00766301 0.03409733 0.06621595
v 0.00664815 0.03445064 0.06509688
v 0.00332613 0.03447169 0.06876805
v 0.00540984 0.03452731 0.06621595
v 0.00594241 0.03515425 0.05933948
v 0.00594241 0.03497835 0.06105607
v 0.00422181 0.03542488 0.05933948
v 0.00422181 0.03453182 0.06750213
v 0.00422181 0.03524446 0.06105607
v 0.00422181 0.03505954 0.06277772
v 0.00422181 0.03487160 0.06449431
v 0.00422181 0.03468217 0.06621595
v 0.00250307 0.03488213 0.06621595
v 0.00265204 0.03463256 0.06808952
v 0.00078247 0.03495279 0.06621595
v 0.00078247 0.03473780 0.06793761
v 0.00078247 0.03454987 0.06936050
v 0.00078247 0.03443560 0.07022133
v 0.00004880 0.03449273 0.06964914
v 0.00250307 0.03585186 0.05590124
v 0.00422181 0.03556921 0.05762289
v 0.00422181 0.03566543 0.05590124
v 0.00422181 0.03573609 0.05417959
v 0.00422181 0.03579473 0.05246300
v 0.00004880 0.03587591 0.05762289
v 0.00004880 0.03582179 0.05835206
v 0.00078247 0.03574210 0.05933948
v 0.00250307 0.03574060 0.05762289
v 0.00594241 0.03564438 0.04901970
v 0.00594241 0.03547750 0.05417959
v 0.00594241 0.03553313 0.05246300
v 0.00766301 0.03531963 0.05074135
v 0.00938175 0.03483402 0.05246300
v 0.01110048 0.03412589 0.05590124
v 0.01110048 0.03401614 0.05762289
v 0.01019922 0.03446417 0.05486825
v 0.00983238 0.03437396 0.05762289
v 0.00954561 0.03430631 0.05933948
v 0.00921229 0.03423865 0.06089403
v 0.00756432 0.03429578 0.06451456
v 0.00692561 0.03450476 0.06395250
v 0.00766301 0.03476486 0.05933948
v 0.00594241 0.03530009 0.05762289
v 0.00250307 0.03559627 0.05933948
v 0.00250307 0.03542488 0.06105607
v 0.00250307 0.03525047 0.06277772
v 0.00250307 0.03507006 0.06449431
v 0.00078247 0.03515275 0.06449431
v 0.00004880 0.03454085 0.06928455
v 0.00594241 0.03540232 0.05590124
v 0.00766301 0.03523995 0.05246300
v 0.00766301 0.03514674 0.05417959
v 0.00766301 0.03503548 0.05590124
v 0.00952885 0.03468067 0.05425048
v 0.01006887 0.03443260 0.05590124
v 0.00921043 0.03465060 0.05590124
v 0.00897394 0.03458595 0.05762289
v 0.00852517 0.03447620 0.06021044
v 0.00801868 0.03435441 0.06277772
v 0.00766301 0.03490769 0.05762289
v 0.00770025 0.03461000 0.06089403
v 0.03002074 -0.00002355 0.08683462
v 0.03002074 0.00093698 0.08681943
v 0.02830031 0.00953676 0.08688019
v 0.02486111 0.01641358 0.08670297
v 0.02155915 0.02171152 0.08656121
v 0.01980023 0.02339845 0.08655615
v 0.03002074 0.00265694 0.08677892
v 0.02804760 0.01297667 0.08643969
v 0.02675058 0.01486772 0.08653589
v 0.02490630 0.01813653 0.08649538
v 0.03002074 0.00437689 0.08670297
v 0.02959063 0.00953676 0.08641944
v 0.03117048 0.00093698 0.08634350
v 0.01929314 0.02454809 0.08629793
v 0.02326285 0.01997055 0.08655109
v 0.02276915 0.02123125 0.08631312
v 0.02107716 0.02289417 0.08631312
v 0.03112195 0.00265694 0.08630299
v 0.02937976 0.01091752 0.08624224
v 0.02771288 0.01440546 0.08626755
v 0.02631377 0.01641358 0.08639413
v 0.02594057 0.01756321 0.08621185
v 0.02436071 0.01947227 0.08629286
v 0.03105501 0.00437689 0.08623211
v 0.03096631 0.00558056 0.08611566
v 0.03167423 0.00093698 0.08513848
v 0.03247252 0.00093698 0.08205503
v 0.02043953 0.02404081 0.08567011
v 0.01980023 0.02477022 0.08511316
v 0.02222356 0.02237789 0.08584224
v 0.02391554 0.02061891 0.08574605
v 0.03559374 0.00609685 0.04214245
v 0.03586987 0.00437689 0.04386391
v 0.03601883 0.00313721 0.04386391
v 0.03079393 0.00672720 0.08577136
v 0.03024834 0.00953676 0.08513848
v 0.02959230 0.01139779 0.08525492
v 0.02912370 0.01206416 0.08590807
v 0.02743842 0.01554910 0.08598908
v 0.02619160 0.01787839 0.08513848
v 0.03157214 0.00265694 0.08513848
v 0.03142487 0.00437689 0.08513848
v 0.03111358 0.00613287 0.08517391
v 0.03268841 0.00093698 0.08119430
v 0.02065375 0.02423892 0.08452583
v 0.02084454 0.02440701 0.08341701
v 0.01962450 0.02537355 0.08352840
v 0.02008139 0.02550262 0.08169555
v 0.02317080 0.02160346 0.08521949
v 0.02350050 0.02190062 0.08341701
v 0.02242606 0.02256699 0.08469292
v 0.02409461 0.02083203 0.08460178
v 0.02588032 0.01919012 0.08300184
v 0.02609119 0.01944226 0.08169555
v 0.03447914 0.01091452 0.04386391
v 0.03489753 0.00953676 0.04386391
v 0.03531257 0.00781680 0.04386391
v 0.03560545 0.00609685 0.04386391
v 0.03588661 0.00437689 0.04558031
v 0.03603221 0.00337434 0.04558031
v 0.03608074 0.00251286 0.04558031
v 0.03606568 0.00227873 0.04386391
v 0.03610920 0.00093698 0.04386391
v 0.03612426 -0.00002355 0.04386391
v 0.03097300 0.00731853 0.08462710
v 0.03082572 0.00846516 0.08407015
v 0.03097635 0.00899646 0.08292083
v 0.03067176 0.00955777 0.08346258
v 0.03013789 0.01125671 0.08341701
v 0.02930110 0.01239735 0.08476380
v 0.02988183 0.01297667 0.08169555
v 0.02931114 0.01412330 0.08169555
v 0.02759238 0.01584926 0.08483975
v 0.02744344 0.01727505 0.08256134
v 0.02727608 0.01699590 0.08370561
v 0.02712713 0.01641958 0.08530049
v 0.02694973 0.01830763 0.08169555
v 0.03263319 0.00214966 0.08096647
v 0.03257796 0.00329629 0.08070824
v 0.03181313 0.00437689 0.08341701
v 0.03152026 0.00609685 0.08341701
v 0.03154536 0.00781680 0.08169555
v 0.03112697 0.00786183 0.08346258
v 0.03291769 0.00093698 0.07997409
v 0.02170475 0.02362658 0.08341701
v 0.02198089 0.02387872 0.08169555
v 0.02217001 0.02405282 0.08047534
v 0.02112068 0.02464114 0.08169555
v 0.02052488 0.02584781 0.07900704
v 0.02377664 0.02219778 0.08169555
v 0.02264028 0.02276510 0.08341701
v 0.02427369 0.02104214 0.08341701
v 0.02718236 0.01861980 0.07997409
v 0.02632214 0.01971841 0.07997409
v 0.02538494 0.02030374 0.08169555
v 0.02563263 0.02578778 0.04558031
v 0.03421471 0.01177600 0.04386391
v 0.03448248 0.01092653 0.04558031
v 0.03448583 0.01092053 0.04730177
v 0.03489586 0.00953676 0.04558031
v 0.03530923 0.00781680 0.04558031
v 0.03561549 0.00609685 0.05073963
v 0.03561717 0.00609685 0.04902323
v 0.03561549 0.00609685 0.04730177
v 0.03561214 0.00609685 0.04558031
v 0.03588159 0.00437689 0.04730177
v 0.03587322 0.00437689 0.04902323
v 0.03585983 0.00437689 0.05073963
v 0.03602552 0.00327228 0.04730177
v 0.03607740 0.00241380 0.04730177
v 0.03614434 0.00093698 0.04730177
v 0.03613765 0.00093698 0.04558031
v 0.03615271 -0.00002355 0.04558031
v 0.03080230 0.01014310 0.08221705
v 0.03191857 0.00781680 0.07997409
v 0.03110354 0.00955777 0.08166517
v 0.03060314 0.01119368 0.08166517
v 0.03077719 0.01177600 0.07997409
v 0.03028349 0.01297667 0.07997409
v 0.02952703 0.01452853 0.07997409
v 0.02886932 0.01498178 0.08169555
v 0.02771288 0.01641958 0.08324487
v 0.02811621 0.01641358 0.08169555
v 0.02754887 0.01744915 0.08169555
v 0.03343148 0.00437689 0.07481477
v 0.03267670 0.00408273 0.07956398
v 0.03259971 0.00522937 0.07910830
v 0.03251101 0.00454499 0.08007029
v 0.03219303 0.00437689 0.08169555
v 0.03274364 0.00269596 0.08007029
v 0.03305158 0.00265694 0.07825769
v 0.03333776 0.00265694 0.07653623
v 0.03390845 0.00265694 0.07309837
v 0.03226165 0.00609685 0.07997409
v 0.03261645 0.00703037 0.07748304
v 0.02291642 0.02301724 0.08169555
v 0.02394065 0.02237188 0.08062217
v 0.02234741 0.02421191 0.07932601
v 0.02250974 0.02435599 0.07825769
v 0.02176668 0.02544259 0.07653623
v 0.02070396 0.02598889 0.07785770
v 0.01961948 0.02710851 0.07663243
v 0.01922117 0.02615698 0.08169555
v 0.02452640 0.02133631 0.08169555
v 0.02773631 0.01776132 0.07997409
v 0.02733633 0.01883892 0.07858173
v 0.02560920 0.02057989 0.07997409
v 0.02602090 0.02107216 0.07653623
v 0.01907222 0.03064147 0.04558031
v 0.01970149 0.03026327 0.04558031
v 0.02477241 0.02650818 0.04558031
v 0.02089307 0.02953086 0.04730177
v 0.02175329 0.02893052 0.04730177
v 0.02285450 0.02806904 0.04730177
v 0.02558744 0.02574576 0.04902323
v 0.02635561 0.02488428 0.04902323
v 0.02475066 0.02649617 0.04730177
v 0.02468036 0.02643914 0.05246109
v 0.03311685 0.01469662 0.04386391
v 0.03382142 0.01297667 0.04386391
v 0.03421639 0.01178501 0.04558031
v 0.03488749 0.00953676 0.04730177
v 0.03421136 0.01178201 0.04730177
v 0.03448081 0.01089351 0.04902323
v 0.03530086 0.00781680 0.04730177
v 0.03560712 0.00609685 0.05246109
v 0.03583138 0.00437689 0.05246109
v 0.03601548 0.00309218 0.04902323
v 0.03600544 0.00289407 0.05073963
v 0.03606568 0.00223070 0.04902323
v 0.03612761 0.00093698 0.04902323
v 0.03616108 -0.00002355 0.04902323
v 0.03616944 -0.00002355 0.04730177
v 0.03093284 0.01057534 0.08106773
v 0.03232859 0.00769073 0.07813618
v 0.03146838 0.00953676 0.07997409
v 0.03104496 0.01091752 0.07997409
v 0.03179975 0.00953676 0.07825769
v 0.03086087 0.01205816 0.07900197
v 0.03060816 0.01292264 0.07835896
v 0.03071360 0.01344793 0.07653623
v 0.03010944 0.01469662 0.07653623
v 0.02907015 0.01538701 0.07997409
v 0.02965757 0.01486772 0.07842477
v 0.02915885 0.01555210 0.07910830
v 0.02850615 0.01641358 0.07997409
v 0.03290932 0.00609685 0.07653623
v 0.03280556 0.00454499 0.07842477
v 0.03371264 0.00437689 0.07309837
v 0.03268339 0.00609685 0.07788302
v 0.03252440 0.00609685 0.07874375
v 0.03405740 0.00093698 0.07309837
v 0.03425990 0.00093698 0.07184778
v 0.03439546 0.00093698 0.07098705
v 0.03419128 0.00261792 0.07129589
v 0.03318881 0.00609685 0.07481477
v 0.03346160 0.00609685 0.07309837
v 0.03372938 0.00609685 0.07137690
v 0.03365071 0.00781680 0.06965545
v 0.03269511 0.00735755 0.07653623
v 0.03248758 0.00821903 0.07653623
v 0.02465359 0.02170852 0.08001966
v 0.02409127 0.02253097 0.07947284
v 0.02387873 0.02403481 0.07481477
v 0.02363271 0.02379467 0.07653623
v 0.02277249 0.02458111 0.07653623
v 0.02399755 0.02414887 0.07392872
v 0.02301851 0.02477622 0.07481477
v 0.02199595 0.02563469 0.07481477
v 0.02090646 0.02615098 0.07653623
v 0.01919774 0.02786193 0.07481477
v 0.02927432 0.01575621 0.07796403
v 0.02941658 0.01599034 0.07653623
v 0.02890781 0.01685182 0.07653623
v 0.02780995 0.01821458 0.07811086
v 0.02744846 0.01900401 0.07743747
v 0.02707692 0.02021669 0.07481477
v 0.02621671 0.02130629 0.07481477
v 0.02530293 0.02193364 0.07653623
v 0.02521926 0.02149540 0.07840959
v 0.01970149 0.03026026 0.04730177
v 0.01970149 0.03025126 0.04902323
v 0.01970149 0.03024225 0.05073963
v 0.02087968 0.02952485 0.04902323
v 0.02086629 0.02951885 0.05073963
v 0.02172484 0.02889751 0.05073963
v 0.02283107 0.02805404 0.04902323
v 0.02633218 0.02486327 0.05073963
v 0.02554058 0.02569773 0.05246109
v 0.02721583 0.02388772 0.04902323
v 0.02281098 0.02803603 0.05073963
v 0.02364275 0.02730062 0.05246109
v 0.02461844 0.02638811 0.05418255
v 0.03310848 0.01469662 0.04558031
v 0.03381138 0.01297667 0.04558031
v 0.03487410 0.00953676 0.04902323
v 0.03528245 0.00781680 0.05073963
v 0.03378962 0.01297667 0.04730177
v 0.03419630 0.01175199 0.04902323
v 0.03445905 0.01081547 0.05073963
v 0.03484063 0.00953676 0.05073963
v 0.03526571 0.00781680 0.05246109
v 0.03556529 0.00609685 0.05418255
v 0.03599037 0.00253988 0.05240033
v 0.03575775 0.00437689 0.05418255
v 0.03591674 0.00265694 0.05418255
v 0.03604560 0.00188551 0.05178263
v 0.03605397 0.00203259 0.05073963
v 0.03610083 0.00093698 0.05073963
v 0.03118555 0.01139479 0.07835896
v 0.03257294 0.00856422 0.07549829
v 0.03209764 0.00953676 0.07653623
v 0.03154034 0.01125671 0.07653623
v 0.03183154 0.01125671 0.07481477
v 0.03211605 0.01125671 0.07309837
v 0.03179305 0.01297667 0.07137690
v 0.03150352 0.01297667 0.07309837
v 0.03095794 0.01231030 0.07785264
v 0.03082071 0.01369707 0.07534134
v 0.03092279 0.01392520 0.07419707
v 0.03048599 0.01457656 0.07478945
v 0.03397707 0.00437689 0.07137690
v 0.03447914 -0.00002355 0.07040985
v 0.03457620 0.00093698 0.06965545
v 0.03434190 0.00202059 0.07066301
v 0.03428333 0.00316722 0.07022758
v 0.03398041 0.00609685 0.06965545
v 0.03338797 0.00781680 0.07137690
v 0.03388502 0.00781680 0.06793398
v 0.03317542 0.00953676 0.06965545
v 0.03265996 0.00887639 0.07434896
v 0.03282230 0.00792186 0.07488059
v 0.03312187 0.00781680 0.07309837
v 0.02444272 0.02293620 0.07653623
v 0.02028054 0.02736365 0.07309837
v 0.02463853 0.02317333 0.07481477
v 0.02549874 0.02216777 0.07481477
v 0.02563598 0.02232986 0.07346798
v 0.02573639 0.02245293 0.07231865
v 0.02582007 0.02255198 0.07137690
v 0.02596902 0.02272908 0.06965545
v 0.02611797 0.02290018 0.06793398
v 0.02626691 0.02306227 0.06621759
v 0.02549707 0.02392074 0.06621759
v 0.02563932 0.02407083 0.06449613
v 0.02571464 0.02414887 0.06358983
v 0.02477911 0.02488428 0.06449613
v 0.02395571 0.02583281 0.06335186
v 0.02386032 0.02574275 0.06449613
v 0.02371137 0.02561068 0.06621759
v 0.02227209 0.02758578 0.06182280
v 0.02218172 0.02751073 0.06277467
v 0.02200934 0.02737266 0.06449613
v 0.02131314 0.02706649 0.06979722
v 0.02045794 0.02750774 0.07137690
v 0.02113574 0.02634309 0.07481477
v 0.02005796 0.02720457 0.07481477
v 0.01942033 0.02803302 0.07309837
v 0.03057134 0.01497278 0.07309837
v 0.02957222 0.01624248 0.07481477
v 0.02813462 0.01813353 0.07653623
v 0.02905676 0.01710396 0.07481477
v 0.02843252 0.01813353 0.07481477
v 0.02752879 0.01912408 0.07653623
v 0.02724595 0.02044181 0.07309837
v 0.02626189 0.02168450 0.07297686
v 0.01970149 0.03022124 0.05246109
v 0.02083784 0.02950684 0.05246109
v 0.02169806 0.02886749 0.05246109
v 0.02278253 0.02800901 0.05246109
v 0.02792208 0.02302625 0.04902323
v 0.02719240 0.02385170 0.05073963
v 0.02629369 0.02483625 0.05246109
v 0.02547699 0.02563469 0.05418255
v 0.02624014 0.02477622 0.05418255
v 0.02450632 0.02630407 0.05590401
v 0.02357413 0.02724659 0.05418255
v 0.02057677 0.02932674 0.05862291
v 0.02050982 0.02927572 0.05977224
v 0.03088263 0.01899801 0.04483097
v 0.03220642 0.01651563 0.04730177
v 0.03264155 0.01563014 0.05073963
v 0.03306831 0.01469662 0.04902323
v 0.03304489 0.01469662 0.05073963
v 0.03375950 0.01297667 0.04902323
v 0.03371431 0.01297667 0.05073963
v 0.03416952 0.01167395 0.05073963
v 0.03412936 0.01154787 0.05246109
v 0.03441721 0.01068940 0.05246109
v 0.03478038 0.00953676 0.05246109
v 0.03521886 0.00781680 0.05418255
v 0.03511342 0.00781680 0.05590401
v 0.03545483 0.00609685 0.05590401
v 0.03595356 0.00093698 0.05590401
v 0.03601548 0.00092798 0.05421799
v 0.03602887 0.00149529 0.05293196
v 0.03564394 0.00437689 0.05590401
v 0.03581799 0.00265694 0.05590401
v 0.03587155 0.00093698 0.05762041
v 0.03606234 0.00092798 0.05240033
v 0.03604895 0.00034866 0.05367117
v 0.03238717 0.00948573 0.07488059
v 0.03239554 0.01120869 0.07144780
v 0.03249093 0.01175799 0.06965545
v 0.03205078 0.01297667 0.06965545
v 0.03116881 0.01438145 0.07137690
v 0.03102154 0.01411130 0.07309837
v 0.03421136 0.00437389 0.06965545
v 0.03441219 0.00261792 0.06965545
v 0.03467160 -0.00002355 0.06889598
v 0.03478373 0.00093698 0.06793398
v 0.03483393 0.00265694 0.06621759
v 0.03462139 0.00265694 0.06793398
v 0.03435529 0.00380057 0.06907825
v 0.03420634 0.00608184 0.06792893
v 0.03427831 0.00664615 0.06667327
v 0.03433688 0.00703337 0.06552394
v 0.03411764 0.00769073 0.06614671
v 0.03381138 0.00953676 0.06449613
v 0.03361725 0.00953676 0.06621759
v 0.03340972 0.00953676 0.06793398
v 0.03266331 0.01060235 0.07092123
v 0.03286916 0.00965983 0.07144780
v 0.03275703 0.00919457 0.07309837
v 0.03257461 0.01031419 0.07207056
v 0.03249428 0.01005305 0.07309837
v 0.02678405 0.02141736 0.07127564
v 0.02682923 0.02170251 0.06965545
v 0.02697818 0.02188261 0.06793398
v 0.02712713 0.02205671 0.06621759
v 0.02726436 0.02221580 0.06449613
v 0.02640415 0.02321235 0.06449613
v 0.02640749 0.02346149 0.06292150
v 0.02579999 0.02423292 0.06244556
v 0.02404775 0.02591985 0.06220760
v 0.02040104 0.02919767 0.06105827
v 0.02132151 0.02820712 0.06277467
v 0.02413478 0.02599790 0.06105827
v 0.02426197 0.02611196 0.05934187
v 0.02438749 0.02621401 0.05762041
v 0.02114913 0.02807205 0.06449613
v 0.02097675 0.02793397 0.06621759
v 0.02066714 0.02768183 0.06931622
v 0.02022531 0.02906860 0.06277467
v 0.03070858 0.01524293 0.07137690
v 0.03090104 0.01559412 0.06893648
v 0.03040566 0.01626649 0.06956938
v 0.02964418 0.01656666 0.07318950
v 0.02913876 0.01723903 0.07382746
v 0.02767606 0.01935821 0.07481477
v 0.02876221 0.01803447 0.07318950
v 0.02881744 0.01843070 0.07137690
v 0.02736143 0.02060390 0.07178196
v 0.02746184 0.02073898 0.07063263
v 0.03043578 0.01968539 0.04547398
v 0.02945172 0.02110218 0.04730177
v 0.01907222 0.03060545 0.05246109
v 0.01970149 0.03016121 0.05418255
v 0.02078429 0.02947383 0.05418255
v 0.02071233 0.02942880 0.05590401
v 0.02164450 0.02880746 0.05418255
v 0.02271559 0.02794598 0.05418255
v 0.02878229 0.02193664 0.04902323
v 0.02789195 0.02299323 0.05073963
v 0.02715223 0.02379467 0.05246109
v 0.02536653 0.02553264 0.05590401
v 0.02600416 0.02444904 0.05934187
v 0.02609788 0.02456010 0.05762041
v 0.02617821 0.02467116 0.05590401
v 0.02710035 0.02372563 0.05418255
v 0.02695810 0.02357855 0.05762041
v 0.02703676 0.02365660 0.05590401
v 0.02063032 0.02936877 0.05762041
v 0.01984207 0.02975298 0.05925580
v 0.01954250 0.02976799 0.06105827
v 0.03087091 0.01898000 0.04597523
v 0.03134621 0.01809151 0.04730177
v 0.03216124 0.01649162 0.05073963
v 0.03262482 0.01559712 0.05214211
v 0.03291267 0.01486772 0.05261298
v 0.03364235 0.01297667 0.05246109
v 0.03355198 0.01297667 0.05418255
v 0.03395363 0.01125671 0.05762041
v 0.03437036 0.01055132 0.05418255
v 0.03469837 0.00953676 0.05418255
v 0.03455445 0.00968684 0.05592933
v 0.03495611 0.00781680 0.05762041
v 0.03530588 0.00609685 0.05762041
v 0.03427831 0.01024815 0.05762041
v 0.03452934 0.00938968 0.05762041
v 0.03421471 0.01000202 0.05934187
v 0.03538621 0.00437689 0.05934187
v 0.03552177 0.00437689 0.05762041
v 0.03557867 0.00265694 0.05934187
v 0.03570084 0.00265694 0.05762041
v 0.03574436 0.00093698 0.05934187
v 0.03256624 0.01200713 0.06852131
v 0.03263653 0.01221725 0.06737198
v 0.03231521 0.01286561 0.06794411
v 0.03236374 0.01325582 0.06621759
v 0.03150687 0.01469662 0.06793398
v 0.03122906 0.01479268 0.06956938
v 0.03463980 0.00437689 0.06621759
v 0.03428333 0.00494721 0.06850106
v 0.03498456 0.00093698 0.06621759
v 0.03524563 0.00265694 0.06277467
v 0.03504146 0.00265694 0.06449613
v 0.03485067 0.00437689 0.06449613
v 0.03435529 0.00549952 0.06735680
v 0.03505317 0.00437689 0.06277467
v 0.03459963 0.00609685 0.06449613
v 0.03478373 0.00609685 0.06277467
v 0.03439044 0.00725849 0.06449613
v 0.03514020 0.00609685 0.05934187
v 0.03418626 0.00811697 0.06449613
v 0.03399547 0.00953676 0.06277467
v 0.03350344 0.01125671 0.06277467
v 0.03330094 0.01125671 0.06449613
v 0.03283903 0.01136477 0.06794411
v 0.03308840 0.01125671 0.06621759
v 0.02754218 0.02084403 0.06965545
v 0.02781329 0.02119823 0.06621759
v 0.02768276 0.02102413 0.06793398
v 0.02793044 0.02135432 0.06449613
v 0.02737984 0.02235687 0.06277467
v 0.02688948 0.02317033 0.06120004
v 0.02589538 0.02433197 0.06105827
v 0.02512219 0.02530751 0.05934187
v 0.02499500 0.02519045 0.06105827
v 0.01936510 0.02965393 0.06277467
v 0.01917598 0.02953386 0.06449613
v 0.02524771 0.02542158 0.05762041
v 0.03097802 0.01572920 0.06793398
v 0.03047762 0.01659068 0.06793398
v 0.02923249 0.01739512 0.07267813
v 0.02781831 0.01958033 0.07309837
v 0.02933792 0.01756922 0.07137690
v 0.02947850 0.01779734 0.06965545
v 0.02952703 0.01821758 0.06776690
v 0.02895467 0.01865882 0.06965545
v 0.02786518 0.01996155 0.07127564
v 0.02861159 0.01968239 0.06776690
v 0.02867351 0.01995254 0.06621759
v 0.03028684 0.01985349 0.04730177
v 0.02942829 0.02107816 0.04902323
v 0.01970149 0.03007416 0.05590401
v 0.01970149 0.02996610 0.05762041
v 0.02875217 0.02190362 0.05073963
v 0.02937976 0.02100312 0.05246109
v 0.02940486 0.02104214 0.05073963
v 0.02934963 0.02095209 0.05418255
v 0.02930110 0.02088906 0.05590401
v 0.02686271 0.02347349 0.05934187
v 0.02767104 0.02271708 0.05762041
v 0.02758904 0.02261502 0.05934187
v 0.01907222 0.02982502 0.06277467
v 0.03019479 0.01985349 0.05073963
v 0.03085418 0.01894998 0.04730177
v 0.03132613 0.01805248 0.04902323
v 0.03130102 0.01801346 0.05073963
v 0.03127592 0.01797144 0.05246109
v 0.03076380 0.01878489 0.05418255
v 0.03124077 0.01792642 0.05418255
v 0.03259804 0.01555210 0.05328638
v 0.03292773 0.01461858 0.05418255
v 0.03345156 0.01297667 0.05590401
v 0.03430676 0.01035922 0.05652678
v 0.03433856 0.01045227 0.05537745
v 0.03384150 0.01125671 0.05934187
v 0.03444399 0.00914054 0.05934187
v 0.03437370 0.00888240 0.06074436
v 0.03431680 0.00866628 0.06188356
v 0.03478205 0.00781680 0.05934187
v 0.03523225 0.00437689 0.06105827
v 0.03368586 0.01125671 0.06105827
v 0.03416618 0.00948873 0.06121016
v 0.03543140 0.00265694 0.06105827
v 0.03556696 0.00093698 0.06105827
v 0.03271017 0.01239434 0.06621759
v 0.03281728 0.01264048 0.06449613
v 0.03292104 0.01285960 0.06277467
v 0.03245579 0.01349896 0.06449613
v 0.03172276 0.01469662 0.06621759
v 0.03109852 0.01595432 0.06621759
v 0.03506489 -0.00002355 0.06545812
v 0.03518036 0.00093698 0.06449613
v 0.03537450 0.00093698 0.06277467
v 0.02879066 0.02014165 0.06449613
v 0.02890446 0.02032175 0.06277467
v 0.02901157 0.02049284 0.06105827
v 0.02909692 0.02062191 0.05968616
v 0.02916722 0.02072397 0.05853684
v 0.02804425 0.02149540 0.06277467
v 0.02743674 0.02242892 0.06186837
v 0.02750536 0.02251596 0.06072916
v 0.01907222 0.02977700 0.06313922
v 0.03061151 0.01681580 0.06621759
v 0.02916052 0.01899501 0.06707831
v 0.02981322 0.01813353 0.06621759
v 0.02922077 0.01909406 0.06621759
v 0.03014793 0.01985349 0.05246109
v 0.03009270 0.01985349 0.05418255
v 0.03000567 0.01985349 0.05590401
v 0.02853126 0.02165148 0.05762041
v 0.02922244 0.02079301 0.05762041
v 0.03081067 0.01887194 0.05073963
v 0.03083242 0.01891096 0.04902323
v 0.03078724 0.01883292 0.05246109
v 0.03072364 0.01870685 0.05590401
v 0.03118889 0.01784837 0.05590401
v 0.03112864 0.01772530 0.05762041
v 0.03180644 0.01641358 0.05762041
v 0.03256457 0.01547706 0.05418255
v 0.03287083 0.01445949 0.05590401
v 0.03333608 0.01297667 0.05762041
v 0.03321057 0.01297667 0.05934187
v 0.03296623 0.01314476 0.06120510
v 0.03254784 0.01372108 0.06277467
v 0.03191689 0.01469662 0.06449613
v 0.03120228 0.01615243 0.06449613
v 0.03072866 0.01701391 0.06449613
v 0.02933457 0.01928317 0.06449613
v 0.02944503 0.01946327 0.06277467
v 0.02955883 0.01963436 0.06105827
v 0.02957557 0.01997055 0.05920517
v 0.02984501 0.01985349 0.05762041
v 0.03004417 0.01813353 0.06449613
v 0.03064331 0.01858378 0.05762041
v 0.03104664 0.01756021 0.05934187
v 0.03164745 0.01641358 0.05934187
v 0.03241897 0.01514987 0.05762041
v 0.03249428 0.01531797 0.05590401
v 0.03280054 0.01428840 0.05762041
v 0.03272356 0.01411730 0.05934187
v 0.03265662 0.01396422 0.06073423
v 0.03259636 0.01382914 0.06187849
v 0.03232023 0.01460357 0.06120510
v 0.03210601 0.01469662 0.06277467
v 0.03053452 0.01841869 0.05934187
v 0.03234031 0.01497578 0.05934187
v 0.02658121 -0.01282264 0.08681823
v 0.03606044 -0.00179317 0.04088464
v 0.02830203 -0.00938268 0.08686882
v 0.02658121 -0.01454262 0.08669678
v 0.03002166 -0.00078425 0.08684352
v 0.03120347 -0.00078425 0.08637295
v 0.03118932 -0.00002355 0.08636283
v 0.03573727 -0.00422421 0.04042420
v 0.03610290 -0.00078425 0.04213950
v 0.03613592 -0.00078425 0.04385986
v 0.03616423 -0.00078425 0.04558021
v 0.03607695 -0.00192604 0.04213950
v 0.03002166 -0.00422421 0.08667148
v 0.03002166 -0.00250423 0.08679798
v 0.02811921 -0.01282264 0.08645897
v 0.02959234 -0.00938268 0.08640332
v 0.02984946 -0.00766271 0.08646909
v 0.02740329 -0.01493976 0.08625152
v 0.03115275 -0.00250423 0.08632741
v 0.03173776 -0.00078425 0.08513834
v 0.03390795 -0.01282264 0.04385986
v 0.03320263 -0.01454262 0.04385986
v 0.03550020 -0.00594419 0.04042420
v 0.03596373 -0.00278603 0.04213950
v 0.03577383 -0.00422421 0.04213950
v 0.03554384 -0.00594419 0.04213950
v 0.03614064 -0.00002355 0.04482123
v 0.03616659 -0.00002355 0.04654159
v 0.03618782 -0.00078425 0.04730057
v 0.03610761 -0.00215819 0.04558021
v 0.03583634 -0.00422421 0.04558021
v 0.03580568 -0.00422421 0.04385986
v 0.02769697 -0.01454262 0.08622116
v 0.02935763 -0.01080189 0.08622116
v 0.03084610 -0.00665671 0.08590744
v 0.03094045 -0.00550908 0.08608454
v 0.03103245 -0.00422421 0.08620092
v 0.02758021 -0.01493976 0.08611996
v 0.03163751 -0.00250423 0.08513834
v 0.03216826 -0.00078425 0.08341798
v 0.03494704 -0.00938268 0.04385986
v 0.03424998 -0.01172904 0.04385986
v 0.03393979 -0.01282264 0.04558021
v 0.03324392 -0.01454262 0.04558021
v 0.03304223 -0.01493976 0.04558021
v 0.03301628 -0.01493976 0.04450751
v 0.03533036 -0.00766271 0.04385986
v 0.03557922 -0.00594419 0.04385986
v 0.03536692 -0.00766271 0.04558021
v 0.03618664 -0.00078425 0.04902093
v 0.03612413 -0.00234946 0.04902093
v 0.03612177 -0.00227208 0.04730057
v 0.03600972 -0.00313207 0.04730057
v 0.03560871 -0.00594419 0.04558021
v 0.02915359 -0.01194805 0.08597322
v 0.03072226 -0.00775761 0.08525472
v 0.03099942 -0.00724950 0.08476391
v 0.03157500 -0.00594419 0.08341798
v 0.03111383 -0.00602741 0.08525472
v 0.03140634 -0.00422421 0.08513834
v 0.02784204 -0.01493976 0.08553301
v 0.03184627 -0.00422421 0.08341798
v 0.03226379 -0.00422421 0.08169762
v 0.03205267 -0.00250423 0.08341798
v 0.03249497 -0.00078425 0.08208217
v 0.03257989 -0.00002355 0.08169256
v 0.03498478 -0.00938268 0.04558021
v 0.03450947 -0.01086905 0.04385986
v 0.03452479 -0.01091723 0.04558021
v 0.03426414 -0.01177722 0.04558021
v 0.03388200 -0.01282264 0.04902093
v 0.03322976 -0.01454262 0.04730057
v 0.03563230 -0.00594419 0.04730057
v 0.03566768 -0.00594419 0.05074129
v 0.03536810 -0.00766271 0.04730057
v 0.03614536 -0.00078425 0.05074129
v 0.03609818 -0.00221659 0.05074129
v 0.03602152 -0.00320945 0.04902093
v 0.03601326 -0.00307658 0.05074129
v 0.03588588 -0.00422421 0.05074129
v 0.03586347 -0.00422421 0.04730057
v 0.02956286 -0.01126619 0.08529520
v 0.03024812 -0.00938268 0.08513834
v 0.02896370 -0.01286498 0.08529520
v 0.02929748 -0.01232037 0.08482969
v 0.03087322 -0.01193929 0.07908167
v 0.03084492 -0.00839567 0.08412637
v 0.03115393 -0.00775761 0.08349894
v 0.03197483 -0.00594419 0.08169762
v 0.02795173 -0.01493976 0.08513834
v 0.02818172 -0.01454262 0.08513834
v 0.03253153 -0.00422421 0.08040229
v 0.03258225 -0.00316857 0.08072613
v 0.03245251 -0.00255825 0.08162172
v 0.03268839 -0.00078425 0.08122200
v 0.03268839 -0.00002355 0.08121188
v 0.03534687 -0.00766271 0.05246165
v 0.03496119 -0.00938268 0.04730057
v 0.03451064 -0.01086905 0.04730057
v 0.03423465 -0.01168085 0.04902093
v 0.03385251 -0.01282264 0.05074129
v 0.03320028 -0.01454262 0.04902093
v 0.03302572 -0.01493976 0.04795836
v 0.03588470 -0.00422421 0.04902093
v 0.03566414 -0.00594419 0.05246165
v 0.03604982 -0.00002355 0.05367096
v 0.03604982 -0.00032433 0.05367096
v 0.03603567 -0.00147049 0.05324087
v 0.03606515 -0.00192312 0.05209228
v 0.03583870 -0.00422421 0.05246165
v 0.03066092 -0.00938706 0.08349894
v 0.02907339 -0.01346654 0.08391891
v 0.03029058 -0.01282264 0.07997727
v 0.03065149 -0.01281534 0.07840870
v 0.03098999 -0.01223861 0.07793307
v 0.03121526 -0.01126035 0.07840870
v 0.03104425 -0.01075662 0.07997727
v 0.03092748 -0.01037846 0.08102465
v 0.03097702 -0.00881617 0.08297778
v 0.03156674 -0.00766271 0.08169762
v 0.03191232 -0.00766271 0.07997727
v 0.03236641 -0.00581862 0.07986595
v 0.03261645 -0.00516304 0.07921828
v 0.02889765 -0.01490618 0.08169762
v 0.02870894 -0.01443165 0.08337244
v 0.02921374 -0.01378484 0.08277538
v 0.03419219 -0.00251007 0.07130969
v 0.03390087 -0.00250423 0.07309584
v 0.03274501 -0.00255825 0.08008353
v 0.03263532 -0.00202240 0.08100442
v 0.03291839 -0.00078425 0.07997727
v 0.03291839 -0.00002355 0.07997727
v 0.03278983 -0.00002355 0.08067047
v 0.03486801 -0.00938268 0.05246165
v 0.03493053 -0.00938268 0.04902093
v 0.03528908 -0.00766271 0.05418201
v 0.03422050 -0.01162975 0.05074129
v 0.03382185 -0.01282264 0.05246165
v 0.03300685 -0.01493976 0.04902093
v 0.03316843 -0.01454262 0.05074129
v 0.03560281 -0.00594419 0.05418201
v 0.03591182 -0.00002355 0.05686374
v 0.03587880 -0.00078425 0.05762272
v 0.03594957 -0.00078425 0.05590236
v 0.03601444 -0.00085142 0.05421743
v 0.03572783 -0.00250423 0.05762272
v 0.02934466 -0.01404619 0.08169762
v 0.02948619 -0.01460102 0.07987101
v 0.02986126 -0.01454262 0.07825691
v 0.03075764 -0.01339791 0.07653654
v 0.03111265 -0.01253792 0.07653654
v 0.03189227 -0.01110266 0.07481619
v 0.03160802 -0.01110266 0.07653654
v 0.03145352 -0.00938268 0.07997727
v 0.03211283 -0.00938268 0.07653654
v 0.03179084 -0.00938268 0.07825691
v 0.03109732 -0.00938706 0.08163691
v 0.03257281 -0.00840589 0.07553469
v 0.03247846 -0.00802335 0.07653654
v 0.03230979 -0.00750502 0.07810511
v 0.03260701 -0.00682900 0.07742709
v 0.03290423 -0.00594419 0.07653654
v 0.03317433 -0.00594419 0.07481619
v 0.03396810 -0.00422421 0.07137547
v 0.03429244 -0.00308680 0.07027748
v 0.02912882 -0.01493976 0.08068059
v 0.03434906 -0.00194064 0.07069239
v 0.03425942 -0.00078425 0.07186628
v 0.03405656 -0.00078425 0.07309584
v 0.03304459 -0.00002355 0.07921828
v 0.03420399 -0.01157865 0.05246165
v 0.03479607 -0.00938268 0.05418201
v 0.03549548 -0.00594419 0.05590236
v 0.03516760 -0.00766271 0.05590236
v 0.03313187 -0.01454262 0.05246165
v 0.03416742 -0.01145746 0.05418201
v 0.03374282 -0.01282264 0.05418201
v 0.03574553 -0.00002355 0.05934308
v 0.03574553 -0.00078425 0.05934308
v 0.03555799 -0.00422421 0.05762272
v 0.03558630 -0.00250423 0.05934308
v 0.03542000 -0.00422421 0.05934308
v 0.02964896 -0.01493976 0.07825691
v 0.02998274 -0.01493976 0.07653654
v 0.03018915 -0.01454262 0.07653654
v 0.02956286 -0.01493976 0.07868194
v 0.03084492 -0.01360087 0.07545879
v 0.03245723 -0.01328549 0.06621440
v 0.03257871 -0.01189257 0.06864820
v 0.03216000 -0.01110266 0.07309584
v 0.03259168 -0.01021493 0.07218000
v 0.03252091 -0.00999008 0.07309584
v 0.03279337 -0.00913009 0.07309584
v 0.03268250 -0.00878697 0.07438610
v 0.03282521 -0.00776491 0.07490221
v 0.03314602 -0.00766271 0.07309584
v 0.03428891 -0.00660268 0.06687218
v 0.03370272 -0.00594419 0.07137547
v 0.03437855 -0.00545652 0.06745913
v 0.03470761 -0.00594419 0.06449404
v 0.03491284 -0.00594419 0.06277874
v 0.03441747 -0.00251007 0.06968547
v 0.03458259 -0.00078425 0.06965511
v 0.03440095 -0.00078425 0.07100610
v 0.03442808 -0.01059747 0.05418201
v 0.03467341 -0.00938268 0.05590236
v 0.03536810 -0.00594419 0.05762272
v 0.03503196 -0.00766271 0.05762272
v 0.03449059 -0.00909213 0.05934308
v 0.03296557 -0.01470031 0.05425284
v 0.03285941 -0.01493976 0.05408587
v 0.03293608 -0.01493976 0.05246165
v 0.03410491 -0.01125305 0.05590236
v 0.03360718 -0.01282264 0.05590236
v 0.03296321 -0.01444771 0.05590236
v 0.03535985 -0.00078425 0.06277874
v 0.03523247 -0.00594419 0.05934308
v 0.03508503 -0.00594419 0.06105838
v 0.03027288 -0.01493976 0.07484655
v 0.03052529 -0.01443749 0.07485667
v 0.03093810 -0.01379506 0.07431020
v 0.03255158 -0.01354100 0.06485329
v 0.03275091 -0.01242550 0.06621440
v 0.03266245 -0.01214808 0.06749961
v 0.03277685 -0.01080042 0.06965511
v 0.03267896 -0.01048213 0.07103140
v 0.03250204 -0.01166041 0.06965511
v 0.03241123 -0.01107492 0.07151209
v 0.03290423 -0.00953745 0.07151209
v 0.03340550 -0.00766271 0.07137547
v 0.03321207 -0.00938268 0.06965511
v 0.03447054 -0.00735463 0.06449404
v 0.03437619 -0.00702319 0.06572359
v 0.03446464 -0.00599529 0.06626499
v 0.03421224 -0.00599529 0.06799547
v 0.03477956 -0.00078425 0.06793476
v 0.03455310 -0.00779995 0.06285464
v 0.03458023 -0.00002355 0.06965511
v 0.03439977 -0.00002355 0.07100104
v 0.03487037 -0.00002355 0.06717577
v 0.03432901 -0.01027041 0.05687386
v 0.03423347 -0.00995212 0.05934308
v 0.03489514 -0.00766271 0.05934308
v 0.03441982 -0.00886143 0.06105838
v 0.03416742 -0.00972142 0.06105838
v 0.03283347 -0.01493976 0.05447042
v 0.03407307 -0.01094789 0.05751646
v 0.03388081 -0.01110266 0.05934308
v 0.03373928 -0.01110266 0.06105838
v 0.03346211 -0.01282264 0.05762272
v 0.03288536 -0.01430025 0.05762272
v 0.03475597 -0.00766271 0.06105838
v 0.03186278 -0.01454262 0.06621440
v 0.03158679 -0.01454262 0.06793476
v 0.03103717 -0.01398779 0.07309584
v 0.03218831 -0.01437909 0.06436754
v 0.03260701 -0.01369577 0.06370470
v 0.03300331 -0.01282264 0.06277874
v 0.03281342 -0.01290879 0.06436754
v 0.03338309 -0.01110266 0.06449404
v 0.03315781 -0.01110266 0.06621440
v 0.03287239 -0.01123261 0.06802078
v 0.03344324 -0.00938268 0.06793476
v 0.03423819 -0.00821316 0.06449404
v 0.03430306 -0.00846429 0.06347700
v 0.03436321 -0.00867016 0.06232841
v 0.03412260 -0.00929800 0.06285464
v 0.03358006 -0.01110266 0.06277874
v 0.03315900 -0.01282264 0.06105838
v 0.03331350 -0.01282264 0.05934308
v 0.03280634 -0.01413088 0.05934308
v 0.03242892 -0.01493976 0.05934308
v 0.03222369 -0.01464774 0.06277874
v 0.03225908 -0.01493976 0.06105838
v 0.03231923 -0.01482003 0.06105838
v 0.03389969 -0.00938268 0.06449404
v 0.01576597 -0.03257722 0.04730364
v 0.01642221 -0.03223883 0.04730364
v 0.01642221 -0.03223883 0.04902156
v 0.01576597 -0.03257549 0.04902156
v 0.01641376 -0.03222675 0.04558066
v 0.01883745 -0.03088011 0.04326146
v 0.01884591 -0.03088529 0.04440338
v 0.01792243 -0.03137733 0.04902156
v 0.01639684 -0.03221466 0.05073950
v 0.01884591 -0.03088529 0.04486823
v 0.01794949 -0.03137906 0.04730364
v 0.01639177 -0.03221121 0.04386274
v 0.01882223 -0.03087148 0.04213976
v 0.01970172 -0.03032937 0.04213976
v 0.01953259 -0.03044332 0.04384252
v 0.01875626 -0.03082832 0.05073950
v 0.01872413 -0.03081105 0.05246247
v 0.01789537 -0.03135316 0.05073950
v 0.01632919 -0.03217150 0.05246247
v 0.01867339 -0.03078688 0.05418040
v 0.01859728 -0.03074890 0.05590338
v 0.01953259 -0.03042606 0.04549982
v 0.01636302 -0.03219567 0.04213976
v 0.01796133 -0.03133589 0.04213976
v 0.02096854 -0.02947996 0.04213976
v 0.02097869 -0.02947478 0.04386274
v 0.01970172 -0.03021198 0.05073950
v 0.01970172 -0.03017744 0.05246247
v 0.01970172 -0.03013601 0.05418040
v 0.01773808 -0.03121677 0.05590338
v 0.01576597 -0.03240284 0.05378629
v 0.01970172 -0.03006868 0.05590338
v 0.01970172 -0.02993402 0.05762130
v 0.01847719 -0.03067984 0.05762130
v 0.01761630 -0.03115462 0.05762130
v 0.02097192 -0.02945752 0.04558066
v 0.02095332 -0.02944025 0.04730364
v 0.01970172 -0.03027930 0.04730364
v 0.02182943 -0.02879801 0.04213976
v 0.02183958 -0.02881527 0.04386274
v 0.02183112 -0.02882563 0.04558066
v 0.02181252 -0.02882390 0.04730364
v 0.02090427 -0.02940572 0.05073950
v 0.02087552 -0.02938846 0.05246247
v 0.02084000 -0.02937119 0.05418040
v 0.02078926 -0.02934184 0.05590338
v 0.01626153 -0.03200403 0.05590338
v 0.01576597 -0.03237177 0.05432693
v 0.02070469 -0.02927451 0.05762130
v 0.02062181 -0.02920718 0.05882891
v 0.01984718 -0.02963534 0.05937965
v 0.01830298 -0.03057971 0.05933923
v 0.01744209 -0.03106139 0.05933923
v 0.01626153 -0.03187282 0.05762130
v 0.02178884 -0.02881009 0.04902156
v 0.02290005 -0.02793824 0.04213976
v 0.02292204 -0.02795550 0.04386274
v 0.02293895 -0.02796586 0.04558066
v 0.02294402 -0.02796241 0.04730364
v 0.02292204 -0.02795032 0.04902156
v 0.02176516 -0.02878592 0.05073950
v 0.02173641 -0.02874967 0.05246247
v 0.02165015 -0.02864436 0.05590338
v 0.02156558 -0.02858911 0.05762130
v 0.02170089 -0.02869960 0.05418040
v 0.01576597 -0.03219912 0.05677245
v 0.02253303 -0.02764819 0.05933923
v 0.02128651 -0.02862018 0.05937965
v 0.02231823 -0.02747382 0.06216370
v 0.02222859 -0.02739785 0.06331067
v 0.02212711 -0.02731844 0.06449806
v 0.02051864 -0.02913121 0.05997587
v 0.01954612 -0.02960772 0.06105716
v 0.01918756 -0.02938328 0.06449806
v 0.01900997 -0.02926933 0.06621599
v 0.01889326 -0.02919509 0.06732759
v 0.01798163 -0.03009458 0.06449806
v 0.01647972 -0.03051238 0.06793392
v 0.01581164 -0.03111836 0.06621599
v 0.02375925 -0.02724420 0.04213976
v 0.02378293 -0.02725974 0.04386274
v 0.02379815 -0.02726837 0.04558066
v 0.02380323 -0.02727010 0.04730364
v 0.02378293 -0.02724765 0.04902156
v 0.02287130 -0.02792615 0.05073950
v 0.02262436 -0.02772933 0.05762130
v 0.02280703 -0.02788989 0.05246247
v 0.02452035 -0.02614790 0.05762130
v 0.02441211 -0.02606330 0.05933923
v 0.02126791 -0.02795377 0.06449806
v 0.02527131 -0.02528986 0.05933923
v 0.02293219 -0.02632573 0.06621599
v 0.02196305 -0.02718550 0.06621599
v 0.02092287 -0.02771207 0.06793392
v 0.02110215 -0.02783292 0.06621599
v 0.02040701 -0.02905698 0.06105716
v 0.02004845 -0.02881527 0.06449806
v 0.01956134 -0.02866335 0.06791370
v 0.01876810 -0.02911740 0.06847455
v 0.01811017 -0.02957319 0.06791370
v 0.01798163 -0.02987014 0.06621599
v 0.01777359 -0.02953866 0.06965689
v 0.01757571 -0.02942471 0.07137482
v 0.01576597 -0.03092155 0.06793392
v 0.01576597 -0.03095262 0.06769644
v 0.02470133 -0.02638443 0.04213976
v 0.02472670 -0.02639996 0.04386274
v 0.02473516 -0.02640860 0.04558066
v 0.02473008 -0.02640860 0.04730364
v 0.02470640 -0.02638788 0.04902156
v 0.02537956 -0.02538999 0.05762130
v 0.02373219 -0.02719759 0.05073950
v 0.02608485 -0.02443008 0.05933923
v 0.02586328 -0.02415385 0.06277508
v 0.02577871 -0.02406235 0.06396753
v 0.02379139 -0.02552465 0.06621599
v 0.02362395 -0.02537100 0.06793392
v 0.02276474 -0.02616689 0.06793392
v 0.02178377 -0.02702667 0.06793392
v 0.02062520 -0.02749281 0.07080386
v 0.02074697 -0.02758431 0.06965689
v 0.01970172 -0.02831978 0.06965689
v 0.01863280 -0.02903799 0.06965689
v 0.01843660 -0.02892059 0.07137482
v 0.01820489 -0.02880146 0.07309780
v 0.01734569 -0.02928660 0.07309780
v 0.02556053 -0.02555227 0.04213976
v 0.02558759 -0.02558508 0.04386274
v 0.02559605 -0.02559889 0.04558066
v 0.02559097 -0.02559716 0.04730364
v 0.02556560 -0.02557817 0.04902156
v 0.02641804 -0.02471840 0.04902156
v 0.02724003 -0.02376539 0.05073950
v 0.02616603 -0.02453022 0.05762130
v 0.02694405 -0.02340111 0.05933923
v 0.02683411 -0.02327163 0.06105716
v 0.02684426 -0.02299712 0.06276498
v 0.02740240 -0.02223748 0.06333593
v 0.02732122 -0.02213390 0.06449806
v 0.02634870 -0.02328717 0.06452332
v 0.02631825 -0.02298849 0.06621599
v 0.02567216 -0.02395358 0.06511450
v 0.02454403 -0.02450950 0.06793392
v 0.02470809 -0.02466488 0.06621599
v 0.02437490 -0.02434894 0.06965689
v 0.02420238 -0.02418838 0.07137482
v 0.02407722 -0.02407270 0.07259758
v 0.02258715 -0.02600115 0.06965689
v 0.02160618 -0.02686093 0.06965689
v 0.02118165 -0.02626530 0.07481572
v 0.02049666 -0.02738922 0.07195083
v 0.01931102 -0.02779667 0.07481572
v 0.01951060 -0.02794169 0.07309780
v 0.01784632 -0.02870823 0.07473993
v 0.01718163 -0.02919337 0.07411340
v 0.01626153 -0.02984079 0.07309780
v 0.02635884 -0.02469250 0.04213976
v 0.02639098 -0.02472530 0.04386274
v 0.02641128 -0.02473912 0.04558066
v 0.02642650 -0.02473739 0.04730364
v 0.02727894 -0.02380856 0.04902156
v 0.02795547 -0.02290562 0.05073950
v 0.02877408 -0.02182313 0.05246247
v 0.02791488 -0.02284174 0.05246247
v 0.02871826 -0.02176098 0.05418040
v 0.02943878 -0.02090121 0.05418040
v 0.02702523 -0.02350125 0.05762130
v 0.02773390 -0.02264147 0.05762130
v 0.02764934 -0.02254134 0.05933923
v 0.02754617 -0.02241185 0.06105716
v 0.02747513 -0.02232553 0.06218897
v 0.02802820 -0.02156762 0.06276498
v 0.02900918 -0.02036083 0.06277508
v 0.02801467 -0.02127412 0.06449806
v 0.02717915 -0.02194917 0.06621599
v 0.02577026 -0.02234452 0.07253189
v 0.02556899 -0.02384654 0.06621599
v 0.02540324 -0.02367562 0.06793392
v 0.02395714 -0.02396221 0.07374455
v 0.02230470 -0.02574218 0.07234494
v 0.02204254 -0.02550393 0.07481572
v 0.02098884 -0.02608920 0.07653870
v 0.02017022 -0.02712508 0.07481572
v 0.02036980 -0.02728391 0.07309780
v 0.01992160 -0.02694898 0.07653870
v 0.01906070 -0.02760503 0.07653870
v 0.01626153 -0.02849761 0.07997455
v 0.01798163 -0.02825763 0.07653870
v 0.01730678 -0.02756705 0.08169754
v 0.01670467 -0.02895512 0.07653870
v 0.01633426 -0.02949032 0.07473993
v 0.01576597 -0.03008249 0.07309780
v 0.02721974 -0.02375158 0.04213976
v 0.02725187 -0.02378611 0.04386274
v 0.02727217 -0.02380683 0.04558066
v 0.02728570 -0.02381892 0.04730364
v 0.02798422 -0.02296087 0.04730364
v 0.02797408 -0.02295051 0.04902156
v 0.02881636 -0.02185594 0.05073950
v 0.02948275 -0.02096336 0.05246247
v 0.03025062 -0.01970305 0.05418040
v 0.02936267 -0.02081661 0.05590338
v 0.02859480 -0.02157453 0.05762130
v 0.02863539 -0.02129139 0.05948070
v 0.02915463 -0.02055592 0.06014261
v 0.02910727 -0.02049376 0.06105716
v 0.02835293 -0.02142432 0.06105716
v 0.02958931 -0.01950105 0.06277508
v 0.02947599 -0.01932150 0.06449806
v 0.02887387 -0.02018300 0.06449806
v 0.02567047 -0.02222195 0.07367886
v 0.02469964 -0.02299540 0.07481572
v 0.02384213 -0.02385517 0.07481572
v 0.02298293 -0.02464416 0.07481572
v 0.02184804 -0.02532611 0.07653870
v 0.02075035 -0.02587857 0.07825663
v 0.02225565 -0.02397602 0.08073246
v 0.01955965 -0.02681259 0.07817073
v 0.01889157 -0.02747900 0.07753915
v 0.01760446 -0.02775523 0.07997455
v 0.01626153 -0.02812814 0.08169754
v 0.01714272 -0.02745655 0.08260703
v 0.02797577 -0.02292806 0.04386274
v 0.02798592 -0.02294878 0.04558066
v 0.02884512 -0.02189565 0.04558066
v 0.02953687 -0.02103587 0.04558066
v 0.02884512 -0.02188874 0.04730364
v 0.02883328 -0.02187320 0.04902156
v 0.02950136 -0.02099616 0.05073950
v 0.03036056 -0.01972895 0.05073950
v 0.03044343 -0.01953731 0.05239173
v 0.03086796 -0.01882256 0.05291722
v 0.03083244 -0.01875523 0.05418040
v 0.03076648 -0.01863783 0.05590338
v 0.03011024 -0.01970305 0.05590338
v 0.02927810 -0.02071475 0.05762130
v 0.02967895 -0.01963399 0.06105716
v 0.03052631 -0.01787128 0.06287108
v 0.03026077 -0.01798350 0.06449806
v 0.03061595 -0.01837541 0.05933923
v 0.03053815 -0.01822003 0.06105716
v 0.03001722 -0.01798350 0.06621599
v 0.02934914 -0.01912124 0.06621599
v 0.02924427 -0.01896413 0.06758022
v 0.02914787 -0.01882256 0.06872720
v 0.02621677 -0.02122578 0.07481572
v 0.02556053 -0.02208556 0.07481572
v 0.02449837 -0.02279858 0.07653870
v 0.02364255 -0.02365835 0.07653870
v 0.02278335 -0.02446634 0.07653870
v 0.02256686 -0.02426952 0.07825663
v 0.02239941 -0.02411241 0.07958550
v 0.02059644 -0.02574909 0.07922170
v 0.02125099 -0.02456129 0.08169754
v 0.02292204 -0.02298158 0.08169754
v 0.02211019 -0.02383963 0.08169754
v 0.02426496 -0.02256378 0.07825663
v 0.02409752 -0.02238941 0.07945918
v 0.02039856 -0.02559889 0.08036868
v 0.01977614 -0.02620142 0.07986845
v 0.01816599 -0.02693171 0.08169754
v 0.01628014 -0.02773451 0.08327398
v 0.02016515 -0.02542279 0.08169754
v 0.01904887 -0.02587857 0.08309209
v 0.01984718 -0.02465797 0.08523949
v 0.01779558 -0.02623077 0.08513844
v 0.01652877 -0.02709054 0.08513844
v 0.02883497 -0.02187665 0.04386274
v 0.02951320 -0.02101688 0.04386274
v 0.03039608 -0.01977383 0.04558066
v 0.03038593 -0.01976866 0.04730364
v 0.02952504 -0.02102897 0.04730364
v 0.02951320 -0.02101343 0.04902156
v 0.03090517 -0.01888989 0.04902156
v 0.03089333 -0.01886744 0.05073950
v 0.03088487 -0.01885191 0.05177025
v 0.03219905 -0.01636754 0.05246247
v 0.03262865 -0.01545597 0.05372565
v 0.03125020 -0.01814234 0.05239173
v 0.03204513 -0.01626395 0.05590338
v 0.03123329 -0.01777805 0.05590338
v 0.03117071 -0.01764857 0.05762130
v 0.03109968 -0.01751563 0.05933923
v 0.03069206 -0.01850834 0.05762130
v 0.03086458 -0.01709610 0.06350773
v 0.03080538 -0.01698389 0.06449806
v 0.03101003 -0.01736025 0.06105716
v 0.03093223 -0.01722386 0.06236076
v 0.03068868 -0.01676462 0.06621599
v 0.02964174 -0.01814406 0.06806529
v 0.02930685 -0.01736716 0.07309780
v 0.02921383 -0.01721178 0.07424982
v 0.02866753 -0.01786438 0.07482078
v 0.02874025 -0.01822693 0.07309780
v 0.02755970 -0.01900383 0.07653870
v 0.02772376 -0.01921964 0.07481572
v 0.02707766 -0.02008114 0.07481572
v 0.02691530 -0.01986361 0.07653870
v 0.02605440 -0.02099962 0.07653870
v 0.02587681 -0.02075619 0.07825663
v 0.02535926 -0.02185939 0.07653870
v 0.02096516 -0.02432304 0.08341546
v 0.02378293 -0.02204067 0.08169754
v 0.02267003 -0.02271399 0.08341546
v 0.02393853 -0.02221331 0.08060615
v 0.02245523 -0.02247573 0.08484539
v 0.02182605 -0.02357376 0.08341546
v 0.02512416 -0.02161596 0.07825663
v 0.02576011 -0.02061116 0.07927223
v 0.02560281 -0.02043507 0.08041919
v 0.02072837 -0.02413313 0.08473422
v 0.01965437 -0.02528468 0.08356704
v 0.02051864 -0.02395876 0.08588119
v 0.01746239 -0.02597698 0.08623994
v 0.03037409 -0.01974448 0.04386274
v 0.03090179 -0.01888298 0.04386274
v 0.03091870 -0.01891406 0.04558066
v 0.03091701 -0.01890888 0.04730364
v 0.03141088 -0.01798350 0.04902156
v 0.03138044 -0.01798350 0.05073950
v 0.03265402 -0.01550777 0.05246247
v 0.03222611 -0.01641070 0.05073950
v 0.03258805 -0.01538174 0.05487262
v 0.03255254 -0.01530922 0.05590338
v 0.03191490 -0.01626395 0.05762130
v 0.03176437 -0.01626395 0.05933923
v 0.03129925 -0.01641933 0.06287108
v 0.03126204 -0.01612411 0.06449806
v 0.03158847 -0.01626395 0.06105716
v 0.03114534 -0.01590485 0.06621599
v 0.03056014 -0.01651083 0.06793392
v 0.02988529 -0.01626395 0.07309780
v 0.02954702 -0.01637790 0.07482078
v 0.02910727 -0.01702877 0.07539678
v 0.02746329 -0.01887608 0.07751388
v 0.02682227 -0.01955112 0.07815558
v 0.02624552 -0.01979800 0.07989877
v 0.02455926 -0.02118089 0.08169754
v 0.02541846 -0.02022789 0.08169754
v 0.02352923 -0.02175925 0.08341546
v 0.02411612 -0.02069058 0.08464833
v 0.02228102 -0.02228237 0.08599235
v 0.02430217 -0.02089776 0.08341546
v 0.02150469 -0.02321811 0.08536582
v 0.02613390 -0.01936812 0.08169754
v 0.02590557 -0.01907980 0.08341546
v 0.02576687 -0.01890370 0.08444622
v 0.01937191 -0.02440073 0.08631068
v 0.01801376 -0.02492903 0.08651784
v 0.01611270 -0.02656398 0.08635109
v 0.03268446 -0.01555611 0.04386274
v 0.03270645 -0.01559754 0.04558066
v 0.03224979 -0.01646767 0.04730364
v 0.03142610 -0.01798350 0.04730364
v 0.03224471 -0.01644350 0.04902156
v 0.03267600 -0.01555093 0.05073950
v 0.03248488 -0.01516248 0.05762130
v 0.03240370 -0.01499156 0.05933923
v 0.03237833 -0.01493976 0.05985966
v 0.03189122 -0.01493976 0.06440711
v 0.02928148 -0.01562344 0.07825663
v 0.02918169 -0.01544216 0.07922170
v 0.02898381 -0.01681124 0.07653870
v 0.02773052 -0.01760541 0.07997455
v 0.02720621 -0.01846518 0.07997455
v 0.02734828 -0.01869998 0.07866085
v 0.02516137 -0.01993957 0.08341546
v 0.02485355 -0.01969787 0.08512328
v 0.02444763 -0.01934740 0.08631068
v 0.02278504 -0.02113601 0.08631068
v 0.02113429 -0.02281412 0.08631068
v 0.02393177 -0.02049376 0.08579530
v 0.02612713 -0.01804911 0.08506770
v 0.02559267 -0.01866545 0.08559319
v 0.02706921 -0.01793861 0.08181375
v 0.02661424 -0.01798350 0.08341546
v 0.01984718 -0.02329062 0.08656330
v 0.01626153 -0.02486169 0.08679573
v 0.01576597 -0.02535719 0.08677047
v 0.03304472 -0.01493976 0.04622236
v 0.03270814 -0.01560790 0.04730364
v 0.03269292 -0.01558373 0.04902156
v 0.03297537 -0.01493976 0.05073950
v 0.03242061 -0.01493976 0.05943018
v 0.02906161 -0.01521427 0.08036868
v 0.02864554 -0.01611548 0.07986845
v 0.02756815 -0.01733608 0.08132363
v 0.02595630 -0.01751908 0.08623994
v 0.02495672 -0.01804911 0.08651784
v 0.02327215 -0.01983426 0.08656330
v 0.02159264 -0.02159524 0.08656330
v 0.02741593 -0.01708402 0.08246555
v 0.02728908 -0.01686821 0.08341546
v 0.02705399 -0.01646940 0.08513844
v 0.02744130 -0.01540591 0.08599740
v 0.02314191 -0.01798350 0.08676542
v 0.03303626 -0.01493976 0.04730364
v 0.02799268 -0.01641243 0.08181375
v 0.02780156 -0.01600844 0.08341546
v 0.02756139 -0.01560963 0.08513844
f 61 62 41
f 7 1 6
f 8 1 7
f 23 7 22
f 8 7 23
f 25 24 23
f 23 24 8
f 61 75 76
f 76 62 61
f 2530 2526 2525
f 2897 2526 2530
f 93 2928 113
f 22 7 19
f 19 7 6
f 56 2621 61
f 321 303 320
f 1795 1796 2
f 2 1840 1795
f 1839 1878 1876
f 1876 1878 1913
f 1875 1874 1913
f 331 329 332
f 332 772 331
f 25 23 45
f 40 41 62
f 22 19 40
f 47 46 63
f 30 47 48
f 48 49 30
f 47 63 48
f 48 63 64
f 52 32 31
f 30 51 31
f 31 51 52
f 54 32 52
f 1838 1874 54
f 3483 126 113
f 3483 3476 126
f 3045 3051 2990
f 2913 2933 2914
f 2565 2549 2564
f 2564 2549 2548
f 2530 2525 2529
f 3015 3017 2968
f 961 948 960
f 2909 2526 2898
f 2526 2897 2898
f 75 2928 92
f 92 93 75
f 2928 93 92
f 27 11 26
f 26 46 47
f 47 27 26
f 1 2657 3
f 6 20 21
f 21 19 6
f 41 40 21
f 21 40 19
f 304 321 307
f 303 321 304
f 305 279 304
f 111 1245 1165
f 1100 1168 1169
f 975 1010 976
f 1009 1010 975
f 1798 2620 1
f 305 307 323
f 739 772 332
f 293 295 316
f 293 316 1922
f 1922 1926 293
f 62 45 44
f 44 45 23
f 44 40 62
f 42 23 22
f 22 40 42
f 94 95 75
f 113 95 94
f 75 93 94
f 94 93 113
f 127 128 117
f 177 150 147
f 147 176 177
f 146 147 127
f 3521 3515 146
f 282 306 283
f 305 306 282
f 254 282 283
f 158 159 132
f 132 159 155
f 214 223 217
f 190 223 214
f 188 221 218
f 218 219 188
f 236 219 218
f 218 221 237
f 65 48 64
f 49 48 65
f 30 49 50
f 50 51 30
f 51 50 68
f 1751 91 71
f 2 14 10
f 10 1840 2
f 10 14 1840
f 33 14 32
f 33 1878 1839
f 1839 1840 33
f 1840 14 33
f 1793 1794 1751
f 72 54 52
f 52 71 72
f 72 71 91
f 1794 1793 72
f 1838 54 72
f 72 1793 1838
f 72 91 1751
f 1751 1794 72
f 106 105 118
f 81 105 106
f 141 139 123
f 141 123 140
f 120 121 106
f 113 2928 2956
f 3908 3878 3877
f 2574 2572 2594
f 1591 1589 1602
f 2694 2693 1797
f 1797 2693 1752
f 1797 1752 2
f 2 1796 1797
f 2743 2744 2694
f 1796 1795 1841
f 1841 1795 1840
f 1768 1809 1810
f 1877 1840 1839
f 1839 1876 1877
f 2932 2933 2913
f 2932 2964 2933
f 2574 2558 2557
f 2531 2527 2537
f 2525 2527 2531
f 2537 2529 2531
f 2531 2529 2525
f 2933 2964 2965
f 3149 3150 3073
f 2916 2925 2917
f 2916 2914 2933
f 2916 2915 2914
f 3297 3205 3382
f 3382 3383 3297
f 2987 2971 3018
f 3018 2971 2968
f 3018 2968 3017
f 3017 3077 3018
f 3077 3080 3018
f 2967 2968 2933
f 3191 3169 3192
f 2537 2527 2536
f 2536 2549 2537
f 2536 2548 2549
f 2826 2778 2788
f 2608 2610 2589
f 3190 3169 3191
f 3101 3187 3188
f 959 960 948
f 1020 1019 1021
f 1021 987 1020
f 1595 1583 1596
f 1574 948 2101
f 2132 2179 2133
f 2954 2928 75
f 74 2926 75
f 74 75 61
f 61 2950 74
f 2926 74 2951
f 2951 74 2950
f 2992 2991 3055
f 3131 3130 3136
f 3135 3225 3136
f 3136 3130 3135
f 2 1 9
f 9 11 2
f 8 24 9
f 9 1 8
f 9 24 25
f 25 26 9
f 9 26 11
f 2 11 12
f 2655 2656 1
f 1 2620 2655
f 2620 1798 2655
f 2655 2693 2694
f 2655 1798 1752
f 1752 2693 2655
f 2747 2742 2748
f 1 3 4
f 2699 16 15
f 15 4 3
f 39 21 20
f 39 56 61
f 61 41 39
f 41 21 39
f 2621 56 39
f 2764 2763 2813
f 2840 2876 2854
f 2856 2855 2863
f 2856 2802 2855
f 2812 2763 2811
f 2812 2813 2763
f 2863 2855 2883
f 2876 2885 2883
f 2883 2885 2884
f 2883 2854 2876
f 2855 2854 2883
f 2863 2883 2865
f 2865 2883 2884
f 322 307 305
f 305 304 322
f 322 304 307
f 1096 1097 111
f 111 1165 1096
f 1245 142 1243
f 1334 1240 1333
f 1087 1035 1086
f 1251 1243 1162
f 165 139 141
f 141 172 165
f 1359 1360 1261
f 1261 1360 1264
f 1256 1254 1257
f 1257 1254 1258
f 1047 1010 1009
f 1049 1010 1048
f 1010 1047 1048
f 1009 975 1008
f 1008 88 1044
f 290 315 313
f 329 331 330
f 330 315 329
f 331 315 330
f 825 315 824
f 824 315 331
f 824 331 772
f 332 329 325
f 325 306 305
f 329 315 325
f 738 737 769
f 769 739 738
f 770 739 769
f 324 739 332
f 332 325 324
f 738 739 324
f 324 737 738
f 305 323 324
f 324 325 305
f 1922 316 319
f 316 295 319
f 911 912 870
f 876 915 877
f 326 313 315
f 327 313 326
f 914 912 911
f 911 874 914
f 872 824 823
f 825 824 872
f 1938 1926 1928
f 1928 1926 1922
f 40 44 43
f 43 42 40
f 43 44 23
f 23 42 43
f 75 95 96
f 95 97 96
f 96 76 75
f 96 97 76
f 127 117 114
f 114 126 127
f 113 126 114
f 114 95 113
f 149 129 128
f 149 150 129
f 148 147 150
f 148 149 128
f 150 149 148
f 148 128 127
f 127 147 148
f 175 147 174
f 176 147 175
f 175 174 3495
f 145 146 127
f 145 3497 3521
f 3521 146 145
f 174 147 178
f 178 3515 174
f 247 272 248
f 228 248 249
f 248 275 249
f 280 254 279
f 280 279 305
f 129 150 130
f 189 158 188
f 159 158 189
f 188 219 189
f 190 159 189
f 189 219 190
f 190 219 224
f 224 219 236
f 186 214 217
f 244 223 243
f 245 224 236
f 242 224 245
f 245 243 242
f 67 50 49
f 67 68 50
f 84 110 111
f 139 142 124
f 52 51 70
f 32 54 53
f 53 33 32
f 53 54 1874
f 1874 1875 53
f 53 1875 1913
f 1913 1878 53
f 1878 33 53
f 1168 1100 1099
f 1099 1098 1097
f 1044 1098 1099
f 89 88 975
f 89 975 976
f 112 84 111
f 111 1097 112
f 1097 1098 112
f 86 1098 1044
f 86 112 1098
f 85 84 86
f 84 112 86
f 64 81 82
f 82 81 108
f 121 123 107
f 108 81 107
f 106 121 107
f 107 81 106
f 196 952 169
f 106 118 119
f 119 120 106
f 121 120 137
f 137 123 121
f 137 140 123
f 120 138 137
f 3101 3180 3181
f 2957 3483 113
f 113 2956 2957
f 3006 2957 2956
f 3877 3878 3856
f 3907 3908 3877
f 203 4019 204
f 204 4019 205
f 3496 175 3495
f 176 175 3496
f 202 4019 203
f 4065 4019 202
f 2617 2597 2619
f 2619 2652 2617
f 2574 2594 2595
f 2595 2594 2597
f 2593 2572 2585
f 2585 2594 2593
f 2593 2594 2572
f 1598 1615 1599
f 2558 1615 1598
f 1589 1581 1590
f 2575 1615 2558
f 2575 2558 2574
f 2662 2710 2711
f 2662 2709 2710
f 2691 2652 2654
f 1842 1797 1796
f 1796 1841 1842
f 1880 1841 1840
f 1881 1842 1880
f 1880 1842 1841
f 1808 1809 1768
f 1848 1810 1809
f 1890 1917 1879
f 1879 1892 1890
f 1879 1880 1840
f 1917 1880 1879
f 1840 1877 1879
f 1891 1892 1852
f 1890 1892 1891
f 2900 2525 2526
f 2909 2917 2910
f 2924 2911 2910
f 2910 2925 2924
f 2917 2925 2910
f 2908 2900 2911
f 2908 2922 2527
f 2908 2911 2924
f 2924 2922 2908
f 2914 2915 2902
f 2913 2914 2902
f 2897 2902 2903
f 2903 2902 2915
f 2537 2549 2550
f 2549 2565 2566
f 2566 2550 2549
f 2567 2550 2566
f 1588 1590 1581
f 1588 1581 1580
f 1588 1598 1599
f 2573 2572 2574
f 2574 2557 2573
f 2573 2556 2572
f 2557 2556 2573
f 2558 1586 2542
f 2542 2557 2558
f 2542 1575 1572
f 2530 2529 2539
f 2539 2529 2537
f 2537 2550 2539
f 2530 2539 2540
f 2541 2556 2557
f 2557 2542 2541
f 2541 2540 2556
f 2933 2965 2966
f 3015 2967 2966
f 2966 2967 2933
f 3151 3073 3150
f 3013 3073 3074
f 3009 3029 3069
f 2978 2972 2938
f 2948 2971 2987
f 3031 3096 3097
f 3097 3096 3113
f 3113 3168 3097
f 3097 3168 3101
f 3113 3096 3114
f 2924 2925 2943
f 2943 2944 2924
f 2925 2944 2943
f 3031 2985 2984
f 2925 2916 2934
f 2968 2971 2934
f 2934 2916 2933
f 2980 2981 2940
f 2942 2983 2538
f 2940 2981 2982
f 2982 2942 2940
f 2983 2942 2982
f 3098 3099 3031
f 3098 3097 3101
f 3031 3097 3098
f 3379 3290 3297
f 3383 3382 3385
f 3385 3436 3383
f 3039 3080 3106
f 2987 3018 3039
f 3039 3018 3080
f 3015 2968 3016
f 3016 2967 3015
f 2968 2967 3016
f 2535 2536 2527
f 2732 2788 2789
f 2789 2788 2778
f 2815 2764 2814
f 2826 2788 2814
f 3192 3278 2638
f 2571 2591 2592
f 2554 2571 2560
f 3101 3169 3103
f 3169 3190 3103
f 3104 3190 3191
f 2710 2767 2768
f 2711 2710 2768
f 2766 2767 2710
f 2710 2709 2766
f 2482 2501 2498
f 2498 2501 1076
f 2514 2501 1219
f 1076 2501 2514
f 1021 1074 1022
f 257 2221 2280
f 1078 1144 1145
f 1026 2498 1076
f 1026 1078 1079
f 2482 2498 1026
f 1221 1316 1222
f 1316 1226 1222
f 1224 1226 1145
f 1308 1213 1305
f 1308 1229 1316
f 1308 1316 1221
f 1228 1229 1145
f 1316 1229 1228
f 1230 1231 1145
f 1145 1229 1230
f 1324 1231 1230
f 1230 1323 1324
f 986 1020 987
f 961 960 986
f 986 987 961
f 1019 1020 986
f 959 958 984
f 960 959 984
f 1434 1359 1433
f 1535 1487 1534
f 1516 1534 1518
f 1451 1516 1455
f 1579 958 959
f 1579 948 1574
f 1579 959 948
f 3583 3584 3551
f 3550 3583 3551
f 3525 3526 3503
f 3541 3515 3521
f 3521 3523 3541
f 3521 3497 3500
f 3500 3523 3521
f 2129 2173 2130
f 2130 2101 2129
f 2131 2178 2179
f 2131 2179 2132
f 2132 2101 2131
f 2131 2101 2130
f 2132 2133 2102
f 2102 2133 2134
f 2132 2102 617
f 2102 622 617
f 2096 296 271
f 2913 2902 2906
f 2906 2902 2897
f 2905 2906 2897
f 2918 2906 2905
f 2919 2929 2913
f 2913 2906 2919
f 2919 2906 2918
f 334 3477 618
f 618 2101 2132
f 618 3477 2897
f 618 2897 1574
f 1574 2101 618
f 2997 2951 2996
f 3094 3166 3145
f 3029 3093 3094
f 3163 3251 3252
f 3163 3093 3161
f 3145 3166 3162
f 3162 3093 3145
f 3162 3094 3093
f 3161 3093 3092
f 3092 3093 3029
f 3093 3163 3164
f 3333 3334 3239
f 3354 3331 3353
f 3352 3331 3354
f 3351 3352 3254
f 3321 3251 3348
f 3254 3163 3253
f 3253 3163 3252
f 3253 3351 3254
f 3248 3246 3342
f 3140 3228 3138
f 3138 3228 3229
f 3229 3228 3235
f 3652 3412 3653
f 3411 3340 3412
f 2949 2992 2950
f 2991 2992 2949
f 2949 2950 61
f 61 2991 2949
f 2994 2951 2950
f 3290 3289 73
f 3297 3290 73
f 73 3205 3297
f 3124 3205 73
f 73 3050 3124
f 2990 3050 73
f 73 3045 2990
f 3216 73 3215
f 28 11 27
f 27 12 28
f 28 12 11
f 29 12 27
f 29 47 30
f 29 27 47
f 2695 2655 2694
f 2694 2742 2695
f 2656 2655 2695
f 2695 2742 2747
f 2747 2696 2695
f 2695 2657 1
f 1 2656 2695
f 2746 2748 2742
f 2746 2742 2694
f 2747 2748 2697
f 2697 2696 2747
f 2658 15 3
f 2658 3 2657
f 2658 2698 2699
f 2699 15 2658
f 2657 2695 2658
f 2658 2695 2696
f 2658 2697 2698
f 2696 2697 2658
f 35 17 16
f 60 39 37
f 37 39 38
f 4 15 5
f 5 15 16
f 16 17 5
f 6 1 5
f 1 4 5
f 39 2701 2659
f 57 39 60
f 60 2701 57
f 57 2701 39
f 34 35 16
f 55 35 34
f 1844 1803 2881
f 2880 2842 2840
f 1843 2743 2694
f 2694 1797 1843
f 1843 1842 1881
f 1797 1842 1843
f 2871 2833 2826
f 2805 2806 2744
f 2860 2806 1844
f 1844 2881 2860
f 2860 2881 2846
f 2846 2880 2860
f 2801 2854 2855
f 2855 2802 2801
f 2744 2806 2801
f 2801 2802 2744
f 2857 2863 2807
f 2857 2856 2863
f 2807 2802 2857
f 2802 2856 2857
f 2863 2865 2864
f 2864 2865 2862
f 2807 2863 2864
f 2864 2862 2807
f 2862 2865 2809
f 2809 2812 2811
f 2809 2865 2812
f 904 903 901
f 904 520 903
f 764 809 810
f 809 854 810
f 903 520 519
f 518 538 519
f 901 903 519
f 519 538 901
f 300 301 276
f 276 299 300
f 1166 1096 1165
f 1339 1243 1251
f 168 1243 142
f 167 1243 168
f 168 142 139
f 139 167 168
f 1530 1532 1531
f 1466 1467 1385
f 1041 1035 1087
f 1241 1240 1334
f 1241 1151 1240
f 1240 1151 1236
f 1249 1162 1163
f 166 167 139
f 166 1243 167
f 139 165 166
f 1492 1433 1493
f 1484 1487 1417
f 1261 1173 1260
f 1258 1254 1352
f 1262 1264 1179
f 1104 1048 1046
f 1046 1048 1047
f 1046 1047 1009
f 1009 1008 1046
f 975 88 1007
f 1007 1008 975
f 88 1008 1007
f 1011 1012 976
f 1011 1052 1012
f 1011 1010 1049
f 976 1010 1011
f 1559 1568 1569
f 1265 1264 1360
f 1179 1264 1265
f 1265 1266 1179
f 1105 1048 1104
f 1104 1178 1105
f 1052 1011 1051
f 1361 1265 1360
f 1362 1266 1361
f 1266 1265 1361
f 1567 1556 1555
f 1567 1559 1556
f 1568 1559 1567
f 1082 1078 1145
f 1079 1078 1082
f 2482 1026 2443
f 290 289 312
f 289 311 312
f 873 315 825
f 825 872 873
f 310 325 311
f 314 325 315
f 311 325 314
f 314 312 311
f 314 315 290
f 290 312 314
f 814 769 813
f 737 535 767
f 288 311 289
f 288 310 311
f 263 289 290
f 238 262 263
f 263 288 289
f 262 288 263
f 263 239 238
f 238 239 220
f 220 221 188
f 220 239 221
f 295 313 317
f 317 313 327
f 317 774 1922
f 878 918 879
f 917 878 877
f 918 878 917
f 327 326 773
f 773 317 327
f 774 317 773
f 875 874 911
f 911 876 875
f 328 326 315
f 871 872 823
f 823 870 871
f 871 870 912
f 1943 1933 1942
f 1938 1928 1927
f 1927 1928 1922
f 1933 1934 1924
f 79 80 62
f 62 78 79
f 103 80 104
f 104 114 117
f 98 97 95
f 76 97 98
f 77 101 78
f 62 76 77
f 77 78 62
f 3495 174 3516
f 3516 3517 3495
f 3497 145 3482
f 3482 3500 3497
f 3499 3500 3482
f 127 126 143
f 126 3476 143
f 147 146 173
f 173 178 147
f 173 146 3515
f 3515 178 173
f 3806 247 3830
f 247 3806 3789
f 3756 3763 3764
f 3764 3757 3756
f 282 254 281
f 254 280 281
f 305 282 281
f 281 280 305
f 279 254 253
f 153 154 131
f 129 130 115
f 103 104 115
f 115 104 117
f 128 129 115
f 115 117 128
f 179 202 203
f 203 204 179
f 179 204 205
f 151 130 150
f 151 179 180
f 151 150 177
f 177 179 151
f 153 131 152
f 152 131 130
f 130 151 152
f 152 151 180
f 153 152 181
f 181 152 180
f 2299 2237 2298
f 222 224 242
f 222 243 223
f 242 243 222
f 222 223 190
f 190 224 222
f 190 214 185
f 214 186 185
f 185 186 155
f 185 159 190
f 185 155 159
f 235 245 236
f 235 218 237
f 236 218 235
f 237 259 235
f 235 259 245
f 244 243 267
f 243 245 267
f 296 297 267
f 271 296 267
f 267 245 271
f 267 297 298
f 125 124 142
f 125 1245 111
f 125 142 1245
f 111 110 125
f 110 124 125
f 1751 1750 1790
f 1790 1750 976
f 976 1012 1790
f 1167 1099 1097
f 1168 1099 1167
f 1167 1166 1168
f 90 89 976
f 71 89 90
f 976 1750 90
f 90 1750 1751
f 1751 71 90
f 88 89 69
f 85 86 69
f 69 89 71
f 69 67 85
f 68 67 69
f 51 68 69
f 69 70 51
f 69 71 52
f 52 70 69
f 1044 88 87
f 87 86 1044
f 88 69 87
f 87 69 86
f 64 82 83
f 110 84 83
f 83 82 108
f 122 107 123
f 122 123 139
f 139 124 122
f 171 172 141
f 136 138 120
f 136 119 135
f 120 119 136
f 141 140 163
f 163 169 141
f 140 137 163
f 163 137 138
f 196 169 163
f 163 195 196
f 3049 3050 2990
f 3122 3123 3207
f 3124 3050 3122
f 3050 3049 3122
f 3122 3049 3123
f 3127 3212 3213
f 3213 3185 3127
f 3127 3185 3210
f 3210 3185 3274
f 3186 3187 3101
f 3101 3185 3186
f 3476 3483 3484
f 3484 3485 3476
f 3503 3485 3502
f 2955 3006 2956
f 2955 2956 2928
f 2928 2954 2955
f 2955 2954 3004
f 3951 3984 3985
f 3952 3918 3916
f 3916 3951 3952
f 3952 3951 3985
f 3987 3955 3985
f 3912 3883 3911
f 3878 3908 3909
f 4065 202 4066
f 176 3496 199
f 177 176 199
f 201 4066 202
f 202 179 201
f 201 179 177
f 2574 2595 2596
f 2596 2595 2597
f 2596 2575 2574
f 2597 2575 2596
f 2605 2594 2585
f 2617 1615 1614
f 1615 2575 1614
f 2598 2597 2617
f 2598 2575 2597
f 2617 1614 2598
f 2598 1614 2575
f 2712 2662 2711
f 2663 73 61
f 2664 73 2663
f 61 2621 2663
f 2621 2662 2663
f 2663 2712 2664
f 2662 2712 2663
f 2705 2762 2763
f 2707 2763 2764
f 1817 1806 1807
f 1817 1818 1779
f 1596 1583 1594
f 1702 1731 1703
f 1668 1669 1636
f 1590 1588 1601
f 1601 1602 1589
f 1589 1590 1601
f 2617 2652 2653
f 2652 2691 2653
f 1802 1800 2849
f 1800 1802 1801
f 2692 2691 2654
f 2690 2692 2654
f 2738 2692 2690
f 2654 2650 2690
f 1887 1845 1883
f 1883 1845 1884
f 1884 1843 1883
f 1810 1848 1850
f 1890 1891 1850
f 1916 1879 1877
f 1852 1892 1893
f 1892 1879 1893
f 1879 1916 1893
f 1893 1854 1852
f 1852 1810 1851
f 1851 1891 1852
f 1810 1850 1851
f 1851 1850 1891
f 1913 1874 1912
f 1769 1731 1768
f 1852 1854 1853
f 1854 1849 1853
f 1853 1810 1852
f 1853 1849 1810
f 2899 2526 2909
f 2899 2900 2526
f 2909 2910 2899
f 2911 2900 2899
f 2899 2910 2911
f 2524 2527 2525
f 2524 2908 2527
f 2525 2900 2524
f 2900 2908 2524
f 2904 2898 2897
f 2897 2903 2904
f 2909 2898 2904
f 2904 2903 2915
f 2904 2917 2909
f 2904 2916 2917
f 2915 2916 2904
f 2568 2550 2567
f 2585 2572 2568
f 2568 2567 2585
f 2572 2556 2555
f 2555 2568 2572
f 2550 2568 2555
f 2555 2539 2550
f 2556 2540 2555
f 2555 2540 2539
f 2582 2566 2565
f 2582 2565 2564
f 2564 2581 2582
f 2583 2581 2603
f 2583 2582 2581
f 2566 2582 2583
f 1587 1586 2558
f 2558 1598 1587
f 1598 1588 1587
f 1580 1586 1587
f 1587 1588 1580
f 2559 1586 1580
f 2559 2542 1586
f 1580 1575 2559
f 1575 2542 2559
f 2533 2542 1572
f 2533 2541 2542
f 2533 1573 1574
f 1572 1575 2533
f 1575 1573 2533
f 2939 2922 2924
f 3078 3076 3106
f 3014 2965 3013
f 3014 2966 2965
f 3015 2966 3014
f 3013 3076 3014
f 3076 3078 3014
f 3014 3017 3015
f 3014 3077 3017
f 2963 3011 2965
f 3012 3073 3013
f 3013 2965 3012
f 2965 3011 3012
f 3149 3146 3236
f 3236 3146 3145
f 3236 3237 3149
f 3149 3073 3148
f 3148 3146 3149
f 3153 3073 3152
f 3152 3151 3153
f 3073 3151 3152
f 3075 3073 3153
f 3075 3074 3073
f 3013 3074 3075
f 3075 3076 3013
f 3153 3076 3075
f 3095 3069 3029
f 3095 3094 3145
f 3029 3094 3095
f 3101 3168 3170
f 3170 3168 3113
f 3038 3096 3031
f 3031 2984 3038
f 2945 2984 2985
f 2945 2939 2924
f 2924 2944 2945
f 2944 2984 2945
f 2970 2934 2933
f 2971 2948 2947
f 2947 2934 2971
f 2947 2948 2925
f 2925 2934 2947
f 2979 2980 2940
f 2985 2980 2979
f 2979 2945 2985
f 2940 2939 2979
f 2939 2945 2979
f 3030 2985 3031
f 3030 2980 2985
f 3031 2981 3030
f 2981 2980 3030
f 2941 2942 2538
f 2940 2942 2941
f 2538 2528 2941
f 2608 2589 2586
f 2538 2983 2551
f 2551 2552 2538
f 2553 2554 2538
f 2538 2552 2553
f 2553 2552 2554
f 3099 3098 3100
f 3100 3098 3101
f 3297 3383 3384
f 3384 3379 3297
f 3378 3289 3290
f 3290 3379 3378
f 3310 3289 3378
f 3298 3385 3382
f 3298 3382 3205
f 3150 3239 3240
f 3376 3377 3288
f 3396 3397 3313
f 3313 3397 3398
f 3437 3385 3386
f 3436 3385 3437
f 3386 3439 3437
f 3437 3396 3436
f 3187 3186 3275
f 3276 3275 3278
f 3187 3275 3276
f 2534 2535 2527
f 2527 2922 2534
f 2922 2528 2534
f 2534 2528 2538
f 2669 2629 2665
f 2665 2646 2669
f 2622 2629 2602
f 2602 2600 2622
f 2669 2646 2645
f 2610 2644 2645
f 2645 2684 2669
f 2867 2814 2816
f 2816 2869 2867
f 2764 2813 2816
f 2816 2814 2764
f 2826 2814 2868
f 2868 2814 2867
f 2867 2869 2868
f 2868 2869 2888
f 2635 2638 2675
f 3192 2638 2635
f 2635 2636 3192
f 2639 2610 2608
f 2674 2635 2675
f 2636 2635 2674
f 3192 2636 2637
f 2637 2639 2608
f 2676 2639 2637
f 2636 2674 2637
f 2637 2674 2676
f 2815 2814 2832
f 2832 2814 2788
f 2815 2832 2831
f 2831 2832 2786
f 2590 2591 2571
f 2571 2588 2590
f 2554 2560 2543
f 2535 2534 2543
f 2538 2554 2543
f 2543 2534 2538
f 2548 2536 2547
f 2577 2600 2578
f 2571 2592 2576
f 2576 2560 2571
f 3105 3104 3191
f 3191 3192 3105
f 2608 2586 3105
f 3036 2552 2983
f 3104 3105 3036
f 3204 3125 3120
f 3119 3120 3047
f 3202 3120 3119
f 2771 2712 2711
f 2711 2770 2771
f 2501 2504 2518
f 2485 2504 2486
f 2500 2501 2482
f 2500 2504 2501
f 1138 2514 1219
f 1076 2514 1138
f 1219 1139 1138
f 1138 1139 1076
f 2356 2357 2302
f 2173 2129 2172
f 2242 2241 2309
f 2401 2357 2356
f 2358 2357 2402
f 2357 2401 2402
f 1315 1314 1398
f 1398 1394 1315
f 1021 1022 989
f 989 987 1021
f 232 223 244
f 217 223 232
f 244 257 232
f 215 186 217
f 217 232 215
f 285 257 2280
f 256 232 255
f 255 232 257
f 2221 257 268
f 268 2164 2221
f 268 257 244
f 244 267 268
f 268 267 298
f 1144 1078 1077
f 1076 1143 1077
f 1077 1143 1144
f 1077 1026 1076
f 1078 1026 1077
f 1140 1141 1076
f 1076 1139 1140
f 992 2443 1026
f 990 2354 992
f 1145 1144 1225
f 1225 1224 1145
f 1317 1222 1226
f 1226 1224 1317
f 1070 1071 1019
f 1021 1019 1073
f 1073 1074 1021
f 1307 1306 1216
f 1213 1306 1307
f 1216 1306 1310
f 1310 1311 1216
f 1315 1394 1393
f 1393 1306 1315
f 1393 1310 1306
f 1394 1311 1393
f 1311 1310 1393
f 1315 1306 1309
f 1309 1308 1221
f 1213 1308 1309
f 1309 1306 1213
f 1145 1226 1227
f 1227 1228 1145
f 1319 1226 1316
f 1316 1228 1319
f 1319 1228 1226
f 1389 1308 1305
f 1392 1389 1305
f 1322 1230 1229
f 1323 1230 1322
f 1434 1433 1496
f 1535 1534 1553
f 1553 1534 1514
f 1553 1512 1535
f 1514 1512 1553
f 1514 1534 1515
f 1534 1516 1515
f 1515 1451 1514
f 1516 1451 1515
f 1495 1512 1536
f 1536 1496 1495
f 1495 1496 1433
f 1535 1512 1495
f 1495 1492 1535
f 1433 1492 1495
f 1517 1516 1518
f 1454 1451 1455
f 1513 1512 1514
f 1514 1451 1513
f 1513 1451 1512
f 1371 1372 1279
f 1279 1370 1371
f 1449 1372 1371
f 1451 1372 1449
f 1573 1578 1576
f 1576 1578 1579
f 1574 1573 1576
f 1576 1579 1574
f 1579 1578 1584
f 1583 1595 1584
f 1584 1578 1583
f 3617 3652 3653
f 3551 3584 3553
f 3553 3525 3551
f 3554 3525 3553
f 3584 3583 3615
f 3503 3502 3067
f 3005 2955 3004
f 3006 2955 3005
f 3005 3502 3006
f 3005 3067 3502
f 3552 3525 3554
f 3548 3578 3552
f 3526 3525 3552
f 3543 3541 3572
f 3522 3500 3499
f 3522 3505 3528
f 3528 3523 3522
f 3523 3500 3522
f 3503 3526 3504
f 3526 3552 3527
f 3527 3552 3555
f 3527 3504 3526
f 3505 3504 3527
f 3527 3555 3528
f 3528 3505 3527
f 2409 2361 2408
f 2361 2407 2408
f 2307 2361 2359
f 2459 2408 2458
f 962 2101 948
f 962 948 961
f 2135 2102 2134
f 4128 3477 334
f 4099 4127 4128
f 341 347 348
f 341 346 347
f 271 245 270
f 2124 297 296
f 296 2096 2124
f 298 297 2124
f 2124 268 298
f 2164 268 2124
f 2177 2131 2130
f 2178 2131 2177
f 2180 2133 2179
f 3088 3713 3158
f 2918 2905 2912
f 2912 2920 2918
f 2897 3477 3479
f 2936 2919 2918
f 2936 2938 2972
f 2921 2920 3494
f 3494 2938 2921
f 3477 3489 3490
f 2132 617 623
f 623 618 2132
f 623 617 622
f 334 618 333
f 333 337 338
f 3510 3509 3513
f 3510 3490 3509
f 2998 2951 2997
f 2998 2999 2951
f 2926 2951 2952
f 2951 2999 2952
f 3000 2954 2953
f 2999 2998 2953
f 2953 2952 2999
f 2953 2998 2997
f 2926 2952 2953
f 2953 2996 3000
f 2997 2996 2953
f 3059 2996 2995
f 2995 2996 2951
f 2951 2994 2995
f 3137 3136 3225
f 3137 3225 3226
f 3226 3227 3137
f 3137 3227 3139
f 3004 2954 3003
f 3003 3062 3004
f 3062 3003 3002
f 3002 3003 2954
f 3408 3348 3346
f 3348 3251 3346
f 3322 3227 3226
f 3226 3321 3322
f 3322 3321 3348
f 3322 3348 3408
f 3408 3411 3326
f 3326 3411 3328
f 3326 3322 3408
f 3227 3322 3326
f 3139 3227 3231
f 3166 3094 3167
f 3167 3162 3166
f 3094 3162 3167
f 3145 3093 3165
f 3165 3236 3145
f 3093 3164 3165
f 3165 3164 3258
f 3255 3354 3353
f 3255 3163 3254
f 3255 3164 3163
f 3353 3331 3255
f 3254 3352 3255
f 3352 3354 3255
f 3258 3164 3257
f 3238 3150 3149
f 3149 3237 3238
f 3238 3239 3150
f 3331 3239 3238
f 3164 3255 3238
f 3238 3255 3331
f 3414 3334 3333
f 3405 3404 3410
f 3321 3404 3405
f 3252 3251 3347
f 3251 3321 3347
f 3083 3089 3156
f 3161 3092 3156
f 3156 3092 3083
f 3027 3089 3083
f 2978 3086 3027
f 3088 3089 3027
f 3084 3081 3029
f 3090 3081 3083
f 3029 3081 3090
f 3340 3342 3341
f 3341 3342 3246
f 3228 3140 3233
f 3056 3130 3131
f 3056 3131 3059
f 3315 3222 3221
f 3134 3133 3221
f 3221 3222 3134
f 3403 3450 3409
f 3048 73 3047
f 3047 3120 3048
f 3045 73 3048
f 3051 3045 3048
f 3313 3216 3312
f 3133 3057 3132
f 12 29 13
f 2 12 13
f 13 31 32
f 13 14 2
f 32 14 13
f 30 31 13
f 13 29 30
f 2744 2802 2803
f 2803 2804 2744
f 2803 2802 2807
f 2807 2804 2803
f 2694 2744 2745
f 2745 2746 2694
f 2748 2746 2745
f 2744 2804 2745
f 2745 2804 2748
f 2749 2750 2698
f 2698 2697 2749
f 2749 2697 2748
f 2749 2804 2807
f 2748 2804 2749
f 17 37 18
f 6 5 18
f 18 5 17
f 18 37 38
f 38 39 18
f 18 20 6
f 18 39 20
f 2699 2755 2700
f 2700 2755 2701
f 2700 16 2699
f 2700 34 16
f 55 34 2700
f 60 55 2700
f 2700 2701 60
f 2858 1845 2859
f 1845 1803 2859
f 2859 2806 2858
f 1844 2806 2859
f 2859 1803 1844
f 1846 1803 1845
f 1846 1848 1809
f 1809 1808 1846
f 2840 2878 2879
f 2879 2880 2840
f 2878 2860 2879
f 2879 2860 2880
f 1886 1845 2858
f 2858 2806 1886
f 2806 2805 1886
f 2877 2878 2840
f 2877 2860 2878
f 2806 2860 2861
f 2860 2877 2861
f 2840 2854 2861
f 2861 2877 2840
f 2699 2698 2752
f 2698 2751 2752
f 2752 2753 2699
f 2751 2753 2752
f 2862 2809 2808
f 2808 2809 2750
f 2750 2749 2808
f 2807 2862 2808
f 2808 2749 2807
f 2750 2809 2810
f 2810 2809 2811
f 373 394 395
f 2057 2053 2080
f 2078 2077 2110
f 2057 2080 2078
f 900 904 901
f 901 538 537
f 537 902 901
f 859 810 858
f 853 854 809
f 800 846 801
f 274 275 248
f 274 579 299
f 274 276 275
f 299 276 274
f 520 540 521
f 539 540 520
f 307 321 534
f 611 308 301
f 301 308 302
f 303 276 302
f 302 276 301
f 320 303 302
f 302 308 320
f 279 253 278
f 278 253 252
f 303 304 278
f 278 304 279
f 489 488 3876
f 460 488 489
f 459 432 460
f 460 429 459
f 459 429 432
f 3839 3838 3861
f 3817 3838 3839
f 4145 4124 4123
f 1165 1254 1255
f 1255 1166 1165
f 1255 1254 1256
f 1168 1166 1255
f 1256 1169 1255
f 1169 1168 1255
f 1341 1165 1245
f 1341 1254 1165
f 1341 1352 1254
f 1341 1414 1353
f 1353 1352 1341
f 1245 1243 1340
f 1243 1339 1340
f 1340 1341 1245
f 1339 1341 1340
f 1250 1339 1251
f 1250 1162 1249
f 1251 1162 1250
f 1554 1532 1530
f 1519 1463 1518
f 1518 1532 1519
f 1532 1554 1519
f 1519 1554 1521
f 1475 1415 1405
f 1475 1482 1415
f 1410 1411 1476
f 1410 1336 1411
f 1411 1336 1407
f 1407 1478 1411
f 1476 1411 1481
f 1481 1531 1532
f 1328 1240 1232
f 1328 1333 1240
f 1125 1203 1126
f 1126 1068 1125
f 1125 1068 1124
f 1126 1203 1204
f 1200 1199 1292
f 1200 1294 1295
f 1292 1293 1200
f 1200 1293 1294
f 1034 999 1033
f 1035 1041 1005
f 1005 1032 1035
f 1035 1034 1085
f 1085 1086 1035
f 1085 1149 1086
f 1086 1149 1153
f 1160 1246 1159
f 1159 1246 1247
f 1247 1163 1159
f 1156 1162 1243
f 1243 166 1156
f 1491 1487 1535
f 1535 1492 1491
f 1344 1345 1247
f 1415 1345 1344
f 1405 1415 1344
f 1253 1163 1247
f 1416 1345 1415
f 1415 1484 1416
f 1417 1345 1416
f 1416 1484 1417
f 1487 1484 1483
f 1518 1534 1483
f 1483 1534 1487
f 1483 1532 1518
f 1483 1484 1415
f 1415 1482 1483
f 1476 1481 1527
f 1527 1481 1532
f 1353 1260 1259
f 1259 1352 1353
f 1258 1352 1259
f 1259 1260 1173
f 1356 1425 1426
f 1426 1425 1419
f 1358 1359 1261
f 1103 1178 1104
f 1170 1100 1169
f 1170 1171 1100
f 1170 1169 1256
f 1256 1257 1170
f 1170 1257 1258
f 1258 1171 1170
f 1100 1171 1172
f 1172 1259 1173
f 1172 1171 1258
f 1258 1259 1172
f 1866 1559 1569
f 1362 1361 1363
f 1363 1361 1360
f 1740 1741 1713
f 1713 1744 1740
f 1740 1744 1741
f 1909 1268 1269
f 1050 1011 1049
f 1050 1051 1011
f 1105 1051 1050
f 1049 1048 1050
f 1048 1105 1050
f 1179 1266 1180
f 1499 1498 1501
f 1555 1556 1538
f 1501 1498 1540
f 1540 1538 1556
f 1498 1538 1540
f 1505 1546 1506
f 1506 1546 1547
f 1569 1568 1562
f 1571 1564 1562
f 1562 1564 1547
f 1562 1567 1571
f 1568 1567 1562
f 1571 1567 1566
f 1566 1564 1571
f 1555 1557 1566
f 1566 1567 1555
f 946 950 161
f 2441 2478 2442
f 2478 2443 2442
f 306 325 309
f 325 310 309
f 768 769 737
f 737 767 768
f 768 813 769
f 815 769 814
f 814 813 815
f 815 539 520
f 863 817 815
f 515 715 323
f 515 323 307
f 307 534 515
f 515 534 535
f 716 535 737
f 737 324 716
f 716 515 535
f 715 515 716
f 287 262 283
f 287 288 262
f 283 306 287
f 306 309 287
f 310 288 287
f 287 309 310
f 221 239 240
f 239 263 264
f 264 240 239
f 265 240 264
f 318 319 295
f 295 317 318
f 1922 319 318
f 318 317 1922
f 828 878 879
f 1922 774 828
f 1942 939 1941
f 879 918 919
f 918 939 919
f 1931 1924 1923
f 879 920 1920
f 911 870 869
f 822 870 823
f 822 869 870
f 868 869 822
f 911 869 910
f 910 869 868
f 910 876 911
f 915 876 910
f 885 929 930
f 877 915 916
f 916 917 877
f 826 773 326
f 326 328 826
f 826 328 315
f 315 873 826
f 826 873 874
f 913 873 872
f 872 871 913
f 913 914 874
f 874 873 913
f 912 914 913
f 913 871 912
f 80 79 102
f 102 104 80
f 78 101 102
f 102 79 78
f 102 101 95
f 95 114 102
f 114 104 102
f 95 101 99
f 99 98 95
f 76 98 99
f 101 77 99
f 174 3515 3542
f 3542 3516 174
f 3515 3541 3542
f 3542 3541 3543
f 3543 3516 3542
f 3499 3482 3498
f 3498 3522 3499
f 3486 3498 3482
f 3503 3504 3486
f 3486 3504 3505
f 3486 3485 3503
f 3476 3485 3486
f 144 143 3476
f 3476 3486 144
f 144 145 127
f 127 143 144
f 144 3482 145
f 144 3486 3482
f 3775 3764 272
f 3776 3764 3775
f 272 247 3775
f 247 3789 3775
f 3760 3757 3765
f 3757 3764 3765
f 3765 3764 3776
f 3755 3763 3756
f 231 253 254
f 184 211 212
f 228 249 229
f 249 250 229
f 103 115 116
f 130 131 116
f 116 115 130
f 205 225 226
f 225 246 226
f 226 247 248
f 3830 247 226
f 226 3907 3877
f 226 3856 3830
f 3877 3856 226
f 2237 2299 192
f 192 161 160
f 2299 161 192
f 2440 2439 2441
f 2438 2478 2441
f 2441 2439 2438
f 2438 2471 2478
f 2472 2471 2438
f 949 946 2298
f 949 950 946
f 2396 2354 990
f 160 157 156
f 155 186 156
f 132 155 156
f 156 157 132
f 133 118 132
f 132 157 133
f 133 157 160
f 160 161 133
f 1751 1790 1791
f 66 65 64
f 64 83 66
f 49 65 66
f 66 67 49
f 66 83 84
f 85 67 66
f 66 84 85
f 952 954 970
f 107 122 109
f 108 107 109
f 109 83 108
f 110 83 109
f 109 124 110
f 109 122 124
f 141 169 170
f 170 171 141
f 172 171 198
f 171 170 198
f 955 169 952
f 952 969 955
f 955 969 169
f 3304 3306 3386
f 3386 3306 3388
f 3207 3123 3209
f 3306 3304 3209
f 3208 3127 3210
f 3208 3274 3300
f 3210 3274 3208
f 3123 3127 3208
f 3208 3209 3123
f 3300 3301 3208
f 3212 3127 3211
f 3204 3296 3211
f 3211 3127 3204
f 3052 3127 3123
f 3051 3125 3052
f 3123 3049 3052
f 2990 3051 3052
f 3052 3049 2990
f 3300 3274 3273
f 3273 3274 3185
f 3184 3185 3101
f 3101 3183 3184
f 3184 3183 3185
f 3483 2957 2958
f 2958 3484 3483
f 3982 3951 3981
f 3981 4026 3982
f 3983 3951 3982
f 3984 3951 3983
f 3982 4028 3983
f 3985 3955 3986
f 3986 3952 3985
f 3958 3923 3956
f 3956 3987 3958
f 3955 3987 3956
f 3926 3889 3925
f 3950 3951 3916
f 3950 3981 3951
f 3916 3915 3913
f 3913 3950 3916
f 3913 3914 3883
f 3883 3912 3913
f 3912 3950 3913
f 3810 3805 3792
f 3857 3856 3878
f 3830 3856 3857
f 3810 3833 3834
f 3861 3838 3834
f 3908 3907 3944
f 3907 226 3944
f 205 4019 4018
f 4018 3973 205
f 4019 3976 4018
f 3947 3976 3977
f 3947 3948 3911
f 3977 3948 3947
f 4102 4103 4067
f 4067 4066 4102
f 4101 201 3496
f 4102 4066 4101
f 4066 201 4101
f 200 199 3496
f 3496 201 200
f 177 199 200
f 200 201 177
f 2652 2619 2618
f 2654 2652 2618
f 2618 2650 2654
f 2618 2619 2597
f 2647 2648 2615
f 2594 2605 2615
f 2602 2631 2632
f 2580 2579 2578
f 2564 2579 2580
f 2580 2581 2564
f 2580 2600 2602
f 2578 2600 2580
f 3115 2712 2773
f 2765 2766 2709
f 2767 2766 2765
f 2765 2764 2815
f 2765 2707 2764
f 2662 2705 2706
f 2706 2707 2662
f 2706 2705 2763
f 2763 2707 2706
f 1713 1741 1742
f 1741 1746 1742
f 1610 1628 1611
f 1610 1595 1596
f 1611 1595 1610
f 1630 1631 1611
f 1611 1628 1630
f 1583 1578 1582
f 1582 1594 1583
f 1582 1589 1591
f 1582 1581 1589
f 1768 1731 1767
f 1731 1766 1767
f 1770 1763 1806
f 1806 1777 1770
f 1807 1806 1762
f 1806 1763 1762
f 1762 1769 1807
f 1762 1763 1731
f 1731 1769 1762
f 1733 1703 1731
f 1682 1704 1705
f 1713 1684 1706
f 1594 1582 1593
f 1800 1801 1754
f 1754 1801 1755
f 2741 2692 2738
f 2741 2738 1724
f 1600 1588 1599
f 1600 1601 1588
f 1661 2653 2691
f 2617 2653 1661
f 1800 1754 1753
f 2849 1800 2882
f 2882 2852 2849
f 1800 1753 2882
f 2882 1753 2852
f 2738 2797 2798
f 2849 2797 2848
f 2846 2881 2848
f 2848 2797 2846
f 2848 1802 2849
f 2848 1803 1755
f 2848 2881 1803
f 1755 1801 2848
f 2848 1801 1802
f 2738 2690 2737
f 2737 2797 2738
f 1883 1843 1882
f 1882 1887 1883
f 1882 1843 1881
f 1881 1880 1882
f 1882 1880 1917
f 1843 1884 2800
f 2744 2743 2800
f 2743 1843 2800
f 2800 1884 1845
f 1845 1886 2800
f 2800 2805 2744
f 2800 1886 2805
f 1885 1846 1845
f 1885 1850 1848
f 1848 1846 1885
f 1914 1876 1913
f 1913 1912 1914
f 1902 1873 1859
f 1779 1818 1819
f 1811 1849 1854
f 1810 1849 1811
f 1768 1810 1811
f 1811 1769 1768
f 2566 2583 2584
f 2585 2567 2584
f 2567 2566 2584
f 2540 2541 2532
f 2541 2533 2532
f 2532 2533 1574
f 2530 2540 2532
f 1574 2897 2532
f 2532 2897 2530
f 2923 2528 2922
f 2922 2939 2923
f 2923 2939 2940
f 2940 2941 2923
f 2923 2941 2528
f 3079 3078 3106
f 3106 3080 3079
f 3079 3080 3077
f 3077 3014 3079
f 3079 3014 3078
f 2931 2965 2964
f 2931 2963 2965
f 2964 2932 2931
f 2931 2932 2913
f 3073 3012 3072
f 3145 3146 3072
f 3072 3095 3145
f 3069 3095 3072
f 3009 3069 3070
f 3070 3010 3009
f 3069 3072 3070
f 3147 3148 3073
f 3146 3148 3147
f 2988 2948 2987
f 2986 3038 2984
f 2968 2934 2969
f 2934 2970 2969
f 2933 2968 2969
f 2969 2970 2933
f 2983 2552 3037
f 3037 2551 2983
f 2552 2551 3037
f 3032 2982 2981
f 3031 3099 3032
f 3032 2981 3031
f 2983 2982 3034
f 3034 3100 3101
f 3383 3436 3435
f 3435 3384 3383
f 3379 3384 3435
f 3436 3396 3435
f 3124 3122 3206
f 3206 3122 3207
f 3206 3205 3124
f 3206 3298 3205
f 3154 3076 3153
f 3154 3151 3150
f 3153 3151 3154
f 3417 3416 3453
f 3334 3416 3417
f 3107 3039 3106
f 3107 3108 3039
f 3194 3108 3107
f 3106 3076 3107
f 3107 3193 3194
f 3197 3286 3284
f 3197 3110 3195
f 3375 3376 3288
f 3284 3286 3370
f 3376 3375 3370
f 3370 3375 3288
f 3374 3286 3373
f 3374 3370 3286
f 3109 3108 3195
f 3195 3110 3109
f 3039 3108 3109
f 2987 3039 3040
f 3040 2988 2987
f 3039 3109 3040
f 3040 3109 3110
f 3042 2988 3040
f 3040 3112 3042
f 3199 3200 3112
f 3101 3170 3171
f 3171 3170 3113
f 3171 3113 3042
f 3042 3112 3171
f 3101 3171 3172
f 3112 3200 3172
f 3172 3171 3112
f 3179 3180 3101
f 3101 3178 3179
f 3177 3178 3101
f 3177 3179 3178
f 3180 3179 3177
f 3425 3424 3459
f 3442 3435 3396
f 3399 3398 3448
f 3462 3437 3460
f 3460 3437 3439
f 3439 3426 3460
f 3460 3426 3425
f 3425 3459 3460
f 3443 3437 3462
f 3396 3437 3443
f 3397 3396 3443
f 3443 3398 3397
f 3443 3444 3398
f 3213 3309 3270
f 3270 3185 3213
f 3271 3186 3185
f 3271 3275 3186
f 3185 3270 3271
f 3278 3275 3271
f 3271 3270 3278
f 3189 3192 3169
f 3189 3169 3101
f 3101 3188 3189
f 2613 2600 2614
f 2613 2623 2600
f 2614 2592 2613
f 2613 2592 2591
f 2624 2622 2600
f 2600 2623 2624
f 2629 2622 2624
f 2624 2665 2629
f 2646 2665 2624
f 2643 2645 2644
f 2643 2644 2610
f 2681 2682 2643
f 2682 2645 2643
f 2610 2645 2641
f 2641 2645 2646
f 2813 2812 2866
f 2866 2816 2813
f 2869 2816 2866
f 2884 2885 2866
f 2887 2888 2866
f 2888 2869 2866
f 2866 2865 2884
f 2812 2865 2866
f 2870 2868 2888
f 2870 2871 2826
f 2826 2868 2870
f 2680 2674 2681
f 2676 2674 2680
f 2681 2639 2680
f 2680 2639 2676
f 2683 2682 2681
f 2681 2726 2683
f 2732 2684 2683
f 2683 2645 2682
f 2684 2645 2683
f 2732 2683 2731
f 2731 2683 2730
f 2675 2638 2679
f 2638 2678 2679
f 2781 2782 2723
f 2723 2724 2678
f 2723 2678 3430
f 3430 3390 2723
f 2726 2782 2727
f 2728 2683 2727
f 2727 2683 2726
f 2727 2781 2728
f 2727 2782 2781
f 2785 2786 2728
f 2785 2831 2786
f 2817 2768 2767
f 2815 2831 2817
f 2817 2765 2815
f 2767 2765 2817
f 2535 2543 2545
f 2561 2543 2560
f 2548 2547 2563
f 2564 2548 2563
f 2563 2579 2564
f 2578 2579 2563
f 2563 2577 2578
f 2599 2592 2614
f 2599 2576 2592
f 2577 2576 2599
f 2614 2600 2599
f 2600 2577 2599
f 2562 2576 2577
f 2562 2563 2547
f 2577 2563 2562
f 2547 2561 2562
f 2560 2576 2562
f 2562 2561 2560
f 2570 3105 2586
f 2570 2586 2589
f 2554 2552 2570
f 2570 2571 2554
f 2570 2588 2571
f 2608 3105 2607
f 2607 3105 3192
f 2607 2637 2608
f 3192 2637 2607
f 3035 3036 2983
f 3104 3036 3035
f 3035 3034 3104
f 2983 3034 3035
f 2552 3036 2569
f 2569 3036 3105
f 2569 2570 2552
f 3105 2570 2569
f 2769 2770 2711
f 2821 2770 2769
f 2711 2768 2769
f 2819 2820 2769
f 2769 2820 2821
f 3380 2770 2823
f 2823 2770 2821
f 2823 2820 3380
f 2821 2820 2823
f 2819 2769 2818
f 2818 2769 2768
f 2768 2817 2818
f 2818 2817 2831
f 2728 2781 2783
f 3380 2820 3381
f 3381 3294 3380
f 3204 3120 3203
f 3203 3120 3202
f 3307 3211 3296
f 3212 3211 3307
f 3294 3381 3307
f 73 3115 3046
f 3047 73 3046
f 2824 3115 2773
f 2771 3292 3291
f 2503 2504 2485
f 2503 2520 2504
f 2485 1314 2503
f 2522 2518 2504
f 2488 2507 2508
f 2489 2486 2504
f 2403 2404 2358
f 2358 2402 2403
f 2482 2497 2499
f 2499 2500 2482
f 2507 2500 2499
f 2499 2508 2507
f 2504 2500 2517
f 2301 2302 1023
f 1023 989 2301
f 2301 989 1022
f 2356 2302 2301
f 2303 2302 2357
f 2130 2173 2174
f 2174 2175 2130
f 2130 2175 2176
f 2242 2177 2176
f 2176 2177 2130
f 2176 2241 2242
f 1022 2400 2355
f 2356 2301 2355
f 2355 2301 1022
f 2355 2401 2356
f 2400 2401 2355
f 1075 2400 1022
f 2446 2445 2447
f 2446 2402 2445
f 2447 2403 2446
f 2446 2403 2402
f 2445 2402 2444
f 2444 2402 2401
f 1137 2445 2444
f 2444 2401 2400
f 2444 1075 1137
f 2400 1075 2444
f 1217 1137 1216
f 1216 1311 1217
f 2447 2445 2484
f 987 989 963
f 961 987 963
f 963 962 961
f 963 2172 2129
f 1023 2302 2238
f 2302 2303 2238
f 233 256 258
f 233 232 256
f 233 215 232
f 2234 215 2292
f 191 2236 2237
f 2237 192 191
f 191 192 160
f 257 285 284
f 284 255 257
f 258 256 284
f 256 255 284
f 2280 258 284
f 284 285 2280
f 2519 1313 1219
f 2518 1313 2519
f 1219 2501 2519
f 2501 2518 2519
f 1220 1140 1139
f 1220 1139 1219
f 1219 1313 1220
f 1220 1314 1315
f 1220 1309 1221
f 1315 1309 1220
f 1221 1141 1220
f 1141 1140 1220
f 1080 1026 1079
f 1080 1081 1026
f 1079 1082 1080
f 1082 1081 1080
f 965 950 964
f 1025 992 1026
f 2399 2354 2398
f 2399 2398 2439
f 2439 2440 2399
f 2399 2440 2441
f 2441 2442 2399
f 1224 1225 1142
f 1142 1225 1144
f 1142 1141 1221
f 1221 1222 1142
f 1144 1143 1142
f 1076 1141 1142
f 1142 1143 1076
f 1222 1317 1223
f 1223 1317 1224
f 1223 1142 1222
f 1224 1142 1223
f 1128 1071 1126
f 1305 1213 1212
f 1299 1293 1302
f 1302 1212 1299
f 1299 1212 1300
f 1294 1293 1299
f 1126 1071 1127
f 1127 1068 1126
f 1019 986 985
f 985 986 960
f 960 984 985
f 1215 1307 1216
f 1213 1307 1215
f 1226 1228 1318
f 1318 1227 1226
f 1228 1227 1318
f 1321 1322 1229
f 1401 1322 1321
f 1327 1328 1232
f 1333 1328 1327
f 1334 1333 1327
f 1285 1196 1195
f 1460 1375 1378
f 1378 1377 1460
f 1378 1381 1379
f 1062 1015 1061
f 1016 1015 1062
f 1124 1068 1067
f 1555 1538 1537
f 1457 1517 1518
f 1518 1461 1457
f 1516 1517 1457
f 1455 1516 1457
f 1457 1375 1455
f 1518 1463 1462
f 1462 1461 1518
f 1375 1283 1374
f 1374 1283 1373
f 1374 1454 1455
f 1014 1015 980
f 1061 1015 1014
f 1014 1060 1061
f 1371 1370 1448
f 1447 1509 1448
f 1371 1448 1450
f 1450 1449 1371
f 1512 1451 1450
f 1451 1449 1450
f 1452 1372 1451
f 1451 1454 1452
f 1373 1372 1452
f 978 1014 980
f 1585 956 1579
f 1585 1584 1595
f 1579 1584 1585
f 3580 3550 3235
f 3235 3228 3580
f 3550 3580 3581
f 3581 3580 3228
f 3548 3552 3579
f 3579 3552 3554
f 3554 3553 3579
f 3579 3553 3584
f 3584 3615 3579
f 3235 3550 3524
f 3524 3143 3235
f 3503 3067 3524
f 3067 3005 3524
f 3524 3525 3503
f 3524 3550 3551
f 3551 3525 3524
f 3528 3555 3547
f 3547 3578 3548
f 3555 3552 3547
f 3547 3552 3578
f 3548 3523 3547
f 3547 3523 3528
f 2308 2307 2359
f 2241 2307 2308
f 2359 2309 2308
f 2308 2309 2241
f 2360 2407 2361
f 2361 2307 2360
f 2358 2404 2360
f 2360 2307 2358
f 2409 2408 2426
f 2408 2459 2426
f 2407 2456 2457
f 2458 2408 2457
f 2457 2408 2407
f 2465 2456 2466
f 2470 2429 2466
f 2100 2129 2101
f 2101 962 2100
f 2100 963 2129
f 962 963 2100
f 2103 622 2102
f 2102 2135 2103
f 355 343 354
f 348 347 362
f 347 361 362
f 379 405 406
f 359 347 365
f 365 379 359
f 365 347 364
f 364 376 365
f 432 429 411
f 429 405 411
f 4138 4139 4119
f 4119 4124 4138
f 4138 4124 4145
f 4098 4127 4099
f 4122 4124 4119
f 4122 4118 4124
f 335 341 4100
f 335 4100 4099
f 344 339 338
f 338 343 344
f 347 346 358
f 342 337 621
f 338 337 342
f 342 343 338
f 627 624 619
f 618 623 619
f 619 333 618
f 619 623 625
f 621 337 628
f 337 624 628
f 628 624 627
f 261 260 1965
f 1965 1980 261
f 261 1980 259
f 261 259 237
f 237 260 261
f 245 259 269
f 269 270 245
f 259 2020 269
f 269 2020 270
f 2085 2086 2057
f 2262 2232 2263
f 2263 2208 2262
f 1995 1976 1994
f 271 270 2067
f 2067 2096 271
f 2164 2124 2163
f 2163 2220 2221
f 2221 2164 2163
f 2095 2124 2096
f 2280 2227 2289
f 2289 258 2280
f 2160 2220 2161
f 2290 2227 2284
f 2262 2208 2265
f 2265 2208 2264
f 2178 2177 2244
f 2179 2178 2244
f 2244 2180 2179
f 2134 2133 2181
f 2133 2180 2181
f 2181 2244 2245
f 2180 2244 2181
f 2113 2078 2110
f 2146 2113 2110
f 2147 2113 2146
f 3710 3420 3714
f 3419 3420 3710
f 3567 3537 3566
f 3563 3597 3566
f 3566 3537 3563
f 3243 3158 3246
f 3563 3537 3532
f 3536 3537 3513
f 3536 3532 3537
f 3538 3539 3513
f 3513 3537 3538
f 2920 2912 2907
f 2907 3494 2920
f 2918 2920 2935
f 2935 2936 2918
f 2935 2920 2921
f 2921 2938 2935
f 2938 2936 2935
f 2975 3029 3009
f 3009 2976 2975
f 3513 3539 3514
f 3514 3494 3513
f 2938 3494 3514
f 3490 3510 3511
f 3511 3510 3513
f 3488 3479 3477
f 3480 3479 3488
f 336 339 334
f 334 333 336
f 338 339 336
f 336 333 338
f 2926 2953 2927
f 2927 2953 2954
f 75 2926 2927
f 2927 2954 75
f 3061 3137 3139
f 3061 3140 3138
f 3139 3140 3061
f 3062 3002 3061
f 3136 3137 3060
f 3137 3061 3060
f 3060 3061 3002
f 3131 3136 3060
f 3059 3131 3060
f 3060 2996 3059
f 3408 3346 3344
f 3344 3342 3340
f 3344 3411 3408
f 3340 3411 3344
f 3327 3326 3328
f 3227 3326 3327
f 3328 3231 3327
f 3327 3231 3227
f 3237 3236 3260
f 3236 3165 3260
f 3258 3257 3259
f 3237 3260 3259
f 3259 3165 3258
f 3259 3260 3165
f 3256 3238 3237
f 3164 3238 3256
f 3256 3257 3164
f 3237 3259 3256
f 3256 3259 3257
f 3453 3416 3452
f 3333 3239 3332
f 3332 3239 3331
f 3332 3331 3352
f 3352 3351 3332
f 3415 3416 3334
f 3334 3414 3415
f 3415 3452 3416
f 3409 3450 3415
f 3415 3351 3409
f 3415 3414 3351
f 3407 3347 3321
f 3406 3405 3410
f 3321 3405 3406
f 3406 3407 3321
f 3161 3156 3242
f 3242 3249 3161
f 3087 3713 3088
f 3087 3086 3713
f 3088 3027 3087
f 3087 3027 3086
f 3019 3027 3083
f 3019 3082 3020
f 3083 3081 3019
f 3083 3092 3091
f 3091 3090 3083
f 3091 3092 3029
f 3029 3090 3091
f 3248 3342 3337
f 3342 3343 3337
f 3337 3242 3248
f 3232 3140 3139
f 3232 3233 3140
f 3139 3231 3232
f 3328 3411 3330
f 3330 3233 3328
f 3330 3411 3412
f 3412 3652 3330
f 3652 3617 3330
f 3617 3233 3330
f 3228 3233 3616
f 3616 3233 3617
f 3616 3581 3228
f 3617 3581 3616
f 2993 2992 3055
f 3055 3057 2993
f 2993 3056 2994
f 2950 2992 2993
f 2993 2994 2950
f 3224 3319 3225
f 3224 3225 3135
f 3135 3134 3224
f 3223 3134 3222
f 3223 3224 3134
f 3319 3224 3223
f 3450 3403 3449
f 3449 3448 3450
f 3399 3448 3449
f 3317 3223 3222
f 3325 3321 3226
f 3325 3404 3321
f 3325 3403 3409
f 3410 3404 3325
f 3214 73 3289
f 3214 3289 3310
f 3121 3120 3125
f 3121 3048 3120
f 3121 3125 3051
f 3051 3048 3121
f 3395 3312 3394
f 3394 3442 3395
f 3395 3442 3396
f 3395 3396 3313
f 3313 3312 3395
f 3394 3312 3393
f 3310 3392 3393
f 3393 3392 3441
f 3393 3442 3394
f 3054 73 3053
f 61 73 3054
f 3054 2991 61
f 3055 2991 3054
f 3054 3057 3055
f 60 37 58
f 37 59 58
f 58 59 35
f 58 55 60
f 58 35 55
f 36 37 17
f 36 59 37
f 17 35 36
f 35 59 36
f 2758 2753 2811
f 2661 2705 2662
f 2661 2662 2621
f 2621 39 2660
f 39 2659 2660
f 2660 2661 2621
f 2703 2661 2660
f 2660 2659 2701
f 2701 2755 2754
f 2754 2755 2699
f 2699 2753 2754
f 1847 1846 1808
f 1803 1846 1847
f 1804 1803 1847
f 2833 2871 2872
f 2886 2885 2876
f 2876 2893 2886
f 2887 2866 2886
f 2886 2866 2885
f 2871 2893 2875
f 2875 2893 2876
f 2854 2801 2853
f 2853 2861 2854
f 2853 2801 2806
f 2806 2861 2853
f 490 484 460
f 484 490 482
f 460 454 482
f 482 490 460
f 450 482 451
f 484 482 450
f 373 354 372
f 373 395 396
f 421 456 432
f 419 450 451
f 2054 2053 2057
f 2057 2056 2054
f 2077 2078 2052
f 2052 2078 2053
f 2053 2027 2052
f 2079 2080 2053
f 2053 2078 2079
f 2079 2078 2080
f 2009 2010 1991
f 2009 1991 1990
f 1954 1955 1943
f 2110 2077 2112
f 2110 2108 2138
f 2187 2188 2138
f 2188 2140 2138
f 904 900 905
f 712 694 711
f 711 734 712
f 765 734 764
f 762 809 764
f 764 734 762
f 694 674 673
f 758 759 732
f 732 759 760
f 693 710 711
f 711 694 693
f 694 673 693
f 595 611 615
f 615 596 595
f 476 507 508
f 505 507 476
f 758 806 804
f 760 759 807
f 854 853 855
f 856 810 855
f 855 810 854
f 846 800 845
f 845 895 893
f 843 845 844
f 844 845 800
f 818 819 769
f 769 817 818
f 248 272 273
f 273 274 248
f 272 3764 273
f 273 3764 3763
f 273 3763 3774
f 3774 274 273
f 591 569 568
f 535 560 561
f 504 521 505
f 505 521 522
f 541 521 540
f 542 522 541
f 541 522 521
f 503 519 520
f 520 521 503
f 518 519 503
f 521 504 503
f 559 560 535
f 535 534 559
f 277 276 303
f 303 278 277
f 3767 3778 3779
f 3767 3779 3770
f 3795 3812 3796
f 3796 3779 3795
f 3795 3779 3778
f 3760 3765 3772
f 3772 3765 3776
f 3766 3778 3767
f 3760 3772 3766
f 462 429 461
f 461 489 462
f 461 429 460
f 460 489 461
f 406 405 407
f 405 428 407
f 407 379 406
f 463 429 462
f 429 463 457
f 487 488 460
f 460 3854 487
f 3836 3838 3817
f 3837 3838 3836
f 3817 3800 3799
f 3841 3821 3839
f 3841 3839 3861
f 4097 4118 4117
f 4124 4118 4097
f 4097 4123 4124
f 1463 1519 1520
f 1520 1519 1521
f 1528 1554 1530
f 1521 1554 1528
f 1411 1478 1480
f 1480 1481 1411
f 1531 1481 1480
f 1530 1531 1480
f 1480 1478 1530
f 1385 1292 1291
f 1292 1199 1291
f 1151 1241 1242
f 1412 1410 1476
f 1336 1241 1335
f 1335 1407 1336
f 1335 1241 1334
f 1334 1407 1335
f 1467 1525 1526
f 1526 1525 1471
f 1205 1203 1297
f 1205 1204 1203
f 1126 1204 1205
f 1469 1468 1467
f 1305 1388 1390
f 1388 1468 1390
f 1302 1293 1387
f 1297 1203 1296
f 1296 1205 1297
f 1296 1200 1295
f 1295 1205 1296
f 1232 1240 1329
f 1329 1233 1232
f 1240 1236 1329
f 1236 1233 1329
f 1032 1005 998
f 1094 1163 1162
f 1094 1159 1163
f 1043 166 165
f 1042 1043 1006
f 974 1005 1006
f 1006 198 170
f 172 198 1006
f 1006 169 974
f 1006 170 169
f 1006 165 172
f 1006 1043 165
f 1148 1084 1147
f 1152 1085 1151
f 1149 1085 1152
f 1405 1344 1342
f 1247 1246 1342
f 1248 1246 1160
f 1248 1342 1246
f 1331 1342 1248
f 1089 1156 166
f 1089 166 1155
f 1430 1491 1492
f 1487 1491 1430
f 1430 1492 1493
f 1533 1527 1532
f 1482 1527 1533
f 1532 1483 1533
f 1533 1483 1482
f 1354 1260 1353
f 1353 1414 1354
f 1261 1260 1357
f 1260 1356 1357
f 1357 1358 1261
f 1424 1356 1414
f 1425 1356 1424
f 1414 1419 1424
f 1424 1419 1425
f 1414 1341 1413
f 1413 1341 1339
f 1247 1345 1346
f 1346 1253 1247
f 1264 1262 1175
f 1261 1264 1175
f 1175 1173 1261
f 1044 1099 1045
f 1045 1099 1100
f 1045 1102 1103
f 1045 1008 1044
f 1045 1046 1008
f 1104 1046 1045
f 1045 1103 1104
f 1178 1103 1177
f 1560 1559 1570
f 1559 1866 1570
f 1570 1786 1560
f 1831 1866 1569
f 1440 1363 1439
f 1440 1499 1501
f 1439 1499 1440
f 1364 1440 1441
f 1363 1440 1364
f 1438 1363 1360
f 1439 1363 1438
f 1541 1540 1556
f 1501 1540 1541
f 1771 1777 1744
f 1771 1770 1777
f 1779 1744 1778
f 1744 1777 1778
f 1778 1777 1806
f 1778 1817 1779
f 1806 1817 1778
f 1868 1835 1834
f 1834 1790 1833
f 1905 1269 1271
f 1270 1271 1182
f 1182 1271 1269
f 1833 1108 1867
f 1867 1834 1833
f 1868 1834 1867
f 1909 1868 1867
f 1867 1268 1909
f 1106 1051 1105
f 1106 1105 1178
f 1178 1177 1106
f 1179 1180 1106
f 1106 1177 1179
f 1547 1546 1563
f 1563 1562 1547
f 1546 1562 1563
f 946 161 945
f 945 161 2299
f 196 195 213
f 1146 1084 1082
f 1145 1231 1146
f 1146 1082 1145
f 1146 1231 1232
f 1232 1233 1146
f 1146 1233 1147
f 1147 1084 1146
f 2293 2291 2346
f 2292 2291 2293
f 2293 2234 2292
f 811 767 535
f 535 561 562
f 562 811 535
f 815 811 562
f 540 539 563
f 861 815 813
f 816 817 769
f 769 815 816
f 816 815 817
f 237 221 241
f 221 240 241
f 241 260 237
f 265 264 292
f 290 313 292
f 292 313 295
f 877 878 827
f 878 828 827
f 774 773 827
f 827 828 774
f 874 875 827
f 827 826 874
f 773 826 827
f 827 876 877
f 827 875 876
f 938 939 918
f 918 1941 938
f 938 1941 939
f 1942 1941 937
f 879 919 1930
f 1931 1923 1930
f 829 828 879
f 879 1920 829
f 1922 828 829
f 829 1920 1922
f 1922 1920 1921
f 1921 1923 1924
f 1921 1920 920
f 868 822 867
f 867 866 895
f 822 866 867
f 930 929 936
f 756 800 801
f 758 732 756
f 886 885 930
f 926 885 884
f 926 916 915
f 917 916 926
f 918 917 926
f 926 1941 918
f 926 937 1941
f 1942 937 926
f 915 910 927
f 927 926 915
f 885 926 927
f 1925 1924 1934
f 1925 1921 1924
f 1925 1927 1922
f 1922 1921 1925
f 1927 1925 1937
f 100 77 76
f 76 99 100
f 100 99 77
f 3544 3516 3543
f 3517 3516 3544
f 3543 3572 3544
f 3505 3522 3506
f 3506 3486 3505
f 3522 3498 3506
f 3498 3486 3506
f 610 596 615
f 615 611 610
f 610 611 301
f 610 301 300
f 300 581 610
f 3767 3770 3768
f 3774 3763 3762
f 3763 3755 3762
f 183 184 154
f 211 184 183
f 230 231 212
f 212 211 230
f 211 229 230
f 253 231 230
f 252 253 230
f 230 229 250
f 206 179 205
f 205 226 206
f 180 179 206
f 206 181 180
f 227 248 228
f 227 226 248
f 2353 2354 2298
f 2479 2443 2478
f 2479 2480 2443
f 118 133 134
f 135 119 134
f 134 119 118
f 134 133 161
f 1053 1108 1833
f 1833 1790 1053
f 1052 1051 1053
f 1012 1052 1053
f 1053 1790 1012
f 968 969 952
f 952 970 968
f 999 1034 1000
f 1000 970 999
f 999 970 972
f 972 970 954
f 1031 994 1030
f 1030 1084 1031
f 1027 1081 1082
f 1026 1081 1027
f 1027 1025 1026
f 954 953 971
f 971 972 954
f 994 972 971
f 965 994 971
f 953 967 971
f 3425 3426 3358
f 3265 3356 3358
f 3358 3424 3425
f 3358 3356 3424
f 3387 3301 3361
f 3361 3360 3387
f 3361 3301 3300
f 3429 3426 3439
f 3387 3360 3429
f 3174 3263 3175
f 3174 3175 3101
f 3377 3356 3357
f 3385 3298 3299
f 3386 3385 3299
f 3299 3304 3386
f 3299 3206 3207
f 3298 3206 3299
f 3207 3209 3299
f 3299 3209 3304
f 3438 3439 3386
f 3386 3388 3438
f 3305 3388 3306
f 3306 3209 3305
f 3204 3127 3126
f 3127 3052 3126
f 3126 3125 3204
f 3126 3052 3125
f 2957 3006 3501
f 3501 2958 2957
f 3485 3484 3501
f 3484 2958 3501
f 3958 3987 3990
f 3992 4039 4041
f 3697 3696 3734
f 3625 3663 3626
f 4025 4069 4026
f 3980 3950 3979
f 3981 3950 3980
f 4026 3981 3980
f 3980 4025 4026
f 3918 3952 3953
f 3952 3986 3953
f 3953 3955 3954
f 3953 3986 3955
f 3866 3865 3894
f 3894 3893 3866
f 3865 3893 3894
f 3923 3960 3924
f 3924 3889 3923
f 3925 3889 3924
f 3918 3885 3917
f 3916 3918 3917
f 3919 3885 3918
f 3919 3953 3954
f 3918 3953 3919
f 3954 3955 3919
f 3955 3956 3919
f 4006 4057 4052
f 3889 3926 3891
f 3895 3893 3927
f 4001 3999 4002
f 4043 4045 4044
f 3811 3805 3810
f 3810 3812 3811
f 3812 3795 3811
f 3911 3883 3882
f 3882 3883 3861
f 3882 3910 3911
f 3882 3880 3910
f 3810 3834 3835
f 3835 3834 3837
f 3835 3812 3810
f 3862 3838 3837
f 3837 3834 3862
f 3862 3834 3838
f 3881 3882 3861
f 3880 3882 3881
f 3861 3834 3860
f 3860 3881 3861
f 3807 3789 3806
f 3807 3806 3830
f 3833 3808 3832
f 3832 3858 3833
f 3857 3858 3832
f 3790 3775 3789
f 3789 3807 3790
f 3790 3807 3808
f 3791 3790 3808
f 3791 3792 3776
f 3776 3775 3791
f 3775 3790 3791
f 3945 3909 3908
f 3908 3944 3945
f 3945 3944 3973
f 3943 226 246
f 3943 3944 226
f 3943 246 225
f 3943 225 205
f 205 3973 3943
f 3973 3944 3943
f 3978 3948 3977
f 3979 3950 3949
f 3949 3978 3979
f 3948 3978 3949
f 3911 3948 3949
f 3949 3912 3911
f 3949 3950 3912
f 3975 4018 3976
f 3976 3947 3975
f 4068 4067 4104
f 4104 4067 4103
f 4104 4069 4068
f 4103 4069 4104
f 4102 4101 3520
f 3520 4101 3496
f 2616 2618 2597
f 2650 2618 2616
f 2616 2615 2650
f 2597 2594 2616
f 2594 2615 2616
f 2650 2615 2649
f 2649 2615 2648
f 2649 2648 2647
f 2647 2615 2628
f 2628 2615 2605
f 2602 2634 2628
f 2736 2795 2796
f 2840 2842 2837
f 2842 2795 2837
f 2633 2634 2602
f 2602 2632 2633
f 2633 2632 2634
f 2601 2580 2602
f 2602 2626 2601
f 2603 2581 2601
f 2581 2580 2601
f 2601 2628 2605
f 2664 2712 3043
f 2712 3115 3043
f 3043 73 2664
f 2709 2662 2708
f 2708 2765 2709
f 2662 2707 2708
f 2707 2765 2708
f 1744 1786 1774
f 1561 1562 1546
f 1569 1562 1561
f 1713 1742 1743
f 1743 1742 1746
f 1633 1630 1628
f 1631 1630 1656
f 1630 1633 1656
f 1577 1578 1573
f 1577 1582 1578
f 1577 1573 1575
f 1581 1582 1577
f 1577 1575 1580
f 1580 1581 1577
f 1804 1847 1805
f 1805 1847 1808
f 1805 1808 1768
f 1768 1767 1805
f 1738 1771 1739
f 1770 1771 1738
f 1731 1763 1764
f 1764 1733 1731
f 1763 1733 1764
f 1625 1646 1650
f 1678 1646 1645
f 1623 1645 1646
f 1703 1704 1681
f 1704 1682 1681
f 1736 1744 1713
f 1713 1706 1736
f 1706 1735 1736
f 1739 1771 1736
f 1736 1771 1744
f 1606 1605 1621
f 1606 1593 1605
f 1594 1593 1607
f 1607 1608 1594
f 1607 1606 1621
f 1593 1606 1607
f 1604 1593 1603
f 1605 1593 1604
f 1603 1619 1604
f 1604 1619 1605
f 1603 1593 1592
f 1592 1593 1582
f 1592 1582 1591
f 1592 1601 1603
f 1591 1602 1592
f 1602 1601 1592
f 1726 1754 1755
f 1723 2692 1699
f 2692 2741 1699
f 1699 2741 1724
f 1667 1668 1636
f 1636 1666 1667
f 1671 1669 1702
f 1676 1675 1672
f 1601 1600 1618
f 1603 1601 1618
f 1618 1619 1603
f 1618 1639 1640
f 1640 1619 1618
f 1616 1635 1636
f 1634 1635 1616
f 1615 1634 1616
f 1599 1615 1616
f 1664 1666 1636
f 1636 1635 1664
f 1635 1663 1664
f 1696 1661 2691
f 2617 1661 2651
f 2651 1615 2617
f 2651 1634 1615
f 2849 2852 2850
f 2850 2797 2849
f 1724 2738 2799
f 2738 2798 2799
f 2799 1753 1724
f 2799 2798 1753
f 2852 1753 1799
f 1753 2798 1799
f 1799 2850 2852
f 2691 2692 2739
f 2692 1663 2739
f 2740 2692 1723
f 2740 1663 2692
f 2650 2649 2688
f 2688 2737 2690
f 2735 2737 2688
f 2734 2737 2735
f 1918 1917 1890
f 1918 1882 1917
f 1845 1887 1888
f 1887 1882 1888
f 1882 1918 1888
f 1890 1850 1888
f 1888 1918 1890
f 1876 1914 1915
f 1915 1877 1876
f 1895 1912 1896
f 1895 1914 1912
f 1895 1915 1914
f 1895 1896 1854
f 1877 1915 1895
f 1895 1916 1877
f 1854 1893 1895
f 1895 1893 1916
f 1874 1873 1897
f 1897 1912 1874
f 1896 1912 1897
f 1854 1896 1897
f 1818 1856 1855
f 1855 1811 1854
f 1856 1811 1855
f 1780 1744 1779
f 1779 1819 1780
f 1859 1819 1858
f 1812 1856 1818
f 1812 1811 1856
f 1812 1817 1807
f 1818 1817 1812
f 1807 1769 1812
f 1769 1811 1812
f 2605 2584 2604
f 2603 2601 2604
f 2604 2583 2603
f 2604 2584 2583
f 2606 2605 2585
f 2585 2584 2606
f 2606 2584 2605
f 3071 3072 3012
f 3071 3070 3072
f 3011 2963 3008
f 2963 2962 3008
f 2963 2931 2930
f 2930 2962 2963
f 2930 2929 2959
f 2913 2929 2930
f 2930 2931 2913
f 3144 3147 3073
f 3146 3147 3144
f 3073 3072 3144
f 3144 3072 3146
f 3644 3086 2978
f 3096 3038 3041
f 3041 3114 3096
f 3041 2988 3042
f 3042 3113 3041
f 3113 3114 3041
f 2948 2988 2989
f 2989 2986 2948
f 3038 2986 2989
f 2989 3041 3038
f 2988 3041 2989
f 2946 2984 2944
f 2946 2986 2984
f 2946 2944 2925
f 2925 2948 2946
f 2948 2986 2946
f 2982 3032 3033
f 3033 3034 2982
f 3100 3034 3033
f 3099 3100 3033
f 3033 3032 3099
f 3103 3034 3102
f 3101 3103 3102
f 3102 3034 3101
f 3391 3378 3379
f 3379 3435 3391
f 3441 3392 3391
f 3310 3378 3391
f 3391 3392 3310
f 3472 3464 3453
f 3453 3452 3472
f 3076 3154 3155
f 3155 3107 3076
f 3193 3107 3155
f 3195 3108 3196
f 3196 3197 3195
f 3196 3108 3194
f 3198 3197 3284
f 3110 3197 3198
f 3284 3199 3198
f 3198 3199 3110
f 3376 3370 3432
f 3370 3374 3432
f 3432 3374 3373
f 3373 3433 3432
f 3433 3434 3432
f 3377 3376 3432
f 3432 3434 3377
f 3288 3200 3287
f 3200 3199 3287
f 3287 3370 3288
f 3284 3370 3287
f 3287 3199 3284
f 3111 3040 3110
f 3110 3199 3111
f 3112 3040 3111
f 3111 3199 3112
f 3175 3263 3264
f 3265 3177 3264
f 3264 3356 3265
f 3264 3357 3356
f 3462 3473 3463
f 3398 3444 3445
f 3445 3463 3464
f 3462 3463 3445
f 3445 3443 3462
f 3444 3443 3445
f 3464 3472 3471
f 3471 3452 3470
f 3471 3472 3452
f 2780 3390 3309
f 2780 2783 2781
f 3309 2783 2780
f 2781 2723 2780
f 2780 2723 3390
f 3364 3270 3309
f 3364 3390 3430
f 3309 3390 3364
f 3187 3276 3277
f 3277 3188 3187
f 3277 3189 3188
f 3277 3276 3278
f 3277 3278 3192
f 3192 3189 3277
f 2591 2590 2612
f 2612 2613 2591
f 2612 2590 2588
f 2588 2609 2612
f 2623 2613 2612
f 2612 2609 2623
f 2587 2609 2588
f 2587 2589 2610
f 2587 2570 2589
f 2588 2570 2587
f 2610 2639 2642
f 2642 2643 2610
f 2642 2639 2681
f 2681 2643 2642
f 2646 2624 2640
f 2640 2624 2623
f 2623 2609 2640
f 2890 2893 2871
f 2871 2870 2890
f 2890 2886 2893
f 2870 2886 2890
f 2729 2683 2728
f 2730 2683 2729
f 2729 2731 2730
f 2728 2786 2729
f 2786 2731 2729
f 2786 2832 2787
f 2787 2731 2786
f 2732 2731 2787
f 2787 2788 2732
f 2787 2832 2788
f 2721 2679 2678
f 2721 2724 2681
f 2678 2724 2721
f 2675 2679 2721
f 2681 2674 2721
f 2721 2674 2675
f 2725 2723 2782
f 2724 2723 2725
f 2681 2724 2725
f 2725 2726 2681
f 2725 2782 2726
f 2536 2535 2544
f 2535 2545 2544
f 2546 2561 2547
f 2546 2547 2536
f 2546 2545 2543
f 2543 2561 2546
f 2536 2544 2546
f 2546 2544 2545
f 2822 2770 3380
f 3380 3292 2822
f 2822 2771 2770
f 2822 3292 2771
f 2784 2785 2728
f 2728 2783 2784
f 2831 2785 2784
f 2820 2783 2828
f 2828 3381 2820
f 3213 3212 3308
f 3308 3309 3213
f 3212 3307 3308
f 3308 3307 3381
f 3204 3203 3295
f 3295 3203 3294
f 3295 3296 3204
f 3295 3307 3296
f 3294 3307 3295
f 3293 3203 3202
f 3294 3203 3293
f 3202 3292 3293
f 3380 3294 3293
f 3293 3292 3380
f 3118 3119 3047
f 3047 3046 3118
f 3116 3046 3115
f 3115 2824 3116
f 3201 3292 3202
f 3201 3291 3292
f 3202 3119 3201
f 2470 2475 2493
f 2492 2508 2511
f 2492 2475 2470
f 2470 2466 2492
f 2488 2508 2492
f 2492 2466 2488
f 2404 2403 2405
f 2405 2360 2404
f 2488 2489 2509
f 2509 2505 2488
f 2510 2489 2504
f 2504 2517 2510
f 2510 2517 2505
f 2510 2509 2489
f 2505 2509 2510
f 2511 2508 2516
f 2508 2499 2516
f 2516 2515 2511
f 2516 2499 2515
f 2506 2500 2507
f 2506 2517 2500
f 2505 2517 2506
f 2506 2507 2488
f 2488 2505 2506
f 2306 2357 2358
f 2306 2303 2357
f 2358 2307 2306
f 2306 2307 2241
f 1218 2445 1137
f 1137 1217 1218
f 2502 1311 1394
f 1394 1398 2502
f 1398 2484 2502
f 2485 2484 1397
f 1397 2484 1398
f 1397 1314 2485
f 1397 1398 1314
f 988 989 2172
f 2172 963 988
f 988 963 989
f 2175 2174 2240
f 2241 2176 2240
f 2240 2176 2175
f 2172 989 2171
f 2171 2238 2172
f 2171 989 1023
f 1023 2238 2171
f 258 2291 234
f 234 233 258
f 215 233 234
f 2292 215 234
f 234 2291 2292
f 2236 191 2235
f 2237 2236 2235
f 187 191 160
f 160 156 187
f 187 156 186
f 2521 2523 2522
f 2504 2520 2521
f 2521 2522 2504
f 1314 1220 1312
f 1312 1220 1313
f 1312 1313 2518
f 2518 2522 1312
f 2522 2523 1312
f 991 992 965
f 965 964 991
f 990 992 991
f 991 2396 990
f 991 964 2396
f 950 949 2352
f 2352 964 950
f 2352 949 2298
f 2396 964 2352
f 2298 2354 2352
f 2354 2396 2352
f 965 992 993
f 992 1025 993
f 1025 1027 993
f 993 994 965
f 1024 992 2354
f 2354 2399 1024
f 2443 992 1024
f 1024 2442 2443
f 1024 2399 2442
f 1130 1212 1213
f 1130 1131 1071
f 1126 1205 1206
f 1206 1205 1295
f 1069 1127 1071
f 1068 1127 1069
f 1071 1070 1069
f 1071 1131 1132
f 1320 1321 1229
f 1229 1308 1320
f 1308 1389 1320
f 1399 1392 1471
f 1389 1392 1399
f 1399 1320 1389
f 1471 1525 1524
f 1467 1466 1524
f 1524 1525 1467
f 1232 1231 1326
f 1326 1327 1232
f 1376 1375 1460
f 1460 1377 1376
f 1376 1283 1375
f 1376 1377 1283
f 1286 1285 1379
f 1381 1378 1382
f 1461 1462 1382
f 1382 1462 1463
f 1284 1378 1379
f 1377 1378 1284
f 1379 1285 1284
f 1284 1285 1195
f 1283 1377 1284
f 980 1015 979
f 983 984 958
f 958 982 983
f 983 982 984
f 981 982 958
f 958 979 981
f 981 979 1015
f 981 1015 1016
f 1016 982 981
f 1116 1062 1115
f 1115 1062 1061
f 1115 1192 1116
f 1199 1200 1121
f 984 982 1017
f 1017 982 1016
f 1064 1017 1016
f 1065 1017 1064
f 1509 1549 1539
f 1539 1557 1555
f 1555 1537 1539
f 1437 1438 1360
f 1439 1438 1437
f 1360 1359 1437
f 1498 1499 1435
f 1434 1496 1435
f 1435 1359 1434
f 1375 1457 1458
f 1458 1457 1461
f 1455 1375 1456
f 1456 1374 1455
f 1375 1374 1456
f 1453 1374 1373
f 1454 1374 1453
f 1373 1452 1453
f 1453 1452 1454
f 1110 1056 1109
f 1192 1115 1114
f 1110 1060 1057
f 1060 1014 1057
f 1057 1056 1110
f 1110 1187 1188
f 1188 1187 1279
f 1373 1283 1281
f 1510 1448 1509
f 1509 1450 1510
f 1510 1450 1448
f 1507 1506 1547
f 1550 1549 1509
f 1550 1507 1549
f 1564 1566 1565
f 1370 1279 1278
f 1279 1187 1278
f 956 1585 1597
f 1597 1585 1595
f 3582 3617 3583
f 3583 3550 3582
f 3550 3581 3582
f 3654 3691 3681
f 3682 3691 3717
f 3682 3648 3681
f 3681 3691 3682
f 3610 3579 3615
f 3718 3682 3717
f 3692 3711 3726
f 3726 3691 3692
f 3717 3691 3726
f 3726 3711 3740
f 3726 3718 3717
f 3740 3718 3726
f 3065 3005 3004
f 3065 3141 3143
f 3142 3141 3065
f 3004 3062 3063
f 3063 3141 3142
f 3138 3141 3063
f 3063 3061 3138
f 3062 3061 3063
f 3235 3143 3234
f 3143 3141 3234
f 3234 3229 3235
f 3234 3141 3229
f 3138 3229 3230
f 3230 3141 3138
f 3229 3141 3230
f 3508 3490 3489
f 3489 3507 3508
f 3508 3507 3529
f 3509 3490 3508
f 3508 3529 3509
f 4145 4123 4144
f 4123 4143 4144
f 4144 4143 4149
f 3531 3562 3563
f 3563 3532 3531
f 3531 3532 3509
f 2242 2311 2243
f 2243 2177 2242
f 2245 2244 2243
f 2243 2244 2177
f 2363 2364 2310
f 2364 2311 2310
f 2310 2309 2363
f 2242 2309 2310
f 2310 2311 2242
f 2318 2372 2328
f 2455 2456 2407
f 2407 2454 2455
f 2488 2466 2455
f 2455 2466 2456
f 2455 2454 2486
f 2455 2489 2488
f 2486 2489 2455
f 2461 2412 2418
f 2411 2412 2461
f 2410 2361 2409
f 2409 2412 2410
f 2383 2382 2428
f 2428 2429 2470
f 2381 2429 2428
f 2428 2382 2381
f 2490 2459 2458
f 2458 2457 2490
f 2465 2466 2422
f 2422 2466 2429
f 622 2103 630
f 2103 631 630
f 630 631 625
f 625 623 630
f 630 623 622
f 2136 2103 2135
f 2136 631 2103
f 642 631 641
f 645 633 644
f 667 689 669
f 668 667 669
f 645 667 668
f 626 634 627
f 626 633 634
f 626 619 625
f 627 619 626
f 382 379 365
f 405 379 382
f 382 411 405
f 360 361 347
f 347 359 360
f 360 359 361
f 377 359 379
f 363 364 347
f 376 364 363
f 347 358 363
f 363 358 376
f 373 396 389
f 398 376 399
f 376 400 399
f 381 376 398
f 365 376 381
f 381 382 365
f 4099 4100 4064
f 4064 4098 4099
f 4100 341 4064
f 4064 341 348
f 4063 4098 4064
f 348 4016 4064
f 4064 4016 4063
f 4127 4098 4121
f 4056 4057 4006
f 4056 4090 4093
f 3477 4128 3475
f 4128 4146 3475
f 4141 4128 4127
f 4141 4146 4128
f 4127 4121 4141
f 4129 4128 334
f 334 335 4129
f 4099 4128 4129
f 4129 335 4099
f 346 341 340
f 341 335 340
f 339 346 340
f 334 339 340
f 340 335 334
f 356 343 355
f 355 354 357
f 357 356 355
f 376 358 357
f 634 342 635
f 635 342 636
f 627 634 635
f 635 636 627
f 629 342 621
f 636 342 629
f 627 636 629
f 621 628 629
f 629 628 627
f 369 370 353
f 353 354 343
f 353 372 354
f 352 368 369
f 369 353 352
f 343 351 352
f 352 353 343
f 343 342 350
f 350 351 343
f 653 351 350
f 620 619 624
f 333 619 620
f 620 624 337
f 337 333 620
f 2232 2233 2170
f 2151 2208 2209
f 2208 2263 2209
f 2231 2263 2232
f 2222 2233 2223
f 2262 2281 2223
f 2223 2232 2262
f 2223 2233 2232
f 2065 2040 2064
f 2064 2040 2039
f 2039 2061 2064
f 2037 2061 2039
f 1996 1976 1995
f 1965 1950 1964
f 2019 1998 2018
f 2161 2220 2162
f 2220 2163 2162
f 258 2289 2344
f 2344 2291 258
f 2346 2291 2344
f 2344 2341 2346
f 2228 2227 2220
f 2326 2380 2376
f 2110 2140 2141
f 2141 2142 2110
f 2141 2140 2188
f 2057 2078 2087
f 2078 2113 2087
f 2084 2085 2057
f 2212 2257 2197
f 2151 2157 2207
f 2207 2208 2151
f 3421 3420 3419
f 3412 3340 3421
f 3340 3420 3421
f 3653 3412 3421
f 3340 3341 3245
f 3246 3158 3245
f 3245 3341 3246
f 3712 3245 3158
f 3419 3710 3690
f 3653 3421 3690
f 3690 3421 3419
f 3706 3674 3707
f 3638 3639 3597
f 3597 3639 3601
f 3601 3566 3597
f 3160 3246 3248
f 3248 3242 3160
f 3160 3156 3089
f 3160 3242 3156
f 3513 3509 3534
f 3534 3536 3513
f 3568 3537 3567
f 3568 3538 3537
f 3539 3538 3568
f 3568 3569 3539
f 2901 2905 2897
f 2901 2912 2905
f 2901 2907 2912
f 3020 3082 3021
f 3029 3085 3021
f 3021 3084 3029
f 3081 3084 3021
f 3021 3019 3081
f 3082 3019 3021
f 2919 2936 2937
f 2936 2975 2937
f 2959 2929 2937
f 2929 2919 2937
f 2937 2977 2959
f 2937 2975 2976
f 2976 2977 2937
f 2974 2975 2936
f 3023 2975 2974
f 2938 3514 3540
f 3540 3514 3539
f 3493 3511 3513
f 3493 3494 3480
f 3513 3494 3493
f 3480 3488 3493
f 3477 3490 3491
f 3490 3511 3491
f 3511 3493 3491
f 3001 3060 3002
f 3001 2954 3000
f 3001 3002 2954
f 3000 2996 3001
f 2996 3060 3001
f 3250 3346 3251
f 3251 3163 3250
f 3342 3344 3250
f 3161 3249 3250
f 3250 3163 3161
f 3249 3343 3250
f 3250 3343 3342
f 3413 3414 3333
f 3333 3332 3413
f 3351 3414 3413
f 3413 3332 3351
f 3470 3452 3451
f 3452 3415 3451
f 3451 3415 3450
f 3350 3406 3410
f 3350 3325 3409
f 3410 3325 3350
f 3409 3351 3350
f 3351 3253 3350
f 3338 3343 3249
f 3249 3242 3338
f 3338 3337 3343
f 3242 3337 3338
f 3025 3024 2978
f 3328 3233 3329
f 3233 3232 3329
f 3329 3231 3328
f 3329 3232 3231
f 3130 3056 3058
f 3056 2993 3058
f 3135 3130 3058
f 3058 3134 3135
f 3133 3134 3058
f 3058 3057 3133
f 3058 2993 3057
f 3222 3315 3316
f 3316 3317 3222
f 3316 3315 3399
f 3226 3225 3320
f 3225 3319 3320
f 3403 3325 3323
f 3226 3320 3323
f 3323 3317 3403
f 3311 3312 3216
f 3311 3393 3312
f 3310 3393 3311
f 3311 3214 3310
f 3311 3216 3215
f 3215 73 3311
f 73 3214 3311
f 3440 3393 3441
f 3442 3393 3440
f 3435 3442 3440
f 3441 3391 3440
f 3440 3391 3435
f 3128 3054 3053
f 3216 3217 3128
f 3053 73 3128
f 73 3216 3128
f 3218 3216 3313
f 3218 3217 3216
f 3132 3217 3218
f 2701 2754 2756
f 2756 2754 2753
f 2763 2762 2761
f 2811 2763 2761
f 2761 2758 2811
f 2838 2875 2876
f 2838 2876 2840
f 2892 2872 2871
f 2892 2873 2872
f 2889 2870 2888
f 2889 2886 2870
f 2889 2888 2887
f 2887 2886 2889
f 2871 2875 2891
f 2891 2875 2894
f 2891 2892 2871
f 2894 2892 2891
f 460 493 494
f 494 476 508
f 508 507 494
f 453 482 454
f 454 421 453
f 453 421 452
f 480 450 473
f 479 450 480
f 483 479 506
f 483 450 479
f 506 484 483
f 484 450 483
f 387 372 371
f 371 370 369
f 372 353 371
f 371 353 370
f 455 421 454
f 456 421 455
f 432 456 455
f 460 432 455
f 455 454 460
f 432 411 422
f 422 421 432
f 395 421 422
f 443 419 418
f 473 450 443
f 450 419 443
f 449 419 451
f 452 421 449
f 449 453 452
f 451 482 449
f 482 453 449
f 420 421 395
f 395 419 420
f 420 449 421
f 419 449 420
f 2083 2092 2059
f 2059 2055 2083
f 2010 2009 2008
f 2008 2007 2027
f 2008 2009 1990
f 2028 2027 2053
f 2053 2054 2028
f 2028 2008 2027
f 2029 2008 2028
f 2028 2031 2029
f 2028 2054 2031
f 1991 2010 1992
f 2032 2056 2057
f 2031 2054 2032
f 2032 2054 2056
f 1972 1971 1990
f 1990 1991 1972
f 1991 1992 1972
f 1973 1958 1972
f 1972 1992 1973
f 1934 1945 1946
f 1944 1945 1934
f 1943 1955 1944
f 1944 1934 1933
f 1933 1943 1944
f 1969 1954 1968
f 1955 1954 1969
f 1969 1970 1955
f 1985 1970 1969
f 2109 2108 2110
f 2110 2072 2109
f 2109 2072 2108
f 2108 2072 2107
f 2049 2048 2074
f 2074 2075 2049
f 2139 2140 2110
f 2110 2138 2139
f 2139 2138 2140
f 2137 2108 2105
f 2137 2138 2108
f 899 896 857
f 857 896 900
f 857 902 858
f 901 902 857
f 857 900 901
f 857 810 856
f 858 810 857
f 904 905 862
f 863 815 862
f 862 906 863
f 905 906 862
f 520 904 862
f 862 815 520
f 735 712 734
f 734 765 735
f 735 765 495
f 733 732 760
f 733 734 711
f 711 710 733
f 710 732 733
f 694 714 695
f 695 674 694
f 652 351 653
f 652 352 351
f 692 693 669
f 710 693 692
f 692 709 710
f 651 673 674
f 352 652 651
f 669 693 672
f 672 693 673
f 673 651 672
f 686 685 705
f 516 859 858
f 858 902 516
f 308 611 612
f 611 595 612
f 320 308 612
f 506 476 491
f 460 484 491
f 491 484 506
f 481 476 506
f 505 476 475
f 475 501 502
f 475 504 505
f 502 503 475
f 475 503 504
f 500 475 474
f 518 503 517
f 517 538 518
f 517 537 538
f 517 516 902
f 808 807 759
f 808 849 853
f 808 853 809
f 809 807 808
f 760 807 761
f 761 733 760
f 762 733 761
f 809 762 761
f 761 807 809
f 801 849 803
f 803 804 806
f 803 806 758
f 758 756 803
f 851 847 801
f 851 896 899
f 853 849 848
f 848 849 801
f 801 847 848
f 897 851 899
f 847 851 897
f 897 857 856
f 899 857 897
f 892 845 843
f 895 845 892
f 843 842 892
f 894 896 846
f 846 845 894
f 900 896 894
f 894 845 893
f 893 905 894
f 894 905 900
f 567 591 568
f 568 541 567
f 567 541 540
f 543 541 568
f 542 541 543
f 545 569 546
f 544 543 545
f 568 569 545
f 545 543 568
f 523 522 542
f 542 543 523
f 523 543 544
f 505 522 523
f 523 507 505
f 571 593 595
f 571 595 596
f 596 594 571
f 569 591 592
f 275 276 251
f 276 277 251
f 252 230 251
f 251 278 252
f 251 277 278
f 251 230 250
f 251 249 275
f 251 250 249
f 3787 3792 3805
f 3778 3766 3777
f 3777 3766 3772
f 3937 377 403
f 3937 3904 3939
f 426 3937 403
f 3940 3937 426
f 409 379 3941
f 3938 3904 3936
f 3939 3904 3938
f 3936 3904 3902
f 3903 3870 3902
f 3876 3904 3905
f 3905 3937 3940
f 3904 3937 3905
f 3905 409 3941
f 3940 409 3905
f 4017 4016 348
f 3855 3854 460
f 3871 3870 3903
f 3941 379 408
f 379 407 408
f 427 428 405
f 427 457 428
f 427 405 429
f 429 457 427
f 428 457 458
f 458 457 463
f 458 463 462
f 3783 3800 3801
f 3801 3784 3783
f 3783 3799 3800
f 3783 3784 3771
f 3785 3784 460
f 3780 3771 3785
f 3771 3784 3785
f 3837 3836 3813
f 3840 3821 3845
f 3817 3839 3819
f 3801 3800 3822
f 3822 3840 3845
f 3800 3821 3822
f 3821 3840 3822
f 3802 3784 3801
f 3814 3836 3817
f 3817 3799 3814
f 3814 3799 3796
f 3796 3813 3814
f 3814 3813 3836
f 3865 3841 3864
f 3864 3887 3865
f 4125 4097 4115
f 4137 4125 4115
f 4095 4115 4096
f 4096 4115 4097
f 4123 4097 4126
f 4126 4097 4125
f 4126 4125 4137
f 1464 1520 1521
f 1463 1520 1464
f 1530 1478 1529
f 1529 1528 1530
f 1478 1528 1529
f 1289 1381 1290
f 1381 1382 1290
f 1337 1241 1336
f 1337 1242 1241
f 1336 1410 1337
f 1410 1412 1337
f 1405 1342 1330
f 1330 1342 1331
f 1151 1242 1238
f 1238 1152 1151
f 1242 1330 1238
f 1238 1239 1149
f 1149 1152 1238
f 1238 1330 1331
f 1482 1475 1477
f 1476 1527 1477
f 1477 1527 1482
f 1470 1469 1467
f 1467 1526 1470
f 1470 1526 1471
f 1471 1392 1470
f 1468 1469 1391
f 1391 1390 1468
f 1391 1470 1392
f 1469 1470 1391
f 1391 1392 1305
f 1305 1390 1391
f 1303 1387 1388
f 1303 1212 1302
f 1302 1387 1303
f 1386 1387 1293
f 1386 1293 1292
f 1467 1468 1386
f 1385 1467 1386
f 1386 1292 1385
f 1386 1468 1388
f 1388 1387 1386
f 969 998 973
f 974 169 973
f 169 969 973
f 973 1005 974
f 973 998 1005
f 1042 1094 1092
f 1092 1043 1042
f 1093 1094 1042
f 1234 1148 1147
f 1236 1148 1234
f 1147 1233 1234
f 1234 1233 1236
f 1085 1148 1150
f 1150 1236 1151
f 1151 1085 1150
f 1088 1148 1085
f 1084 1148 1088
f 1343 1344 1247
f 1247 1342 1343
f 1343 1342 1344
f 1239 1248 1237
f 1149 1239 1237
f 1237 1153 1149
f 1160 1153 1237
f 1237 1248 1160
f 1086 1153 1154
f 1154 1090 1086
f 1154 1153 1160
f 1087 1086 1040
f 1086 1090 1040
f 1040 1041 1087
f 1040 1005 1041
f 1040 1006 1005
f 1042 1006 1040
f 1156 1089 1157
f 1157 1089 1155
f 1155 1164 1157
f 1489 1488 1487
f 1355 1356 1260
f 1260 1354 1355
f 1414 1356 1355
f 1355 1354 1414
f 1427 1356 1426
f 1427 1357 1356
f 1358 1357 1427
f 1421 1419 1414
f 1414 1413 1421
f 1426 1419 1420
f 1351 1350 1253
f 1253 1346 1351
f 1432 1433 1359
f 1359 1431 1432
f 1359 1358 1428
f 1428 1431 1359
f 1358 1430 1428
f 1430 1431 1428
f 1494 1430 1493
f 1494 1431 1430
f 1494 1432 1431
f 1493 1433 1494
f 1433 1432 1494
f 1103 1175 1176
f 1176 1177 1103
f 1103 1102 1174
f 1174 1175 1103
f 1174 1102 1173
f 1173 1175 1174
f 1101 1045 1100
f 1102 1045 1101
f 1173 1102 1101
f 1100 1172 1101
f 1101 1172 1173
f 1814 1831 1787
f 1787 1747 1746
f 1789 1748 1787
f 1787 1748 1747
f 1829 1570 1866
f 1866 1831 1829
f 1267 1266 1362
f 1362 1363 1267
f 1363 1364 1267
f 1267 1180 1266
f 1270 1182 1267
f 1267 1182 1180
f 1542 1559 1560
f 1556 1559 1542
f 1542 1541 1556
f 1504 1786 1826
f 1541 1542 1504
f 1441 1440 1502
f 1541 1504 1502
f 1502 1440 1501
f 1501 1541 1502
f 1442 1364 1441
f 1441 1502 1443
f 1443 1442 1441
f 1826 1786 1825
f 1825 1443 1826
f 1366 1443 1825
f 1792 1791 1790
f 1790 1834 1792
f 1792 1793 1751
f 1751 1791 1792
f 1792 1834 1835
f 1107 1053 1051
f 1108 1053 1107
f 1051 1106 1107
f 1180 1182 1107
f 1107 1106 1180
f 1181 1269 1268
f 1181 1182 1269
f 1108 1107 1181
f 1181 1107 1182
f 1268 1867 1183
f 1183 1867 1108
f 1183 1181 1268
f 1108 1181 1183
f 1446 1507 1447
f 1506 1507 1446
f 946 945 2300
f 2300 945 2299
f 2298 946 2300
f 2300 2299 2298
f 164 163 138
f 197 952 196
f 196 213 197
f 197 213 952
f 1031 1084 1036
f 2340 2339 2347
f 2340 2293 2346
f 2347 2293 2340
f 2346 2341 2340
f 2287 2339 2340
f 2340 2341 2287
f 2347 2339 2391
f 2391 2348 2347
f 2262 2265 2324
f 2324 2281 2262
f 2324 2265 2264
f 2264 2279 2324
f 2335 2281 2324
f 2283 2290 2284
f 2224 2223 2225
f 2225 2283 2284
f 767 811 812
f 812 811 815
f 815 861 812
f 812 768 767
f 813 768 812
f 812 861 813
f 540 562 566
f 566 567 540
f 539 815 860
f 860 563 539
f 540 563 564
f 266 240 265
f 266 241 240
f 266 292 295
f 265 292 266
f 295 293 266
f 293 294 266
f 266 294 286
f 286 260 266
f 260 241 266
f 290 292 291
f 291 292 264
f 291 263 290
f 291 264 263
f 1929 1930 1923
f 1929 920 879
f 879 1930 1929
f 1932 919 939
f 1932 1930 919
f 1931 1930 1932
f 1932 939 1942
f 1942 1933 1932
f 1933 1924 1932
f 1932 1924 1931
f 940 1921 920
f 1923 1921 940
f 920 1929 940
f 940 1929 1923
f 908 868 907
f 868 867 907
f 907 934 908
f 907 867 895
f 931 936 932
f 930 936 931
f 931 886 930
f 928 936 929
f 910 936 928
f 929 885 928
f 928 927 910
f 885 927 928
f 908 934 909
f 909 868 908
f 909 910 868
f 932 936 935
f 935 934 932
f 935 936 910
f 910 909 935
f 935 909 934
f 799 756 798
f 799 842 843
f 843 844 799
f 799 844 800
f 800 756 799
f 731 732 710
f 885 886 839
f 884 885 839
f 925 926 884
f 944 926 925
f 780 831 832
f 1974 1958 1973
f 1974 1959 1958
f 1973 1994 1974
f 1974 1994 1976
f 1934 1946 1947
f 1958 1959 1947
f 1947 1946 1958
f 1938 1927 1940
f 1940 1937 1938
f 1927 1937 1940
f 1938 1937 1939
f 1939 1926 1938
f 1939 293 1926
f 921 1982 1981
f 1942 926 1952
f 1952 926 944
f 1952 1943 1942
f 1943 1952 1953
f 1953 1954 1943
f 1953 1966 1954
f 942 921 941
f 941 921 1981
f 1981 1966 941
f 3573 3544 3572
f 3574 3544 3573
f 3758 3766 3767
f 3767 3768 3758
f 3760 3766 3758
f 579 274 602
f 182 183 154
f 182 154 153
f 153 181 182
f 208 183 182
f 211 183 210
f 228 229 210
f 210 229 211
f 210 227 228
f 226 208 207
f 207 206 226
f 181 206 207
f 207 182 181
f 208 182 207
f 209 183 208
f 209 208 226
f 226 227 209
f 209 210 183
f 227 210 209
f 2298 2237 2297
f 2237 2296 2297
f 2354 2353 2397
f 2439 2398 2397
f 2398 2354 2397
f 2397 2438 2439
f 2480 2479 2476
f 2471 2435 2476
f 2478 2471 2476
f 2476 2479 2478
f 2432 2471 2472
f 2432 2435 2471
f 2472 2436 2432
f 2389 2392 2432
f 2392 2435 2432
f 2512 2492 2511
f 2495 2499 2497
f 969 968 995
f 1032 998 995
f 995 998 969
f 970 1000 1001
f 1035 1032 1001
f 1001 1034 1035
f 1001 1000 1034
f 999 972 1004
f 1033 999 1004
f 1083 1027 1082
f 1082 1084 1083
f 966 950 965
f 965 971 966
f 966 971 967
f 951 967 953
f 951 161 950
f 950 966 951
f 951 966 967
f 3427 3358 3426
f 3266 3267 3180
f 3265 3267 3266
f 3180 3177 3266
f 3266 3177 3265
f 3359 3267 3265
f 3360 3267 3359
f 3265 3358 3359
f 3358 3427 3359
f 3359 3427 3426
f 3173 3172 3200
f 3200 3174 3173
f 3101 3172 3173
f 3173 3174 3101
f 3288 3263 3262
f 3263 3174 3262
f 3288 3377 3355
f 3377 3357 3355
f 3357 3264 3355
f 3355 3263 3288
f 3355 3264 3263
f 3389 3438 3388
f 3387 3429 3389
f 3389 3429 3439
f 3439 3438 3389
f 3389 3305 3387
f 3388 3305 3389
f 3209 3208 3303
f 3303 3305 3209
f 3180 3267 3268
f 3268 3269 3180
f 3363 3269 3268
f 3268 3267 3360
f 3360 3361 3268
f 3366 3361 3300
f 3300 3273 3366
f 3185 3183 3182
f 3182 3269 3185
f 3101 3181 3182
f 3182 3183 3101
f 3182 3181 3180
f 3180 3269 3182
f 3272 3273 3185
f 3185 3269 3272
f 3272 3269 3363
f 3485 3501 3007
f 3007 3501 3006
f 3007 3502 3485
f 3006 3502 3007
f 3734 3696 3733
f 3733 3742 3734
f 3734 3742 3741
f 3994 3992 4040
f 4040 3992 4041
f 3959 3923 3958
f 3959 3960 3923
f 4039 4080 4081
f 3735 3697 3734
f 3734 3750 3735
f 3735 3698 3697
f 3707 3671 3704
f 3704 3706 3707
f 3705 3706 3667
f 3706 3704 3667
f 3626 3667 3627
f 3589 3627 3590
f 3589 3625 3626
f 3626 3627 3589
f 4030 3983 4028
f 4027 4028 3982
f 4026 4069 4070
f 4131 4103 4102
f 3517 3544 3545
f 4068 4069 4024
f 4069 4025 4024
f 4025 3980 4024
f 3977 3976 4022
f 4022 3978 3977
f 4020 4067 4068
f 4020 4019 4065
f 4020 3976 4019
f 4065 4066 4020
f 4066 4067 4020
f 3961 3924 3960
f 3961 3926 3925
f 3925 3924 3961
f 3997 3962 3961
f 3961 3927 3926
f 3863 3841 3861
f 3863 3864 3841
f 3887 3864 3863
f 3888 3889 3865
f 3865 3887 3888
f 3923 3889 3888
f 3888 3922 3923
f 4006 4052 4004
f 4061 4057 4063
f 4061 4052 4057
f 4052 4061 4013
f 3969 3939 3936
f 3936 3968 3969
f 3865 3889 3890
f 3890 3891 3865
f 3889 3891 3890
f 3926 3927 3892
f 3865 3891 3892
f 3892 3891 3926
f 3892 3893 3865
f 3892 3927 3893
f 3967 4005 4006
f 3967 4002 3999
f 4006 4004 3967
f 3999 3962 3998
f 3998 3967 3999
f 4007 3967 3998
f 3998 3962 3997
f 3997 3961 3996
f 4095 4096 4060
f 4060 4096 4097
f 4053 4060 4088
f 3833 3858 3859
f 3859 3834 3833
f 3859 3860 3834
f 3880 3881 3859
f 3881 3860 3859
f 3910 3880 3879
f 3879 3857 3878
f 3879 3858 3857
f 3880 3859 3879
f 3879 3859 3858
f 3878 3909 3879
f 3879 3909 3910
f 3808 3807 3831
f 3831 3832 3808
f 3831 3807 3830
f 3830 3857 3831
f 3857 3832 3831
f 3809 3791 3808
f 3809 3833 3810
f 3809 3808 3833
f 3810 3792 3809
f 3792 3791 3809
f 3910 3909 3946
f 3909 3945 3946
f 3911 3910 3946
f 3946 3947 3911
f 3946 3975 3947
f 2736 2734 2686
f 2686 2734 2735
f 2735 2688 2686
f 2686 2688 2649
f 2686 2733 2736
f 2846 2795 2845
f 2845 2844 2846
f 2795 2844 2845
f 2843 2795 2842
f 2843 2844 2795
f 2842 2880 2843
f 2843 2880 2846
f 2846 2844 2843
f 2846 2797 2847
f 2841 2795 2846
f 2841 2796 2795
f 2846 2847 2841
f 2841 2847 2796
f 2794 2795 2736
f 2794 2837 2795
f 2716 2776 2718
f 2716 2684 2732
f 2718 2673 2716
f 2669 2684 2716
f 2716 2673 2669
f 2669 2673 2630
f 2630 2629 2669
f 2602 2629 2630
f 2630 2631 2602
f 2718 2776 2779
f 2779 2733 2718
f 2627 2601 2626
f 2628 2601 2627
f 2627 2626 2602
f 2602 2628 2627
f 3044 3115 73
f 73 3043 3044
f 3044 3043 3115
f 1814 1813 1816
f 1741 1744 1772
f 1785 1786 1744
f 1862 1269 1905
f 1905 1271 1862
f 1788 1561 1546
f 1788 1748 1789
f 1695 1659 1694
f 1694 1659 1693
f 1678 1686 1660
f 1660 1656 1633
f 1765 1766 1731
f 1731 1761 1765
f 1765 1761 1766
f 1730 1761 1731
f 1729 1761 1730
f 1730 1731 1702
f 1702 1729 1730
f 1763 1770 1734
f 1770 1738 1734
f 1734 1733 1763
f 1703 1733 1734
f 1651 1650 1646
f 1625 1650 1651
f 1645 1623 1649
f 1649 1686 1678
f 1678 1645 1649
f 1647 1681 1682
f 1605 1623 1624
f 1624 1607 1621
f 1624 1623 1646
f 1624 1646 1625
f 1625 1607 1624
f 1703 1681 1674
f 1702 1703 1674
f 1674 1671 1702
f 1672 1675 1680
f 1681 1647 1680
f 1675 1674 1680
f 1680 1674 1681
f 1702 1669 1701
f 1754 1726 1725
f 1724 1753 1725
f 1725 1753 1754
f 1756 1726 1755
f 1755 1803 1756
f 1756 1803 1804
f 1766 1761 1760
f 1760 1767 1766
f 1760 1805 1767
f 1804 1805 1760
f 1760 1756 1804
f 1700 1699 1724
f 1668 1699 1700
f 1724 1725 1700
f 1669 1668 1700
f 1700 1701 1669
f 1726 1701 1700
f 1700 1725 1726
f 1640 1671 1641
f 1675 1676 1641
f 1641 1674 1675
f 1671 1674 1641
f 1641 1619 1640
f 1641 1676 1672
f 1672 1673 1641
f 1639 1618 1638
f 1640 1639 1638
f 1638 1671 1640
f 1662 1635 1634
f 1662 1663 1635
f 1661 1696 1662
f 1662 1696 2691
f 1634 2651 1662
f 1662 2651 1661
f 2691 2739 1662
f 1662 2739 1663
f 2851 1799 2798
f 2850 1799 2851
f 2851 2798 2797
f 2797 2850 2851
f 1697 1664 1663
f 1663 2740 1697
f 1697 2740 1723
f 2689 2690 2650
f 2650 2688 2689
f 2689 2688 2690
f 2736 2796 2792
f 2792 2734 2736
f 1850 1885 1889
f 1889 1888 1850
f 1889 1885 1845
f 1845 1888 1889
f 1782 1783 1744
f 1857 1819 1818
f 1818 1855 1857
f 1855 1899 1857
f 1857 1858 1819
f 1899 1858 1857
f 1894 1855 1854
f 1854 1897 1894
f 1873 1902 1894
f 1894 1897 1873
f 1901 1902 1859
f 1859 1858 1901
f 2625 2601 2605
f 2605 2604 2625
f 2625 2604 2601
f 2959 2977 2960
f 2960 2930 2959
f 3070 3071 3068
f 3010 3070 3068
f 3068 3012 3011
f 3068 3071 3012
f 3011 3008 3068
f 3068 3008 3010
f 3010 3008 2961
f 2961 3008 2962
f 2961 2960 2977
f 2962 2930 2961
f 2930 2960 2961
f 2961 2977 2976
f 3009 3010 2961
f 2961 2976 3009
f 3605 3569 3604
f 3604 3568 3567
f 3569 3568 3604
f 3643 3642 3086
f 3086 3644 3643
f 3643 3644 3605
f 3606 3644 2978
f 3605 3644 3606
f 2978 3607 3606
f 3606 3569 3605
f 3606 3607 3569
f 3461 3434 3433
f 3434 3461 3456
f 3456 3461 3473
f 3458 3459 3424
f 3458 3460 3459
f 3462 3460 3458
f 3458 3473 3462
f 3241 3155 3154
f 3193 3155 3241
f 3240 3193 3241
f 3150 3240 3241
f 3241 3154 3150
f 3194 3193 3279
f 3279 3280 3194
f 3279 3193 3240
f 3240 3280 3279
f 3373 3286 3372
f 3286 3371 3372
f 3368 3372 3371
f 3373 3372 3368
f 3335 3240 3239
f 3335 3239 3334
f 3334 3417 3335
f 3286 3197 3285
f 3175 3264 3176
f 3176 3264 3177
f 3101 3175 3176
f 3176 3177 3101
f 3464 3463 3454
f 3453 3464 3454
f 3454 3417 3453
f 3398 3445 3446
f 3446 3445 3464
f 3464 3465 3446
f 3466 3446 3465
f 3468 3451 3450
f 3365 3364 3430
f 3278 3270 3365
f 3270 3364 3365
f 2609 2587 2611
f 2611 2640 2609
f 2611 2587 2610
f 2610 2641 2611
f 2611 2641 2646
f 2646 2640 2611
f 2830 2818 2831
f 2831 2784 2830
f 3381 2828 2827
f 2827 3308 3381
f 2827 2828 2783
f 2827 2783 3309
f 3309 3308 2827
f 3291 3201 2772
f 2771 3291 2772
f 2772 2824 2773
f 2773 2712 2772
f 2712 2771 2772
f 2496 2475 2474
f 2474 2493 2496
f 2496 2493 2475
f 2448 2405 2403
f 2448 2403 2447
f 2447 2484 2448
f 2485 2486 2448
f 2448 2484 2485
f 2450 2448 2486
f 2405 2448 2450
f 2407 2360 2406
f 2360 2405 2406
f 2303 2306 2305
f 2305 2306 2241
f 2241 2240 2305
f 2483 1217 1311
f 2483 1218 1217
f 2483 2484 2445
f 2445 1218 2483
f 1311 2502 1395
f 1395 2502 2484
f 1395 2483 1311
f 2484 2483 1395
f 2172 2238 2239
f 2238 2240 2239
f 2239 2240 2174
f 2173 2172 2239
f 2239 2174 2173
f 216 2235 191
f 191 187 216
f 215 2234 216
f 2234 2235 216
f 186 215 216
f 216 187 186
f 2295 2296 2237
f 2237 2235 2295
f 2295 2235 2234
f 2395 2397 2353
f 2234 2293 2294
f 2294 2295 2234
f 2294 2293 2347
f 2347 2348 2294
f 1396 2521 2520
f 2523 2521 1396
f 1396 2503 1314
f 2520 2503 1396
f 1314 1312 1396
f 1396 1312 2523
f 1208 1130 1213
f 1209 1130 1208
f 1213 1215 1208
f 1208 1215 1209
f 1210 1130 1209
f 1071 1128 1129
f 1129 1130 1071
f 1129 1128 1126
f 1294 1299 1298
f 1299 1206 1298
f 1295 1294 1298
f 1298 1206 1295
f 1068 1069 1018
f 1018 1067 1068
f 1018 1069 1070
f 1018 1017 1067
f 1018 1070 1019
f 1019 985 1018
f 1018 985 984
f 984 1017 1018
f 1074 1073 1072
f 1072 1073 1019
f 1019 1071 1072
f 1071 1132 1072
f 1074 1072 1133
f 1133 1072 1132
f 1136 1215 1216
f 1136 1135 1215
f 1216 1137 1136
f 1075 1135 1136
f 1137 1075 1136
f 1209 1215 1301
f 1215 1214 1301
f 1301 1210 1209
f 1214 1210 1301
f 1215 1135 1134
f 1134 1214 1215
f 1131 1214 1134
f 1134 1135 1074
f 1074 1133 1134
f 1134 1132 1131
f 1134 1133 1132
f 1474 1399 1473
f 1327 1326 1404
f 1404 1474 1408
f 1404 1408 1334
f 1334 1327 1404
f 1288 1381 1289
f 1459 1378 1375
f 1459 1382 1378
f 1375 1458 1459
f 1461 1382 1459
f 1459 1458 1461
f 957 979 958
f 958 1579 957
f 1579 956 957
f 956 978 957
f 957 978 980
f 980 979 957
f 1067 1017 1066
f 1066 1017 1065
f 1196 1285 1197
f 1197 1121 1196
f 1201 1121 1200
f 1121 1201 1202
f 1202 1296 1203
f 1200 1296 1202
f 1202 1201 1200
f 1065 1064 1063
f 1063 1062 1116
f 1016 1062 1063
f 1063 1064 1016
f 1120 1121 1065
f 1196 1121 1120
f 1120 1118 1196
f 1552 1539 1536
f 1536 1512 1552
f 1511 1450 1509
f 1509 1539 1511
f 1512 1450 1511
f 1436 1435 1499
f 1436 1437 1359
f 1359 1435 1436
f 1497 1435 1496
f 1497 1496 1536
f 1536 1539 1497
f 1497 1539 1537
f 1497 1537 1538
f 1497 1538 1498
f 1498 1435 1497
f 1612 1595 1611
f 1612 1109 1056
f 1013 1055 1056
f 1056 1057 1013
f 1059 1014 1013
f 1014 978 1013
f 1595 1612 1013
f 1185 1187 1110
f 1110 1109 1185
f 1185 1274 1187
f 1191 1114 1113
f 1113 1114 1060
f 1111 1115 1061
f 1111 1114 1115
f 1061 1060 1111
f 1060 1114 1111
f 1058 1014 1059
f 1058 1057 1014
f 1059 1013 1058
f 1058 1013 1057
f 1110 1188 1189
f 1189 1188 1275
f 1189 1186 1110
f 1275 1186 1189
f 1280 1188 1279
f 1275 1188 1280
f 1280 1279 1372
f 1280 1281 1275
f 1280 1372 1373
f 1373 1281 1280
f 1191 1275 1193
f 1193 1114 1191
f 1192 1114 1193
f 1116 1192 1193
f 1548 1507 1547
f 1549 1507 1548
f 1547 1564 1548
f 1564 1565 1548
f 1508 1509 1447
f 1508 1550 1509
f 1447 1507 1508
f 1507 1550 1508
f 1558 1539 1549
f 1549 1548 1558
f 1558 1548 1565
f 1557 1539 1558
f 1277 1278 1187
f 1187 1274 1277
f 1277 1274 1273
f 3618 3581 3617
f 3617 3582 3618
f 3620 3654 3615
f 3583 3617 3620
f 3620 3615 3583
f 3620 3617 3653
f 3681 3648 3647
f 3648 3610 3647
f 3647 3610 3615
f 3615 3654 3647
f 3647 3654 3681
f 3549 3541 3523
f 3549 3523 3548
f 3548 3579 3549
f 3596 3597 3563
f 3595 3596 3563
f 3590 3627 3629
f 3719 3718 3740
f 3740 3741 3719
f 3719 3741 3742
f 3648 3682 3683
f 3682 3718 3683
f 3683 3719 3716
f 3718 3719 3683
f 3143 3524 3066
f 3066 3065 3143
f 3066 3524 3005
f 3005 3065 3066
f 3004 3063 3064
f 3064 3063 3142
f 3064 3065 3004
f 3142 3065 3064
f 3512 4138 4145
f 3512 3507 4138
f 4145 3529 3512
f 3529 3507 3512
f 3492 3507 3489
f 4138 3507 3492
f 4149 3564 4150
f 4145 4144 4150
f 4150 4144 4149
f 3565 4149 3598
f 3565 3564 4149
f 4149 4143 4148
f 3598 4149 4148
f 3587 3621 3588
f 3598 3621 3600
f 3586 3565 3600
f 3600 3587 3586
f 3621 3587 3600
f 3598 4148 4135
f 4137 4136 4135
f 4135 4148 4137
f 4084 4111 4112
f 3562 3531 3561
f 3560 3589 3590
f 3588 3589 3560
f 3560 3587 3588
f 3560 3529 3559
f 3559 3586 3560
f 3586 3587 3560
f 3556 3529 3560
f 3592 3561 3560
f 2312 2243 2311
f 2245 2243 2312
f 2318 2328 2319
f 2418 2375 2416
f 2416 2375 2372
f 2416 2461 2418
f 2416 2415 2411
f 2411 2461 2416
f 2363 2411 2413
f 2411 2415 2413
f 2413 2364 2363
f 2370 2413 2415
f 2370 2414 2364
f 2364 2413 2370
f 2362 2412 2411
f 2362 2410 2412
f 2362 2411 2363
f 2363 2309 2362
f 2361 2410 2362
f 2359 2361 2362
f 2362 2309 2359
f 2463 2417 2462
f 2462 2469 2463
f 2434 2469 2474
f 2463 2469 2434
f 2474 2475 2434
f 2491 2457 2456
f 2456 2490 2491
f 2491 2490 2457
f 2467 2456 2465
f 2467 2490 2456
f 2459 2490 2467
f 2186 2253 2252
f 2187 2138 2186
f 640 641 631
f 708 709 687
f 634 633 646
f 646 647 634
f 646 633 645
f 645 668 646
f 646 668 669
f 669 647 646
f 401 377 379
f 379 409 401
f 359 377 378
f 378 362 361
f 361 359 378
f 397 389 398
f 410 381 398
f 411 381 410
f 410 422 411
f 410 396 395
f 410 424 396
f 411 382 412
f 412 381 411
f 382 381 412
f 4092 4098 4063
f 4092 4121 4098
f 4092 4122 4119
f 4057 4056 4092
f 4118 4122 4092
f 4006 4005 4054
f 4054 4056 4006
f 4005 4053 4054
f 4090 4056 4054
f 4054 4053 4088
f 3477 3475 3478
f 3478 3489 3477
f 3478 3492 3489
f 4139 4138 3478
f 3478 3475 4146
f 4138 3492 3478
f 4146 4141 4140
f 4139 3478 4140
f 4140 3478 4146
f 4119 4139 4140
f 345 358 346
f 345 344 343
f 343 356 345
f 345 357 358
f 356 357 345
f 345 346 339
f 339 344 345
f 374 354 373
f 374 357 354
f 373 389 374
f 638 350 342
f 653 350 638
f 638 652 653
f 638 651 652
f 2230 2233 2222
f 2230 2170 2233
f 2230 2222 2229
f 2062 2040 2066
f 2040 2065 2066
f 2020 2019 2043
f 2043 2019 2018
f 2038 2040 2062
f 2060 2034 2059
f 2093 2092 2064
f 2064 2061 2093
f 2061 2060 2093
f 2059 2092 2093
f 2093 2060 2059
f 1993 1994 1973
f 1973 1992 1993
f 1993 1992 2010
f 1995 1994 2014
f 1994 2013 2014
f 2015 2039 2040
f 2037 2039 2015
f 2015 2016 1995
f 1995 2014 2015
f 2015 2014 2037
f 2040 2038 2015
f 2015 2038 2016
f 2064 2092 2097
f 2097 2065 2064
f 1976 1996 1977
f 1978 1964 1977
f 1997 1996 1995
f 1979 1964 1978
f 1978 1997 1979
f 1979 1997 1998
f 1979 1980 1965
f 1965 1964 1979
f 259 1980 2000
f 2000 2020 259
f 2000 2019 2020
f 2288 2289 2227
f 2227 2287 2288
f 2287 2341 2288
f 2288 2344 2289
f 2341 2344 2288
f 2345 2388 2392
f 2345 2392 2389
f 2392 2388 2431
f 2431 2434 2392
f 2418 2412 2460
f 2460 2412 2409
f 2409 2426 2460
f 2427 2426 2459
f 2427 2380 2426
f 2427 2467 2465
f 2459 2467 2427
f 2379 2375 2418
f 2418 2380 2379
f 2380 2326 2379
f 2110 2142 2143
f 2143 2144 2110
f 2145 2146 2110
f 2110 2144 2145
f 2195 2250 2254
f 2254 2250 2315
f 2318 2319 2254
f 2147 2120 2119
f 2119 2113 2147
f 2119 2087 2113
f 2057 2089 2090
f 2089 2120 2121
f 2121 2117 2089
f 2151 2117 2121
f 2121 2157 2151
f 2151 2154 2153
f 2154 2117 2153
f 2089 2117 2091
f 2091 2090 2089
f 2091 2084 2057
f 2057 2090 2091
f 2257 2201 2200
f 2200 2197 2257
f 2200 2199 2197
f 2200 2201 2146
f 2146 2199 2200
f 3714 3420 3339
f 3339 3420 3340
f 3340 3245 3339
f 3157 3158 3713
f 3157 3712 3158
f 3677 3710 3714
f 3712 3157 3677
f 3639 3676 3677
f 3677 3157 3713
f 3714 3339 3677
f 3674 3706 3675
f 3675 3711 3692
f 3675 3706 3711
f 3653 3690 3675
f 3675 3690 3710
f 3710 3677 3675
f 3675 3677 3676
f 3639 3674 3675
f 3675 3676 3639
f 3711 3706 3739
f 3740 3711 3739
f 3739 3741 3740
f 3739 3750 3734
f 3734 3741 3739
f 3672 3671 3709
f 3709 3671 3673
f 3639 3638 3673
f 3673 3674 3639
f 3673 3672 3709
f 3638 3672 3673
f 3567 3566 3602
f 3566 3601 3602
f 3247 3243 3246
f 3246 3160 3247
f 3247 3160 3243
f 3158 3243 3159
f 3243 3160 3159
f 3088 3158 3159
f 3159 3089 3088
f 3159 3160 3089
f 3533 3534 3509
f 3536 3534 3533
f 3509 3532 3533
f 3532 3536 3533
f 2896 2901 2897
f 2907 2901 3481
f 3480 3494 3481
f 3494 2907 3481
f 3481 2896 3480
f 2901 2896 3481
f 3020 3021 2973
f 3023 2974 2973
f 3024 3025 2973
f 2973 2972 2978
f 2978 3024 2973
f 2973 2936 2972
f 2973 2974 2936
f 2973 3019 3020
f 3027 3019 2973
f 3028 2975 3023
f 3023 3021 3028
f 3028 3021 3085
f 3028 3085 3029
f 3029 2975 3028
f 3539 3569 3570
f 3570 3540 3539
f 2938 3540 3570
f 3569 3607 3570
f 2978 2938 3570
f 3570 3607 2978
f 3487 3488 3477
f 3477 3491 3487
f 3487 3493 3488
f 3487 3491 3493
f 3345 3344 3346
f 3346 3250 3345
f 3345 3250 3344
f 3406 3350 3349
f 3407 3406 3349
f 3349 3253 3252
f 3349 3350 3253
f 3252 3347 3349
f 3347 3407 3349
f 3317 3316 3400
f 3400 3449 3403
f 3403 3317 3400
f 3399 3449 3400
f 3400 3316 3399
f 3223 3317 3318
f 3317 3402 3318
f 3319 3223 3318
f 3318 3402 3319
f 3324 3325 3226
f 3226 3323 3324
f 3324 3323 3325
f 3317 3323 3401
f 3401 3323 3320
f 3401 3402 3317
f 3319 3402 3401
f 3401 3320 3319
f 3129 3217 3132
f 3129 3128 3217
f 3054 3128 3129
f 3129 3132 3057
f 3057 3054 3129
f 3221 3133 3220
f 3220 3315 3221
f 3399 3315 3314
f 3314 3398 3399
f 3315 3220 3314
f 3314 3220 3218
f 3313 3398 3314
f 3314 3218 3313
f 2759 2758 2703
f 2703 2660 2702
f 2702 2759 2703
f 2702 2660 2701
f 2701 2756 2702
f 2758 2759 2702
f 2703 2758 2760
f 2758 2761 2760
f 2704 2661 2703
f 2703 2760 2704
f 2704 2760 2761
f 2704 2761 2762
f 2762 2705 2704
f 2705 2661 2704
f 2840 2837 2793
f 2837 2794 2793
f 2793 2794 2736
f 512 494 514
f 3759 3770 3771
f 3759 3768 3770
f 3759 3758 3768
f 492 494 493
f 476 494 492
f 492 491 476
f 492 493 460
f 460 491 492
f 609 610 581
f 596 610 609
f 609 594 596
f 546 547 524
f 524 545 546
f 544 545 524
f 507 523 524
f 524 523 544
f 572 547 546
f 546 571 572
f 572 571 594
f 384 371 369
f 387 371 384
f 369 368 384
f 384 368 387
f 386 372 387
f 387 368 386
f 438 416 437
f 437 416 414
f 414 416 392
f 392 386 414
f 391 386 392
f 373 391 392
f 393 416 417
f 393 395 394
f 393 392 416
f 393 419 395
f 393 394 373
f 373 392 393
f 393 417 418
f 418 419 393
f 415 389 396
f 396 424 415
f 424 410 415
f 398 389 415
f 415 410 398
f 2092 2083 2082
f 2057 2086 2082
f 2082 2083 2055
f 2030 2008 2029
f 2010 2008 2030
f 2029 2031 2030
f 2031 2010 2030
f 1989 2008 1990
f 2007 2008 1989
f 1990 1971 1989
f 1989 2005 2007
f 2051 2024 2049
f 2027 2007 2026
f 2007 2005 2026
f 2026 2052 2027
f 1971 1972 1957
f 1957 1946 1945
f 1957 1972 1958
f 1958 1946 1957
f 1945 1944 1957
f 1984 1987 1985
f 1984 2001 2004
f 2004 2005 1984
f 2005 1987 1984
f 1981 1982 1967
f 1967 1984 1985
f 1967 1966 1981
f 1967 1969 1968
f 1985 1969 1967
f 1968 1954 1967
f 1954 1966 1967
f 2049 2024 2022
f 2022 2048 2049
f 2022 2024 2004
f 2004 2001 2022
f 2105 2108 2106
f 2108 2107 2106
f 2073 2072 2110
f 864 818 817
f 864 817 863
f 863 906 864
f 893 895 864
f 864 905 893
f 864 906 905
f 895 866 864
f 674 695 433
f 694 712 713
f 712 735 713
f 713 714 694
f 763 762 734
f 734 733 763
f 763 733 762
f 669 689 690
f 368 352 671
f 352 651 671
f 669 672 670
f 670 672 651
f 643 631 642
f 643 644 633
f 705 685 684
f 706 686 703
f 496 765 764
f 506 479 478
f 478 481 506
f 476 481 448
f 448 443 418
f 473 443 448
f 448 480 473
f 479 480 448
f 448 478 479
f 418 445 446
f 417 440 441
f 502 501 499
f 499 503 502
f 500 474 499
f 499 474 498
f 499 475 500
f 501 475 499
f 902 537 536
f 536 517 902
f 537 517 536
f 805 808 759
f 805 759 758
f 758 804 805
f 802 756 801
f 801 803 802
f 802 803 756
f 804 803 852
f 852 803 849
f 852 805 804
f 849 808 852
f 808 805 852
f 846 896 850
f 896 851 850
f 801 846 850
f 850 851 801
f 847 897 898
f 853 848 898
f 898 848 847
f 898 897 856
f 856 855 898
f 898 855 853
f 820 821 770
f 819 821 820
f 770 769 820
f 769 819 820
f 770 821 771
f 772 739 771
f 771 739 770
f 823 824 771
f 771 824 772
f 771 822 823
f 771 821 822
f 819 818 865
f 865 821 819
f 865 864 866
f 818 864 865
f 865 866 822
f 822 821 865
f 557 534 321
f 321 582 557
f 613 582 321
f 613 321 320
f 593 582 613
f 320 612 613
f 569 592 570
f 593 571 570
f 546 569 570
f 570 571 546
f 583 570 592
f 583 582 593
f 593 570 583
f 585 592 591
f 560 559 585
f 3778 3777 3793
f 3793 3777 3787
f 3793 3787 3805
f 3786 3772 3776
f 3786 3787 3772
f 3776 3792 3786
f 3792 3787 3786
f 3772 3787 3788
f 3788 3777 3772
f 3787 3777 3788
f 3971 3937 3939
f 377 3937 3971
f 3940 426 425
f 425 409 3940
f 3936 3939 3970
f 3970 3938 3936
f 3939 3938 3970
f 3876 488 3853
f 488 487 3853
f 3853 487 3854
f 3853 3873 3874
f 3849 3873 3853
f 3875 3902 3904
f 3875 3904 3876
f 3875 3874 3903
f 3903 3902 3875
f 3876 3853 3875
f 3875 3853 3874
f 3845 3821 3844
f 3870 3871 3843
f 3843 3844 3821
f 3871 3844 3843
f 4000 3999 4001
f 430 407 428
f 428 458 430
f 462 3942 430
f 430 458 462
f 3941 408 3906
f 3906 408 3942
f 3906 3905 3941
f 3906 3942 462
f 462 489 3906
f 3906 489 3876
f 3876 3905 3906
f 3782 3783 3771
f 3782 3779 3796
f 3796 3799 3782
f 3799 3783 3782
f 3771 3770 3782
f 3782 3770 3779
f 3815 3813 3796
f 3837 3813 3815
f 3815 3835 3837
f 3796 3812 3815
f 3812 3835 3815
f 3818 3800 3817
f 3817 3819 3818
f 3818 3819 3800
f 3820 3821 3800
f 3800 3819 3820
f 3839 3821 3820
f 3820 3819 3839
f 3868 3897 3898
f 3867 3893 3895
f 3866 3893 3867
f 460 3784 3803
f 3803 3802 460
f 3784 3802 3803
f 3829 3855 460
f 460 3802 3829
f 4095 4060 4059
f 4116 4084 4115
f 4116 4115 4095
f 4114 4136 4137
f 4137 4115 4114
f 4115 4084 4114
f 4142 4143 4123
f 4123 4126 4142
f 4142 4126 4137
f 4137 4148 4142
f 4142 4148 4143
f 1478 1464 1523
f 1521 1528 1523
f 1523 1528 1478
f 1463 1464 1384
f 1385 1291 1384
f 1384 1466 1385
f 1465 1466 1384
f 1478 1407 1409
f 1409 1464 1478
f 1409 1384 1464
f 1334 1408 1409
f 1409 1407 1334
f 1465 1384 1409
f 1291 1290 1383
f 1383 1290 1382
f 1383 1382 1463
f 1463 1384 1383
f 1383 1384 1291
f 1406 1337 1412
f 1406 1477 1475
f 1406 1475 1405
f 1405 1330 1406
f 1406 1412 1476
f 1476 1477 1406
f 1239 1238 1332
f 1332 1238 1331
f 1332 1248 1239
f 1331 1248 1332
f 1304 1303 1388
f 1212 1303 1304
f 1304 1388 1305
f 1305 1212 1304
f 1161 1094 1162
f 1161 1092 1094
f 1162 1164 1161
f 1043 1092 1095
f 1155 166 1095
f 166 1043 1095
f 1095 1164 1155
f 1095 1161 1164
f 1092 1161 1095
f 1159 1094 1091
f 1094 1093 1091
f 1091 1093 1042
f 1091 1154 1160
f 1090 1154 1091
f 1042 1040 1091
f 1091 1040 1090
f 1235 1148 1236
f 1236 1150 1235
f 1235 1150 1148
f 1162 1156 1244
f 1156 1157 1244
f 1244 1164 1162
f 1244 1157 1164
f 1487 1430 1490
f 1490 1489 1487
f 1486 1427 1426
f 1486 1423 1417
f 1358 1427 1429
f 1488 1489 1429
f 1427 1486 1429
f 1489 1490 1429
f 1429 1430 1358
f 1429 1490 1430
f 1349 1421 1413
f 1419 1421 1349
f 1350 1351 1422
f 1426 1420 1422
f 1422 1420 1350
f 1422 1486 1426
f 1422 1351 1423
f 1423 1486 1422
f 1418 1346 1345
f 1418 1351 1346
f 1418 1345 1417
f 1417 1423 1418
f 1423 1351 1418
f 1177 1176 1263
f 1263 1262 1179
f 1179 1177 1263
f 1263 1175 1262
f 1263 1176 1175
f 1789 1787 1832
f 1832 1787 1831
f 1832 1788 1789
f 1561 1788 1832
f 1832 1831 1569
f 1569 1561 1832
f 1773 1787 1746
f 1773 1772 1813
f 1773 1813 1814
f 1814 1787 1773
f 1773 1746 1741
f 1741 1772 1773
f 1786 1570 1828
f 1828 1829 1786
f 1570 1829 1828
f 1786 1829 1830
f 1830 1829 1831
f 1830 1831 1814
f 1814 1816 1830
f 1560 1786 1544
f 1826 1443 1503
f 1503 1443 1502
f 1503 1504 1826
f 1503 1502 1504
f 1442 1443 1365
f 1270 1267 1365
f 1365 1366 1270
f 1365 1443 1366
f 1365 1267 1364
f 1364 1442 1365
f 1911 1910 1919
f 1869 1910 1911
f 1909 1269 1869
f 1269 1910 1869
f 1869 1868 1909
f 1869 1835 1868
f 1368 1446 1369
f 1369 1277 1368
f 1369 1446 1447
f 1370 1278 1369
f 1278 1277 1369
f 1447 1448 1369
f 1369 1448 1370
f 194 213 195
f 195 163 194
f 163 164 194
f 161 951 162
f 162 951 953
f 162 136 135
f 138 136 162
f 162 164 138
f 135 134 162
f 162 134 161
f 1002 1036 1037
f 1031 1036 1002
f 1002 994 1031
f 1002 972 994
f 1084 1088 1039
f 1039 1036 1084
f 1037 1036 1039
f 1039 1038 1037
f 1039 1085 1034
f 1039 1088 1085
f 1039 1034 1033
f 1033 1004 1039
f 1039 1004 1038
f 2390 2391 2339
f 2390 2342 2389
f 2348 2391 2390
f 2286 2287 2227
f 2227 2290 2286
f 2343 2339 2287
f 2287 2342 2343
f 2343 2390 2339
f 2342 2390 2343
f 2334 2279 2333
f 2334 2324 2279
f 2383 2417 2373
f 2335 2324 2373
f 2336 2281 2335
f 2336 2283 2281
f 2224 2225 2166
f 2222 2223 2166
f 2166 2223 2224
f 2227 2228 2166
f 2229 2222 2166
f 2220 2160 2166
f 2166 2228 2220
f 2282 2223 2281
f 2282 2225 2223
f 2281 2283 2282
f 2283 2225 2282
f 588 562 561
f 588 566 562
f 587 566 588
f 588 561 560
f 560 587 588
f 590 587 591
f 590 566 587
f 591 567 590
f 567 566 590
f 563 860 565
f 815 562 565
f 565 860 815
f 565 562 540
f 540 564 565
f 932 934 933
f 934 907 933
f 933 892 932
f 895 892 933
f 933 907 895
f 932 892 891
f 891 931 932
f 891 892 842
f 886 931 890
f 890 891 842
f 931 891 890
f 842 799 841
f 757 756 732
f 732 731 757
f 757 731 756
f 798 756 797
f 777 742 776
f 837 882 883
f 756 731 755
f 831 780 779
f 779 2003 831
f 1950 1949 1961
f 1961 1962 1950
f 1936 1949 1950
f 1950 1937 1936
f 1936 1937 1925
f 1948 1947 1959
f 1948 1961 1949
f 1951 294 293
f 293 1939 1951
f 286 294 1951
f 1951 1937 1950
f 1951 1939 1937
f 1951 260 286
f 1965 260 1951
f 1951 1950 1965
f 942 925 922
f 922 921 942
f 922 925 923
f 942 941 943
f 943 941 1966
f 943 925 942
f 1966 1953 943
f 944 925 943
f 943 1952 944
f 943 1953 1952
f 3773 274 3774
f 3773 602 274
f 3774 3762 3773
f 3762 602 3773
f 2351 2297 2296
f 2351 2295 2350
f 2296 2295 2351
f 2350 2353 2351
f 2351 2353 2298
f 2298 2297 2351
f 2437 2436 2472
f 2472 2438 2437
f 2438 2397 2437
f 2437 2395 2436
f 2397 2395 2437
f 2389 2432 2433
f 2433 2432 2436
f 2480 2476 2477
f 2477 2476 2435
f 2492 2512 2494
f 2513 2512 2511
f 2511 2515 2513
f 2515 2499 2513
f 2499 2495 2513
f 996 968 970
f 970 1001 996
f 1003 1004 972
f 1003 1002 1037
f 972 1002 1003
f 1037 1038 1003
f 1038 1004 1003
f 1084 1030 1029
f 1029 1083 1084
f 1029 1030 994
f 3428 3429 3360
f 3360 3359 3428
f 3426 3429 3428
f 3428 3359 3426
f 3288 3262 3261
f 3261 3262 3174
f 3261 3200 3288
f 3261 3174 3200
f 3302 3208 3301
f 3302 3303 3208
f 3305 3303 3302
f 3302 3301 3387
f 3387 3305 3302
f 3362 3272 3363
f 3363 3268 3362
f 3362 3366 3273
f 3273 3272 3362
f 3362 3268 3361
f 3361 3366 3362
f 3993 3992 3994
f 3993 3959 3992
f 3994 3960 3993
f 3960 3959 3993
f 4037 3988 3991
f 3991 4033 4037
f 3990 4033 3991
f 3958 3990 3991
f 3991 3988 3958
f 3992 3959 3989
f 4039 3992 3989
f 3989 3959 3958
f 3958 3988 3989
f 3695 3727 3696
f 3696 3727 3730
f 3663 3625 3662
f 3662 3698 3663
f 3696 3697 3662
f 3697 3698 3662
f 3662 3695 3696
f 3661 3695 3662
f 3663 3698 3699
f 3736 3735 3705
f 3698 3735 3736
f 3705 3699 3736
f 3736 3699 3698
f 3597 3596 3635
f 3596 3595 3635
f 3666 3667 3626
f 3984 4033 4034
f 4034 4033 3990
f 3985 3984 4034
f 4034 3987 3985
f 4034 3990 3987
f 4032 4033 3984
f 4075 4033 4032
f 4076 4079 4037
f 4037 4033 4076
f 4076 4033 4075
f 4029 4027 3982
f 4072 4027 4029
f 3982 4026 4029
f 4026 4070 4029
f 4029 4070 4072
f 4105 4070 4069
f 4072 4070 4105
f 4105 4069 4103
f 4103 4131 4105
f 3611 3645 3612
f 3572 3609 3611
f 3611 3609 3608
f 3608 3645 3611
f 3611 3573 3572
f 3574 3573 3611
f 3732 3733 3696
f 3742 3733 3732
f 3979 3978 4023
f 3978 4022 4023
f 4021 4020 4068
f 4068 4024 4021
f 4021 4024 3980
f 4021 4023 4022
f 4021 4022 3976
f 3976 4020 4021
f 4021 3980 3979
f 3979 4023 4021
f 3927 3961 3928
f 3928 3961 3962
f 3884 3863 3861
f 3861 3883 3884
f 3884 3917 3885
f 3885 3863 3884
f 3883 3914 3884
f 3884 3913 3915
f 3914 3913 3884
f 3884 3915 3916
f 3916 3917 3884
f 3886 3863 3885
f 3887 3863 3886
f 3886 3888 3887
f 3923 3922 3957
f 3957 3922 3919
f 3957 3956 3923
f 3957 3919 3956
f 3922 3888 3921
f 3921 3886 3885
f 3888 3886 3921
f 4011 3969 3968
f 4009 3968 4003
f 4003 4004 4009
f 4009 4004 4052
f 4052 4013 4009
f 3895 3927 3896
f 3896 3867 3895
f 3927 3928 3896
f 3896 3928 3897
f 3896 3897 3868
f 3868 3867 3896
f 3929 3928 3962
f 3897 3928 3929
f 3929 3898 3897
f 4049 4050 3997
f 3997 3996 4049
f 3995 3996 3961
f 3995 3960 3994
f 3995 3961 3960
f 4047 3996 3995
f 3995 4046 4047
f 4045 4046 3995
f 3995 4044 4045
f 3994 4040 3995
f 3995 4040 4041
f 4043 4044 3995
f 4088 4060 4089
f 4117 4093 4089
f 4089 4097 4117
f 4089 4060 4097
f 4093 4090 4089
f 4090 4054 4089
f 4089 4054 4088
f 4060 4053 4055
f 4055 4053 4005
f 3975 3946 3974
f 3973 4018 3974
f 4018 3975 3974
f 3974 3945 3973
f 3974 3946 3945
f 2687 2649 2647
f 2647 2686 2687
f 2687 2686 2649
f 2685 2686 2647
f 2733 2686 2685
f 2777 2789 2778
f 2778 2716 2777
f 2732 2789 2777
f 2777 2716 2732
f 2631 2630 2666
f 2666 2628 2634
f 2667 2628 2666
f 2774 2716 2778
f 1776 1816 1813
f 1813 1772 1776
f 1776 1772 1744
f 1823 1785 1784
f 1784 1785 1744
f 1744 1783 1784
f 1793 1792 1836
f 1836 1792 1835
f 1824 1785 1823
f 1823 1862 1824
f 1786 1785 1824
f 1824 1825 1786
f 1366 1825 1824
f 1545 1788 1546
f 1748 1788 1545
f 1694 1719 1720
f 1747 1748 1720
f 1746 1747 1720
f 1505 1722 1749
f 1748 1545 1749
f 1749 1546 1505
f 1749 1545 1546
f 1694 1722 1444
f 1444 1695 1694
f 1444 1722 1505
f 1505 1695 1444
f 1445 1446 1368
f 1368 1367 1445
f 1506 1446 1445
f 1445 1367 1659
f 1659 1695 1445
f 1505 1506 1445
f 1445 1695 1505
f 1273 1274 1184
f 1274 1185 1184
f 1631 1659 1655
f 1737 1734 1738
f 1705 1704 1732
f 1732 1707 1705
f 1732 1704 1703
f 1703 1734 1732
f 1679 1646 1678
f 1679 1651 1646
f 1626 1607 1625
f 1625 1651 1626
f 1651 1627 1626
f 1686 1649 1685
f 1685 1684 1713
f 1648 1647 1684
f 1623 1647 1648
f 1684 1685 1648
f 1648 1649 1623
f 1648 1685 1649
f 1683 1706 1684
f 1684 1647 1683
f 1705 1707 1683
f 1683 1682 1705
f 1683 1647 1682
f 1644 1647 1623
f 1621 1605 1620
f 1620 1624 1621
f 1605 1624 1620
f 1672 1680 1677
f 1677 1680 1647
f 1647 1644 1677
f 1712 1738 1739
f 1712 1737 1738
f 1706 1683 1712
f 1712 1735 1706
f 1739 1736 1712
f 1712 1736 1735
f 1728 1760 1761
f 1728 1761 1729
f 1728 1729 1702
f 1702 1701 1728
f 1619 1641 1642
f 1642 1641 1673
f 1642 1673 1672
f 1637 1638 1618
f 1669 1671 1637
f 1671 1638 1637
f 1664 1697 1698
f 1666 1664 1698
f 1723 1699 1698
f 1698 1697 1723
f 1698 1667 1666
f 1698 1699 1668
f 1668 1667 1698
f 2836 2847 2797
f 2796 2847 2836
f 2836 2792 2796
f 2797 2737 2791
f 2791 2836 2797
f 2792 2836 2791
f 2737 2734 2791
f 2734 2792 2791
f 1820 1819 1859
f 1820 1782 1819
f 1783 1782 1820
f 1781 1780 1819
f 1819 1782 1781
f 1744 1780 1781
f 1781 1782 1744
f 1898 1899 1855
f 1855 1894 1898
f 1898 1901 1899
f 1898 1894 1902
f 1902 1901 1898
f 1900 1858 1899
f 1899 1901 1900
f 1900 1901 1858
f 3642 3643 3603
f 3567 3602 3603
f 3603 3643 3605
f 3603 3604 3567
f 3605 3604 3603
f 3422 3356 3377
f 3377 3434 3422
f 3434 3456 3422
f 3194 3280 3281
f 3280 3368 3281
f 3336 3280 3240
f 3240 3335 3336
f 3197 3196 3283
f 3283 3285 3197
f 3283 3196 3194
f 3431 3433 3373
f 3373 3368 3431
f 3447 3448 3398
f 3447 3466 3448
f 3398 3446 3447
f 3446 3466 3447
f 3450 3448 3467
f 3467 3468 3450
f 3448 3466 3467
f 3467 3466 3465
f 3465 3468 3467
f 3474 3468 3465
f 3464 3471 3474
f 3474 3465 3464
f 3469 3471 3470
f 3470 3451 3469
f 3451 3468 3469
f 3469 3474 3471
f 3468 3474 3469
f 3430 2678 2722
f 2722 3365 3430
f 2829 2830 2784
f 2829 2820 2819
f 2819 2818 2829
f 2818 2830 2829
f 2829 2783 2820
f 2829 2784 2783
f 2824 2772 3117
f 3117 2772 3201
f 3117 3201 3119
f 3119 3118 3117
f 3117 3118 3046
f 3046 3116 3117
f 3117 3116 2824
f 2486 2454 2487
f 2487 2450 2486
f 2454 2450 2487
f 2405 2450 2449
f 2407 2406 2449
f 2449 2406 2405
f 2450 2452 2449
f 2304 2240 2238
f 2304 2305 2240
f 2304 2238 2303
f 2303 2305 2304
f 2349 2294 2348
f 2295 2294 2349
f 2350 2295 2349
f 2349 2353 2350
f 2349 2395 2353
f 1131 1130 1211
f 1130 1210 1211
f 1211 1214 1131
f 1211 1210 1214
f 1212 1130 1207
f 1130 1129 1207
f 1300 1212 1207
f 1207 1129 1126
f 1126 1206 1207
f 1207 1299 1300
f 1207 1206 1299
f 1472 1399 1471
f 1472 1473 1399
f 1471 1524 1472
f 1524 1473 1472
f 1479 1473 1524
f 1479 1409 1408
f 1408 1474 1479
f 1474 1473 1479
f 1465 1409 1479
f 1479 1466 1465
f 1479 1524 1466
f 1400 1399 1474
f 1474 1402 1400
f 1400 1402 1323
f 1323 1322 1400
f 1400 1322 1401
f 1401 1321 1400
f 1321 1320 1400
f 1320 1399 1400
f 1323 1402 1325
f 1325 1402 1326
f 1325 1326 1231
f 1325 1231 1324
f 1324 1323 1325
f 1326 1402 1403
f 1403 1404 1326
f 1403 1402 1474
f 1474 1404 1403
f 1379 1381 1380
f 1380 1288 1379
f 1381 1288 1380
f 1287 1286 1379
f 1379 1288 1287
f 1065 1121 1122
f 1122 1066 1065
f 1285 1286 1198
f 1198 1197 1285
f 1286 1287 1198
f 1121 1197 1198
f 1198 1288 1289
f 1198 1287 1288
f 1199 1121 1198
f 1198 1291 1199
f 1289 1290 1198
f 1198 1290 1291
f 1117 1063 1116
f 1118 1063 1117
f 1196 1118 1117
f 1117 1116 1195
f 1195 1196 1117
f 1119 1063 1118
f 1118 1120 1119
f 1065 1063 1119
f 1119 1120 1065
f 1539 1552 1551
f 1551 1511 1539
f 1551 1552 1512
f 1512 1511 1551
f 1500 1436 1499
f 1437 1436 1500
f 1500 1499 1439
f 1439 1437 1500
f 1055 1013 1054
f 1054 1013 1612
f 1056 1055 1054
f 1054 1612 1056
f 977 1597 1595
f 1595 1013 977
f 977 1013 978
f 977 978 956
f 956 1597 977
f 1629 1184 1185
f 1109 1612 1629
f 1631 1655 1629
f 1611 1631 1629
f 1629 1612 1611
f 1276 1186 1275
f 1276 1190 1186
f 1276 1275 1191
f 1191 1190 1276
f 1112 1113 1060
f 1186 1190 1112
f 1191 1113 1112
f 1112 1190 1191
f 1112 1060 1110
f 1110 1186 1112
f 1275 1281 1282
f 1282 1193 1275
f 1281 1193 1282
f 1116 1193 1194
f 1283 1284 1194
f 1194 1281 1283
f 1194 1193 1281
f 1195 1116 1194
f 1194 1284 1195
f 1272 1277 1273
f 1273 1184 1272
f 1659 1367 1272
f 1272 1184 1687
f 1272 1367 1368
f 1368 1277 1272
f 1272 1655 1659
f 1687 1655 1272
f 3619 3582 3581
f 3581 3618 3619
f 3619 3618 3582
f 3655 3620 3653
f 3653 3675 3655
f 3655 3675 3692
f 3579 3610 3571
f 3571 3549 3579
f 3541 3549 3571
f 3571 3572 3541
f 3571 3609 3572
f 3608 3609 3571
f 3571 3610 3608
f 3628 3595 3594
f 3563 3562 3594
f 3594 3595 3563
f 3630 3595 3628
f 3628 3590 3630
f 3590 3629 3630
f 3632 3635 3633
f 3633 3595 3632
f 3595 3630 3632
f 3668 3627 3667
f 3668 3629 3627
f 3668 3630 3629
f 3668 3632 3630
f 3668 3667 3704
f 3669 3635 3668
f 3635 3632 3668
f 3723 3719 3742
f 3742 3732 3723
f 3558 3565 3586
f 3559 3529 3558
f 3558 3586 3559
f 3558 3529 4145
f 3599 3565 3598
f 3598 3600 3599
f 3599 3600 3565
f 3588 3623 3624
f 3624 3589 3588
f 3624 3659 3661
f 3624 3623 3659
f 3625 3589 3624
f 3661 3662 3624
f 3624 3662 3625
f 3640 3621 3598
f 3598 4135 3640
f 3660 4135 4112
f 3623 4135 3660
f 4112 4111 3660
f 4111 4084 3660
f 4042 3995 4041
f 4043 3995 4042
f 3727 4082 4042
f 4041 4039 4042
f 4039 4081 4042
f 4042 4081 4080
f 4080 3727 4042
f 3659 3623 3658
f 3658 4084 3659
f 3623 4084 3658
f 4112 4135 4113
f 4113 4084 4112
f 4113 4135 4136
f 4136 4114 4113
f 4113 4114 4084
f 3593 3561 3592
f 3628 3594 3593
f 3562 3561 3593
f 3593 3594 3562
f 3557 3529 3556
f 3556 3561 3557
f 3530 3531 3509
f 3530 3561 3531
f 3530 3557 3561
f 3509 3529 3530
f 3529 3557 3530
f 3591 3590 3628
f 3591 3560 3590
f 3592 3560 3591
f 3591 3593 3592
f 3585 3561 3556
f 3556 3560 3585
f 3585 3560 3561
f 2245 2312 2313
f 2366 2312 2311
f 2364 2414 2366
f 2212 2268 2213
f 2213 2268 2269
f 2216 2277 2218
f 2214 2213 2269
f 2214 2276 2270
f 2270 2276 2325
f 2325 2326 2270
f 2372 2375 2329
f 2329 2328 2372
f 2329 2276 2328
f 2328 2276 2275
f 2276 2214 2275
f 2269 2268 2272
f 2272 2214 2269
f 2273 2214 2272
f 2195 2254 2255
f 2255 2254 2319
f 2371 2416 2372
f 2415 2416 2371
f 2371 2370 2415
f 2371 2372 2318
f 2468 2493 2474
f 2474 2469 2468
f 2470 2493 2468
f 2468 2428 2470
f 2468 2469 2428
f 2430 2462 2417
f 2383 2428 2430
f 2430 2417 2383
f 2428 2469 2430
f 2469 2462 2430
f 2464 2417 2463
f 2463 2434 2464
f 2464 2431 2417
f 2434 2431 2464
f 2378 2423 2422
f 631 2136 639
f 639 640 631
f 2184 640 639
f 689 667 688
f 667 687 688
f 688 687 709
f 709 692 688
f 688 690 689
f 692 690 688
f 666 667 645
f 666 687 667
f 645 665 666
f 685 686 666
f 686 687 666
f 403 377 402
f 377 401 402
f 402 426 403
f 402 425 426
f 402 401 409
f 409 425 402
f 380 378 377
f 362 378 380
f 395 422 423
f 423 410 395
f 422 410 423
f 4120 4092 4119
f 4121 4092 4120
f 4120 4141 4121
f 4119 4140 4120
f 4120 4140 4141
f 4063 4057 4094
f 4094 4092 4063
f 4057 4092 4094
f 4117 4118 4091
f 4118 4092 4091
f 4091 4092 4056
f 4091 4093 4117
f 4091 4056 4093
f 389 397 375
f 375 374 389
f 375 399 400
f 375 400 376
f 398 399 375
f 375 397 398
f 376 357 375
f 357 374 375
f 2170 2230 2168
f 2168 2230 2229
f 2229 2166 2168
f 2017 2043 2018
f 1995 2016 2017
f 2017 1997 1995
f 2018 1998 2017
f 1998 1997 2017
f 2063 2038 2062
f 2062 2095 2063
f 2096 2067 2063
f 2063 2095 2096
f 2034 2060 2036
f 2037 2014 2036
f 2036 2061 2037
f 2036 2060 2061
f 2034 2013 2012
f 2012 2013 1994
f 1994 1993 2012
f 2011 1993 2010
f 2011 2010 2031
f 2031 2032 2011
f 2011 2012 1993
f 2035 2013 2034
f 2035 2014 2013
f 2034 2036 2035
f 2035 2036 2014
f 2094 2122 2095
f 2094 2095 2062
f 2062 2066 2094
f 2065 2097 2098
f 2098 2066 2065
f 2123 2160 2161
f 2123 2122 2160
f 2161 2162 2123
f 2124 2095 2123
f 2095 2122 2123
f 2123 2163 2124
f 2123 2162 2163
f 1998 2019 1999
f 1999 1979 1998
f 1980 1979 1999
f 1999 2000 1980
f 2019 2000 1999
f 2388 2345 2337
f 2283 2336 2337
f 2290 2283 2337
f 2337 2345 2290
f 2385 2431 2388
f 2335 2373 2385
f 2417 2431 2385
f 2385 2373 2417
f 2425 2380 2418
f 2418 2460 2425
f 2426 2380 2425
f 2425 2460 2426
f 2465 2422 2424
f 2375 2379 2374
f 2374 2379 2326
f 2374 2325 2375
f 2326 2325 2374
f 2142 2144 2192
f 2192 2143 2142
f 2144 2143 2192
f 2198 2197 2146
f 2146 2145 2198
f 2198 2145 2197
f 2187 2186 2251
f 2251 2186 2252
f 2057 2087 2088
f 2087 2119 2088
f 2088 2089 2057
f 2088 2120 2089
f 2088 2119 2120
f 2156 2121 2120
f 2216 2157 2156
f 2157 2121 2156
f 2212 2213 2156
f 2213 2214 2156
f 2152 2117 2151
f 2151 2153 2152
f 2152 2153 2117
f 2085 2084 2116
f 2084 2091 2116
f 2116 2117 2085
f 2116 2091 2117
f 2212 2211 2266
f 2260 2201 2257
f 2260 2211 2201
f 2260 2266 2211
f 2260 2257 2212
f 2212 2266 2260
f 2212 2197 2259
f 2146 2197 2203
f 2203 2199 2146
f 2197 2199 2203
f 3245 3712 3244
f 3712 3677 3244
f 3244 3339 3245
f 3244 3677 3339
f 3641 3602 3601
f 3641 3601 3639
f 3639 3677 3641
f 3642 3603 3641
f 3641 3603 3602
f 3750 3739 3737
f 3705 3735 3737
f 3737 3735 3750
f 3738 3706 3705
f 3738 3739 3706
f 3705 3737 3738
f 3738 3737 3739
f 3670 3704 3671
f 3670 3635 3669
f 3669 3668 3670
f 3670 3668 3704
f 3674 3673 3708
f 3708 3673 3671
f 3707 3674 3708
f 3708 3671 3707
f 2897 3479 2895
f 2895 2896 2897
f 2895 3479 3480
f 3480 2896 2895
f 3022 3021 3023
f 3023 2973 3022
f 3022 2973 3021
f 3027 2973 3026
f 3026 2973 3025
f 2978 3027 3026
f 3026 3025 2978
f 3132 3218 3219
f 3218 3220 3219
f 3133 3132 3219
f 3219 3220 3133
f 2758 2702 2757
f 2757 2702 2756
f 2753 2758 2757
f 2757 2756 2753
f 2839 2838 2840
f 2840 2793 2839
f 2839 2793 2838
f 2838 2793 2835
f 3804 3785 510
f 3780 3785 3797
f 3797 3785 3804
f 494 512 511
f 3755 604 603
f 603 3762 3755
f 603 602 3762
f 579 602 603
f 603 604 579
f 3758 3759 3753
f 580 581 300
f 300 299 580
f 299 579 580
f 531 512 530
f 530 512 514
f 608 609 581
f 581 580 608
f 514 494 513
f 513 532 514
f 513 494 507
f 525 524 547
f 547 532 525
f 507 524 525
f 525 513 507
f 532 513 525
f 390 386 391
f 390 391 373
f 2057 2082 2058
f 2058 2032 2057
f 2055 2032 2058
f 2149 2205 2206
f 2204 2205 2149
f 1988 1989 1971
f 1971 1987 1988
f 2049 2075 2076
f 2076 2051 2049
f 2110 2112 2076
f 2076 2075 2110
f 2076 2112 2077
f 2077 2051 2076
f 2052 2026 2050
f 2077 2052 2050
f 2050 2051 2077
f 2024 2051 2050
f 2025 2026 2005
f 2004 2024 2025
f 2025 2005 2004
f 2024 2050 2025
f 2025 2050 2026
f 1986 1987 1971
f 1985 1987 1986
f 1971 1970 1986
f 1986 1970 1985
f 1956 1957 1944
f 1956 1944 1955
f 1955 1970 1956
f 1956 1970 1971
f 1971 1957 1956
f 1982 921 1983
f 1983 1967 1982
f 1983 2003 2001
f 2001 1984 1983
f 1984 1967 1983
f 2047 2074 2048
f 2072 2073 2047
f 2047 2073 2074
f 2070 2106 2107
f 2105 2106 2070
f 2075 2074 2111
f 2074 2073 2111
f 2110 2075 2111
f 2111 2073 2110
f 655 2186 2138
f 2138 675 655
f 2184 2253 655
f 2253 2186 655
f 464 695 714
f 464 433 695
f 736 713 735
f 730 731 710
f 710 709 730
f 709 728 730
f 691 692 669
f 669 690 691
f 691 690 692
f 633 626 632
f 632 643 633
f 632 626 625
f 625 631 632
f 631 643 632
f 644 643 662
f 662 643 661
f 645 644 662
f 662 663 645
f 724 725 706
f 706 703 724
f 724 703 702
f 723 748 724
f 724 702 723
f 707 686 706
f 706 725 707
f 708 687 707
f 707 687 686
f 704 686 705
f 704 703 686
f 661 643 660
f 660 643 642
f 438 437 465
f 764 810 467
f 498 468 467
f 467 496 764
f 467 468 438
f 447 475 476
f 476 448 447
f 447 448 418
f 418 446 447
f 447 474 475
f 447 446 474
f 481 478 477
f 477 448 481
f 478 448 477
f 438 468 469
f 469 468 440
f 469 470 438
f 440 470 469
f 440 468 471
f 439 440 417
f 439 470 440
f 417 416 439
f 439 416 438
f 438 470 439
f 472 446 445
f 474 446 472
f 498 474 472
f 472 468 498
f 472 471 468
f 472 441 440
f 440 471 472
f 444 445 418
f 418 441 444
f 444 472 445
f 441 472 444
f 418 417 442
f 442 441 418
f 417 441 442
f 497 517 503
f 503 499 497
f 497 499 498
f 498 467 497
f 497 467 810
f 810 859 497
f 859 516 497
f 516 517 497
f 558 557 582
f 582 583 558
f 558 559 534
f 534 557 558
f 591 587 586
f 586 585 591
f 586 587 560
f 560 585 586
f 584 583 592
f 592 585 584
f 584 558 583
f 584 585 559
f 559 558 584
f 3794 3795 3778
f 3778 3793 3794
f 3794 3793 3805
f 3805 3811 3794
f 3794 3811 3795
f 3972 3971 3939
f 4012 3971 3972
f 4016 4017 3972
f 3972 4017 348
f 3939 3969 3972
f 3969 4011 3972
f 3972 4011 4013
f 3850 3849 3852
f 3849 3853 3852
f 3845 3844 3872
f 3872 3873 3849
f 3872 3871 3903
f 3872 3844 3871
f 3903 3874 3872
f 3874 3873 3872
f 3868 3843 3842
f 3866 3867 3842
f 3842 3867 3868
f 3842 3843 3821
f 3821 3841 3842
f 3842 3865 3866
f 3842 3841 3865
f 407 430 431
f 431 430 3942
f 431 408 407
f 3942 408 431
f 3869 3843 3868
f 3868 3898 3869
f 3870 3843 3869
f 3826 3825 3822
f 3802 3825 3826
f 3826 3849 3850
f 3850 3851 3826
f 3823 3802 3801
f 3801 3822 3823
f 3855 3829 3828
f 3828 3829 3802
f 3854 3855 3828
f 3828 3853 3854
f 3828 3852 3853
f 3828 3851 3850
f 3850 3852 3828
f 4007 3998 4051
f 4051 3998 3997
f 3997 4050 4051
f 4050 4059 4051
f 4087 4059 4050
f 4095 4059 4087
f 4087 4116 4095
f 1522 1464 1521
f 1521 1523 1522
f 1522 1523 1464
f 1242 1337 1338
f 1337 1406 1338
f 1338 1330 1242
f 1338 1406 1330
f 1160 1159 1158
f 1158 1091 1160
f 1159 1091 1158
f 1488 1429 1485
f 1485 1429 1486
f 1487 1488 1485
f 1417 1487 1485
f 1485 1486 1417
f 1347 1413 1339
f 1347 1349 1413
f 1347 1250 1249
f 1339 1250 1347
f 1249 1163 1252
f 1252 1347 1249
f 1349 1347 1252
f 1163 1253 1252
f 1253 1350 1252
f 1348 1420 1419
f 1419 1349 1348
f 1350 1420 1348
f 1348 1252 1350
f 1349 1252 1348
f 1786 1830 1815
f 1815 1830 1816
f 1815 1776 1786
f 1816 1776 1815
f 1543 1504 1542
f 1543 1544 1504
f 1543 1542 1560
f 1560 1544 1543
f 1786 1504 1827
f 1827 1544 1786
f 1504 1544 1827
f 193 162 953
f 164 162 193
f 2338 2286 2290
f 2290 2345 2338
f 2338 2342 2287
f 2287 2286 2338
f 2389 2342 2338
f 2338 2345 2389
f 2335 2385 2386
f 2386 2385 2388
f 2284 2227 2285
f 2285 2225 2284
f 2125 2166 2167
f 2167 2166 2160
f 589 564 563
f 563 565 589
f 589 565 564
f 886 890 889
f 889 841 886
f 889 890 842
f 842 841 889
f 839 797 838
f 883 882 838
f 838 882 839
f 838 837 883
f 886 841 840
f 840 839 886
f 840 797 839
f 798 797 840
f 840 799 798
f 840 841 799
f 839 882 887
f 781 780 832
f 747 748 723
f 747 785 748
f 748 785 786
f 784 785 746
f 746 777 784
f 746 747 723
f 785 747 746
f 723 742 746
f 742 777 746
f 882 837 834
f 795 837 796
f 756 795 796
f 796 797 756
f 796 838 797
f 837 838 796
f 756 755 794
f 754 755 731
f 1963 1964 1950
f 1950 1962 1963
f 1963 1977 1964
f 1976 1977 1963
f 1963 1962 1976
f 1975 1961 1974
f 1962 1961 1975
f 1975 1974 1976
f 1976 1962 1975
f 1960 1948 1959
f 1961 1948 1960
f 1959 1974 1960
f 1974 1961 1960
f 1935 1948 1949
f 1935 1936 1925
f 1949 1936 1935
f 1935 1925 1934
f 1934 1947 1935
f 1947 1948 1935
f 921 922 880
f 880 922 923
f 832 831 880
f 880 1983 921
f 2393 2390 2389
f 2389 2433 2393
f 2348 2390 2393
f 2393 2349 2348
f 2480 2477 2481
f 2481 2477 2495
f 2481 2495 2497
f 2481 2497 2482
f 2482 2443 2481
f 2443 2480 2481
f 2473 2477 2435
f 2495 2477 2473
f 2473 2494 2495
f 2473 2434 2475
f 2475 2492 2473
f 2492 2494 2473
f 997 996 1001
f 1032 995 997
f 997 1001 1032
f 997 995 968
f 968 996 997
f 1027 1083 1028
f 1083 1029 1028
f 1028 1029 994
f 994 993 1028
f 1028 993 1027
f 4036 4080 4039
f 4039 3989 4036
f 4036 3989 3988
f 3705 3667 3703
f 3703 3699 3705
f 3634 3595 3633
f 3633 3635 3634
f 3634 3635 3595
f 3626 3663 3664
f 3983 4030 4031
f 3984 3983 4031
f 4031 4032 3984
f 4031 4030 4075
f 4075 4032 4031
f 4072 4105 4106
f 3608 3610 3646
f 3646 3645 3608
f 3646 3679 3645
f 3646 3610 3648
f 3612 3645 3650
f 3645 3679 3650
f 3745 3725 3724
f 4075 4030 4074
f 3920 3921 3885
f 3922 3921 3920
f 3885 3919 3920
f 3919 3922 3920
f 4013 4011 4010
f 4010 4009 4013
f 4010 4011 3968
f 3968 4009 4010
f 3963 3962 3999
f 3963 3929 3962
f 3999 4000 3963
f 3964 3929 3963
f 4048 4049 3996
f 4048 3996 4047
f 4048 4046 4045
f 4047 4046 4048
f 4008 4059 4060
f 4060 4055 4008
f 4007 4059 4008
f 4008 4055 4005
f 4008 3967 4007
f 4005 3967 4008
f 2668 2685 2647
f 2715 2685 2668
f 2647 2628 2668
f 2668 2628 2667
f 2672 2666 2630
f 2667 2666 2672
f 2670 2630 2673
f 2670 2673 2718
f 2825 2774 2778
f 2826 2833 2825
f 2825 2778 2826
f 2775 2779 2776
f 2776 2716 2775
f 2716 2774 2775
f 1775 1774 1786
f 1786 1776 1775
f 1744 1774 1775
f 1775 1776 1744
f 1838 1793 1837
f 1793 1836 1837
f 1837 1836 1872
f 1837 1874 1838
f 1837 1873 1874
f 1837 1872 1873
f 1911 1919 1904
f 1269 1862 1904
f 1904 1919 1910
f 1904 1910 1269
f 1366 1824 1865
f 1865 1824 1862
f 1270 1366 1865
f 1865 1271 1270
f 1865 1862 1271
f 1859 1873 1903
f 1821 1784 1783
f 1821 1820 1859
f 1783 1820 1821
f 1694 1720 1721
f 1721 1720 1748
f 1721 1722 1694
f 1748 1749 1721
f 1721 1749 1722
f 1746 1720 1745
f 1745 1720 1719
f 1745 1743 1746
f 1745 1717 1743
f 1713 1743 1715
f 1743 1717 1715
f 1688 1660 1686
f 1687 1184 1653
f 1653 1655 1687
f 1653 1629 1655
f 1734 1737 1708
f 1707 1732 1708
f 1708 1732 1734
f 1708 1683 1707
f 1613 1627 1633
f 1613 1610 1596
f 1628 1610 1613
f 1613 1633 1628
f 1652 1660 1633
f 1633 1627 1652
f 1678 1660 1652
f 1652 1679 1678
f 1651 1679 1652
f 1652 1627 1651
f 1709 1737 1710
f 1710 1683 1709
f 1709 1708 1737
f 1683 1708 1709
f 1622 1623 1605
f 1622 1644 1623
f 1605 1619 1622
f 1619 1644 1622
f 1710 1737 1711
f 1737 1712 1711
f 1711 1683 1710
f 1711 1712 1683
f 1726 1756 1757
f 1643 1677 1644
f 1643 1644 1619
f 1619 1642 1643
f 1672 1677 1643
f 1643 1642 1672
f 1636 1637 1617
f 1617 1637 1618
f 1617 1616 1636
f 1599 1616 1617
f 1617 1600 1599
f 1617 1618 1600
f 1636 1669 1670
f 1669 1637 1670
f 3423 3422 3456
f 3423 3458 3424
f 3424 3356 3423
f 3356 3422 3423
f 3194 3281 3282
f 3282 3281 3368
f 3282 3283 3194
f 3285 3283 3369
f 3369 3371 3286
f 3286 3285 3369
f 3283 3282 3369
f 3369 3368 3371
f 3369 3282 3368
f 3418 3335 3417
f 3417 3454 3418
f 3455 3454 3463
f 3455 3463 3473
f 3455 3418 3454
f 3431 3418 3455
f 3473 3461 3455
f 3455 3461 3433
f 3433 3431 3455
f 3365 2722 2677
f 2677 2638 3278
f 3278 3365 2677
f 2677 2678 2638
f 2677 2722 2678
f 2453 2450 2454
f 2453 2452 2450
f 2453 2454 2407
f 2407 2452 2453
f 2451 2452 2407
f 2407 2449 2451
f 2451 2449 2452
f 2394 2433 2436
f 2436 2395 2394
f 2395 2349 2394
f 2394 2393 2433
f 2349 2393 2394
f 1066 1122 1123
f 1067 1066 1123
f 1121 1202 1123
f 1123 1122 1121
f 1124 1067 1123
f 1123 1125 1124
f 1203 1125 1123
f 1123 1202 1203
f 1632 1185 1109
f 1109 1629 1632
f 1632 1629 1185
f 3654 3620 3656
f 3620 3655 3656
f 3656 3655 3692
f 3692 3691 3656
f 3691 3654 3656
f 3724 3723 3744
f 3535 3558 4145
f 3565 3558 3535
f 3564 3565 3535
f 4145 4150 3535
f 3535 4150 3564
f 3622 4135 3623
f 3622 3640 4135
f 3621 3640 3622
f 3588 3621 3622
f 3622 3623 3588
f 3657 4084 3623
f 3623 3660 3657
f 3657 3660 4084
f 3728 4082 3727
f 3693 4082 3729
f 4082 3728 3729
f 3727 3695 3729
f 3729 3728 3727
f 4083 4082 3693
f 4083 4042 4082
f 4083 3693 3659
f 3659 4084 4083
f 4084 4042 4083
f 3628 3593 3631
f 3631 3591 3628
f 3593 3591 3631
f 2316 2254 2315
f 2315 2368 2316
f 2365 2311 2364
f 2364 2366 2365
f 2365 2366 2311
f 2414 2370 2369
f 2369 2366 2414
f 2369 2316 2368
f 2217 2157 2216
f 2216 2218 2217
f 2217 2218 2157
f 2264 2208 2261
f 2208 2207 2261
f 2219 2218 2277
f 2219 2278 2279
f 2219 2279 2264
f 2264 2261 2219
f 2219 2261 2207
f 2219 2207 2157
f 2157 2218 2219
f 2330 2329 2375
f 2276 2329 2330
f 2375 2325 2330
f 2330 2325 2276
f 2321 2275 2274
f 2274 2214 2273
f 2274 2275 2214
f 2327 2319 2328
f 2328 2275 2327
f 2256 2255 2321
f 2323 2259 2256
f 2195 2255 2196
f 2196 2145 2195
f 2197 2145 2196
f 2196 2256 2197
f 2255 2256 2196
f 2381 2382 2331
f 2333 2279 2331
f 2279 2278 2331
f 2331 2382 2383
f 2383 2334 2331
f 2331 2334 2333
f 2332 2331 2278
f 2332 2278 2326
f 2326 2378 2332
f 685 666 664
f 664 666 665
f 664 665 645
f 645 663 664
f 664 684 685
f 664 662 661
f 663 662 664
f 404 3971 4012
f 4012 380 404
f 377 3971 404
f 404 380 377
f 348 362 366
f 362 380 366
f 638 649 648
f 648 647 669
f 634 647 648
f 648 649 634
f 651 638 648
f 669 670 648
f 648 670 651
f 2210 2205 2204
f 2210 2209 2263
f 2263 2231 2210
f 2151 2209 2210
f 2210 2204 2151
f 2210 2231 2206
f 2206 2205 2210
f 2165 2166 2125
f 2042 2017 2016
f 2043 2017 2042
f 2016 2038 2041
f 2038 2063 2041
f 2041 2042 2016
f 2012 2011 2033
f 2059 2034 2033
f 2034 2012 2033
f 2033 2011 2032
f 2033 2055 2059
f 2033 2032 2055
f 2122 2094 2099
f 2099 2098 2122
f 2099 2094 2066
f 2066 2098 2099
f 2376 2420 2421
f 2421 2427 2465
f 2465 2424 2421
f 2380 2427 2419
f 2376 2380 2419
f 2419 2420 2376
f 2427 2421 2419
f 2419 2421 2420
f 2423 2378 2377
f 2422 2423 2377
f 2377 2424 2422
f 2377 2326 2376
f 2377 2378 2326
f 2376 2421 2377
f 2377 2421 2424
f 2191 2145 2144
f 2191 2144 2142
f 2195 2145 2194
f 2194 2250 2195
f 2315 2250 2249
f 2249 2314 2315
f 2245 2313 2249
f 2313 2314 2249
f 2247 2251 2248
f 2189 2141 2188
f 2189 2188 2187
f 2187 2251 2189
f 2142 2141 2189
f 2251 2247 2189
f 2252 2253 2183
f 2183 2251 2252
f 2183 2253 2184
f 2183 2136 2135
f 2248 2251 2183
f 2184 639 2183
f 2183 639 2136
f 2183 2135 2134
f 2147 2146 2202
f 2146 2201 2202
f 2215 2156 2214
f 2215 2219 2277
f 2215 2277 2216
f 2216 2156 2215
f 3642 3641 3678
f 3678 3641 3677
f 3678 3677 3713
f 3713 3086 3678
f 3086 3642 3678
f 3671 3672 3637
f 3637 3670 3671
f 3637 3638 3597
f 3637 3672 3638
f 2838 2835 2874
f 2894 2875 2874
f 2875 2838 2874
f 2874 2892 2894
f 2873 2892 2874
f 2873 2874 2834
f 2834 2874 2835
f 2833 2872 2834
f 2872 2873 2834
f 2790 2835 2793
f 2736 2733 2790
f 2790 2793 2736
f 2790 2834 2835
f 2790 2775 2774
f 2774 2825 2790
f 2733 2779 2790
f 2779 2775 2790
f 2790 2825 2833
f 2833 2834 2790
f 3804 510 527
f 486 510 3785
f 509 527 510
f 528 512 531
f 528 529 512
f 531 550 528
f 460 494 485
f 494 511 485
f 485 509 510
f 485 511 512
f 512 509 485
f 510 486 485
f 485 3785 460
f 485 486 3785
f 3769 3759 3771
f 3769 3771 3780
f 3759 3769 554
f 554 3769 550
f 554 550 531
f 3760 3758 3761
f 3761 3753 3760
f 3758 3753 3761
f 3756 3757 3752
f 3752 3755 3756
f 3752 604 3755
f 531 530 553
f 514 532 533
f 533 530 514
f 574 572 594
f 373 372 388
f 388 390 373
f 372 386 388
f 386 390 388
f 2081 2082 2055
f 2055 2058 2081
f 2081 2058 2082
f 2114 2150 2117
f 2114 2082 2086
f 2170 2168 2127
f 2127 2165 2125
f 2125 2097 2127
f 2127 2168 2166
f 2166 2165 2127
f 2005 1989 2006
f 1989 1988 2006
f 2006 1987 2005
f 2006 1988 1987
f 831 2003 2002
f 2003 1983 2002
f 2002 880 831
f 1983 880 2002
f 2071 2107 2072
f 2071 2070 2107
f 2072 2047 2071
f 2047 2070 2071
f 2105 2070 2069
f 2069 2045 2068
f 2070 2045 2069
f 2104 2069 2068
f 2185 675 2138
f 2185 696 675
f 2185 717 696
f 2138 2137 2185
f 2137 717 2185
f 654 640 2184
f 641 640 654
f 676 655 675
f 731 730 753
f 753 754 731
f 790 753 750
f 750 753 730
f 729 728 709
f 729 707 728
f 729 709 708
f 708 707 729
f 682 704 705
f 703 704 682
f 661 660 681
f 681 664 661
f 684 664 681
f 702 703 680
f 703 682 680
f 680 682 660
f 766 735 495
f 495 465 766
f 766 736 735
f 766 465 736
f 435 464 714
f 714 713 435
f 438 465 466
f 466 467 438
f 466 465 495
f 496 467 466
f 495 765 466
f 765 496 466
f 4062 4013 4061
f 3964 3963 3965
f 3965 3963 4000
f 3965 4000 4001
f 4001 4002 3965
f 4002 3967 3965
f 3967 3932 3965
f 3936 3902 3935
f 3935 3968 3936
f 3966 3932 3967
f 3966 4004 4003
f 3966 3967 4004
f 3966 3935 3932
f 4003 3968 3966
f 3968 3935 3966
f 3824 3825 3802
f 3802 3823 3824
f 3822 3825 3824
f 3824 3823 3822
f 3827 3828 3802
f 3851 3828 3827
f 3802 3826 3827
f 3827 3826 3851
f 4058 4059 4007
f 4007 4051 4058
f 4058 4051 4059
f 213 193 947
f 947 954 952
f 952 213 947
f 947 953 954
f 947 193 953
f 2387 2337 2336
f 2387 2336 2335
f 2335 2386 2387
f 2388 2337 2387
f 2387 2386 2388
f 2226 2166 2225
f 2225 2285 2226
f 2227 2166 2226
f 2226 2285 2227
f 2125 2167 2126
f 2126 2097 2125
f 2126 2098 2097
f 2158 2126 2167
f 884 839 888
f 839 887 888
f 888 925 884
f 888 887 925
f 923 925 924
f 925 887 924
f 784 777 782
f 782 834 784
f 836 785 784
f 836 786 785
f 835 837 795
f 784 834 835
f 835 834 837
f 4110 3730 3727
f 4037 4079 4077
f 4079 3730 4077
f 3730 4110 4077
f 3696 3730 3731
f 3731 3732 3696
f 3731 3745 3724
f 3724 3744 3731
f 4109 4076 4108
f 3667 3666 3665
f 3665 3703 3667
f 3665 3666 3626
f 3626 3664 3665
f 4071 4106 3686
f 4028 4027 4071
f 4071 3686 4028
f 4071 4027 4072
f 4072 4106 4071
f 3612 3576 3575
f 3575 3611 3612
f 3574 3611 3575
f 3575 3544 3574
f 3575 3545 3544
f 3686 4106 3649
f 4028 3686 3649
f 3517 3545 3546
f 3545 3575 3546
f 3546 3575 3576
f 4132 4105 4131
f 4132 4106 4105
f 3648 3683 3680
f 3680 3646 3648
f 3680 3683 3716
f 3679 3646 3680
f 3680 3650 3679
f 3716 3719 3722
f 3719 3723 3722
f 3725 3745 4107
f 4107 3731 3746
f 3745 3731 4107
f 4108 4076 4107
f 4107 4076 4075
f 4075 4074 4107
f 4073 4030 4028
f 4073 4074 4030
f 3612 3650 3651
f 3651 3649 3612
f 3684 3649 3651
f 4050 4049 4086
f 4049 4048 4086
f 4086 4087 4050
f 4116 4087 4086
f 2714 2668 2667
f 2667 2672 2713
f 2713 2714 2667
f 2668 2714 2713
f 2715 2668 2713
f 2713 2685 2715
f 2713 2720 2685
f 2719 2670 2718
f 2718 2733 2719
f 2733 2685 2719
f 1872 1836 1871
f 1871 1906 1872
f 1871 1836 1835
f 1872 1906 1864
f 1863 1903 1864
f 1864 1906 1862
f 1864 1862 1823
f 1823 1863 1864
f 1784 1821 1822
f 1823 1784 1822
f 1860 1903 1863
f 1859 1903 1860
f 1860 1821 1859
f 1718 1719 1694
f 1694 1691 1718
f 1718 1745 1719
f 1717 1745 1718
f 1718 1691 1717
f 1694 1693 1692
f 1692 1691 1694
f 1692 1693 1659
f 1631 1656 1657
f 1656 1660 1657
f 1660 1688 1657
f 1689 1657 1688
f 1184 1629 1654
f 1654 1653 1184
f 1629 1653 1654
f 1609 1613 1596
f 1627 1613 1609
f 1608 1607 1609
f 1607 1626 1609
f 1609 1626 1627
f 1596 1594 1609
f 1594 1608 1609
f 1727 1701 1726
f 1727 1728 1701
f 1760 1728 1759
f 1728 1757 1759
f 1756 1760 1759
f 1759 1757 1756
f 1665 1637 1636
f 1636 1670 1665
f 1665 1670 1637
f 3457 3423 3456
f 3458 3423 3457
f 3457 3456 3473
f 3473 3458 3457
f 3367 3336 3335
f 3335 3418 3367
f 3280 3336 3367
f 3367 3418 3431
f 3367 3368 3280
f 3367 3431 3368
f 3743 3723 3732
f 3743 3744 3723
f 3732 3731 3743
f 3743 3731 3744
f 3693 3729 3694
f 3694 3729 3695
f 3694 3695 3661
f 3661 3659 3694
f 3659 3693 3694
f 2367 2369 2368
f 2366 2369 2367
f 2312 2366 2367
f 2367 2313 2312
f 2367 2314 2313
f 2367 2368 2315
f 2315 2314 2367
f 2317 2369 2370
f 2316 2369 2317
f 2370 2371 2317
f 2317 2371 2318
f 2318 2254 2317
f 2254 2316 2317
f 2278 2219 2271
f 2271 2214 2270
f 2271 2215 2214
f 2219 2215 2271
f 2270 2326 2271
f 2326 2278 2271
f 2320 2275 2321
f 2320 2327 2275
f 2321 2255 2320
f 2320 2255 2319
f 2319 2327 2320
f 2322 2256 2321
f 2273 2272 2322
f 2321 2274 2322
f 2322 2274 2273
f 2258 2259 2197
f 2197 2256 2258
f 2258 2256 2259
f 2384 2422 2429
f 2384 2429 2381
f 2384 2378 2422
f 2384 2332 2378
f 2381 2331 2384
f 2331 2332 2384
f 383 380 4012
f 383 366 380
f 4012 3972 383
f 3972 366 383
f 367 3972 348
f 348 366 367
f 367 366 3972
f 349 638 342
f 349 637 638
f 349 342 634
f 634 637 349
f 650 649 638
f 638 637 650
f 634 649 650
f 650 637 634
f 2043 2042 2044
f 2042 2041 2044
f 2020 2043 2044
f 270 2020 2044
f 2044 2067 270
f 2044 2063 2067
f 2044 2041 2063
f 2250 2194 2182
f 2182 2194 2246
f 2182 2249 2250
f 2245 2249 2182
f 2182 2181 2245
f 2248 2183 2182
f 2182 2247 2248
f 2246 2247 2182
f 2134 2181 2182
f 2182 2183 2134
f 2193 2191 2246
f 2246 2194 2193
f 2145 2191 2193
f 2193 2194 2145
f 2142 2189 2190
f 2190 2189 2247
f 2190 2191 2142
f 2246 2191 2190
f 2190 2247 2246
f 2155 2211 2212
f 2212 2156 2155
f 2201 2211 2155
f 2155 2202 2201
f 2155 2156 2120
f 2155 2120 2147
f 2147 2202 2155
f 3636 3637 3597
f 3670 3637 3636
f 3597 3635 3636
f 3635 3670 3636
f 3804 527 3816
f 3816 527 548
f 548 573 3816
f 3816 3797 3804
f 3816 573 3797
f 512 529 526
f 526 509 512
f 526 529 548
f 548 527 526
f 527 509 526
f 549 528 550
f 548 529 549
f 529 528 549
f 549 573 548
f 3797 573 549
f 3780 3797 549
f 3780 550 3781
f 3781 3769 3780
f 550 3769 3781
f 3759 554 555
f 555 3753 3759
f 555 554 531
f 531 553 555
f 555 553 578
f 3751 3752 3753
f 604 3752 3751
f 579 604 605
f 604 616 605
f 605 580 579
f 606 580 605
f 605 616 606
f 601 578 600
f 600 616 601
f 601 616 604
f 604 3751 601
f 601 3751 578
f 600 578 577
f 578 553 577
f 556 533 532
f 572 574 556
f 547 572 556
f 556 532 547
f 609 608 614
f 594 609 614
f 2149 2114 2148
f 2204 2149 2148
f 2148 2117 2154
f 2148 2114 2117
f 2148 2154 2151
f 2151 2204 2148
f 2150 2114 2118
f 2085 2117 2118
f 2117 2150 2118
f 2086 2085 2118
f 2118 2114 2086
f 2170 2127 2169
f 2232 2170 2169
f 2169 2231 2232
f 2169 2127 2149
f 2206 2231 2169
f 2169 2149 2206
f 2115 2114 2149
f 2149 2127 2115
f 2115 2127 2097
f 2115 2097 2092
f 2092 2082 2115
f 2082 2114 2115
f 2046 2070 2047
f 2046 2045 2070
f 744 2104 2068
f 2068 2045 744
f 780 781 744
f 781 782 744
f 744 779 780
f 2104 744 741
f 698 676 675
f 2184 655 656
f 656 654 2184
f 655 654 656
f 641 654 657
f 657 654 655
f 657 658 641
f 655 676 657
f 657 676 658
f 726 730 728
f 726 707 725
f 725 724 749
f 749 750 725
f 749 789 750
f 749 724 748
f 748 789 749
f 660 682 683
f 683 681 660
f 683 682 705
f 705 684 683
f 684 681 683
f 658 678 659
f 642 641 659
f 641 658 659
f 659 660 642
f 659 678 680
f 722 742 723
f 433 464 434
f 464 435 434
f 434 435 414
f 713 736 436
f 436 435 713
f 736 465 436
f 436 465 437
f 436 437 414
f 414 435 436
f 4015 4061 4063
f 4015 4062 4061
f 4063 4016 4015
f 4016 3972 4015
f 4014 3972 4013
f 4013 4062 4014
f 4014 4015 3972
f 4062 4015 4014
f 3964 3965 3931
f 3931 3929 3964
f 3931 3965 3932
f 3901 3902 3870
f 3901 3934 3902
f 3902 3934 3933
f 3933 3935 3902
f 3932 3935 3933
f 3846 3826 3822
f 3846 3847 3826
f 3846 3822 3845
f 3845 3872 3846
f 3872 3847 3846
f 3849 3826 3848
f 3826 3847 3848
f 3848 3872 3849
f 3848 3847 3872
f 2159 2167 2160
f 2159 2158 2167
f 2160 2122 2159
f 2122 2158 2159
f 2128 2158 2122
f 2126 2158 2128
f 2122 2098 2128
f 2098 2126 2128
f 881 887 882
f 881 924 887
f 923 924 881
f 881 880 923
f 783 782 777
f 776 744 783
f 783 744 782
f 882 834 833
f 834 782 833
f 832 880 833
f 833 781 832
f 833 782 781
f 833 881 882
f 880 881 833
f 792 836 784
f 786 836 792
f 784 835 792
f 790 786 792
f 4035 4036 3988
f 4078 4077 4110
f 4078 4110 3727
f 4036 4035 4078
f 4078 4035 4077
f 4078 3727 4080
f 4080 4036 4078
f 3749 3731 3748
f 4079 4076 3748
f 4076 4109 3748
f 3748 4109 3749
f 3749 4109 4134
f 4134 3731 3749
f 3746 3731 4134
f 4134 4109 4108
f 4108 4107 4134
f 4134 4107 3746
f 3701 3664 3663
f 3699 3703 3700
f 3703 3665 3700
f 3663 3699 3700
f 3700 3701 3663
f 3665 3701 3700
f 3614 3576 3612
f 3612 3649 3614
f 4028 3649 3685
f 3685 3649 3684
f 3685 4073 4028
f 3517 3546 3518
f 3518 3496 3495
f 3495 3517 3518
f 3577 3546 3576
f 3650 3680 3687
f 3687 3651 3650
f 3720 3684 4074
f 4074 4073 3720
f 3720 3685 3684
f 4073 3685 3720
f 3724 3725 3688
f 3688 3723 3724
f 3688 3722 3723
f 3688 3687 3722
f 3651 3687 3688
f 3684 3651 3689
f 3689 3688 3725
f 3651 3688 3689
f 3725 4107 3689
f 4074 3684 3689
f 3689 4107 4074
f 4085 4048 4045
f 4085 4086 4048
f 4116 4086 4085
f 4085 4045 4043
f 4084 4116 4085
f 4043 4042 4085
f 4085 4042 4084
f 2671 2713 2672
f 2671 2672 2630
f 2630 2670 2671
f 2720 2713 2671
f 2670 2719 2717
f 2720 2671 2717
f 2717 2671 2670
f 2685 2720 2717
f 2717 2719 2685
f 1835 1869 1870
f 1870 1871 1835
f 1870 1869 1911
f 1911 1904 1870
f 1872 1864 1908
f 1908 1864 1903
f 1873 1872 1908
f 1908 1903 1873
f 1861 1822 1821
f 1861 1860 1863
f 1821 1860 1861
f 1861 1863 1823
f 1823 1822 1861
f 1691 1692 1658
f 1631 1657 1658
f 1658 1659 1631
f 1658 1692 1659
f 1714 1689 1688
f 1686 1685 1714
f 1714 1688 1686
f 1714 1685 1713
f 1713 1715 1714
f 1715 1689 1714
f 1716 1715 1717
f 1716 1689 1715
f 1717 1691 1716
f 1758 1757 1728
f 1728 1727 1758
f 1726 1757 1758
f 1758 1727 1726
f 2323 2256 2267
f 2256 2322 2267
f 2267 2259 2323
f 2267 2268 2212
f 2212 2259 2267
f 2267 2272 2268
f 2267 2322 2272
f 3798 550 3780
f 3780 549 3798
f 3798 549 550
f 3753 555 3754
f 3754 555 578
f 3754 3751 3753
f 578 3751 3754
f 576 577 553
f 600 577 576
f 530 533 551
f 533 556 551
f 551 556 574
f 574 575 551
f 2045 2023 778
f 779 744 778
f 778 744 2045
f 2003 779 778
f 778 2023 2003
f 2021 2023 2045
f 2045 2046 2021
f 2003 2023 2021
f 2001 2003 2021
f 2048 2022 2021
f 2021 2022 2001
f 2021 2047 2048
f 2021 2046 2047
f 696 717 718
f 717 741 718
f 718 741 744
f 776 742 745
f 745 744 776
f 742 718 745
f 745 718 744
f 740 717 2137
f 740 741 717
f 740 2137 2105
f 2105 2069 740
f 2069 2104 740
f 752 750 730
f 730 726 752
f 728 707 727
f 727 726 728
f 707 726 727
f 725 750 751
f 751 726 725
f 750 752 751
f 751 752 726
f 748 786 787
f 787 786 790
f 679 680 660
f 660 659 679
f 679 659 680
f 677 678 658
f 658 676 677
f 676 698 677
f 723 702 700
f 700 722 723
f 433 434 413
f 674 433 413
f 413 434 414
f 3900 3931 3932
f 3932 3933 3900
f 3900 3933 3934
f 3934 3901 3900
f 3900 3901 3870
f 830 777 776
f 776 783 830
f 830 783 777
f 790 792 791
f 791 792 754
f 791 753 790
f 754 753 791
f 793 835 795
f 793 792 835
f 754 792 793
f 755 754 793
f 793 794 755
f 793 795 756
f 756 794 793
f 4038 4035 3988
f 4077 4035 4038
f 4038 3988 4037
f 4037 4077 4038
f 4079 3748 3747
f 3747 3748 3731
f 3747 3730 4079
f 3747 3731 3730
f 3702 3665 3664
f 3664 3701 3702
f 3702 3701 3665
f 4133 3649 4106
f 4133 3614 3649
f 4106 4132 4133
f 3576 3614 4133
f 3519 3520 3496
f 3496 3518 3519
f 4102 3520 3519
f 3519 4131 4102
f 3546 3577 4147
f 4147 3518 3546
f 4147 4132 4131
f 4147 3577 4132
f 3715 3680 3716
f 3715 3687 3680
f 1907 1870 1904
f 1871 1870 1907
f 1906 1871 1907
f 1907 1904 1862
f 1862 1906 1907
f 1657 1689 1690
f 1690 1658 1657
f 1691 1658 1690
f 1690 1716 1691
f 1689 1716 1690
f 552 553 530
f 552 576 553
f 575 576 552
f 530 551 552
f 552 551 575
f 600 576 599
f 606 616 599
f 599 616 600
f 599 576 575
f 575 598 599
f 597 574 594
f 594 614 597
f 597 614 608
f 721 698 697
f 697 698 675
f 675 696 697
f 696 718 697
f 719 697 718
f 2104 741 775
f 775 740 2104
f 741 740 775
f 788 789 748
f 748 787 788
f 750 789 788
f 790 750 788
f 788 787 790
f 702 680 701
f 701 700 702
f 680 678 701
f 678 677 701
f 677 700 701
f 414 386 385
f 385 413 414
f 385 386 368
f 368 671 385
f 674 413 385
f 385 671 651
f 385 651 674
f 3930 3900 3898
f 3931 3900 3930
f 3898 3929 3930
f 3929 3931 3930
f 3870 3869 3899
f 3899 3900 3870
f 3899 3869 3898
f 3898 3900 3899
f 3576 4133 3613
f 3613 4133 4132
f 3613 3577 3576
f 4132 3577 3613
f 4131 3519 4130
f 4130 3519 3518
f 4130 4147 4131
f 3518 4147 4130
f 3721 3715 3716
f 3687 3715 3721
f 3716 3722 3721
f 3722 3687 3721
f 598 597 607
f 607 597 608
f 607 608 580
f 607 580 606
f 606 599 607
f 607 599 598
f 743 718 742
f 743 719 718
f 742 722 743
f 722 719 743
f 722 700 699
f 699 700 677
f 699 677 698
f 720 719 722
f 722 699 720
f 721 697 720
f 697 719 720
f 720 698 721
f 720 699 698
f 2 1752 1798
f 1798 1 2
f 1096 1166 1167
f 1097 1096 1167
f 2221 2220 2227
f 2280 2221 2227
f 3056 2995 2994
f 3059 2995 3056
f 2810 2751 2698
f 2698 2750 2810
f 2811 2753 2810
f 2810 2753 2751
f 323 715 716
f 716 324 323
f 116 158 132
f 116 254 283
f 64 63 116
f 25 45 116
f 283 262 116
f 116 26 25
f 116 81 64
f 116 45 62
f 116 80 103
f 116 63 46
f 132 118 116
f 46 26 116
f 116 220 188
f 116 184 212
f 188 158 116
f 116 118 105
f 105 81 116
f 116 262 238
f 62 80 116
f 212 231 116
f 238 220 116
f 116 131 154
f 116 231 254
f 154 184 116
f 3190 3104 3034
f 3034 3103 3190
f 1135 1075 1022
f 1135 1022 1074
f 1558 1565 1566
f 1558 1566 1557
f 1997 1977 1996
f 1978 1977 1997
f 613 612 595
f 595 593 613
f 2324 2334 2373
f 2373 2334 2383
f 2495 2494 2513
f 2513 2494 2512
f 2634 2632 2666
f 2666 2632 2631
f 193 194 164
f 213 194 193
f 2392 2434 2473
f 2473 2435 2392
f 3760 3753 3752
f 3752 3757 3760
f 597 598 575
f 597 575 574

