# https://github.com/mikedh/trimesh
v -0.04659485 -0.00411737 -0.06357748
v -0.04662594 -0.00553369 -0.06324951
v -0.04790059 -0.00512232 -0.06313770
v -0.04790059 -0.00411737 -0.06331287
v -0.04796277 -0.00279307 -0.06316752
v -0.04659485 -0.00280390 -0.06344332
v -0.04527875 -0.00280390 -0.06345077
v -0.04527875 -0.00411737 -0.06356257
v -0.04527875 -0.00543085 -0.06335387
v -0.04709228 -0.00603887 -0.06291410
v -0.04622178 -0.00613630 -0.06301845
v -0.04790059 -0.00577906 -0.06279856
v -0.04912343 -0.00534424 -0.06254140
v -0.04861565 -0.00484808 -0.06299236
v -0.04868819 -0.00411737 -0.06302217
v -0.04866746 -0.00322248 -0.06301472
v -0.04756898 -0.00174301 -0.06307435
v -0.04843947 -0.00234743 -0.06292155
v -0.04666739 -0.00138037 -0.06313770
v -0.04527875 -0.00149042 -0.06321970
v 0.03086885 0.00412612 -0.06031645
v 0.02823664 -0.00411737 -0.06140843
v 0.02955275 -0.00543085 -0.06152024
v 0.02955275 -0.00674252 -0.06139725
v -0.04527875 -0.00616877 -0.06304454
v -0.04921670 -0.00626800 -0.06191529
v -0.04996284 -0.00614893 -0.06174013
v -0.04527875 -0.00648992 -0.06230661
v -0.04790059 -0.00636002 -0.06214263
v -0.05014937 -0.00543085 -0.06190783
v -0.04934106 -0.00411737 -0.06269048
v -0.04915452 -0.00279307 -0.06268302
v -0.04921670 -0.00149042 -0.06238860
v -0.04796277 -0.00138037 -0.06284329
v -0.04790059 -0.00017875 -0.06253395
v -0.04716482 -0.00086797 -0.06295509
v -0.04930997 -0.00009395 -0.06197865
v -0.04666739 -0.00021664 -0.06284329
v -0.04628396 -0.00068033 -0.06299981
v -0.04527875 -0.00062259 -0.06301845
v 0.03086885 0.00507154 -0.06010029
v 0.03218496 0.00507154 -0.06004812
v 0.05157420 -0.00437537 -0.06044317
v 0.03086885 -0.00543085 -0.06147552
v 0.02955275 -0.00411737 -0.06136743
v 0.03086885 -0.00674252 -0.06135998
v 0.04531493 -0.00756885 -0.06050280
v 0.03086885 -0.00770417 -0.06075995
v 0.02955275 -0.00772040 -0.06077859
v 0.01510667 -0.00792248 -0.06090903
v -0.02427287 -0.00748946 -0.06172522
v -0.02557861 -0.00748946 -0.06172522
v -0.02557861 -0.00782866 -0.06099475
v -0.04396264 -0.00654225 -0.06230661
v -0.04921670 -0.00642678 -0.06099475
v -0.04790059 -0.00657653 -0.06099475
v -0.05007683 -0.00618862 -0.06099475
v -0.05084370 -0.00581334 -0.05968288
v -0.05135149 -0.00515660 -0.05968288
v -0.05125822 -0.00494190 -0.06048789
v -0.02951656 -0.00766808 -0.06096121
v -0.03214878 -0.00763380 -0.06069287
v -0.03345452 -0.00760133 -0.06060342
v -0.04264653 -0.00698789 -0.06099475
v -0.05094733 -0.00411737 -0.06125190
v -0.05028409 -0.00411737 -0.06203455
v -0.05026337 -0.00280390 -0.06198983
v -0.05015974 -0.00149042 -0.06187802
v -0.05002502 -0.00047465 -0.06175876
v -0.04886436 0.00113292 -0.06176994
v -0.04858455 0.00181672 -0.06166186
v -0.04790059 0.00113292 -0.06212399
v -0.04659485 0.00113292 -0.06243332
v -0.04980740 0.00039860 -0.06162459
v -0.04527875 0.00003415 -0.06283956
v 0.03086885 0.00638501 -0.05950027
v 0.03218496 0.00638501 -0.05945927
v -0.01376475 0.00507154 -0.06073759
v -0.01244864 0.00587261 -0.06040217
v 0.03480680 0.00628758 -0.05932510
v 0.03349070 0.00507154 -0.05994004
v 0.05187473 -0.00149042 -0.05964561
v 0.05187473 -0.00280390 -0.05998476
v 0.05195763 -0.00400912 -0.06024192
v 0.05221671 -0.00543085 -0.06015992
v 0.05156384 -0.00543085 -0.06044317
v 0.05055862 -0.00543085 -0.06058852
v 0.03480680 0.00507154 -0.05980214
v 0.03218496 -0.00674252 -0.06129662
v 0.04399882 -0.00674252 -0.06071896
v 0.05055862 -0.00624094 -0.06045808
v 0.04614397 -0.00750751 -0.06044317
v 0.04531493 -0.00774386 -0.05968288
v 0.01510667 -0.00838436 -0.05968288
v -0.00195089 -0.00846735 -0.05968288
v -0.00325663 -0.00844751 -0.05968288
v -0.02689472 -0.00793691 -0.05968288
v -0.03083267 -0.00784490 -0.05968288
v -0.03214878 -0.00780701 -0.05968288
v -0.04921670 -0.00795315 -0.03999001
v -0.05018046 -0.00761035 -0.04130187
v -0.05141366 -0.00524321 -0.05836729
v -0.05162092 -0.00411737 -0.05836729
v -0.05153802 -0.00411737 -0.05968288
v -0.05131004 -0.00411737 -0.06059224
v -0.03345452 -0.00775468 -0.05968288
v -0.03477063 -0.00766267 -0.05968288
v -0.05131004 -0.00280390 -0.06058852
v -0.05091624 -0.00280390 -0.06124818
v -0.05081261 -0.00149042 -0.06113264
v -0.05058462 -0.00013184 -0.06100220
v -0.05036700 0.00113292 -0.06082331
v -0.04951723 0.00113292 -0.06147924
v -0.04890581 0.00375986 -0.06057361
v -0.04862601 0.00447434 -0.06038354
v -0.04790059 0.00273507 -0.06149788
v -0.04790059 0.00207833 -0.06178112
v -0.04659485 0.00235979 -0.06192274
v -0.04527875 0.00113292 -0.06244450
v -0.05012865 0.00216674 -0.06057361
v 0.03086885 0.00708144 -0.05905677
v 0.03218496 0.00706340 -0.05904186
v -0.01244864 0.00652935 -0.06008166
v 0.03290001 0.00704535 -0.05902695
v 0.03377050 0.00701288 -0.05900459
v 0.03339743 0.00649867 -0.05932137
v -0.01376475 0.00587983 -0.06040962
v 0.03480680 0.00694432 -0.05896732
v 0.04137697 0.00748919 -0.05800951
v 0.03874476 0.00650048 -0.05878470
v 0.03996760 0.00626954 -0.05875489
v 0.03947017 0.00575534 -0.05903440
v 0.05146021 0.00064217 -0.05906795
v 0.05188509 -0.00010658 -0.05922820
v 0.05270377 -0.00049449 -0.05915739
v 0.03874476 0.00507154 -0.05932510
v 0.05290067 -0.00149042 -0.05929529
v 0.05325301 -0.00287246 -0.05937355
v 0.05330483 -0.00411376 -0.05947790
v 0.05295248 -0.00543085 -0.05950399
v 0.05268304 -0.00619584 -0.05925429
v 0.05132549 -0.00612728 -0.06037236
v 0.04636160 -0.00755081 -0.05968288
v 0.05181255 -0.00630770 -0.05969034
v 0.05055862 -0.00664148 -0.05968288
v 0.05187473 -0.00657292 -0.05836729
v 0.05055862 -0.00781603 -0.04523746
v 0.04925288 -0.00802171 -0.04392933
v 0.04793677 -0.00857921 -0.03473882
v 0.04730463 -0.00871814 -0.03290147
v -0.04726845 -0.00871634 -0.02634587
v -0.04921670 -0.00803975 -0.03867814
v -0.05019083 -0.00766628 -0.03999001
v -0.05083333 -0.00686520 -0.04130187
v -0.05124786 -0.00623012 -0.04261746
v -0.05163129 -0.00411737 -0.05574356
v -0.05160020 -0.00280390 -0.05836729
v -0.05152766 -0.00280390 -0.05968288
v -0.04790059 -0.00847637 -0.03079950
v -0.05145512 -0.00149042 -0.05968288
v -0.05125822 -0.00149042 -0.06047671
v -0.05120641 -0.00066228 -0.06037981
v -0.05114423 0.00021096 -0.06015620
v -0.04847056 0.00568677 -0.05897105
v -0.04758970 0.00588524 -0.05920584
v -0.04790059 0.00459342 -0.06048416
v -0.04790059 0.00375986 -0.06098729
v -0.04981776 0.00304178 -0.06029409
v -0.04955868 0.00375986 -0.05999594
v -0.04989030 0.00443645 -0.05904931
v -0.04912343 0.00469986 -0.05956362
v -0.04892653 0.00604221 -0.05809523
v -0.04659485 0.00301653 -0.06160969
v -0.05011828 0.00375986 -0.05934001
v -0.05104059 0.00120689 -0.05970525
v -0.05046026 0.00254021 -0.05978724
v 0.03218496 0.00768946 -0.05836729
v -0.01244864 0.00752708 -0.05942573
v 0.03339743 0.00754873 -0.05848655
v 0.03874476 0.00827403 -0.05752874
v -0.01376475 0.00653476 -0.06008166
v 0.03874476 0.00761729 -0.05812877
v 0.04006087 0.00756678 -0.05807287
v -0.02164066 0.00582029 -0.06039099
v 0.04006087 0.00822351 -0.05746166
v 0.04137697 0.00814593 -0.05736103
v 0.04268271 0.00802685 -0.05727159
v 0.04268271 0.00737192 -0.05791634
v 0.04137697 0.00638501 -0.05853128
v 0.04925288 0.00492178 -0.05795734
v 0.04925288 0.00375986 -0.05835984
v 0.05055862 0.00244639 -0.05863190
v 0.05233070 0.00037875 -0.05897478
v 0.05266232 0.00201699 -0.05787534
v 0.05284885 0.00113292 -0.05812504
v 0.05356390 -0.00149042 -0.05862072
v 0.05372971 -0.00247914 -0.05887042
v 0.05387479 -0.00335599 -0.05905304
v 0.05387479 -0.00367353 -0.05905304
v 0.05381262 -0.00454858 -0.05892260
v 0.05357427 -0.00545250 -0.05843810
v 0.05369862 -0.00590355 -0.05705543
v 0.05286958 -0.00626259 -0.05836729
v 0.05131513 -0.00746240 -0.04762640
v 0.05135658 -0.00750931 -0.04655306
v -0.04732027 -0.00873257 -0.02550360
v -0.04790059 -0.00853050 -0.02948764
v -0.04921670 -0.00807944 -0.03736255
v -0.05155875 -0.00149042 -0.05836729
v -0.05141366 -0.00017875 -0.05836729
v -0.05122713 0.00081718 -0.05928411
v -0.05129967 -0.00020582 -0.05970525
v -0.04798350 0.00626052 -0.05846792
v -0.04790059 0.00693349 -0.05746539
v -0.04704046 0.00702190 -0.05765918
v -0.04659485 0.00673322 -0.05826294
v -0.04659485 0.00601514 -0.05936237
v -0.04659485 0.00539269 -0.06001830
v -0.04659485 0.00473595 -0.06057734
v -0.04659485 0.00375986 -0.06119227
v -0.05056389 0.00375986 -0.05836729
v -0.05004574 0.00470167 -0.05836729
v -0.04980740 0.00565069 -0.05753247
v -0.04864673 0.00709587 -0.05655975
v -0.02295676 0.00581127 -0.06038354
v -0.05103023 0.00244639 -0.05836729
v 0.03480680 0.00832455 -0.05758837
v 0.03742865 0.00829749 -0.05754365
v -0.01376475 0.00752889 -0.05942573
v -0.01244864 0.00818382 -0.05862072
v 0.04006087 0.00847971 -0.05680573
v 0.04268271 0.00844363 -0.05661565
v 0.04399882 0.00840393 -0.05650012
v 0.04470351 0.00836605 -0.05641813
v 0.04399882 0.00782658 -0.05715605
v 0.04399882 0.00716985 -0.05778962
v 0.04858964 0.00572827 -0.05771136
v 0.04268271 0.00638501 -0.05833375
v 0.05020628 0.00465476 -0.05785671
v 0.05061044 0.00382662 -0.05809523
v 0.05150166 0.00343511 -0.05793870
v 0.05191618 0.00245180 -0.05816977
v 0.05275559 0.00245180 -0.05696598
v 0.05387479 -0.00076693 -0.05776354
v 0.05237215 0.00289203 -0.05734612
v 0.05255869 0.00314463 -0.05647030
v 0.05395770 -0.00149042 -0.05796479
v 0.05401988 -0.00287246 -0.05840829
v 0.05398879 -0.00411376 -0.05843810
v 0.05392661 -0.00502850 -0.05804678
v 0.05400951 -0.00524681 -0.05705543
v 0.05377116 -0.00599737 -0.05574356
v 0.05304575 -0.00629146 -0.05705543
v 0.05311829 -0.00632574 -0.05574356
v 0.05308720 -0.00638708 -0.05442797
v -0.05108204 0.00244639 -0.05705543
v -0.05117531 0.00168140 -0.05836729
v -0.04790059 0.00717706 -0.05680945
v -0.04659485 0.00723119 -0.05715605
v -0.04615960 0.00706159 -0.05775608
v -0.04527875 0.00671699 -0.05846419
v -0.03214878 0.00770029 -0.05836729
v -0.03214878 0.00716082 -0.05912012
v -0.03083267 0.00720954 -0.05916485
v -0.02951656 0.00722939 -0.05919466
v -0.02821082 0.00724021 -0.05922448
v -0.02295676 0.00646800 -0.05994377
v -0.05078152 0.00375986 -0.05705543
v -0.05019083 0.00515633 -0.05707779
v -0.04993175 0.00582750 -0.05665665
v -0.04943432 0.00659430 -0.05574356
v -0.04878145 0.00716082 -0.05574356
v -0.04790059 0.00786086 -0.05311611
v -0.04790059 0.00764797 -0.05442797
v -0.04790059 0.00742605 -0.05574356
v 0.03349070 0.00832816 -0.05759955
v 0.03874476 0.00848332 -0.05687281
v 0.03612291 0.00831372 -0.05756228
v -0.01376475 0.00818562 -0.05858345
v -0.01244864 0.00842558 -0.05796479
v 0.04137697 0.00864750 -0.05574356
v 0.04268271 0.00862946 -0.05574356
v 0.04399882 0.00858436 -0.05574356
v 0.04521130 0.00849415 -0.05574729
v 0.04662067 0.00844002 -0.05527398
v 0.04731499 0.00836965 -0.05511372
v 0.04557400 0.00824155 -0.05618706
v 0.04662067 0.00740439 -0.05680200
v 0.04511803 0.00764436 -0.05701443
v 0.04466205 0.00704535 -0.05771509
v 0.04763624 0.00720052 -0.05659702
v 0.04851710 0.00700927 -0.05635104
v 0.04925288 0.00557852 -0.05752502
v 0.04554291 0.00686854 -0.05761446
v 0.04662067 0.00668090 -0.05745793
v 0.05005083 0.00584915 -0.05658584
v 0.05107677 0.00431015 -0.05756601
v 0.05328410 0.00113292 -0.05705543
v 0.05340846 0.00113292 -0.05574356
v 0.05387479 -0.00071822 -0.05705543
v 0.05405096 -0.00149042 -0.05705543
v 0.05138766 0.00460063 -0.05669019
v 0.05221671 0.00389879 -0.05574356
v 0.05260014 0.00324205 -0.05574356
v 0.05295248 0.00244639 -0.05574356
v 0.05156384 0.00486405 -0.05574356
v 0.05120113 0.00570301 -0.05489383
v 0.05423750 -0.00280390 -0.05705543
v 0.05422714 -0.00411737 -0.05705543
v 0.05401988 -0.00534063 -0.05574356
v -0.05078152 0.00375986 -0.05442797
v -0.05080225 0.00375986 -0.05574356
v -0.04659485 0.00763714 -0.05574356
v -0.04527875 0.00736831 -0.05705543
v -0.03608673 0.00801963 -0.05705543
v -0.03477063 0.00810443 -0.05705543
v -0.03345452 0.00818382 -0.05705543
v -0.03083267 0.00825599 -0.05723805
v -0.03083267 0.00776704 -0.05836729
v -0.05040845 0.00507154 -0.05442797
v -0.05037736 0.00507154 -0.05574356
v -0.04998356 0.00593756 -0.05574356
v -0.04956904 0.00667008 -0.05442797
v -0.04890581 0.00724923 -0.05442797
v -0.04790059 0.00797092 -0.05180424
v -0.04659485 0.00810263 -0.05311611
v -0.04659485 0.00789875 -0.05442797
v -0.04897835 0.00735207 -0.05311611
v 0.04006087 0.00865292 -0.05574356
v -0.01376475 0.00841115 -0.05792752
v -0.03083267 0.00839130 -0.05658211
v -0.01376475 0.00849595 -0.05705543
v -0.01244864 0.00850497 -0.05705543
v 0.04531493 0.00892896 -0.05311611
v 0.04531493 0.00879545 -0.05442797
v 0.04662067 0.00868359 -0.05442797
v 0.04752225 0.00846708 -0.05442797
v 0.04818549 0.00815315 -0.05442797
v 0.04895235 0.00727990 -0.05547523
v 0.04662067 0.00806113 -0.05592991
v 0.04933579 0.00679818 -0.05584419
v 0.04925288 0.00612340 -0.05686908
v 0.04983321 0.00698582 -0.05483047
v 0.05033064 0.00610535 -0.05574356
v 0.05296285 0.00244639 -0.05442797
v 0.05374007 -0.00025633 -0.05569511
v 0.05386443 -0.00074708 -0.05610134
v 0.05098351 0.00552079 -0.05574356
v 0.05232034 0.00397276 -0.05442797
v 0.05159492 0.00518881 -0.05444661
v 0.05263123 0.00331603 -0.05442797
v 0.05124258 0.00575894 -0.05401801
v 0.04994720 0.00707963 -0.05395466
v 0.05003010 0.00716624 -0.05311611
v 0.05069334 0.00645718 -0.05311611
v 0.05419605 -0.00411737 -0.05574356
v -0.05038772 0.00507154 -0.05180424
v -0.05040845 0.00507154 -0.05311611
v -0.04527875 0.00774359 -0.05574356
v -0.03870858 0.00817480 -0.05574356
v -0.03223168 0.00825960 -0.05698462
v -0.03740284 0.00824336 -0.05574356
v -0.03184825 0.00837507 -0.05650012
v -0.05004574 0.00604942 -0.05180424
v -0.05003538 0.00603679 -0.05311611
v -0.05001465 0.00601334 -0.05442797
v -0.04963122 0.00669353 -0.05311611
v -0.04790059 0.00797633 -0.05049238
v -0.04659485 0.00822893 -0.05049238
v -0.04659485 0.00820908 -0.05180424
v -0.04899907 0.00740620 -0.05180424
v -0.04527875 0.00816758 -0.05311611
v -0.03870858 0.00832996 -0.05477085
v -0.04527875 0.00799618 -0.05442797
v -0.03740284 0.00835161 -0.05497582
v -0.03870858 0.00837146 -0.05411492
v -0.04002469 0.00842919 -0.05180424
v -0.01770270 0.00866013 -0.05311611
v -0.01638660 0.00862044 -0.05442797
v 0.04531493 0.00897948 -0.05180424
v 0.04662067 0.00898309 -0.05180424
v 0.04662067 0.00890190 -0.05311611
v 0.04797823 0.00857714 -0.05308256
v 0.04865182 0.00839672 -0.05262416
v 0.04844456 0.00828486 -0.05349997
v 0.05261050 0.00330340 -0.05311611
v 0.05234107 0.00396013 -0.05311611
v 0.05175037 0.00507154 -0.05311611
v 0.05128403 0.00580225 -0.05311611
v 0.04935651 0.00787710 -0.05180424
v 0.05007156 0.00722036 -0.05180424
v -0.05003538 0.00603319 -0.05049238
v -0.04966231 0.00670616 -0.05180424
v -0.04471914 0.00836244 -0.05001161
v -0.04527875 0.00826681 -0.05180424
v -0.03954798 0.00836244 -0.05386894
v -0.04000396 0.00838409 -0.05312356
v -0.04264653 0.00841296 -0.05049238
v -0.04134079 0.00844182 -0.05049238
v -0.01638660 0.00867096 -0.05311611
v 0.04662067 0.00901917 -0.05049238
v 0.04793677 0.00873230 -0.05180424
v 0.04870364 0.00843461 -0.05180424
v 0.05128403 0.00580585 -0.05180424
v 0.05073480 0.00646259 -0.05180424
v -0.04386937 0.00837507 -0.05046629
v -0.04424245 0.00834440 -0.05088743
v -0.04744349 -0.00878395 -0.02291489
v -0.04750317 -0.00880372 -0.02160204
v -0.04996979 -0.00877604 0.00071632
v -0.05082515 -0.00543060 0.00596770
v -0.04658813 -0.00889467 -0.02160204
v -0.04754295 -0.00881360 -0.02028920
v -0.04921389 -0.00880570 0.00202917
v -0.04790101 -0.00885315 0.00859339
v -0.04790101 -0.00884326 0.00991548
v -0.04883594 -0.00878592 0.00859339
v -0.04874643 -0.00877999 0.00991548
v -0.04993996 -0.00876220 0.00202917
v -0.05037758 -0.00801877 0.00596770
v -0.05040742 -0.00805633 0.00334201
v -0.05041736 -0.00805633 0.00202917
v -0.04658813 -0.00890653 -0.02028920
v -0.05087489 -0.00674346 0.00596770
v -0.05080526 -0.00543060 0.00728055
v -0.05071574 -0.00411773 0.00728055
v -0.05058645 -0.00280486 0.00596770
v -0.04658813 -0.00881558 -0.02422773
v -0.04658813 -0.00886106 -0.02291489
v -0.01770474 -0.00918334 -0.02291489
v -0.04264949 -0.00895201 -0.00978644
v -0.04264949 -0.00895003 -0.00847359
v -0.01901762 -0.00921102 0.01122833
v -0.04734403 -0.00872265 0.01748746
v -0.04854750 -0.00871277 0.01449195
v -0.04858729 -0.00872661 0.01361364
v -0.04867680 -0.00876220 0.01122833
v 0.04268780 -0.00941468 0.05060443
v -0.04991011 -0.00873847 0.00334201
v -0.05032785 -0.00796934 0.00728055
v -0.04989022 -0.00872068 0.00418334
v -0.00851457 -0.00931779 0.00465486
v -0.04993996 -0.00749678 0.01779255
v -0.04990017 -0.00743944 0.01880955
v -0.04987033 -0.00736826 0.01968786
v -0.05079531 -0.00674346 0.00728055
v -0.04989022 -0.00615623 0.02260940
v -0.05074559 -0.00543060 0.00859339
v -0.05065607 -0.00411773 0.00859339
v -0.04955206 0.00244661 0.01779255
v -0.05055661 -0.00280486 0.00728055
v -0.04981066 0.00264829 0.00728055
v 0.04662644 -0.00913589 -0.02028920
v 0.04662644 -0.00917543 -0.01897635
v 0.01510734 -0.00947202 0.00596770
v 0.01379446 -0.00947004 0.00596770
v 0.01379446 -0.00947992 0.00728055
v -0.00326305 -0.00934152 0.01254117
v -0.03608508 -0.00772812 0.05848151
v -0.04527525 -0.00788036 0.04404021
v -0.04783139 -0.00865543 0.01787576
v -0.00457593 -0.00896387 0.03747598
v -0.00982745 -0.00814333 0.06504573
v -0.02689491 -0.00785663 0.06242004
v -0.04634942 -0.00756994 0.04666590
v 0.01510734 -0.00947795 0.00728055
v 0.04793932 -0.00926836 -0.00322221
v 0.04793932 -0.00927034 -0.00190937
v 0.04400068 -0.00930198 0.04666590
v 0.04400068 -0.00926836 0.04797874
v 0.04409019 -0.00913391 0.04927310
v 0.04376197 -0.00909437 0.05060443
v 0.04266791 -0.00905087 0.05190803
v 0.04135502 -0.00902714 0.05321163
v 0.04002225 -0.00898365 0.05451524
v 0.03868948 -0.00892235 0.05580959
v 0.03731692 -0.00885117 0.05710394
v 0.03439277 -0.00879976 0.05926736
v 0.03482045 -0.00888676 0.05851848
v 0.03349763 -0.00884326 0.05943378
v 0.02499374 -0.00871672 0.06308571
v 0.02482465 -0.00871672 0.06308571
v 0.01379446 -0.00854668 0.06373288
v -0.04997974 -0.00756796 0.01647971
v -0.04921389 -0.00818683 0.01647971
v -0.04909454 -0.00785663 0.02172184
v -0.04917411 -0.00790607 0.02041824
v -0.04900502 -0.00779930 0.02303469
v -0.04700587 -0.00707366 0.04666590
v -0.04734403 -0.00641723 0.04666590
v -0.04729430 -0.00628673 0.04759044
v -0.04989022 -0.00589722 0.02260940
v -0.04732414 -0.00543060 0.04770138
v -0.04992006 -0.00544839 0.02172184
v -0.04989022 -0.00455667 0.02126882
v -0.04955206 0.00113374 0.02041824
v -0.04962168 0.00113374 0.01910540
v -0.04949238 0.00244661 0.01910540
v -0.04936308 0.00375948 0.01779255
v -0.04939292 0.00375948 0.01647971
v -0.04959184 0.00375948 0.00728055
v -0.04927357 0.00507235 0.00596770
v -0.04724457 0.00835452 -0.00913926
v -0.04851767 0.00698036 0.00334201
v 0.04777024 -0.00901924 -0.01897635
v -0.02820779 -0.00779139 0.06242004
v -0.03488160 -0.00760751 0.05991454
v -0.03608508 -0.00755610 0.05956322
v -0.03741785 -0.00757587 0.05850924
v -0.03871084 -0.00762728 0.05716866
v -0.03739796 -0.00771823 0.05716866
v -0.04527525 -0.00775382 0.04666590
v -0.00982745 -0.00801086 0.06635857
v -0.01114033 -0.00810774 0.06504573
v 0.00197853 -0.00826592 0.06635857
v 0.00066565 -0.00824614 0.06635857
v -0.00063728 -0.00822637 0.06635857
v -0.00195017 -0.00820462 0.06635857
v -0.00326305 -0.00817892 0.06635857
v -0.02295627 -0.00784477 0.06373288
v -0.04527525 -0.00765298 0.04797874
v -0.04618034 -0.00749283 0.04797874
v 0.04896377 -0.00900737 -0.00716075
v 0.04920247 -0.00902517 -0.00322221
v 0.04915274 -0.00903901 -0.00190937
v 0.04869523 -0.00876417 0.02172184
v 0.04495550 -0.00903703 0.04666590
v 0.04864549 -0.00874242 0.02303469
v 0.04479636 -0.00892235 0.04797874
v 0.04352327 -0.00887490 0.05146426
v 0.04469690 -0.00879185 0.04882007
v 0.04223028 -0.00887094 0.05276786
v 0.04089750 -0.00886501 0.05406221
v 0.03955478 -0.00883338 0.05534732
v 0.03821206 -0.00880372 0.05662318
v 0.03679972 -0.00873056 0.05784357
v 0.03612339 -0.00881558 0.05804697
v 0.03303016 -0.00766089 0.06055247
v 0.03043424 -0.00767473 0.06187456
v 0.02977780 -0.00854866 0.06154173
v 0.02890254 -0.00871277 0.06176361
v 0.03526803 -0.00841619 0.05897151
v 0.03482045 -0.00800888 0.05942453
v 0.02299458 -0.00763914 0.06452799
v 0.02168170 -0.00786454 0.06471290
v 0.01642022 -0.00778743 0.06601650
v 0.01510734 -0.00787641 0.06615518
v 0.01642022 -0.00838257 0.06504573
v 0.01510734 -0.00846562 0.06504573
v 0.01379446 -0.00847155 0.06504573
v 0.02693322 -0.00771230 0.06323364
v 0.00329141 -0.00828173 0.06635857
v -0.04689645 -0.00673160 0.04800648
v -0.04614056 -0.00638757 0.05060443
v -0.04596153 -0.00613844 0.05130708
v -0.04690640 -0.00543060 0.04929159
v -0.04719484 -0.00543060 0.04835781
v -0.04970125 -0.00543060 0.02434753
v -0.04982060 -0.00544839 0.02304393
v -0.04955206 -0.00017715 0.02172184
v -0.04728435 -0.00411773 0.04750723
v -0.04925368 -0.00411773 0.02828607
v -0.04942276 0.00113374 0.02172184
v -0.04938297 0.00244661 0.02041824
v -0.04929346 0.00375948 0.01910540
v -0.04894535 0.00507235 0.01910540
v -0.04900502 0.00507235 0.01779255
v -0.04904481 0.00507235 0.01647971
v -0.04869669 0.00598582 0.01647971
v -0.04881605 0.00626461 0.00596770
v -0.04396236 0.00909795 -0.02160204
v -0.04724457 0.00835452 -0.00910228
v -0.04649862 0.00861946 0.01385402
v -0.04670748 0.00851270 -0.00858454
v -0.04527525 0.00885871 -0.01635066
v -0.04850772 0.00695465 0.00465486
v -0.04716500 0.00829718 0.01516686
v -0.02820779 -0.00755412 0.06333534
v -0.03451360 -0.00750271 0.06062644
v -0.02426915 -0.00777755 0.06373288
v -0.02689491 -0.00762135 0.06356647
v -0.03699017 -0.00747899 0.05929510
v -0.03938717 -0.00740978 0.05784357
v -0.03990437 -0.00746712 0.05705772
v -0.04122720 -0.00747108 0.05574487
v -0.04002372 -0.00761146 0.05585581
v -0.04396236 -0.00763519 0.05060443
v -0.04396236 -0.00770439 0.04929159
v -0.00326305 -0.00773998 0.06738482
v -0.00851457 -0.00764507 0.06727387
v -0.00982745 -0.00762332 0.06723689
v -0.01376610 -0.00744340 0.06706122
v -0.01639186 -0.00764903 0.06616442
v -0.01770474 -0.00787838 0.06504573
v -0.00063728 -0.00777755 0.06741255
v -0.00195017 -0.00776371 0.06740330
v -0.04485751 -0.00747899 0.05060443
v -0.04468843 -0.00742956 0.05135331
v -0.04598141 -0.00742363 0.04875536
v 0.05022692 -0.00781709 0.01647971
v 0.04935166 -0.00844189 0.01910540
v 0.04938150 -0.00837466 0.02041824
v 0.04860571 -0.00871870 0.02372809
v 0.05005784 -0.00761541 0.02172184
v 0.04996832 -0.00749283 0.02303469
v 0.04991859 -0.00741967 0.02374658
v 0.04452782 -0.00805633 0.04959669
v 0.04408025 -0.00805633 0.05060443
v 0.04355310 -0.00805633 0.05151048
v 0.04298618 -0.00805633 0.05216691
v 0.04232974 -0.00805633 0.05289729
v 0.04169319 -0.00805633 0.05355372
v 0.04559205 -0.00805633 0.04535306
v 0.04533345 -0.00805633 0.04666590
v 0.04501517 -0.00805633 0.04797874
v 0.04475658 -0.00805633 0.04894026
v 0.04103675 -0.00805633 0.05420089
v 0.03970397 -0.00805633 0.05549524
v 0.03900775 -0.00805633 0.05615167
v 0.03835131 -0.00805633 0.05674337
v 0.03551668 -0.00754028 0.05918415
v 0.03755562 -0.00805633 0.05739979
v 0.03369655 -0.00674346 0.06020115
v 0.03304011 -0.00674346 0.06056172
v 0.03115035 -0.00674346 0.06156946
v 0.03048397 -0.00674346 0.06191154
v 0.02955898 -0.00674346 0.06236457
v 0.02769907 -0.00749085 0.06312269
v 0.02942968 -0.00808995 0.06202249
v 0.02370075 -0.00744340 0.06440780
v 0.01859841 -0.00748887 0.06575762
v 0.01773311 -0.00762926 0.06585933
v 0.01292915 -0.00728720 0.06698726
v 0.01205390 -0.00744735 0.06705198
v 0.01379446 -0.00790013 0.06626612
v 0.01116870 -0.00751458 0.06709821
v 0.00985582 -0.00758773 0.06716292
v 0.00723006 -0.00820660 0.06635857
v 0.00591718 -0.00825801 0.06635857
v 0.00460429 -0.00828371 0.06635857
v 0.00197853 -0.00779336 0.06741255
v 0.00066565 -0.00778546 0.06742179
v -0.04635937 -0.00682058 0.04923612
v -0.04574271 -0.00731092 0.04963367
v -0.04551395 -0.00704400 0.05060443
v -0.04518573 -0.00668415 0.05176935
v -0.04558358 -0.00543060 0.05199124
v -0.04597147 -0.00543060 0.05133482
v -0.04634942 -0.00543060 0.05060443
v -0.04481773 -0.00635593 0.05287880
v -0.04492714 -0.00543060 0.05300824
v -0.04682683 -0.00411773 0.04929159
v -0.04630964 -0.00411773 0.05060443
v -0.04713516 -0.00411773 0.04816366
v -0.04937303 -0.00411773 0.02697322
v -0.04914426 -0.00280486 0.02828607
v -0.04706554 -0.00292152 0.04785855
v -0.04724457 -0.00343955 0.04733156
v -0.04720478 -0.00248653 0.04666590
v -0.04867680 0.00257315 0.02709341
v -0.04855745 0.00309514 0.02762040
v -0.04918405 0.00375948 0.02041824
v -0.04885583 0.00507235 0.02041824
v -0.04857734 0.00575449 0.02121335
v -0.04863702 0.00587312 0.01910540
v -0.04866686 0.00593837 0.01779255
v -0.04832869 0.00664225 0.01647971
v -0.04842815 0.00678659 0.01122833
v -0.04844804 0.00682613 0.00991548
v -0.04396236 0.00911772 -0.02028920
v -0.04264949 0.00920670 -0.02028920
v -0.04650856 0.00861353 0.01516686
v -0.04527525 0.00897339 0.01254117
v -0.04527525 0.00886859 -0.01503782
v -0.04396236 0.00913552 -0.01897635
v -0.00982745 0.00993233 -0.01897635
v -0.04769214 0.00764075 0.01516686
v -0.04767225 0.00760713 0.01647971
v -0.04756284 0.00743314 0.02172184
v -0.04712521 0.00826554 0.01647971
v -0.04641904 0.00859178 0.01779255
v -0.04646878 0.00860365 0.01647971
v -0.02913277 -0.00747306 0.06317816
v -0.02530354 -0.00745328 0.06447252
v -0.02617879 -0.00738408 0.06437082
v -0.03539880 -0.00737815 0.06042304
v -0.03275314 -0.00738606 0.06173588
v -0.01901762 -0.00778743 0.06504573
v -0.02295627 -0.00758378 0.06477761
v -0.02426915 -0.00752249 0.06460195
v -0.03960599 -0.00674346 0.05800074
v -0.04026243 -0.00674346 0.05744602
v -0.04099844 -0.00674346 0.05678960
v -0.04165488 -0.00674346 0.05617016
v -0.04234116 -0.00674346 0.05551374
v -0.04071000 -0.00741572 0.05653998
v -0.03786542 -0.00720415 0.05896227
v -0.03741785 -0.00675731 0.05951699
v -0.03818370 -0.00632825 0.05923038
v -0.04202288 -0.00741374 0.05522713
v -0.04226159 -0.00746515 0.05454297
v -0.04133660 -0.00758180 0.05454297
v -0.04392258 -0.00750865 0.05184332
v -0.00195017 -0.00674346 0.06799501
v -0.00326305 -0.00674346 0.06795803
v -0.00588881 -0.00768264 0.06733859
v -0.00457593 -0.00674346 0.06791180
v -0.00588881 -0.00674346 0.06785633
v -0.00851457 -0.00674346 0.06770840
v -0.00982745 -0.00674346 0.06762519
v -0.01448221 -0.00740978 0.06702424
v -0.01770474 -0.00759762 0.06602574
v 0.00066565 -0.00674346 0.06803199
v -0.04433037 -0.00722986 0.05223162
v -0.04318657 -0.00736233 0.05374787
v 0.05061481 -0.00674346 0.01647971
v 0.05019708 -0.00781116 0.01779255
v 0.04935166 -0.00827185 0.02172184
v 0.05015729 -0.00778546 0.01910540
v 0.05011751 -0.00771823 0.02041824
v 0.05038605 -0.00674346 0.02041824
v 0.05027665 -0.00674346 0.02172184
v 0.05010756 -0.00674346 0.02303469
v 0.04995837 -0.00674346 0.02397772
v 0.04472674 -0.00674346 0.04881083
v 0.04443830 -0.00674346 0.04946725
v 0.04336413 -0.00067936 0.04999424
v 0.04301601 -0.00021669 0.05050274
v 0.04227006 -0.00674346 0.05286955
v 0.04171308 -0.00674346 0.05352598
v 0.04221039 0.00113374 0.05152897
v 0.04175287 0.00113374 0.05218539
v 0.04099696 0.00244661 0.05296201
v 0.04050961 0.00244661 0.05361843
v 0.04105664 -0.00674346 0.05423787
v 0.04040020 -0.00674346 0.05489429
v 0.04537323 -0.00674346 0.04666590
v 0.04982907 -0.00674346 0.02463414
v 0.04987881 -0.00543060 0.02484678
v 0.04501517 -0.00674346 0.04797874
v 0.03974376 -0.00674346 0.05554147
v 0.03906742 -0.00674346 0.05619789
v 0.03841098 -0.00674346 0.05678960
v 0.03764514 -0.00674346 0.05744602
v 0.03698869 -0.00674346 0.05799150
v 0.03551668 -0.00717845 0.05918415
v 0.03266216 0.00244661 0.06034907
v 0.03200572 0.00244661 0.06071889
v 0.03204550 0.00113374 0.06075587
v 0.03087187 0.00113374 0.06139380
v 0.03075251 -0.00007433 0.06150474
v 0.03017564 0.00113374 0.06175437
v 0.02838535 -0.00674346 0.06288231
v 0.02968828 -0.00007433 0.06203173
v 0.02824610 0.00244661 0.06259570
v 0.02738079 0.00244661 0.06299326
v 0.02772891 -0.00674346 0.06313194
v 0.02693322 -0.00674346 0.06340930
v 0.02445665 -0.00674346 0.06423214
v 0.02380021 -0.00674346 0.06444478
v 0.02299458 -0.00674346 0.06469440
v 0.02168170 -0.00674346 0.06507347
v 0.02036881 -0.00674346 0.06542479
v 0.01773311 -0.00674346 0.06610895
v 0.01642022 -0.00674346 0.06642329
v 0.01510734 -0.00674346 0.06670990
v 0.01350603 -0.00641129 0.06709821
v 0.01249153 -0.00680674 0.06718142
v 0.01388398 -0.00680674 0.06693179
v 0.01116870 -0.00674346 0.06736632
v 0.00854294 -0.00764705 0.06720915
v 0.00591718 -0.00774987 0.06729236
v 0.00460429 -0.00778546 0.06735708
v 0.00329141 -0.00674346 0.06794878
v 0.00329141 -0.00779732 0.06740330
v -0.04557363 -0.00411773 0.05197275
v -0.04596153 -0.00411773 0.05131633
v -0.04364409 -0.00648643 0.05431183
v -0.04380323 -0.00543060 0.05449674
v -0.04445967 -0.00543060 0.05366466
v -0.04491719 -0.00411773 0.05298050
v -0.04617039 -0.00289581 0.05066916
v -0.04668759 -0.00280486 0.04929159
v -0.04594163 -0.00339407 0.05127935
v -0.04686662 -0.00149199 0.04797874
v -0.04707549 -0.00149199 0.04666590
v -0.04683678 -0.00017715 0.04666590
v -0.04650856 0.00113374 0.04666590
v -0.04845799 0.00374959 0.02709341
v -0.04872653 0.00514748 0.02168486
v -0.04904481 0.00375948 0.02172184
v -0.04852761 0.00563585 0.02207317
v -0.04805020 0.00638522 0.02303469
v -0.04826901 0.00627054 0.02168486
v -0.04823918 0.00646035 0.02041824
v -0.04826901 0.00652955 0.01910540
v -0.04829885 0.00659480 0.01779255
v -0.04264949 0.00922647 -0.01897635
v -0.04527525 0.00892989 0.01779255
v -0.04527525 0.00894570 0.01647971
v -0.04133660 0.00932335 0.03091176
v -0.04396236 0.00912958 0.01254117
v -0.04396236 0.00913749 0.01122833
v -0.04264949 0.00924426 0.01122833
v -0.04002372 0.00944001 0.00071632
v -0.00588881 0.01012214 -0.01109928
v -0.00457593 0.01013203 -0.01241213
v -0.00851457 0.00994024 -0.01897635
v -0.04751311 0.00736987 0.02303469
v -0.04694619 0.00813307 0.02041824
v -0.04701581 0.00817657 0.01910540
v -0.04707549 0.00822205 0.01779255
v -0.04635937 0.00856806 0.01910540
v -0.02955051 -0.00681267 0.06343703
v -0.03000803 -0.00729708 0.06294703
v -0.02092727 -0.00738804 0.06568366
v -0.02164339 -0.00730104 0.06559121
v -0.02295627 -0.00706971 0.06543404
v -0.02295627 -0.00641327 0.06585008
v -0.02376190 -0.00620369 0.06574838
v -0.02689491 -0.00649631 0.06457422
v -0.02769060 -0.00620962 0.06443553
v -0.03345932 -0.00642711 0.06196702
v -0.03413565 -0.00611471 0.06178211
v -0.03577675 -0.00650225 0.06065417
v -0.03616465 -0.00686210 0.06022888
v -0.03058490 -0.00642118 0.06324288
v -0.04046135 -0.00543060 0.05764942
v -0.04123714 -0.00543060 0.05699300
v -0.04189358 -0.00543060 0.05642903
v -0.04260970 -0.00543060 0.05577261
v -0.04326614 -0.00543060 0.05515317
v -0.03661222 -0.00543060 0.06037681
v -0.03739796 -0.00543060 0.05986831
v -0.03826327 -0.00543060 0.05929510
v -0.03980491 -0.00543060 0.05814867
v -0.00063728 -0.00560657 0.06828162
v 0.00066565 -0.00567973 0.06829086
v -0.00457593 -0.00543060 0.06818916
v -0.00588881 -0.00388244 0.06845728
v -0.00588881 -0.00280486 0.06867916
v -0.01376610 -0.00674346 0.06728311
v -0.01498946 -0.00677510 0.06714443
v -0.01724722 -0.00618985 0.06705198
v -0.02164339 -0.00664460 0.06598876
v 0.00197853 -0.00674346 0.06801350
v 0.05063471 -0.00543060 0.01647971
v 0.05054519 -0.00674346 0.01779255
v 0.05041589 -0.00543060 0.02041824
v 0.05031643 -0.00543060 0.02172184
v 0.05017719 -0.00543060 0.02303469
v 0.04999816 -0.00543060 0.02419036
v 0.04483615 -0.00554725 0.04799724
v 0.04330445 0.00019457 0.04980933
v 0.04271763 0.00113374 0.05060443
v 0.04212087 0.00205512 0.05139954
v 0.03985316 0.00244661 0.05441353
v 0.03928624 0.00244661 0.05506996
v 0.03936581 0.00113374 0.05515317
v 0.04084777 0.00375948 0.05275861
v 0.04038031 0.00375948 0.05341503
v 0.03972387 0.00375948 0.05426561
v 0.03806287 0.00137496 0.05648450
v 0.04522404 -0.00543060 0.04666590
v 0.04970972 -0.00543060 0.02566038
v 0.04985891 -0.00411773 0.02471735
v 0.04476653 -0.00411773 0.04758119
v 0.03760535 -0.00543060 0.05739979
v 0.03667042 0.00113374 0.05775112
v 0.03694892 -0.00543060 0.05795452
v 0.03601398 0.00113374 0.05822264
v 0.03507905 0.00113374 0.05887906
v 0.03435299 0.00244661 0.05928586
v 0.03349763 0.00244661 0.05983133
v 0.03252291 0.00375948 0.06026587
v 0.03186647 0.00375948 0.06064492
v 0.03087187 0.00244661 0.06131984
v 0.03009607 0.00244661 0.06170814
v 0.02943963 0.00244661 0.06203173
v 0.02951920 0.00113374 0.06205947
v 0.02672435 0.00244661 0.06327986
v 0.02562034 0.00244661 0.06374213
v 0.02443676 0.00244661 0.06420440
v 0.02824610 0.00375948 0.06245702
v 0.02724155 0.00375948 0.06291929
v 0.02658511 0.00375948 0.06321514
v 0.02562034 0.00375948 0.06364043
v 0.02379026 0.00113374 0.06444478
v 0.02562034 -0.00543060 0.06386232
v 0.02452627 -0.00543060 0.06424138
v 0.02386983 -0.00543060 0.06446327
v 0.02299458 -0.00543060 0.06473139
v 0.02168170 -0.00543060 0.06511045
v 0.02036881 -0.00543060 0.06548026
v 0.01962286 -0.00543060 0.06568366
v 0.01773311 -0.00543060 0.06619216
v 0.01642022 -0.00543060 0.06649726
v 0.01248158 -0.00017715 0.06752349
v 0.01248158 -0.00543060 0.06733859
v 0.01116870 -0.00543060 0.06757896
v 0.01379446 -0.00017715 0.06725538
v 0.00325163 -0.00534360 0.06823539
v 0.00197853 -0.00561645 0.06827237
v -0.04484757 -0.00280486 0.05288804
v -0.04441988 -0.00411773 0.05363692
v -0.04436021 -0.00280486 0.05354447
v -0.04587201 -0.00251816 0.05114991
v -0.04579244 -0.00149199 0.05095576
v -0.04610077 -0.00149199 0.05029934
v -0.04649862 -0.00149199 0.04929159
v -0.04555374 -0.00289581 0.05179709
v -0.04525535 -0.00149199 0.05191728
v -0.04663786 -0.00017715 0.04797874
v -0.04621018 0.00125435 0.04809893
v -0.04603115 0.00203733 0.04773836
v -0.04613061 0.00229634 0.04666590
v -0.04804025 0.00507235 0.02697322
v -0.04767225 0.00638522 0.02566038
v -0.04731419 0.00712469 0.02566038
v -0.04742360 0.00726903 0.02434753
v -0.04002372 0.00943605 -0.00059652
v -0.00720169 0.01020123 0.00071632
v -0.04527525 0.00888639 0.01910540
v -0.04133660 0.00927590 0.03222460
v -0.04002372 0.00944396 0.03222460
v -0.00720169 0.01020717 0.00202917
v 0.00197853 0.01025462 -0.00716075
v 0.00197853 0.01024276 -0.00847359
v 0.00329141 0.01022496 -0.00978644
v 0.04400068 0.01069554 0.00334201
v -0.04677710 0.00802630 0.02303469
v -0.04686662 0.00808957 0.02172184
v -0.04612066 0.00845931 0.02303469
v -0.04621018 0.00849688 0.02172184
v -0.04628975 0.00853444 0.02041824
v -0.02295627 -0.00543060 0.06597027
v -0.02385141 -0.00543060 0.06576687
v -0.02450785 -0.00543060 0.06559121
v -0.02558203 -0.00543060 0.06526762
v -0.02788952 -0.00543060 0.06450950
v -0.02854596 -0.00543060 0.06427836
v -0.02952067 -0.00543060 0.06390855
v -0.03146015 -0.00587745 0.06306722
v -0.03413565 -0.00543060 0.06177286
v -0.03479209 -0.00543060 0.06141229
v -0.03595578 -0.00543060 0.06075587
v -0.03202708 -0.00543653 0.06283608
v -0.03345932 -0.00543060 0.06213344
v -0.03964577 -0.00149199 0.05805622
v -0.04030221 -0.00149199 0.05750149
v -0.03827321 -0.00411773 0.05929510
v -0.03824338 -0.00280486 0.05927661
v -0.03889982 -0.00280486 0.05874962
v -0.04184385 -0.00411773 0.05638281
v -0.04178417 -0.00280486 0.05632733
v -0.04254008 -0.00411773 0.05572638
v -0.04319652 -0.00411773 0.05508845
v -0.04376344 -0.00411773 0.05443203
v -0.04247045 -0.00280486 0.05567091
v -0.03658238 -0.00411773 0.06035832
v -0.03739796 -0.00411773 0.05985907
v 0.00197853 -0.00496002 0.06834633
v -0.00457593 -0.00149199 0.06885483
v -0.00457593 -0.00280486 0.06868841
v -0.00588881 -0.00149199 0.06880860
v -0.00720169 -0.00149199 0.06873464
v -0.01639186 -0.00636977 0.06709821
v -0.02164339 0.00113374 0.06635857
v -0.01901762 -0.00543060 0.06672839
v -0.00720169 -0.00017715 0.06881785
v 0.05035622 -0.00411773 0.02041824
v 0.05026670 -0.00411773 0.02172184
v 0.05011751 -0.00411773 0.02303469
v 0.04996832 -0.00411773 0.02406093
v 0.04341386 0.00113374 0.04887555
v 0.04334424 0.00180600 0.04865366
v 0.04319505 0.00113374 0.04953197
v 0.04468696 -0.00330312 0.04740553
v 0.04417971 -0.00149199 0.04797874
v 0.04232974 0.00247429 0.05065991
v 0.04197168 0.00292905 0.05113142
v 0.04083783 0.00599373 0.05147350
v 0.04093729 0.00496953 0.05190803
v 0.04072842 0.00446337 0.05260144
v 0.03915694 0.00375948 0.05492203
v 0.03850050 0.00375948 0.05562468
v 0.03862980 0.00244661 0.05576336
v 0.04020128 0.00496953 0.05311918
v 0.03952495 0.00507235 0.05403447
v 0.03799325 0.00244661 0.05641978
v 0.03733681 0.00244661 0.05702073
v 0.04499529 -0.00411773 0.04666590
v 0.04975945 -0.00284836 0.02430131
v 0.04992853 -0.00331696 0.02383904
v 0.03659086 0.00244661 0.05767716
v 0.03593441 0.00244661 0.05815792
v 0.03426348 0.00349256 0.05921189
v 0.03361698 0.00386032 0.05956322
v 0.03413418 0.00436648 0.05912868
v 0.03331860 0.00507235 0.05945227
v 0.03168744 0.00468284 0.06054323
v 0.03087187 0.00375948 0.06117191
v 0.02994688 0.00375948 0.06164343
v 0.02929044 0.00375948 0.06195777
v 0.02374053 0.00341347 0.06442629
v 0.02378032 0.00244661 0.06443553
v 0.02910146 0.00475204 0.06185607
v 0.02640608 0.00463341 0.06314118
v 0.02422789 0.00381484 0.06419516
v 0.02345210 0.00507235 0.06431535
v 0.02361123 0.00428740 0.06438006
v 0.02384994 -0.00411773 0.06446327
v 0.02299458 0.00244661 0.06470365
v 0.02168170 0.00244661 0.06512894
v 0.02299458 -0.00280486 0.06473139
v 0.02168170 -0.00280486 0.06512894
v 0.02036881 -0.00280486 0.06550800
v 0.01773311 -0.00149199 0.06624763
v 0.01533610 0.00113374 0.06691330
v 0.01462993 -0.00017715 0.06706122
v 0.01248158 0.00113374 0.06752349
v 0.01116870 -0.00017715 0.06775463
v 0.01116870 -0.00149199 0.06773614
v 0.01379446 0.00113374 0.06726462
v 0.00985582 -0.00149199 0.06792104
v 0.00854294 -0.00017715 0.06814294
v 0.00415672 -0.00371042 0.06835558
v 0.00365942 -0.00458633 0.06830935
v 0.01467966 0.00113374 0.06707047
v 0.00278416 -0.00484930 0.06833709
v -0.04474811 -0.00149199 0.05274937
v -0.04370377 -0.00280486 0.05433957
v -0.04360431 -0.00149199 0.05424712
v -0.04426075 -0.00149199 0.05340579
v -0.04569298 -0.00012772 0.05055821
v -0.04600131 -0.00053305 0.05009594
v -0.04494703 -0.00018110 0.05200049
v -0.04620023 -0.00012772 0.04938404
v -0.04466854 -0.00062202 0.05263842
v -0.04608088 0.00089846 0.04900498
v -0.04593169 0.00177436 0.04861667
v -0.04579244 0.00246441 0.04809893
v -0.04530508 0.00375948 0.04797874
v -0.04555374 0.00375948 0.04666590
v -0.04587201 0.00295278 0.04666590
v -0.04593169 0.00309118 0.04598174
v -0.04494703 0.00497942 0.04666590
v -0.04456908 0.00563585 0.04666590
v -0.04370377 0.00647024 0.04790478
v -0.04332582 0.00705747 0.04741477
v -0.04667764 0.00792546 0.02434753
v -0.04527525 0.00882707 0.02041824
v -0.04527525 0.00876182 0.02172184
v -0.04602120 0.00840790 0.02434753
v -0.04073984 0.00838418 0.04888479
v -0.04008340 0.00846129 0.04931008
v -0.03871084 0.00858783 0.05060443
v -0.03739796 0.00867878 0.05191728
v -0.03608508 0.00868669 0.05323013
v -0.03345932 0.00870053 0.05585581
v -0.03214644 0.00870646 0.05716866
v -0.01376610 0.00887453 0.06373288
v 0.04137491 0.01047607 0.02566038
v 0.04400068 0.01068367 0.01647971
v 0.04400068 0.01070542 0.01516686
v 0.04531356 0.01071926 0.01385402
v 0.04531356 0.01068367 0.00465486
v 0.04531356 0.01067379 0.00334201
v -0.04596153 0.00836836 0.02508716
v -0.02295627 -0.00017715 0.06607197
v -0.02405033 0.00113374 0.06582234
v -0.02470677 0.00113374 0.06564668
v -0.02689491 -0.00411773 0.06490705
v -0.02798898 -0.00411773 0.06454648
v -0.02864542 -0.00411773 0.06431535
v -0.02952067 -0.00411773 0.06398251
v -0.03095291 -0.00543653 0.06331684
v -0.03151983 -0.00500352 0.06309495
v -0.03141043 0.00244661 0.06303948
v -0.03592594 -0.00411773 0.06072813
v -0.03216632 -0.00411773 0.06276212
v -0.03958609 -0.00017715 0.05800999
v -0.03883019 -0.00149199 0.05871264
v -0.04105811 -0.00149199 0.05684507
v -0.03817375 -0.00149199 0.05923038
v -0.03739796 -0.00280486 0.05980360
v -0.04171455 -0.00149199 0.05625337
v -0.04312690 -0.00280486 0.05499600
v -0.04238094 -0.00149199 0.05559694
v -0.03214644 0.00244661 0.06262344
v -0.00326305 -0.00149199 0.06882709
v -0.00326305 -0.00017715 0.06893804
v -0.00457593 -0.00017715 0.06892879
v -0.02164339 0.00244661 0.06634933
v -0.02295627 0.00113374 0.06609046
v -0.02033050 0.00244661 0.06658971
v -0.00588881 0.00113374 0.06892879
v -0.00720169 0.00113374 0.06880860
v -0.01901762 0.00375948 0.06681160
v 0.05021697 -0.00280486 0.02041824
v 0.05012746 -0.00280486 0.02172184
v 0.04367246 0.00113374 0.04797874
v 0.04379181 0.00244661 0.04666590
v 0.04337407 0.00319993 0.04740553
v 0.04298618 0.00232402 0.04917140
v 0.04428911 -0.00017715 0.04666590
v 0.04405041 0.00113374 0.04666590
v 0.04151416 0.00507235 0.05060443
v 0.04062896 0.00686963 0.05109444
v 0.04036041 0.00641290 0.05190803
v 0.03962440 0.00625867 0.05317465
v 0.03940559 0.00573669 0.05389579
v 0.04056928 0.00533729 0.05234257
v 0.04103675 0.00641290 0.05063217
v 0.03893813 0.00507235 0.05469089
v 0.03828169 0.00507235 0.05540279
v 0.03784406 0.00375948 0.05628110
v 0.03718762 0.00375948 0.05687281
v 0.04860571 0.00576833 0.02242449
v 0.04997826 -0.00284836 0.02294223
v 0.04985891 -0.00244105 0.02332130
v 0.04906323 0.00375948 0.02172184
v 0.04884442 0.00507235 0.02172184
v 0.03641183 0.00375948 0.05752923
v 0.03575538 0.00375948 0.05804697
v 0.03474088 0.00386032 0.05878660
v 0.03397503 0.00507235 0.05901774
v 0.03558630 0.00471447 0.05791754
v 0.03490002 0.00511980 0.05831509
v 0.03305006 0.00601943 0.05927661
v 0.03214496 0.00510003 0.06013643
v 0.03141890 0.00555676 0.06039530
v 0.03093154 0.00510003 0.06081134
v 0.02954904 0.00514353 0.06152324
v 0.02168170 0.00507235 0.06499026
v 0.02168170 0.00375948 0.06511969
v 0.02884287 0.00562794 0.06173588
v 0.02833562 0.00514353 0.06210570
v 0.02614748 0.00550931 0.06302099
v 0.02430746 0.00507235 0.06394553
v 0.02254700 0.00592650 0.06447252
v 0.02279566 0.00507235 0.06457422
v 0.02036881 0.00375948 0.06551725
v 0.02022957 -0.00139906 0.06555423
v 0.01971238 -0.00089883 0.06570215
v 0.01917529 -0.00139906 0.06585008
v 0.01773311 -0.00017715 0.06625687
v 0.01642022 0.00244661 0.06658971
v 0.01520680 0.00244661 0.06688556
v 0.01642022 0.00113374 0.06661744
v 0.01248158 0.00244661 0.06747727
v 0.01116870 0.00113374 0.06775463
v 0.00985582 0.00113374 0.06797652
v 0.00985582 -0.00017715 0.06796727
v 0.01379446 0.00244661 0.06720915
v 0.00854294 0.00113374 0.06815218
v 0.00667308 0.00031913 0.06833709
v 0.00716043 -0.00014156 0.06827237
v 0.00554917 -0.00126264 0.06836483
v 0.00442526 -0.00280486 0.06838332
v 0.00329141 -0.00280486 0.06846653
v 0.00325163 -0.00413552 0.06838332
v 0.01455036 0.00244661 0.06704274
v -0.04349490 -0.00017715 0.05411768
v -0.04303738 -0.00149199 0.05490354
v -0.04293792 -0.00017715 0.05477411
v -0.04590185 0.00034286 0.04987405
v -0.04482767 0.00113374 0.05161218
v -0.04533492 0.00113374 0.05060443
v -0.04456908 0.00025388 0.05249050
v -0.04421102 -0.00018110 0.05313767
v -0.04581233 0.00125435 0.04938404
v -0.04544433 0.00244661 0.04929159
v -0.04491719 0.00379309 0.04931008
v -0.04470832 0.00457014 0.04888479
v -0.04482767 0.00477379 0.04797874
v -0.04444972 0.00543022 0.04797874
v -0.04362420 0.00615191 0.04929159
v -0.04322636 0.00696454 0.04829309
v -0.04244062 0.00736591 0.04929159
v -0.04124709 0.00807375 0.04931008
v -0.04056081 0.00832881 0.04975386
v -0.03949658 0.00839011 0.05151048
v -0.03970545 0.00842965 0.05060443
v -0.03877052 0.00847513 0.05193577
v -0.03608508 0.00857992 0.05454297
v -0.03477219 0.00859969 0.05585581
v -0.03750737 0.00853049 0.05332258
v -0.03345932 0.00860562 0.05716866
v -0.03083355 0.00867878 0.05848151
v -0.01507898 0.00882905 0.06373288
v -0.01245322 0.00878357 0.06504573
v -0.01114033 0.00881916 0.06504573
v -0.01245322 0.00888639 0.06373288
v 0.01379446 0.00907027 0.06242004
v 0.01773311 0.00907620 0.06242004
v 0.01904599 0.00902282 0.06242004
v 0.03218475 0.00885871 0.05585581
v 0.04268780 0.01050177 0.02434753
v 0.04531356 0.01070938 0.01516686
v 0.04662644 0.01049188 0.01385402
v 0.04662644 0.01048397 0.01254117
v -0.02394093 0.00244661 0.06579461
v -0.02295627 0.00244661 0.06604423
v -0.02459737 0.00244661 0.06561894
v -0.02558203 0.00244661 0.06532309
v -0.02558203 0.00113374 0.06536932
v -0.02689491 0.00113374 0.06492554
v -0.02791935 0.00113374 0.06453723
v -0.03083355 -0.00411773 0.06340930
v -0.02857579 0.00113374 0.06426912
v -0.02952067 0.00113374 0.06388081
v -0.03075398 0.00244661 0.06332609
v -0.03128113 0.00375948 0.06298401
v -0.03214644 0.00375948 0.06250325
v -0.03861138 -0.00013167 0.05874962
v -0.03948664 0.00083716 0.05793603
v -0.04024253 -0.00017715 0.05741829
v -0.03810413 -0.00053700 0.05917491
v -0.03317088 0.00244661 0.06200400
v -0.03308137 0.00375948 0.06194853
v -0.04095865 -0.00017715 0.05676186
v -0.04161509 -0.00017715 0.05615167
v -0.04228148 -0.00017715 0.05549524
v -0.00457593 0.00113374 0.06893804
v 0.00460429 -0.00017715 0.06848501
v 0.00329141 0.00113374 0.06857747
v 0.00197853 0.00244661 0.06864218
v 0.00197853 0.00375948 0.06859595
v -0.02164339 0.00375948 0.06627537
v -0.02033050 0.00375948 0.06657122
v -0.00195017 0.00375948 0.06866992
v -0.00195017 0.00507235 0.06852200
v -0.00326305 0.00507235 0.06849426
v -0.00588881 0.00244661 0.06874388
v -0.00851457 0.00507235 0.06808747
v -0.00982745 0.00507235 0.06794878
v -0.01730690 0.00460968 0.06705198
v 0.04920247 0.00638522 0.01122833
v 0.04939144 0.00375948 0.01779255
v 0.04932182 0.00375948 0.01910540
v 0.04924225 0.00375948 0.02041824
v 0.04350337 0.00348267 0.04666590
v 0.04835705 0.00627647 0.02293299
v 0.04204130 0.00575053 0.04866290
v 0.04303591 0.00368632 0.04789554
v 0.04238942 0.00386229 0.04940253
v 0.04216066 0.00507235 0.04895876
v 0.04083783 0.00722158 0.05021613
v 0.03948516 0.00715237 0.05269389
v 0.03915694 0.00661260 0.05356296
v 0.03828169 0.00726112 0.05410844
v 0.03787390 0.00666993 0.05498675
v 0.03812255 0.00579403 0.05523637
v 0.04163351 0.00626658 0.04918065
v 0.03680967 0.00577821 0.05653998
v 0.03760535 0.00507235 0.05605922
v 0.03694892 0.00507235 0.05666016
v 0.04902344 0.00507235 0.02041824
v 0.04865544 0.00598582 0.02172184
v 0.04855598 0.00690918 0.02080655
v 0.04848636 0.00664225 0.02172184
v 0.03606372 0.00511980 0.05739055
v 0.03540727 0.00558840 0.05777885
v 0.03450218 0.00638522 0.05809320
v 0.03348768 0.00642871 0.05877735
v 0.03271189 0.00689534 0.05906396
v 0.03224442 0.00642871 0.05956322
v 0.03054364 0.00613411 0.06063568
v 0.02036881 0.00638522 0.06507347
v 0.02036881 0.00507235 0.06541555
v 0.02966839 0.00649792 0.06093153
v 0.02833562 0.00649792 0.06159720
v 0.02754988 0.00701001 0.06175437
v 0.02796761 0.00613411 0.06193928
v 0.02527223 0.00605304 0.06322439
v 0.02298463 0.00637138 0.06409346
v 0.02206959 0.00680043 0.06427836
v 0.02119434 0.00716621 0.06446327
v 0.02165186 0.00637138 0.06462969
v 0.01951345 0.00507235 0.06565592
v 0.01773311 0.00113374 0.06625687
v 0.01971238 -0.00073472 0.06570215
v 0.01642022 0.00375948 0.06650650
v 0.01248158 0.00375948 0.06734783
v 0.01116870 0.00244661 0.06770840
v 0.01382430 0.00362898 0.06710745
v 0.00985582 0.00244661 0.06793029
v 0.01446085 0.00310502 0.06701500
v 0.01427187 0.00398093 0.06698726
v 0.00854294 0.00244661 0.06810595
v 0.00716043 0.00113770 0.06828162
v 0.00667308 0.00070271 0.06833709
v 0.00460429 0.00113374 0.06849426
v 0.00595696 -0.00014156 0.06838332
v 0.01497804 0.00362898 0.06685782
v -0.04338549 0.00073830 0.05399749
v -0.04214223 0.00113374 0.05534732
v -0.04442983 0.00113374 0.05226860
v -0.04468843 0.00198394 0.05138105
v -0.04489730 0.00243079 0.05062293
v -0.04325619 0.00161421 0.05381259
v -0.04312690 0.00244661 0.05360918
v -0.04473816 0.00337788 0.05019763
v -0.04454918 0.00425378 0.04976311
v -0.04430053 0.00503280 0.04931008
v -0.04345512 0.00593243 0.05024387
v -0.04309706 0.00680834 0.04929159
v -0.04219197 0.00720576 0.05060443
v -0.04133660 0.00776333 0.05060443
v -0.04036189 0.00825368 0.05060443
v -0.03924793 0.00832486 0.05237955
v -0.03837267 0.00842570 0.05295276
v -0.03703990 0.00842965 0.05454297
v -0.03597567 0.00841977 0.05572638
v -0.03466279 0.00842570 0.05704847
v -0.03345932 0.00843361 0.05817641
v -0.03227573 0.00853444 0.05861094
v -0.02952067 0.00858981 0.05979435
v -0.02295627 0.00860562 0.06242004
v -0.01245322 0.00849292 0.06588706
v -0.01114033 0.00853642 0.06597027
v -0.02164339 0.00848897 0.06345552
v -0.01376610 0.00869262 0.06504573
v -0.00982745 0.00854433 0.06603499
v -0.00195017 0.00856608 0.06617367
v -0.00195017 0.00881521 0.06504573
v 0.01248158 0.00899514 0.06373288
v 0.01248158 0.00872623 0.06504573
v 0.01773311 0.00874996 0.06373288
v 0.01896642 0.00861749 0.06379760
v 0.02036881 0.00857201 0.06344628
v 0.02036881 0.00887057 0.06242004
v 0.03218475 0.00875787 0.05716866
v 0.03481051 0.00887848 0.05323013
v 0.04268780 0.01040686 0.02566038
v 0.04400068 0.01032975 0.02434753
v 0.04531356 0.01064215 0.01647971
v 0.04662644 0.01042268 0.01516686
v 0.04755143 0.00995408 0.01385402
v 0.04756137 0.00995408 0.01254117
v 0.04755143 0.00994420 0.00991548
v -0.02378179 0.00346883 0.06574838
v -0.02558203 0.00375948 0.06518441
v -0.02423931 0.00384845 0.06557272
v -0.02689491 0.00375948 0.06474988
v -0.02689491 0.00244661 0.06487007
v -0.02952067 0.00244661 0.06383459
v -0.02952067 0.00375948 0.06372364
v -0.03062469 0.00375948 0.06326137
v -0.03101258 0.00507235 0.06284533
v -0.03225584 0.00516132 0.06216117
v -0.03295207 0.00478368 0.06185607
v -0.02762097 0.00450093 0.06441704
v -0.03035614 0.00507235 0.06315967
v -0.03803451 0.00033890 0.05911944
v -0.04062049 0.00283612 0.05645677
v -0.04080946 0.00113374 0.05664168
v -0.03793504 0.00113374 0.05905472
v -0.03774607 0.00244661 0.05891604
v -0.03858154 0.00244661 0.05825961
v -0.03838262 0.00375948 0.05809320
v -0.03373780 0.00375948 0.06152324
v 0.00066565 0.00375948 0.06864218
v -0.00063728 0.00375948 0.06866068
v 0.00329141 0.00244661 0.06856822
v 0.00197853 0.00497744 0.06843879
v 0.00329141 0.00375948 0.06851275
v 0.00434570 0.00461759 0.06836483
v 0.00329141 0.00480938 0.06840181
v -0.02033050 0.00507235 0.06637707
v -0.02164339 0.00507235 0.06605348
v -0.02358287 0.00434473 0.06569291
v -0.02306567 0.00384845 0.06589631
v -0.01901762 0.00507235 0.06666368
v -0.00063728 0.00507235 0.06850351
v -0.00063728 0.00580985 0.06836483
v -0.00195017 0.00580985 0.06836483
v -0.00406868 0.00574855 0.06833709
v -0.00494393 0.00563190 0.06831860
v -0.00588881 0.00538475 0.06828162
v -0.00982745 0.00638522 0.06760670
v -0.01588461 0.00578810 0.06704274
v -0.01675986 0.00548361 0.06697802
v -0.01772463 0.00505653 0.06690405
v 0.04856592 0.00826950 0.01122833
v 0.04914280 0.00638522 0.01254117
v 0.04877479 0.00756956 0.01254117
v 0.04861565 0.00709503 0.01992824
v 0.04919253 0.00507235 0.01779255
v 0.04912290 0.00507235 0.01910540
v 0.04324478 0.00413910 0.04666590
v 0.04753153 0.00745686 0.02434753
v 0.04183243 0.00659085 0.04797874
v 0.04034052 0.00808364 0.04929159
v 0.04005209 0.00774158 0.05058594
v 0.03972387 0.00738371 0.05191728
v 0.04099696 0.00742721 0.04929159
v 0.03896797 0.00804014 0.05191728
v 0.03812255 0.00837034 0.05261993
v 0.03863974 0.00764470 0.05309144
v 0.03771476 0.00813505 0.05348900
v 0.03735670 0.00770006 0.05446901
v 0.03699864 0.00726508 0.05542128
v 0.03652123 0.00665412 0.05629035
v 0.03610350 0.00628438 0.05686356
v 0.03515862 0.00638522 0.05758470
v 0.04883447 0.00638522 0.01910540
v 0.04872506 0.00643662 0.02039051
v 0.04830733 0.00759922 0.02039051
v 0.04800894 0.00769808 0.02172184
v 0.03424358 0.00713853 0.05788980
v 0.03340811 0.00762493 0.05811169
v 0.03183663 0.00730660 0.05932283
v 0.03018559 0.00701001 0.06044153
v 0.01806133 0.00677077 0.06562819
v 0.01903604 0.00635358 0.06548951
v 0.01858847 0.00589684 0.06574838
v 0.02931033 0.00732044 0.06065417
v 0.02667462 0.00729276 0.06195777
v 0.02395935 0.00724135 0.06321514
v 0.02483460 0.00692895 0.06302099
v 0.02567007 0.00644849 0.06286382
v 0.02435719 0.00644849 0.06345552
v 0.02036881 0.00803421 0.06410270
v 0.02036881 0.00737778 0.06461120
v 0.02299458 0.00751618 0.06342779
v 0.02231824 0.00835056 0.06306722
v 0.01885701 0.00507235 0.06581310
v 0.01339662 0.00469075 0.06706122
v 0.00985582 0.00375948 0.06781010
v 0.00854294 0.00375948 0.06800425
v 0.01642022 0.00507235 0.06638631
v 0.01510734 0.00507235 0.06668216
v 0.00723006 0.00375948 0.06816143
v 0.00588734 0.00383659 0.06829086
v 0.00723006 0.00244661 0.06822614
v 0.00630507 0.00244661 0.06830935
v 0.00599674 0.00113770 0.06838332
v -0.04204277 0.00192463 0.05524562
v -0.04240083 0.00239520 0.05460769
v -0.04355458 0.00244661 0.05295276
v -0.04452929 0.00285787 0.05107595
v -0.04339544 0.00333833 0.05271238
v -0.04367393 0.00376937 0.05197275
v -0.04224169 0.00375948 0.05421013
v -0.04293792 0.00376937 0.05318390
v -0.04436021 0.00379309 0.05062293
v -0.04372366 0.00512573 0.05065066
v -0.04202288 0.00707131 0.05133482
v -0.04323630 0.00560026 0.05112217
v -0.04213229 0.00593046 0.05280484
v -0.04071994 0.00708119 0.05393277
v -0.04088903 0.00721960 0.05323013
v -0.04134655 0.00737580 0.05182483
v -0.04002372 0.00774158 0.05323013
v -0.03997399 0.00812714 0.05193577
v -0.03877052 0.00823984 0.05332258
v -0.03801461 0.00834266 0.05383108
v -0.03675146 0.00835649 0.05520863
v -0.03545848 0.00836243 0.05653998
v -0.03415554 0.00836836 0.05786206
v -0.03279293 0.00835254 0.05913793
v -0.03191767 0.00843756 0.05935057
v -0.03074404 0.00848106 0.05979435
v -0.02809838 0.00846524 0.06108870
v -0.02689491 0.00855619 0.06110720
v -0.02558203 0.00846722 0.06211494
v -0.02295627 0.00843163 0.06325213
v -0.00982745 0.00799467 0.06669141
v -0.01376610 0.00842174 0.06579461
v -0.00851457 0.00808364 0.06671914
v -0.01770474 0.00849490 0.06465743
v -0.01639186 0.00855422 0.06482384
v -0.00326305 0.00821611 0.06680235
v -0.00195017 0.00823193 0.06683009
v 0.00985582 0.00846920 0.06586857
v 0.01116870 0.00874403 0.06504573
v 0.01116870 0.00845338 0.06583159
v 0.01248158 0.00842767 0.06578536
v 0.01338667 0.00839406 0.06574838
v 0.01846912 0.00837034 0.06440780
v 0.02144299 0.00845536 0.06324288
v 0.03218475 0.00849885 0.05805622
v 0.03291081 0.00839209 0.05788055
v 0.03340811 0.00849688 0.05707620
v 0.03349763 0.00874996 0.05585581
v 0.03612339 0.00887057 0.05191728
v 0.03743627 0.00898920 0.04929159
v 0.03743627 0.00909004 0.04797874
v 0.03874915 0.00893780 0.04797874
v 0.04540307 0.00998176 0.02305318
v 0.04531356 0.01018146 0.02172184
v 0.04531356 0.01032184 0.02041824
v 0.04531356 0.01045036 0.01910540
v 0.04531356 0.01055515 0.01779255
v 0.04006203 0.00873414 0.04666590
v 0.04010182 0.00855817 0.04788629
v 0.04662644 0.01030800 0.01647971
v 0.04750169 0.00991256 0.01516686
v 0.04812830 0.00901095 0.01385402
v 0.04816808 0.00901095 0.01254117
v -0.02771049 0.00375948 0.06445403
v -0.02836693 0.00375948 0.06419516
v -0.03019700 0.00574658 0.06308571
v -0.03277303 0.00565958 0.06174513
v -0.03341953 0.00516132 0.06145852
v -0.02426915 0.00507235 0.06529536
v -0.02558203 0.00507235 0.06488856
v -0.02681534 0.00499128 0.06452799
v -0.02632798 0.00580392 0.06442629
v -0.02720324 0.00537486 0.06426912
v -0.03903906 0.00375948 0.05753848
v -0.03979496 0.00375948 0.05688205
v -0.04045140 0.00375948 0.05629035
v -0.04106806 0.00375948 0.05563393
v -0.04189358 0.00280053 0.05508845
v -0.03468268 0.00375948 0.06086682
v -0.03449371 0.00507235 0.06073738
v -0.03753721 0.00375948 0.05874962
v -0.03515014 0.00507235 0.06023813
v -0.03676141 0.00446139 0.05915642
v -0.03819365 0.00472040 0.05794527
v 0.00460429 0.00244661 0.06845728
v 0.00471370 0.00383659 0.06839256
v 0.00128231 0.00571692 0.06832784
v 0.00077506 0.00519691 0.06843879
v 0.00329141 0.00546581 0.06828162
v 0.00522095 0.00432496 0.06832784
v 0.00471370 0.00506246 0.06826312
v 0.00591718 0.00507235 0.06815218
v -0.02164339 0.00593441 0.06579461
v -0.02229982 0.00572878 0.06570215
v -0.01901762 0.00638522 0.06624763
v -0.02260815 0.00507235 0.06579461
v -0.02326459 0.00507235 0.06560045
v -0.01770474 0.00638522 0.06650650
v 0.00040705 0.00577228 0.06834633
v -0.00063728 0.00646628 0.06807822
v 0.00197853 0.00638522 0.06805048
v -0.00195017 0.00646628 0.06807822
v -0.00326305 0.00643267 0.06806897
v -0.00326305 0.00577623 0.06834633
v -0.00453614 0.00626461 0.06809670
v -0.00588881 0.00638522 0.06795803
v -0.00720169 0.00638522 0.06784708
v -0.01114033 0.00722751 0.06712595
v -0.01212500 0.00712469 0.06707047
v -0.01300025 0.00698827 0.06700575
v -0.01635207 0.00629031 0.06677461
v 0.04854603 0.00822600 0.01254117
v 0.04834711 0.00779299 0.01910540
v 0.04766083 0.00779497 0.02307167
v 0.04724310 0.00829718 0.02353394
v 0.04056928 0.00825170 0.04825611
v 0.03947521 0.00839406 0.05008669
v 0.03922657 0.00826159 0.05096500
v 0.04735250 0.00845338 0.02265563
v 0.04072842 0.00836638 0.04737779
v 0.03831153 0.00845338 0.05191728
v 0.03743627 0.00868076 0.05191728
v 0.03733681 0.00845733 0.05312843
v 0.03683950 0.00838022 0.05395126
v 0.03638199 0.00814098 0.05482958
v 0.03564598 0.00722949 0.05666941
v 0.04762105 0.00910388 0.01907766
v 0.04761110 0.00881916 0.02041824
v 0.04746191 0.00861353 0.02172184
v 0.01718607 0.00709108 0.06572989
v 0.01642022 0.00638522 0.06611820
v 0.01767343 0.00635358 0.06584083
v 0.02815659 0.00773367 0.06084832
v 0.03119014 0.00818052 0.05896227
v 0.02500368 0.00836836 0.06178211
v 0.01934437 0.00824182 0.06427836
v 0.01896642 0.00776135 0.06474988
v 0.01116870 0.00507235 0.06738482
v 0.01382430 0.00510596 0.06692255
v 0.00854294 0.00507235 0.06781010
v 0.00723006 0.00507235 0.06799501
v 0.01510734 0.00638522 0.06637707
v 0.01297889 0.00556467 0.06698726
v 0.00542982 0.00345103 0.06834633
v -0.04347501 0.00472436 0.05156596
v -0.04322636 0.00421226 0.05244427
v -0.04172450 0.00375948 0.05486656
v -0.04207261 0.00458595 0.05399749
v -0.04303738 0.00512573 0.05197275
v -0.04234116 0.00504269 0.05323937
v -0.04186374 0.00546186 0.05367390
v -0.04093876 0.00638522 0.05422863
v -0.04066027 0.00567737 0.05517166
v -0.04038178 0.00638522 0.05488505
v -0.03910869 0.00638522 0.05623488
v -0.03943690 0.00709899 0.05527335
v -0.03993421 0.00727298 0.05444127
v -0.03871084 0.00785033 0.05454297
v -0.03769634 0.00824775 0.05454297
v -0.03633373 0.00821216 0.05607770
v -0.03726866 0.00797094 0.05572638
v -0.03597567 0.00794524 0.05704847
v -0.03309131 0.00723542 0.06066342
v -0.03227573 0.00814296 0.05979435
v -0.03024673 0.00837231 0.06048775
v -0.03732834 0.00730462 0.05709470
v -0.03684098 0.00711085 0.05790829
v -0.03349910 0.00755770 0.05984982
v -0.02759113 0.00836440 0.06178211
v -0.02689491 0.00840790 0.06190230
v -0.02379173 0.00838220 0.06313194
v -0.01979342 0.00837034 0.06441704
v -0.00982745 0.00733823 0.06719066
v -0.00851457 0.00742721 0.06724613
v -0.01114033 0.00788394 0.06662669
v -0.01454189 0.00837231 0.06572989
v -0.00720169 0.00746873 0.06730161
v -0.00457593 0.00752409 0.06739406
v -0.00326305 0.00755968 0.06741255
v -0.00195017 0.00757352 0.06742179
v -0.00063728 0.00755770 0.06742179
v 0.00197853 0.00752014 0.06741255
v 0.00329141 0.00751223 0.06738482
v -0.00063728 0.00821414 0.06680235
v 0.00329141 0.00816866 0.06670065
v 0.00460429 0.00813900 0.06667292
v 0.00460429 0.00748257 0.06733859
v 0.00591718 0.00743116 0.06728311
v 0.00723006 0.00734219 0.06720915
v 0.00854294 0.00720378 0.06711669
v 0.00940825 0.00709701 0.06705198
v 0.01381436 0.00779497 0.06600725
v 0.01426193 0.00829520 0.06563744
v 0.03031489 0.00838813 0.05919340
v 0.03612339 0.00872623 0.05323013
v 0.03743627 0.00885475 0.05060443
v 0.03874915 0.00876182 0.04929159
v 0.04640763 0.00992442 0.02041824
v 0.04662644 0.01017158 0.01779255
v 0.04082788 0.00843163 0.04666590
v 0.03968408 0.00848897 0.04929159
v 0.04731272 0.00970100 0.01862464
v 0.04736245 0.00975834 0.01779255
v 0.04781002 0.00901095 0.01779255
v 0.04802883 0.00901095 0.01516686
v -0.02829731 0.00648210 0.06344628
v -0.02952067 0.00602734 0.06320590
v -0.02879461 0.00698431 0.06304873
v -0.02952067 0.00668377 0.06288231
v -0.03148999 0.00704363 0.06176361
v -0.03179832 0.00638522 0.06193928
v -0.03245476 0.00638522 0.06157871
v -0.03349910 0.00640103 0.06091304
v -0.03429479 0.00597593 0.06058945
v -0.02558203 0.00608468 0.06454648
v -0.02558203 0.00674111 0.06425063
v -0.02681534 0.00630020 0.06403798
v -0.03955626 0.00484892 0.05668790
v -0.04011324 0.00526216 0.05594827
v -0.04084925 0.00480147 0.05539355
v -0.03936728 0.00572483 0.05651224
v -0.03659233 0.00533729 0.05901774
v -0.03799472 0.00559631 0.05776961
v -0.03878046 0.00522262 0.05723338
v 0.00329141 0.00638522 0.06799501
v 0.00591718 0.00638522 0.06779161
v 0.00460429 0.00638522 0.06790256
v -0.02028077 0.00641883 0.06593329
v -0.02068856 0.00687754 0.06561894
v -0.02485596 0.00700211 0.06437082
v -0.01981331 0.00708713 0.06573913
v -0.01770474 0.00738964 0.06597952
v -0.01901762 0.00720378 0.06583159
v 0.00066565 0.00753200 0.06742179
v -0.01376610 0.00769808 0.06637707
v -0.01639186 0.00754188 0.06609046
v 0.04720331 0.00960412 0.01950295
v 0.04619876 0.00981172 0.02172184
v 0.01642022 0.00724333 0.06580386
v 0.01379446 0.00638522 0.06661744
v 0.00723006 0.00638522 0.06763444
v 0.01210363 0.00588103 0.06706122
v -0.03814391 0.00711283 0.05661394
v -0.03863127 0.00730264 0.05577261
v -0.03201713 0.00735603 0.06109795
v -0.03541869 0.00703176 0.05912868
v -0.03396656 0.00685184 0.06032134
v -0.03074404 0.00788196 0.06099625
v -0.03112199 0.00824775 0.06022888
v -0.02952067 0.00808957 0.06127361
v -0.03709958 0.00638522 0.05813018
v -0.02952067 0.00743314 0.06222589
v -0.02818790 0.00772576 0.06242004
v -0.02689491 0.00804212 0.06255873
v -0.02558203 0.00821414 0.06277137
v -0.02466699 0.00831102 0.06294703
v -0.02066867 0.00830311 0.06427836
v -0.01639186 0.00819832 0.06548026
v -0.01541715 0.00829322 0.06560970
v -0.01501930 0.00779299 0.06610895
v 0.01028350 0.00694872 0.06698726
v 0.01510734 0.00749048 0.06593329
v 0.04671595 0.00996199 0.01907766
v -0.02791935 0.00720576 0.06320590
v -0.03083355 0.00718796 0.06192079
v -0.03571707 0.00615784 0.05936906
v -0.02398071 0.00716621 0.06449101
v -0.02689491 0.00738568 0.06338156
v -0.02164339 0.00753200 0.06482384
v -0.02295627 0.00733625 0.06463894
v -0.01770474 0.00804607 0.06531385
v 0.01116870 0.00675693 0.06692255
v 0.01252137 0.00634567 0.06684858
v 0.00854294 0.00638522 0.06744029
v 0.01116870 0.00610050 0.06713519
v -0.03612486 0.00651176 0.05885132
v -0.02164339 0.00818843 0.06411195
v 0.00985582 0.00646035 0.06721840
f 462 434 438
f 1063 925 1062
f 1197 1196 1329
f 1197 1063 1196
f 463 462 438
f 463 464 434
f 434 462 463
f 1068 381 930
f 1066 930 926
f 308 847 356
f 356 847 716
f 1196 1063 1195
f 925 1063 1064
f 1062 925 1061
f 483 463 438
f 336 335 382
f 1067 930 1066
f 1067 1068 930
f 402 382 381
f 383 382 402
f 381 380 808
f 930 381 808
f 925 926 805
f 798 675 805
f 229 230 178
f 336 382 337
f 337 382 383
f 284 335 336
f 577 371 393
f 7 8 1
f 42 21 41
f 717 600 252
f 434 460 461
f 461 435 434
f 460 435 461
f 1062 1193 1194
f 1194 1063 1062
f 1194 1195 1063
f 1196 1195 1328
f 1193 1327 1328
f 1328 1194 1193
f 1195 1194 1328
f 1329 1196 1328
f 1200 1064 1063
f 1065 926 925
f 925 1064 1065
f 1064 1200 1065
f 1066 926 1065
f 1065 1200 1066
f 1060 1061 925
f 308 1100 971
f 971 847 308
f 1100 1242 1101
f 972 971 1101
f 1101 971 1100
f 1261 1260 1409
f 1409 1389 1261
f 463 483 515
f 464 463 514
f 840 708 839
f 1092 1228 1229
f 629 541 540
f 307 343 353
f 385 343 338
f 338 337 385
f 338 343 339
f 339 343 341
f 341 343 296
f 381 382 334
f 334 380 381
f 334 335 280
f 334 382 335
f 280 335 329
f 329 277 280
f 381 1068 401
f 401 402 381
f 1068 402 401
f 280 332 333
f 333 334 280
f 927 926 930
f 930 928 927
f 807 808 676
f 807 927 928
f 930 808 807
f 798 805 921
f 921 805 926
f 43 44 21
f 43 21 42
f 178 230 227
f 264 219 218
f 187 186 234
f 109 65 108
f 108 104 158
f 224 274 275
f 273 274 224
f 280 230 279
f 279 330 280
f 230 229 279
f 22 7 21
f 8 7 23
f 7 22 23
f 181 229 178
f 78 41 75
f 79 41 78
f 454 467 455
f 454 95 94
f 430 454 455
f 95 454 430
f 434 435 416
f 438 434 416
f 410 415 416
f 410 423 414
f 414 415 410
f 423 415 414
f 438 416 433
f 433 416 415
f 524 600 525
f 524 252 600
f 524 205 252
f 147 205 524
f 525 467 524
f 251 252 202
f 310 252 251
f 310 356 716
f 158 104 103
f 106 107 64
f 56 64 100
f 100 64 107
f 100 107 106
f 520 506 464
f 464 506 459
f 434 464 459
f 459 460 434
f 459 511 460
f 422 155 410
f 1329 1328 1478
f 1478 1328 1327
f 925 1058 1059
f 1059 1060 925
f 1061 1060 1189
f 841 966 844
f 840 839 841
f 969 844 968
f 968 1095 1070
f 1094 1095 968
f 968 1096 1094
f 1637 1559 1677
f 1637 1677 1641
f 1063 1197 1198
f 1336 1198 1335
f 388 389 404
f 1337 1492 1493
f 1496 1337 1495
f 1495 1339 1496
f 1496 1339 1338
f 1338 1337 1496
f 403 402 1202
f 1202 402 1068
f 1068 1067 1202
f 1100 1240 1241
f 1391 1242 1241
f 1241 1242 1100
f 1241 1390 1391
f 1240 1390 1241
f 301 1390 1240
f 301 1100 308
f 301 1240 1100
f 438 469 470
f 470 528 527
f 468 467 525
f 525 469 468
f 438 467 468
f 468 469 438
f 601 600 717
f 525 600 601
f 849 971 972
f 847 971 849
f 850 849 972
f 606 722 723
f 1120 1101 1242
f 1242 1122 1120
f 992 864 993
f 1389 1409 1259
f 1259 1242 1391
f 1259 1409 1260
f 1112 1113 982
f 594 520 513
f 513 514 463
f 464 514 513
f 513 520 464
f 844 966 970
f 970 968 844
f 1096 968 970
f 1161 1226 1092
f 1160 1226 1161
f 1366 1229 1228
f 628 541 629
f 1109 1249 1250
f 1397 1399 1250
f 1250 1249 1397
f 1398 1558 1559
f 1107 1106 993
f 1243 1103 1244
f 737 615 614
f 614 739 737
f 527 606 529
f 404 389 405
f 389 391 405
f 355 352 307
f 355 391 389
f 389 352 355
f 384 353 343
f 343 385 384
f 403 390 384
f 384 402 403
f 383 402 384
f 384 337 383
f 384 385 337
f 336 337 286
f 286 337 338
f 338 339 286
f 348 343 307
f 281 329 335
f 277 329 281
f 233 284 234
f 234 186 233
f 675 673 803
f 674 673 675
f 574 673 674
f 394 571 671
f 671 798 676
f 676 399 671
f 676 798 806
f 806 807 676
f 929 928 930
f 930 807 929
f 929 807 928
f 308 356 309
f 309 310 251
f 356 310 309
f 247 301 308
f 244 301 247
f 203 202 252
f 84 43 83
f 44 43 87
f 93 150 94
f 94 47 93
f 147 148 93
f 178 227 177
f 227 228 177
f 276 230 280
f 276 227 230
f 280 277 276
f 277 227 276
f 129 187 188
f 186 187 129
f 219 264 265
f 265 279 229
f 264 279 265
f 217 264 218
f 136 88 132
f 189 190 132
f 191 192 132
f 132 190 191
f 191 190 192
f 237 190 188
f 234 289 235
f 235 187 234
f 188 187 235
f 288 289 234
f 288 237 295
f 311 256 452
f 452 501 311
f 371 577 572
f 572 503 371
f 572 577 672
f 573 673 574
f 574 503 573
f 672 673 573
f 573 572 672
f 503 572 573
f 325 503 574
f 574 674 325
f 314 359 315
f 374 359 327
f 275 274 327
f 327 274 273
f 275 327 313
f 313 327 359
f 359 314 313
f 393 371 367
f 270 322 271
f 271 224 270
f 328 325 273
f 371 325 328
f 328 367 371
f 924 1052 1053
f 924 925 801
f 925 803 801
f 679 680 577
f 6 7 1
f 21 7 20
f 7 6 20
f 20 6 19
f 20 41 21
f 21 44 45
f 45 22 21
f 44 23 45
f 45 23 22
f 8 23 24
f 218 219 166
f 166 217 218
f 71 115 116
f 270 224 223
f 76 41 79
f 219 229 267
f 219 267 225
f 229 181 225
f 225 267 229
f 184 225 181
f 94 150 453
f 453 454 94
f 150 454 453
f 410 409 413
f 95 429 96
f 96 53 95
f 97 53 96
f 98 53 97
f 431 415 423
f 423 433 431
f 423 430 442
f 442 433 423
f 430 457 442
f 251 202 250
f 250 309 251
f 157 209 158
f 158 103 157
f 156 209 157
f 157 103 156
f 29 64 56
f 102 155 156
f 156 103 102
f 56 100 55
f 105 108 65
f 104 108 105
f 106 64 63
f 651 555 650
f 692 583 691
f 695 778 700
f 587 588 511
f 703 598 587
f 489 490 445
f 491 555 556
f 490 489 491
f 445 490 491
f 1033 906 1032
f 779 650 778
f 581 506 580
f 506 520 580
f 580 520 594
f 441 485 486
f 920 1050 1051
f 1051 1050 1069
f 919 1050 920
f 919 1047 1048
f 1446 1587 1447
f 1447 1587 1585
f 1600 1599 1597
f 1597 1599 1598
f 1599 1460 1598
f 1598 1460 1459
f 1188 1313 1314
f 1459 1460 1314
f 1314 1313 1459
f 1599 1600 1462
f 1060 1059 1187
f 1187 1189 1060
f 1187 1059 1058
f 1188 1314 1187
f 1234 1233 1379
f 1233 1234 1097
f 1097 1234 1235
f 1097 1093 1092
f 1097 1235 1098
f 1098 970 1097
f 1097 970 1093
f 963 1091 1092
f 1092 1093 963
f 963 841 964
f 936 844 969
f 936 820 844
f 969 968 936
f 936 968 1070
f 819 711 844
f 844 820 819
f 582 583 509
f 507 459 506
f 828 692 691
f 1586 1587 1446
f 1638 1492 1637
f 1638 1493 1492
f 1340 1339 1500
f 1676 1677 1559
f 1676 1641 1677
f 1559 1558 1676
f 1558 1568 1676
f 1676 1567 1641
f 1676 1568 1567
f 1555 1398 1559
f 1395 1555 1556
f 1249 1398 1395
f 1398 1555 1395
f 1498 1492 1337
f 1063 1198 1199
f 1198 1336 1199
f 1199 1200 1063
f 1199 1338 1200
f 1199 1336 1337
f 1337 1338 1199
f 350 388 349
f 307 352 350
f 389 388 350
f 350 352 389
f 1388 1389 1239
f 1388 1551 1389
f 1388 1239 345
f 345 1551 1388
f 1201 1339 1340
f 1200 1338 1201
f 1201 1338 1339
f 1066 1200 1201
f 1201 1067 1066
f 1201 1202 1067
f 1391 1390 1408
f 1408 1259 1391
f 1389 1259 1408
f 196 195 244
f 135 84 83
f 137 84 135
f 135 134 193
f 195 196 135
f 190 237 239
f 239 296 297
f 298 246 305
f 195 135 194
f 244 195 194
f 194 193 242
f 194 135 193
f 300 301 244
f 346 1390 347
f 1390 301 347
f 347 300 346
f 301 300 347
f 525 601 526
f 526 469 525
f 526 470 469
f 528 470 526
f 528 526 602
f 602 526 601
f 602 720 718
f 602 601 717
f 527 528 603
f 528 602 603
f 603 602 718
f 721 850 722
f 849 850 721
f 604 721 722
f 720 721 604
f 527 603 604
f 718 720 604
f 604 603 718
f 716 720 719
f 719 310 716
f 719 602 717
f 720 602 719
f 717 252 719
f 252 310 719
f 993 864 866
f 864 737 866
f 972 1101 973
f 606 723 724
f 614 613 724
f 724 613 606
f 722 850 851
f 851 723 722
f 851 973 974
f 851 850 972
f 972 973 851
f 993 866 994
f 994 866 974
f 974 973 994
f 1101 1120 994
f 994 973 1101
f 1666 1664 1528
f 1528 1664 1526
f 1326 1327 1193
f 1326 1478 1327
f 1329 1478 1326
f 1330 1197 1329
f 1330 1331 1197
f 1482 1331 1481
f 1481 1632 1482
f 1481 1330 1329
f 1331 1330 1481
f 1113 1112 988
f 1250 1112 1111
f 1111 1112 982
f 519 513 463
f 1369 1229 1368
f 1229 1366 1368
f 1026 1159 1160
f 1012 1014 891
f 891 1014 1015
f 1114 1109 982
f 1249 1109 1114
f 1394 1398 1249
f 1245 1393 1394
f 1394 1393 1398
f 1103 1107 1119
f 1119 1244 1103
f 1119 1107 993
f 1119 1260 1261
f 993 994 1119
f 1119 1259 1260
f 1113 988 984
f 982 1113 984
f 1102 1107 1103
f 391 390 1341
f 1341 405 391
f 1341 1340 404
f 404 405 1341
f 1341 1201 1340
f 354 390 391
f 391 355 354
f 353 384 354
f 354 384 390
f 307 353 354
f 354 355 307
f 285 284 336
f 336 286 285
f 234 284 285
f 285 286 234
f 344 296 343
f 343 348 344
f 246 194 245
f 302 348 307
f 246 245 302
f 302 245 297
f 297 296 302
f 296 344 302
f 302 344 348
f 283 233 232
f 335 284 283
f 284 233 283
f 277 281 231
f 231 232 180
f 180 228 231
f 231 228 277
f 185 233 186
f 186 129 185
f 180 232 185
f 232 233 185
f 185 183 180
f 185 129 183
f 804 803 925
f 675 803 804
f 925 805 804
f 804 805 675
f 670 675 798
f 798 671 670
f 670 671 571
f 370 571 394
f 398 671 399
f 406 394 398
f 394 671 398
f 380 334 400
f 400 808 380
f 676 808 400
f 400 378 676
f 676 378 331
f 331 332 280
f 280 330 331
f 360 359 374
f 315 359 360
f 315 360 316
f 319 279 264
f 807 806 922
f 926 927 922
f 927 807 922
f 922 806 798
f 798 921 922
f 922 921 926
f 249 250 200
f 309 250 249
f 146 203 204
f 147 146 204
f 204 205 147
f 137 135 198
f 244 247 198
f 143 146 147
f 147 93 143
f 278 227 277
f 277 228 278
f 278 228 227
f 178 177 121
f 121 177 122
f 122 76 121
f 180 122 179
f 122 177 179
f 179 228 180
f 179 177 228
f 124 122 180
f 180 125 124
f 180 183 182
f 182 125 180
f 183 125 182
f 42 41 77
f 41 76 77
f 77 124 125
f 77 76 122
f 122 124 77
f 128 125 183
f 183 129 128
f 266 229 219
f 219 265 266
f 266 265 229
f 188 190 238
f 238 189 188
f 190 189 238
f 236 237 188
f 188 235 236
f 236 235 289
f 237 288 291
f 357 502 392
f 501 502 357
f 357 311 501
f 392 502 570
f 500 499 568
f 568 502 500
f 500 502 501
f 500 501 452
f 452 499 500
f 793 919 920
f 792 793 664
f 789 792 790
f 792 664 790
f 155 422 424
f 156 155 424
f 411 209 156
f 411 425 209
f 156 424 411
f 411 424 425
f 563 656 658
f 371 503 368
f 368 325 371
f 503 325 368
f 575 674 675
f 675 325 575
f 575 325 674
f 258 224 275
f 275 313 258
f 259 313 314
f 215 258 259
f 259 258 313
f 364 392 393
f 393 365 364
f 364 365 320
f 320 321 268
f 322 321 366
f 366 365 393
f 393 367 366
f 320 365 366
f 366 321 320
f 323 271 322
f 322 366 323
f 323 366 367
f 367 328 323
f 324 328 273
f 271 323 324
f 324 323 328
f 802 803 673
f 673 801 802
f 802 801 803
f 800 673 672
f 672 799 800
f 800 801 673
f 800 799 801
f 813 799 681
f 577 680 681
f 680 813 681
f 923 799 813
f 923 1052 924
f 924 801 923
f 801 799 923
f 924 1053 933
f 933 1053 1052
f 1052 923 935
f 935 923 813
f 577 677 678
f 678 679 577
f 667 679 678
f 809 679 795
f 797 679 667
f 39 20 19
f 9 24 25
f 8 24 9
f 1 8 9
f 9 2 1
f 46 23 44
f 46 24 23
f 44 87 46
f 47 24 46
f 119 73 118
f 119 78 75
f 75 73 119
f 220 166 219
f 219 225 220
f 73 36 72
f 118 73 117
f 117 116 118
f 73 72 117
f 71 116 117
f 117 72 71
f 115 166 167
f 167 116 115
f 166 220 167
f 214 258 215
f 224 258 214
f 165 214 215
f 213 214 165
f 165 166 115
f 217 166 165
f 172 223 224
f 224 214 172
f 172 214 213
f 123 76 79
f 123 121 76
f 123 181 178
f 178 121 123
f 149 148 147
f 150 93 149
f 149 93 148
f 467 454 505
f 505 149 147
f 505 454 150
f 150 149 505
f 412 413 409
f 412 423 410
f 410 413 412
f 412 430 423
f 409 408 412
f 412 429 95
f 95 430 412
f 412 408 206
f 97 96 428
f 428 96 429
f 428 98 97
f 53 98 99
f 106 63 99
f 99 63 53
f 410 416 417
f 417 418 410
f 416 418 417
f 436 416 435
f 432 433 415
f 415 431 432
f 432 431 433
f 456 430 455
f 455 457 456
f 456 457 430
f 438 457 466
f 466 457 455
f 466 467 438
f 455 467 466
f 438 433 458
f 458 457 438
f 433 442 458
f 458 442 457
f 201 250 202
f 200 250 201
f 155 102 154
f 410 155 154
f 101 55 100
f 101 102 58
f 101 154 102
f 206 408 207
f 59 103 104
f 59 102 103
f 58 102 59
f 59 27 58
f 26 55 27
f 27 10 26
f 26 29 56
f 56 55 26
f 52 53 25
f 25 51 52
f 25 24 50
f 50 51 25
f 50 47 94
f 94 95 50
f 50 52 51
f 95 53 50
f 53 52 50
f 64 29 28
f 28 63 64
f 599 598 644
f 646 650 555
f 598 650 646
f 715 598 700
f 700 778 715
f 778 650 715
f 696 584 583
f 696 695 700
f 583 695 696
f 511 459 510
f 510 459 509
f 509 583 510
f 583 584 510
f 583 692 693
f 693 692 830
f 460 511 512
f 511 588 512
f 588 587 512
f 703 587 701
f 700 598 701
f 701 598 703
f 465 489 486
f 465 435 460
f 460 512 465
f 486 485 465
f 465 441 435
f 485 441 465
f 486 489 488
f 557 491 556
f 556 652 557
f 647 555 651
f 776 647 651
f 653 652 556
f 1166 1297 1164
f 1164 1033 1166
f 1166 1033 1165
f 1165 1033 1032
f 651 650 780
f 650 779 780
f 832 779 778
f 778 695 832
f 419 420 410
f 410 418 419
f 418 436 419
f 1380 1234 1379
f 1381 1235 1380
f 1235 1234 1380
f 1542 1544 1379
f 1694 1608 1693
f 1693 1716 1694
f 1693 1608 1692
f 1608 1691 1692
f 931 1051 1069
f 932 809 931
f 920 1051 931
f 931 809 920
f 1463 1462 1601
f 1601 1462 1600
f 1040 1038 1167
f 1450 1307 1453
f 1175 1174 1305
f 1175 1176 1043
f 1043 1174 1175
f 1590 1453 1452
f 1453 1307 1452
f 1449 1305 1448
f 1449 1307 1305
f 1589 1587 1590
f 1585 1587 1589
f 1590 1452 1589
f 1446 1447 1303
f 1444 1447 1585
f 1317 1462 1463
f 1461 1460 1599
f 1599 1462 1461
f 1189 1187 1316
f 1316 1317 1189
f 1462 1317 1316
f 1058 1188 1186
f 1186 1187 1058
f 1188 1187 1186
f 1061 1189 1190
f 1062 1061 1190
f 1190 1191 1062
f 1190 1319 1320
f 1320 1191 1190
f 1320 1319 1467
f 1365 1233 1232
f 1233 1097 1232
f 711 710 842
f 842 710 841
f 842 844 967
f 842 841 844
f 840 841 709
f 841 710 709
f 709 708 840
f 581 580 689
f 594 513 593
f 711 712 593
f 966 841 965
f 841 963 965
f 965 970 966
f 1093 970 965
f 965 963 1093
f 937 936 1070
f 820 936 937
f 816 712 711
f 822 940 941
f 820 940 822
f 581 684 578
f 578 506 581
f 578 579 506
f 686 697 583
f 583 582 686
f 686 579 687
f 686 582 579
f 508 582 509
f 509 459 508
f 459 507 508
f 579 582 508
f 506 579 508
f 508 507 506
f 830 692 829
f 692 828 829
f 1517 1586 1446
f 1637 1641 1702
f 1702 1638 1637
f 1641 1638 1702
f 1499 1638 1641
f 1499 1500 1339
f 1339 1495 1499
f 1567 1568 1411
f 1335 1198 1334
f 1334 1198 1197
f 1279 1427 1428
f 1249 1395 1396
f 1399 1397 1396
f 1396 1397 1249
f 1337 1336 1491
f 1639 1498 1559
f 1492 1498 1639
f 1639 1559 1637
f 1637 1492 1639
f 1640 1498 1636
f 1559 1498 1640
f 1640 1555 1559
f 1556 1555 1640
f 303 350 349
f 303 246 307
f 307 350 303
f 349 388 387
f 387 1386 1551
f 1387 1408 1390
f 1387 346 1239
f 1387 1390 346
f 1239 1389 1387
f 1389 1408 1387
f 192 193 133
f 193 134 133
f 132 192 133
f 82 135 83
f 134 135 82
f 83 43 82
f 43 88 82
f 82 133 134
f 88 136 82
f 82 136 132
f 132 133 82
f 242 193 241
f 241 239 297
f 241 194 242
f 297 245 241
f 241 245 194
f 244 298 299
f 298 305 299
f 299 300 244
f 299 305 345
f 346 300 299
f 345 1239 299
f 1239 346 299
f 243 246 298
f 243 194 246
f 243 298 244
f 244 194 243
f 849 721 848
f 716 847 848
f 847 849 848
f 848 720 716
f 848 721 720
f 605 722 606
f 605 604 722
f 605 606 527
f 527 604 605
f 865 737 739
f 739 866 865
f 865 866 737
f 738 739 614
f 614 724 738
f 738 724 739
f 739 724 852
f 852 851 974
f 852 724 723
f 723 851 852
f 852 866 739
f 974 866 852
f 1121 1120 1122
f 1122 994 1121
f 1121 994 1120
f 1370 1229 1369
f 1367 1364 1229
f 1229 1370 1367
f 1526 1527 1367
f 1367 1528 1526
f 1367 1370 1528
f 1376 1233 1365
f 1365 1364 1376
f 1376 1377 1233
f 1364 1367 1376
f 1376 1367 1527
f 1541 1542 1378
f 1379 1233 1378
f 1233 1377 1378
f 1666 1528 1665
f 1665 1528 1531
f 1579 1680 1580
f 1580 1432 1579
f 1369 1531 1530
f 1531 1528 1530
f 1530 1370 1369
f 1528 1370 1530
f 1288 1432 1291
f 1529 1531 1369
f 1369 1368 1529
f 1579 1432 1431
f 1431 1577 1579
f 1431 1432 1288
f 1285 1430 1431
f 1431 1430 1577
f 1192 1193 1062
f 1062 1191 1192
f 1192 1191 1320
f 1476 1326 1325
f 1325 1326 1193
f 1471 1474 1473
f 1477 1326 1476
f 1329 1326 1477
f 1477 1479 1329
f 1329 1479 1480
f 1480 1481 1329
f 1112 1115 989
f 989 988 1112
f 538 621 623
f 626 538 625
f 623 621 746
f 746 745 870
f 621 745 746
f 1250 1111 1110
f 1110 1111 982
f 1110 1109 1250
f 982 1109 1110
f 708 709 591
f 591 709 710
f 515 552 595
f 595 596 515
f 771 637 774
f 518 519 463
f 596 519 518
f 1227 1294 1366
f 1227 1228 1092
f 1227 1366 1228
f 1092 1226 1227
f 1226 1294 1227
f 626 625 752
f 901 767 897
f 1285 1431 1151
f 1023 899 898
f 898 767 901
f 898 899 767
f 1155 1151 1024
f 1024 1151 1021
f 1024 898 901
f 1021 898 1024
f 1295 1226 1160
f 1160 1159 1295
f 900 899 1023
f 767 899 900
f 1012 891 890
f 545 546 481
f 481 548 549
f 549 550 481
f 889 890 758
f 758 890 891
f 759 628 758
f 758 891 759
f 1013 1014 1012
f 1249 1114 1255
f 1255 1114 1245
f 1255 1394 1249
f 1245 1394 1255
f 1558 1398 1554
f 1398 1393 1554
f 1262 1393 1244
f 1262 1119 1261
f 1244 1119 1262
f 1261 1411 1262
f 1262 1411 1393
f 1243 1244 1392
f 1244 1393 1392
f 1392 1245 1243
f 1392 1393 1245
f 1123 994 1122
f 1123 1119 994
f 1259 1119 1123
f 1104 1103 1243
f 1243 1245 1104
f 854 855 728
f 612 530 611
f 473 474 438
f 472 473 438
f 530 473 472
f 740 864 867
f 740 737 864
f 607 725 726
f 1342 390 403
f 1342 1341 390
f 403 1202 1342
f 1202 1201 1342
f 1201 1341 1342
f 307 246 306
f 306 302 307
f 246 302 306
f 282 231 281
f 282 281 335
f 335 283 282
f 282 283 232
f 232 231 282
f 369 670 571
f 571 370 369
f 369 370 325
f 369 325 675
f 675 670 369
f 377 399 676
f 377 398 399
f 378 400 379
f 379 331 378
f 332 331 379
f 379 333 332
f 334 333 379
f 379 400 334
f 318 331 330
f 330 279 318
f 279 319 318
f 374 327 326
f 326 327 273
f 273 325 326
f 325 370 326
f 262 319 264
f 217 261 262
f 315 316 262
f 262 318 319
f 252 205 255
f 255 254 252
f 205 254 255
f 253 203 252
f 252 254 253
f 253 204 203
f 205 204 253
f 253 254 205
f 138 84 137
f 137 198 138
f 138 139 84
f 198 139 138
f 197 135 196
f 197 198 135
f 197 196 244
f 244 198 197
f 248 247 308
f 248 198 247
f 308 309 248
f 309 249 248
f 200 139 199
f 199 139 198
f 199 249 200
f 199 248 249
f 198 248 199
f 87 142 91
f 140 139 200
f 86 87 43
f 86 142 87
f 47 91 92
f 92 91 142
f 92 93 47
f 92 143 93
f 146 143 92
f 80 128 129
f 132 88 80
f 42 77 80
f 295 237 294
f 294 288 295
f 287 288 234
f 287 291 288
f 234 286 287
f 665 797 666
f 569 502 568
f 569 570 502
f 569 797 667
f 569 666 797
f 392 570 576
f 576 677 577
f 658 786 659
f 659 563 658
f 660 563 659
f 787 786 913
f 1038 1040 913
f 913 1040 914
f 919 793 918
f 918 793 792
f 794 795 665
f 665 664 794
f 794 809 795
f 794 664 793
f 794 793 920
f 920 809 794
f 568 499 567
f 665 666 567
f 567 569 568
f 666 569 567
f 788 916 789
f 787 913 788
f 788 913 914
f 452 256 427
f 427 451 452
f 427 256 210
f 450 499 452
f 452 451 450
f 420 424 421
f 421 424 422
f 410 420 421
f 421 422 410
f 425 424 448
f 655 562 560
f 560 562 656
f 560 563 496
f 656 563 560
f 661 563 660
f 789 790 661
f 661 788 789
f 787 788 661
f 661 786 787
f 660 659 661
f 661 659 786
f 358 357 392
f 392 364 358
f 358 364 320
f 311 357 358
f 256 311 312
f 312 268 256
f 320 268 312
f 311 358 312
f 312 358 320
f 210 256 257
f 257 211 210
f 175 211 226
f 211 257 226
f 256 268 226
f 226 257 256
f 224 271 272
f 271 324 272
f 273 224 272
f 272 324 273
f 672 577 682
f 577 681 682
f 682 799 672
f 682 681 799
f 934 933 1052
f 1052 935 934
f 680 679 812
f 679 811 812
f 812 811 935
f 812 813 680
f 812 935 813
f 795 679 796
f 679 797 796
f 665 795 796
f 796 797 665
f 40 39 75
f 20 39 40
f 75 41 40
f 41 20 40
f 38 36 73
f 38 73 75
f 75 39 38
f 38 39 19
f 19 36 38
f 79 78 127
f 78 119 127
f 127 119 118
f 127 184 181
f 127 123 79
f 181 123 127
f 68 110 69
f 109 110 68
f 68 67 109
f 31 30 66
f 66 67 31
f 66 30 65
f 66 65 109
f 109 67 66
f 176 120 175
f 114 115 71
f 114 120 115
f 69 112 74
f 74 112 120
f 160 108 158
f 158 209 160
f 211 212 160
f 160 209 210
f 210 211 160
f 163 211 175
f 163 212 211
f 175 120 163
f 120 112 163
f 173 167 220
f 173 220 225
f 118 116 173
f 116 167 173
f 225 184 173
f 173 127 118
f 184 127 173
f 164 165 115
f 213 165 164
f 115 172 164
f 164 172 213
f 523 524 467
f 467 505 523
f 147 524 523
f 523 505 147
f 98 428 151
f 151 99 98
f 151 428 429
f 151 159 106
f 106 99 151
f 206 207 151
f 151 412 206
f 429 412 151
f 437 418 416
f 416 436 437
f 437 436 418
f 14 30 31
f 31 15 14
f 14 15 4
f 5 6 1
f 1 4 5
f 152 101 100
f 106 159 152
f 152 100 106
f 159 151 152
f 152 151 207
f 27 55 57
f 55 101 57
f 58 27 57
f 57 101 58
f 410 154 153
f 154 101 153
f 101 152 153
f 27 59 60
f 60 30 27
f 104 105 60
f 60 59 104
f 65 30 60
f 60 105 65
f 47 50 49
f 49 50 24
f 25 28 11
f 11 28 29
f 11 10 2
f 29 26 11
f 11 26 10
f 11 9 25
f 2 9 11
f 25 53 54
f 54 28 25
f 53 28 54
f 61 28 53
f 599 644 643
f 645 644 598
f 598 646 645
f 714 650 598
f 598 715 714
f 714 715 650
f 586 587 511
f 511 510 586
f 694 695 583
f 583 693 694
f 694 832 695
f 489 465 522
f 522 598 599
f 654 557 652
f 654 652 783
f 912 908 907
f 783 652 782
f 652 653 782
f 907 908 782
f 908 909 782
f 556 555 649
f 649 653 556
f 1039 1164 1171
f 1171 1164 1297
f 906 1033 1034
f 1033 1164 1034
f 781 776 651
f 651 780 781
f 1088 1165 1032
f 959 832 956
f 444 443 486
f 486 488 444
f 445 424 444
f 424 443 444
f 444 489 445
f 444 488 489
f 487 441 486
f 486 443 487
f 487 443 441
f 420 441 440
f 440 424 420
f 440 443 424
f 439 441 420
f 420 419 439
f 439 419 436
f 435 441 439
f 439 436 435
f 1707 1716 1693
f 1473 1474 1323
f 1323 1192 1320
f 1695 1694 1716
f 1608 1694 1695
f 1695 1610 1608
f 1608 1465 1604
f 1689 1691 1608
f 1689 1687 1691
f 1608 1604 1689
f 1689 1604 1687
f 1054 933 932
f 932 931 1054
f 1054 931 1069
f 924 933 1054
f 1055 1054 1069
f 924 1054 1055
f 1459 1313 1312
f 915 788 914
f 916 788 915
f 915 1042 1043
f 1172 1040 1167
f 1173 1040 1172
f 1041 1040 1173
f 1173 1174 1041
f 914 1040 1041
f 1043 1042 1041
f 1041 1174 1043
f 1041 915 914
f 1042 915 1041
f 1180 1050 1179
f 1069 1050 1180
f 1049 1178 1179
f 1179 1050 1049
f 1049 919 1048
f 1050 919 1049
f 1307 1450 1308
f 1308 1178 1307
f 1179 1178 1308
f 1308 1180 1179
f 1048 1047 1177
f 1047 1176 1177
f 1177 1049 1048
f 1178 1049 1177
f 1176 1175 1177
f 1175 1178 1177
f 1307 1178 1306
f 1306 1178 1175
f 1305 1307 1306
f 1306 1175 1305
f 1584 1449 1448
f 1448 1443 1584
f 1451 1452 1307
f 1307 1449 1451
f 1449 1584 1451
f 1039 1171 1170
f 1170 1171 1297
f 1445 1443 1300
f 1445 1444 1585
f 1300 1444 1445
f 1585 1584 1445
f 1445 1584 1443
f 1448 1305 1304
f 1304 1443 1448
f 1305 1174 1304
f 1304 1174 1173
f 1315 1187 1314
f 1315 1316 1187
f 1315 1314 1460
f 1460 1461 1315
f 1315 1461 1462
f 1462 1316 1315
f 1466 1465 1608
f 1319 1465 1466
f 1466 1467 1319
f 1319 1190 1318
f 1318 1465 1319
f 1318 1190 1189
f 1318 1317 1463
f 1189 1317 1318
f 1365 1232 1225
f 1225 1232 1097
f 1225 1364 1365
f 1225 1097 1092
f 1092 1229 1225
f 1229 1364 1225
f 843 842 967
f 711 842 843
f 967 844 843
f 844 711 843
f 712 689 688
f 594 593 688
f 688 593 712
f 688 580 594
f 688 689 580
f 939 940 820
f 939 1073 940
f 1073 939 938
f 820 937 938
f 938 939 820
f 817 816 711
f 819 818 817
f 690 816 684
f 690 684 581
f 581 689 690
f 690 689 712
f 712 816 690
f 820 822 821
f 691 583 699
f 699 828 691
f 827 822 943
f 823 686 687
f 824 686 823
f 687 827 823
f 827 943 823
f 823 943 824
f 1071 938 937
f 1070 1095 1071
f 1071 937 1070
f 941 940 1075
f 950 829 828
f 1441 1517 1446
f 1505 1648 1649
f 1642 1499 1641
f 1500 1499 1642
f 1641 1643 1642
f 1642 1643 1500
f 1638 1499 1494
f 1337 1493 1494
f 1493 1638 1494
f 1494 1495 1337
f 1494 1499 1495
f 1567 1411 1410
f 1261 1389 1410
f 1410 1411 1261
f 1641 1567 1566
f 1566 1643 1641
f 1567 1410 1566
f 1552 1410 1389
f 1643 1566 1552
f 1552 1566 1410
f 1340 1500 1501
f 1551 1386 1501
f 1389 1551 1501
f 1501 1552 1389
f 1250 1399 1400
f 1332 1331 1482
f 1197 1331 1332
f 1279 1428 1425
f 1636 1498 1497
f 1497 1491 1636
f 1497 1498 1337
f 1337 1491 1497
f 1489 1491 1336
f 1335 1488 1489
f 304 303 349
f 246 303 304
f 304 305 246
f 386 1551 345
f 386 387 1551
f 240 241 193
f 239 241 240
f 240 193 192
f 192 190 240
f 190 239 240
f 1377 1376 1538
f 1526 1664 1538
f 1538 1527 1526
f 1538 1376 1527
f 1476 1622 1623
f 1623 1477 1476
f 1626 1622 1664
f 1481 1480 1626
f 1543 1542 1379
f 1379 1378 1543
f 1543 1378 1542
f 1531 1529 1435
f 1435 1580 1531
f 1432 1580 1435
f 1435 1291 1432
f 1525 1368 1366
f 1525 1529 1368
f 1366 1524 1525
f 1525 1524 1583
f 1437 1291 1436
f 1291 1435 1436
f 1436 1435 1529
f 1436 1525 1583
f 1529 1525 1436
f 1578 1430 1434
f 1577 1430 1578
f 1321 1192 1324
f 1474 1471 1324
f 1324 1471 1321
f 1324 1323 1474
f 1192 1323 1324
f 1569 1576 1632
f 1681 1680 1579
f 856 981 982
f 728 855 856
f 856 731 728
f 744 745 621
f 870 745 744
f 744 868 870
f 743 868 744
f 438 474 475
f 474 535 475
f 474 473 533
f 743 744 620
f 620 744 621
f 620 536 535
f 480 481 438
f 541 481 480
f 539 538 626
f 539 628 629
f 629 540 539
f 621 538 543
f 624 538 623
f 624 625 538
f 747 748 623
f 623 746 747
f 862 734 861
f 861 989 862
f 985 989 1115
f 985 862 989
f 743 742 863
f 640 550 549
f 640 552 550
f 707 839 708
f 708 591 707
f 837 841 839
f 1092 1091 1162
f 1091 1030 1162
f 1162 1161 1092
f 513 591 592
f 711 593 592
f 592 593 513
f 592 710 711
f 592 591 710
f 513 519 589
f 589 519 596
f 596 704 589
f 713 704 596
f 596 595 713
f 902 774 770
f 770 900 902
f 517 518 463
f 596 518 517
f 1583 1524 1438
f 1437 1436 1438
f 1438 1436 1583
f 1140 1141 1010
f 1279 1141 1278
f 1278 1141 1277
f 1149 1019 1148
f 1149 1163 1019
f 1155 1163 1289
f 1289 1163 1296
f 1019 896 1018
f 901 897 1020
f 897 896 1020
f 1020 896 1019
f 1136 1013 1005
f 1014 1013 1136
f 1418 1270 1417
f 1271 1270 1418
f 1434 1433 1418
f 1429 1433 1296
f 1429 1418 1433
f 1286 1431 1288
f 1286 1151 1431
f 1288 1153 1286
f 1019 1163 1029
f 1029 1024 901
f 1029 1163 1155
f 1155 1024 1029
f 901 1020 1029
f 1029 1020 1019
f 1023 898 1022
f 1022 1154 1023
f 1153 1154 1022
f 548 481 547
f 547 481 546
f 549 548 547
f 767 900 768
f 768 900 770
f 545 481 544
f 550 552 482
f 482 481 550
f 482 552 515
f 482 515 483
f 482 483 438
f 438 481 482
f 896 763 762
f 883 753 882
f 1005 883 882
f 882 887 1005
f 757 753 883
f 889 758 757
f 757 758 628
f 628 753 757
f 756 753 627
f 626 752 627
f 627 539 626
f 627 753 628
f 628 539 627
f 1006 883 1005
f 1005 1013 1006
f 1393 1411 1553
f 1553 1554 1393
f 1558 1554 1553
f 1553 1568 1558
f 1553 1411 1568
f 612 736 741
f 736 863 741
f 741 863 742
f 1108 1114 982
f 1245 1114 1108
f 1108 1248 1245
f 978 854 867
f 1106 1107 978
f 867 864 978
f 864 992 978
f 993 1106 978
f 978 992 993
f 975 1102 1103
f 727 854 728
f 726 725 727
f 725 854 727
f 527 529 471
f 529 472 471
f 471 470 527
f 438 470 471
f 471 472 438
f 853 740 867
f 725 740 853
f 867 854 853
f 853 854 725
f 728 731 609
f 731 732 609
f 734 729 609
f 609 729 730
f 614 615 531
f 531 472 529
f 531 613 614
f 530 472 531
f 531 607 530
f 606 613 531
f 531 529 606
f 616 740 725
f 725 607 616
f 615 737 616
f 737 740 616
f 616 531 615
f 607 531 616
f 676 331 376
f 376 377 676
f 216 261 217
f 216 165 215
f 217 165 216
f 264 217 263
f 263 262 264
f 217 262 263
f 317 262 316
f 318 262 317
f 361 318 317
f 317 316 360
f 87 91 90
f 90 91 47
f 43 84 85
f 85 86 43
f 84 139 85
f 139 140 85
f 142 86 85
f 144 92 142
f 188 189 131
f 131 189 132
f 132 80 131
f 42 80 81
f 81 80 88
f 81 43 42
f 81 88 43
f 125 128 126
f 128 80 126
f 126 77 125
f 126 80 77
f 237 236 290
f 290 294 237
f 288 294 290
f 289 288 290
f 290 236 289
f 237 291 292
f 292 286 339
f 292 291 286
f 292 339 341
f 341 296 292
f 296 342 292
f 286 291 340
f 340 287 286
f 291 287 340
f 393 392 504
f 392 576 504
f 504 577 393
f 504 576 577
f 668 569 667
f 667 678 668
f 570 569 669
f 669 576 570
f 569 668 669
f 677 576 669
f 669 678 677
f 669 668 678
f 1038 913 910
f 783 782 910
f 910 782 909
f 785 786 658
f 785 913 786
f 658 657 785
f 785 910 913
f 783 910 785
f 785 654 783
f 785 657 654
f 917 918 792
f 917 792 789
f 789 916 917
f 566 664 665
f 665 567 566
f 566 567 499
f 565 566 499
f 496 497 449
f 491 557 493
f 446 424 445
f 655 560 559
f 790 662 791
f 791 661 790
f 662 661 791
f 270 223 269
f 269 268 321
f 269 322 270
f 269 321 322
f 935 811 810
f 810 934 935
f 810 809 932
f 932 933 810
f 933 934 810
f 679 809 810
f 810 811 679
f 221 269 223
f 175 226 221
f 221 176 175
f 221 226 268
f 268 269 221
f 223 172 170
f 69 110 111
f 111 112 69
f 111 163 112
f 113 114 71
f 71 74 113
f 120 114 113
f 113 74 120
f 35 72 36
f 71 72 35
f 109 108 161
f 161 110 109
f 108 160 161
f 162 160 212
f 212 163 162
f 162 161 160
f 110 161 162
f 162 111 110
f 163 111 162
f 27 30 13
f 30 14 13
f 32 68 69
f 31 67 32
f 67 68 32
f 4 15 16
f 16 5 4
f 16 15 31
f 31 32 16
f 410 153 208
f 208 153 152
f 208 409 410
f 208 408 409
f 208 207 408
f 208 152 207
f 48 24 47
f 47 49 48
f 48 49 24
f 63 28 62
f 28 61 62
f 53 63 62
f 62 61 53
f 553 491 489
f 599 643 553
f 553 522 599
f 489 522 553
f 554 646 555
f 554 645 646
f 554 553 643
f 554 643 644
f 644 645 554
f 555 491 554
f 491 553 554
f 702 701 587
f 587 586 702
f 702 586 701
f 700 701 585
f 701 586 585
f 585 586 510
f 585 510 584
f 585 696 700
f 584 696 585
f 597 587 598
f 598 522 597
f 521 465 512
f 521 522 465
f 521 512 587
f 587 597 521
f 521 597 522
f 1167 1038 1036
f 1036 1035 1167
f 1038 910 1036
f 1036 910 909
f 908 1035 1036
f 1036 909 908
f 784 782 653
f 907 782 784
f 784 912 907
f 784 911 912
f 555 647 648
f 648 649 555
f 905 780 779
f 905 781 780
f 905 832 958
f 779 832 905
f 906 781 905
f 958 832 957
f 1032 958 957
f 957 1088 1032
f 957 832 959
f 959 1088 957
f 831 956 832
f 831 693 830
f 831 694 693
f 832 694 831
f 441 443 484
f 484 440 441
f 443 440 484
f 1379 1544 1545
f 1545 1380 1379
f 1612 1545 1613
f 1716 1707 1709
f 1669 1707 1703
f 1703 1692 1691
f 1693 1692 1703
f 1703 1707 1693
f 1204 1095 1094
f 1204 1071 1095
f 1696 1611 1610
f 1696 1695 1716
f 1610 1695 1696
f 1615 1471 1473
f 1473 1611 1615
f 1469 1611 1473
f 1473 1323 1469
f 1610 1611 1469
f 1469 1323 1320
f 1603 1604 1463
f 1603 1684 1687
f 1463 1604 1464
f 1464 1604 1465
f 1464 1318 1463
f 1465 1318 1464
f 1463 1606 1607
f 1057 925 924
f 1057 1058 925
f 1456 1596 1597
f 1453 1596 1456
f 1183 1055 1182
f 1183 1312 1313
f 1591 1453 1590
f 1597 1596 1683
f 1649 1684 1602
f 1684 1603 1602
f 1602 1607 1606
f 1602 1603 1463
f 1463 1607 1602
f 1453 1591 1592
f 1592 1586 1659
f 1587 1586 1592
f 1590 1587 1592
f 1592 1591 1590
f 1169 1172 1167
f 1169 1168 1300
f 1167 1035 1169
f 1035 1168 1169
f 1182 1055 1181
f 1181 1055 1069
f 1069 1180 1181
f 1309 1308 1450
f 1180 1308 1309
f 1588 1589 1452
f 1452 1451 1588
f 1588 1451 1584
f 1585 1589 1588
f 1588 1584 1585
f 1299 1170 1303
f 1300 1168 1299
f 1299 1168 1170
f 711 819 845
f 845 817 711
f 819 817 845
f 814 822 827
f 583 697 698
f 698 699 583
f 697 686 698
f 941 1075 942
f 942 1075 1076
f 942 822 941
f 942 943 822
f 940 1073 1074
f 1074 1075 940
f 949 950 828
f 1082 950 949
f 830 829 954
f 829 950 954
f 954 831 830
f 1298 1297 1166
f 1297 1441 1302
f 1302 1170 1297
f 1303 1170 1302
f 1446 1303 1302
f 1302 1441 1446
f 1646 1505 1645
f 1645 1505 1511
f 1500 1643 1644
f 1644 1501 1500
f 1643 1552 1644
f 1552 1501 1644
f 404 1340 1502
f 1340 1501 1502
f 1502 388 404
f 1502 387 388
f 1386 387 1502
f 1502 1501 1386
f 1486 1334 1485
f 1557 1400 1399
f 1556 1400 1557
f 1557 1395 1556
f 1399 1396 1557
f 1557 1396 1395
f 869 746 870
f 870 868 869
f 869 863 991
f 869 868 743
f 743 863 869
f 1277 1141 1276
f 1333 1334 1197
f 1197 1332 1333
f 1333 1332 1334
f 1575 1425 1428
f 1482 1632 1575
f 1632 1576 1575
f 1279 1425 1426
f 1576 1569 1426
f 1426 1575 1576
f 1425 1575 1426
f 1490 1336 1335
f 1335 1489 1490
f 1490 1489 1336
f 351 386 345
f 387 386 351
f 345 305 351
f 349 387 351
f 351 304 349
f 305 304 351
f 1620 1539 1673
f 1664 1622 1540
f 1622 1539 1540
f 1540 1539 1377
f 1540 1538 1664
f 1377 1538 1540
f 1622 1626 1625
f 1625 1626 1480
f 1625 1480 1479
f 1627 1664 1666
f 1627 1626 1664
f 1666 1665 1627
f 1481 1626 1627
f 1026 1156 1157
f 1157 1156 1293
f 1226 1295 1157
f 1157 1294 1226
f 1157 1293 1294
f 1629 1665 1680
f 1680 1630 1629
f 1629 1630 1481
f 1579 1577 1582
f 1582 1681 1579
f 1577 1578 1582
f 1679 1681 1582
f 1582 1578 1434
f 733 732 731
f 731 856 733
f 734 609 733
f 733 609 732
f 861 734 733
f 982 984 983
f 983 856 982
f 984 856 983
f 532 530 612
f 532 473 530
f 532 533 473
f 619 742 743
f 743 620 619
f 619 620 535
f 621 536 622
f 622 620 621
f 536 620 622
f 479 480 438
f 478 539 540
f 538 539 478
f 478 543 538
f 478 540 541
f 541 480 478
f 480 479 478
f 478 479 438
f 623 748 749
f 749 624 623
f 625 624 750
f 624 749 750
f 750 749 748
f 748 877 750
f 750 877 752
f 874 747 746
f 875 874 997
f 747 874 875
f 1116 985 1115
f 1116 1115 1112
f 1112 1254 1116
f 730 859 735
f 735 611 730
f 735 863 736
f 859 863 735
f 735 736 612
f 612 611 735
f 730 729 857
f 857 729 734
f 734 862 857
f 987 863 859
f 549 638 639
f 639 640 549
f 552 640 641
f 704 837 705
f 705 589 704
f 839 707 705
f 705 837 839
f 903 902 1030
f 846 774 903
f 774 902 903
f 1160 1161 1027
f 1161 1162 1027
f 1027 1026 1160
f 1027 900 1026
f 1028 1162 1030
f 1030 902 1028
f 1028 902 900
f 900 1027 1028
f 1028 1027 1162
f 590 591 513
f 513 589 590
f 590 707 591
f 590 705 707
f 838 837 704
f 704 713 838
f 838 713 846
f 846 903 838
f 964 841 838
f 841 837 838
f 838 963 964
f 463 515 516
f 516 517 463
f 515 596 516
f 596 517 516
f 1439 1438 1524
f 1439 1524 1366
f 1366 1294 1439
f 1294 1293 1439
f 1141 1270 1135
f 1135 1270 1271
f 1271 1136 1135
f 1135 1136 1005
f 1280 1141 1279
f 1279 1270 1280
f 1280 1270 1141
f 1417 1270 1416
f 1416 1418 1417
f 1416 1270 1279
f 1279 1426 1416
f 1416 1426 1569
f 756 885 886
f 886 887 756
f 1011 887 1010
f 1011 1135 1005
f 1140 1010 1008
f 1010 887 1008
f 887 886 1008
f 1008 886 885
f 1155 1289 1290
f 1290 1289 1296
f 1290 1430 1285
f 1434 1430 1290
f 1290 1433 1434
f 1296 1433 1290
f 1019 1018 1147
f 1147 1018 1146
f 894 762 893
f 1271 1418 1281
f 1418 1429 1281
f 1014 1136 1143
f 1282 1283 1143
f 1148 1019 1143
f 1143 1281 1148
f 1143 1016 1014
f 1144 1016 1143
f 1143 1136 1271
f 1271 1281 1143
f 1434 1418 1570
f 1570 1416 1569
f 1145 1147 1146
f 1144 1143 1145
f 1145 1143 1283
f 892 891 1015
f 893 762 892
f 1025 1154 1026
f 1026 900 1025
f 1025 900 1023
f 1023 1154 1025
f 1153 1022 1152
f 1152 1286 1153
f 1292 1156 1291
f 1292 1291 1437
f 1293 1156 1292
f 1292 1439 1293
f 1437 1438 1292
f 1438 1439 1292
f 635 637 771
f 635 547 637
f 771 772 635
f 635 638 549
f 549 547 635
f 634 547 546
f 634 768 770
f 628 544 551
f 551 544 481
f 541 628 551
f 551 481 541
f 630 544 628
f 630 762 763
f 631 630 763
f 544 630 631
f 545 544 631
f 756 887 881
f 887 882 881
f 881 753 756
f 881 882 753
f 756 627 755
f 752 879 755
f 755 885 756
f 888 1013 1012
f 888 1006 1013
f 1012 890 888
f 888 890 889
f 883 1006 888
f 889 757 888
f 888 757 883
f 1412 1565 1485
f 1251 1112 1250
f 1250 1252 1251
f 1251 1252 1112
f 1253 1254 1112
f 1112 1252 1253
f 1250 1400 1401
f 1401 1252 1250
f 1402 1401 1400
f 1252 1401 1402
f 982 981 980
f 980 1108 982
f 981 856 980
f 854 978 979
f 979 975 854
f 1102 975 979
f 1107 1102 979
f 979 978 1107
f 608 607 726
f 726 727 608
f 530 607 608
f 608 609 530
f 608 727 728
f 728 609 608
f 730 611 610
f 610 609 730
f 610 611 530
f 530 609 610
f 375 376 331
f 395 370 394
f 376 375 373
f 374 326 373
f 373 360 374
f 398 377 397
f 377 376 397
f 406 398 397
f 260 262 261
f 261 216 260
f 260 216 215
f 315 262 260
f 260 314 315
f 215 259 260
f 260 259 314
f 89 46 87
f 87 90 89
f 47 46 89
f 89 90 47
f 146 92 145
f 92 144 145
f 141 144 142
f 142 85 141
f 141 85 140
f 141 203 146
f 202 203 141
f 141 201 202
f 200 201 141
f 141 140 200
f 146 145 141
f 141 145 144
f 130 80 129
f 130 131 80
f 130 129 188
f 188 131 130
f 237 292 293
f 293 292 342
f 293 239 237
f 296 239 293
f 293 342 296
f 918 917 1044
f 1043 1176 1044
f 1044 1176 1047
f 1047 919 1044
f 919 918 1044
f 1044 915 1043
f 663 790 664
f 664 566 663
f 566 565 663
f 663 662 790
f 663 565 662
f 662 565 564
f 496 563 564
f 563 661 564
f 564 661 662
f 426 450 451
f 426 449 450
f 451 427 426
f 209 425 426
f 210 209 426
f 426 427 210
f 450 449 498
f 498 449 497
f 498 497 496
f 496 564 498
f 498 564 565
f 499 450 498
f 498 565 499
f 495 449 448
f 495 448 494
f 496 449 495
f 557 654 561
f 561 493 557
f 561 657 658
f 654 657 561
f 562 493 561
f 658 656 561
f 656 562 561
f 558 562 655
f 655 559 558
f 558 493 562
f 115 120 168
f 120 176 174
f 174 168 120
f 170 168 174
f 176 221 174
f 221 170 174
f 171 172 115
f 115 170 171
f 171 170 172
f 222 221 223
f 223 170 222
f 222 170 221
f 17 35 36
f 6 5 17
f 19 6 17
f 17 36 19
f 70 74 71
f 71 35 70
f 12 10 27
f 27 13 12
f 1039 912 1031
f 912 911 1031
f 1031 1164 1039
f 1031 1034 1164
f 1037 1168 1035
f 1170 1168 1037
f 1037 1035 908
f 908 912 1037
f 1037 912 1039
f 1039 1170 1037
f 649 648 777
f 653 649 777
f 777 784 653
f 776 784 777
f 647 776 777
f 777 648 647
f 1618 1542 1541
f 1618 1617 1542
f 1706 1707 1669
f 1706 1709 1707
f 1649 1648 1647
f 1647 1646 1645
f 1669 1703 1647
f 1648 1505 1647
f 1505 1646 1647
f 1704 1703 1691
f 1704 1684 1649
f 1649 1647 1704
f 1704 1647 1703
f 1691 1687 1704
f 1687 1684 1704
f 1716 1709 1708
f 1708 1696 1716
f 1608 1610 1609
f 1610 1469 1609
f 1609 1466 1608
f 1467 1466 1609
f 1687 1604 1688
f 1688 1603 1687
f 1604 1603 1688
f 924 1055 1056
f 1056 1057 924
f 1458 1456 1597
f 1312 1456 1458
f 1597 1598 1458
f 1458 1598 1459
f 1459 1312 1458
f 1453 1456 1454
f 1454 1450 1453
f 1454 1309 1450
f 1455 1309 1454
f 1457 1456 1312
f 1058 1057 1185
f 1185 1188 1058
f 1185 1313 1188
f 1185 1183 1313
f 1605 1682 1606
f 1605 1683 1682
f 1463 1601 1605
f 1605 1606 1463
f 1605 1601 1600
f 1605 1600 1597
f 1597 1683 1605
f 1649 1602 1651
f 1453 1592 1593
f 1443 1304 1301
f 1300 1443 1301
f 1301 1169 1300
f 1301 1304 1173
f 1173 1172 1301
f 1172 1169 1301
f 1442 1299 1303
f 1442 1303 1447
f 1447 1444 1442
f 1442 1444 1300
f 1300 1299 1442
f 685 821 822
f 822 814 685
f 820 821 685
f 685 578 684
f 685 819 820
f 685 818 819
f 685 817 818
f 684 816 685
f 816 817 685
f 815 827 687
f 815 814 827
f 825 686 824
f 824 699 825
f 699 698 825
f 1075 1074 1208
f 1076 1211 1212
f 1082 949 1083
f 828 699 836
f 699 835 836
f 833 699 824
f 1521 1362 1520
f 1084 950 1082
f 1082 1217 1218
f 1089 1087 1223
f 959 1087 1089
f 1089 1088 959
f 1165 1088 1089
f 824 943 947
f 943 1078 947
f 948 944 824
f 824 947 948
f 948 947 1078
f 1079 944 948
f 1210 1078 1076
f 1079 1078 1210
f 1077 942 1076
f 1076 1078 1077
f 943 942 1077
f 1077 1078 943
f 1355 1505 1351
f 1346 1344 1354
f 1505 1355 1354
f 1487 1634 1488
f 1335 1334 1487
f 1487 1488 1335
f 1334 1486 1487
f 1486 1634 1487
f 1562 1634 1486
f 1636 1491 1561
f 1561 1562 1400
f 1634 1562 1561
f 995 869 991
f 991 1118 995
f 1485 1633 1573
f 1573 1419 1485
f 1428 1574 1483
f 1483 1332 1482
f 1482 1575 1483
f 1483 1575 1428
f 1484 1574 1633
f 1334 1332 1484
f 1332 1483 1484
f 1484 1483 1574
f 1485 1334 1484
f 1484 1633 1485
f 1476 1620 1621
f 1620 1673 1621
f 1621 1622 1476
f 1621 1539 1622
f 1621 1673 1539
f 1624 1623 1622
f 1622 1625 1624
f 1624 1625 1479
f 1479 1477 1624
f 1477 1623 1624
f 1026 1157 1158
f 1158 1157 1295
f 1159 1026 1158
f 1158 1295 1159
f 1632 1481 1631
f 1631 1701 1632
f 1481 1630 1631
f 1678 1569 1632
f 1632 1701 1678
f 1679 1569 1678
f 1678 1701 1679
f 1679 1701 1711
f 1628 1627 1665
f 1665 1629 1628
f 1481 1627 1628
f 1628 1629 1481
f 861 733 860
f 860 733 856
f 860 856 984
f 860 989 861
f 860 984 988
f 988 989 860
f 617 532 612
f 612 741 617
f 534 619 535
f 534 535 474
f 474 533 534
f 542 478 536
f 543 478 542
f 542 536 621
f 621 543 542
f 535 536 477
f 477 478 438
f 751 752 625
f 625 750 751
f 751 750 752
f 997 874 873
f 873 874 746
f 1000 875 999
f 858 859 730
f 730 857 858
f 858 987 859
f 991 863 990
f 863 987 990
f 642 595 552
f 552 641 642
f 642 713 595
f 642 641 713
f 640 639 775
f 775 641 640
f 846 713 775
f 713 641 775
f 1091 963 962
f 962 1030 1091
f 962 903 1030
f 963 838 962
f 962 838 903
f 589 705 706
f 706 590 589
f 705 590 706
f 1142 1010 1141
f 1141 1135 1142
f 1142 1011 1010
f 1135 1011 1142
f 752 877 878
f 878 879 752
f 1002 1007 1003
f 879 878 1003
f 1003 877 1002
f 1003 878 877
f 1005 887 1009
f 1009 1011 1005
f 887 1011 1009
f 1138 1007 1137
f 1138 1008 1007
f 1137 1276 1139
f 1139 1138 1137
f 1008 1138 1139
f 1140 1008 1139
f 1139 1141 1140
f 1139 1276 1141
f 1287 1151 1155
f 1155 1290 1287
f 1285 1151 1287
f 1287 1290 1285
f 1150 1147 1282
f 1019 1147 1150
f 1150 1143 1019
f 1282 1143 1150
f 895 1018 896
f 895 894 1018
f 896 762 895
f 762 894 895
f 1146 1018 1017
f 1018 894 1017
f 1017 1145 1146
f 1144 1145 1017
f 1017 894 893
f 1017 1016 1144
f 1017 892 1016
f 893 892 1017
f 1284 1149 1148
f 1148 1281 1284
f 1296 1163 1284
f 1163 1149 1284
f 1284 1429 1296
f 1284 1281 1429
f 1581 1569 1679
f 1581 1570 1569
f 1679 1582 1581
f 1581 1582 1434
f 1434 1570 1581
f 1418 1416 1571
f 1571 1570 1418
f 1416 1570 1571
f 637 547 636
f 547 634 636
f 636 774 637
f 770 774 636
f 636 634 770
f 768 634 633
f 767 768 633
f 633 769 767
f 633 634 546
f 762 630 761
f 761 892 762
f 891 892 761
f 765 897 767
f 765 896 897
f 754 627 752
f 754 755 627
f 1258 1257 1256
f 1254 1253 1256
f 1257 1116 1256
f 1256 1116 1254
f 1404 1253 1252
f 1485 1565 1404
f 1404 1564 1485
f 855 854 977
f 977 856 855
f 977 980 856
f 1108 980 1105
f 980 977 1105
f 407 394 406
f 407 395 394
f 406 397 407
f 407 397 395
f 372 326 370
f 372 373 326
f 360 373 362
f 362 317 360
f 363 375 331
f 363 373 375
f 363 362 373
f 363 318 361
f 331 318 363
f 361 317 363
f 317 362 363
f 396 397 376
f 395 397 396
f 376 373 396
f 373 372 396
f 370 395 396
f 396 372 370
f 1046 917 916
f 1046 1044 917
f 491 493 447
f 445 491 447
f 447 446 445
f 447 448 424
f 424 446 447
f 169 170 115
f 115 168 169
f 169 168 170
f 5 16 18
f 18 17 5
f 3 13 14
f 3 12 13
f 10 12 3
f 2 10 3
f 3 14 4
f 1 2 3
f 3 4 1
f 904 1031 911
f 776 781 904
f 904 781 906
f 904 784 776
f 911 784 904
f 1619 1618 1541
f 1541 1539 1619
f 1619 1539 1620
f 1619 1620 1476
f 1476 1618 1619
f 1476 1325 1475
f 1325 1472 1475
f 1475 1618 1476
f 1617 1618 1475
f 1475 1472 1617
f 1617 1472 1616
f 1616 1472 1613
f 1542 1617 1616
f 1544 1542 1616
f 1616 1545 1544
f 1616 1613 1545
f 1322 1472 1325
f 1322 1192 1321
f 1193 1192 1322
f 1322 1325 1193
f 1612 1613 1470
f 1613 1472 1470
f 1321 1471 1470
f 1470 1322 1321
f 1472 1322 1470
f 1380 1545 1546
f 1546 1382 1380
f 1546 1545 1612
f 1548 1382 1547
f 1547 1546 1612
f 1382 1546 1547
f 1071 1204 1203
f 1645 1511 1656
f 1656 1647 1645
f 1611 1696 1697
f 1468 1469 1320
f 1468 1609 1469
f 1320 1467 1468
f 1467 1609 1468
f 1057 1056 1184
f 1184 1185 1057
f 1183 1185 1184
f 1055 1183 1184
f 1184 1056 1055
f 1310 1309 1455
f 1456 1457 1310
f 1182 1181 1310
f 1310 1181 1180
f 1180 1309 1310
f 1455 1454 1310
f 1310 1454 1456
f 1650 1505 1649
f 1649 1651 1650
f 1686 1653 1652
f 1652 1602 1686
f 1652 1651 1602
f 1606 1690 1685
f 1685 1653 1686
f 1685 1602 1606
f 1686 1602 1685
f 1705 1690 1662
f 1653 1685 1705
f 1453 1593 1594
f 1522 1362 1521
f 1522 1523 1362
f 1521 1653 1661
f 1661 1522 1521
f 1523 1522 1661
f 1662 1523 1661
f 1661 1705 1662
f 1653 1705 1661
f 1662 1690 1660
f 1660 1593 1592
f 1660 1594 1593
f 1660 1690 1606
f 1606 1682 1660
f 1682 1594 1660
f 683 685 814
f 814 815 683
f 683 815 687
f 578 685 683
f 687 579 683
f 579 578 683
f 826 698 686
f 686 825 826
f 826 825 698
f 1073 938 1072
f 938 1071 1072
f 1072 1203 1205
f 1071 1203 1072
f 1207 1074 1073
f 1207 1208 1074
f 1073 1072 1207
f 1076 1212 1213
f 1213 1210 1076
f 1079 1210 1213
f 952 1083 953
f 953 1083 949
f 828 952 953
f 953 949 828
f 1085 1083 952
f 1082 1083 1085
f 1085 952 1086
f 834 835 699
f 699 833 834
f 824 944 945
f 945 944 1079
f 1086 952 961
f 1223 1217 1358
f 1360 1520 1362
f 1505 1650 1506
f 1506 1650 1651
f 1506 1652 1653
f 1651 1652 1506
f 1363 1221 1353
f 1215 1090 1079
f 1221 1090 1215
f 1353 1221 1215
f 955 1084 1087
f 955 1087 959
f 955 954 950
f 950 1084 955
f 959 956 955
f 956 831 955
f 831 954 955
f 1087 1218 1222
f 1223 1087 1222
f 1222 1217 1223
f 1222 1218 1217
f 1224 1089 1223
f 1224 1298 1166
f 1223 1298 1224
f 1166 1165 1224
f 1165 1089 1224
f 1081 1078 1079
f 1079 948 1081
f 1081 948 1078
f 1512 1511 1505
f 1505 1354 1512
f 1512 1354 1511
f 1349 1354 1350
f 1504 1354 1349
f 1350 1213 1349
f 1400 1562 1563
f 1563 1562 1486
f 1563 1486 1485
f 1563 1402 1400
f 1485 1564 1563
f 1564 1402 1563
f 1636 1561 1560
f 1560 1561 1400
f 1560 1640 1636
f 1556 1640 1560
f 1560 1400 1556
f 1634 1561 1635
f 1635 1489 1488
f 1488 1634 1635
f 1491 1489 1635
f 1635 1561 1491
f 1137 1007 1134
f 1001 875 1000
f 1001 1007 1002
f 1001 1134 1007
f 1124 995 1118
f 1124 1118 1258
f 1421 1427 1279
f 1421 1428 1427
f 1277 1276 1424
f 1275 1276 1137
f 1419 1573 1572
f 1633 1574 1572
f 1572 1573 1633
f 1701 1631 1700
f 1700 1711 1701
f 1700 1631 1630
f 1700 1630 1680
f 1712 1714 1681
f 1712 1711 1714
f 1712 1681 1679
f 1679 1711 1712
f 1680 1681 1713
f 1681 1714 1713
f 1713 1700 1680
f 1711 1700 1713
f 618 534 533
f 619 534 618
f 533 532 618
f 532 617 618
f 742 619 618
f 618 741 742
f 618 617 741
f 536 478 537
f 537 477 536
f 478 477 537
f 438 475 476
f 476 477 438
f 476 475 535
f 535 477 476
f 869 995 996
f 996 995 997
f 997 873 996
f 746 869 871
f 869 996 871
f 871 996 873
f 998 875 997
f 997 999 998
f 998 999 875
f 997 995 1126
f 1126 999 997
f 1130 1000 1127
f 1000 999 1127
f 986 990 987
f 986 858 985
f 987 858 986
f 985 1116 986
f 773 639 638
f 773 775 639
f 638 635 773
f 773 635 772
f 771 774 773
f 773 772 771
f 773 774 846
f 846 775 773
f 1004 1003 1007
f 879 1003 1004
f 632 633 546
f 631 633 632
f 632 546 545
f 545 631 632
f 760 761 630
f 760 628 759
f 760 630 628
f 759 891 760
f 891 761 760
f 764 631 763
f 764 765 631
f 764 763 896
f 896 765 764
f 631 765 766
f 769 633 766
f 766 633 631
f 767 769 766
f 766 765 767
f 752 755 880
f 880 754 752
f 755 754 880
f 1413 1412 1485
f 1413 1267 1412
f 1485 1414 1413
f 1413 1414 1267
f 1266 1267 1130
f 1412 1267 1266
f 1268 1132 1130
f 1130 1267 1268
f 1565 1412 1406
f 1252 1402 1403
f 1403 1404 1252
f 1403 1402 1564
f 1564 1404 1403
f 1248 1108 1247
f 1108 1105 1247
f 1246 1105 1104
f 1245 1248 1246
f 1246 1104 1245
f 1248 1247 1246
f 1246 1247 1105
f 1104 1105 976
f 976 1105 977
f 1103 1104 976
f 976 975 1103
f 854 975 976
f 976 977 854
f 1045 1046 916
f 1044 1046 1045
f 916 915 1045
f 915 1044 1045
f 492 558 559
f 493 558 492
f 492 447 493
f 492 559 560
f 494 448 492
f 448 447 492
f 492 495 494
f 492 560 496
f 496 495 492
f 74 70 37
f 37 70 35
f 69 74 37
f 35 17 34
f 17 18 34
f 34 37 35
f 18 37 34
f 1098 1235 1236
f 1236 1237 1098
f 1236 1235 1381
f 1381 1380 1236
f 1380 1382 1236
f 1382 1237 1236
f 1471 1615 1614
f 1614 1470 1471
f 1548 1547 1614
f 1230 1204 1094
f 1230 1203 1204
f 1099 970 1098
f 1096 970 1099
f 1098 1237 1238
f 1238 1099 1098
f 1549 1382 1548
f 1383 1237 1382
f 1382 1549 1383
f 1383 1238 1237
f 1654 1533 1669
f 1511 1533 1654
f 1669 1533 1532
f 1532 1533 1371
f 1669 1647 1655
f 1647 1656 1655
f 1655 1656 1511
f 1655 1654 1669
f 1511 1654 1655
f 1698 1615 1611
f 1611 1697 1698
f 1182 1310 1311
f 1311 1310 1457
f 1311 1457 1312
f 1311 1183 1182
f 1312 1183 1311
f 1715 1685 1690
f 1690 1705 1715
f 1715 1705 1685
f 1453 1594 1595
f 1595 1594 1682
f 1595 1596 1453
f 1595 1683 1596
f 1682 1683 1595
f 1663 1523 1662
f 1662 1660 1663
f 1658 1592 1659
f 1658 1660 1592
f 1362 1523 1513
f 1206 1072 1205
f 1206 1207 1072
f 1205 1344 1206
f 1208 1207 1206
f 1206 1347 1208
f 1206 1344 1346
f 1346 1347 1206
f 1503 1354 1504
f 1346 1354 1503
f 1503 1347 1346
f 1208 1347 1209
f 1209 1211 1076
f 1076 1075 1209
f 1075 1208 1209
f 1348 1503 1504
f 1347 1503 1348
f 1504 1349 1348
f 1348 1349 1213
f 1348 1209 1347
f 1211 1209 1348
f 1348 1212 1211
f 1348 1213 1212
f 1219 1085 1221
f 1219 1363 1356
f 1221 1363 1219
f 946 833 824
f 824 945 946
f 951 834 833
f 833 961 951
f 835 834 951
f 951 961 952
f 951 836 835
f 951 952 828
f 828 836 951
f 1221 1085 1220
f 1220 1090 1221
f 1220 1085 1086
f 1086 1090 1220
f 1297 1298 1440
f 1440 1441 1297
f 1517 1441 1440
f 1359 1217 1356
f 1359 1360 1217
f 1356 1363 1359
f 1362 1217 1361
f 1361 1360 1362
f 1217 1360 1361
f 1352 1506 1353
f 1351 1505 1352
f 1505 1506 1352
f 1507 1363 1353
f 1353 1506 1507
f 1507 1506 1653
f 1131 1001 1000
f 1132 1001 1131
f 1131 1000 1130
f 1130 1132 1131
f 876 1001 1002
f 875 1001 876
f 1002 877 876
f 876 877 748
f 748 747 876
f 747 875 876
f 1133 1001 1132
f 1134 1001 1133
f 1133 1132 1137
f 1137 1134 1133
f 1128 999 1125
f 1125 1124 1128
f 999 1126 1125
f 995 1124 1125
f 1125 1126 995
f 1276 1423 1422
f 1422 1424 1276
f 1279 1278 1422
f 1422 1421 1279
f 1422 1278 1277
f 1277 1424 1422
f 1419 1572 1420
f 1428 1421 1420
f 1420 1574 1428
f 1420 1572 1574
f 1714 1711 1717
f 1717 1713 1714
f 1711 1713 1717
f 872 873 746
f 746 871 872
f 872 871 873
f 1129 999 1128
f 1129 1127 999
f 990 986 1117
f 1117 1118 991
f 991 990 1117
f 1117 1257 1258
f 1258 1118 1117
f 1117 1116 1257
f 1117 986 1116
f 884 755 879
f 879 1004 884
f 885 755 884
f 884 1004 1007
f 884 1008 885
f 1007 1008 884
f 1485 1419 1415
f 1415 1414 1485
f 1267 1414 1415
f 1415 1268 1267
f 1405 1404 1565
f 1565 1406 1405
f 1405 1406 1256
f 1405 1256 1253
f 1253 1404 1405
f 69 37 33
f 33 37 18
f 33 18 16
f 33 32 69
f 33 16 32
f 1373 1354 1344
f 1373 1508 1354
f 1230 1373 1374
f 1094 1096 1231
f 1096 1099 1231
f 1231 1230 1094
f 1371 1230 1231
f 1099 1238 1231
f 1669 1532 1668
f 1385 1238 1384
f 1238 1383 1384
f 1535 1533 1536
f 1533 1508 1536
f 1536 1373 1535
f 1508 1373 1536
f 1511 1354 1510
f 1509 1533 1511
f 1509 1508 1533
f 1511 1510 1509
f 1354 1508 1509
f 1509 1510 1354
f 1659 1586 1516
f 1586 1517 1516
f 1514 1513 1523
f 1082 1085 1216
f 1085 1219 1216
f 1216 1219 1356
f 1216 1217 1082
f 1356 1217 1216
f 833 946 960
f 960 1090 1086
f 1079 1090 960
f 1086 961 960
f 960 961 833
f 960 946 945
f 1363 1507 1519
f 1360 1359 1519
f 1519 1653 1521
f 1519 1507 1653
f 1521 1520 1519
f 1520 1360 1519
f 1353 1215 1214
f 1214 1352 1353
f 1351 1352 1214
f 1214 1355 1351
f 1214 1215 1079
f 1350 1354 1214
f 1214 1354 1355
f 1079 1213 1214
f 1214 1213 1350
f 1274 1422 1423
f 1274 1423 1276
f 1276 1275 1274
f 1274 1275 1137
f 1421 1422 1274
f 1274 1420 1421
f 1419 1420 1274
f 1274 1415 1419
f 1258 1256 1263
f 1263 1124 1258
f 1128 1124 1263
f 1264 1263 1256
f 1264 1129 1128
f 1128 1263 1264
f 1127 1129 1264
f 1132 1268 1269
f 1268 1415 1269
f 1137 1132 1269
f 1372 1230 1371
f 1372 1373 1230
f 1535 1373 1372
f 1372 1533 1535
f 1371 1533 1372
f 1345 1344 1205
f 1345 1373 1344
f 1203 1230 1343
f 1230 1374 1343
f 1205 1203 1343
f 1343 1345 1205
f 1343 1374 1373
f 1373 1345 1343
f 1371 1231 1375
f 1385 1384 1375
f 1375 1238 1385
f 1375 1231 1238
f 1534 1532 1371
f 1371 1375 1534
f 1523 1663 1657
f 1657 1514 1523
f 1657 1663 1660
f 1513 1514 1357
f 1357 1217 1362
f 1362 1513 1357
f 1357 1358 1217
f 1357 1440 1298
f 1357 1298 1223
f 1223 1358 1357
f 1517 1440 1357
f 1357 1516 1517
f 1080 945 1079
f 1079 960 1080
f 1080 960 945
f 1518 1359 1363
f 1363 1519 1518
f 1518 1519 1359
f 1273 1274 1137
f 1415 1274 1273
f 1407 1406 1412
f 1256 1406 1407
f 1407 1264 1256
f 1696 1708 1710
f 1710 1697 1696
f 1674 1675 1548
f 1548 1614 1674
f 1674 1614 1615
f 1550 1383 1549
f 1671 1549 1548
f 1548 1675 1671
f 1697 1710 1671
f 1671 1698 1697
f 1615 1698 1671
f 1671 1675 1615
f 1667 1668 1532
f 1532 1534 1667
f 1537 1384 1383
f 1383 1550 1537
f 1537 1375 1384
f 1537 1534 1375
f 1537 1550 1549
f 1549 1671 1537
f 1514 1657 1515
f 1515 1357 1514
f 1516 1357 1515
f 1515 1657 1660
f 1660 1658 1515
f 1515 1658 1659
f 1659 1516 1515
f 1272 1273 1137
f 1415 1273 1272
f 1137 1269 1272
f 1272 1269 1415
f 1412 1266 1265
f 1265 1407 1412
f 1264 1407 1265
f 1265 1266 1130
f 1130 1127 1265
f 1127 1264 1265
f 1615 1675 1699
f 1699 1674 1615
f 1675 1674 1699
f 1668 1667 1670
f 1670 1667 1534
f 1534 1537 1670
f 1670 1708 1709
f 1709 1706 1670
f 1670 1706 1669
f 1669 1668 1670
f 1672 1537 1671
f 1672 1670 1537
f 1708 1670 1672
f 1672 1710 1708
f 1672 1671 1710
f 1680 1665 1580
f 1580 1665 1531
f 1242 1259 1123
f 1123 1122 1242
f 1539 1378 1377
f 1541 1378 1539
f 1156 1154 1153
f 1026 1154 1156
f 1288 1291 1156
f 1156 1153 1288
f 905 958 1032
f 1032 906 905
f 1282 1147 1145
f 1145 1283 1282
f 1014 1016 892
f 1015 1014 892
f 1152 1022 898
f 1152 898 1021
f 1021 1151 1152
f 1151 1286 1152
f 448 449 426
f 425 448 426
f 1087 1084 1218
f 1218 1084 1082
f 858 857 862
f 862 985 858
f 1034 1031 904
f 906 1034 904
f 1614 1547 1612
f 1612 1470 1614

