# https://github.com/mikedh/trimesh
v 0.01480374 -0.04510938 -0.09286852
v -0.02040060 -0.04027509 -0.09464004
v -0.01895632 -0.04050358 -0.09473723
v 0.01255994 -0.04536192 -0.09308510
v 0.01480374 -0.04377454 -0.09399446
v 0.01647154 -0.04252388 -0.09463726
v 0.01723666 -0.04355808 -0.09355853
v 0.01930852 -0.04324541 -0.09327808
v 0.02156091 -0.04287262 -0.09296987
v 0.01650592 -0.04485684 -0.09257975
v -0.02346110 -0.03848328 -0.09478165
v 0.01480374 -0.04264413 -0.09468308
v 0.02174144 -0.04122511 -0.09418190
v 0.02111387 -0.04043142 -0.09465253
v 0.02386488 -0.04141752 -0.09329613
v 0.02605709 -0.04082827 -0.09299070
v 0.02315133 -0.04259603 -0.09262418
v 0.02763032 -0.04043142 -0.09262834
v 0.03441329 -0.03600601 -0.09274635
v 0.03836786 -0.03334835 -0.09223683
v 0.04061165 -0.03109957 -0.09224516
v 0.04347443 -0.02728745 -0.09287547
v 0.04557207 -0.02491841 -0.09277412
v 0.04760954 -0.02241709 -0.09255338
v 0.04999088 -0.01828029 -0.09274635
v 0.05221748 -0.01377069 -0.09274635
v 0.05679964 0.01047290 -0.09292962
v 0.05673946 0.01270965 -0.09283659
v 0.05664489 0.01497046 -0.09270470
v 0.05421197 0.02082693 -0.09459700
v 0.05404862 0.02231810 -0.09450259
v 0.05379072 0.02396561 -0.09428047
v 0.05195098 0.02965371 -0.09459700
v 0.04977596 0.03429559 -0.09465253
v 0.04751497 0.03875708 -0.09464421
v 0.04502187 0.04288185 -0.09444568
v 0.04294142 0.04535913 -0.09458729
v 0.04080939 0.04774020 -0.09466504
v 0.03589195 0.05186497 -0.09440958
v 0.02947006 0.05662711 -0.09459562
v 0.02666747 0.05858728 -0.09422216
v 0.02516301 0.05894804 -0.09465115
v 0.02201654 0.06079999 -0.09422076
v 0.02051208 0.06112468 -0.09459840
v 0.01387527 0.06339751 -0.09462615
v 0.01255135 0.06349372 -0.09471224
v 0.03505805 0.04871427 -0.09543139
v 0.02989131 -0.03589778 -0.09464282
v 0.02559286 -0.03820669 -0.09464699
v 0.03730185 0.04646549 -0.09540501
v 0.04854660 0.03072399 -0.09520231
v 0.05079899 -0.00752941 -0.09481220
v 0.02622903 -0.03898835 -0.09419716
v 0.02835246 -0.03914468 -0.09327808
v 0.03055327 -0.03839910 -0.09281854
v 0.03511823 -0.03464711 -0.09333640
v 0.03687200 -0.03397368 -0.09286020
v 0.03265952 -0.03677564 -0.09304900
v 0.03910720 -0.03184515 -0.09284909
v 0.04129941 -0.02960839 -0.09286574
v 0.04241701 -0.02613300 -0.09437626
v 0.04406761 -0.02543551 -0.09361129
v 0.04427394 -0.02543551 -0.09345857
v 0.04460062 -0.02367978 -0.09427491
v 0.04613947 -0.02305445 -0.09341553
v 0.04806517 -0.02102212 -0.09296987
v 0.04966420 -0.01539415 -0.09457062
v 0.05256996 -0.01202698 -0.09312676
v 0.05204554 -0.00902059 -0.09462893
v 0.05575941 0.00969123 -0.09407222
v 0.05575941 0.01047290 -0.09405555
v 0.05573362 0.01270965 -0.09396254
v 0.05566484 0.01497046 -0.09382925
v 0.05429793 0.01946803 -0.09463726
v 0.05319753 0.02163264 -0.09483718
v 0.05266452 0.02396561 -0.09485385
v 0.05235503 0.02621439 -0.09479414
v 0.05210572 0.02846318 -0.09468586
v 0.05079899 0.03053158 -0.09485940
v 0.05002527 0.03297278 -0.09479414
v 0.04779867 0.03747034 -0.09478443
v 0.04625123 0.03958685 -0.09486218
v 0.04547751 0.04137866 -0.09473723
v 0.04337986 0.04421670 -0.09475805
v 0.04166048 0.04624902 -0.09479970
v 0.03954564 0.04822122 -0.09484968
v 0.03687200 0.05036178 -0.09484413
v 0.03439609 0.05244220 -0.09477472
v 0.03954564 0.04646549 -0.09527590
v 0.02830948 0.05698787 -0.09480525
v 0.02597112 0.05779359 -0.09498712
v 0.02379610 0.05926071 -0.09480387
v 0.02138037 0.06001832 -0.09490799
v 0.01930852 0.06130506 -0.09471639
v 0.01705613 0.06166583 -0.09488577
v 0.01470057 0.06229116 -0.09493853
v 0.01255135 0.06221900 -0.09520509
v 0.02154371 0.05772144 -0.09545083
v 0.02605709 0.05547265 -0.09543972
v 0.03280566 0.05096305 -0.09540641
v 0.01705613 0.05997022 -0.09540363
v 0.04090395 -0.02689061 -0.09464004
v 0.03859138 -0.02906724 -0.09461782
v 0.03623583 -0.03121982 -0.09459145
v 0.03138717 -0.03534460 -0.09450398
v 0.03954564 0.04421670 -0.09536892
v 0.04630281 0.03522156 -0.09524953
v 0.04854660 0.03297278 -0.09516344
v 0.05080759 0.02621439 -0.09506626
v 0.05305138 0.01946803 -0.09493437
v 0.05305138 0.01721925 -0.09493020
v 0.05305998 -0.00078306 -0.09481359
v 0.05266452 -0.00529265 -0.09472056
v 0.05221748 -0.00752941 -0.09468446
v 0.05084198 -0.00977820 -0.09472056
v 0.04807377 -0.01653658 -0.09466086
v 0.04310476 -0.02462980 -0.09463310
v 0.03060485 -0.03670349 -0.09402778
v 0.03295181 -0.03456294 -0.09432212
v 0.03504946 -0.03274707 -0.09439847
v 0.03774029 -0.03057044 -0.09434988
v 0.03731044 -0.03229010 -0.09360573
v 0.04008724 -0.02839381 -0.09436654
v 0.04520240 -0.02218861 -0.09458173
v 0.05462462 0.00969123 -0.09475666
v 0.05460742 0.01270965 -0.09477472
v 0.05453865 0.01497046 -0.09474972
v 0.05442689 0.01721925 -0.09469697
v 0.05080759 0.02846318 -0.09501628
v 0.04857239 0.03511333 -0.09490244
v 0.04630281 0.03747034 -0.09516761
v 0.04418797 0.04206412 -0.09498297
v 0.04179803 0.04421670 -0.09518011
v 0.03510104 0.05105926 -0.09503850
v 0.02830948 0.05547265 -0.09527312
v 0.03035554 0.05535239 -0.09483718
v 0.04179803 0.04196791 -0.09530366
v 0.03055327 0.05321183 -0.09534948
v 0.02379610 0.05772144 -0.09529255
v 0.01930852 0.05997022 -0.09520371
v 0.05462462 0.01047290 -0.09476499
v 0.06857364 -0.01880398 -0.06640034
v 0.06853281 -0.01880398 -0.06865878
v 0.06791361 -0.02043944 -0.06640034
v 0.06790000 -0.02038353 -0.06865878
v 0.06855322 -0.01880398 -0.06190812
v 0.06910438 -0.01654881 -0.01691187
v 0.06630097 -0.02330499 -0.03041321
v 0.06572940 -0.02508489 -0.06640034
v 0.06812455 -0.01872011 -0.00117675
v 0.06763463 -0.01985235 -0.00117675
v 0.06709708 -0.02105914 -0.00117675
v 0.06609003 -0.02330499 -0.00343521
v 0.06907036 -0.01654881 -0.01244433
v 0.06549805 -0.02456303 -0.00343521
v 0.06340230 -0.02929701 -0.06640034
v 0.06332064 -0.02918519 -0.06865878
v 0.06331384 -0.02914791 -0.06895498
v 0.06496050 -0.02578846 -0.01691187
v 0.06338869 -0.02929236 -0.06416658
v 0.06902953 -0.01654881 -0.00792743
v 0.06810413 -0.01870147 0.00105701
v 0.06762103 -0.01982905 0.00105701
v 0.06705626 -0.02105914 0.00105701
v 0.06605601 -0.02330499 -0.00117675
v 0.06323219 -0.02902211 -0.06997931
v 0.06118406 -0.03156616 -0.07252160
v 0.06115684 -0.02932031 -0.07454558
v 0.06487885 -0.02569062 -0.00343521
v 0.06492648 -0.02573721 -0.01018588
v 0.06494009 -0.02575585 -0.01244433
v 0.06547764 -0.02452576 -0.00117675
v 0.06486525 -0.02564868 -0.00117675
v 0.06270144 -0.03042926 -0.06640034
v 0.06155150 -0.03219518 -0.06865878
v 0.06268103 -0.03030811 -0.06865878
v 0.06270824 -0.03042460 -0.06416658
v 0.06142902 -0.03198085 -0.07094193
v 0.06381736 -0.02778736 -0.01244433
v 0.06314373 -0.02886835 -0.00569366
v 0.06807692 -0.01861760 0.00557392
v 0.06802929 -0.01852907 0.01006614
v 0.06589951 -0.02353330 0.00125448
v 0.06800207 -0.01848248 0.01232459
v 0.06066012 -0.03310377 -0.07094193
v 0.05852354 -0.03548940 -0.07162070
v 0.05914955 -0.03398906 -0.07270673
v 0.05992524 -0.03244213 -0.07336081
v 0.06070775 -0.03082065 -0.07401490
v 0.05599911 -0.02820671 -0.08061748
v 0.06310971 -0.02881243 -0.00117675
v 0.06306888 -0.02874254 0.00331547
v 0.06157872 -0.03216257 -0.06640034
v 0.06077580 -0.03332276 -0.06865878
v 0.06145624 -0.03230235 -0.06895498
v 0.06154470 -0.03216723 -0.06895498
v 0.06158552 -0.03213927 -0.06416658
v 0.06129974 -0.03172458 0.00105701
v 0.06229318 -0.03006116 0.00331547
v 0.06235442 -0.03006116 -0.00117675
v 0.06128613 -0.03170594 0.00331547
v 0.06797485 -0.01840327 0.01455836
v 0.06077580 -0.03329015 -0.06895498
v 0.05878891 -0.03580158 -0.07011506
v 0.05639376 -0.03789832 -0.07197859
v 0.05859839 -0.03332276 -0.07421236
v 0.05428440 -0.04029793 -0.07218839
v 0.05920398 -0.03182243 -0.07479240
v 0.05449533 -0.02934361 -0.08137029
v 0.06225235 -0.03006116 0.00557392
v 0.06219111 -0.03006116 0.00782003
v 0.05884335 -0.03589943 -0.06865878
v 0.05884335 -0.03588079 -0.06895498
v 0.06054445 -0.03288478 -0.00343521
v 0.06055125 -0.03290341 -0.00569366
v 0.06126571 -0.03168264 0.00557392
v 0.06812455 -0.01646960 0.03708117
v 0.05448853 -0.04051692 -0.07094193
v 0.05793836 -0.03702701 -0.06865878
v 0.05678842 -0.03833631 -0.06895498
v 0.05644820 -0.03569907 -0.07433578
v 0.05211380 -0.03813130 -0.07674232
v 0.04973226 -0.03574101 -0.08111113
v 0.05182121 -0.03329946 -0.08096304
v 0.05344746 -0.04164451 -0.07094193
v 0.05211380 -0.04260435 -0.07227478
v 0.05287589 -0.04109469 -0.07297824
v 0.05363798 -0.03956174 -0.07369403
v 0.05392377 -0.03084395 -0.08079026
v 0.05241999 -0.03179913 -0.08151839
v 0.06118406 -0.03157547 0.01006614
v 0.06122489 -0.03163139 0.00782003
v 0.05579497 -0.03943127 -0.06895498
v 0.05452936 -0.04080581 -0.06895498
v 0.05679522 -0.03836427 -0.06865878
v 0.05578817 -0.03948719 -0.06865878
v 0.05429801 -0.03806140 -0.07444684
v 0.05287589 -0.03884885 -0.07523668
v 0.05213421 -0.04039578 -0.07453323
v 0.05136531 -0.03963629 -0.07603887
v 0.04982752 -0.03807072 -0.07895140
v 0.04747319 -0.03796821 -0.08109879
v 0.04501681 -0.03777252 -0.08319680
v 0.04897016 -0.03724134 -0.08044470
v 0.05232473 -0.04280470 -0.07094193
v 0.04977308 -0.04475234 -0.07217605
v 0.04762970 -0.04484553 -0.07449621
v 0.05139253 -0.04189612 -0.07376807
v 0.01393430 -0.05375902 -0.08339426
v 0.04988875 -0.04263696 -0.07452089
v 0.04283259 -0.04459858 -0.07874160
v 0.04511207 -0.04012553 -0.08101240
v 0.04630964 -0.03848075 -0.08155542
v 0.04675873 -0.04404877 -0.07600185
v 0.04526177 -0.04474303 -0.07663125
v 0.04431595 -0.03928217 -0.08239462
v 0.05106592 -0.04393229 -0.07094193
v 0.04739835 -0.04689102 -0.07192922
v 0.04845303 -0.04525090 -0.07302760
v 0.04684719 -0.04646702 -0.07318803
v 0.04572446 -0.04739424 -0.07318803
v 0.04518691 -0.04693762 -0.07432343
v 0.04597623 -0.04554911 -0.07516263
v 0.01705072 -0.05547369 -0.08056811
v 0.01479846 -0.05577189 -0.08088898
v 0.01362811 -0.05591168 -0.08104941
v 0.01213114 -0.05608874 -0.08124688
v 0.04405738 -0.04519033 -0.07712489
v 0.04203648 -0.04597312 -0.07787772
v 0.04024012 -0.04664407 -0.07850712
v 0.04132882 -0.04514374 -0.07928462
v 0.04274413 -0.04228285 -0.08092601
v 0.04499639 -0.04903902 -0.07138620
v 0.04349943 -0.04958417 -0.07255863
v 0.04260805 -0.04895515 -0.07406426
v 0.03852541 -0.05149920 -0.07439747
v 0.04015846 -0.04881537 -0.07616228
v 0.04124036 -0.04731503 -0.07700149
v 0.01162081 -0.05822742 -0.07886501
v 0.01930298 -0.05614465 -0.07907481
v 0.01705072 -0.05645217 -0.07943272
v 0.03865469 -0.04933723 -0.07674232
v 0.03874315 -0.04712866 -0.07902545
v 0.03948482 -0.04576344 -0.07990168
v 0.03602139 -0.05133146 -0.07647081
v 0.04023331 -0.04436561 -0.08077791
v 0.03612345 -0.04688637 -0.08102474
v 0.04090014 -0.05157375 -0.07226244
v 0.03585128 -0.05349344 -0.07403958
v 0.03730742 -0.05190457 -0.07486645
v 0.03730742 -0.05091211 -0.07598950
v 0.01479846 -0.05875859 -0.07728533
v 0.01479846 -0.05988618 -0.07586609
v 0.01630904 -0.06053850 -0.07445919
v 0.02052777 -0.05596294 -0.07885268
v 0.02221526 -0.05352605 -0.08090132
v 0.01844562 -0.05826003 -0.07666828
v 0.01705072 -0.05846039 -0.07691510
v 0.01705072 -0.05757510 -0.07803816
v 0.03452442 -0.05176013 -0.07691510
v 0.03457886 -0.04955156 -0.07921057
v 0.03518445 -0.05262678 -0.07552053
v 0.03462649 -0.04734765 -0.08146903
v 0.03820560 -0.05353537 -0.07158367
v 0.03670863 -0.05396870 -0.07254629
v 0.03740268 -0.05307409 -0.07324974
v 0.03223814 -0.05620057 -0.07248458
v 0.03435431 -0.05388483 -0.07458260
v 0.02335840 -0.05839050 -0.07459494
v 0.02485537 -0.05813889 -0.07427406
v 0.02765198 -0.05837186 -0.07236117
v 0.02155523 -0.05865609 -0.07495284
v 0.02380749 -0.05324649 -0.08058045
v 0.02380749 -0.05424361 -0.07945739
v 0.02380749 -0.05536653 -0.07817391
v 0.02380749 -0.05633569 -0.07705085
v 0.03281651 -0.05328842 -0.07613759
v 0.03281651 -0.05216550 -0.07738406
v 0.03281651 -0.05113576 -0.07850712
v 0.03325200 -0.04884798 -0.08071620
v 0.03119707 -0.05571598 -0.07399022
v 0.03281651 -0.05423428 -0.07501454
v 0.02970010 -0.05604680 -0.07447152
v 0.02398440 -0.05757510 -0.07538478
v 0.02605974 -0.05791989 -0.07395319
v 0.02529085 -0.05607476 -0.07672998
v 0.02605294 -0.05670844 -0.07554522
v 0.02836644 -0.05753316 -0.07313867
v 0.02605974 -0.05168558 -0.08133326
v 0.02550859 -0.05391745 -0.07908716
v 0.02831200 -0.05543642 -0.07597716
v 0.03001310 -0.05393608 -0.07685339
v 0.02720969 -0.05144329 -0.08107410
v 0.03016280 -0.05177411 -0.07918589
v 0.02831200 -0.05634966 -0.07485411
v 0.02679462 -0.05576724 -0.07637208
v 0.02615501 -0.05484467 -0.07772961
v 0.02831200 -0.05430884 -0.07728533
v 0.06737200 0.03809713 -0.07094260
v 0.07003191 0.03209893 -0.04393472
v 0.06809523 0.03730479 -0.04393472
v 0.06809766 0.03733259 -0.04618368
v 0.06810008 0.03733954 -0.04843774
v 0.06810008 0.03733954 -0.05069180
v 0.06810493 0.03732564 -0.05518971
v 0.06810493 0.03731174 -0.05743866
v 0.06810008 0.03730479 -0.05969273
v 0.06809280 0.03728393 -0.06419063
v 0.06806853 0.03722833 -0.06644470
v 0.06801999 0.03711712 -0.06869365
v 0.06793990 0.03696422 -0.07094260
v 0.06782341 0.03669315 -0.07233798
v 0.05308709 -0.00081822 -0.09481217
v 0.05308709 -0.00103369 -0.09480706
v 0.07006346 0.03218928 -0.05294076
v 0.07006832 0.03221013 -0.05518971
v 0.07006832 0.03221709 -0.05743866
v 0.07007075 0.03223098 -0.06419063
v 0.07005133 0.03215453 -0.06644470
v 0.07000037 0.03200162 -0.06810075
v 0.07033043 0.03090346 -0.06878054
v 0.07026490 0.03047253 -0.07094260
v 0.07010958 0.03006941 -0.07237376
v 0.06808552 0.03521271 -0.07279288
v 0.06741568 0.03521271 -0.07391735
v 0.06702495 0.03745075 -0.07313022
v 0.06558821 0.03893118 -0.07447959
v 0.06525330 0.04042552 -0.07387135
v 0.06326321 0.04550627 -0.07224087
v 0.05464276 0.00969080 -0.09475084
v 0.05464276 0.00821731 -0.09473551
v 0.05457722 0.00596538 -0.09471507
v 0.05431997 -0.00079042 -0.09464350
v 0.05425687 -0.00254888 -0.09461283
v 0.05326669 -0.00318832 -0.09473040
v 0.05415009 -0.00405712 -0.09455661
v 0.05450442 -0.00753927 -0.09279834
v 0.05850400 -0.01950788 -0.08313295
v 0.06790107 -0.02034193 -0.06896455
v 0.07348786 0.01292274 -0.06440020
v 0.07346117 0.01496616 -0.06419063
v 0.07346360 0.01496616 -0.06193657
v 0.07048090 0.03071579 -0.04266712
v 0.07048575 0.03071579 -0.04393472
v 0.07050031 0.03071579 -0.04843774
v 0.07050759 0.03071579 -0.05069180
v 0.07051730 0.03071579 -0.05518971
v 0.07053429 0.03071579 -0.06419063
v 0.06324865 0.04555493 -0.07219997
v 0.07052944 0.03071579 -0.06644470
v 0.07104637 0.02847081 -0.06869365
v 0.07090561 0.02847081 -0.07094260
v 0.06762197 0.03396859 -0.07425981
v 0.07037654 0.02847081 -0.07275198
v 0.06589158 0.03746464 -0.07482716
v 0.06094306 0.04084254 -0.07881905
v 0.06374860 0.04196851 -0.07496516
v 0.06337242 0.04338640 -0.07455115
v 0.06309575 0.03166800 -0.08099134
v 0.06065426 0.03339171 -0.08298983
v 0.06121974 0.03521271 -0.08141046
v 0.06096733 0.03639428 -0.08109868
v 0.05876368 0.04096765 -0.08113956
v 0.05503592 0.00969080 -0.09453106
v 0.05576885 0.00821731 -0.09409660
v 0.05570332 0.00596538 -0.09402504
v 0.05668866 0.00372039 -0.09273700
v 0.05658187 0.00147541 -0.09254789
v 0.06581634 -0.00079042 -0.08148202
v 0.06562461 -0.00303541 -0.08126734
v 0.06547172 -0.00427258 -0.08110890
v 0.06997852 -0.00882510 -0.07436204
v 0.06361268 -0.00979121 -0.08156890
v 0.06337485 -0.01150796 -0.08128268
v 0.06312001 -0.01300925 -0.08101178
v 0.06287490 -0.01428812 -0.08074088
v 0.06102801 -0.01786064 -0.08116001
v 0.06070765 -0.01936193 -0.08080734
v 0.05919567 -0.02104392 -0.08162513
v 0.05884862 -0.02242706 -0.08124690
v 0.05682942 -0.02545049 -0.08147690
v 0.06768993 -0.01991101 -0.07206197
v 0.06782584 -0.02016817 -0.07055926
v 0.06852237 -0.01881284 -0.06896455
v 0.07223557 -0.00878340 -0.05133071
v 0.07239332 -0.00753232 -0.05294076
v 0.07318935 -0.00078347 -0.05743866
v 0.07338108 0.00146846 -0.05294076
v 0.07338593 0.00146846 -0.05518971
v 0.07339807 0.00146846 -0.06194168
v 0.07340050 0.00146846 -0.06419063
v 0.07347573 0.00371344 -0.06643959
v 0.07348786 0.00821731 -0.06643959
v 0.07348301 0.01046925 -0.06643959
v 0.07344418 0.01496616 -0.06644470
v 0.07347088 0.01271423 -0.06643959
v 0.07333982 0.01721114 -0.06419063
v 0.07334953 0.01721114 -0.06193657
v 0.07335681 0.01721114 -0.05969273
v 0.07336167 0.01721114 -0.05743866
v 0.07235692 0.02373758 -0.05518971
v 0.07236177 0.02375148 -0.05743866
v 0.07236177 0.02371673 -0.05969273
v 0.07236177 0.02366807 -0.06193657
v 0.07235449 0.02361248 -0.06419063
v 0.07234235 0.02354992 -0.06644470
v 0.07233022 0.02348042 -0.06869365
v 0.07227925 0.02325105 -0.07020147
v 0.06554937 0.03435781 -0.07670299
v 0.06789622 0.03247425 -0.07455626
v 0.06523145 0.03115367 -0.07854304
v 0.07053186 0.02613547 -0.07332956
v 0.06979165 0.02682357 -0.07417291
v 0.06958536 0.02847081 -0.07387135
v 0.07239817 0.02153430 -0.07094771
v 0.07202442 0.02215984 -0.07170419
v 0.07220159 0.02065855 -0.07208753
v 0.06062999 0.03789557 -0.08070511
v 0.06034604 0.03994595 -0.07995375
v 0.06063484 0.04196851 -0.07847659
v 0.06287976 0.04489464 -0.07374357
v 0.06120517 0.04351151 -0.07686144
v 0.05678816 0.04555493 -0.08038820
v 0.06339668 0.03015976 -0.08130312
v 0.06096248 0.03189042 -0.08333740
v 0.05629792 0.04555493 -0.08091978
v 0.05833654 0.04246895 -0.08068466
v 0.05938740 0.04181560 -0.07993842
v 0.05576885 0.00969080 -0.09406593
v 0.05613046 0.00969080 -0.09367748
v 0.05681243 0.00821731 -0.09297212
v 0.05676146 0.00596538 -0.09289546
v 0.06704193 0.00147541 -0.08030131
v 0.06694243 -0.00079042 -0.08012753
v 0.07039110 -0.00528734 -0.07480671
v 0.07012657 -0.00753927 -0.07453582
v 0.06772391 -0.00209710 -0.07886506
v 0.07034014 -0.00965915 -0.07327334
v 0.06979165 -0.01031944 -0.07407580
v 0.07181086 -0.00320917 -0.07310978
v 0.06807581 -0.01428812 -0.07468405
v 0.06781127 -0.01570601 -0.07444382
v 0.06342824 -0.01654006 -0.07910528
v 0.06242834 -0.01654006 -0.08022976
v 0.06288461 -0.01918817 -0.07848170
v 0.06355201 -0.02063385 -0.07697900
v 0.06316856 -0.02212819 -0.07654966
v 0.06726764 -0.01901441 -0.07327845
v 0.06800786 -0.01840972 -0.07258332
v 0.06994697 -0.01318301 -0.07208753
v 0.06821414 -0.01901441 -0.07116239
v 0.06567315 -0.02020292 -0.07459716
v 0.07024306 -0.01405181 -0.06869365
v 0.07031344 -0.01417692 -0.06643959
v 0.07029645 -0.01412826 -0.05968762
v 0.07029160 -0.01410741 -0.05743866
v 0.07222828 -0.00876950 -0.05294076
v 0.07294423 -0.00302846 -0.06194168
v 0.07335924 0.01721114 -0.05518971
v 0.07335196 0.01721114 -0.05294076
v 0.07333254 0.01721114 -0.04843774
v 0.07320634 -0.00078347 -0.06194168
v 0.07320391 -0.00078347 -0.06419063
v 0.07339079 0.00146846 -0.06643959
v 0.07342719 0.00371344 -0.06869365
v 0.07347088 0.00596538 -0.06869365
v 0.07346845 0.00624339 -0.06896455
v 0.07346360 0.00821731 -0.06895944
v 0.07345874 0.01046925 -0.06869365
v 0.07336652 0.01496616 -0.06869365
v 0.07325003 0.01721114 -0.06869365
v 0.07332283 0.01721114 -0.06644470
v 0.07342719 0.01271423 -0.06869365
v 0.07342234 0.01292274 -0.06869365
v 0.07307286 0.01946308 -0.06644470
v 0.07310198 0.01946308 -0.05969273
v 0.07310684 0.01946308 -0.05743866
v 0.07267241 0.02171501 -0.04618368
v 0.07268698 0.02171501 -0.04843774
v 0.07272338 0.02171501 -0.05518971
v 0.07273066 0.02171501 -0.05743866
v 0.07273309 0.02171501 -0.05969273
v 0.07273066 0.02171501 -0.06193657
v 0.07272338 0.02171501 -0.06419063
v 0.07271124 0.02171501 -0.06644470
v 0.07269669 0.02171501 -0.06869365
v 0.07269184 0.01947003 -0.07094260
v 0.07304859 0.01946308 -0.06869365
v 0.06478246 0.02847081 -0.08020420
v 0.07014841 0.02396695 -0.07457671
v 0.06999551 0.02532228 -0.07438248
v 0.07153904 0.02153430 -0.07297688
v 0.07037411 0.02172196 -0.07492428
v 0.06595468 0.02621193 -0.07949374
v 0.07227683 0.01947003 -0.07222553
v 0.07167738 0.01947003 -0.07335000
v 0.05902579 0.04362966 -0.07918195
v 0.06365880 0.02847081 -0.08159958
v 0.06314672 0.02498866 -0.08327606
v 0.06335543 0.02348737 -0.08348563
v 0.05681000 0.00969080 -0.09294146
v 0.06727492 0.00821731 -0.08058244
v 0.06720939 0.00596538 -0.08052621
v 0.06518534 0.01271423 -0.08304095
v 0.06615854 0.01046230 -0.08190625
v 0.06654927 0.00969080 -0.08144624
v 0.06712689 0.00372039 -0.08041888
v 0.06807581 0.00372039 -0.07929440
v 0.06797388 0.00147541 -0.07917684
v 0.06782827 -0.00079042 -0.07900306
v 0.07062165 -0.00303541 -0.07502650
v 0.07188609 -0.00079042 -0.07368224
v 0.07011443 -0.01202924 -0.07246064
v 0.07215063 -0.00407102 -0.07201597
v 0.06955867 -0.01202924 -0.07358512
v 0.07226712 -0.00256973 -0.07229709
v 0.06824327 -0.01649141 -0.07327845
v 0.06750549 -0.01720730 -0.07408603
v 0.06320254 -0.01768688 -0.07883438
v 0.06603719 -0.01879199 -0.07498561
v 0.07225013 -0.00662877 -0.07001235
v 0.07051244 -0.01202924 -0.07094260
v 0.07005861 -0.01355138 -0.07094260
v 0.07080611 -0.01203619 -0.06895944
v 0.07084493 -0.01203619 -0.06869365
v 0.07095414 -0.01203619 -0.06643959
v 0.07228410 -0.00676778 -0.06869365
v 0.07255592 -0.00528039 -0.06643959
v 0.07292724 -0.00302846 -0.06419063
v 0.07331797 0.01721114 -0.04618368
v 0.07330099 0.01721114 -0.04393472
v 0.07329129 0.01721114 -0.04266712
v 0.07310198 0.01946308 -0.05518971
v 0.07308985 0.01946308 -0.05294076
v 0.07317479 -0.00078347 -0.06643959
v 0.07327672 0.00146846 -0.06869365
v 0.07338836 0.00596538 -0.07094260
v 0.07343933 0.00821731 -0.07094260
v 0.07338351 0.01046230 -0.07094260
v 0.07309227 0.01495921 -0.07094260
v 0.07291026 0.01721114 -0.07094260
v 0.07325730 0.01271423 -0.07094260
v 0.07340292 0.00969080 -0.07094260
v 0.07307529 0.01946308 -0.05069180
v 0.07241274 0.01721114 -0.07248110
v 0.06506642 0.02621193 -0.08061821
v 0.06548385 0.02303559 -0.08112423
v 0.06608330 0.02385574 -0.08006620
v 0.07055128 0.01947003 -0.07523095
v 0.06973340 0.01947003 -0.07635543
v 0.06769721 0.02062380 -0.07882927
v 0.06752247 0.02213204 -0.07864016
v 0.06527513 0.02453688 -0.08090445
v 0.07254136 0.01495921 -0.07273666
v 0.07179629 0.01721114 -0.07361068
v 0.06464413 0.02172196 -0.08238160
v 0.06479945 0.01947003 -0.08257583
v 0.06495235 0.01721114 -0.08275983
v 0.06510282 0.01495921 -0.08293873
v 0.06817289 0.00821731 -0.07945285
v 0.06815832 0.00596538 -0.07940174
v 0.06728221 0.00969080 -0.08055688
v 0.06759528 0.00969080 -0.08016331
v 0.06611485 0.01271423 -0.08191647
v 0.06728464 0.01046230 -0.08054154
v 0.06920191 0.00372039 -0.07786836
v 0.07000522 0.00218435 -0.07665188
v 0.07076000 -0.00079042 -0.07523606
v 0.07194434 0.00147541 -0.07392757
v 0.07262873 0.00372039 -0.07298710
v 0.07250253 0.00147541 -0.07280310
v 0.07237148 -0.00079042 -0.07255265
v 0.07244671 -0.00320917 -0.07113683
v 0.07233507 -0.00528734 -0.07048259
v 0.07321848 0.00372039 -0.07094260
v 0.07299277 0.00147541 -0.07094260
v 0.07304859 -0.00078347 -0.06869365
v 0.07278648 -0.00302846 -0.06869365
v 0.07251709 -0.00528039 -0.06869365
v 0.07227925 -0.00673998 -0.06895944
v 0.07288598 -0.00302846 -0.06643959
v 0.07326944 0.00173258 -0.06896455
v 0.07275493 0.00596538 -0.07309955
v 0.07281075 0.00821731 -0.07310466
v 0.07277677 0.00969080 -0.07306889
v 0.07275736 0.01046230 -0.07304844
v 0.07265542 0.01271423 -0.07293599
v 0.06559063 0.02172196 -0.08125712
v 0.07189337 0.01495921 -0.07386113
v 0.07052944 0.01705129 -0.07563474
v 0.06985961 0.01769768 -0.07651387
v 0.06777488 0.01947003 -0.07892639
v 0.06687447 0.01947003 -0.08005086
v 0.06574838 0.01947003 -0.08145135
v 0.06589400 0.01721114 -0.08164047
v 0.06602748 0.01495921 -0.08181425
v 0.07207782 0.00821731 -0.07422914
v 0.07207539 0.00596538 -0.07422403
v 0.06813163 0.01046230 -0.07941706
v 0.07007318 0.00372039 -0.07674388
v 0.06724095 0.01271423 -0.08046488
v 0.06715357 0.01495921 -0.08037798
v 0.07200501 0.00372039 -0.07411158
v 0.07274766 -0.00079042 -0.07094260
v 0.07203414 0.01046230 -0.07417291
v 0.07197832 0.01271423 -0.07406559
v 0.06994697 0.01618248 -0.07658032
v 0.06792049 0.01721114 -0.07911039
v 0.06702010 0.01721114 -0.08023487
v 0.06801999 0.01495921 -0.07924840
v 0.00704539 0.07916870 0.06753066
v 0.00967305 0.07925355 0.06552828
v 0.00578854 0.07925578 0.06764191
v 0.00789670 0.07939199 0.06630699
v 0.00760511 0.08171646 0.05899271
v 0.00578854 0.07973251 0.06634870
v 0.00353961 0.07936743 0.06780878
v 0.00353961 0.07993571 0.06634870
v -0.00117610 0.08351061 0.03493626
v -0.00117610 0.08347377 0.03689694
v -0.00206428 0.08362225 0.03603480
v 0.00635496 0.08171646 0.05899271
v -0.00096495 0.08006075 0.06634870
v 0.00129068 0.08003619 0.06634870
v 0.00129068 0.07944000 0.06790611
v -0.00206428 0.08362225 0.03575668
v 0.01028975 0.08202349 -0.06642064
v -0.00208774 0.08362225 0.03603480
v -0.00546616 0.08021036 0.06409601
v -0.00546616 0.07989440 0.06634870
v -0.00321388 0.08000493 0.06634870
v -0.00321388 0.07942772 0.06786440
v -0.00096495 0.07946010 0.06792002
v -0.00208774 0.08362225 0.03575668
v 0.00804417 0.08229813 -0.06642064
v 0.00578854 0.08247342 -0.06642064
v 0.00353961 0.08255157 -0.06642064
v 0.00129068 0.08258395 -0.06868723
v 0.01028975 0.08198329 -0.06868723
v -0.01671080 0.08009425 0.02584209
v -0.01671080 0.08002502 0.02809478
v -0.01671080 0.07986873 0.03258624
v -0.01671080 0.07978498 0.03483893
v -0.01825924 0.07924686 0.03709161
v -0.01806485 0.07918657 0.03889932
v -0.01123092 0.07915530 0.06113415
v -0.00770503 0.07979839 0.06409601
v -0.01185097 0.08147866 -0.06642064
v -0.01896308 0.07990556 -0.05742381
v -0.01896308 0.07965548 0.01908404
v -0.01896308 0.07962533 0.02133672
v -0.00771174 0.07945117 0.06630699
v -0.00696768 0.07925244 0.06760020
v -0.00546616 0.07935961 0.06773924
v -0.00096495 0.08257949 -0.06868723
v -0.00321388 0.08247342 -0.06868723
v -0.00321388 0.08249687 -0.06642064
v -0.00546616 0.08231376 -0.06868723
v -0.00770503 0.08208266 -0.06868723
v -0.00995731 0.08176111 -0.06868723
v 0.00804417 0.08222556 -0.06868723
v 0.00578854 0.08237629 -0.06868723
v 0.00353961 0.08249687 -0.06868723
v 0.00129068 0.08237293 -0.07092600
v -0.00096495 0.08238298 -0.07092600
v 0.01052101 0.08181806 -0.07092600
v 0.01028975 0.08184820 -0.07092600
v -0.01896308 0.07955834 0.02349207
v -0.01896308 0.07955500 0.02358941
v -0.01840336 0.07929151 0.03483893
v -0.02346429 0.07763916 0.03709161
v -0.02038416 0.07921783 0.02133672
v -0.02346429 0.07773740 0.03483893
v -0.02346429 0.07744936 0.03934430
v -0.01093598 0.07907938 0.06263594
v -0.00902221 0.07919661 0.06554218
v -0.01175042 0.08147866 -0.06868723
v -0.01896308 0.07984862 -0.06642064
v -0.01896308 0.07990556 -0.05967649
v -0.02087685 0.07935069 -0.05967649
v -0.02045119 0.07924015 0.01908404
v -0.00846920 0.07888401 0.06703006
v -0.00321388 0.08229702 -0.07092600
v -0.00546616 0.08217086 -0.07092600
v -0.00770503 0.08195427 -0.07092600
v -0.00995731 0.08164947 -0.07092600
v -0.01143202 0.08143176 -0.07092600
v 0.00804417 0.08198776 -0.07092600
v 0.01028975 0.08156127 -0.07245561
v 0.00129068 0.08182029 -0.07292839
v 0.01052101 0.08179908 -0.07110678
v 0.01052101 0.08155011 -0.07244171
v -0.02371901 0.07755207 0.03709161
v -0.02371901 0.07765143 0.03483893
v -0.02371901 0.07735669 0.03934430
v -0.01055055 0.07890522 0.06409601
v -0.02371901 0.07732319 0.03960850
v -0.01896308 0.07981513 -0.06868723
v -0.01671080 0.08024274 -0.07092600
v -0.02078971 0.07931272 -0.06868723
v -0.02082322 0.07932501 -0.06642064
v -0.02087015 0.07934287 -0.06192918
v -0.02010598 0.07912405 -0.07206626
v -0.00770503 0.08159588 -0.07265028
v -0.01118065 0.08138487 -0.07209408
v -0.00580802 0.08168632 -0.07292839
v -0.01896308 0.07965659 -0.07092600
v -0.02043779 0.07921559 -0.07092600
v -0.01896308 0.07932166 -0.07246953
v -0.00728608 0.08152555 -0.07292839
v -0.01769952 0.07947908 -0.07292839
v -0.02053543 0.00371519 0.13078126
v -0.02049443 0.00821634 0.13074291
v -0.02050869 0.00596576 0.13076285
v -0.02167882 0.00146461 0.12995265
v -0.02055325 0.00146461 0.13077512
v -0.02043116 0.01046691 0.13069074
v -0.02155673 0.01046691 0.12978233
v -0.02280796 0.00146461 0.12882790
v -0.02278746 -0.00078597 0.12884785
v -0.02163694 -0.00078597 0.12997261
v -0.02051136 -0.00078597 0.13072295
v -0.02028055 0.01230320 0.13060327
v -0.02240247 0.01946921 0.12835068
v -0.02248356 0.01721864 0.12849031
v -0.01896604 0.01721864 0.12996493
v -0.02258784 0.01272122 0.12865449
v -0.02254417 0.01496806 0.12860079
v -0.02269389 -0.00303654 0.12876038
v -0.02260031 -0.00532817 0.12861307
v -0.02144890 -0.00303654 0.12988667
v -0.02032332 -0.00303654 0.13061862
v -0.01986971 -0.00431672 0.13053729
v -0.02030639 0.02552300 0.12836449
v -0.02062365 0.02397036 0.12852253
v -0.02121630 0.01946921 0.12903199
v -0.02121630 0.01721864 0.12937109
v -0.02234454 0.02060756 0.12826629
v -0.01896604 0.01946921 0.12955064
v -0.02014687 -0.00431672 0.13053729
v -0.02174923 0.02397036 0.12783816
v -0.01896604 0.03072209 0.12674257
v -0.01896604 0.03228965 0.12619323
v -0.02027876 0.03203212 0.12608428
v -0.02067267 0.03072209 0.12635589
v -0.02112005 0.02625080 0.12760186
v -0.02128848 0.02150331 0.12864070
v -0.02262259 0.02622094 0.12637275
v -0.02284093 0.02397036 0.12671341
v -0.02241584 0.02762802 0.12610729
v 0.05209908 0.06127593 -0.04842500
v 0.05210327 0.06127809 -0.04617265
v 0.05334898 0.05993497 -0.05518203
v 0.05209069 0.06126945 -0.05067734
v 0.04976705 0.06343743 -0.06193906
v 0.04977544 0.06344175 -0.05518203
v 0.05088273 0.06240527 -0.04617265
v 0.05087854 0.06239878 -0.04393135
v 0.04971252 0.06338777 -0.02592363
v 0.05209489 0.06127161 -0.04393135
v 0.05207391 0.06125433 -0.05518203
v 0.05330703 0.05993497 -0.05968672
v 0.05318960 0.06007965 -0.05743438
v 0.05206553 0.06124570 -0.05743438
v 0.04975866 0.06343095 -0.06418037
v 0.04736791 0.06553199 -0.06868505
v 0.04976705 0.06343743 -0.05067734
v 0.04736372 0.06552336 -0.04393135
v 0.04976285 0.06343311 -0.04842500
v 0.04972930 0.06340288 -0.03266963
v 0.04971672 0.06339424 -0.02816494
v 0.04735533 0.06551472 -0.03942666
v 0.04969994 0.06337913 -0.02367129
v 0.05204875 0.06122410 -0.03266963
v 0.05208649 0.06126298 -0.04167901
v 0.05316443 0.06003647 -0.03041728
v 0.05324412 0.05993497 -0.02836367
v 0.05205294 0.06123490 -0.05968672
v 0.05316862 0.06005374 -0.06193906
v 0.05204036 0.06122195 -0.06193906
v 0.05088273 0.06232537 -0.06418037
v 0.05199003 0.06116580 -0.06643271
v 0.05084079 0.06229082 -0.06643271
v 0.04969155 0.06336833 -0.06769138
v 0.04748955 0.06538084 -0.06896108
v 0.04734275 0.06551472 -0.06896108
v 0.04720853 0.06562269 -0.06896108
v 0.04621867 0.06638926 -0.06896108
v 0.04623964 0.06640220 -0.06868505
v 0.04481359 0.06756609 -0.06418037
v 0.04482197 0.06756609 -0.06193906
v 0.04483456 0.06756825 -0.05292969
v 0.04483456 0.06756825 -0.05067734
v 0.04735953 0.06552120 -0.04167901
v 0.04734694 0.06550176 -0.03717431
v 0.04623125 0.06641516 -0.03942666
v 0.04622287 0.06641085 -0.03717431
v 0.04620609 0.06640869 -0.03492197
v 0.04616834 0.06640220 -0.03041728
v 0.04452418 0.06734367 0.01683779
v 0.05202359 0.06120035 -0.02816494
v 0.05203617 0.06121331 -0.03041728
v 0.04588313 0.06621866 0.01683779
v 0.04700720 0.06524264 0.01683779
v 0.04829066 0.06413922 0.01458544
v 0.04941473 0.06310274 0.01458544
v 0.05056397 0.06196260 0.01683779
v 0.05202359 0.06120035 -0.06418037
v 0.05195647 0.06113341 -0.06811092
v 0.04458709 0.06761792 -0.06896108
v 0.04473389 0.06752722 -0.06868505
v 0.04478003 0.06754882 -0.06643271
v 0.04368952 0.06839312 -0.06418037
v 0.04369790 0.06841903 -0.06193906
v 0.04369371 0.06844062 -0.05968672
v 0.04369790 0.06844711 -0.05743438
v 0.04371049 0.06844278 -0.05292969
v 0.04370629 0.06844062 -0.05067734
v 0.04482617 0.06756393 -0.04842500
v 0.04623545 0.06641948 -0.04167901
v 0.04474228 0.06752722 -0.03041728
v 0.04472970 0.06752291 -0.02816494
v 0.04340011 0.06819878 0.01683779
v 0.04445288 0.06730697 0.01909013
v 0.04582441 0.06618196 0.01909013
v 0.05165868 0.06083759 0.02134248
v 0.04798447 0.06384338 0.03034081
v 0.04813547 0.06397942 0.02359482
v 0.04818580 0.06402478 0.02134248
v 0.04930987 0.06302499 0.02134248
v 0.04935601 0.06306386 0.01909013
v 0.04826549 0.06411763 0.01683779
v 0.04938956 0.06308761 0.01683779
v 0.05055138 0.06193884 0.01909013
v 0.04359724 0.06832834 -0.06896108
v 0.04360982 0.06833482 -0.06868505
v 0.04365176 0.06836505 -0.06643271
v 0.04202857 0.06951814 -0.06418037
v 0.04206213 0.06954405 -0.06193906
v 0.04209149 0.06956564 -0.05968672
v 0.04210407 0.06957212 -0.05743438
v 0.04211665 0.06956564 -0.05067734
v 0.04212084 0.06956132 -0.04842500
v 0.04212084 0.06955485 -0.04617265
v 0.04369790 0.06843630 -0.04842500
v 0.04368952 0.06842984 -0.04617265
v 0.04368113 0.06842119 -0.04393135
v 0.04366016 0.06840608 -0.03942666
v 0.04066123 0.07008173 0.00782841
v 0.04064865 0.07006661 0.01008075
v 0.04062768 0.07004070 0.01233310
v 0.03947005 0.07071010 0.01458544
v 0.03941133 0.07069065 0.01683779
v 0.03934003 0.07066691 0.01909013
v 0.03926872 0.07064100 0.02134248
v 0.03919742 0.07060861 0.02359482
v 0.03912612 0.07056973 0.02583612
v 0.03905062 0.07052439 0.02808847
v 0.03897512 0.07047472 0.03034081
v 0.03889963 0.07042290 0.03259316
v 0.03994401 0.06963690 0.03484550
v 0.04174336 0.06856155 0.03259316
v 0.04166367 0.06850973 0.03484550
v 0.04296390 0.06788784 0.02968940
v 0.04211246 0.06953973 -0.04167901
v 0.04097581 0.07031494 -0.03942666
v 0.04413830 0.06708024 0.02808847
v 0.04559791 0.06595522 0.02808847
v 0.04565664 0.06601352 0.02583612
v 0.04672199 0.06501591 0.02808847
v 0.04792995 0.06378940 0.03259316
v 0.05053461 0.06189998 0.02134248
v 0.05162513 0.06080303 0.02359482
v 0.04911274 0.06283714 0.03034081
v 0.04915887 0.06289112 0.02808847
v 0.04920921 0.06293862 0.02583612
v 0.04925954 0.06298181 0.02359482
v 0.05049686 0.06185679 0.02359482
v 0.04181466 0.06954837 -0.06896108
v 0.04199082 0.06949007 -0.06643271
v 0.04082481 0.07021128 -0.06896108
v 0.04093805 0.07028471 -0.06193906
v 0.04086675 0.07023720 -0.06643271
v 0.04096741 0.07030198 -0.05968672
v 0.04098000 0.07031062 -0.05743438
v 0.04099258 0.07031925 -0.05067734
v 0.04099258 0.07032357 -0.04617265
v 0.04099258 0.07032357 -0.04393135
v 0.04098839 0.07032141 -0.04167901
v 0.03952458 0.07074464 0.01008075
v 0.03688636 0.07274852 -0.03492197
v 0.03950360 0.07072737 0.01233310
v 0.03634110 0.07245700 0.01683779
v 0.03746518 0.07181568 0.01683779
v 0.03630335 0.07243757 0.01909013
v 0.03743162 0.07178976 0.01909013
v 0.03738548 0.07176385 0.02134248
v 0.03619011 0.07237279 0.02497493
v 0.03734354 0.07173146 0.02359482
v 0.03708769 0.07180488 0.02576988
v 0.03616075 0.07232960 0.02647650
v 0.03881994 0.07037108 0.03484550
v 0.03873605 0.07031710 0.03709785
v 0.03986012 0.06957428 0.03709785
v 0.04152526 0.06844927 0.03709785
v 0.04279193 0.06769782 0.03484550
v 0.04291357 0.06783601 0.03119096
v 0.04536304 0.06576088 0.03484550
v 0.04544692 0.06582782 0.03259316
v 0.03697864 0.07283057 -0.05292969
v 0.03696186 0.07281113 -0.04842500
v 0.03691992 0.07276795 -0.03942666
v 0.04552242 0.06589260 0.03034081
v 0.04657100 0.06491442 0.03259316
v 0.04665069 0.06496841 0.03034081
v 0.04905402 0.06277668 0.03259316
v 0.04649130 0.06484316 0.03484550
v 0.04784606 0.06371599 0.03484550
v 0.05043814 0.06181360 0.02583612
v 0.05037103 0.06176610 0.02808847
v 0.05030392 0.06171211 0.03034081
v 0.05156221 0.06074473 0.02583612
v 0.03692411 0.07282409 -0.06418037
v 0.03695766 0.07284352 -0.06193906
v 0.03698283 0.07285216 -0.05968672
v 0.03698703 0.07284784 -0.05743438
v 0.03698703 0.07283921 -0.05518203
v 0.03771684 0.07195172 -0.00342227
v 0.03769167 0.07194092 -0.00116993
v 0.03766650 0.07192796 0.00108242
v 0.03654243 0.07257360 0.00108242
v 0.03686959 0.07273772 -0.03266963
v 0.03248655 0.07503309 -0.02816494
v 0.03648790 0.07254121 0.00558711
v 0.03642919 0.07250882 0.01008075
v 0.03505345 0.07314583 0.01909013
v 0.03505345 0.07310048 0.02134248
v 0.03626141 0.07241382 0.02134248
v 0.03621947 0.07238790 0.02359482
v 0.03526736 0.07284352 0.02576988
v 0.03491504 0.07285864 0.03034081
v 0.03481857 0.07282409 0.03259316
v 0.03505345 0.07303354 0.02359482
v 0.03470113 0.07278306 0.03484550
v 0.03457950 0.07272044 0.03709785
v 0.03860183 0.07023071 0.03935019
v 0.04265352 0.06761144 0.03709785
v 0.03848020 0.07015514 0.04060885
v 0.04517849 0.06560972 0.03820194
v 0.04527496 0.06568962 0.03670038
v 0.03259140 0.07507628 -0.04167901
v 0.03257882 0.07506765 -0.03942666
v 0.03250752 0.07503957 -0.03041728
v 0.05023262 0.06165165 0.03259316
v 0.04897013 0.06269894 0.03484550
v 0.05015712 0.06157392 0.03484550
v 0.04772443 0.06361450 0.03709785
v 0.05149929 0.06067779 0.02808847
v 0.01060070 0.08192356 -0.06896108
v 0.03254946 0.07503525 -0.06868505
v 0.03260399 0.07508492 -0.06643271
v 0.03264173 0.07511299 -0.06418037
v 0.03266270 0.07511947 -0.06193906
v 0.03266690 0.07511515 -0.05968672
v 0.03262076 0.07509140 -0.04842500
v 0.03661373 0.07261247 -0.00567462
v 0.03305697 0.07419959 0.01909013
v 0.02804478 0.07721187 -0.05968672
v 0.02777635 0.07711902 -0.03041728
v 0.02728562 0.07691389 0.01233310
v 0.03246138 0.07502014 -0.02592363
v 0.03301922 0.07417800 0.02134248
v 0.03295211 0.07413697 0.02359482
v 0.03499054 0.07290398 0.02808847
v 0.03028034 0.07500935 0.03484550
v 0.03441592 0.07262544 0.03935019
v 0.03016710 0.07492945 0.03709785
v 0.03418523 0.07249803 0.04097321
v 0.03735612 0.07057621 0.04145900
v 0.03814046 0.06991978 0.04211041
v 0.04071575 0.06789431 0.04281703
v 0.04732177 0.06327548 0.04228707
v 0.04748955 0.06341368 0.04078551
v 0.04758602 0.06349789 0.03935019
v 0.04613898 0.06491226 0.03730762
v 0.02806995 0.07721619 -0.06193906
v 0.05136088 0.06054607 0.03259316
v 0.05128539 0.06047697 0.03484550
v 0.04884850 0.06259529 0.03709785
v 0.05005645 0.06147027 0.03709785
v 0.05118472 0.06038628 0.03709785
v 0.01256363 0.08162773 -0.06896108
v 0.01052101 0.08194947 -0.06868505
v 0.04928470 0.06074473 0.04383280
v 0.04965381 0.06108159 0.04260726
v 0.02788959 0.07717300 -0.06868505
v 0.02800284 0.07720756 -0.06643271
v 0.02806995 0.07722267 -0.06418037
v 0.03193709 0.07473294 0.01909013
v 0.03189934 0.07471567 0.02134248
v 0.03241524 0.07498991 -0.02141895
v 0.02605669 0.07775387 -0.02592363
v 0.02605669 0.07733279 0.01683779
v 0.02725626 0.07690093 0.01458544
v 0.02840969 0.07640859 0.01233310
v 0.02605669 0.07773228 -0.02367129
v 0.03183224 0.07468760 0.02359482
v 0.03034745 0.07506765 0.03259316
v 0.02579245 0.07716868 0.02808847
v 0.02565403 0.07712981 0.03034081
v 0.02994061 0.07482580 0.03935019
v 0.02966798 0.07471783 0.04120506
v 0.03047328 0.07422982 0.04181231
v 0.02545271 0.07706288 0.03259316
v 0.02522621 0.07697866 0.03484550
v 0.02505006 0.07691389 0.03655684
v 0.02942471 0.07460986 0.04270662
v 0.04045990 0.06771293 0.04383280
v 0.04689395 0.06290407 0.04383280
v 0.04691493 0.06288680 0.04383280
v 0.04857168 0.06224979 0.04169086
v 0.04993063 0.06134503 0.03935019
v 0.04871428 0.06247004 0.03935019
v 0.04980480 0.06122626 0.04110570
v 0.02279772 0.07915744 -0.06418037
v 0.02277675 0.07915096 -0.05968672
v 0.02275158 0.07914232 -0.05518203
v 0.02268867 0.07912289 -0.04687927
v 0.01255105 0.08164284 -0.06868505
v 0.01386806 0.08141179 -0.06868505
v 0.01052101 0.08199266 -0.06643271
v 0.01255105 0.08170547 -0.06643271
v 0.04815644 0.06177257 0.04383280
v 0.02274739 0.07914016 -0.06798948
v 0.02279352 0.07915528 -0.06643271
v 0.02834678 0.07638053 0.01683779
v 0.03055717 0.07535484 0.01909013
v 0.03055717 0.07532029 0.02134248
v 0.03055717 0.07527494 0.02359482
v 0.02087254 0.07925029 -0.00116993
v 0.02045730 0.07912721 0.02292132
v 0.02601475 0.07726154 0.02134248
v 0.02627479 0.07721187 0.01918950
v 0.02719754 0.07687502 0.01850496
v 0.02717237 0.07685342 0.02000653
v 0.02588472 0.07720108 0.02583612
v 0.02380435 0.07778194 0.03034081
v 0.02380435 0.07767397 0.03259316
v 0.02380435 0.07750987 0.03484550
v 0.02155201 0.07953101 -0.06418037
v 0.02155201 0.07952453 -0.06193906
v 0.02155201 0.07951589 -0.05968672
v 0.02155201 0.07950509 -0.05743438
v 0.02177012 0.07938417 -0.04615057
v 0.02151846 0.07944247 -0.04393135
v 0.02143877 0.07943384 -0.03942666
v 0.02140102 0.07942736 -0.03717431
v 0.02136746 0.07941872 -0.03492197
v 0.02130455 0.07939929 -0.03041728
v 0.02127519 0.07938848 -0.02816494
v 0.02121227 0.07936474 -0.02367129
v 0.01930387 0.08010971 -0.06896108
v 0.01403583 0.08145066 -0.06643271
v 0.01052101 0.08199050 -0.06441222
v 0.01255105 0.08170114 -0.06418037
v 0.02174914 0.07941440 -0.06871818
v 0.02155201 0.07952669 -0.06643271
v 0.01930387 0.07994776 -0.02816494
v 0.01930387 0.07990457 -0.02367129
v 0.01930387 0.07942304 0.02134248
v 0.01951358 0.07934531 0.02363898
v 0.02596022 0.07723346 0.02359482
v 0.01930387 0.07985707 -0.01916660
v 0.01930387 0.08014642 -0.06418037
v 0.01930387 0.08014426 -0.06193906
v 0.01930387 0.08013994 -0.05968672
v 0.01930387 0.08009891 -0.04842500
v 0.01930387 0.08008812 -0.04617265
v 0.01930387 0.08007731 -0.04393135
v 0.01930387 0.08006220 -0.04167901
v 0.01930387 0.08011618 -0.06868505
v 0.01403164 0.08144633 -0.06418037
v 0.01930387 0.08013994 -0.06643271
v 0.01705153 0.08011834 0.00558711
v 0.01705153 0.07995639 0.02134248
v 0.01705153 0.07993264 0.02359482
v 0.07146809 0.01292488 0.04383280
v 0.07107434 0.01722790 0.04385551
v 0.07036441 0.01722790 0.04549193
v 0.07046583 0.01497144 0.04558908
v 0.07082378 0.01947779 0.04385551
v 0.07019139 0.01947779 0.04529763
v 0.07037634 0.02174081 0.04397285
v 0.07003032 0.02100615 0.04509828
v 0.06982151 0.02250170 0.04480178
v 0.06781699 0.02995982 0.04515001
v 0.06803176 0.02847738 0.04542254
v 0.06964850 0.02397759 0.04442958
v 0.06812125 0.03072072 0.04389714
v 0.06810335 0.03085846 0.04383280
v 0.06751870 0.03145538 0.04467561
v 0.06549031 0.03649305 0.04504403
v 0.04034427 0.06761771 0.04432738
v 0.04999104 0.05913632 0.04523833
v 0.04533768 0.06347869 0.04510963
v 0.06554400 0.03752288 0.04383280
v 0.06518009 0.03799516 0.04428323
v 0.06329487 0.04106500 0.04510206
v 0.04286782 0.06555804 0.04484720
v 0.05439384 0.05459061 0.04520048
v 0.05222823 0.05692578 0.04526356
v 0.05159586 0.05853285 0.04385551
v 0.05046831 0.05960860 0.04385551
v 0.05901140 0.04808362 0.04532917
v 0.06526361 0.03819195 0.04383280
v 0.06481020 0.03910371 0.04383280
v 0.06366476 0.04132738 0.04383280
v 0.06355140 0.04154384 0.04383280
v 0.06096223 0.04540080 0.04501249
v 0.05649978 0.05218329 0.04505033
v 0.05262198 0.05740463 0.04385551
v 0.05851027 0.04958574 0.04462136
v 0.06120683 0.04582061 0.04383280
v 0.01265404 0.08151942 -0.07077839
v 0.01052101 0.08179720 -0.07112221
v 0.01370751 0.08137342 -0.06991662
v 0.01930345 0.08005221 -0.07094360
v 0.01347283 0.08127014 -0.07141690
v 0.01197084 0.08147670 -0.07227719
v 0.01052101 0.08154792 -0.07244835
v 0.02170767 0.07941476 -0.06896257
v 0.02135304 0.07942188 -0.07094360
v 0.02096190 0.07929724 -0.07240519
v 0.01480271 0.07936490 -0.07464371
v 0.01052101 0.08079294 -0.07373282
v 0.01930345 0.07956076 -0.07281002
v 0.01706091 0.07971746 -0.07336073
v 0.01631513 0.07920109 -0.07442939
v 0.06340864 0.04584695 -0.07094360
v 0.02605717 0.07778373 -0.07094360
v 0.02753830 0.07702876 -0.07240519
v 0.02584335 0.07722107 -0.07317171
v 0.02495155 0.07687207 -0.07432817
v 0.01386919 0.07466769 -0.08113305
v 0.01254973 0.07480658 -0.08129825
v 0.01254973 0.07959995 -0.07492799
v 0.01930345 0.07882717 -0.07393524
v 0.01781711 0.07899453 -0.07422101
v 0.01929302 0.07758430 -0.07560372
v 0.06328347 0.04555493 -0.07207328
v 0.06279846 0.04697228 -0.07094360
v 0.02787729 0.07716765 -0.06896257
v 0.02777298 0.07713203 -0.07094360
v 0.03245626 0.07497396 -0.07094360
v 0.03215899 0.07483507 -0.07247961
v 0.03122025 0.07437567 -0.07398138
v 0.02972348 0.07475672 -0.07446511
v 0.02645353 0.07658717 -0.07390548
v 0.02380420 0.07210720 -0.08076690
v 0.02263598 0.07234223 -0.08105417
v 0.02155122 0.07741693 -0.07503366
v 0.01853682 0.07695042 -0.07667089
v 0.02003880 0.07673674 -0.07646102
v 0.02059683 0.07466769 -0.07888708
v 0.02113921 0.07257371 -0.08131760
v 0.05159093 0.04943307 -0.08300543
v 0.05444366 0.04793025 -0.08132207
v 0.06081667 0.04971797 -0.07175476
v 0.06159895 0.04887396 -0.07098081
v 0.06106178 0.05002067 -0.07025448
v 0.03254492 0.07502737 -0.06896257
v 0.03681098 0.07275888 -0.07094360
v 0.03659193 0.07262000 -0.07247365
v 0.03566362 0.07208582 -0.07397395
v 0.03416164 0.07248823 -0.07445320
v 0.02892555 0.06986720 -0.08078774
v 0.02742356 0.07022688 -0.08119109
v 0.02605717 0.07052246 -0.08150216
v 0.05234192 0.05036254 -0.08150365
v 0.04960393 0.05427273 -0.08099761
v 0.05621684 0.05183688 -0.07635237
v 0.05661841 0.04788039 -0.07903890
v 0.05601866 0.04648440 -0.08062848
v 0.06321567 0.04555493 -0.07228612
v 0.05880360 0.05226778 -0.07227719
v 0.06134862 0.04821870 -0.07274454
v 0.06042552 0.05104629 -0.06896257
v 0.05704085 0.05517728 -0.07094360
v 0.03684748 0.07277670 -0.06896257
v 0.04079019 0.07018770 -0.07094360
v 0.04074326 0.07015566 -0.07214621
v 0.03845377 0.07013073 -0.07433562
v 0.03340543 0.06757735 -0.08073118
v 0.03190344 0.06797977 -0.08120151
v 0.05104333 0.05352132 -0.08018049
v 0.05186212 0.05426917 -0.07873824
v 0.04810716 0.05501702 -0.08166886
v 0.04978646 0.06123130 -0.07440855
v 0.05197686 0.05890941 -0.07435943
v 0.05550236 0.05346078 -0.07564837
v 0.05688439 0.05270224 -0.07485208
v 0.05757801 0.05100000 -0.07546381
v 0.05676965 0.05033405 -0.07694475
v 0.05889225 0.05016311 -0.07457376
v 0.05838637 0.05166594 -0.07377896
v 0.05676444 0.05481048 -0.07261654
v 0.06087404 0.04753496 -0.07424482
v 0.05616990 0.05630261 -0.07094360
v 0.05716601 0.05531617 -0.06896257
v 0.04191668 0.06940068 -0.07094360
v 0.04348646 0.06827535 -0.07094360
v 0.04461296 0.06740998 -0.07094360
v 0.04604714 0.06628463 -0.07094360
v 0.04323614 0.06811153 -0.07244537
v 0.04162463 0.06885938 -0.07304668
v 0.03995576 0.06960724 -0.07364650
v 0.04250600 0.06755242 -0.07394715
v 0.04100402 0.06810797 -0.07453952
v 0.03877712 0.06360662 -0.08130868
v 0.03616950 0.06559733 -0.08105862
v 0.03466751 0.06607809 -0.08157361
v 0.03268052 0.06666925 -0.08213770
v 0.05414118 0.05655902 -0.07426864
v 0.04733009 0.05651985 -0.08098421
v 0.05022454 0.06163372 -0.07319552
v 0.05245144 0.05935812 -0.07319552
v 0.05367181 0.05789803 -0.07338901
v 0.04752827 0.06343924 -0.07439516
v 0.05628985 0.05420151 -0.07411831
v 0.05470964 0.05725701 -0.07276835
v 0.05408381 0.05875627 -0.07138565
v 0.05419333 0.05887023 -0.06988536
v 0.04734574 0.06551186 -0.06896257
v 0.04717363 0.06538010 -0.07094360
v 0.04563514 0.06598906 -0.07265970
v 0.04792463 0.06379537 -0.07319552
v 0.04027389 0.06304039 -0.08073863
v 0.03346280 0.06533737 -0.08307389
v 0.04905111 0.06275906 -0.07319552
v 0.04265724 0.06086806 -0.08083984
v 0.04115526 0.06154113 -0.08144411
v 0.04839399 0.06425476 -0.07094360
v 0.04951527 0.06320421 -0.07094360
v 0.05069913 0.06207887 -0.07094360
v 0.05182562 0.06099983 -0.07094360
v 0.05192471 0.06109954 -0.06962341
v 0.04965087 0.06332529 -0.06920369
v 0.01166964 0.07916821 0.06332292
v 0.01308067 0.07886767 0.06187041
v 0.01117755 0.07899011 0.06482208
v 0.01408262 0.07745397 0.06364275
v 0.00939598 0.04363307 0.11960447
v 0.00455816 0.05217827 0.11482050
v 0.00481013 0.04759955 0.11924467
v 0.00458188 0.04990746 0.11705257
v 0.00579429 0.04373696 0.12192982
v 0.00446627 0.05676441 0.10825088
v 0.00696818 0.05664567 0.10805099
v 0.00905211 0.05193337 0.11223529
v 0.00912919 0.04978130 0.11467392
v 0.00909362 0.04747710 0.11687268
v 0.00873493 0.04249395 0.12110362
v 0.00900765 0.04513209 0.11903812
v 0.00579429 0.04995941 0.11710587
v 0.00579429 0.05108739 0.11594653
v 0.00579429 0.05217456 0.11482050
v 0.00579429 0.05310959 0.11362784
v 0.00579429 0.05417079 0.11221530
v 0.00631009 0.04764408 0.11928465
v 0.00565497 0.04853088 0.11843180
v 0.00579429 0.04486123 0.12117025
v 0.00565497 0.04670534 0.11990429
v 0.00695039 0.04764408 0.11928465
v 0.00579429 0.05490175 0.11108927
v 0.00579429 0.05602973 0.10935026
v 0.00579429 0.05675327 0.10822423
v 0.00694743 0.05213004 0.11477386
v 0.00729129 0.05464573 0.11068284
v 0.00741283 0.05252706 0.11362784
v 0.00864007 0.05110595 0.11380774
v 0.00742172 0.05081281 0.11566669
v 0.00701857 0.04994828 0.11709255
v 0.00871121 0.04890935 0.11602649
v 0.00740394 0.04853088 0.11795873
v 0.00859857 0.04663112 0.11822524
v 0.00738615 0.04648270 0.11967110
v 0.00723497 0.04351433 0.12176991
v -0.07050052 0.00760418 -0.07550378
v -0.07038858 0.00145380 -0.07526813
v -0.07117684 0.00299788 -0.07398673
v -0.06538384 0.00760418 -0.08201175
v -0.06966095 0.00643638 -0.07663999
v -0.06543515 0.00145380 -0.08148783
v -0.07030929 -0.00079745 -0.07514609
v -0.07095295 0.00046117 -0.07398673
v -0.06468420 0.00595629 -0.08279658
v -0.05418497 0.00370504 -0.09486779
v -0.06449296 0.00145380 -0.08261142
v -0.06530455 -0.00079745 -0.08131740
v -0.06460024 0.00370504 -0.08271031
v -0.07014138 -0.00304220 -0.07495461
v -0.07025331 -0.00529345 -0.07398673
v -0.02471624 -0.05822692 -0.07437389
v -0.05272506 0.00761066 -0.09548218
v -0.05272506 0.00595629 -0.09546534
v -0.05272506 0.00370504 -0.09543800
v -0.05272506 0.00146029 -0.09534120
v -0.05408236 0.00146029 -0.09479414
v -0.05395176 -0.00009677 -0.09467632
v -0.06517395 -0.00221177 -0.08115749
v -0.06994081 -0.00529345 -0.07472947
v -0.06976824 -0.00709704 -0.07451906
v -0.07009473 -0.00637690 -0.07398673
v -0.02373208 -0.03845229 -0.09477311
v -0.03473038 -0.03004418 -0.09511818
v -0.03117623 -0.05583943 -0.07420556
v -0.02967433 -0.05615733 -0.07460955
v -0.02797188 -0.05648820 -0.07502194
v -0.02692243 -0.05371146 -0.07885981
v -0.02572372 -0.05390609 -0.07909968
v -0.05047223 -0.00304869 -0.09543590
v -0.05047223 -0.00529345 -0.09540223
v -0.05047223 -0.00755118 -0.09526546
v -0.05188550 -0.00755118 -0.09481098
v -0.06269256 -0.00571515 -0.08314165
v -0.06286515 -0.00421649 -0.08333733
v -0.05172225 -0.00903688 -0.09468684
v -0.06247801 -0.00755118 -0.08287864
v -0.06992216 -0.00740197 -0.07398673
v -0.06957700 -0.00860220 -0.07427499
v -0.02528994 -0.03823170 -0.09472891
v -0.03247755 -0.03229542 -0.09499614
v -0.03452516 -0.03221757 -0.09478784
v -0.03694124 -0.02999876 -0.09486357
v -0.03698322 -0.02779293 -0.09514343
v -0.02572372 -0.04054783 -0.09271319
v -0.02591495 -0.03900374 -0.09397144
v -0.03551864 -0.05347789 -0.07400356
v -0.03401675 -0.05393203 -0.07460113
v -0.03434791 -0.04959822 -0.07931220
v -0.03314454 -0.04892350 -0.08081242
v -0.03230964 -0.05021456 -0.07985716
v -0.03147940 -0.05149913 -0.07890400
v -0.03022472 -0.05182352 -0.07925749
v -0.02842432 -0.05338058 -0.07848109
v -0.02712766 -0.05155752 -0.08122061
v -0.02572372 -0.05182352 -0.08152781
v -0.02572372 -0.05294590 -0.08022538
v -0.04822406 -0.01205368 -0.09527809
v -0.04987054 -0.01205368 -0.09485095
v -0.05055152 -0.00979594 -0.09494564
v -0.05135377 -0.01053554 -0.09432072
v -0.06090149 -0.02055910 -0.07915229
v -0.06090616 -0.01607607 -0.08139525
v -0.06239872 -0.01429843 -0.08054730
v -0.06269723 -0.01267650 -0.08089869
v -0.06293044 -0.01117134 -0.08116169
v -0.06215151 -0.00979594 -0.08252095
v -0.04953938 -0.01354585 -0.09471629
v -0.06946039 -0.00934180 -0.07398673
v -0.06789320 -0.01204719 -0.07495040
v -0.06759003 -0.01379888 -0.07459902
v -0.06728686 -0.01530403 -0.07424553
v -0.02678717 -0.03784893 -0.09455007
v -0.02947844 -0.03590909 -0.09471209
v -0.03022938 -0.03459208 -0.09486146
v -0.03616697 -0.03141309 -0.09471418
v -0.03851775 -0.02922023 -0.09470366
v -0.03925471 -0.02779293 -0.09484886
v -0.03923605 -0.02554169 -0.09513921
v -0.04598056 -0.01655617 -0.09521285
v -0.02372742 -0.05115528 -0.08304697
v -0.02713698 -0.04932574 -0.08344885
v -0.02695974 -0.04022993 -0.09239337
v -0.02781330 -0.03904267 -0.09302039
v -0.02863421 -0.04894296 -0.08310588
v -0.03022472 -0.04852775 -0.08271242
v -0.03164265 -0.04932574 -0.08122482
v -0.03925937 -0.05118772 -0.07398673
v -0.03824257 -0.05151860 -0.07442439
v -0.03697855 -0.05190137 -0.07487886
v -0.03697855 -0.05093470 -0.07600456
v -0.03697855 -0.04981232 -0.07729857
v -0.03584980 -0.04917004 -0.07881984
v -0.03494960 -0.04857316 -0.08001707
v -0.03586380 -0.04693825 -0.08107964
v -0.03472572 -0.04730156 -0.08141840
v -0.02962769 -0.03829009 -0.09269425
v -0.03022472 -0.05080495 -0.08038107
v -0.02862488 -0.05120070 -0.08082084
v -0.03022472 -0.04968257 -0.08158673
v -0.02788326 -0.05025997 -0.08216324
v -0.02572372 -0.05075953 -0.08265351
v -0.04755707 -0.01655617 -0.09483623
v -0.04827537 -0.01429843 -0.09495827
v -0.06053768 -0.02206426 -0.07876092
v -0.06272055 -0.02188260 -0.07643590
v -0.06303772 -0.01586198 -0.07904708
v -0.06335022 -0.01429843 -0.07942371
v -0.04726322 -0.01797049 -0.09469736
v -0.06749208 -0.01505101 -0.07398673
v -0.06519260 -0.02013740 -0.07442228
v -0.06493606 -0.02138305 -0.07398673
v -0.06717025 -0.01590739 -0.07398673
v -0.02797655 -0.03747913 -0.09426812
v -0.03363895 -0.03344375 -0.09459005
v -0.04001498 -0.02853902 -0.09430389
v -0.03513617 -0.03291824 -0.09409558
v -0.03827055 -0.04256552 -0.08342991
v -0.03977244 -0.04195567 -0.08290178
v -0.04218852 -0.03982769 -0.08302172
v -0.04060734 -0.02704035 -0.09468473
v -0.04140493 -0.02544437 -0.09481518
v -0.04148422 -0.02329693 -0.09512027
v -0.04391429 -0.02122734 -0.09496036
v -0.04599455 -0.01875551 -0.09490987
v -0.03999166 -0.05069466 -0.07398673
v -0.04084988 -0.04953335 -0.07471054
v -0.03906814 -0.05020807 -0.07531862
v -0.03839182 -0.04937764 -0.07679360
v -0.03697855 -0.04877428 -0.07842427
v -0.03736102 -0.04639328 -0.08054309
v -0.03835917 -0.04489461 -0.08128374
v -0.03675933 -0.04570558 -0.08161198
v -0.03697855 -0.04416799 -0.08286812
v -0.03575652 -0.04460915 -0.08325528
v -0.06085019 -0.02487345 -0.07683568
v -0.06237540 -0.02329693 -0.07605716
v -0.06339220 -0.02329693 -0.07493147
v -0.05892385 -0.02779942 -0.07715340
v -0.06396125 -0.02100676 -0.07543014
v -0.04525760 -0.02059803 -0.09477520
v -0.04479117 -0.02210318 -0.09453744
v -0.05401240 -0.02916833 -0.08123324
v -0.05370922 -0.02644348 -0.08319426
v -0.05852739 -0.02918131 -0.07675152
v -0.06303772 -0.02471125 -0.07452538
v -0.06475883 -0.02177231 -0.07398673
v -0.04834533 -0.03467643 -0.08231895
v -0.04987987 -0.03400170 -0.08156148
v -0.04900766 -0.03301556 -0.08306170
v -0.05137710 -0.03315181 -0.08087134
v -0.05199277 -0.03165314 -0.08141629
v -0.04275290 -0.02462043 -0.09465527
v -0.04386299 -0.03917892 -0.08230422
v -0.04454863 -0.03762186 -0.08308905
v -0.04679213 -0.03535115 -0.08307853
v -0.04480517 -0.04239035 -0.07878407
v -0.04322398 -0.02329693 -0.09478993
v -0.04234711 -0.04898838 -0.07408351
v -0.04488912 -0.04471296 -0.07660422
v -0.04161948 -0.04815795 -0.07555849
v -0.03989371 -0.04883267 -0.07621076
v -0.04239841 -0.04676957 -0.07641065
v -0.03837316 -0.04714586 -0.07904287
v -0.05991267 -0.02687167 -0.07665683
v -0.06043974 -0.02637212 -0.07639381
v -0.05349466 -0.03067349 -0.08073457
v -0.05575683 -0.03067998 -0.07847687
v -0.05649845 -0.03171802 -0.07697666
v -0.05595272 -0.03322317 -0.07638119
v -0.05800033 -0.03068646 -0.07608241
v -0.06107407 -0.02733879 -0.07488938
v -0.06361143 -0.02413385 -0.07398673
v -0.06269723 -0.02581417 -0.07398673
v -0.04767834 -0.03625943 -0.08157831
v -0.04917557 -0.03550037 -0.08092183
v -0.05154034 -0.03561066 -0.07876513
v -0.05389113 -0.03572744 -0.07661474
v -0.05284167 -0.03244464 -0.08005284
v -0.04467923 -0.04002232 -0.08093656
v -0.04543950 -0.03851717 -0.08158673
v -0.04716994 -0.04249415 -0.07663158
v -0.04555611 -0.04088519 -0.07943845
v -0.04477718 -0.04686040 -0.07424974
v -0.04716994 -0.04473242 -0.07438651
v -0.04947408 -0.04255254 -0.07443911
v -0.05369523 -0.03322317 -0.07867676
v -0.05425960 -0.03172450 -0.07923435
v -0.05510850 -0.03247059 -0.07782671
v -0.05433423 -0.03454667 -0.07705450
v -0.05548630 -0.03464399 -0.07555639
v -0.05647978 -0.03395629 -0.07488097
v -0.05851340 -0.03140660 -0.07458219
v -0.06051436 -0.02884395 -0.07422660
v -0.05004312 -0.03636972 -0.07942371
v -0.05253849 -0.03660328 -0.07704398
v -0.05166161 -0.03798517 -0.07662316
v -0.05091533 -0.03949033 -0.07593933
v -0.05170826 -0.04030129 -0.07443911
v -0.05385381 -0.03793327 -0.07432759
v -0.05423162 -0.03660328 -0.07522604
v -0.05019704 -0.04102143 -0.07519027
v -0.04941345 -0.04024290 -0.07662947
v -0.04517364 -0.04671118 -0.07398673
v -0.04973994 -0.04266283 -0.07398673
v -0.05132579 -0.04108631 -0.07398673
v -0.05593873 -0.03545495 -0.07405616
v -0.06040708 -0.02921375 -0.07398673
v -0.05814492 -0.03245113 -0.07398673
v -0.05181087 -0.04056729 -0.07398673
v -0.05396109 -0.03806302 -0.07398673
v 0.07252644 0.00820715 0.03892333
v 0.07251601 0.00639242 0.03892333
v 0.07008600 -0.01042451 0.03892333
v 0.07244822 0.01270985 0.03935479
v 0.07248472 0.01045850 0.03935479
v 0.07249516 0.00820715 0.03935479
v 0.07248472 0.00595579 0.03935479
v 0.07237001 0.00370444 0.03935479
v 0.07223442 0.00211485 0.03935479
v 0.07112371 -0.00529415 0.03935479
v 0.07073783 -0.00753868 0.03935479
v 0.07017465 -0.00989237 0.03929704
v 0.07008600 -0.00921014 0.04122163
v 0.06832868 -0.01429274 0.04160553
v 0.06803666 -0.01627802 0.03935479
v 0.06548672 -0.02226799 0.04073921
v 0.06551279 -0.02231574 0.03935479
v 0.06497047 -0.02345507 0.03935309
v 0.07228657 0.01270985 0.04119785
v 0.07229700 0.01045850 0.04142207
v 0.07228657 0.00824808 0.04179408
v 0.07231785 0.00595579 0.04160553
v 0.07220314 0.00474143 0.04275213
v 0.07223964 0.00388182 0.04139489
v 0.07219792 0.00255147 0.04050479
v 0.07089949 -0.00529415 0.04160553
v 0.07032587 -0.00776382 0.04182636
v 0.06992957 -0.00866436 0.04272326
v 0.06768728 -0.01542524 0.04273514
v 0.06781765 -0.01575953 0.04160553
v 0.06579960 -0.02113549 0.04153588
v 0.06527814 -0.02194734 0.04223913
v 0.06486619 -0.02312077 0.04153588
v 0.06477754 -0.02329815 0.04152569
v 0.06361468 -0.02560408 0.04140509
v 0.06319751 -0.02668883 0.04052178
v 0.07198934 0.01270985 0.04232407
v 0.07215621 0.00902582 0.04266890
v 0.07220314 0.00752492 0.04275383
v 0.07220835 0.00595579 0.04276402
v 0.07031544 -0.00079145 0.04547850
v 0.07015901 -0.00304280 0.04525088
v 0.07002342 -0.00469379 0.04508271
v 0.07074305 -0.00304280 0.04385627
v 0.07180161 0.00824808 0.04364563
v 0.07164517 0.00595579 0.04389024
v 0.07029980 -0.00538284 0.04401594
v 0.07012251 -0.00716346 0.04337215
v 0.06974705 -0.00776382 0.04401594
v 0.06768728 -0.01316024 0.04497569
v 0.06788023 -0.01429274 0.04329401
v 0.06537721 -0.01981197 0.04487547
v 0.06565358 -0.02045326 0.04337385
v 0.06749435 -0.01429274 0.04441853
v 0.06344260 -0.02488092 0.04327532
v 0.06110124 -0.02917896 0.04310376
v 0.06127331 -0.02945185 0.04160383
v 0.05876509 -0.03354522 0.04094475
v 0.05882245 -0.03361344 0.03935309
v 0.06137240 -0.02962923 0.03935309
v 0.07145745 0.01292134 0.04385627
v 0.07163996 0.01045850 0.04385627
v 0.07038324 0.00145308 0.04560930
v 0.06988785 -0.00619469 0.04487377
v 0.07061789 0.01045850 0.04571461
v 0.07060225 0.00820715 0.04573160
v 0.07052403 0.00595579 0.04570782
v 0.06793237 -0.01165934 0.04528655
v 0.06598733 -0.01654409 0.04569933
v 0.06567445 -0.01831106 0.04528825
v 0.06348953 -0.02271144 0.04531713
v 0.06116381 -0.02708452 0.04526277
v 0.06306193 -0.02421916 0.04477525
v 0.06075186 -0.02858542 0.04460539
v 0.05883810 -0.03140984 0.04515575
v 0.07055532 0.01270985 0.04566365
v 0.07055011 0.01292134 0.04565686
v -0.02934410 0.07471797 0.04251208
v -0.02797164 0.07541079 0.04158846
v -0.02953232 0.07479278 0.04158846
v -0.03410067 0.07263951 0.04158846
v -0.03388892 0.07252242 0.04251208
v -0.02461498 0.07687449 0.04051661
v -0.02481889 0.07695255 0.03934214
v -0.02423853 0.07690376 -0.07397731
v -0.02510514 0.07706965 0.03709582
v -0.02979113 0.07491313 0.03934214
v -0.03523001 0.07198247 0.04158846
v -0.03788083 0.07028133 0.04251208
v -0.03431242 0.07275987 0.03934214
v -0.06073040 0.04781515 0.04251208
v -0.06083236 0.04798754 0.04158846
v -0.06098136 0.04824775 0.03934214
v -0.02451302 0.07680618 -0.07397731
v -0.02523847 0.07712819 0.03484950
v -0.02994406 0.07499120 0.03709582
v -0.03822590 0.07019676 0.04158846
v -0.03813179 0.07013496 0.04251208
v -0.03844942 0.07033012 0.03934214
v -0.03858666 0.07039192 0.03709582
v -0.03003425 0.07504649 0.03484950
v -0.03175180 0.07480254 0.02133737
v -0.03276742 0.07420405 0.02358369
v -0.03472416 0.07316644 0.02358369
v -0.03600251 0.07245411 0.02358369
v -0.03712793 0.07180683 0.02358369
v -0.06052649 0.04813066 0.04251208
v -0.06011083 0.04911296 0.04158846
v -0.06026376 0.04937318 0.03934214
v -0.06109116 0.04841039 0.03709582
v -0.06298516 0.04557731 0.03484950
v -0.06290673 0.04544395 0.03650289
v -0.06053825 0.04731098 -0.07397731
v -0.06082451 0.04794200 -0.07255198
v -0.06132644 0.04657588 -0.07325894
v -0.03155573 0.07473098 -0.07227831
v -0.02517573 0.07708266 -0.07265460
v -0.02572079 0.07744370 0.01907965
v -0.02705012 0.07695580 0.01907965
v -0.03935524 0.06945840 0.04158846
v -0.03957484 0.06961453 0.03934214
v -0.03835531 0.06998859 0.04251208
v -0.03971209 0.06972187 0.03709582
v -0.03875529 0.07048300 0.03259178
v -0.03979443 0.06977391 0.03484950
v -0.03287721 0.07422356 0.02133737
v -0.02711286 0.07698183 0.01683333
v -0.03179885 0.07482856 0.01907965
v -0.03472416 0.07323150 0.02133737
v -0.03607702 0.07249640 0.02133737
v -0.03720244 0.07184587 0.02133737
v -0.03908075 0.07072044 0.02133737
v -0.05882464 0.05051811 0.04251208
v -0.05898541 0.05074905 0.04158846
v -0.05830310 0.05207939 0.04017454
v -0.06041669 0.04968869 0.03484950
v -0.06118920 0.04856651 0.03484950
v -0.05900110 0.05119142 0.03938775
v -0.06231461 0.04670273 0.03484950
v -0.06307535 0.04572693 0.03259178
v -0.06047551 0.04741507 -0.07397731
v -0.06273419 0.04526180 -0.07093281
v -0.06098529 0.04822498 -0.07093281
v -0.05831094 0.05208265 -0.07192484
v -0.05689534 0.05336095 -0.07327035
v -0.05880895 0.05055064 -0.07317912
v -0.05861681 0.05025465 -0.07397731
v -0.03061069 0.07426585 -0.07377207
v -0.03853177 0.07037566 -0.07273442
v -0.03579860 0.07229473 -0.07175379
v -0.03491630 0.07293551 -0.07096701
v -0.03283408 0.07417152 -0.07093281
v -0.03170866 0.07480579 -0.07093281
v -0.03022248 0.07545307 -0.07093281
v -0.02695993 0.07691678 -0.07014602
v -0.02584235 0.07725180 -0.07091000
v -0.03813963 0.07012521 -0.07397731
v -0.02572079 0.07747623 0.01683333
v -0.04102573 0.06833298 0.04158846
v -0.04123356 0.06848910 0.03934214
v -0.04085319 0.06821263 0.04251208
v -0.04134728 0.06859645 0.03709582
v -0.04308050 0.06820287 0.01907965
v -0.04301777 0.06815408 0.02133737
v -0.03617505 0.07255170 0.01683333
v -0.03612800 0.07252892 0.01907965
v -0.02572079 0.07762260 -0.06192471
v -0.02720306 0.07701435 -0.06192471
v -0.03187728 0.07486434 0.00556752
v -0.03187336 0.07486109 0.00783664
v -0.03186159 0.07485458 0.01008296
v -0.03183022 0.07484157 0.01458701
v -0.03622210 0.07257121 0.01232928
v -0.03620642 0.07256145 0.01458701
v -0.03725342 0.07187514 0.01907965
v -0.03730047 0.07190441 0.01683333
v -0.03911997 0.07074971 0.01907965
v -0.05616205 0.05422616 0.04251208
v -0.05816193 0.05187448 0.04158846
v -0.05624048 0.05453516 0.04109815
v -0.05635812 0.05468804 0.03934214
v -0.05838937 0.05215746 0.03865799
v -0.05845210 0.05223878 0.03709582
v -0.06050296 0.04978952 0.03259178
v -0.06126762 0.04866409 0.03259178
v -0.06239304 0.04685561 0.03259178
v -0.06312633 0.04581800 0.03033405
v -0.06285968 0.04536589 -0.06769446
v -0.06105587 0.04837460 -0.06867508
v -0.05844035 0.05222252 -0.07041968
v -0.05770313 0.05307797 -0.07108104
v -0.05631891 0.05462299 -0.07256339
v -0.05608363 0.05409605 -0.07397731
v -0.04268837 0.06792640 -0.07217570
v -0.03886116 0.07057081 -0.07093281
v -0.03592408 0.07241183 -0.07026005
v -0.03603780 0.07248013 -0.06867508
v -0.03615544 0.07254844 -0.06644017
v -0.03176748 0.07482856 -0.06867508
v -0.02710502 0.07697857 -0.06644017
v -0.02704620 0.07695255 -0.06867508
v -0.02572079 0.07752503 -0.06867508
v -0.04470393 0.06547714 0.04224982
v -0.04116690 0.06811506 0.04202177
v -0.04493921 0.06567881 0.04076748
v -0.04439023 0.06560399 0.04251208
v -0.04307266 0.06811506 0.02133737
v -0.04414319 0.06733116 0.02133737
v -0.03915134 0.07077898 0.01683333
v -0.03916702 0.07080176 0.01458701
v -0.04308835 0.06821263 0.01683333
v -0.04320206 0.06811506 0.01885160
v -0.04420593 0.06736369 0.01907965
v -0.03733184 0.07192718 0.01458701
v -0.02572079 0.07760309 -0.06418244
v -0.02715992 0.07700135 -0.06418244
v -0.03179101 0.07484157 -0.06644017
v -0.03181454 0.07485458 -0.06418244
v -0.03182630 0.07486434 -0.06192471
v -0.03183414 0.07486759 -0.05967840
v -0.03183806 0.07486759 -0.05518576
v -0.03619858 0.07257447 -0.06192471
v -0.03621818 0.07257447 0.01008296
v -0.03734753 0.07193369 0.01232928
v -0.05542877 0.05536784 0.04174810
v -0.05416610 0.05697466 0.04158846
v -0.05546406 0.05581346 0.03934214
v -0.05644831 0.05480188 0.03709582
v -0.05853054 0.05233635 0.03484950
v -0.05859720 0.05242093 0.03259178
v -0.05864033 0.05248923 0.03033405
v -0.06059315 0.04985457 0.02904556
v -0.06131076 0.04870638 0.03033405
v -0.06243617 0.04694018 0.03033405
v -0.06315377 0.04586029 0.02808774
v -0.06310280 0.04500809 -0.06644017
v -0.06288321 0.04540166 -0.06644017
v -0.06109508 0.04843641 -0.06644017
v -0.05849524 0.05229407 -0.06867508
v -0.05644439 0.05478561 -0.07093281
v -0.05549151 0.05591104 -0.07093281
v -0.05436608 0.05721536 -0.07093281
v -0.05337007 0.05833753 -0.07093281
v -0.05414257 0.05692262 -0.07273442
v -0.05171527 0.05898806 -0.07397731
v -0.05420139 0.05626233 -0.07397731
v -0.05583658 0.05440180 -0.07397731
v -0.05599344 0.05422290 -0.07397731
v -0.04722927 0.06346699 -0.07397731
v -0.04515489 0.06585445 -0.07250637
v -0.04645677 0.06509983 -0.07093281
v -0.04533135 0.06600082 -0.07093281
v -0.04391575 0.06712624 -0.07093281
v -0.04279425 0.06801097 -0.07093281
v -0.03901017 0.07067815 -0.06867508
v -0.03716322 0.07180358 -0.06867508
v -0.03728087 0.07186212 -0.06644017
v -0.03619466 0.07257121 -0.06418244
v -0.02572079 0.07757056 -0.06644017
v -0.04735084 0.06357758 0.04121218
v -0.04686851 0.06360360 0.04251208
v -0.04556663 0.06620573 0.02133737
v -0.04610777 0.06481034 0.03934214
v -0.04748808 0.06368817 0.03934214
v -0.03917487 0.07080826 0.01232928
v -0.04030421 0.07008292 0.01008296
v -0.04420985 0.06736369 0.01683333
v -0.04147669 0.06929577 0.01008296
v -0.04308443 0.06821263 0.01458701
v -0.04321383 0.06811506 0.01458701
v -0.04559800 0.06624152 0.01907965
v -0.03732400 0.07188164 -0.05967840
v -0.05310342 0.05810009 0.04158846
v -0.05329948 0.05829525 0.03934214
v -0.05433864 0.05717308 0.03934214
v -0.05555033 0.05592730 0.03709582
v -0.05651889 0.05487669 0.03484950
v -0.05764432 0.05346503 0.03484950
v -0.05770313 0.05354635 0.03259178
v -0.05775019 0.05361140 0.03033405
v -0.05779333 0.05366019 0.02808774
v -0.05783254 0.05369272 0.02584141
v -0.05866778 0.05253477 0.02808774
v -0.05995005 0.05077507 0.02822457
v -0.06061668 0.04988059 0.02754041
v -0.06069119 0.04998143 0.02133737
v -0.06245970 0.04698247 0.02808774
v -0.06317731 0.04589282 0.02584141
v -0.06291850 0.04546347 -0.06418244
v -0.06225187 0.04658889 -0.06418244
v -0.06294987 0.04551551 -0.06192471
v -0.06112645 0.04848520 -0.06418244
v -0.05760510 0.05341950 -0.06867508
v -0.05852269 0.05232660 -0.06644017
v -0.05558170 0.05595983 -0.06867508
v -0.05445627 0.05735848 -0.06867508
v -0.05351124 0.05848390 -0.06867508
v -0.05224465 0.05951825 -0.07093281
v -0.04971539 0.06151539 -0.07317912
v -0.04954286 0.06132022 -0.07397731
v -0.04858213 0.06263756 -0.07317912
v -0.04745671 0.06367190 -0.07317912
v -0.04779786 0.06397115 -0.07093281
v -0.04650382 0.06512585 -0.06867508
v -0.04399417 0.06716527 -0.06867508
v -0.04287268 0.06807602 -0.06867508
v -0.03905722 0.07073670 -0.06644017
v -0.03732008 0.07187188 -0.06418244
v -0.05076631 0.06034443 0.04158846
v -0.04963696 0.06138528 0.04158846
v -0.04949580 0.06124541 0.04251208
v -0.04733907 0.06319702 0.04251208
v -0.04861350 0.06270586 0.03934214
v -0.04986048 0.06158369 0.03934214
v -0.04669205 0.06526896 0.02133737
v -0.04800962 0.06414679 0.02133737
v -0.03905722 0.07074646 -0.06418244
v -0.04560192 0.06623501 0.01458701
v -0.04560192 0.06623826 0.01683333
v -0.04296287 0.06811506 -0.05968980
v -0.04408045 0.06727261 -0.05518576
v -0.04549997 0.06614719 -0.05518576
v -0.04672734 0.06529824 0.01232928
v -0.04672734 0.06529499 0.01683333
v -0.04672342 0.06529499 0.01907965
v -0.05220151 0.05872460 0.04251208
v -0.05197800 0.05921900 0.04158846
v -0.05217014 0.05940766 0.03934214
v -0.05224073 0.05949223 0.03709582
v -0.05336615 0.05837006 0.03709582
v -0.05442490 0.05724463 0.03709582
v -0.05670712 0.05506859 0.02584141
v -0.05657772 0.05491247 0.03259178
v -0.05869523 0.05256729 0.02584141
v -0.05673457 0.05511414 0.02358369
v -0.05676201 0.05514991 0.02133737
v -0.05788744 0.05375778 0.02133737
v -0.05984418 0.05107107 0.02358369
v -0.06071471 0.05001720 0.01907965
v -0.06073824 0.05004973 0.01683333
v -0.06322044 0.04595137 0.02133737
v -0.06297732 0.04556105 -0.05967840
v -0.06233030 0.04673200 -0.05742067
v -0.06235775 0.04676453 -0.05518576
v -0.06114998 0.04851772 -0.06192471
v -0.05765608 0.05348129 -0.06418244
v -0.05560914 0.05598910 -0.06644017
v -0.06117743 0.04853724 -0.05967840
v -0.06120880 0.04855025 -0.05742067
v -0.05856191 0.05238514 -0.06192471
v -0.05767961 0.05351057 -0.06192471
v -0.05562875 0.05602163 -0.06418244
v -0.05447980 0.05737149 -0.06644017
v -0.05450333 0.05738125 -0.06418244
v -0.05352300 0.05849691 -0.06644017
v -0.05241719 0.05971341 -0.06192471
v -0.05136235 0.06087461 -0.05742067
v -0.05238974 0.05963860 -0.06867508
v -0.05002518 0.06180488 -0.07093281
v -0.04892328 0.06293030 -0.07093281
v -0.04895465 0.06298234 -0.06867508
v -0.04898211 0.06301162 -0.06644017
v -0.04785668 0.06402645 -0.06644017
v -0.04653520 0.06515187 -0.06644017
v -0.04656657 0.06517789 -0.06418244
v -0.04290012 0.06809878 -0.06644017
v -0.04544115 0.06608864 -0.06418244
v -0.04292757 0.06810854 -0.06418244
v -0.04295110 0.06811506 -0.06193612
v -0.05144470 0.05944994 0.04251208
v -0.04995459 0.06164549 0.03709582
v -0.05108001 0.06061765 0.03709582
v -0.05098590 0.06052983 0.03934214
v -0.04804099 0.06416956 0.01907965
v -0.04913504 0.06314173 0.02133737
v -0.04662539 0.06521692 -0.05742067
v -0.04672342 0.06529824 0.01008296
v -0.04407652 0.06726611 -0.05742067
v -0.04549997 0.06614068 -0.05742067
v -0.04804491 0.06416631 0.00556752
v -0.04804491 0.06417282 0.01008296
v -0.04804491 0.06416956 0.01683333
v -0.05183683 0.05908564 0.04251208
v -0.05355045 0.05856196 0.02584141
v -0.05465626 0.05746907 0.02358369
v -0.05577776 0.05623956 0.02358369
v -0.05791489 0.05378704 0.01907965
v -0.05874228 0.05263235 0.02133737
v -0.05988731 0.05114263 0.01907965
v -0.05580129 0.05627534 0.02133737
v -0.05678946 0.05516943 0.01907965
v -0.05793841 0.05381307 0.01683333
v -0.06324790 0.04599366 0.01683333
v -0.06323612 0.04598064 0.01907965
v -0.05990692 0.05117515 0.01683333
v -0.06074216 0.05005624 0.01458701
v -0.06300085 0.04560659 -0.05742067
v -0.06301653 0.04563911 -0.05518576
v -0.06237736 0.04678405 -0.05291663
v -0.06123233 0.04856651 -0.05518576
v -0.05655418 0.05492548 -0.06192471
v -0.05857367 0.05240792 -0.05967840
v -0.05772666 0.05354635 -0.05742067
v -0.05770313 0.05353008 -0.05967840
v -0.05657772 0.05494500 -0.05967840
v -0.05660124 0.05495801 -0.05742067
v -0.05563660 0.05605090 -0.06192471
v -0.05571502 0.05616149 -0.04616627
v -0.05458960 0.05744955 -0.04616627
v -0.05357790 0.05855871 -0.05067031
v -0.05242111 0.05973292 -0.05967840
v -0.05371907 0.05871809 0.00332120
v -0.05137019 0.06087786 -0.05518576
v -0.05023693 0.06196100 -0.05742067
v -0.04905661 0.06307667 -0.05967840
v -0.05021732 0.06195449 -0.05967840
v -0.05134274 0.06085835 -0.05967840
v -0.05242503 0.05974594 -0.05742067
v -0.05127216 0.06079004 -0.06644017
v -0.05124471 0.06076727 -0.06867508
v -0.05132313 0.06083883 -0.06192471
v -0.05011929 0.06185692 -0.06867508
v -0.04901348 0.06303439 -0.06418244
v -0.04791158 0.06407524 -0.06192471
v -0.04659009 0.06520066 -0.06192471
v -0.04546467 0.06610816 -0.06192471
v -0.04404515 0.06721406 -0.06418244
v -0.04406476 0.06723358 -0.06192471
v -0.04407652 0.06724984 -0.05967840
v -0.04917033 0.06319702 0.01008296
v -0.04916641 0.06316449 0.01907965
v -0.05358182 0.05859449 0.02358369
v -0.04661362 0.06521367 -0.05967840
v -0.04793119 0.06408825 -0.05967840
v -0.04548820 0.06612442 -0.05967840
v -0.04917033 0.06319702 0.00556752
v -0.05371514 0.05872134 0.01008296
v -0.05876189 0.05266162 0.01907965
v -0.05586011 0.05634364 0.01232928
v -0.05681299 0.05517919 0.01683333
v -0.05681299 0.05520846 0.01458701
v -0.05793841 0.05381632 0.01458701
v -0.05878934 0.05269090 0.01458701
v -0.05878150 0.05268764 0.01683333
v -0.06254205 0.04708980 0.00783664
v -0.06324004 0.04599040 0.01458701
v -0.06377335 0.04500809 0.00783664
v -0.06377727 0.04500809 0.00884008
v -0.05991084 0.05118166 0.01458701
v -0.05859720 0.05245671 -0.05067031
v -0.05858543 0.05243719 -0.05518576
v -0.06126370 0.04858928 -0.05067031
v -0.06238912 0.04680032 -0.05067031
v -0.06302830 0.04566188 -0.05291663
v -0.06125193 0.04857627 -0.05291663
v -0.05775411 0.05357562 -0.05291663
v -0.05774234 0.05355936 -0.05518576
v -0.05663653 0.05500029 -0.05067031
v -0.05664438 0.05501655 -0.04842399
v -0.05664438 0.05503607 -0.04616627
v -0.05572286 0.05617125 -0.04393135
v -0.05460921 0.05746257 -0.04166222
v -0.05358182 0.05856847 -0.04842399
v -0.05472293 0.05760242 0.00556752
v -0.05372299 0.05872460 0.00556752
v -0.05259365 0.05988580 0.00332120
v -0.05149960 0.06101447 0.00556752
v -0.04903700 0.06306041 -0.06192471
v -0.05037418 0.06207160 0.00556752
v -0.05148783 0.06100147 0.00783664
v -0.05147607 0.06098845 0.01008296
v -0.05258972 0.05986303 0.01008296
v -0.05372691 0.05873111 0.00783664
v -0.05473077 0.05760242 0.00783664
v -0.05586403 0.05633063 0.01008296
v -0.05680515 0.05521822 0.01232928
v -0.05776195 0.05358212 -0.05067031
v -0.05877757 0.05267463 0.01008296
v -0.06316946 0.04587656 -0.01242585
v -0.06322436 0.04596438 0.00783664
v -0.06374982 0.04500809 0.00332120
v -0.06315377 0.04585379 -0.01691849
v -0.05573071 0.05617776 -0.04166222
v 0.00926647 -0.01137842 0.12394933
v -0.02032341 -0.02468297 0.12168887
v -0.02072939 -0.02547969 0.12033987
v 0.00904018 -0.00806576 0.12572125
v 0.00874402 -0.00979697 0.12536395
v 0.00815169 -0.01218112 0.12491915
v 0.00907346 -0.01287600 0.12344620
v 0.00768581 -0.01650615 0.12265868
v 0.00711012 -0.01572142 0.12395662
v 0.00513014 -0.01337320 0.12612230
v -0.01896239 -0.02477282 0.12175448
v -0.02018698 -0.01774615 0.12604938
v -0.02056301 -0.02045978 0.12407329
v -0.02221687 -0.01503852 0.12569937
v -0.02068280 -0.02329920 0.12211179
v -0.02241321 -0.01354093 0.12612958
v -0.02242652 -0.00897030 0.12835360
v -0.02251304 -0.00754460 0.12846297
v 0.00810510 -0.00748470 0.12709211
v 0.00717334 -0.00689764 0.12843381
v 0.00761926 -0.00979697 0.12667647
v 0.00722992 -0.01148625 0.12626813
v 0.00755603 -0.01429572 0.12439413
v 0.00662760 -0.01298982 0.12591083
v 0.00584559 -0.01419388 0.12539311
v 0.00584559 -0.01216315 0.12657438
v 0.00513347 -0.00903021 0.12841193
v -0.01781433 -0.01769224 0.12601292
v -0.01896239 -0.02329920 0.12266596
v -0.01896239 -0.01774016 0.12604938
v -0.01896239 -0.01654808 0.12668377
v -0.01896239 -0.01430171 0.12771919
v -0.02057964 -0.01165397 0.12851402
v -0.02063289 -0.01654808 0.12637751
v -0.02208044 -0.01047388 0.12798171
v -0.02128179 -0.00975504 0.12878382
v -0.02121524 -0.00754460 0.12934528
v 0.00584892 -0.00760450 0.12867443
v 0.00663759 -0.00839523 0.12812755
v 0.00584892 -0.00978499 0.12777753
v -0.01896239 -0.01303175 0.12820776
v -0.01896239 -0.00979697 0.12916298
v -0.01896239 -0.01191156 0.12856506
v -0.00680384 -0.08976703 -0.03622428
v 0.00297239 -0.08982325 -0.03641587
v 0.00303899 -0.08981892 -0.03639377
v 0.00539278 -0.08989027 -0.03446310
v -0.00578380 -0.08983406 -0.03641587
v -0.00545957 -0.08987514 -0.03641587
v 0.00305301 -0.08980811 -0.03641587
v 0.00453925 -0.08960703 -0.03595900
v 0.00689304 -0.08967406 -0.03377779
v 0.00949046 -0.08764808 -0.03641587
v -0.07154091 0.01254189 -0.07397731
v -0.07054384 0.01272528 -0.07544713
v -0.07060470 0.01047702 -0.07544713
v -0.07152219 0.01047702 -0.07397731
v -0.07028171 0.01486486 -0.07564650
v -0.06971998 0.01047702 -0.07671971
v -0.06971998 0.00822198 -0.07671971
v -0.07056256 0.00822198 -0.07544713
v -0.06985104 0.02173190 -0.07473449
v -0.07010382 0.01947685 -0.07506961
v -0.07031447 0.01722859 -0.07529230
v -0.06961231 0.01404978 -0.07658608
v -0.06965444 0.01272528 -0.07663487
v -0.06954210 0.01554409 -0.07653306
v -0.06882589 0.01047702 -0.07784805
v -0.06876972 0.01272528 -0.07776321
v -0.06764626 0.01272528 -0.07919062
v -0.06563807 0.00822198 -0.08172304
v -0.06970125 0.00761067 -0.07669426
v -0.06770243 0.01047702 -0.07925213
v -0.06967784 0.02313790 -0.07446089
v -0.06787094 0.02838157 -0.07552985
v -0.06742625 0.02756650 -0.07666032
v -0.06758071 0.02622841 -0.07686181
v -0.06780541 0.02397336 -0.07715450
v -0.06800670 0.02173190 -0.07742811
v -0.06929399 0.01947685 -0.07618947
v -0.06740284 0.01863460 -0.07887884
v -0.06757604 0.01497354 -0.07910154
v -0.06747774 0.01722859 -0.07897852
v -0.06673344 0.01272528 -0.08031897
v -0.06470186 0.00822198 -0.08285140
v -0.06469718 0.00761067 -0.08283867
v -0.06678025 0.01047702 -0.08038048
v -0.06770243 0.03072492 -0.07483841
v -0.06748241 0.03221923 -0.07449906
v -0.06715943 0.02906760 -0.07633793
v -0.06536189 0.03297998 -0.07690635
v -0.06334434 0.03297998 -0.07943878
v -0.06268899 0.03141095 -0.08090012
v -0.06295113 0.02990985 -0.08118856
v -0.06529635 0.02799441 -0.07905700
v -0.06554446 0.02622841 -0.07936454
v -0.06666791 0.02622841 -0.07798804
v -0.06579723 0.02397336 -0.07967208
v -0.06692069 0.02397336 -0.07828286
v -0.06512783 0.02077418 -0.08110584
v -0.06523550 0.01947685 -0.08122886
v -0.05396346 0.01722859 -0.09470118
v -0.06541338 0.01722859 -0.08143883
v -0.06653684 0.01722859 -0.08010688
v -0.06553509 0.01497354 -0.08160003
v -0.06560998 0.01272528 -0.08168487
v -0.06565680 0.01047702 -0.08172093
v -0.05541460 0.01047702 -0.09374250
v -0.06687388 0.03072492 -0.07596253
v -0.06719219 0.03373392 -0.07397731
v -0.06718283 0.03371355 -0.07401337
v -0.06537125 0.03693990 -0.07471116
v -0.06486101 0.03571728 -0.07621280
v -0.06515124 0.03421618 -0.07662639
v -0.06509038 0.03410750 -0.07675152
v -0.06305412 0.03462372 -0.07906760
v -0.06285283 0.03410750 -0.07953634
v -0.06240344 0.03297998 -0.08056076
v -0.06127999 0.03297998 -0.08183757
v -0.06051229 0.03161472 -0.08323741
v -0.05164165 0.02747820 -0.09461635
v -0.05185230 0.02622841 -0.09479238
v -0.06315710 0.02848346 -0.08141126
v -0.06459887 0.02622841 -0.08049289
v -0.06483293 0.02397336 -0.08079407
v -0.05385580 0.01839007 -0.09458029
v -0.05216593 0.02397336 -0.09502356
v -0.05415071 0.01497354 -0.09487086
v -0.06459419 0.01497354 -0.08272626
v -0.06466441 0.01272528 -0.08281109
v -0.05424901 0.00761067 -0.09489207
v -0.05539119 0.01272528 -0.09364706
v -0.05426773 0.01272528 -0.09492388
v -0.05428646 0.01047702 -0.09490479
v -0.06498272 0.03844100 -0.07416820
v -0.06282007 0.04306656 -0.07429121
v -0.06318519 0.04157905 -0.07478540
v -0.06300731 0.03893004 -0.07677061
v -0.06334902 0.03748328 -0.07720117
v -0.06395756 0.03517390 -0.07766990
v -0.06273580 0.03611803 -0.07871341
v -0.06091487 0.03483428 -0.08142823
v -0.06105998 0.03410750 -0.08158730
v -0.06025015 0.03297998 -0.08296380
v -0.06065740 0.03410750 -0.08203270
v -0.04957261 0.03234150 -0.09474996
v -0.05328939 0.02397336 -0.09383371
v -0.05047606 0.02397336 -0.09556017
v -0.05237658 0.02173190 -0.09511477
v -0.04985348 0.03072492 -0.09488358
v -0.05047606 0.02622841 -0.09527384
v -0.05272766 0.01497354 -0.09547108
v -0.05384643 0.00761067 -0.09504902
v -0.05272766 0.01272528 -0.09551987
v -0.02442118 0.07676326 -0.07416396
v -0.06289964 0.04321600 -0.07397731
v -0.06235196 0.04219036 -0.07550016
v -0.06263750 0.04043115 -0.07628703
v -0.06272177 0.04354203 -0.07397731
v -0.06093827 0.04587859 -0.07476206
v -0.06133148 0.04418730 -0.07548531
v -0.06076507 0.04341977 -0.07677061
v -0.06112551 0.04198659 -0.07720117
v -0.06176214 0.03979946 -0.07774413
v -0.06241281 0.03748328 -0.07832527
v -0.06088678 0.03916778 -0.07914608
v -0.06030632 0.03748328 -0.08074104
v -0.06058251 0.03632859 -0.08105706
v -0.05842453 0.03651198 -0.08339648
v -0.05804536 0.03801309 -0.08299562
v -0.04915600 0.03384260 -0.09437879
v -0.04718994 0.03652556 -0.09463119
v -0.04758316 0.03524182 -0.09481996
v -0.04833681 0.03304790 -0.09502356
v -0.04822446 0.03072492 -0.09537140
v -0.05047606 0.02173190 -0.09564500
v -0.04597754 0.03524182 -0.09536504
v -0.04597754 0.03298677 -0.09547108
v -0.03472891 0.04872457 -0.09554532
v -0.02572720 0.05547614 -0.09556229
v -0.02372370 0.07400557 -0.07812590
v -0.02487056 0.07473915 -0.07672182
v -0.02566166 0.07529613 -0.07550652
v -0.02797412 0.07488859 -0.07468147
v -0.02910694 0.07461689 -0.07432727
v -0.06045612 0.04737969 -0.07405578
v -0.05848539 0.05005587 -0.07449906
v -0.05838240 0.04765139 -0.07660729
v -0.06035781 0.04491408 -0.07626158
v -0.05949182 0.04424164 -0.07770171
v -0.05862114 0.04356240 -0.07911851
v -0.06015653 0.04198659 -0.07832740
v -0.05872880 0.03933759 -0.08149610
v -0.05906116 0.03735423 -0.08222783
v -0.05773642 0.03994890 -0.08222783
v -0.05614953 0.04094737 -0.08336890
v -0.05573291 0.04244168 -0.08293411
v -0.05423028 0.04367109 -0.08367220
v -0.04594478 0.03734744 -0.09491752
v -0.04667034 0.03801987 -0.09421548
v -0.04465748 0.04058058 -0.09444879
v -0.04261653 0.04312091 -0.09458029
v -0.04517240 0.03907948 -0.09472875
v -0.04383361 0.03979267 -0.09504902
v -0.04147903 0.04197980 -0.09527171
v -0.03923211 0.04422126 -0.09539049
v -0.03706009 0.04875174 -0.09509144
v -0.03478040 0.05104754 -0.09510627
v -0.03248199 0.05097283 -0.09553896
v -0.02809114 0.05561198 -0.09516567
v -0.03023040 0.05322788 -0.09543078
v -0.02555400 0.05771760 -0.09497902
v -0.02468800 0.05889267 -0.09462059
v -0.02572252 0.07042603 -0.08143248
v -0.02524973 0.07260636 -0.07911003
v -0.02636850 0.07439274 -0.07629552
v -0.02674767 0.07230071 -0.07877279
v -0.03369439 0.07240938 -0.07438242
v -0.05597164 0.05419239 -0.07407700
v -0.05649593 0.05269128 -0.07481085
v -0.05583121 0.05174715 -0.07631248
v -0.05636954 0.05024605 -0.07684273
v -0.05371537 0.04517219 -0.08319287
v -0.05594824 0.04512464 -0.08091284
v -0.05817175 0.04506351 -0.07863493
v -0.05875221 0.04647631 -0.07701876
v -0.05643507 0.04362354 -0.08143248
v -0.05802664 0.04198659 -0.08071983
v -0.05833559 0.04083868 -0.08105706
v -0.05676743 0.04180999 -0.08218966
v -0.05509160 0.04439786 -0.08231267
v -0.04541113 0.04197980 -0.09290472
v -0.04302846 0.04197980 -0.09476905
v -0.04415192 0.04197980 -0.09403095
v -0.04136668 0.04401070 -0.09483480
v -0.04203608 0.04461521 -0.09415821
v -0.03997640 0.04710121 -0.09429184
v -0.04053813 0.04560010 -0.09466936
v -0.03848782 0.04802496 -0.09476481
v -0.03923679 0.04640160 -0.09497902
v -0.03635793 0.05033435 -0.09485176
v -0.03406888 0.05243317 -0.09481359
v -0.03234624 0.05319392 -0.09497902
v -0.02741707 0.05696365 -0.09483691
v -0.03576343 0.06554914 -0.08100404
v -0.03426081 0.06601102 -0.08147489
v -0.03294074 0.06751212 -0.08067105
v -0.03143811 0.06790608 -0.08111857
v -0.02698641 0.07018150 -0.08114403
v -0.02891969 0.05644744 -0.09442758
v -0.02782900 0.07077244 -0.07996901
v -0.02975293 0.07044640 -0.07922880
v -0.03456508 0.07116639 -0.07535806
v -0.03655453 0.07054150 -0.07483418
v -0.03805716 0.07006603 -0.07424879
v -0.05380899 0.05656291 -0.07424030
v -0.05447370 0.05506859 -0.07492750
v -0.05514778 0.05342486 -0.07561893
v -0.05133270 0.05176753 -0.08078134
v -0.05190379 0.05026643 -0.08138157
v -0.05340641 0.04921362 -0.08061167
v -0.05112205 0.04920682 -0.08288109
v -0.05166974 0.04770572 -0.08338799
v -0.04498047 0.04325675 -0.09247205
v -0.04288335 0.04572237 -0.09265658
v -0.04961942 0.05019851 -0.08355767
v -0.04899684 0.05169960 -0.08302743
v -0.03786055 0.04953286 -0.09429184
v -0.03556683 0.05184224 -0.09424305
v -0.03149897 0.05445728 -0.09466088
v -0.04220928 0.05853268 -0.08302319
v -0.04226077 0.06083528 -0.08081952
v -0.04076282 0.06141263 -0.08136036
v -0.03826781 0.06347749 -0.08118644
v -0.03976575 0.06292051 -0.08062863
v -0.04073473 0.06364729 -0.07912911
v -0.03816014 0.06790608 -0.07661790
v -0.03542639 0.06986906 -0.07633582
v -0.02848903 0.06978755 -0.08072831
v -0.03903550 0.06841550 -0.07534108
v -0.04058026 0.06802835 -0.07452027
v -0.04711973 0.06336881 -0.07433575
v -0.05163697 0.05889267 -0.07436121
v -0.04983007 0.05264374 -0.08152580
v -0.05047606 0.05097962 -0.08220238
v -0.04683886 0.05405654 -0.08308046
v -0.04534092 0.05483766 -0.08369765
v -0.04456854 0.05633197 -0.08307198
v -0.04306591 0.05703157 -0.08368918
v -0.04312209 0.05933417 -0.08152156
v -0.04384297 0.05783986 -0.08229782
v -0.04150243 0.06224808 -0.07997325
v -0.04944154 0.06120206 -0.07441635
v -0.04914195 0.05414484 -0.08088315
v -0.04764401 0.05492596 -0.08158094
v -0.04612734 0.05562557 -0.08232751
v 0.06923119 -0.01625993 -0.01953441
v 0.06918287 -0.01625993 -0.01278426
v 0.07264568 0.02171953 -0.04266068
v 0.07365768 0.01047063 -0.04168015
v 0.06918019 -0.01625993 -0.01242553
v 0.07368989 0.00821426 -0.04168015
v 0.06678037 0.03972656 -0.01692164
v 0.06809033 0.03727255 -0.04167417
v 0.07046062 0.03071756 -0.03942611
v 0.07101359 0.02847217 -0.02816790
v 0.07102434 0.02847217 -0.03042194
v 0.07156926 0.02622129 -0.02591984
v 0.07155584 0.02622129 -0.02366581
v 0.07228866 0.02325123 -0.03042194
v 0.07226987 0.02317986 -0.02591984
v 0.07255442 0.01946865 0.01232102
v 0.07285506 0.01721778 0.01008492
v 0.07311545 0.01496690 0.00783686
v 0.07323087 0.01496690 -0.00792344
v 0.07345367 0.01496690 -0.04167417
v 0.07366305 0.01047063 -0.03942611
v 0.07370332 0.00821426 -0.03942611
v 0.07000965 -0.01335575 0.00783686
v 0.06913723 -0.01625993 -0.00792344
v 0.07351273 0.00371250 -0.04392223
v 0.06665152 0.03972656 -0.00116732
v 0.07001501 0.03205162 -0.03942611
v 0.06661394 0.03972656 0.00332880
v 0.06741120 0.03791488 0.00332880
v 0.06845272 0.03522480 0.00783686
v 0.06849031 0.03522480 0.00332880
v 0.06872921 0.03522480 -0.02591984
v 0.06998818 0.03197476 -0.03266999
v 0.06995059 0.03186496 -0.02366581
v 0.07044183 0.03071756 -0.03717208
v 0.07076932 0.02847217 0.00108074
v 0.07153705 0.02622129 -0.02141775
v 0.07200144 0.02421746 -0.02141775
v 0.07200949 0.02426138 -0.02366581
v 0.07225914 0.02313594 -0.02366581
v 0.07065121 0.02847217 0.01232102
v 0.07224840 0.02309202 -0.02141775
v 0.07220007 0.02286693 -0.01084113
v 0.07182964 0.02397041 0.00332880
v 0.07132767 0.02622129 0.00332880
v 0.07283090 0.01723973 0.01232102
v 0.07329261 0.01292464 0.00312551
v 0.07365231 0.01047063 -0.03717208
v 0.07330335 0.01271602 0.00332880
v 0.07343756 0.01047063 0.00108074
v 0.07345099 0.01047063 -0.00117329
v 0.07360936 0.00596338 -0.03942611
v 0.07349931 0.00821426 -0.00117329
v 0.07344294 0.00596338 0.00108074
v 0.07345367 0.00596338 -0.00117329
v 0.06906744 -0.01625993 -0.00150213
v 0.06911845 -0.01625993 -0.00601618
v 0.07335972 0.00146162 -0.04392223
v 0.07351004 0.00371250 -0.04168015
v 0.06930635 0.03296844 0.00332880
v 0.06932782 0.03296844 0.00108074
v 0.06989960 0.03170575 -0.01242553
v 0.07020292 0.03037718 0.00108074
v 0.07072905 0.02847217 0.00557685
v 0.07189137 0.02397041 -0.00342135
v 0.07014655 0.03020699 0.01232102
v 0.07067806 0.02847217 0.01008492
v 0.07070489 0.02847217 0.00783686
v 0.07348320 0.00821426 0.00108074
v 0.07350199 0.00371250 -0.03942611
v 0.07332751 0.00371250 0.00108074
v 0.07342415 0.00596338 0.00332880
v 0.07331409 0.00371250 0.00332880
v 0.07333825 0.00371250 -0.00117329
v 0.07334898 0.00146162 -0.04168015
v 0.06984054 0.03153556 -0.00116732
v 0.07019218 0.03034424 0.00332880
v 0.07316376 0.00146162 -0.00342135
v 0.07312350 0.00146162 0.00332880
v 0.07290606 -0.00078926 -0.00342135
v 0.07289264 -0.00078926 -0.00117329
v -0.07204521 0.01047499 0.04310739
v -0.07214016 0.00761743 0.04269401
v -0.07202623 0.00822009 0.04309254
v -0.07145182 0.00822009 0.04421880
v -0.07143757 0.01047499 0.04423241
v -0.07198825 0.01272313 0.04297743
v -0.07144233 0.00761743 0.04419652
v -0.07136162 0.01272313 0.04410246
v -0.07190280 0.01423317 0.04282149
v -0.06984728 0.01947429 0.04523120
v -0.07131415 0.01497803 0.04368537
v -0.07021280 0.02180368 0.04403934
v -0.07011312 0.02397733 0.04357522
v -0.07045966 0.02397733 0.04251208
v -0.06980930 0.02622546 0.04308759
v -0.07017483 0.02535870 0.04251208
v -0.06725532 0.03160201 0.04482525
v -0.06962416 0.02740369 0.04276085
v -0.06998969 0.02622546 0.04251208
v -0.02927320 0.07467539 0.04287224
v -0.06521403 0.03659259 0.04507773
v -0.06699897 0.03298339 0.04434504
v -0.06737874 0.03416163 0.04278684
v -0.06757813 0.03298339 0.04322001
v -0.06965264 0.02756621 0.04251208
v -0.03380200 0.07246111 0.04290565
v -0.06485324 0.03809586 0.04456039
v -0.06552260 0.03739839 0.04382770
v -0.06524726 0.03896938 0.04306036
v -0.06531847 0.03913866 0.04251208
v -0.04709408 0.06334670 0.04271877
v -0.04943918 0.06118660 0.04285738
v -0.04072338 0.06811383 0.04316308
v -0.03810294 0.07011141 0.04273857
v -0.06313003 0.04356722 0.04317670
v -0.06512859 0.03956527 0.04251208
v -0.05177479 0.05901296 0.04294649
v -0.06068998 0.04773167 0.04286976
v -0.05399647 0.05677160 0.04292422
v -0.05869142 0.05031838 0.04325467
v -0.05606623 0.05431356 0.04260862
v -0.05599503 0.05443544 0.04251208
v -0.00096160 -0.09003174 -0.03697863
v 0.00129403 -0.08995952 -0.03679594
v -0.00321053 -0.08995470 -0.03679594
v -0.00321053 -0.08810570 -0.04168866
v -0.00096160 -0.08820681 -0.04168866
v 0.00131079 -0.08791310 -0.04183709
v 0.00353626 -0.08778790 -0.04128331
v 0.00353626 -0.08853424 -0.03943926
v -0.00527847 -0.08780235 -0.04179142
v -0.00321053 -0.08753752 -0.04299605
v -0.00096160 -0.08758567 -0.04308739
v 0.00057009 -0.08751344 -0.04295608
v 0.00516849 -0.08760975 -0.04090650
v 0.00353626 -0.08556814 -0.04575926
v 0.00532937 -0.08537554 -0.04538245
v 0.00578854 -0.08882797 -0.03718986
v 0.00586227 -0.08797088 -0.03955344
v -0.00730284 -0.08769160 -0.04110633
v -0.00589852 -0.08726306 -0.04260783
v -0.00546281 -0.08567889 -0.04594195
v -0.00439364 -0.08745085 -0.04283619
v -0.00321053 -0.08695971 -0.04412074
v -0.00096160 -0.08698860 -0.04421209
v 0.00050305 -0.08524553 -0.04741491
v 0.00127057 -0.08567889 -0.04633589
v 0.00752467 -0.08768197 -0.03887406
v 0.00683089 -0.08514442 -0.04501137
v 0.00200122 -0.08506256 -0.04718083
v 0.00353626 -0.08487477 -0.04688396
v 0.00596282 -0.08466290 -0.04615319
v -0.01017181 -0.08813459 -0.03739539
v -0.00955847 -0.08775420 -0.03903962
v -0.00791954 -0.08806237 -0.03965050
v -0.00779888 -0.08799013 -0.03993595
v -0.00779888 -0.08760011 -0.04091792
v -0.00880436 -0.08741233 -0.04054112
v -0.00880436 -0.08516849 -0.04504562
v -0.00779888 -0.08535627 -0.04535962
v -0.00730284 -0.08544776 -0.04550806
v -0.00546281 -0.08500478 -0.04706665
v -0.00410876 -0.08514442 -0.04728930
v -0.00330102 -0.08572704 -0.04639868
v -0.00260724 -0.08523109 -0.04738636
v -0.00096160 -0.08526479 -0.04744345
v -0.00096160 -0.08455215 -0.04856815
v -0.00096160 -0.08343024 -0.05018383
v 0.00129403 -0.08327615 -0.04997259
v 0.00127057 -0.08448474 -0.04827699
v 0.00902619 -0.08734010 -0.03812046
v 0.00818159 -0.08797088 -0.03729834
v 0.00578854 -0.08343986 -0.04799724
v 0.00967976 -0.08549110 -0.04114629
v 0.00752467 -0.08551999 -0.04350986
v 0.00284248 -0.08306911 -0.04972710
v 0.00357313 -0.08366618 -0.04859099
v -0.01166328 -0.08776864 -0.03678452
v -0.01105999 -0.08740751 -0.03828602
v -0.01119406 -0.08525034 -0.04293896
v -0.00995731 -0.08552480 -0.04345848
v -0.00791954 -0.08473995 -0.04623311
v -0.00779888 -0.08487958 -0.04609610
v -0.00995731 -0.08492292 -0.04458318
v -0.00779888 -0.08475921 -0.04627308
v -0.00770503 -0.08352172 -0.04809429
v -0.00502375 -0.08318466 -0.04989266
v -0.00321053 -0.08336764 -0.05014387
v -0.00330102 -0.08460512 -0.04825985
v -0.00321053 -0.08248166 -0.05126856
v -0.00096160 -0.08252018 -0.05130853
v 0.01052101 -0.05830502 -0.07896923
v 0.01052101 -0.08583779 -0.03941071
v 0.01023277 -0.08687304 -0.03729834
v 0.00944179 -0.08760975 -0.03661895
v -0.01377479 -0.08551037 -0.03943926
v -0.01338601 -0.08522627 -0.04063247
v -0.01220959 -0.08634338 -0.03943926
v -0.01222300 -0.08408508 -0.04395518
v -0.01175377 -0.08335800 -0.04562795
v -0.01204871 -0.08548629 -0.04150597
v -0.01268887 -0.08481216 -0.04213396
v -0.00779888 -0.08404656 -0.04729501
v -0.02371901 -0.05327805 -0.08061346
v -0.02050147 -0.05381253 -0.08122434
v -0.02346429 -0.05842058 -0.07458463
v -0.00779888 -0.08350246 -0.04807146
v -0.02121536 -0.05873838 -0.07496143
v -0.01805815 -0.05825206 -0.07665133
v -0.01671080 -0.05842540 -0.07685115
v -0.01446187 -0.05868060 -0.07717086
v -0.01220959 -0.05798722 -0.07860385
v -0.01085889 -0.05813168 -0.07877512
v -0.00995731 -0.05617674 -0.08133281
v -0.00770503 -0.05636453 -0.08153833
v -0.00546616 -0.05644158 -0.08164681
v -0.00321388 -0.05650417 -0.08174387
v -0.00096495 -0.05653306 -0.08179525
v 0.00129068 -0.05654269 -0.08180096
v 0.00353961 -0.05656195 -0.08178383
v 0.00353961 -0.05768869 -0.08045361
v 0.00578854 -0.05765498 -0.08040793
v 0.00804417 -0.05753942 -0.08027662
v 0.01028975 -0.05738052 -0.08011106
v 0.01052101 -0.05752497 -0.07989983
v -0.01455572 -0.08588594 -0.03720699
v -0.02371901 -0.05215613 -0.08192085
v -0.02231134 -0.05142424 -0.08330818
v -0.02081652 -0.05166499 -0.08353083
v -0.01896308 -0.05303248 -0.08257740
v -0.01896308 -0.05401476 -0.08145842
v -0.01671080 -0.05748645 -0.07797585
v -0.01446187 -0.05774165 -0.07829556
v -0.01671080 -0.05540151 -0.08044219
v -0.01671080 -0.05327805 -0.08286285
v -0.01446187 -0.04490940 -0.09259692
v -0.01220959 -0.04515497 -0.09287095
v -0.00995731 -0.04537165 -0.09306506
v -0.00592198 -0.04684989 -0.09221441
v -0.00442046 -0.04694137 -0.09233429
v -0.00321388 -0.04699915 -0.09240281
v -0.00096495 -0.04710027 -0.09252840
v -0.00321388 -0.05551708 -0.08286857
v -0.00096495 -0.05557004 -0.08291995
v 0.00578854 -0.05652824 -0.08172674
v 0.00129068 -0.04713398 -0.09258550
v 0.00353961 -0.04709064 -0.09253982
v 0.00804417 -0.05641268 -0.08160114
v 0.01028975 -0.05625378 -0.08142987
v 0.01052101 -0.05623452 -0.08140703
v -0.02346429 -0.05121237 -0.08309123
v -0.02121536 -0.04274260 -0.09262546
v -0.01736101 -0.04453864 -0.09214590
v -0.01585614 -0.04475050 -0.09240281
v -0.01671080 -0.05635490 -0.07931750
v -0.01453561 -0.04343116 -0.09384150
v -0.01220959 -0.04387897 -0.09399565
v -0.00770503 -0.04557870 -0.09317354
v -0.00528852 -0.04598317 -0.09307648
v -0.00101858 -0.04561240 -0.09381866
v 0.00129068 -0.04593020 -0.09371019
v 0.00578854 -0.04703286 -0.09245419
v 0.00731352 -0.04697989 -0.09237997
v 0.00353961 -0.04599761 -0.09366453
v 0.00578854 -0.04595428 -0.09357889
v 0.00880834 -0.04688841 -0.09226008
v -0.02247221 -0.04250185 -0.09239710
v -0.02332017 -0.04135104 -0.09301368
v -0.02117514 -0.04115362 -0.09384150
v -0.01896308 -0.04314226 -0.09295659
v -0.01383512 -0.04259333 -0.09466933
v -0.00995731 -0.04397527 -0.09418976
v -0.00030803 -0.04473124 -0.09460653
v 0.00129068 -0.04480828 -0.09465220
v 0.00353961 -0.04487088 -0.09469216
v 0.00721967 -0.04474087 -0.09461224
v 0.00801736 -0.04581464 -0.09343615
v 0.00578854 -0.04482754 -0.09466933
v -0.01963340 -0.04101880 -0.09433819
v -0.01896308 -0.04164957 -0.09408700
v -0.01220959 -0.04275223 -0.09474355
v 0.00353961 -0.04355635 -0.09473213
v 0.00578854 -0.04355635 -0.09472641
v -0.00096160 0.08178291 -0.07308608
v -0.00321053 0.08175367 -0.07305498
v 0.00334187 0.08176098 -0.07292839
v 0.00129068 0.08176829 -0.07310829
v 0.00354296 0.08131275 -0.07424764
v -0.00321053 0.08124454 -0.07417879
v -0.00546281 0.08122017 -0.07410328
v -0.00546281 0.08170252 -0.07297726
v -0.00546281 0.08171470 -0.07292839
v 0.00354296 0.08170008 -0.07312162
v 0.00579189 0.08123236 -0.07406996
v 0.00579189 0.07520803 -0.08185218
v 0.00354296 0.08037731 -0.07544696
v 0.00129068 0.07936148 -0.07688391
v -0.00096160 0.07937366 -0.07690167
v 0.00129068 0.08128352 -0.07423431
v -0.00321053 0.07934443 -0.07686392
v -0.00546281 0.08021410 -0.07544696
v -0.00760448 0.07981459 -0.07561352
v -0.00996066 0.07974882 -0.07519599
v -0.00770838 0.08109351 -0.07378791
v -0.00770838 0.08147596 -0.07292839
v 0.01029310 0.08092541 -0.07359912
v 0.01029310 0.07979997 -0.07515156
v 0.01029310 0.07497661 -0.08152126
v 0.00804417 0.07509355 -0.08170338
v 0.00579189 0.07432131 -0.08297598
v 0.00354296 0.07529573 -0.08193658
v 0.00129068 0.07848207 -0.07800993
v -0.00096160 0.07650644 -0.08060844
v -0.00321053 0.07846746 -0.07798772
v -0.00546281 0.07723726 -0.07929143
v -0.00546281 0.07836270 -0.07784558
v -0.00546281 0.07923724 -0.07671956
v -0.00770838 0.07711058 -0.07913595
v -0.00996066 0.07610694 -0.08008208
v -0.00996066 0.07696686 -0.07895606
v -0.01118065 0.07688403 -0.07884501
v -0.01221294 0.07874760 -0.07609103
v -0.01221294 0.07954905 -0.07496501
v -0.01446187 0.07935417 -0.07466740
v 0.01052101 0.07495956 -0.08149905
v 0.01052101 0.06365146 -0.09481810
v 0.00804417 0.07419464 -0.08282718
v 0.01029310 0.06366852 -0.09482921
v 0.00579189 0.06506680 -0.09377648
v 0.00354296 0.07437735 -0.08306260
v 0.00129068 0.07534932 -0.08199877
v 0.00129068 0.07647477 -0.08057291
v -0.00096160 0.07538099 -0.08204318
v -0.00321053 0.07646015 -0.08055515
v -0.00321053 0.07734200 -0.07942912
v -0.00321053 0.07533471 -0.08198322
v -0.00546281 0.07634810 -0.08041745
v -0.00770838 0.07623117 -0.08026198
v -0.00996066 0.07498148 -0.08151682
v -0.01221294 0.07478660 -0.08128140
v -0.01446187 0.07742240 -0.07727702
v -0.01446187 0.07854785 -0.07579342
v -0.01589636 0.07920558 -0.07443865
v 0.01052101 0.06352479 -0.09486697
v 0.01052101 0.06223856 -0.09534669
v 0.00804417 0.06382199 -0.09492694
v 0.00579189 0.06394135 -0.09499356
v 0.00354296 0.06509116 -0.09386531
v 0.00129068 0.07441632 -0.08312257
v -0.00096160 0.07445286 -0.08316921
v -0.00321053 0.07441145 -0.08310702
v -0.00546281 0.07429940 -0.08295155
v -0.00546281 0.07522265 -0.08182553
v -0.00770838 0.07510572 -0.08167228
v -0.00770838 0.07417272 -0.08279831
v -0.00996066 0.07402899 -0.08264284
v -0.01221294 0.07382437 -0.08240520
v -0.01392897 0.07250160 -0.08347569
v -0.01343963 0.07464287 -0.08110595
v -0.01671415 0.07712276 -0.07689501
v -0.01671415 0.07511059 -0.07944245
v -0.01896308 0.07481340 -0.07906933
v -0.01667393 0.07960508 -0.07329264
v -0.01807490 0.07693519 -0.07665738
v -0.02121536 0.07732739 -0.07495390
v -0.02291463 0.07706186 -0.07460521
v -0.01739788 0.07895223 -0.07410550
v 0.01029310 0.06223856 -0.09536003
v 0.00804417 0.06223856 -0.09547106
v 0.00579189 0.06223856 -0.09554658
v 0.00354296 0.06396572 -0.09502244
v -0.00096160 0.06391943 -0.09503576
v -0.00321053 0.06390237 -0.09503576
v -0.00546281 0.06388045 -0.09503353
v -0.00770838 0.06377570 -0.09495135
v -0.00996066 0.06355646 -0.09475369
v -0.01124768 0.06340542 -0.09461377
v -0.01543049 0.07230914 -0.08327581
v -0.01671415 0.07215568 -0.08308703
v -0.01671415 0.07307407 -0.08196101
v -0.01896308 0.07390232 -0.08019535
v -0.02018642 0.07464775 -0.07886278
v -0.02121536 0.07646260 -0.07607993
v -0.02346429 0.07500341 -0.07704382
v -0.02371901 0.07495712 -0.07698607
v 0.00354296 0.06223856 -0.09558211
v 0.00129068 0.06223856 -0.09559765
v -0.00321053 0.06223856 -0.09560432
v -0.00546281 0.06223856 -0.09560432
v -0.00770838 0.06223856 -0.09551104
v -0.00996066 0.06223856 -0.09529782
v -0.01446187 0.06175379 -0.09495135
v -0.01834638 0.06122517 -0.09465375
v -0.01984455 0.06102541 -0.09451605
v -0.01896308 0.07184387 -0.08270725
v -0.01896308 0.07277686 -0.08158345
v -0.02052828 0.07253083 -0.08127029
v -0.02168794 0.07438952 -0.07855407
v -0.02346429 0.07406554 -0.07816984
v -0.02371901 0.07418734 -0.07790999
v -0.02371901 0.07737124 -0.07327042
v -0.02358495 0.07739804 -0.07332595
v -0.01221294 0.05998766 -0.09561764
v -0.01446187 0.05998766 -0.09553991
v -0.01671415 0.05998766 -0.09534669
v -0.01904352 0.06016062 -0.09500910
v -0.02121536 0.05958572 -0.09493359
v -0.02230463 0.07008992 -0.08330246
v -0.02080311 0.07039198 -0.08361340
v -0.02346429 0.05912287 -0.09475815
v -0.02371901 0.05907902 -0.09472927
v -0.02371901 0.06992670 -0.08287160
v -0.02121536 0.05773676 -0.09549328
v -0.02346429 0.05773676 -0.09534004
v -0.02371901 0.05773676 -0.09529782
v -0.04053274 -0.05154480 -0.07227166
v -0.04928422 -0.04461636 -0.07151876
v -0.04301305 -0.04951607 -0.07257967
v -0.04144041 -0.05027776 -0.07317285
v -0.03974642 -0.05103213 -0.07376604
v -0.05159951 -0.04243382 -0.07206632
v -0.04540115 -0.04739945 -0.07273937
v -0.04389646 -0.04819044 -0.07341241
v -0.05639996 -0.03604735 -0.07253403
v -0.05419632 -0.03836904 -0.07318426
v -0.05097822 -0.04180396 -0.07356071
v -0.05025985 -0.04216284 -0.07398278
v -0.05032295 -0.04291720 -0.07296751
v -0.04771158 -0.04454312 -0.07398278
v -0.04878913 -0.04416227 -0.07318426
v -0.04766789 -0.04514368 -0.07318426
v -0.05803085 -0.03527101 -0.06867830
v -0.05671546 -0.03640622 -0.07092558
v -0.05784155 -0.03499270 -0.07092558
v -0.04733783 -0.04487269 -0.07398278
v -0.05845799 -0.03355721 -0.07221462
v -0.05578353 -0.03650875 -0.07296751
v -0.05434193 -0.03757805 -0.07398278
v -0.05887542 -0.03414312 -0.06867830
v -0.05868127 -0.03387213 -0.07092558
v -0.07246134 0.00760334 0.04159803
v -0.06046263 -0.03100115 -0.07156439
v -0.06098199 -0.02950707 -0.07271656
v -0.05999666 -0.03247326 -0.06867830
v -0.06066164 -0.03125749 -0.07007001
v -0.07283023 0.00595545 0.03933934
v -0.07243707 0.00595545 0.04159803
v -0.06296236 -0.02684848 -0.07228307
v -0.06257891 -0.02621130 -0.07377745
v -0.06231680 -0.02640904 -0.07397138
v -0.06071503 -0.03134538 -0.06867830
v -0.06311768 -0.02709749 -0.07092558
v -0.06324874 -0.02730989 -0.06867830
v -0.07294672 0.00595545 0.03709207
v -0.07271374 0.00370700 0.03933934
v -0.07233514 0.00370700 0.04159803
v -0.06523882 -0.02249073 -0.07238574
v -0.06333610 -0.02549355 -0.07309300
v -0.06449132 -0.02325975 -0.07315003
v -0.06487963 -0.02163383 -0.07388011
v -0.06759293 -0.01654369 -0.07256825
v -0.06797153 -0.01445637 -0.07335538
v -0.06964125 -0.01105074 -0.07215759
v -0.06981114 -0.00979835 -0.07265951
v -0.07008296 -0.00773299 -0.07337819
v -0.07057320 -0.00529412 -0.07317285
v -0.07148572 0.00151714 -0.07299033
v -0.07153426 0.00370700 -0.07338959
v -0.06331670 -0.02745637 -0.06417233
v -0.06329728 -0.02740510 -0.06641961
v -0.06338950 -0.02759552 -0.05517182
v -0.06337009 -0.02756622 -0.05741909
v -0.06537472 -0.02277637 -0.07092558
v -0.06548636 -0.02298876 -0.06867830
v -0.06554461 -0.02309130 -0.06641961
v -0.07314088 0.00370700 0.03033882
v -0.07305350 0.00145123 0.03033882
v -0.07245648 0.00145123 0.03933934
v -0.07197110 -0.00079722 0.04110751
v -0.07208759 0.00132672 0.04178055
v -0.06735995 -0.01767891 -0.07206632
v -0.06794241 -0.01654369 -0.07092558
v -0.06972862 -0.01132905 -0.07092558
v -0.07015576 -0.00979835 -0.07092558
v -0.07065085 -0.00754990 -0.07092558
v -0.07187402 0.00230813 -0.07212336
v -0.07196140 -0.00032849 -0.07037801
v -0.07191286 0.00370700 -0.07226025
v -0.07196140 0.00596277 -0.07241996
v -0.06453501 -0.02555946 -0.05066585
v -0.06559800 -0.02317186 -0.06192506
v -0.06557373 -0.02314256 -0.06417233
v -0.06340406 -0.02761749 -0.05292454
v -0.06753954 -0.01816228 -0.06867830
v -0.06742790 -0.01785468 -0.07092558
v -0.06759778 -0.01833073 -0.06641961
v -0.06763176 -0.01838933 -0.06417233
v -0.07315544 0.00370700 0.02809155
v -0.07308263 0.00145123 0.02809155
v -0.07277199 -0.00079722 0.02809155
v -0.07272345 -0.00079722 0.03033882
v -0.07262152 -0.00079722 0.03258610
v -0.07216526 -0.00079722 0.03933934
v -0.07187887 -0.00210088 0.04061698
v -0.06814627 -0.01654369 -0.06867830
v -0.06981114 -0.01165863 -0.06867830
v -0.07032079 -0.00979835 -0.06867830
v -0.07075764 -0.00754990 -0.06867830
v -0.07201964 -0.00070201 -0.06867830
v -0.07202449 0.00151714 -0.07105106
v -0.07217497 0.00370700 -0.07092558
v -0.07228175 0.00596277 -0.07092558
v -0.07225747 0.00145855 -0.06867830
v -0.06453986 -0.02558876 -0.04841857
v -0.06513689 -0.02448284 -0.04617129
v -0.06512718 -0.02446087 -0.04841857
v -0.06511261 -0.02443890 -0.05066585
v -0.06561256 -0.02320116 -0.05966637
v -0.06768030 -0.01846257 -0.05966637
v -0.06766088 -0.01843327 -0.06192506
v -0.06341377 -0.02763214 -0.05066585
v -0.06825791 -0.01654369 -0.06641961
v -0.07326222 0.00595545 0.00783182
v -0.07277684 -0.00079722 0.02584427
v -0.07326222 0.00595545 0.00558454
v -0.07313602 0.00370700 0.00783182
v -0.07310690 0.00370700 0.00333727
v -0.07281081 0.00145855 -0.00793335
v -0.07250503 -0.00079722 -0.01468659
v -0.07234970 -0.00305300 0.02133830
v -0.07234000 -0.00305300 0.02358558
v -0.07231087 -0.00305300 0.02584427
v -0.07185946 -0.00420286 0.03609961
v -0.07198566 -0.00316286 0.03694377
v -0.07193712 -0.00247441 0.03933934
v -0.07043728 -0.00979835 0.03933934
v -0.07061202 -0.00754990 0.04159803
v -0.06320506 -0.02732453 0.03709207
v -0.06983540 -0.01178313 -0.06641961
v -0.07034992 -0.00979835 -0.06641961
v -0.07185946 -0.00418088 -0.03414779
v -0.07185946 -0.00195441 -0.06573516
v -0.07191771 -0.00229863 -0.05741909
v -0.07188859 -0.00211553 -0.06192506
v -0.07205847 -0.00079722 -0.06417233
v -0.07231572 0.00145855 -0.06417233
v -0.07239824 0.00370700 -0.06867830
v -0.07251959 0.00596277 -0.06867830
v -0.07250503 0.00370700 -0.06192506
v -0.06353027 -0.02780059 -0.01691105
v -0.06517571 -0.02455609 -0.03266481
v -0.06569023 -0.02329637 -0.04617129
v -0.06567567 -0.02329637 -0.04841857
v -0.06576303 -0.02329637 -0.03492350
v -0.06562227 -0.02323778 -0.05741909
v -0.06832100 -0.01654369 -0.06192506
v -0.06829189 -0.01654369 -0.06417233
v -0.06773855 -0.01860905 -0.03940664
v -0.06964611 -0.01330651 -0.03717077
v -0.06964125 -0.01328454 -0.03940664
v -0.07233514 -0.00305300 0.01009051
v -0.07234485 -0.00305300 0.01458506
v -0.07234970 -0.00305300 0.01684375
v -0.07324281 0.00595545 0.00333727
v -0.07261181 0.00370700 -0.05292454
v -0.07259239 0.00145855 -0.03492350
v -0.07232543 -0.00079722 -0.03717077
v -0.07201479 -0.00292117 -0.03940664
v -0.07204391 -0.00304567 -0.03266481
v -0.07200023 -0.00483271 0.01009051
v -0.07200023 -0.00481807 0.01233779
v -0.07200023 -0.00479609 0.01458506
v -0.07199537 -0.00477412 0.01684375
v -0.07199051 -0.00474483 0.01909103
v -0.07198080 -0.00470088 0.02133830
v -0.07197110 -0.00464962 0.02358558
v -0.07052951 -0.00979835 0.03709207
v -0.06985968 -0.01170257 0.03933934
v -0.06974319 -0.01135834 0.04103906
v -0.07000529 -0.00993750 0.04171211
v -0.06308371 -0.02711214 0.03933934
v -0.06550092 -0.02296679 0.03709207
v -0.06555431 -0.02308397 0.03484479
v -0.06462237 -0.02573524 0.01909103
v -0.06465150 -0.02579383 0.01684375
v -0.06961213 -0.01318933 -0.04521306
v -0.06988394 -0.01188567 -0.05741909
v -0.07045670 -0.00979835 -0.05517182
v -0.07041787 -0.00979835 -0.05966637
v -0.07037418 -0.00979835 -0.06417233
v -0.07198566 -0.00267948 -0.04617129
v -0.07193227 -0.00237187 -0.05517182
v -0.07175753 -0.00594595 0.00558454
v -0.07198566 -0.00481807 0.00558454
v -0.07213128 -0.00079722 -0.05741909
v -0.07234000 0.00145855 -0.06192506
v -0.07258753 0.00370700 -0.05517182
v -0.07253415 0.00370700 -0.05966637
v -0.07259239 0.00596277 -0.06417233
v -0.07262152 0.00596277 -0.06192506
v -0.06353997 -0.02780059 -0.01468659
v -0.06463694 -0.02572059 -0.01691105
v -0.06464179 -0.02576453 -0.01018063
v -0.06524367 -0.02468792 0.00107858
v -0.06593291 -0.02329637 0.00558454
v -0.06690369 -0.02109918 0.00107858
v -0.06737936 -0.01998595 0.00333727
v -0.06788902 -0.01879947 0.01009051
v -0.06872873 -0.01654369 0.00783182
v -0.06966552 -0.01334313 -0.03041753
v -0.07020430 -0.01204680 0.00558454
v -0.07083530 -0.00979835 0.00558454
v -0.07003926 -0.01205412 -0.02817026
v -0.06990336 -0.01193694 -0.05292454
v -0.07273316 0.00596277 -0.05292454
v -0.07226719 -0.00079722 -0.04391261
v -0.07175753 -0.00595328 0.00783182
v -0.07138864 -0.00754990 0.00783182
v -0.07084016 -0.00979835 0.01009051
v -0.07017518 -0.01204680 0.01909103
v -0.07014120 -0.01204680 0.02133830
v -0.06990822 -0.01184172 0.03709207
v -0.06822878 -0.01654369 0.03933934
v -0.06750556 -0.01796454 0.04097061
v -0.06783563 -0.01666820 0.04166647
v -0.06537472 -0.02268116 0.03933934
v -0.06759778 -0.01820623 0.03933934
v -0.06690854 -0.02109918 0.01684375
v -0.06590380 -0.02329637 0.01684375
v -0.06522425 -0.02466594 0.01684375
v -0.06523882 -0.02468792 0.01458506
v -0.06465150 -0.02581580 0.01458506
v -0.07138864 -0.00754990 0.00558454
v -0.07137408 -0.00754990 0.00333727
v -0.06464665 -0.02583777 0.00783182
v -0.06464665 -0.02582313 0.00333727
v -0.06525338 -0.02470256 0.00558454
v -0.06593777 -0.02329637 0.00783182
v -0.06691340 -0.02115045 0.01233779
v -0.06690369 -0.02111383 0.00333727
v -0.06691340 -0.02113581 0.01009051
v -0.06738907 -0.02000792 0.00783182
v -0.06739392 -0.02002257 0.01233779
v -0.06739878 -0.02002257 0.01458506
v -0.06788902 -0.01879947 0.01233779
v -0.06872388 -0.01654369 0.01009051
v -0.06936458 -0.01469806 0.00783182
v -0.06936458 -0.01468341 0.00558454
v -0.06935973 -0.01467609 0.00333727
v -0.06971891 -0.01352623 -0.00116870
v -0.07022372 -0.01204680 0.01009051
v -0.07021400 -0.01204680 0.00783182
v -0.07084501 -0.00979835 0.00783182
v -0.07022372 -0.01204680 0.01233779
v -0.07021400 -0.01204680 0.01458506
v -0.07019944 -0.01204680 0.01684375
v -0.06971891 -0.01348961 0.01909103
v -0.06786960 -0.01879947 0.01458506
v -0.06737936 -0.01998595 0.01684375
v -0.06521939 -0.02239552 0.04117595
v -0.06720462 -0.01750313 0.04247640
v -0.06691340 -0.02115045 0.01458506
v -0.06592806 -0.02329637 0.01458506
v -0.06524853 -0.02470256 0.01009051
v -0.06525338 -0.02470989 0.00783182
v -0.06972862 -0.01353355 0.01684375
v -0.06973348 -0.01356285 0.01458506
v -0.06973348 -0.01358482 0.01233779
v -0.06973348 -0.01358482 0.01009051
v -0.06972377 -0.01353355 0.00107858
v -0.02246109 0.03443130 0.12391507
v -0.02230880 0.03850896 0.12142618
v -0.02126030 0.03520025 0.12431631
v -0.02054130 0.03700433 0.12400229
v -0.02204228 0.03592853 0.12338007
v -0.02142431 0.03775849 0.12279274
v -0.02073606 0.03973261 0.12210074
v -0.02047540 0.04340361 0.11949555
v -0.02197492 0.04241285 0.11859420
v -0.02235419 0.04091192 0.11928620
v -0.02236591 0.04318549 0.11709389
v -0.01896416 0.03710783 0.12408371
v -0.01896416 0.03823169 0.12356034
v -0.02023377 0.04097847 0.12160064
v -0.01896416 0.03280098 0.12597945
v -0.01896416 0.03342205 0.12571195
v -0.01896416 0.03522982 0.12492109
v -0.02207743 0.04476037 0.11587851
v -0.01799328 0.05669757 0.10366088
v -0.01845749 0.05233896 0.11059836
v -0.01896416 0.04943321 0.11422701
v -0.01896416 0.04735557 0.11667520
v -0.01896416 0.04623172 0.11774518
v -0.02007416 0.05434267 0.10571363
v -0.02052226 0.04582877 0.11738464
v -0.01896416 0.03973261 0.12258922
v -0.01896416 0.04108197 0.12165879
v -0.01896416 0.04220582 0.12085629
v -0.01896416 0.04375112 0.11973397
v -0.01896416 0.04487497 0.11886751
v -0.02092789 0.04654226 0.11587851
v -0.02068920 0.04869384 0.11351175
v -0.02042121 0.05251271 0.10866191
v -0.01783805 0.05885655 0.09900293
v -0.01995701 0.05203952 0.11016222
v -0.01911060 0.05291937 0.10929576
v -0.01911060 0.05152934 0.11136014
v -0.01896416 0.05030937 0.11309887
v -0.02020302 0.04998035 0.11268600
v -0.02033775 0.04791750 0.11512837
v -0.07201714 0.00761066 0.04307077
v -0.07198868 0.00596141 0.04301221
v -0.07204560 0.00370766 0.04255626
v -0.07193650 0.00370766 0.04290632
v -0.07140523 0.00596141 0.04413715
v -0.07189380 0.00200585 0.04280915
v -0.07133882 0.00370766 0.04403126
v -0.07185587 0.00061286 0.04255626
v -0.07181791 0.00050116 0.04267585
v -0.07135305 0.00133564 0.04367746
v -0.07183214 0.00040917 0.04255626
v -0.07001064 -0.00754795 0.04342332
v -0.07017666 -0.00527449 0.04399638
v -0.07063678 -0.00304702 0.04385436
v -0.07097357 -0.00079327 0.04385436
v -0.06986359 -0.00951916 0.04255626
v -0.06977820 -0.00927604 0.04304211
v -0.06743966 -0.01342216 0.04507523
v -0.06949834 -0.01077416 0.04255626
v -0.06760567 -0.01601101 0.04320905
v -0.06782863 -0.01422378 0.04391790
v -0.06716927 -0.01492028 0.04471021
v -0.06770529 -0.01629355 0.04255626
v -0.06508213 -0.02216119 0.04268707
v -0.06544264 -0.02065650 0.04337972
v -0.06502995 -0.01976945 0.04487964
v -0.06517226 -0.02202977 0.04255626
v -0.07152167 0.01025344 -0.07397049
v -0.07204749 0.01047306 -0.07269347
v -0.07162121 0.01047306 -0.07381086
v -0.07225306 0.00761066 -0.07133663
v -0.07235692 0.00822194 -0.07093757
v -0.07237423 0.01047306 -0.07093757
v -0.07206047 0.01272418 -0.07270487
v -0.07162770 0.01272418 -0.07383367
v -0.06219969 0.04500484 -0.07335478
v -0.07233745 0.00761066 -0.07093757
v -0.07259062 0.00822194 -0.06867997
v -0.07232446 0.01272418 -0.07093757
v -0.07254518 0.01047306 -0.06867997
v -0.07200205 0.01497164 -0.07252244
v -0.07157577 0.01497164 -0.07363983
v -0.07136587 0.01495699 -0.07397049
v -0.07153898 0.01272418 -0.07397049
v -0.06318209 0.04376398 -0.07277328
v -0.06253076 0.04440089 -0.07338899
v -0.06288348 0.04500484 -0.07093757
v -0.07260793 0.00761066 -0.06643379
v -0.07262524 0.00822194 -0.06643379
v -0.07258846 0.01047306 -0.06643379
v -0.07243049 0.01272418 -0.06867997
v -0.07219031 0.01497164 -0.07093757
v -0.07249758 0.01272418 -0.06643379
v -0.07192198 0.01641381 -0.07226019
v -0.06535896 0.03915560 -0.07265926
v -0.06338333 0.04413368 -0.07093757
v -0.06304577 0.04500484 -0.06801866
v -0.07263823 0.00761066 -0.06418760
v -0.07265338 0.00822194 -0.06418760
v -0.07270315 0.01047306 -0.05742622
v -0.07253653 0.01272418 -0.06418760
v -0.07228119 0.01497164 -0.06867997
v -0.07236774 0.01497164 -0.06643379
v -0.07214487 0.01722275 -0.06643379
v -0.07205182 0.01722275 -0.06867997
v -0.07195661 0.01718615 -0.07072093
v -0.07242834 0.01497164 -0.06418760
v -0.07186140 0.01835380 -0.06980877
v -0.07046570 0.02622356 -0.06867997
v -0.06977759 0.02800616 -0.07043587
v -0.06840569 0.03071848 -0.07318375
v -0.06753581 0.03448865 -0.07249963
v -0.06552557 0.03952530 -0.07093757
v -0.06512958 0.04089060 -0.06783623
v -0.06463405 0.04210950 -0.06643379
v -0.06467950 0.04223396 -0.06418760
v -0.06333356 0.04443017 -0.06854315
v -0.06353264 0.04422519 -0.06643379
v -0.06361704 0.04422519 -0.06418760
v -0.07220113 0.00822194 0.04251207
v -0.07268150 0.00822194 -0.06193000
v -0.07256465 0.01272418 -0.06193000
v -0.07275508 0.00822194 -0.05518004
v -0.07286543 0.01047306 -0.04168010
v -0.07286759 0.01272418 -0.03267254
v -0.07220978 0.01722275 -0.06418760
v -0.07193064 0.01887357 -0.06643379
v -0.07188520 0.01855146 -0.06867997
v -0.07245646 0.01497164 -0.06193000
v -0.07224008 0.01722275 -0.06193000
v -0.07059336 0.02622356 -0.06643379
v -0.06987063 0.02864306 -0.06873698
v -0.06964775 0.02972652 -0.06803006
v -0.06833861 0.03296960 -0.07093757
v -0.06780197 0.03296594 -0.07322936
v -0.06807245 0.03071848 -0.07397049
v -0.06766132 0.03477415 -0.07093757
v -0.06735837 0.03635177 -0.06530499
v -0.06551908 0.03990597 -0.06862297
v -0.06688882 0.03754504 -0.06418760
v -0.06517286 0.04098212 -0.06643379
v -0.06523345 0.04110657 -0.06418760
v -0.06527890 0.04120906 -0.06193000
v -0.06470762 0.04232912 -0.06193000
v -0.06321672 0.04500484 -0.06281935
v -0.06317993 0.04500484 -0.06418760
v -0.06367762 0.04422519 -0.06193000
v -0.07221627 0.00957993 0.04251207
v -0.07247161 0.00822194 0.04158851
v -0.07256899 0.00761066 0.04098421
v -0.06332707 0.04390308 0.04158851
v -0.06321672 0.04371274 0.04251207
v -0.07276589 0.00761066 -0.05292244
v -0.07280052 0.00822194 -0.05067626
v -0.07304287 0.01272418 -0.01468023
v -0.07302123 0.01272418 -0.01692642
v -0.07286759 0.00822194 -0.04391489
v -0.07331552 0.01047306 0.00558108
v -0.07199339 0.01928719 -0.05967242
v -0.07196093 0.01906391 -0.06418760
v -0.07291304 0.01497164 -0.01468023
v -0.07246944 0.01722275 -0.03942251
v -0.07211889 0.01947387 -0.04617247
v -0.07207129 0.01947387 -0.05067626
v -0.07204749 0.01947387 -0.05292244
v -0.07201070 0.01936772 -0.05742622
v -0.07061717 0.02622356 -0.06418760
v -0.07014111 0.02847102 -0.05742622
v -0.07011515 0.02847102 -0.05967242
v -0.07008702 0.02847102 -0.06193000
v -0.07002427 0.02847102 -0.06643379
v -0.07186356 0.02060858 -0.05422227
v -0.07189386 0.02079160 -0.04843007
v -0.07195228 0.02112103 -0.03717632
v -0.07172940 0.02438973 0.00333489
v -0.06967372 0.02982169 -0.06643379
v -0.06784957 0.03522072 -0.06418760
v -0.06770027 0.03537445 -0.06620575
v -0.06772839 0.03494985 -0.06867997
v -0.06738650 0.03641765 -0.06418760
v -0.06588478 0.03972295 -0.06418760
v -0.06692776 0.03762923 -0.06193000
v -0.06597349 0.03972295 -0.06193000
v -0.06530485 0.04126396 -0.05967242
v -0.06471845 0.04238769 -0.05967242
v -0.06327081 0.04500484 -0.06061878
v -0.06331409 0.04500484 -0.05840680
v -0.07221627 0.01047306 0.04251207
v -0.07247161 0.01047306 0.04158851
v -0.07282865 0.00761066 0.03934232
v -0.06343743 0.04408609 0.03934232
v -0.06466435 0.04232546 0.03709614
v -0.06521831 0.04104434 0.03893185
v -0.06508631 0.04083936 0.04043691
v -0.06361704 0.04290014 0.04251207
v -0.07280485 0.00761066 -0.04902297
v -0.07323546 0.01272418 0.00558108
v -0.07330903 0.00761066 0.00558108
v -0.07332417 0.00822194 0.00558108
v -0.07330903 0.01047306 0.00783867
v -0.07323113 0.01272418 0.00783867
v -0.07299743 0.01497164 -0.00567267
v -0.07280485 0.01722275 -0.00423602
v -0.07249109 0.01722275 -0.03717632
v -0.07216433 0.01947387 -0.04168010
v -0.07199339 0.01967153 -0.05505461
v -0.07131394 0.02622356 0.00333489
v -0.06971917 0.02995713 -0.05967242
v -0.07072753 0.02847102 0.00333489
v -0.06968887 0.02987294 -0.06418760
v -0.07186788 0.02287800 -0.01197796
v -0.07220762 0.01947387 -0.03717632
v -0.07251705 0.01947387 -0.00423602
v -0.07256682 0.01947387 0.00108870
v -0.07229201 0.02172133 0.01008486
v -0.07200638 0.02350758 0.01472546
v -0.07202153 0.02352954 0.01683483
v -0.07173590 0.02445195 0.00558108
v -0.06789934 0.03522072 -0.06193000
v -0.06742113 0.03650184 -0.06193000
v -0.06743411 0.03653112 -0.05967242
v -0.06693426 0.03765851 -0.05967242
v -0.06535462 0.04134815 -0.05067626
v -0.06600378 0.03972295 -0.05967242
v -0.06536544 0.04136645 -0.04843007
v -0.07215136 0.01195916 0.04251207
v -0.07235260 0.01272418 0.04158851
v -0.07266852 0.01272418 0.03934232
v -0.07277455 0.01047306 0.03934232
v -0.07282432 0.00822194 0.03934232
v -0.07211241 0.01272418 0.04251207
v -0.07298012 0.00822194 0.03709614
v -0.07297363 0.00761066 0.03709614
v -0.06529403 0.04119442 0.03709614
v -0.06598432 0.03972295 0.03709614
v -0.06737352 0.03637739 0.03829334
v -0.06562295 0.03994258 0.03954756
v -0.06769161 0.03527928 0.03915989
v -0.06753149 0.03449231 0.04158851
v -0.06543902 0.03941914 0.04158851
v -0.06493051 0.04054653 0.04158851
v -0.07310346 0.01497164 0.02133861
v -0.07310563 0.01497164 0.01909242
v -0.07310563 0.01497164 0.00783867
v -0.07309481 0.01497164 0.00558108
v -0.07307966 0.01497164 0.00333489
v -0.07330038 0.00822194 0.01008486
v -0.07311428 0.00822194 0.03259235
v -0.07328956 0.01047306 0.01008486
v -0.07310995 0.01272418 0.02584239
v -0.07283298 0.01722275 -0.00116889
v -0.07133342 0.02622356 0.00558108
v -0.06963260 0.03192274 -0.00116889
v -0.06792531 0.03522072 -0.05967242
v -0.07003509 0.03071848 0.00108870
v -0.07074700 0.02847102 0.00558108
v -0.07260793 0.01947387 0.00558108
v -0.07262741 0.01947387 0.00783867
v -0.07232663 0.02172133 0.01472546
v -0.07230715 0.02183480 0.01472546
v -0.07234178 0.02172133 0.01683483
v -0.07234178 0.02172133 0.01909242
v -0.07202153 0.02351856 0.01909242
v -0.07075133 0.02847102 0.00783867
v -0.06845979 0.03522072 0.00333489
v -0.06769594 0.03713508 0.00333489
v -0.06720041 0.03823319 0.00108870
v -0.06545200 0.04152751 -0.02816876
v -0.06721556 0.03828077 0.00558108
v -0.06546282 0.04154215 -0.02592257
v -0.07196093 0.01722275 0.04096140
v -0.07247810 0.01497164 0.03934232
v -0.07201936 0.01385523 0.04251207
v -0.07208212 0.01497529 0.04170253
v -0.07268800 0.01497164 0.03709614
v -0.07281350 0.01272418 0.03709614
v -0.07291520 0.01047306 0.03709614
v -0.07302556 0.01047306 0.03483854
v -0.07308399 0.00822194 0.03483854
v -0.06533299 0.04129324 0.03483854
v -0.06762670 0.03698867 0.02808858
v -0.06754664 0.03679467 0.03259235
v -0.06750119 0.03668852 0.03483854
v -0.06742545 0.03650916 0.03709614
v -0.06795345 0.03522072 0.03709614
v -0.06970834 0.02993150 0.03934232
v -0.06963693 0.02969724 0.04056234
v -0.07309048 0.01272418 0.02808858
v -0.07307966 0.01497164 0.02358480
v -0.07293468 0.01722275 0.02358480
v -0.07294766 0.01722275 0.02133861
v -0.07290439 0.01722275 0.00783867
v -0.07293468 0.01722275 0.01472546
v -0.07288924 0.01722275 0.00558108
v -0.07312077 0.00761066 0.03197665
v -0.07309048 0.01047306 0.03259235
v -0.07005456 0.03071848 0.00333489
v -0.07010866 0.03071848 0.01008486
v -0.06964343 0.03194470 0.00108870
v -0.06924744 0.03309039 0.00333489
v -0.07013030 0.03071848 0.01458864
v -0.07012381 0.03071848 0.01234245
v -0.07263823 0.01947387 0.01008486
v -0.07266419 0.01947387 0.02133861
v -0.07266419 0.01947387 0.02358480
v -0.07232663 0.02172133 0.02133861
v -0.07011948 0.03071848 0.01683483
v -0.07013030 0.03071848 0.01472546
v -0.07229850 0.02172133 0.02358480
v -0.07200205 0.02344535 0.02133861
v -0.07063664 0.02847102 0.02808858
v -0.07066045 0.02847102 0.02584239
v -0.06847493 0.03522072 0.00558108
v -0.06772623 0.03721927 0.01458864
v -0.06722421 0.03829542 0.00783867
v -0.06650797 0.03972295 0.00108870
v -0.06546932 0.04155679 -0.02367638
v -0.06497162 0.04284158 0.00558108
v -0.06653610 0.03972295 0.00558108
v -0.06419479 0.04422519 0.00333489
v -0.07188088 0.01850022 0.04057373
v -0.07195444 0.01443722 0.04251207
v -0.07221627 0.01722275 0.03934232
v -0.07248243 0.01722275 0.03709614
v -0.07264256 0.01722275 0.03483854
v -0.07281350 0.01497164 0.03483854
v -0.07292819 0.01272418 0.03483854
v -0.07300825 0.01272418 0.03259235
v -0.06766564 0.03707286 0.02584239
v -0.06555803 0.04169954 0.02133861
v -0.06769594 0.03715704 0.02358480
v -0.06823258 0.03522072 0.03033477
v -0.06807245 0.03522072 0.03483854
v -0.06557967 0.04175445 0.01909242
v -0.06979490 0.03019139 0.03709614
v -0.07009351 0.02847102 0.03934232
v -0.07027528 0.02847102 0.03709614
v -0.07062583 0.02622356 0.03934232
v -0.07027961 0.02622356 0.04158851
v -0.07305370 0.01497164 0.02584239
v -0.07290006 0.01722275 0.02584239
v -0.07263390 0.01947387 0.02584239
v -0.07305370 0.01272418 0.03033477
v -0.06967805 0.03204719 0.01458864
v -0.06925609 0.03310503 0.00558108
v -0.07010433 0.03080267 0.01472546
v -0.07010433 0.03071848 0.01909242
v -0.06967372 0.03203621 0.01909242
v -0.07197176 0.02334652 0.02358480
v -0.07224657 0.02172133 0.02584239
v -0.07058688 0.02847102 0.03033477
v -0.07003509 0.03071848 0.02584239
v -0.07006971 0.03071848 0.02358480
v -0.06773489 0.03724855 0.01909242
v -0.06773056 0.03723757 0.01683483
v -0.06654692 0.03972295 0.00783867
v -0.06551476 0.04163000 -0.01017645
v -0.06557967 0.04176543 0.01683483
v -0.06497595 0.04284890 0.00783867
v -0.06421860 0.04422519 0.00783867
v -0.06553207 0.04165928 -0.00423602
v -0.07187005 0.02065250 0.03830474
v -0.07195012 0.01933844 0.03917129
v -0.07075566 0.02397245 0.04158851
v -0.07216650 0.01947387 0.03709614
v -0.07242184 0.01947387 0.03259235
v -0.07250623 0.01947387 0.03033477
v -0.07272262 0.01722275 0.03259235
v -0.07232663 0.01947387 0.03483854
v -0.07288491 0.01497164 0.03259235
v -0.07294983 0.01497164 0.03033477
v -0.07301041 0.01497164 0.02808858
v -0.06963260 0.03191176 0.02584239
v -0.06772623 0.03721927 0.02133861
v -0.06961314 0.03184953 0.02705099
v -0.06995286 0.03056108 0.03033477
v -0.06989876 0.03045127 0.03259235
v -0.07050465 0.02847102 0.03259235
v -0.07040078 0.02847102 0.03483854
v -0.07186573 0.02288166 0.03162319
v -0.07199123 0.02135529 0.03483854
v -0.07191982 0.02092703 0.03709614
v -0.07285245 0.01722275 0.02808858
v -0.07257764 0.01947387 0.02808858
v -0.06967805 0.03204719 0.01683483
v -0.06965641 0.03197398 0.02358480
v -0.07191549 0.02310128 0.02808858
v -0.07218165 0.02172133 0.02808858
v -0.07188520 0.02296585 0.03033477
v -0.06991824 0.03090516 0.02791754
v -0.07201070 0.02187140 0.03246693
v -0.07211241 0.02172133 0.03033477
v -0.07279403 0.01722275 0.03033477
v 0.05869161 0.04984766 0.04382950
v 0.05799499 0.05086195 0.04382950
v 0.05678678 0.05253999 0.04382950
v 0.05587247 0.05368106 0.04382950
v 0.05475679 0.05500858 0.04382950
v 0.05160840 0.05853621 0.04382950
v 0.05014713 0.05993086 0.04382950
v 0.06467274 0.03951835 0.04365768
v 0.06545644 0.03863084 0.04277217
v 0.06311350 0.04305343 0.04261027
v 0.06273254 0.04416467 0.04175449
v 0.06143999 0.04658852 0.04142077
v 0.06075970 0.04741636 0.04205848
v 0.05884671 0.05008631 0.04311249
v 0.05712149 0.05298001 0.04159589
v 0.05620718 0.05410617 0.04159589
v 0.05406561 0.05647781 0.04220385
v 0.05192950 0.05884944 0.04268626
v 0.06558433 0.03887696 0.04159920
v 0.06333120 0.04337412 0.04110688
v 0.06568501 0.03733316 0.04365768
v 0.06787011 0.03232885 0.04316866
v 0.06619114 0.03746740 0.04159920
v 0.06095289 0.04762518 0.04055839
v 0.05901542 0.05033988 0.04159589
v 0.06347815 0.04365753 0.03934577
v 0.06283595 0.04477623 0.03934577
v 0.05824533 0.05146604 0.04159589
v 0.05709428 0.05340511 0.03921360
v 0.05634596 0.05427770 0.03987443
v 0.05837595 0.05168978 0.03934577
v 0.05423977 0.05665680 0.04070377
v 0.05208733 0.05900607 0.04118618
v 0.05100702 0.05993086 0.04181727
v 0.06574760 0.03920511 0.03934907
v 0.06772045 0.03194103 0.04383280
v 0.07002528 0.02540784 0.04291755
v 0.06867286 0.03072538 0.04159920
v 0.06796807 0.03303736 0.04142738
v 0.06770684 0.03413368 0.04056500
v 0.06179918 0.04647665 0.03934577
v 0.06102637 0.04773705 0.03934577
v 0.06028621 0.04886321 0.03934577
v 0.05916509 0.05056362 0.03934577
v 0.06359243 0.04386635 0.03709234
v 0.06114338 0.04791604 0.03709234
v 0.05645752 0.05436720 0.03837435
v 0.05433501 0.05676867 0.03934577
v 0.05858548 0.05201793 0.03484222
v 0.05927938 0.05074262 0.03709234
v 0.05866712 0.05208505 0.03353047
v 0.05334723 0.05789483 0.03934577
v 0.05222066 0.05914031 0.03934577
v 0.05141247 0.05993086 0.03934577
v 0.07224848 0.00196739 0.03891953
v 0.06777488 0.03432013 0.03934907
v 0.06787555 0.03459607 0.03709564
v 0.06795175 0.03479744 0.03484552
v 0.06582379 0.03937665 0.03709564
v 0.06545644 0.04089062 0.03174293
v 0.06979942 0.02454271 0.04383280
v 0.07013685 0.02580311 0.04159920
v 0.06993820 0.02397591 0.04383280
v 0.07018854 0.02397591 0.04330083
v 0.07102395 0.02172359 0.04159920
v 0.07061033 0.02397591 0.04159920
v 0.06998719 0.02750353 0.03864529
v 0.06824020 0.03297023 0.03934907
v 0.06494758 0.04209135 0.03034197
v 0.06375026 0.04410501 0.03259209
v 0.06133114 0.04820690 0.03259209
v 0.06123862 0.04806520 0.03484222
v 0.06050390 0.04919136 0.03484222
v 0.05938278 0.05089177 0.03484222
v 0.05651739 0.05444178 0.03709234
v 0.05557859 0.05556793 0.03709234
v 0.05445474 0.05691037 0.03709234
v 0.05346424 0.05804398 0.03709234
v 0.05872698 0.05214471 0.03203039
v 0.05660719 0.05455365 0.03484222
v 0.05233767 0.05925218 0.03709234
v 0.05165194 0.05993086 0.03709234
v 0.06820482 -0.01625993 0.03709895
v 0.06997630 -0.01101696 0.03849991
v 0.07228385 0.01293063 0.04114653
v 0.07225392 0.01434765 0.04086237
v 0.07108109 0.01722643 0.04383280
v 0.07037359 -0.00978640 0.03709895
v 0.07090694 -0.00753408 0.03709895
v 0.07222126 0.00008798 0.03647777
v 0.07230018 0.00133346 0.03717494
v 0.07251787 0.00371256 0.03709895
v 0.06846333 0.03297023 0.03709564
v 0.06800617 0.03497643 0.03259540
v 0.06587277 0.03991362 0.03253262
v 0.06589726 0.03954072 0.03484552
v 0.06860483 0.03297023 0.03484552
v 0.06549453 0.04097266 0.03034197
v 0.07086884 0.02397591 0.03934907
v 0.07023209 0.02637738 0.03937881
v 0.07006337 0.02344639 0.04383280
v 0.07082802 0.01950111 0.04383280
v 0.07221037 0.01622706 0.03849661
v 0.07007154 0.02779439 0.03709564
v 0.06499927 0.04218831 0.02809185
v 0.06391081 0.04422434 0.02809185
v 0.06370400 0.04441825 0.03025606
v 0.06320059 0.04537287 0.02944985
v 0.06140189 0.04833368 0.03034197
v 0.05454454 0.05702224 0.03484222
v 0.05355404 0.05814839 0.03484222
v 0.05877597 0.05220437 0.03034197
v 0.05787254 0.05333053 0.03034197
v 0.05668066 0.05464314 0.03259209
v 0.05574458 0.05576930 0.03259209
v 0.05243019 0.05934167 0.03484222
v 0.05183970 0.05993086 0.03484222
v 0.06995180 -0.01318724 0.01615727
v 0.07001168 -0.01111392 0.03709895
v 0.07251515 0.01046949 0.03891953
v 0.07247706 0.01272181 0.03891953
v 0.07229745 0.01504870 0.03928960
v 0.07046067 -0.00978640 0.03484882
v 0.07099674 -0.00753408 0.03484882
v 0.07222126 -0.00207484 0.02996199
v 0.07219133 -0.00190331 0.03146207
v 0.07226208 -0.00024017 0.03484882
v 0.07255325 0.00146770 0.03259870
v 0.07244167 0.00146770 0.03484882
v 0.07265393 0.00371256 0.03484882
v 0.07276822 0.00596487 0.03484882
v 0.07262944 0.00596487 0.03709895
v 0.07279271 0.00821718 0.03484882
v 0.07264577 0.00821718 0.03709895
v 0.07015862 0.02809271 0.03484552
v 0.07003616 0.02987517 0.02585163
v 0.06803611 0.03511068 0.03034197
v 0.06769868 0.03636362 0.02716669
v 0.06607958 0.03971972 0.03034197
v 0.06603605 0.03981667 0.03034197
v 0.06995453 0.02963652 0.02950602
v 0.06998719 0.02973347 0.02809185
v 0.06554079 0.04106215 0.02809185
v 0.07100762 0.02397591 0.03709564
v 0.07065114 0.02622076 0.03484552
v 0.07049604 0.02622076 0.03709564
v 0.07219949 0.01839733 0.03383115
v 0.07223487 0.01865090 0.03259540
v 0.07225663 0.01654029 0.03709564
v 0.07230834 0.01727863 0.03468362
v 0.06397612 0.04422434 0.02585163
v 0.06566324 0.04129335 0.02134808
v 0.06569862 0.04135301 0.01909466
v 0.06338834 0.04567864 0.01909466
v 0.06335025 0.04561898 0.02134808
v 0.06330943 0.04555931 0.02359821
v 0.06326862 0.04549219 0.02585163
v 0.06322780 0.04541761 0.02809185
v 0.06257471 0.04654377 0.02809185
v 0.06144815 0.04840827 0.02809185
v 0.05883038 0.05227896 0.02809185
v 0.05461801 0.05710428 0.03259209
v 0.05476768 0.05724598 0.02809185
v 0.05368465 0.05830501 0.03034197
v 0.05792968 0.05340511 0.02809185
v 0.05680583 0.05479976 0.02809185
v 0.05674597 0.05472518 0.03034197
v 0.05589152 0.05592592 0.02809185
v 0.05581805 0.05585134 0.03034197
v 0.05255809 0.05948338 0.03034197
v 0.05197848 0.05993086 0.03259209
v 0.05701264 0.05507571 0.01016024
v 0.06999535 -0.01332148 0.01009416
v 0.06996541 -0.01322453 0.01459441
v 0.07033821 -0.01203871 0.01234428
v 0.07030284 -0.01203871 0.01459441
v 0.07020488 -0.01224753 0.01688418
v 0.07070830 -0.00978640 0.02584833
v 0.07065659 -0.00978640 0.02809515
v 0.07007698 -0.01131528 0.03259870
v 0.07004432 -0.01121833 0.03484882
v 0.07059401 -0.00978640 0.03034527
v 0.07052869 -0.00978640 0.03259870
v 0.07264032 0.01046949 0.03709895
v 0.07278455 0.01046949 0.03484882
v 0.07258046 0.01272181 0.03709895
v 0.07256685 0.01293063 0.03709895
v 0.07254780 0.01497412 0.03484552
v 0.07220222 -0.00420036 0.01617379
v 0.07231106 -0.00263419 0.02359821
v 0.07224848 -0.00224637 0.02809515
v 0.07246889 -0.00078461 0.02809515
v 0.07235188 -0.00100835 0.03056335
v 0.07231651 -0.00061307 0.03259870
v 0.07264849 0.00146770 0.03034527
v 0.07276550 0.00371256 0.03259870
v 0.07287978 0.00596487 0.03259870
v 0.07290972 0.00821718 0.03259870
v 0.07020760 0.02827171 0.03259540
v 0.07074911 0.02622076 0.03259540
v 0.07007154 0.02997958 0.02360151
v 0.07033005 0.02847307 0.02809185
v 0.07041441 0.02847307 0.02585163
v 0.07047971 0.02847307 0.02360151
v 0.06827556 0.03522255 0.02135139
v 0.06778032 0.03655007 0.02135139
v 0.06616122 0.03971972 0.02809185
v 0.07227568 0.01898651 0.03034197
v 0.07242535 0.01722643 0.03259540
v 0.06781024 0.03662465 0.01909796
v 0.06572039 0.04139030 0.01684453
v 0.06341284 0.04572339 0.01684453
v 0.06782929 0.03666940 0.01684453
v 0.06269173 0.04680480 0.01909466
v 0.06266452 0.04675259 0.02134808
v 0.06263730 0.04668547 0.02359821
v 0.06260737 0.04661835 0.02585163
v 0.06148352 0.04845302 0.02585163
v 0.05887936 0.05234608 0.02585163
v 0.05481666 0.05730565 0.02585163
v 0.05379350 0.05843180 0.02585163
v 0.05374180 0.05837214 0.02809185
v 0.05594322 0.05598558 0.02585163
v 0.05798138 0.05346478 0.02585163
v 0.05235944 0.05993086 0.02585163
v 0.05211182 0.05993086 0.03034197
v 0.05387513 0.05851384 0.01909466
v 0.05494728 0.05741751 0.01459771
v 0.05251999 0.05993086 0.02134808
v 0.05609016 0.05617949 0.01234428
v 0.05607384 0.05616457 0.01459771
v 0.05699359 0.05506079 0.01234428
v 0.05697726 0.05503841 0.01459771
v 0.05896100 0.05245050 0.01684453
v 0.05892562 0.05240574 0.02134808
v 0.05890658 0.05238337 0.02359821
v 0.06158965 0.04860217 0.01684453
v 0.06160870 0.04863947 0.01459771
v 0.06273527 0.04687192 0.01459771
v 0.06275159 0.04689429 0.01234428
v 0.06343460 0.04576813 0.01234428
v 0.06573127 0.04141268 0.01459771
v 0.07229473 0.02113441 0.01459771
v 0.07253420 0.01947874 0.01459771
v 0.07307299 0.01497412 0.01234428
v 0.06998175 -0.01327673 0.01234428
v 0.07089605 -0.00978640 0.01684783
v 0.07085252 -0.00978640 0.01909796
v 0.07080626 -0.00978640 0.02134808
v 0.07289612 0.01046949 0.03259870
v 0.07270020 0.01272181 0.03484882
v 0.07265121 0.01497412 0.03259540
v 0.07221310 -0.00426003 0.01459441
v 0.07243624 -0.00303692 0.01459441
v 0.07236549 -0.00323828 0.01689079
v 0.07234100 -0.00279826 0.02134808
v 0.07252603 -0.00078461 0.02584833
v 0.07271107 0.00146770 0.02809515
v 0.07283081 0.00371256 0.03034527
v 0.07294782 0.00596487 0.03034527
v 0.07313286 0.00821718 0.02584833
v 0.07306483 0.00821718 0.02809515
v 0.07299408 0.00821718 0.03034527
v 0.07083075 0.02622076 0.03034197
v 0.07218589 0.02059744 0.02468527
v 0.07052597 0.02847307 0.02135139
v 0.07008786 0.03004671 0.02135139
v 0.06833271 0.03522255 0.01909796
v 0.07090422 0.02622076 0.02809185
v 0.07096136 0.02622076 0.02585163
v 0.07250427 0.01722643 0.03034197
v 0.07230289 0.01918042 0.02809185
v 0.07220766 0.02070185 0.02318849
v 0.06342372 0.04574576 0.01459771
v 0.06271349 0.04684955 0.01684453
v 0.06836536 0.03522255 0.01684453
v 0.06151346 0.04849031 0.02359821
v 0.05801404 0.05350953 0.02359821
v 0.05484659 0.05734293 0.02359821
v 0.05383160 0.05846909 0.02359821
v 0.05597043 0.05603033 0.02359821
v 0.05246285 0.05993086 0.02359821
v 0.05266693 0.05961016 0.02585163
v 0.05688475 0.05490417 0.02359821
v 0.05385609 0.05849146 0.02134808
v 0.05490102 0.05738768 0.01909466
v 0.05492551 0.05740259 0.01684453
v 0.05605207 0.05613474 0.01684453
v 0.05693917 0.05497875 0.01909466
v 0.05696094 0.05500858 0.01684453
v 0.05808479 0.05357665 0.01684453
v 0.07013141 0.03017349 0.01459771
v 0.07011780 0.03013620 0.01684453
v 0.07010420 0.03009145 0.01909796
v 0.07059129 0.02847307 0.01684453
v 0.07228113 0.02107475 0.01684453
v 0.07250427 0.01947874 0.01684453
v 0.07277638 0.01722643 0.01684453
v 0.07300768 0.01497412 0.01909796
v 0.07318184 0.01272181 0.01909796
v 0.07297774 0.01046949 0.03034527
v 0.07279543 0.01272181 0.03259870
v 0.07272740 0.01497412 0.03034197
v 0.07287707 0.01272181 0.03034527
v 0.07286346 0.01293063 0.03034527
v 0.07277366 -0.00078461 0.01459441
v 0.07273556 -0.00078461 0.01684783
v 0.07237093 -0.00292505 0.01909796
v 0.07268658 -0.00078461 0.01909796
v 0.07302673 0.00146770 0.01459441
v 0.07320088 0.00371256 0.01459441
v 0.07327436 0.00596487 0.01684783
v 0.07305666 0.00596487 0.02584833
v 0.07319544 0.00821718 0.02359821
v 0.07311109 0.01046949 0.02584833
v 0.07304849 0.01046949 0.02809515
v 0.07100218 0.02622076 0.02360151
v 0.07222943 0.02082863 0.02135139
v 0.07225392 0.02097034 0.01909796
v 0.07260223 0.01722643 0.02585163
v 0.07241447 0.01947874 0.02135139
v 0.07284713 0.01497412 0.02585163
v 0.07296687 0.01497412 0.02135139
v 0.07233011 0.01969502 0.02380306
v 0.05691468 0.05494146 0.02134808
v 0.07269747 0.01722643 0.02135139
v 0.07274100 0.01722643 0.01909796
v 0.07313013 0.01293063 0.02113992
v 0.07314102 0.01272181 0.02134808
v 0.07326619 0.01046949 0.01909796
v 0.07329068 0.01046949 0.01684783
v 0.07338592 0.00821718 0.01234428
v 0.07336415 0.00596487 0.01009416
v 0.07293421 0.01293063 0.02809515
v 0.07301584 0.01272181 0.02584833
v 0.07306483 0.01293063 0.02359821
v 0.07294782 0.01272181 0.02809515
v 0.07281448 -0.00078461 0.01007764
v 0.07279543 -0.00078461 0.01234428
v 0.07305939 0.00146770 0.01234428
v 0.07323898 0.00371256 0.01234428
v 0.07331245 0.00596487 0.01459441
v 0.07333694 0.00821718 0.01684783
v 0.07329884 0.00821718 0.01909796
v 0.07324987 0.00821718 0.02134808
v 0.07316823 0.01046949 0.02359821
v 0.07322265 0.01046949 0.02134808
v 0.07333966 0.00596487 0.01234428
v 0.07326075 0.00371256 0.01009416
v 0.07308115 0.00147516 0.01007764
v 0.01052400 -0.08573569 -0.03962053
v 0.01052400 -0.08670072 -0.03726619
v 0.01118340 -0.08503213 -0.04025834
v 0.01170973 -0.08540682 -0.03875439
v 0.01214335 -0.08568987 -0.03717958
v 0.01168431 -0.08761185 -0.03207719
v 0.01204616 -0.08786793 -0.03042364
v 0.01373728 -0.08749324 -0.02725039
v 0.01359823 -0.08512108 -0.03590398
v 0.01393765 -0.08540143 -0.03440004
v 0.01317358 -0.08708890 -0.03042364
v 0.01425015 -0.08567908 -0.03267562
v -0.00416699 -0.12353107 0.05611715
v -0.00177008 -0.12157027 0.05581075
v -0.00156574 -0.12164030 0.05735331
v -0.00416699 -0.12353107 0.05638129
v -0.00546437 -0.12352471 0.05610659
v -0.00044350 -0.12048163 0.05735331
v 0.00039979 -0.11939301 0.05875852
v -0.00171170 -0.12141748 0.05863173
v -0.00546437 -0.12352471 0.05642355
v -0.00321341 -0.12153844 0.05867399
v -0.00546437 -0.12261434 0.05755405
v -0.00666445 -0.12348015 0.05616998
v -0.00666445 -0.12348015 0.05632846
v -0.00900947 -0.12137291 0.05855777
v -0.00771209 -0.12144294 0.05856834
v -0.01118583 -0.12127105 0.05611715
v -0.01180533 -0.08782903 -0.03640451
v -0.01221400 -0.08759985 -0.03640451
v -0.01576558 -0.08542895 -0.03640451
v -0.01118583 -0.12127105 0.05634959
v -0.00983979 -0.12166576 0.05719483
v -0.01133178 -0.11919565 0.05863173
v -0.01050794 -0.12069809 0.05784988
v -0.01341084 -0.11906832 0.05606432
v -0.01612561 -0.08566450 -0.03490421
v -0.01360869 -0.08761895 -0.03425972
v -0.01233725 -0.08805186 -0.03497817
v -0.01317082 -0.08729427 -0.03576001
v -0.01581099 -0.08539075 -0.03640451
v -0.01341084 -0.11906832 0.05638129
v -0.01200642 -0.11988320 0.05711031
v -0.01348219 -0.11691016 0.05861060
v -0.01283026 -0.11840623 0.05788158
v -0.01544124 -0.11408353 0.05813515
v -0.01569747 -0.11466923 0.05663486
v 0.06601088 0.04196465 -0.06418639
v 0.06601088 0.04197449 -0.06193281
v 0.06601088 0.04197252 -0.05968697
v 0.06601088 0.04196465 -0.05517982
v 0.06596819 0.04186428 -0.06643222
v 0.06366526 0.04620577 -0.06643222
v 0.06540687 0.04308840 -0.06418639
v 0.06542607 0.04310021 -0.06193281
v 0.06599380 0.04195284 -0.04842682
v 0.06542180 0.04309823 -0.05968697
v 0.06359056 0.04615066 -0.06868581
v 0.06291398 0.04727441 -0.06868581
v 0.06114676 0.05013004 -0.06868581
v 0.06118092 0.05018711 -0.06643222
v 0.06119585 0.05022450 -0.06418639
v 0.06367593 0.04622545 -0.06418639
v 0.06368874 0.04624120 -0.06193281
v 0.06369941 0.04624907 -0.05968697
v 0.06370155 0.04625104 -0.05743339
v 0.06370155 0.04625300 -0.05517982
v 0.06369941 0.04625104 -0.05292623
v 0.06369727 0.04624710 -0.05068040
v 0.06369300 0.04623726 -0.04842682
v 0.06598740 0.04194497 -0.04618098
v 0.06290118 0.04723899 -0.06895686
v 0.05921307 0.05279476 -0.06643222
v 0.06033786 0.05131086 -0.06643222
v 0.06029304 0.05125576 -0.06868581
v 0.06038268 0.05135022 -0.06418639
v 0.06041683 0.05136596 -0.06193281
v 0.06042750 0.05137187 -0.05968697
v 0.06119799 0.05024221 -0.06193281
v 0.06119799 0.05024615 -0.05968697
v 0.06119799 0.05023631 -0.05292623
v 0.06119799 0.05024418 -0.05743339
v 0.06119585 0.05023238 -0.05068040
v 0.06119158 0.05022450 -0.04842682
v 0.06116384 0.05018317 -0.03717440
v 0.06115744 0.05017530 -0.03492857
v 0.06368233 0.04620773 -0.04392740
v 0.06597672 0.04193316 -0.04392740
v 0.06673654 0.03982539 -0.01703158
v 0.06367593 0.04619199 -0.04168156
v 0.06529161 0.04280500 -0.01466957
v 0.05831239 0.05386143 -0.06868581
v 0.05718760 0.05532959 -0.06868581
v 0.05925789 0.05284002 -0.06418639
v 0.05928990 0.05286954 -0.06193281
v 0.05930058 0.05288922 -0.05968697
v 0.05929844 0.05289710 -0.05743339
v 0.05929204 0.05290693 -0.05068040
v 0.05928990 0.05290890 -0.04842682
v 0.06042536 0.05136989 -0.05743339
v 0.06042110 0.05136203 -0.05292623
v 0.06041683 0.05135612 -0.05068040
v 0.06041256 0.05134825 -0.04842682
v 0.06040829 0.05134038 -0.04618098
v 0.06038694 0.05130692 -0.03717440
v 0.06037841 0.05130101 -0.03492857
v 0.06036988 0.05128724 -0.03267499
v 0.06036133 0.05127347 -0.03042915
v 0.06114676 0.05016349 -0.03267499
v 0.06574836 0.04145886 0.01015853
v 0.06657007 0.03982539 0.00321193
v 0.06660635 0.03982539 -0.00117133
v 0.06365886 0.04616050 -0.03717440
v 0.06451899 0.04423380 -0.01466957
v 0.06435891 0.04423380 0.00332809
v 0.06525319 0.04272628 -0.00567074
v 0.05625490 0.05645531 -0.06868581
v 0.05722602 0.05535911 -0.06643222
v 0.05640004 0.05657929 -0.05743339
v 0.05641498 0.05658913 -0.05517982
v 0.05928351 0.05290890 -0.04618098
v 0.05926643 0.05288922 -0.03942798
v 0.05925363 0.05286364 -0.03492857
v 0.05926003 0.05287938 -0.03717440
v 0.06035066 0.05125576 -0.02818331
v 0.06094614 0.04986829 0.00722345
v 0.05921307 0.05279476 -0.02578259
v 0.05913624 0.05271210 -0.01242374
v 0.06168035 0.04873469 0.00558167
v 0.06284568 0.04701857 -0.00342491
v 0.06524252 0.04270660 -0.00342491
v 0.06523185 0.04268495 -0.00117133
v 0.06521904 0.04266527 0.00108225
v 0.06520624 0.04264362 0.00332809
v 0.06342408 0.04582200 0.01015853
v 0.06362897 0.04611130 -0.03042915
v 0.06360763 0.04607784 -0.02592973
v 0.05421450 0.05888190 -0.06868581
v 0.05628265 0.05648482 -0.06643222
v 0.05422944 0.05889764 -0.06643222
v 0.05425505 0.05892519 -0.06193281
v 0.05428920 0.05896061 -0.05517982
v 0.05429133 0.05896652 -0.05292623
v 0.05428706 0.05896259 -0.05068040
v 0.05640858 0.05658520 -0.05292623
v 0.05838923 0.05401494 -0.03942798
v 0.05427853 0.05894881 -0.05743339
v 0.05837642 0.05398738 -0.03492857
v 0.05834227 0.05390670 -0.02367615
v 0.05832092 0.05387915 -0.01917674
v 0.05838282 0.05400313 -0.03717440
v 0.05912343 0.05269635 -0.01017016
v 0.06016284 0.05099991 0.00558167
v 0.06030158 0.05076177 0.00791269
v 0.06093120 0.04985451 0.00871810
v 0.06163979 0.04871698 0.01008109
v 0.06151600 0.04895708 0.00791269
v 0.05829531 0.05385159 -0.01466957
v 0.06276672 0.04691426 0.01015853
v 0.06283288 0.04700085 -0.00117133
v 0.05422944 0.05890157 -0.02818331
v 0.05635308 0.05653797 -0.03942798
v 0.05722602 0.05535321 -0.02578259
v 0.05725803 0.05540438 -0.03717440
v 0.05721748 0.05534337 -0.02367615
v 0.05828037 0.05383782 -0.01242374
v 0.05906367 0.05260583 0.00108225
v 0.05903805 0.05256646 0.00558167
v 0.05902312 0.05254481 0.00783525
v 0.05900604 0.05252317 0.01015853
v 0.06163979 0.04871501 0.01015853
v 0.05720681 0.05532565 -0.02142257
v 0.05421663 0.05888780 -0.02592973
v 0.05626771 0.05646909 -0.02367615
v 0.05634241 0.05653009 -0.03717440
v 0.05826543 0.05382207 -0.01017016
v 0.05816726 0.05369218 0.00558167
v 0.05815232 0.05367053 0.00783525
v 0.05813524 0.05364889 0.01015853
v 0.05719614 0.05530400 -0.01917674
v 0.05419529 0.05886418 -0.02217377
v 0.05418462 0.05885041 -0.02067138
v 0.00579394 0.01046967 0.13143057
v 0.00579394 0.00821749 0.13143057
v 0.00742277 0.01272185 0.13087077
v 0.00579394 0.01272185 0.13142060
v 0.00579394 0.00596531 0.13134092
v 0.00741571 0.00596531 0.13080703
v 0.00749332 0.00821749 0.13084289
v 0.00861859 0.00821749 0.12988268
v 0.00858243 0.01046967 0.12987471
v 0.00854804 0.01272185 0.12985478
v 0.00736015 0.01496938 0.13085882
v 0.00579394 0.01496938 0.13136682
v 0.00579394 0.00371778 0.13112974
v 0.00695361 0.00006496 0.13054007
v 0.00722523 0.00371778 0.13071938
v 0.00854099 0.00596531 0.12980099
v 0.00945196 0.01272185 0.12872922
v 0.00942992 0.01496938 0.12865353
v 0.00848543 0.01496938 0.12977909
v 0.00723669 0.01722156 0.13078113
v 0.00707972 0.01946909 0.13064966
v 0.00579394 0.01722156 0.13116959
v 0.00579394 0.00146560 0.13085683
v 0.00579394 -0.00028868 0.13060981
v 0.00579394 -0.00141478 0.13044047
v 0.00579394 -0.00303877 0.13005798
v 0.00579483 -0.00532817 0.12940256
v 0.00745540 -0.00532817 0.12872723
v 0.00746245 -0.00528629 0.12873320
v 0.00767587 -0.00303877 0.12910973
v 0.00766969 -0.00072609 0.12957390
v 0.00835050 0.00371778 0.12961772
v 0.00922444 0.00226131 0.12834673
v 0.00930116 0.00371778 0.12849216
v 0.00933291 0.01722156 0.12848817
v 0.00836197 0.01722156 0.12961373
v 0.00697213 0.02086972 0.13055402
v 0.00579394 0.01946909 0.13081500
v 0.00459283 0.02071617 0.13054007
v 0.00857979 -0.00532817 0.12739050
v 0.00858773 -0.00528629 0.12739448
v 0.00880202 -0.00303877 0.12769531
v 0.00922973 0.01874783 0.12834275
v 0.00836638 0.01948305 0.12921132
v 0.00579394 0.02088834 0.13056399
v 0.00772084 0.02166078 0.12955995
v 0.00771996 0.02396880 0.12913562
v 0.00753300 0.02622098 0.12886071
v 0.00719524 0.02847316 0.12850411
v 0.00695096 0.02966905 0.12828697
v 0.00579394 0.02622098 0.12938863
v 0.00579394 0.02396880 0.12992053
v 0.00579394 0.02201443 0.13034086
v 0.00446848 0.02991568 0.12834075
v 0.00933026 0.02847316 0.12623507
v 0.00865916 0.02622098 0.12761562
v 0.00884523 0.02396880 0.12781882
v 0.00921298 0.02973420 0.12605976
v 0.00832052 0.02847316 0.12736063
v 0.00926236 0.03662569 0.12386840
v 0.00579394 0.03297288 0.12728293
v 0.00579394 0.03101850 0.12796624
v 0.00579394 0.02989241 0.12834075
v 0.00579394 0.02847316 0.12876308
v 0.00811857 0.03741674 0.12443417
v 0.00716085 0.03461082 0.12620917
v 0.00637069 0.03611383 0.12592229
v 0.00461047 0.03641164 0.12604183
v 0.00923767 0.04099045 0.12159338
v 0.00891843 0.03812404 0.12346798
v 0.00568988 0.03530881 0.12638249
v 0.00487150 0.03641164 0.12604183
v 0.00730107 0.03972477 0.12403176
v 0.00693068 0.04086481 0.12376879
v 0.00579394 0.04088343 0.12378075
v 0.00463957 0.04087877 0.12377676
v 0.00842105 0.04220961 0.12157147
v 0.00842722 0.03972477 0.12304167
v 0.00579394 0.04220961 0.12293209
v 0.00579394 0.04200952 0.12306158
f 752 3919 3918
f 2028 3058 3781
f 3052 3058 2028
f 2050 3755 2049
f 3757 3755 2036
f 2036 3762 3757
f 3762 3758 3757
f 3057 3058 3052
f 3781 3058 3057
f 3750 3754 3755
f 2035 2050 2049
f 2052 2053 2035
f 2035 2053 2036
f 2036 3755 2035
f 3755 2050 2035
f 3748 3750 3751
f 3751 3750 3755
f 3755 3757 3751
f 3751 3757 3758
f 1610 1592 1606
f 2049 3755 2034
f 3755 3754 2034
f 1614 2032 3754
f 1594 1592 1612
f 1612 2032 1594
f 3002 3001 2437
f 3032 3023 3017
f 1407 1446 1448
f 1449 1407 1448
f 3781 3782 3777
f 3777 3782 2904
f 3781 3777 3779
f 2027 3779 3769
f 2038 2039 2027
f 2027 2028 3781
f 3781 3779 2027
f 3052 2028 2027
f 3056 3057 3052
f 3781 3057 3056
f 3056 3782 3781
f 2036 2053 2054
f 2054 2053 2055
f 3749 3750 3748
f 2062 780 2042
f 2042 2061 2062
f 2062 2061 780
f 2059 2039 2038
f 2049 2034 2047
f 2047 2064 2049
f 2045 2064 2047
f 2049 2052 2051
f 2051 2035 2049
f 2052 2035 2051
f 3754 2032 2033
f 2033 2034 3754
f 1594 2032 1613
f 1613 1614 1594
f 2032 1614 1613
f 145 149 379
f 145 144 149
f 1556 1571 1572
f 149 144 148
f 2847 3190 2886
f 2845 3190 2847
f 3191 3190 2820
f 2820 3190 2845
f 3288 3271 3270
f 3045 3044 2042
f 3051 3055 3052
f 2901 3055 3051
f 2041 2039 2042
f 753 755 752
f 752 754 753
f 752 755 756
f 3919 752 756
f 756 762 3919
f 2042 780 772
f 2042 772 771
f 771 772 762
f 761 771 762
f 761 756 755
f 762 756 761
f 3010 3017 3023
f 1583 1605 3933
f 3950 1584 1583
f 1565 1583 1584
f 3956 3970 774
f 3001 3002 2994
f 2994 3002 2437
f 774 3971 782
f 782 783 774
f 3971 783 782
f 1299 1320 1150
f 1159 1154 1301
f 1301 1154 1300
f 1150 1320 1300
f 1142 1147 1148
f 1428 1415 1381
f 2491 2513 2514
f 2514 279 2491
f 423 158 166
f 379 149 423
f 149 158 423
f 422 423 166
f 178 422 166
f 166 158 178
f 157 158 149
f 1445 1446 1404
f 1428 1446 1445
f 1404 1415 1445
f 1445 1415 1428
f 147 150 146
f 146 150 144
f 493 566 494
f 1465 1449 1448
f 1448 1446 1465
f 1451 1407 1450
f 1407 1449 1450
f 1488 1485 1451
f 1451 1450 1488
f 1488 1491 1513
f 1513 1514 1488
f 2171 2152 2147
f 3771 2743 3763
f 3769 3779 3780
f 3780 3779 3777
f 3769 3780 3770
f 3761 3762 2036
f 2036 2027 3761
f 3761 2027 3769
f 3769 3770 3761
f 3768 3760 3761
f 3761 3758 3762
f 3761 3760 3758
f 2040 2039 3052
f 3052 2027 2040
f 2040 2027 2039
f 2201 2179 2177
f 3754 3750 3753
f 3753 194 3754
f 3750 3749 245
f 245 3753 3750
f 780 2061 2058
f 2058 2061 2042
f 2037 2058 2059
f 2037 2054 2055
f 2038 2027 2037
f 2037 2059 2038
f 2037 2027 2036
f 2036 2054 2037
f 2065 2052 2049
f 2049 2064 2065
f 2065 2064 2052
f 2048 2047 2034
f 2048 2033 2032
f 2034 2033 2048
f 2045 2030 2044
f 2031 2048 2032
f 2047 2048 2031
f 2045 2047 2046
f 2046 2030 2045
f 2047 2031 2046
f 2046 2031 2030
f 1592 2030 2026
f 2032 1612 2026
f 2026 2031 2032
f 2030 2031 2026
f 2052 3944 3943
f 2063 2064 2045
f 2045 3944 2063
f 2052 2064 2063
f 2063 3944 2052
f 2045 2044 3945
f 1596 1592 1594
f 1594 1571 1596
f 1592 1596 1593
f 1593 1596 1571
f 144 150 151
f 2776 3271 2798
f 2798 2799 2776
f 2776 2777 2768
f 2799 2777 2776
f 3269 3270 3224
f 3224 3270 3271
f 3240 3271 3288
f 2798 3271 3240
f 2821 2799 2798
f 2798 2820 2821
f 2821 2820 2845
f 2845 2847 2821
f 2822 2799 2821
f 3385 3376 3375
f 3385 3363 3362
f 3317 3318 3267
f 3362 3363 3320
f 3288 3270 3320
f 3320 3318 3362
f 3319 3270 3269
f 3319 3320 3270
f 3318 3320 3319
f 3163 3123 3162
f 3148 3116 3147
f 2800 2777 2799
f 3041 2859 3044
f 3044 3045 3041
f 2826 2859 3041
f 3041 3042 3038
f 3041 3047 2042
f 2042 3042 3041
f 3044 2859 3049
f 3049 3051 3052
f 2042 3044 3049
f 3049 2041 2042
f 2039 2041 3049
f 3049 3050 2039
f 3052 2039 3054
f 3929 3938 3939
f 2993 785 2995
f 2043 3042 2042
f 2042 771 2043
f 771 761 2043
f 3024 3023 3032
f 3032 3031 3024
f 655 652 1290
f 2437 3001 3003
f 3003 3010 2437
f 3001 3017 3003
f 3017 3010 3003
f 2424 2994 2423
f 3027 3011 3016
f 3016 3025 3027
f 3027 3025 3031
f 2420 3279 2427
f 3331 2427 3279
f 2420 2427 3331
f 1291 1143 1290
f 3898 3897 3910
f 2373 2346 2343
f 3406 3407 3394
f 1585 1584 3950
f 1606 1586 1585
f 1586 1565 1585
f 1585 1565 1584
f 3933 3950 3951
f 3951 1583 3933
f 3950 1583 3951
f 1605 1583 1588
f 1583 1565 1588
f 1587 1608 1588
f 1588 1565 1587
f 1581 1604 1587
f 1607 1608 1587
f 1587 1604 1607
f 3968 3971 774
f 3939 3938 3954
f 3967 3968 3954
f 2429 2994 2437
f 2423 2994 2429
f 3000 3017 3001
f 3001 2994 3000
f 3985 783 3971
f 3985 3004 3009
f 3985 3978 3989
f 3971 3978 3985
f 3005 3004 3985
f 3985 3993 3005
f 2995 785 784
f 774 783 784
f 784 785 774
f 3032 3017 3014
f 1317 1299 1319
f 1320 1299 1317
f 1313 1322 1304
f 1303 1159 1301
f 1301 1325 1303
f 1303 1292 1148
f 1148 1159 1303
f 1325 1313 1303
f 1150 1300 1160
f 1160 1300 1154
f 3388 3399 3400
f 1301 1300 1323
f 1323 1300 1322
f 3394 3393 1155
f 1158 1159 1148
f 1141 1142 1136
f 1426 1428 1427
f 1427 1381 1426
f 1428 1381 1427
f 2532 2512 2509
f 1426 1460 1462
f 1426 1381 1425
f 3763 3773 3774
f 2509 2512 2510
f 2201 47 50
f 50 47 89
f 51 50 107
f 241 222 240
f 240 222 239
f 226 248 239
f 226 245 246
f 189 188 206
f 187 207 206
f 206 188 187
f 223 206 222
f 223 222 241
f 65 23 64
f 209 23 24
f 24 65 66
f 23 65 24
f 187 188 167
f 167 186 187
f 167 188 189
f 189 422 167
f 422 178 167
f 176 178 158
f 158 157 176
f 376 374 407
f 376 409 410
f 472 407 406
f 406 407 374
f 471 543 472
f 1374 1373 1407
f 376 412 413
f 413 414 376
f 412 414 413
f 412 480 478
f 478 480 554
f 26 68 416
f 168 422 189
f 425 494 497
f 494 566 497
f 142 146 144
f 494 146 142
f 142 143 494
f 144 145 142
f 145 143 142
f 147 146 2322
f 425 2322 496
f 496 2322 146
f 566 493 565
f 423 422 491
f 491 563 493
f 491 422 490
f 490 563 491
f 482 555 557
f 3427 3409 3426
f 1377 1415 1404
f 1404 1371 1377
f 1426 1465 1466
f 1466 1465 1446
f 1466 1428 1426
f 1466 1446 1428
f 1485 1488 1511
f 2758 1538 2746
f 2747 2743 2746
f 2746 2756 2758
f 2743 2756 2746
f 1500 1509 1501
f 1501 1476 1500
f 1502 1476 1501
f 1485 1511 1486
f 1500 1476 1499
f 2740 2738 3766
f 3766 3773 3763
f 1515 1491 1490
f 1515 1516 1491
f 2744 2740 2743
f 1513 1491 1517
f 1491 1516 1517
f 2758 2756 2762
f 1509 1531 1532
f 1532 1531 1538
f 2176 2152 2175
f 2152 2171 2175
f 2146 2171 2147
f 2293 2266 2262
f 2294 2266 2293
f 681 668 680
f 2755 2756 2743
f 2743 3771 2755
f 3778 3780 3777
f 3778 3770 3780
f 3767 3760 3768
f 3770 3778 3767
f 3768 3761 3767
f 3767 3761 3770
f 3767 3778 3777
f 3756 3751 3758
f 3758 3760 3756
f 3763 2500 3759
f 2904 3782 2903
f 2903 2948 2904
f 3782 2948 2903
f 2982 2948 3782
f 2907 3777 2906
f 3777 2905 2906
f 2860 3777 2904
f 2904 2905 2860
f 2860 2905 3777
f 2841 2876 2880
f 2949 2905 2904
f 2904 2948 2949
f 2882 2841 2881
f 2881 2841 2880
f 2882 2861 2908
f 2844 2861 2828
f 2806 2828 2829
f 2829 2828 2861
f 2147 2152 2172
f 175 194 195
f 213 194 212
f 212 3753 213
f 194 3753 212
f 213 3753 219
f 220 204 219
f 219 204 213
f 246 245 257
f 257 245 3749
f 3749 3743 257
f 257 258 246
f 257 3743 258
f 218 204 220
f 207 204 218
f 780 2058 2067
f 2052 3943 2067
f 2060 2058 2042
f 2059 2058 2060
f 2042 2039 2060
f 2039 2059 2060
f 2066 2058 2057
f 2058 2037 2057
f 2052 2066 2057
f 2029 2044 2030
f 2029 1610 1606
f 1592 1610 2029
f 2029 2030 1592
f 1611 1612 1592
f 1592 2026 1611
f 1611 2026 1612
f 3923 3932 3933
f 3923 3924 3919
f 3922 3923 3919
f 3932 3923 3922
f 3922 772 780
f 3919 762 3922
f 762 772 3922
f 3957 3945 2044
f 2044 2029 3957
f 1606 3958 3957
f 3957 2029 1606
f 424 145 379
f 424 143 145
f 379 423 424
f 423 491 424
f 424 491 493
f 424 493 494
f 494 143 424
f 1570 1571 1556
f 1570 1593 1571
f 1592 1593 1570
f 3754 1601 1600
f 3242 3234 3192
f 2849 2847 2886
f 3271 2776 3225
f 3225 3224 3271
f 3225 2776 2768
f 2768 3224 3225
f 2823 2799 2822
f 3376 3385 3360
f 3360 3318 3317
f 3362 3318 3360
f 3360 3385 3362
f 3359 3360 3317
f 3376 3360 3359
f 3268 3267 3318
f 3318 3319 3268
f 3268 3319 3269
f 3123 3163 3125
f 3124 3101 3125
f 3125 3101 3123
f 3148 3121 3117
f 3121 3114 3117
f 3117 3116 3148
f 3123 3119 3152
f 2768 2777 2778
f 2777 2802 2778
f 2778 3041 3038
f 2824 2800 2799
f 2799 2823 2824
f 3047 3041 3046
f 3046 3041 3045
f 2042 3047 3046
f 3046 3045 2042
f 2801 2802 2777
f 2801 2800 2826
f 2777 2800 2801
f 2901 3051 2902
f 2039 3050 3053
f 3053 3054 2039
f 3050 3049 3053
f 3053 3049 3052
f 3052 3054 3053
f 3921 3929 753
f 3921 753 754
f 3921 752 3918
f 3921 754 752
f 753 3929 757
f 2994 2993 2997
f 761 769 770
f 770 2043 761
f 1298 652 651
f 651 1316 1298
f 1290 652 1298
f 1298 1291 1290
f 651 652 654
f 654 655 651
f 652 655 654
f 1122 655 1108
f 2431 2429 2437
f 2425 3279 2420
f 2425 2424 2423
f 2420 2417 2419
f 2417 2993 2419
f 2424 2425 2419
f 2419 2993 2994
f 2994 2424 2419
f 1912 1869 1925
f 1925 2439 1912
f 3031 3025 2441
f 3025 2439 2441
f 3028 3012 3011
f 3011 3027 3028
f 3028 3027 3012
f 3012 3027 3029
f 2421 2417 2420
f 2420 3331 2421
f 2421 3331 2417
f 3038 3042 3039
f 3039 770 769
f 3042 2043 3039
f 2043 770 3039
f 760 3039 769
f 760 761 755
f 760 769 761
f 755 753 758
f 753 757 758
f 1108 655 1109
f 1109 655 1124
f 1113 1081 1109
f 1080 1108 1109
f 1109 1081 1080
f 1087 1081 655
f 1113 1109 1126
f 1084 1076 1044
f 1081 1087 1086
f 3793 1179 1191
f 799 812 813
f 864 840 863
f 888 863 862
f 862 863 840
f 1287 825 806
f 799 813 814
f 3883 3884 3858
f 2380 2373 2391
f 2346 2373 2380
f 498 569 503
f 425 497 498
f 498 497 569
f 503 569 575
f 575 504 503
f 428 2380 2379
f 2379 2380 2391
f 3573 3636 3637
f 3594 3573 3637
f 1134 1136 1137
f 3933 1605 3925
f 1608 1607 3925
f 3925 3923 3933
f 3924 3923 3925
f 3929 3921 3928
f 3695 3696 3643
f 3643 3696 3644
f 1605 1588 1609
f 1609 1588 1608
f 1609 3925 1605
f 1608 3925 1609
f 1549 1565 3477
f 3477 3517 1549
f 3477 3476 3515
f 3570 3636 3571
f 3635 3636 3570
f 3644 3696 3697
f 2343 2374 2375
f 1587 1565 1582
f 1582 1581 1587
f 3530 3484 3529
f 3423 3424 3407
f 1618 1604 1619
f 1618 1607 1604
f 1127 1579 1128
f 1128 1129 1127
f 3470 1579 1561
f 1581 1562 1561
f 1561 1546 3470
f 1604 1581 1580
f 1580 1127 1604
f 1579 1127 1580
f 1581 1561 1580
f 1580 1561 1579
f 1619 1604 1130
f 1604 1129 1130
f 3979 3978 3971
f 3967 3978 3979
f 774 3970 3969
f 3969 3968 774
f 3970 3954 3969
f 3969 3954 3968
f 3939 3954 3955
f 3955 766 3939
f 3956 766 3955
f 779 3956 774
f 774 766 779
f 779 766 3956
f 3008 3985 3009
f 3009 3004 2996
f 2996 3008 3009
f 2996 3004 3005
f 2996 784 783
f 2995 784 2996
f 2996 2993 2995
f 2996 2997 2993
f 1294 3021 3020
f 3020 3019 1294
f 3018 3993 1294
f 1294 3019 3018
f 3005 3993 3018
f 3017 3000 3015
f 3015 3014 3017
f 1321 1300 1320
f 1320 1317 1321
f 1322 1300 1321
f 1321 1317 1322
f 1317 1298 1308
f 1294 1304 1295
f 1295 3015 1294
f 3014 3015 1295
f 1309 1313 1304
f 1159 1158 1163
f 3387 3399 3388
f 3388 1160 3387
f 1322 1313 1324
f 1324 1323 1322
f 1301 1323 1324
f 1324 1325 1301
f 1324 1313 1325
f 988 1022 989
f 988 1020 1021
f 1021 1022 988
f 1291 1298 1145
f 1150 1160 3390
f 816 814 817
f 3427 3426 3431
f 3457 3431 3430
f 1147 1155 1156
f 1156 1155 3393
f 1148 1147 1156
f 1156 3393 1148
f 1146 1155 1147
f 1146 3406 3394
f 3394 1155 1146
f 1147 1142 1146
f 1146 1142 3407
f 3407 3406 1146
f 1157 3393 3394
f 3394 1158 1157
f 1148 3393 1157
f 1157 1158 1148
f 1382 1418 1383
f 1381 1418 1382
f 1415 1377 1376
f 1376 1377 2589
f 2531 2532 2509
f 1446 1407 1405
f 1407 1373 1405
f 1404 1446 1405
f 1405 1371 1404
f 2 1371 2593
f 2576 2592 2578
f 2578 2592 2593
f 2513 2542 2543
f 1491 1462 1495
f 1495 1462 1460
f 1464 1465 1426
f 1460 1493 1494
f 1491 1495 1494
f 1494 1495 1460
f 1494 1492 1491
f 1493 1492 1494
f 1461 1460 1426
f 1424 1425 1381
f 1460 1461 1424
f 1426 1425 1424
f 1424 1461 1426
f 2518 2519 2500
f 2518 2738 2519
f 2518 3766 2738
f 3764 3773 2500
f 3764 3774 3773
f 3764 2500 3763
f 3763 3774 3764
f 3748 2493 2517
f 2517 2078 3748
f 3741 3742 3748
f 3748 2078 3741
f 327 325 310
f 323 322 308
f 289 306 305
f 305 307 289
f 289 307 308
f 2490 2513 2491
f 2490 2512 2513
f 2490 2510 2512
f 106 50 89
f 107 50 106
f 139 98 101
f 138 135 89
f 279 2514 2547
f 2547 2571 279
f 267 266 279
f 18 333 17
f 48 53 49
f 114 115 52
f 376 69 114
f 114 374 376
f 116 117 52
f 52 115 116
f 227 226 239
f 207 226 227
f 208 209 189
f 189 206 208
f 53 118 54
f 23 223 22
f 223 60 22
f 21 223 20
f 21 60 223
f 374 114 375
f 374 375 354
f 112 51 111
f 52 51 112
f 408 409 376
f 376 407 408
f 408 407 409
f 411 412 376
f 376 410 411
f 411 410 412
f 551 608 552
f 473 407 472
f 409 407 473
f 126 127 71
f 27 28 544
f 544 28 599
f 1472 1440 1456
f 1408 1374 1407
f 1409 1374 1408
f 1470 1436 1440
f 1440 1476 1470
f 479 414 412
f 479 481 414
f 412 478 479
f 479 555 482
f 482 481 479
f 553 478 554
f 561 490 553
f 553 554 561
f 553 479 478
f 490 555 553
f 555 479 553
f 482 416 415
f 415 481 482
f 414 481 415
f 376 414 415
f 415 416 68
f 378 26 418
f 421 168 190
f 189 209 190
f 190 168 189
f 209 24 190
f 190 24 66
f 66 25 190
f 190 25 421
f 419 26 378
f 419 25 26
f 378 418 419
f 482 558 559
f 422 168 488
f 567 497 566
f 495 146 494
f 495 496 146
f 495 494 425
f 425 496 495
f 562 490 561
f 562 563 490
f 493 563 564
f 564 565 493
f 563 562 564
f 561 565 564
f 564 562 561
f 489 558 482
f 482 557 489
f 422 488 489
f 489 488 558
f 490 422 489
f 489 555 490
f 489 557 555
f 511 582 580
f 579 582 511
f 512 435 511
f 507 505 578
f 507 506 505
f 503 504 431
f 2343 2346 431
f 432 504 505
f 2343 431 432
f 432 431 504
f 505 506 432
f 578 505 577
f 577 615 610
f 577 624 578
f 352 367 368
f 368 367 398
f 368 369 352
f 398 369 368
f 352 369 1190
f 1190 1179 352
f 1191 1179 1190
f 128 127 75
f 75 74 128
f 1356 1382 1383
f 1381 1382 1356
f 1357 1356 1385
f 1416 1432 1431
f 1416 1376 2589
f 1431 1418 1416
f 1538 1531 2760
f 1540 1538 2758
f 2758 1524 1540
f 1540 1524 1538
f 1502 1501 1523
f 1523 1524 1502
f 1538 1524 1523
f 1498 1499 1476
f 2741 2740 1490
f 2741 2738 2740
f 3772 3766 3763
f 2753 2744 2743
f 2740 2744 2745
f 2745 2744 1515
f 1490 2740 2745
f 2745 1515 1490
f 1516 1515 1535
f 1535 2744 1516
f 1515 2744 1535
f 2743 1517 1536
f 1536 1517 1516
f 1530 1531 1509
f 1509 1529 1530
f 2754 2762 2756
f 2756 2755 2754
f 2754 2755 3771
f 2693 2670 2669
f 2693 2694 2670
f 2670 2694 2695
f 2695 2696 2670
f 2708 47 2709
f 2709 47 2201
f 2709 2693 2708
f 2670 2696 2672
f 2194 2195 2171
f 2697 2696 2712
f 2262 2266 2264
f 695 696 674
f 695 723 696
f 1168 1167 1169
f 683 668 682
f 668 681 682
f 2475 3759 2500
f 2069 3759 2475
f 3782 3056 3059
f 3059 2982 3782
f 2950 2949 2981
f 2905 2949 2950
f 2907 2906 2952
f 2952 2906 2905
f 2952 2953 2907
f 2880 2930 2931
f 2931 2881 2880
f 2880 2876 2928
f 2928 2876 2927
f 2878 2841 2882
f 2882 2908 2878
f 2878 2908 2861
f 2875 2841 2877
f 2946 3059 3056
f 2982 3059 2946
f 2948 2982 2946
f 2946 2949 2948
f 2900 2899 2944
f 2943 2979 2944
f 2944 2899 2943
f 2858 2859 2826
f 2899 2900 2858
f 2858 2900 2901
f 2901 2902 2858
f 2858 2902 2859
f 2805 2828 2806
f 2915 2956 2955
f 2955 2939 2915
f 2934 2935 2882
f 2975 2955 2934
f 2882 2881 2934
f 2934 2881 2933
f 2806 2829 2807
f 2882 2935 2910
f 2935 2934 2910
f 2910 2956 2915
f 2910 2955 2956
f 2910 2934 2955
f 2915 2863 2910
f 1438 1403 1439
f 1393 1367 1392
f 1394 1367 1393
f 2154 2153 2157
f 2133 1337 1336
f 2809 2807 2831
f 2788 2807 2809
f 3065 3071 3066
f 3066 3061 3065
f 2119 2146 2147
f 2147 2148 2119
f 1453 1454 1409
f 1344 2179 2201
f 1391 1367 1363
f 1456 1440 1434
f 1434 1435 1389
f 1434 1411 1456
f 1389 1411 1434
f 1389 1435 1390
f 1391 1363 1390
f 1390 1363 1389
f 1435 1434 1390
f 1390 1367 1391
f 2174 2153 2152
f 2177 2153 2174
f 2151 2172 2152
f 2150 2172 2151
f 2156 1337 2133
f 2158 2177 2179
f 2158 2153 2177
f 2133 2157 2158
f 2157 2153 2158
f 1735 1687 1734
f 1840 1841 1785
f 1889 1838 1837
f 736 715 1624
f 715 1623 1624
f 2276 2304 2277
f 2304 2273 2277
f 718 717 738
f 738 717 739
f 3079 1656 3077
f 1734 1687 1686
f 1687 1656 1686
f 3124 3125 3126
f 1869 1915 1870
f 1851 1852 1802
f 1851 1869 1912
f 1912 1852 1851
f 1932 1927 1979
f 1979 1981 1932
f 2000 1950 1948
f 178 176 196
f 196 195 178
f 196 176 175
f 175 195 196
f 203 195 194
f 203 194 213
f 213 204 203
f 185 204 186
f 185 167 178
f 186 167 185
f 185 203 204
f 178 195 185
f 195 203 185
f 205 204 207
f 186 204 205
f 205 207 187
f 187 186 205
f 235 3753 220
f 220 219 235
f 235 219 3753
f 220 3753 236
f 3753 245 225
f 245 226 225
f 225 226 207
f 207 218 225
f 2068 2058 2066
f 2068 2067 2058
f 2068 2066 2052
f 2052 2067 2068
f 780 2067 773
f 773 2067 3943
f 773 3943 3942
f 773 3940 3930
f 773 3922 780
f 3930 3922 773
f 2056 2037 2055
f 2056 2057 2037
f 2055 2053 2056
f 2056 2053 2052
f 2052 2057 2056
f 3941 773 3942
f 3940 773 3941
f 3959 3947 3958
f 3950 3947 3959
f 3959 1585 3950
f 3959 3958 1606
f 1606 1585 3959
f 3958 3947 3946
f 3946 3957 3958
f 3945 3957 3946
f 3933 3932 3931
f 3931 3941 3942
f 3931 3946 3947
f 3940 3941 3931
f 3945 3946 3931
f 3930 3940 3931
f 3942 3943 3931
f 3931 3922 3930
f 3932 3922 3931
f 2045 3945 3931
f 3931 3944 2045
f 3931 3943 3944
f 1606 1592 1591
f 1592 1570 1591
f 1606 1591 1590
f 1590 1591 1570
f 1594 1597 1595
f 1595 1571 1594
f 1595 1572 1571
f 1595 1573 1572
f 184 202 1559
f 3364 3320 3363
f 3364 3385 3375
f 3363 3385 3364
f 3288 3320 3335
f 3335 3332 3288
f 3320 3364 3335
f 3335 3364 3332
f 3193 3234 3189
f 3193 3192 3234
f 3189 3147 3150
f 3150 3147 3116
f 3150 3193 3189
f 3192 3193 3150
f 3191 3192 3150
f 3242 3192 3241
f 3241 3240 3288
f 3241 3192 3240
f 3240 3192 3239
f 3239 3192 3191
f 3191 2820 3239
f 3239 2820 2798
f 2848 2821 2847
f 2847 2849 2848
f 2848 2849 2821
f 2850 2849 2888
f 2821 2849 2850
f 2899 2858 2855
f 2856 2824 2855
f 2855 2824 2823
f 2855 2854 2899
f 2855 2823 2822
f 2822 2854 2855
f 3384 3359 3372
f 3376 3359 3384
f 3317 3361 3358
f 3358 3359 3317
f 3317 3267 3316
f 3357 3316 3354
f 3354 3316 3355
f 3370 3372 3371
f 3370 3343 3372
f 3371 3327 3370
f 3221 3268 3269
f 3269 3224 3221
f 3212 3246 3213
f 3292 3246 3245
f 3245 3291 3292
f 3211 3246 3212
f 3168 3163 3162
f 3168 3125 3163
f 3159 3160 3123
f 3123 3166 3167
f 3167 3159 3123
f 3304 3255 3303
f 3345 3304 3303
f 3255 3300 3256
f 3300 3293 3256
f 3153 3121 3148
f 3148 3147 3153
f 3153 3147 3189
f 3333 3364 3375
f 3332 3364 3333
f 3375 3376 3334
f 3334 3333 3375
f 2857 2824 2856
f 2856 2855 2857
f 2857 2858 2826
f 2857 2855 2858
f 2802 2801 3040
f 3040 2778 2802
f 3041 2778 3040
f 3048 3049 2859
f 2859 2902 3048
f 3051 3049 3048
f 3048 2902 3051
f 763 757 3929
f 763 3929 3939
f 3939 766 763
f 763 766 774
f 774 775 763
f 3011 3012 1297
f 3012 1308 1297
f 736 3011 722
f 3011 693 722
f 692 722 693
f 653 1316 651
f 653 657 1316
f 662 663 655
f 662 668 669
f 673 663 672
f 672 1297 673
f 670 692 693
f 670 662 669
f 1316 657 665
f 673 1297 665
f 665 1297 1316
f 655 663 664
f 664 663 673
f 673 665 664
f 655 660 661
f 2423 2429 2430
f 2430 2425 2423
f 2429 2431 2430
f 2431 2425 2430
f 2426 2425 2420
f 2420 2419 2426
f 2426 2419 2425
f 2439 1925 1868
f 1868 2441 2439
f 1868 1925 1869
f 3013 3031 3032
f 3032 3014 3013
f 3327 3278 3277
f 3230 3278 3279
f 3186 3228 3230
f 3228 3277 3230
f 3230 3277 3278
f 3228 3185 3227
f 3229 3228 3186
f 3186 3185 3229
f 3229 3185 3228
f 3369 3370 3327
f 2409 760 2406
f 2407 2403 2406
f 2407 2406 759
f 759 2406 760
f 759 760 755
f 755 758 759
f 3037 760 2409
f 3039 760 3037
f 786 781 774
f 2993 781 786
f 774 785 786
f 785 2993 786
f 757 763 764
f 3034 3037 2409
f 1066 1091 1067
f 1103 1122 1116
f 1194 1181 1193
f 1194 1195 1181
f 1050 1087 1088
f 1088 1087 655
f 1124 655 1125
f 655 1126 1125
f 1125 1109 1124
f 1125 1126 1109
f 655 1081 1111
f 1111 1126 655
f 1045 1010 1044
f 655 1017 1056
f 1017 1055 1056
f 1049 1087 1050
f 1049 1086 1087
f 1084 1044 1043
f 1080 1081 1043
f 1043 1010 1046
f 1044 1010 1043
f 1043 1068 1080
f 1046 1068 1043
f 1050 1017 1015
f 1015 1049 1050
f 988 1018 1019
f 1019 1020 988
f 1288 655 1290
f 1016 1018 988
f 3863 3860 3843
f 890 863 889
f 891 863 890
f 838 862 840
f 1271 1272 1248
f 815 800 799
f 799 814 815
f 814 816 815
f 842 813 841
f 842 814 813
f 841 817 842
f 817 814 842
f 792 791 795
f 799 800 792
f 792 798 799
f 3831 3855 3832
f 3813 3831 3832
f 3881 3899 3898
f 2400 2401 2399
f 425 2401 2402
f 2402 3723 425
f 3735 3723 2402
f 2401 2400 2402
f 2402 2400 3735
f 425 498 426
f 426 2401 425
f 2399 2401 426
f 426 427 2399
f 502 498 503
f 427 426 502
f 502 426 498
f 503 431 502
f 428 2379 502
f 502 2379 427
f 505 504 576
f 504 575 576
f 576 577 505
f 2399 427 2396
f 427 2379 2396
f 3728 3716 3715
f 3717 3716 3728
f 3685 3715 3716
f 2339 3630 3685
f 3658 3650 3593
f 3637 3636 3687
f 3687 3689 3637
f 3687 3636 3635
f 3635 3689 3687
f 2339 572 2338
f 2338 3630 2339
f 3684 3685 3630
f 3684 2338 2367
f 3630 2338 3684
f 3684 3708 3713
f 3713 3685 3684
f 3593 3594 3656
f 3656 3594 3637
f 3407 1142 3421
f 1142 1141 3421
f 1140 1141 1136
f 1136 1139 1140
f 1140 3421 1141
f 3407 3421 1140
f 2360 2336 2335
f 3934 3925 1607
f 3938 3929 3937
f 3929 3928 3937
f 3926 3934 3927
f 3925 3934 3926
f 3920 3928 3921
f 3920 3921 3918
f 3924 3925 3920
f 3918 3919 3920
f 3919 3924 3920
f 3925 3926 3920
f 3927 3928 3920
f 3920 3926 3927
f 3506 3570 3571
f 3516 3517 3477
f 3477 3515 3516
f 3729 3697 3728
f 3728 3715 3729
f 2391 2373 2376
f 2376 2373 2343
f 2343 2375 2376
f 2399 2396 2392
f 2392 2400 2399
f 2392 2396 2379
f 3718 3717 3728
f 3686 3689 3635
f 3686 3701 3689
f 1565 1549 1564
f 1564 1582 1565
f 1581 1582 1564
f 3505 1546 1547
f 1546 1561 1547
f 1547 1561 1562
f 3424 3423 3453
f 3484 3485 3447
f 3452 3453 3423
f 3423 3447 3452
f 3452 3447 3485
f 3531 3484 3530
f 3531 3485 3484
f 1603 1129 1604
f 1604 1127 1603
f 1603 1127 1129
f 3981 3968 3967
f 3971 3968 3981
f 3984 3978 3967
f 3967 3983 3984
f 1137 1136 3977
f 3977 1134 1137
f 1136 1142 3977
f 3970 3956 3962
f 3956 3955 3962
f 3962 3954 3970
f 3962 3955 3954
f 3007 2996 783
f 3008 2996 3007
f 783 3985 3007
f 3985 3008 3007
f 2999 3000 2994
f 3022 3021 1294
f 1294 3015 3022
f 1293 1295 1304
f 3014 1295 1293
f 1293 3013 3014
f 1293 1308 3012
f 3012 3013 1293
f 1310 1304 1294
f 1294 1309 1310
f 1310 1309 1304
f 1312 1309 1294
f 3397 1163 3396
f 3397 3409 3410
f 3410 3399 3397
f 3396 1163 3395
f 3395 1163 1158
f 3395 1158 3394
f 1162 3387 1160
f 1154 1159 1162
f 1162 1160 1154
f 3434 3436 3432
f 3432 3416 3434
f 3434 3416 3436
f 3414 3416 3432
f 3400 3416 3414
f 3435 3459 3436
f 3436 3416 3435
f 3435 3431 3459
f 3413 3416 3400
f 3413 3399 3410
f 3413 3400 3399
f 1024 989 1023
f 1023 989 1022
f 986 1016 988
f 944 986 945
f 988 989 945
f 945 986 988
f 1058 1020 1143
f 1058 1021 1020
f 1143 1022 1058
f 1022 1021 1058
f 1149 1022 1143
f 1143 1291 1149
f 1291 1145 1149
f 1318 1145 1298
f 1318 1317 1319
f 1318 1298 1317
f 3389 1160 3388
f 3389 3390 1160
f 3388 3400 3389
f 3389 3403 3390
f 3415 3414 3432
f 3400 3414 3415
f 1150 3390 1161
f 3390 3403 1161
f 1145 1318 1073
f 3459 3431 3458
f 3431 3457 3458
f 1414 1381 1415
f 1415 1376 1414
f 1414 1418 1381
f 1414 1376 1418
f 2509 1343 2528
f 2536 2512 2535
f 2535 2534 2536
f 2512 2534 2535
f 2512 2532 2533
f 2533 2534 2512
f 2536 2552 2557
f 2558 2552 2576
f 2576 2578 2558
f 2558 2557 2552
f 2558 2559 2536
f 2536 2557 2558
f 2575 2592 2576
f 1413 1416 2589
f 1432 1416 1413
f 1372 1371 1406
f 1371 1405 1406
f 1406 1373 1372
f 1406 1405 1373
f 2544 2543 2542
f 2513 2543 2544
f 2536 2561 2537
f 2537 2561 2562
f 2537 2512 2536
f 2513 2512 2540
f 2512 2539 2540
f 2593 1371 3
f 3 2603 2593
f 11 2603 3
f 2562 2580 2581
f 2536 2559 2560
f 2560 2561 2536
f 2562 2561 2560
f 2560 2580 2562
f 2594 2603 2595
f 2595 2580 2594
f 2593 2603 2594
f 1463 1450 1449
f 1449 1465 1463
f 1465 1464 1463
f 1426 1462 1463
f 1463 1464 1426
f 1463 1462 1491
f 1491 1488 1463
f 1463 1488 1450
f 1380 1424 1381
f 1379 1424 1380
f 1381 1356 1380
f 1380 1356 1379
f 1458 1493 1460
f 1458 1492 1493
f 1490 1491 1458
f 1491 1492 1458
f 1378 1420 1379
f 1379 1356 1378
f 1379 1420 1421
f 2500 2519 2520
f 2524 2502 2519
f 3773 2518 3775
f 3773 3766 2548
f 2548 2518 3773
f 3766 2518 2548
f 336 333 338
f 321 323 308
f 321 307 311
f 308 307 321
f 311 325 328
f 325 323 328
f 328 321 311
f 323 321 328
f 325 327 335
f 335 323 325
f 335 327 336
f 336 331 335
f 322 323 335
f 335 331 322
f 279 281 292
f 319 333 18
f 2495 2499 2498
f 2201 50 1361
f 1361 1344 2201
f 1345 1344 1361
f 1355 51 52
f 50 51 1355
f 1355 1361 50
f 1355 2603 11
f 1372 1373 1355
f 1373 1374 1355
f 1355 1371 1372
f 1355 11 1371
f 2485 2487 2486
f 2509 2510 2485
f 2510 2490 2489
f 2488 2487 2489
f 2489 2487 2510
f 2077 2493 3748
f 3748 2072 2077
f 2471 325 311
f 310 325 2471
f 2471 2495 310
f 311 307 2471
f 2471 307 305
f 2459 2471 2457
f 2473 2499 2495
f 2473 2498 2499
f 2503 2502 2506
f 2669 2691 2692
f 2692 2693 2669
f 2708 2693 2692
f 2692 98 2708
f 2692 101 98
f 2691 101 2692
f 97 101 2667
f 2667 101 2690
f 2690 101 2691
f 89 47 100
f 100 138 89
f 135 138 99
f 99 98 139
f 139 135 99
f 138 100 99
f 99 100 47
f 99 47 2708
f 2708 98 99
f 279 2571 2572
f 2572 267 279
f 266 267 249
f 18 17 16
f 16 54 18
f 53 54 16
f 52 117 102
f 102 48 52
f 105 104 120
f 105 48 104
f 120 119 105
f 119 118 105
f 105 118 53
f 53 48 105
f 113 114 52
f 113 375 114
f 52 354 113
f 113 354 375
f 67 116 115
f 115 114 67
f 67 114 69
f 67 68 26
f 26 25 67
f 376 68 67
f 67 69 376
f 67 25 66
f 305 304 3738
f 3738 2496 305
f 3740 3741 2078
f 3740 3739 273
f 209 208 229
f 206 223 224
f 224 208 206
f 224 229 208
f 239 222 238
f 238 237 239
f 222 237 238
f 222 206 221
f 221 237 222
f 221 206 207
f 239 237 228
f 228 227 239
f 207 227 228
f 228 221 207
f 237 221 228
f 58 54 118
f 258 273 274
f 247 226 246
f 248 226 247
f 241 240 247
f 61 102 117
f 123 102 61
f 61 22 60
f 120 104 121
f 2668 2650 2667
f 2667 2690 2668
f 2668 2691 2669
f 2668 2690 2691
f 1184 45 1185
f 141 111 126
f 126 404 141
f 410 477 475
f 475 477 551
f 552 480 475
f 475 551 552
f 472 543 547
f 547 473 472
f 543 471 542
f 405 404 126
f 373 372 405
f 472 406 405
f 405 471 472
f 405 374 373
f 405 406 374
f 72 127 128
f 72 71 127
f 128 74 72
f 73 28 72
f 27 71 72
f 72 28 27
f 27 544 541
f 541 544 471
f 591 628 587
f 464 538 33
f 464 465 399
f 33 465 464
f 1409 1408 1452
f 1452 1453 1409
f 1484 1453 1452
f 1486 1506 1487
f 1436 1470 1467
f 377 68 376
f 376 415 377
f 377 415 68
f 421 25 420
f 25 419 420
f 420 168 421
f 420 419 486
f 485 558 486
f 485 559 558
f 486 419 485
f 485 419 418
f 483 416 482
f 482 559 483
f 26 416 484
f 559 485 484
f 416 483 484
f 484 483 559
f 558 488 492
f 492 488 168
f 566 565 620
f 620 567 566
f 620 565 561
f 569 497 568
f 497 567 568
f 457 532 452
f 452 394 457
f 632 648 649
f 631 648 632
f 632 591 631
f 631 591 590
f 647 648 631
f 590 589 631
f 578 624 583
f 624 579 583
f 511 435 510
f 510 579 511
f 382 2342 381
f 506 507 433
f 2343 432 2327
f 2327 432 506
f 506 433 2327
f 2327 381 2343
f 610 615 611
f 615 612 611
f 552 610 611
f 611 612 552
f 1210 1225 1228
f 1210 1227 3795
f 1210 3793 1191
f 1210 3807 3793
f 107 106 137
f 137 131 107
f 137 106 89
f 89 131 137
f 398 367 397
f 397 396 398
f 367 396 397
f 33 80 34
f 459 34 396
f 400 367 399
f 399 465 400
f 400 465 33
f 33 34 400
f 389 1190 369
f 1191 1190 389
f 110 75 127
f 126 111 110
f 110 127 126
f 110 51 109
f 111 51 110
f 109 129 110
f 129 76 110
f 76 75 110
f 2506 2502 2522
f 2522 1356 2506
f 2502 1356 2522
f 1343 1357 1358
f 1430 1418 1431
f 1430 1429 1418
f 1418 1376 1417
f 1417 1416 1418
f 1376 1416 1417
f 2591 1377 1371
f 1371 2 2591
f 2759 2746 1538
f 1538 2760 2759
f 2747 2746 2759
f 1542 2760 1531
f 1542 2743 2747
f 1542 1531 2743
f 2747 2759 1542
f 1542 2759 2760
f 1502 1524 1525
f 2764 2762 2767
f 2758 2762 2764
f 1522 1523 1501
f 1522 1501 1509
f 1509 1532 1522
f 1522 1532 1538
f 1538 1523 1522
f 1512 1486 1511
f 1512 1506 1486
f 1512 1488 1514
f 1512 1511 1488
f 1483 1498 1484
f 1484 1498 1473
f 1440 1472 1473
f 1473 1472 1484
f 1499 1498 1519
f 1500 1499 1519
f 1519 1520 1500
f 1475 1476 1440
f 2738 2741 2742
f 2742 2741 1490
f 2743 2740 2739
f 2740 3772 2739
f 3763 2743 2739
f 2739 3772 3763
f 2740 3766 3776
f 3776 3772 2740
f 3766 3772 3776
f 2752 2753 2743
f 1516 2744 2757
f 2744 2753 2757
f 2753 2752 2757
f 1528 1529 1509
f 1509 1527 1528
f 1528 1512 1514
f 2750 1516 2743
f 2743 1536 2750
f 2750 1536 1516
f 2743 1531 1541
f 1541 1530 2743
f 1531 1530 1541
f 1517 1530 1533
f 1533 1530 1529
f 1513 1517 1533
f 1533 1529 1513
f 2767 2762 2761
f 2762 2754 2761
f 2761 2766 2767
f 3771 2766 2761
f 2761 2754 3771
f 2616 2617 2610
f 2673 2696 2697
f 2673 2672 2696
f 2631 2617 2616
f 2616 2630 2631
f 1185 45 2647
f 45 2630 2647
f 2629 2630 2616
f 2629 2647 2630
f 2629 1186 1185
f 1185 2647 2629
f 2617 2631 2632
f 2632 2633 2617
f 2652 2633 2632
f 2670 2672 2671
f 2671 2652 2670
f 2662 2643 2661
f 2716 2699 2698
f 2717 2716 2731
f 2171 2146 2169
f 2169 2194 2171
f 2238 2275 2270
f 2295 2270 2275
f 2269 2275 2238
f 2269 2295 2275
f 2736 2735 2205
f 2201 2204 2205
f 2298 2297 2300
f 2301 2270 2300
f 2238 2716 2733
f 2716 2732 2733
f 2729 2732 2716
f 2736 2732 2729
f 2729 2728 2736
f 2736 2728 2727
f 2711 2712 2696
f 2696 2695 2711
f 2711 2695 2694
f 2694 2693 2711
f 2726 2735 2736
f 2736 2727 2726
f 2726 2727 2712
f 2712 2711 2726
f 2726 2205 2735
f 2263 2227 2262
f 2262 2264 2263
f 2263 2264 2227
f 1071 679 667
f 1072 679 1071
f 1071 1104 1072
f 723 695 705
f 1173 1169 1167
f 1172 1181 1173
f 1173 1167 1172
f 1102 1167 1103
f 2615 2610 2609
f 2616 1169 2628
f 2628 2629 2616
f 668 689 690
f 689 721 690
f 691 681 680
f 691 690 721
f 680 668 691
f 668 690 691
f 1710 1711 1669
f 1669 1709 1710
f 720 1709 1669
f 720 721 689
f 689 719 720
f 674 696 697
f 699 700 674
f 688 717 718
f 718 719 688
f 674 700 688
f 688 700 717
f 688 689 668
f 688 668 674
f 688 719 689
f 2872 2843 3771
f 3771 2923 2872
f 2907 2953 2954
f 2954 3777 2907
f 3771 2792 2775
f 2069 2475 2476
f 2476 2475 2500
f 2905 2950 2951
f 2951 2952 2905
f 2985 2953 2951
f 2953 2952 2951
f 2981 2980 2966
f 2966 2950 2981
f 2979 2980 2945
f 2944 2979 2945
f 2981 2949 2945
f 2945 2980 2981
f 2945 2900 2944
f 2949 2946 2945
f 2945 2946 2901
f 2901 2900 2945
f 2797 2818 2796
f 2792 2814 2797
f 2796 2775 2797
f 2797 2775 2792
f 2841 2842 2813
f 2813 2842 2814
f 2929 2930 2880
f 2880 2928 2929
f 2844 2818 2819
f 2819 2842 2844
f 2818 2797 2819
f 2814 2842 2819
f 2819 2797 2814
f 2841 2878 2879
f 2879 2842 2841
f 2844 2842 2879
f 2879 2861 2844
f 2879 2878 2861
f 2876 2841 2874
f 2841 2875 2874
f 2947 3055 2901
f 2901 2946 2947
f 2947 2946 3055
f 2983 2946 3056
f 3055 2946 2983
f 2983 3056 3052
f 3052 3055 2983
f 2971 2972 2932
f 2932 2931 2971
f 2881 2931 2932
f 2972 2973 2932
f 2933 2881 2932
f 2822 2852 2853
f 2853 2854 2822
f 2821 2850 2851
f 2787 2807 2788
f 2864 2866 2831
f 2830 2829 2863
f 2866 2864 2830
f 2830 2864 2831
f 2831 2807 2830
f 2830 2807 2829
f 2863 2890 2913
f 2909 2861 2882
f 2909 2910 2861
f 1402 1396 1439
f 1439 1403 1402
f 1402 1403 1370
f 1395 1438 1439
f 1394 1438 1395
f 1439 1396 1395
f 1395 1367 1394
f 1395 1396 1367
f 1437 1438 1394
f 1394 1393 1437
f 1436 1469 1437
f 1437 1393 1436
f 1403 1438 1442
f 1342 1353 2788
f 1342 2789 1341
f 2788 2789 1342
f 2129 2154 2130
f 2153 2154 2128
f 2128 2129 2106
f 2154 2129 2128
f 1368 1349 1367
f 1368 1365 1349
f 1338 1339 1333
f 1350 1339 1349
f 1333 1332 2097
f 2097 1336 1333
f 2085 1336 2097
f 2108 2092 2106
f 2106 2129 2108
f 2108 2129 2130
f 2106 2092 2089
f 3123 3101 3100
f 3063 3061 2811
f 2790 2811 3061
f 2810 2811 2790
f 2886 3190 2937
f 2937 3190 3191
f 2888 2849 2887
f 2887 2849 2886
f 2886 2937 2887
f 3083 3084 3071
f 3145 2937 3146
f 2118 2119 2101
f 2162 2137 2161
f 2161 2137 2160
f 2136 2137 2114
f 2136 2160 2137
f 1454 1453 1489
f 1489 1472 1456
f 1484 1472 1489
f 1489 1453 1484
f 1367 1349 1364
f 1364 1363 1367
f 1363 1364 1347
f 1399 1434 1440
f 1399 1390 1434
f 1367 1390 1399
f 1392 1367 1399
f 1440 1436 1399
f 1399 1393 1392
f 1436 1393 1399
f 2152 2153 2127
f 2127 2151 2152
f 2153 2128 2127
f 2150 2151 2127
f 2106 2126 2127
f 2127 2128 2106
f 2179 1344 2159
f 2159 2158 2179
f 2159 2156 2133
f 2133 2158 2159
f 2292 2293 2262
f 2292 2311 2293
f 2318 2308 1842
f 1842 2308 1841
f 1841 2308 1787
f 2311 2292 2309
f 1790 1735 1734
f 2244 1735 1790
f 1688 1656 1687
f 1687 1735 1688
f 1896 1950 1897
f 1896 1948 1950
f 1897 1950 1951
f 1734 1785 1786
f 1786 1785 1841
f 1841 1787 1786
f 1786 2308 1734
f 1786 1787 2308
f 1839 1838 1895
f 1840 1785 1839
f 1839 1896 1897
f 1895 1896 1839
f 1897 1898 1839
f 1837 1838 1782
f 1838 1839 1782
f 1782 1839 1783
f 1782 1783 1734
f 737 1626 715
f 2279 2243 2278
f 2243 2277 2278
f 2278 2303 2279
f 743 749 2180
f 745 743 739
f 749 743 745
f 2180 749 2688
f 747 738 739
f 739 743 747
f 747 743 748
f 1657 3077 1656
f 1685 1686 1656
f 1945 1944 1999
f 1999 1948 1945
f 2114 3128 3103
f 3079 3077 3088
f 3088 1730 3079
f 3104 3105 3087
f 3087 3088 3077
f 3105 3088 3087
f 3104 3126 3129
f 3129 3105 3104
f 1912 2439 1853
f 1853 1852 1912
f 1802 1852 1853
f 2434 2439 3025
f 2434 1853 2439
f 1979 1927 1974
f 1974 1973 1979
f 2017 2004 2025
f 1982 1981 1983
f 1982 1932 1981
f 1934 1982 1983
f 1894 1889 1943
f 1838 1889 1894
f 1895 1838 1894
f 2024 2021 1995
f 1995 1996 2024
f 1931 1876 1930
f 233 218 220
f 220 236 233
f 3949 3950 3933
f 3933 3931 3949
f 3948 3947 3950
f 3948 3931 3947
f 3950 3949 3948
f 3948 3949 3931
f 3503 202 184
f 150 2377 162
f 2377 181 162
f 2378 2377 150
f 2323 2322 425
f 425 2326 2323
f 147 2322 2323
f 2323 2326 147
f 154 150 147
f 147 2326 154
f 3691 3725 3695
f 1572 1573 1557
f 1557 1573 1558
f 1556 1572 1557
f 1589 1586 1606
f 1606 1590 1589
f 1615 1597 1594
f 1615 1616 1597
f 1594 1614 1615
f 1617 1614 3754
f 1617 1615 1614
f 1616 1615 1617
f 1598 1617 3754
f 1616 1617 1598
f 1577 1597 1598
f 1597 1616 1598
f 1574 1597 1577
f 1574 1595 1597
f 1558 1573 1574
f 1573 1595 1574
f 1558 1559 217
f 217 1557 1558
f 3468 1557 217
f 217 1559 202
f 202 3503 217
f 217 3503 3468
f 3288 3332 3280
f 3332 3281 3280
f 3280 3241 3288
f 3242 3241 3280
f 3280 3234 3242
f 3280 3281 3234
f 2798 3240 3287
f 3287 3239 2798
f 3240 3239 3287
f 3376 3384 3380
f 3380 3384 3372
f 3372 3359 3383
f 3359 3358 3383
f 3383 3358 3361
f 3313 3354 3355
f 3313 3356 3354
f 3355 3316 3315
f 3315 3313 3355
f 3330 3331 3279
f 3330 3356 3331
f 3354 3356 3330
f 3361 3357 3374
f 3357 3354 3374
f 3354 3330 3374
f 3257 3292 3305
f 3246 3292 3257
f 3257 3213 3246
f 3305 3258 3257
f 3257 3258 3213
f 3125 3168 3169
f 3169 3168 3211
f 3169 3211 3212
f 3202 3168 3162
f 3211 3168 3202
f 3343 3341 3379
f 3255 3301 3302
f 3301 3341 3302
f 3303 3255 3302
f 3302 3343 3303
f 3302 3341 3343
f 3304 3345 3339
f 3378 3345 3344
f 3303 3343 3344
f 3344 3345 3303
f 3294 3291 3290
f 3290 3291 3245
f 3336 3291 3294
f 3189 3238 3194
f 3194 3153 3189
f 3243 3194 3238
f 3207 3208 3166
f 3154 3122 3121
f 3121 3153 3154
f 3154 3153 3196
f 2768 3142 3181
f 2800 2824 2825
f 2824 2857 2825
f 2826 2800 2825
f 2825 2857 2826
f 3041 3040 3043
f 3043 3040 2801
f 2826 3041 3043
f 3043 2801 2826
f 1316 1297 1315
f 1315 1298 1316
f 686 715 687
f 687 670 669
f 692 670 687
f 669 668 687
f 687 668 686
f 716 715 736
f 736 722 716
f 722 692 716
f 716 687 715
f 692 687 716
f 663 662 671
f 662 670 671
f 671 672 663
f 671 670 672
f 694 670 693
f 672 670 694
f 1297 672 694
f 694 693 3011
f 3011 1297 694
f 657 653 658
f 658 665 657
f 658 664 665
f 655 664 658
f 659 661 660
f 1072 1104 659
f 659 660 655
f 655 1122 659
f 1104 1071 659
f 659 1071 667
f 3187 2431 2437
f 3186 3233 3187
f 3232 3233 3186
f 3012 3029 3030
f 3030 3013 3012
f 3030 3029 3027
f 3030 3027 3031
f 3031 3013 3030
f 3031 2441 2443
f 3325 3277 3275
f 3327 3277 3325
f 3325 3369 3327
f 3365 3366 3378
f 3378 3344 3365
f 3346 3336 3377
f 3305 3336 3346
f 3346 3366 3326
f 1935 1882 1938
f 3276 3227 3275
f 3228 3227 3276
f 3275 3277 3276
f 3276 3277 3228
f 1729 3326 3322
f 3326 3366 3322
f 3143 3185 3186
f 3186 3187 3143
f 1676 2443 1720
f 3226 3227 3185
f 3226 1682 1729
f 1679 1727 1728
f 1728 1682 1679
f 1727 1776 1728
f 1729 1682 1728
f 1728 1776 1729
f 767 768 2407
f 2407 759 767
f 767 758 768
f 767 759 758
f 2407 768 765
f 768 758 765
f 765 758 757
f 757 764 765
f 2407 765 2410
f 2410 765 764
f 790 781 2993
f 2993 788 790
f 790 788 781
f 3037 3034 3036
f 3038 3039 3036
f 3039 3037 3036
f 2405 2406 2403
f 2417 3331 2418
f 3331 3356 2418
f 3356 3313 2411
f 2411 2410 789
f 1101 1108 1080
f 1101 1100 1108
f 1080 1068 1101
f 1068 1100 1101
f 1075 1065 1038
f 1090 1065 1075
f 1090 1091 1066
f 1066 1065 1090
f 1090 1116 1091
f 1172 1074 1180
f 1180 1181 1172
f 1193 1181 1180
f 1180 1074 1036
f 1167 1102 1106
f 1089 1088 655
f 655 1056 1089
f 1089 1056 1055
f 1113 1126 1110
f 1126 1111 1110
f 1110 1081 1113
f 1110 1111 1081
f 881 857 856
f 1046 1010 1042
f 1042 1068 1046
f 1008 1042 1009
f 1009 1042 1010
f 1011 1045 1041
f 1010 1045 1011
f 1081 1086 1112
f 1039 1044 1076
f 1039 1045 1044
f 1041 1045 1039
f 1047 1040 1079
f 655 1288 1289
f 1289 1057 655
f 1018 1057 1289
f 1289 1019 1018
f 1020 1019 1289
f 1289 1288 1290
f 1290 1143 1289
f 1143 1020 1289
f 1017 1016 985
f 985 1015 1017
f 984 1015 985
f 1016 986 985
f 1051 1016 1017
f 1051 1017 655
f 1053 1057 1018
f 1018 1016 1053
f 3889 3904 3905
f 3905 3904 3913
f 3858 3884 3885
f 3912 3903 3911
f 3911 3903 3902
f 3816 3817 3813
f 3814 3797 3813
f 3902 3903 3888
f 3888 3903 3904
f 3888 3904 3889
f 3862 3843 3858
f 3862 3863 3843
f 3893 3863 3862
f 3858 3885 3862
f 3862 3885 3893
f 3887 3863 3893
f 3902 3888 3887
f 3860 3863 3887
f 3887 3888 3860
f 352 1179 339
f 1179 3793 339
f 3828 1272 3852
f 3828 1248 1272
f 826 827 806
f 826 1274 827
f 806 825 1273
f 825 1274 1273
f 1273 826 806
f 1274 826 1273
f 1253 1274 1254
f 827 1274 1253
f 825 1287 1282
f 1282 1274 825
f 1276 1268 1254
f 845 813 844
f 813 843 844
f 835 813 812
f 835 843 813
f 835 812 840
f 840 843 835
f 893 863 892
f 863 891 892
f 890 932 892
f 892 891 890
f 840 812 839
f 839 838 840
f 812 838 839
f 3854 3855 3831
f 3831 3830 3854
f 3812 3831 3813
f 3812 3830 3831
f 3813 3797 3812
f 3797 3796 3812
f 805 801 804
f 806 795 805
f 1272 848 3873
f 3852 1272 3873
f 1228 1225 1246
f 1246 1248 1228
f 1271 1248 1246
f 1270 1271 1246
f 811 810 834
f 811 812 799
f 811 834 812
f 809 807 834
f 834 810 809
f 798 792 797
f 807 809 797
f 797 809 810
f 810 811 797
f 799 798 797
f 797 811 799
f 3855 3834 3833
f 3833 3832 3855
f 3833 3834 3813
f 3813 3832 3833
f 3856 3834 3855
f 3855 3881 3856
f 3886 3881 3898
f 3886 3883 3858
f 430 502 431
f 2346 2380 430
f 430 431 2346
f 617 576 575
f 615 577 622
f 577 576 622
f 622 616 615
f 576 617 622
f 622 617 616
f 571 572 2339
f 2339 570 571
f 2340 570 2339
f 3732 3729 3715
f 2390 2375 2374
f 2371 3685 3716
f 3716 3717 2371
f 2370 3685 2371
f 3717 2390 2371
f 2371 2390 2374
f 2339 3685 2368
f 2368 3685 2370
f 2368 2340 2339
f 3703 3658 3706
f 3654 3658 3703
f 3650 3658 3654
f 2359 2361 2336
f 2359 2336 2360
f 2334 2359 2360
f 3713 3708 3714
f 3731 3732 3714
f 3714 3685 3713
f 3715 3685 3714
f 3714 3732 3715
f 3720 3714 3721
f 3682 3706 3711
f 3703 3706 3682
f 3682 3704 3703
f 3708 3711 3705
f 3705 3656 3708
f 3711 3706 3705
f 3705 3706 3656
f 3688 3656 3637
f 3720 3721 3688
f 3688 3721 3714
f 3688 3719 3720
f 3573 3594 3535
f 3535 3534 3573
f 3584 3527 3526
f 1135 1134 3486
f 1136 1134 1135
f 1135 1138 1136
f 391 447 392
f 351 362 352
f 352 339 351
f 3787 350 351
f 351 3793 3787
f 351 339 3793
f 392 394 363
f 363 362 392
f 352 362 363
f 2336 2361 3628
f 1607 1618 3935
f 3935 3934 1607
f 3935 1618 1619
f 1619 1130 3935
f 3935 1130 1129
f 3927 3934 3935
f 3477 1565 1550
f 1550 1567 3477
f 3477 1567 1551
f 3475 3515 3476
f 3475 3514 3515
f 3475 1551 1567
f 3509 3574 3575
f 1569 1590 1570
f 3572 3506 3571
f 3571 3636 3572
f 3636 3573 3572
f 1546 3506 3471
f 3470 1546 3471
f 3450 3487 3471
f 3471 1579 3470
f 1128 1579 3471
f 3570 3506 3569
f 3569 1546 3505
f 3569 3506 1546
f 3635 3570 3583
f 3580 3643 3644
f 3644 3697 3698
f 3698 3645 3644
f 3646 3701 3647
f 3582 3583 3516
f 3582 3646 3647
f 3645 3646 3582
f 2395 2379 2391
f 2395 2392 2379
f 2391 2376 2395
f 3735 2400 2394
f 2400 2392 2394
f 2394 2392 2375
f 3728 3697 3727
f 1581 1564 1563
f 1564 1547 1563
f 1563 1562 1581
f 1563 1547 1562
f 3424 3453 3425
f 3422 1139 1136
f 3422 1140 1139
f 3407 1140 3422
f 3422 3423 3407
f 3422 3447 3423
f 1131 1134 1132
f 1132 1129 1131
f 1131 1129 1128
f 1128 3487 1131
f 3489 3452 3485
f 3485 3531 3489
f 3478 3453 3489
f 3453 3452 3489
f 3967 3979 3980
f 3980 3981 3967
f 3980 3979 3971
f 3971 3981 3980
f 1292 1303 3986
f 3986 3977 1142
f 1148 1292 3986
f 3986 1142 1148
f 1326 1303 1313
f 3989 3978 3988
f 3988 3984 3989
f 3978 3984 3988
f 3992 3985 3989
f 3993 3985 3992
f 3982 3983 3967
f 3967 3977 3982
f 3967 3954 3966
f 3954 3965 3966
f 3966 3977 3967
f 1134 3977 3975
f 1132 1134 3975
f 3975 3972 1132
f 2997 2996 2998
f 2996 2999 2998
f 2994 2997 2998
f 2998 2999 2994
f 3019 3020 3006
f 3006 3018 3019
f 3006 3020 3021
f 3006 2999 2996
f 3000 2999 3006
f 3006 2996 3005
f 3005 3018 3006
f 3021 3022 3006
f 3006 3015 3000
f 3006 3022 3015
f 1317 1308 1307
f 1308 1293 1307
f 1304 1322 1305
f 1305 1293 1304
f 1313 1309 1311
f 1311 1296 1313
f 1309 1312 1311
f 1311 1312 1294
f 1294 3993 1311
f 3993 1296 1311
f 3399 1163 3398
f 3398 3397 3399
f 1163 3397 3398
f 3399 3387 3386
f 3387 1162 3386
f 3386 1162 1159
f 1159 1163 3386
f 3386 1163 3399
f 3431 3435 3429
f 3410 3409 3429
f 3429 3435 3416
f 3429 3413 3410
f 3416 3413 3429
f 995 958 997
f 946 945 987
f 987 945 989
f 943 986 944
f 984 985 943
f 943 985 986
f 944 945 903
f 903 943 944
f 901 943 903
f 903 945 946
f 1022 1149 1059
f 1059 1149 1145
f 3401 3389 3400
f 3400 3415 3401
f 3896 3910 3897
f 3896 3909 3910
f 3896 3908 3909
f 3879 792 3896
f 3896 792 800
f 800 815 3896
f 3896 815 816
f 3896 816 817
f 817 3908 3896
f 841 813 847
f 847 866 841
f 3432 3436 3460
f 3460 3461 3432
f 3417 3401 3415
f 2530 2531 2509
f 2509 2528 2530
f 2530 2528 2531
f 2534 2533 2555
f 2536 2534 2555
f 2555 2556 2536
f 2532 2531 2553
f 2553 2552 2536
f 2536 2556 2553
f 2464 2462 2483
f 2603 1355 2597
f 1 249 267
f 2542 2569 2567
f 2567 2544 2542
f 2585 2570 2567
f 2567 2570 2544
f 2568 2564 2583
f 2568 2569 2542
f 2563 2537 2562
f 2563 2564 2537
f 2537 2564 2538
f 2538 2539 2512
f 2512 2537 2538
f 2583 2564 2582
f 2582 2580 2595
f 2582 2581 2580
f 2564 2563 2582
f 2562 2581 2582
f 2582 2563 2562
f 2541 2542 2513
f 2513 2540 2541
f 1371 11 1354
f 1354 3 1371
f 11 3 1354
f 2579 2560 2559
f 2579 2578 2593
f 2593 2594 2579
f 2559 2558 2579
f 2579 2558 2578
f 2580 2560 2579
f 2579 2594 2580
f 1460 1420 1459
f 1459 1458 1460
f 1420 1458 1459
f 2521 1356 2502
f 2521 1378 1356
f 2738 1378 2521
f 2502 2524 2521
f 2519 2738 2521
f 2521 2524 2519
f 1379 1421 1422
f 1422 1420 1460
f 1422 1421 1420
f 2519 2502 2523
f 2523 2520 2519
f 2502 2520 2523
f 2500 3773 3765
f 3773 3775 3765
f 3765 2518 2500
f 3765 3775 2518
f 308 322 317
f 317 300 308
f 322 331 317
f 265 264 281
f 279 266 265
f 265 281 279
f 266 249 265
f 265 1 264
f 249 1 265
f 320 319 18
f 300 319 320
f 18 303 320
f 55 58 19
f 18 54 55
f 54 58 55
f 308 300 302
f 302 289 308
f 285 302 300
f 289 302 285
f 1389 1363 1362
f 1363 1347 1362
f 2510 2487 2511
f 2511 2485 2510
f 2487 2485 2511
f 305 2496 2497
f 2497 2471 305
f 2497 2496 2493
f 2493 2471 2497
f 2459 2457 2451
f 2493 2077 2494
f 2470 2494 2077
f 2493 2494 2470
f 2470 2471 2493
f 2470 2457 2471
f 2474 2473 2495
f 2459 2473 2474
f 2495 2471 2474
f 2474 2471 2459
f 2491 2498 2492
f 2459 2451 2458
f 2069 2462 2453
f 45 97 46
f 96 97 45
f 12 6 2600
f 2600 2597 12
f 2597 2605 12
f 12 48 49
f 52 48 12
f 12 1355 52
f 12 2605 1355
f 49 53 14
f 14 12 49
f 6 12 14
f 53 16 13
f 13 14 53
f 6 14 13
f 104 48 103
f 48 102 103
f 103 121 104
f 103 102 123
f 123 121 103
f 117 116 124
f 116 67 124
f 64 61 124
f 124 61 117
f 124 67 66
f 66 65 124
f 124 65 64
f 2493 2496 3736
f 2496 3738 3736
f 2078 2517 3737
f 3737 3740 2078
f 3739 3740 3737
f 2493 3739 3737
f 3742 3741 3745
f 3741 3740 3745
f 209 229 230
f 229 224 230
f 230 23 209
f 230 223 23
f 230 224 223
f 244 223 241
f 20 223 242
f 223 244 242
f 242 244 241
f 241 247 242
f 256 253 272
f 272 57 256
f 56 57 19
f 56 118 119
f 56 119 120
f 56 58 118
f 19 58 56
f 120 121 56
f 287 55 19
f 287 303 18
f 18 55 287
f 273 3739 288
f 288 274 273
f 288 3738 304
f 3739 3738 288
f 288 304 305
f 305 306 288
f 306 289 288
f 276 277 262
f 274 288 276
f 276 288 289
f 248 247 250
f 250 247 240
f 239 248 250
f 250 240 239
f 64 23 63
f 23 22 63
f 59 57 123
f 123 61 59
f 59 61 60
f 20 57 59
f 59 21 20
f 60 21 59
f 123 57 122
f 122 121 123
f 57 56 122
f 122 56 121
f 1169 1177 1178
f 353 112 111
f 111 141 353
f 353 372 373
f 353 354 52
f 52 112 353
f 373 374 353
f 374 354 353
f 370 141 404
f 551 477 474
f 409 473 474
f 474 410 409
f 474 477 410
f 412 410 476
f 410 475 476
f 476 480 412
f 476 475 480
f 624 638 637
f 637 645 624
f 645 637 639
f 639 603 605
f 605 603 602
f 603 542 602
f 471 544 545
f 552 608 609
f 609 610 552
f 623 643 638
f 623 638 624
f 610 609 623
f 623 609 643
f 624 577 623
f 623 577 610
f 643 609 640
f 638 643 640
f 126 71 70
f 70 405 126
f 470 71 27
f 27 541 470
f 471 405 470
f 470 541 471
f 33 538 32
f 32 31 33
f 538 31 32
f 587 31 540
f 33 31 78
f 77 76 129
f 129 78 77
f 587 628 596
f 596 31 587
f 1447 1452 1408
f 1486 1487 1447
f 1447 1408 1407
f 1484 1452 1447
f 1447 1480 1481
f 1485 1486 1447
f 1447 1483 1484
f 1447 1407 1451
f 1451 1485 1447
f 1468 1469 1436
f 1436 1467 1468
f 1469 1468 1477
f 1477 1468 1467
f 1476 1477 1497
f 1497 1477 1467
f 417 418 26
f 26 484 417
f 417 485 418
f 417 484 485
f 486 558 560
f 560 492 486
f 558 492 560
f 486 492 487
f 487 492 168
f 487 420 486
f 168 420 487
f 619 568 567
f 567 620 619
f 569 568 619
f 619 620 561
f 366 367 352
f 352 365 366
f 366 365 367
f 399 367 395
f 367 365 395
f 533 452 532
f 533 589 590
f 590 591 533
f 454 450 394
f 646 645 647
f 605 545 604
f 604 545 544
f 604 544 599
f 650 648 647
f 650 642 648
f 511 580 581
f 580 594 581
f 514 583 579
f 579 510 514
f 578 583 514
f 514 510 435
f 511 581 528
f 528 581 527
f 528 512 511
f 392 447 448
f 447 526 448
f 448 528 527
f 526 528 448
f 448 394 392
f 2325 2342 2343
f 2343 381 2325
f 2325 381 2342
f 435 436 509
f 561 554 614
f 554 613 614
f 614 617 561
f 616 617 614
f 556 612 615
f 615 616 556
f 554 480 556
f 556 613 554
f 556 616 613
f 556 480 552
f 552 612 556
f 3844 3865 3848
f 3848 3825 3844
f 3844 3825 3821
f 3821 3843 3844
f 398 1226 461
f 1208 1226 1225
f 1225 1210 1208
f 1191 389 1208
f 133 131 89
f 133 132 131
f 131 132 82
f 81 82 35
f 131 82 81
f 35 34 81
f 81 34 80
f 108 129 109
f 109 51 108
f 108 51 107
f 107 131 108
f 1247 1226 398
f 398 396 460
f 403 34 35
f 396 34 403
f 403 460 396
f 468 460 403
f 402 396 367
f 1357 1385 1359
f 1359 1358 1357
f 1343 1358 1359
f 1384 1385 1356
f 1384 1430 1385
f 1429 1430 1384
f 1384 1356 1383
f 1383 1418 1384
f 1418 1429 1384
f 2589 1377 2590
f 2593 2592 2602
f 2592 2591 2602
f 2602 2 2593
f 1539 1525 1524
f 1507 1480 1506
f 1479 1487 1506
f 1506 1480 1479
f 1479 1447 1487
f 1480 1447 1479
f 1481 1480 1482
f 1482 1447 1481
f 1483 1447 1482
f 1482 1480 1509
f 1509 1519 1518
f 1518 1519 1498
f 1521 1519 1509
f 1520 1519 1521
f 1521 1509 1500
f 1500 1520 1521
f 1474 1473 1498
f 1474 1498 1476
f 1476 1475 1474
f 1440 1473 1474
f 1474 1475 1440
f 1419 1378 2738
f 2738 2742 1419
f 1420 1378 1419
f 1419 1458 1420
f 1516 2757 2751
f 2751 2757 2752
f 2743 1516 2751
f 2751 2752 2743
f 1534 1514 1513
f 1534 1528 1514
f 1513 1529 1534
f 1529 1528 1534
f 1506 1512 1526
f 1512 1528 1526
f 1526 1528 1527
f 1526 1527 1509
f 1526 1507 1506
f 1537 1530 1517
f 2743 1530 1537
f 1537 2748 2743
f 2634 2633 2654
f 2618 2633 2634
f 2617 2633 2618
f 2618 2610 2617
f 2610 2615 729
f 2616 2610 729
f 2649 2631 2630
f 2649 2632 2631
f 2649 2630 45
f 45 46 2649
f 2650 2632 2649
f 2650 2668 2651
f 2651 2632 2650
f 2651 2668 2669
f 2669 2670 2651
f 2670 2652 2651
f 2652 2632 2651
f 2653 2633 2652
f 2652 2671 2653
f 2653 2654 2633
f 2653 2671 2672
f 2660 2637 2659
f 2640 2637 2660
f 2622 2623 2612
f 2701 2700 2699
f 2701 2716 2717
f 2701 2699 2716
f 2662 2661 2678
f 2697 2698 2678
f 2678 2677 2697
f 2678 2661 2677
f 2716 2698 2715
f 2715 2729 2716
f 2728 2729 2715
f 2699 2700 2680
f 2716 2239 2734
f 2704 2688 2705
f 2706 2688 2704
f 2276 2277 2242
f 2242 2243 2209
f 2242 2277 2243
f 2208 2209 2180
f 2180 2688 2208
f 2118 2144 2145
f 2145 2119 2118
f 2146 2119 2145
f 2145 2169 2146
f 2144 2169 2145
f 2143 2144 2118
f 2195 2194 2219
f 2238 2270 2271
f 2267 2266 2294
f 2267 2269 2268
f 2295 2269 2267
f 2270 2295 2267
f 2297 2298 2267
f 2234 2205 2204
f 2268 2269 2235
f 2736 2205 2235
f 2300 2270 2299
f 2299 2298 2300
f 2270 2267 2299
f 2299 2267 2298
f 2300 2297 2317
f 2317 2301 2300
f 2270 2301 2302
f 2279 2270 2302
f 2302 2306 2305
f 2697 2712 2713
f 2712 2727 2713
f 2693 2709 2710
f 2710 2711 2693
f 2202 2230 2231
f 2202 2231 2204
f 2227 2264 2265
f 2205 2726 2725
f 2725 2726 2711
f 2201 2205 2725
f 2711 2710 2725
f 2725 2709 2201
f 2725 2710 2709
f 667 679 675
f 679 701 675
f 728 729 704
f 1069 1072 1103
f 1103 1167 1070
f 1070 1069 1103
f 1032 1069 1070
f 2613 705 2607
f 2612 746 2613
f 2613 2607 2612
f 2612 2607 2611
f 2611 2622 2612
f 2620 2622 2611
f 2607 705 2606
f 2609 2610 2606
f 2610 2611 2606
f 2606 2611 2607
f 1182 1173 1181
f 730 2615 2609
f 730 705 704
f 2609 2606 730
f 730 2606 705
f 1169 1173 1176
f 1176 1177 1169
f 1213 1194 1212
f 1195 1194 1213
f 1254 1268 1257
f 1257 1255 1254
f 1700 720 1669
f 721 720 1700
f 718 738 740
f 748 1744 740
f 1744 1801 740
f 740 747 748
f 738 747 740
f 698 697 696
f 674 697 698
f 698 699 674
f 2876 2874 2837
f 2837 2874 2875
f 2924 2872 2923
f 2957 2923 3771
f 2957 3771 3777
f 3777 2954 2957
f 2767 2766 2773
f 2773 2775 2767
f 2773 2766 3771
f 3771 2775 2773
f 2069 2476 2477
f 2502 2503 2480
f 2480 2476 2502
f 2501 2520 2502
f 2502 2476 2501
f 2500 2520 2501
f 2501 2476 2500
f 2985 2960 2987
f 2987 2957 2954
f 2930 2966 2967
f 2967 2966 2980
f 2967 2980 2968
f 2968 2931 2967
f 2967 2931 2930
f 2927 2960 2961
f 2877 2841 2840
f 2841 2813 2840
f 2791 2814 2792
f 2791 2813 2814
f 2791 2792 3771
f 2930 2929 2964
f 2964 2929 2928
f 2974 2973 2975
f 2933 2932 2974
f 2974 2932 2973
f 2896 2853 2895
f 2895 2853 2852
f 2977 2941 2976
f 2975 2973 2976
f 2976 2941 2975
f 2939 2955 2940
f 2940 2955 2975
f 2975 2941 2940
f 2940 2941 2896
f 2896 2895 2940
f 2899 2854 2898
f 2854 2853 2898
f 2942 2943 2899
f 2899 2898 2942
f 2942 2898 2941
f 2979 2943 2942
f 2915 2939 2892
f 2891 2890 2863
f 2863 2883 2891
f 2891 2851 2890
f 2883 2851 2891
f 2822 2821 2846
f 2821 2851 2846
f 2846 2851 2883
f 2846 2852 2822
f 2917 2913 2938
f 2938 2913 2890
f 2796 2818 2816
f 2785 2805 2806
f 2806 2807 2785
f 2788 1353 1369
f 1369 2787 2788
f 1370 2787 1369
f 2914 2913 2917
f 2863 2913 2914
f 2862 2829 2861
f 2861 2912 2862
f 2863 2829 2862
f 2862 2912 2863
f 2861 2910 2911
f 2911 2912 2861
f 2911 2910 2863
f 2863 2912 2911
f 2882 2910 2936
f 2936 2909 2882
f 2910 2909 2936
f 1370 1396 1401
f 1401 1402 1370
f 1396 1402 1401
f 1438 1437 1471
f 1471 1442 1438
f 1471 1437 1469
f 1469 1442 1471
f 1398 1368 1367
f 1370 1368 1398
f 1333 1336 1340
f 1340 1338 1333
f 1340 1336 1337
f 1349 1365 1366
f 1366 1350 1349
f 1352 1368 1370
f 1365 1368 1352
f 1352 1366 1365
f 1350 1366 1352
f 1353 1342 1352
f 1370 1369 1352
f 1352 1369 1353
f 2107 2108 2130
f 2092 2108 2107
f 2106 2089 2105
f 2105 2089 2088
f 2088 2089 3074
f 3120 3119 3123
f 3123 3100 3120
f 3120 3096 3119
f 3084 3096 3097
f 3096 3120 3097
f 3097 3120 3100
f 1341 2789 1335
f 2789 2790 1335
f 2085 2097 1329
f 1329 2097 1332
f 1329 1332 1333
f 2831 2868 2835
f 2835 2809 2831
f 2835 2868 2871
f 2835 2832 2809
f 2833 2832 2835
f 2888 2887 2918
f 2918 2938 2888
f 2917 2938 2918
f 2919 2887 2937
f 2868 2918 2919
f 2919 2918 2887
f 3071 3065 3072
f 3065 3070 3072
f 3072 3083 3071
f 3072 3070 3082
f 3149 2937 3191
f 3191 3150 3149
f 3149 3150 3116
f 3116 3146 3149
f 3116 3117 3092
f 3092 3117 3114
f 3092 3114 3093
f 3093 3082 3092
f 2114 2101 2113
f 2113 3128 2114
f 2102 2103 2088
f 2102 2124 2103
f 2149 2119 2148
f 2149 2172 2150
f 2149 2148 2147
f 2147 2172 2149
f 2160 2136 2135
f 3104 3087 2135
f 2135 3087 2160
f 2141 2139 2165
f 2115 2101 2114
f 2118 2101 2117
f 1455 1489 1456
f 1454 1489 1455
f 1456 1411 1455
f 1455 1411 1454
f 1348 1364 1349
f 1348 1347 1364
f 1337 1347 1348
f 1348 1340 1337
f 1338 1340 1348
f 1349 1339 1348
f 1339 1338 1348
f 2150 2127 2125
f 2125 2127 2126
f 2125 2126 2106
f 2178 2159 1344
f 2156 2159 2178
f 2178 1344 1345
f 2321 2311 2318
f 2318 2313 2321
f 2321 2313 2311
f 2296 2267 2294
f 2297 2267 2296
f 2293 2311 2312
f 2311 2313 2312
f 2294 2293 2312
f 2312 2313 2294
f 2262 2227 2261
f 2262 2261 2290
f 2290 2261 2289
f 2284 2309 2310
f 2310 2309 2292
f 2287 2289 2288
f 2284 2310 2285
f 2285 2310 2287
f 2221 2254 2253
f 1734 2308 1788
f 2308 2281 1788
f 2282 2281 2308
f 2308 2309 2282
f 2244 2281 2282
f 2282 2309 2284
f 2284 2283 2282
f 2318 2311 2320
f 2319 2308 2318
f 2319 2309 2308
f 2318 2320 2319
f 2311 2309 2319
f 2319 2320 2311
f 1656 1688 1689
f 2244 2212 1689
f 1689 1735 2244
f 1689 1688 1735
f 2004 1951 2003
f 2003 1951 1950
f 2025 2004 2003
f 1784 1839 1785
f 1783 1839 1784
f 1784 1785 1734
f 1734 1783 1784
f 2305 2306 2280
f 2280 2243 2279
f 2280 1658 2243
f 2279 2302 2280
f 2280 2302 2305
f 2009 1973 1972
f 1973 1916 1972
f 1979 2009 2015
f 2015 1981 1979
f 1837 1782 1835
f 1835 1782 1781
f 1781 1836 1835
f 1835 1889 1837
f 1734 1686 1733
f 1733 1782 1734
f 686 668 685
f 684 668 683
f 684 685 668
f 2422 1623 715
f 715 1620 2422
f 2422 1620 1623
f 3026 3011 736
f 736 1624 2428
f 2180 1658 1636
f 1636 1658 1659
f 1698 1744 748
f 748 743 1698
f 1659 1658 1698
f 1698 743 1659
f 2243 1658 1690
f 2627 745 744
f 717 700 727
f 739 717 727
f 727 745 739
f 1669 1670 1644
f 1644 1670 1668
f 1766 1764 1807
f 2181 2184 2161
f 3077 2184 2181
f 2181 3087 3077
f 2161 2160 2181
f 2160 3087 2181
f 2211 2184 1655
f 3078 2184 3077
f 1731 1780 1781
f 3079 1730 1731
f 1944 1945 1892
f 1893 1836 1892
f 1947 1945 1948
f 1947 1894 1943
f 1948 1894 1947
f 1943 1893 1947
f 3127 3126 3104
f 3104 2135 3127
f 2114 3103 3127
f 3127 2136 2114
f 3127 2135 2136
f 3084 3097 3098
f 3098 3097 3100
f 3124 3126 3102
f 3102 3101 3124
f 3126 3127 3102
f 3102 3127 3103
f 1730 3088 3089
f 3089 3111 1730
f 3089 3110 3111
f 3212 3213 3174
f 1802 1853 1854
f 1853 2434 1854
f 2014 2009 1979
f 1979 1973 2014
f 1973 2013 2014
f 2012 1973 2009
f 2012 2013 1973
f 2009 2014 2012
f 2012 2014 2013
f 1856 1851 1802
f 1856 1915 1869
f 1869 1851 1856
f 1917 1872 1871
f 1973 1974 1917
f 1871 1870 1914
f 1914 1870 1915
f 1914 1917 1871
f 1913 1917 1914
f 1915 1856 1914
f 1914 1856 1913
f 1933 1878 1932
f 1932 1982 1933
f 1933 1934 1878
f 1982 1934 1933
f 1998 1948 1999
f 2000 1948 1998
f 1999 1944 1998
f 1986 1934 1985
f 1930 1876 1929
f 1929 1934 1930
f 1878 1934 1929
f 1985 1934 1984
f 1984 1934 1983
f 1948 1896 1949
f 1949 1894 1948
f 1949 1896 1895
f 1895 1894 1949
f 1779 1831 1780
f 1779 1731 1730
f 1780 1731 1779
f 1941 1996 1995
f 234 233 236
f 234 236 3753
f 3753 225 234
f 234 225 218
f 218 233 234
f 3468 3503 3504
f 182 3503 184
f 181 3503 182
f 2345 2326 425
f 425 2378 2345
f 2377 2378 2344
f 2344 2378 425
f 425 3723 3724
f 3724 3691 425
f 3724 3723 3735
f 3724 3735 3725
f 3725 3691 3724
f 1558 1574 1575
f 1560 1559 1558
f 3754 1600 1599
f 1599 1598 3754
f 149 160 156
f 156 157 149
f 156 176 157
f 175 176 156
f 177 156 160
f 3279 3278 3328
f 3328 3330 3279
f 3371 3372 3329
f 3372 3330 3329
f 3330 3328 3329
f 3329 3327 3371
f 3329 3278 3327
f 3329 3328 3278
f 3373 3383 3361
f 3361 3374 3373
f 3372 3383 3373
f 3373 3330 3372
f 3373 3374 3330
f 3310 1996 3262
f 3170 3126 3125
f 3125 3169 3170
f 3161 3202 3162
f 3162 3123 3161
f 3123 3160 3161
f 3245 3246 3200
f 3200 3247 3245
f 3246 3211 3200
f 3211 3202 3200
f 3200 3201 3247
f 3160 3201 3200
f 3200 3161 3160
f 3202 3161 3200
f 3342 3341 3301
f 3342 3379 3341
f 3376 3380 3342
f 3342 3380 3372
f 3342 3334 3376
f 3301 3334 3342
f 3203 3167 3166
f 3166 3208 3203
f 3203 3208 3167
f 3209 3254 3255
f 3253 3254 3209
f 3208 3207 3209
f 3255 3256 3209
f 3209 3256 3244
f 3244 3210 3209
f 3209 3210 3167
f 3167 3208 3209
f 3340 3346 3377
f 3340 3345 3378
f 3340 3339 3345
f 3378 3366 3340
f 3366 3346 3340
f 3367 3365 3382
f 3382 3365 3344
f 3199 3201 3160
f 3160 3159 3199
f 3159 3167 3199
f 3199 3210 3244
f 3167 3210 3199
f 3244 3256 3248
f 3248 3293 3294
f 3248 3256 3293
f 3294 3290 3248
f 3247 3201 3248
f 3337 3292 3291
f 3291 3336 3337
f 3305 3292 3337
f 3337 3336 3305
f 3189 3234 3235
f 3235 3236 3189
f 3236 3235 3283
f 3283 3235 3234
f 3298 3301 3255
f 3255 3254 3298
f 3237 3238 3189
f 3189 3236 3237
f 3206 3207 3166
f 3251 3250 3253
f 3251 3207 3250
f 3094 3096 3084
f 3094 3095 3096
f 3084 3083 3094
f 3083 3095 3094
f 3096 3095 3118
f 3118 3152 3119
f 3119 3096 3118
f 3118 3151 3152
f 3122 3151 3118
f 3085 3095 3083
f 3083 3072 3085
f 3085 3082 3093
f 3085 3072 3082
f 3156 3122 3155
f 3122 3154 3155
f 3196 3204 3197
f 3197 3154 3196
f 3197 3155 3154
f 3197 3204 3166
f 3123 3152 3164
f 3152 3151 3164
f 3156 3155 3164
f 3155 3197 3164
f 3158 3151 3122
f 3198 3164 3158
f 3158 3164 3151
f 3218 3181 3180
f 3223 3181 3218
f 3222 3181 3221
f 3222 3221 3224
f 3219 3181 3223
f 3266 3263 3219
f 1314 1297 1308
f 1314 1315 1297
f 1314 1308 1298
f 1298 1315 1314
f 656 653 651
f 656 658 653
f 651 655 656
f 655 658 656
f 1072 659 1105
f 1105 659 1122
f 1103 1072 1105
f 1105 1122 1103
f 2431 3187 2438
f 2438 3187 3233
f 3233 3232 2438
f 2425 3232 3231
f 3279 2425 3231
f 3231 3230 3279
f 3186 3230 3231
f 3231 3232 3186
f 1869 1870 1816
f 1816 1870 1871
f 1871 1872 1816
f 2441 1868 1815
f 1815 1868 1869
f 1869 1816 1815
f 1774 1727 1726
f 1726 1727 1679
f 1679 1678 1726
f 1822 1875 1874
f 1874 1823 1822
f 1772 1822 1773
f 1773 1822 1823
f 1773 1826 1774
f 1774 1726 1773
f 1773 1726 1772
f 2021 2024 3312
f 3312 1996 3310
f 3312 2024 1996
f 3306 3258 3305
f 1882 1829 1881
f 1829 1828 1881
f 1881 1931 1882
f 1774 1826 1827
f 1826 1828 1827
f 1883 1829 1882
f 1987 1935 1938
f 1938 1995 1987
f 1995 2021 1987
f 2021 3312 2023
f 1635 3143 1634
f 3144 3187 2437
f 3144 3143 3187
f 1677 1676 1721
f 1721 1676 1720
f 1721 1722 1677
f 1720 1722 1721
f 3184 3226 3185
f 1682 3226 3184
f 3185 3143 3184
f 789 2410 778
f 778 2410 764
f 778 788 789
f 781 788 778
f 778 787 775
f 778 764 763
f 778 775 774
f 774 781 778
f 3038 3036 3035
f 3033 3034 2409
f 2409 2406 3033
f 2406 2405 3033
f 3141 3181 3142
f 2415 2411 2414
f 2415 2993 2417
f 2415 788 2993
f 789 788 2415
f 2415 2414 789
f 789 2414 2412
f 2414 2411 2412
f 2410 2411 2408
f 2408 2403 2407
f 2407 2410 2408
f 3223 3218 2408
f 3180 2403 2408
f 2408 3218 3180
f 1117 1116 1122
f 1122 1118 1117
f 1091 1116 1117
f 1095 1096 1068
f 1037 1074 1075
f 1075 1038 1037
f 1036 1074 1037
f 1026 1065 1066
f 1026 1038 1065
f 1066 1067 1026
f 1026 1067 1068
f 1004 1038 1026
f 1026 1042 1008
f 1068 1042 1026
f 1008 993 1026
f 1002 1038 1003
f 1003 1038 1004
f 1003 965 1002
f 1193 1180 1192
f 1192 1180 1036
f 1171 1074 1172
f 1171 1106 1074
f 1172 1167 1171
f 1167 1106 1171
f 1001 1002 1212
f 1212 1000 1001
f 1000 1037 1001
f 1001 1038 1002
f 1001 1037 1038
f 1212 1194 1211
f 1211 1000 1212
f 1211 1194 1193
f 1193 1192 1211
f 1211 1192 1036
f 1036 1037 1211
f 1211 1037 1000
f 1002 965 964
f 922 964 924
f 924 964 965
f 806 827 1252
f 827 1253 1252
f 1054 1089 1055
f 1088 1089 1054
f 1050 1088 1054
f 1054 1017 1050
f 1054 1055 1017
f 980 1013 1014
f 938 941 940
f 984 943 982
f 982 943 941
f 982 941 938
f 982 1015 984
f 982 1013 1015
f 893 938 939
f 938 940 939
f 898 863 897
f 863 896 897
f 897 940 898
f 896 939 897
f 897 939 940
f 971 976 974
f 976 975 974
f 974 932 971
f 974 975 932
f 933 975 976
f 932 975 933
f 933 892 932
f 881 856 855
f 921 878 1230
f 921 1230 1212
f 973 1009 1010
f 1010 1011 973
f 973 993 1008
f 1008 1009 973
f 973 952 993
f 1084 1043 1083
f 1040 1039 1077
f 1077 1076 1084
f 1077 1039 1076
f 1007 1039 1040
f 1041 1039 1007
f 1007 1011 1041
f 1007 973 1011
f 1007 976 971
f 971 973 1007
f 1084 1079 1078
f 1078 1079 1040
f 1078 1077 1084
f 1040 1077 1078
f 1049 1015 1048
f 1047 1079 1048
f 1048 1013 1047
f 1015 1013 1048
f 1016 1051 1052
f 1052 1053 1016
f 1057 1053 1052
f 655 1057 1052
f 1052 1051 655
f 3619 3620 3889
f 3889 3905 3619
f 3901 3911 3902
f 3902 3887 3901
f 3901 3887 3893
f 3911 3901 3907
f 3907 3901 3893
f 3822 3805 3821
f 3821 3825 3822
f 3821 3840 3841
f 3820 3840 3821
f 3819 3840 3820
f 3821 3805 3820
f 3805 3819 3820
f 3813 3817 3815
f 3815 3814 3813
f 3809 3796 3795
f 3802 3815 3817
f 3817 3816 3802
f 3793 3807 3794
f 3794 1210 3795
f 3807 1210 3794
f 3788 3796 3797
f 3795 3796 3788
f 3788 3794 3795
f 3793 3794 3788
f 3783 3787 3788
f 3787 3793 3788
f 1227 1210 3827
f 3827 1210 1228
f 1271 1284 1285
f 1287 1284 1283
f 1283 1282 1287
f 1283 1284 1271
f 1271 1282 1283
f 1268 1265 1238
f 1254 1274 1275
f 1275 1276 1254
f 1274 1276 1275
f 1274 1282 1279
f 1279 1276 1274
f 1279 1282 1271
f 1271 1265 1279
f 1279 1265 1268
f 1268 1276 1279
f 86 38 89
f 132 133 84
f 906 889 863
f 971 932 930
f 930 970 971
f 930 932 890
f 890 889 930
f 930 972 968
f 971 970 969
f 970 930 969
f 969 930 968
f 977 938 979
f 979 978 977
f 3853 3854 3830
f 3853 3830 3829
f 3829 3828 3853
f 3853 3828 3852
f 3829 3830 3811
f 3830 3812 3811
f 3811 3812 3796
f 3811 3809 3829
f 3796 3809 3811
f 801 805 794
f 791 3877 794
f 795 791 794
f 794 805 795
f 824 1287 806
f 806 805 824
f 820 3873 848
f 848 821 820
f 820 821 805
f 1245 1246 1225
f 1225 1226 1245
f 1226 1247 1245
f 791 792 3878
f 3878 3877 791
f 3878 792 3879
f 3878 3879 3855
f 3855 3877 3878
f 3854 3873 3875
f 3873 820 3875
f 807 797 796
f 796 797 792
f 796 792 795
f 796 795 806
f 806 808 796
f 834 807 796
f 796 808 834
f 3857 3841 3840
f 3857 3856 3881
f 428 502 429
f 502 430 429
f 429 2380 428
f 429 430 2380
f 501 570 2341
f 570 2340 2341
f 2341 500 501
f 2340 2368 2341
f 499 500 2341
f 2341 2368 2370
f 2370 2371 2341
f 3709 3706 3658
f 3593 3656 3657
f 3656 3706 3657
f 3706 3709 3657
f 3657 3658 3593
f 3657 3709 3658
f 3650 3654 3649
f 3654 3588 3649
f 3655 3654 3703
f 3703 3704 3655
f 2386 2359 2365
f 442 2332 441
f 441 2332 2331
f 441 2334 2360
f 2360 2335 441
f 2335 519 441
f 2359 2334 2358
f 3722 3719 3689
f 3720 3719 3722
f 3689 3701 3722
f 3701 3720 3722
f 3700 3720 3701
f 3700 3714 3720
f 3731 3714 3700
f 3701 3646 3700
f 3712 3682 3711
f 3712 3711 3708
f 3708 3684 3712
f 3629 2338 2337
f 2367 2338 3629
f 3708 3656 3707
f 3656 3688 3707
f 3707 3714 3708
f 3707 3688 3714
f 3689 3719 3690
f 3719 3688 3690
f 3637 3689 3690
f 3690 3688 3637
f 3533 3594 3593
f 3593 3529 3533
f 3533 3535 3594
f 3532 3535 3533
f 3533 3529 3484
f 3484 3532 3533
f 3404 3411 3405
f 3394 3404 3405
f 3405 3397 3396
f 3405 3411 3397
f 3405 3395 3394
f 3396 3395 3405
f 3412 3411 3430
f 3412 3431 3426
f 3430 3431 3412
f 3412 3426 3409
f 3409 3397 3412
f 3397 3411 3412
f 3430 3454 3455
f 3493 3494 3455
f 3430 3411 3420
f 3420 3411 3404
f 390 358 388
f 447 391 390
f 388 442 390
f 443 390 442
f 444 390 443
f 364 365 352
f 352 363 364
f 364 363 365
f 518 2335 2336
f 518 519 2335
f 2365 3628 2364
f 3960 1129 1132
f 1565 1567 1566
f 1566 1550 1565
f 1567 1550 1566
f 3440 3476 3477
f 3477 1551 3440
f 3440 3475 3476
f 1551 3475 3440
f 1568 1569 1553
f 1568 1567 1565
f 1568 1565 1586
f 1590 1569 1568
f 1586 1589 1568
f 1568 1589 1590
f 1553 1545 3473
f 1553 1569 1555
f 1555 1569 1570
f 1555 1570 1556
f 3450 3471 3488
f 3484 3450 3488
f 3488 3532 3484
f 3534 3535 3488
f 3488 3535 3532
f 3506 3572 3507
f 3507 3471 3506
f 3507 3572 3573
f 3507 3488 3471
f 3573 3534 3507
f 3534 3488 3507
f 3472 3487 1128
f 1128 3471 3472
f 3472 3471 3487
f 3648 3686 3635
f 3635 3583 3648
f 3648 3582 3647
f 3583 3582 3648
f 3518 3583 3570
f 3570 3569 3518
f 3518 3569 3519
f 3516 3583 3518
f 3517 3516 3518
f 3519 1544 3518
f 3518 1549 3517
f 3518 1544 1549
f 3515 3514 3513
f 3514 3475 3513
f 1543 1544 3519
f 3505 1547 1543
f 1549 1544 1543
f 1543 3569 3505
f 3519 3569 1543
f 3645 3698 3699
f 3699 3646 3645
f 3731 3700 3699
f 3699 3700 3646
f 3725 3735 3734
f 3735 2394 3734
f 3734 2394 2375
f 3424 3425 3408
f 3394 3407 3408
f 3407 3424 3408
f 3408 3404 3394
f 3408 3420 3404
f 3425 3420 3408
f 1133 1131 3487
f 1134 1131 1133
f 3449 3487 3450
f 3450 3422 3449
f 3449 1133 3487
f 3486 1134 3449
f 1134 1133 3449
f 3451 3422 3450
f 3447 3422 3451
f 3451 3450 3484
f 3484 3447 3451
f 3448 1135 3486
f 1138 1135 3448
f 3486 3449 3448
f 3448 3449 3422
f 3520 3531 3530
f 3520 3489 3531
f 3478 3489 3520
f 3584 3526 3520
f 1302 3986 1303
f 3994 3986 1302
f 1303 1326 1302
f 1313 1296 3991
f 3991 3986 3994
f 3989 3984 3991
f 3991 3992 3989
f 3991 3984 3983
f 3976 3975 3977
f 3965 3975 3976
f 3977 3966 3976
f 3976 3966 3965
f 1317 1307 1306
f 1306 1307 1293
f 1293 1305 1306
f 1322 1317 1306
f 1306 1305 1322
f 3427 3431 3428
f 3431 3429 3428
f 3428 3409 3427
f 3428 3429 3409
f 865 840 864
f 865 843 840
f 865 844 843
f 900 901 863
f 900 940 941
f 863 901 902
f 902 903 863
f 901 903 902
f 863 903 904
f 864 863 904
f 1145 1073 1060
f 1060 1059 1145
f 1022 1059 1060
f 995 997 1029
f 1029 997 1024
f 1064 1062 1023
f 3439 1062 1064
f 1151 1299 1150
f 3855 3879 3880
f 3879 3896 3880
f 3880 3896 3897
f 3880 3897 3898
f 3898 3899 3880
f 3880 3881 3855
f 3899 3881 3880
f 3620 3619 3914
f 3914 3905 3913
f 3914 3619 3905
f 3913 3912 3617
f 3617 3914 3913
f 3618 3914 3617
f 3616 3618 3617
f 3613 3672 3616
f 3917 3613 3916
f 3916 3613 3616
f 3916 3908 817
f 3909 3908 3916
f 3916 817 841
f 841 866 3916
f 3916 3614 3917
f 866 3614 3916
f 3917 3614 3612
f 3612 3613 3917
f 3672 3613 3612
f 846 847 813
f 846 813 845
f 845 873 846
f 3665 3614 3667
f 3667 3614 866
f 913 3667 866
f 912 913 866
f 918 913 912
f 844 865 867
f 3402 3417 3403
f 3401 3417 3402
f 3403 3389 3402
f 3389 3401 3402
f 3675 3618 3616
f 3616 3672 3671
f 3672 3612 3671
f 3461 3460 3465
f 3465 3495 3461
f 3465 3460 3436
f 3547 3495 3554
f 2531 2528 2527
f 2527 2553 2531
f 2527 2528 1343
f 2552 2553 2527
f 2556 2555 2577
f 2577 2553 2556
f 2525 1356 1357
f 2525 2504 1356
f 2464 2483 2484
f 2509 2485 2484
f 2484 2485 2464
f 2482 2483 2462
f 2505 2483 2482
f 2596 2597 2583
f 2596 2582 2595
f 2583 2582 2596
f 2595 2603 2596
f 2603 2597 2596
f 2588 2585 2599
f 2588 1 267
f 267 2572 2588
f 2588 2572 2571
f 2571 2570 2588
f 2588 2570 2585
f 6 13 9
f 10 1 9
f 9 16 17
f 9 295 10
f 2598 2587 2600
f 2600 6 2598
f 2599 2585 2598
f 2585 2587 2598
f 2546 2547 2514
f 2571 2547 2546
f 2546 2570 2571
f 2513 2544 2545
f 2544 2570 2545
f 2545 2514 2513
f 2545 2546 2514
f 2570 2546 2545
f 2584 2567 2569
f 2585 2567 2584
f 2569 2587 2584
f 2584 2587 2585
f 2583 2597 2586
f 2586 2568 2583
f 2586 2597 2600
f 2600 2587 2586
f 2586 2587 2569
f 2569 2568 2586
f 2566 2540 2539
f 2564 2568 2566
f 2566 2541 2540
f 2566 2568 2542
f 2542 2541 2566
f 2539 2538 2565
f 2565 2538 2564
f 2565 2566 2539
f 2564 2566 2565
f 1423 1424 1379
f 1379 1422 1423
f 1460 1424 1423
f 1423 1422 1460
f 332 317 331
f 336 338 332
f 332 331 336
f 332 338 333
f 333 317 332
f 318 319 300
f 300 317 318
f 299 292 281
f 293 298 294
f 292 299 293
f 293 299 298
f 293 2498 2491
f 2491 279 293
f 279 292 293
f 294 2498 293
f 10 295 280
f 280 1 10
f 264 1 280
f 281 264 280
f 280 299 281
f 298 299 280
f 313 9 17
f 312 295 309
f 310 2495 309
f 2495 2498 309
f 309 2498 312
f 297 295 312
f 294 298 297
f 298 280 297
f 297 280 295
f 297 2498 294
f 312 2498 297
f 301 285 300
f 300 320 301
f 301 320 303
f 303 287 301
f 301 287 285
f 282 285 270
f 291 285 282
f 270 269 282
f 282 276 291
f 277 276 282
f 1361 1355 1375
f 1375 1362 1361
f 1375 1411 1389
f 1389 1362 1375
f 1375 1355 1374
f 1375 1374 1409
f 1346 1362 1347
f 1346 1347 1337
f 1345 1361 1346
f 1361 1362 1346
f 1337 2156 1346
f 1346 2178 1345
f 2156 2178 1346
f 2604 2597 1355
f 1355 2605 2604
f 2604 2605 2597
f 2461 2075 2457
f 2457 2470 2461
f 3748 2446 2070
f 2457 2075 2452
f 2452 2451 2457
f 2075 2070 2452
f 2446 2451 2452
f 2452 2070 2446
f 2498 2473 2472
f 2472 2492 2498
f 2472 2473 2459
f 2459 2458 2472
f 2468 2490 2491
f 2491 2492 2468
f 2468 2489 2490
f 2488 2489 2468
f 2492 2472 2468
f 2468 2467 2488
f 2468 2455 2467
f 2468 2472 2458
f 2448 2453 2454
f 3759 2074 2447
f 2447 2074 2448
f 3748 3752 2445
f 2445 2446 3748
f 2445 3752 3759
f 3759 2447 2445
f 2445 2447 2448
f 2463 2462 2464
f 2464 2453 2463
f 2463 2453 2462
f 2073 3759 2069
f 2073 2074 3759
f 2069 2453 2073
f 2073 2453 2448
f 2448 2074 2073
f 44 94 45
f 2648 46 97
f 2650 2649 2648
f 2648 2649 46
f 101 97 140
f 139 101 140
f 2515 3738 3739
f 2515 3736 3738
f 2515 3739 2493
f 2493 3736 2515
f 2516 2517 2493
f 2493 3737 2516
f 2516 3737 2517
f 3744 3740 273
f 273 3745 3744
f 3744 3745 3740
f 3747 273 258
f 3747 3745 273
f 258 3743 3747
f 3747 3749 3748
f 3747 3743 3749
f 243 57 20
f 20 242 243
f 243 242 253
f 253 256 243
f 243 256 57
f 19 271 286
f 286 287 19
f 270 285 283
f 285 287 283
f 262 277 278
f 278 269 262
f 277 282 278
f 278 282 269
f 262 274 275
f 275 276 262
f 274 276 275
f 290 285 291
f 291 276 290
f 289 285 290
f 290 276 289
f 259 247 246
f 259 260 247
f 246 258 259
f 258 260 259
f 262 247 261
f 247 260 261
f 261 274 262
f 258 274 261
f 261 260 258
f 22 61 62
f 62 63 22
f 62 61 64
f 64 63 62
f 1188 1176 1187
f 1188 1178 1177
f 1177 1176 1188
f 1202 1184 1189
f 1184 1178 1189
f 1178 1188 1189
f 1189 1188 1187
f 1174 1178 1184
f 1185 1186 1174
f 1174 1184 1185
f 1174 2628 1169
f 1169 1178 1174
f 372 353 125
f 125 353 141
f 600 637 638
f 600 542 603
f 603 639 600
f 600 639 637
f 589 533 536
f 536 532 457
f 536 533 532
f 546 542 471
f 471 545 546
f 546 602 542
f 605 602 546
f 546 545 605
f 607 609 608
f 607 640 609
f 601 547 543
f 543 542 601
f 542 600 601
f 638 640 601
f 601 600 638
f 469 70 71
f 405 70 469
f 71 470 469
f 469 470 405
f 539 31 538
f 539 540 31
f 539 538 587
f 587 540 539
f 30 78 31
f 30 77 78
f 76 77 30
f 73 72 30
f 30 72 74
f 31 596 30
f 30 75 76
f 74 75 30
f 1502 1525 1503
f 1503 1476 1502
f 1503 1477 1476
f 1496 1467 1470
f 1496 1497 1467
f 1496 1470 1476
f 1476 1497 1496
f 621 575 569
f 569 619 621
f 621 619 575
f 618 617 575
f 575 619 618
f 561 617 618
f 618 619 561
f 587 538 593
f 538 586 593
f 593 534 587
f 593 586 534
f 538 464 529
f 529 454 534
f 450 454 529
f 529 586 538
f 534 586 529
f 449 464 399
f 399 395 449
f 592 591 587
f 587 533 592
f 592 533 591
f 599 635 636
f 636 635 649
f 636 604 599
f 642 604 636
f 636 649 648
f 648 642 636
f 634 596 628
f 628 591 634
f 632 649 633
f 649 635 633
f 635 634 633
f 633 591 632
f 633 634 591
f 630 631 589
f 647 631 630
f 630 646 647
f 629 630 589
f 646 630 629
f 645 646 626
f 582 579 626
f 641 604 642
f 642 650 641
f 605 604 641
f 641 639 605
f 641 650 647
f 647 645 641
f 645 639 641
f 455 527 457
f 455 448 527
f 394 448 455
f 508 507 578
f 578 509 508
f 513 514 435
f 435 509 513
f 578 514 513
f 513 509 578
f 381 2327 380
f 435 381 380
f 380 436 435
f 613 616 644
f 644 614 613
f 616 614 644
f 3865 3844 3864
f 3892 3894 3864
f 3892 3864 3861
f 3861 3864 3844
f 3843 3860 3861
f 3861 3844 3843
f 3861 3888 3889
f 3860 3888 3861
f 3660 3623 3622
f 3906 3623 3660
f 3597 3660 3599
f 3624 3660 3597
f 3493 3543 3544
f 3544 3494 3493
f 3436 3459 3464
f 3459 3494 3464
f 3494 3497 3464
f 3464 3465 3436
f 3464 3497 3498
f 1224 461 1226
f 1226 1208 1224
f 1224 369 398
f 398 461 1224
f 1224 389 369
f 1224 1208 389
f 1209 1210 1191
f 1191 1208 1209
f 1209 1208 1210
f 131 81 130
f 130 81 80
f 130 108 131
f 80 108 130
f 129 108 79
f 79 108 80
f 79 78 129
f 79 80 33
f 33 78 79
f 35 1207 1223
f 1220 37 38
f 367 400 401
f 401 402 367
f 400 402 401
f 458 459 396
f 396 402 458
f 34 459 458
f 458 400 34
f 458 402 400
f 2592 2575 2574
f 2574 2591 2592
f 2589 2590 2574
f 1377 2591 2574
f 2574 2590 1377
f 2550 2574 2575
f 2550 2575 2576
f 1387 1359 1386
f 1386 1433 1387
f 1385 1430 1386
f 1386 1359 1385
f 1431 1432 1386
f 1386 1430 1431
f 1432 1413 1386
f 1386 1413 2589
f 2589 1433 1386
f 2601 2591 2
f 2 2602 2601
f 2601 2602 2591
f 1525 1539 2765
f 2765 2771 1525
f 2765 1524 2758
f 2765 1539 1524
f 2758 2764 2765
f 1483 1482 1510
f 1498 1483 1510
f 1510 1518 1498
f 1510 1482 1509
f 1509 1518 1510
f 1458 1419 1457
f 1457 1419 2742
f 1490 1458 1457
f 1457 2742 1490
f 1508 1526 1509
f 1507 1526 1508
f 1509 1480 1508
f 1480 1507 1508
f 2749 1537 1517
f 2748 1537 2749
f 2749 1517 2743
f 2743 2748 2749
f 2619 2620 2610
f 2619 2618 2634
f 2610 2618 2619
f 2634 2654 2635
f 2635 2622 2620
f 2635 2619 2634
f 2620 2619 2635
f 704 729 2608
f 2608 729 2615
f 2608 730 704
f 2615 730 2608
f 2658 2659 2637
f 2660 2661 2641
f 2641 2640 2660
f 2641 2643 2642
f 2641 2661 2643
f 2642 2623 2641
f 2623 2640 2641
f 2639 2640 2623
f 2623 2622 2639
f 2657 2637 2636
f 2637 2622 2636
f 2636 2635 2657
f 2622 2635 2636
f 2705 2688 2687
f 2688 2665 2687
f 2687 2704 2705
f 745 2665 2685
f 2646 2665 745
f 2663 2643 2662
f 2684 2663 2683
f 2679 2680 2662
f 2699 2680 2679
f 2679 2698 2699
f 2662 2678 2679
f 2679 2678 2698
f 2239 2731 2730
f 2730 2734 2239
f 2730 2731 2716
f 2716 2734 2730
f 2718 2701 2717
f 2717 2704 2718
f 2719 2731 2239
f 2717 2731 2719
f 2719 2704 2717
f 2276 2242 2274
f 2274 2304 2276
f 2238 2273 2274
f 2274 2273 2304
f 2274 2716 2238
f 2274 2239 2716
f 2194 2167 2193
f 2193 2219 2194
f 2170 2169 2144
f 2194 2169 2170
f 2170 2167 2194
f 2141 2167 2142
f 2142 2167 2143
f 2142 2117 2141
f 2142 2143 2118
f 2118 2117 2142
f 2183 2162 2161
f 2190 2189 2191
f 2272 2273 2238
f 2238 2271 2272
f 2272 2277 2273
f 2279 2303 2272
f 2272 2278 2277
f 2303 2278 2272
f 2272 2270 2279
f 2272 2271 2270
f 2233 2267 2268
f 2266 2267 2233
f 2233 2234 2204
f 2237 2235 2269
f 2237 2269 2238
f 2238 2733 2237
f 2237 2733 2732
f 2307 2302 2301
f 2306 2302 2307
f 2301 2317 2307
f 2307 2280 2306
f 2307 2317 2297
f 2318 1791 2307
f 2714 2727 2728
f 2714 2713 2727
f 2697 2713 2714
f 2728 2715 2714
f 2714 2698 2697
f 2714 2715 2698
f 2200 2175 2171
f 2176 2175 2200
f 2203 2202 2204
f 2232 2264 2266
f 2232 2265 2264
f 2266 2233 2232
f 2231 2230 2232
f 2230 2265 2232
f 2204 2231 2232
f 2232 2233 2204
f 678 703 704
f 704 705 678
f 678 705 695
f 678 695 674
f 667 675 666
f 666 678 674
f 677 678 666
f 666 659 667
f 661 659 666
f 676 675 701
f 676 678 677
f 703 678 676
f 677 666 676
f 676 666 675
f 702 676 701
f 703 676 702
f 704 703 702
f 702 728 704
f 1033 1069 1032
f 1033 679 1072
f 1072 1069 1033
f 1032 1070 1164
f 1169 706 1164
f 1168 1169 1164
f 1164 1167 1168
f 707 702 701
f 728 702 707
f 707 701 679
f 679 706 707
f 2614 2613 746
f 2614 746 744
f 723 705 2614
f 705 2613 2614
f 2610 2620 2621
f 2621 2611 2610
f 2620 2611 2621
f 1201 1189 1187
f 1198 1182 1181
f 1114 1123 1103
f 1121 1102 1103
f 1103 1123 1121
f 1711 1710 1763
f 1710 1762 1763
f 1763 1764 1711
f 1763 1762 1764
f 721 1700 1660
f 1660 1700 1669
f 1695 1742 1743
f 1743 1742 1744
f 1744 1742 1758
f 1758 1801 1744
f 741 719 718
f 718 740 741
f 1757 740 1801
f 1757 1710 1709
f 1709 741 1757
f 1757 741 740
f 1757 1758 1710
f 1801 1758 1757
f 744 745 724
f 696 723 724
f 724 698 696
f 723 2614 724
f 724 2614 744
f 2843 2872 2836
f 2925 2924 2923
f 2479 2480 2462
f 2478 2477 2476
f 2476 2480 2478
f 2480 2479 2478
f 2478 2479 2462
f 2478 2462 2069
f 2069 2477 2478
f 2986 2953 2985
f 2985 2987 2986
f 2986 2954 2953
f 2986 2987 2954
f 2959 2960 2927
f 2959 2987 2960
f 2927 2926 2959
f 2926 2925 2959
f 2959 2925 2923
f 2962 2928 2927
f 2927 2961 2962
f 2962 2961 2928
f 2950 2966 2984
f 2966 2961 2984
f 2985 2951 2984
f 2984 2951 2950
f 2984 2960 2985
f 2984 2961 2960
f 3771 2793 2794
f 2794 2791 3771
f 2928 2961 2963
f 2963 2964 2928
f 2961 2964 2963
f 2965 2961 2966
f 2965 2964 2961
f 2965 2966 2930
f 2930 2964 2965
f 2971 2931 2970
f 2992 2973 2972
f 2992 2991 2973
f 2992 2970 2991
f 2992 2972 2971
f 2971 2970 2992
f 2968 2980 2988
f 2988 2980 2979
f 2896 2941 2897
f 2941 2898 2897
f 2897 2853 2896
f 2897 2898 2853
f 2978 2941 2977
f 2978 2942 2941
f 2977 2988 2978
f 2979 2942 2978
f 2978 2988 2979
f 2885 2892 2852
f 2852 2846 2885
f 2916 2883 2863
f 2916 2892 2883
f 2916 2863 2915
f 2915 2892 2916
f 2852 2892 2893
f 2893 2892 2939
f 2890 2851 2889
f 2889 2938 2890
f 2888 2938 2889
f 2889 2850 2888
f 2889 2851 2850
f 2796 2816 2795
f 2803 2779 2795
f 2795 2775 2796
f 2805 2785 2804
f 2804 2785 2803
f 1370 1403 1400
f 1400 2785 1370
f 2803 2785 2783
f 2783 2779 2803
f 2785 1400 2783
f 2807 2787 2786
f 2786 2785 2807
f 2786 2787 1370
f 1370 2785 2786
f 1403 1442 1443
f 2779 2783 1443
f 1443 1442 1469
f 1469 1477 1443
f 2867 2914 2917
f 2867 2868 2831
f 2917 2918 2867
f 2867 2918 2868
f 1367 1396 1397
f 1397 1398 1367
f 1397 1396 1370
f 1370 1398 1397
f 1339 1350 1351
f 1350 1352 1351
f 1341 1339 1351
f 1351 1342 1341
f 1351 1352 1342
f 2092 2107 2090
f 2098 2096 2085
f 2112 2096 2098
f 2130 2154 2131
f 2088 2103 2104
f 2104 2105 2088
f 2106 2105 2104
f 2104 2124 2106
f 2103 2124 2104
f 2088 3074 2087
f 2087 2102 2088
f 2101 2102 2087
f 2083 2089 2092
f 2092 2090 2083
f 2084 2080 2083
f 1334 1329 1333
f 1334 1339 1341
f 1333 1339 1334
f 1341 1335 1334
f 1334 1335 2790
f 2834 2833 2870
f 2870 3069 2834
f 2834 3069 3063
f 3063 2811 2834
f 2834 2811 2810
f 2870 3070 3064
f 3064 3069 2870
f 3064 3070 3065
f 3064 3065 3061
f 3064 3061 3063
f 3063 3069 3064
f 2808 2832 2833
f 2808 2834 2810
f 2833 2834 2808
f 2810 2790 2808
f 2808 2790 2789
f 2808 2789 2788
f 2788 2809 2808
f 2809 2832 2808
f 2869 2835 2871
f 2869 2921 2870
f 2871 2921 2869
f 2870 2833 2869
f 2833 2835 2869
f 2920 2919 2937
f 2871 2868 2920
f 2868 2919 2920
f 3113 3090 2937
f 2937 3090 2922
f 2922 3090 2921
f 2922 2920 2937
f 2922 2921 2871
f 2871 2920 2922
f 3080 3070 2870
f 2870 2921 3080
f 3188 3146 2937
f 2937 3149 3188
f 3188 3149 3146
f 2120 2101 2119
f 2119 2149 2120
f 2101 2120 2121
f 2121 2120 2149
f 2166 2165 2164
f 2141 2165 2166
f 2164 2190 2166
f 2166 2167 2141
f 2166 2193 2167
f 2190 2191 2166
f 2164 2165 2138
f 2138 2165 2139
f 2114 2137 2138
f 2138 2139 2114
f 2114 2139 2134
f 2134 2115 2114
f 2139 2115 2134
f 2116 2117 2101
f 2101 2115 2116
f 2116 2115 2139
f 2294 2313 2314
f 2314 2296 2294
f 2297 2296 2315
f 2318 2307 2315
f 2315 2307 2297
f 2171 2195 2196
f 2195 2221 2196
f 2289 2261 2259
f 2259 2261 2227
f 2227 2226 2259
f 2287 2310 2291
f 2291 2310 2292
f 2291 2292 2262
f 2262 2290 2291
f 2291 2289 2287
f 2291 2290 2289
f 2220 2221 2195
f 2220 2254 2221
f 2245 2212 2244
f 2244 2282 2245
f 2245 2282 2283
f 2244 1790 1789
f 1789 2281 2244
f 1789 1788 2281
f 1789 1790 1734
f 1734 1788 1789
f 1656 1689 1683
f 2211 1655 1683
f 1683 2212 2211
f 1683 1689 2212
f 1683 1657 1656
f 1683 1655 1657
f 1691 1658 1699
f 1658 2280 1699
f 2009 1972 2011
f 2011 1972 1978
f 1953 1898 1897
f 2008 2015 2009
f 1954 1960 2005
f 2004 1954 2005
f 1923 1922 1978
f 1978 1972 1923
f 2006 1954 2004
f 2004 2017 2006
f 1943 1889 1888
f 1889 1835 1888
f 1888 1893 1943
f 1888 1836 1893
f 1888 1835 1836
f 1732 1733 1686
f 1686 1685 1732
f 1781 1782 1732
f 1782 1733 1732
f 1732 1731 1781
f 1685 1731 1732
f 1623 1620 1622
f 1622 1629 1623
f 1622 1620 715
f 715 1621 1622
f 1622 1621 1626
f 1628 1622 1626
f 1629 1622 1628
f 709 682 681
f 683 682 709
f 715 1626 1625
f 1625 1621 715
f 1626 1621 1625
f 1627 743 2180
f 2180 1636 1627
f 743 1627 2724
f 2724 1627 1636
f 1744 1698 1697
f 1695 1743 1697
f 1697 1743 1744
f 1697 1698 1658
f 2209 2243 2210
f 2243 1690 2210
f 2180 2209 2210
f 2210 1658 2180
f 2210 1690 1658
f 2612 2627 750
f 750 2627 744
f 750 746 2612
f 744 746 750
f 725 724 745
f 699 698 725
f 698 724 725
f 1798 1740 1739
f 1692 1658 1691
f 1792 2307 1791
f 1918 1922 1919
f 1807 1808 1752
f 1752 1766 1807
f 1667 1706 1704
f 1667 1642 1666
f 1645 1644 1668
f 1668 1646 1645
f 1764 1766 1765
f 1765 1766 1715
f 1711 1764 1765
f 1765 1715 1711
f 1714 1715 1670
f 1714 1713 1715
f 1714 1670 1669
f 1669 1713 1714
f 1669 1711 1712
f 1712 1713 1669
f 1711 1715 1712
f 1715 1713 1712
f 3077 1657 3068
f 3068 3078 3077
f 1657 1655 3068
f 3068 1655 2184
f 2184 3078 3068
f 3079 1731 1684
f 1684 1731 1685
f 1684 1656 3079
f 1684 1685 1656
f 1893 1892 1946
f 1946 1892 1945
f 1946 1947 1893
f 1945 1947 1946
f 1886 1941 1942
f 1944 1892 1942
f 3110 3089 3109
f 3109 3089 3088
f 3132 3174 3175
f 3259 3258 3261
f 3213 3258 3259
f 3135 3136 3108
f 3108 3134 3135
f 3110 3109 3108
f 3108 3109 3088
f 3111 3110 3108
f 3108 3136 3111
f 3106 3088 3105
f 3310 3349 3353
f 3350 3346 3326
f 3350 3348 3346
f 3350 3353 3348
f 3310 3353 3350
f 3350 3351 3310
f 3326 1935 3350
f 1767 1722 1720
f 1725 1726 1678
f 1874 1875 1818
f 1818 1769 1817
f 1770 1769 1818
f 2433 1803 1802
f 1802 1854 2433
f 2433 1854 2434
f 2433 3025 3016
f 2433 2434 3025
f 1865 1813 1861
f 1866 1813 1865
f 1919 1922 1865
f 1922 1923 1865
f 1806 1805 1804
f 1867 1813 1866
f 1855 1802 1806
f 1855 1856 1802
f 1913 1856 1855
f 1926 1917 1974
f 1872 1917 1926
f 1926 1974 1927
f 1927 1872 1926
f 2020 1991 1985
f 1985 1984 2020
f 2020 1984 2019
f 1993 1944 1938
f 1993 1998 1944
f 2019 1998 1992
f 1992 2020 2019
f 1991 2020 1992
f 1998 1993 1992
f 1938 1991 1992
f 1992 1993 1938
f 1930 1934 1980
f 1934 1986 1980
f 1985 1991 1937
f 1937 1986 1985
f 1937 1980 1986
f 1930 1980 1937
f 1937 1931 1930
f 1882 1931 1937
f 1824 1773 1823
f 1824 1877 1878
f 1824 1823 1874
f 1874 1877 1824
f 2019 1984 2002
f 2002 1998 2019
f 2025 2003 2002
f 2002 2003 1950
f 1730 3111 1778
f 1778 1779 1730
f 3111 1779 1778
f 3138 1779 3111
f 1831 1779 3138
f 3138 3111 3137
f 1780 1831 1832
f 1940 3177 1996
f 1940 3179 3177
f 1996 1941 1940
f 1940 1941 1886
f 3139 3136 3177
f 3177 3179 3139
f 3111 3136 3139
f 3137 3111 3139
f 3469 1557 3468
f 3468 3504 3469
f 1556 1557 3469
f 3469 3473 1545
f 3504 3473 3469
f 3469 1555 1556
f 1545 1555 3469
f 3564 3565 3503
f 3574 3509 3564
f 425 3574 3632
f 3574 3633 3632
f 161 154 2326
f 2326 2345 161
f 150 154 161
f 161 2378 150
f 161 2345 2378
f 3631 181 2377
f 3695 3643 3694
f 3643 3642 3694
f 3575 3574 3641
f 3574 3640 3641
f 3641 3642 3575
f 3641 3694 3642
f 425 3691 3639
f 3639 3640 3574
f 1577 1558 1576
f 1558 1575 1576
f 1576 1574 1577
f 1576 1575 1574
f 153 148 144
f 159 160 149
f 181 182 163
f 163 162 181
f 163 151 150
f 150 162 163
f 1578 1560 1558
f 1578 1558 1577
f 172 1560 1578
f 1577 1598 1578
f 1598 1599 1578
f 1578 1599 1600
f 1578 1600 1601
f 1601 1602 1578
f 175 156 174
f 156 177 174
f 3314 2411 3313
f 3313 3263 3314
f 3314 3263 3266
f 3217 3259 3261
f 3215 3259 3217
f 1996 3177 3217
f 3217 3177 3215
f 3308 3262 3261
f 3132 3106 3130
f 3105 3129 3130
f 3381 3342 3372
f 3379 3342 3381
f 3372 3343 3381
f 3343 3379 3381
f 3338 3340 3377
f 3338 3293 3300
f 3377 3336 3338
f 3294 3293 3338
f 3338 3336 3294
f 3367 3382 3368
f 3368 3325 3367
f 3369 3325 3368
f 3343 3370 3368
f 3370 3369 3368
f 3368 3344 3343
f 3368 3382 3344
f 3247 3248 3289
f 3289 3248 3290
f 3245 3247 3289
f 3289 3290 3245
f 3333 3334 3282
f 3282 3283 3234
f 3234 3281 3282
f 3282 3281 3332
f 3332 3333 3282
f 3253 3250 3295
f 3253 3295 3296
f 3284 3237 3236
f 3284 3295 3250
f 3166 3204 3205
f 3205 3206 3166
f 3250 3207 3249
f 3207 3206 3249
f 3249 3243 3250
f 3249 3206 3243
f 3252 3209 3207
f 3207 3251 3252
f 3253 3209 3252
f 3252 3251 3253
f 3099 3118 3095
f 3095 3085 3099
f 3121 3122 3099
f 3122 3118 3099
f 3099 3085 3093
f 3165 3197 3166
f 3165 3164 3197
f 3165 3166 3123
f 3123 3164 3165
f 3157 3122 3156
f 3157 3158 3122
f 3198 3158 3157
f 3156 3164 3157
f 3157 3164 3198
f 2768 3181 3182
f 3181 3222 3182
f 3182 3224 2768
f 3182 3222 3224
f 3265 3219 3223
f 3223 2408 3265
f 3265 2408 2411
f 2411 3314 3265
f 3266 3219 3265
f 3265 3314 3266
f 3264 3316 3267
f 3264 3315 3316
f 3264 3219 3263
f 3313 3315 3264
f 3264 3263 3313
f 2431 2438 2432
f 2432 2438 3232
f 2432 2425 2431
f 2432 3232 2425
f 3351 3350 3352
f 3352 3350 1935
f 3310 3351 3352
f 3352 3312 3310
f 3352 2023 3312
f 3366 3365 3323
f 3365 3321 3323
f 3323 3322 3366
f 3324 3321 3365
f 3367 3325 3324
f 3324 3365 3367
f 1729 3322 3272
f 3272 3226 1729
f 3322 3323 3272
f 3272 3323 3321
f 3305 3346 3347
f 3347 3306 3305
f 1880 1881 1828
f 1880 1828 1826
f 1876 1931 1880
f 1931 1881 1880
f 1829 1776 1775
f 1775 1828 1829
f 1775 1827 1828
f 1775 1776 1727
f 1775 1727 1774
f 1774 1827 1775
f 1882 1935 1936
f 1936 1883 1882
f 1936 1935 3326
f 3326 1883 1936
f 1829 1883 1830
f 1830 1883 3326
f 2022 1987 2021
f 1651 1635 1634
f 1677 1680 1651
f 1651 1678 1679
f 1651 1680 1678
f 1650 1649 1676
f 1650 1651 1634
f 1650 1676 1677
f 1677 1651 1650
f 1634 3143 1633
f 1633 1650 1634
f 1649 1650 1633
f 3143 3144 1633
f 2443 1676 1675
f 1682 3184 1653
f 787 778 776
f 776 763 775
f 775 787 776
f 3140 2405 2403
f 3140 2403 3180
f 2768 2778 2769
f 2769 3142 2768
f 2769 2778 3038
f 3038 3035 2769
f 2769 3035 3036
f 2769 3036 3034
f 3356 2411 2416
f 2411 2415 2416
f 2416 2418 3356
f 2417 2418 2416
f 2416 2415 2417
f 2413 2411 789
f 789 2412 2413
f 2413 2412 2411
f 1099 1100 1068
f 1068 1098 1099
f 1108 1100 1099
f 1068 1096 1097
f 1097 1098 1068
f 1068 1067 1092
f 1092 1093 1068
f 1092 1067 1091
f 1091 1117 1092
f 1092 1117 1118
f 1118 1093 1092
f 1096 1095 1120
f 1120 1097 1096
f 1120 1122 1108
f 1098 1097 1120
f 1108 1099 1120
f 1120 1099 1098
f 1068 1093 1094
f 1094 1095 1068
f 1002 964 963
f 963 964 922
f 1005 967 1004
f 1004 1026 1005
f 1004 967 966
f 966 1003 1004
f 965 1003 966
f 966 967 929
f 967 1005 991
f 991 1005 1026
f 922 924 880
f 880 855 854
f 881 855 880
f 851 852 829
f 1013 980 983
f 983 938 977
f 983 980 938
f 938 980 981
f 981 982 938
f 981 980 1014
f 1014 1013 981
f 1013 982 981
f 895 939 896
f 895 896 863
f 935 933 976
f 935 976 977
f 977 978 935
f 861 859 885
f 861 886 862
f 885 886 861
f 837 838 812
f 859 861 837
f 862 838 837
f 837 861 862
f 833 808 806
f 834 808 833
f 833 860 834
f 859 837 833
f 856 831 830
f 830 855 856
f 854 855 830
f 830 829 852
f 830 831 806
f 806 829 830
f 923 921 1212
f 1230 878 919
f 919 876 1230
f 853 880 854
f 854 830 853
f 853 830 852
f 853 852 851
f 1082 1083 1043
f 1112 1083 1082
f 1082 1043 1081
f 1081 1112 1082
f 1012 1007 1040
f 1012 1040 1047
f 1047 1013 1012
f 1012 983 977
f 1013 983 1012
f 977 976 1012
f 976 1007 1012
f 1049 1048 1085
f 1085 1048 1079
f 1085 1079 1084
f 1086 1049 1085
f 1085 1112 1086
f 1084 1083 1085
f 1085 1083 1112
f 3615 3916 3616
f 3615 3907 3909
f 3909 3916 3615
f 3909 3907 3900
f 3898 3910 3900
f 3910 3909 3900
f 3884 3883 3900
f 3900 3885 3884
f 3900 3886 3898
f 3883 3886 3900
f 3893 3885 3900
f 3900 3907 3893
f 3842 3843 3821
f 3821 3841 3842
f 3858 3843 3842
f 3842 3841 3858
f 3839 3840 3819
f 3839 3857 3840
f 3856 3857 3839
f 3835 3816 3813
f 3813 3834 3835
f 3804 3819 3805
f 3804 3818 3819
f 3790 3799 3800
f 3797 3814 3800
f 3800 3799 3797
f 3797 3799 3798
f 3798 3788 3797
f 3798 3799 3790
f 3790 3788 3798
f 3789 3790 3783
f 3783 3788 3789
f 3789 3788 3790
f 3795 1227 3810
f 1227 3827 3810
f 3829 3809 3808
f 3808 3828 3829
f 3808 3827 3828
f 3808 3810 3827
f 3808 3809 3795
f 3795 3810 3808
f 1249 3827 1228
f 3828 3827 1249
f 1228 1248 1249
f 1248 3828 1249
f 1266 1238 1265
f 1266 1271 1270
f 1266 1265 1271
f 1267 1266 1270
f 1238 1266 1267
f 89 135 134
f 134 86 89
f 132 84 83
f 35 82 83
f 83 82 132
f 84 37 83
f 85 84 133
f 89 38 85
f 85 133 89
f 38 37 85
f 85 37 84
f 929 906 905
f 905 863 888
f 905 906 863
f 905 886 885
f 888 862 887
f 862 886 887
f 887 905 888
f 886 905 887
f 857 883 858
f 858 833 857
f 931 906 952
f 889 906 931
f 952 973 931
f 973 972 931
f 931 930 889
f 972 930 931
f 971 969 1006
f 1006 969 968
f 968 972 1006
f 1006 973 971
f 1006 972 973
f 937 938 893
f 893 892 937
f 3874 3853 3852
f 3854 3853 3874
f 3852 3873 3874
f 3874 3873 3854
f 805 821 822
f 822 848 1272
f 822 821 848
f 801 794 793
f 793 794 3877
f 804 801 793
f 793 3877 804
f 1287 824 1286
f 1286 824 1272
f 1286 1284 1287
f 1286 1285 1284
f 1286 1272 1271
f 1271 1285 1286
f 818 805 804
f 818 820 805
f 1269 1245 1241
f 1246 1245 1269
f 1270 1246 1269
f 1241 1240 1269
f 3858 3841 3859
f 3841 3857 3859
f 3859 3886 3858
f 3881 3886 3859
f 3859 3857 3881
f 2342 2341 2369
f 2369 2374 2343
f 2343 2342 2369
f 3585 3649 3588
f 3585 3520 3530
f 3584 3520 3585
f 3650 3649 3585
f 3530 3529 3585
f 3593 3650 3585
f 3585 3529 3593
f 3589 3588 3654
f 3654 3655 3589
f 3589 3655 3651
f 3589 3521 3588
f 3651 3655 3702
f 2331 2334 2333
f 2333 441 2331
f 2334 441 2333
f 349 348 358
f 3783 348 349
f 349 3787 3783
f 349 350 3787
f 2365 2359 2366
f 2359 2358 2366
f 3651 3702 2366
f 2351 2329 3598
f 2352 2329 2351
f 388 358 356
f 3682 3712 3683
f 3683 3629 3682
f 3683 3712 3684
f 2367 3629 3683
f 3683 3684 2367
f 3682 3629 3681
f 3681 3629 3628
f 3704 3682 3681
f 3681 3655 3704
f 3681 3702 3655
f 3681 2366 3702
f 3681 3628 2365
f 2365 2366 3681
f 3430 3455 3456
f 3456 3455 3494
f 3456 3457 3430
f 3456 3458 3457
f 3459 3458 3456
f 3456 3494 3459
f 3445 3454 3430
f 3430 3420 3445
f 3442 3443 3420
f 3478 3443 3442
f 3891 3894 3892
f 3892 3861 3891
f 3891 3660 3624
f 3906 3660 3891
f 3848 3865 3871
f 3865 3872 3871
f 3598 3653 3661
f 3661 2351 3598
f 3651 2366 3680
f 3527 3521 3482
f 3482 3526 3527
f 3482 3443 3478
f 3478 3520 3482
f 3482 3520 3526
f 3588 3521 3587
f 3584 3585 3587
f 3587 3585 3588
f 3587 3527 3584
f 3587 3521 3527
f 2350 2349 3598
f 3598 2329 2350
f 2350 2329 2349
f 2353 2329 2352
f 445 390 444
f 445 444 526
f 444 443 524
f 440 517 499
f 440 2342 382
f 382 381 440
f 381 439 440
f 499 2341 440
f 440 2341 2342
f 2336 3628 2324
f 2324 518 2336
f 519 518 574
f 574 570 501
f 2365 2364 2363
f 2363 2386 2365
f 2363 3628 2361
f 2363 2364 3628
f 2361 2359 2363
f 2359 2386 2363
f 3952 3935 1129
f 1129 3960 3952
f 3974 3960 1132
f 1552 1568 1553
f 1552 3475 1567
f 1567 1568 1552
f 1553 3473 3474
f 3474 3473 3509
f 3509 3510 3474
f 3474 1552 1553
f 3475 1552 3474
f 3508 3504 3568
f 3508 3473 3504
f 3568 3509 3508
f 3509 3473 3508
f 3576 3509 3575
f 3576 3510 3509
f 3511 3510 3578
f 3475 3474 3511
f 3511 3474 3510
f 1554 1545 1553
f 1553 1555 1554
f 1554 1555 1545
f 3515 3513 3581
f 3581 3513 3580
f 3581 3580 3644
f 3644 3645 3581
f 3645 3582 3581
f 1548 1564 1549
f 1549 1543 1548
f 1548 1547 1564
f 1548 1543 1547
f 3730 3698 3697
f 3730 3699 3698
f 3697 3729 3730
f 3729 3732 3730
f 3730 3732 3731
f 3731 3699 3730
f 3725 3734 3726
f 3695 3725 3726
f 3726 3696 3695
f 3726 3697 3696
f 3726 3727 3697
f 3726 3734 3718
f 2393 3734 2375
f 3718 3734 2393
f 3717 3718 2393
f 2375 2390 2393
f 2393 2390 3717
f 1136 1138 3446
f 1138 3448 3446
f 3446 3422 1136
f 3446 3448 3422
f 3996 3991 1296
f 3996 1296 3993
f 1327 1326 1313
f 1313 3991 1327
f 1327 3991 3994
f 3994 1302 1327
f 1327 1302 1326
f 3986 3991 3995
f 3987 3982 3977
f 3987 3995 3991
f 3977 3986 3987
f 3986 3995 3987
f 1025 989 1024
f 1024 997 1025
f 990 997 958
f 958 957 990
f 990 1025 997
f 989 1025 990
f 946 987 990
f 990 987 989
f 942 943 901
f 901 900 942
f 941 943 942
f 942 900 941
f 899 863 898
f 899 900 863
f 898 940 899
f 940 900 899
f 1030 1029 1062
f 1030 1062 3439
f 1030 996 995
f 995 1029 1030
f 1063 1029 1024
f 1062 1029 1063
f 1024 1023 1063
f 1023 1062 1063
f 1022 1060 1035
f 1035 1060 1073
f 1034 1073 1318
f 1034 1035 1073
f 3392 1035 1034
f 1152 3392 1153
f 3620 3914 3676
f 3676 3914 3618
f 3912 3911 3557
f 3557 3617 3912
f 3616 3617 3557
f 3557 3615 3616
f 3907 3615 3557
f 961 913 960
f 3670 3614 3665
f 3670 3612 3614
f 3665 3671 3670
f 3670 3671 3612
f 866 847 874
f 847 846 874
f 874 846 873
f 873 912 874
f 874 912 866
f 871 912 873
f 918 912 871
f 956 961 960
f 956 958 995
f 994 961 956
f 995 996 956
f 996 994 956
f 3433 3415 3432
f 3433 3417 3415
f 3466 3438 3463
f 3419 1035 3403
f 1064 1035 3419
f 3439 1064 3418
f 3418 3438 3439
f 1064 3419 3418
f 3418 3419 3403
f 3403 3417 3418
f 3554 3495 3500
f 3495 3465 3500
f 3498 3551 3552
f 3665 3667 3606
f 3667 3668 3606
f 2532 2553 2554
f 2553 2577 2554
f 2554 2577 2555
f 2529 1357 1343
f 2529 2525 1357
f 2505 2504 2507
f 2504 2525 2507
f 2507 2483 2505
f 2507 2484 2483
f 2481 2503 2506
f 2481 2482 2462
f 2481 2504 2505
f 2505 2482 2481
f 2462 2480 2481
f 2481 2480 2503
f 2506 1356 2481
f 1356 2504 2481
f 4 2588 2599
f 1 2588 4
f 2599 2598 4
f 6 9 8
f 8 9 1
f 15 13 16
f 16 9 15
f 15 9 13
f 6 1 5
f 5 2598 6
f 1 4 5
f 5 4 2598
f 334 317 333
f 334 318 317
f 333 319 334
f 319 318 334
f 329 17 333
f 329 313 17
f 295 9 296
f 296 313 295
f 9 313 296
f 310 309 324
f 1454 1411 1410
f 1411 1375 1410
f 1409 1454 1410
f 1410 1375 1409
f 2075 2461 2076
f 2076 2072 3748
f 3748 2075 2076
f 2071 2075 3748
f 3748 2070 2071
f 2071 2070 2075
f 2469 2468 2458
f 2466 2485 2486
f 2464 2485 2466
f 2486 2487 2466
f 2467 2455 2466
f 2455 2454 2466
f 2466 2487 2488
f 2488 2467 2466
f 2465 2453 2464
f 2465 2454 2453
f 2464 2466 2465
f 2465 2466 2454
f 2449 2445 2448
f 2448 2454 2449
f 2449 2454 2455
f 2446 2445 2449
f 2650 2648 2666
f 2666 2648 97
f 2667 2650 2666
f 2666 97 2667
f 97 96 95
f 95 140 97
f 94 140 95
f 45 94 95
f 95 96 45
f 94 44 93
f 93 140 94
f 3748 3742 3746
f 3746 3747 3748
f 3742 3745 3746
f 3745 3747 3746
f 272 253 252
f 253 242 252
f 254 242 247
f 247 255 254
f 254 255 242
f 263 247 262
f 262 255 263
f 263 255 247
f 270 271 251
f 251 269 270
f 251 271 19
f 19 57 251
f 251 57 272
f 272 252 251
f 242 255 251
f 251 252 242
f 284 286 271
f 287 286 284
f 284 283 287
f 284 271 270
f 270 283 284
f 1175 1174 1186
f 2628 1174 1175
f 1186 2629 1175
f 2629 2628 1175
f 141 370 371
f 371 125 141
f 372 125 371
f 371 405 372
f 404 405 371
f 371 370 404
f 594 536 585
f 527 581 585
f 585 581 594
f 608 551 550
f 551 474 550
f 640 607 606
f 606 601 640
f 473 547 548
f 547 601 548
f 601 606 548
f 73 30 29
f 29 28 73
f 599 28 29
f 2772 1503 1525
f 1525 2771 2772
f 451 529 464
f 450 529 451
f 464 449 451
f 393 395 365
f 393 449 395
f 365 363 393
f 450 451 393
f 393 451 449
f 393 363 394
f 394 450 393
f 452 533 530
f 530 531 452
f 530 533 587
f 587 531 530
f 587 534 588
f 588 531 587
f 534 531 588
f 394 452 453
f 452 531 453
f 453 454 394
f 534 454 453
f 453 531 534
f 596 634 597
f 597 30 596
f 595 536 594
f 594 629 595
f 589 536 595
f 595 629 589
f 627 626 646
f 627 629 594
f 646 629 627
f 582 626 627
f 627 580 582
f 627 594 580
f 625 579 624
f 625 626 579
f 624 645 625
f 645 626 625
f 457 394 456
f 456 455 457
f 394 455 456
f 434 508 509
f 434 433 507
f 507 508 434
f 434 2327 433
f 434 509 436
f 434 380 2327
f 436 380 434
f 3890 3623 3906
f 3906 3891 3890
f 3890 3891 3861
f 3622 3623 3890
f 3624 3597 3625
f 3625 3597 3894
f 3625 3891 3624
f 3894 3891 3625
f 3870 3872 3865
f 3538 3490 3537
f 3483 3490 3454
f 3454 3445 3483
f 3491 3543 3493
f 3454 3490 3491
f 3542 3544 3543
f 3543 3491 3542
f 3604 3603 3662
f 3662 3660 3622
f 3599 3660 3662
f 3662 3603 3599
f 3545 3603 3604
f 3494 3544 3545
f 3546 3497 3494
f 3546 3545 3604
f 3494 3545 3546
f 467 403 35
f 468 403 467
f 467 460 468
f 37 1220 1206
f 1268 1238 1264
f 1264 38 1268
f 1221 1240 1241
f 1221 1236 1240
f 1240 1236 1263
f 1263 1269 1240
f 1263 1267 1270
f 1270 1269 1263
f 1239 1220 1238
f 1239 1236 1220
f 1239 1263 1236
f 1238 1267 1239
f 1267 1263 1239
f 1387 1433 1412
f 1412 1433 2589
f 2552 2527 2551
f 2527 2550 2551
f 2576 2552 2551
f 2551 2550 2576
f 2770 2765 2764
f 2770 2764 2767
f 2771 2765 2770
f 2654 2653 2655
f 2655 2635 2654
f 2655 2653 2672
f 2672 2673 2655
f 2673 2658 2655
f 2676 2661 2660
f 2660 2659 2676
f 2656 2637 2657
f 2656 2658 2637
f 2656 2655 2658
f 2657 2635 2656
f 2635 2655 2656
f 2637 2640 2638
f 2640 2639 2638
f 2638 2622 2637
f 2638 2639 2622
f 2612 2623 2624
f 2624 2623 2642
f 2642 2643 2624
f 751 2688 749
f 751 2685 2688
f 749 745 751
f 745 2685 751
f 2689 2665 2688
f 2688 2685 2689
f 2689 2685 2665
f 2644 2646 2645
f 2644 2624 2643
f 2645 2646 2626
f 2626 2646 745
f 2626 2627 2612
f 745 2627 2626
f 2686 2687 2665
f 2704 2687 2686
f 2703 2704 2684
f 2703 2718 2704
f 2209 2208 2207
f 2207 2208 2688
f 2240 2719 2239
f 2721 2719 2240
f 2239 2274 2240
f 2240 2274 2242
f 2240 2206 2721
f 2242 2207 2240
f 2720 2721 2706
f 2720 2719 2721
f 2706 2704 2720
f 2704 2719 2720
f 2168 2170 2144
f 2167 2170 2168
f 2144 2143 2168
f 2143 2167 2168
f 2163 2190 2164
f 2163 2189 2190
f 2162 2183 2163
f 2137 2162 2163
f 2164 2138 2163
f 2163 2138 2137
f 2195 2219 2218
f 2219 2191 2218
f 2218 2220 2195
f 2254 2220 2218
f 2217 2254 2218
f 2218 2191 2217
f 2234 2233 2236
f 2205 2234 2236
f 2236 2235 2205
f 2268 2235 2236
f 2236 2233 2268
f 2736 2235 2737
f 2235 2237 2737
f 2737 2732 2736
f 2737 2237 2732
f 2199 2200 2171
f 2202 2200 2199
f 2171 2198 2199
f 2199 2198 2202
f 2176 2200 2173
f 2173 2152 2176
f 2173 2200 2202
f 2201 2177 2173
f 2202 2203 2173
f 2173 2174 2152
f 2177 2174 2173
f 2173 2204 2201
f 2173 2203 2204
f 2230 2202 2229
f 2229 2265 2230
f 999 1033 1032
f 1032 1164 999
f 679 1033 999
f 999 706 679
f 999 1164 706
f 1166 1070 1167
f 1167 1164 1166
f 1166 1164 1070
f 1170 1169 2616
f 2616 729 1170
f 731 706 1169
f 731 707 706
f 729 728 732
f 732 1170 729
f 1169 1170 732
f 1202 1189 1203
f 1189 1201 1203
f 1203 1184 1202
f 1197 1198 1181
f 1218 44 1200
f 1200 44 45
f 1103 1116 1115
f 1115 1114 1103
f 1116 1090 1115
f 1090 1114 1115
f 1107 1121 1123
f 1107 1114 1090
f 1123 1114 1107
f 1107 1090 1075
f 1075 1074 1107
f 1074 1106 1107
f 1107 1106 1102
f 1102 1121 1107
f 1277 1257 1268
f 1268 1281 1277
f 38 1259 1277
f 1277 1281 38
f 1710 1759 1760
f 721 1660 712
f 712 1660 1637
f 712 691 721
f 712 713 684
f 1661 1660 1669
f 1637 1660 1661
f 1669 1644 1661
f 1661 1643 1637
f 1644 1643 1661
f 1741 1759 1710
f 1710 1758 1741
f 1695 1740 1741
f 1741 1742 1695
f 1741 1758 1742
f 742 720 719
f 719 741 742
f 1709 720 742
f 742 741 1709
f 2843 2836 2815
f 3771 2843 2815
f 2815 2793 3771
f 2837 2836 2873
f 2872 2924 2873
f 2873 2836 2872
f 2876 2837 2873
f 2873 2925 2926
f 2924 2925 2873
f 2927 2876 2873
f 2873 2926 2927
f 2838 2875 2877
f 2838 2837 2875
f 2839 2840 2813
f 2877 2840 2839
f 2839 2838 2877
f 2957 2987 2958
f 2987 2959 2958
f 2923 2957 2958
f 2958 2959 2923
f 2969 2970 2931
f 2991 2970 2969
f 2969 2931 2968
f 2977 2976 2989
f 2989 2988 2977
f 2968 2988 2989
f 2883 2892 2884
f 2892 2885 2884
f 2884 2846 2883
f 2884 2885 2846
f 2894 2893 2939
f 2939 2940 2894
f 2894 2940 2895
f 2894 2895 2852
f 2852 2893 2894
f 2803 2795 2817
f 2817 2795 2816
f 2817 2804 2803
f 2816 2804 2817
f 2827 2804 2816
f 2844 2828 2827
f 2828 2805 2827
f 2805 2804 2827
f 2827 2818 2844
f 2827 2816 2818
f 1441 1400 1403
f 1403 2783 1441
f 1444 2783 1403
f 1403 1443 1444
f 1444 1443 2783
f 2779 1443 2782
f 2865 2867 2831
f 2914 2867 2865
f 2831 2866 2865
f 2866 2830 2865
f 2865 2830 2863
f 2863 2914 2865
f 2094 2090 2107
f 1331 1336 2085
f 2085 2096 1331
f 2112 2131 2132
f 2109 2107 2130
f 2130 2131 2109
f 2112 2098 2109
f 2109 2131 2112
f 2155 2154 2157
f 2155 2131 2154
f 2155 2157 2133
f 2133 2132 2155
f 2155 2132 2131
f 3101 3102 3086
f 3086 2087 3074
f 3086 3102 3103
f 3086 3100 3101
f 3086 3098 3100
f 3084 3098 3086
f 2100 2113 2101
f 2101 2087 2100
f 3075 3074 2089
f 2089 2083 3075
f 1330 1334 2790
f 1329 1334 1330
f 3062 2790 3061
f 3062 3061 3066
f 3062 1330 2790
f 1329 1330 3062
f 3074 3075 3067
f 3066 3074 3067
f 3067 3062 3066
f 3070 3080 3081
f 3082 3070 3081
f 2921 3090 3081
f 3081 3080 2921
f 3081 3092 3082
f 3115 3113 2937
f 3115 2937 3145
f 3145 3146 3115
f 3092 3113 3115
f 3115 3146 3116
f 3116 3092 3115
f 2122 2102 2101
f 2101 2121 2122
f 2123 2149 2150
f 2123 2121 2149
f 2106 2124 2123
f 2123 2122 2121
f 2123 2125 2106
f 2150 2125 2123
f 2124 2102 2123
f 2102 2122 2123
f 2193 2166 2192
f 2192 2166 2191
f 2219 2193 2192
f 2192 2191 2219
f 2140 2116 2139
f 2117 2116 2140
f 2140 2139 2141
f 2141 2117 2140
f 2316 2313 2318
f 2318 2315 2316
f 2316 2314 2313
f 2296 2314 2316
f 2316 2315 2296
f 2222 2196 2221
f 2246 2245 2283
f 2246 2286 2247
f 2285 2286 2246
f 2284 2285 2246
f 2246 2283 2284
f 2216 2254 2217
f 2216 2253 2254
f 2216 2222 2253
f 2161 2184 2185
f 2185 2184 2211
f 2211 2212 2185
f 2182 2183 2161
f 2007 2008 1954
f 2015 2008 2007
f 1954 2006 2007
f 2007 2006 2015
f 2004 2005 1952
f 1897 1951 1952
f 1952 1951 2004
f 1952 2005 1960
f 1952 1953 1897
f 1960 1953 1952
f 1916 1867 1924
f 1924 1867 1866
f 1924 1972 1916
f 1924 1923 1972
f 1866 1865 1924
f 1924 1865 1923
f 1981 2015 2016
f 2015 2006 2016
f 2016 2017 1981
f 2016 2006 2017
f 1626 737 735
f 735 1628 1626
f 735 737 715
f 684 713 711
f 685 684 711
f 681 691 708
f 708 709 681
f 691 712 708
f 708 712 709
f 2436 1624 1623
f 2436 2428 1624
f 736 2428 2436
f 2436 3026 736
f 3011 3026 2436
f 2723 1636 1659
f 2723 2724 1636
f 1659 743 2723
f 743 2724 2723
f 1696 1658 1695
f 1695 1697 1696
f 1696 1697 1658
f 745 727 726
f 726 725 745
f 699 725 726
f 700 699 726
f 726 727 700
f 1693 1692 1737
f 1658 1692 1693
f 1738 1737 1798
f 1798 1739 1738
f 1738 1693 1737
f 1844 1792 1791
f 1736 1699 2280
f 2280 2307 1736
f 2307 1792 1736
f 1691 1699 1736
f 1736 1692 1691
f 1737 1692 1736
f 1798 1737 1797
f 1797 1740 1798
f 1755 1804 1750
f 1813 1804 1755
f 1638 1628 1637
f 1637 1643 1638
f 1629 1628 1638
f 1648 1667 1666
f 1666 1642 1648
f 1673 1674 1648
f 1648 1674 1667
f 1646 1647 1632
f 1632 1648 1642
f 1647 1648 1632
f 1632 1645 1646
f 1632 1630 1623
f 1623 1629 1632
f 1629 1638 1632
f 1644 1645 1632
f 1632 1643 1644
f 1632 1638 1643
f 1671 1646 1668
f 1668 1708 1671
f 1672 1708 1673
f 1673 1648 1672
f 1672 1648 1647
f 1672 1647 1646
f 1646 1671 1672
f 1672 1671 1708
f 1715 1766 1756
f 1766 1752 1756
f 1752 1751 1756
f 1997 1941 1995
f 1997 1942 1941
f 1944 1942 1997
f 3176 3175 3174
f 3135 3175 3176
f 3215 3177 3176
f 3176 3136 3135
f 3177 3136 3176
f 3215 3174 3214
f 3214 3259 3215
f 3214 3174 3213
f 3213 3259 3214
f 3132 3175 3173
f 3135 3134 3173
f 3173 3175 3135
f 3088 3106 3107
f 3107 3108 3088
f 3134 3108 3107
f 1677 1722 1723
f 1722 1769 1723
f 1723 1769 1770
f 1770 1725 1723
f 2444 1767 1720
f 2444 2443 2441
f 1720 2443 2444
f 1722 1767 1768
f 1817 1769 1768
f 1768 1769 1722
f 1768 1816 1817
f 1768 1815 1816
f 2441 1815 1768
f 1768 2444 2441
f 1767 2444 1768
f 1771 1725 1770
f 1772 1726 1771
f 1726 1725 1771
f 1821 1822 1772
f 1874 1818 1873
f 1873 1872 1927
f 1873 1818 1817
f 1817 1816 1873
f 1873 1816 1872
f 1858 1855 1806
f 1858 1917 1913
f 1913 1855 1858
f 1858 1867 1916
f 1879 1929 1876
f 1876 1824 1879
f 1878 1929 1879
f 1879 1824 1878
f 1825 1824 1876
f 1773 1824 1825
f 1826 1773 1825
f 1876 1880 1825
f 1825 1880 1826
f 2000 1998 2001
f 1998 2002 2001
f 2001 1950 2000
f 2001 2002 1950
f 2018 1984 1983
f 2018 2002 1984
f 2025 2002 2018
f 2018 2017 2025
f 1983 1981 2018
f 1981 2017 2018
f 1833 3138 3137
f 1831 3138 1833
f 1833 1832 1831
f 1780 1832 1833
f 3566 3504 3503
f 3503 3565 3566
f 3565 3564 3566
f 3563 3564 3503
f 3574 3564 3563
f 3568 3504 3567
f 3567 3509 3568
f 3567 3564 3509
f 3504 3566 3567
f 3567 3566 3564
f 425 3632 3560
f 2377 2344 3558
f 3558 3631 2377
f 3558 2344 425
f 425 3631 3558
f 3559 3503 181
f 181 3631 3559
f 3559 3631 425
f 425 3560 3559
f 3559 3560 3503
f 3692 3639 3691
f 3640 3639 3692
f 3692 3691 3695
f 3695 3694 3692
f 3694 3641 3692
f 3638 3574 425
f 425 3639 3638
f 3638 3639 3574
f 144 151 152
f 152 153 144
f 151 163 152
f 149 148 155
f 148 153 155
f 155 159 149
f 180 177 160
f 177 197 193
f 175 174 193
f 193 174 177
f 193 194 175
f 3754 194 193
f 193 197 3754
f 3261 3262 3260
f 3260 3217 3261
f 3260 3262 1996
f 1996 3217 3260
f 3262 3308 3311
f 3311 3353 3349
f 3348 3353 3311
f 3171 3130 3129
f 3170 3130 3171
f 3171 3129 3126
f 3126 3170 3171
f 3131 3106 3105
f 3105 3130 3131
f 3131 3130 3106
f 3172 3170 3169
f 3172 3130 3170
f 3172 3169 3212
f 3132 3130 3172
f 3212 3174 3172
f 3172 3174 3132
f 3339 3340 3299
f 3340 3338 3299
f 3299 3338 3300
f 3299 3300 3255
f 3255 3304 3299
f 3304 3339 3299
f 3283 3282 3297
f 3297 3296 3283
f 3297 3282 3334
f 3297 3298 3254
f 3297 3334 3301
f 3301 3298 3297
f 3250 3243 3286
f 3286 3284 3250
f 3286 3243 3238
f 3238 3237 3286
f 3237 3284 3286
f 3295 3284 3285
f 3283 3296 3285
f 3285 3296 3295
f 3236 3283 3285
f 3285 3284 3236
f 3243 3206 3195
f 3206 3205 3195
f 3195 3205 3204
f 3195 3204 3196
f 3196 3153 3195
f 3153 3194 3195
f 3194 3243 3195
f 3220 3264 3267
f 3267 3268 3220
f 3268 3221 3220
f 3219 3264 3220
f 3221 3181 3220
f 3181 3219 3220
f 3274 3325 3275
f 3274 3324 3325
f 3275 3227 3274
f 3227 3226 3274
f 3306 3347 3307
f 3261 3258 3307
f 3258 3306 3307
f 3307 3347 3346
f 3346 3348 3307
f 3348 3311 3307
f 3307 3308 3261
f 3307 3311 3308
f 1777 3326 1729
f 1777 1830 3326
f 1829 1830 1777
f 1729 1776 1777
f 1777 1776 1829
f 1935 1987 1988
f 1987 2022 1988
f 2023 3352 1989
f 2021 2023 1989
f 1989 2022 2021
f 1989 1988 2022
f 1935 1988 1989
f 2440 3144 2437
f 2440 1633 3144
f 1649 1633 2440
f 2437 3010 2440
f 2440 3010 3023
f 1676 1649 2440
f 2440 1675 1676
f 1635 1653 1654
f 3183 3184 3143
f 3183 1653 3184
f 3183 1654 1653
f 3143 1635 3183
f 1635 1654 3183
f 1652 1653 1635
f 1652 1651 1679
f 1635 1651 1652
f 777 778 763
f 763 776 777
f 777 776 778
f 2405 3140 2404
f 2404 3033 2405
f 2404 2769 3034
f 3034 3033 2404
f 1119 1093 1118
f 1119 1094 1093
f 1119 1118 1122
f 1122 1120 1119
f 1119 1120 1095
f 1095 1094 1119
f 1212 1002 1229
f 1002 963 1229
f 1229 963 922
f 1229 923 1212
f 922 923 1229
f 993 952 992
f 992 1026 993
f 992 991 1026
f 952 906 951
f 951 992 952
f 991 992 951
f 922 880 879
f 879 923 922
f 879 853 878
f 880 853 879
f 878 921 879
f 921 923 879
f 965 966 928
f 928 966 929
f 929 883 928
f 925 924 965
f 965 926 925
f 925 926 881
f 881 880 925
f 925 880 924
f 806 1252 828
f 828 829 806
f 1252 1251 828
f 828 1251 829
f 1231 1251 1252
f 1254 1255 1231
f 1212 1230 1231
f 1231 1213 1212
f 1231 1253 1254
f 1231 1252 1253
f 1231 1232 1213
f 850 876 851
f 851 829 850
f 829 1251 850
f 894 863 893
f 894 895 863
f 893 939 894
f 939 895 894
f 936 935 978
f 892 935 936
f 978 979 936
f 936 937 892
f 936 979 938
f 938 937 936
f 892 933 934
f 934 935 892
f 933 935 934
f 857 833 832
f 832 856 857
f 832 831 856
f 806 831 832
f 832 833 806
f 860 833 836
f 836 833 837
f 834 860 836
f 812 834 836
f 836 837 812
f 920 919 878
f 876 919 877
f 851 876 877
f 877 853 851
f 919 920 877
f 878 853 877
f 877 920 878
f 3790 3786 3785
f 3805 3822 3806
f 3806 3822 3825
f 3845 3846 3823
f 3872 3870 3626
f 3626 3870 3865
f 3823 3806 3826
f 3826 3845 3823
f 3851 3845 3826
f 3826 3825 3848
f 3826 3806 3825
f 3838 3839 3819
f 3819 3818 3838
f 3838 3818 3837
f 3838 3837 3856
f 3856 3839 3838
f 3837 3818 3836
f 3836 3835 3834
f 3816 3835 3836
f 3836 3818 3816
f 3834 3856 3836
f 3856 3837 3836
f 3790 3802 3803
f 3803 3804 3790
f 3803 3802 3816
f 3816 3818 3803
f 3818 3804 3803
f 3792 3786 3790
f 3790 3804 3792
f 3801 3802 3790
f 3790 3800 3801
f 3815 3802 3801
f 3814 3815 3801
f 3801 3800 3814
f 35 83 36
f 36 83 37
f 36 1207 35
f 36 1206 1207
f 37 1206 36
f 884 883 929
f 929 905 884
f 884 858 883
f 885 858 884
f 884 905 885
f 1272 824 849
f 849 822 1272
f 824 822 849
f 823 824 805
f 805 822 823
f 823 822 824
f 3882 3877 3855
f 819 3875 820
f 820 818 819
f 2372 2341 2371
f 2372 2369 2341
f 2372 2371 2374
f 2374 2369 2372
f 342 356 343
f 343 3786 342
f 343 3785 3786
f 346 345 358
f 3783 345 346
f 2331 2356 2357
f 2357 2334 2331
f 2357 2358 2334
f 2357 2366 2358
f 2385 2366 2357
f 2352 2351 2354
f 2330 2356 2331
f 3441 3420 3425
f 3441 3442 3420
f 3478 3442 3441
f 3441 3453 3478
f 3441 3425 3453
f 3420 3443 3444
f 3443 3481 3444
f 3444 3445 3420
f 3444 3481 3445
f 3480 3481 3443
f 3445 3481 3480
f 3480 3483 3445
f 2351 3661 2381
f 3661 3678 2381
f 3677 2381 3678
f 2362 3680 2366
f 3653 3590 3586
f 3586 3523 3521
f 3590 3523 3586
f 3586 3589 3651
f 3521 3589 3586
f 3652 3661 3653
f 3653 3586 3652
f 3680 2362 3652
f 3651 3680 3652
f 3652 3586 3651
f 355 356 342
f 340 2330 355
f 340 2329 2348
f 2329 2353 2348
f 2348 2330 340
f 2354 2330 2348
f 2348 2353 2352
f 2352 2354 2348
f 362 351 361
f 351 360 361
f 392 362 361
f 361 391 392
f 361 390 391
f 358 390 359
f 359 349 358
f 390 361 359
f 359 361 360
f 350 349 359
f 359 351 350
f 359 360 351
f 446 526 447
f 446 445 526
f 447 390 446
f 390 445 446
f 526 444 525
f 444 524 525
f 515 525 524
f 515 437 512
f 512 528 515
f 515 528 526
f 526 525 515
f 442 521 522
f 522 521 517
f 517 521 573
f 519 574 573
f 573 500 499
f 499 517 573
f 501 500 573
f 573 574 501
f 518 2324 584
f 584 574 518
f 584 2324 3628
f 584 3629 2337
f 3628 3629 584
f 2337 2338 584
f 584 2338 572
f 572 571 584
f 584 571 570
f 570 574 584
f 3935 3952 3936
f 3927 3935 3936
f 3936 3928 3927
f 3936 3937 3928
f 3953 3952 3960
f 3953 3936 3952
f 3953 3954 3938
f 3938 3937 3953
f 3937 3936 3953
f 3972 3975 3973
f 3973 3975 3965
f 1132 3972 3973
f 3973 3974 1132
f 3510 3576 3577
f 3578 3510 3577
f 3575 3642 3577
f 3577 3576 3575
f 3577 3580 3578
f 3643 3580 3577
f 3577 3642 3643
f 3475 3511 3512
f 3512 3513 3475
f 3733 3726 3718
f 3727 3726 3733
f 3733 3718 3728
f 3728 3727 3733
f 3992 3991 3997
f 3991 3996 3997
f 3993 3992 3997
f 3997 3996 3993
f 3982 3987 3990
f 3990 3987 3991
f 3983 3982 3990
f 3990 3991 3983
f 947 903 946
f 947 904 903
f 908 954 955
f 996 1030 1031
f 1031 1030 3439
f 1061 1064 1023
f 1061 1035 1064
f 1061 1023 1022
f 1022 1035 1061
f 3391 3392 1152
f 3391 1035 3392
f 3403 1035 3391
f 3391 1161 3403
f 1150 1161 3391
f 3391 1151 1150
f 1152 1151 3391
f 1144 1318 1319
f 1144 1034 1318
f 1319 1299 1144
f 3392 1034 1144
f 1144 1153 3392
f 1152 1153 1144
f 1299 1151 1144
f 1144 1151 1152
f 3911 3907 3915
f 3915 3557 3911
f 3907 3557 3915
f 998 961 994
f 3667 913 3610
f 3610 3668 3667
f 3668 3610 3607
f 3607 3606 3668
f 3607 3548 3606
f 3548 3607 3549
f 845 844 872
f 844 871 872
f 872 873 845
f 872 871 873
f 911 867 865
f 865 910 911
f 911 910 955
f 955 954 911
f 958 956 911
f 911 957 958
f 911 954 957
f 3604 3663 3609
f 3609 3663 3608
f 3608 3551 3609
f 3675 3663 3621
f 3618 3675 3621
f 3621 3663 3604
f 3620 3676 3621
f 3621 3676 3618
f 3621 3890 3861
f 3622 3890 3621
f 3889 3620 3621
f 3621 3861 3889
f 3621 3662 3622
f 3604 3662 3621
f 3674 3663 3675
f 3674 3675 3616
f 3616 3673 3674
f 3496 3501 3466
f 3466 3463 3496
f 3496 3549 3501
f 3496 3463 3495
f 3495 3547 3496
f 3547 3548 3496
f 3548 3549 3496
f 3437 3463 3438
f 3433 3463 3437
f 3438 3418 3437
f 3417 3433 3437
f 3437 3418 3417
f 3462 3463 3433
f 3432 3461 3462
f 3462 3433 3432
f 3461 3495 3462
f 3495 3463 3462
f 3465 3464 3499
f 3499 3464 3498
f 3498 3552 3499
f 3554 3500 3499
f 3499 3500 3465
f 3553 3547 3554
f 3553 3548 3547
f 3608 3548 3553
f 3553 3551 3608
f 3553 3552 3551
f 3554 3499 3553
f 3553 3499 3552
f 3605 3548 3608
f 3608 3666 3605
f 3665 3606 3605
f 3606 3548 3605
f 1388 1359 1387
f 2549 2550 2527
f 2527 2526 2549
f 2526 1388 2549
f 1387 2550 2549
f 2549 1388 1387
f 1343 1359 1360
f 1360 2527 1343
f 1360 2526 2527
f 1359 1388 1360
f 1360 1388 2526
f 2508 1343 2509
f 2508 2529 1343
f 2525 2529 2508
f 2508 2507 2525
f 2509 2484 2508
f 2484 2507 2508
f 7 1 6
f 6 8 7
f 7 8 1
f 313 329 330
f 330 329 333
f 295 315 316
f 316 309 295
f 316 324 309
f 2072 2076 2460
f 2460 2076 2461
f 2460 2077 2072
f 2460 2470 2077
f 2460 2461 2470
f 2455 2468 2456
f 2468 2469 2456
f 2456 2449 2455
f 2456 2458 2451
f 2456 2469 2458
f 268 255 262
f 268 251 255
f 262 269 268
f 269 251 268
f 535 536 457
f 535 585 536
f 457 527 535
f 527 585 535
f 549 606 607
f 549 548 606
f 549 550 474
f 549 474 473
f 473 548 549
f 549 607 608
f 608 550 549
f 1505 2772 2771
f 1477 1503 1505
f 1503 2772 1505
f 598 597 634
f 598 635 599
f 598 634 635
f 30 597 598
f 599 29 598
f 598 29 30
f 3524 3523 3592
f 3592 3523 3537
f 3528 3537 3490
f 3490 3483 3528
f 3528 3592 3537
f 3536 3490 3538
f 3536 3491 3490
f 3493 3455 3492
f 3492 3491 3493
f 3492 3455 3454
f 3454 3491 3492
f 3491 3536 3539
f 3538 3597 3539
f 3539 3536 3538
f 3539 3597 3599
f 35 1223 466
f 466 467 35
f 1223 467 466
f 1222 1223 1207
f 1207 1221 1222
f 398 1223 1222
f 1219 1206 1220
f 1236 1221 1219
f 1207 1206 1219
f 1219 1221 1207
f 1238 1220 1237
f 1237 1264 1238
f 1237 1220 38
f 38 1264 1237
f 1241 1245 1244
f 1244 1245 1247
f 1244 1247 398
f 398 1222 1244
f 2573 2550 1387
f 1387 1412 2573
f 2573 1412 2589
f 2589 2574 2573
f 2574 2550 2573
f 2779 2782 2781
f 2781 1504 1477
f 2774 2795 2779
f 2779 2770 2774
f 2775 2795 2774
f 2767 2775 2774
f 2774 2770 2767
f 2674 2658 2673
f 2697 2677 2674
f 2674 2673 2697
f 2677 2661 2674
f 2661 2676 2674
f 2625 2644 2645
f 2624 2644 2625
f 2645 2626 2625
f 2612 2624 2625
f 2625 2626 2612
f 2646 2644 2664
f 2665 2646 2664
f 2664 2663 2665
f 2643 2663 2664
f 2664 2644 2643
f 2704 2686 2682
f 2684 2704 2682
f 2682 2663 2684
f 2665 2663 2682
f 2682 2686 2665
f 2684 2683 2681
f 2681 2703 2684
f 2700 2701 2681
f 2681 2663 2662
f 2681 2683 2663
f 2662 2680 2681
f 2681 2680 2700
f 2241 2242 2209
f 2209 2207 2241
f 2241 2207 2242
f 2707 2688 2706
f 2707 2207 2688
f 2706 2721 2707
f 2707 2240 2207
f 2189 2163 2188
f 2217 2191 2188
f 2188 2191 2189
f 2202 2198 2224
f 2224 2229 2202
f 1165 731 1169
f 1169 732 1165
f 707 731 1165
f 728 707 1165
f 1165 732 728
f 1183 1200 1201
f 1183 1176 1173
f 1173 1182 1183
f 1182 1198 1183
f 1187 1176 1183
f 1183 1201 1187
f 1204 1203 1201
f 1201 1200 1204
f 1184 1203 1204
f 1268 38 1280
f 1280 1281 1268
f 38 1281 1280
f 87 134 135
f 38 86 87
f 86 134 87
f 1213 1232 1214
f 1257 1277 1258
f 1258 1232 1257
f 1258 1277 1259
f 1259 1232 1258
f 1761 1762 1710
f 1710 1760 1761
f 734 712 1637
f 713 712 734
f 734 711 713
f 710 712 684
f 709 712 710
f 710 684 683
f 683 709 710
f 2793 2815 2812
f 2812 2815 2836
f 2812 2794 2793
f 2838 2839 2812
f 2812 2839 2813
f 2812 2836 2837
f 2837 2838 2812
f 2813 2791 2812
f 2791 2794 2812
f 2990 2989 2976
f 2991 2969 2990
f 2990 2969 2968
f 2968 2989 2990
f 2784 2783 1400
f 1400 1441 2784
f 2784 1441 2783
f 1478 1443 1477
f 1478 2782 1443
f 1477 1504 1478
f 1504 2781 1478
f 1478 2781 2782
f 2091 2094 2084
f 2090 2094 2091
f 2084 2083 2091
f 2091 2083 2090
f 2110 1331 2096
f 2110 2132 2133
f 2110 2096 2112
f 2112 2132 2110
f 2095 2094 2107
f 2107 2109 2095
f 2095 2109 2098
f 2084 2094 2095
f 2099 3086 3103
f 2087 3086 2099
f 2099 3103 3128
f 3128 2113 2099
f 2113 2100 2099
f 2099 2100 2087
f 3071 3084 3073
f 3084 3086 3073
f 3066 3071 3073
f 3073 3074 3066
f 3073 3086 3074
f 2085 1329 1328
f 1328 2086 2085
f 1329 2086 1328
f 2081 2084 2085
f 2085 2086 2081
f 2081 2080 2084
f 2081 2086 2082
f 3060 2086 1329
f 1329 3062 3060
f 2082 2086 3060
f 3060 3062 2082
f 3090 3113 3091
f 3091 3081 3090
f 3091 3113 3092
f 3092 3081 3091
f 2221 2253 2255
f 2255 2222 2221
f 2253 2222 2255
f 2226 2225 2257
f 2289 2259 2257
f 2257 2259 2226
f 2248 2288 2289
f 2289 2257 2248
f 2287 2288 2248
f 2248 2285 2287
f 2248 2286 2285
f 2247 2286 2248
f 2196 2222 2223
f 2223 2222 2256
f 2256 2248 2223
f 2223 2257 2225
f 2223 2248 2257
f 2187 2216 2217
f 2217 2188 2187
f 2187 2182 2161
f 2183 2182 2187
f 2187 2163 2183
f 2187 2188 2163
f 2256 2222 2252
f 2222 2216 2252
f 2250 2252 2216
f 2256 2252 2250
f 685 711 714
f 686 685 714
f 1628 735 714
f 714 715 686
f 714 735 715
f 1642 1667 1665
f 1665 1667 1704
f 1747 1704 1750
f 1806 1802 1747
f 1747 1805 1806
f 1750 1804 1747
f 1747 1804 1805
f 1693 1738 1694
f 1695 1658 1694
f 1658 1693 1694
f 1694 1738 1739
f 1694 1740 1695
f 1694 1739 1740
f 1962 1964 1902
f 1843 1791 2318
f 1843 1844 1791
f 2318 1842 1843
f 1843 1842 1841
f 1841 1902 1843
f 1962 1902 1900
f 1957 2011 1978
f 2009 2011 1957
f 1957 1956 2009
f 1899 1953 1960
f 1899 1960 1954
f 1898 1953 1899
f 1899 1839 1898
f 1899 1900 1839
f 1956 1957 1899
f 1909 1968 1908
f 1908 1848 1909
f 1909 1848 1907
f 1705 1755 1750
f 1705 1751 1752
f 1719 1751 1705
f 1705 1674 1719
f 1706 1667 1705
f 1667 1674 1705
f 1860 1918 1919
f 1919 1865 1860
f 1860 1865 1861
f 1668 1670 1707
f 1707 1708 1668
f 1673 1708 1717
f 1717 1674 1673
f 1718 1751 1719
f 1718 1756 1751
f 1719 1674 1718
f 1674 1717 1718
f 1718 1707 1756
f 1708 1707 1718
f 1718 1717 1708
f 1886 1942 1891
f 1891 1942 1892
f 1891 1892 1836
f 1834 1885 1886
f 1886 1887 1834
f 1780 1833 1834
f 1781 1780 1834
f 1834 1836 1781
f 1834 1887 1836
f 1938 1944 1994
f 1944 1997 1994
f 1994 1995 1938
f 1994 1997 1995
f 3216 3174 3215
f 3215 3176 3216
f 3216 3176 3174
f 3133 3173 3134
f 3134 3107 3133
f 3133 3107 3106
f 3133 3106 3132
f 3132 3173 3133
f 1677 1723 1724
f 1724 1723 1725
f 1724 1680 1677
f 1678 1680 1724
f 1724 1725 1678
f 1772 1771 1820
f 1820 1771 1770
f 1820 1821 1772
f 1822 1821 1819
f 1875 1822 1819
f 1819 1818 1875
f 1821 1820 1819
f 1770 1818 1819
f 1819 1820 1770
f 1927 1932 1928
f 1928 1873 1927
f 1874 1873 1928
f 1928 1877 1874
f 1932 1878 1928
f 1878 1877 1928
f 1806 1804 1857
f 1857 1858 1806
f 1867 1858 1857
f 1857 1804 1813
f 1813 1867 1857
f 3179 1940 1939
f 1939 3139 3179
f 1939 1940 1886
f 1886 1885 1939
f 3562 3563 3503
f 3562 3632 3633
f 3693 3641 3640
f 3640 3692 3693
f 3693 3692 3641
f 153 152 165
f 172 155 165
f 165 155 153
f 160 159 179
f 179 180 160
f 198 197 177
f 177 180 198
f 172 1578 192
f 3309 3311 3349
f 3262 3311 3309
f 3309 3349 3310
f 3310 3262 3309
f 3321 3324 3273
f 3324 3274 3273
f 3273 3272 3321
f 3226 3272 3273
f 3273 3274 3226
f 1990 3352 1935
f 1935 1989 1990
f 1990 1989 3352
f 3023 3024 2442
f 2442 2440 3023
f 2442 3024 3031
f 3031 2443 2442
f 2443 1675 2442
f 1675 2440 2442
f 1681 1652 1679
f 1653 1652 1681
f 1679 1682 1681
f 1682 1653 1681
f 3112 3140 3141
f 3112 2404 3140
f 2769 2404 2763
f 2763 3112 3141
f 2404 3112 2763
f 2763 3141 3142
f 3142 2769 2763
f 967 991 950
f 991 951 950
f 950 951 906
f 929 967 950
f 950 906 929
f 927 926 965
f 965 928 927
f 881 926 927
f 1251 1231 1250
f 1230 876 1250
f 1250 1231 1230
f 1256 1231 1255
f 1232 1231 1256
f 1255 1257 1256
f 1257 1232 1256
f 3784 345 3783
f 3783 3790 3784
f 3790 3785 3784
f 3785 343 3784
f 3823 3846 3847
f 3847 3824 3823
f 3823 3824 341
f 342 3806 341
f 341 3806 3823
f 341 355 342
f 341 2329 340
f 340 355 341
f 2349 2329 341
f 2349 3846 3596
f 3596 3538 3598
f 3598 2349 3596
f 3596 3597 3538
f 3596 3869 3597
f 3895 3626 3865
f 3894 3626 3895
f 3865 3864 3895
f 3895 3864 3894
f 3849 3871 3872
f 3848 3871 3849
f 3849 3826 3848
f 3786 3792 3791
f 342 3786 3791
f 3791 3806 342
f 3791 3792 3804
f 3791 3804 3805
f 3805 3806 3791
f 3875 819 3876
f 3854 3875 3876
f 3855 3854 3876
f 3876 3882 3855
f 802 818 804
f 802 819 818
f 3877 3882 802
f 3882 3876 802
f 802 3876 819
f 358 345 344
f 344 343 358
f 345 3784 344
f 344 3784 343
f 357 356 358
f 358 343 357
f 357 343 356
f 358 348 347
f 347 346 358
f 347 348 3783
f 3783 346 347
f 3479 3523 3524
f 3479 3480 3443
f 3524 3480 3479
f 3443 3482 3479
f 3479 3482 3521
f 3595 3590 3653
f 3595 3653 3598
f 3598 3538 3595
f 3538 3537 3595
f 3525 3480 3524
f 3483 3480 3525
f 3525 3528 3483
f 3524 3592 3525
f 3592 3528 3525
f 2355 2354 2351
f 2383 2356 2355
f 2356 2330 2355
f 2355 2330 2354
f 2383 2381 2397
f 2385 2357 2384
f 2384 2357 2356
f 2384 2356 2383
f 2387 3677 3678
f 2381 3677 2387
f 2387 2397 2381
f 2383 2397 2387
f 2385 2387 2389
f 2389 2387 3678
f 2389 2366 2385
f 3679 3678 3661
f 3661 3652 3679
f 3679 3652 2362
f 3679 2389 3678
f 516 515 524
f 437 515 516
f 442 522 523
f 523 443 442
f 523 524 443
f 523 516 524
f 517 516 523
f 523 522 517
f 519 573 520
f 520 573 521
f 520 441 519
f 442 441 520
f 520 521 442
f 3961 3953 3960
f 3954 3953 3961
f 3961 3963 3954
f 3974 3973 3964
f 3960 3974 3964
f 3954 3963 3964
f 3964 3961 3960
f 3963 3961 3964
f 3964 3965 3954
f 3964 3973 3965
f 3580 3513 3579
f 3513 3512 3579
f 3578 3580 3579
f 3579 3511 3578
f 3579 3512 3511
f 864 904 907
f 907 908 864
f 955 910 909
f 909 908 955
f 909 910 865
f 909 865 864
f 864 908 909
f 949 907 904
f 3467 3438 3466
f 3439 3438 3467
f 3467 1031 3439
f 913 961 962
f 961 998 962
f 1027 998 994
f 3501 3549 3555
f 3555 962 998
f 3555 3607 3610
f 3555 3549 3607
f 3555 3610 913
f 913 962 3555
f 918 871 870
f 870 871 844
f 844 869 870
f 914 956 960
f 867 911 914
f 914 911 956
f 867 916 868
f 868 916 869
f 844 867 868
f 868 869 844
f 3550 3609 3551
f 3550 3551 3498
f 3550 3546 3604
f 3604 3609 3550
f 3498 3497 3550
f 3497 3546 3550
f 3663 3674 3710
f 3673 3666 3710
f 3710 3674 3673
f 3664 3671 3665
f 3665 3605 3664
f 3616 3671 3664
f 3664 3673 3616
f 3664 3666 3673
f 3664 3605 3666
f 326 316 315
f 336 327 326
f 326 327 310
f 310 324 326
f 324 316 326
f 313 330 314
f 295 313 314
f 314 315 295
f 314 326 315
f 330 326 314
f 2450 2451 2446
f 2450 2456 2451
f 2446 2449 2450
f 2449 2456 2450
f 2771 2770 2780
f 2780 1505 2771
f 1477 1505 2780
f 2780 2781 1477
f 2780 2770 2779
f 2779 2781 2780
f 3541 3542 3491
f 3544 3542 3541
f 3603 3545 3600
f 3599 3603 3600
f 3600 3539 3599
f 3600 3545 3601
f 3601 3539 3600
f 462 1223 398
f 398 460 462
f 460 467 462
f 467 537 462
f 463 467 1223
f 463 537 467
f 1223 462 463
f 463 462 537
f 1220 1236 1235
f 1235 1219 1220
f 1236 1219 1235
f 1242 1221 1241
f 1241 1244 1242
f 2658 2674 2675
f 2675 2674 2676
f 2659 2658 2675
f 2675 2676 2659
f 2718 2703 2702
f 2703 2681 2702
f 2701 2718 2702
f 2702 2681 2701
f 2721 2206 2722
f 2722 2707 2721
f 2206 2240 2722
f 2240 2707 2722
f 2265 2229 2258
f 2229 2224 2258
f 2224 2228 2258
f 2258 2228 2227
f 1200 1183 1199
f 1198 1197 1199
f 1199 1183 1198
f 1184 1204 1205
f 1205 1204 1200
f 45 1184 1205
f 1205 1200 45
f 39 1259 38
f 38 40 39
f 39 40 1259
f 38 87 88
f 88 40 38
f 91 135 139
f 139 140 91
f 140 93 91
f 92 93 44
f 92 91 93
f 1260 1232 1259
f 1260 1261 1232
f 1259 40 1260
f 40 1261 1260
f 1217 1199 1197
f 1218 1200 1217
f 1200 1199 1217
f 1217 44 1218
f 1217 43 44
f 1213 1214 1196
f 1195 1213 1196
f 1181 1195 1196
f 1196 1197 1181
f 1232 1261 1233
f 1233 1214 1232
f 1336 1331 2111
f 1331 2110 2111
f 2133 1336 2111
f 2111 2110 2133
f 2084 2095 2093
f 2093 2095 2098
f 2085 2084 2093
f 2093 2098 2085
f 2080 2081 2079
f 2079 2081 2082
f 2082 3062 2079
f 3062 3067 2079
f 2196 2223 2197
f 2197 2223 2225
f 2197 2225 2226
f 2197 2198 2171
f 2171 2196 2197
f 2197 2226 2227
f 2227 2228 2197
f 2197 2224 2198
f 2197 2228 2224
f 2215 2187 2214
f 2216 2187 2215
f 2215 2250 2216
f 2186 2187 2161
f 2214 2187 2186
f 2161 2185 2186
f 2186 2185 2214
f 2213 2246 2247
f 2245 2246 2213
f 2212 2245 2213
f 2247 2248 2213
f 2213 2185 2212
f 2214 2185 2213
f 1628 714 733
f 733 714 711
f 1637 1628 733
f 733 734 1637
f 711 734 733
f 1641 1632 1642
f 1642 1665 1641
f 1641 1665 1663
f 1663 1639 1641
f 1630 1632 1641
f 1641 1639 1630
f 1664 2436 1640
f 1630 1639 1640
f 1701 2436 1664
f 1901 1841 1840
f 1901 1902 1841
f 1901 1900 1902
f 1840 1839 1901
f 1839 1900 1901
f 1976 1957 1978
f 1978 1922 1976
f 1922 1918 1976
f 1918 1975 1976
f 1904 1964 1962
f 2009 1956 1955
f 1956 1899 1955
f 1955 2008 2009
f 1954 2008 1955
f 1955 1899 1954
f 1962 1900 1961
f 1800 1761 1760
f 1800 1760 1759
f 1764 1762 1800
f 1762 1761 1800
f 1800 1741 1740
f 1759 1741 1800
f 1859 1850 1849
f 1797 1848 1849
f 1849 1848 1908
f 1814 1859 1808
f 1814 1850 1859
f 1814 1808 1807
f 1807 1764 1814
f 1764 1800 1814
f 1814 1800 1850
f 1921 1975 1918
f 1793 1736 1792
f 1967 1909 1907
f 1968 1909 1967
f 1808 1859 1810
f 1859 1862 1810
f 1811 1810 1862
f 1749 1705 1750
f 1706 1705 1749
f 1750 1704 1749
f 1704 1706 1749
f 1670 1715 1716
f 1716 1707 1670
f 1715 1756 1716
f 1756 1707 1716
f 1890 1887 1886
f 1886 1891 1890
f 1836 1887 1890
f 1890 1891 1836
f 3139 1939 3178
f 3137 3139 3178
f 3178 1833 3137
f 3634 3562 3633
f 3563 3562 3634
f 3634 3633 3574
f 3574 3563 3634
f 3561 3560 3632
f 3632 3562 3561
f 3503 3560 3561
f 3561 3562 3503
f 172 165 183
f 1559 1560 183
f 183 1560 172
f 184 1559 183
f 164 152 163
f 164 165 152
f 164 183 165
f 164 163 182
f 164 182 184
f 184 183 164
f 159 155 171
f 171 179 159
f 180 179 169
f 214 198 3754
f 197 198 214
f 232 1601 3754
f 882 928 883
f 882 927 928
f 881 927 882
f 882 857 881
f 882 883 857
f 875 850 1251
f 1251 1250 875
f 876 850 875
f 875 1250 876
f 2347 3846 2349
f 2347 3847 3846
f 2349 341 2347
f 3824 3847 2347
f 3894 3597 3659
f 3659 3626 3894
f 3626 3659 3850
f 3851 3826 3850
f 3826 3849 3850
f 3872 3626 3850
f 3850 3849 3872
f 3597 3869 3850
f 3850 3659 3597
f 3846 3845 3627
f 3627 3596 3846
f 3627 3845 3851
f 804 3877 803
f 803 802 804
f 3877 802 803
f 388 356 387
f 356 386 387
f 387 442 388
f 387 386 442
f 356 355 383
f 383 355 2330
f 2331 2332 383
f 383 2330 2331
f 3521 3523 3522
f 3522 3479 3521
f 3523 3479 3522
f 3591 3523 3590
f 3590 3595 3591
f 3537 3523 3591
f 3591 3595 3537
f 2351 2381 2382
f 2382 2355 2351
f 2382 2381 2383
f 2383 2355 2382
f 2385 2384 2398
f 2398 2387 2385
f 2398 2384 2383
f 2383 2387 2398
f 2388 3679 2362
f 2389 3679 2388
f 2388 2362 2366
f 2366 2389 2388
f 438 516 439
f 437 516 438
f 381 437 438
f 438 439 381
f 954 908 953
f 953 949 954
f 908 907 953
f 907 949 953
f 904 947 948
f 948 949 904
f 948 947 946
f 946 990 948
f 948 990 957
f 957 954 948
f 954 949 948
f 1028 994 996
f 1028 1027 994
f 996 1031 1028
f 1031 3467 1028
f 917 916 918
f 918 870 917
f 869 916 917
f 917 870 869
f 918 916 915
f 915 914 918
f 915 916 867
f 867 914 915
f 959 913 918
f 918 914 959
f 960 913 959
f 959 914 960
f 3663 3710 3669
f 3669 3710 3666
f 3608 3663 3669
f 3669 3666 3608
f 336 326 337
f 337 326 330
f 337 333 336
f 337 330 333
f 3491 3539 3540
f 3540 3541 3491
f 1243 1222 1221
f 1221 1242 1243
f 1243 1244 1222
f 1243 1242 1244
f 2227 2265 2260
f 2260 2258 2227
f 2265 2258 2260
f 136 87 135
f 136 88 87
f 135 91 90
f 90 136 135
f 40 88 90
f 88 136 90
f 1214 1233 1215
f 1197 1196 1215
f 1215 1196 1214
f 1262 1233 1261
f 2080 2079 3076
f 3076 2079 3067
f 3076 2083 2080
f 3076 3075 2083
f 3076 3067 3075
f 2214 2213 2251
f 2251 2213 2250
f 2251 2215 2214
f 2250 2215 2251
f 2256 2250 2249
f 2250 2213 2249
f 2249 2248 2256
f 2249 2213 2248
f 1631 2436 1623
f 1631 1640 2436
f 1623 1630 1631
f 1630 1640 1631
f 1662 1701 1664
f 1663 1701 1662
f 1664 1640 1662
f 1662 1639 1663
f 1662 1640 1639
f 1702 1701 1663
f 1747 1701 1702
f 1704 1747 1702
f 1702 1665 1704
f 1663 1665 1702
f 3016 3011 2435
f 3011 2436 2435
f 3016 2435 1748
f 1748 2433 3016
f 1957 1976 1966
f 1966 1907 1905
f 1966 1967 1907
f 1966 1976 1975
f 1975 1967 1966
f 1903 1902 1964
f 1964 1904 1903
f 1963 1961 1900
f 1799 1849 1850
f 1799 1800 1740
f 1850 1800 1799
f 1740 1797 1799
f 1797 1849 1799
f 1910 1849 1908
f 1911 1862 1859
f 1859 1849 1911
f 1849 1910 1911
f 1862 1911 1863
f 1736 1795 1796
f 1796 1795 1848
f 1796 1848 1797
f 1737 1736 1796
f 1796 1797 1737
f 1845 1904 1905
f 1845 1903 1904
f 1902 1903 1845
f 1844 1843 1845
f 1845 1843 1902
f 1792 1844 1845
f 1845 1793 1792
f 1905 1907 1906
f 1906 1845 1905
f 1848 1795 1794
f 1794 1793 1848
f 1794 1795 1736
f 1736 1793 1794
f 1753 1752 1808
f 1753 1705 1752
f 1808 1810 1753
f 1810 1811 1753
f 1833 3178 1884
f 1884 3178 1939
f 1884 1939 1885
f 1885 1834 1884
f 1884 1834 1833
f 180 169 191
f 191 199 180
f 179 171 170
f 170 169 179
f 170 171 155
f 155 169 170
f 172 192 173
f 173 155 172
f 173 169 155
f 192 191 173
f 173 191 169
f 3754 197 215
f 215 214 3754
f 197 214 215
f 231 1578 1602
f 231 232 1578
f 231 1602 1601
f 1601 232 231
f 201 198 180
f 3754 198 201
f 210 191 192
f 199 191 210
f 2328 341 3824
f 3824 2347 2328
f 2328 2347 341
f 3596 3627 3867
f 356 383 384
f 384 2332 442
f 384 383 2332
f 998 1027 3556
f 3501 3555 3556
f 1027 1028 3502
f 3501 3556 3502
f 3502 3556 1027
f 3466 3501 3502
f 3502 3467 3466
f 3502 1028 3467
f 3544 3541 3602
f 3541 3540 3602
f 3601 3545 3602
f 3602 3545 3544
f 3602 3539 3601
f 3602 3540 3539
f 91 92 42
f 42 90 91
f 42 92 44
f 41 40 42
f 40 90 42
f 44 43 42
f 43 1217 42
f 1197 1215 1216
f 1216 1217 1197
f 1216 42 1217
f 41 42 1216
f 41 1262 1278
f 1278 1262 1261
f 1278 40 41
f 1278 1261 40
f 2436 1701 1703
f 1703 2435 2436
f 1957 1966 2010
f 1970 1910 1908
f 1809 1860 1861
f 1755 1753 1809
f 1862 1863 1809
f 1861 1813 1809
f 1813 1755 1809
f 1921 1863 1920
f 1920 1863 1911
f 1848 1793 1847
f 1907 1848 1847
f 1847 1906 1907
f 1793 1845 1846
f 1845 1906 1846
f 1846 1847 1793
f 1906 1847 1846
f 1755 1705 1754
f 1754 1753 1755
f 1705 1753 1754
f 180 199 200
f 200 201 180
f 199 201 200
f 1578 232 211
f 211 192 1578
f 211 210 192
f 216 201 199
f 199 210 216
f 216 232 3754
f 3754 201 216
f 216 211 232
f 210 211 216
f 3869 3596 3868
f 3596 3867 3868
f 3868 3850 3869
f 3868 3867 3850
f 3866 3627 3851
f 3866 3867 3627
f 3851 3850 3866
f 3850 3867 3866
f 385 386 356
f 356 384 385
f 442 386 385
f 385 384 442
f 3611 3555 998
f 998 3556 3611
f 3611 3556 3555
f 1234 1215 1233
f 1234 1216 1215
f 1233 1262 1234
f 41 1216 1234
f 1234 1262 41
f 1745 1748 2435
f 2435 1703 1745
f 1745 1701 1747
f 1802 1803 1745
f 1745 1747 1802
f 1803 2433 1745
f 2433 1748 1745
f 1958 2010 1963
f 1958 1899 1957
f 1957 2010 1958
f 1961 1963 1965
f 1963 2010 1965
f 1962 1961 1965
f 1965 1904 1962
f 1905 1904 1965
f 1965 1966 1905
f 1965 2010 1966
f 1975 1921 1977
f 1977 1967 1975
f 1968 1967 1977
f 1908 1968 1969
f 1969 1970 1908
f 1968 1977 1969
f 1969 1977 1970
f 1864 1863 1921
f 1864 1809 1863
f 1860 1809 1864
f 1918 1860 1864
f 1864 1921 1918
f 1812 1811 1862
f 1862 1809 1812
f 1812 1753 1811
f 1812 1809 1753
f 1921 1920 1971
f 1971 1920 1911
f 1971 1977 1921
f 1970 1977 1971
f 1971 1911 1910
f 1910 1970 1971
f 1746 1703 1701
f 1701 1745 1746
f 1746 1745 1703
f 1899 1958 1959
f 1959 1958 1963
f 1900 1899 1959
f 1959 1963 1900
f 3777 3771 3767
f 3767 3771 3763
f 3759 3767 3763
f 3760 3767 3759
f 3751 3756 3752
f 3748 3751 3752
f 3760 3759 3752
f 3752 3756 3760
f 3316 3357 3361
f 3316 3361 3317
f 661 662 655
f 668 662 661
f 3903 3912 3913
f 3913 3904 3903
f 2375 2392 2395
f 2395 2376 2375
f 2974 2934 2933
f 2975 2934 2974
f 3201 3199 3248
f 3248 3199 3244
f 3701 3686 3648
f 3647 3701 3648
f 668 661 666
f 674 668 666
f 1937 1991 1938
f 1938 1882 1937
f 3099 3114 3121
f 3093 3114 3099
f 3181 3141 3140
f 3180 3181 3140
f 859 833 858
f 885 859 858
f 437 381 435
f 435 512 437
f 3581 3582 3516
f 3581 3516 3515
f 2554 2555 2533
f 2554 2533 2532
f 1973 1917 1858
f 1858 1916 1973
f 3253 3296 3297
f 3297 3254 3253
f 2990 2976 2973
f 2973 2991 2990
f 517 440 516
f 516 440 439

