# https://github.com/mikedh/trimesh
v -0.00049410 -0.00692256 0.07146893
v -0.00230795 -0.00610027 0.07156640
v -0.00082368 -0.00692256 0.07146248
v 0.00016427 -0.00725201 0.07141871
v 0.00024647 -0.00750991 0.07129889
v -0.00115326 -0.00786188 0.07041354
v -0.00115326 -0.00788882 0.07008415
v -0.00115326 -0.00789102 0.07001581
v -0.00115326 -0.00362899 0.07162435
v -0.00312994 -0.00659311 0.07140328
v -0.00280036 -0.00659311 0.07142611
v -0.00115326 -0.00692256 0.07144516
v -0.00642258 -0.00362899 0.07143209
v -0.00576421 -0.00461732 0.07141650
v -0.00543464 -0.00494677 0.07141509
v -0.00510506 -0.00527577 0.07141320
v -0.00477626 -0.00560522 0.07141005
v -0.00444669 -0.00593422 0.07139792
v -0.00378753 -0.00626367 0.07140958
v -0.00214121 -0.00692256 0.07138502
v -0.00016531 -0.00725201 0.07139809
v -0.00049410 -0.00725201 0.07137620
v -0.00082368 -0.00725201 0.07135415
v 0.00016427 -0.00750461 0.07129589
v -0.00148284 -0.00776958 0.07063255
v -0.00167777 -0.00775192 0.07059256
v -0.00148284 -0.00781109 0.07041354
v -0.00200734 -0.00775015 0.07027403
v -0.00148284 -0.00784156 0.07008415
v -0.00762347 -0.00389749 0.07008415
v -0.00312994 -0.00687707 0.07130629
v -0.00247079 -0.00692256 0.07136203
v -0.00345874 -0.00659311 0.07136706
v -0.00609379 -0.00428788 0.07141241
v -0.00642258 -0.00395843 0.07140265
v -0.00576421 -0.00494677 0.07136077
v -0.00543464 -0.00527577 0.07136108
v -0.00510506 -0.00560522 0.07134660
v -0.00478253 -0.00594880 0.07131448
v -0.00411711 -0.00626367 0.07136864
v -0.00113291 -0.00727674 0.07131542
v -0.00148284 -0.00721403 0.07131967
v -0.00016531 -0.00748209 0.07128046
v -0.00101000 -0.00741938 0.07123890
v 0.00016427 -0.00766933 0.07117135
v 0.00024647 -0.00778769 0.07105263
v -0.00115326 -0.00779696 0.07069097
v -0.00293893 -0.00740966 0.07089502
v -0.00281759 -0.00747679 0.07076843
v -0.00280036 -0.00757792 0.07041354
v -0.00205040 -0.00775721 0.07008415
v -0.00181241 -0.00779299 0.07008415
v -0.00312994 -0.00756334 0.07008415
v -0.00729076 -0.00452017 0.07001581
v -0.00760390 -0.00385465 0.07035670
v -0.00765243 -0.00366078 0.07044534
v -0.00291936 -0.00707492 0.07122520
v -0.00270016 -0.00710097 0.07124898
v -0.00280584 -0.00694817 0.07131448
v -0.00378283 -0.00660813 0.07130472
v -0.00345874 -0.00681878 0.07127338
v -0.00247079 -0.00712394 0.07126772
v -0.00214121 -0.00715353 0.07128865
v -0.00675216 -0.00362899 0.07137793
v -0.00609379 -0.00461732 0.07135195
v -0.00642258 -0.00428788 0.07133620
v -0.00575404 -0.00526385 0.07128031
v -0.00563739 -0.00546876 0.07125244
v -0.00510506 -0.00582956 0.07126661
v -0.00442633 -0.00625881 0.07129479
v -0.00411711 -0.00649905 0.07127338
v -0.00122920 -0.00740304 0.07122473
v 0.00016427 -0.00781948 0.07100666
v -0.00016531 -0.00764681 0.07114395
v 0.00024647 -0.00782434 0.07101169
v -0.00016531 -0.00779564 0.07097926
v -0.00271973 -0.00743086 0.07092478
v -0.00082055 -0.00781021 0.07076528
v -0.00070860 -0.00775368 0.07091959
v -0.00281915 -0.00725554 0.07107499
v -0.00312994 -0.00721447 0.07103641
v -0.00345874 -0.00716280 0.07099626
v -0.00372334 -0.00712129 0.07095218
v -0.00394175 -0.00708198 0.07089723
v -0.00312994 -0.00737919 0.07081630
v -0.00329512 -0.00741673 0.07057870
v -0.00312994 -0.00744058 0.07065161
v -0.00312994 -0.00750947 0.07041354
v -0.00312994 -0.00756467 0.07001581
v -0.00362000 -0.00741187 0.07023907
v -0.00349005 -0.00746619 0.07011123
v -0.00366149 -0.00742777 0.07001959
v -0.00720151 -0.00465089 0.07001581
v -0.00728450 -0.00451134 0.07008415
v -0.00751778 -0.00396197 0.07044534
v -0.00757493 -0.00379194 0.07057634
v -0.00726101 -0.00447424 0.07028317
v -0.00312994 -0.00704180 0.07120111
v -0.00247079 -0.00728866 0.07111357
v -0.00214121 -0.00731825 0.07114474
v -0.00148284 -0.00737875 0.07120505
v -0.00388852 -0.00672781 0.07121717
v -0.00367010 -0.00677771 0.07124803
v -0.00345874 -0.00698350 0.07116112
v -0.00700424 -0.00362899 0.07128456
v -0.00695100 -0.00387055 0.07125685
v -0.00677017 -0.00397168 0.07129984
v -0.00607735 -0.00492381 0.07127543
v -0.00665196 -0.00428788 0.07125968
v -0.00658776 -0.00445260 0.07123701
v -0.00639832 -0.00458420 0.07126346
v -0.00595679 -0.00514594 0.07125086
v -0.00585659 -0.00536542 0.07119733
v -0.00576343 -0.00560566 0.07107452
v -0.00527102 -0.00577127 0.07123748
v -0.00467762 -0.00614576 0.07126252
v -0.00430264 -0.00644297 0.07124488
v -0.00247079 -0.00745162 0.07094887
v -0.00214121 -0.00747767 0.07098005
v -0.00181241 -0.00750373 0.07101107
v -0.00049410 -0.00777046 0.07094494
v -0.00380554 -0.00692963 0.07108475
v -0.00411711 -0.00687310 0.07101107
v -0.00434883 -0.00680686 0.07095533
v -0.00469485 -0.00680951 0.07065082
v -0.00425802 -0.00706829 0.07054769
v -0.00403804 -0.00712173 0.07067774
v -0.00337419 -0.00743969 0.07041354
v -0.00413590 -0.00716457 0.07042818
v -0.00433082 -0.00711201 0.07032820
v -0.00411711 -0.00724273 0.07008415
v -0.00717177 -0.00467606 0.07008415
v -0.00732912 -0.00429097 0.07040109
v -0.00721091 -0.00440270 0.07050265
v -0.00729076 -0.00418322 0.07064137
v -0.00721326 -0.00406354 0.07086086
v -0.00727275 -0.00384405 0.07094273
v -0.00700737 -0.00489333 0.07008415
v -0.00696275 -0.00484211 0.07034205
v -0.00411711 -0.00666377 0.07117576
v -0.00716864 -0.00362899 0.07116506
v -0.00689229 -0.00409003 0.07122269
v -0.00627228 -0.00479927 0.07124425
v -0.00632316 -0.00520556 0.07096776
v -0.00610084 -0.00528549 0.07108255
v -0.00617677 -0.00501875 0.07118741
v -0.00602412 -0.00552352 0.07097784
v -0.00452184 -0.00636524 0.07119560
v -0.00456803 -0.00672339 0.07087030
v -0.00567027 -0.00581764 0.07095186
v -0.00588947 -0.00574300 0.07086810
v -0.00491483 -0.00673796 0.07050895
v -0.00479349 -0.00683865 0.07040487
v -0.00444277 -0.00701883 0.07042818
v -0.00527180 -0.00642972 0.07057965
v -0.00437545 -0.00713498 0.07008415
v -0.00732286 -0.00362899 0.07100036
v -0.00660655 -0.00513534 0.07061271
v -0.00624410 -0.00542504 0.07088337
v -0.00691656 -0.00445260 0.07090730
v -0.00699328 -0.00423268 0.07100319
v -0.00687037 -0.00505806 0.07008415
v -0.00665431 -0.00518480 0.07041354
v -0.00662064 -0.00482930 0.07094447
v -0.00597088 -0.00581057 0.07064877
v -0.00495397 -0.00676755 0.07028946
v -0.00547221 -0.00632726 0.07041354
v -0.00530781 -0.00645710 0.07041354
v -0.00552936 -0.00637451 0.07008415
v -0.00562487 -0.00611970 0.07060909
v -0.00584328 -0.00602652 0.07041354
v -0.00567810 -0.00616254 0.07041354
v -0.00629576 -0.00548068 0.07066404
v -0.00670519 -0.00523691 0.07008415
v -0.00634352 -0.00553014 0.07041354
v -0.00650791 -0.00534952 0.07041354
v -0.00602099 -0.00586180 0.07041354
v -0.00573290 -0.00620979 0.07008415
v -0.00589808 -0.00606892 0.07008415
v -0.00618538 -0.00569487 0.07041354
v -0.00670832 -0.00524000 0.07001581
v -0.00654940 -0.00540163 0.07008415
v -0.00606091 -0.00590419 0.07008415
v -0.00638501 -0.00557210 0.07008415
v -0.00622531 -0.00573638 0.07008415
v -0.00658463 -0.00537072 0.07001581
v -0.00642280 0.00131247 0.07161850
v -0.00642280 0.00164165 0.07161709
v -0.00675238 0.00065363 0.07160548
v -0.00626660 0.00347085 0.07156877
v -0.00642280 0.00197130 0.07160705
v -0.00665997 0.00197130 0.07159293
v -0.00669268 0.00164165 0.07160093
v -0.00672458 0.00131247 0.07160375
v -0.00531548 0.00538437 0.07141142
v -0.00543488 0.00526501 0.07141126
v -0.00576446 0.00493535 0.07141032
v -0.00609322 0.00460617 0.07138585
v -0.00642280 0.00394734 0.07141534
v -0.00669759 0.00394734 0.07130662
v -0.00677937 0.00363236 0.07132482
v -0.00675238 0.00328850 0.07138851
v -0.00659618 0.00250178 0.07156971
v -0.00662071 0.00230048 0.07157912
v -0.00678591 0.00230048 0.07150570
v -0.00693148 0.00090750 0.07157316
v -0.00694620 0.00065363 0.07157896
v -0.00695111 0.00054564 0.07158007
v -0.00577346 0.00527543 0.07132388
v -0.00699527 0.00490599 0.07008405
v -0.00609895 0.00492351 0.07130898
v -0.00644325 0.00428883 0.07133078
v -0.00663380 0.00418700 0.07127007
v -0.00690695 0.00375172 0.07122630
v -0.00694212 0.00353243 0.07125313
v -0.00697892 0.00328850 0.07127713
v -0.00702308 0.00295932 0.07130741
v -0.00672458 0.00261877 0.07149582
v -0.00705661 0.00263014 0.07132890
v -0.00705743 0.00100365 0.07150084
v -0.00711140 0.00065363 0.07150099
v -0.00599263 0.00517217 0.07127886
v -0.00806334 0.00098328 0.07008405
v -0.00724389 0.00443945 0.07024188
v -0.00627969 0.00480558 0.07125296
v -0.00634020 0.00460617 0.07129031
v -0.00674748 0.00428883 0.07113264
v -0.00686197 0.00394734 0.07119147
v -0.00706397 0.00363236 0.07113907
v -0.00726106 0.00381235 0.07092587
v -0.00714411 0.00328850 0.07116120
v -0.00718746 0.00295932 0.07118896
v -0.00722181 0.00263014 0.07121359
v -0.00725943 0.00221333 0.07124858
v -0.00727905 0.00197130 0.07126583
v -0.00730686 0.00164165 0.07128764
v -0.00733467 0.00131247 0.07130709
v -0.00736165 0.00098328 0.07132435
v -0.00589368 0.00538437 0.07121061
v -0.00612267 0.00529816 0.07109421
v -0.00634920 0.00520391 0.07098047
v -0.00621263 0.00502487 0.07120010
v -0.00799709 0.00098328 0.07041350
v -0.00801345 0.00131247 0.07008405
v -0.00732976 0.00430872 0.07011292
v -0.00730032 0.00420973 0.07041350
v -0.00692167 0.00477810 0.07058701
v -0.00695356 0.00483399 0.07041350
v -0.00657901 0.00538437 0.07051924
v -0.00692249 0.00445129 0.07091317
v -0.00696747 0.00427652 0.07095663
v -0.00728723 0.00361768 0.07095772
v -0.00725861 0.00413442 0.07060239
v -0.00729459 0.00393218 0.07072444
v -0.00737801 0.00361768 0.07074295
v -0.00761190 0.00263014 0.07066765
v -0.00696092 0.00457917 0.07071518
v -0.00719809 0.00403212 0.07082170
v -0.00731994 0.00328850 0.07099647
v -0.00747206 0.00164165 0.07114017
v -0.00656919 0.00506987 0.07088446
v -0.00642444 0.00493772 0.07107334
v -0.00794312 0.00131247 0.07042401
v -0.00791368 0.00120305 0.07059815
v -0.00792185 0.00156160 0.07032125
v -0.00794312 0.00165965 0.07009801
v -0.00745407 0.00394734 0.07008405
v -0.00739191 0.00394734 0.07041350
v -0.00663789 0.00517928 0.07066498
v -0.00663298 0.00485010 0.07094658
v -0.00763726 0.00229764 0.07076131
v -0.00758492 0.00218586 0.07091913
v -0.00759473 0.00321887 0.07032032
v -0.00758819 0.00285512 0.07061195
v -0.00760373 0.00197130 0.07094250
v -0.00763235 0.00164165 0.07097560
v -0.00645633 0.00530148 0.07078359
v -0.00768796 0.00263014 0.07041350
v -0.00761681 0.00331266 0.07010570
v -0.00756120 0.00343817 0.07022996
v -0.00761845 0.00296263 0.07042354
v 0.00026917 -0.00808187 0.07008403
v 0.00040362 -0.00809870 0.07004341
v 0.00032295 -0.00807593 0.07025860
v 0.00049442 -0.00810662 0.07008403
v 0.00082374 -0.00812344 0.07041353
v 0.00045810 -0.00810464 0.07004341
v 0.00062154 -0.00807989 0.07059081
v 0.00050490 -0.00808781 0.07038634
v 0.00082374 -0.00813928 0.07008403
v 0.00115307 -0.00815314 0.07041353
v 0.00082374 -0.00809177 0.07062222
v 0.00082374 -0.00801853 0.07078698
v 0.00115307 -0.00816699 0.07008403
v 0.00148239 -0.00817491 0.07004341
v 0.00148239 -0.00817293 0.07008403
v 0.00148239 -0.00814225 0.07041353
v 0.00115307 -0.00810662 0.07064775
v 0.00082374 -0.00785422 0.07103493
v 0.00049442 -0.00783839 0.07102677
v 0.00115307 -0.00802150 0.07081249
v 0.00334344 -0.00776910 0.07031643
v 0.00339827 -0.00779088 0.07008403
v 0.00312901 -0.00788491 0.07008403
v 0.00181172 -0.00814423 0.07004341
v 0.00181172 -0.00814027 0.07008403
v 0.00202021 -0.00808187 0.07028517
v 0.00179705 -0.00809672 0.07040235
v 0.00167726 -0.00808088 0.07059021
v 0.00148239 -0.00809771 0.07062222
v 0.00115307 -0.00785719 0.07103100
v 0.00082374 -0.00769883 0.07119968
v 0.00049442 -0.00769091 0.07119153
v 0.00148239 -0.00800962 0.07078682
v 0.00181172 -0.00782849 0.07100443
v 0.00148239 -0.00784432 0.07101998
v 0.00372200 -0.00746425 0.07067628
v 0.00325439 -0.00772060 0.07053600
v 0.00313844 -0.00781364 0.07042108
v 0.00216199 -0.00808979 0.07004341
v 0.00279969 -0.00790272 0.07041353
v 0.00247036 -0.00787402 0.07074288
v 0.00267152 -0.00775920 0.07092772
v 0.00247036 -0.00778197 0.07095731
v 0.00115307 -0.00768794 0.07119575
v 0.00082374 -0.00753452 0.07130780
v 0.00049442 -0.00752561 0.07130811
v 0.00214104 -0.00780869 0.07098615
v 0.00181172 -0.00765033 0.07116918
v 0.00148239 -0.00766913 0.07118458
v 0.00360816 -0.00740783 0.07089570
v 0.00303472 -0.00777306 0.07063204
v 0.00278886 -0.00780275 0.07074227
v 0.00247036 -0.00760975 0.07112191
v 0.00338884 -0.00745336 0.07095218
v 0.00312901 -0.00733854 0.07116903
v 0.00288595 -0.00738902 0.07121146
v 0.00266628 -0.00742862 0.07124453
v 0.00214104 -0.00746623 0.07126688
v 0.00181172 -0.00748503 0.07127775
v 0.00148239 -0.00750483 0.07128772
v 0.00115307 -0.00752264 0.07129784
v 0.00115307 -0.00725144 0.07141744
v 0.00082374 -0.00725144 0.07142982
v 0.00049442 -0.00725144 0.07143103
v 0.00214104 -0.00763053 0.07115091
v 0.00247036 -0.00744544 0.07125480
v 0.00295754 -0.00643289 0.07156724
v 0.00378801 -0.00701983 0.07118594
v 0.00336684 -0.00712079 0.07126220
v 0.00312901 -0.00717424 0.07129799
v 0.00278537 -0.00726827 0.07131415
v 0.00247036 -0.00725144 0.07135446
v 0.00214104 -0.00725144 0.07137123
v 0.00247036 -0.00692185 0.07145594
v 0.00298897 -0.00643289 0.07156724
v 0.00381420 -0.00684860 0.07129920
v 0.00378801 -0.00685454 0.07130358
v 0.00312901 -0.00692185 0.07140400
v 0.00279969 -0.00692185 0.07143903
v 0.00148254 0.00658210 0.07171072
v 0.00115292 0.00658210 0.07170990
v 0.00312900 0.00625264 0.07163629
v 0.00214137 0.00658210 0.07168672
v 0.00181175 0.00658210 0.07170125
v 0.00115292 0.00691155 0.07168689
v 0.00082371 0.00691155 0.07169358
v 0.00049450 0.00691155 0.07169227
v 0.00024647 0.00724651 0.07162421
v 0.00402562 0.00744577 0.07004325
v 0.00402152 0.00744394 0.07008406
v 0.00398380 0.00742376 0.07031616
v 0.00432285 0.00709981 0.07093950
v 0.00411745 0.00696473 0.07115593
v 0.00428841 0.00675080 0.07123917
v 0.00411745 0.00680031 0.07127067
v 0.00441756 0.00657537 0.07128553
v 0.00411745 0.00658210 0.07136453
v 0.00395551 0.00609127 0.07156692
v 0.00442002 0.00557234 0.07158276
v 0.00346354 0.00626792 0.07159989
v 0.00247017 0.00658210 0.07166176
v 0.00408630 0.00589629 0.07157965
v 0.00148254 0.00691155 0.07166795
v 0.00036823 0.00741276 0.07157067
v 0.00024647 0.00818108 0.07004325
v 0.00378783 0.00752829 0.07008406
v 0.00380464 0.00746716 0.07042094
v 0.00369723 0.00743354 0.07074298
v 0.00386204 0.00736264 0.07074298
v 0.00363901 0.00741093 0.07091453
v 0.00411745 0.00714932 0.07099124
v 0.00378783 0.00704358 0.07121322
v 0.00378783 0.00687854 0.07132470
v 0.00378783 0.00658210 0.07144058
v 0.00378783 0.00615056 0.07157933
v 0.00346354 0.00657354 0.07151436
v 0.00335736 0.00645802 0.07157476
v 0.00312900 0.00652892 0.07158993
v 0.00283095 0.00661449 0.07161099
v 0.00296173 0.00674530 0.07156496
v 0.00274240 0.00677769 0.07157998
v 0.00214137 0.00686082 0.07161833
v 0.00179945 0.00693294 0.07162715
v 0.00115292 0.00715177 0.07160217
v 0.00148254 0.00711020 0.07158292
v 0.00168138 0.00708514 0.07157052
v 0.00115292 0.00731619 0.07151371
v 0.00181175 0.00746838 0.07129891
v 0.00148254 0.00750017 0.07132535
v 0.00115292 0.00753379 0.07134902
v 0.00070769 0.00774405 0.07124537
v 0.00049450 0.00776239 0.07126235
v 0.00024647 0.00818047 0.07008406
v 0.00270140 0.00774711 0.07008406
v 0.00265425 0.00773855 0.07027176
v 0.00345862 0.00755762 0.07041344
v 0.00345862 0.00749222 0.07074298
v 0.00234472 0.00741398 0.07124570
v 0.00256447 0.00738770 0.07121894
v 0.00279979 0.00735958 0.07118906
v 0.00312900 0.00731558 0.07114614
v 0.00348937 0.00722817 0.07112917
v 0.00361974 0.00707536 0.07123542
v 0.00376446 0.00725262 0.07102454
v 0.00235005 0.00774405 0.07060783
v 0.00068350 0.00806923 0.07059151
v 0.00049450 0.00808756 0.07064047
v 0.00172607 0.00774955 0.07093297
v 0.00115292 0.00780028 0.07102340
v 0.00092743 0.00772205 0.07122138
v 0.00348937 0.00694395 0.07134804
v 0.00312900 0.00691155 0.07144075
v 0.00340000 0.00710959 0.07126431
v 0.00283095 0.00689688 0.07150620
v 0.00247017 0.00681559 0.07159728
v 0.00148254 0.00727462 0.07149004
v 0.00214137 0.00743538 0.07126741
v 0.00049450 0.00813891 0.07008406
v 0.00079173 0.00808818 0.07008406
v 0.00049450 0.00812363 0.07041344
v 0.00073680 0.00807962 0.07041344
v 0.00246402 0.00775628 0.07039434
v 0.00279979 0.00719455 0.07132748
v 0.00312900 0.00715054 0.07129679
v -0.00792994 -0.00255915 0.07063874
v -0.00796343 -0.00265743 0.07042838
v -0.00792492 -0.00287333 0.07032864
v -0.00795255 -0.00297766 0.07008503
v -0.00697717 -0.00033488 0.07158536
v -0.00675196 -0.00066437 0.07159672
v -0.00313009 -0.00165204 0.07164515
v -0.00280022 -0.00165204 0.07164883
v -0.00758919 -0.00316778 0.07092679
v -0.00787971 -0.00237265 0.07085822
v -0.00795590 -0.00228202 0.07074632
v -0.00805636 -0.00231102 0.07041351
v -0.00804046 -0.00264051 0.07008407
v -0.00695959 0.00032370 0.07158233
v -0.00697047 -0.00000539 0.07158409
v -0.00697382 -0.00066437 0.07158313
v -0.00741086 -0.00066437 0.07140777
v -0.00741086 -0.00099386 0.07140490
v -0.00695373 -0.00099386 0.07157657
v -0.00675196 -0.00099386 0.07158729
v -0.00280022 -0.00198153 0.07164531
v -0.00247119 -0.00231102 0.07164259
v -0.00181229 -0.00296960 0.07163348
v -0.00762686 -0.00296960 0.07097507
v -0.00718146 -0.00356937 0.07117775
v -0.00790650 -0.00215312 0.07090937
v -0.00802036 -0.00198153 0.07074296
v -0.00811664 -0.00198153 0.07041351
v -0.00823972 -0.00152153 0.07027540
v -0.00824474 -0.00155335 0.07008407
v -0.00827823 -0.00064101 0.07011316
v -0.00802874 -0.00000539 0.07074296
v -0.00700480 0.00054564 0.07155628
v -0.00765617 -0.00066437 0.07130227
v -0.00741086 -0.00132295 0.07138763
v -0.00765114 -0.00099386 0.07130148
v -0.00693196 -0.00124279 0.07157050
v -0.00721913 -0.00339173 0.07121564
v -0.00746277 -0.00296960 0.07113971
v -0.00751886 -0.00264051 0.07119550
v -0.00768045 -0.00264051 0.07103069
v -0.00702071 -0.00356937 0.07128853
v -0.00781608 -0.00099386 0.07113507
v -0.00795841 -0.00099386 0.07097027
v -0.00805050 -0.00165204 0.07074296
v -0.00755402 -0.00237305 0.07122076
v -0.00757663 -0.00215353 0.07123770
v -0.00759003 -0.00198153 0.07124776
v -0.00761347 -0.00165204 0.07126695
v -0.00763356 -0.00132295 0.07128613
v -0.00818697 -0.00132295 0.07046483
v -0.00824809 -0.00132295 0.07030018
v -0.00830000 -0.00099386 0.07008407
v -0.00830670 -0.00099386 0.07001581
v -0.00827404 -0.00132295 0.07008407
v -0.00824642 -0.00155940 0.07001581
v -0.00825144 -0.00099386 0.07030386
v -0.00824390 -0.00073486 0.07028036
v -0.00806306 -0.00033488 0.07074296
v -0.00796594 -0.00033488 0.07098401
v -0.00794250 -0.00000539 0.07095476
v -0.00792073 0.00024797 0.07092775
v -0.00789813 0.00046750 0.07089818
v -0.00780436 -0.00033488 0.07114866
v -0.00782110 -0.00066437 0.07115362
v -0.00763942 -0.00033488 0.07128677
v -0.00741086 -0.00165204 0.07136814
v -0.00741086 -0.00198153 0.07134335
v -0.00708183 -0.00264051 0.07140762
v -0.00675196 -0.00329909 0.07142008
v -0.00725932 -0.00317181 0.07124521
v -0.00729783 -0.00296960 0.07126743
v -0.00735393 -0.00264051 0.07129700
v -0.00708183 -0.00296960 0.07137229
v -0.00709773 -0.00328862 0.07130739
v -0.00797097 -0.00066437 0.07098881
v -0.00743095 -0.00228242 0.07130212
v -0.00807227 -0.00066437 0.07074296
v -0.00761012 -0.00000539 0.07126535
v 0.00808447 0.00262991 0.07008404
v 0.00805104 0.00262991 0.07041356
v 0.00812013 0.00230058 0.07041356
v 0.00798157 0.00294997 0.07008404
v 0.00460972 0.00707254 0.07024052
v 0.00666173 0.00556452 0.07004325
v 0.00796151 0.00262991 0.07068221
v 0.00800126 0.00232274 0.07077223
v 0.00795557 0.00290874 0.07041356
v 0.00792288 0.00284225 0.07061321
v 0.00764910 0.00359935 0.07041356
v 0.00666099 0.00556503 0.07008404
v 0.00675237 0.00193672 0.07167108
v 0.00564093 0.00644170 0.07035652
v 0.00626463 0.00609227 0.07025709
v 0.00469145 0.00680711 0.07097013
v 0.00559932 0.00641697 0.07057609
v 0.00567845 0.00646438 0.07008404
v 0.00807110 0.00197125 0.07074291
v 0.00656218 0.00572996 0.07008404
v 0.00786939 0.00262991 0.07084697
v 0.00789836 0.00244695 0.07090130
v 0.00756069 0.00342412 0.07088728
v 0.00792399 0.00222740 0.07093269
v 0.00762199 0.00354678 0.07066771
v 0.00731775 0.00424977 0.07041356
v 0.00729212 0.00419875 0.07066277
v 0.00663276 0.00551762 0.07035667
v 0.00675237 0.00197125 0.07166916
v 0.00576463 0.00394775 0.07162008
v 0.00595742 0.00611031 0.07060381
v 0.00617696 0.00600775 0.07047682
v 0.00628432 0.00578820 0.07060365
v 0.00633298 0.00590828 0.07038552
v 0.00652615 0.00561400 0.07044527
v 0.00640430 0.00592374 0.07008404
v 0.00626574 0.00609330 0.07008404
v 0.00450831 0.00668084 0.07118971
v 0.00489910 0.00638347 0.07121679
v 0.00504955 0.00650355 0.07099707
v 0.00526946 0.00641645 0.07090624
v 0.00527540 0.00609279 0.07123942
v 0.00546782 0.00636337 0.07077510
v 0.00794480 0.00197125 0.07095994
v 0.00760713 0.00320457 0.07094496
v 0.00769034 0.00262734 0.07109139
v 0.00759487 0.00251550 0.07125249
v 0.00780327 0.00232274 0.07105443
v 0.00765096 0.00295925 0.07100073
v 0.00728841 0.00385911 0.07094735
v 0.00734858 0.00361842 0.07100503
v 0.00722786 0.00407866 0.07088218
v 0.00780995 0.00197125 0.07112470
v 0.00694479 0.00481618 0.07062038
v 0.00717251 0.00429616 0.07076076
v 0.00658632 0.00542794 0.07057624
v 0.00710490 0.00197692 0.07160367
v 0.00701686 0.00230058 0.07159045
v 0.00677986 0.00265208 0.07160511
v 0.00675237 0.00230058 0.07164494
v 0.00609412 0.00361842 0.07161786
v 0.00576389 0.00427812 0.07159267
v 0.00542808 0.00460229 0.07159077
v 0.00509189 0.00492596 0.07158822
v 0.00475608 0.00524910 0.07158551
v 0.00565356 0.00449046 0.07157865
v 0.00562421 0.00610928 0.07092983
v 0.00594776 0.00577840 0.07092440
v 0.00616730 0.00566244 0.07082339
v 0.00627132 0.00544289 0.07091915
v 0.00657889 0.00508985 0.07089780
v 0.00443476 0.00656797 0.07128388
v 0.00467956 0.00646129 0.07126013
v 0.00540504 0.00616855 0.07105267
v 0.00560415 0.00576346 0.07123926
v 0.00549494 0.00598301 0.07114955
v 0.00510601 0.00592374 0.07132977
v 0.00543513 0.00559441 0.07133486
v 0.00576463 0.00526456 0.07133789
v 0.00781255 0.00193672 0.07112772
v 0.00749272 0.00295925 0.07116549
v 0.00754806 0.00273505 0.07121392
v 0.00732815 0.00295925 0.07129248
v 0.00742734 0.00262734 0.07132881
v 0.00741136 0.00230058 0.07141007
v 0.00761827 0.00230058 0.07127288
v 0.00656329 0.00473681 0.07121759
v 0.00689613 0.00407196 0.07121950
v 0.00722303 0.00340505 0.07121727
v 0.00687050 0.00469764 0.07083996
v 0.00694034 0.00447860 0.07093699
v 0.00665653 0.00520839 0.07067838
v 0.00665096 0.00487029 0.07099802
v 0.00723008 0.00209031 0.07155603
v 0.00695705 0.00255724 0.07157642
v 0.00668588 0.00295925 0.07158933
v 0.00633409 0.00361842 0.07158758
v 0.00609301 0.00393745 0.07159029
v 0.00598231 0.00416937 0.07158009
v 0.00572414 0.00588045 0.07103705
v 0.00593105 0.00543103 0.07123782
v 0.00604918 0.00554700 0.07103164
v 0.00625386 0.00509552 0.07123400
v 0.00646114 0.00498265 0.07111593
v 0.00612421 0.00496564 0.07131861
v 0.00600943 0.00526456 0.07126396
v 0.00764799 0.00193672 0.07130045
v 0.00764539 0.00197125 0.07129774
v 0.00727355 0.00318550 0.07125663
v 0.00694814 0.00385241 0.07126013
v 0.00700534 0.00361842 0.07129566
v 0.00718179 0.00230058 0.07153882
v 0.00707295 0.00265208 0.07151269
v 0.00738462 0.00197692 0.07147715
v 0.00739167 0.00193672 0.07147843
v 0.00634338 0.00487596 0.07127304
v 0.00644108 0.00461827 0.07131224
v 0.00662310 0.00451777 0.07126141
v 0.00690802 0.00277680 0.07155890
v 0.00628097 0.00382097 0.07157435
v -0.00148272 0.00823059 0.07074282
v -0.00115348 0.00822388 0.07074282
v -0.00082356 0.00821397 0.07074282
v -0.00214120 0.00821077 0.07041349
v -0.00181196 0.00819853 0.07074282
v -0.00148272 0.00813557 0.07100379
v -0.00049432 0.00819969 0.07074282
v -0.00049432 0.00825974 0.07041349
v -0.00115348 0.00812799 0.07099642
v -0.00016508 0.00823321 0.07041349
v -0.00247112 0.00821427 0.07001581
v -0.00247112 0.00820960 0.07008417
v -0.00272213 0.00809039 0.07030874
v -0.00246704 0.00812566 0.07041644
v -0.00213100 0.00811517 0.07073627
v -0.00201399 0.00807786 0.07092691
v -0.00181196 0.00811079 0.07097035
v -0.00148272 0.00799799 0.07116854
v -0.00115348 0.00800003 0.07116116
v -0.00082356 0.00811487 0.07098134
v -0.00049432 0.00810088 0.07096412
v -0.00016508 0.00808281 0.07093839
v -0.00016508 0.00816559 0.07074282
v -0.00082356 0.00799158 0.07114608
v -0.00049432 0.00798167 0.07112887
v 0.00016416 0.00818279 0.07041349
v 0.00016416 0.00819415 0.07008417
v 0.00016416 0.00819503 0.07001581
v -0.00295682 0.00808544 0.07001581
v -0.00281941 0.00811342 0.07009400
v -0.00294185 0.00804754 0.07021023
v -0.00312960 0.00790705 0.07041349
v -0.00298675 0.00774441 0.07092314
v -0.00280036 0.00777648 0.07096953
v -0.00280036 0.00764531 0.07113428
v -0.00247112 0.00770098 0.07119985
v -0.00181196 0.00796681 0.07113510
v -0.00148272 0.00783331 0.07133099
v -0.00115348 0.00783535 0.07133623
v -0.00181196 0.00780213 0.07129788
v -0.00082356 0.00782690 0.07132541
v -0.00049432 0.00781699 0.07131312
v -0.00016508 0.00796972 0.07110313
v 0.00002539 0.00806970 0.07091708
v 0.00014715 0.00811108 0.07075167
v 0.00024647 0.00810438 0.07071988
v -0.00016508 0.00780504 0.07129952
v 0.00016416 0.00778755 0.07128394
v 0.00024647 0.00817200 0.07033169
v -0.00302960 0.00805949 0.07001581
v -0.00311871 0.00800761 0.07009400
v -0.00364999 0.00775024 0.07028170
v -0.00344319 0.00779251 0.07040022
v -0.00310987 0.00778260 0.07072709
v -0.00332347 0.00774908 0.07060676
v -0.00320647 0.00769282 0.07082643
v -0.00400099 0.00742933 0.07061315
v -0.00363434 0.00741272 0.07091560
v -0.00345816 0.00746139 0.07097199
v -0.00311055 0.00756399 0.07106395
v -0.00301464 0.00743516 0.07126082
v -0.00280036 0.00748063 0.07130214
v -0.00228813 0.00772897 0.07123034
v -0.00206841 0.00776307 0.07126231
v -0.00148272 0.00754330 0.07150344
v -0.00115348 0.00759022 0.07150098
v -0.00181196 0.00757070 0.07144164
v -0.00082356 0.00759372 0.07149016
v 0.00024647 0.00741592 0.07157245
v -0.00247112 0.00753630 0.07134984
v -0.00247112 0.00728214 0.07151458
v 0.00024647 0.00778143 0.07127853
v -0.00345816 0.00787150 0.07008417
v -0.00354319 0.00769836 0.07050136
v -0.00367652 0.00776540 0.07008417
v -0.00428398 0.00740747 0.07025400
v -0.00422071 0.00737104 0.07047349
v -0.00462070 0.00708335 0.07058693
v -0.00444655 0.00713786 0.07065250
v -0.00403569 0.00712678 0.07096363
v -0.00345816 0.00730312 0.07113674
v -0.00323368 0.00737016 0.07120477
v -0.00465539 0.00677469 0.07093953
v -0.00363706 0.00708510 0.07124361
v -0.00345816 0.00713844 0.07128575
v -0.00312620 0.00725270 0.07134459
v -0.00279083 0.00721452 0.07147918
v -0.00137320 0.00741505 0.07156901
v -0.00214120 0.00733023 0.07153656
v -0.00115348 0.00742554 0.07157327
v -0.00082356 0.00742904 0.07157606
v -0.00016508 0.00742146 0.07157475
v 0.00016416 0.00741796 0.07157360
v 0.00016416 0.00724133 0.07162884
v 0.00024647 0.00731041 0.07160540
v -0.00267451 0.00708685 0.07156983
v -0.00445812 0.00730167 0.07008417
v -0.00469825 0.00713699 0.07008417
v -0.00482205 0.00699300 0.07041349
v -0.00465743 0.00710959 0.07041349
v -0.00504721 0.00682861 0.07041349
v -0.00499551 0.00678897 0.07063676
v -0.00526625 0.00641472 0.07090413
v -0.00487511 0.00670677 0.07085626
v -0.00385678 0.00701952 0.07118329
v -0.00426085 0.00673388 0.07122427
v -0.00504653 0.00648730 0.07098117
v -0.00476491 0.00657619 0.07107018
v -0.00444655 0.00667559 0.07116920
v -0.00404113 0.00680034 0.07127706
v -0.00376359 0.00691051 0.07131476
v -0.00345816 0.00691197 0.07141721
v -0.00289423 0.00700874 0.07155377
v -0.00148272 0.00726757 0.07159933
v -0.00115348 0.00724133 0.07162163
v -0.00082356 0.00724133 0.07163278
v -0.00247112 0.00711746 0.07157639
v -0.00214120 0.00716555 0.07158622
v -0.00181196 0.00720636 0.07159589
v -0.00049432 0.00724133 0.07163606
v -0.00016508 0.00724133 0.07163326
v 0.00024647 0.00691197 0.07169048
v -0.00301123 0.00678955 0.07157016
v -0.00279083 0.00690410 0.07157885
v -0.00247112 0.00691197 0.07160245
v -0.00214120 0.00691197 0.07162310
v -0.00181196 0.00691197 0.07164229
v -0.00563903 0.00645028 0.07008417
v -0.00561046 0.00642725 0.07028416
v -0.00557576 0.00639548 0.07050365
v -0.00535604 0.00648613 0.07068463
v -0.00569345 0.00617600 0.07068413
v -0.00601928 0.00585363 0.07068348
v -0.00580841 0.00596906 0.07079364
v -0.00559549 0.00608448 0.07090364
v -0.00603289 0.00553476 0.07098839
v -0.00589004 0.00539223 0.07120804
v -0.00537577 0.00619524 0.07098773
v -0.00521727 0.00604338 0.07120739
v -0.00513224 0.00627831 0.07109428
v -0.00487443 0.00636138 0.07120067
v -0.00465471 0.00644561 0.07125525
v -0.00444655 0.00651090 0.07129902
v -0.00444655 0.00625324 0.07140705
v -0.00477579 0.00592388 0.07141164
v -0.00148272 0.00691197 0.07165360
v 0.00016416 0.00691197 0.07168982
v -0.00663287 0.00548784 0.07008417
v -0.00564515 0.00645552 0.07001581
v -0.00580365 0.00630687 0.07008417
v -0.00595126 0.00610926 0.07031530
v -0.00591317 0.00607340 0.07053480
v -0.00623900 0.00573909 0.07053874
v -0.00634444 0.00551961 0.07068250
v -0.00625261 0.00542400 0.07090183
v -0.00592405 0.00575424 0.07090282
v -0.00621179 0.00538466 0.07096232
v -0.00567032 0.00550008 0.07127788
v -0.00555468 0.00571985 0.07120772
v -0.00533496 0.00582361 0.07127099
v -0.00499824 0.00614161 0.07126313
v -0.00476899 0.00625208 0.07130591
v -0.00510707 0.00592971 0.07131394
v -0.00544108 0.00560384 0.07132066
v -0.00566352 0.00538466 0.07132279
v -0.00661450 0.00546481 0.07031383
v -0.00648525 0.00565252 0.07008417
v -0.00648797 0.00565427 0.07001581
v -0.00663491 0.00548959 0.07001581
v -0.00598459 0.00614219 0.07008417
v -0.00629274 0.00579068 0.07031924
v -0.00642811 0.00560180 0.07042628
v -0.00656348 0.00539952 0.07053349
v -0.00654716 0.00538466 0.07057168
v -0.00641383 0.00538466 0.07074512
v -0.00631859 0.00538466 0.07086363
v -0.00572338 0.00538466 0.07130165
v -0.00656892 0.00538466 0.07054251
v -0.00632063 0.00582041 0.07008417
v -0.00629002 0.00585801 0.07001581
v -0.00614921 0.00598509 0.07008417
v 0.00799257 0.00295940 0.06876355
v 0.00791865 0.00315697 0.06876355
v 0.00761023 0.00385480 0.06876355
v 0.00726608 0.00447600 0.06935994
v 0.00799080 0.00263170 0.05064683
v 0.00792360 0.00283940 0.05032016
v 0.00692229 0.00510893 0.06962967
v 0.00666515 0.00555948 0.06975254
v 0.00657496 0.00570892 0.07004325
v 0.00727316 0.00448772 0.06909321
v 0.00761447 0.00353850 0.05032016
v 0.00728978 0.00417965 0.05032016
v 0.00798868 0.00263170 0.05031716
v 0.00791830 0.00282674 0.04999349
v 0.00692158 0.00510766 0.06942288
v 0.00718332 0.00434397 0.05032016
v 0.00701885 0.00459505 0.05032016
v 0.00760881 0.00352456 0.04999349
v 0.00730746 0.00290589 0.04142813
v 0.00727598 0.00415875 0.04999349
v 0.00717271 0.00432308 0.04999349
v 0.00700824 0.00458460 0.04999349
v 0.00649149 0.00531346 0.05130916
v 0.00632667 0.00550692 0.05130916
v 0.00618094 0.00567156 0.05130916
v 0.00600798 0.00584222 0.05064983
v 0.00692017 0.00280362 0.03994164
v 0.00797560 0.00263170 0.04999049
v 0.00690177 0.00475970 0.05032016
v 0.00662306 0.00514375 0.05097950
v 0.00689470 0.00474925 0.04999349
v 0.00728695 0.00287866 0.04109847
v 0.00719676 0.00304330 0.04109847
v 0.00694351 0.00349544 0.04109847
v 0.00683952 0.00366008 0.04109847
v 0.00659017 0.00411633 0.04156300
v 0.00631570 0.00452698 0.04142813
v 0.00632914 0.00454883 0.04175780
v 0.00648547 0.00530871 0.05097950
v 0.00632101 0.00550153 0.05097950
v 0.00617245 0.00566016 0.05064983
v 0.00617670 0.00566649 0.05097950
v 0.00600303 0.00583842 0.05032016
v 0.00659088 0.00345807 0.03994164
v 0.00692830 0.00314431 0.04024733
v 0.00696190 0.00293185 0.04012745
v 0.00660326 0.00511843 0.04999349
v 0.00661104 0.00512792 0.05032016
v 0.00661776 0.00513584 0.05064983
v 0.00659477 0.00510893 0.04977771
v 0.00620216 0.00469162 0.04142813
v 0.00603770 0.00491579 0.04142813
v 0.00560442 0.00543504 0.04090666
v 0.00726290 0.00283655 0.04087070
v 0.00699869 0.00330578 0.04077180
v 0.00693042 0.00347422 0.04088268
v 0.00628564 0.00448107 0.04076880
v 0.00667506 0.00391971 0.04109847
v 0.00631464 0.00549552 0.05064983
v 0.00630792 0.00548824 0.05032016
v 0.00616786 0.00565288 0.05032016
v 0.00599773 0.00583398 0.04999349
v 0.00663403 0.00353248 0.04010947
v 0.00657850 0.00377406 0.04028929
v 0.00661917 0.00383738 0.04051106
v 0.00696049 0.00320193 0.04043914
v 0.00646567 0.00528338 0.04999349
v 0.00615229 0.00562945 0.04966382
v 0.00630120 0.00548032 0.04999349
v 0.00618625 0.00466851 0.04109847
v 0.00602143 0.00489711 0.04109847
v 0.00616715 0.00464571 0.04076880
v 0.00600233 0.00486988 0.04076880
v 0.00558107 0.00541161 0.04068489
v 0.00522243 0.00569910 0.04010947
v 0.00525178 0.00573868 0.04043914
v 0.00526558 0.00575420 0.04063993
v 0.00527760 0.00576528 0.04085871
v 0.00545304 0.00560728 0.04109847
v 0.00598782 0.00582512 0.04966382
v 0.00737573 0.00263170 0.04105951
v 0.00731348 0.00264626 0.04076281
v 0.00627184 0.00446049 0.04057699
v 0.00616220 0.00564496 0.04999349
v 0.00530944 0.00548190 0.03990567
v 0.00568258 0.00520961 0.04043914
v 0.00555455 0.00537457 0.04043914
v 0.00535046 0.00553415 0.04010947
v 0.00545629 0.00665090 0.06942386
v 0.00583635 0.00599918 0.04999163
v 0.00567182 0.00615327 0.04999163
v 0.00533668 0.00647765 0.05098081
v 0.00515697 0.00664611 0.05131054
v 0.00499244 0.00679064 0.05131054
v 0.00499668 0.00679383 0.05164026
v 0.00461237 0.00707740 0.05078667
v 0.00472590 0.00715286 0.06876441
v 0.00529175 0.00676214 0.06942386
v 0.00528022 0.00675348 0.06964265
v 0.00582846 0.00599006 0.04966191
v 0.00566393 0.00614666 0.04966191
v 0.00547996 0.00631125 0.04966191
v 0.00531543 0.00645805 0.04966191
v 0.00548604 0.00631786 0.04999163
v 0.00533243 0.00647332 0.05065108
v 0.00515150 0.00664247 0.05098081
v 0.00498697 0.00678631 0.05098081
v 0.00496997 0.00677217 0.04999163
v 0.00496390 0.00676716 0.04966191
v 0.00460873 0.00707193 0.05056788
v 0.00443873 0.00717337 0.05032136
v 0.00447759 0.00715742 0.05066649
v 0.00049418 0.00813968 0.07004325
v 0.00402466 0.00743963 0.05723635
v 0.00407141 0.00745125 0.06909414
v 0.00406898 0.00745308 0.06942386
v 0.00405441 0.00745490 0.06975359
v 0.00471983 0.00714465 0.06909414
v 0.00444662 0.00717770 0.05098081
v 0.00414913 0.00734183 0.05065108
v 0.00469555 0.00712710 0.06942386
v 0.00466519 0.00710863 0.06975359
v 0.00513208 0.00682939 0.06975359
v 0.00594806 0.00586628 0.04966191
v 0.00494811 0.00609583 0.04117533
v 0.00435616 0.00648427 0.03945275
v 0.00495419 0.00675895 0.04944004
v 0.00512843 0.00662286 0.04966191
v 0.00532150 0.00646307 0.04999163
v 0.00532697 0.00646831 0.05032136
v 0.00514604 0.00663791 0.05065108
v 0.00513450 0.00662788 0.04999163
v 0.00396031 0.00675189 0.03894737
v 0.00460387 0.00706578 0.05032136
v 0.00414973 0.00733819 0.05032136
v 0.00053364 0.00813307 0.07004325
v 0.00085360 0.00808679 0.06940845
v 0.00099081 0.00806514 0.06929135
v 0.00379031 0.00624947 0.03856218
v 0.00378788 0.00751531 0.05723635
v 0.00398459 0.00742185 0.05032136
v 0.00378788 0.00749616 0.05032136
v 0.00378788 0.00754221 0.06975359
v 0.00382067 0.00751964 0.07004325
v 0.00463665 0.00709177 0.07001860
v 0.00463423 0.00708994 0.07004325
v 0.00452130 0.00631125 0.03945275
v 0.00431669 0.00645326 0.03912302
v 0.00428512 0.00642317 0.03895045
v 0.00408113 0.00654490 0.03883952
v 0.00398156 0.00644688 0.03860532
v 0.00378788 0.00667415 0.03871934
v 0.00360028 0.00673091 0.03864846
v 0.00338049 0.00678859 0.03859608
v 0.00347763 0.00683304 0.03877172
v 0.00294457 0.00706920 0.03897510
v 0.00217230 0.00746402 0.04008446
v 0.00214133 0.00750573 0.04043884
v 0.00214133 0.00753126 0.04076857
v 0.00242790 0.00745216 0.04109829
v 0.00244976 0.00746470 0.04142802
v 0.00378788 0.00749092 0.04999163
v 0.00397184 0.00741637 0.04999163
v 0.00214133 0.00786362 0.06975359
v 0.00081049 0.00808998 0.06975359
v 0.00214133 0.00786522 0.06942386
v 0.00027561 0.00774053 0.04026628
v 0.00127252 0.00741341 0.03960682
v 0.00318682 0.00667461 0.03859608
v 0.00318682 0.00678859 0.03859608
v 0.00378788 0.00650957 0.03857759
v 0.00403620 0.00625335 0.03858375
v 0.00420073 0.00625335 0.03871934
v 0.00345821 0.00757708 0.04999163
v 0.00273268 0.00775306 0.05032136
v 0.00273207 0.00775329 0.06975359
v 0.00378788 0.00753035 0.07004325
v 0.00466337 0.00614644 0.03945275
v 0.00433066 0.00625335 0.03888574
v 0.00462573 0.00610996 0.03926169
v 0.00272479 0.00708402 0.03894737
v 0.00182502 0.00746083 0.03974858
v 0.00181227 0.00756523 0.04010912
v 0.00181227 0.00760079 0.04043884
v 0.00137574 0.00774486 0.04076857
v 0.00142006 0.00775443 0.04109829
v 0.00214133 0.00755178 0.04109829
v 0.00214133 0.00756888 0.04142802
v 0.00165380 0.00773665 0.04188100
v 0.00247101 0.00780253 0.06975359
v 0.00049418 0.00777358 0.04043884
v 0.00049418 0.00773939 0.04026936
v 0.00148259 0.00741387 0.03960374
v 0.00257361 0.00708402 0.03894737
v 0.00272418 0.00775170 0.04999163
v 0.00247101 0.00779729 0.05032136
v 0.00172423 0.00740908 0.03960991
v 0.00148259 0.00760284 0.04010912
v 0.00148259 0.00749114 0.03977939
v 0.00066478 0.00773574 0.04027552
v 0.00115292 0.00774759 0.04052512
v 0.00133809 0.00773825 0.04057751
v 0.00115292 0.00779022 0.04109829
v 0.00115292 0.00780755 0.04142802
v 0.00115292 0.00782350 0.04175774
v 0.00115292 0.00783832 0.04208747
v 0.00145163 0.00776127 0.04142802
v 0.00150870 0.00776127 0.04176699
v 0.00148259 0.00777586 0.04208747
v 0.00079471 0.00775557 0.04042343
v 0.00049418 0.00782373 0.04076857
v 0.00247101 0.00779432 0.04999163
v 0.00115292 0.00784767 0.04241719
v 0.00088456 0.00771933 0.04030325
v 0.00115292 0.00770451 0.04035872
v 0.00082385 0.00779888 0.04076857
v 0.00115292 0.00777016 0.04076857
v 0.00082385 0.00786453 0.04175774
v 0.00082385 0.00787684 0.04208747
v 0.00049418 0.00785428 0.04109829
v 0.00082385 0.00782282 0.04109829
v 0.00082385 0.00784379 0.04142802
v 0.00049418 0.00787388 0.04142802
v -0.00592950 -0.00610009 0.06959550
v -0.00591765 -0.00608662 0.06981540
v -0.00115314 -0.00789948 0.06975416
v 0.00020156 -0.00808768 0.06975416
v -0.00592950 -0.00610009 0.06958437
v -0.00266501 -0.00644628 0.04255370
v -0.00331179 -0.00644585 0.04321061
v -0.00398041 -0.00612552 0.04412081
v -0.00467085 -0.00615464 0.04702680
v -0.00470266 -0.00619028 0.04735804
v -0.00486732 -0.00601947 0.04735804
v -0.00489227 -0.00604750 0.04768649
v -0.00493219 -0.00609075 0.04822927
v -0.00494840 -0.00610705 0.04844639
v -0.00560455 -0.00643302 0.06955096
v -0.00560455 -0.00643302 0.06960663
v -0.00148245 -0.00784971 0.06975416
v -0.00148245 -0.00787058 0.06184899
v -0.00115314 -0.00791665 0.06184899
v 0.00000260 -0.00807377 0.06151775
v -0.00203693 -0.00644824 0.04222802
v -0.00247103 -0.00648214 0.04249803
v -0.00245170 -0.00664991 0.04277081
v -0.00254837 -0.00672597 0.04296009
v -0.00272114 -0.00679008 0.04317999
v -0.00281844 -0.00668359 0.04307143
v -0.00294006 -0.00674357 0.04327184
v -0.00300742 -0.00646106 0.04287102
v -0.00311782 -0.00666099 0.04339153
v -0.00335420 -0.00648279 0.04340545
v -0.00361367 -0.00641759 0.04393988
v -0.00450245 -0.00635501 0.04735804
v -0.00454674 -0.00638087 0.04768649
v -0.00472761 -0.00621636 0.04768649
v -0.00461285 -0.00643020 0.04849649
v -0.00466524 -0.00647757 0.04933433
v -0.00462408 -0.00644063 0.04867464
v -0.00464403 -0.00645997 0.04900309
v -0.00468208 -0.00648670 0.04966278
v -0.00503510 -0.00682789 0.06909447
v -0.00503884 -0.00682898 0.06942292
v -0.00430287 -0.00677269 0.04933433
v -0.00501389 -0.00681072 0.06975416
v -0.00498458 -0.00679051 0.07001581
v -0.00205315 -0.00775779 0.07001581
v -0.00181177 -0.00779886 0.06975416
v -0.00206250 -0.00775953 0.06975416
v -0.00312905 -0.00756916 0.06975416
v -0.00181177 -0.00780190 0.06184899
v -0.00181177 -0.00779778 0.06151775
v -0.00082382 -0.00785297 0.04999124
v -0.00232883 -0.00676574 0.04289607
v -0.00245170 -0.00682398 0.04307143
v -0.00247103 -0.00694633 0.04340545
v -0.00281844 -0.00682854 0.04339153
v -0.00300056 -0.00678030 0.04349174
v -0.00321449 -0.00669706 0.04373391
v -0.00341533 -0.00653234 0.04373391
v -0.00427605 -0.00675183 0.04886113
v -0.00429663 -0.00676856 0.04908103
v -0.00457792 -0.00639847 0.04801494
v -0.00325379 -0.00672401 0.04406236
v -0.00477626 -0.00697023 0.06942292
v -0.00385379 -0.00703108 0.04999124
v -0.00368914 -0.00711975 0.04999124
v -0.00441451 -0.00714691 0.06975416
v -0.00457917 -0.00705672 0.06975416
v -0.00411700 -0.00687244 0.04933433
v -0.00384194 -0.00702891 0.04966278
v -0.00438332 -0.00713757 0.07001581
v -0.00345836 -0.00748962 0.06975416
v -0.00280035 -0.00757198 0.06118930
v -0.00201510 -0.00775453 0.06151775
v -0.00132279 -0.00774714 0.05012206
v -0.00232321 -0.00709128 0.04386195
v -0.00280035 -0.00691329 0.04373391
v -0.00304983 -0.00681137 0.04373391
v -0.00414631 -0.00683180 0.04898360
v -0.00365421 -0.00710214 0.04933433
v -0.00381887 -0.00702239 0.04933433
v -0.00367729 -0.00711344 0.04966278
v -0.00459227 -0.00706390 0.06942292
v -0.00345836 -0.00720081 0.04966278
v -0.00345836 -0.00720733 0.04999124
v -0.00442761 -0.00714495 0.06942292
v -0.00367042 -0.00743073 0.06975416
v -0.00417875 -0.00722297 0.07001581
v -0.00312905 -0.00748658 0.06118930
v -0.00280035 -0.00756851 0.06086085
v -0.00247103 -0.00750309 0.05065093
v -0.00247103 -0.00749723 0.05032247
v -0.00345836 -0.00717973 0.04933433
v -0.00363425 -0.00709258 0.04913392
v -0.00265565 -0.00742138 0.04966278
v -0.00268808 -0.00742964 0.04999124
v -0.00271054 -0.00743812 0.05032247
v -0.00312905 -0.00748136 0.06086085
v -0.00331117 -0.00742247 0.06086085
v -0.00331865 -0.00742486 0.06118930
v 0.00401026 -0.00744438 0.07034075
v 0.00381446 -0.00750597 0.07043570
v 0.00436083 -0.00713737 0.07074284
v 0.00430602 -0.00710284 0.07092548
v 0.00467979 -0.00713364 0.07008417
v 0.00463364 -0.00710098 0.07029620
v 0.00458290 -0.00706272 0.07051580
v 0.00452554 -0.00701699 0.07074284
v 0.00466653 -0.00646643 0.07126468
v 0.00444701 -0.00652708 0.07130718
v 0.00413086 -0.00691155 0.07114193
v 0.00411760 -0.00714204 0.07096466
v 0.00488171 -0.00670905 0.07080509
v 0.00523509 -0.00639924 0.07084712
v 0.00466194 -0.00679863 0.07095344
v 0.00562492 -0.00579268 0.07125315
v 0.00526415 -0.00609409 0.07123230
v 0.00504489 -0.00617155 0.07129834
v 0.00484449 -0.00701793 0.07008417
v 0.00513030 -0.00682849 0.07004325
v 0.00511373 -0.00683596 0.07005684
v 0.00522846 -0.00672305 0.07014832
v 0.00638444 -0.00558645 0.07008417
v 0.00499517 -0.00679863 0.07041343
v 0.00494520 -0.00676131 0.07058548
v 0.00477361 -0.00683596 0.07071424
v 0.00477642 -0.00627419 0.07134621
v 0.00381420 -0.00683689 0.07130640
v 0.00402964 -0.00679490 0.07126343
v 0.00477642 -0.00598211 0.07151732
v 0.00444701 -0.00626393 0.07145459
v 0.00381420 -0.00699553 0.07119438
v 0.00509027 -0.00658027 0.07071630
v 0.00529857 -0.00645150 0.07062750
v 0.00544390 -0.00626953 0.07075785
v 0.00558897 -0.00608663 0.07088803
v 0.00536945 -0.00617994 0.07101269
v 0.00541305 -0.00558365 0.07146534
v 0.00517160 -0.00567977 0.07153074
v 0.00543497 -0.00586547 0.07130481
v 0.00574653 -0.00584587 0.07104556
v 0.00593622 -0.00577588 0.07091805
v 0.00584444 -0.00566857 0.07113766
v 0.00593571 -0.00544834 0.07124194
v 0.00574653 -0.00557712 0.07129202
v 0.00594719 -0.00480259 0.07157530
v 0.00510837 -0.00593639 0.07141462
v 0.00515962 -0.00666706 0.07041343
v 0.00587478 -0.00605024 0.07041343
v 0.00571007 -0.00619674 0.07041343
v 0.00552268 -0.00636191 0.07041343
v 0.00535798 -0.00650189 0.07041343
v 0.00636812 -0.00556312 0.07041343
v 0.00623886 -0.00575162 0.07008417
v 0.00636761 -0.00560885 0.07004325
v 0.00444701 -0.00560512 0.07161275
v 0.00477642 -0.00527571 0.07162380
v 0.00510582 -0.00494630 0.07163470
v 0.00543497 -0.00461689 0.07164450
v 0.00576438 -0.00428749 0.07165003
v 0.00495208 -0.00577868 0.07156945
v 0.00444701 -0.00605117 0.07154907
v 0.00564786 -0.00614075 0.07066859
v 0.00550840 -0.00535409 0.07152695
v 0.00562211 -0.00513480 0.07157530
v 0.00528863 -0.00546048 0.07157277
v 0.00632299 -0.00550900 0.07067664
v 0.00624829 -0.00543061 0.07089609
v 0.00598339 -0.00581694 0.07074284
v 0.00634008 -0.00521039 0.07099910
v 0.00623860 -0.00508441 0.07121871
v 0.00632146 -0.00486418 0.07128538
v 0.00600149 -0.00527571 0.07128902
v 0.00609277 -0.00494350 0.07140324
v 0.00618098 -0.00461689 0.07151573
v 0.00624702 -0.00442839 0.07156013
v 0.00601628 -0.00461689 0.07159046
v 0.00574475 -0.00492577 0.07158920
v 0.00621336 -0.00572829 0.07041343
v 0.00604866 -0.00588506 0.07041343
v 0.00591710 -0.00608663 0.07008417
v 0.00413265 -0.00596158 0.07158762
v 0.00444701 -0.00588600 0.07158352
v 0.00477642 -0.00560512 0.07159884
v 0.00510582 -0.00527571 0.07161053
v 0.00543497 -0.00494630 0.07162111
v 0.00576438 -0.00461689 0.07162870
v 0.00611979 -0.00430615 0.07160200
v 0.00609379 -0.00395808 0.07162759
v 0.00477642 -0.00581694 0.07157530
v 0.00425248 -0.00609036 0.07156029
v 0.00541305 -0.00525704 0.07158572
v 0.00628501 -0.00420910 0.07157672
v 0.00403296 -0.00611462 0.07156945
v 0.00631917 -0.00395808 0.07158730
v 0.00641886 -0.00555031 0.07004325
v 0.00655039 -0.00539641 0.07004325
v 0.00654928 -0.00539421 0.07008410
v 0.00641886 -0.00554665 0.07008410
v 0.00667019 -0.00522931 0.07008410
v 0.00653307 -0.00536563 0.07041356
v 0.00641886 -0.00550268 0.07041356
v 0.00641886 -0.00551587 0.07032134
v 0.00693419 -0.00484675 0.07004325
v 0.00683489 -0.00498967 0.07008410
v 0.00664821 -0.00520147 0.07041356
v 0.00641886 -0.00544405 0.07055666
v 0.00661691 -0.00515749 0.07063914
v 0.00694779 -0.00482623 0.07004325
v 0.00694686 -0.00482477 0.07008410
v 0.00693289 -0.00480425 0.07030854
v 0.00655990 -0.00507614 0.07085873
v 0.00644159 -0.00529381 0.07076766
v 0.00697667 -0.00455067 0.07074286
v 0.00694276 -0.00449498 0.07094527
v 0.00824711 0.00188469 0.07008410
v 0.00707038 -0.00461663 0.07008410
v 0.00720546 -0.00437039 0.07008410
v 0.00700611 -0.00463715 0.07041631
v 0.00641886 -0.00530993 0.07078273
v 0.00664802 -0.00485628 0.07097525
v 0.00725967 -0.00416079 0.07029834
v 0.00662250 -0.00449864 0.07126226
v 0.00674509 -0.00460711 0.07107006
v 0.00708305 -0.00428684 0.07074286
v 0.00722986 -0.00376650 0.07087575
v 0.00727327 -0.00354664 0.07095808
v 0.00698524 -0.00428684 0.07100734
v 0.00690140 -0.00409263 0.07122239
v 0.00684886 -0.00428684 0.07117199
v 0.00675273 0.00098252 0.07169885
v 0.00675273 0.00131158 0.07169804
v 0.00675273 0.00164137 0.07168718
v 0.00824171 0.00184951 0.07028942
v 0.00828382 0.00164137 0.07008410
v 0.00727681 -0.00420915 0.07004325
v 0.00727551 -0.00420622 0.07008410
v 0.00654126 -0.00471850 0.07119484
v 0.00729507 -0.00396218 0.07041032
v 0.00726750 -0.00385518 0.07065632
v 0.00735618 -0.00395778 0.07008410
v 0.00758013 -0.00314722 0.07026900
v 0.00642817 -0.00461224 0.07134345
v 0.00641886 -0.00463422 0.07133843
v 0.00641886 -0.00479985 0.07124525
v 0.00668416 -0.00428684 0.07130764
v 0.00730923 -0.00364558 0.07075680
v 0.00731221 -0.00329893 0.07102095
v 0.00721347 -0.00329893 0.07118560
v 0.00716931 -0.00364558 0.07106958
v 0.00755423 -0.00273022 0.07084982
v 0.00695077 -0.00387277 0.07126858
v 0.00708212 0.00065273 0.07169123
v 0.00708212 0.00098252 0.07169236
v 0.00708212 0.00131158 0.07167276
v 0.00708212 0.00164137 0.07164294
v 0.00825680 0.00164137 0.07034241
v 0.00832071 0.00131158 0.07008410
v 0.00728799 -0.00417544 0.07004325
v 0.00758777 -0.00284894 0.07063023
v 0.00759131 -0.00318900 0.07008410
v 0.00763695 -0.00296987 0.07008410
v 0.00760081 -0.00296327 0.07039265
v 0.00758255 -0.00251035 0.07091788
v 0.00699791 -0.00362872 0.07130650
v 0.00723825 -0.00310618 0.07122774
v 0.00760565 -0.00262835 0.07074124
v 0.00732693 0.00032367 0.07160291
v 0.00735078 0.00065273 0.07161555
v 0.00661188 -0.00296987 0.07157455
v 0.00734351 0.00098252 0.07161328
v 0.00725762 0.00187003 0.07157195
v 0.00659026 -0.00314282 0.07156710
v 0.00820016 0.00164137 0.07050706
v 0.00806043 0.00193672 0.07076847
v 0.00799001 0.00131158 0.07101496
v 0.00800845 0.00098252 0.07103975
v 0.00813104 0.00131158 0.07074286
v 0.00821116 0.00131158 0.07055341
v 0.00827227 0.00131158 0.07038876
v 0.00826463 0.00098252 0.07037645
v 0.00830934 0.00098252 0.07008410
v 0.00766080 -0.00264007 0.07041356
v 0.00766154 -0.00231101 0.07074286
v 0.00769620 -0.00264007 0.07008410
v 0.00760043 -0.00231101 0.07094706
v 0.00751082 -0.00198122 0.07115952
v 0.00726377 -0.00288632 0.07125480
v 0.00790989 -0.00052720 0.07091740
v 0.00792666 -0.00033519 0.07094819
v 0.00704877 -0.00329893 0.07133243
v 0.00724831 -0.00050741 0.07156693
v 0.00749144 0.00032367 0.07151929
v 0.00751529 0.00065273 0.07152901
v 0.00750802 0.00098252 0.07152415
v 0.00744319 0.00164137 0.07148736
v 0.00733737 0.00193672 0.07151264
v 0.00747561 0.00131158 0.07150795
v 0.00672105 -0.00327108 0.07149498
v 0.00677657 -0.00296987 0.07150567
v 0.00796765 0.00164137 0.07098854
v 0.00785549 0.00131158 0.07117961
v 0.00787431 0.00098252 0.07120441
v 0.00783500 0.00164137 0.07115319
v 0.00787822 0.00065273 0.07120765
v 0.00800379 0.00065273 0.07104284
v 0.00814483 0.00098252 0.07074286
v 0.00811614 0.00065273 0.07074286
v 0.00807832 0.00032367 0.07074286
v 0.00803640 -0.00000539 0.07074286
v 0.00824711 0.00074287 0.07031649
v 0.00825773 0.00064100 0.07008053
v 0.00771762 -0.00231101 0.07041356
v 0.00798535 -0.00099404 0.07008410
v 0.00791809 -0.00123002 0.07032038
v 0.00793840 -0.00099990 0.07042345
v 0.00792331 -0.00136634 0.07004325
v 0.00792722 -0.00133336 0.07006723
v 0.00762894 -0.00198122 0.07099486
v 0.00754231 -0.00165289 0.07120036
v 0.00756317 -0.00140885 0.07122402
v 0.00728632 -0.00264007 0.07127669
v 0.00795535 -0.00000539 0.07099211
v 0.00745884 -0.00000539 0.07149936
v 0.00731482 -0.00231101 0.07129986
v 0.00734631 -0.00198122 0.07132060
v 0.00767999 -0.00000539 0.07133470
v 0.00769918 0.00032367 0.07135464
v 0.00771352 0.00065273 0.07136436
v 0.00770961 0.00098252 0.07135934
v 0.00769079 0.00131158 0.07134329
v 0.00767030 0.00164137 0.07132271
v 0.00793337 0.00193672 0.07098012
v 0.00786388 0.00032367 0.07118674
v 0.00798069 0.00032367 0.07102209
v 0.00804236 -0.00066425 0.07008410
v 0.00765633 -0.00165289 0.07103571
v 0.00784469 -0.00000539 0.07115676
v 0.00765484 -0.00033519 0.07130715
v -0.00492228 -0.00411796 0.04093871
v -0.00529691 -0.00414071 0.04123148
v -0.00510608 -0.00406906 0.04099619
v -0.00510608 -0.00390492 0.04083274
v -0.00510608 -0.00371121 0.04066839
v -0.00510608 -0.00354631 0.04054715
v -0.00496094 -0.00314827 0.04026875
v -0.00535415 -0.00418923 0.04142636
v -0.00551887 -0.00404101 0.04142636
v -0.00562282 -0.00382380 0.04122789
v -0.00541492 -0.00393979 0.04112012
v -0.00531348 -0.00383668 0.04089201
v -0.00529038 -0.00348376 0.04059116
v -0.00556055 -0.00277828 0.04029210
v -0.00508498 -0.00327450 0.04038011
v -0.00518040 -0.00307359 0.04030557
v -0.00534110 -0.00285410 0.04025438
v -0.00570367 -0.00255880 0.04024091
v -0.00599293 -0.00225212 0.04022295
v -0.00777618 -0.00231125 0.04933119
v -0.00724939 -0.00215697 0.04486418
v -0.00531097 -0.00581360 0.04900249
v -0.00545308 -0.00422373 0.04178470
v -0.00557511 -0.00409370 0.04169489
v -0.00566049 -0.00387687 0.04142636
v -0.00600749 -0.00324152 0.04109767
v -0.00596230 -0.00317708 0.04089201
v -0.00553293 -0.00372675 0.04100876
v -0.00564190 -0.00350688 0.04089201
v -0.00584730 -0.00305312 0.04067199
v -0.00562734 -0.00316267 0.04058308
v -0.00550983 -0.00338216 0.04067199
v -0.00592313 -0.00247199 0.04027684
v -0.00621289 -0.00206599 0.04032803
v -0.00629675 -0.00222937 0.04054805
v -0.00764762 -0.00263537 0.04933119
v -0.00665631 -0.00201367 0.04139673
v -0.00695813 -0.00258306 0.04406220
v -0.00698323 -0.00266456 0.04438910
v -0.00703847 -0.00264068 0.04472049
v -0.00528636 -0.00578669 0.04867290
v -0.00505134 -0.00587539 0.04768413
v -0.00560073 -0.00412403 0.04191402
v -0.00593217 -0.00379764 0.04223553
v -0.00590404 -0.00376655 0.04201550
v -0.00587190 -0.00371879 0.04175596
v -0.00595527 -0.00350157 0.04150450
v -0.00591760 -0.00345457 0.04128447
v -0.00599343 -0.00355427 0.04175596
v -0.00604666 -0.00332644 0.04140751
v -0.00624754 -0.00312363 0.04161047
v -0.00622092 -0.00307094 0.04142636
v -0.00617974 -0.00295873 0.04109049
v -0.00624201 -0.00277904 0.04097553
v -0.00618728 -0.00265812 0.04075192
v -0.00624201 -0.00244886 0.04063157
v -0.00595276 -0.00283363 0.04058128
v -0.00601704 -0.00264068 0.04050674
v -0.00611747 -0.00235068 0.04041244
v -0.00629223 -0.00255955 0.04085160
v -0.00756928 -0.00280027 0.04933119
v -0.00692498 -0.00281847 0.04449687
v -0.00658400 -0.00214446 0.04126651
v -0.00660710 -0.00220170 0.04148654
v -0.00663522 -0.00292726 0.04307343
v -0.00665983 -0.00299853 0.04338596
v -0.00657797 -0.00312742 0.04326472
v -0.00527280 -0.00577190 0.04849508
v -0.00496145 -0.00587539 0.04710936
v -0.00561780 -0.00414071 0.04208555
v -0.00584328 -0.00402547 0.04274473
v -0.00598238 -0.00386132 0.04274473
v -0.00595075 -0.00382076 0.04241514
v -0.00494990 -0.00577835 0.04649688
v -0.00626160 -0.00346859 0.04256243
v -0.00623498 -0.00343865 0.04234330
v -0.00620284 -0.00339164 0.04208555
v -0.00628219 -0.00317329 0.04182960
v -0.00627465 -0.00284121 0.04119556
v -0.00632638 -0.00265812 0.04109049
v -0.00747638 -0.00297010 0.04933119
v -0.00659856 -0.00315396 0.04348385
v -0.00661513 -0.00318239 0.04373261
v -0.00633994 -0.00299626 0.04173440
v -0.00660760 -0.00286547 0.04281119
v -0.00631433 -0.00322674 0.04208555
v -0.00656040 -0.00309179 0.04307343
v -0.00633140 -0.00331696 0.04243759
v -0.00629474 -0.00384047 0.04472049
v -0.00586287 -0.00469607 0.04636665
v -0.00528536 -0.00545688 0.04676719
v -0.00515780 -0.00564415 0.04702584
v -0.00496747 -0.00579768 0.04669625
v -0.00522108 -0.00538638 0.04603706
v -0.00587190 -0.00405845 0.04307343
v -0.00525020 -0.00541898 0.04636665
v -0.00600950 -0.00389393 0.04307343
v -0.00617422 -0.00368505 0.04307343
v -0.00526627 -0.00543641 0.04654717
v -0.00627616 -0.00348717 0.04274473
v -0.00651570 -0.00334729 0.04373261
v -0.00731819 -0.00323811 0.04933119
v -0.00731919 -0.00324077 0.04935454
v -0.00663673 -0.00321992 0.04406220
v -0.00596732 -0.00450235 0.04603706
v -0.00635099 -0.00358384 0.04373261
v -0.00619933 -0.00371841 0.04340302
v -0.00560073 -0.00511230 0.04685341
v -0.00515730 -0.00558198 0.04667290
v -0.00630177 -0.00352053 0.04307343
v -0.00632638 -0.00355351 0.04340302
v -0.00653579 -0.00338444 0.04406220
v -0.00560347 -0.00577266 0.05078929
v -0.00596641 -0.00547887 0.05130903
v -0.00561085 -0.00577873 0.05097939
v -0.00598723 -0.00549441 0.05163867
v -0.00615175 -0.00530677 0.05163867
v -0.00626691 -0.00512178 0.05142430
v -0.00579652 -0.00566500 0.05196832
v -0.00599764 -0.00550010 0.05196832
v -0.00616853 -0.00535112 0.05229796
v -0.00634178 -0.00519532 0.05262760
v -0.00632466 -0.00518622 0.05229796
v -0.00630351 -0.00516802 0.05196832
v -0.00628168 -0.00514187 0.05163867
v -0.00664127 -0.00452737 0.05097939
v -0.00617323 -0.00536022 0.05262760
v -0.00634917 -0.00519911 0.05295725
v -0.00754847 -0.00440758 0.06580123
v -0.00651368 -0.00501374 0.05295725
v -0.00650630 -0.00499971 0.05262760
v -0.00648918 -0.00497469 0.05229796
v -0.00659494 -0.00479197 0.05207146
v -0.00666007 -0.00455922 0.05130903
v -0.00778282 -0.00229495 0.04935544
v -0.00738361 -0.00457400 0.06580123
v -0.00688267 -0.00507856 0.06975290
v -0.00703511 -0.00491404 0.06975290
v -0.00719996 -0.00472905 0.06942326
v -0.00719996 -0.00471729 0.06975290
v -0.00732620 -0.00456414 0.06942326
v -0.00754142 -0.00439659 0.06613087
v -0.00762401 -0.00423207 0.06613087
v -0.00762703 -0.00424268 0.06580123
v -0.00760857 -0.00351257 0.05723858
v -0.00759883 -0.00350120 0.05690893
v -0.00697467 -0.00422903 0.05262760
v -0.00662213 -0.00483519 0.05262760
v -0.00663019 -0.00484884 0.05295725
v -0.00660736 -0.00481017 0.05229796
v -0.00732687 -0.00327147 0.04966283
v -0.00770694 -0.00329952 0.05723858
v -0.00790705 -0.00281164 0.05803336
v -0.00795506 -0.00264068 0.05822751
v -0.00804168 -0.00231125 0.05855513
v -0.00807257 -0.00264068 0.06975290
v -0.00717780 -0.00468431 0.07001581
v -0.00731344 -0.00455277 0.06975290
v -0.00763475 -0.00392236 0.06975290
v -0.00764147 -0.00393790 0.06942326
v -0.00794969 -0.00324228 0.06942326
v -0.00772205 -0.00395799 0.06580123
v -0.00696258 -0.00421236 0.05229796
v -0.00685850 -0.00435262 0.05196832
v -0.00792484 -0.00321461 0.06613087
v -0.00803161 -0.00297010 0.06942326
v -0.00801247 -0.00297010 0.06975290
v -0.00803463 -0.00270891 0.07001581
v -0.00762603 -0.00390264 0.07001581
v -0.00793861 -0.00321802 0.06975290
v -0.00791846 -0.00317405 0.06997536
v -0.00796513 -0.00297654 0.07001581
v -0.00793089 -0.00310240 0.07001581
v 0.00696960 0.00164156 0.03957703
v 0.00696960 0.00131186 0.03957403
v 0.00694774 -0.00165235 0.03958602
v 0.00694260 -0.00198153 0.03958901
v 0.00693103 -0.00231072 0.03960100
v 0.00692203 -0.00251452 0.03960999
v 0.00695105 0.00189645 0.03958901
v 0.00715422 0.00166839 0.03980177
v 0.00727509 0.00131186 0.03990965
v 0.00713438 0.00131186 0.03974484
v 0.00713052 0.00098268 0.03973884
v 0.00728685 -0.00000488 0.03990365
v 0.00728446 -0.00033458 0.03990665
v 0.00727858 -0.00066376 0.03990965
v 0.00727013 -0.00099346 0.03991864
v 0.00725929 -0.00132265 0.03993062
v 0.00725139 -0.00155225 0.03993961
v 0.00699054 -0.00263887 0.03974484
v 0.00724000 -0.00177205 0.03994860
v 0.00722825 -0.00198153 0.03996059
v 0.00734269 -0.00198153 0.04012540
v 0.00704676 0.00199190 0.03975382
v 0.00724258 0.00179584 0.03994860
v 0.00726095 0.00157655 0.03992463
v 0.00728336 0.00098268 0.03990365
v 0.00757892 0.00083924 0.04027223
v 0.00758407 0.00065298 0.04026324
v 0.00728483 0.00065298 0.03990365
v 0.00728593 0.00032379 0.03990365
v 0.00744942 0.00065298 0.04009843
v 0.00745052 0.00032379 0.04010143
v 0.00758260 0.00032379 0.04026624
v 0.00757690 0.00014682 0.04027223
v 0.00733718 -0.00165802 0.04008045
v 0.00721263 -0.00231072 0.04000853
v 0.00729915 -0.00231072 0.04017334
v 0.00763036 -0.00099346 0.04050297
v 0.00761199 -0.00132265 0.04052994
v 0.00759050 -0.00155432 0.04056590
v 0.00790756 -0.00149962 0.06994437
v 0.00724717 0.00246556 0.04027523
v 0.00727748 0.00229993 0.04022728
v 0.00717002 0.00229993 0.04006247
v 0.00721870 0.00197075 0.03998456
v 0.00732671 0.00197075 0.04014638
v 0.00734085 0.00166839 0.04007746
v 0.00752620 0.00166891 0.04044903
v 0.00758903 0.00157758 0.04056590
v 0.00761879 0.00096256 0.04042506
v 0.00764597 0.00065298 0.04044004
v 0.00764487 0.00032379 0.04044004
v 0.00763973 -0.00033458 0.04047001
v 0.00763716 -0.00066376 0.04048799
v 0.00726076 -0.00251040 0.04023328
v 0.00738035 -0.00231072 0.04044004
v 0.00728042 -0.00263887 0.04047300
v 0.00772404 -0.00066376 0.04076966
v 0.00771045 -0.00099346 0.04076966
v 0.00767261 -0.00132265 0.04076966
v 0.00760924 -0.00165957 0.04076966
v 0.00805286 -0.00066376 0.06975258
v 0.00823931 0.00045949 0.06996534
v 0.00727417 0.00252696 0.04044004
v 0.00735812 0.00229993 0.04044004
v 0.00745805 0.00197075 0.04044004
v 0.00757011 0.00179739 0.04061085
v 0.00760611 0.00131186 0.04051795
v 0.00767794 0.00131186 0.04076966
v 0.00771431 0.00098268 0.04076966
v 0.00772827 0.00065298 0.04076966
v 0.00772570 -0.00033458 0.04076966
v 0.00728244 -0.00262855 0.04046701
v 0.00758480 -0.00185048 0.04088054
v 0.00775601 -0.00066376 0.04109929
v 0.00774186 -0.00099346 0.04109929
v 0.00770843 -0.00132265 0.04109929
v 0.00765865 -0.00165235 0.04109929
v 0.00825162 0.00058074 0.07004325
v 0.00791288 -0.00152491 0.04999314
v 0.00800822 -0.00099346 0.04966351
v 0.00824666 0.00040893 0.05065238
v 0.00824060 0.00045124 0.06975258
v 0.00827201 0.00065298 0.06975258
v 0.00832106 0.00098268 0.06975258
v 0.00823601 0.00214050 0.06897048
v 0.00823601 0.00214050 0.06882065
v 0.00761695 0.00166891 0.04073970
v 0.00757892 0.00214566 0.04124312
v 0.00759068 0.00186652 0.04083259
v 0.00768143 0.00164156 0.04109929
v 0.00773892 0.00131186 0.04109929
v 0.00776097 0.00098268 0.04109929
v 0.00776262 0.00065298 0.04109929
v 0.00760244 -0.00190775 0.04109929
v 0.00762099 -0.00195831 0.04142891
v 0.00823582 0.00143466 0.04949271
v 0.00824152 0.00098268 0.04973843
v 0.00824519 0.00065607 0.04998415
v 0.00824115 0.00043627 0.05008903
v 0.00772533 -0.00132265 0.04142891
v 0.00768767 -0.00165235 0.04142891
v 0.00791141 -0.00151510 0.04966351
v 0.00794797 -0.00132265 0.04966351
v 0.00769961 -0.00165235 0.04175854
v 0.00806168 -0.00066376 0.04966351
v 0.00824556 0.00040738 0.05032276
v 0.00826834 0.00065298 0.05097901
v 0.00833171 0.00131186 0.06975258
v 0.00832216 0.00131186 0.07004325
v 0.00828781 0.00098268 0.05130864
v 0.00829295 0.00164156 0.06975258
v 0.00825493 0.00199655 0.06908734
v 0.00825677 0.00200377 0.06873374
v 0.00825327 0.00161164 0.05130864
v 0.00798930 0.00262964 0.05032276
v 0.00738292 0.00263118 0.04109629
v 0.00758976 0.00219571 0.04142891
v 0.00760409 0.00197385 0.04111727
v 0.00764065 0.00197075 0.04142891
v 0.00771449 0.00164156 0.04142891
v 0.00776115 0.00131186 0.04142891
v 0.00823582 0.00148007 0.04949271
v 0.00763367 -0.00198153 0.04208516
v 0.00757672 -0.00214819 0.04190237
v 0.00825438 0.00098268 0.04999314
v 0.00825970 0.00065298 0.05032276
v 0.00826613 0.00065298 0.05065238
v 0.00830563 0.00164156 0.06843409
v 0.00830563 0.00164156 0.06876371
v 0.00830342 0.00164156 0.06909334
v 0.00829938 0.00164156 0.06942296
v 0.00828432 0.00131186 0.05130864
v 0.00828432 0.00098268 0.05097901
v 0.00826154 0.00196198 0.06843409
v 0.00825125 0.00160338 0.05097901
v 0.00805745 0.00229993 0.04999314
v 0.00797626 0.00262964 0.04999314
v 0.00742591 0.00262964 0.04142891
v 0.00752969 0.00236030 0.04142891
v 0.00754623 0.00241499 0.04175854
v 0.00760097 0.00225040 0.04175854
v 0.00797571 0.00263118 0.04999014
v 0.00823821 0.00149142 0.04966351
v 0.00827844 0.00131186 0.05097901
v 0.00825309 0.00131186 0.04999314
v 0.00826577 0.00098268 0.05032276
v 0.00827642 0.00098268 0.05065238
v 0.00560033 -0.00642938 0.06992155
v 0.00026104 -0.00808323 0.07004129
v 0.00527330 -0.00676077 0.06992744
v 0.00560464 -0.00643418 0.06975274
v 0.00575952 -0.00628978 0.06946027
v 0.00429492 -0.00742411 0.06994510
v 0.00471530 -0.00715957 0.06975274
v 0.00561328 -0.00644207 0.06942493
v 0.00363600 -0.00775127 0.06963104
v 0.00411737 -0.00752508 0.06975274
v 0.00430841 -0.00743286 0.06975274
v 0.00447300 -0.00732427 0.06975274
v 0.00340827 -0.00779245 0.07004129
v 0.00431542 -0.00743822 0.06942493
v 0.00049416 -0.00811284 0.06975274
v 0.00347950 -0.00780063 0.06974685
v 0.00345846 -0.00783729 0.06942493
v 0.00365543 -0.00776143 0.06942493
v 0.00382002 -0.00768330 0.06942493
v 0.00411737 -0.00754003 0.06942493
v 0.00148280 -0.00818899 0.06942493
v 0.00312927 -0.00790470 0.06975274
v 0.00345846 -0.00785083 0.06909516
v 0.00367000 -0.00776960 0.06909516
v 0.00231656 -0.00807759 0.06993725
v 0.00345846 -0.00785337 0.06876539
v 0.00148280 -0.00818645 0.06975274
v 0.00181199 -0.00818476 0.06942493
v 0.00234031 -0.00808238 0.06975274
v 0.00237376 -0.00808943 0.06942493
v 0.00312927 -0.00791739 0.06942493
v 0.00239697 -0.00809253 0.06909516
v 0.00181199 -0.00817150 0.06975274
v 0.00214117 -0.00811904 0.06975274
v 0.00214117 -0.00813540 0.06942493
v 0.00265708 -0.00808294 0.05789673
v 0.00214117 -0.00813879 0.06909516
v 0.00247090 -0.00812074 0.05789673
v 0.00024647 0.00818139 0.07001581
v 0.00018155 0.00819218 0.07001581
v 0.00024647 0.00818789 0.06942310
v 0.00016446 0.00820144 0.06942310
v 0.00016446 0.00819785 0.06975304
v 0.00016446 0.00820490 0.06909318
v -0.00127055 0.00839954 0.06975304
v -0.00129154 0.00839732 0.06993698
v -0.00469508 0.00714374 0.07001581
v 0.00016446 0.00820559 0.06876616
v -0.00125884 0.00840023 0.06942310
v -0.00148239 0.00840452 0.06942310
v -0.00214133 0.00855696 0.05130907
v -0.00138721 0.00839732 0.06993698
v -0.00446128 0.00730393 0.07001581
v 0.00016446 0.00820961 0.05789599
v -0.00181186 0.00851270 0.05163900
v -0.00167763 0.00839857 0.06942310
v -0.00149118 0.00839954 0.06975304
v -0.00181186 0.00850910 0.05130907
v 0.00016446 0.00788134 0.04109875
v -0.00016500 0.00787650 0.04109875
v -0.00049447 0.00783638 0.04109875
v -0.00103871 0.00774245 0.04090897
v -0.00214133 0.00852611 0.05097914
v -0.00303260 0.00810004 0.04867547
v -0.00240832 0.00845695 0.05130907
v -0.00312925 0.00814680 0.06744644
v -0.00279978 0.00824225 0.06744644
v -0.00169716 0.00840037 0.06909318
v -0.00165860 0.00839594 0.06964208
v -0.00160637 0.00838238 0.06986106
v -0.00247031 0.00821445 0.07001581
v -0.00429630 0.00741571 0.07001581
v -0.00430850 0.00742401 0.06975304
v -0.00447299 0.00731154 0.06975304
v -0.00432217 0.00743383 0.06942310
v -0.00115292 0.00747353 0.04019364
v 0.00016446 0.00820947 0.05756606
v -0.00279978 0.00823700 0.06777637
v 0.00024647 0.00786709 0.04101700
v 0.00016446 0.00784108 0.04076882
v -0.00016500 0.00782448 0.04076882
v -0.00016500 0.00775919 0.04051773
v -0.00148239 0.00752665 0.04043889
v -0.00148239 0.00761242 0.04076882
v -0.00181186 0.00759679 0.04109875
v -0.00300966 0.00808594 0.04847109
v -0.00319709 0.00800874 0.04867547
v -0.00376671 0.00781397 0.06744644
v -0.00346311 0.00797859 0.06744644
v -0.00329813 0.00806726 0.06744644
v -0.00329667 0.00806657 0.06777637
v -0.00312925 0.00814251 0.06777637
v -0.00247031 0.00823215 0.06975304
v -0.00279978 0.00822745 0.06810630
v -0.00279978 0.00821749 0.06843624
v -0.00279978 0.00820739 0.06876616
v -0.00279978 0.00815704 0.06975304
v -0.00370130 0.00777883 0.06975304
v -0.00372229 0.00778796 0.06942310
v -0.00373791 0.00779419 0.06909318
v -0.00374718 0.00780055 0.06876616
v -0.00375304 0.00780595 0.06843624
v -0.00432754 0.00743839 0.06909318
v -0.00448666 0.00731984 0.06942310
v -0.00472339 0.00715508 0.06942310
v -0.00166006 0.00741349 0.04026371
v -0.00148239 0.00743895 0.04022867
v 0.00016495 0.00776846 0.04041846
v 0.00024647 0.00782435 0.04068707
v 0.00024647 0.00783680 0.04076882
v -0.00173572 0.00745098 0.04043889
v -0.00184212 0.00751129 0.04073963
v -0.00215744 0.00748971 0.04109000
v -0.00214133 0.00754270 0.04142869
v -0.00240246 0.00744669 0.04142869
v -0.00256744 0.00736328 0.04142869
v -0.00428263 0.00740671 0.05509596
v -0.00393120 0.00771063 0.06744644
v -0.00376231 0.00781190 0.06777637
v -0.00346164 0.00797637 0.06777637
v -0.00375792 0.00780941 0.06810630
v -0.00329374 0.00806491 0.06794280
v -0.00315658 0.00811900 0.06807419
v -0.00310777 0.00812329 0.06843624
v -0.00279978 0.00819314 0.06909318
v -0.00279978 0.00817530 0.06942310
v -0.00303065 0.00808677 0.06975304
v -0.00300088 0.00807639 0.06998953
v -0.00345823 0.00787608 0.07001581
v -0.00345823 0.00789268 0.06975304
v -0.00433046 0.00744268 0.06777637
v -0.00197196 0.00739966 0.04061116
v -0.00205835 0.00745541 0.04083014
v -0.00235658 0.00743231 0.04119219
v -0.00273437 0.00714969 0.04109875
v -0.00282516 0.00718400 0.04141701
v -0.00319563 0.00801414 0.06975304
v -0.00309117 0.00811416 0.06876616
v -0.00307311 0.00810503 0.06909318
v -0.00305310 0.00809589 0.06942310
v -0.00302919 0.00805965 0.07001581
v -0.00340405 0.00790112 0.07001581
v -0.00824688 -0.00187236 0.06777773
v -0.00824364 -0.00185892 0.06744849
v -0.00807872 -0.00198118 0.05822572
v -0.00806407 -0.00165202 0.05493328
v -0.00796630 -0.00164799 0.04999462
v -0.00824650 -0.00187639 0.06810698
v -0.00827065 -0.00165202 0.06810698
v -0.00826761 -0.00165202 0.06777773
v -0.00823584 -0.00149214 0.06422660
v -0.00802489 -0.00099302 0.05032190
v -0.00800377 -0.00132285 0.05032190
v -0.00799768 -0.00132285 0.04999462
v -0.00823356 -0.00147669 0.06400710
v -0.00824250 -0.00186295 0.06843622
v -0.00826590 -0.00165202 0.06876547
v -0.00829938 -0.00132285 0.06942395
v -0.00830299 -0.00132285 0.06909471
v -0.00827008 -0.00165202 0.06843622
v -0.00830318 -0.00132285 0.06876547
v -0.00829919 -0.00132285 0.06843622
v -0.00833153 -0.00099302 0.06942395
v -0.00801081 -0.00066385 0.05032190
v -0.00801899 -0.00099302 0.04999462
v -0.00832696 -0.00099302 0.06909471
v -0.00823584 -0.00081164 0.06358966
v -0.00727864 0.00450203 0.06942395
v -0.00823775 -0.00183541 0.06876547
v -0.00829158 -0.00132285 0.06975320
v -0.00833210 -0.00099302 0.06975320
v -0.00832582 -0.00066385 0.06975320
v -0.00806483 -0.00000485 0.05822572
v -0.00803877 0.00032432 0.05921542
v -0.00796496 -0.00033468 0.05032190
v -0.00800054 -0.00065982 0.04999462
v -0.00729271 0.00420981 0.05987391
v -0.00718790 0.00466729 0.06942395
v -0.00737793 0.00427632 0.06942395
v -0.00737375 0.00427632 0.06975320
v -0.00727521 0.00449397 0.06975320
v -0.00823527 -0.00181929 0.06894381
v -0.00827807 -0.00132285 0.07001581
v -0.00829120 -0.00064706 0.07001581
v -0.00826476 -0.00035215 0.07001581
v -0.00825772 -0.00027758 0.07001581
v -0.00824574 -0.00008344 0.06996290
v -0.00828492 -0.00033468 0.06975320
v -0.00824973 -0.00005187 0.06975320
v -0.00798760 0.00065348 0.05921542
v -0.00759707 0.00227311 0.05196812
v -0.00770721 0.00164098 0.05262661
v -0.00805970 0.00065348 0.06349560
v -0.00740989 0.00328815 0.05065114
v -0.00792274 -0.00006329 0.05032190
v -0.00739353 0.00328815 0.05032190
v -0.00729024 0.00420578 0.05954466
v -0.00738307 0.00394715 0.05954466
v -0.00718200 0.00465855 0.06975320
v -0.00706464 0.00486008 0.06961993
v -0.00761020 0.00358104 0.06942395
v -0.00760563 0.00357567 0.06975320
v -0.00734179 0.00429983 0.07001581
v -0.00726133 0.00446643 0.07001581
v -0.00703154 0.00486008 0.07001581
v -0.00801956 0.00131249 0.07001581
v -0.00804201 0.00131249 0.06975320
v -0.00804372 0.00131249 0.06942395
v -0.00793624 0.00098332 0.05921542
v -0.00790790 0.00116201 0.05921542
v -0.00757691 0.00312760 0.05869019
v -0.00734350 0.00361799 0.05065114
v -0.00732600 0.00361799 0.05032190
v -0.00725524 0.00381213 0.05006125
v -0.00726551 0.00384034 0.05032190
v -0.00727236 0.00385579 0.05065114
v -0.00726380 0.00414868 0.05592101
v -0.00726665 0.00415473 0.05625026
v -0.00726894 0.00416010 0.05657950
v -0.00737851 0.00394715 0.05921542
v -0.00734902 0.00361799 0.05098039
v -0.00706064 0.00486008 0.06973556
v -0.00725904 0.00447046 0.07001581
v -0.00767583 0.00328815 0.06942395
v -0.00766688 0.00328815 0.06975320
v -0.00759003 0.00352260 0.07000993
v -0.00792236 0.00182975 0.07001581
v -0.00791779 0.00186804 0.06999622
v -0.00792692 0.00191976 0.06975320
v -0.00792920 0.00193320 0.06942395
v -0.00798323 0.00164098 0.06942395
v -0.00734883 0.00394715 0.05723799
v -0.00735397 0.00394715 0.05756724
v -0.00735891 0.00394715 0.05789648
v -0.00205450 0.00712206 0.04024119
v -0.00295544 0.00672595 0.04061467
v -0.00273598 0.00682855 0.04052626
v -0.00237686 0.00711938 0.04052446
v -0.00325471 0.00670181 0.04100889
v -0.00303524 0.00680262 0.04083478
v -0.00259632 0.00704829 0.04065707
v -0.00659282 0.00544173 0.04913875
v -0.00363640 0.00643200 0.04124164
v -0.00331036 0.00676105 0.04122811
v -0.00313867 0.00684599 0.04110993
v -0.00289979 0.00702504 0.04109730
v -0.00267035 0.00710127 0.04087628
v -0.00465600 0.00710351 0.04735527
v -0.00651617 0.00561430 0.04933180
v -0.00633031 0.00584477 0.04900163
v -0.00629671 0.00580677 0.04867236
v -0.00627255 0.00577793 0.04845495
v -0.00367158 0.00646821 0.04142657
v -0.00350724 0.00663296 0.04142657
v -0.00355817 0.00668750 0.04175584
v -0.00334238 0.00678698 0.04142657
v -0.00295282 0.00706215 0.04130118
v -0.00274281 0.00714352 0.04109730
v -0.00272705 0.00714352 0.04107024
v -0.00464287 0.00709658 0.04713966
v -0.00482086 0.00699531 0.04735527
v -0.00565355 0.00645592 0.04867236
v -0.00635131 0.00588165 0.04933180
v -0.00621743 0.00604617 0.04933180
v -0.00560997 0.00642775 0.04779009
v -0.00558792 0.00640652 0.04757087
v -0.00372618 0.00652275 0.04175584
v -0.00539944 0.00653773 0.04735527
v -0.00521515 0.00670248 0.04735527
v -0.00298537 0.00709300 0.04152039
v -0.00339331 0.00682520 0.04175584
v -0.00286776 0.00714352 0.04137876
v -0.00505029 0.00683057 0.04735527
v -0.00506500 0.00683548 0.04768454
v -0.00563937 0.00644921 0.04834308
v -0.00562310 0.00643803 0.04801381
v -0.00594265 0.00346894 0.04092341
v -0.00664218 0.00197132 0.04085191
v -0.00628555 0.00285048 0.04090530
v -0.00624707 0.00343628 0.04127456
v -0.00600861 0.00359427 0.04111618
v -0.00594968 0.00380754 0.04123836
v -0.00660432 0.00217831 0.04090621
v -0.00655730 0.00239786 0.04098766
v -0.00630387 0.00321703 0.04119311
v -0.00638081 0.00331126 0.04140126
v -0.00631913 0.00354998 0.04149448
v -0.00619120 0.00364295 0.04140126
v -0.00601044 0.00392941 0.04144742
v -0.00594571 0.00413357 0.04157051
v -0.00563090 0.00446935 0.04156055
v -0.00680401 0.00193897 0.04112975
v -0.00665500 0.00229296 0.04109717
v -0.00661439 0.00253544 0.04120668
v -0.00652768 0.00298366 0.04141394
v -0.00661897 0.00289006 0.04151530
v -0.00657623 0.00310961 0.04162209
v -0.00635669 0.00364295 0.04173794
v -0.00624707 0.00376953 0.04161666
v -0.00598509 0.00418571 0.04175604
v -0.00584983 0.00435062 0.04175604
v -0.00568525 0.00452588 0.04175604
v -0.00691759 0.00180767 0.04126098
v -0.00700584 0.00165157 0.04142661
v -0.00664249 0.00298366 0.04174156
v -0.00660035 0.00316332 0.04184111
v -0.00653043 0.00327923 0.04174156
v -0.00693744 0.00186955 0.04142661
v -0.00643089 0.00361782 0.04208548
v -0.00631272 0.00386282 0.04208548
v -0.00628646 0.00382136 0.04183568
v -0.00603120 0.00424288 0.04208548
v -0.00589807 0.00440747 0.04208548
v -0.00573319 0.00458305 0.04208548
v -0.00557655 0.00474795 0.04208548
v -0.00700767 0.00165157 0.04143566
v -0.00696309 0.00198797 0.04175785
v -0.00670233 0.00295947 0.04208548
v -0.00691973 0.00280117 0.04322039
v -0.00661867 0.00321169 0.04208548
v -0.00664310 0.00325787 0.04241491
v -0.00619578 0.00402741 0.04208548
v -0.00705866 0.00165157 0.04175604
v -0.00701683 0.00197132 0.04208548
v -0.00695881 0.00231274 0.04242668
v -0.00692492 0.00215978 0.04186917
v -0.00725988 0.00184882 0.04347652
v -0.00695423 0.00263721 0.04309640
v -0.00729774 0.00199425 0.04405122
v -0.00725682 0.00216260 0.04415439
v -0.00696706 0.00456891 0.04933122
v -0.00698446 0.00460378 0.04966066
v -0.00737499 0.00197132 0.04472095
v -0.00742140 0.00165157 0.04440057
v -0.00729194 0.00165157 0.04331904
v -0.00727881 0.00190818 0.04373265
v -0.00729621 0.00166884 0.04338149
v -0.00735117 0.00165157 0.04373265
v -0.00735239 0.00165157 0.04374170
v -0.00734873 0.00197132 0.04439152
v -0.00705835 0.00427680 0.04933122
v -0.00742079 0.00165157 0.04439152
v -0.00595912 -0.00153342 0.03993046
v -0.00619234 -0.00132275 0.03998399
v -0.00625033 -0.00114142 0.03995227
v -0.00602763 -0.00132275 0.03990171
v -0.00612190 -0.00101623 0.03987991
v -0.00627481 -0.00184602 0.04025857
v -0.00632699 -0.00165217 0.04021396
v -0.00629435 -0.00092181 0.03992253
v -0.00643544 -0.00131918 0.04015845
v -0.00661090 -0.00120687 0.04024766
v -0.00641182 -0.00101623 0.04002661
v -0.00609399 -0.00066393 0.03986802
v -0.00631325 -0.00066393 0.03991163
v -0.00647796 -0.00066393 0.04001968
v -0.00660768 -0.00153700 0.04055693
v -0.00664826 -0.00131918 0.04044393
v -0.00674941 -0.00099334 0.04043897
v -0.00665170 -0.00099334 0.04020603
v -0.00631260 -0.00033452 0.03991064
v -0.00630616 -0.00000546 0.03991262
v -0.00628683 0.00022237 0.03992352
v -0.00667017 -0.00066393 0.04018422
v -0.00659973 -0.00184602 0.04089693
v -0.00663624 -0.00164895 0.04077897
v -0.00673395 -0.00132275 0.04076807
v -0.00692723 -0.00053481 0.04058568
v -0.00647066 -0.00000546 0.04006726
v -0.00659737 0.00051637 0.04026451
v -0.00655270 0.00073598 0.04030020
v -0.00660059 0.00151427 0.04059163
v -0.00692723 -0.00040856 0.04058568
v -0.00691971 0.00050242 0.04060055
v -0.00661068 -0.00200268 0.04115961
v -0.00662614 -0.00191934 0.04109716
v -0.00671162 -0.00165217 0.04109716
v -0.00694377 -0.00065249 0.04079582
v -0.00691928 -0.00083454 0.04092469
v -0.00700304 -0.00000546 0.04077203
v -0.00707176 -0.00033452 0.04109716
v -0.00710182 -0.00000546 0.04109716
v -0.00689738 0.00072203 0.04063128
v -0.00669358 0.00098277 0.04050539
v -0.00685829 0.00098277 0.04068679
v -0.00743856 0.00164160 0.04472117
v -0.00698607 0.00031107 0.04073635
v -0.00697662 0.00062868 0.04075221
v -0.00665342 -0.00200268 0.04136282
v -0.00692787 -0.00119578 0.04153331
v -0.00726697 -0.00188358 0.04446245
v -0.00699831 -0.00066393 0.04109716
v -0.00735437 -0.00132275 0.04406199
v -0.00710955 0.00032395 0.04109716
v -0.00737757 -0.00099334 0.04373290
v -0.00724700 -0.00017178 0.04191891
v -0.00725773 -0.00000546 0.04185745
v -0.00725258 0.00042767 0.04156008
v -0.00695944 0.00098277 0.04085133
v -0.00693174 0.00119487 0.04090585
v -0.00742288 0.00164160 0.04439108
v -0.00757858 0.00053604 0.04417103
v -0.00800100 -0.00066393 0.04999363
v -0.00792648 -0.00191720 0.04966057
v -0.00710118 0.00065336 0.04109716
v -0.00705887 0.00098277 0.04109716
v -0.00737134 -0.00165217 0.04472117
v -0.00730820 -0.00167828 0.04436829
v -0.00727749 -0.00200268 0.04475190
v -0.00740291 -0.00132275 0.04439108
v -0.00725151 0.00065336 0.04156603
v -0.00742073 -0.00099334 0.04406199
v -0.00738616 -0.00066393 0.04340281
v -0.00729553 -0.00000546 0.04208544
v -0.00734922 -0.00000546 0.04241453
v -0.00727341 0.00032001 0.04173949
v -0.00732968 0.00032395 0.04208544
v -0.00737929 0.00032395 0.04241453
v -0.00728136 0.00065336 0.04175634
v -0.00698435 0.00130753 0.04108626
v -0.00694527 0.00164160 0.04120620
v -0.00694377 0.00165125 0.04120918
v -0.00739346 0.00164160 0.04406199
v -0.00741644 0.00131218 0.04373290
v -0.00740076 0.00098277 0.04307371
v -0.00740613 0.00065336 0.04274462
v -0.00736855 0.00065336 0.04241453
v -0.00741816 0.00032395 0.04274462
v -0.00757858 0.00045271 0.04417103
v -0.00801882 -0.00099334 0.04999065
v -0.00801882 -0.00098941 0.04999363
v -0.00796578 -0.00165217 0.04999065
v -0.00795719 -0.00165217 0.04966057
v -0.00791810 -0.00189538 0.04942663
v -0.00724743 0.00082111 0.04158882
v -0.00739668 -0.00000546 0.04274462
v -0.00739153 -0.00033452 0.04307371
v -0.00732710 0.00065336 0.04208544
v -0.00700884 0.00164160 0.04142725
v -0.00735373 0.00164160 0.04373290
v -0.00738272 0.00131218 0.04340281
v -0.00736382 0.00098277 0.04274462
v -0.00797651 -0.00132275 0.04966057
v -0.00799756 -0.00132275 0.04999065
v -0.00706145 0.00164160 0.04175634
v -0.00733999 0.00131218 0.04307371
v -0.00726740 0.00123457 0.04241453
v -0.00725258 0.00117234 0.04220835
v -0.00733333 0.00165125 0.04360701
v -0.00725795 0.00151820 0.04283086
v -0.00728823 0.00133364 0.04273074
v -0.00729210 0.00165125 0.04331955
v 0.00731140 -0.00392030 0.05031990
v 0.00740222 -0.00362879 0.04966055
v 0.00740732 -0.00362879 0.04998966
v 0.00730498 -0.00389500 0.04966055
v 0.00730951 -0.00390786 0.04998966
v 0.00726552 -0.00283915 0.04076785
v 0.00728232 -0.00286873 0.04109696
v 0.00760520 -0.00292403 0.04966055
v 0.00761313 -0.00296904 0.05038865
v 0.00737428 -0.00264067 0.04109696
v 0.00586337 -0.00468721 0.03945029
v 0.00627631 -0.00414793 0.03956863
v 0.00659805 -0.00380755 0.03991239
v 0.00698815 -0.00325626 0.04043874
v 0.00724947 -0.00281129 0.04059428
v 0.00734161 -0.00263982 0.04076672
v 0.00734142 -0.00264067 0.04076785
v 0.00760954 -0.00294161 0.04998966
v 0.00737446 -0.00263982 0.04109583
v 0.00594796 -0.00448144 0.03926094
v 0.00597912 -0.00452260 0.03945029
v 0.00623156 -0.00407334 0.03934885
v 0.00662562 -0.00353319 0.03953482
v 0.00655803 -0.00375311 0.03969261
v 0.00665734 -0.00363736 0.03979405
v 0.00694755 -0.00319753 0.04010963
v 0.00692168 -0.00314523 0.03992930
v 0.00575952 -0.00455346 0.03911892
v 0.00584374 -0.00428768 0.03903665
v 0.00600517 -0.00428768 0.03920120
v 0.00629180 -0.00385385 0.03925079
v 0.00656463 -0.00329956 0.03931616
v 0.00667396 -0.00329956 0.03948072
v 0.00688298 -0.00297033 0.03969712
v 0.00695643 -0.00297033 0.03986167
v 0.00682916 -0.00327298 0.03980419
v 0.00590529 -0.00407934 0.03897917
v 0.00596326 -0.00385985 0.03892845
v 0.00635052 -0.00362879 0.03921022
v 0.00690450 -0.00273455 0.03962949
v 0.00639999 -0.00329956 0.03918655
v 0.00656501 -0.00297033 0.03929700
v 0.00578313 -0.00396488 0.03887435
v 0.00598233 -0.00362879 0.03892056
v 0.00626234 -0.00577325 0.06933718
v 0.00594553 -0.00611612 0.06909477
v 0.00668302 -0.00525536 0.06942376
v 0.00656549 -0.00541998 0.06942376
v 0.00655799 -0.00540958 0.06975275
v 0.00625580 -0.00576715 0.06955650
v 0.00593187 -0.00610177 0.06963924
v 0.00593726 -0.00610751 0.06942376
v 0.00717987 -0.00431033 0.05394403
v 0.00718180 -0.00431499 0.05427301
v 0.00718353 -0.00431893 0.05460392
v 0.00718488 -0.00432252 0.05493291
v 0.00718603 -0.00432611 0.05526190
v 0.00718680 -0.00432933 0.05559089
v 0.00718718 -0.00433220 0.05592180
v 0.00720777 -0.00439353 0.06975275
v 0.00695347 -0.00483610 0.06975275
v 0.00684422 -0.00500108 0.06975275
v 0.00667956 -0.00524496 0.06975275
v 0.00640603 -0.00556523 0.07004325
v 0.00624022 -0.00575316 0.07004325
v 0.00731299 -0.00393339 0.05065030
v 0.00731472 -0.00394164 0.05097929
v 0.00725470 -0.00414104 0.05361504
v 0.00725874 -0.00415001 0.05427301
v 0.00726047 -0.00415431 0.05460392
v 0.00726220 -0.00415790 0.05493291
v 0.00726374 -0.00416149 0.05526190
v 0.00726528 -0.00416471 0.05559089
v 0.00726990 -0.00417225 0.05657977
v 0.00727124 -0.00417440 0.05690876
v 0.00728490 -0.00422891 0.06975275
v 0.00720565 -0.00437416 0.07004325
v 0.00727663 -0.00418014 0.05921552
v 0.00667129 -0.00523169 0.07004325
v 0.00665628 -0.00525213 0.07004325
v 0.00758574 -0.00316732 0.05131020
v 0.00758825 -0.00317521 0.05163919
v 0.00759229 -0.00318919 0.05229716
v 0.00734722 -0.00395849 0.05460392
v 0.00735011 -0.00395849 0.05493291
v 0.00735261 -0.00395849 0.05526190
v 0.00735492 -0.00395849 0.05559089
v 0.00736069 -0.00395849 0.05657977
v 0.00736242 -0.00395849 0.05690876
v 0.00737242 -0.00395849 0.05954451
v 0.00737358 -0.00395849 0.05987350
v 0.00737473 -0.00395849 0.06052955
v 0.00737512 -0.00395849 0.06086046
v 0.00737531 -0.00395849 0.06118945
v 0.00737704 -0.00395849 0.06909477
v 0.00737685 -0.00395849 0.06942376
v 0.00737588 -0.00395849 0.06975275
v 0.00737435 -0.00395849 0.06020248
v 0.00770347 -0.00264082 0.05097929
v 0.00762806 -0.00297006 0.05097929
v 0.00758209 -0.00315548 0.05097929
v 0.00763595 -0.00297006 0.05131020
v 0.00764114 -0.00297006 0.05163919
v 0.00764403 -0.00297006 0.05196818
v 0.00759363 -0.00319457 0.05262615
v 0.00759421 -0.00319852 0.05295706
v 0.00759517 -0.00320641 0.05361504
v 0.00760190 -0.00323797 0.05756866
v 0.00760133 -0.00323940 0.05789765
v 0.00759806 -0.00322004 0.06975275
v 0.00759209 -0.00319350 0.07004325
v 0.00770962 -0.00263975 0.05130828
v 0.00770943 -0.00264082 0.05131020
v 0.00757863 -0.00314400 0.05071956
v 0.00764614 -0.00297006 0.05229716
v 0.00764807 -0.00297006 0.05262615
v 0.00760152 -0.00323474 0.05723775
v 0.00766019 -0.00297006 0.05657977
v 0.00766057 -0.00297006 0.05690876
v 0.00766057 -0.00297006 0.05723775
v 0.00764922 -0.00297006 0.05295706
v 0.00764980 -0.00297006 0.06975275
v 0.00771135 -0.00264082 0.05163919
v 0.00770847 -0.00263975 0.06975275
v 0.00772366 -0.00264082 0.05625078
v 0.00772443 -0.00264082 0.05657977
v -0.00528407 0.00675680 0.06975400
v -0.00527518 0.00675032 0.06993727
v -0.00659246 0.00576698 0.05174576
v -0.00660066 0.00577882 0.05229756
v -0.00659690 0.00577391 0.05196729
v -0.00471860 0.00714352 0.06975400
v -0.00544852 0.00663899 0.06975400
v -0.00528852 0.00675993 0.06942373
v -0.00566937 0.00647425 0.06975400
v -0.00699622 0.00491753 0.07001581
v -0.00623963 0.00607099 0.04966138
v -0.00635724 0.00590646 0.04966138
v -0.00635348 0.00588992 0.04944186
v -0.00625194 0.00608172 0.05196729
v -0.00642322 0.00593195 0.05196729
v -0.00691759 0.00510083 0.06959692
v -0.00664100 0.00549627 0.06975400
v -0.00649741 0.00566102 0.06975400
v -0.00633263 0.00583650 0.06975400
v -0.00617297 0.00600124 0.06975400
v -0.00600818 0.00616711 0.06975400
v -0.00583382 0.00633185 0.06975400
v -0.00567006 0.00647604 0.06942373
v -0.00545296 0.00664078 0.06942373
v -0.00567963 0.00642574 0.07001581
v -0.00697331 0.00495442 0.07001581
v -0.00690767 0.00509413 0.06981643
v -0.00699724 0.00496492 0.06972581
v -0.00622493 0.00605444 0.04944186
v -0.00660511 0.00552377 0.07001581
v -0.00595382 0.00618119 0.07001581
v 0.00543488 -0.00428765 0.03882168
v 0.00421108 -0.00547580 0.03893020
v 0.00569838 -0.00490252 0.03945026
v 0.00567880 -0.00428765 0.03889597
v 0.00543158 -0.00460222 0.03888261
v 0.00510298 -0.00494367 0.03886342
v 0.00476227 -0.00493024 0.03883503
v 0.00444709 -0.00527589 0.03887177
v 0.00444709 -0.00546824 0.03893562
v 0.00411760 -0.00585463 0.03919858
v 0.00378812 -0.00587101 0.03920400
v 0.00351252 -0.00790922 0.04274386
v 0.00489622 -0.00605077 0.04010890
v 0.00555431 -0.00506715 0.03945026
v 0.00565549 -0.00484624 0.03922070
v 0.00561942 -0.00448253 0.03894147
v 0.00531963 -0.00483196 0.03892435
v 0.00499146 -0.00515703 0.03891851
v 0.00474468 -0.00527043 0.03888512
v 0.00461425 -0.00544178 0.03895482
v 0.00444709 -0.00563288 0.03907587
v 0.00444709 -0.00581305 0.03924073
v 0.00411760 -0.00601969 0.03937972
v 0.00378812 -0.00619146 0.03950786
v 0.00378812 -0.00603565 0.03934299
v 0.00378812 -0.00778574 0.04252390
v 0.00395572 -0.00774752 0.04257691
v 0.00378812 -0.00782480 0.04274386
v 0.00396826 -0.00775382 0.04274386
v 0.00473148 -0.00620238 0.04010890
v 0.00494615 -0.00577609 0.03960010
v 0.00504359 -0.00561188 0.03947405
v 0.00553935 -0.00470218 0.03900115
v 0.00574721 -0.00459214 0.03913096
v 0.00533480 -0.00517971 0.03921986
v 0.00543708 -0.00494872 0.03911051
v 0.00521097 -0.00505119 0.03900032
v 0.00500554 -0.00550688 0.03922821
v 0.00483354 -0.00537668 0.03900867
v 0.00473962 -0.00558416 0.03913931
v 0.00464548 -0.00578491 0.03926995
v 0.00411760 -0.00615828 0.03954417
v 0.00378812 -0.00649806 0.03986347
v 0.00370828 -0.00679415 0.04022535
v 0.00392801 -0.00673871 0.04030799
v 0.00436571 -0.00647118 0.04018486
v 0.00467056 -0.00614484 0.03986306
v 0.00486521 -0.00572612 0.03938056
v 0.00456762 -0.00607765 0.03964351
v 0.00434811 -0.00612469 0.03958424
v 0.00403600 -0.00646446 0.03990104
v 0.00425573 -0.00641028 0.03996532
v 0.00115314 -0.00819844 0.04472036
v 0.00148243 -0.00827572 0.04472036
v 0.00181172 -0.00821052 0.04340309
v 0.00148243 -0.00822454 0.04406172
v 0.00148243 -0.00826056 0.04439104
v 0.00181172 -0.00824289 0.04373240
v 0.00181172 -0.00825019 0.04406172
v 0.00214101 -0.00821941 0.04340309
v 0.00179797 -0.00814089 0.04306668
v 0.00275388 -0.00810259 0.04307312
v 0.00345850 -0.00792563 0.04274371
v 0.00312920 -0.00795789 0.04241430
v 0.00351252 -0.00620312 0.03950584
v 0.00345850 -0.00620536 0.03950549
v 0.00319378 -0.00617087 0.03954810
v 0.00189836 -0.00810617 0.04283645
v 0.00214101 -0.00820025 0.04307312
v 0.00214101 -0.00820159 0.04309604
v 0.00247030 -0.00815948 0.04307312
v 0.00275707 -0.00809654 0.04274371
v 0.00270113 -0.00808422 0.04254678
v 0.00279959 -0.00791287 0.04208490
v 0.00302562 -0.00778049 0.04185968
v 0.00313272 -0.00783671 0.04208418
v 0.00330696 -0.00742456 0.04124705
v 0.00345850 -0.00637000 0.03968165
v 0.00312920 -0.00651201 0.03984528
v 0.00279959 -0.00648200 0.03988323
v 0.00260234 -0.00644593 0.03992835
v 0.00181172 -0.00778362 0.04217871
v 0.00214421 -0.00781991 0.04206556
v 0.00215955 -0.00799418 0.04244116
v 0.00228168 -0.00807997 0.04256862
v 0.00215955 -0.00811894 0.04273369
v 0.00247030 -0.00808534 0.04254714
v 0.00247030 -0.00812790 0.04274371
v 0.00247030 -0.00801814 0.04238244
v 0.00247030 -0.00788375 0.04208490
v 0.00279959 -0.00779460 0.04183247
v 0.00312920 -0.00743666 0.04122629
v 0.00312920 -0.00734527 0.04106158
v 0.00345850 -0.00694813 0.04043821
v 0.00351252 -0.00651156 0.03984922
v 0.00345850 -0.00651403 0.03984635
v 0.00345850 -0.00667866 0.04003863
v 0.00312920 -0.00667687 0.04004400
v 0.00261321 -0.00709507 0.04059253
v 0.00259754 -0.00677655 0.04025453
v 0.00196613 -0.00709171 0.04092696
v 0.00181172 -0.00768887 0.04201400
v 0.00203679 -0.00772426 0.04194275
v 0.00229926 -0.00741896 0.04125779
v 0.00225642 -0.00775630 0.04190122
v 0.00247030 -0.00777645 0.04186362
v 0.00247030 -0.00743509 0.04122844
v 0.00279959 -0.00744741 0.04120695
v 0.00312121 -0.00716338 0.04073898
v 0.00345850 -0.00681261 0.04020333
v 0.00351252 -0.00680858 0.04020799
v 0.00312920 -0.00681015 0.04020870
v 0.00214101 -0.00712486 0.04088041
v 0.00239357 -0.00704892 0.04064910
v 0.00279959 -0.00709507 0.04059217
v 0.00279959 -0.00719676 0.04076762
v 0.00279959 -0.00735378 0.04104225
v 0.00217010 -0.00729218 0.04112782
v 0.00189836 -0.00744584 0.04154316
v 0.00300580 -0.00708969 0.04059933
v 0.00535592 -0.00743832 0.04636737
v 0.00552066 -0.00738119 0.04636737
v 0.00569090 -0.00721667 0.04636737
v 0.00568584 -0.00714844 0.04570906
v 0.00570058 -0.00718761 0.04603822
v 0.00561524 -0.00677108 0.04419238
v 0.00564405 -0.00711286 0.04545358
v 0.00564647 -0.00679948 0.04439109
v 0.00568430 -0.00684061 0.04472092
f 1052 1068 2369
f 2374 1734 2369
f 1757 1772 1773
f 835 829 828
f 2440 2437 2439
f 2439 2437 2342
f 2342 2437 2344
f 2343 2437 2436
f 2343 2344 2437
f 2342 2344 2343
f 1734 1743 1741
f 2438 2437 2440
f 1709 2437 2438
f 1020 1014 1034
f 1639 1664 1665
f 1652 1651 1681
f 2203 2438 2206
f 2211 2438 2440
f 2212 2438 2211
f 2225 2211 2440
f 1734 1741 1739
f 2369 1068 1067
f 1067 1066 2369
f 1068 1052 1067
f 1122 1138 2369
f 1206 1207 467
f 1709 1227 1196
f 1226 1227 1709
f 2437 1730 1729
f 1732 2436 1729
f 2436 2437 1729
f 1802 1830 1831
f 1762 1773 1784
f 1784 1775 1762
f 1771 1772 1757
f 1757 1770 1771
f 1770 1794 1771
f 1769 1770 1757
f 1672 1673 1645
f 1667 1669 1691
f 1691 1687 1667
f 1673 1687 1691
f 1138 1137 1144
f 1143 2368 1144
f 1134 1133 1132
f 1134 1114 1133
f 1121 1137 1138
f 1138 1122 1121
f 1121 1120 1137
f 1096 1120 1121
f 1301 1280 1279
f 462 459 479
f 504 505 477
f 1527 1528 1515
f 1528 1527 1546
f 1546 1527 1545
f 1547 1545 1556
f 1547 1546 1545
f 1877 1876 1889
f 1813 992 1782
f 1019 995 1813
f 1813 1782 1019
f 958 981 982
f 2323 2053 994
f 995 964 994
f 995 994 2060
f 2060 994 2053
f 995 2069 1941
f 2342 2441 2442
f 2442 2439 2342
f 2441 2439 2442
f 2361 2362 2342
f 2323 994 2322
f 2322 994 964
f 963 991 1760
f 1760 1754 963
f 1038 1020 1034
f 889 974 1005
f 1673 1691 1694
f 1695 1694 1681
f 838 1694 1695
f 839 838 853
f 1645 1673 1674
f 1673 1694 1674
f 1674 1694 838
f 828 827 831
f 831 838 839
f 1645 1674 830
f 830 1674 838
f 838 831 830
f 1013 1014 987
f 1031 1044 1757
f 1757 1038 1031
f 1031 1038 1034
f 987 1014 999
f 1014 1020 999
f 1760 1783 1761
f 1761 1754 1760
f 977 978 958
f 958 978 979
f 2162 2163 2440
f 1665 1658 1685
f 1655 1652 1681
f 1633 1652 1655
f 1681 1684 1655
f 1599 2284 1620
f 1599 1620 1621
f 1281 1305 1282
f 1667 1670 1282
f 1644 1672 1645
f 1645 830 826
f 826 1644 1645
f 826 831 827
f 826 830 831
f 1248 1249 1245
f 1331 1336 1311
f 1330 1331 1307
f 1662 1639 1638
f 1639 2284 1638
f 1740 1739 1741
f 2369 1734 1727
f 1727 294 2369
f 1721 1052 2369
f 2369 294 1721
f 296 1739 297
f 1051 1067 1052
f 1066 1067 1051
f 1052 1708 7
f 343 356 344
f 2 1206 9
f 1159 350 336
f 1216 1196 1227
f 1227 1226 1216
f 1228 1707 1201
f 1201 1226 1228
f 1709 1707 1228
f 1228 1226 1709
f 1200 1226 1201
f 1163 1162 1184
f 1151 1162 1163
f 1190 1163 1189
f 1262 1268 1259
f 1271 1268 1262
f 1713 2437 1709
f 1726 1730 2437
f 1712 1713 1709
f 1712 302 303
f 1738 1741 1743
f 1732 1729 1738
f 1738 1742 1732
f 1738 1744 1742
f 1743 1744 1738
f 1824 1794 1823
f 696 701 718
f 677 678 660
f 696 718 697
f 1830 1802 1798
f 1784 1773 1798
f 1798 1773 1772
f 1757 1773 1774
f 1774 1762 1757
f 1773 1762 1774
f 1806 1828 1807
f 1806 1805 1828
f 1807 1781 1806
f 1806 1781 1805
f 696 697 675
f 1809 1824 1837
f 1794 1824 1809
f 1797 1798 1772
f 1828 1798 1797
f 1840 1820 1819
f 1819 1820 1791
f 1791 1818 1819
f 1791 1820 1792
f 1770 1769 1792
f 1792 1769 1791
f 1792 1966 1770
f 1840 1819 1839
f 1839 1819 1818
f 1789 992 1813
f 1837 1824 2298
f 2298 1824 1823
f 264 274 263
f 1903 1904 1883
f 1883 1904 1885
f 1885 1904 1907
f 1907 1930 1908
f 1917 1930 1907
f 1908 1930 1931
f 528 827 828
f 528 826 827
f 1325 543 1324
f 1693 1687 1673
f 1673 1672 1693
f 1693 1672 1687
f 1138 1144 1139
f 1139 1144 2368
f 2369 1138 1139
f 1139 2368 2369
f 1136 1144 1137
f 1137 1120 1136
f 1098 1121 2369
f 1099 1122 2369
f 2369 1121 1099
f 1099 1121 1122
f 1114 1134 92
f 1096 51 89
f 1133 1114 1130
f 1114 1111 1130
f 1088 1111 1089
f 1064 1063 1089
f 1089 1063 1088
f 1089 1111 1114
f 1513 1063 1514
f 1515 1514 1522
f 1522 1063 1515
f 1514 1063 1522
f 1113 1111 1088
f 1113 1130 1111
f 1132 1133 1113
f 1133 1130 1113
f 1142 2368 1143
f 2052 2053 2323
f 788 757 787
f 786 806 787
f 787 806 788
f 788 806 807
f 752 785 786
f 722 747 748
f 677 701 702
f 740 733 715
f 684 714 715
f 771 190 188
f 197 190 757
f 200 190 199
f 1301 1279 1278
f 453 1207 1278
f 461 451 450
f 481 479 510
f 1877 1889 474
f 1876 475 474
f 474 1889 1876
f 474 458 457
f 1545 1527 1544
f 1515 1524 1525
f 1515 1063 1053
f 1053 1049 1515
f 502 476 498
f 1878 1869 1877
f 1873 1872 1878
f 1872 1869 1878
f 502 504 503
f 503 476 502
f 503 504 477
f 477 476 503
f 264 263 243
f 477 264 243
f 243 476 477
f 243 263 244
f 1881 1880 1898
f 1881 1900 1901
f 30 55 1556
f 1541 2110 1540
f 1556 1553 1552
f 1552 1547 1556
f 1849 1541 1552
f 1552 1548 1547
f 993 1782 992
f 993 1019 1782
f 992 1018 993
f 993 1018 1019
f 1008 982 981
f 2061 2060 2053
f 2316 2322 964
f 997 2316 964
f 2443 2439 2441
f 2170 2443 2441
f 2171 2443 2170
f 2440 2439 2164
f 2327 2343 2436
f 2436 2378 2327
f 2342 2343 2327
f 2327 2378 2342
f 2369 2368 2372
f 2372 2368 1123
f 1123 2371 2372
f 2342 2362 2345
f 2345 2441 2342
f 2345 2328 2441
f 2362 2363 2346
f 2346 2345 2362
f 2328 2345 2346
f 2329 2318 2441
f 2441 2328 2329
f 2328 2346 2329
f 2329 2346 2347
f 2360 2361 2342
f 2362 2361 2367
f 2367 2359 2366
f 2367 2360 2359
f 2361 2360 2367
f 2322 2316 2321
f 1757 1762 1756
f 1756 1751 1757
f 1756 1752 1751
f 958 974 975
f 1681 1651 1680
f 1680 1679 1681
f 837 835 828
f 1699 844 839
f 1681 1694 1702
f 838 1695 1696
f 1696 853 838
f 1696 1695 1681
f 1701 1696 1681
f 853 1696 1701
f 951 928 927
f 952 928 951
f 951 958 952
f 958 934 952
f 988 987 966
f 958 987 988
f 959 934 958
f 958 936 959
f 945 939 922
f 966 939 945
f 951 927 950
f 950 927 926
f 903 950 926
f 951 950 903
f 986 958 985
f 986 987 958
f 982 1008 1009
f 987 999 967
f 966 987 967
f 967 939 966
f 939 967 965
f 965 967 999
f 1021 1761 1783
f 1764 1038 1757
f 1757 1761 1764
f 1754 1761 1755
f 1757 1751 1755
f 1755 1761 1757
f 980 981 958
f 958 979 980
f 980 979 981
f 981 979 1006
f 1019 1018 1006
f 1614 1619 1632
f 1662 1638 1661
f 1636 1632 1619
f 1653 1632 1636
f 1654 1653 1636
f 1692 1691 1669
f 1686 1666 1665
f 1665 1685 1686
f 1685 1692 1686
f 1669 1666 1686
f 1686 1692 1669
f 1657 1685 1658
f 1684 1685 1657
f 1657 1658 1633
f 1633 1655 1656
f 1656 1655 1684
f 1656 1657 1633
f 1684 1657 1656
f 1596 1597 1580
f 1590 1591 1572
f 1571 1590 1572
f 1568 1584 1569
f 1569 1584 1570
f 1357 1331 1358
f 1336 1331 1357
f 1340 1373 1374
f 1640 2284 1639
f 1640 1620 2284
f 1640 1639 1665
f 1665 1666 1640
f 1642 1621 1641
f 1641 1621 1620
f 1641 1640 1642
f 1620 1640 1641
f 1316 1318 1301
f 1316 1315 1340
f 1281 1282 1263
f 1263 1282 1670
f 1670 1644 1263
f 1667 1282 1668
f 1668 1282 1305
f 1643 1621 1642
f 1642 1640 1643
f 1643 1640 1666
f 1643 1669 1667
f 1643 1666 1669
f 1667 1668 1643
f 1329 1637 1621
f 1329 1668 1305
f 1329 1643 1668
f 1621 1643 1329
f 2236 2233 2249
f 2236 2249 2234
f 1248 1253 1255
f 1262 1259 1255
f 1248 1245 1247
f 1247 1253 1248
f 1262 1255 1261
f 1300 1316 1301
f 1315 1316 1300
f 1301 1278 1300
f 1300 1278 1207
f 1358 1331 1363
f 1308 1309 1289
f 1314 1331 1311
f 1314 1307 1331
f 2282 2284 1599
f 2163 2162 2160
f 2275 2265 2274
f 297 1739 305
f 305 306 297
f 1052 1721 290
f 290 1721 294
f 294 1727 1733
f 1733 1727 1734
f 291 296 297
f 292 288 291
f 291 290 294
f 1096 1066 1095
f 6 7 284
f 284 7 282
f 282 7 1708
f 334 323 338
f 354 343 342
f 342 353 354
f 312 325 326
f 326 325 342
f 326 343 344
f 342 343 326
f 79 78 121
f 74 76 73
f 314 301 310
f 315 301 314
f 310 301 298
f 292 291 298
f 298 297 310
f 298 291 297
f 311 325 312
f 1206 467 468
f 468 9 1206
f 468 467 2
f 2 9 468
f 2 3 1
f 1 348 2
f 356 1229 1203
f 1203 348 356
f 2 348 1203
f 1203 1204 2
f 1174 1194 1208
f 2208 2209 2203
f 2222 1202 2208
f 1201 1707 2223
f 1707 2209 2223
f 2209 2208 2223
f 2223 1202 1201
f 2223 2208 1202
f 2204 2438 2203
f 1170 1200 1201
f 1201 1202 1170
f 1170 1202 2222
f 1214 1216 1226
f 1226 1200 1214
f 1189 1216 1214
f 1214 1200 1249
f 1150 1154 1155
f 1155 1151 1150
f 1189 1163 1188
f 1163 1184 1188
f 1165 1194 1174
f 1223 1224 1193
f 1163 1192 1193
f 1215 1190 1189
f 1215 1259 1268
f 1189 1214 1215
f 1163 1190 1191
f 1190 1215 1191
f 1191 1192 1163
f 1220 1193 1191
f 1191 1193 1192
f 1268 1271 1285
f 317 1151 332
f 317 302 1151
f 1718 1717 2437
f 2437 1713 1718
f 1718 1712 1717
f 1713 1712 1718
f 2437 1717 1720
f 1720 1726 2437
f 1717 1726 1720
f 1152 1712 1709
f 1148 1712 1150
f 302 1712 1148
f 1150 1151 1148
f 1723 1729 1730
f 1724 1723 1730
f 1159 336 335
f 336 323 335
f 335 1151 1159
f 332 1151 331
f 331 323 332
f 1151 335 331
f 331 335 323
f 324 323 334
f 324 314 310
f 700 701 677
f 1829 1828 1830
f 1830 1798 1829
f 1829 1798 1828
f 1784 1798 1800
f 1800 1775 1784
f 1831 1830 1844
f 1844 1845 1831
f 1830 1828 1844
f 1846 1833 1831
f 1831 1845 1846
f 676 675 697
f 677 660 676
f 696 717 719
f 719 720 696
f 696 675 695
f 695 717 696
f 1831 1833 1832
f 1833 1803 1832
f 1799 1832 1803
f 1831 1832 1799
f 1799 1802 1831
f 1775 1802 1799
f 1834 1803 1833
f 1833 717 1834
f 2285 1781 1810
f 1781 1809 1810
f 2285 1809 2292
f 2292 1809 1837
f 1837 2298 2292
f 2292 2298 2308
f 1808 1781 1807
f 1808 1809 1781
f 1808 1827 1809
f 1807 1828 1808
f 1828 1797 1808
f 1797 1827 1808
f 1805 1781 1779
f 722 701 721
f 721 720 722
f 721 701 696
f 696 720 721
f 722 720 744
f 746 747 722
f 746 775 747
f 777 798 799
f 1772 1771 1796
f 1796 1797 1772
f 1966 1792 1821
f 1821 1820 1840
f 1821 1792 1820
f 1814 1786 992
f 1791 1769 1768
f 1768 1769 1757
f 1770 1966 1793
f 1966 1954 1793
f 1793 1954 1823
f 1823 1794 1793
f 1793 1794 1770
f 2285 2292 2291
f 2291 2292 2308
f 2308 2298 2307
f 2079 2070 2074
f 2070 2079 2080
f 1840 1839 1953
f 274 255 273
f 211 225 226
f 261 269 250
f 213 226 225
f 213 214 200
f 228 214 213
f 225 227 213
f 213 227 228
f 229 252 231
f 219 205 217
f 216 231 217
f 1898 1880 1897
f 1897 1881 1898
f 1900 1881 1897
f 1904 1926 1927
f 1917 1907 1927
f 1927 1907 1904
f 1936 1930 1917
f 1899 1914 1917
f 1912 1893 244
f 2119 2118 2143
f 2101 2118 2119
f 1873 1878 1870
f 1880 1881 1870
f 1887 1884 1874
f 1905 1884 1887
f 526 528 533
f 526 527 1281
f 1687 1672 1688
f 1672 1689 1688
f 1667 1687 1688
f 1688 1689 1667
f 1690 1670 1667
f 1667 1689 1690
f 1672 1644 1671
f 1671 1689 1672
f 1671 1690 1689
f 1671 1644 1670
f 1670 1690 1671
f 1147 1134 1132
f 1147 1136 1134
f 1132 1144 1145
f 1145 1136 1132
f 1144 1136 1145
f 1134 1136 1119
f 1119 1136 1120
f 1119 1120 1096
f 1096 89 1119
f 1119 92 1134
f 1121 1098 1097
f 1097 1066 1096
f 1096 1121 1097
f 2369 1066 1097
f 1097 1098 2369
f 1112 1113 1088
f 1533 1534 1515
f 1404 1419 2049
f 730 706 705
f 808 807 802
f 802 821 808
f 808 821 809
f 788 807 808
f 780 781 747
f 799 781 780
f 802 781 239
f 784 785 747
f 747 783 784
f 784 783 785
f 803 781 802
f 802 783 803
f 785 783 805
f 805 806 786
f 786 785 805
f 661 660 679
f 679 660 678
f 705 706 679
f 679 678 677
f 707 706 714
f 724 702 727
f 727 748 747
f 704 679 677
f 705 679 704
f 740 771 761
f 771 762 761
f 761 733 740
f 740 757 767
f 757 190 767
f 770 190 771
f 770 769 190
f 770 771 740
f 740 769 770
f 191 188 190
f 789 757 788
f 788 808 789
f 789 808 809
f 198 197 211
f 190 197 198
f 198 199 190
f 512 480 481
f 512 513 482
f 482 480 512
f 464 480 482
f 464 451 461
f 481 480 463
f 463 464 461
f 480 464 463
f 463 479 481
f 462 479 463
f 463 450 462
f 461 450 463
f 453 187 452
f 187 451 452
f 482 2 465
f 2 451 465
f 465 464 482
f 451 464 465
f 460 459 462
f 462 450 460
f 495 494 513
f 495 512 481
f 513 512 495
f 523 504 502
f 505 504 523
f 471 490 472
f 494 495 471
f 486 491 471
f 502 498 497
f 497 498 474
f 472 490 496
f 496 474 472
f 496 497 474
f 496 523 502
f 502 497 496
f 457 472 473
f 473 474 457
f 472 474 473
f 1554 474 1553
f 458 474 1554
f 1553 1558 1554
f 1558 458 1554
f 447 446 457
f 457 458 447
f 448 56 447
f 456 472 457
f 457 446 456
f 446 455 456
f 456 471 472
f 455 471 456
f 1526 1544 1527
f 1526 1527 1515
f 1515 1525 1526
f 1526 1525 1524
f 1877 474 500
f 499 1878 1877
f 498 1878 499
f 1877 500 499
f 474 498 499
f 499 500 474
f 1914 1899 1895
f 1895 1899 1880
f 244 1893 223
f 223 243 244
f 1893 243 223
f 1556 1545 1555
f 1555 30 1556
f 1545 1544 1555
f 1544 30 1555
f 54 30 1544
f 94 55 54
f 55 30 54
f 97 55 94
f 1861 1869 1872
f 1861 1857 1869
f 1856 1857 1849
f 1557 1553 1556
f 1557 1558 1553
f 1556 55 1557
f 55 56 1557
f 134 159 135
f 1546 1547 1529
f 1515 1528 1529
f 1528 1546 1529
f 1849 1857 1850
f 1850 1541 1849
f 1551 1541 1540
f 1551 1552 1541
f 1548 1552 1551
f 1553 474 1542
f 1542 1552 1553
f 1542 474 475
f 475 1552 1542
f 485 491 486
f 65 34 35
f 1064 169 178
f 2 19 10
f 327 21 22
f 327 313 312
f 312 326 327
f 4 21 327
f 118 121 76
f 1007 1008 981
f 981 1006 1007
f 1017 1018 992
f 996 997 964
f 995 979 996
f 996 964 995
f 1812 1941 1944
f 1812 1789 1813
f 1813 995 1812
f 995 1941 1812
f 2444 2171 2439
f 2439 2443 2444
f 2444 2443 2171
f 2180 2170 2178
f 2439 2171 2172
f 2172 2164 2439
f 1614 1632 2174
f 2174 1632 1653
f 2174 1653 1654
f 2171 2170 2182
f 2180 2178 2189
f 2189 2178 2188
f 2189 2196 2197
f 1742 1744 2377
f 2377 2387 2378
f 1732 1742 2377
f 2377 2436 1732
f 2377 2378 2436
f 2392 2360 2342
f 2359 2360 2392
f 2432 2424 2423
f 1124 1141 1125
f 1387 1054 1389
f 2433 2428 2419
f 2416 2428 2433
f 2419 2422 2421
f 2383 2397 2398
f 2398 2421 2405
f 2342 2378 2379
f 2379 2389 2390
f 2363 2356 2353
f 2354 2333 2353
f 2347 2346 2353
f 2353 2346 2363
f 2324 2335 2336
f 2335 2356 2336
f 2364 2363 2362
f 2364 2356 2363
f 2362 2367 2364
f 2364 2365 2356
f 2364 2367 2366
f 2366 2365 2364
f 1565 1580 2198
f 2319 2316 2201
f 2201 2196 2319
f 2316 997 2201
f 2188 2178 2187
f 2178 2186 2187
f 2323 2322 2334
f 2322 2321 2334
f 2324 2323 2334
f 2334 2321 2333
f 2334 2335 2324
f 2354 2335 2334
f 2334 2333 2354
f 2320 2316 2319
f 2320 2321 2316
f 2333 2321 2332
f 2321 2320 2332
f 1750 963 1754
f 1754 1755 1750
f 1751 1748 1750
f 1750 1755 1751
f 671 386 1746
f 1747 1750 1748
f 1748 1746 1747
f 963 1750 1747
f 1747 962 963
f 414 386 671
f 1752 1756 1758
f 645 1752 1758
f 939 965 941
f 684 715 711
f 711 715 733
f 534 526 533
f 533 528 535
f 828 829 535
f 535 528 828
f 829 835 832
f 998 869 852
f 998 974 1004
f 1004 869 998
f 974 869 1004
f 974 889 888
f 888 869 974
f 1650 1680 1651
f 1679 1680 1650
f 839 844 843
f 844 837 843
f 856 854 842
f 856 842 847
f 1676 1699 1700
f 853 1701 1700
f 839 853 1700
f 1700 1699 839
f 1700 1701 1681
f 1700 1678 1676
f 1681 1679 1700
f 1679 1678 1700
f 880 879 891
f 891 890 880
f 857 879 880
f 953 952 934
f 928 952 953
f 916 927 928
f 926 927 916
f 916 915 926
f 960 936 958
f 958 988 960
f 960 988 966
f 966 945 960
f 936 960 937
f 937 960 945
f 877 878 856
f 856 876 877
f 878 877 896
f 896 877 876
f 925 903 926
f 926 915 925
f 973 958 951
f 973 974 958
f 878 900 901
f 1005 974 913
f 856 878 875
f 985 958 984
f 1757 1044 1043
f 1044 1031 1043
f 1027 1009 1008
f 1014 1011 1032
f 1032 1011 1031
f 1020 1021 1000
f 1000 1021 1783
f 1000 999 1020
f 1000 965 999
f 1760 991 1000
f 1000 1783 1760
f 1020 1038 1037
f 1038 1764 1037
f 1037 1021 1020
f 1761 1021 1037
f 1037 1764 1761
f 1663 1658 1665
f 1665 1664 1663
f 1664 1639 1663
f 1663 1639 1662
f 1662 1661 1663
f 1663 1661 2257
f 1706 1692 1685
f 1598 1619 1614
f 1598 1580 1597
f 1617 1597 1596
f 1651 1652 1629
f 1572 1591 1573
f 1591 1574 1573
f 1573 1563 1572
f 1573 1574 1563
f 1563 1574 1575
f 1593 1580 1576
f 1590 1571 1589
f 1609 1585 1608
f 1570 1584 1587
f 1584 1589 1587
f 1563 2200 1562
f 1572 1563 1562
f 1562 1571 1572
f 1603 1582 1581
f 1581 1602 1603
f 1581 852 1602
f 1568 1569 1560
f 1381 1382 1353
f 1353 1382 1355
f 1375 1374 1381
f 1340 1374 1375
f 1385 1382 1381
f 1381 1374 1385
f 1301 1318 1302
f 1302 1303 584
f 532 548 543
f 527 526 532
f 532 543 1281
f 1281 527 532
f 1318 1316 1341
f 1376 1377 1341
f 1341 1316 1340
f 1340 1375 1341
f 1341 1375 1376
f 1243 1244 1245
f 2206 2221 2207
f 2221 1244 2207
f 1244 1243 2207
f 2207 1243 2222
f 2203 2206 2207
f 2207 2208 2203
f 2222 2208 2207
f 2247 2233 2246
f 2246 2265 2247
f 2267 2253 2266
f 2266 2265 2275
f 2266 2247 2265
f 2219 2438 2218
f 2236 2234 2218
f 2438 2233 2218
f 2218 2233 2236
f 2256 2234 2249
f 2249 2266 2256
f 2252 2234 2251
f 2253 2234 2252
f 2251 2266 2252
f 2252 2266 2253
f 2255 2234 2254
f 2254 2234 2253
f 2254 2253 2267
f 2225 2241 2242
f 2212 2211 2227
f 2225 2242 2227
f 2214 2215 2438
f 2438 2215 2216
f 2216 2215 2233
f 1260 1255 1259
f 1260 1214 1255
f 2205 2438 2219
f 2219 2220 2205
f 2205 2220 2221
f 2205 2206 2438
f 2205 2221 2206
f 2237 1247 1245
f 2219 2218 1264
f 2221 2220 1251
f 1252 2237 2221
f 2221 1251 1252
f 1252 1251 1257
f 1247 2237 1252
f 1253 1247 1252
f 1286 1307 1294
f 1286 1289 1307
f 1294 1307 1298
f 1298 1274 1294
f 1298 1314 1311
f 1307 1314 1298
f 1311 1295 1298
f 1298 1295 1274
f 1273 1274 1262
f 1294 1274 1273
f 1262 1274 1275
f 1275 1274 1297
f 1347 1320 1346
f 1236 1300 1207
f 1360 1331 1330
f 1330 1307 1310
f 1307 1289 1310
f 1310 1309 1330
f 1310 1289 1309
f 1308 1289 1288
f 1284 1306 1288
f 2255 1308 1288
f 1288 1306 2255
f 1330 1309 1332
f 1332 1364 1365
f 1332 1309 1599
f 1599 1364 1332
f 1359 1329 1358
f 1637 1329 1359
f 2284 2282 2280
f 1599 1309 2280
f 2280 2282 1599
f 2163 2160 2159
f 2440 2163 2159
f 2224 2159 2160
f 2224 2225 2440
f 2440 2159 2224
f 2264 2265 2246
f 2264 2274 2265
f 2272 2160 1654
f 2261 2239 2260
f 1731 1740 1741
f 1741 1735 1731
f 1739 1740 1731
f 1731 305 1739
f 320 306 1731
f 306 305 1731
f 1741 1738 1736
f 1736 1735 1741
f 1736 1738 1729
f 294 1733 295
f 295 291 294
f 296 291 295
f 1739 296 295
f 1734 1739 295
f 295 1733 1734
f 286 291 288
f 284 282 286
f 290 291 286
f 1065 1051 51
f 1066 1051 1065
f 289 6 284
f 288 6 289
f 284 286 289
f 289 286 288
f 7 6 29
f 359 353 352
f 353 338 352
f 337 336 350
f 337 323 336
f 337 338 323
f 334 338 346
f 339 325 330
f 355 354 353
f 356 343 355
f 343 354 355
f 292 298 293
f 293 298 301
f 293 73 76
f 76 121 293
f 293 288 292
f 78 288 293
f 293 121 78
f 316 301 315
f 316 311 301
f 325 311 316
f 315 330 316
f 330 325 316
f 299 311 312
f 312 313 299
f 299 313 300
f 301 311 299
f 300 293 299
f 299 293 301
f 1205 1233 1206
f 1205 1206 2
f 2 1204 1205
f 1212 1193 1225
f 1225 1193 1224
f 1234 1207 1206
f 1206 1233 1234
f 1234 1225 1224
f 1233 1208 1234
f 1204 1203 1232
f 1232 1205 1204
f 1233 1205 1232
f 1232 1208 1233
f 1231 1232 1203
f 1208 1232 1231
f 1186 1208 1194
f 1186 1211 1212
f 1162 1151 1161
f 1200 1170 1246
f 1246 1243 1245
f 1246 1170 2222
f 2222 1243 1246
f 1254 1249 1248
f 1254 1214 1249
f 1248 1255 1254
f 1255 1214 1254
f 1171 1155 1154
f 1151 1157 1158
f 1164 1151 1163
f 1163 1165 1164
f 1164 1165 1151
f 1187 1165 1163
f 1194 1165 1187
f 1163 1186 1187
f 1187 1186 1194
f 1156 1157 1151
f 1151 1165 1156
f 1174 1157 1156
f 1156 1165 1174
f 1217 1215 1268
f 1268 1191 1217
f 1217 1191 1215
f 1220 1191 1219
f 318 317 332
f 302 317 318
f 319 318 332
f 302 318 319
f 307 306 320
f 320 1731 307
f 307 1731 321
f 297 306 307
f 307 308 297
f 309 324 310
f 323 324 309
f 310 297 309
f 297 308 309
f 308 307 309
f 309 307 321
f 323 309 322
f 322 309 321
f 1150 1712 1153
f 1712 1152 1153
f 1153 1154 1150
f 1151 302 1149
f 1149 1148 1151
f 302 1148 1149
f 1717 1712 1716
f 1716 1726 1717
f 699 697 718
f 699 718 701
f 701 700 699
f 699 700 677
f 1801 1798 1802
f 1801 1800 1798
f 1801 1802 1775
f 1775 1800 1801
f 1833 1846 1843
f 1843 1846 1845
f 1843 1844 1828
f 1845 1844 1843
f 677 676 698
f 698 676 697
f 698 699 677
f 697 699 698
f 1804 719 717
f 1805 720 1804
f 720 719 1804
f 675 1834 1847
f 658 648 657
f 657 659 658
f 675 676 657
f 657 676 660
f 660 659 657
f 1803 1834 656
f 656 657 648
f 1811 1809 2285
f 2285 1810 1811
f 1811 1810 1809
f 1794 1809 1825
f 1809 1827 1825
f 1778 720 1805
f 1805 1779 1778
f 2285 2291 2286
f 772 794 773
f 772 2286 793
f 2315 794 2306
f 747 777 778
f 778 777 799
f 774 796 775
f 775 746 774
f 747 775 776
f 775 796 776
f 776 777 747
f 776 796 777
f 817 798 797
f 798 777 797
f 777 796 797
f 811 812 2314
f 2314 812 2302
f 1794 1797 1795
f 1797 1796 1795
f 1795 1771 1794
f 1795 1796 1771
f 1765 1786 1766
f 1757 1765 1766
f 1790 1789 1818
f 1790 1768 1789
f 1790 1818 1791
f 1791 1768 1790
f 2302 812 2303
f 2303 812 811
f 811 2304 2303
f 2305 2315 2306
f 2293 2307 2306
f 2293 2291 2308
f 2308 2307 2293
f 793 2286 2293
f 2293 2286 2291
f 1951 1946 1950
f 1947 1946 1953
f 1947 1839 1944
f 1947 1953 1839
f 1946 1947 1942
f 1942 1947 1944
f 1822 1821 1840
f 1966 1821 1822
f 1971 1972 1956
f 1971 1974 1972
f 1968 2298 1823
f 1981 1968 1979
f 1966 1976 1979
f 268 273 255
f 278 263 274
f 251 227 250
f 259 231 252
f 256 255 274
f 256 271 252
f 256 274 264
f 264 271 256
f 200 199 212
f 212 213 200
f 226 213 212
f 211 226 212
f 212 198 211
f 199 198 212
f 200 214 215
f 215 231 216
f 215 214 229
f 229 231 215
f 238 237 511
f 479 221 511
f 505 510 509
f 509 510 479
f 479 511 509
f 234 217 233
f 234 235 219
f 219 217 234
f 234 511 235
f 233 217 232
f 232 217 231
f 231 259 232
f 203 205 204
f 204 190 203
f 216 217 201
f 200 215 201
f 201 215 216
f 201 190 200
f 2005 2004 2017
f 1924 1926 1904
f 1940 1927 1926
f 1917 1914 1937
f 1937 1936 1917
f 1916 1899 1917
f 1917 1900 1916
f 1900 1897 1916
f 1934 1912 244
f 1873 1870 1858
f 1858 1872 1873
f 1858 1861 1872
f 2137 1870 2109
f 2137 1858 1870
f 1880 1870 1879
f 1879 1870 1878
f 1879 1895 1880
f 2109 1870 1882
f 1882 1870 1881
f 792 2300 2311
f 210 810 792
f 792 810 811
f 811 2314 792
f 2311 2300 2312
f 1874 1885 1886
f 1886 1887 1874
f 1886 1907 1908
f 1885 1907 1886
f 1910 1887 245
f 1905 1887 1910
f 269 261 822
f 528 526 525
f 826 528 525
f 525 526 1281
f 1644 826 525
f 1281 1263 525
f 525 1263 1644
f 1132 1136 1146
f 1146 1147 1132
f 1136 1147 1146
f 1064 1089 1091
f 1091 1092 1064
f 1064 1092 166
f 166 169 1064
f 1506 1505 1063
f 1063 1513 1506
f 1506 1507 1502
f 1513 1507 1506
f 1088 1063 1090
f 1108 1116 1090
f 1090 1112 1088
f 1113 1112 1090
f 1107 1125 1108
f 1107 1110 1125
f 1108 1125 1126
f 1125 1141 1126
f 1132 1113 1131
f 1131 1142 1143
f 2368 1142 1131
f 1131 1144 1132
f 1143 1144 1131
f 1539 1551 1540
f 1548 1551 1539
f 1540 2110 1539
f 2140 1406 2110
f 1515 1534 1535
f 1535 1516 1515
f 1508 1513 1514
f 1508 1507 1513
f 1508 1514 1515
f 1515 1516 1508
f 1502 1507 1508
f 1447 1533 1532
f 1532 1533 1515
f 1403 2049 1393
f 1403 1404 2049
f 1393 1402 1403
f 1400 1403 1402
f 1419 1404 1400
f 1404 1403 1400
f 2051 2052 2049
f 1500 1499 1502
f 1062 1499 1500
f 731 757 740
f 740 715 731
f 706 730 731
f 714 706 731
f 731 715 714
f 779 780 747
f 747 778 779
f 801 781 799
f 782 783 747
f 782 803 783
f 747 781 782
f 781 803 782
f 804 783 802
f 804 805 783
f 802 807 804
f 804 807 806
f 806 805 804
f 708 714 684
f 708 707 714
f 680 679 706
f 706 707 680
f 661 679 680
f 705 704 726
f 786 787 754
f 754 750 786
f 753 727 752
f 753 752 786
f 786 750 753
f 751 727 747
f 752 727 751
f 747 785 751
f 785 752 751
f 723 727 702
f 723 701 722
f 723 702 701
f 722 748 723
f 748 727 723
f 190 769 768
f 768 767 190
f 768 769 740
f 740 767 768
f 196 197 757
f 466 451 2
f 466 452 451
f 2 467 466
f 453 452 466
f 466 1207 453
f 466 467 1207
f 189 460 450
f 187 188 189
f 189 451 187
f 189 450 451
f 208 479 459
f 478 221 479
f 478 207 221
f 479 208 478
f 478 208 207
f 221 207 206
f 481 510 488
f 488 495 481
f 488 471 495
f 505 523 521
f 521 496 490
f 523 496 521
f 521 510 505
f 521 488 510
f 492 471 491
f 491 522 492
f 492 522 513
f 1892 1891 476
f 1892 243 1893
f 476 243 1892
f 1893 1878 1892
f 1878 1891 1892
f 476 1891 1890
f 1890 1891 1878
f 1890 498 476
f 1890 1878 498
f 1894 1878 1893
f 1893 1895 1894
f 1894 1879 1878
f 1895 1879 1894
f 134 97 139
f 164 159 144
f 144 142 164
f 501 475 1876
f 501 1552 475
f 501 1888 1552
f 1876 1862 1875
f 1875 501 1876
f 1888 501 1875
f 1862 1552 1875
f 1552 1888 1875
f 1862 1863 1854
f 1849 1552 1854
f 1854 1552 1862
f 1869 1857 1868
f 1857 1856 1868
f 2110 2138 2139
f 2139 2140 2110
f 2139 1860 2150
f 2139 2150 2136
f 1857 1861 1852
f 2110 1541 1852
f 1852 2138 2110
f 1852 1858 1859
f 1861 1858 1852
f 1859 1860 1852
f 449 56 448
f 448 447 449
f 449 458 1558
f 449 447 458
f 55 97 95
f 134 135 96
f 96 95 97
f 55 95 96
f 96 56 55
f 96 455 446
f 446 447 96
f 96 447 56
f 517 485 516
f 517 519 518
f 518 522 491
f 513 522 518
f 491 485 518
f 518 485 517
f 520 519 517
f 517 516 520
f 482 34 14
f 14 2 482
f 14 15 2
f 13 34 482
f 35 34 13
f 482 515 13
f 13 515 35
f 66 65 35
f 172 178 169
f 2 10 11
f 2 15 16
f 16 17 2
f 17 16 37
f 37 16 15
f 15 14 37
f 33 10 19
f 19 40 33
f 4 327 345
f 3 4 345
f 345 1 3
f 345 326 344
f 345 327 326
f 348 1 345
f 344 356 345
f 356 348 345
f 74 73 45
f 73 46 45
f 45 46 313
f 24 43 313
f 120 76 74
f 79 121 77
f 121 118 77
f 1008 1007 1023
f 2068 2062 2070
f 2068 2069 995
f 995 2060 2068
f 2068 2075 2069
f 2070 2075 2068
f 976 979 978
f 976 996 979
f 978 977 976
f 976 977 958
f 958 975 976
f 997 996 976
f 998 997 976
f 976 974 998
f 976 975 974
f 1944 1839 1838
f 1838 1812 1944
f 1839 1812 1838
f 1817 1839 1818
f 1817 1812 1839
f 1818 1789 1817
f 1789 1812 1817
f 2441 2318 2169
f 2169 2170 2441
f 2164 2172 2173
f 2173 2172 2171
f 2173 2174 2164
f 2165 2162 2440
f 2440 2164 2165
f 1613 2194 2193
f 1614 1613 1595
f 1613 2193 1595
f 1595 2193 2192
f 1595 1598 1614
f 1580 1598 1595
f 1631 1613 1614
f 1614 2174 1615
f 1615 1631 1614
f 2174 2173 1615
f 1613 1631 1615
f 1615 2173 1613
f 2171 2182 2183
f 2183 2173 2171
f 2181 2193 2194
f 2192 2193 2181
f 2194 2183 2181
f 2181 2183 2182
f 2180 2189 2181
f 2181 2170 2180
f 2181 2182 2170
f 2407 2392 2390
f 2373 2374 2369
f 2369 2372 2373
f 1123 2376 2370
f 2370 2371 1123
f 2370 2372 2371
f 2370 2373 2372
f 1054 1387 1069
f 1073 2397 2383
f 1070 1054 2416
f 2416 2433 1070
f 1070 2433 2419
f 2390 2389 2406
f 2406 2389 2405
f 2405 2421 2406
f 2406 2421 2422
f 2406 2407 2390
f 2419 2398 2418
f 2418 2398 2397
f 2418 2417 2419
f 2397 2417 2418
f 2419 2421 2420
f 2420 2398 2419
f 2421 2398 2420
f 2405 2389 2404
f 2389 2402 2404
f 2388 2402 2389
f 2389 2379 2388
f 2378 2387 2388
f 2388 2379 2378
f 2391 2379 2390
f 2390 2392 2391
f 2354 2353 2355
f 2355 2353 2356
f 2355 2335 2354
f 2355 2356 2335
f 2352 2353 2333
f 2333 2332 2352
f 2352 2332 2348
f 2351 2352 2348
f 2337 2336 2356
f 1393 2049 2317
f 2317 2323 2324
f 2317 2052 2323
f 2049 2052 2317
f 1603 1602 1604
f 1604 1582 1603
f 1605 1582 1604
f 1585 1605 1604
f 1576 1565 1564
f 1564 1575 1576
f 1563 1575 1564
f 1580 1565 1579
f 2202 2201 997
f 997 1560 2202
f 2196 2201 2202
f 2196 2202 2199
f 2349 2186 2178
f 2195 2189 2188
f 2188 2187 2195
f 2196 2189 2195
f 2319 2196 2195
f 2331 2320 2319
f 2319 2195 2331
f 2331 2195 2187
f 2331 2187 2186
f 2348 2332 2331
f 2331 2332 2320
f 2331 2349 2348
f 2186 2349 2331
f 671 1746 672
f 672 1751 671
f 672 1748 1751
f 386 962 1745
f 962 1747 1745
f 1745 1746 386
f 1745 1747 1746
f 1775 1758 1763
f 1763 1758 1756
f 1763 1762 1775
f 1763 1756 1762
f 645 1758 649
f 649 660 661
f 649 659 660
f 649 648 658
f 658 659 649
f 922 939 940
f 940 941 922
f 939 941 940
f 968 941 965
f 965 1000 968
f 651 652 1752
f 426 427 391
f 650 649 661
f 645 649 650
f 374 373 392
f 392 373 391
f 374 392 393
f 763 762 771
f 709 711 733
f 584 585 553
f 553 1302 584
f 1301 1302 553
f 602 590 623
f 566 601 602
f 602 601 590
f 623 590 586
f 586 622 623
f 585 622 586
f 627 640 611
f 623 622 644
f 551 535 550
f 550 535 829
f 1601 852 1600
f 1602 852 1601
f 1601 1604 1602
f 836 831 839
f 839 843 836
f 828 831 836
f 836 837 828
f 836 843 837
f 882 876 862
f 837 847 841
f 841 847 842
f 845 837 844
f 844 859 845
f 870 888 889
f 889 890 870
f 890 891 870
f 869 888 870
f 870 852 869
f 870 891 879
f 1698 1699 1676
f 879 857 1675
f 1675 1698 1676
f 844 1699 1697
f 1697 857 844
f 1699 1698 1697
f 1697 1675 857
f 1698 1675 1697
f 881 857 880
f 882 859 881
f 880 890 881
f 921 937 922
f 936 937 921
f 944 945 922
f 922 937 944
f 944 937 945
f 878 896 897
f 895 876 882
f 895 896 876
f 882 897 895
f 895 897 896
f 905 878 949
f 878 925 949
f 878 903 904
f 904 925 878
f 903 925 904
f 972 973 951
f 900 973 972
f 951 901 972
f 972 901 900
f 974 973 1003
f 1003 973 900
f 1003 913 974
f 900 913 1003
f 902 903 878
f 878 901 902
f 951 903 902
f 902 901 951
f 908 889 1005
f 908 890 889
f 908 897 882
f 882 881 908
f 908 881 890
f 899 900 878
f 905 909 894
f 887 909 905
f 915 868 887
f 905 949 887
f 887 925 915
f 887 949 925
f 982 1009 983
f 1009 984 983
f 958 982 983
f 983 984 958
f 1012 986 985
f 985 984 1012
f 1012 1013 987
f 987 986 1012
f 1014 1013 1012
f 1012 1011 1014
f 1012 984 1011
f 1009 1027 1010
f 1010 984 1009
f 1011 984 1010
f 992 1786 1016
f 1016 1017 992
f 1026 1027 1008
f 1008 1023 1026
f 1033 1031 1034
f 1033 1032 1031
f 1034 1014 1033
f 1014 1032 1033
f 1654 1636 1660
f 1660 1663 1654
f 1660 1636 1635
f 1635 1659 1660
f 1658 1663 1660
f 1660 1659 1658
f 1682 1663 2257
f 1654 1663 1682
f 1682 2272 1654
f 1705 1685 1684
f 1705 1706 1685
f 1705 1684 1681
f 1691 1692 1703
f 1692 1706 1703
f 1681 1702 1703
f 1703 1694 1691
f 1703 1702 1694
f 1616 1617 1596
f 1633 1617 1616
f 1616 1652 1633
f 1634 1617 1633
f 1635 1617 1634
f 1634 1659 1635
f 1633 1658 1634
f 1658 1659 1634
f 1618 1598 1597
f 1597 1617 1618
f 1619 1598 1618
f 1618 1636 1619
f 1635 1636 1618
f 1618 1617 1635
f 1628 1609 1608
f 1629 1609 1628
f 1628 1650 1651
f 1651 1629 1628
f 1592 1593 1576
f 1576 1575 1592
f 1580 1593 1592
f 1592 1574 1591
f 1592 1575 1574
f 1591 1596 1592
f 1596 1580 1592
f 1585 1609 1586
f 1586 1610 1591
f 1586 1609 1610
f 1591 1590 1586
f 1590 1589 1586
f 1586 1589 1584
f 1586 1584 1568
f 1568 1585 1586
f 1588 1571 1570
f 1570 1587 1588
f 1588 1589 1571
f 1588 1587 1589
f 1566 997 998
f 1566 1560 997
f 998 852 1566
f 852 1581 1566
f 1566 1581 1582
f 1381 1353 1352
f 1352 1375 1381
f 1376 1375 1352
f 1352 1353 1324
f 1382 1385 1370
f 1357 1356 1370
f 1355 1382 1370
f 1370 1356 1355
f 526 534 531
f 531 532 526
f 531 547 545
f 534 547 531
f 576 547 551
f 551 547 549
f 549 547 534
f 549 535 551
f 549 534 533
f 533 535 549
f 548 572 577
f 546 572 548
f 548 532 546
f 546 531 545
f 532 531 546
f 1318 1341 1342
f 1342 1341 1377
f 1342 1377 1378
f 1342 1379 1345
f 1378 1379 1342
f 2248 2249 2233
f 2233 2247 2248
f 2248 2266 2249
f 2247 2266 2248
f 2276 2266 2279
f 2279 2281 2276
f 2274 2281 2279
f 2275 2274 2279
f 2279 2266 2275
f 1283 1306 1284
f 1283 2234 2255
f 2255 1306 1283
f 2251 2234 2250
f 2234 2256 2250
f 2250 2266 2251
f 2250 2256 2266
f 2233 2215 2232
f 2212 2227 2228
f 2228 2227 2242
f 2211 2225 2226
f 2226 2227 2211
f 2225 2227 2226
f 2212 2228 2213
f 2213 2438 2212
f 2213 2214 2438
f 2217 2233 2438
f 2438 2216 2217
f 2217 2216 2233
f 1259 1215 1267
f 1267 1260 1259
f 1267 1215 1214
f 1214 1260 1267
f 2238 1244 2221
f 2221 2237 2238
f 1245 1244 2238
f 2238 2237 1245
f 2219 1264 1256
f 1256 1264 1257
f 1257 1251 1256
f 1256 2220 2219
f 1256 1251 2220
f 1257 1264 1258
f 1253 1252 1258
f 1258 1252 1257
f 1258 1255 1253
f 1258 1261 1255
f 1265 1258 1264
f 1265 1283 1284
f 2234 1283 1265
f 1287 1286 1294
f 1294 1273 1287
f 1272 1273 1262
f 1272 1287 1273
f 1296 1275 1297
f 1299 1275 1296
f 1297 1274 1296
f 1274 1295 1296
f 1296 1295 1311
f 1270 1271 1262
f 1262 1277 1270
f 1270 1285 1271
f 1262 1275 1276
f 1276 1277 1262
f 1276 1275 1299
f 1276 1270 1277
f 1339 1320 1347
f 1340 1315 1339
f 1339 1371 1340
f 1366 1370 1384
f 1384 1370 1385
f 1347 1346 1338
f 1338 1339 1347
f 1235 1234 1224
f 1235 1236 1207
f 1207 1234 1235
f 1362 1360 1330
f 1362 1363 1331
f 1331 1360 1362
f 1358 1363 1362
f 2284 2280 2278
f 2269 1309 1308
f 2269 1308 2255
f 2161 2224 2160
f 2240 2239 2261
f 2261 2241 2240
f 2224 2161 2240
f 2240 2241 2225
f 2225 2224 2240
f 2240 2160 2239
f 2240 2161 2160
f 2263 2242 2241
f 2263 2264 2246
f 2274 2264 2263
f 2263 2273 2274
f 2239 2160 2259
f 2160 2272 2259
f 2259 2260 2239
f 2167 2272 2176
f 2284 2276 2283
f 2276 2281 2283
f 2283 1638 2284
f 2283 2281 1638
f 2261 2260 2271
f 2271 2260 2257
f 1638 2281 2271
f 1723 1722 304
f 321 1731 304
f 304 319 321
f 303 302 304
f 302 319 304
f 1052 290 287
f 1094 1095 1066
f 1066 1065 1094
f 51 1051 52
f 1051 29 52
f 8 29 1051
f 7 29 8
f 8 1051 1052
f 1052 7 8
f 351 337 350
f 338 337 351
f 351 352 338
f 359 352 351
f 328 346 315
f 315 314 328
f 314 324 328
f 328 324 334
f 334 346 328
f 325 339 340
f 340 339 353
f 347 338 353
f 353 339 347
f 347 346 338
f 347 339 330
f 356 355 360
f 360 355 353
f 360 353 359
f 359 1238 360
f 360 1238 356
f 75 293 300
f 73 293 75
f 75 46 73
f 300 313 75
f 313 46 75
f 1239 1234 1208
f 1225 1234 1239
f 1212 1225 1239
f 356 1238 1241
f 1241 1229 356
f 1185 1186 1163
f 1211 1186 1185
f 1163 1193 1185
f 1185 1193 1212
f 1212 1211 1185
f 1213 1186 1212
f 1208 1186 1213
f 1212 1239 1213
f 1213 1239 1208
f 1710 2209 1707
f 1710 1711 2209
f 1710 1707 1709
f 2209 1711 2210
f 2210 1711 2204
f 2203 2209 2210
f 2210 2204 2203
f 1196 1216 1197
f 1216 1198 1197
f 1210 1216 1189
f 1210 1198 1216
f 1160 1161 1151
f 1160 1155 1173
f 1151 1155 1160
f 1250 1246 1245
f 1200 1246 1250
f 1250 1245 1249
f 1249 1200 1250
f 1168 1153 1167
f 1151 1158 349
f 349 350 1159
f 1159 1151 349
f 1177 1178 1157
f 1174 1208 1177
f 1177 1157 1174
f 1221 1193 1220
f 1220 1219 1221
f 1218 1219 1191
f 1218 1191 1268
f 1268 1285 1218
f 333 322 321
f 333 319 332
f 321 319 333
f 332 323 333
f 323 322 333
f 1730 1726 1725
f 1726 1716 1725
f 1725 1724 1730
f 1725 1716 1724
f 1724 1716 1715
f 1723 1724 1715
f 1715 1722 1723
f 1715 1716 1712
f 1715 1712 303
f 1805 1804 1836
f 1828 1805 1836
f 1836 1843 1828
f 694 695 675
f 675 1847 694
f 717 695 694
f 694 1834 717
f 694 1847 1834
f 655 1799 1803
f 1803 656 655
f 675 657 674
f 657 656 674
f 1776 656 648
f 648 649 1776
f 1776 649 1758
f 1776 1758 1775
f 1775 656 1776
f 1826 1827 1797
f 1826 1825 1827
f 1826 1797 1794
f 1794 1825 1826
f 1759 1778 1779
f 743 744 720
f 720 2286 743
f 722 744 743
f 2306 794 2309
f 794 772 2309
f 2309 772 793
f 793 2293 2309
f 2309 2293 2306
f 796 774 795
f 773 794 795
f 795 774 773
f 816 797 796
f 816 810 817
f 817 797 816
f 1767 1768 1757
f 1757 1766 1767
f 1767 1766 1768
f 1786 1814 1787
f 1787 1766 1786
f 1768 1766 1787
f 824 2304 811
f 824 2305 2304
f 2086 2079 2074
f 1950 1946 1945
f 1946 1942 1945
f 1950 1962 1963
f 1963 1962 1976
f 1944 1941 1943
f 1943 1942 1944
f 1842 1976 1966
f 1966 1822 1842
f 1956 1972 1957
f 1972 1958 1957
f 1970 1971 1956
f 1970 2313 1971
f 1981 1979 1982
f 2298 1968 2295
f 2299 2298 2295
f 2295 1968 1981
f 1981 1982 2295
f 1971 2313 2295
f 2295 1982 1971
f 1823 1954 1967
f 1967 1968 1823
f 1967 1954 1966
f 1966 1979 1967
f 1975 1979 1976
f 1974 1971 1975
f 1971 1982 1975
f 1975 1982 1979
f 255 256 230
f 230 256 252
f 230 251 250
f 230 214 228
f 228 227 230
f 227 251 230
f 230 252 229
f 229 214 230
f 1932 279 273
f 1908 1931 1932
f 1931 1934 1932
f 274 273 281
f 281 278 274
f 273 278 281
f 263 278 265
f 265 278 273
f 244 263 265
f 265 266 244
f 273 279 265
f 279 266 265
f 505 509 506
f 477 505 506
f 272 259 252
f 252 271 272
f 264 508 272
f 272 271 264
f 270 261 250
f 250 262 270
f 270 262 261
f 250 227 242
f 242 262 250
f 242 227 225
f 261 262 242
f 820 261 799
f 820 277 261
f 820 819 277
f 799 798 820
f 798 819 820
f 219 235 236
f 236 237 219
f 235 511 236
f 236 511 237
f 524 509 511
f 511 234 524
f 524 234 509
f 218 217 205
f 205 203 218
f 2016 2017 2004
f 2028 2017 2016
f 2016 1958 2028
f 2016 1957 1958
f 2015 2016 2004
f 1948 1955 1956
f 2016 2015 1948
f 2037 2038 1948
f 1956 1957 1948
f 1957 2016 1948
f 1903 1883 2288
f 1874 1884 2288
f 2288 1885 1874
f 2288 1883 1885
f 1884 2300 2288
f 2288 2300 2301
f 2301 2302 2288
f 2299 2295 2288
f 2302 2303 2288
f 2288 2303 2304
f 2304 2305 2288
f 2288 2305 2306
f 2288 2298 2299
f 2306 2307 2288
f 2288 2307 2298
f 1925 1904 1903
f 1925 1924 1904
f 1903 2288 1925
f 1925 2288 1924
f 1921 1919 1918
f 1918 1900 1917
f 1917 1927 1918
f 1918 1902 1900
f 1922 1927 1938
f 1922 1918 1927
f 1921 1918 1922
f 1922 2038 1921
f 1938 1927 1939
f 1927 1940 1939
f 1926 1924 1923
f 1923 1940 1926
f 1923 1939 1940
f 1938 1939 1923
f 1923 1922 1938
f 2038 1922 1923
f 1924 2288 1923
f 1936 1937 1913
f 1930 1936 1913
f 1913 1937 1914
f 1912 1934 1913
f 1914 1895 1913
f 1893 1912 1913
f 1913 1895 1893
f 1899 1916 1915
f 1915 1916 1897
f 1871 2137 2136
f 1858 2137 1871
f 1859 1858 1871
f 1871 1860 1859
f 2136 2150 1871
f 2150 1860 1871
f 2310 792 2311
f 210 792 2310
f 2301 2300 813
f 2300 792 813
f 813 792 2314
f 813 2302 2301
f 813 2314 2302
f 1905 1911 1928
f 1911 2312 1928
f 1906 2300 1884
f 1906 2312 2300
f 1906 1928 2312
f 1906 1884 1905
f 1905 1928 1906
f 245 1887 1909
f 1887 1886 1909
f 224 1910 245
f 224 810 210
f 224 248 810
f 817 810 249
f 249 822 817
f 261 277 818
f 818 822 261
f 817 822 818
f 277 819 818
f 818 798 817
f 818 819 798
f 1326 1327 1321
f 543 1325 1326
f 1326 1321 543
f 1321 1327 1304
f 1281 543 1304
f 543 1321 1304
f 1304 1305 1281
f 1304 1327 1305
f 1355 1356 1328
f 1358 1329 1328
f 1328 1357 1358
f 1328 1356 1357
f 1328 1329 1305
f 1305 1327 1328
f 1115 1089 1114
f 1115 1091 1089
f 91 90 92
f 1109 1082 1081
f 1110 1107 1081
f 1108 1109 1081
f 1081 1107 1108
f 1083 1109 1108
f 1062 1082 1083
f 1083 1082 1109
f 1083 1499 1062
f 1087 1084 1108
f 1108 1090 1087
f 1499 1084 1087
f 1087 1090 1063
f 1063 1505 1087
f 1129 1131 1113
f 1389 1054 1388
f 1054 1076 1388
f 1388 1396 1397
f 1141 1124 1140
f 1140 1124 1123
f 1123 2368 1140
f 2368 1131 1140
f 1538 1406 1422
f 1447 1532 1422
f 1422 1532 1538
f 1422 1448 1447
f 1548 1539 1530
f 1530 1539 1538
f 1515 1529 1530
f 1547 1548 1530
f 1530 1529 1547
f 1521 1406 1538
f 1538 1539 1521
f 2110 1406 1521
f 1521 1539 2110
f 1406 2140 1407
f 1407 1422 1406
f 2115 1407 2113
f 2113 1407 2140
f 1517 1508 1516
f 1517 1535 1534
f 1516 1535 1517
f 2435 2424 2432
f 2050 2051 2049
f 2055 2051 2050
f 2056 2062 2061
f 2056 2061 2053
f 2053 2052 2056
f 2052 2051 2056
f 1467 1533 1447
f 1467 1537 1533
f 1447 1448 1467
f 1467 1490 1488
f 1550 1537 1534
f 1519 1512 1511
f 1458 1484 1461
f 1443 1444 1419
f 755 731 730
f 755 754 787
f 730 754 755
f 799 780 800
f 780 779 800
f 800 778 799
f 800 779 778
f 750 726 749
f 749 753 750
f 724 727 749
f 727 753 749
f 705 726 728
f 728 726 750
f 750 754 728
f 702 726 703
f 703 726 704
f 677 702 703
f 703 704 677
f 729 730 705
f 729 754 730
f 705 728 729
f 729 728 754
f 757 789 195
f 195 196 757
f 459 460 194
f 460 189 194
f 194 208 459
f 207 208 194
f 194 189 188
f 221 206 220
f 219 237 220
f 220 205 219
f 220 206 205
f 220 237 238
f 238 511 220
f 220 511 221
f 490 471 489
f 489 521 490
f 471 488 489
f 488 521 489
f 494 471 493
f 471 492 493
f 513 494 493
f 493 492 513
f 94 54 93
f 93 54 1544
f 1544 1526 93
f 1526 1543 93
f 162 1526 1524
f 124 114 147
f 110 142 144
f 144 159 145
f 159 147 145
f 145 110 144
f 146 110 145
f 161 164 142
f 1855 1856 1849
f 1849 1854 1855
f 1864 1862 1876
f 1864 1863 1862
f 1864 1876 1877
f 1877 1865 1864
f 1864 1854 1863
f 1865 1854 1864
f 1851 1850 1857
f 1857 1852 1851
f 1541 1850 1851
f 1851 1852 1541
f 2138 1852 1853
f 1853 1852 1860
f 1853 2139 2138
f 1860 2139 1853
f 1559 1557 56
f 56 449 1559
f 1558 1557 1559
f 1559 449 1558
f 133 97 134
f 134 96 133
f 133 96 97
f 455 96 454
f 514 515 482
f 519 515 514
f 482 513 514
f 513 518 514
f 514 518 519
f 64 515 519
f 35 515 64
f 107 66 64
f 64 66 35
f 106 142 107
f 107 64 106
f 1049 181 1523
f 1523 1524 1515
f 1515 1049 1523
f 186 181 1049
f 1050 1049 1064
f 1050 184 1049
f 1049 184 182
f 182 186 1049
f 181 186 182
f 175 182 180
f 180 182 184
f 178 172 171
f 171 165 177
f 167 169 168
f 167 172 169
f 12 3 2
f 2 11 12
f 12 4 3
f 20 11 10
f 10 32 20
f 20 12 11
f 22 21 20
f 20 21 4
f 4 12 20
f 34 65 36
f 36 14 34
f 36 37 14
f 17 37 18
f 18 40 19
f 18 19 2
f 2 17 18
f 40 70 71
f 60 71 102
f 60 33 40
f 40 71 60
f 313 327 5
f 5 24 313
f 327 24 5
f 119 118 76
f 76 120 119
f 47 78 79
f 79 77 47
f 47 288 78
f 1022 1007 1006
f 1022 1024 1007
f 1022 1006 1018
f 1018 1017 1022
f 2061 2062 2067
f 2062 2068 2067
f 2060 2061 2067
f 2067 2068 2060
f 1985 2078 1989
f 1993 2004 2005
f 2091 2078 2089
f 2106 1989 1984
f 1984 2091 2106
f 1989 2078 1984
f 1984 2078 2091
f 2128 1989 2106
f 2179 2178 2170
f 2170 2169 2179
f 2179 2169 2178
f 2185 2194 1613
f 1613 2173 2185
f 2164 2174 2175
f 1654 2160 1683
f 1594 1595 2192
f 1580 1595 1594
f 2198 1580 1594
f 2198 2192 2191
f 2192 2181 2191
f 2408 2423 2424
f 2392 2407 2408
f 2408 2406 2423
f 2407 2406 2408
f 2359 2392 2408
f 2384 2376 2383
f 2384 2370 2376
f 2373 2370 2384
f 2384 2388 2387
f 2395 2415 2396
f 2396 2415 1387
f 2429 1069 1387
f 2416 1054 2429
f 1054 1069 2429
f 1401 1402 1393
f 1401 1400 1402
f 1401 1392 1400
f 1419 1400 1399
f 1400 1392 1399
f 1075 1076 1054
f 1075 1388 1076
f 1394 1388 1075
f 1102 1073 2383
f 2383 2376 1102
f 1102 2376 1123
f 1123 1124 1102
f 2419 2417 2434
f 1100 2417 2397
f 1100 2434 2417
f 2419 2434 1100
f 2400 2398 2405
f 2405 2404 2400
f 2400 2404 2402
f 2341 2392 2342
f 2341 2391 2392
f 2342 2379 2341
f 2379 2391 2341
f 2353 2352 2350
f 2352 2351 2350
f 2347 2353 2350
f 1585 1604 1606
f 1576 1580 1578
f 1580 1579 1578
f 1578 1565 1576
f 1578 1579 1565
f 1561 2202 1560
f 1561 2199 2202
f 2200 2199 1561
f 1561 1562 2200
f 1570 1571 1561
f 1571 1562 1561
f 1561 1569 1570
f 1561 1560 1569
f 386 414 938
f 938 962 386
f 1749 1746 1748
f 1748 672 1749
f 1749 672 1746
f 391 373 390
f 372 373 529
f 372 390 373
f 388 372 387
f 653 651 647
f 647 650 653
f 647 651 1752
f 416 427 443
f 427 426 443
f 418 426 391
f 391 427 428
f 442 427 416
f 654 670 671
f 671 1751 654
f 1751 1752 654
f 1752 652 654
f 654 651 667
f 652 651 654
f 427 670 654
f 667 428 654
f 654 428 427
f 662 650 661
f 667 651 666
f 425 392 391
f 425 393 392
f 379 601 566
f 590 601 379
f 361 1278 1279
f 763 758 732
f 762 763 732
f 733 761 732
f 732 761 762
f 732 709 733
f 537 1280 1301
f 1301 553 537
f 587 586 590
f 623 644 641
f 641 629 623
f 640 629 641
f 611 640 641
f 621 644 622
f 621 585 584
f 621 622 585
f 620 644 621
f 1679 1650 1649
f 1648 1677 1649
f 1649 1678 1679
f 1676 1678 1649
f 1648 1649 1625
f 1623 907 1625
f 861 862 847
f 856 847 863
f 847 862 863
f 863 876 856
f 863 862 876
f 846 859 847
f 846 845 859
f 846 847 837
f 837 845 846
f 1600 852 871
f 871 870 1600
f 852 870 871
f 1600 870 1622
f 1622 870 879
f 1622 1623 1600
f 879 907 1622
f 1622 907 1623
f 906 907 879
f 879 1675 906
f 858 881 859
f 857 881 858
f 858 859 844
f 844 857 858
f 928 953 957
f 957 953 934
f 929 916 928
f 934 959 935
f 935 921 934
f 935 959 936
f 936 921 935
f 932 931 956
f 1005 913 910
f 910 908 1005
f 913 908 910
f 878 897 898
f 897 908 898
f 898 899 878
f 908 899 898
f 911 908 913
f 911 899 908
f 905 894 893
f 893 878 905
f 893 875 878
f 856 875 872
f 875 893 872
f 872 854 856
f 872 873 854
f 1030 1043 1031
f 1030 1029 1043
f 1031 1011 1030
f 1011 1010 1030
f 1030 1010 1029
f 1043 1029 1028
f 1029 1010 1028
f 1028 1010 1027
f 1785 1786 1765
f 1025 1023 1007
f 1017 1016 1025
f 1007 1024 1025
f 1025 1022 1017
f 1024 1022 1025
f 1048 1045 1765
f 1043 1045 1048
f 1048 1765 1757
f 1757 1043 1048
f 1765 1045 1041
f 1041 1785 1765
f 1041 1036 1785
f 1027 1026 1041
f 1026 1036 1041
f 2257 2260 2258
f 2258 1682 2257
f 2176 1682 2258
f 2258 2167 2176
f 2272 2167 2258
f 2258 2259 2272
f 2260 2259 2258
f 2176 2272 2166
f 2166 1682 2176
f 2272 1682 2166
f 1681 1703 1704
f 1704 1703 1706
f 1704 1705 1681
f 1706 1705 1704
f 1612 1616 1596
f 1612 1596 1591
f 1610 1609 1630
f 1630 1616 1610
f 1630 1609 1629
f 1630 1629 1652
f 1652 1616 1630
f 1567 1566 1582
f 1568 1560 1567
f 1560 1566 1567
f 1350 1377 1376
f 1376 1352 1350
f 1350 1352 1324
f 1378 1377 1350
f 1350 1379 1378
f 1323 1348 1351
f 1323 1350 1324
f 1322 1348 1323
f 1324 543 1323
f 543 1322 1323
f 631 632 1345
f 1345 1379 631
f 631 1351 632
f 631 1379 1351
f 1337 1370 1366
f 1366 1333 1337
f 1336 1357 1337
f 1357 1370 1337
f 1311 1336 1337
f 1337 1333 1311
f 619 644 620
f 1303 1302 1319
f 1319 1302 1318
f 1319 1342 1345
f 1318 1342 1319
f 611 576 615
f 547 575 569
f 545 547 569
f 569 546 545
f 573 546 569
f 547 576 574
f 574 575 547
f 574 576 611
f 548 577 568
f 568 1348 1322
f 543 548 568
f 568 1322 543
f 2230 2242 2231
f 2231 2232 2215
f 2215 2214 2231
f 2231 2213 2230
f 2214 2213 2231
f 2230 2213 2229
f 2229 2213 2228
f 2229 2242 2230
f 2229 2228 2242
f 1269 1265 1284
f 1284 1288 1269
f 1289 1286 1269
f 1269 1288 1289
f 1262 1261 1269
f 1269 1272 1262
f 1286 1287 1269
f 1287 1272 1269
f 1261 1258 1266
f 1258 1265 1266
f 1266 1269 1261
f 1265 1269 1266
f 2235 2218 2234
f 2234 1265 2235
f 2235 1264 2218
f 2235 1265 1264
f 1299 1296 1312
f 1335 1338 1312
f 1223 1299 1312
f 1311 1335 1313
f 1313 1296 1311
f 1335 1312 1313
f 1313 1312 1296
f 1222 1270 1223
f 1222 1221 1219
f 1223 1193 1222
f 1193 1221 1222
f 1285 1270 1292
f 1292 1270 1219
f 1292 1218 1285
f 1219 1218 1292
f 1223 1270 1293
f 1270 1276 1293
f 1293 1299 1223
f 1293 1276 1299
f 1386 1385 1374
f 1386 1368 1385
f 1367 1384 1385
f 1385 1368 1367
f 1366 1384 1367
f 1367 1368 1335
f 1240 1346 1320
f 1240 1338 1346
f 1240 1224 1223
f 1240 1235 1224
f 1223 1312 1240
f 1240 1312 1338
f 1339 1338 1369
f 1371 1339 1369
f 1369 1338 1335
f 1335 1368 1369
f 1368 1386 1369
f 1369 1386 1374
f 1637 1359 1383
f 1383 1359 1358
f 1358 1362 1383
f 1599 1621 1383
f 1621 1637 1383
f 2277 2276 2284
f 2284 2278 2277
f 2277 2266 2276
f 2277 2278 2266
f 2267 2266 2268
f 2266 2278 2268
f 2268 2278 2280
f 2268 2254 2267
f 2268 2280 1309
f 1309 2269 2268
f 2255 2254 2268
f 2268 2269 2255
f 2245 2263 2246
f 2246 2233 2245
f 2233 2232 2245
f 2273 2263 2262
f 2262 2271 2273
f 2261 2271 2262
f 2262 2241 2261
f 2262 2263 2241
f 2257 1661 2270
f 2270 2271 2257
f 2270 1661 1638
f 1638 2271 2270
f 303 304 1719
f 1719 304 1722
f 1719 1715 303
f 1722 1715 1719
f 283 1708 1052
f 1052 287 283
f 285 286 282
f 285 283 287
f 290 286 285
f 285 287 290
f 285 282 1708
f 1708 283 285
f 1093 1065 51
f 1093 1094 1065
f 1095 1094 1093
f 1093 51 1096
f 1096 1095 1093
f 1178 351 358
f 358 351 350
f 341 353 342
f 341 340 353
f 342 325 341
f 325 340 341
f 329 347 330
f 346 347 329
f 329 330 315
f 315 346 329
f 1237 1238 1208
f 1208 1231 1237
f 1714 1710 1709
f 1711 1710 1714
f 1709 2438 1714
f 2204 1711 1714
f 2438 2204 1714
f 1169 1197 1198
f 1709 1196 1169
f 1196 1197 1169
f 1195 1171 1169
f 1169 1167 1709
f 1168 1167 1169
f 1169 1171 1154
f 1154 1153 1169
f 1169 1153 1168
f 1198 1210 1199
f 1195 1169 1199
f 1199 1169 1198
f 1182 1199 1210
f 1161 1160 1180
f 1166 1153 1152
f 1166 1167 1153
f 1166 1152 1709
f 1709 1167 1166
f 1176 1158 1157
f 1209 351 1178
f 1178 1177 1209
f 359 351 1209
f 1209 1238 359
f 1208 1238 1209
f 1209 1177 1208
f 1848 717 1833
f 1833 1843 1848
f 1835 1804 717
f 1835 1836 1804
f 717 1848 1835
f 1843 1836 1835
f 1835 1848 1843
f 1775 1799 1777
f 1799 655 1777
f 1777 656 1775
f 1777 655 656
f 673 656 1834
f 673 674 656
f 673 1834 675
f 675 674 673
f 1780 1759 1779
f 1780 1779 1781
f 2285 2286 742
f 742 2286 720
f 720 1778 741
f 1778 1759 741
f 741 742 720
f 2286 772 745
f 745 743 2286
f 745 772 773
f 773 774 745
f 745 774 746
f 745 746 722
f 722 743 745
f 814 795 794
f 794 2315 814
f 2315 2305 814
f 814 2305 825
f 796 795 815
f 810 816 815
f 815 816 796
f 815 814 825
f 795 814 815
f 1768 1787 1788
f 992 1789 1788
f 1789 1768 1788
f 1788 1814 992
f 1788 1787 1814
f 2101 2119 2102
f 2149 2139 2136
f 1950 1945 1949
f 1949 1945 1997
f 1997 1945 1996
f 1996 1945 1942
f 1942 1988 1996
f 1961 1973 1974
f 1974 1975 1961
f 1961 1975 1962
f 1961 1962 1950
f 1972 1974 2021
f 2021 2020 1972
f 1974 1973 2021
f 1972 2020 2019
f 1952 1951 1950
f 1950 1963 1952
f 1953 1946 1952
f 1946 1951 1952
f 1822 1963 1978
f 1978 1842 1822
f 1978 1963 1976
f 1976 1842 1978
f 1956 1955 1969
f 1969 2295 2313
f 1969 1970 1956
f 2313 1970 1969
f 1980 1979 1968
f 1968 1967 1980
f 1980 1967 1979
f 1976 1962 1977
f 1977 1975 1976
f 1962 1975 1977
f 257 230 250
f 1933 266 279
f 279 1932 1933
f 1933 1932 1934
f 1933 1934 244
f 244 266 1933
f 273 268 280
f 280 1932 273
f 268 1932 280
f 267 1932 268
f 267 268 245
f 1908 1932 267
f 245 1909 267
f 267 1886 1908
f 267 1909 1886
f 233 232 260
f 260 232 259
f 260 234 233
f 509 234 260
f 260 506 509
f 259 272 275
f 507 272 508
f 477 506 507
f 506 275 507
f 507 275 272
f 507 264 477
f 507 508 264
f 202 218 203
f 202 203 190
f 190 201 202
f 202 201 217
f 217 218 202
f 2151 2154 2156
f 2287 1948 2038
f 1955 1948 2287
f 2287 1969 1955
f 2287 2295 2296
f 2038 1923 2289
f 2289 1923 2288
f 2289 2287 2038
f 2289 2288 2295
f 2295 2287 2289
f 1935 1931 1930
f 1930 1913 1935
f 1935 1934 1931
f 1935 1913 1934
f 1880 1899 1896
f 1899 1915 1896
f 1896 1897 1880
f 1896 1915 1897
f 2311 2312 2294
f 2294 2310 2311
f 2294 2312 1911
f 2294 1911 210
f 210 2310 2294
f 1929 224 210
f 1910 224 1929
f 210 1911 1929
f 1929 1911 1905
f 1905 1910 1929
f 245 268 246
f 246 224 245
f 1354 1325 1324
f 1354 1326 1325
f 1324 1353 1354
f 1354 1353 1355
f 1355 1328 1354
f 1327 1326 1354
f 1354 1328 1327
f 127 126 130
f 1061 1082 1062
f 1108 1084 1086
f 1086 1084 1499
f 1502 1499 1501
f 1499 1087 1501
f 1501 1506 1502
f 1505 1506 1501
f 1501 1087 1505
f 1117 1129 1113
f 1113 1090 1117
f 1117 1090 1116
f 1117 1116 1108
f 1108 1129 1117
f 1128 1129 1108
f 1418 1399 1398
f 1389 1388 1398
f 1398 1388 1397
f 1131 1129 1127
f 1127 1140 1131
f 1141 1140 1127
f 1129 1128 1127
f 1127 1128 1108
f 1108 1126 1127
f 1127 1126 1141
f 1538 1532 1531
f 1531 1530 1538
f 1531 1532 1515
f 1515 1530 1531
f 1448 1422 1426
f 1422 1407 1426
f 1498 1512 1488
f 2116 2140 2118
f 2116 2113 2140
f 2116 2118 2101
f 1508 1517 1509
f 1502 1508 1509
f 2359 2408 2409
f 2409 2408 2424
f 2431 2435 2432
f 2430 2435 2431
f 2425 2435 2430
f 2424 2435 2425
f 2425 2409 2424
f 2414 2425 2430
f 2414 2415 2395
f 2395 2394 2414
f 1387 2415 2414
f 2414 2429 1387
f 2430 2431 2414
f 2414 2422 2419
f 2414 2431 2432
f 2419 2428 2414
f 2432 2423 2414
f 2414 2428 2416
f 2416 2429 2414
f 2414 2406 2422
f 2423 2406 2414
f 2382 1401 1393
f 2395 1392 2382
f 1392 1401 2382
f 2357 2365 2366
f 2356 2365 2357
f 2055 2050 1405
f 2049 1419 1405
f 1405 2050 2049
f 2057 2051 2055
f 2055 2058 2057
f 2057 2058 2051
f 2059 2056 2051
f 2051 2058 2059
f 2062 2056 2059
f 1489 1467 1488
f 1537 1467 1489
f 1534 1537 1489
f 1488 1519 1489
f 1533 1537 1549
f 1537 1550 1549
f 1534 1533 1549
f 1549 1550 1534
f 1488 1512 1520
f 1520 1519 1488
f 1512 1519 1520
f 1518 1519 1511
f 1494 1500 1476
f 1483 1493 1484
f 1484 1458 1483
f 1494 1476 1483
f 1483 1476 1493
f 1417 1443 1419
f 1419 1399 1417
f 1417 1399 1418
f 1418 1398 1417
f 1444 1443 1442
f 1413 1441 1442
f 1442 1443 1413
f 2058 1421 1442
f 756 755 787
f 731 755 756
f 756 787 757
f 757 731 756
f 241 801 799
f 261 242 241
f 799 261 241
f 724 749 725
f 725 749 726
f 725 702 724
f 725 726 702
f 196 195 209
f 197 196 209
f 209 789 809
f 209 195 789
f 211 197 209
f 809 821 209
f 204 205 192
f 205 206 192
f 192 190 204
f 192 191 190
f 188 191 192
f 193 206 207
f 207 194 193
f 193 192 206
f 193 194 188
f 188 192 193
f 138 139 97
f 138 163 139
f 162 163 138
f 138 1543 1526
f 1526 162 138
f 175 180 173
f 173 165 159
f 177 165 173
f 173 180 177
f 139 163 158
f 158 159 134
f 134 139 158
f 158 173 159
f 163 173 158
f 172 167 155
f 155 171 172
f 117 71 70
f 102 71 117
f 68 114 115
f 114 124 115
f 146 145 113
f 113 145 147
f 113 114 68
f 147 114 113
f 67 36 65
f 68 37 67
f 37 36 67
f 65 66 108
f 108 67 65
f 109 66 107
f 109 110 66
f 107 142 109
f 142 110 109
f 164 161 160
f 160 135 159
f 159 164 160
f 136 96 135
f 135 160 136
f 136 160 161
f 136 161 142
f 1866 1854 1865
f 1865 1855 1866
f 1866 1855 1854
f 1867 1855 1865
f 1869 1868 1867
f 1867 1868 1856
f 1856 1855 1867
f 1877 1869 1867
f 1867 1865 1877
f 105 64 519
f 105 106 64
f 483 516 485
f 483 105 516
f 106 105 483
f 142 106 483
f 1064 178 179
f 179 171 177
f 178 171 179
f 181 182 174
f 174 162 1524
f 175 162 174
f 174 182 175
f 1524 1523 174
f 174 1523 181
f 32 63 42
f 74 45 72
f 72 120 74
f 72 119 120
f 118 119 72
f 33 60 31
f 31 32 10
f 10 33 31
f 38 37 68
f 38 18 37
f 39 70 40
f 40 18 39
f 18 38 39
f 39 38 68
f 27 6 26
f 26 6 288
f 28 26 50
f 27 26 28
f 28 6 27
f 51 52 28
f 28 29 6
f 28 52 29
f 90 91 53
f 53 28 50
f 53 1119 89
f 53 91 92
f 53 89 51
f 51 28 53
f 92 1119 53
f 127 90 86
f 1986 1988 1987
f 1986 1985 1991
f 2069 2078 1983
f 2078 1985 1983
f 1983 1941 2069
f 1983 1943 1941
f 1983 1985 1986
f 1986 1987 1983
f 1942 1943 1983
f 1983 1988 1942
f 1983 1987 1988
f 1994 1988 1986
f 1994 1993 2005
f 1986 1993 1994
f 2005 1996 1994
f 2106 2091 2105
f 2091 2089 2105
f 2080 2089 2076
f 2069 2075 2076
f 2070 2080 2076
f 2076 2075 2070
f 2009 2014 2003
f 2004 1993 2003
f 1989 2128 1998
f 1998 2128 2009
f 2106 2105 2126
f 2126 2105 2112
f 2173 2183 2184
f 2184 2185 2173
f 2184 2183 2194
f 2194 2185 2184
f 1654 1683 2168
f 2168 2165 2164
f 2164 2175 2168
f 2168 1683 2160
f 2168 2160 2162
f 2162 2165 2168
f 1577 2192 2198
f 2198 1594 1577
f 1577 1594 2192
f 2198 2191 2190
f 2190 1565 2198
f 2190 2199 2200
f 2190 1564 1565
f 2190 2200 1563
f 1563 1564 2190
f 2197 2196 2190
f 2196 2199 2190
f 2190 2191 2181
f 2190 2189 2197
f 2190 2181 2189
f 2402 2388 2403
f 2403 2384 2402
f 2388 2384 2403
f 2373 2384 2385
f 1391 2396 1387
f 1391 1392 2395
f 2395 2396 1391
f 1391 1399 1392
f 1391 1398 1399
f 1054 1073 1074
f 1074 1075 1054
f 1073 1075 1074
f 1104 1124 1125
f 1103 1075 1073
f 1073 1102 1103
f 1103 1104 1075
f 1103 1102 1124
f 1124 1104 1103
f 2397 1073 1101
f 1101 1100 2397
f 1071 1070 2419
f 2419 1100 1071
f 1054 1070 1071
f 2383 2398 2399
f 2399 2400 2383
f 2398 2400 2399
f 2402 2384 2401
f 2401 2400 2402
f 2401 2384 2383
f 2383 2400 2401
f 2330 2350 2351
f 2330 2349 2178
f 2330 2351 2348
f 2348 2349 2330
f 2330 2169 2318
f 2178 2169 2330
f 2318 2329 2330
f 2330 2329 2347
f 2347 2350 2330
f 961 938 414
f 961 990 963
f 963 962 961
f 962 938 961
f 922 941 942
f 942 943 922
f 941 968 942
f 645 650 646
f 650 647 646
f 646 1752 645
f 646 647 1752
f 388 387 417
f 417 387 416
f 426 418 417
f 416 443 417
f 417 443 426
f 389 418 391
f 389 372 388
f 388 417 389
f 389 417 418
f 391 390 389
f 390 372 389
f 667 689 690
f 690 428 667
f 690 689 391
f 391 428 690
f 441 670 427
f 427 442 441
f 681 662 661
f 684 662 681
f 681 708 684
f 707 708 681
f 661 680 681
f 681 680 707
f 682 662 684
f 684 711 682
f 711 709 682
f 653 650 663
f 650 662 663
f 424 394 393
f 424 425 391
f 393 425 424
f 444 435 445
f 385 409 410
f 410 409 412
f 419 444 445
f 665 666 651
f 391 689 688
f 688 429 391
f 688 689 667
f 667 666 688
f 401 394 433
f 433 435 401
f 445 435 433
f 378 379 566
f 590 379 383
f 380 383 363
f 586 587 363
f 566 602 603
f 603 602 623
f 623 629 603
f 627 626 625
f 625 626 592
f 588 587 590
f 588 363 587
f 924 943 946
f 924 539 943
f 922 943 923
f 943 539 923
f 544 841 842
f 544 842 854
f 837 841 544
f 594 626 627
f 592 626 594
f 529 373 538
f 538 539 529
f 373 539 538
f 373 540 541
f 541 539 373
f 561 917 918
f 920 921 561
f 916 917 561
f 915 916 561
f 1647 1677 1648
f 1647 1675 1676
f 1676 1649 1647
f 1647 1649 1677
f 1647 906 1675
f 907 906 1647
f 1647 1625 907
f 1648 1625 1647
f 1608 1626 1627
f 1627 1628 1608
f 1650 1628 1627
f 1624 1606 1604
f 1624 1625 1606
f 1604 1601 1624
f 1624 1601 1600
f 1600 1623 1624
f 1623 1625 1624
f 847 859 860
f 860 861 847
f 860 859 882
f 916 929 930
f 956 931 930
f 930 917 916
f 918 917 930
f 930 931 918
f 954 957 956
f 928 957 954
f 954 929 928
f 934 921 933
f 921 932 933
f 933 932 956
f 933 957 934
f 956 957 933
f 919 921 920
f 919 932 921
f 919 561 918
f 920 561 919
f 918 931 919
f 931 932 919
f 900 899 912
f 899 911 912
f 912 913 900
f 912 911 913
f 892 894 873
f 873 872 892
f 892 893 894
f 892 872 893
f 1042 1028 1027
f 1027 1041 1042
f 1042 1041 1045
f 1043 1028 1042
f 1786 1785 1816
f 1785 1036 1816
f 1040 1026 1023
f 1035 1025 1016
f 1026 1025 1035
f 1035 1036 1026
f 1035 1816 1036
f 1786 1816 1035
f 1610 1616 1611
f 1616 1612 1611
f 1591 1610 1611
f 1611 1612 1591
f 1568 1567 1583
f 1583 1567 1582
f 1583 1585 1568
f 1583 1605 1585
f 1583 1582 1605
f 1351 1379 1349
f 1379 1350 1349
f 1349 1323 1351
f 1350 1323 1349
f 1303 1319 581
f 581 1319 618
f 584 1303 583
f 583 619 620
f 583 621 584
f 620 621 583
f 644 619 643
f 643 619 618
f 1343 1319 1345
f 1345 632 1343
f 1344 639 638
f 638 618 1344
f 618 1319 1344
f 1344 1343 639
f 1319 1343 1344
f 632 1351 610
f 638 639 610
f 610 1343 632
f 639 1343 610
f 579 576 551
f 1380 568 577
f 1351 1348 1380
f 1348 568 1380
f 1270 1222 1290
f 1334 1333 1366
f 1366 1367 1334
f 1334 1367 1335
f 1311 1333 1334
f 1334 1335 1311
f 1242 1240 1320
f 1315 1300 1242
f 1300 1236 1242
f 1236 1235 1242
f 1235 1240 1242
f 1371 1369 1372
f 1372 1373 1340
f 1340 1371 1372
f 1372 1374 1373
f 1372 1369 1374
f 1361 1383 1362
f 1361 1362 1330
f 1365 1364 1361
f 1330 1332 1361
f 1361 1332 1365
f 1361 1364 1599
f 1599 1383 1361
f 2242 2263 2243
f 2243 2231 2242
f 2232 2231 2243
f 1737 1736 1729
f 1723 304 1728
f 1728 304 1731
f 1729 1723 1728
f 1728 1737 1729
f 1728 1731 1735
f 1735 1736 1728
f 1736 1737 1728
f 1157 1178 1175
f 1175 358 1157
f 1178 358 1175
f 357 358 350
f 1157 358 357
f 350 1176 357
f 357 1176 1157
f 1230 1241 1238
f 1238 1237 1230
f 1229 1241 1230
f 1230 1237 1231
f 1230 1203 1229
f 1230 1231 1203
f 1181 1182 1161
f 1181 1180 1195
f 1161 1180 1181
f 1195 1199 1181
f 1199 1182 1181
f 1183 1210 1189
f 1183 1182 1210
f 1161 1182 1183
f 1189 1188 1183
f 1183 1188 1184
f 1183 1184 1162
f 1162 1161 1183
f 1195 1180 1172
f 1172 1180 1160
f 1172 1171 1195
f 1172 1160 1173
f 1173 1155 1172
f 1155 1171 1172
f 1179 349 1158
f 1158 1176 1179
f 350 349 1179
f 1179 1176 350
f 2285 1759 2290
f 1759 1780 2290
f 2290 1781 2285
f 2290 1780 1781
f 2285 742 1753
f 742 741 1753
f 1753 1759 2285
f 1753 741 1759
f 823 815 825
f 823 824 811
f 811 810 823
f 810 815 823
f 825 2305 823
f 2305 824 823
f 2093 2080 2079
f 2079 2086 2093
f 2141 2111 2117
f 2112 2111 2141
f 2141 2126 2112
f 2154 2151 2141
f 2088 2086 2074
f 2100 2093 2086
f 2111 2093 2100
f 2086 2088 2100
f 2100 2088 2104
f 2117 2111 2100
f 2100 2104 2117
f 2087 2098 2101
f 2101 2102 2087
f 2087 2102 2103
f 2087 2088 2074
f 2103 2104 2087
f 2104 2088 2087
f 1959 2021 1973
f 1950 1949 1959
f 2020 2021 2008
f 2008 2019 2020
f 2008 1959 1949
f 2021 1959 2008
f 1972 2019 2018
f 2018 1958 1972
f 2028 1958 2018
f 2018 2017 2028
f 1964 1952 1963
f 1964 1963 1822
f 1953 1952 1964
f 259 275 276
f 276 275 506
f 276 260 259
f 506 260 276
f 2047 2038 2037
f 1920 1919 1921
f 1921 2038 1920
f 2038 2047 1920
f 2022 2141 2151
f 2297 2287 2296
f 1969 2287 2297
f 2296 2295 2297
f 2295 1969 2297
f 254 246 268
f 254 268 255
f 255 230 254
f 253 254 230
f 246 254 253
f 154 130 126
f 156 166 1092
f 1092 1091 156
f 1091 1115 156
f 129 90 127
f 127 130 129
f 129 130 90
f 1477 1500 1494
f 1477 1454 1500
f 1062 1500 1408
f 1408 1061 1062
f 1082 1061 1060
f 1061 1408 1060
f 1085 1083 1108
f 1108 1086 1085
f 1499 1083 1085
f 1085 1086 1499
f 1080 1079 1105
f 1105 1081 1080
f 1110 1081 1105
f 1125 1110 1105
f 1105 1104 1125
f 1395 1411 1396
f 1395 1388 1394
f 1396 1388 1395
f 1429 1079 1056
f 1056 1079 1057
f 1057 1079 1080
f 1080 1081 1057
f 1414 1398 1397
f 1414 1396 1413
f 1397 1396 1414
f 1440 1441 1413
f 1440 1442 1441
f 1490 1467 1469
f 1469 1467 1448
f 1448 1468 1469
f 1488 1490 1487
f 1487 1498 1488
f 1490 1469 1487
f 1487 1469 1468
f 1487 1468 1461
f 1511 1512 1492
f 1512 1498 1492
f 2058 1442 2063
f 2074 2065 2073
f 2114 2113 2099
f 2113 2116 2099
f 2099 2116 2101
f 2101 2098 2099
f 1503 1500 1502
f 1502 1509 1503
f 1503 1476 1500
f 2359 2409 2426
f 2409 2425 2426
f 2425 2414 2427
f 2324 2336 2325
f 2325 2317 2324
f 2336 2337 2325
f 2358 2426 2425
f 2359 2426 2358
f 2366 2359 2358
f 2358 2357 2366
f 2066 2059 2058
f 2074 2070 2066
f 2070 2062 2066
f 2062 2059 2066
f 2066 2065 2074
f 2066 2058 2065
f 2054 2058 2055
f 2054 1405 1419
f 2055 1405 2054
f 1534 1489 1536
f 1536 1489 1519
f 1536 1517 1534
f 1536 1518 1517
f 1519 1518 1536
f 1510 1509 1517
f 1517 1518 1510
f 1510 1518 1511
f 1511 1503 1510
f 1510 1503 1509
f 1511 1492 1504
f 1504 1503 1511
f 1476 1503 1504
f 1433 1411 1435
f 1413 1396 1412
f 1396 1411 1412
f 1412 1433 1436
f 1443 1417 1416
f 1416 1417 1398
f 1413 1443 1416
f 801 241 240
f 781 801 240
f 240 239 781
f 132 138 97
f 1543 138 132
f 132 97 94
f 94 93 132
f 132 93 1543
f 175 173 176
f 176 173 163
f 176 162 175
f 176 163 162
f 77 80 48
f 48 86 87
f 48 47 77
f 151 147 159
f 159 165 151
f 165 155 151
f 165 171 170
f 170 155 165
f 171 155 170
f 148 115 124
f 117 115 148
f 68 115 69
f 69 39 68
f 70 39 69
f 116 117 70
f 116 115 117
f 70 69 116
f 116 69 115
f 66 110 111
f 111 108 66
f 110 108 111
f 112 113 68
f 68 67 112
f 67 108 112
f 137 454 96
f 96 136 137
f 137 136 142
f 487 520 516
f 516 105 487
f 519 520 487
f 487 105 519
f 469 485 486
f 454 141 469
f 455 454 469
f 486 471 469
f 469 471 455
f 183 1050 1064
f 1064 179 183
f 177 180 183
f 183 179 177
f 32 42 23
f 22 20 23
f 23 20 32
f 23 327 22
f 23 24 327
f 313 43 44
f 44 45 313
f 44 72 45
f 44 42 63
f 63 72 44
f 101 77 118
f 118 72 101
f 100 77 101
f 32 31 59
f 61 31 60
f 99 77 100
f 99 80 77
f 31 61 57
f 57 48 80
f 128 86 90
f 1989 2000 1990
f 1990 1985 1989
f 1990 1991 1985
f 1995 1996 1988
f 1988 1994 1995
f 1995 1994 1996
f 2077 2078 2069
f 2069 2076 2077
f 2077 2076 2078
f 2090 2089 2078
f 2078 2076 2090
f 2090 2076 2089
f 2026 1948 2015
f 2014 2022 2023
f 2023 2030 2031
f 2156 2033 2023
f 2033 2030 2023
f 2002 2000 2009
f 2009 2003 2002
f 2009 2000 1999
f 1999 1998 2009
f 1999 2000 1989
f 1989 1998 1999
f 2177 2174 1654
f 1654 2168 2177
f 2177 2175 2174
f 2177 2168 2175
f 2374 2373 2375
f 2373 2385 2375
f 1734 2374 2375
f 2375 1744 1743
f 2375 1743 1734
f 1390 1391 1387
f 1398 1391 1390
f 1390 1387 1389
f 1389 1398 1390
f 1100 1101 1072
f 1072 1071 1100
f 1072 1101 1073
f 1072 1073 1054
f 1054 1071 1072
f 990 961 989
f 991 963 989
f 963 990 989
f 989 1015 991
f 529 539 971
f 371 387 372
f 371 971 970
f 371 372 529
f 529 971 371
f 969 1002 387
f 968 1002 969
f 969 942 968
f 434 422 445
f 394 424 434
f 391 422 423
f 423 424 391
f 422 434 423
f 423 434 424
f 411 412 385
f 385 410 411
f 411 410 412
f 445 422 421
f 421 422 391
f 444 419 438
f 412 409 438
f 431 419 391
f 412 438 431
f 431 438 419
f 431 688 412
f 653 663 668
f 374 375 562
f 562 373 374
f 401 435 402
f 435 407 402
f 435 444 437
f 437 407 435
f 437 438 409
f 444 438 437
f 445 433 432
f 432 433 394
f 432 434 445
f 394 434 432
f 597 378 566
f 376 375 374
f 394 378 376
f 376 378 377
f 376 597 375
f 374 393 376
f 393 394 376
f 379 378 395
f 395 394 401
f 395 378 394
f 734 732 760
f 362 188 187
f 362 187 453
f 453 1278 362
f 1278 361 362
f 381 363 383
f 585 586 554
f 1280 537 554
f 554 553 585
f 554 537 553
f 566 603 599
f 599 603 629
f 589 588 590
f 589 383 380
f 590 383 589
f 380 363 589
f 363 588 589
f 539 924 542
f 542 971 539
f 970 971 542
f 551 550 552
f 552 544 539
f 628 627 611
f 628 594 627
f 592 594 593
f 914 921 922
f 914 561 921
f 922 923 914
f 914 923 539
f 539 561 914
f 539 544 560
f 560 561 539
f 1607 1627 1626
f 1625 1627 1607
f 1606 1625 1607
f 1585 1606 1607
f 1607 1626 1608
f 1608 1585 1607
f 1650 1627 1646
f 1646 1627 1625
f 1646 1649 1650
f 1646 1625 1649
f 883 860 882
f 861 860 883
f 882 862 883
f 862 861 883
f 955 954 956
f 929 954 955
f 956 930 955
f 955 930 929
f 1047 1045 1043
f 1043 1042 1047
f 1039 1025 1026
f 1026 1040 1039
f 1023 1025 1039
f 1039 1040 1023
f 1815 1016 1786
f 1786 1035 1815
f 1815 1035 1016
f 618 619 582
f 582 581 618
f 1303 581 582
f 582 583 1303
f 619 583 582
f 642 641 644
f 644 643 642
f 611 641 642
f 636 643 618
f 605 569 575
f 575 613 605
f 1351 1380 604
f 604 1380 577
f 604 610 1351
f 577 610 604
f 1219 1270 1291
f 1270 1290 1291
f 1291 1222 1219
f 1291 1290 1222
f 1320 1339 1317
f 1317 1242 1320
f 1317 1339 1315
f 1315 1242 1317
f 2263 2245 2244
f 2244 2243 2263
f 2244 2245 2232
f 2232 2243 2244
f 2080 2093 2094
f 2094 2093 2111
f 2094 2111 2112
f 2112 2105 2094
f 2094 2089 2080
f 2094 2105 2089
f 2126 2141 2127
f 2127 2128 2106
f 2106 2126 2127
f 2132 2131 2148
f 2131 2147 2148
f 2148 2147 2141
f 2117 2104 2125
f 2104 2124 2125
f 2125 2141 2117
f 2123 2124 2104
f 2136 2137 2108
f 2108 2137 2109
f 2108 2131 2132
f 2109 1882 2108
f 2143 2118 2142
f 2118 2140 2142
f 2141 2147 2152
f 1950 1959 1960
f 1960 1959 1973
f 1960 1961 1950
f 1973 1961 1960
f 2019 2008 2007
f 1997 1996 2007
f 2007 1949 1997
f 2007 2008 1949
f 1841 1822 1840
f 1841 1964 1822
f 2042 2034 2031
f 2031 2030 2042
f 2042 2030 2033
f 2044 2042 2033
f 1901 1900 2092
f 2092 1881 1901
f 2092 1882 1881
f 2092 2108 1882
f 2010 2014 2009
f 2010 2022 2014
f 230 257 258
f 258 253 230
f 257 253 258
f 247 253 257
f 246 253 247
f 269 822 247
f 250 269 247
f 247 257 250
f 248 224 247
f 224 246 247
f 822 249 247
f 810 248 247
f 247 249 810
f 130 154 153
f 166 156 153
f 153 156 130
f 1118 1115 1114
f 1118 156 1115
f 1485 1477 1494
f 1454 1060 1427
f 1427 1060 1408
f 1500 1454 1427
f 1427 1408 1500
f 1458 1429 1457
f 1459 1458 1461
f 1459 1429 1458
f 1415 1414 1413
f 1398 1414 1415
f 1413 1416 1415
f 1415 1416 1398
f 1450 1423 1449
f 1439 1440 1413
f 1413 1412 1439
f 1450 1449 1470
f 1484 1493 1496
f 1442 1440 1446
f 1446 2063 1442
f 2065 2058 2064
f 2058 2063 2064
f 2082 2083 2072
f 2072 2083 2073
f 2072 2064 2063
f 2072 2073 2065
f 2065 2064 2072
f 2097 1407 2115
f 2115 2113 2097
f 2097 2113 2114
f 2096 2083 2097
f 2114 2099 2097
f 2097 2099 2096
f 2085 2099 2098
f 2096 2099 2085
f 2085 2083 2096
f 2073 2083 2085
f 2425 2427 2413
f 2413 2414 2394
f 2413 2427 2414
f 2317 2325 2326
f 2326 2325 2340
f 1393 2317 2326
f 2326 2382 1393
f 2340 2325 2339
f 2339 2380 2340
f 1419 1444 1445
f 1444 1442 1445
f 1420 1442 1421
f 1420 1421 2058
f 2058 2054 1420
f 1420 1445 1442
f 1420 2054 1419
f 1419 1445 1420
f 1493 1476 1491
f 1491 1504 1493
f 1476 1504 1491
f 1475 1492 1493
f 1493 1504 1475
f 1475 1504 1492
f 1411 1433 1434
f 1434 1412 1411
f 1433 1412 1434
f 239 240 222
f 222 241 242
f 222 240 241
f 222 225 211
f 222 242 225
f 211 209 222
f 222 209 821
f 222 821 802
f 802 239 222
f 102 123 122
f 122 123 83
f 84 123 124
f 83 123 84
f 84 126 127
f 127 86 84
f 84 48 83
f 124 123 140
f 140 148 124
f 117 148 140
f 102 117 140
f 140 123 102
f 47 48 25
f 25 48 26
f 288 47 25
f 25 26 288
f 50 26 49
f 26 48 49
f 49 48 87
f 150 124 147
f 147 151 150
f 150 151 124
f 125 151 155
f 125 84 124
f 126 84 125
f 125 154 126
f 125 153 154
f 143 108 110
f 143 112 108
f 113 112 143
f 143 110 146
f 146 113 143
f 157 141 454
f 454 137 157
f 142 141 157
f 157 137 142
f 484 483 485
f 485 469 484
f 484 469 483
f 483 469 470
f 470 469 141
f 142 483 470
f 470 141 142
f 184 1050 185
f 1050 183 185
f 185 180 184
f 185 183 180
f 24 23 41
f 41 23 42
f 43 24 41
f 41 44 43
f 42 44 41
f 103 60 102
f 103 61 60
f 58 59 31
f 31 57 58
f 100 101 58
f 58 99 100
f 80 99 58
f 58 57 80
f 83 48 82
f 87 86 88
f 86 128 88
f 50 49 88
f 88 49 87
f 88 53 50
f 90 53 88
f 88 128 90
f 2004 2003 2013
f 2013 2015 2004
f 2013 2026 2015
f 2027 2025 2037
f 2027 2026 2025
f 2037 1948 2027
f 1948 2026 2027
f 2011 2003 2014
f 2014 2023 2011
f 2029 2022 2151
f 2029 2023 2022
f 2029 2151 2156
f 2156 2023 2029
f 1992 2003 1993
f 1992 2002 2003
f 1992 1990 2000
f 1991 1990 1992
f 1992 1993 1986
f 1986 1991 1992
f 2386 2377 1744
f 1744 2375 2386
f 2387 2377 2386
f 2386 2375 2385
f 2386 2384 2387
f 2386 2385 2384
f 1001 1000 991
f 991 1015 1001
f 1001 968 1000
f 670 441 415
f 415 441 442
f 415 442 416
f 1015 989 415
f 415 1001 1015
f 416 387 415
f 387 1002 415
f 415 1002 968
f 968 1001 415
f 946 371 947
f 947 371 970
f 947 924 946
f 970 542 947
f 942 969 370
f 943 942 370
f 387 371 370
f 370 969 387
f 946 943 370
f 370 371 946
f 710 682 709
f 710 732 734
f 709 732 710
f 420 419 445
f 445 421 420
f 391 419 420
f 420 421 391
f 429 688 430
f 688 431 430
f 391 429 430
f 430 431 391
f 664 651 653
f 664 665 651
f 666 665 687
f 412 688 687
f 687 688 666
f 381 399 400
f 400 399 401
f 766 362 368
f 385 407 408
f 407 437 408
f 408 409 385
f 408 437 409
f 563 562 375
f 375 597 563
f 563 597 566
f 373 562 563
f 566 540 563
f 563 540 373
f 596 376 377
f 597 376 596
f 377 378 596
f 378 597 596
f 397 395 401
f 379 395 397
f 771 188 790
f 759 763 771
f 771 790 759
f 759 790 760
f 759 758 763
f 759 732 758
f 759 760 732
f 630 599 629
f 625 599 630
f 630 629 640
f 640 627 630
f 627 625 630
f 829 832 536
f 536 550 829
f 536 552 550
f 544 552 536
f 835 837 840
f 840 832 835
f 833 840 837
f 832 840 833
f 564 540 566
f 565 541 540
f 540 564 565
f 565 564 566
f 566 599 600
f 600 591 566
f 600 599 625
f 539 541 555
f 555 565 591
f 592 593 557
f 557 591 592
f 557 555 591
f 557 593 594
f 561 849 850
f 909 887 886
f 1046 1042 1045
f 1045 1047 1046
f 1046 1047 1042
f 611 642 612
f 612 613 575
f 612 574 611
f 575 574 612
f 613 612 634
f 634 612 642
f 570 546 573
f 2141 2125 2144
f 2144 2125 2124
f 2122 2104 2103
f 2122 2123 2104
f 2130 2147 2131
f 2131 2108 2130
f 2120 2122 2103
f 2103 2102 2120
f 2124 2123 2121
f 2121 2142 2124
f 2123 2122 2121
f 2122 2120 2121
f 2121 2120 2102
f 2143 2142 2121
f 2121 2119 2143
f 2121 2102 2119
f 2135 2142 2140
f 2140 2139 2135
f 2139 2149 2135
f 2135 2149 2136
f 2136 2108 2135
f 2017 2018 2006
f 2005 2017 2006
f 2006 2018 2019
f 2019 2007 2006
f 2006 1996 2005
f 2006 2007 1996
f 1953 1964 1965
f 1964 1841 1965
f 1840 1953 1965
f 1965 1841 1840
f 2025 2034 2035
f 2034 2042 2035
f 2042 2044 2035
f 2146 2152 2147
f 2146 2157 2152
f 2146 2044 2156
f 2156 2157 2146
f 2107 2092 1900
f 2108 2092 2107
f 2107 2040 2048
f 2107 2130 2108
f 2145 2127 2141
f 2141 2022 2145
f 2022 2010 2145
f 2128 2127 2145
f 2009 2128 2145
f 2145 2010 2009
f 92 90 131
f 90 130 131
f 130 156 131
f 1454 1477 1478
f 1478 1479 1454
f 1477 1479 1478
f 1454 1479 1455
f 1477 1485 1495
f 1495 1479 1477
f 1485 1479 1495
f 1460 1485 1482
f 1460 1479 1485
f 1460 1429 1056
f 1056 1057 1460
f 1104 1105 1077
f 1105 1078 1077
f 1075 1104 1077
f 1079 1429 1410
f 1410 1395 1394
f 1411 1395 1410
f 1481 1483 1458
f 1458 1457 1481
f 1494 1483 1481
f 1481 1485 1494
f 1482 1485 1481
f 1481 1457 1482
f 1466 1470 1449
f 2095 1449 1423
f 2095 2083 2082
f 1423 2097 2095
f 2095 2097 2083
f 1448 1426 1425
f 1451 1452 1425
f 1425 1426 1407
f 1473 1452 1451
f 1471 1451 1450
f 1450 1470 1471
f 1471 1470 1451
f 1437 1412 1436
f 1493 1492 1497
f 1497 1496 1493
f 1487 1496 1497
f 1498 1487 1497
f 1497 1492 1498
f 1461 1484 1486
f 1484 1496 1486
f 1486 1487 1461
f 1486 1496 1487
f 2082 2072 2071
f 2063 1446 2071
f 2071 2072 2063
f 2071 1466 1449
f 2071 1446 1440
f 1440 1466 2071
f 2074 2073 2084
f 2073 2085 2084
f 2084 2085 2098
f 2084 2087 2074
f 2098 2087 2084
f 2340 2380 2381
f 2381 2326 2340
f 2382 2326 2381
f 2395 2382 2381
f 2381 2394 2395
f 2412 2358 2425
f 2394 2411 2412
f 2412 2413 2394
f 2425 2413 2412
f 2338 2339 2325
f 2338 2325 2337
f 2357 2358 2338
f 2358 2339 2338
f 2338 2337 2356
f 2356 2357 2338
f 2380 2339 2393
f 2393 2339 2411
f 2393 2381 2380
f 2393 2411 2394
f 2394 2381 2393
f 86 48 85
f 85 84 86
f 48 84 85
f 124 151 149
f 149 125 124
f 151 125 149
f 152 125 155
f 153 125 152
f 166 153 152
f 168 169 152
f 169 166 152
f 152 167 168
f 152 155 167
f 59 58 62
f 62 63 32
f 32 59 62
f 62 72 63
f 62 101 72
f 62 58 101
f 48 57 81
f 81 82 48
f 102 122 104
f 104 103 102
f 104 122 83
f 83 82 104
f 61 103 104
f 2003 2011 2012
f 2012 2013 2003
f 2026 2013 2012
f 2025 2026 2012
f 2012 2011 2023
f 2000 2002 2001
f 2001 1992 2000
f 2002 1992 2001
f 693 414 671
f 671 670 693
f 439 961 414
f 414 693 439
f 670 415 440
f 440 415 989
f 440 693 670
f 440 439 693
f 440 989 961
f 961 439 440
f 948 542 924
f 924 947 948
f 948 947 542
f 683 710 712
f 683 712 385
f 385 685 683
f 682 710 683
f 683 685 663
f 662 682 683
f 683 663 662
f 669 687 665
f 665 664 669
f 653 668 669
f 669 664 653
f 398 399 381
f 401 399 398
f 398 397 401
f 379 397 398
f 766 368 764
f 385 369 366
f 366 384 385
f 365 366 361
f 365 1279 1280
f 365 361 1279
f 401 402 382
f 382 400 401
f 363 381 382
f 381 400 382
f 586 363 382
f 382 554 586
f 760 790 791
f 766 764 791
f 791 764 760
f 791 790 188
f 188 362 791
f 791 362 766
f 576 579 578
f 578 579 551
f 551 552 578
f 611 615 617
f 544 536 530
f 832 833 530
f 530 536 832
f 566 591 598
f 598 565 566
f 591 565 598
f 624 600 625
f 591 600 624
f 624 625 592
f 592 591 624
f 541 565 567
f 567 555 541
f 565 555 567
f 539 555 556
f 556 557 539
f 555 557 556
f 580 578 552
f 616 578 580
f 580 617 616
f 851 850 868
f 561 850 851
f 851 868 915
f 915 561 851
f 867 887 868
f 868 850 867
f 867 850 849
f 633 634 607
f 613 634 633
f 607 608 571
f 571 570 573
f 571 577 572
f 571 610 577
f 572 546 571
f 546 570 571
f 609 636 618
f 609 608 636
f 609 571 608
f 609 618 638
f 638 610 609
f 610 571 609
f 643 636 637
f 636 608 637
f 637 642 643
f 2141 2144 2133
f 2132 2148 2133
f 2133 2148 2141
f 2133 2144 2124
f 2133 2108 2132
f 2147 2130 2129
f 2129 2146 2147
f 2130 2107 2129
f 2129 2107 2048
f 2124 2142 2134
f 2142 2135 2134
f 2134 2135 2108
f 2134 2133 2124
f 2108 2133 2134
f 2156 2154 2153
f 2153 2157 2156
f 2154 2141 2153
f 2141 2152 2153
f 2152 2157 2153
f 2037 2025 2036
f 2025 2035 2036
f 2041 2033 2156
f 2041 2043 2033
f 2155 2044 2033
f 2033 2043 2155
f 2156 2044 2155
f 156 1118 1135
f 1135 131 156
f 1135 1118 1114
f 1114 92 1135
f 92 131 1135
f 1428 1060 1454
f 1454 1455 1428
f 1059 1455 1479
f 1060 1428 1059
f 1059 1428 1455
f 1482 1457 1480
f 1480 1460 1482
f 1394 1075 1055
f 1075 1077 1055
f 1055 1078 1394
f 1055 1077 1078
f 1079 1410 1106
f 1106 1105 1079
f 1106 1078 1105
f 1394 1078 1409
f 1409 1410 1394
f 1078 1106 1409
f 1409 1106 1410
f 1432 1410 1431
f 1435 1411 1432
f 1411 1410 1432
f 1431 1410 1430
f 1461 1462 1430
f 1430 1462 1431
f 1430 1410 1429
f 1430 1459 1461
f 1429 1459 1430
f 1465 1466 1440
f 1470 1466 1465
f 1450 1451 1424
f 1451 1425 1424
f 1424 1425 1407
f 1424 1423 1450
f 1407 2097 1424
f 1424 2097 1423
f 1452 1473 1453
f 1453 1468 1448
f 1448 1425 1453
f 1453 1425 1452
f 1451 1470 1472
f 1472 1473 1451
f 1472 1453 1473
f 1440 1439 1438
f 1438 1465 1440
f 1437 1465 1438
f 1438 1439 1412
f 1412 1437 1438
f 2082 2071 2081
f 2081 2071 1449
f 2081 2095 2082
f 1449 2095 2081
f 2358 2412 2410
f 2410 2412 2411
f 2410 2339 2358
f 2411 2339 2410
f 98 57 61
f 61 104 98
f 98 104 82
f 98 81 57
f 82 81 98
f 2024 2034 2025
f 2025 2012 2024
f 2031 2034 2024
f 2024 2012 2023
f 691 669 668
f 379 398 396
f 396 398 381
f 396 383 379
f 396 381 383
f 739 369 385
f 735 764 736
f 735 710 734
f 735 736 710
f 734 760 735
f 760 764 735
f 403 404 384
f 403 382 402
f 384 382 403
f 407 404 403
f 406 407 385
f 406 404 407
f 385 384 405
f 384 404 405
f 405 406 385
f 404 406 405
f 738 366 369
f 369 739 738
f 364 382 384
f 384 366 364
f 366 365 364
f 554 382 364
f 1280 554 364
f 364 365 1280
f 611 617 595
f 595 628 611
f 595 580 557
f 617 580 595
f 594 628 595
f 595 557 594
f 614 578 616
f 616 617 614
f 614 617 615
f 614 615 576
f 576 578 614
f 544 530 834
f 834 530 833
f 837 544 834
f 834 833 837
f 559 552 539
f 559 580 552
f 557 580 559
f 866 886 887
f 887 867 866
f 866 867 849
f 849 864 865
f 865 866 849
f 886 866 865
f 854 873 874
f 909 886 884
f 886 865 884
f 884 865 864
f 848 849 561
f 848 864 849
f 606 633 607
f 607 571 606
f 613 633 606
f 606 605 613
f 569 605 606
f 573 569 606
f 606 571 573
f 642 637 635
f 635 637 608
f 635 608 607
f 607 634 635
f 635 634 642
f 2044 2146 2045
f 2146 2129 2045
f 2045 2035 2044
f 1919 1920 2039
f 2048 2040 2039
f 2039 1918 1919
f 1902 1918 2039
f 1900 1902 2039
f 2039 2107 1900
f 2040 2107 2039
f 2043 2041 2158
f 2158 2155 2043
f 2158 2041 2156
f 2156 2155 2158
f 1058 1460 1057
f 1058 1059 1479
f 1479 1460 1058
f 1058 1081 1082
f 1058 1057 1081
f 1082 1060 1058
f 1060 1059 1058
f 1429 1460 1456
f 1460 1480 1456
f 1456 1457 1429
f 1456 1480 1457
f 1464 1472 1470
f 1470 1465 1464
f 1464 1465 1437
f 1464 1433 1435
f 1436 1433 1464
f 1464 1437 1436
f 1453 1472 1474
f 1461 1468 1474
f 1468 1453 1474
f 1474 1462 1461
f 1474 1472 1462
f 2032 2023 2031
f 2031 2024 2032
f 2032 2024 2023
f 686 691 668
f 663 685 686
f 686 668 663
f 686 685 385
f 385 691 686
f 412 687 413
f 385 412 413
f 436 402 407
f 407 403 436
f 436 403 402
f 366 738 367
f 367 764 368
f 361 366 367
f 367 362 361
f 367 368 362
f 736 764 737
f 710 736 737
f 712 710 737
f 539 557 558
f 558 559 539
f 557 559 558
f 885 894 909
f 909 884 885
f 885 884 864
f 864 874 885
f 873 894 885
f 885 874 873
f 561 560 855
f 855 848 561
f 855 560 544
f 855 544 854
f 854 874 855
f 855 874 864
f 864 848 855
f 2046 2036 2035
f 2037 2036 2046
f 2035 2045 2046
f 2048 2039 2046
f 2046 2047 2037
f 2046 2045 2129
f 2046 2129 2048
f 2046 1920 2047
f 2046 2039 1920
f 1463 1464 1435
f 1472 1464 1463
f 1462 1472 1463
f 1435 1432 1463
f 1431 1462 1463
f 1463 1432 1431
f 692 691 385
f 687 669 692
f 669 691 692
f 764 367 765
f 765 367 738
f 765 737 764
f 738 737 765
f 713 738 739
f 713 737 738
f 713 739 385
f 385 712 713
f 712 737 713
f 385 413 716
f 716 692 385
f 716 413 687
f 687 692 716
f 1064 1049 1053
f 1053 1063 1064
f 1006 979 995
f 995 1019 1006
f 2271 2281 2274
f 2274 2273 2271

