# https://github.com/mikedh/trimesh
v -0.00677653 0.00141244 0.07422403
v -0.00674971 0.00102922 0.07422403
v -0.00671694 0.00102922 0.07434473
v -0.00674276 0.00141244 0.07434473
v -0.00673680 0.00179508 0.07434473
v -0.00659080 0.00102922 0.07458847
v -0.00661314 0.00141244 0.07460531
v -0.00668317 0.00064658 0.07434473
v -0.00661414 0.00179508 0.07460297
v -0.00658633 0.00210398 0.07457470
v -0.00665734 0.00221024 0.07437976
v -0.00664443 0.00256094 0.07422403
v -0.00635839 0.00102922 0.07471974
v -0.00656746 0.00064658 0.07456106
v -0.00635839 0.00141244 0.07473756
v -0.00635839 0.00179508 0.07473055
v -0.00601374 0.00256094 0.07485175
v -0.00594670 0.00294126 0.07483515
v -0.00626006 0.00294358 0.07463469
v -0.00654511 0.00235888 0.07453070
v -0.00662357 0.00256094 0.07428561
v -0.00582950 0.00179508 0.07493299
v -0.00656249 0.00041317 0.07452173
v -0.00655355 0.00042942 0.07454139
v -0.00584589 0.00217772 0.07494111
v -0.00582206 0.00256094 0.07493373
v -0.00579971 0.00281236 0.07492501
v -0.00576147 0.00306784 0.07490300
v -0.00568251 0.00332622 0.07487498
v -0.00599835 0.00334016 0.07468532
v -0.00620841 0.00322171 0.07458810
v -0.00651233 0.00256094 0.07447699
v -0.00656696 0.00285997 0.07422403
v -0.00520974 0.00256094 0.07507557
v -0.00559262 0.00217772 0.07499150
v -0.00559262 0.00256094 0.07500404
v -0.00561745 0.00294126 0.07497319
v -0.00549132 0.00332622 0.07494541
v -0.00541633 0.00353874 0.07492340
v -0.00556332 0.00368332 0.07481672
v -0.00587867 0.00370828 0.07462190
v -0.00580865 0.00393822 0.07456549
v -0.00614087 0.00347661 0.07450353
v -0.00629184 0.00334016 0.07436354
v -0.00642791 0.00320139 0.07422403
v -0.00356449 0.00343364 0.07530899
v -0.00520974 0.00294358 0.07507582
v -0.00520974 0.00332622 0.07501289
v -0.00504288 0.00392660 0.07492390
v -0.00529814 0.00379364 0.07488936
v -0.00524053 0.00450318 0.07467709
v -0.00547195 0.00439460 0.07460371
v -0.00559660 0.00407583 0.07465312
v -0.00538852 0.00465008 0.07451976
v -0.00572720 0.00419312 0.07445314
v -0.00622828 0.00361712 0.07424837
v -0.00170372 0.00629967 0.07437349
v -0.00176480 0.00294358 0.07547861
v -0.00214768 0.00294358 0.07545292
v -0.00253056 0.00332622 0.07541432
v -0.00356449 0.00353641 0.07530899
v -0.00464361 0.00428834 0.07492021
v -0.00479359 0.00443931 0.07484007
v -0.00518590 0.00406944 0.07484315
v -0.00484772 0.00488175 0.07466590
v -0.00513327 0.00477085 0.07461293
v -0.00498925 0.00502633 0.07451104
v -0.00510397 0.00512736 0.07425586
v -0.00547344 0.00474762 0.07426459
v -0.00621239 0.00366590 0.07422403
v -0.00214768 0.00629444 0.07431769
v -0.00176132 0.00629328 0.07437865
v -0.00176480 0.00332622 0.07544419
v -0.00214768 0.00332622 0.07545132
v -0.00291345 0.00362293 0.07534008
v -0.00240443 0.00545194 0.07492796
v -0.00314784 0.00507220 0.07492488
v -0.00406209 0.00524000 0.07471839
v -0.00442461 0.00524000 0.07462866
v -0.00473400 0.00511284 0.07459191
v -0.00428457 0.00545194 0.07455651
v -0.00453933 0.00536832 0.07445289
v -0.00483828 0.00524755 0.07435444
v -0.00545258 0.00479465 0.07422403
v -0.00253056 0.00625554 0.07426348
v -0.00253056 0.00613767 0.07445486
v -0.00214768 0.00617193 0.07450907
v -0.00188647 0.00619051 0.07452886
v -0.00170372 0.00619864 0.07453685
v -0.00214768 0.00365022 0.07537524
v -0.00253056 0.00366241 0.07535975
v -0.00214768 0.00547516 0.07493705
v -0.00214768 0.00566677 0.07484413
v -0.00329633 0.00586303 0.07458515
v -0.00329633 0.00562264 0.07470658
v -0.00367673 0.00564297 0.07463665
v -0.00406209 0.00551987 0.07460076
v -0.00354811 0.00583400 0.07455885
v -0.00380336 0.00578406 0.07447871
v -0.00463666 0.00547342 0.07422403
v -0.00291345 0.00590483 0.07461084
v -0.00253056 0.00594664 0.07463210
v -0.00214768 0.00598032 0.07465263
v -0.00176132 0.00603954 0.07464243
v -0.00176480 0.00549258 0.07494148
v -0.00176480 0.00568419 0.07485740
v -0.00367673 0.00588625 0.07434854
v -0.00406606 0.00571438 0.07434854
v -0.00367772 0.00592922 0.07422403
v -0.00099800 -0.00624372 0.07469101
v -0.00061549 -0.00624372 0.07473770
v -0.00059502 -0.00647009 0.07459565
v -0.00099800 -0.00547880 0.07499823
v -0.00138052 0.00217788 0.07549095
v -0.00138052 0.00255972 0.07549123
v -0.00061549 -0.00598253 0.07487813
v -0.00099800 -0.00574746 0.07495201
v -0.00163081 0.00620150 0.07454012
v -0.00023218 -0.00624372 0.07474796
v -0.00023218 -0.00600492 0.07489564
v 0.00575272 -0.00140917 0.07459565
v 0.00232974 -0.00572009 0.07459565
v -0.00099879 0.00102863 0.07549276
v -0.00099879 0.00141172 0.07549951
v -0.00099879 0.00179480 0.07550008
v -0.00061549 -0.00579099 0.07495478
v -0.00061549 -0.00547880 0.07500041
v -0.00099879 0.00255972 0.07548354
v -0.00099879 0.00217788 0.07550037
v -0.00138052 0.00294280 0.07546642
v -0.00170322 0.00611194 0.07459697
v -0.00138052 0.00620647 0.07454449
v -0.00138052 0.00600498 0.07468179
v -0.00023218 0.00574876 0.07489754
v -0.00061549 0.00600498 0.07470832
v 0.00091616 -0.00618153 0.07465479
v 0.00015034 -0.00597880 0.07488859
v 0.00016765 -0.00627730 0.07467608
v 0.00015034 -0.00578726 0.07494983
v -0.00023218 -0.00581338 0.07495354
v 0.00615019 -0.00011937 0.07461019
v 0.00577948 -0.00126738 0.07462255
v 0.00541507 -0.00203354 0.07461751
v 0.00501209 -0.00279846 0.07460012
v 0.00473031 -0.00315418 0.07462255
v 0.00435882 -0.00355592 0.07466448
v 0.00423052 -0.00383204 0.07460230
v 0.00387004 -0.00423129 0.07461970
v 0.00349618 -0.00461438 0.07461704
v 0.00311288 -0.00499621 0.07461438
v 0.00272957 -0.00536935 0.07461181
v 0.00232895 -0.00571885 0.07459716
v 0.00129867 -0.00613925 0.07462360
v 0.00206450 -0.00578228 0.07464727
v 0.00632729 0.00054480 0.07452908
v 0.00620214 0.00026247 0.07465459
v 0.00321126 -0.00356463 0.07500736
v 0.00359378 -0.00318030 0.07501087
v 0.00397630 -0.00279846 0.07501163
v 0.00397630 -0.00241662 0.07503008
v -0.00023218 -0.00547880 0.07499804
v 0.00015034 -0.00547880 0.07499319
v 0.00168119 -0.00471263 0.07501239
v 0.00244623 -0.00432955 0.07499994
v 0.00282796 -0.00394647 0.07500374
v 0.00474291 -0.00088429 0.07504206
v 0.00512542 -0.00011937 0.07503541
v -0.00061549 0.00217788 0.07548039
v 0.00474291 0.00332464 0.07504054
v 0.00474291 0.00370773 0.07501411
v 0.00436039 0.00409081 0.07500041
v 0.00359378 0.00447389 0.07500878
v 0.00321205 0.00485573 0.07498112
v 0.00282875 0.00485573 0.07499652
v 0.00244544 0.00519653 0.07495173
v 0.00206135 0.00526991 0.07495230
v 0.00091537 0.00553732 0.07494165
v 0.00053285 0.00556344 0.07494593
v 0.00014955 0.00556841 0.07494412
v -0.00099879 0.00621020 0.07454772
v -0.00023218 0.00600498 0.07471973
v 0.00014955 0.00575996 0.07490020
v 0.00053285 -0.00592158 0.07486530
v 0.00078944 -0.00568900 0.07492530
v 0.00053285 -0.00573004 0.07493757
v 0.00053285 -0.00547880 0.07497969
v 0.00584245 -0.00088429 0.07466695
v 0.00594949 0.00026247 0.07484610
v 0.00547095 -0.00123006 0.07481557
v 0.00552919 -0.00165419 0.07466220
v 0.00555123 -0.00088429 0.07485836
v 0.00512542 -0.00203354 0.07477754
v 0.00514117 -0.00241289 0.07465032
v 0.00474291 -0.00279846 0.07474464
v 0.00434229 -0.00318030 0.07483021
v 0.00397945 -0.00358204 0.07486150
v 0.00398968 -0.00395393 0.07469491
v 0.00361188 -0.00434696 0.07470080
v 0.00284527 -0.00511189 0.07468882
v 0.00245174 -0.00548999 0.07467903
v 0.00206450 -0.00547880 0.07481120
v 0.00129867 -0.00586064 0.07477497
v 0.00633752 0.00064555 0.07452908
v 0.00622418 0.00064555 0.07467722
v 0.00597389 0.00064555 0.07486863
v 0.00595972 0.00041296 0.07485494
v 0.00361031 -0.00358204 0.07495791
v 0.00397945 -0.00318030 0.07495829
v 0.00427539 -0.00279846 0.07495715
v 0.00438636 -0.00243404 0.07497617
v 0.00435960 -0.00203354 0.07502028
v 0.00129867 -0.00509447 0.07499357
v 0.00206450 -0.00471263 0.07499328
v 0.00243521 -0.00470766 0.07494878
v 0.00282953 -0.00433328 0.07495259
v 0.00322149 -0.00395891 0.07495534
v 0.00474291 -0.00126738 0.07502561
v 0.00512542 -0.00050245 0.07502409
v 0.00550873 0.00026247 0.07499528
v 0.00550873 0.00041296 0.07499832
v 0.00550794 0.00064555 0.07500298
v 0.00550794 0.00102863 0.07500584
v 0.00512542 0.00041296 0.07503740
v 0.00512464 0.00255972 0.07504539
v 0.00512464 0.00294280 0.07503673
v 0.00515061 0.00334703 0.07498358
v 0.00503570 0.00370773 0.07495896
v 0.00496250 0.00393285 0.07493699
v 0.00472008 0.00407340 0.07495630
v 0.00432812 0.00445150 0.07494412
v 0.00397630 0.00447389 0.07497997
v 0.00359142 0.00487687 0.07494878
v 0.00346313 0.00506220 0.07492330
v 0.00321205 0.00509702 0.07493129
v 0.00282875 0.00514926 0.07494241
v 0.00193069 0.00544155 0.07492140
v 0.00129867 0.00550125 0.07493405
v 0.00129867 0.00569279 0.07488308
v 0.00091537 0.00572886 0.07488927
v 0.00053285 0.00575498 0.07489582
v 0.00053285 0.00621766 0.07455666
v 0.00014955 0.00600498 0.07472505
v 0.00091537 0.00600498 0.07472001
v 0.00053285 0.00600498 0.07472496
v 0.00091694 -0.00583452 0.07484695
v 0.00170953 -0.00546761 0.07487015
v 0.00160091 -0.00533328 0.07492967
v 0.00129867 -0.00539795 0.07494422
v 0.00091694 -0.00550119 0.07495316
v 0.00586685 -0.00012932 0.07481605
v 0.00575744 0.00026247 0.07494184
v 0.00572360 -0.00000868 0.07493053
v 0.00512542 -0.00168528 0.07486749
v 0.00536076 -0.00088429 0.07493452
v 0.00531747 -0.00107708 0.07491921
v 0.00420376 -0.00305095 0.07493234
v 0.00410931 -0.00330717 0.07489734
v 0.00374883 -0.00372135 0.07490638
v 0.00361031 -0.00395891 0.07487443
v 0.00243521 -0.00508079 0.07485598
v 0.00230219 -0.00494398 0.07492673
v 0.00206450 -0.00521512 0.07489154
v 0.00185514 -0.00527980 0.07490856
v 0.00632729 0.00102863 0.07452908
v 0.00621395 0.00102863 0.07467418
v 0.00597389 0.00102863 0.07486559
v 0.00578342 0.00102863 0.07494945
v 0.00578342 0.00064555 0.07494803
v 0.00584245 0.00041296 0.07491313
v 0.00385351 -0.00346637 0.07493471
v 0.00349382 -0.00383950 0.07493319
v 0.00460596 -0.00231837 0.07493889
v 0.00468545 -0.00203354 0.07496333
v 0.00512542 -0.00088429 0.07499690
v 0.00170953 -0.00512930 0.07496143
v 0.00206450 -0.00502482 0.07494536
v 0.00270203 -0.00457831 0.07492996
v 0.00310186 -0.00420891 0.07493167
v 0.00544025 -0.00050245 0.07496010
v 0.00553392 -0.00012932 0.07496761
v 0.00550794 0.00141172 0.07500602
v 0.00550794 0.00179480 0.07499871
v 0.00543396 0.00294280 0.07497237
v 0.00548827 0.00255972 0.07498112
v 0.00537020 0.00323634 0.07494831
v 0.00529622 0.00349006 0.07490685
v 0.00522696 0.00370773 0.07483488
v 0.00534187 0.00393161 0.07456379
v 0.00509945 0.00405971 0.07470223
v 0.00498296 0.00433832 0.07458547
v 0.00461698 0.00474006 0.07459612
v 0.00424626 0.00512190 0.07459935
v 0.00457683 0.00430847 0.07493158
v 0.00417936 0.00467538 0.07492311
v 0.00397630 0.00474752 0.07493442
v 0.00371814 0.00501991 0.07491008
v 0.00321205 0.00528856 0.07486131
v 0.00282875 0.00534080 0.07488555
v 0.00168119 0.00565672 0.07487186
v 0.00130182 0.00603483 0.07466933
v 0.00091537 0.00621642 0.07455847
v 0.00117589 0.00620896 0.07455076
v 0.00493102 -0.00183703 0.07491484
v 0.00512542 -0.00123006 0.07495610
v 0.00499713 -0.00158081 0.07494003
v 0.00335608 -0.00409448 0.07490153
v 0.00618561 0.00217788 0.07463738
v 0.00596130 0.00141172 0.07485379
v 0.00577004 0.00141172 0.07494821
v 0.00562600 0.00294280 0.07486454
v 0.00571967 0.00210326 0.07492815
v 0.00569763 0.00235823 0.07491560
v 0.00568031 0.00255972 0.07490171
v 0.00589125 0.00255972 0.07478600
v 0.00574406 0.00179480 0.07493947
v 0.00611635 0.00281096 0.07457349
v 0.00542058 0.00370773 0.07464347
v 0.00577791 0.00324504 0.07461086
v 0.00382124 0.00544652 0.07455637
v 0.00396056 0.00524503 0.07465745
v 0.00397630 0.00493906 0.07486397
v 0.00443437 0.00456469 0.07485123
v 0.00359142 0.00520896 0.07481814
v 0.00321205 0.00556593 0.07466991
v 0.00244544 0.00587936 0.07462265
v 0.00244544 0.00562190 0.07479199
v 0.00206135 0.00559080 0.07486197
v 0.00206371 0.00592040 0.07466372
v 0.00168119 0.00596020 0.07468046
v 0.00593611 0.00179480 0.07484077
v 0.00615728 0.00255972 0.07461190
v 0.00586449 0.00220898 0.07484476
v 0.00272485 0.00583956 0.07457225
v 0.00359378 0.00549379 0.07460819
v -0.00663381 -0.00011983 0.07421366
v -0.00661611 -0.00011983 0.07427561
v -0.00663105 0.00028590 0.07436802
v -0.00660892 0.00041317 0.07443609
v -0.00657961 -0.00040720 0.07421366
v -0.00650440 -0.00011983 0.07446706
v -0.00652873 0.00017369 0.07451127
v -0.00620243 -0.00155051 0.07421366
v -0.00620132 -0.00154914 0.07421915
v -0.00623949 -0.00124809 0.07434604
v -0.00617699 -0.00110714 0.07454762
v -0.00647011 -0.00052146 0.07434267
v -0.00621404 -0.00088546 0.07458147
v -0.00627212 -0.00050230 0.07462205
v -0.00138204 -0.00011983 0.07548743
v -0.00138204 -0.00050230 0.07547831
v -0.00612113 -0.00136235 0.07447443
v -0.00584129 -0.00241672 0.07424401
v -0.00582470 -0.00192888 0.07457048
v -0.00587613 -0.00165109 0.07459883
v -0.00597568 -0.00050230 0.07472783
v -0.00631304 -0.00011983 0.07463891
v -0.00520970 -0.00241672 0.07474657
v -0.00479160 -0.00276772 0.07485835
v -0.00138204 0.00041317 0.07548955
v -0.00138204 0.00026333 0.07548930
v -0.00176475 -0.00126793 0.07547269
v -0.00104634 -0.00654660 0.07434680
v -0.00575612 -0.00218409 0.07450840
v -0.00543922 -0.00268014 0.07456935
v -0.00511181 -0.00318166 0.07461368
v -0.00522851 -0.00280398 0.07465839
v -0.00482699 -0.00318166 0.07476755
v -0.00464006 -0.00261856 0.07491967
v -0.00451507 -0.00318166 0.07488133
v -0.00427062 -0.00340540 0.07492329
v -0.00458531 -0.00287377 0.07490268
v -0.00214801 -0.00126793 0.07545833
v -0.00176475 -0.00088546 0.07547382
v -0.00214801 -0.00165109 0.07544121
v -0.00137374 -0.00648707 0.07436103
v -0.00104634 -0.00645765 0.07455948
v -0.00124101 -0.00644329 0.07454412
v -0.00167018 -0.00646244 0.07424438
v -0.00536843 -0.00293535 0.07449991
v -0.00569584 -0.00241672 0.07443547
v -0.00504821 -0.00341908 0.07456485
v -0.00483584 -0.00355387 0.07464878
v -0.00387298 -0.00414298 0.07492004
v -0.00441663 -0.00354566 0.07484499
v -0.00253073 -0.00165109 0.07540787
v -0.00432372 -0.00318166 0.07493303
v -0.00392441 -0.00394729 0.07493091
v -0.00214801 -0.00509608 0.07498261
v -0.00138204 -0.00547855 0.07498086
v -0.00104634 -0.00574266 0.07494976
v -0.00149597 -0.00641523 0.07449953
v -0.00104634 -0.00628318 0.07466214
v -0.00104634 -0.00624760 0.07468275
v -0.00137374 -0.00627018 0.07462642
v -0.00176475 -0.00617644 0.07461094
v -0.00178466 -0.00636939 0.07436103
v -0.00546687 -0.00308587 0.07424476
v -0.00496968 -0.00367429 0.07443909
v -0.00461683 -0.00411698 0.07450640
v -0.00471417 -0.00386177 0.07460157
v -0.00402507 -0.00429419 0.07479865
v -0.00367886 -0.00471292 0.07478229
v -0.00329615 -0.00509608 0.07475594
v -0.00279011 -0.00495718 0.07493153
v -0.00320932 -0.00460276 0.07493766
v -0.00251082 -0.00508924 0.07494503
v -0.00214801 -0.00535403 0.07494453
v -0.00173378 -0.00548539 0.07495514
v -0.00138204 -0.00570366 0.07493541
v -0.00208220 -0.00611008 0.07457372
v -0.00233716 -0.00605192 0.07453513
v -0.00138204 -0.00589523 0.07483450
v -0.00158556 -0.00567424 0.07492117
v -0.00253073 -0.00611076 0.07426274
v -0.00271323 -0.00605397 0.07421366
v -0.00499567 -0.00380908 0.07421366
v -0.00482865 -0.00394729 0.07434517
v -0.00468762 -0.00420934 0.07425125
v -0.00452945 -0.00433387 0.07436515
v -0.00426675 -0.00453982 0.07455124
v -0.00391391 -0.00495513 0.07457909
v -0.00404940 -0.00468555 0.07462443
v -0.00366669 -0.00508787 0.07463479
v -0.00237034 -0.00530066 0.07492466
v -0.00329615 -0.00539029 0.07461993
v -0.00251082 -0.00544845 0.07481638
v -0.00253073 -0.00580287 0.07462306
v -0.00278458 -0.00601292 0.07421366
v -0.00353064 -0.00532050 0.07456960
v -0.00306718 -0.00564687 0.07450640
v -0.00290625 -0.00585692 0.07433943
v -0.00469426 -0.00421756 0.07421366
v -0.00432593 -0.00460208 0.07434479
v -0.00416223 -0.00479366 0.07434479
v -0.00397087 -0.00501261 0.07434479
v -0.00378228 -0.00520350 0.07434479
v -0.00359037 -0.00538481 0.07434479
v -0.00319494 -0.00573718 0.07425125
v 0.00279746 -0.00683071 0.07011899
v 0.00291636 -0.00674089 0.07013367
v 0.00279746 -0.00682930 0.07013367
v 0.00378618 -0.00605274 0.07032386
v 0.00394761 -0.00592783 0.07017121
v 0.00419112 -0.00569206 0.07039344
v 0.00375161 -0.00602280 0.07051656
v 0.00356033 -0.00616782 0.07051656
v 0.00311111 -0.00650371 0.07051656
v 0.00420406 -0.00570563 0.07013367
v 0.00414337 -0.00564621 0.07064870
v 0.00400084 -0.00581229 0.07051923
v 0.00456348 -0.00530003 0.07036491
v 0.00452169 -0.00525466 0.07062017
v 0.00493584 -0.00490567 0.07032954
v 0.00472889 -0.00508016 0.07047486
v 0.00489455 -0.00485936 0.07058480
v 0.00533829 -0.00441962 0.07013367
v 0.00528382 -0.00449073 0.07013367
v 0.00533829 -0.00439623 0.07029633
v 0.00533829 -0.00436208 0.07051656
v 0.00526168 -0.00445891 0.07051656
v -0.00675738 0.00026323 0.07396168
v -0.00670365 -0.00012003 0.07396168
v -0.00657978 -0.00040660 0.07421366
v -0.00653170 -0.00066234 0.07408006
v -0.00579753 -0.00263398 0.07417412
v -0.00582241 -0.00251136 0.07421366
v -0.00503338 -0.00377744 0.07418371
v -0.00502602 -0.00376553 0.07421366
v -0.00578226 -0.00260105 0.07421366
v -0.00473756 -0.00427351 0.07396168
v -0.00192531 -0.00641611 0.07409457
v -0.00274489 -0.00606368 0.07417224
v -0.00458710 -0.00446479 0.07396168
v -0.00264704 -0.00608540 0.07421366
v -0.00320360 -0.00574418 0.07421366
v -0.00297962 -0.00598100 0.07396168
v -0.00326130 -0.00578972 0.07396168
v -0.00345304 -0.00563978 0.07396168
v -0.00329607 0.00715743 0.07013220
v -0.00367931 0.00700653 0.07041278
v -0.00239823 0.00735608 0.07001726
v -0.00272996 0.00734674 0.06957104
v -0.00367931 0.00707021 0.07013220
v -0.00389411 0.00697089 0.07034179
v -0.00658093 0.00508644 0.07036545
v -0.00252752 0.00736543 0.06971978
v -0.00274438 0.00734951 0.06936483
v -0.00367931 0.00712490 0.06936483
v -0.00367931 0.00710621 0.06975020
v -0.00231066 0.00742599 0.06914511
v -0.00394047 0.00698681 0.07013220
v -0.00400589 0.00700688 0.06975020
v -0.00485273 0.00664522 0.07012206
v -0.00499645 0.00656735 0.07024375
v -0.00608591 0.00572497 0.07013220
v -0.00625641 0.00553358 0.07013220
v -0.00644803 0.00531728 0.07013220
v -0.00661287 0.00512589 0.07013220
v -0.00681479 0.00482964 0.07012206
v -0.00690751 0.00463202 0.07024375
v -0.00238638 0.00813098 0.03744992
v -0.00404143 0.00701657 0.06936483
v -0.00482749 0.00668502 0.06975020
v -0.00502736 0.00658500 0.06999022
v -0.00572791 0.00615481 0.06975020
v -0.00548993 0.00625552 0.07013220
v -0.00568103 0.00611778 0.07013220
v -0.00589429 0.00592639 0.07013220
v -0.00612557 0.00576927 0.06975020
v -0.00629144 0.00557788 0.06975020
v -0.00694357 0.00468359 0.06998684
v -0.00648255 0.00535258 0.06975020
v -0.00664068 0.00516119 0.06975020
v -0.00683179 0.00490128 0.06975020
v -0.00693018 0.00460330 0.07022009
v -0.00238638 0.00813098 0.03735865
v -0.00317295 0.00776551 0.03746345
v -0.00482749 0.00672032 0.06706950
v -0.00482749 0.00671617 0.06745149
v -0.00424336 0.00694874 0.06860085
v -0.00423975 0.00694528 0.06898284
v -0.00404864 0.00701969 0.06898284
v -0.00423305 0.00693905 0.06936483
v -0.00231066 0.00813790 0.03734851
v -0.00503405 0.00658915 0.06975020
v -0.00482749 0.00669090 0.06936483
v -0.00522567 0.00647252 0.06975020
v -0.00553629 0.00628148 0.06975020
v -0.00593447 0.00596342 0.06975020
v -0.00554247 0.00628632 0.06936483
v -0.00554504 0.00629117 0.06898284
v -0.00573409 0.00615654 0.06936483
v -0.00616936 0.00581668 0.06808702
v -0.00614000 0.00578761 0.06936483
v -0.00651963 0.00540414 0.06898284
v -0.00650315 0.00538130 0.06936483
v -0.00696108 0.00470989 0.06975020
v -0.00666335 0.00518992 0.06936483
v -0.00687455 0.00496911 0.06898284
v -0.00685497 0.00493589 0.06936483
v -0.00291334 0.00782053 0.03726738
v -0.00317295 0.00776551 0.03731808
v -0.00619408 0.00621988 0.03737893
v -0.00506959 0.00660611 0.06668751
v -0.00506805 0.00660438 0.06706950
v -0.00503869 0.00659157 0.06936483
v -0.00482749 0.00670613 0.06821886
v -0.00482749 0.00669609 0.06898284
v -0.00525452 0.00649917 0.06745149
v -0.00524885 0.00649605 0.06783348
v -0.00524422 0.00649190 0.06821886
v -0.00554762 0.00630086 0.06821886
v -0.00617142 0.00581841 0.06783348
v -0.00699148 0.00548028 0.03770008
v -0.00656290 0.00544602 0.06706950
v -0.00655827 0.00544083 0.06745149
v -0.00655312 0.00543564 0.06774221
v -0.00654797 0.00543010 0.06799913
v -0.00653148 0.00541591 0.06860085
v -0.00669683 0.00522452 0.06860085
v -0.00668344 0.00521241 0.06898284
v -0.00698427 0.00474450 0.06936483
v -0.00688794 0.00499507 0.06860085
v -0.00702032 0.00480368 0.06860085
v -0.00700538 0.00477772 0.06898284
v -0.00656136 0.00582672 0.03739583
v -0.00597568 0.00624652 0.03736203
v -0.00735411 0.00510201 0.03772712
v -0.00554813 0.00630501 0.06783348
v -0.00525916 0.00650124 0.06706950
v -0.00735411 0.00510201 0.03785220
v -0.00692915 0.00504663 0.06553815
v -0.00692451 0.00504317 0.06592014
v -0.00691936 0.00503937 0.06630214
v -0.00690030 0.00501826 0.06783348
v -0.00689618 0.00500960 0.06821886
v -0.00702856 0.00481822 0.06821886
v -0.00705587 0.00484348 0.06668751
v -0.00705277 0.00483864 0.06706950
v -0.00704608 0.00483310 0.06745149
v -0.00703732 0.00482687 0.06783348
v -0.00717383 0.00460330 0.06794166
v -0.00163973 0.00620833 0.07452872
v -0.00170322 0.00625297 0.07445025
v -0.00163535 0.00620853 0.07452872
v -0.00138136 0.00633314 0.07434455
v 0.00388881 0.00546738 0.07444464
v 0.00383845 0.00545277 0.07452872
v 0.00388881 0.00551892 0.07432720
v 0.00340273 0.00581340 0.07414169
v -0.00161674 0.00620934 0.07452872
v -0.00061613 0.00646708 0.07396179
v -0.00138136 0.00621705 0.07452872
v -0.00135180 0.00621786 0.07452872
v -0.00023296 0.00636297 0.07434455
v -0.00023296 0.00647804 0.07396179
v 0.00359487 0.00564171 0.07434455
v 0.00324947 0.00576855 0.07436617
v 0.00298125 0.00579838 0.07450817
v 0.00314711 0.00585236 0.07425299
v 0.00191058 0.00620630 0.07417906
v 0.00014966 0.00636622 0.07434455
v 0.00284386 0.00589742 0.07436617
v 0.00275081 0.00585236 0.07452872
v 0.00129751 0.00637900 0.07396179
v 0.00168068 0.00623369 0.07424899
v 0.00053282 0.00635161 0.07434455
v 0.00168068 0.00615231 0.07444037
v 0.00142998 0.00618316 0.07451031
v 0.00091544 0.00632522 0.07434455
v 0.00130080 0.00626617 0.07436750
v -0.00783873 0.00041317 0.06975081
v -0.00782319 0.00026309 0.06974735
v -0.00782245 0.00026309 0.06975081
v -0.00774736 -0.00011873 0.06975710
v -0.00774477 -0.00013891 0.06974735
v -0.00736637 -0.00127701 0.07013777
v -0.00744479 -0.00126815 0.06975081
v -0.00733012 -0.00150926 0.07001298
v -0.00735305 -0.00157864 0.06974735
v -0.00711965 -0.00203378 0.07013370
v -0.00699536 -0.00235951 0.07013370
v -0.00580429 -0.00455355 0.06999672
v -0.00625409 -0.00390159 0.06974735
v -0.00702274 -0.00245153 0.06978251
v -0.00692545 -0.00260308 0.06993128
v -0.00661955 -0.00312169 0.07013370
v -0.00618714 -0.00378645 0.07035746
v -0.00621747 -0.00383713 0.07013370
v -0.00663619 -0.00322748 0.06974735
v -0.00664322 -0.00321124 0.06975792
v -0.00664174 -0.00321715 0.06974735
v 0.00683342 0.00387199 0.07066879
v 0.00731619 0.00249940 0.07053105
v 0.00673808 0.00408195 0.07053105
v 0.00685376 0.00390747 0.07053105
v 0.00674202 0.00407613 0.07053105
v 0.00730132 0.00256744 0.07053404
v 0.00246452 -0.00693239 0.07052562
v 0.00268503 -0.00685318 0.07040390
v 0.00194167 -0.00722937 0.07041932
v 0.00168927 -0.00727452 0.07053475
v 0.00272460 -0.00688285 0.07013367
v -0.00099875 -0.00764193 0.07013367
v -0.00061612 -0.00774591 0.06975085
v -0.00099875 -0.00759548 0.07035176
v 0.00014952 -0.00762077 0.07041303
v 0.00244608 -0.00702502 0.07013367
v 0.00279721 -0.00679874 0.07027304
v 0.00129780 -0.00747732 0.07013367
v 0.00168043 -0.00736843 0.07013367
v 0.00199737 -0.00725130 0.07013367
v 0.00071464 -0.00757897 0.07031768
v -0.00061612 -0.00767495 0.07013367
v -0.00023311 -0.00770308 0.07013367
v 0.00014952 -0.00769405 0.07013367
v 0.00045955 -0.00760193 0.07036839
v 0.00109804 -0.00757484 0.06992572
v 0.00056519 -0.00763186 0.07016755
v 0.00084256 -0.00760452 0.07006246
v 0.00053254 -0.00769043 0.06975085
v 0.00094821 -0.00762103 0.06977925
v 0.00099700 -0.00761406 0.06975085
v -0.00214764 0.00639723 0.07396183
v -0.00176503 0.00642623 0.07396183
v -0.00170358 0.00642844 0.07396183
v -0.00253060 0.00633554 0.07396183
v -0.00214764 0.00632153 0.07422403
v -0.00204689 0.00632915 0.07422403
v -0.00319830 0.00621879 0.07384662
v -0.00279497 0.00621854 0.07420103
v -0.00367879 0.00601897 0.07396183
v -0.00428504 0.00582996 0.07382505
v -0.00406569 0.00588035 0.07395638
v -0.00535249 0.00500683 0.07404860
v -0.00514243 0.00510908 0.07422403
v -0.00394065 0.00584127 0.07422332
v -0.00394137 0.00584078 0.07422403
v -0.00476518 0.00551167 0.07396183
v -0.00442544 0.00570781 0.07395638
v -0.00419573 0.00578498 0.07408037
v -0.00535249 0.00501175 0.07403746
v -0.00522317 0.00517126 0.07393386
v -0.00511600 0.00513194 0.07422403
v -0.00495666 0.00538829 0.07396183
v -0.00468766 0.00546178 0.07419748
v -0.00508813 0.00515578 0.07422403
v -0.00471302 0.00542589 0.07422403
v -0.00788310 0.00041363 0.06951828
v -0.00788947 0.00102940 0.06975101
v -0.00682060 0.00102940 0.07396138
v -0.00786401 0.00064672 0.06975101
v -0.00782000 0.00141208 0.07013381
v -0.00789742 0.00141208 0.06975101
v -0.00670685 0.00052559 0.07422403
v -0.00684897 0.00141208 0.07396138
v -0.00779454 0.00102940 0.07013381
v -0.00780223 0.00179522 0.07013381
v -0.00788788 0.00179522 0.06975101
v -0.00677234 0.00167409 0.07422403
v -0.00535293 0.00508930 0.07383078
v -0.00786720 0.00217790 0.06975101
v -0.00697413 0.00460246 0.07004642
v -0.00540755 0.00505443 0.07378756
v -0.00535982 0.00500258 0.07404260
v -0.00782344 0.00256058 0.06975101
v -0.00673257 0.00256104 0.07396138
v -0.00736498 0.00399403 0.06975101
v -0.00701656 0.00449188 0.07012431
v -0.00621311 0.00397384 0.07386592
v -0.00574245 0.00460522 0.07396138
v -0.00552475 0.00486814 0.07393384
v -0.00550964 0.00472865 0.07422403
v -0.00771632 0.00319609 0.06963797
v -0.00749358 0.00370863 0.06975101
v -0.00774708 0.00294005 0.06976003
v -0.00781363 0.00294280 0.06937200
v -0.00663234 0.00296070 0.07398133
v -0.00733395 0.00393484 0.07002267
v -0.00722789 0.00407387 0.07014378
v -0.00658328 0.00323693 0.07386687
v -0.00629717 0.00373019 0.07398086
v -0.00614470 0.00387198 0.07412097
v -0.00581537 0.00433037 0.07419743
v -0.00587318 0.00441388 0.07396138
v -0.00578037 0.00435652 0.07422403
v -0.00739176 0.00372560 0.07014378
v -0.00659150 0.00278404 0.07422403
v -0.00658249 0.00284461 0.07420693
v -0.00729604 0.00386463 0.07027772
v -0.00652733 0.00309927 0.07412239
v -0.00648570 0.00334935 0.07398133
v -0.00623486 0.00362741 0.07422403
v -0.00625209 0.00359254 0.07422403
v -0.00023273 0.00752241 0.07013364
v 0.00015220 0.00751290 0.07013152
v -0.00061570 0.00751792 0.07013364
v -0.00023273 0.00743440 0.07051650
v 0.00014960 0.00742647 0.07051650
v 0.00014960 0.00751290 0.07013364
v 0.00053257 0.00748568 0.07013364
v -0.00099867 0.00751131 0.07013364
v -0.00099867 0.00742198 0.07048560
v 0.00091554 0.00738656 0.07044013
v 0.00129787 0.00736621 0.07037896
v 0.00091554 0.00744894 0.07013364
v 0.00091554 0.00744920 0.07013152
v -0.00137904 0.00749308 0.07013152
v -0.00138164 0.00749281 0.07013364
v -0.00138164 0.00741299 0.07045910
v 0.00151699 0.00735141 0.07033955
v 0.00129787 0.00740453 0.07013364
v -0.00176462 0.00744656 0.07013364
v -0.00176462 0.00738683 0.07041544
v 0.00156705 0.00736304 0.07013364
v 0.00244613 0.00708922 0.07051650
v 0.00306773 0.00697636 0.07036474
v -0.00216189 0.00737969 0.07014117
v -0.00204356 0.00736145 0.07036620
v 0.00282911 0.00705936 0.07013364
v 0.00310154 0.00698694 0.07013364
v 0.00390260 0.00663198 0.07044504
v 0.00415748 0.00656907 0.07025827
v 0.00400924 0.00664889 0.07013185
v 0.00416724 0.00657674 0.07013152
v 0.00340711 -0.00643872 0.06921586
v 0.00279746 -0.00687036 0.06966509
v 0.00379986 -0.00606399 0.07006778
v 0.00318897 -0.00656537 0.06974889
v 0.00294222 -0.00675690 0.06974889
v 0.00279746 -0.00686481 0.06974889
v 0.00387249 -0.00599737 0.07011899
v 0.00316832 -0.00655010 0.07011899
v 0.00315887 -0.00655739 0.07011899
v 0.00407776 0.00537766 0.07443611
v 0.00427228 0.00515316 0.07452872
v 0.00418462 0.00544093 0.07418093
v 0.00396116 0.00548838 0.07432293
v 0.00461290 0.00509806 0.07422844
v 0.00640642 0.00041317 0.07437498
v 0.00450186 0.00499652 0.07448362
v 0.00498969 0.00472304 0.07421509
v 0.00504479 0.00476896 0.07396179
v 0.00641560 0.00064634 0.07442676
v 0.00487281 0.00459396 0.07447027
v 0.00536036 0.00432915 0.07419908
v 0.00523625 0.00457457 0.07396179
v 0.00649630 0.00064634 0.07423511
v 0.00650382 0.00102952 0.07423645
v 0.00650465 0.00141219 0.07422870
v 0.00640586 0.00102952 0.07442783
v 0.00519701 0.00414955 0.07452872
v 0.00523847 0.00418782 0.07445426
v 0.00540238 0.00438323 0.07396179
v 0.00536119 0.00394852 0.07452872
v 0.00547918 0.00405056 0.07430905
v 0.00570849 0.00391331 0.07416411
v 0.00657561 0.00102952 0.07396179
v 0.00657339 0.00141219 0.07396179
v 0.00650075 0.00179486 0.07421616
v 0.00639584 0.00141219 0.07442009
v 0.00568678 0.00350054 0.07452232
v 0.00561332 0.00370871 0.07443824
v 0.00603436 0.00306583 0.07446706
v 0.00611756 0.00319339 0.07421189
v 0.00656448 0.00179486 0.07396179
v 0.00638610 0.00179486 0.07440754
v 0.00648656 0.00208211 0.07418893
v 0.00631820 0.00124841 0.07452872
v 0.00617266 0.00294082 0.07434161
v 0.00644593 0.00233723 0.07409124
v 0.00629900 0.00256071 0.07434455
v -0.00061617 -0.00660205 0.07434459
v -0.00099897 -0.00655522 0.07434459
v -0.00099897 -0.00646117 0.07456303
v -0.00023336 -0.00659723 0.07434459
v -0.00061617 -0.00648257 0.07458691
v -0.00104604 -0.00654674 0.07434649
v 0.00182606 -0.00602718 0.07449953
v 0.00157066 -0.00608846 0.07457687
v 0.00195706 -0.00610041 0.07424419
v 0.00053225 -0.00660687 0.07396170
v -0.00023336 -0.00647428 0.07457986
v 0.00053225 -0.00649972 0.07429168
v 0.00016683 -0.00652438 0.07437553
v 0.00005052 -0.00645096 0.07455435
v 0.00169117 -0.00615302 0.07436087
v 0.00091506 -0.00637330 0.07440185
v 0.00126489 -0.00632550 0.07431040
v 0.00111501 -0.00643863 0.07416034
v 0.00091506 -0.00653768 0.07396170
v 0.00091506 -0.00646137 0.07421054
v 0.00030563 -0.00642783 0.07452369
v -0.00112745 -0.00769614 0.06974735
v -0.00537382 -0.00525205 0.06986380
v -0.00120234 -0.00758691 0.07033044
v -0.00138199 -0.00766596 0.06975081
v -0.00523552 -0.00546569 0.06974735
v -0.00521393 -0.00548409 0.06976361
v -0.00500717 -0.00566061 0.06991848
v -0.00159610 -0.00758962 0.06996461
v -0.00135075 -0.00760381 0.07010891
v -0.00241579 -0.00723448 0.07038043
v -0.00214792 -0.00738565 0.07013370
v -0.00172200 -0.00760531 0.06974735
v -0.00518820 -0.00552030 0.06974735
v -0.00503887 -0.00569199 0.06974735
v -0.00462719 -0.00604412 0.06992091
v -0.00267125 -0.00717292 0.07023187
v -0.00253847 -0.00726254 0.07011602
v -0.00465660 -0.00607248 0.06974735
v -0.00349002 -0.00682049 0.06994754
v -0.00329383 -0.00688838 0.07009854
v -0.00288536 -0.00709990 0.07011602
v -0.00273925 -0.00720913 0.06997660
v -0.00298093 -0.00713521 0.06975081
v -0.00279025 -0.00723237 0.06974735
v 0.00275034 -0.00689956 0.06975085
v -0.00099875 -0.00771039 0.06975085
v 0.00202811 -0.00726328 0.06975085
v -0.00112745 -0.00775507 0.06936645
v -0.00099875 -0.00776876 0.06936645
v 0.00113607 -0.00759402 0.06967025
v 0.00116104 -0.00760249 0.06936645
v -0.00023311 -0.00776137 0.06975085
v -0.00061612 -0.00778948 0.06936645
v -0.00112745 -0.00776660 0.06923936
v -0.00099875 -0.00779686 0.06898206
v 0.00091479 -0.00765509 0.06936645
v 0.00094591 -0.00762338 0.06975085
v 0.00091479 -0.00767040 0.06898206
v 0.00117986 -0.00760861 0.06898206
v 0.00014952 -0.00773994 0.06975085
v -0.00023311 -0.00778587 0.06936645
v -0.00061612 -0.00780082 0.06898206
v -0.00112745 -0.00778966 0.06885497
v -0.00099875 -0.00780137 0.06860077
v -0.00023311 -0.00818201 0.03874221
v 0.00053254 -0.00771292 0.06936645
v 0.00053254 -0.00772967 0.06898206
v 0.00053254 -0.00774336 0.06860077
v 0.00053254 -0.00775489 0.06821638
v 0.00091479 -0.00767941 0.06860077
v 0.00228396 -0.00759762 0.03853762
v 0.00154252 -0.00761960 0.03814702
v 0.00014952 -0.00807284 0.03808193
v -0.00023311 -0.00804132 0.03811913
v 0.00014952 -0.00775669 0.06936645
v -0.00023311 -0.00779452 0.06898206
v 0.00014952 -0.00778227 0.06860077
v 0.00014952 -0.00777110 0.06898206
v 0.00014952 -0.00818183 0.03836092
v -0.00061612 -0.00816796 0.03874221
v 0.00014952 -0.00779092 0.06821638
v 0.00053254 -0.00776263 0.06783509
v 0.00053254 -0.00813823 0.03874221
v 0.00206345 -0.00771724 0.03874221
v 0.00091364 -0.00801015 0.03838262
v 0.00078532 -0.00798709 0.03814702
v 0.00053254 -0.00802763 0.03810673
v -0.00023311 -0.00815121 0.03836092
v -0.00058654 -0.00805681 0.03836712
v -0.00087467 -0.00802546 0.03850042
v 0.00014952 -0.00779794 0.06783509
v 0.00053254 -0.00811590 0.03836092
v -0.00099875 -0.00810203 0.03912660
v 0.00266542 -0.00568810 0.07419480
v 0.00258409 -0.00562575 0.07445015
v 0.00245249 -0.00576862 0.07433129
v 0.00307895 -0.00533806 0.07423306
v 0.00298573 -0.00525234 0.07448814
v 0.00276366 -0.00535495 0.07459532
v 0.00271568 -0.00539586 0.07459532
v 0.00347785 -0.00497049 0.07424066
v 0.00625785 0.00036251 0.07459532
v 0.00371774 -0.00483931 0.07396170
v 0.00385711 -0.00459903 0.07424364
v 0.00361493 -0.00473410 0.07436983
v 0.00336910 -0.00486983 0.07449573
v 0.00315389 -0.00497699 0.07459532
v 0.00309448 -0.00503478 0.07459532
v 0.00639950 0.00024107 0.07433699
v 0.00375247 -0.00448733 0.07449899
v 0.00421535 -0.00419639 0.07422112
v 0.00412579 -0.00408729 0.07447647
v 0.00354319 -0.00459188 0.07459532
v 0.00648448 0.00041317 0.07421054
v 0.00648129 0.00035407 0.07420430
v 0.00616417 -0.00010052 0.07459532
v 0.00630537 -0.00012000 0.07434459
v 0.00611117 -0.00040445 0.07456927
v 0.00391377 -0.00420808 0.07459532
v 0.00384706 -0.00428341 0.07459532
v 0.00457358 -0.00378336 0.07418693
v 0.00448631 -0.00367880 0.07444227
v 0.00459414 -0.00342358 0.07457768
v 0.00422631 -0.00384570 0.07459532
v 0.00645113 0.00009885 0.07411502
v 0.00613676 -0.00022131 0.07459532
v 0.00618930 -0.00052004 0.07437118
v 0.00606867 -0.00065967 0.07451636
v 0.00499579 -0.00308978 0.07434459
v 0.00486008 -0.00328136 0.07434459
v 0.00494827 -0.00300990 0.07455109
v 0.00454617 -0.00345086 0.07459532
v 0.00613173 -0.00088566 0.07424853
v 0.00609152 -0.00110062 0.07417228
v 0.00603486 -0.00088566 0.07443984
v 0.00572963 -0.00153054 0.07457226
v 0.00533484 -0.00263714 0.07419942
v 0.00519090 -0.00277871 0.07433400
v 0.00528000 -0.00253843 0.07445449
v 0.00534854 -0.00228321 0.07456629
v 0.00500676 -0.00281833 0.07459532
v 0.00596860 -0.00124414 0.07431772
v 0.00579269 -0.00165522 0.07435436
v 0.00573968 -0.00191174 0.07423306
v 0.00567160 -0.00178576 0.07448841
v -0.00777121 0.00064654 0.03729982
v -0.00770985 0.00149064 0.03700515
v -0.00750692 0.00149433 0.03700197
v -0.00787414 0.00041317 0.03759450
v -0.00778940 0.00102922 0.03724596
v -0.00770985 0.00162763 0.03700515
v -0.00777073 0.00138277 0.03717625
v -0.00750692 0.00163132 0.03700197
v -0.00789346 0.00064654 0.03759450
v -0.00792820 0.00041317 0.03797789
v -0.00791521 0.00102922 0.03759450
v -0.00790174 0.00141189 0.03759450
v -0.00777819 0.00409142 0.03762301
v -0.00774946 0.00439084 0.03767371
v -0.00793275 0.00064654 0.03797789
v -0.00807204 0.00086229 0.06630483
v -0.00807236 0.00087459 0.06592143
v -0.00809477 0.00104849 0.06706846
v -0.00794005 0.00102922 0.03797789
v -0.00793518 0.00141189 0.03797789
v -0.00791050 0.00217765 0.03797789
v -0.00808649 0.00165675 0.06553804
v -0.00808649 0.00166373 0.06592143
v -0.00774946 0.00439084 0.03789868
v -0.00807074 0.00085859 0.06668506
v -0.00809509 0.00105424 0.06745185
v -0.00809785 0.00141189 0.06706846
v -0.00809606 0.00141189 0.06668506
v -0.00808227 0.00161287 0.06445439
v -0.00808535 0.00164199 0.06515464
v -0.00809753 0.00141189 0.06745185
v -0.00808567 0.00166865 0.06630483
v -0.00808503 0.00166537 0.06668506
v -0.00788404 0.00294299 0.06745185
v -0.00777998 0.00332567 0.06745185
v -0.00770303 0.00352869 0.06783525
v -0.00762234 0.00372024 0.06783525
v -0.00745253 0.00409142 0.06821864
v -0.00734782 0.00434449 0.06706846
v -0.00735058 0.00435023 0.06668506
v -0.00724781 0.00454177 0.06668506
v -0.00790336 0.00041317 0.06937200
v -0.00806944 0.00085736 0.06706846
v -0.00806603 0.00086270 0.06745185
v -0.00808827 0.00113586 0.06783525
v -0.00808762 0.00137908 0.06781307
v -0.00808259 0.00162558 0.06767365
v -0.00808356 0.00164240 0.06745185
v -0.00808438 0.00165388 0.06706846
v -0.00787917 0.00294299 0.06783525
v -0.00777235 0.00332567 0.06783525
v -0.00770076 0.00352295 0.06808557
v -0.00744441 0.00409142 0.06860204
v -0.00734246 0.00433013 0.06783525
v -0.00734506 0.00433752 0.06745185
v -0.00724440 0.00453603 0.06706846
v -0.00791732 0.00065065 0.06937200
v -0.00808162 0.00121502 0.06803170
v -0.00808162 0.00122937 0.06803170
v -0.00791505 0.00217765 0.06937200
v -0.00791554 0.00217765 0.06936567
v -0.00788972 0.00256032 0.06936567
v -0.00793226 0.00256032 0.06821864
v -0.00786894 0.00294299 0.06821864
v -0.00774767 0.00335889 0.06821547
v -0.00774897 0.00329942 0.06860204
v -0.00773046 0.00324241 0.06936567
v -0.00740772 0.00412834 0.06901079
v -0.00733126 0.00430840 0.06860204
v -0.00733824 0.00432070 0.06821864
v -0.00723759 0.00452865 0.06745185
v -0.00731162 0.00428050 0.06915653
v -0.00788908 0.00256032 0.06937200
v -0.00781423 0.00294299 0.06936567
v -0.00785320 0.00294299 0.06860204
v -0.00773030 0.00324159 0.06937200
v -0.00740415 0.00406189 0.06936567
v -0.00732330 0.00429527 0.06889988
v -0.00721177 0.00449994 0.06860204
v -0.00722054 0.00451224 0.06821864
v -0.00722898 0.00452126 0.06783525
v -0.00718775 0.00460289 0.06754691
v -0.00711696 0.00460289 0.06899811
v -0.00740366 0.00406107 0.06937200
v -0.00781277 0.00294669 0.06937200
v -0.00112745 -0.00771630 0.06962194
v -0.00174009 -0.00760754 0.06971584
v -0.00138201 -0.00772802 0.06936524
v -0.00505462 -0.00570727 0.06966263
v -0.00195974 -0.00758545 0.06956246
v -0.00176486 -0.00765707 0.06936524
v -0.00138201 -0.00776215 0.06898333
v -0.00384760 -0.00648572 0.03776716
v -0.00467014 -0.00608578 0.06966263
v -0.00508832 -0.00574576 0.06936524
v -0.00490359 -0.00593719 0.06936524
v -0.00471237 -0.00613063 0.06936524
v -0.00253381 -0.00733511 0.06974715
v -0.00286916 -0.00726818 0.06936524
v -0.00294914 -0.00728926 0.06901464
v -0.00199790 -0.00759783 0.06936524
v -0.00176486 -0.00768819 0.06898333
v -0.00176486 -0.00770459 0.06860143
v -0.00176486 -0.00771999 0.06821639
v -0.00176486 -0.00773337 0.06783448
v -0.00138201 -0.00777521 0.06860143
v -0.00112745 -0.00778525 0.06898333
v -0.00389673 -0.00648572 0.03776716
v -0.00443548 -0.00634382 0.06940281
v -0.00447446 -0.00621196 0.06974715
v -0.00511552 -0.00578257 0.06898333
v -0.00494297 -0.00597400 0.06898333
v -0.00475134 -0.00616309 0.06898333
v -0.00452399 -0.00635453 0.06898333
v -0.00310058 -0.00719556 0.06916489
v -0.00314280 -0.00722266 0.06890821
v -0.00291341 -0.00733946 0.06860143
v -0.00204784 -0.00761356 0.06898333
v -0.00209980 -0.00762862 0.06821639
v -0.00207423 -0.00762126 0.06860143
v -0.00212091 -0.00763531 0.06783448
v -0.00176486 -0.00774475 0.06745258
v -0.00138201 -0.00778424 0.06821639
v -0.00200642 -0.00766644 0.03849968
v -0.00395072 -0.00655868 0.03797690
v -0.00430231 -0.00646530 0.06929950
v -0.00425156 -0.00643384 0.06955619
v -0.00513541 -0.00580566 0.06860143
v -0.00496002 -0.00599710 0.06860143
v -0.00476880 -0.00616477 0.06860143
v -0.00387034 -0.00681905 0.06879238
v -0.00433276 -0.00648772 0.06898333
v -0.00452764 -0.00635620 0.06860143
v -0.00433642 -0.00649475 0.06860143
v -0.00352362 -0.00684013 0.06974715
v -0.00369251 -0.00689469 0.06894577
v -0.00335391 -0.00712762 0.06860143
v -0.00316269 -0.00723170 0.06860143
v -0.00213188 -0.00764301 0.06707067
v -0.00213025 -0.00764033 0.06745258
v -0.00291341 -0.00734080 0.06821639
v -0.00234949 -0.00758913 0.06209336
v -0.00138201 -0.00779897 0.06745258
v -0.00138201 -0.00779194 0.06783448
v -0.00176486 -0.00775111 0.06707067
v -0.00158135 -0.00796999 0.03892541
v -0.00208032 -0.00770426 0.03874384
v -0.00358086 -0.00687728 0.03843081
v -0.00402299 -0.00659248 0.03836194
v -0.00515003 -0.00581169 0.06821639
v -0.00496083 -0.00600312 0.06821639
v -0.00405222 -0.00657139 0.03874384
v -0.00387034 -0.00681905 0.06876108
v -0.00367546 -0.00694054 0.06821639
v -0.00371606 -0.00691276 0.06862021
v -0.00380051 -0.00676282 0.03874384
v -0.00360928 -0.00689971 0.03874384
v -0.00335270 -0.00713197 0.06821639
v -0.00236370 -0.00759750 0.03950766
v -0.00158135 -0.00796999 0.03895984
v -0.00138201 -0.00780399 0.06707067
v -0.00236248 -0.00759716 0.03923845
v -0.00499656 -0.00565038 0.03989270
v -0.00505340 -0.00570392 0.04410306
v -0.00515896 -0.00545894 0.03989270
v -0.00516667 -0.00580533 0.06707067
v -0.00465431 -0.00607139 0.04333612
v -0.00309489 -0.00719087 0.03912575
v -0.00255492 -0.00749308 0.03950766
v -0.00535863 -0.00562417 0.06706867
v -0.00535758 -0.00562597 0.06668784
v -0.00535626 -0.00562537 0.06630384
v -0.00535600 -0.00561878 0.06745267
v -0.00553204 -0.00543438 0.06668784
v -0.00553414 -0.00543438 0.06630384
v -0.00552048 -0.00541103 0.06017888
v -0.00532289 -0.00560262 0.06017888
v -0.00535022 -0.00560920 0.06783349
v -0.00551812 -0.00542720 0.06745267
v -0.00552547 -0.00543259 0.06706867
v -0.00572358 -0.00520807 0.06668784
v -0.00572542 -0.00521166 0.06630384
v -0.00581292 -0.00494344 0.04525048
v -0.00564581 -0.00513503 0.04525048
v -0.00545085 -0.00533560 0.04486965
v -0.00534181 -0.00559543 0.06821749
v -0.00550866 -0.00541822 0.06783349
v -0.00570966 -0.00518891 0.06745267
v -0.00571702 -0.00520029 0.06706867
v -0.00527534 -0.00563734 0.06860150
v -0.00587204 -0.00502008 0.06630384
v -0.00586862 -0.00501649 0.06668784
v -0.00660957 -0.00347243 0.03989035
v -0.00661246 -0.00345447 0.03950952
v -0.00617998 -0.00415734 0.04027434
v -0.00584208 -0.00459979 0.03950952
v -0.00569521 -0.00479137 0.03950952
v -0.00550393 -0.00503026 0.03950952
v -0.00564240 -0.00512425 0.04486965
v -0.00606122 -0.00476204 0.06591984
v -0.00620153 -0.00457045 0.06591984
v -0.00662061 -0.00388194 0.06400619
v -0.00661956 -0.00387895 0.06362536
v -0.00544297 -0.00533021 0.04448565
v -0.00532736 -0.00557448 0.06860150
v -0.00549368 -0.00540385 0.06821749
v -0.00570020 -0.00517095 0.06783349
v -0.00584971 -0.00499793 0.06745267
v -0.00586100 -0.00500870 0.06706867
v -0.00606332 -0.00475964 0.06630384
v -0.00606017 -0.00474647 0.06668784
v -0.00696954 -0.00270309 0.03950952
v -0.00699345 -0.00312997 0.06400619
v -0.00696245 -0.00268453 0.03912552
v -0.00659250 -0.00341675 0.03921438
v -0.00582737 -0.00458362 0.03912552
v -0.00533734 -0.00522124 0.03950952
v -0.00619837 -0.00456806 0.06630384
v -0.00662008 -0.00387655 0.06591984
v -0.00662271 -0.00387955 0.06553902
v -0.00662297 -0.00388074 0.06515501
v -0.00662245 -0.00388134 0.06477101
v -0.00699529 -0.00312937 0.06439019
v -0.00530713 -0.00555053 0.06898232
v -0.00545479 -0.00535895 0.06898232
v -0.00547424 -0.00538289 0.06860150
v -0.00568496 -0.00514461 0.06821749
v -0.00583525 -0.00497997 0.06783349
v -0.00605228 -0.00472552 0.06706867
v -0.00618839 -0.00455488 0.06668784
v -0.00708147 -0.00241691 0.03950952
v -0.00707175 -0.00241691 0.03912552
v -0.00733713 -0.00228460 0.06439019
v -0.00733765 -0.00228939 0.06477101
v -0.00774255 -0.00039808 0.03797669
v -0.00694694 -0.00264681 0.03891289
v -0.00580556 -0.00455548 0.03890654
v -0.00661168 -0.00386398 0.06630384
v -0.00698031 -0.00309884 0.06668784
v -0.00698609 -0.00311201 0.06630384
v -0.00699004 -0.00311979 0.06591984
v -0.00699293 -0.00312458 0.06553902
v -0.00699450 -0.00312697 0.06515501
v -0.00699503 -0.00312817 0.06477101
v -0.00733923 -0.00228998 0.06553902
v -0.00733792 -0.00229118 0.06515501
v -0.00527534 -0.00553137 0.06935363
v -0.00528006 -0.00552359 0.06936632
v -0.00543404 -0.00533200 0.06936632
v -0.00581686 -0.00495302 0.06821749
v -0.00625171 -0.00427529 0.06821749
v -0.00616789 -0.00452255 0.06727178
v -0.00617525 -0.00453453 0.06706867
v -0.00626406 -0.00429864 0.06783349
v -0.00646716 -0.00399150 0.06745267
v -0.00737575 -0.00162482 0.03912552
v -0.00776383 -0.00046453 0.03836069
v -0.00741805 -0.00203374 0.06400619
v -0.00770629 -0.00071599 0.03912552
v -0.00742436 -0.00203374 0.06553902
v -0.00785369 -0.00011968 0.03797669
v -0.00771443 -0.00034120 0.03774820
v -0.00704285 -0.00207146 0.03832261
v -0.00697296 -0.00227562 0.03842733
v -0.00699424 -0.00196848 0.03810046
v -0.00733818 -0.00072317 0.03738324
v -0.00659985 -0.00384302 0.06668784
v -0.00697217 -0.00307728 0.06706867
v -0.00708541 -0.00279888 0.06706867
v -0.00731795 -0.00223131 0.06693855
v -0.00732268 -0.00224329 0.06668784
v -0.00733634 -0.00227801 0.06591984
v -0.00741648 -0.00203374 0.06630384
v -0.00742305 -0.00203374 0.06591984
v -0.00541591 -0.00530746 0.06960751
v -0.00589621 -0.00469558 0.06898232
v -0.00578428 -0.00490453 0.06879191
v -0.00579899 -0.00492608 0.06853803
v -0.00623411 -0.00424535 0.06860150
v -0.00655361 -0.00376220 0.06806516
v -0.00645534 -0.00396875 0.06783349
v -0.00657489 -0.00380052 0.06745267
v -0.00770392 -0.00070940 0.03885577
v -0.00787445 -0.00011968 0.03836069
v -0.00770025 -0.00108240 0.05979488
v -0.00769946 -0.00108000 0.05950608
v -0.00770918 -0.00111293 0.06515501
v -0.00770970 -0.00111353 0.06477101
v -0.00770787 -0.00110814 0.06362536
v -0.00792516 0.00026289 0.03797669
v -0.00786184 0.00026289 0.03759586
v -0.00776514 -0.00010890 0.03761173
v -0.00771969 0.00002580 0.03738006
v -0.00737812 -0.00086447 0.03762760
v -0.00774596 0.00026289 0.03734515
v -0.00696034 -0.00304914 0.06745267
v -0.00706755 -0.00279888 0.06745267
v -0.00656202 -0.00377777 0.06783349
v -0.00667158 -0.00356463 0.06783349
v -0.00737523 -0.00199303 0.06783349
v -0.00738311 -0.00201398 0.06745267
v -0.00740518 -0.00203374 0.06668784
v -0.00737706 -0.00206787 0.06706867
v -0.00769972 -0.00108180 0.06730033
v -0.00770208 -0.00109138 0.06706867
v -0.00770787 -0.00111054 0.06553902
v -0.00770419 -0.00110096 0.06668784
v -0.00770550 -0.00110455 0.06630384
v -0.00527534 -0.00541822 0.06974715
v -0.00539331 -0.00527692 0.06974715
v -0.00583131 -0.00459859 0.06974715
v -0.00586468 -0.00465247 0.06936632
v -0.00608749 -0.00439323 0.06898232
v -0.00620625 -0.00420165 0.06898232
v -0.00658304 -0.00343351 0.06936632
v -0.00660747 -0.00348380 0.06898232
v -0.00693643 -0.00299825 0.06807151
v -0.00685104 -0.00320900 0.06783349
v -0.00662534 -0.00352392 0.06860150
v -0.00775700 -0.00088542 0.06017888
v -0.00775858 -0.00088542 0.06056288
v -0.00786052 -0.00050225 0.06209253
v -0.00786157 -0.00050225 0.06247653
v -0.00776620 -0.00088542 0.06515501
v -0.00776751 -0.00088542 0.06477101
v -0.00776698 -0.00088542 0.06362536
v -0.00776541 -0.00088542 0.06285736
v -0.00776462 -0.00088542 0.06247653
v -0.00776357 -0.00088542 0.06209253
v -0.00775989 -0.00088542 0.06094371
v -0.00775595 0.00041317 0.03732611
v -0.00694589 -0.00301801 0.06783349
v -0.00704127 -0.00279888 0.06783349
v -0.00735473 -0.00193435 0.06860150
v -0.00736655 -0.00196609 0.06821749
v -0.00746876 -0.00165117 0.06860150
v -0.00748348 -0.00165117 0.06821749
v -0.00773729 -0.00091715 0.06743680
v -0.00784160 -0.00050225 0.06745267
v -0.00773204 -0.00082915 0.06821749
v -0.00774018 -0.00085609 0.06783349
v -0.00775306 -0.00088542 0.06706867
v -0.00784712 -0.00050225 0.06706867
v -0.00775910 -0.00088542 0.06630384
v -0.00776383 -0.00088542 0.06553902
v -0.00618208 -0.00416333 0.06925842
v -0.00656228 -0.00339519 0.06963290
v -0.00695430 -0.00265041 0.06967416
v -0.00697191 -0.00268872 0.06936632
v -0.00786157 -0.00050225 0.06285736
v -0.00785290 -0.00050225 0.06591984
v -0.00785448 -0.00050225 0.06553902
v -0.00785606 -0.00050225 0.06515501
v -0.00784922 -0.00050225 0.06668784
v -0.00785737 -0.00050225 0.06477101
v -0.00785921 -0.00050225 0.06400619
v -0.00786000 -0.00050225 0.06362536
v -0.00733923 -0.00189843 0.06898232
v -0.00772179 -0.00079203 0.06860150
v -0.00743645 -0.00165117 0.06898232
v -0.00770787 -0.00073395 0.06898232
v -0.00782978 -0.00050225 0.06783349
v -0.00787602 -0.00011968 0.06860150
v -0.00788759 -0.00011968 0.06821749
v -0.00789810 -0.00011968 0.06783349
v -0.00790466 -0.00011968 0.06745267
v -0.00781191 -0.00050225 0.06821749
v -0.00694616 -0.00263783 0.06974715
v -0.00700002 -0.00251809 0.06974715
v -0.00732557 -0.00186670 0.06925207
v -0.00708541 -0.00241691 0.06936632
v -0.00779089 -0.00050225 0.06860150
v -0.00776620 -0.00050225 0.06898232
v -0.00786000 -0.00011968 0.06898232
v -0.00769919 -0.00069683 0.06917908
v -0.00737549 -0.00167691 0.06937267
v -0.00782637 -0.00011968 0.06936632
v -0.00789521 0.00026289 0.06936632
v -0.00773020 -0.00049986 0.06933141
v -0.00771549 -0.00037054 0.06963290
v -0.00782321 0.00026289 0.06974715
v 0.00417699 0.00658460 0.07000286
v 0.00400924 0.00664914 0.07012814
v 0.00390325 0.00746441 0.05558566
v 0.00359440 0.00756445 0.05596793
v -0.00231014 0.00736507 0.07006390
v 0.00359440 0.00757644 0.05558566
v 0.00389805 0.00740748 0.03797856
v 0.00359440 0.00752596 0.03797856
v 0.00282911 0.00705966 0.07012814
v 0.00228423 0.00773156 0.05776687
v 0.00161647 0.00737314 0.06974908
v 0.00085507 0.00814116 0.03797856
v 0.00053257 0.00819418 0.03797856
v 0.00385774 0.00739941 0.03767981
v 0.00082061 0.00813886 0.03769908
v 0.00014960 0.00755500 0.06936681
v 0.00014960 0.00754532 0.06974908
v 0.00053257 0.00751812 0.06974908
v 0.00091554 0.00747340 0.06974908
v 0.00129787 0.00742477 0.06974908
v 0.00014960 0.00824327 0.03797856
v -0.00023273 0.00829076 0.03797856
v -0.00061570 0.00832395 0.03797856
v -0.00176462 0.00747663 0.06974908
v -0.00214694 0.00742315 0.06974908
v -0.00231014 0.00739849 0.06973623
v 0.00054948 0.00817827 0.03758022
v 0.00014960 0.00823382 0.03759629
v 0.00346176 0.00736576 0.03739391
v 0.00359115 0.00743975 0.03757058
v -0.00023273 0.00755085 0.06974908
v -0.00214694 0.00815269 0.03732644
v -0.00099867 0.00832026 0.03797856
v -0.00099867 0.00753287 0.06974908
v -0.00138164 0.00751374 0.06974908
v -0.00176462 0.00749645 0.06936681
v -0.00214694 0.00744643 0.06936681
v 0.00043309 0.00815107 0.03736820
v 0.00014960 0.00815384 0.03736820
v 0.00346176 0.00733510 0.03739391
v -0.00061570 0.00755523 0.06936681
v -0.00061570 0.00754440 0.06974908
v -0.00214694 0.00745658 0.06898453
v -0.00176462 0.00750706 0.06898453
v -0.00138164 0.00754094 0.06898453
v -0.00099867 0.00754855 0.06936681
v -0.00138164 0.00753011 0.06936681
v -0.00231014 0.00742016 0.06936681
v 0.00533829 -0.00668458 0.04027535
v 0.00541106 -0.00652618 0.03989295
v 0.00544457 -0.00658176 0.04027535
v 0.00560241 -0.00633164 0.03989295
v 0.00576706 -0.00614058 0.03989295
v 0.00563618 -0.00635804 0.04027535
v 0.00542965 -0.00429944 0.07013229
v 0.00578852 -0.00616629 0.04027535
v 0.00535923 -0.00608986 0.03927320
v 0.00549718 -0.00584669 0.03914133
v 0.00561445 -0.00596828 0.03942484
v 0.00571340 -0.00606832 0.03968197
v 0.00607411 -0.00565702 0.03971823
v 0.00597804 -0.00585711 0.03986328
v 0.00612071 -0.00572650 0.03997207
v 0.00574690 -0.00382144 0.07051469
v 0.00560346 -0.00401320 0.07051469
v 0.00541211 -0.00426748 0.07051469
v 0.00612071 -0.00572650 0.04019953
v 0.00537991 -0.00572511 0.03889080
v 0.00573643 -0.00571260 0.03926660
v 0.00563513 -0.00559658 0.03900947
v 0.00580083 -0.00584878 0.03953692
v 0.00601966 -0.00550903 0.03947429
v 0.00608746 -0.00491153 0.03893036
v 0.00651466 -0.00384993 0.03847543
v 0.00688454 -0.00307318 0.03845895
v 0.00636153 -0.00509565 0.04027535
v 0.00762769 -0.00148633 0.03853806
v 0.00773867 -0.00126817 0.03874245
v 0.00617044 -0.00314682 0.07013229
v 0.00615264 -0.00312251 0.07051469
v 0.00572544 -0.00379087 0.07073885
v 0.00652356 -0.00466142 0.04065775
v 0.00689029 -0.00157665 0.07013229
v 0.00655288 -0.00241315 0.07013229
v 0.00646021 -0.00260491 0.07013229
v 0.00650943 -0.00342751 0.03814578
v 0.00573984 -0.00534090 0.03890728
v 0.00581915 -0.00547291 0.03913474
v 0.00800410 -0.00036567 0.03853477
v 0.00800410 -0.00036567 0.03861059
v 0.00728294 -0.00045877 0.07013229
v 0.00653194 -0.00236729 0.07051469
v 0.00611835 -0.00306276 0.07075863
v 0.00699919 -0.00126817 0.07013229
v 0.00727378 -0.00042959 0.07051469
v 0.00697013 -0.00126817 0.07051469
v 0.00687459 -0.00153079 0.07051469
v 0.00800829 -0.00011972 0.03852488
v 0.00800960 -0.00011416 0.03873916
v 0.00744131 0.00041317 0.07013229
v 0.00743529 0.00026310 0.07013229
v 0.00737901 -0.00011972 0.07013229
v 0.00736304 -0.00011972 0.07051469
v 0.00685679 -0.00148077 0.07072237
v 0.00725441 -0.00037401 0.07074215
v 0.00800594 0.00026310 0.03853147
v 0.00801222 0.00026310 0.03874245
v 0.00742979 0.00041317 0.07036634
v 0.00741644 0.00026310 0.07051469
v 0.00800777 0.00041317 0.03866663
v 0.00800393 0.00041317 0.03853724
v 0.00765059 0.00217808 0.03813270
v 0.00764771 0.00249516 0.03812949
v 0.00799745 0.00084752 0.03855008
v 0.00616780 0.00575507 0.03773138
v 0.00616780 0.00590837 0.03773138
v 0.00760274 0.00275001 0.03817123
v 0.00768298 0.00259802 0.03832534
v 0.00783518 0.00217808 0.03874272
v 0.00781179 0.00256067 0.03912478
v 0.00799745 0.00160877 0.04006870
v 0.00622105 0.00597913 0.03797859
v 0.00650782 0.00552054 0.03810702
v 0.00763728 0.00278407 0.03842808
v 0.00726775 0.00398361 0.03885509
v 0.00764196 0.00320008 0.03926605
v 0.00776645 0.00256067 0.03874272
v 0.00776645 0.00294327 0.03951005
v 0.00783410 0.00256067 0.03951005
v 0.00785209 0.00256067 0.04027418
v 0.00799745 0.00161402 0.04027418
v 0.00784777 0.00256067 0.03989211
v 0.00799745 0.00161270 0.04048286
v 0.00799745 0.00159305 0.04048286
v 0.00586987 0.00630800 0.03836066
v 0.00606130 0.00617567 0.03836066
v 0.00622213 0.00598437 0.03836066
v 0.00641355 0.00573935 0.03836066
v 0.00652797 0.00554805 0.03836066
v 0.00691297 0.00479531 0.03874272
v 0.00729402 0.00403406 0.03912478
v 0.00766211 0.00325118 0.03951005
v 0.00766966 0.00328131 0.03989211
v 0.00778048 0.00294327 0.03989211
v 0.00778192 0.00294327 0.04027418
v 0.00777941 0.00294327 0.04065624
v 0.00784885 0.00256067 0.04065624
v 0.00746241 0.00102964 0.07013281
v 0.00745054 0.00064639 0.07013281
v 0.00778912 0.00256067 0.04525062
v 0.00778372 0.00256067 0.04563589
v 0.00780603 0.00217808 0.04754941
v 0.00744334 0.00217808 0.07013281
v 0.00745881 0.00179483 0.07013281
v 0.00746781 0.00141224 0.07013281
v 0.00469364 0.00628245 0.06975075
v 0.00488506 0.00615274 0.06975075
v 0.00533015 0.00582452 0.06975075
v 0.00552157 0.00565746 0.06975075
v 0.00573494 0.00546616 0.06975075
v 0.00609548 0.00506195 0.07013281
v 0.00656647 0.00442517 0.07013281
v 0.00675789 0.00414608 0.07013281
v 0.00688095 0.00395478 0.07013281
v 0.00730337 0.00403471 0.04218770
v 0.00730553 0.00404061 0.04180564
v 0.00730733 0.00404716 0.04142357
v 0.00730913 0.00405305 0.04104151
v 0.00731129 0.00405829 0.04065624
v 0.00731309 0.00406157 0.04027418
v 0.00731165 0.00405829 0.03989211
v 0.00730553 0.00404847 0.03951005
v 0.00767002 0.00329049 0.04027418
v 0.00777473 0.00294327 0.04104151
v 0.00743542 0.00102964 0.07051487
v 0.00742679 0.00064639 0.07051487
v 0.00737929 0.00256067 0.07013281
v 0.00738577 0.00217808 0.07051487
v 0.00742427 0.00179483 0.07051487
v 0.00743902 0.00141224 0.07051487
v 0.00466594 0.00626869 0.07013281
v 0.00485736 0.00614029 0.07013281
v 0.00532440 0.00581928 0.06998191
v 0.00571839 0.00544913 0.07013281
v 0.00609044 0.00505605 0.07034150
v 0.00687124 0.00393775 0.07041213
v 0.00698386 0.00370911 0.07013281
v 0.00766750 0.00328197 0.04065624
v 0.00730013 0.00402881 0.04257297
v 0.00766247 0.00326035 0.04142357
v 0.00727783 0.00288365 0.07013281
v 0.00726163 0.00283714 0.07041534
v 0.00730193 0.00256788 0.07053092
v 0.00461233 0.00623725 0.07041855
v 0.00515636 0.00592475 0.07011997
v 0.00506857 0.00590444 0.07051487
v 0.00530425 0.00579766 0.07023876
v 0.00570256 0.00543275 0.07032865
v 0.00653553 0.00438193 0.07051487
v 0.00692557 0.00373073 0.07053092
v 0.00730013 0.00257509 0.07053092
v 0.00525999 0.00576294 0.07051487
v 0.00397796 -0.00768533 0.04218746
v 0.00397796 -0.00767290 0.04180474
v 0.00422495 -0.00763089 0.04180474
v 0.00505175 -0.00693752 0.04065657
v 0.00421376 -0.00761375 0.04142201
v 0.00465228 -0.00729479 0.04103929
v 0.00524626 -0.00677317 0.04027384
v 0.00533829 -0.00668444 0.04027384
v 0.00418267 -0.00758955 0.04121821
v 0.00463213 -0.00726387 0.04073118
v 0.00505498 -0.00689416 0.04027384
v 0.00533829 -0.00656983 0.03989593
v 0.00351755 -0.00685417 0.03845892
v 0.00377275 -0.00680846 0.03856162
v 0.00499802 -0.00683635 0.04005320
v 0.00512562 -0.00669788 0.03991198
v 0.00533829 -0.00645253 0.03967689
v 0.00458736 -0.00570169 0.03814359
v 0.00419137 -0.00645421 0.03853675
v 0.00471745 -0.00583613 0.03838670
v 0.00459233 -0.00608820 0.03851829
f 1559 886 961
f 1066 1082 1083
f 1425 1559 961
f 966 541 1368
f 1368 541 1377
f 961 886 1051
f 1051 1066 961
f 886 1066 1051
f 887 1066 886
f 1082 1066 887
f 886 901 887
f 1451 1425 1454
f 1428 1425 1451
f 1559 1425 1426
f 541 966 964
f 1371 1377 541
f 1371 1372 1362
f 985 976 984
f 1195 1066 1083
f 901 893 903
f 1109 1125 1110
f 864 1544 860
f 1544 864 1542
f 1379 1454 1425
f 1379 1425 961
f 1425 1428 1416
f 1406 1421 1422
f 1406 1415 1421
f 1559 1560 1555
f 972 964 971
f 1349 1361 1362
f 1377 1371 1378
f 541 964 567
f 567 543 541
f 964 543 567
f 566 964 972
f 566 543 964
f 974 984 976
f 976 975 974
f 985 984 989
f 1152 1170 1172
f 1119 1103 893
f 906 1103 1118
f 893 1103 906
f 902 887 901
f 901 903 902
f 1082 887 902
f 902 903 1082
f 1104 903 893
f 1104 906 1118
f 893 906 1104
f 1082 903 1104
f 1104 1105 1082
f 1106 1105 1115
f 1083 1082 1106
f 1082 1105 1106
f 1547 448 1544
f 651 864 860
f 1543 896 1544
f 1544 1542 1543
f 1543 1542 896
f 896 1542 895
f 895 1542 882
f 571 999 578
f 571 555 554
f 554 555 533
f 1446 1438 1437
f 1437 1438 1428
f 1437 1428 1451
f 1446 1450 1449
f 1400 1412 1413
f 1413 1426 1425
f 1411 1412 1400
f 1562 1560 1559
f 1559 1426 1409
f 1409 1407 1559
f 1426 1413 1409
f 1409 1413 1412
f 1407 1409 1397
f 892 905 896
f 904 889 892
f 896 895 892
f 892 895 904
f 878 893 892
f 892 893 901
f 892 901 886
f 899 885 884
f 1415 1406 1402
f 884 1551 1550
f 884 1555 1556
f 884 885 1554
f 1554 1555 884
f 1554 885 1559
f 1559 1555 1554
f 1368 1377 1369
f 1345 1347 1351
f 1355 1349 1362
f 516 1371 541
f 516 501 1372
f 1002 984 1001
f 979 971 970
f 970 969 979
f 970 971 964
f 964 969 970
f 1066 1195 1223
f 973 968 976
f 976 977 973
f 973 969 968
f 973 977 969
f 985 988 986
f 986 976 985
f 986 977 976
f 979 969 978
f 969 977 978
f 972 971 980
f 980 988 985
f 979 988 980
f 980 971 979
f 1215 1214 1241
f 1141 1152 1153
f 1246 1284 1285
f 1286 1246 1285
f 1287 1246 1286
f 1288 1287 1280
f 1107 1143 1121
f 1110 1143 1107
f 1107 1195 1083
f 1174 1195 1107
f 1115 1114 1107
f 1083 1106 1107
f 1107 1106 1115
f 1141 1121 1157
f 1122 1110 1125
f 1122 1143 1110
f 1118 1103 1097
f 1097 1100 1118
f 1124 1125 1109
f 1109 1130 1124
f 1124 1130 1125
f 1088 1087 1109
f 1109 1110 1088
f 1092 1114 1115
f 1428 1438 1429
f 860 1544 858
f 1403 1420 1404
f 1552 1556 1389
f 1552 1551 884
f 884 1556 1552
f 452 455 917
f 909 122 821
f 652 651 860
f 860 858 652
f 882 1542 883
f 883 871 882
f 1542 871 883
f 872 1542 864
f 864 871 872
f 872 871 1542
f 882 871 881
f 472 850 471
f 654 655 836
f 996 995 1011
f 998 997 999
f 568 566 972
f 568 571 554
f 554 543 568
f 543 566 568
f 553 543 554
f 554 533 553
f 553 533 543
f 1445 1450 1446
f 1446 1437 1445
f 1453 1449 1450
f 1457 1458 1453
f 1453 1460 1446
f 1446 1449 1453
f 1450 1445 1453
f 1425 1416 1414
f 1414 1413 1425
f 1400 1413 1414
f 1414 1402 1400
f 1416 1402 1414
f 1559 1407 1561
f 1561 1562 1559
f 1407 1562 1561
f 1427 1409 1412
f 1558 1555 1560
f 1389 1555 1558
f 1396 1562 1407
f 1407 1397 1396
f 1560 1562 1396
f 1397 1558 1396
f 1396 1558 1560
f 884 1550 897
f 905 899 898
f 898 1550 905
f 898 897 1550
f 898 899 884
f 884 897 898
f 885 899 900
f 886 1559 900
f 1559 885 900
f 900 899 905
f 900 892 886
f 905 892 900
f 1415 1402 1417
f 1417 1402 1416
f 1421 1415 1417
f 1417 1416 1428
f 1428 1429 1417
f 905 1550 1546
f 1544 896 1546
f 896 905 1546
f 1546 1547 1544
f 1551 1547 1546
f 1546 1550 1551
f 1557 1556 1555
f 1368 1369 1353
f 1362 1361 1367
f 1377 1378 1367
f 1367 1371 1362
f 1367 1378 1371
f 1354 1351 1347
f 1347 1353 1354
f 1362 1372 1370
f 1370 1355 1362
f 541 543 542
f 542 516 541
f 1372 1371 524
f 524 516 1372
f 1371 516 524
f 997 996 1013
f 534 533 558
f 1141 1134 1140
f 965 969 964
f 965 963 969
f 1195 1194 1222
f 1222 1194 1221
f 1222 1223 1195
f 1221 1223 1222
f 1173 1194 1195
f 1173 1195 1174
f 1174 1152 1173
f 1173 1152 1172
f 1172 1194 1173
f 987 978 977
f 987 986 988
f 977 986 987
f 987 988 979
f 979 978 987
f 1005 1021 1006
f 989 1005 1006
f 972 980 981
f 981 980 985
f 985 989 981
f 989 990 981
f 1170 1152 1151
f 1151 1171 1170
f 1151 1161 1171
f 1151 1152 1141
f 1141 1161 1151
f 1170 1171 1191
f 1171 1192 1191
f 1203 1192 1204
f 1170 1191 1189
f 1189 1191 1214
f 1242 1215 1241
f 1243 1278 1242
f 1214 1215 1190
f 1190 1189 1214
f 1172 1170 1190
f 1170 1189 1190
f 1154 1152 1174
f 1154 1153 1152
f 1174 1155 1154
f 1154 1155 1141
f 1141 1153 1154
f 1285 1284 1281
f 1281 1308 974
f 1281 1286 1285
f 1281 1242 1280
f 974 1242 1281
f 974 1308 983
f 984 974 983
f 983 1001 984
f 1218 1192 1203
f 1123 1121 1141
f 1121 1123 1156
f 1156 1155 1174
f 1174 1107 1156
f 1141 1155 1156
f 1156 1123 1141
f 1121 1143 1162
f 1143 1122 1135
f 1134 1143 1135
f 1135 1130 1134
f 1125 1130 1135
f 1135 1122 1125
f 1081 1080 1102
f 1115 1116 1112
f 1089 1095 1074
f 1100 1097 1075
f 1058 1074 1075
f 1096 1104 1118
f 1096 1117 1104
f 1116 1117 1096
f 1096 1095 1116
f 1096 1074 1095
f 1096 1075 1074
f 1111 1092 1115
f 1089 1092 1111
f 1115 1112 1111
f 1111 1112 1089
f 1091 1107 1114
f 1114 1092 1091
f 1110 1107 1091
f 1091 1088 1110
f 1438 1494 1487
f 1368 1353 1455
f 1345 1349 1343
f 448 1547 1545
f 1545 1390 448
f 1391 1390 1389
f 1389 1558 1391
f 1391 1558 1399
f 1548 1552 1389
f 1548 1545 1547
f 1548 1547 1551
f 1551 1552 1548
f 1404 1420 1405
f 821 122 819
f 122 909 908
f 821 639 640
f 1420 1403 1419
f 1419 1432 1420
f 821 819 827
f 869 871 864
f 849 850 472
f 1081 1102 868
f 865 874 873
f 894 889 904
f 894 874 889
f 894 895 882
f 904 895 894
f 865 655 645
f 655 654 645
f 982 996 997
f 997 998 982
f 995 996 982
f 982 998 999
f 994 995 982
f 999 571 982
f 982 993 994
f 992 993 982
f 972 981 982
f 982 981 990
f 1452 1437 1451
f 1452 1445 1437
f 1452 1453 1445
f 1452 1455 1456
f 1452 1456 1457
f 1457 1453 1452
f 1454 1455 1452
f 1451 1454 1452
f 1457 1456 1463
f 1463 1465 1457
f 1456 1465 1463
f 1460 1453 1459
f 1459 1453 1458
f 1513 1516 1490
f 1481 1465 1480
f 1481 1467 1465
f 1409 1427 1408
f 1408 1411 1400
f 1408 1397 1409
f 1412 1411 1408
f 1408 1427 1412
f 1553 1555 1389
f 1553 1557 1555
f 1389 1556 1553
f 1556 1557 1553
f 1346 1353 1347
f 1474 1353 1346
f 1345 1351 1352
f 1351 1354 1352
f 1352 1349 1345
f 1366 1353 1369
f 1366 1354 1353
f 1366 1369 1377
f 1377 1367 1366
f 1367 1352 1366
f 1366 1352 1354
f 517 518 501
f 517 542 543
f 540 513 539
f 539 513 538
f 536 538 512
f 512 538 513
f 555 571 572
f 572 571 578
f 578 999 579
f 579 572 578
f 576 575 579
f 556 575 576
f 556 533 555
f 535 509 534
f 536 509 535
f 1134 1130 1133
f 1133 1140 1134
f 1274 1237 1273
f 411 396 391
f 5 707 706
f 960 965 964
f 963 965 960
f 961 1066 960
f 968 969 1248
f 976 968 1248
f 1248 975 976
f 1248 974 975
f 1248 1242 974
f 969 963 967
f 967 1248 969
f 1066 1223 1224
f 1224 960 1066
f 1221 1194 1220
f 1020 1021 1005
f 1020 1022 1021
f 991 990 989
f 992 982 991
f 991 982 990
f 1016 1336 1015
f 693 694 690
f 690 1016 1015
f 694 1016 690
f 1241 1214 1217
f 1214 1191 1217
f 1244 1243 1217
f 1243 1242 1217
f 1217 1242 1241
f 1279 1242 1278
f 1279 1278 1243
f 1279 1288 1280
f 1280 1242 1279
f 1335 1336 1332
f 1332 1336 984
f 1243 1218 1247
f 1247 1218 1246
f 1247 1279 1243
f 1288 1279 1247
f 1247 1246 1287
f 1287 1288 1247
f 1216 1243 1244
f 1216 1218 1243
f 1244 1217 1216
f 1192 1218 1216
f 1216 1191 1192
f 1216 1217 1191
f 1284 1246 1283
f 1283 1281 1284
f 1308 1281 1283
f 1175 1107 1121
f 1121 1156 1175
f 1175 1156 1107
f 1142 1162 1143
f 1141 1157 1142
f 1142 1157 1121
f 1121 1162 1142
f 1142 1134 1141
f 1142 1143 1134
f 1077 1075 1079
f 1063 1077 1079
f 1079 1080 1063
f 1062 1077 1063
f 1058 1075 1059
f 1101 1080 1103
f 1101 1102 1080
f 1103 1119 1101
f 1119 868 1101
f 1101 868 1102
f 1126 1116 1115
f 1105 1104 1120
f 1104 1117 1120
f 1115 1105 1120
f 1120 1126 1115
f 1113 1112 1116
f 1116 1095 1113
f 1089 1112 1113
f 1113 1095 1089
f 1099 1096 1118
f 1075 1096 1099
f 1118 1100 1099
f 1100 1075 1099
f 1089 1074 1094
f 1073 857 856
f 852 1073 856
f 1074 1073 852
f 1087 1088 1071
f 1072 1092 1089
f 1072 1091 1092
f 1072 1084 1067
f 1088 1091 1072
f 1072 1071 1088
f 1072 1067 1055
f 1055 1071 1072
f 1514 1487 1494
f 1492 1491 1490
f 1490 1516 1492
f 1492 1516 1517
f 1464 1465 1456
f 1480 1465 1464
f 1390 1391 1392
f 1392 1399 1400
f 1392 1391 1399
f 1389 1390 1549
f 1549 1548 1389
f 455 452 454
f 452 451 454
f 453 454 451
f 448 1390 453
f 453 451 448
f 453 460 455
f 455 454 453
f 1420 460 459
f 459 1405 1420
f 460 453 459
f 1405 459 458
f 458 459 453
f 911 918 919
f 911 914 917
f 917 918 911
f 444 443 448
f 444 449 450
f 448 451 444
f 444 451 452
f 444 452 917
f 917 449 444
f 445 444 450
f 934 460 1420
f 1418 1403 1406
f 1418 1419 1403
f 543 533 532
f 532 552 543
f 651 652 641
f 641 640 639
f 641 639 821
f 820 827 819
f 820 819 122
f 879 869 661
f 661 873 879
f 864 651 863
f 651 658 863
f 863 869 864
f 650 658 651
f 651 641 650
f 856 857 855
f 850 849 855
f 836 655 646
f 836 841 842
f 391 396 378
f 378 375 391
f 472 471 378
f 378 396 472
f 378 844 841
f 378 841 836
f 836 375 378
f 1050 1062 1063
f 889 874 875
f 875 868 878
f 878 892 875
f 875 892 889
f 877 893 878
f 878 868 877
f 877 1119 893
f 877 868 1119
f 882 881 891
f 1046 834 837
f 837 834 836
f 836 842 837
f 837 842 841
f 836 834 859
f 859 862 645
f 543 552 569
f 569 570 543
f 552 570 569
f 549 570 552
f 1460 1459 1468
f 1468 1459 1467
f 1467 1459 1466
f 1457 1465 1466
f 1465 1467 1466
f 1466 1458 1457
f 1466 1459 1458
f 1490 1491 1472
f 1491 1492 1472
f 1486 1472 1469
f 1483 1468 1467
f 1400 1399 1410
f 1410 1408 1400
f 1399 1408 1410
f 1399 1558 1398
f 1398 1408 1399
f 1398 1558 1397
f 1397 1408 1398
f 1360 1367 1361
f 1360 1352 1367
f 1361 1349 1360
f 1349 1352 1360
f 1355 1370 1356
f 1349 1355 1356
f 1356 1357 1349
f 543 570 545
f 518 517 545
f 570 549 545
f 565 540 539
f 510 509 536
f 536 512 510
f 497 509 510
f 574 556 555
f 575 556 574
f 574 579 575
f 1012 1013 996
f 1012 996 1011
f 1011 1028 1012
f 539 563 564
f 564 565 539
f 564 1036 1041
f 1041 565 564
f 576 558 557
f 557 556 576
f 557 558 533
f 533 556 557
f 561 563 539
f 539 538 561
f 561 538 536
f 536 535 561
f 560 558 576
f 560 561 535
f 576 563 560
f 563 561 560
f 1109 1087 1128
f 1237 1274 1238
f 1273 1237 1272
f 494 679 680
f 680 673 494
f 508 683 507
f 93 94 76
f 678 107 677
f 686 680 679
f 396 411 414
f 472 411 415
f 63 64 49
f 374 162 361
f 361 162 212
f 1009 1022 1023
f 1010 1009 1023
f 1011 995 1010
f 1010 995 994
f 994 993 1010
f 993 1009 1010
f 1011 1010 1026
f 1026 1010 1025
f 1026 1025 1034
f 1036 564 1037
f 1036 1026 1030
f 1041 1036 1030
f 1030 565 1041
f 511 1030 1042
f 698 693 5
f 5 693 700
f 693 696 700
f 1031 706 716
f 716 706 707
f 729 731 721
f 963 1249 962
f 962 967 963
f 1249 1248 962
f 1248 967 962
f 960 1224 1251
f 1224 1220 1251
f 1193 1220 1194
f 1193 1194 1172
f 1172 1190 1193
f 1193 1190 1215
f 1221 1220 1252
f 1252 1220 1224
f 1252 1223 1221
f 1252 1224 1223
f 1023 1022 1033
f 1022 1020 1033
f 1008 993 992
f 1021 1022 1008
f 1008 1009 993
f 1022 1009 1008
f 992 1006 1008
f 1008 1006 1021
f 989 1006 1007
f 1007 991 989
f 1007 1006 992
f 992 991 1007
f 1003 989 984
f 984 1336 1003
f 1336 1016 1003
f 1004 1005 989
f 989 1003 1004
f 1031 1020 1018
f 689 690 1336
f 1015 1336 1000
f 1000 690 1015
f 1336 690 1000
f 697 696 693
f 693 690 697
f 1203 1204 1181
f 1181 1192 1171
f 1181 1204 1192
f 1203 1201 1200
f 1177 1200 1178
f 1178 1200 1201
f 1178 1181 1179
f 1159 1178 1179
f 1177 1178 1159
f 1296 1320 1297
f 1299 1320 1296
f 1331 1333 1335
f 1335 1332 1331
f 1331 1332 1317
f 1321 984 1002
f 1321 1332 984
f 1002 1322 1321
f 1321 1320 1332
f 1297 1320 1321
f 1321 1322 1297
f 1311 1282 1310
f 1282 1309 1310
f 1310 1001 1311
f 1310 1309 1001
f 1263 1297 1300
f 1300 1265 1263
f 1265 1300 1301
f 1301 1300 1297
f 1002 1001 1301
f 1308 1283 1315
f 1315 1283 1314
f 1315 983 1308
f 1315 1314 983
f 1314 1283 1313
f 983 1314 1313
f 1313 1282 1311
f 1313 1283 1282
f 1311 1001 1313
f 1001 983 1313
f 1103 1080 1098
f 1080 1079 1098
f 1098 1097 1103
f 1098 1075 1097
f 1098 1079 1075
f 1060 1059 1076
f 1076 1059 1075
f 1049 1059 1060
f 1049 1050 1046
f 1060 1050 1049
f 841 844 1048
f 1059 1049 1048
f 1048 844 850
f 1058 1059 1048
f 1127 1117 1116
f 1116 1126 1127
f 1127 1120 1117
f 1126 1120 1127
f 848 1068 477
f 848 851 1067
f 1067 1068 848
f 1084 852 1085
f 1067 1084 1085
f 1085 1068 1067
f 477 1068 1085
f 1093 852 1084
f 1093 1084 1089
f 1089 1094 1093
f 1093 1094 1074
f 1074 852 1093
f 1087 1071 1070
f 1070 1086 1087
f 1070 1054 1053
f 1070 1071 1055
f 1055 1054 1070
f 1089 1084 1090
f 1090 1072 1089
f 1084 1072 1090
f 947 1444 938
f 1448 1447 1487
f 1517 1516 634
f 634 808 1517
f 1494 1472 1493
f 1493 1472 1492
f 1518 1492 1517
f 1517 808 1518
f 1518 1493 1492
f 1525 1526 1503
f 1504 1478 1503
f 1479 1511 1480
f 1461 1353 1474
f 1461 1455 1353
f 1525 1524 1538
f 1538 1524 797
f 1400 1402 1401
f 1401 1392 1400
f 1402 1392 1401
f 1545 1548 1388
f 1548 1549 1388
f 1390 1545 1388
f 1388 1549 1390
f 917 914 916
f 916 449 917
f 914 449 916
f 910 449 914
f 450 449 910
f 910 911 908
f 914 911 910
f 910 445 450
f 1404 1405 1394
f 1405 458 1394
f 1394 1403 1404
f 1406 1403 1394
f 766 769 770
f 1544 766 770
f 768 769 766
f 768 766 1544
f 443 444 442
f 444 445 442
f 917 925 923
f 923 918 917
f 919 918 923
f 944 934 943
f 460 934 924
f 917 455 924
f 455 460 924
f 924 925 917
f 256 192 253
f 187 250 191
f 1423 1406 1422
f 648 643 640
f 640 641 648
f 648 641 652
f 648 652 858
f 858 643 648
f 122 151 152
f 152 151 200
f 152 820 122
f 871 869 880
f 869 879 880
f 880 881 871
f 880 891 881
f 642 650 641
f 650 642 653
f 657 659 653
f 658 650 653
f 854 849 472
f 854 855 849
f 854 852 856
f 856 855 854
f 818 375 836
f 818 362 375
f 836 814 818
f 814 362 818
f 850 844 843
f 844 378 843
f 843 471 850
f 843 378 471
f 1064 1080 1081
f 1063 1080 1064
f 1064 1050 1063
f 874 894 890
f 890 891 874
f 890 894 882
f 882 891 890
f 1046 1050 867
f 868 862 867
f 865 645 866
f 645 862 866
f 866 862 868
f 866 874 865
f 866 875 874
f 868 875 866
f 836 859 644
f 644 859 645
f 644 654 836
f 644 645 654
f 862 859 1044
f 1044 834 1046
f 1044 859 834
f 527 530 528
f 1460 1469 1470
f 1469 1472 1470
f 1446 1460 1470
f 1470 1472 1446
f 1473 1494 1438
f 1473 1472 1494
f 1473 1438 1446
f 1446 1472 1473
f 1526 1529 1527
f 1512 1503 1527
f 1527 1503 1526
f 1527 1513 1512
f 1527 1529 1513
f 1530 1529 1526
f 1530 1531 1516
f 1516 1513 1530
f 1513 1529 1530
f 1530 1526 1525
f 1525 1531 1530
f 1489 1513 1490
f 1489 1486 1513
f 1490 1472 1489
f 1472 1486 1489
f 1469 1483 1484
f 1484 1483 1512
f 1471 1483 1469
f 1468 1483 1471
f 1471 1469 1460
f 1460 1468 1471
f 1467 1481 1482
f 1482 1483 1467
f 1512 1483 1482
f 1480 1511 1482
f 1482 1481 1480
f 1380 1370 1372
f 316 805 804
f 804 805 797
f 1539 1531 1525
f 1349 1359 1350
f 1350 1359 755
f 1350 1343 1349
f 755 1359 752
f 1357 1356 736
f 736 741 1357
f 544 517 543
f 543 545 544
f 544 545 517
f 555 572 573
f 573 574 555
f 572 579 573
f 579 574 573
f 1014 579 999
f 1013 1012 1014
f 1028 1029 1014
f 1014 1012 1028
f 999 997 1014
f 997 1013 1014
f 580 581 576
f 576 579 580
f 579 1014 580
f 580 1014 1029
f 558 560 559
f 559 560 535
f 534 558 559
f 559 535 534
f 1129 1133 1130
f 1129 1128 1133
f 1129 1130 1109
f 1109 1128 1129
f 1140 1133 1132
f 1133 1128 1132
f 1233 1053 1047
f 1053 1054 1047
f 1047 1054 1055
f 851 848 1047
f 1206 1053 1233
f 1206 1205 1053
f 1086 1070 1069
f 1053 1205 1069
f 1069 1070 1053
f 1237 1238 1209
f 1209 1208 1237
f 1209 1186 1208
f 1269 629 624
f 1271 1272 1237
f 1233 1267 1268
f 1267 835 1268
f 1273 1272 1305
f 1305 1272 624
f 627 629 628
f 673 680 681
f 680 686 681
f 685 507 683
f 685 686 679
f 685 506 507
f 685 679 494
f 494 506 685
f 534 509 529
f 509 508 529
f 529 533 534
f 182 134 105
f 109 677 107
f 678 677 674
f 673 681 674
f 674 681 678
f 494 673 674
f 674 484 494
f 108 681 686
f 96 78 76
f 472 396 474
f 396 414 474
f 474 411 472
f 474 414 411
f 140 162 161
f 161 127 140
f 161 162 374
f 374 127 161
f 374 388 389
f 406 388 405
f 626 627 622
f 62 78 63
f 63 49 62
f 49 61 62
f 47 61 48
f 48 61 49
f 165 361 164
f 164 361 213
f 213 214 164
f 212 213 163
f 163 361 212
f 213 361 163
f 374 361 372
f 577 1037 564
f 577 1038 1037
f 576 581 577
f 577 563 576
f 577 564 563
f 1042 1030 1035
f 1035 1030 1026
f 1035 1026 1034
f 710 485 500
f 711 485 710
f 1030 511 537
f 5 706 702
f 702 698 5
f 702 706 1031
f 1031 1018 702
f 5 10 11
f 11 10 21
f 11 707 5
f 385 388 374
f 385 405 388
f 374 372 385
f 721 710 719
f 721 727 714
f 714 1035 1034
f 1042 1035 714
f 616 615 1335
f 1335 1338 616
f 617 1338 619
f 1335 1333 1337
f 1337 1338 1335
f 960 1251 1253
f 1253 1251 1249
f 1249 1251 1250
f 1250 1251 1220
f 1215 1242 1219
f 1219 1193 1215
f 1242 1248 1219
f 1219 1248 1249
f 1249 1250 1219
f 1220 1193 1219
f 1219 1250 1220
f 1024 1033 1025
f 1023 1033 1024
f 1025 1010 1024
f 1024 1010 1023
f 1034 1025 1032
f 1025 1033 1032
f 1032 1033 1020
f 699 702 1018
f 699 694 693
f 693 698 699
f 698 702 699
f 1019 1020 1005
f 1005 1018 1019
f 1019 1018 1020
f 692 697 690
f 690 689 692
f 692 614 461
f 696 697 692
f 1202 1201 1203
f 1203 1181 1202
f 1202 1178 1201
f 1181 1178 1202
f 1171 1161 1160
f 1160 1181 1171
f 1160 1161 1141
f 1141 1159 1160
f 1199 1198 1203
f 1203 1200 1199
f 1177 1198 1199
f 1199 1200 1177
f 1306 1274 1273
f 1306 1307 1274
f 1298 1320 1299
f 620 621 619
f 1203 1198 1230
f 1230 1231 1203
f 1197 1196 1226
f 1197 1230 1198
f 1229 1230 1197
f 1197 1198 1177
f 1177 1196 1197
f 1141 1140 1149
f 1176 1196 1177
f 1177 1159 1176
f 1332 1320 1325
f 1325 1298 1317
f 1320 1298 1325
f 1319 1331 1317
f 1333 1331 1319
f 1323 1322 1002
f 1297 1322 1323
f 1232 1218 1203
f 1203 1231 1232
f 1263 1265 1232
f 1232 1231 1263
f 1266 1265 1282
f 1282 1264 1266
f 1266 1232 1265
f 1264 1232 1266
f 1282 1283 1245
f 1245 1264 1282
f 1245 1283 1246
f 1245 1232 1264
f 1246 1218 1245
f 1218 1232 1245
f 1265 1301 1302
f 1312 1309 1282
f 1282 1301 1312
f 1001 1309 1312
f 1312 1301 1001
f 1077 1062 1078
f 1062 1076 1078
f 1078 1075 1077
f 1078 1076 1075
f 1060 1076 1061
f 1061 1076 1062
f 1061 1050 1060
f 1062 1050 1061
f 1045 1048 1049
f 1045 1049 1046
f 1046 837 1045
f 1056 1048 850
f 850 855 1056
f 1056 855 857
f 477 1085 476
f 476 1085 852
f 476 852 472
f 472 438 476
f 1447 1448 1440
f 1440 1441 1429
f 1433 1434 1422
f 1422 1421 1433
f 1430 1417 1429
f 1429 1441 1430
f 1434 1433 1430
f 1421 1417 1430
f 1430 1433 1421
f 1422 1434 1435
f 1435 1434 1444
f 928 938 1444
f 1487 1514 1515
f 1515 1448 1487
f 1444 1434 1442
f 1442 928 1444
f 1448 928 1442
f 1442 1430 1441
f 1434 1430 1442
f 1441 1440 1442
f 1442 1440 1448
f 808 634 638
f 1512 1509 1508
f 1508 1509 1478
f 1512 1504 1528
f 1528 1503 1512
f 1504 1503 1528
f 1501 1524 1525
f 1478 1479 1462
f 1462 1464 1456
f 1480 1464 1462
f 1462 1479 1480
f 1456 1455 1462
f 1455 1461 1462
f 1462 1461 1478
f 1475 1461 1474
f 1525 1538 635
f 635 1538 797
f 797 1524 794
f 1345 1343 1342
f 1342 1475 1474
f 1474 1346 1342
f 1342 1347 1345
f 1342 1346 1347
f 445 910 907
f 907 909 821
f 821 640 907
f 907 908 909
f 907 910 908
f 1406 1394 1395
f 1395 1402 1406
f 457 458 453
f 767 858 1544
f 1544 770 767
f 640 643 441
f 443 442 772
f 772 442 768
f 772 768 1544
f 1544 448 772
f 448 443 772
f 208 159 207
f 209 208 256
f 159 208 209
f 207 159 158
f 158 159 361
f 200 151 199
f 199 260 200
f 259 260 199
f 920 923 926
f 919 923 920
f 920 911 919
f 122 908 913
f 913 151 122
f 139 162 140
f 259 197 196
f 306 260 259
f 935 934 944
f 935 924 934
f 925 924 935
f 192 194 144
f 191 253 189
f 189 253 192
f 944 943 942
f 1420 950 942
f 942 934 1420
f 942 943 934
f 1420 1432 957
f 957 950 1420
f 1419 1418 1424
f 1424 1418 1406
f 1406 1423 1424
f 1432 1419 1431
f 1419 1424 1431
f 1431 1424 1423
f 1431 957 1432
f 531 549 552
f 531 530 549
f 552 532 531
f 891 880 888
f 888 873 874
f 874 891 888
f 888 879 873
f 888 880 879
f 663 863 658
f 658 662 663
f 869 863 663
f 821 827 830
f 830 641 821
f 831 653 830
f 830 653 642
f 830 642 641
f 661 662 660
f 660 659 661
f 660 662 658
f 658 653 660
f 660 653 659
f 656 873 661
f 661 659 656
f 656 655 865
f 865 873 656
f 656 659 657
f 472 852 853
f 853 854 472
f 852 854 853
f 112 119 111
f 817 112 111
f 377 362 814
f 391 375 377
f 375 362 377
f 395 377 394
f 391 377 395
f 1050 1064 876
f 1081 868 876
f 876 1064 1081
f 861 1044 1046
f 862 1044 861
f 1046 867 861
f 861 867 862
f 1485 1486 1469
f 1469 1484 1485
f 1513 1486 1485
f 1512 1513 1485
f 1485 1484 1512
f 1510 1482 1511
f 1478 1509 1510
f 1510 1509 1512
f 1512 1482 1510
f 1511 1479 1510
f 1510 1479 1478
f 805 1539 633
f 797 805 633
f 802 804 797
f 316 804 802
f 1357 752 1358
f 1358 752 1359
f 1349 1357 1358
f 1358 1359 1349
f 1357 741 747
f 747 752 1357
f 605 610 611
f 302 609 611
f 611 610 302
f 777 590 778
f 670 109 107
f 581 580 1040
f 1040 580 1029
f 1039 1029 1028
f 1028 1038 1039
f 1039 1040 1029
f 581 1040 1039
f 1027 1038 1028
f 1037 1038 1027
f 1036 1037 1027
f 1027 1026 1036
f 1027 1028 1011
f 1011 1026 1027
f 1147 1137 1146
f 1146 1167 1147
f 1207 1206 1233
f 1237 1208 1236
f 1236 1235 1237
f 1208 1207 1236
f 1236 1207 1235
f 1163 1183 1184
f 1208 1186 1185
f 1185 1207 1208
f 1183 1207 1185
f 1185 1184 1183
f 1233 1047 838
f 838 1267 1233
f 838 835 1267
f 847 848 840
f 847 1047 848
f 1052 1047 1055
f 851 1047 1052
f 1055 1067 1052
f 1067 851 1052
f 1087 1086 1108
f 1137 1138 1131
f 1131 1132 1128
f 1131 1138 1132
f 1131 1128 1087
f 1087 1108 1131
f 1146 1137 1145
f 1148 1069 1163
f 1086 1069 1148
f 1239 1209 1238
f 1239 1240 1213
f 1211 1209 1212
f 1212 1239 1213
f 1209 1239 1212
f 1211 1186 1210
f 1210 1209 1211
f 1186 1209 1210
f 623 1269 1233
f 629 1269 623
f 628 629 623
f 1233 1269 1270
f 1270 1271 1233
f 1272 1271 1270
f 624 1272 1304
f 1304 1269 624
f 1272 1270 1304
f 1304 1270 1269
f 507 506 505
f 505 506 494
f 508 507 505
f 505 529 508
f 528 530 505
f 505 532 533
f 533 529 505
f 505 531 532
f 530 531 505
f 684 685 683
f 76 94 95
f 95 96 76
f 94 96 95
f 98 96 94
f 63 78 65
f 51 64 63
f 63 65 51
f 51 65 66
f 215 164 214
f 260 306 277
f 278 215 277
f 277 215 214
f 408 389 388
f 113 127 374
f 374 389 113
f 117 113 389
f 22 13 355
f 461 614 462
f 462 614 615
f 1335 615 1339
f 615 614 1339
f 1339 1336 1335
f 1339 689 1336
f 1339 692 689
f 428 415 411
f 472 415 428
f 428 438 472
f 404 424 406
f 406 405 404
f 73 174 175
f 175 176 73
f 73 176 177
f 73 178 74
f 177 178 73
f 77 61 76
f 77 62 61
f 76 78 77
f 78 62 77
f 75 61 74
f 74 91 75
f 76 61 75
f 75 91 76
f 76 91 92
f 92 93 76
f 92 106 93
f 92 105 134
f 134 106 92
f 166 350 361
f 74 61 60
f 61 372 60
f 499 511 500
f 500 485 499
f 540 565 562
f 565 1030 562
f 1030 537 562
f 696 692 691
f 691 692 461
f 39 48 49
f 22 36 25
f 25 17 16
f 18 19 10
f 10 17 18
f 31 19 18
f 18 17 27
f 27 28 18
f 18 28 29
f 47 36 34
f 46 372 61
f 46 385 372
f 46 34 385
f 46 61 47
f 47 34 46
f 708 511 1042
f 511 708 709
f 709 708 719
f 730 727 721
f 721 719 730
f 730 719 727
f 718 716 707
f 718 714 716
f 721 714 718
f 718 729 721
f 718 728 729
f 21 728 718
f 21 10 20
f 20 728 21
f 20 19 31
f 10 19 20
f 729 728 20
f 1338 1337 618
f 618 1337 1333
f 619 1338 618
f 1333 620 618
f 618 620 619
f 960 1253 1289
f 1289 1253 1249
f 1043 714 1034
f 1034 1032 1043
f 1017 699 1018
f 1017 1018 1005
f 1017 1016 694
f 694 699 1017
f 1005 1004 1017
f 1017 1003 1016
f 1017 1004 1003
f 1179 1181 1180
f 1181 1160 1180
f 1180 1159 1179
f 1180 1160 1159
f 1225 1196 1213
f 1213 1240 1225
f 1226 1196 1225
f 1225 1240 1226
f 1254 1226 1257
f 1277 1275 1238
f 1307 1275 1277
f 1277 1238 1274
f 1274 1307 1277
f 627 1306 631
f 1326 627 626
f 1326 1306 627
f 626 622 1326
f 1263 1231 1262
f 1262 1298 1299
f 1299 1296 1262
f 1262 1297 1263
f 1262 1296 1297
f 1334 620 1333
f 1229 1197 1228
f 1307 1306 1329
f 1158 1159 1141
f 1141 1149 1158
f 1196 1176 1188
f 1213 1196 1188
f 1188 1212 1213
f 1211 1212 1188
f 1150 1147 1167
f 1168 1176 1159
f 1159 1158 1168
f 1168 1158 1149
f 1149 1150 1168
f 1317 1332 1330
f 1330 1325 1317
f 1332 1325 1330
f 1324 1323 1002
f 1297 1323 1324
f 1002 1301 1324
f 1324 1301 1297
f 1282 1265 1303
f 1265 1302 1303
f 1303 1301 1282
f 1303 1302 1301
f 845 837 841
f 845 1045 837
f 841 1048 845
f 1048 1045 845
f 1058 1048 1057
f 1048 1056 1057
f 1057 1056 857
f 1057 1074 1058
f 1057 1073 1074
f 857 1073 1057
f 478 848 477
f 437 478 438
f 848 478 437
f 477 476 475
f 475 476 438
f 475 478 477
f 438 478 475
f 810 1539 805
f 810 805 316
f 316 812 810
f 1487 1447 1488
f 1488 1429 1438
f 1438 1487 1488
f 1443 1444 947
f 1443 1435 1444
f 947 957 1443
f 957 1431 1443
f 927 1448 788
f 927 928 1448
f 788 784 927
f 927 784 928
f 1516 1531 1532
f 1532 634 1516
f 1532 638 634
f 1531 1540 1532
f 1532 1540 638
f 798 1515 1514
f 788 1448 798
f 1448 1515 798
f 1519 1514 1494
f 1519 798 1514
f 799 798 1519
f 1519 800 799
f 1494 1493 1519
f 1493 1518 1519
f 1512 1508 1506
f 1525 1503 1502
f 1502 1501 1525
f 1478 1461 1477
f 1501 1502 1477
f 1477 1503 1478
f 1477 1502 1503
f 637 797 1525
f 1525 635 637
f 637 635 797
f 1524 783 787
f 787 794 1524
f 447 907 640
f 640 442 447
f 1402 1395 1393
f 1393 1392 1402
f 1390 1392 1393
f 1393 453 1390
f 1393 457 453
f 1395 457 1393
f 456 1394 458
f 458 457 456
f 456 1395 1394
f 456 457 1395
f 858 767 771
f 771 767 770
f 649 442 640
f 640 441 649
f 649 441 442
f 207 271 270
f 270 208 207
f 256 208 270
f 256 253 272
f 272 209 256
f 217 274 218
f 218 166 217
f 304 274 273
f 209 272 273
f 207 158 157
f 165 164 157
f 157 164 207
f 157 361 165
f 157 158 361
f 198 197 259
f 259 199 198
f 911 920 921
f 151 913 912
f 911 921 912
f 908 911 912
f 912 913 908
f 120 139 140
f 120 117 116
f 120 111 119
f 116 111 120
f 212 162 186
f 162 139 186
f 184 248 185
f 185 186 139
f 276 214 213
f 147 937 936
f 936 937 925
f 936 935 944
f 925 935 936
f 195 192 256
f 195 194 192
f 195 144 194
f 192 144 193
f 251 280 252
f 205 156 204
f 944 942 951
f 951 942 950
f 956 955 949
f 947 955 956
f 956 957 947
f 952 953 944
f 944 951 952
f 950 957 952
f 952 951 950
f 154 202 153
f 820 152 154
f 154 153 820
f 869 663 870
f 870 663 662
f 661 869 870
f 870 662 661
f 813 816 817
f 655 816 813
f 813 377 814
f 376 377 813
f 813 646 655
f 813 814 836
f 836 646 813
f 824 816 822
f 822 816 657
f 822 653 831
f 657 653 822
f 657 816 647
f 647 656 657
f 647 816 655
f 655 656 647
f 817 111 815
f 815 111 376
f 815 813 817
f 376 813 815
f 413 395 412
f 412 395 394
f 412 111 116
f 427 425 411
f 411 425 429
f 429 437 438
f 421 437 429
f 394 377 393
f 393 412 394
f 1065 876 868
f 1050 876 1065
f 868 867 1065
f 1065 867 1050
f 546 545 549
f 549 525 546
f 527 525 551
f 530 527 551
f 504 525 527
f 504 527 528
f 504 505 494
f 528 505 504
f 519 546 525
f 501 518 519
f 519 520 501
f 518 545 519
f 545 546 519
f 502 488 501
f 501 522 502
f 667 664 759
f 1372 501 1382
f 743 596 738
f 1525 797 636
f 797 633 636
f 636 1539 1525
f 636 633 1539
f 167 166 218
f 290 228 289
f 287 286 316
f 287 228 286
f 229 230 171
f 294 230 229
f 1343 761 1341
f 1341 1342 1343
f 1340 1342 1341
f 1343 1350 1348
f 1348 761 1343
f 611 609 606
f 741 736 740
f 740 739 741
f 740 736 1356
f 609 302 325
f 325 333 609
f 322 292 294
f 292 776 775
f 777 778 775
f 672 674 677
f 677 109 672
f 109 670 672
f 484 674 672
f 672 670 484
f 581 1039 582
f 582 1039 1038
f 582 577 581
f 1038 577 582
f 1137 1147 1139
f 1139 1138 1137
f 1147 1150 1139
f 1140 1132 1139
f 1132 1138 1139
f 1139 1149 1140
f 1139 1150 1149
f 1234 1271 1237
f 1237 1235 1234
f 1235 1207 1234
f 1233 1271 1234
f 1234 1207 1233
f 1182 1183 1163
f 1182 1207 1183
f 1163 1069 1182
f 1182 1069 1205
f 1205 1206 1182
f 1206 1207 1182
f 1165 1185 1186
f 1146 1145 1165
f 846 838 1047
f 1047 847 846
f 839 838 846
f 840 839 846
f 846 847 840
f 1136 1131 1108
f 1137 1131 1136
f 1136 1145 1137
f 1136 1108 1086
f 1256 1239 1238
f 1240 1239 1256
f 1256 1238 1257
f 1257 1226 1256
f 1226 1240 1256
f 1233 1268 467
f 467 623 1233
f 467 1268 835
f 675 705 84
f 84 713 69
f 84 705 711
f 711 713 84
f 712 485 711
f 711 705 712
f 704 712 705
f 683 675 676
f 676 684 683
f 675 84 676
f 676 84 69
f 686 685 687
f 685 684 687
f 81 100 686
f 31 18 30
f 30 18 29
f 52 54 42
f 52 51 66
f 66 54 52
f 207 164 216
f 164 215 216
f 216 271 207
f 278 271 216
f 216 215 278
f 407 424 413
f 413 408 407
f 407 408 388
f 407 388 406
f 406 424 407
f 113 117 126
f 140 127 126
f 127 113 126
f 126 120 140
f 117 120 126
f 389 408 409
f 409 117 389
f 409 408 413
f 413 412 409
f 409 412 116
f 339 617 619
f 381 379 465
f 465 627 628
f 628 623 465
f 465 622 627
f 623 467 465
f 336 461 335
f 461 462 335
f 613 1339 614
f 692 1339 613
f 403 425 424
f 424 404 403
f 364 365 353
f 381 365 364
f 364 379 381
f 421 401 422
f 422 400 421
f 401 400 422
f 382 400 401
f 382 365 381
f 381 400 382
f 835 838 473
f 473 838 839
f 473 839 840
f 421 400 420
f 182 74 179
f 179 178 182
f 74 178 179
f 174 73 173
f 175 174 173
f 173 235 175
f 90 91 74
f 90 92 91
f 105 92 90
f 90 74 182
f 182 105 90
f 58 73 74
f 130 73 58
f 58 128 130
f 115 128 58
f 124 167 168
f 498 499 485
f 498 485 497
f 511 499 498
f 498 512 513
f 497 510 498
f 498 510 512
f 722 710 721
f 31 42 43
f 43 44 31
f 56 44 43
f 710 722 723
f 696 3 1
f 3 4 1
f 1 700 696
f 5 700 1
f 1 4 5
f 7 4 3
f 461 3 2
f 2 691 461
f 2 3 696
f 696 691 2
f 695 3 461
f 695 8 3
f 695 461 336
f 336 8 695
f 50 49 64
f 50 39 49
f 64 51 50
f 29 39 40
f 51 52 40
f 40 50 51
f 39 50 40
f 40 30 29
f 38 39 29
f 29 28 38
f 47 48 38
f 48 39 38
f 27 17 26
f 17 25 26
f 26 25 36
f 15 13 22
f 22 25 15
f 15 25 16
f 15 7 13
f 22 385 35
f 385 34 35
f 35 36 22
f 35 34 36
f 719 708 715
f 727 719 715
f 715 714 727
f 1042 714 715
f 715 708 1042
f 500 511 515
f 515 710 500
f 515 709 710
f 720 719 710
f 710 709 720
f 720 709 719
f 12 718 707
f 21 718 12
f 707 11 12
f 12 11 21
f 32 20 31
f 729 20 32
f 963 960 959
f 960 1289 959
f 959 1249 963
f 959 1289 1249
f 716 714 717
f 714 1043 717
f 1031 716 717
f 717 1043 1032
f 717 1020 1031
f 717 1032 1020
f 1276 1254 1257
f 1257 1238 1276
f 1238 1275 1276
f 629 627 630
f 627 631 630
f 624 629 630
f 630 1305 624
f 1273 1305 630
f 1327 1326 622
f 1306 1326 1327
f 1295 1262 1260
f 1260 1262 1231
f 1229 1228 1260
f 1260 1230 1229
f 1231 1230 1260
f 1227 1228 1197
f 1227 1197 1226
f 1187 1186 1211
f 1211 1188 1187
f 421 420 433
f 418 473 433
f 436 437 421
f 421 435 436
f 848 437 436
f 840 848 436
f 436 435 840
f 1531 1539 811
f 1539 810 811
f 811 810 812
f 811 812 808
f 811 1540 1531
f 808 638 811
f 638 1540 811
f 203 791 204
f 203 784 791
f 922 928 780
f 928 784 780
f 204 791 264
f 807 800 808
f 1447 1440 1439
f 1439 1488 1447
f 1439 1440 1429
f 1429 1488 1439
f 1435 1443 1436
f 1436 1443 1431
f 1422 1435 1436
f 1436 1423 1422
f 1436 1431 1423
f 930 940 938
f 938 928 930
f 930 928 922
f 946 955 947
f 947 938 946
f 938 940 946
f 799 800 790
f 790 798 799
f 790 800 791
f 791 784 790
f 806 1519 1518
f 800 1519 806
f 806 1518 808
f 808 800 806
f 1505 1504 1512
f 1512 1506 1505
f 1505 1478 1504
f 1505 1506 1478
f 1507 1508 1478
f 1478 1506 1507
f 1507 1506 1508
f 1524 1501 1500
f 1501 1477 1500
f 777 775 779
f 779 1541 777
f 779 783 1524
f 1524 1537 779
f 779 1537 1541
f 779 775 776
f 779 292 781
f 779 776 292
f 797 794 786
f 794 787 786
f 786 796 797
f 1495 1342 1340
f 1475 1342 1497
f 1342 1522 1497
f 1523 1537 1524
f 590 762 757
f 445 907 446
f 907 447 446
f 446 442 445
f 446 447 442
f 858 771 439
f 439 643 858
f 439 441 643
f 442 441 440
f 440 774 442
f 770 774 440
f 441 439 440
f 440 771 770
f 440 439 771
f 768 442 773
f 442 774 773
f 769 768 773
f 773 770 769
f 773 774 770
f 259 196 258
f 258 270 271
f 256 270 258
f 258 306 259
f 258 271 278
f 278 277 258
f 258 277 306
f 255 253 191
f 274 217 211
f 211 273 274
f 211 166 361
f 211 217 166
f 159 209 210
f 209 273 210
f 210 211 159
f 273 211 210
f 149 920 926
f 119 138 136
f 139 120 137
f 137 185 139
f 184 185 137
f 137 136 153
f 137 120 119
f 119 136 137
f 249 185 248
f 186 185 249
f 212 186 249
f 260 277 261
f 261 277 214
f 214 276 261
f 212 249 275
f 275 249 248
f 275 213 212
f 275 276 213
f 932 923 925
f 925 937 932
f 144 195 145
f 145 936 944
f 144 953 143
f 143 193 144
f 143 953 949
f 192 193 143
f 143 189 192
f 190 189 143
f 940 930 931
f 931 930 922
f 304 255 254
f 191 252 254
f 254 255 191
f 279 252 280
f 218 274 279
f 279 280 218
f 279 254 252
f 279 274 304
f 304 254 279
f 188 141 156
f 250 187 188
f 187 141 188
f 191 250 188
f 188 252 191
f 251 252 188
f 958 956 949
f 957 956 958
f 949 953 958
f 953 952 958
f 958 952 957
f 817 816 823
f 823 112 817
f 823 136 138
f 823 119 112
f 823 138 119
f 825 816 824
f 824 833 825
f 153 833 828
f 820 153 828
f 828 833 824
f 424 425 426
f 425 427 426
f 413 424 426
f 411 429 430
f 392 393 377
f 376 111 392
f 392 377 376
f 111 412 110
f 412 393 110
f 110 392 111
f 393 392 110
f 549 530 550
f 530 551 550
f 550 525 549
f 550 551 525
f 493 504 494
f 493 491 492
f 494 484 493
f 484 491 493
f 523 502 521
f 520 519 521
f 521 502 522
f 501 520 521
f 521 522 501
f 503 502 523
f 492 502 503
f 523 521 503
f 503 521 526
f 525 504 503
f 503 526 525
f 503 493 492
f 504 493 503
f 667 759 480
f 484 670 480
f 754 759 664
f 1372 1384 1385
f 1385 1380 1372
f 742 748 749
f 738 737 742
f 742 743 738
f 1373 748 742
f 169 128 168
f 223 224 168
f 168 167 223
f 285 283 310
f 316 286 285
f 285 310 316
f 286 228 285
f 285 228 227
f 803 802 797
f 792 290 289
f 793 290 792
f 228 290 291
f 781 292 291
f 291 292 228
f 316 802 318
f 318 287 316
f 294 229 293
f 293 229 228
f 293 322 294
f 228 292 293
f 292 322 293
f 755 752 751
f 751 757 755
f 751 606 601
f 610 605 751
f 751 745 610
f 751 605 611
f 611 606 751
f 746 747 741
f 741 745 746
f 745 751 746
f 752 747 746
f 746 751 752
f 741 739 744
f 744 745 741
f 744 739 610
f 610 745 744
f 607 302 610
f 610 739 607
f 666 743 665
f 665 586 666
f 596 743 592
f 592 586 596
f 743 666 592
f 592 666 586
f 87 98 94
f 608 606 609
f 243 300 302
f 1370 737 735
f 735 1356 1370
f 735 740 1356
f 735 737 738
f 738 739 735
f 739 740 735
f 606 608 604
f 333 599 604
f 604 599 603
f 601 606 604
f 604 603 601
f 609 333 604
f 604 608 609
f 328 325 302
f 1164 1165 1145
f 1163 1184 1164
f 1184 1185 1164
f 1185 1165 1164
f 1145 1136 1144
f 1144 1136 1086
f 1144 1148 1163
f 1163 1164 1144
f 1144 1164 1145
f 1086 1148 1144
f 470 467 835
f 835 473 470
f 381 465 398
f 682 704 705
f 682 675 683
f 682 705 675
f 497 485 496
f 496 509 497
f 485 712 495
f 712 704 495
f 495 496 485
f 495 704 508
f 495 508 509
f 509 496 495
f 99 81 98
f 100 81 99
f 678 681 99
f 681 108 99
f 99 107 678
f 99 98 107
f 99 108 686
f 686 100 99
f 67 54 66
f 82 688 83
f 83 67 82
f 82 67 81
f 686 688 82
f 82 81 686
f 79 65 78
f 68 676 69
f 69 54 68
f 54 67 68
f 684 676 68
f 68 687 684
f 68 67 83
f 83 688 68
f 68 688 686
f 686 687 68
f 69 713 724
f 724 713 711
f 710 723 724
f 116 117 390
f 390 409 116
f 117 409 390
f 336 335 463
f 463 335 462
f 463 462 615
f 615 616 463
f 463 616 1338
f 1338 617 463
f 617 339 463
f 353 347 345
f 345 351 353
f 464 339 619
f 353 351 352
f 353 465 363
f 363 364 353
f 379 364 363
f 351 345 343
f 365 382 367
f 354 347 353
f 22 355 368
f 355 358 368
f 368 385 22
f 614 692 612
f 612 613 614
f 692 613 612
f 402 401 421
f 321 296 294
f 320 296 321
f 294 292 321
f 321 292 320
f 323 296 320
f 234 173 233
f 235 173 234
f 294 296 295
f 295 230 294
f 232 296 233
f 233 173 232
f 232 295 296
f 231 232 173
f 295 232 231
f 171 230 231
f 230 295 231
f 172 73 130
f 172 173 73
f 172 231 173
f 171 231 172
f 130 128 172
f 172 128 171
f 59 58 74
f 372 58 59
f 74 60 59
f 59 60 372
f 373 372 361
f 373 58 372
f 167 124 123
f 350 166 123
f 166 167 123
f 168 128 129
f 129 128 115
f 514 537 511
f 511 498 514
f 540 562 514
f 514 562 537
f 513 540 514
f 514 498 513
f 732 722 721
f 721 731 732
f 45 56 731
f 45 44 56
f 733 723 722
f 722 732 733
f 5 4 9
f 4 7 9
f 9 10 5
f 16 17 9
f 9 17 10
f 9 15 16
f 7 15 9
f 3 8 6
f 6 7 3
f 13 7 6
f 53 40 52
f 47 38 37
f 37 38 28
f 37 28 27
f 37 36 47
f 27 26 37
f 37 26 36
f 511 709 703
f 703 515 511
f 709 515 703
f 33 32 31
f 729 32 33
f 31 44 33
f 44 45 33
f 731 729 33
f 33 45 731
f 1290 1276 1275
f 1254 1276 1290
f 1255 1293 1258
f 1255 1227 1226
f 1258 1227 1255
f 1226 1254 1255
f 1258 1293 1294
f 1294 1319 1317
f 1317 1298 1294
f 1294 1262 1295
f 1298 1262 1294
f 632 1306 1273
f 1273 630 632
f 632 631 1306
f 632 630 631
f 1259 1227 1258
f 1228 1227 1259
f 1258 1294 1259
f 1295 1260 1259
f 1259 1294 1295
f 1166 1187 1188
f 1186 1187 1166
f 1166 1165 1186
f 1166 1167 1146
f 1146 1165 1166
f 434 433 473
f 840 435 434
f 434 473 840
f 434 435 421
f 421 433 434
f 784 203 155
f 155 203 204
f 788 798 789
f 798 790 789
f 789 784 788
f 789 790 784
f 1475 1500 1476
f 1476 1500 1477
f 1461 1475 1476
f 1476 1477 1461
f 782 787 783
f 783 779 782
f 782 786 787
f 782 779 781
f 781 786 782
f 785 290 793
f 793 786 785
f 785 786 781
f 781 291 785
f 785 291 290
f 1496 1522 1342
f 1342 1495 1496
f 1496 1521 1522
f 1495 1521 1496
f 1522 1523 1499
f 1499 1500 1475
f 1524 1500 1499
f 1499 1523 1524
f 761 1348 760
f 760 757 761
f 755 757 760
f 760 1350 755
f 760 1348 1350
f 764 1341 761
f 761 757 764
f 1340 1341 764
f 256 258 257
f 257 258 196
f 257 195 256
f 196 195 257
f 303 272 253
f 253 255 303
f 361 159 160
f 160 211 361
f 159 211 160
f 150 149 198
f 150 199 151
f 150 198 199
f 920 149 150
f 150 921 920
f 151 912 150
f 150 912 921
f 184 137 183
f 153 202 183
f 183 137 153
f 260 261 201
f 200 260 201
f 201 152 200
f 201 154 152
f 202 154 201
f 201 246 184
f 247 248 184
f 184 246 247
f 247 275 248
f 276 275 247
f 926 923 933
f 923 932 933
f 933 149 926
f 148 937 147
f 148 932 937
f 148 147 197
f 148 933 932
f 197 198 148
f 198 149 148
f 149 933 148
f 954 145 944
f 144 145 954
f 944 953 954
f 954 953 144
f 197 147 146
f 146 196 197
f 146 195 196
f 146 145 195
f 142 187 191
f 142 141 187
f 191 189 142
f 142 189 190
f 190 143 142
f 940 931 941
f 931 142 941
f 929 931 922
f 922 156 929
f 156 141 929
f 156 205 206
f 206 188 156
f 205 269 206
f 206 269 251
f 251 188 206
f 266 205 204
f 316 310 331
f 331 812 316
f 808 812 331
f 331 307 807
f 331 807 808
f 826 823 816
f 816 825 826
f 826 825 833
f 136 823 826
f 826 833 153
f 153 136 826
f 820 828 829
f 829 828 830
f 827 820 829
f 829 830 827
f 832 828 824
f 830 828 832
f 824 822 832
f 831 830 832
f 832 822 831
f 410 426 427
f 410 427 411
f 410 395 413
f 413 426 410
f 410 411 391
f 391 395 410
f 431 428 411
f 411 430 431
f 438 428 431
f 431 429 438
f 431 430 429
f 526 521 548
f 525 526 548
f 483 491 484
f 484 480 483
f 492 491 483
f 501 488 487
f 488 482 487
f 753 754 749
f 759 754 753
f 749 754 750
f 750 754 664
f 750 664 665
f 665 743 750
f 750 742 749
f 743 742 750
f 1384 1375 1386
f 1386 1385 1384
f 1373 1385 1386
f 1383 1384 1372
f 1383 1375 1384
f 1372 1382 1383
f 1376 1383 1382
f 1375 1383 1376
f 1381 1385 1373
f 1373 742 1381
f 1370 1380 1381
f 1380 1385 1381
f 1381 737 1370
f 1381 742 737
f 171 128 170
f 128 169 170
f 170 229 171
f 227 228 170
f 228 229 170
f 222 223 167
f 224 223 222
f 289 228 288
f 288 792 289
f 228 287 288
f 793 792 288
f 601 757 756
f 756 751 601
f 757 751 756
f 596 586 595
f 103 102 93
f 85 664 667
f 181 134 182
f 177 176 237
f 240 243 182
f 240 239 243
f 182 178 240
f 240 178 177
f 177 239 240
f 603 599 600
f 601 603 600
f 590 757 600
f 600 757 601
f 292 775 319
f 320 292 319
f 418 467 432
f 467 470 432
f 432 473 418
f 432 470 473
f 397 465 467
f 397 398 465
f 416 467 418
f 417 416 418
f 398 416 417
f 701 682 683
f 704 682 701
f 701 683 508
f 508 704 701
f 66 65 80
f 65 79 80
f 80 67 66
f 81 67 80
f 78 96 97
f 97 79 78
f 96 98 97
f 98 81 97
f 81 80 97
f 97 80 79
f 42 54 55
f 55 724 56
f 55 43 42
f 56 43 55
f 56 724 70
f 70 724 723
f 70 733 56
f 723 733 70
f 711 710 725
f 725 724 711
f 710 724 725
f 346 463 339
f 339 345 346
f 466 352 351
f 351 343 466
f 466 343 465
f 466 465 353
f 353 352 466
f 379 363 380
f 344 345 339
f 339 343 344
f 344 343 345
f 339 464 342
f 342 343 339
f 342 464 619
f 619 621 342
f 621 622 342
f 622 465 342
f 465 343 342
f 353 365 366
f 366 367 353
f 365 367 366
f 353 367 357
f 357 367 358
f 357 354 353
f 383 382 401
f 383 367 382
f 401 402 383
f 405 385 383
f 385 387 383
f 383 404 405
f 383 403 404
f 383 402 403
f 421 429 423
f 423 402 421
f 403 402 423
f 423 429 425
f 425 403 423
f 360 373 361
f 125 124 168
f 168 129 125
f 56 733 734
f 734 733 732
f 731 56 734
f 734 732 731
f 41 52 42
f 41 53 52
f 41 42 31
f 31 30 41
f 30 40 41
f 40 53 41
f 1307 1329 1316
f 621 620 625
f 625 622 621
f 625 1327 622
f 1261 1260 1228
f 1228 1259 1261
f 1261 1259 1260
f 1169 1188 1176
f 1169 1166 1188
f 1167 1166 1169
f 1176 1168 1169
f 1169 1150 1167
f 1169 1168 1150
f 784 155 915
f 204 156 915
f 915 155 204
f 915 156 922
f 915 780 784
f 922 780 915
f 791 800 801
f 800 807 801
f 801 264 791
f 801 809 264
f 807 307 801
f 307 809 801
f 1535 1521 1533
f 1535 1533 777
f 777 1541 1535
f 1522 1521 1534
f 1533 1521 1520
f 1340 765 1520
f 1520 1495 1340
f 1520 1521 1495
f 1498 1497 1522
f 1522 1499 1498
f 1475 1497 1498
f 1498 1499 1475
f 763 757 762
f 763 764 757
f 763 765 1340
f 1340 764 763
f 763 590 777
f 763 762 590
f 777 1533 763
f 1533 1520 763
f 763 1520 765
f 305 303 255
f 304 273 305
f 305 255 304
f 305 273 272
f 272 303 305
f 184 183 245
f 245 183 202
f 245 201 184
f 202 201 245
f 262 261 276
f 262 201 261
f 246 201 263
f 263 247 246
f 201 262 263
f 276 247 263
f 263 262 276
f 936 145 945
f 145 146 945
f 147 936 945
f 945 146 147
f 141 142 939
f 939 142 931
f 939 929 141
f 931 929 939
f 948 946 940
f 940 941 948
f 955 946 948
f 949 955 948
f 948 941 949
f 949 941 121
f 121 941 142
f 121 143 949
f 121 142 143
f 265 266 204
f 307 266 265
f 265 809 307
f 204 264 265
f 264 809 265
f 307 331 332
f 547 519 525
f 525 548 547
f 547 521 519
f 547 548 521
f 492 483 489
f 488 502 489
f 489 502 492
f 489 482 488
f 489 483 482
f 1374 1386 1375
f 749 748 1374
f 1374 748 1373
f 1373 1386 1374
f 490 1376 1382
f 490 487 482
f 490 1382 501
f 501 487 490
f 1375 1376 1363
f 1363 753 749
f 749 1374 1363
f 1363 1374 1375
f 227 170 226
f 226 285 227
f 283 285 226
f 225 170 169
f 168 224 225
f 225 169 168
f 225 226 170
f 283 226 225
f 218 280 219
f 219 167 218
f 219 280 251
f 802 803 795
f 795 288 802
f 795 803 797
f 797 796 795
f 796 786 795
f 795 786 793
f 793 288 795
f 317 318 802
f 802 288 317
f 287 318 317
f 317 288 287
f 596 595 602
f 602 607 739
f 738 596 602
f 602 739 738
f 94 93 101
f 93 102 101
f 101 87 94
f 101 102 87
f 98 87 86
f 86 85 98
f 107 98 671
f 98 85 671
f 671 670 107
f 671 85 667
f 667 480 671
f 671 480 670
f 242 181 182
f 588 319 775
f 599 319 598
f 590 600 598
f 598 600 599
f 334 599 333
f 334 319 599
f 334 323 320
f 320 319 334
f 300 299 329
f 329 299 328
f 302 300 329
f 329 328 302
f 300 243 238
f 238 299 300
f 243 239 238
f 238 239 177
f 177 237 238
f 233 296 297
f 296 323 297
f 235 234 236
f 175 235 236
f 236 234 233
f 236 176 175
f 236 237 176
f 236 238 237
f 299 238 236
f 467 416 468
f 468 416 398
f 468 397 467
f 398 397 468
f 418 433 419
f 419 433 420
f 398 417 399
f 399 420 400
f 399 419 420
f 399 400 381
f 381 398 399
f 399 417 418
f 418 419 399
f 726 55 54
f 724 55 726
f 726 54 69
f 69 724 726
f 469 363 465
f 469 380 363
f 469 465 379
f 379 380 469
f 358 367 369
f 385 368 386
f 124 360 349
f 350 123 349
f 349 123 124
f 361 350 349
f 349 360 361
f 359 360 124
f 124 125 359
f 58 373 359
f 373 360 359
f 337 8 336
f 14 6 8
f 336 463 340
f 463 346 340
f 340 345 347
f 340 346 345
f 1307 1316 1292
f 1293 1255 1292
f 1292 1294 1293
f 1292 1316 1294
f 1294 1316 1318
f 1318 1334 1333
f 1333 1319 1318
f 1319 1294 1318
f 1328 1316 1329
f 1328 1329 1306
f 1306 1327 1328
f 1327 625 1328
f 1328 1318 1316
f 1334 1318 1328
f 620 1334 1328
f 1328 625 620
f 1521 1535 1536
f 1536 1534 1521
f 1536 1535 1541
f 1522 1534 1536
f 1541 1537 1536
f 1537 1523 1536
f 1536 1523 1522
f 307 332 330
f 314 331 310
f 314 332 331
f 310 283 314
f 482 483 479
f 479 481 482
f 479 480 759
f 479 483 480
f 759 753 758
f 482 1376 1387
f 1387 490 482
f 1376 490 1387
f 486 481 753
f 753 1365 486
f 482 481 486
f 486 1365 482
f 1364 1363 1376
f 1364 1376 482
f 482 1365 1364
f 1364 1365 753
f 753 1363 1364
f 221 222 167
f 282 225 224
f 594 595 586
f 241 602 595
f 134 181 135
f 181 132 135
f 664 85 668
f 665 664 668
f 71 86 87
f 85 86 71
f 71 668 85
f 72 57 71
f 71 57 586
f 88 71 87
f 72 71 88
f 87 102 88
f 102 103 88
f 587 775 778
f 587 588 775
f 319 588 597
f 597 598 319
f 590 598 597
f 588 587 597
f 333 325 324
f 324 334 333
f 325 297 324
f 323 334 324
f 324 297 323
f 325 328 326
f 326 297 325
f 233 297 298
f 298 236 233
f 299 236 298
f 367 383 384
f 384 369 367
f 383 369 384
f 371 368 358
f 370 369 383
f 370 383 387
f 370 387 385
f 385 386 370
f 358 369 370
f 370 371 358
f 370 386 368
f 368 371 370
f 114 359 125
f 114 129 115
f 114 125 129
f 115 58 114
f 58 359 114
f 8 337 338
f 338 14 8
f 348 355 13
f 348 14 24
f 348 358 355
f 348 340 347
f 348 357 358
f 347 354 348
f 354 357 348
f 1254 1290 1291
f 1291 1255 1254
f 1291 1292 1255
f 1291 1290 1275
f 1291 1275 1307
f 1307 1292 1291
f 308 266 307
f 307 330 308
f 308 309 266
f 311 312 283
f 311 330 332
f 332 312 311
f 283 312 313
f 313 314 283
f 313 312 332
f 332 314 313
f 753 481 1344
f 1344 758 753
f 759 758 1344
f 1344 479 759
f 481 479 1344
f 167 219 220
f 220 221 167
f 222 221 268
f 251 269 268
f 221 220 268
f 268 269 205
f 268 219 251
f 268 220 219
f 224 222 281
f 281 282 224
f 309 282 281
f 180 241 595
f 595 594 180
f 180 594 132
f 242 241 180
f 180 132 181
f 181 242 180
f 602 241 301
f 607 602 301
f 302 607 301
f 301 243 302
f 301 241 242
f 593 594 586
f 132 594 593
f 669 586 665
f 669 71 586
f 665 668 669
f 668 71 669
f 131 133 118
f 132 593 118
f 118 133 134
f 134 135 118
f 118 135 132
f 589 587 778
f 589 597 587
f 589 778 590
f 590 597 589
f 297 326 327
f 327 298 297
f 299 298 327
f 328 299 327
f 327 326 328
f 24 14 23
f 14 338 23
f 23 338 337
f 6 14 356
f 14 348 356
f 13 6 356
f 356 348 13
f 341 348 24
f 340 348 341
f 24 23 341
f 341 23 337
f 341 337 336
f 336 340 341
f 284 311 283
f 284 282 309
f 283 225 284
f 225 282 284
f 309 281 267
f 267 268 205
f 222 268 267
f 267 281 222
f 205 266 267
f 266 309 267
f 243 301 244
f 244 301 242
f 182 243 244
f 244 242 182
f 104 133 131
f 104 88 103
f 131 88 104
f 93 106 104
f 104 103 93
f 104 106 134
f 134 133 104
f 89 88 131
f 131 118 89
f 591 593 586
f 591 118 593
f 315 284 309
f 311 284 315
f 309 308 315
f 315 308 330
f 330 311 315
f 72 88 584
f 88 89 584
f 584 57 72
f 586 57 584
f 583 89 118
f 583 584 89
f 586 584 583
f 118 591 585
f 585 583 118
f 585 591 586
f 586 583 585
f 1379 966 1368
f 961 966 1379
f 1287 1286 1281
f 1280 1287 1281
f 1455 1379 1368
f 1454 1379 1455
f 571 568 982
f 982 568 972
f 516 542 517
f 501 516 517
f 960 966 961
f 960 964 966

