# https://github.com/mikedh/trimesh
v -0.03053311 0.00062950 -0.05984093
v -0.03023450 0.00145403 -0.06023930
v -0.03024644 0.00062950 -0.06024871
v -0.03024047 -0.00056546 -0.06024346
v -0.02961937 0.00062950 -0.06066699
v -0.03020464 0.00225465 -0.06020977
v -0.02956562 0.00304332 -0.06062674
v -0.02972686 0.00184836 -0.06056898
v -0.02961937 -0.00056546 -0.06065912
v -0.03022853 -0.00123463 -0.06023208
v -0.03016880 0.00304332 -0.06017105
v -0.02862799 0.00184239 -0.06124717
v -0.02862799 0.00062950 -0.06124651
v -0.02949395 0.00425621 -0.06059611
v -0.02859215 0.00304332 -0.06122923
v -0.02854438 0.00425621 -0.06119860
v -0.02861604 -0.00056546 -0.06124432
v -0.02859215 -0.00176639 -0.06123776
v -0.02954770 -0.00296732 -0.06061515
v -0.02971492 -0.00168872 -0.06055696
v -0.02947603 -0.00418021 -0.06057489
v -0.03015089 -0.00296732 -0.06014851
v -0.03009714 0.00425621 -0.06008726
v -0.02940437 0.00546311 -0.06054098
v -0.02794716 0.00425621 -0.06148672
v -0.02798897 0.00304332 -0.06149941
v -0.02802480 0.00184239 -0.06150685
v -0.02802480 0.00062950 -0.06150641
v -0.02849660 0.00546311 -0.06114347
v -0.02789341 0.00546311 -0.06146834
v -0.02784564 0.00625179 -0.06144822
v -0.02801286 -0.00056546 -0.06150225
v -0.02799494 -0.00176639 -0.06149722
v -0.02794119 -0.00296732 -0.06148168
v -0.02854438 -0.00296732 -0.06121763
v -0.02832938 -0.00428178 -0.06122179
v -0.02936854 -0.00538114 -0.06051211
v -0.03007922 -0.00418021 -0.06007588
v -0.03000756 0.00546311 -0.05995819
v -0.02927895 0.00666405 -0.06044888
v -0.02831146 0.00665807 -0.06109818
v -0.02720662 0.00546311 -0.06163198
v -0.02720662 0.00425621 -0.06166217
v -0.02720662 0.00304332 -0.06168514
v -0.02720662 0.00184239 -0.06170286
v -0.02720662 0.00062950 -0.06171183
v -0.02720662 -0.00056546 -0.06170789
v -0.02773814 0.00705241 -0.06138258
v -0.02660940 0.01089421 -0.06143247
v -0.02667509 0.01028478 -0.06146178
v -0.02681843 0.00907787 -0.06151406
v -0.02600024 0.01028478 -0.06164160
v -0.02600024 0.00907787 -0.06172102
v -0.02728425 0.00665807 -0.06155847
v -0.02720662 -0.00176639 -0.06169367
v -0.02720662 -0.00296732 -0.06166873
v -0.02787550 -0.00394719 -0.06145631
v -0.02780383 -0.00474781 -0.06142043
v -0.02714092 -0.00907954 -0.06120626
v -0.02841299 -0.00780094 -0.06072978
v -0.02925506 -0.00659403 -0.06043313
v -0.02997172 -0.00538114 -0.05995490
v -0.02904604 0.00859391 -0.06025724
v -0.02913562 0.00787096 -0.06033491
v -0.02848466 0.00903007 -0.06056636
v -0.02600024 0.00787096 -0.06178381
v -0.02600024 0.00666405 -0.06182515
v -0.02600024 0.00546311 -0.06184965
v -0.02600024 0.00184239 -0.06189603
v -0.02600024 0.00425621 -0.06186737
v -0.02600024 0.00304332 -0.06188203
v -0.02600024 0.00062950 -0.06190216
v -0.02600024 -0.00056546 -0.06188947
v -0.02599427 0.01136621 -0.06154185
v -0.02727828 0.01028478 -0.06111350
v -0.02816216 0.01028478 -0.06051079
v -0.02707523 0.01269262 -0.06059108
v -0.02617343 0.01269262 -0.06119335
v -0.02543886 0.01339167 -0.06145171
v -0.02557025 0.01269262 -0.06150094
v -0.02479984 0.01269262 -0.06169608
v -0.02479984 0.01149169 -0.06180131
v -0.02479984 0.01028478 -0.06186716
v -0.02600024 -0.00296732 -0.06184506
v -0.02600024 -0.00418021 -0.06181115
v -0.02600024 -0.00780094 -0.06166676
v -0.02732009 -0.00428178 -0.06157882
v -0.02679454 -0.00780094 -0.06149437
v -0.02668704 -0.00873898 -0.06146244
v -0.02657357 -0.00953363 -0.06140840
v -0.02720662 -0.01020878 -0.06093827
v -0.02846077 -0.00893017 -0.06051036
v -0.02912368 -0.00780094 -0.06032462
v -0.02893257 0.00940051 -0.06012883
v -0.02479984 0.00907787 -0.06190719
v -0.02479984 0.00787096 -0.06193716
v -0.02479984 0.00666405 -0.06195926
v -0.02479984 0.00546311 -0.06197348
v -0.02479984 0.00425621 -0.06198617
v -0.02479984 0.00062950 -0.06197895
v -0.02479984 0.00304332 -0.06199076
v -0.02479984 0.00184239 -0.06198813
v -0.02479984 -0.00056546 -0.06196079
v -0.02479984 -0.00176639 -0.06194175
v -0.02479984 -0.00296732 -0.06192141
v -0.02795911 0.01127062 -0.06035963
v -0.02780383 0.01207722 -0.06021918
v -0.02678857 0.01389953 -0.06038063
v -0.02590469 0.01383978 -0.06101571
v -0.02518206 0.01419229 -0.06133642
v -0.02415485 0.01565014 -0.06140490
v -0.02307986 0.01703630 -0.06146988
v -0.02333069 0.01631335 -0.06153178
v -0.02478789 0.01383978 -0.06154688
v -0.02238112 0.01631335 -0.06175493
v -0.02358749 0.01389953 -0.06179431
v -0.02358749 0.01269262 -0.06189800
v -0.02358749 0.01149169 -0.06195423
v -0.02479984 -0.00418021 -0.06189647
v -0.02479984 -0.00659403 -0.06184046
v -0.02479984 -0.00780094 -0.06181159
v -0.02479984 -0.00900784 -0.06176411
v -0.02479984 -0.01020878 -0.06168908
v -0.02610177 -0.00907954 -0.06156110
v -0.02539108 -0.01199524 -0.06142218
v -0.02600024 -0.01261662 -0.06103168
v -0.02704537 -0.01261662 -0.06051429
v -0.02732009 -0.01150531 -0.06059917
v -0.02904007 -0.00848804 -0.06024849
v -0.02810841 -0.01020878 -0.06043291
v -0.02876535 0.01028478 -0.05991750
v -0.02358749 0.01028478 -0.06198223
v -0.02358749 0.00907787 -0.06200082
v -0.02358749 0.00787096 -0.06201198
v -0.02358749 0.00666405 -0.06201854
v -0.02358749 0.00304332 -0.06201351
v -0.02358749 -0.00176639 -0.06196801
v -0.02358749 -0.00296732 -0.06195532
v -0.02238112 -0.00780094 -0.06191572
v -0.02238112 -0.00900784 -0.06189910
v -0.02238112 -0.01020878 -0.06188203
v -0.02358749 -0.00659403 -0.06190413
v -0.02358749 0.00546311 -0.06201898
v -0.02358749 0.00425621 -0.06201920
v -0.02358749 -0.00780094 -0.06188203
v -0.02767842 0.01269262 -0.06004919
v -0.02661537 0.01453286 -0.06023930
v -0.02598830 0.01500487 -0.06051364
v -0.02478789 0.01519008 -0.06121282
v -0.02393388 0.01631335 -0.06129726
v -0.02352777 0.01746648 -0.06104831
v -0.02272153 0.01783692 -0.06131695
v -0.02156293 0.01910955 -0.06133883
v -0.02191529 0.01829698 -0.06147906
v -0.02234528 0.01746648 -0.06156263
v -0.02117474 0.01631335 -0.06192994
v -0.02238112 0.01511241 -0.06187328
v -0.02117474 0.01752025 -0.06179890
v -0.02238112 0.01389953 -0.06195116
v -0.02238112 0.01149169 -0.06203385
v -0.02238112 0.01269262 -0.06200192
v -0.02358749 -0.00900784 -0.06185512
v -0.02358749 -0.01020878 -0.06182056
v -0.02358749 -0.01140971 -0.06176543
v -0.02358749 -0.01261662 -0.06168449
v -0.02358749 -0.01382951 -0.06158494
v -0.02420262 -0.01444491 -0.06143553
v -0.02468040 -0.01492887 -0.06110059
v -0.02611968 -0.01394900 -0.06064184
v -0.02779786 -0.01197732 -0.06021021
v -0.02582108 -0.01503641 -0.06051014
v -0.02680648 -0.01362039 -0.06037210
v -0.02889674 -0.00928268 -0.06010673
v -0.02238112 0.01028478 -0.06204348
v -0.02238112 0.00907787 -0.06204436
v -0.02238112 0.00787096 -0.06204392
v -0.02238112 0.00666405 -0.06203823
v -0.02117474 -0.01020878 -0.06189450
v -0.02117474 -0.01140971 -0.06188291
v -0.02238112 -0.01140971 -0.06186278
v -0.02637649 0.01532750 -0.05994834
v -0.02531344 0.01679133 -0.06012708
v -0.02557622 0.01597876 -0.06038478
v -0.02486553 0.01635517 -0.06069653
v -0.02445345 0.01752025 -0.06043598
v -0.02355166 0.01863157 -0.06047929
v -0.02312166 0.01948596 -0.06032987
v -0.02234528 0.01871522 -0.06112859
v -0.02116877 0.01994602 -0.06117103
v -0.02039239 0.02035231 -0.06135502
v -0.02116877 0.01871522 -0.06157379
v -0.02076266 0.01953974 -0.06148322
v -0.01996837 0.01631335 -0.06201657
v -0.02117474 0.01511241 -0.06199426
v -0.01996837 0.01752025 -0.06194613
v -0.01876796 0.01752025 -0.06203276
v -0.01998031 0.01994602 -0.06157817
v -0.01996837 0.01872716 -0.06181050
v -0.01876796 0.01872716 -0.06195729
v -0.02117474 0.01389953 -0.06202970
v -0.01996837 0.01511241 -0.06205311
v -0.02117474 0.01269262 -0.06205004
v -0.02117474 0.01149169 -0.06206011
v -0.02238112 -0.01261662 -0.06181268
v -0.02238112 -0.01382951 -0.06172693
v -0.02238112 -0.01503641 -0.06162673
v -0.02353374 -0.01492887 -0.06148912
v -0.02309778 -0.01579521 -0.06145937
v -0.02170029 -0.01796407 -0.06140030
v -0.02358749 -0.01744426 -0.06081882
v -0.02487748 -0.01629710 -0.06059415
v -0.02659746 -0.01442698 -0.06022180
v -0.02764856 -0.01261662 -0.06004547
v -0.02556427 -0.01593861 -0.06035481
v -0.02117474 0.01028478 -0.06205902
v 0.00414121 -0.02467974 -0.06164160
v 0.00293484 -0.02467974 -0.06164817
v 0.00052806 -0.02467974 -0.06166042
v -0.00013485 -0.02467974 -0.06166348
v -0.00067831 -0.02467974 -0.06166589
v -0.02117474 -0.01261662 -0.06185009
v -0.00013485 -0.02522344 -0.06165801
v 0.00052806 -0.02588665 -0.06164817
v -0.00013485 -0.02588665 -0.06164991
v -0.00067831 -0.02588665 -0.06165123
v -0.00671019 -0.02347880 -0.06169061
v -0.00791059 -0.02347880 -0.06168952
v -0.01032334 -0.02227189 -0.06170024
v -0.01394246 -0.01985808 -0.06173064
v -0.01514884 -0.01865117 -0.06175077
v -0.02422651 0.01817151 -0.06025637
v -0.02392790 0.01897213 -0.05990940
v -0.02276333 0.02028659 -0.05996256
v -0.02196307 0.02072275 -0.06036247
v -0.02237514 0.01989822 -0.06055608
v -0.02116877 0.02112903 -0.06058167
v -0.01959212 0.02072275 -0.06148519
v -0.01998031 0.02112903 -0.06116579
v -0.01916213 0.02152337 -0.06133598
v -0.01835589 0.02189978 -0.06148912
v -0.01755562 0.01872716 -0.06202707
v -0.01755562 0.01752025 -0.06207017
v -0.01876796 0.01631335 -0.06206864
v -0.01876199 0.02112903 -0.06158276
v -0.01876796 0.01993407 -0.06181727
v -0.01755562 0.01993407 -0.06194810
v -0.01996837 0.01389953 -0.06206602
v -0.01876796 0.01511241 -0.06207411
v -0.01635521 -0.01865117 -0.06173174
v -0.01755562 -0.01865117 -0.06168864
v -0.01876796 -0.01744426 -0.06170330
v -0.02117474 -0.01503641 -0.06172561
v -0.01996837 -0.01744426 -0.06163286
v -0.02117474 -0.01623735 -0.06163286
v -0.02125238 -0.01751596 -0.06151035
v -0.02195112 -0.01716344 -0.06146178
v -0.02090002 -0.01834048 -0.06146397
v -0.01966379 -0.01950556 -0.06146637
v -0.02046406 -0.01914110 -0.06137755
v -0.01876796 -0.02227189 -0.06091027
v -0.01996837 -0.02106499 -0.06094964
v -0.02117474 -0.01985808 -0.06095577
v -0.02238112 -0.01865117 -0.06094089
v -0.02448331 -0.01744426 -0.06041016
v -0.02533136 -0.01673923 -0.06016995
v -0.02642426 -0.01503641 -0.06004525
v -0.01755562 0.01631335 -0.06207586
v 0.00655396 -0.02467974 -0.06162629
v 0.00534759 -0.02467974 -0.06163439
v -0.01514884 -0.01985808 -0.06171336
v 0.00655396 -0.02588665 -0.06161120
v 0.00172846 -0.02709356 -0.06156919
v 0.00052806 -0.02709356 -0.06157532
v -0.00013485 -0.02643035 -0.06161732
v -0.00014082 -0.02643035 -0.06161732
v -0.00188469 -0.02588665 -0.06164773
v -0.00550381 -0.02467974 -0.06166830
v -0.00671019 -0.02467974 -0.06166064
v -0.00912294 -0.02347880 -0.06167858
v -0.01273609 -0.02106499 -0.06170986
v -0.02156293 0.02152337 -0.06000063
v -0.02075669 0.02191770 -0.06035656
v -0.01994448 0.02232399 -0.06055389
v -0.01876199 0.02231802 -0.06113144
v -0.01786020 0.02270040 -0.06131892
v -0.01705396 0.02301109 -0.06146134
v -0.01749589 0.02231802 -0.06156263
v -0.01394246 0.02234789 -0.06198529
v -0.01273609 0.02234789 -0.06200629
v -0.01273609 0.02114098 -0.06202051
v -0.01635521 0.01752025 -0.06206252
v -0.01755562 0.02114098 -0.06180700
v -0.01514884 0.02234789 -0.06191025
v -0.01635521 -0.01985808 -0.06167180
v -0.01876796 -0.01865117 -0.06162738
v -0.02002809 -0.01870494 -0.06151450
v -0.01877991 -0.01988795 -0.06150685
v -0.01839172 -0.02064675 -0.06145828
v -0.01994448 -0.02225397 -0.06050401
v -0.01709576 -0.02177001 -0.06144756
v -0.01576397 -0.02288132 -0.06143290
v -0.01624174 -0.02335931 -0.06118088
v -0.01755562 -0.02347880 -0.06081685
v -0.01867838 -0.02343698 -0.06045063
v -0.02116280 -0.02103511 -0.06050904
v -0.02235126 -0.01980430 -0.06048717
v -0.02353374 -0.01856752 -0.06044057
v -0.02424443 -0.01810746 -0.06026227
v -0.00188469 0.02596264 -0.06191682
v -0.00067831 0.02596264 -0.06190566
v 0.00896671 -0.02347283 -0.06160835
v 0.00896671 -0.02467974 -0.06160332
v 0.00776034 -0.02467974 -0.06161644
v 0.00776034 -0.02588665 -0.06160354
v -0.01153569 -0.02227189 -0.06168405
v -0.01394246 -0.02106499 -0.06168646
v -0.01514884 -0.02106499 -0.06164751
v 0.00531176 -0.02718318 -0.06150094
v 0.00293484 -0.02779261 -0.06146178
v 0.00172846 -0.02783443 -0.06147359
v 0.00776034 -0.02677689 -0.06151231
v 0.00655396 -0.02691431 -0.06151450
v 0.00052806 -0.02785235 -0.06147338
v -0.00014082 -0.02709356 -0.06157007
v -0.00309106 -0.02588665 -0.06163898
v -0.00791059 -0.02467974 -0.06164160
v -0.00429744 -0.02588665 -0.06162695
v -0.00550381 -0.02588665 -0.06161010
v -0.01032334 -0.02347880 -0.06165211
v -0.02033267 0.02272430 -0.05999209
v -0.01952643 0.02307682 -0.06033534
v -0.01867838 0.02351298 -0.06048454
v -0.01749589 0.02347115 -0.06103780
v -0.01635521 0.02385354 -0.06126248
v -0.01520856 0.02474378 -0.06120035
v -0.01419927 0.02513812 -0.06134014
v -0.01485023 0.02433750 -0.06149416
v -0.01635521 0.02325606 -0.06153835
v -0.01635521 0.02234789 -0.06176652
v -0.01273609 0.02355480 -0.06194416
v -0.01032334 0.02475573 -0.06193497
v -0.01153569 0.02355480 -0.06197413
v -0.00912294 0.02475573 -0.06194985
v -0.00550381 0.02596264 -0.06193060
v -0.00429744 0.02596264 -0.06193213
v -0.00309106 0.02596264 -0.06192535
v -0.01394246 0.02355480 -0.06184440
v -0.01635521 -0.02106499 -0.06158319
v -0.01751979 -0.02105304 -0.06149175
v -0.02075072 -0.02184768 -0.06033425
v -0.01952643 -0.02300082 -0.06031325
v -0.01624174 -0.02220617 -0.06147294
v -0.01514884 -0.02306057 -0.06146484
v -0.01347066 -0.02414201 -0.06144406
v -0.01514884 -0.02467974 -0.06096233
v -0.01642688 -0.02476338 -0.06061165
v -0.01755562 -0.02437502 -0.06041388
v -0.01822450 -0.02412408 -0.06026183
v -0.02192723 -0.02061688 -0.06032462
v -0.02309180 -0.01936814 -0.06030143
v -0.02389804 -0.01890808 -0.05997263
v -0.00067831 0.02716955 -0.06185053
v -0.00014082 0.02596264 -0.06189800
v 0.01861174 -0.01865117 -0.06148256
v 0.01017309 -0.02347283 -0.06159063
v 0.01017309 -0.02467974 -0.06158473
v 0.01137946 -0.02467974 -0.06156241
v 0.00896671 -0.02588665 -0.06156897
v -0.01273609 -0.02227189 -0.06165473
v -0.01394246 -0.02227189 -0.06161667
v -0.01514884 -0.02227189 -0.06155454
v 0.00293484 -0.02839606 -0.06123317
v 0.00172846 -0.02843788 -0.06124585
v 0.00414121 -0.02774481 -0.06144646
v 0.00052806 -0.02845581 -0.06125701
v 0.00896671 -0.02664545 -0.06148475
v 0.00488176 -0.02771493 -0.06143596
v -0.00014082 -0.02844386 -0.06125657
v -0.00067831 -0.02843191 -0.06125635
v -0.00014082 -0.02784041 -0.06146790
v -0.00013485 -0.02743412 -0.06152434
v -0.00067831 -0.02709356 -0.06156569
v -0.00912294 -0.02467974 -0.06161010
v -0.00671019 -0.02588665 -0.06158035
v -0.00188469 -0.02709356 -0.06155191
v -0.00309106 -0.02709356 -0.06153616
v -0.00425563 -0.02718915 -0.06150138
v -0.01153569 -0.02347880 -0.06161470
v -0.01821255 0.02418813 -0.06025812
v -0.01755562 0.02443310 -0.06042110
v -0.01642091 0.02483938 -0.06066874
v -0.01605661 0.02554441 -0.06038544
v -0.01504134 0.02595069 -0.06051429
v -0.01385288 0.02585510 -0.06101461
v -0.01273609 0.02615384 -0.06120757
v -0.01181041 0.02639880 -0.06134452
v -0.01339303 0.02538309 -0.06144165
v -0.01385288 0.02474378 -0.06155804
v -0.01520856 0.02363247 -0.06163286
v -0.01153569 0.02475573 -0.06187175
v -0.00912294 0.02596264 -0.06181400
v -0.00791059 0.02596264 -0.06187678
v -0.00671019 0.02596264 -0.06191441
v -0.00188469 0.02716955 -0.06185665
v -0.01273609 0.02475573 -0.06173809
v -0.02155696 -0.02142945 -0.06003563
v -0.02033267 -0.02264831 -0.06004635
v -0.01902477 -0.02380144 -0.05997634
v -0.01390066 -0.02350270 -0.06149831
v -0.01273609 -0.02432125 -0.06147097
v -0.01108778 -0.02536684 -0.06144603
v -0.01273609 -0.02588665 -0.06099427
v -0.01394246 -0.02588665 -0.06078163
v -0.01507120 -0.02588665 -0.06048235
v -0.01607452 -0.02548036 -0.06036553
v -0.01687479 -0.02523539 -0.06017805
v -0.02272750 -0.02016877 -0.06001244
v -0.00067831 0.02823904 -0.06161054
v 0.00293484 0.02815539 -0.06159063
v -0.00014082 0.02716955 -0.06183981
v 0.00052806 0.02596264 -0.06188815
v 0.02054672 -0.01816123 -0.06144253
v 0.01978228 -0.01859739 -0.06145675
v 0.01680815 -0.02287535 -0.06143203
v 0.01269334 -0.02478728 -0.06149809
v 0.01235890 -0.02540269 -0.06147053
v 0.01859382 -0.01983418 -0.06146418
v 0.01818174 -0.02083794 -0.06144909
v -0.01273609 -0.02347880 -0.06156460
v 0.00414121 -0.02834229 -0.06120079
v 0.00172846 -0.02950140 -0.06067771
v 0.00052806 -0.02950140 -0.06073525
v -0.00014082 -0.02950737 -0.06073875
v -0.00067831 -0.02950737 -0.06074225
v 0.00972518 -0.02654387 -0.06144952
v 0.00896671 -0.02724890 -0.06123120
v 0.00568203 -0.02764324 -0.06139833
v 0.00531176 -0.02818097 -0.06117475
v -0.00188469 -0.02838411 -0.06123907
v -0.00382564 -0.02770299 -0.06143509
v -0.00309106 -0.02773883 -0.06144209
v -0.00067831 -0.02782846 -0.06146331
v -0.00188469 -0.02950737 -0.06070418
v -0.01032334 -0.02467974 -0.06156198
v -0.00791059 -0.02588665 -0.06153528
v -0.00550381 -0.02691431 -0.06149985
v -0.00671019 -0.02672312 -0.06147862
v -0.01686285 0.02528749 -0.06014830
v -0.01456357 0.02657207 -0.06023624
v -0.01394246 0.02673339 -0.06037647
v -0.01263456 0.02718150 -0.06053814
v -0.01101014 0.02659597 -0.06144669
v -0.01145805 0.02706201 -0.06099471
v -0.01273609 0.02555636 -0.06150838
v -0.01032334 0.02596264 -0.06172255
v -0.00671019 0.02716955 -0.06171686
v -0.00550381 0.02716955 -0.06178315
v -0.00429744 0.02716955 -0.06181093
v -0.00309106 0.02716955 -0.06183631
v -0.00188469 0.02821514 -0.06161207
v -0.01145805 0.02598654 -0.06158188
v -0.01151180 -0.02472156 -0.06149678
v -0.01032334 -0.02551621 -0.06147009
v -0.00854364 -0.02649608 -0.06143312
v -0.01032334 -0.02709356 -0.06095096
v -0.01153569 -0.02709356 -0.06076435
v -0.01151180 -0.02581495 -0.06122070
v -0.01265248 -0.02712343 -0.06050073
v -0.01394246 -0.02671117 -0.06038107
v -0.01461732 -0.02653192 -0.06026008
v -0.00067831 0.02884847 -0.06133161
v 0.00052806 0.02882457 -0.06132636
v 0.00293484 0.02875885 -0.06129792
v 0.00414121 0.02869910 -0.06127582
v 0.00414121 0.02809565 -0.06156744
v 0.00293484 0.02716358 -0.06177571
v 0.00052806 0.02716358 -0.06182668
v 0.01619899 0.02234192 -0.06153769
v 0.01741134 0.02113501 -0.06152237
v 0.01861174 0.01992810 -0.06149503
v 0.02061241 -0.01744426 -0.06144100
v 0.02826274 -0.00418021 -0.06104131
v 0.02826274 -0.00538712 -0.06099318
v 0.02343724 -0.01623735 -0.06115332
v 0.01796078 -0.02163856 -0.06142349
v 0.01936423 -0.01941594 -0.06144843
v 0.01728592 -0.02335333 -0.06107390
v 0.01499262 -0.02461402 -0.06118788
v 0.01316514 -0.02525929 -0.06142284
v 0.01458054 -0.02416590 -0.06145237
v 0.02343724 -0.01744426 -0.06094417
v 0.01767411 -0.02226592 -0.06134014
v 0.01861174 -0.02226592 -0.06105246
v 0.00534759 -0.02930423 -0.06053267
v 0.00414121 -0.02938788 -0.06059808
v 0.00283331 -0.02959102 -0.06055105
v 0.00052806 -0.03018850 -0.06030647
v -0.00013485 -0.03019447 -0.06031062
v -0.00067831 -0.03019447 -0.06031368
v -0.00188469 -0.03017655 -0.06029290
v 0.01014920 -0.02700393 -0.06115550
v 0.01017309 -0.02811524 -0.06053858
v 0.00898463 -0.02839009 -0.06057555
v 0.00655396 -0.02918473 -0.06044494
v 0.00655396 -0.02829449 -0.06095008
v -0.00309106 -0.02834229 -0.06121873
v -0.00463188 -0.02764921 -0.06139571
v -0.00791059 -0.02657375 -0.06145062
v -0.00425563 -0.02818694 -0.06122179
v -0.00287009 -0.03015265 -0.06026271
v -0.00319856 -0.02962687 -0.06056024
v -0.00429744 -0.02943568 -0.06059327
v -0.00901544 -0.02590457 -0.06148519
v -0.01296900 0.02758779 -0.05995534
v -0.01216874 0.02779093 -0.06024083
v -0.01032334 0.02670352 -0.06148912
v -0.01032334 0.02730100 -0.06114303
v -0.00740296 0.02779691 -0.06144559
v -0.01153569 0.02789848 -0.06034825
v -0.00784490 0.02721138 -0.06159041
v -0.00671019 0.02787458 -0.06148803
v -0.00550381 0.02798213 -0.06153528
v -0.00309106 0.02814942 -0.06158735
v -0.00309106 0.02875287 -0.06129682
v -0.00188469 0.02881860 -0.06131870
v -0.00550381 -0.02830046 -0.06104459
v -0.00791059 -0.02830046 -0.06078010
v -0.00901544 -0.02698003 -0.06118635
v -0.00913488 -0.02837814 -0.06056352
v -0.01032334 -0.02807940 -0.06051101
v -0.01153569 -0.02785235 -0.06035525
v -0.01219860 -0.02771493 -0.06024849
v -0.01299886 -0.02754167 -0.06006757
v -0.01491593 -0.02674104 -0.05984093
v -0.00067831 0.02958337 -0.06078798
v -0.00014082 0.02958337 -0.06078469
v 0.00052806 0.02957739 -0.06078031
v 0.00172846 0.02957739 -0.06073328
v 0.00282734 0.02967897 -0.06060202
v 0.00534759 0.02854376 -0.06120757
v 0.00710937 0.02773716 -0.06142240
v 0.00414121 0.02947582 -0.06067334
v 0.00534759 0.02936230 -0.06060508
v 0.01327263 0.02540101 -0.06144887
v 0.00414121 0.02716358 -0.06172583
v 0.01619899 0.02329191 -0.06148628
v 0.01736356 0.02228217 -0.06149131
v 0.01857591 0.02107526 -0.06147512
v 0.02049297 0.01939037 -0.06144012
v 0.02074977 0.01872119 -0.06144187
v 0.02946911 -0.00056546 -0.06072125
v 0.02946911 -0.00176639 -0.06069390
v 0.02937953 -0.00418021 -0.06066152
v 0.02136490 0.01751428 -0.06140511
v 0.02826274 0.00183641 -0.06096846
v 0.02946911 0.00062950 -0.06072300
v 0.02930189 -0.00538712 -0.06061799
v 0.02826274 -0.00779496 -0.06079257
v 0.02705636 -0.01020280 -0.06092645
v 0.02705636 -0.00900187 -0.06099318
v 0.02464361 -0.01503044 -0.06102227
v 0.01983603 -0.02228982 -0.06056986
v 0.01856994 -0.02347283 -0.06052086
v 0.01741134 -0.02443477 -0.06046748
v 0.01630052 -0.02479326 -0.06068231
v 0.01379221 -0.02588665 -0.06092776
v 0.01269334 -0.02583885 -0.06122594
v 0.02475111 -0.01633892 -0.06068187
v 0.02438681 -0.01744426 -0.06046814
v 0.02342529 -0.01860337 -0.06051560
v 0.02224878 -0.01986405 -0.06055411
v 0.02106629 -0.02109486 -0.06056308
v 0.00534759 -0.02990768 -0.06002600
v 0.00414121 -0.02999133 -0.06011242
v 0.00235554 -0.03011083 -0.06022836
v 0.00172846 -0.03014070 -0.06025987
v -0.00067831 -0.03053504 -0.05984093
v 0.01253806 -0.02713538 -0.06053333
v 0.01137946 -0.02788223 -0.06037844
v 0.00939671 -0.02885612 -0.06018068
v 0.00859047 -0.02895172 -0.06027124
v 0.00776034 -0.02904731 -0.06034628
v -0.00550381 -0.02931618 -0.06054820
v -0.00367633 -0.03011083 -0.06022311
v -0.00941557 0.02886640 -0.06009098
v -0.00860933 0.02900979 -0.06026183
v -0.01032334 0.02810760 -0.06054055
v -0.00905724 0.02843023 -0.06060465
v -0.00784490 0.02826892 -0.06100980
v -0.00671019 0.02848401 -0.06109687
v -0.00550381 0.02859155 -0.06119641
v -0.00429744 0.02867520 -0.06126576
v -0.00429744 0.02947582 -0.06066328
v -0.00300745 0.02967897 -0.06060399
v -0.00188469 0.02958337 -0.06074465
v -0.00671019 -0.02920266 -0.06047338
v -0.00791059 -0.02908316 -0.06037975
v -0.00874072 -0.02897562 -0.06029443
v -0.00954099 -0.02882625 -0.06015245
v -0.01032334 -0.02867688 -0.05999166
v -0.00067831 0.03022865 -0.06028459
v -0.00013485 0.03023462 -0.06028349
v 0.00052806 0.03023462 -0.06028218
v 0.00172846 0.03020475 -0.06024849
v 0.00234360 0.03018085 -0.06022640
v 0.00776034 0.02837049 -0.06088795
v 0.00664355 0.02828087 -0.06115397
v 0.00655396 0.02923086 -0.06048870
v 0.01017309 0.02811357 -0.06054098
v 0.00314984 0.03014500 -0.06018789
v 0.00414121 0.03007928 -0.06009798
v 0.01382207 0.02598057 -0.06087833
v 0.01509414 0.02470794 -0.06121676
v 0.01555400 0.02411643 -0.06142109
v 0.01692759 0.02304097 -0.06146812
v 0.01258584 0.02701421 -0.06058277
v 0.01814591 0.02184003 -0.06145959
v 0.01933437 0.02063312 -0.06144975
v 0.02014061 0.02019696 -0.06135283
v 0.02134699 0.01872119 -0.06137799
v 0.03016188 -0.00056546 -0.06032659
v 0.03017383 0.00062950 -0.06033337
v 0.03013202 -0.00176639 -0.06029115
v 0.02343724 0.01631335 -0.06120823
v 0.02826274 0.00304332 -0.06095074
v 0.02946911 0.00183641 -0.06070375
v 0.02990508 -0.00538712 -0.06002907
v 0.02919439 -0.00658805 -0.06052436
v 0.03009021 -0.00254909 -0.06024981
v 0.02998272 -0.00418021 -0.06013123
v 0.02834635 -0.00903174 -0.06059283
v 0.02806566 -0.01020280 -0.06055652
v 0.02705636 -0.01140971 -0.06078338
v 0.02584999 -0.01382353 -0.06082276
v 0.01944784 -0.02306654 -0.06035985
v 0.02069005 -0.02190743 -0.06037866
v 0.01813994 -0.02417188 -0.06029531
v 0.01677232 -0.02526527 -0.06020605
v 0.01597205 -0.02552816 -0.06039353
v 0.01495678 -0.02591055 -0.06053333
v 0.01379221 -0.02674104 -0.06041344
v 0.02586193 -0.01496472 -0.06053311
v 0.02546777 -0.01600433 -0.06039966
v 0.02522291 -0.01680495 -0.06020014
v 0.02413001 -0.01816721 -0.06029356
v 0.02301322 -0.01946971 -0.06035415
v 0.02185462 -0.02071845 -0.06037407
v 0.01209612 -0.02775078 -0.06026818
v 0.01017309 -0.02871870 -0.06003673
v -0.00550381 -0.02992561 -0.06002928
v -0.00791059 0.02911136 -0.06036050
v -0.00671019 0.02926073 -0.06049417
v -0.00550381 0.02938023 -0.06059393
v -0.00335981 0.03014500 -0.06018746
v -0.00255954 0.03018682 -0.06023142
v -0.00188469 0.03020475 -0.06025462
v -0.00671019 -0.02980611 -0.05987790
v -0.00188469 0.03046167 -0.05984093
v -0.00067831 0.03050349 -0.05984093
v -0.00014082 0.03045569 -0.05991815
v 0.00892491 0.02843621 -0.06060115
v 0.00776034 0.02909941 -0.06035744
v 0.00849491 0.02901576 -0.06026862
v 0.01116446 0.02791640 -0.06037734
v 0.00534759 0.02996576 -0.05993040
v 0.01356527 0.02676924 -0.06041825
v 0.01499859 0.02577743 -0.06056811
v 0.01625274 0.02483341 -0.06070134
v 0.01619899 0.02389536 -0.06131214
v 0.01736356 0.02348908 -0.06105837
v 0.01857591 0.02228217 -0.06113691
v 0.01977034 0.02107526 -0.06117213
v 0.01895215 0.02143972 -0.06133971
v 0.01197071 0.02776106 -0.06021808
v 0.02094685 0.01985043 -0.06118526
v 0.02223087 0.01872119 -0.06108659
v 0.02343724 0.01751428 -0.06095817
v 0.03047841 -0.00015319 -0.05986346
v 0.03015591 0.00183641 -0.06031631
v 0.02464361 0.01510644 -0.06104327
v 0.02705636 0.01027880 -0.06086279
v 0.02826274 0.00666405 -0.06082166
v 0.02826274 0.00545714 -0.06087351
v 0.02929592 0.00545714 -0.06052392
v 0.02958258 0.00313892 -0.06055170
v 0.02905704 -0.00779496 -0.06040403
v 0.02783872 -0.01140971 -0.06038522
v 0.02709817 -0.01256285 -0.06054208
v 0.02894356 -0.00864936 -0.06029881
v 0.02024811 -0.02270805 -0.06008967
v 0.01894021 -0.02387314 -0.06003103
v 0.02149629 -0.02152504 -0.06012161
v 0.01741134 -0.02503822 -0.05998028
v 0.01532706 -0.02632878 -0.06008266
v 0.01452679 -0.02655582 -0.06027846
v 0.02669803 -0.01382353 -0.06041585
v 0.02650693 -0.01451661 -0.06026971
v 0.02499597 -0.01744426 -0.05995841
v 0.02626804 -0.01532320 -0.06002732
v 0.02381946 -0.01896186 -0.06000785
v 0.02266086 -0.02027034 -0.06008201
v 0.01290236 -0.02756556 -0.06009382
v -0.00550381 0.02997771 -0.05992866
v -0.00429744 0.03008525 -0.06009317
v -0.00429744 0.03024657 -0.05984093
v 0.00930115 0.02888432 -0.06009426
v 0.01437151 0.02654817 -0.06020977
v 0.01588246 0.02553246 -0.06037341
v 0.01741134 0.02443907 -0.06044845
v 0.01853410 0.02351895 -0.06049483
v 0.01940006 0.02310072 -0.06034278
v 0.01980617 0.02233594 -0.06056614
v 0.02102449 0.02113501 -0.06058605
v 0.01258584 0.02761766 -0.06002557
v 0.02221892 0.01991018 -0.06058124
v 0.02340738 0.01865547 -0.06051014
v 0.02436890 0.01751428 -0.06046113
v 0.02474514 0.01640297 -0.06069981
v 0.03011410 0.00279238 -0.06027365
v 0.02584999 0.01389953 -0.06080679
v 0.02705636 0.01148571 -0.06075822
v 0.02826274 0.00787096 -0.06072475
v 0.02917648 0.00666405 -0.06047644
v 0.02770136 -0.01212071 -0.06026446
v 0.02880620 -0.00944998 -0.06017083
v 0.02752816 -0.01292731 -0.06007414
v 0.02866885 -0.01020280 -0.05999778
v 0.02977967 0.00667600 -0.05986346
v 0.02642929 0.01529763 -0.05986346
v 0.01499859 0.02637490 -0.06000041
v 0.01668871 0.02528749 -0.06014742
v 0.01808022 0.02420605 -0.06026927
v 0.02020033 0.02273625 -0.05999669
v 0.02062435 0.02192966 -0.06036575
v 0.02180684 0.02073470 -0.06036269
v 0.02298336 0.01949791 -0.06034584
v 0.02411209 0.01820736 -0.06028415
v 0.02521097 0.01686303 -0.06018877
v 0.02546180 0.01606240 -0.06039725
v 0.02586193 0.01505266 -0.06052895
v 0.03006036 0.00359898 -0.06021589
v 0.02708622 0.01264482 -0.06053311
v 0.02808955 0.01027880 -0.06051101
v 0.02903912 0.00787096 -0.06038434
v 0.02990508 0.00545714 -0.06003388
v 0.03000661 0.00425023 -0.06015749
v 0.02893162 0.00874328 -0.06029268
v 0.02882412 0.00954988 -0.06018199
v 0.02869273 0.01027880 -0.06000150
v 0.02770733 0.01220866 -0.06027627
v 0.02751025 0.01300928 -0.06005970
v 0.02651290 0.01461053 -0.06027978
v 0.02626804 0.01541713 -0.05999144
v 0.02378362 0.01901395 -0.05994834
v 0.02261308 0.02030451 -0.06001244
v 0.02142462 0.02153532 -0.06003520
v 0.02668609 0.01389953 -0.06041913
v 0.02785066 0.01148571 -0.06038872
v -0.03050579 -0.00045387 0.03453966
v -0.03053530 -0.00177249 0.03432517
v -0.03048550 -0.00297800 0.03423806
v -0.02907247 -0.01092853 0.03392002
v -0.03097987 0.00010041 0.03324449
v -0.03097803 -0.00056698 0.03324449
v -0.03094298 -0.00177249 0.03324449
v -0.03089133 -0.00297800 0.03324449
v -0.03078987 -0.00418512 0.03324449
v -0.03041355 -0.00418512 0.03413122
v -0.02798595 -0.01478260 0.03165100
v -0.03025676 -0.00618891 0.03389619
v -0.02918869 -0.01021428 0.03408191
v -0.03007967 -0.00780326 0.03353541
v -0.03024938 -0.00849328 0.03270785
v -0.02954840 -0.01021428 0.03324449
v -0.02918869 -0.01136646 0.03315984
v -0.02887325 -0.01173328 0.03350500
v -0.02786236 -0.01453536 0.03274154
v -0.02786605 -0.01332662 0.03392248
v -0.03031948 -0.00539063 0.03399316
v -0.03145580 -0.00177249 0.03165100
v -0.03064414 -0.00539063 0.03324449
v -0.02795829 -0.01472604 0.03203889
v -0.02911675 -0.01225524 0.03203889
v -0.02914073 -0.01231179 0.03165100
v -0.03043569 -0.00659291 0.03331681
v -0.03016637 -0.00699366 0.03376634
v -0.03033608 -0.00780326 0.03293220
v -0.03055375 -0.00780326 0.03203889
v -0.03031948 -0.00873890 0.03203889
v -0.02945617 -0.01141978 0.03203889
v -0.02904296 -0.01207102 0.03270127
v -0.02672788 -0.01640826 0.03297986
v -0.02739566 -0.01497652 0.03318450
v -0.02765391 -0.01413137 0.03354609
v -0.03077880 -0.00659614 0.03203889
v -0.02678138 -0.01614647 0.03314669
v -0.02937131 -0.01174459 0.03165100
v -0.03075298 -0.00698558 0.03165100
v -0.02949306 -0.01141978 0.03165100
v -0.02185837 0.02301862 -0.05117857
v -0.02307473 0.02182910 -0.04876802
v -0.03052730 -0.00007616 -0.05984093
v -0.02183616 0.02299754 -0.05359119
v -0.02184674 0.02300925 -0.05238488
v -0.02246126 0.02242152 -0.05117857
v -0.02305992 0.02181974 -0.05117857
v -0.02367022 0.02115942 -0.04997227
v -0.02421176 0.02055530 -0.04997227
v -0.03067856 -0.00007616 -0.05962066
v -0.02181289 0.02297647 -0.05479749
v -0.02243905 0.02239576 -0.05359119
v -0.02244963 0.02241215 -0.05238488
v -0.02305252 0.02180803 -0.05238488
v -0.02420753 0.02055062 -0.05117857
v -0.02525360 0.01915973 -0.05479749
v -0.02525360 0.01916676 -0.05359119
v -0.02571899 0.01856966 -0.05117857
v -0.02140144 0.02183847 -0.05984093
v -0.02114442 0.02230912 -0.05959390
v -0.03091443 -0.00007616 -0.05921719
v -0.03068385 0.00064036 -0.05962066
v -0.03049980 0.00176899 -0.05984093
v -0.02179279 0.02295774 -0.05547887
v -0.02299858 0.02175183 -0.05551593
v -0.02241578 0.02237235 -0.05479749
v -0.02303771 0.02179398 -0.05359119
v -0.02420118 0.02054359 -0.05195670
v -0.02418849 0.02053188 -0.05275954
v -0.02524302 0.01913163 -0.05600380
v -0.02570206 0.01855795 -0.05479749
v -0.02570841 0.01856263 -0.05359119
v -0.02571370 0.01856732 -0.05238488
v -0.02632188 0.01768221 -0.05117857
v -0.02192078 0.02188998 -0.05919454
v -0.02163731 0.02160432 -0.05984093
v -0.02154000 0.02270719 -0.05841435
v -0.03126241 -0.00007616 -0.05861403
v -0.03126452 0.00064036 -0.05862433
v -0.03057067 0.00185328 -0.05973182
v -0.03061615 0.00305450 -0.05956714
v -0.03044375 0.00271497 -0.05984093
v -0.02110423 0.02341200 -0.05721011
v -0.02170712 0.02286876 -0.05721011
v -0.02293300 0.02168861 -0.05721011
v -0.02301550 0.02176822 -0.05479749
v -0.02407214 0.02041246 -0.05721011
v -0.02410916 0.02046398 -0.05600380
v -0.02414724 0.02049676 -0.05479749
v -0.02417368 0.02052017 -0.05359119
v -0.02464013 0.01985986 -0.05600380
v -0.02459571 0.01980834 -0.05721011
v -0.02519860 0.01904499 -0.05721011
v -0.02568303 0.01852751 -0.05600380
v -0.02628591 0.01764240 -0.05600380
v -0.02630495 0.01766113 -0.05479749
v -0.02631130 0.01767050 -0.05359119
v -0.02631765 0.01767752 -0.05238488
v -0.02671111 0.01708043 -0.05117857
v -0.02671323 0.01708277 -0.04997227
v -0.02186260 0.02136548 -0.05984093
v -0.02234597 0.02109151 -0.05957743
v -0.02309165 0.02064896 -0.05915749
v -0.02275107 0.02148490 -0.05841435
v -0.02214818 0.02210307 -0.05841435
v -0.03149616 0.00064036 -0.05802117
v -0.03124866 0.00184860 -0.05851934
v -0.03055057 0.00426040 -0.05948274
v -0.03041413 0.00305450 -0.05984093
v -0.02329685 0.02088312 -0.05841435
v -0.02390080 0.02020875 -0.05841435
v -0.02442224 0.01960697 -0.05841435
v -0.02551697 0.01829570 -0.05808293
v -0.02562062 0.01844087 -0.05721011
v -0.02665400 0.01698911 -0.05688898
v -0.02668573 0.01703828 -0.05600380
v -0.02669842 0.01705935 -0.05479749
v -0.02670371 0.01706638 -0.05359119
v -0.02670794 0.01707340 -0.05238488
v -0.02799939 0.01485126 -0.05479749
v -0.02800151 0.01485361 -0.05359119
v -0.02800257 0.01485595 -0.05238488
v -0.02263578 0.02054359 -0.05984093
v -0.02281876 0.02034456 -0.05984093
v -0.02297954 0.02016660 -0.05984093
v -0.02425513 0.01940091 -0.05910397
v -0.03170770 0.00064036 -0.05479749
v -0.03161779 0.00064036 -0.05721011
v -0.03146443 0.00184860 -0.05791619
v -0.03161886 -0.00007616 -0.05721011
v -0.03143376 0.00246443 -0.05781532
v -0.03120635 0.00294211 -0.05829702
v -0.03028509 0.00426040 -0.05984093
v -0.03035278 0.00363286 -0.05984093
v -0.03044163 0.00546630 -0.05935305
v -0.03009576 0.00546630 -0.05984093
v -0.02505792 0.01871015 -0.05845758
v -0.02657044 0.01689076 -0.05769181
v -0.02533187 0.01804515 -0.05888576
v -0.02669525 0.01584409 -0.05914308
v -0.02684650 0.01608995 -0.05841435
v -0.02693429 0.01642011 -0.05725745
v -0.02758477 0.01532192 -0.05721011
v -0.02798036 0.01481848 -0.05600380
v -0.02912796 0.01235282 -0.05600380
v -0.02914171 0.01238795 -0.05479749
v -0.02915229 0.01240902 -0.05359119
v -0.02395897 0.01901455 -0.05984093
v -0.02403089 0.01891387 -0.05984093
v -0.02436196 0.01845024 -0.05984093
v -0.02445186 0.01863756 -0.05955273
v -0.02562062 0.01723965 -0.05932217
v -0.03164953 0.00184860 -0.05479749
v -0.03164529 0.00184860 -0.05600380
v -0.03169290 0.00064036 -0.05600380
v -0.03156808 0.00184860 -0.05721011
v -0.03147606 0.00294211 -0.05716688
v -0.03144539 0.00375931 -0.05673664
v -0.03080865 0.00546630 -0.05841435
v -0.03097683 0.00426040 -0.05841435
v -0.03031576 0.00667221 -0.05916572
v -0.02993499 0.00621794 -0.05984093
v -0.02786612 0.01460306 -0.05795736
v -0.02642236 0.01540387 -0.05984093
v -0.02675765 0.01481614 -0.05984093
v -0.02684650 0.01500581 -0.05957538
v -0.02792324 0.01352126 -0.05919249
v -0.02770958 0.01432441 -0.05876225
v -0.02745997 0.01504796 -0.05838142
v -0.02542494 0.01695164 -0.05984093
v -0.02571581 0.01651611 -0.05984093
v -0.02792747 0.01471780 -0.05721011
v -0.02832411 0.01390528 -0.05721011
v -0.02881488 0.01288436 -0.05721011
v -0.02909623 0.01228024 -0.05721011
v -0.02948124 0.01149581 -0.05600380
v -0.02949922 0.01149581 -0.05479749
v -0.02951085 0.01149581 -0.05359119
v -0.02951508 0.01149581 -0.05238488
v -0.03155116 0.00305450 -0.05479749
v -0.03146020 0.00387873 -0.05479749
v -0.03154482 0.00305450 -0.05600380
v -0.03145597 0.00385063 -0.05600380
v -0.03069336 0.00787811 -0.05600380
v -0.03084462 0.00667221 -0.05721011
v -0.03059817 0.00667221 -0.05841435
v -0.03024067 0.00733018 -0.05904221
v -0.02988845 0.00667221 -0.05976888
v -0.02807132 0.01391698 -0.05838142
v -0.02905498 0.01218423 -0.05792236
v -0.02741448 0.01391698 -0.05960419
v -0.02755516 0.01327071 -0.05984093
v -0.02773920 0.01289841 -0.05984093
v -0.02783016 0.01269937 -0.05984093
v -0.02811574 0.01269937 -0.05944569
v -0.02907719 0.01104624 -0.05910603
v -0.02891113 0.01185173 -0.05872725
v -0.02869748 0.01263147 -0.05836083
v -0.02941249 0.01149581 -0.05721011
v -0.03038134 0.00896693 -0.05600380
v -0.03038452 0.00898098 -0.05479749
v -0.03038345 0.00898801 -0.05359119
v -0.03069971 0.00787811 -0.05479749
v -0.03034009 0.00885220 -0.05721011
v -0.03060558 0.00787811 -0.05721011
v -0.03027663 0.00865551 -0.05796560
v -0.03035278 0.00779147 -0.05838554
v -0.03011374 0.00813334 -0.05876843
v -0.02920412 0.01028991 -0.05931394
v -0.02903383 0.00972091 -0.05984093
v -0.02919037 0.00916831 -0.05984093
v -0.02918720 0.01146772 -0.05836083
v -0.02823526 0.01173231 -0.05984093
v -0.02879902 0.01036016 -0.05984093
v 0.02228457 -0.02271470 -0.04996680
v 0.02187412 -0.02311594 -0.04996680
v 0.02122224 -0.02371831 -0.04996680
v 0.02121785 -0.02371433 -0.05117788
v 0.02186315 -0.02309205 -0.05479304
v 0.02022574 -0.02390350 0.03202504
v 0.02032451 -0.02397519 0.03082300
v 0.02036402 -0.02401003 0.02962095
v 0.02038378 -0.02403293 0.02840988
v 0.02040133 -0.02405285 0.02720784
v 0.02041451 -0.02407077 0.02599676
v 0.02042109 -0.02408072 0.02503874
v 0.02042548 -0.02408471 0.02424341
v 0.02045401 -0.02410960 0.01755536
v 0.02061863 -0.02424899 -0.04876476
v 0.02061863 -0.02424600 -0.04996680
v 0.02060985 -0.02424003 -0.05237992
v 0.02060327 -0.02423605 -0.05359099
v 0.02119809 -0.02369441 -0.05479304
v 0.02117175 -0.02367151 -0.05599508
v 0.02183901 -0.02306716 -0.05599508
v 0.02221214 -0.02271470 -0.05599508
v 0.01850054 -0.02564489 0.01755536
v 0.01926437 -0.02532429 -0.04876476
v 0.01986578 -0.02485235 -0.04876476
v 0.01962434 -0.02441825 0.03202504
v 0.01972091 -0.02448994 0.03082300
v 0.01976042 -0.02451383 0.02962095
v 0.01902512 -0.02512516 0.02840988
v 0.01843688 -0.02560406 0.02720784
v 0.01987017 -0.02484638 -0.05117788
v 0.01986797 -0.02484339 -0.05237992
v 0.02059668 -0.02422908 -0.05479304
v 0.02056815 -0.02420518 -0.05599508
v 0.02050230 -0.02415042 -0.05720616
v 0.02110371 -0.02361078 -0.05720616
v 0.02177097 -0.02300841 -0.05720616
v 0.01765550 -0.02624924 0.01635332
v 0.01760501 -0.02621141 0.02599676
v 0.01782011 -0.02633586 -0.05117788
v 0.01926656 -0.02532628 -0.05117788
v 0.02037939 -0.02282920 -0.05986330
v 0.00053076 -0.03049966 -0.05986330
v 0.01954532 -0.02435453 0.03246789
v 0.01847639 -0.02520680 0.03246789
v 0.01885831 -0.02502062 0.03202504
v 0.01895050 -0.02509330 0.03082300
v 0.01899878 -0.02511620 0.02962095
v 0.01842152 -0.02559311 0.02840988
v 0.01759404 -0.02620643 0.02720784
v 0.01926437 -0.02532628 -0.05237992
v 0.01925120 -0.02531533 -0.05359099
v 0.01923364 -0.02530139 -0.05445863
v 0.01917657 -0.02523567 -0.05720616
v 0.02044743 -0.02410462 -0.05785689
v 0.02169634 -0.02294170 -0.05795631
v 0.02149880 -0.02275652 -0.05876068
v 0.02069546 -0.02311196 -0.05927584
v 0.01701019 -0.02663257 0.02479472
v 0.01705189 -0.02665646 0.01635332
v 0.01721651 -0.02675204 -0.05117788
v 0.01700141 -0.02662858 0.02599676
v 0.01721432 -0.02675503 -0.05237992
v 0.01720993 -0.02675702 -0.05359099
v 0.02003698 -0.02312590 -0.05986330
v 0.01983944 -0.02349628 -0.05965543
v 0.00173576 -0.03042299 -0.05986330
v 0.00173576 -0.03058926 -0.05961928
v 0.00053076 -0.03066394 -0.05961928
v 0.00052856 -0.03141664 0.03196177
v 0.01819105 -0.02541788 0.03246789
v 0.01825690 -0.02546567 0.03202504
v 0.01686752 -0.02654196 0.03160929
v 0.01752600 -0.02613873 0.03082300
v 0.01839518 -0.02557021 0.02962095
v 0.01755892 -0.02617357 0.02962095
v 0.01757867 -0.02619548 0.02840988
v 0.01699044 -0.02662161 0.02720784
v 0.01697727 -0.02661066 0.02840988
v 0.01720334 -0.02675702 -0.05479304
v 0.01780695 -0.02632690 -0.05479304
v 0.01778500 -0.02632193 -0.05599508
v 0.01859492 -0.02571856 -0.05599508
v 0.01857297 -0.02568571 -0.05720616
v 0.01896806 -0.02509230 -0.05840820
v 0.01982627 -0.02442024 -0.05831782
v 0.02023013 -0.02391545 -0.05865222
v 0.01942679 -0.02426193 -0.05922161
v 0.01479991 -0.02791297 0.02720784
v 0.01480649 -0.02791695 0.02599676
v 0.01484161 -0.02793885 0.01755536
v 0.01563398 -0.02771981 -0.04996680
v 0.01623758 -0.02735043 -0.04996680
v 0.01621344 -0.02735939 -0.05359099
v 0.01934778 -0.02370736 -0.05986330
v -0.00013650 -0.03149729 0.03133816
v 0.00253252 -0.03036226 -0.05986330
v 0.00414798 -0.03047875 -0.05950179
v 0.00173576 -0.03115678 -0.05870645
v 0.00053076 -0.03118367 -0.05879683
v 0.00283542 -0.03044290 -0.05970965
v 0.00053076 -0.03146245 -0.05820033
v 0.00173576 -0.03139275 0.03193466
v 0.00294077 -0.03135690 0.03173582
v 0.00052856 -0.03153911 0.03082300
v 0.01474723 -0.02788807 0.03082300
v 0.01692239 -0.02658079 0.03082300
v 0.01668973 -0.02642746 0.03246789
v 0.01627709 -0.02681178 0.03201600
v 0.01519938 -0.02745995 0.03202504
v 0.01695751 -0.02660170 0.02962095
v 0.01478893 -0.02790500 0.02840988
v 0.01608613 -0.02742311 -0.05477496
v 0.01718139 -0.02674507 -0.05599508
v 0.01771257 -0.02628907 -0.05720616
v 0.01697288 -0.02660767 -0.05810091
v 0.01836445 -0.02553039 -0.05840820
v 0.01811862 -0.02536710 -0.05910411
v 0.01904707 -0.02395925 -0.05986330
v 0.01233282 -0.02905398 0.02720784
v 0.01234160 -0.02905796 0.02599676
v 0.01239428 -0.02909181 0.01635332
v 0.01231965 -0.02904999 0.02840988
v 0.01324152 -0.02893251 -0.05117788
v 0.01499965 -0.02805036 -0.04876476
v 0.01499965 -0.02804738 -0.04996680
v 0.01499965 -0.02803244 -0.05359099
v 0.01562739 -0.02771682 -0.05117788
v -0.00013650 -0.03155205 0.03082300
v 0.00269714 -0.03034732 -0.05986330
v 0.00362559 -0.03025771 -0.05986330
v 0.00535518 -0.03040806 -0.05942045
v 0.00294297 -0.03112691 -0.05858896
v 0.00173576 -0.03143257 -0.05810995
v 0.00173576 -0.03164963 -0.05720616
v 0.00053076 -0.03169044 -0.05720616
v 0.00294077 -0.03120656 0.03233232
v 0.00173576 -0.03149033 0.03082300
v 0.00360583 -0.03133002 0.03150084
v 0.00052856 -0.03157296 0.02962095
v 0.00173576 -0.03152915 0.02962095
v 0.01224064 -0.02901515 0.03082300
v 0.01229331 -0.02904004 0.02962095
v 0.01476698 -0.02789704 0.02962095
v 0.01459798 -0.02780942 0.03202504
v 0.01213309 -0.02896835 0.03179005
v 0.01560325 -0.02770289 -0.05435922
v 0.01559886 -0.02769393 -0.05516359
v 0.01620466 -0.02731956 -0.05599508
v 0.01495136 -0.02799859 -0.05720616
v 0.01555496 -0.02763916 -0.05720616
v 0.01711116 -0.02669728 -0.05720616
v 0.01529376 -0.02751272 -0.05840820
v 0.01628367 -0.02689442 -0.05846243
v 0.01673583 -0.02644041 -0.05890528
v 0.01593249 -0.02670326 -0.05927584
v 0.01740967 -0.02560705 -0.05937525
v 0.01750624 -0.02508832 -0.05986330
v 0.01879466 -0.02415142 -0.05986330
v 0.00957601 -0.03011434 0.02782241
v 0.00991841 -0.03023382 -0.04996680
v 0.01258743 -0.02920532 -0.05117788
v 0.01138023 -0.02939349 0.02962095
v 0.01258743 -0.02920333 -0.05237992
v 0.01323493 -0.02892952 -0.05237992
v 0.01381878 -0.02862983 -0.05479304
v 0.01382976 -0.02862983 -0.05359099
v 0.01383854 -0.02862983 -0.05237992
v 0.01498428 -0.02802050 -0.05599508
v 0.01511598 -0.02796275 -0.05477496
v -0.00013650 -0.03157993 0.02962095
v 0.00414798 -0.03019698 -0.05986330
v 0.00458257 -0.03014620 -0.05986330
v 0.00535518 -0.03004564 -0.05986330
v 0.00656019 -0.02980967 -0.05986330
v 0.00656019 -0.03028758 -0.05926680
v 0.00415456 -0.03108012 -0.05833590
v 0.00375509 -0.03134297 -0.05787496
v 0.00294297 -0.03138180 -0.05798342
v 0.00294297 -0.03156002 -0.05720616
v 0.00294297 -0.03167751 -0.05599508
v 0.00173576 -0.03175417 -0.05599508
v 0.00053076 -0.03178006 -0.05599508
v -0.00013869 -0.03178703 -0.05599508
v -0.00013869 -0.03169443 -0.05720616
v 0.00310978 -0.03114682 0.03246789
v 0.00294077 -0.03141366 0.03082300
v 0.00369144 -0.03134297 0.03082300
v 0.00776520 -0.03056935 0.03082300
v 0.00656019 -0.03069082 0.03202504
v 0.00052856 -0.03158292 0.02840988
v 0.00173576 -0.03154807 0.02840988
v 0.00294077 -0.03144054 0.02962095
v 0.01138023 -0.02935964 0.03082300
v 0.01149217 -0.02917843 0.03213349
v 0.01381000 -0.02862386 -0.05599508
v 0.01319762 -0.02891160 -0.05669100
v 0.01367611 -0.02864078 -0.05714289
v 0.01315811 -0.02887177 -0.05749537
v 0.01469016 -0.02785721 -0.05840820
v 0.01443336 -0.02772180 -0.05904086
v 0.01514012 -0.02663157 -0.05986330
v 0.01549350 -0.02643642 -0.05986330
v 0.01646585 -0.02579921 -0.05986330
v 0.01703873 -0.02540991 -0.05986330
v 0.00882754 -0.03026468 0.03082300
v 0.00906898 -0.03024975 0.02830142
v 0.00897240 -0.03029754 0.02720784
v 0.00897240 -0.03053948 -0.04996680
v 0.00992500 -0.03023382 -0.05117788
v 0.00992500 -0.03023282 -0.05237992
v 0.00991622 -0.03022585 -0.05479304
v 0.01258743 -0.02919636 -0.05359099
v 0.01321737 -0.02892056 -0.05479304
v -0.00013869 -0.03179599 -0.05425077
v 0.00973185 -0.02901017 -0.05986330
v 0.00743596 -0.03018105 -0.05912220
v 0.00656019 -0.03066593 -0.05840820
v 0.00415456 -0.03141664 -0.05724231
v 0.00504570 -0.03136089 -0.05686272
v 0.00414798 -0.03153214 -0.05599508
v 0.00414798 -0.03153811 -0.05479304
v 0.00414798 -0.03154110 -0.04996680
v 0.00294297 -0.03167153 -0.04876476
v 0.00173576 -0.03174521 -0.04876476
v 0.00053076 -0.03178802 -0.05359099
v 0.00053076 -0.03178703 -0.05479304
v -0.00013869 -0.03179499 -0.05479304
v 0.00379460 -0.03135292 0.02962095
v 0.00776520 -0.03059524 0.02962095
v 0.00862341 -0.03019798 0.03202504
v 0.00776520 -0.03043593 0.03202504
v 0.00713745 -0.03046481 0.03246789
v 0.00173576 -0.03155404 0.02720784
v 0.00053076 -0.03178503 -0.05237992
v 0.00294077 -0.03145647 0.02840988
v 0.00294077 -0.03146842 0.02720784
v 0.01320640 -0.02891459 -0.05599508
v 0.01268840 -0.02909878 -0.05714289
v 0.01258743 -0.02917644 -0.05599508
v 0.00970112 -0.03015616 -0.05791111
v 0.01235477 -0.02905199 -0.05817321
v 0.01379244 -0.02829032 -0.05840820
v 0.01268840 -0.02875230 -0.05850761
v 0.01193993 -0.02887476 -0.05897759
v 0.01379244 -0.02787513 -0.05923969
v 0.01372879 -0.02736536 -0.05986330
v 0.00776520 -0.03061714 0.02840988
v 0.00776520 -0.03063506 0.02720784
v 0.00776520 -0.03064004 0.02599676
v 0.00519276 -0.03138877 -0.04996680
v 0.00517520 -0.03138877 -0.05479304
v 0.00897240 -0.03053749 -0.05117788
v 0.00897240 -0.03052953 -0.05359099
v 0.01258743 -0.02918739 -0.05479304
v 0.00897240 -0.03052455 -0.05479304
v 0.00988988 -0.03021888 -0.05599508
v 0.01017961 -0.02886480 -0.05986330
v 0.01017961 -0.02921129 -0.05942948
v 0.00897240 -0.02996599 -0.05874261
v 0.00897240 -0.03024875 -0.05813706
v 0.00780910 -0.03037420 -0.05848954
v 0.00897240 -0.03042797 -0.05720616
v 0.00518398 -0.03138478 -0.05599508
v 0.00776740 -0.03070476 -0.05720616
v 0.00414798 -0.03153911 -0.04876476
v 0.00294077 -0.03147340 0.02599676
v 0.00387361 -0.03135790 0.02840988
v 0.00391312 -0.03136288 0.02720784
v 0.00981525 -0.03019499 -0.05720616
v 0.01113440 -0.02904800 -0.05921257
v 0.01270596 -0.02784228 -0.05986330
v 0.01314275 -0.02765211 -0.05986330
v 0.00897240 -0.03049667 -0.05599508
v 0.01038154 -0.02879411 -0.05986330
v -0.03052270 -0.00056808 -0.05984093
v -0.03067478 -0.00056808 -0.05962066
v -0.03051608 -0.00080810 -0.05984093
v -0.03048853 -0.00158757 -0.05984093
v -0.03056678 -0.00169451 -0.05971947
v -0.03061748 -0.00298015 -0.05954450
v -0.03125007 -0.00177293 -0.05853993
v -0.03126109 -0.00056808 -0.05860580
v -0.02079795 -0.02308948 -0.05924189
v -0.02076048 -0.02246210 -0.05984093
v -0.03038934 -0.00298015 -0.05984093
v -0.03055576 -0.00418500 -0.05947245
v -0.03147158 -0.00177293 -0.05793678
v -0.03149142 -0.00056808 -0.05800264
v -0.03120378 -0.00295164 -0.05832790
v -0.03144955 -0.00253339 -0.05786884
v -0.03135697 -0.00007616 -0.05836907
v -0.02160137 -0.02268786 -0.05867373
v -0.02280043 -0.02147351 -0.05868814
v -0.02199591 -0.02188463 -0.05922954
v -0.02117927 -0.02226961 -0.05963713
v -0.02137324 -0.02184185 -0.05984093
v -0.03026591 -0.00418500 -0.05984093
v -0.03046208 -0.00539223 -0.05935099
v -0.03158841 -0.00177293 -0.05721011
v -0.03161816 -0.00056808 -0.05721011
v -0.03149363 -0.00007616 -0.05801088
v -0.03146387 -0.00389746 -0.05682516
v -0.03150354 -0.00295164 -0.05722040
v -0.03065825 -0.00659708 -0.05841435
v -0.02047615 -0.02399489 -0.05816527
v -0.02119250 -0.02326058 -0.05832995
v -0.02181627 -0.02290411 -0.05787090
v -0.02302746 -0.02170877 -0.05788325
v -0.02335698 -0.02106951 -0.05833819
v -0.02402484 -0.02027579 -0.05841435
v -0.02433122 -0.01943453 -0.05916778
v -0.02319387 -0.02067027 -0.05920690
v -0.03006754 -0.00539223 -0.05984093
v -0.02989782 -0.00622635 -0.05984093
v -0.02986255 -0.00659708 -0.05978946
v -0.03034195 -0.00659708 -0.05918631
v -0.03167988 -0.00177293 -0.05600380
v -0.03171074 -0.00056808 -0.05600380
v -0.03148150 -0.00406143 -0.05600380
v -0.03158730 -0.00298015 -0.05600380
v -0.03071556 -0.00780430 -0.05721011
v -0.03079160 -0.00780430 -0.05600380
v -0.03025930 -0.00731713 -0.05906691
v -0.03041469 -0.00775202 -0.05843494
v -0.03032102 -0.00874774 -0.05804588
v -0.02047615 -0.02412560 -0.05787914
v -0.02057644 -0.02407807 -0.05779885
v -0.02189342 -0.02298491 -0.05721011
v -0.02249626 -0.02237893 -0.05721011
v -0.02309138 -0.02177769 -0.05721011
v -0.02416701 -0.02043738 -0.05769387
v -0.02453400 -0.01967218 -0.05841435
v -0.02377797 -0.01922303 -0.05984093
v -0.02354654 -0.01980763 -0.05958978
v -0.02513794 -0.01891409 -0.05841435
v -0.02543660 -0.01809660 -0.05906279
v -0.02469270 -0.01850773 -0.05951773
v -0.02450094 -0.01833662 -0.05984093
v -0.02306493 -0.02002626 -0.05984093
v -0.03173388 -0.00056808 -0.05479749
v -0.02195293 -0.02304908 -0.05600380
v -0.02131263 -0.02365269 -0.05600380
v -0.02070979 -0.02418739 -0.05600380
v -0.02979312 -0.00671114 -0.05984093
v -0.03169531 -0.00177293 -0.05479749
v -0.03148371 -0.00404004 -0.05479749
v -0.03159502 -0.00298015 -0.05479749
v -0.03079601 -0.00780430 -0.05479749
v -0.03038383 -0.00909470 -0.05723893
v -0.03049404 -0.00900915 -0.05600380
v -0.03012595 -0.00812037 -0.05884871
v -0.02924869 -0.00880953 -0.05984093
v -0.02921453 -0.01021637 -0.05930159
v -0.02908448 -0.01101723 -0.05911220
v -0.03017664 -0.00955097 -0.05766093
v -0.02893901 -0.01182046 -0.05886518
v -0.02926412 -0.01142122 -0.05844317
v -0.02911975 -0.01225297 -0.05806028
v -0.02066571 -0.02414936 -0.05699602
v -0.02111425 -0.02368596 -0.05732333
v -0.02313326 -0.02182047 -0.05600380
v -0.02373610 -0.02116695 -0.05600380
v -0.02428493 -0.02056333 -0.05600380
v -0.02424415 -0.02051818 -0.05688898
v -0.02255577 -0.02242170 -0.05600380
v -0.02531427 -0.01916600 -0.05721011
v -0.02559200 -0.01831048 -0.05841435
v -0.02652766 -0.01670877 -0.05883636
v -0.02566914 -0.01745022 -0.05931188
v -0.02516439 -0.01745022 -0.05984093
v -0.03049514 -0.00900915 -0.05479749
v -0.03025489 -0.00970307 -0.05685810
v -0.03027363 -0.00976248 -0.05600380
v -0.02916493 -0.00907806 -0.05984093
v -0.02815543 -0.01262607 -0.05944157
v -0.02957711 -0.01142122 -0.05721011
v -0.02794934 -0.01347683 -0.05919660
v -0.02772341 -0.01428006 -0.05888164
v -0.02794824 -0.01469119 -0.05807675
v -0.02920461 -0.01244309 -0.05721011
v -0.02430146 -0.02057997 -0.05479749
v -0.02533852 -0.01921115 -0.05600380
v -0.02579147 -0.01860991 -0.05600380
v -0.02576392 -0.01856238 -0.05721011
v -0.02668746 -0.01697255 -0.05803352
v -0.02622790 -0.01740506 -0.05842670
v -0.02674146 -0.01590316 -0.05918425
v -0.02604936 -0.01632379 -0.05967624
v -0.02581241 -0.01646400 -0.05984093
v -0.02923326 -0.01251200 -0.05600380
v -0.02782150 -0.01262607 -0.05984093
v -0.02803971 -0.01487179 -0.05721011
v -0.02639321 -0.01774252 -0.05600380
v -0.02636566 -0.01769261 -0.05721011
v -0.02676792 -0.01709138 -0.05721011
v -0.02621687 -0.01575345 -0.05984093
v -0.02807718 -0.01493596 -0.05479749
v -0.02680869 -0.01713890 -0.05600380
v -0.02807057 -0.01493358 -0.05600380
v 0.02050715 -0.02271321 -0.05986330
v 0.02981138 -0.00659746 -0.05986330
v 0.02074898 -0.02249229 -0.05986330
v 0.02090237 -0.02271321 -0.05949932
v 0.03038625 -0.00900934 -0.04876865
v 0.03065848 -0.00780340 -0.04876865
v 0.03023977 -0.00659746 -0.05927126
v 0.03014442 -0.00749611 -0.05912476
v 0.02980033 -0.00664231 -0.05986330
v 0.02125060 -0.02202718 -0.05986330
v 0.02109721 -0.02233282 -0.05970321
v 0.02190147 -0.02195077 -0.05931658
v 0.02914255 -0.01262716 -0.04756192
v 0.03015133 -0.00983988 -0.04876865
v 0.03038210 -0.00900934 -0.04997538
v 0.03065157 -0.00780340 -0.05479776
v 0.03065986 -0.00780340 -0.04997538
v 0.03059077 -0.00659746 -0.05841492
v 0.03031578 -0.00785988 -0.05849648
v 0.03002972 -0.00830007 -0.05895259
v 0.02928212 -0.00903592 -0.05970925
v 0.02971742 -0.00785988 -0.05956426
v 0.02162647 -0.02166507 -0.05986330
v 0.02155876 -0.02271321 -0.05873209
v 0.02197886 -0.02128302 -0.05986330
v 0.02306916 -0.02072158 -0.05927731
v 0.02270573 -0.02152554 -0.05874568
v 0.02860500 -0.01386134 -0.04756192
v 0.02888138 -0.01325837 -0.04756192
v 0.02887861 -0.01325339 -0.04841675
v 0.02908728 -0.01252916 -0.05479776
v 0.03012784 -0.00977012 -0.05359103
v 0.03035446 -0.00900934 -0.05479776
v 0.03064052 -0.00780340 -0.05600298
v 0.03060182 -0.00780340 -0.05720971
v 0.03018587 -0.00880171 -0.05814911
v 0.02914117 -0.01021528 -0.05939360
v 0.02995648 -0.00912562 -0.05849648
v 0.02897535 -0.01107572 -0.05917158
v 0.02912597 -0.00917711 -0.05986330
v 0.02919368 -0.00893626 -0.05986330
v 0.02186278 -0.02271321 -0.05808870
v 0.02220272 -0.02224312 -0.05835300
v 0.02244732 -0.02076311 -0.05986330
v 0.02277482 -0.02039933 -0.05986330
v 0.02305396 -0.02007210 -0.05986330
v 0.02344642 -0.01986447 -0.05964129
v 0.02419540 -0.01944920 -0.05920330
v 0.02387342 -0.02025316 -0.05863241
v 0.02289919 -0.02173151 -0.05794220
v 0.02338561 -0.02099898 -0.05828655
v 0.02423409 -0.02067673 -0.04756192
v 0.02672840 -0.01725160 -0.04756192
v 0.02733228 -0.01629316 -0.04756192
v 0.02769019 -0.01569019 -0.04756192
v 0.02802875 -0.01503738 -0.04756192
v 0.02793893 -0.01493440 -0.05600298
v 0.02906378 -0.01251255 -0.05600298
v 0.03012093 -0.00974520 -0.05479776
v 0.03032821 -0.00900934 -0.05600298
v 0.03023424 -0.00912562 -0.05730486
v 0.03006842 -0.00960567 -0.05777002
v 0.02894218 -0.00975683 -0.05986330
v 0.02877635 -0.01021528 -0.05986330
v 0.02961792 -0.01021528 -0.05841492
v 0.02912735 -0.01145445 -0.05844211
v 0.02878188 -0.01187968 -0.05886348
v 0.02763215 -0.01439621 -0.05896769
v 0.02782700 -0.01359391 -0.05926975
v 0.02761004 -0.01310722 -0.05986330
v 0.02872108 -0.01035482 -0.05986330
v 0.02207144 -0.02271321 -0.05720971
v 0.02367443 -0.01932462 -0.05986330
v 0.02389001 -0.01905718 -0.05986330
v 0.02456575 -0.01854723 -0.05954765
v 0.02530091 -0.01812366 -0.05909003
v 0.02405030 -0.02047242 -0.05782893
v 0.02499137 -0.01893426 -0.05841492
v 0.02432392 -0.01985616 -0.05830467
v 0.02297381 -0.02181124 -0.05720971
v 0.02237546 -0.02241421 -0.05720971
v 0.02368825 -0.02127804 -0.04997538
v 0.02422857 -0.02068005 -0.04876865
v 0.02483660 -0.01992094 -0.04756192
v 0.02671734 -0.01724661 -0.04876865
v 0.02529400 -0.01931797 -0.04756192
v 0.02528847 -0.01931133 -0.04876865
v 0.02527742 -0.01929638 -0.05118060
v 0.02526636 -0.01927977 -0.05359103
v 0.02732123 -0.01626990 -0.04876865
v 0.02665101 -0.01714030 -0.05600298
v 0.02767775 -0.01566693 -0.04876865
v 0.02788780 -0.01485134 -0.05720971
v 0.02661785 -0.01708217 -0.05720971
v 0.02901956 -0.01240790 -0.05720971
v 0.03008776 -0.00964720 -0.05696504
v 0.03010434 -0.00969205 -0.05600298
v 0.02895462 -0.01222851 -0.05805849
v 0.02735577 -0.01393111 -0.05965186
v 0.02777587 -0.01465367 -0.05816270
v 0.02654737 -0.01698250 -0.05802527
v 0.02635805 -0.01670012 -0.05883026
v 0.02661508 -0.01589616 -0.05922293
v 0.02744421 -0.01343112 -0.05986330
v 0.02244317 -0.02249395 -0.05600298
v 0.02405583 -0.01883792 -0.05986330
v 0.02489602 -0.01770507 -0.05986330
v 0.02503006 -0.01752401 -0.05986330
v 0.02534098 -0.01706555 -0.05986330
v 0.02551648 -0.01744926 -0.05935433
v 0.02544739 -0.01833129 -0.05841492
v 0.02559525 -0.01853893 -0.05720971
v 0.02410281 -0.02053388 -0.05720971
v 0.02357632 -0.02113685 -0.05720971
v 0.02364956 -0.02122488 -0.05600298
v 0.02304705 -0.02189098 -0.05600298
v 0.02308575 -0.02191922 -0.04997538
v 0.02247910 -0.02252218 -0.04997538
v 0.02308575 -0.02192254 -0.05238582
v 0.02308160 -0.02192254 -0.05359103
v 0.02307607 -0.02192087 -0.05479776
v 0.02367857 -0.02125644 -0.05479776
v 0.02420369 -0.02065348 -0.05479776
v 0.02483245 -0.01991430 -0.04876865
v 0.02525807 -0.01926980 -0.05445945
v 0.02480758 -0.01988274 -0.05359103
v 0.02488911 -0.01974819 -0.05483552
v 0.02624336 -0.01774327 -0.05600298
v 0.02563947 -0.01861035 -0.05600298
v 0.02619775 -0.01768514 -0.05720971
v 0.02680578 -0.01496928 -0.05962316
v 0.02649071 -0.01518190 -0.05986330
v 0.02634423 -0.01544269 -0.05986330
v 0.02226767 -0.02271321 -0.05479776
v 0.02246804 -0.02252384 -0.05479776
v 0.02524011 -0.01925319 -0.05526293
v 0.02417606 -0.02062191 -0.05600298
v -0.00001513 0.03048758 -0.05986330
v 0.00052705 0.03062636 -0.05962165
v 0.00052705 0.03048380 -0.05986330
v 0.02392399 0.01893912 -0.05986330
v -0.00013869 0.03137826 -0.05785460
v -0.00006556 0.03139466 -0.05781383
v 0.00041357 0.03118019 -0.05829561
v 0.00173498 0.03057085 -0.05962165
v 0.00173498 0.03043208 -0.05986330
v 0.00099358 0.03046488 -0.05986330
v 0.02369956 0.01921793 -0.05986330
v 0.02414086 0.01945006 -0.05914289
v 0.00284203 0.03144386 -0.04756192
v -0.00013869 0.03139718 -0.05776550
v -0.00009582 0.03139466 -0.05781383
v -0.00013869 0.03148171 -0.05600298
v 0.00052705 0.03147918 -0.05600298
v 0.00041357 0.03141737 -0.05719007
v 0.00141976 0.03140602 -0.05677474
v 0.00535371 0.03071467 -0.05841492
v 0.00414579 0.03083830 -0.05841492
v 0.00414579 0.03046740 -0.05949328
v 0.00282690 0.03045479 -0.05971982
v 0.00269325 0.03038035 -0.05986330
v 0.00197959 0.03041946 -0.05986330
v 0.02339190 0.01988026 -0.05957785
v 0.02288250 0.02016159 -0.05986330
v 0.02427452 0.01960019 -0.05841492
v 0.02299346 0.02071795 -0.05920783
v 0.02315233 0.02091475 -0.05841492
v 0.00655912 0.03078910 -0.05359103
v 0.00281429 0.03144133 -0.04876865
v 0.00173498 0.03152334 -0.04876865
v 0.00052705 0.03156245 -0.04997538
v 0.00052705 0.03152082 -0.05479776
v 0.00178794 0.03142241 -0.05603318
v 0.00241838 0.03140097 -0.05564957
v 0.00222420 0.03135807 -0.05645456
v 0.00535371 0.03087615 -0.05720971
v 0.00655912 0.03072350 -0.05720971
v 0.00655912 0.03050777 -0.05841492
v 0.00717695 0.03019238 -0.05902509
v 0.00655912 0.03025419 -0.05912930
v 0.00535371 0.03037278 -0.05932564
v 0.00414579 0.03023401 -0.05986330
v 0.00292777 0.03036269 -0.05986330
v 0.02246137 0.02062207 -0.05986330
v 0.02501591 0.01905519 -0.05720971
v 0.02275894 0.02166665 -0.05746042
v 0.02221423 0.02113048 -0.05962015
v 0.02181328 0.02191770 -0.05923048
v 0.02261267 0.02151779 -0.05841492
v 0.00655912 0.03078153 -0.05479776
v 0.00776452 0.03054940 -0.05359103
v 0.00273864 0.03143755 -0.05118060
v 0.00173498 0.03151830 -0.04997538
v 0.00173498 0.03151325 -0.05118060
v 0.00052705 0.03155614 -0.05118060
v 0.00052705 0.03153848 -0.05359103
v 0.00173498 0.03149180 -0.05359103
v 0.00173498 0.03146404 -0.05479776
v 0.00253186 0.03141358 -0.05479776
v 0.00655912 0.03076513 -0.05600298
v 0.00776452 0.03052039 -0.05600298
v 0.00776452 0.03044722 -0.05720971
v 0.00840757 0.03019995 -0.05785612
v 0.00765356 0.03027060 -0.05832129
v 0.00798139 0.03006370 -0.05865959
v 0.01083099 0.02900019 -0.05904925
v 0.01017785 0.02911373 -0.05924408
v 0.00892705 0.02926764 -0.05966394
v 0.00910105 0.02909228 -0.05986330
v 0.00878583 0.02918690 -0.05986330
v 0.00655912 0.02984040 -0.05973190
v 0.00575972 0.02992618 -0.05986330
v 0.00535371 0.03001576 -0.05986330
v 0.02175527 0.02137144 -0.05986330
v 0.02448130 0.01987521 -0.05600298
v 0.02508400 0.01913971 -0.05600298
v 0.02284720 0.02175622 -0.05665694
v 0.02200997 0.02212082 -0.05841492
v 0.02156866 0.02288659 -0.05720971
v 0.02125596 0.02186472 -0.05986330
v 0.02048178 0.02259895 -0.05986330
v 0.02056752 0.02307835 -0.05919122
v 0.02138457 0.02272385 -0.05841492
v 0.02517983 0.01927975 -0.05118060
v 0.00776452 0.03054057 -0.05479776
v 0.00270334 0.03143251 -0.05238582
v 0.00870514 0.03029204 -0.05359103
v 0.00173498 0.03150568 -0.05238582
v 0.00052705 0.03154857 -0.05238582
v 0.00263777 0.03142620 -0.05359103
v 0.00865975 0.03028195 -0.05600298
v 0.00853870 0.03024158 -0.05720971
v 0.01017785 0.02943291 -0.05841492
v 0.01149925 0.02922096 -0.05730939
v 0.01197839 0.02896865 -0.05777758
v 0.01111342 0.02912256 -0.05841492
v 0.01171613 0.02887403 -0.05841492
v 0.01258866 0.02850061 -0.05841492
v 0.01335779 0.02786225 -0.05916101
v 0.01258866 0.02804391 -0.05942078
v 0.01140090 0.02838706 -0.05963374
v 0.01017785 0.02872138 -0.05984820
v 0.01012489 0.02873147 -0.05986330
v 0.02402234 0.02052240 -0.05479776
v 0.02510922 0.01919270 -0.05479776
v 0.02161910 0.02293958 -0.05600298
v 0.02162918 0.02294841 -0.05479776
v 0.02285224 0.02176127 -0.05600298
v 0.02406269 0.02056025 -0.05238582
v 0.02405008 0.02054890 -0.05326632
v 0.02403747 0.02053628 -0.05407131
v 0.02078187 0.02327516 -0.05841492
v 0.02096596 0.02343664 -0.05720971
v 0.02006821 0.02296986 -0.05986330
v 0.01975299 0.02349341 -0.05955520
v 0.01930160 0.02422513 -0.05911570
v 0.02009847 0.02387819 -0.05841492
v 0.02516722 0.01926840 -0.05238582
v 0.00868496 0.03028826 -0.05479776
v 0.01138325 0.02937992 -0.05238582
v 0.01138325 0.02937109 -0.05359103
v 0.01138325 0.02935974 -0.05479776
v 0.01138325 0.02934081 -0.05600298
v 0.01213474 0.02904308 -0.05600298
v 0.01206161 0.02901533 -0.05697259
v 0.01379154 0.02820540 -0.05720971
v 0.01455311 0.02785594 -0.05720971
v 0.01446485 0.02781052 -0.05790898
v 0.01377136 0.02798083 -0.05835300
v 0.01319640 0.02742700 -0.05986330
v 0.01258866 0.02773735 -0.05986330
v 0.01415972 0.02764526 -0.05871246
v 0.01573330 0.02664104 -0.05913685
v 0.01450520 0.02674575 -0.05986330
v 0.01386467 0.02721127 -0.05968509
v 0.01162534 0.02814484 -0.05986330
v 0.02513696 0.01923307 -0.05359103
v 0.02029769 0.02403967 -0.05720971
v 0.02034561 0.02406491 -0.05600298
v 0.01902168 0.02384413 -0.05986330
v 0.01949577 0.02436895 -0.05841492
v 0.01883255 0.02399300 -0.05986330
v 0.01853750 0.02444842 -0.05955822
v 0.01716818 0.02560529 -0.05934225
v 0.01797263 0.02532396 -0.05893447
v 0.01217761 0.02906074 -0.05359103
v 0.01217257 0.02905570 -0.05479776
v 0.01466911 0.02791397 -0.05359103
v 0.01462624 0.02789379 -0.05600298
v 0.01515581 0.02753550 -0.05720971
v 0.01629565 0.02686939 -0.05717044
v 0.01596530 0.02679243 -0.05841492
v 0.01491877 0.02739294 -0.05835300
v 0.01621243 0.02597241 -0.05964129
v 0.01546347 0.02622851 -0.05986330
v 0.01499946 0.02648587 -0.05986330
v 0.01969499 0.02452159 -0.05720971
v 0.01974290 0.02456701 -0.05600298
v 0.01974290 0.02457584 -0.05479776
v 0.01857785 0.02502749 -0.05848591
v 0.01815167 0.02546147 -0.05812948
v 0.01767506 0.02483320 -0.05986330
v 0.01750610 0.02508930 -0.05969566
v 0.01720349 0.02516374 -0.05986330
v 0.01642174 0.02567468 -0.05986330
v 0.01750610 0.02576929 -0.05848591
v 0.01465903 0.02790766 -0.05479776
v 0.01692357 0.02664483 -0.05238582
v 0.01526173 0.02757587 -0.05479776
v 0.01522894 0.02756704 -0.05600298
v 0.01620487 0.02700185 -0.05600298
v 0.01683279 0.02658553 -0.05674151
v 0.01828280 0.02555735 -0.05720971
v 0.01675713 0.02650479 -0.05754650
v 0.01888550 0.02512463 -0.05720971
v 0.01895864 0.02516878 -0.05600298
v 0.01897629 0.02517761 -0.05479776
v 0.01898637 0.02518266 -0.05359103
v 0.01838872 0.02564314 -0.05238582
v 0.01691096 0.02663726 -0.05359103
v 0.01620487 0.02703087 -0.05479776
v 0.01752627 0.02624617 -0.05238582
v 0.01751366 0.02623986 -0.05359103
v 0.01750106 0.02623229 -0.05479776
v 0.01689835 0.02662843 -0.05479776
v 0.01687061 0.02660824 -0.05600298
v 0.01747332 0.02621841 -0.05600298
v 0.01835593 0.02561538 -0.05600298
v 0.01837358 0.02562926 -0.05479776
v 0.01838367 0.02563683 -0.05359103
v -0.00013869 0.03050161 -0.05984093
v -0.02064145 0.02257022 -0.05984093
v -0.02091807 0.02242709 -0.05970506
v -0.00067974 0.03063291 -0.05962066
v -0.00013869 0.03156859 -0.04997227
v -0.00067974 0.03157214 -0.04997227
v -0.00188590 0.03154020 -0.04997227
v -0.00319580 0.03144675 -0.04875567
v -0.02040754 0.02279379 -0.05984093
v -0.02091807 0.02271927 -0.05937570
v -0.00188590 0.03059269 -0.05962066
v -0.00057194 0.03119716 -0.05829496
v -0.00013869 0.03097241 -0.05881783
v -0.00013869 0.03155913 -0.05171997
v -0.00067974 0.03156623 -0.05117857
v -0.00188590 0.03152837 -0.05117857
v -0.00295375 0.03143492 -0.05238488
v -0.00299647 0.03144320 -0.05117857
v -0.00303105 0.03145149 -0.04997227
v -0.00372057 0.03139707 -0.04834396
v -0.00376125 0.03140062 -0.04756377
v -0.00791672 0.03064947 -0.04997227
v -0.01921765 0.02522111 -0.04876802
v -0.02018380 0.02297714 -0.05984093
v -0.02072077 0.02307532 -0.05918631
v -0.02091807 0.02324803 -0.05848023
v -0.00148724 0.03047559 -0.05984093
v -0.00290697 0.03040698 -0.05984093
v -0.00301274 0.03047322 -0.05971947
v -0.00188590 0.03106113 -0.05841435
v -0.00013869 0.03154612 -0.05292628
v -0.00067974 0.03155203 -0.05238488
v -0.00067974 0.03152009 -0.05479749
v -0.00188590 0.03150945 -0.05238488
v -0.00289273 0.03142428 -0.05359119
v -0.00671056 0.03077604 -0.05600380
v -0.00671056 0.03081863 -0.05359119
v -0.00671056 0.03083637 -0.05238488
v -0.00791672 0.03064474 -0.05117857
v -0.00908831 0.03034665 -0.04997227
v -0.00972495 0.03018814 -0.04816693
v -0.01861355 0.02568600 -0.04876802
v -0.01921154 0.02521638 -0.04997227
v -0.02056822 0.02414704 -0.05117857
v -0.02091807 0.02384185 -0.05117857
v -0.01911391 0.02384540 -0.05984093
v -0.01987666 0.02348224 -0.05953214
v -0.02091807 0.02327996 -0.05841435
v -0.02021227 0.02386787 -0.05841435
v -0.01941698 0.02419435 -0.05907309
v -0.00310427 0.03039042 -0.05984093
v -0.00429823 0.03046612 -0.05948891
v -0.00309207 0.03097241 -0.05841435
v -0.00090348 0.03134739 -0.05767328
v -0.00067974 0.03148224 -0.05600380
v -0.00193879 0.03142428 -0.05601821
v -0.00188590 0.03146213 -0.05479749
v -0.00188590 0.03148697 -0.05359119
v -0.00275849 0.03141126 -0.05479749
v -0.00791672 0.03050516 -0.05600380
v -0.00791672 0.03054538 -0.05479749
v -0.00791672 0.03058441 -0.05359119
v -0.00791672 0.03061990 -0.05238488
v -0.00260391 0.03140062 -0.05562503
v -0.00671056 0.03071572 -0.05721011
v -0.00791672 0.03045075 -0.05721011
v -0.00902525 0.03032772 -0.05238488
v -0.00906390 0.03034192 -0.05117857
v -0.01153318 0.02947248 -0.05359119
v -0.01153318 0.02949259 -0.05238488
v -0.01153318 0.02950324 -0.05117857
v -0.01153318 0.02951033 -0.04997227
v -0.01250137 0.02914600 -0.04997227
v -0.01774910 0.02628928 -0.04876802
v -0.01860745 0.02567772 -0.04997227
v -0.01859321 0.02566825 -0.05117857
v -0.01916273 0.02519154 -0.05359119
v -0.02055602 0.02412929 -0.05238488
v -0.01991734 0.02458116 -0.05479749
v -0.01903865 0.02390454 -0.05984093
v -0.02091807 0.02357806 -0.05721011
v -0.02041771 0.02401692 -0.05721011
v -0.01809487 0.02530392 -0.05890223
v -0.01831048 0.02547426 -0.05809734
v -0.01960818 0.02433985 -0.05841435
v -0.01764129 0.02506970 -0.05969477
v -0.01867864 0.02440964 -0.05953420
v -0.01898373 0.02394713 -0.05984093
v -0.00382838 0.03030880 -0.05984093
v -0.00550439 0.03036203 -0.05932423
v -0.00550439 0.03069088 -0.05841435
v -0.00429823 0.03084938 -0.05841435
v -0.00157063 0.03140772 -0.05687045
v -0.00057194 0.03141836 -0.05724716
v -0.00872422 0.03024729 -0.05721011
v -0.00881982 0.03026740 -0.05600380
v -0.00890321 0.03028751 -0.05479749
v -0.00896830 0.03030761 -0.05359119
v -0.00237610 0.03135212 -0.05642992
v -0.00550439 0.03087423 -0.05721011
v -0.00671056 0.03049096 -0.05841435
v -0.00862456 0.03022126 -0.05791413
v -0.01153318 0.02943581 -0.05479749
v -0.01243628 0.02911051 -0.05359119
v -0.01246069 0.02912471 -0.05238488
v -0.01248306 0.02913535 -0.05117857
v -0.01491369 0.02797610 -0.05117857
v -0.01492793 0.02798793 -0.04997227
v -0.01493810 0.02799148 -0.04876802
v -0.01715517 0.02669738 -0.04756377
v -0.01714703 0.02669147 -0.04876802
v -0.01713482 0.02668437 -0.04997227
v -0.01773689 0.02628100 -0.04997227
v -0.01772469 0.02627154 -0.05117857
v -0.01771045 0.02626207 -0.05238488
v -0.01857693 0.02565879 -0.05238488
v -0.01855863 0.02564933 -0.05359119
v -0.01914035 0.02518445 -0.05479749
v -0.02053975 0.02410918 -0.05359119
v -0.02051941 0.02408553 -0.05479749
v -0.01988073 0.02455159 -0.05600380
v -0.02048280 0.02405477 -0.05600380
v -0.01981564 0.02449718 -0.05721011
v -0.01764129 0.02577472 -0.05846582
v -0.01669955 0.02639811 -0.05841435
v -0.01583713 0.02662049 -0.05909779
v -0.01728941 0.02557362 -0.05934276
v -0.01902238 0.02510046 -0.05721011
v -0.01842032 0.02555351 -0.05721011
v -0.01693346 0.02653414 -0.05766299
v -0.01702906 0.02540210 -0.05984093
v -0.01739315 0.02514186 -0.05984093
v -0.00550439 0.03003791 -0.05984093
v -0.00671056 0.03025202 -0.05913073
v -0.00732483 0.03019169 -0.05902369
v -0.01153318 0.02931042 -0.05721011
v -0.01153318 0.02938613 -0.05600380
v -0.00780282 0.03028041 -0.05835672
v -0.01216779 0.02899814 -0.05785855
v -0.00813029 0.03006393 -0.05871902
v -0.01102061 0.02902061 -0.05908132
v -0.01146606 0.02911643 -0.05832172
v -0.01239356 0.02909040 -0.05479749
v -0.01483233 0.02792642 -0.05479749
v -0.01486895 0.02794771 -0.05359119
v -0.01489539 0.02796309 -0.05238488
v -0.01710838 0.02666781 -0.05238488
v -0.01769214 0.02625261 -0.05359119
v -0.01853829 0.02563513 -0.05479749
v -0.01909357 0.02515487 -0.05600380
v -0.01609748 0.02677190 -0.05841435
v -0.01431163 0.02765554 -0.05867991
v -0.01350820 0.02785427 -0.05914925
v -0.01504184 0.02677546 -0.05954861
v -0.01540796 0.02637090 -0.05984093
v -0.01635174 0.02596162 -0.05962272
v -0.01700058 0.02659684 -0.05686016
v -0.01849151 0.02560320 -0.05600380
v -0.01646157 0.02687245 -0.05724099
v -0.01458825 0.02779512 -0.05787502
v -0.01656530 0.02568481 -0.05984093
v -0.00563660 0.03001189 -0.05984093
v -0.00604951 0.02992908 -0.05984093
v -0.00671056 0.02986402 -0.05973388
v -0.00892559 0.02919805 -0.05984093
v -0.00905983 0.02927612 -0.05966184
v -0.01032905 0.02914482 -0.05926659
v -0.01223695 0.02903126 -0.05721011
v -0.01232644 0.02906675 -0.05600380
v -0.01182404 0.02884081 -0.05866138
v -0.01263764 0.02859358 -0.05832172
v -0.01467165 0.02783534 -0.05721011
v -0.01032905 0.02873317 -0.05984093
v -0.01245255 0.02791104 -0.05984093
v -0.01263764 0.02798912 -0.05957949
v -0.01477335 0.02789094 -0.05600380
v -0.01537541 0.02756445 -0.05600380
v -0.01635784 0.02701204 -0.05600380
v -0.01703516 0.02662049 -0.05600380
v -0.01706567 0.02663824 -0.05479749
v -0.01709008 0.02665480 -0.05359119
v -0.01766773 0.02623842 -0.05479749
v -0.01763926 0.02620648 -0.05600380
v -0.01505404 0.02738347 -0.05833201
v -0.01304648 0.02762596 -0.05984093
v -0.01326208 0.02751832 -0.05984093
v -0.01392313 0.02735626 -0.05957949
v -0.01484047 0.02669265 -0.05984093
v -0.01531236 0.02642532 -0.05984093
v -0.01527371 0.02753015 -0.05721011
v -0.00969444 0.02895319 -0.05984093
v -0.00068246 -0.03156219 0.03082378
v -0.00188906 -0.03154819 0.03082378
v -0.00188906 -0.03158697 0.02961463
v -0.00068246 -0.03158481 0.02961463
v -0.02310378 -0.02179831 0.03082378
v -0.00309328 -0.03146525 0.03082378
v -0.00309328 -0.03151049 0.02961463
v -0.00188669 -0.03174748 -0.05479073
v -0.00068246 -0.03180026 -0.05479073
v -0.02251704 -0.02240047 0.03082378
v -0.02184040 -0.02293369 0.03161538
v -0.02320551 -0.02190710 0.02961463
v -0.02380881 -0.02124031 0.02961463
v -0.00396865 -0.03135860 0.03082378
v -0.00379594 -0.03133275 0.03151099
v -0.00408931 -0.03137583 0.02961463
v -0.00429987 -0.03147925 -0.05238114
v -0.00309328 -0.03162898 -0.05359028
v -0.00309328 -0.03162359 -0.05479073
v -0.00188669 -0.03173993 -0.05599987
v -0.00068246 -0.03179164 -0.05599987
v -0.02191375 -0.02299294 0.03082378
v -0.02054391 -0.02404215 0.03122393
v -0.02258565 -0.02251034 0.02961463
v -0.02384193 -0.02128771 0.02841418
v -0.02323863 -0.02194158 0.02841418
v -0.02262824 -0.02254374 0.02841418
v -0.00791728 -0.03058947 0.03082378
v -0.00791728 -0.03061855 0.02961463
v -0.00791728 -0.03064010 0.02841418
v -0.00791728 -0.03064764 0.02720504
v -0.00509717 -0.03135537 -0.05238114
v -0.00510190 -0.03135645 -0.05359028
v -0.00429987 -0.03148032 -0.05359028
v -0.00309328 -0.03160744 -0.05599987
v -0.00188669 -0.03166237 -0.05720032
v -0.00068246 -0.03169684 -0.05720032
v -0.02198236 -0.02303926 0.02961463
v -0.02060542 -0.02410786 0.03041493
v -0.02206043 -0.02312328 0.02720504
v -0.02384666 -0.02130171 0.02720504
v -0.02324336 -0.02194588 0.02720504
v -0.02267556 -0.02254913 0.02599590
v -0.02266373 -0.02254913 0.02720504
v -0.00906946 -0.03027169 0.03082378
v -0.00923980 -0.03025230 0.02951025
v -0.00912387 -0.03030293 0.02841418
v -0.00912387 -0.03031047 0.02720504
v -0.00912387 -0.03045697 -0.05479073
v -0.00912387 -0.03045051 -0.05599987
v -0.00791728 -0.03071658 -0.05599987
v -0.00505222 -0.03134675 -0.05479073
v -0.00429987 -0.03146309 -0.05479073
v -0.00429987 -0.03143616 -0.05599987
v -0.00492919 -0.03132413 -0.05673928
v -0.00437558 -0.03138553 -0.05716553
v -0.00069429 -0.03169469 -0.05721772
v -0.00067300 -0.03169469 -0.05721772
v -0.02131282 -0.02372545 0.02720504
v -0.02070952 -0.02418434 0.02720504
v -0.01862519 -0.02561165 0.02961463
v -0.01857788 -0.02558472 0.03082378
v -0.01850453 -0.02553625 0.03165017
v -0.02207226 -0.02314052 0.02599590
v -0.02384666 -0.02130171 0.02599590
v -0.02324336 -0.02194588 0.02599590
v -0.01153706 -0.02932158 0.03165017
v -0.01153706 -0.02939591 0.03082378
v -0.00972007 -0.03010149 0.02983210
v -0.00972717 -0.03011226 0.02903181
v -0.00973190 -0.03011441 0.02841418
v -0.00973900 -0.03011765 0.02720504
v -0.00974373 -0.03011872 0.02599590
v -0.00997086 -0.03019628 -0.05479073
v -0.00997559 -0.03019521 -0.05599987
v -0.00791728 -0.03067349 -0.05720032
v -0.00988568 -0.03016504 -0.05721772
v -0.00913334 -0.03038049 -0.05721772
v -0.00498361 -0.03133382 -0.05599987
v -0.02131991 -0.02374376 0.02599590
v -0.01868434 -0.02564935 0.02720504
v -0.01866305 -0.02563427 0.02841418
v -0.02071662 -0.02418757 0.02599590
v -0.01774509 -0.02621274 0.02961463
v -0.01769541 -0.02618689 0.03082378
v -0.01868198 -0.02566336 -0.05720032
v -0.01870563 -0.02569675 -0.05599987
v -0.01871510 -0.02569998 -0.05479073
v -0.01182806 -0.02920632 0.03165017
v -0.01243845 -0.02903828 0.03082378
v -0.01251180 -0.02907490 0.02961463
v -0.01153706 -0.02943792 0.02961463
v -0.01253309 -0.02908567 0.02841418
v -0.01284775 -0.02911045 -0.05488641
v -0.01285485 -0.02910830 -0.05599117
v -0.01777821 -0.02625152 0.02720504
v -0.01777112 -0.02623644 0.02841418
v -0.01868670 -0.02565366 0.02599590
v -0.01714416 -0.02661885 0.02961463
v -0.01788941 -0.02630215 -0.05479073
v -0.01709448 -0.02658330 0.03082378
v -0.01490605 -0.02789427 0.03082378
v -0.01867961 -0.02566228 -0.05721772
v -0.01781843 -0.02626983 -0.05721772
v -0.01789178 -0.02629892 -0.05599987
v -0.01493917 -0.02790612 0.02961463
v -0.01494627 -0.02791582 0.02841418
v -0.01494864 -0.02792228 0.02720504
v -0.01334458 -0.02890793 -0.05535616
v -0.01333748 -0.02890255 -0.05639132
v -0.01334458 -0.02890793 -0.05558233
v -0.01717492 -0.02662962 0.02720504
v -0.01716782 -0.02662962 0.02841418
v -0.01777585 -0.02625583 0.02599590
v -0.01728848 -0.02671688 -0.05599987
v -0.01508349 -0.02799768 -0.05599987
v -0.01382249 -0.02866017 -0.05599117
v -0.00013869 0.03176789 0.03082559
v -0.00068115 0.03177120 0.03082559
v -0.00013869 0.03179996 0.03028764
v -0.00068115 0.03183315 0.02962556
v -0.00188740 0.03173802 0.03082559
v -0.02301705 0.02177665 0.03152906
v -0.00068115 0.03185306 0.02841863
v -0.00188740 0.03178448 0.02962556
v -0.00309128 0.03166058 0.03082559
v -0.02181080 0.02297688 0.03152906
v -0.02246270 0.02242821 0.03082559
v -0.02306226 0.02182532 0.03082559
v -0.00068115 0.03186523 0.02721169
v -0.00188740 0.03180439 0.02841863
v -0.00309128 0.03169266 0.02962556
v -0.00429753 0.03151899 0.03082559
v -0.00494705 0.03140284 0.03147389
v -0.00429753 0.03155217 0.02962556
v -0.02054983 0.02412402 0.03127388
v -0.02061168 0.02418928 0.03046696
v -0.02186076 0.02302445 0.03082559
v -0.02192262 0.02308640 0.02962556
v -0.02252456 0.02248351 0.02962556
v -0.02376412 0.02104213 0.03090145
v -0.02311460 0.02188063 0.02962556
v -0.02433751 0.02071580 0.01756315
v -0.00068115 0.03186855 0.02600477
v -0.00188740 0.03181324 0.02721169
v -0.00309128 0.03170483 0.02841863
v -0.00429753 0.03156877 0.02841863
v -0.00502556 0.03141611 0.03082559
v -0.00791629 0.03073248 0.03082559
v -0.00516832 0.03144598 0.02841863
v -0.00511835 0.03143492 0.02962556
v -0.01923413 0.02523243 0.03082559
v -0.01914372 0.02517712 0.03163940
v -0.02066403 0.02423021 0.02962556
v -0.02126596 0.02368928 0.02962556
v -0.02130641 0.02372357 0.02841863
v -0.02195355 0.02312069 0.02841863
v -0.02255549 0.02251338 0.02841863
v -0.02371892 0.02120917 0.02962556
v -0.02425424 0.02060629 0.02962556
v -0.02314315 0.02191050 0.02841863
v -0.02433513 0.02071027 0.01877008
v -0.02382122 0.02130762 0.01997701
v -0.02382360 0.02131868 0.01756315
v -0.02322166 0.02200785 0.01635622
v -0.00013869 0.03186523 0.02479783
v -0.00068115 0.03186634 0.02479783
v -0.00188740 0.03181324 0.02238397
v -0.00188740 0.03181545 0.02479783
v -0.00188740 0.03181545 0.02600477
v -0.00309128 0.03171479 0.02600477
v -0.00309128 0.03171147 0.02721169
v -0.00429753 0.03157430 0.02721169
v -0.00912254 0.03047805 0.02962556
v -0.00912254 0.03041279 0.03082559
v -0.00974827 0.03019487 0.03147389
v -0.00912254 0.03052451 0.02841863
v -0.00912254 0.03056876 0.02600477
v -0.00912254 0.03054995 0.02721169
v -0.00429753 0.03157873 0.02600477
v -0.00522780 0.03145372 0.02359090
v -0.00912254 0.03057761 0.02479783
v -0.01862981 0.02569814 0.03082559
v -0.01869881 0.02574682 0.02962556
v -0.02070209 0.02426340 0.02841863
v -0.02071637 0.02427446 0.02721169
v -0.02133020 0.02374791 0.02600477
v -0.02199400 0.02315609 0.02479783
v -0.02196783 0.02313286 0.02721169
v -0.02258404 0.02254325 0.02600477
v -0.02256976 0.02252887 0.02721169
v -0.02374509 0.02123904 0.02841863
v -0.02428041 0.02063615 0.02841863
v -0.02315743 0.02192599 0.02721169
v -0.02376174 0.02125895 0.02721169
v -0.02431848 0.02068593 0.02359090
v -0.02321691 0.02199236 0.01997701
v -0.02321929 0.02199789 0.01877008
v -0.02322166 0.02200232 0.01756315
v -0.02431372 0.02067930 0.02479783
v -0.02381646 0.02130098 0.02117704
v -0.02321215 0.02198683 0.02117704
v -0.02265779 0.02261073 0.01635622
v -0.00309128 0.03170926 0.01877008
v -0.00309128 0.03171258 0.01997701
v -0.00309128 0.03171589 0.02479783
v -0.00429753 0.03158204 0.02479783
v -0.00990530 0.03024907 0.02962556
v -0.00981251 0.03021477 0.03082559
v -0.01261520 0.02919264 0.03082559
v -0.00995526 0.03026898 0.02841863
v -0.00997667 0.03027672 0.02721169
v -0.01001474 0.03029000 0.02479783
v -0.00524683 0.03145372 0.02238397
v -0.00912254 0.03057872 0.02359090
v -0.01002664 0.03029442 0.02359090
v -0.01729508 0.02653001 0.03163940
v -0.01778044 0.02629992 0.03082559
v -0.01784230 0.02634859 0.02962556
v -0.01788512 0.02637293 0.02841863
v -0.01873688 0.02577115 0.02841863
v -0.01935785 0.02534416 0.02744619
v -0.01933881 0.02531540 0.02841863
v -0.01937212 0.02536628 0.02663926
v -0.01938164 0.02537181 0.02600477
v -0.01998357 0.02488840 0.02600477
v -0.01999785 0.02489946 0.02479783
v -0.02074016 0.02429658 0.02479783
v -0.02135399 0.02377003 0.02359090
v -0.02200590 0.02316715 0.02359090
v -0.02261021 0.02256980 0.02359090
v -0.02317170 0.02194037 0.02600477
v -0.02318598 0.02195364 0.02479783
v -0.02429706 0.02065607 0.02721169
v -0.02377602 0.02127333 0.02600477
v -0.02430896 0.02067045 0.02600477
v -0.02380932 0.02129435 0.02238397
v -0.02379981 0.02128881 0.02359090
v -0.02320501 0.02197798 0.02238397
v -0.02263162 0.02258971 0.02117704
v -0.02263876 0.02259524 0.01997701
v -0.02264590 0.02260077 0.01877008
v -0.02205586 0.02321251 0.01635622
v -0.00429753 0.03157651 0.01877008
v -0.00429753 0.03158094 0.02117704
v -0.00429753 0.03158315 0.02238397
v -0.00429753 0.03158315 0.02359090
v -0.01265803 0.02921366 0.02962556
v -0.01504912 0.02805104 0.02962556
v -0.01499202 0.02802007 0.03082559
v -0.01272227 0.02923468 0.02721169
v -0.01268896 0.02922693 0.02841863
v -0.01273892 0.02925570 0.02479783
v -0.00525873 0.03145151 0.02117704
v -0.01002902 0.03029442 0.02238397
v -0.00912254 0.03056766 0.01635622
v -0.01001474 0.03029000 0.01635622
v -0.01273892 0.02926012 0.02359090
v -0.01273892 0.02927782 0.01635622
v -0.01717612 0.02671917 0.03082559
v -0.01723798 0.02675568 0.02962556
v -0.01728081 0.02678333 0.02841863
v -0.01732126 0.02680767 0.02721169
v -0.01735694 0.02682647 0.02600477
v -0.01792557 0.02638731 0.02721169
v -0.01796126 0.02640280 0.02600477
v -0.01798267 0.02641275 0.02479783
v -0.01939592 0.02538288 0.02479783
v -0.02000975 0.02491053 0.02359090
v -0.02074968 0.02430654 0.02359090
v -0.02079250 0.02433973 0.01877008
v -0.02139444 0.02380322 0.01877008
v -0.02201779 0.02317711 0.02238397
v -0.02262211 0.02258086 0.02238397
v -0.02319787 0.02196581 0.02359090
v -0.02378791 0.02128218 0.02479783
v -0.02202731 0.02318485 0.02117704
v -0.02203444 0.02319259 0.01997701
v -0.02204158 0.02320034 0.01877008
v -0.02204872 0.02320697 0.01756315
v -0.02141110 0.02381539 0.01635622
v -0.00525397 0.03144930 0.01997701
v -0.01334086 0.02898136 0.02659099
v -0.01509433 0.02806984 0.02841863
v -0.01575336 0.02777449 0.02657719
v -0.01285788 0.02919264 0.02611511
v -0.01335989 0.02899131 0.02479783
v -0.01335275 0.02898689 0.02578407
v -0.01338844 0.02900348 0.01635622
v -0.01624110 0.02749794 0.02610822
v -0.01738073 0.02684196 0.02479783
v -0.01940543 0.02539173 0.02359090
v -0.01945302 0.02542713 0.01635622
v -0.02005495 0.02495588 0.01635622
v -0.02080678 0.02435300 0.01635622
v -0.02140396 0.02380985 0.01756315
v -0.01383097 0.02875127 0.02611511
v -0.01513239 0.02808312 0.02721169
v -0.01527039 0.02803002 0.02610822
v -0.01576050 0.02778002 0.02577027
v -0.01637195 0.02744484 0.02479783
v -0.01396183 0.02869928 0.02479783
v -0.01399276 0.02872804 0.01635622
v -0.01637909 0.02745369 0.02359090
v -0.01738073 0.02685081 0.02359090
v -0.01737835 0.02684196 0.01635622
v -0.01515143 0.02810414 0.02479783
v -0.01577716 0.02778776 0.02359090
v -0.01515143 0.02811963 0.02238397
v -0.01515143 0.02815170 0.01635622
v -0.01578429 0.02779219 0.02238397
v -0.01579857 0.02780325 0.01635622
v -0.01640289 0.02744484 0.01635622
v -0.03156072 0.00010041 0.02962556
v -0.03154352 0.00064137 0.02962556
v -0.03147188 0.00010041 0.03132216
v -0.03148621 0.00071550 0.03092904
v -0.03146042 0.00161710 0.03059110
v -0.03147379 0.00181545 0.02962556
v -0.03143368 0.00245057 0.02785309
v -0.03086438 0.00667205 0.02962556
v -0.02444551 0.02056867 0.01756315
v -0.03144609 0.00036488 0.03151526
v -0.03140884 0.00116830 0.03139112
v -0.03085387 0.00667205 0.03082559
v -0.03141266 0.00241852 0.02962556
v -0.03142412 0.00243655 0.02866001
v -0.03068003 0.00787819 0.02962556
v -0.02536249 0.01930844 0.01877008
v -0.02580856 0.01870537 0.02479783
v -0.02581238 0.01869736 0.02721169
v -0.03065519 0.00787819 0.03082559
v -0.03034858 0.00918851 0.03081180
v -0.03023205 0.00970342 0.03039799
v -0.03035813 0.00919052 0.02963935
v -0.02641415 0.01782582 0.02600477
v -0.02641511 0.01782582 0.02721169
v -0.02535389 0.01930043 0.02721169
v -0.02641033 0.01782181 0.02841863
v -0.02580665 0.01868935 0.02841863
v -0.03019384 0.00966135 0.03120491
v -0.02957870 0.01149460 0.03163940
v -0.02961881 0.01149460 0.03082559
v -0.02924056 0.01260657 0.03082559
v -0.03023205 0.00970342 0.03004626
v -0.02679432 0.01721874 0.02479783
v -0.02679432 0.01722275 0.02600477
v -0.02679814 0.01721473 0.02962556
v -0.02534338 0.01929241 0.02841863
v -0.02639791 0.01781780 0.02962556
v -0.02579423 0.01866731 0.02962556
v -0.02418474 0.02052860 0.03134974
v -0.02806186 0.01493670 0.03082559
v -0.02807905 0.01498879 0.02962556
v -0.02807618 0.01499480 0.02841863
v -0.02676280 0.01716264 0.03082559
v -0.02637021 0.01776571 0.03082559
v -0.02433470 0.02056867 0.02841863
v -0.02436623 0.02056867 0.02721169
v -0.02532237 0.01927038 0.02962556
v -0.02576653 0.01863725 0.03082559
v -0.02530136 0.01924032 0.03082559
v -0.02415226 0.02056867 0.03131526
v -0.02422677 0.02056867 0.03054972
v -0.02569776 0.01853708 0.03163940
v -0.02500007 -0.01994659 0.02480133
v -0.02546776 -0.01934320 0.02480133
v -0.03158158 -0.00056639 0.02962242
v -0.02431132 -0.02079544 0.02620145
v -0.02440240 -0.02069726 0.02720843
v -0.02500416 -0.01994455 0.02600143
v -0.02647377 -0.01789914 0.02238734
v -0.02546469 -0.01934115 0.02600143
v -0.03157236 -0.00177318 0.02962242
v -0.03154167 -0.00177318 0.03082942
v -0.03153655 -0.00056639 0.03082942
v -0.02431336 -0.02079544 0.02720843
v -0.02431029 -0.02079544 0.02740845
v -0.02428778 -0.02079544 0.02841543
v -0.02438807 -0.02068294 0.02841543
v -0.02499188 -0.01993432 0.02841543
v -0.02500518 -0.01993432 0.02720843
v -0.02545548 -0.01932479 0.02962242
v -0.02646763 -0.01789505 0.02359434
v -0.02686778 -0.01726712 0.02600143
v -0.02686573 -0.01727939 0.02480133
v -0.02686266 -0.01729166 0.02359434
v -0.02686164 -0.01729575 0.02238734
v -0.03148231 -0.00305360 0.02973277
v -0.03147310 -0.00295133 0.03071217
v -0.03145467 -0.00253203 0.03155362
v -0.03146695 -0.00177318 0.03161569
v -0.03145979 -0.00056639 0.03158810
v -0.02427243 -0.02079544 0.02865683
v -0.02420488 -0.02079544 0.02962242
v -0.02434611 -0.02063385 0.02962242
v -0.02494992 -0.01992819 0.02962242
v -0.02684833 -0.01724257 0.02841543
v -0.02686266 -0.01725893 0.02720843
v -0.02543501 -0.01929616 0.03038111
v -0.02642055 -0.01779483 0.03082942
v -0.02682070 -0.01719144 0.03082942
v -0.02810610 -0.01500490 0.02600143
v -0.02810712 -0.01500490 0.02480133
v -0.03143319 -0.00358541 0.03022937
v -0.02402272 -0.02079544 0.03078114
v -0.02427857 -0.02055612 0.03060181
v -0.02808051 -0.01497831 0.02841543
v -0.02809484 -0.01499672 0.02720843
v -0.02418748 -0.02045590 0.03140878
v -0.02533267 -0.01919389 0.03118117
v -0.02804367 -0.01490058 0.03082942
v -0.02806414 -0.01495172 0.02962242
v -0.02924208 -0.01252382 0.02600143
v -0.03025729 -0.00971548 0.02962242
v -0.03073113 -0.00780303 0.02962242
v -0.03069838 -0.00780303 0.03082942
v -0.02394801 -0.02079544 0.03111220
v -0.02920830 -0.01245633 0.02962242
v -0.02923287 -0.01250132 0.02720843
v -0.02527434 -0.01911820 0.03165017
v -0.02919193 -0.01242974 0.03082942
v -0.03024911 -0.00968480 0.03048456
v -0.03043843 -0.00900982 0.02962242
v -0.03037396 -0.00910391 0.03086391
v -0.03049472 -0.00823257 0.03165017
v -0.02957059 -0.01141931 0.03082942
v -0.03016723 -0.00956822 0.03128463
v -0.03033814 -0.00886051 0.03165017
v -0.01952226 0.00064115 0.05817379
v -0.01954858 0.00184644 0.05822026
v -0.01953191 0.00305355 0.05827642
v -0.01876946 0.00305355 0.05882249
v -0.01868260 0.00422971 0.05889607
v -0.01947576 0.00425884 0.05823188
v -0.01941434 0.00503991 0.05808665
v -0.01822285 0.00461205 0.05919041
v -0.01821495 0.00546595 0.05918847
v -0.01817459 0.00608316 0.05917685
v -0.01848431 0.00656018 0.05859399
v -0.01833954 0.00759614 0.05820864
v -0.01814213 0.00608316 0.05917685
v -0.01403508 0.01279236 0.05842552
v -0.01526079 0.01160164 0.05848943
v -0.01603903 0.01127209 0.05825705
v -0.01709453 0.00989930 0.05811763
v -0.01573545 0.01207501 0.05777489
v -0.01449571 0.01325663 0.05772841
v -0.01369202 0.01360074 0.05821252
v -0.01493177 0.01245189 0.05826093
v 0.03128557 -0.00124753 0.01997716
v 0.03126947 -0.00009979 0.01997716
v 0.03128557 -0.00070295 0.01997716
v 0.03128155 -0.00117376 0.02181554
v 0.02434921 0.02073962 0.02479628
v 0.02488254 0.02001713 0.02479628
v 0.03072305 0.00546534 0.03082585
v 0.03126746 -0.00026685 0.02118005
v 0.03128255 -0.00087001 0.02118005
v 0.03128155 -0.00106962 0.02181554
v 0.03103601 -0.00056409 0.02962296
v 0.03099576 -0.00056409 0.03082585
v 0.02406744 0.02056605 0.03038706
v 0.02559097 0.01859818 0.02962296
v 0.02528808 0.01938359 0.02574195
v 0.02530720 0.01941397 0.02479628
v 0.03056305 0.00667166 0.03082585
v 0.03067173 0.00546534 0.03203630
v 0.03077639 0.00425902 0.03203630
v 0.03105211 0.00064223 0.02841251
v 0.03097563 0.00064223 0.03082585
v 0.03090821 0.00064223 0.03203630
v 0.03089714 -0.00056409 0.03203630
v 0.02365185 0.02073962 0.03200604
v 0.02392958 0.02041417 0.03203630
v 0.02440656 0.01981101 0.03203630
v 0.02500933 0.01901476 0.03203630
v 0.02546216 0.01841159 0.03203630
v 0.02554367 0.01852008 0.03082585
v 0.02619374 0.01770212 0.02962296
v 0.02614644 0.01763269 0.03082585
v 0.02656304 0.01709896 0.02962296
v 0.02658216 0.01712500 0.02841251
v 0.02661839 0.01720744 0.02479628
v 0.02662946 0.01723131 0.02359339
v 0.02626518 0.01783447 0.02359339
v 0.03031450 0.00787798 0.02962296
v 0.03029941 0.00787798 0.03082585
v 0.03047551 0.00667166 0.03203630
v 0.03051274 0.00546534 0.03285336
v 0.03077538 0.00223909 0.03285336
v 0.03083173 0.00305270 0.03203630
v 0.03087400 0.00184638 0.03203630
v 0.03082268 0.00064223 0.03285336
v 0.03080959 -0.00056409 0.03285336
v 0.02428279 0.01964612 0.03285336
v 0.02536455 0.01827708 0.03285336
v 0.02609713 0.01742658 0.03199091
v 0.02648154 0.01696010 0.03156725
v 0.02652078 0.01702953 0.03082585
v 0.02745563 0.01536108 0.03082585
v 0.02778871 0.01475792 0.03082585
v 0.02780581 0.01480565 0.02962296
v 0.02780682 0.01482084 0.02841251
v 0.02781185 0.01483385 0.02600673
v 0.02781487 0.01483819 0.02479628
v 0.03012834 0.00867424 0.02962296
v 0.03011425 0.00861783 0.03082585
v 0.03008607 0.00852020 0.03152943
v 0.03019274 0.00791270 0.03197578
v 0.03013638 0.00753301 0.03283067
v 0.02637889 0.01683426 0.03236918
v 0.02673412 0.01638732 0.03199091
v 0.02773638 0.01465377 0.03180178
v 0.02890066 0.01217604 0.03162777
v 0.02893185 0.01224981 0.03082585
v 0.02894695 0.01228453 0.02962296
v 0.02924079 0.01149261 0.02962296
v 0.02920657 0.01149261 0.03082585
v 0.02905563 0.01155770 0.03203630
v 0.02898217 0.01122791 0.03285336
v 0.03013236 0.00751999 0.03285336
v 0.02760254 0.01440644 0.03285336
v 0.02764380 0.01449539 0.03260370
v 0.02743248 0.01507685 0.03213466
v 0.02797487 0.01401807 0.03213466
v 0.02878796 0.01200247 0.03243726
v 0.02059503 -0.02423522 -0.02584844
v 0.02294553 -0.02177751 0.01756324
v 0.02173257 -0.02297285 0.01756324
v 0.02173048 -0.02296839 0.01876766
v 0.02106011 -0.02357611 0.01756324
v 0.02409040 -0.02051738 0.01635882
v 0.02354992 -0.02112063 0.01635882
v 0.02354782 -0.02111617 0.01756324
v 0.02294134 -0.02177528 0.01876766
v 0.02233382 -0.02237853 0.01876766
v 0.02170325 -0.02294381 0.02479727
v 0.02091032 -0.02365208 0.02470693
v 0.02056989 -0.02395594 0.02438325
v 0.02560817 -0.01855568 0.01635882
v 0.02513786 -0.01915447 0.01876766
v 0.02408726 -0.02051291 0.01756324
v 0.02354468 -0.02111170 0.01876766
v 0.02293401 -0.02176858 0.01997207
v 0.02231182 -0.02234949 0.02359285
v 0.02230658 -0.02234055 0.02479727
v 0.02169487 -0.02293711 0.02600168
v 0.02056989 -0.02393360 0.02600168
v 0.02621046 -0.01771335 0.01635882
v 0.02559246 -0.01854451 0.01997207
v 0.02513472 -0.01914776 0.01997207
v 0.02408307 -0.02050844 0.01876766
v 0.02353735 -0.02110499 0.01997207
v 0.02407260 -0.02049727 0.02117649
v 0.02290468 -0.02173953 0.02479727
v 0.02229820 -0.02233162 0.02600168
v 0.02168230 -0.02292593 0.02721363
v 0.02663782 -0.01711010 0.01635882
v 0.02558932 -0.01853557 0.02117649
v 0.02558722 -0.01852440 0.02238843
v 0.02558408 -0.01851323 0.02359285
v 0.02557884 -0.01850206 0.02479727
v 0.02512739 -0.01913883 0.02117649
v 0.02406527 -0.02048833 0.02238843
v 0.02352059 -0.02109159 0.02238843
v 0.02289525 -0.02172836 0.02600168
v 0.02287116 -0.02170378 0.02841804
v 0.02285545 -0.02168591 0.02962246
v 0.02166449 -0.02290583 0.02841804
v 0.03076795 -0.00539129 0.02962246
v 0.03065797 -0.00659780 0.02841804
v 0.03066740 -0.00659780 0.02721363
v 0.03067473 -0.00659780 0.02600168
v 0.03047362 -0.00780431 0.02479727
v 0.03047781 -0.00780431 0.02359285
v 0.03048933 -0.00780431 0.01997207
v 0.03049247 -0.00780431 0.01876766
v 0.02790734 -0.01490263 0.01876766
v 0.02790315 -0.01489816 0.01997207
v 0.02789896 -0.01488475 0.02117649
v 0.02657602 -0.01702520 0.02721363
v 0.02617380 -0.01763739 0.02600168
v 0.02618637 -0.01765526 0.02359285
v 0.02557151 -0.01849312 0.02600168
v 0.02405584 -0.02047716 0.02359285
v 0.02509177 -0.01907403 0.02841804
v 0.02404955 -0.02046822 0.02440583
v 0.02399194 -0.02042354 0.02841804
v 0.02403908 -0.02045929 0.02521129
v 0.02397414 -0.02040790 0.02962246
v 0.02284393 -0.02167474 0.03032253
v 0.02164563 -0.02288795 0.02922350
v 0.03074596 -0.00539129 0.03082688
v 0.03063912 -0.00659780 0.02962246
v 0.03046210 -0.00780431 0.02600168
v 0.03021071 -0.00889241 0.02479727
v 0.03021385 -0.00890135 0.02359285
v 0.03022118 -0.00892816 0.01876766
v 0.02905641 -0.01246279 0.01876766
v 0.02905117 -0.01245832 0.01997207
v 0.02789477 -0.01486688 0.02238843
v 0.02788954 -0.01485124 0.02359285
v 0.02786859 -0.01480879 0.02721363
v 0.02656555 -0.01700956 0.02841804
v 0.02615809 -0.01761281 0.02841804
v 0.02616542 -0.01762622 0.02721363
v 0.02556418 -0.01848195 0.02721363
v 0.02555580 -0.01847078 0.02841804
v 0.02508444 -0.01905169 0.02962246
v 0.02448215 -0.01980464 0.02962246
v 0.02446225 -0.01976443 0.03082688
v 0.02281984 -0.02165239 0.03112798
v 0.02161526 -0.02285667 0.03002895
v 0.03077633 -0.00418478 0.03203129
v 0.03068311 -0.00539129 0.03203129
v 0.03058779 -0.00659780 0.03082688
v 0.03037725 -0.00780431 0.02962246
v 0.03041810 -0.00780431 0.02841804
v 0.03044220 -0.00780431 0.02721363
v 0.03020233 -0.00886783 0.02600168
v 0.02936855 -0.01142162 0.02600168
v 0.02939893 -0.01142162 0.02238843
v 0.02940731 -0.01142162 0.02117649
v 0.02941254 -0.01142162 0.01997207
v 0.02903127 -0.01241587 0.02359285
v 0.02901660 -0.01238683 0.02600168
v 0.02900508 -0.01236225 0.02721363
v 0.02785183 -0.01478198 0.02841804
v 0.02902393 -0.01240247 0.02479727
v 0.02653308 -0.01696264 0.02962246
v 0.02613400 -0.01756589 0.02962246
v 0.02553275 -0.01844843 0.02962246
v 0.02506559 -0.01900924 0.03082688
v 0.02436484 -0.01963707 0.03203129
v 0.02274128 -0.02155855 0.03203129
v 0.02213794 -0.02215064 0.03203129
v 0.02150318 -0.02275389 0.03203129
v 0.02158593 -0.02282316 0.03082688
v 0.03071348 -0.00418478 0.03246789
v 0.03047781 -0.00659780 0.03203129
v 0.03031231 -0.00780431 0.03082688
v 0.03015519 -0.00869356 0.02962246
v 0.03017823 -0.00877176 0.02841804
v 0.03019185 -0.00882762 0.02721363
v 0.02935179 -0.01142162 0.02721363
v 0.02932456 -0.01142162 0.02841804
v 0.02898937 -0.01231756 0.02841804
v 0.02896214 -0.01224160 0.02962246
v 0.02780888 -0.01471048 0.02962246
v 0.02685046 -0.01624320 0.03082688
v 0.02645766 -0.01684869 0.03143661
v 0.02609210 -0.01748993 0.03082688
v 0.02548981 -0.01840598 0.03082688
v 0.02540077 -0.01827416 0.03203129
v 0.02496817 -0.01887742 0.03203129
v 0.02429466 -0.01955217 0.03246789
v 0.02089985 -0.02329906 0.03203129
v 0.02056989 -0.02359622 0.03203129
v 0.03019395 -0.00782889 0.03198612
v 0.03009234 -0.00846566 0.03154953
v 0.03029660 -0.00705136 0.03246789
v 0.03011958 -0.00857067 0.03082688
v 0.02928161 -0.01142162 0.02962246
v 0.02891814 -0.01213659 0.03057847
v 0.02811265 -0.01383241 0.03082688
v 0.02774708 -0.01459653 0.03082688
v 0.02742656 -0.01519979 0.03082688
v 0.02769785 -0.01450269 0.03171513
v 0.02669229 -0.01628788 0.03191838
v 0.02635920 -0.01672133 0.03224206
v 0.02534736 -0.01819373 0.03246789
v 0.02516195 -0.01845067 0.03246789
v 0.03016357 -0.00761217 0.03246789
v 0.02903965 -0.01127639 0.03203129
v 0.02911192 -0.01153333 0.03092474
v 0.02899670 -0.01116691 0.03246789
v 0.02794086 -0.01393518 0.03208398
v 0.02766328 -0.01434853 0.03246789
v 0.02739199 -0.01495849 0.03208398
v 0.02434945 0.02074071 0.02373713
v 0.02427514 0.02083875 0.02359339
v 0.02427754 0.02083549 0.02479628
v 0.02377176 0.02144228 0.02359339
v 0.02377896 0.02143793 0.02479628
v 0.02317490 0.02210138 0.02479628
v 0.02289924 0.02181377 0.03082585
v 0.02285610 0.02176802 0.03152186
v 0.02257325 0.02269946 0.02359339
v 0.02256366 0.02270490 0.02479628
v 0.02170072 0.02301539 0.03082585
v 0.02230478 0.02241730 0.03082585
v 0.02166237 0.02297943 0.03155212
v 0.02276261 0.02167215 0.03232379
v 0.02323962 0.02122005 0.03196822
v 0.02196919 0.02323218 0.02359339
v 0.02196200 0.02321802 0.02479628
v 0.02191166 0.02318751 0.02600673
v 0.02043029 0.02416362 0.03028871
v 0.02039194 0.02411569 0.03109064
v 0.01970159 0.02456125 0.03203630
v 0.02030565 0.02404488 0.03203630
v 0.02155930 0.02288030 0.03235405
v 0.02120454 0.02383462 0.02359339
v 0.02118776 0.02382155 0.02479628
v 0.02056213 0.02426711 0.02600673
v 0.02053097 0.02424206 0.02720962
v 0.01906878 0.02522470 0.03082585
v 0.01896570 0.02516478 0.03203630
v 0.01955298 0.02443815 0.03285336
v 0.02060048 0.02429217 0.02238294
v 0.02060048 0.02428999 0.02359339
v 0.02058610 0.02427910 0.02479628
v 0.01853903 0.02573890 0.02841251
v 0.01850547 0.02573019 0.02962296
v 0.01846712 0.02569423 0.03082585
v 0.01836405 0.02561362 0.03203630
v 0.01683474 0.02658864 0.03267936
v 0.01856300 0.02574653 0.02238294
v 0.01855821 0.02575088 0.02359339
v 0.01856060 0.02574762 0.02600673
v 0.01855821 0.02574217 0.02720962
v 0.01765932 0.02633154 0.02962296
v 0.01760419 0.02629668 0.03082585
v 0.01750830 0.02621606 0.03203630
v 0.01690425 0.02663330 0.03203630
v 0.01469658 0.02795148 0.03203630
v 0.01677002 0.02654506 0.03285336
v 0.00052768 0.03147680 0.03285336
v 0.00052768 0.03186354 0.02479628
v 0.00173339 0.03182541 0.02720962
v 0.00293910 0.03174697 0.02720962
v 0.01769527 0.02635224 0.02359339
v 0.01769048 0.02635115 0.02479628
v 0.01709122 0.02675749 0.02359339
v 0.01766890 0.02634134 0.02841251
v 0.01706725 0.02674006 0.02841251
v 0.01705526 0.02672808 0.02962296
v 0.01700253 0.02669213 0.03082585
v 0.01479006 0.02801576 0.03082585
v 0.01229954 0.02911824 0.03203630
v 0.01243138 0.02917162 0.03082585
v 0.01212456 0.02904634 0.03281553
v 0.00173339 0.03143213 0.03274745
v 0.00173339 0.03157049 0.03203630
v 0.00052768 0.03163367 0.03203630
v 0.00052768 0.03186790 0.02600673
v 0.00414721 0.03160208 0.02359339
v 0.00173339 0.03182432 0.02841251
v 0.00293910 0.03175024 0.02841251
v 0.00414721 0.03161733 0.02720962
v 0.00414721 0.03160753 0.02479628
v 0.01708643 0.02675423 0.02479628
v 0.01380967 0.02869555 0.02359339
v 0.01495066 0.02809202 0.02359339
v 0.01494108 0.02807023 0.02600673
v 0.01494587 0.02808330 0.02479628
v 0.01492669 0.02805715 0.02720962
v 0.01489074 0.02804844 0.02841251
v 0.01484280 0.02803972 0.02962296
v 0.00961006 0.03020002 0.03151429
v 0.01138387 0.02946140 0.03203630
v 0.01247452 0.02919341 0.02962296
v 0.00974669 0.03024359 0.02962296
v 0.00967239 0.03022072 0.03082585
v 0.00860331 0.03026102 0.03282310
v 0.01205984 0.02905832 0.03285336
v 0.00899163 0.03031985 0.03196065
v 0.00173339 0.03139183 0.03285336
v 0.00246928 0.03140381 0.03266422
v 0.00289835 0.03149205 0.03210439
v 0.00293910 0.03166091 0.03082585
v 0.00173339 0.03171429 0.03082585
v 0.00052768 0.03176331 0.03082585
v -0.00013869 0.03186899 0.02600673
v 0.00052768 0.03186572 0.02720962
v 0.00507487 0.03145392 0.02238294
v 0.00513000 0.03146373 0.02600673
v 0.00052768 0.03185809 0.02841251
v 0.00052768 0.03183413 0.02962296
v 0.00173339 0.03179055 0.02962296
v 0.00293910 0.03172518 0.02962296
v 0.00414721 0.03160208 0.02962296
v 0.00414721 0.03161951 0.02841251
v 0.00514917 0.03146591 0.02720962
v 0.01320562 0.02898969 0.02359339
v 0.01320322 0.02898860 0.02479628
v 0.01380488 0.02868683 0.02479628
v 0.01319363 0.02898315 0.02546959
v 0.00897005 0.03044187 0.03082585
v 0.00776434 0.03065866 0.03203630
v 0.01251048 0.02920866 0.02841251
v 0.00983538 0.03027410 0.02720962
v 0.00979703 0.03025993 0.02841251
v 0.00897005 0.03049307 0.02962296
v 0.00858413 0.03025449 0.03285336
v 0.00862488 0.03024141 0.03285336
v 0.00414721 0.03144956 0.03168830
v 0.00414721 0.03154434 0.03082585
v -0.00013869 0.03186572 0.02720962
v 0.00491187 0.03142560 0.03082585
v 0.00507487 0.03145719 0.02962296
v 0.00513719 0.03146699 0.02841251
v 0.00897005 0.03055081 0.02479628
v 0.00897005 0.03054754 0.02359339
v 0.01258718 0.02925332 0.02359339
v 0.01258718 0.02925115 0.02479628
v 0.01269745 0.02918796 0.02592351
v 0.01254404 0.02922391 0.02720962
v 0.00776434 0.03076324 0.03082585
v 0.00477524 0.03139945 0.03146134
v 0.00694935 0.03060745 0.03285336
v 0.00986894 0.03028608 0.02600673
v 0.00897005 0.03052466 0.02841251
v 0.00776434 0.03079483 0.02962296
v 0.00987853 0.03029153 0.02479628
v 0.00897005 0.03053991 0.02720962
v 0.00897005 0.03054754 0.02600673
v -0.00967555 -0.01565483 0.05917906
v -0.00974029 -0.01565483 0.05917906
v -0.00067945 -0.01846189 0.05823065
v -0.00067945 -0.01906470 0.05750903
v -0.01181192 -0.01411254 0.05904036
v -0.01239330 -0.01465621 0.05823627
v -0.01110488 -0.01576061 0.05812943
v -0.01021631 -0.01593008 0.05854741
v -0.00882253 -0.01701173 0.05820066
v -0.00791492 -0.01718006 0.05832999
v -0.00618856 -0.01807859 0.05799448
v -0.00550437 -0.01817072 0.05807696
v -0.00429845 -0.01828332 0.05816505
v -0.00309127 -0.01835612 0.05820628
v -0.00188536 -0.01842663 0.05823252
v -0.00193994 -0.01906925 0.05730473
v -0.00429845 -0.01873031 0.05736470
v -0.00309127 -0.01889751 0.05736470
v 0.03072188 -0.00177255 0.03324460
v 0.03036061 -0.00177255 0.03435118
v 0.03066674 -0.00297806 0.03324460
v 0.03059829 -0.00418513 0.03324460
v 0.03060209 -0.00539064 0.03246862
v 0.03031117 -0.00297806 0.03429523
v 0.03025793 -0.00418513 0.03420005
v 0.03045378 -0.00539064 0.03324460
v 0.03017236 -0.00539064 0.03403149
v 0.03010201 -0.00610832 0.03390216
v 0.03022370 -0.00654456 0.03324243
v 0.03014004 -0.00744361 0.03283917
v 0.02620590 -0.01645913 0.03324460
v 0.02907141 -0.00890710 0.03445145
v 0.02897443 -0.00993437 0.03405038
v 0.02911514 -0.01028773 0.03330782
v 0.02894782 -0.01104137 0.03294816
v 0.02640935 -0.01652949 0.03246862
v 0.02658239 -0.01585716 0.03324460
v 0.02646260 -0.01565233 0.03385856
v 0.02531791 -0.01739883 0.03391305
v 0.02782975 -0.01262526 0.03413902
v 0.02881471 -0.01073804 0.03375248
v 0.02782215 -0.01353839 0.03324460
v 0.02790201 -0.01380419 0.03246862
v 0.02759777 -0.01447184 0.03246862
v 0.02762439 -0.01440617 0.03252021
v 0.02541489 -0.01710332 0.03409615
v 0.02768334 -0.01326945 0.03388690
v 0.01321366 -0.01325071 0.05799347
v 0.01196042 -0.01441497 0.05792772
v 0.01459883 -0.01109632 0.05931043
v 0.01884540 -0.00177198 0.05736497
v 0.01827689 -0.00297892 0.05827388
v 0.01813973 -0.00418416 0.05813464
v 0.01804445 -0.00488408 0.05801474
v 0.01569188 -0.00975793 0.05926789
v 0.01500087 -0.01018130 0.05940713
v 0.01499982 -0.00900850 0.05964693
v 0.01379369 -0.01021373 0.05960632
v 0.01369213 -0.01146676 0.05935105
v 0.01887576 -0.00142544 0.05736497
v 0.01835436 -0.00177198 0.05832803
v 0.01596828 -0.00780327 0.05940906
v 0.01580914 -0.00900850 0.05937618
v 0.01499982 -0.00780327 0.05957343
v 0.01836693 -0.00142544 0.05833190
v 0.01741103 -0.00297892 0.05879022
v -0.00013869 -0.01845793 0.05823093
v 0.00052763 -0.01845276 0.05823093
v 0.00173400 -0.01840718 0.05823093
v 0.00655724 -0.01722127 0.05822729
v 0.00293925 -0.01831500 0.05820184
v -0.00013869 -0.01906073 0.05748190
v 0.00052763 -0.01905555 0.05744736
v 0.00414562 -0.01818139 0.05810367
v 0.00489650 -0.01808922 0.05801095
v 0.00748062 -0.01703173 0.05811094
v 0.00164493 -0.01903691 0.05725646
v 0.00293925 -0.01880387 0.05736373
v 0.00569925 -0.01796493 0.05777278
v 0.00971297 -0.01572982 0.05805094
v 0.00828449 -0.01679352 0.05788005
v 0.01017460 0.01511339 0.05849400
v 0.01130288 0.01508644 0.05823953
v 0.00901910 0.01639871 0.05835503
v 0.00776268 0.01631988 0.05856800
v 0.01084817 0.01576803 0.05802295
v 0.01017460 0.01600453 0.05819441
v 0.00776268 0.01732978 0.05830089
v 0.00663554 0.01763016 0.05832796
v 0.00535190 0.01752438 0.05845429
v 0.00414538 0.01752438 0.05845610
v 0.00865057 0.01709028 0.05813304
v 0.00945454 0.01685277 0.05775584
v 0.00628628 0.01821893 0.05807348
v 0.00535190 0.01832970 0.05816192
v 0.00414538 0.01844746 0.05822870
v 0.00293999 0.01855922 0.05829728
v 0.00173346 0.01865902 0.05831894
v 0.00052807 0.01870991 0.05829186
v 0.00709138 0.01810217 0.05781179
v 0.00173346 0.01926276 0.05777750
v 0.00052807 0.01931266 0.05792188
v -0.00013869 0.01870408 0.05827573
v -0.00067938 0.01930143 0.05791321
v -0.00067938 0.01869816 0.05826271
v -0.00309250 0.01851682 0.05824227
v -0.00550432 0.01752479 0.05827944
v -0.00429776 0.01840660 0.05820508
v -0.00188594 0.01862112 0.05824598
v -0.00188594 0.01922440 0.05777563
v -0.00912011 0.01635972 0.05820880
v -0.01146096 0.01510102 0.05821623
v -0.00550432 0.01827030 0.05810097
v -0.00309250 0.01911891 0.05752466
v -0.00624244 0.01817311 0.05801174
v -0.00791485 0.01717515 0.05811771
v -0.00871750 0.01701871 0.05805078
v -0.01032667 0.01596031 0.05813443
v -0.01100931 0.01577185 0.05802289
v -0.01239394 0.01469094 0.05813258
v -0.01332176 0.01420500 0.05778307
v -0.00418936 0.01902528 0.05725138
v -0.00704509 0.01796688 0.05776262
v -0.00952144 0.01678996 0.05767524
v -0.01319788 0.01440648 0.05763992
v -0.02014858 -0.02303148 -0.05984093
v -0.00014068 -0.03169179 -0.05721978
v -0.01994155 -0.02345122 -0.05960896
v -0.01954741 -0.02422217 -0.05917197
v -0.01936626 -0.02367761 -0.05984093
v -0.00067218 -0.03169424 -0.05721978
v -0.00068015 -0.03146663 -0.05822949
v -0.00014068 -0.03156697 -0.05777274
v -0.00014068 -0.03067610 -0.05962231
v -0.02040537 -0.02393949 -0.05841655
v -0.01980221 -0.02443754 -0.05841655
v -0.01890841 -0.02404105 -0.05984093
v -0.01862773 -0.02457950 -0.05952480
v -0.01822364 -0.02533453 -0.05907344
v -0.01906169 -0.02504084 -0.05841655
v -0.01928066 -0.02519625 -0.05721978
v -0.00069209 -0.03169424 -0.05721978
v -0.00068015 -0.03119741 -0.05883224
v -0.00014068 -0.03131611 -0.05854947
v -0.00188647 -0.03145806 -0.05818304
v -0.00014068 -0.03119129 -0.05881966
v -0.00068015 -0.03068589 -0.05962231
v -0.00107230 -0.03052313 -0.05984093
v -0.02047306 -0.02399700 -0.05816662
v -0.01779366 -0.02489644 -0.05984093
v -0.01845853 -0.02549362 -0.05841655
v -0.01756274 -0.02507021 -0.05984093
v -0.01756274 -0.02557071 -0.05932568
v -0.01684611 -0.02642365 -0.05886560
v -0.01709693 -0.02658641 -0.05806193
v -0.00189842 -0.03165998 -0.05721978
v -0.00188647 -0.03117660 -0.05878579
v -0.00188647 -0.03064551 -0.05962231
v -0.00309280 -0.03141645 -0.05806988
v -0.00309280 -0.03114968 -0.05867263
v -0.00188647 -0.03049499 -0.05984093
v -0.01752492 -0.02613363 -0.05844503
v -0.01658733 -0.02573714 -0.05984093
v -0.01646192 -0.02595374 -0.05969594
v -0.01604190 -0.02665493 -0.05921431
v -0.01453100 -0.02768899 -0.05900313
v -0.01485946 -0.02785663 -0.05819921
v -0.01504658 -0.02796555 -0.05721978
v -0.01722234 -0.02667084 -0.05721978
v -0.00310474 -0.03155351 -0.05721978
v -0.00402442 -0.03136139 -0.05793491
v -0.00320228 -0.03048275 -0.05974136
v -0.00314057 -0.03042034 -0.05984093
v -0.00437477 -0.03112643 -0.05836882
v -0.00550346 -0.03041667 -0.05942601
v -0.00429912 -0.03050600 -0.05955430
v -0.01599412 -0.02610426 -0.05984093
v -0.01526754 -0.02653746 -0.05984093
v -0.01507245 -0.02684951 -0.05961871
v -0.01405524 -0.02738550 -0.05964797
v -0.01372878 -0.02787866 -0.05926307
v -0.01203872 -0.02884663 -0.05893359
v -0.01244083 -0.02904487 -0.05812967
v -0.01266179 -0.02913421 -0.05721978
v -0.01325898 -0.02884173 -0.05721978
v -0.00435287 -0.03138464 -0.05721978
v -0.00443449 -0.03137240 -0.05721978
v -0.00482863 -0.03127940 -0.05754668
v -0.00912244 -0.03022088 -0.05808400
v -0.00670979 -0.03066142 -0.05841655
v -0.00550346 -0.03089270 -0.05841655
v -0.00329982 -0.03040688 -0.05984093
v -0.00670979 -0.03028818 -0.05927461
v -0.00661225 -0.02985865 -0.05984093
v -0.01423241 -0.02711750 -0.05984093
v -0.01357151 -0.02746137 -0.05984093
v -0.01281507 -0.02780769 -0.05984093
v -0.01123451 -0.02903141 -0.05918224
v -0.01159481 -0.02921742 -0.05848558
v -0.00977537 -0.03013032 -0.05785819
v -0.00793005 -0.03066998 -0.05721978
v -0.00912244 -0.02994431 -0.05868675
v -0.00757571 -0.03018294 -0.05913143
v -0.00795394 -0.03036650 -0.05848558
v -0.00670979 -0.02983785 -0.05984093
v -0.01032678 -0.02880992 -0.05984093
v -0.01032678 -0.02918560 -0.05938803
v -0.00837993 -0.03004343 -0.05893334
v -0.01023919 -0.02976565 -0.05832289
v -0.01940773 -0.02411248 0.03388386
v -0.02189125 -0.02178662 0.03398001
v -0.02418475 -0.01925147 0.03383537
v -0.00013869 -0.03142316 0.03196822
v -0.00040526 -0.03146296 0.03165100
v -0.01725676 -0.02549650 0.03415094
v -0.02066665 -0.02295839 0.03394303
v -0.02088571 -0.02314706 0.03324449
v -0.02019159 -0.02374989 0.03324449
v -0.01958984 -0.02425692 0.03324449
v -0.01831245 -0.02539922 0.03289029
v -0.01806173 -0.02520908 0.03369484
v -0.02532754 -0.01795293 0.03372360
v -0.02209975 -0.02200329 0.03324449
v -0.02149009 -0.02260613 0.03324449
v -0.02303668 -0.02052347 0.03391755
v -0.02443284 -0.01954036 0.03303164
v -0.02324518 -0.02074161 0.03324449
v -0.02270414 -0.02134592 0.03324449
v -0.02487887 -0.01874886 0.03337762
v -0.00067974 -0.03142758 0.03197068
v -0.02672897 -0.01704352 0.03203889
v -0.01585005 -0.02655625 0.03394056
v -0.02170651 -0.02280511 0.03242514
v -0.01984057 -0.02445001 0.03203889
v -0.01847081 -0.02551124 0.03203889
v -0.01690310 -0.02642802 0.03246459
v -0.01608494 -0.02669627 0.03324449
v -0.01907255 -0.02505285 0.03203889
v -0.02662868 -0.01688139 0.03267908
v -0.02555187 -0.01824772 0.03291987
v -0.02290208 -0.02158174 0.03234214
v -0.02522461 -0.01905543 0.03203889
v -0.02410821 -0.02036870 0.03203889
v -0.00309200 -0.03043710 0.03439502
v -0.00188587 -0.03047543 0.03443447
v -0.00067974 -0.03124924 0.03257389
v -0.00188587 -0.03140842 0.03192138
v -0.00188587 -0.03144380 0.03165100
v -0.00102020 -0.03146148 0.03165100
v -0.02635684 -0.01769500 0.03165100
v -0.02632517 -0.01764636 0.03203889
v -0.01507675 -0.02731238 0.03320175
v -0.01433777 -0.02758948 0.03357486
v -0.01353544 -0.02779583 0.03399809
v -0.02183847 -0.02292891 0.03165100
v -0.02180152 -0.02295987 0.03165100
v -0.02044231 -0.02395919 0.03203889
v -0.01702979 -0.02653856 0.03165100
v -0.01702715 -0.02653856 0.03166086
v -0.01748373 -0.02615092 0.03205286
v -0.01644388 -0.02680829 0.03205286
v -0.01462545 -0.02774866 0.03277113
v -0.02572342 -0.01845260 0.03203889
v -0.02341937 -0.02113515 0.03197972
v -0.02300237 -0.02168639 0.03165100
v -0.02188598 -0.02287880 0.03165100
v -0.02312114 -0.02155816 0.03165100
v -0.00429812 -0.03037078 0.03429723
v -0.00550425 -0.03027644 0.03412958
v -0.00309200 -0.03088813 0.03324449
v -0.00188587 -0.03098541 0.03324449
v -0.00067974 -0.03102373 0.03324449
v -0.00013869 -0.03114901 0.03287467
v -0.00188587 -0.03122713 0.03252459
v -0.00309200 -0.03136568 0.03171181
v -0.00309200 -0.03137305 0.03165100
v -0.01393924 -0.02793732 0.03320175
v -0.01264338 -0.02855637 0.03315409
v -0.01181730 -0.02878188 0.03349596
v -0.01101233 -0.02893517 0.03389619
v -0.01032877 -0.02904866 0.03407945
v -0.01477324 -0.02782973 0.03203889
v -0.01217624 -0.02892338 0.03269223
v -0.00429812 -0.03076579 0.03324449
v -0.00550425 -0.03062871 0.03324449
v -0.00641215 -0.03018506 0.03397179
v -0.00331105 -0.03135536 0.03165100
v -0.01146364 -0.02904424 0.03315409
v -0.01032877 -0.02937145 0.03324449
v -0.00770801 -0.03023223 0.03298315
v -0.00721712 -0.03005978 0.03378689
v -0.01394452 -0.02821295 0.03203889
v -0.01228972 -0.02897202 0.03203889
v -0.01153490 -0.02928597 0.03203889
v -0.00885872 -0.03021307 0.03182851
v -0.00677373 -0.03036193 0.03332914
v -0.00671038 -0.03070389 0.03203889
v -0.00851298 -0.03010105 0.03263224
v -0.00803264 -0.03036930 0.03215395
v -0.01233987 -0.02899265 0.03165100
v -0.00798777 -0.03045332 0.03165100
v -0.00709835 -0.03066704 0.03165100
v 0.02561936 -0.01740019 0.03321626
v 0.02530409 -0.01813261 0.03279122
v 0.02556596 -0.01748444 0.03321336
v 0.02514645 -0.01790976 0.03359481
v 0.02467355 -0.01869245 0.03331218
v 0.02420064 -0.01944525 0.03302954
v 0.02463541 -0.01912457 0.03246862
v -0.00013869 -0.03128079 0.03246862
v 0.02403538 -0.01925229 0.03383386
v 0.02304635 -0.02071985 0.03324460
v 0.02284803 -0.02126203 0.03246862
v 0.00156987 -0.03127807 0.03246862
v 0.00173513 -0.03125497 0.03254855
v 0.02289380 -0.02053369 0.03393049
v 0.02251497 -0.02132317 0.03324460
v 0.02265989 -0.02147672 0.03246862
v 0.00052744 -0.03102532 0.03324460
v 0.00173513 -0.03127399 0.03246862
v 0.00220549 -0.03123595 0.03246862
v 0.00294027 -0.03093564 0.03324460
v 0.00173513 -0.03101989 0.03324460
v 0.02171408 -0.02175257 0.03395156
v 0.02191239 -0.02194824 0.03324460
v 0.02244378 -0.02169958 0.03246862
v 0.00052744 -0.03051168 0.03445072
v -0.00013869 -0.03079432 0.03378518
v 0.00294027 -0.03116800 0.03246862
v 0.00283349 -0.03038123 0.03454445
v 0.00414542 -0.03078073 0.03324460
v 0.00414542 -0.03037036 0.03431557
v 0.00173513 -0.03049266 0.03445072
v 0.02047588 -0.02292118 0.03391233
v 0.02127168 -0.02255157 0.03324460
v 0.02164797 -0.02246732 0.03246862
v 0.02205732 -0.02208005 0.03246862
v 0.00535310 -0.03061767 0.03324460
v 0.00535310 -0.03026301 0.03413902
v 0.01921480 -0.02407891 0.03384040
v 0.02066911 -0.02309647 0.03324460
v 0.02141915 -0.02268202 0.03246862
v 0.02081658 -0.02322827 0.03246862
v 0.00657859 -0.03057962 0.03246862
v 0.00661672 -0.03035677 0.03333034
v 0.00625315 -0.03017605 0.03396973
v 0.01789779 -0.02520539 0.03366238
v 0.01867325 -0.02473659 0.03334923
v 0.01944108 -0.02427051 0.03303608
v 0.01983517 -0.02377317 0.03336085
v 0.01988856 -0.02406125 0.03246862
v 0.00776339 -0.03021953 0.03293435
v 0.00705658 -0.03005918 0.03378953
v 0.00890752 -0.02917865 0.03448560
v 0.01709182 -0.02547988 0.03413611
v 0.01813424 -0.02537253 0.03285879
v 0.01567819 -0.02654114 0.03391378
v 0.01590193 -0.02667974 0.03324460
v 0.00776339 -0.03033231 0.03246862
v 0.00819816 -0.03023312 0.03246862
v 0.00841936 -0.03012849 0.03268804
v 0.00776339 -0.02997222 0.03353741
v 0.00996774 -0.02906315 0.03410705
v 0.01331621 -0.02776410 0.03395519
v 0.01077117 -0.02889873 0.03384040
v 0.01411964 -0.02756027 0.03350181
v 0.01490018 -0.02728171 0.03315814
v 0.01443491 -0.02772333 0.03269822
v 0.01470187 -0.02763093 0.03246862
v 0.01544936 -0.02718115 0.03246862
v 0.01614092 -0.02676399 0.03246862
v 0.00848800 -0.03015295 0.03246862
v 0.01137628 -0.02914061 0.03246862
v 0.01116780 -0.02907402 0.03303681
v 0.01029318 -0.02925611 0.03336085
v 0.00888209 -0.02979965 0.03315233
v 0.01258905 -0.02837286 0.03324460
v 0.01374843 -0.02788775 0.03315814
v 0.01449084 -0.02775323 0.03246862
v 0.01197123 -0.02888650 0.03260740
v 0.01183139 -0.02897211 0.03246862
v 0.02783697 0.01365740 0.03324451
v 0.02823705 0.01270013 0.03324451
v 0.02897494 0.01119891 0.03292603
v 0.02770154 0.01338697 0.03391211
v 0.02785254 0.01270013 0.03415934
v 0.02878191 0.01075484 0.03372971
v 0.02895782 0.00994969 0.03401399
v 0.02913062 0.01032615 0.03329438
v 0.02909948 0.00908154 0.03425695
v 0.03009734 0.00616515 0.03388860
v 0.03014093 0.00748659 0.03285336
v 0.03076673 -0.00056497 0.03324451
v 0.03073560 -0.00142544 0.03324451
v 0.03016272 0.00546448 0.03401043
v 0.03043515 0.00546448 0.03324451
v 0.03021410 0.00660768 0.03323952
v 0.03044916 0.00585630 0.03285336
v 0.03078075 0.00064123 0.03324451
v 0.03039312 -0.00056497 0.03439232
v 0.03025769 0.00425982 0.03417858
v 0.03060172 0.00425982 0.03324451
v 0.03074805 0.00184743 0.03324451
v 0.03039468 0.00064123 0.03441512
v 0.03032151 0.00305362 0.03430540
v 0.03068890 0.00305362 0.03324451
v 0.03036821 0.00184743 0.03439446
v 0.02412330 0.01868050 -0.05986163
v 0.02437768 0.01868050 -0.05956562
v 0.02427491 0.01848207 -0.05986163
v 0.02496783 0.01868050 -0.05855977
v 0.02524357 0.01811628 -0.05900531
v 0.02502583 0.01764051 -0.05971967
v 0.02508484 0.01740143 -0.05986163
v 0.03002990 -0.00538984 -0.05986163
v 0.03031786 -0.00574367 -0.05937986
v 0.02562513 0.01868050 -0.05118204
v 0.02499123 0.01868050 -0.05849785
v 0.02538195 0.01831950 -0.05821090
v 0.02540230 0.01829080 -0.05821090
v 0.02573197 0.01764051 -0.05852805
v 0.02634756 0.01674397 -0.05841630
v 0.02655920 0.01588568 -0.05918654
v 0.02551321 0.01731537 -0.05938438
v 0.02565566 0.01654554 -0.05986163
v 0.03012453 -0.00464152 -0.05986163
v 0.03034940 -0.00538984 -0.05942516
v 0.03129873 -0.00371151 -0.05786051
v 0.03130280 -0.00490451 -0.04876861
v 0.03138624 -0.00418250 -0.04876861
v 0.02562005 0.01868050 -0.05238423
v 0.02623462 0.01776722 -0.05238423
v 0.02660601 0.01716475 -0.05238423
v 0.02520694 0.01868050 -0.05770797
v 0.02549998 0.01845099 -0.05720807
v 0.02539315 0.01830754 -0.05820183
v 0.02531785 0.01868050 -0.05720807
v 0.02645236 0.01691850 -0.05780010
v 0.02638317 0.01680374 -0.05821090
v 0.02663348 0.01640209 -0.05820939
v 0.02672200 0.01614150 -0.05841630
v 0.02675354 0.01505369 -0.05960187
v 0.02589274 0.01637579 -0.05968644
v 0.02759502 0.01441775 -0.05888297
v 0.02781582 0.01361445 -0.05925450
v 0.03018050 -0.00418250 -0.05986163
v 0.03042063 -0.00418250 -0.05952786
v 0.03107081 -0.00297754 -0.05853108
v 0.03117968 -0.00332899 -0.05821090
v 0.03131806 -0.00385735 -0.05720807
v 0.03111660 -0.00177020 -0.05863227
v 0.03123768 -0.00249222 -0.05821090
v 0.03131908 -0.00297754 -0.05792696
v 0.03147171 -0.00177020 -0.05720807
v 0.03139437 -0.00297754 -0.05720807
v 0.03128449 -0.00480649 -0.05319525
v 0.03137809 -0.00418250 -0.05238423
v 0.03150121 -0.00297754 -0.05238423
v 0.03150019 -0.00297754 -0.05118204
v 0.03149613 -0.00297754 -0.04997533
v 0.03157346 -0.00056525 -0.04876861
v 0.02622037 0.01776005 -0.05359094
v 0.02561699 0.01862551 -0.05359094
v 0.02558037 0.01868050 -0.05349277
v 0.02660601 0.01715758 -0.05359094
v 0.02785957 0.01489351 -0.05479766
v 0.02536262 0.01868050 -0.05680784
v 0.02544707 0.01868050 -0.05600286
v 0.02556001 0.01853227 -0.05600286
v 0.02616339 0.01767398 -0.05600286
v 0.02617153 0.01744925 -0.05732285
v 0.02650629 0.01699979 -0.05699663
v 0.02781684 0.01478354 -0.05720807
v 0.02774663 0.01465921 -0.05807799
v 0.02735285 0.01507999 -0.05845556
v 0.02782192 0.01442014 -0.05821090
v 0.02796234 0.01397306 -0.05845556
v 0.02878143 0.01193373 -0.05880746
v 0.02896356 0.01113043 -0.05916540
v 0.02797353 0.01264857 -0.05964265
v 0.02773035 0.01283983 -0.05986163
v 0.03031989 -0.00285561 -0.05986163
v 0.03057325 -0.00177020 -0.05962150
v 0.03133638 -0.00399123 -0.05600286
v 0.03144627 -0.00297754 -0.05600286
v 0.03063227 -0.00056525 -0.05962150
v 0.03114203 -0.00056525 -0.05869117
v 0.03128754 -0.00144028 -0.05821090
v 0.03127431 -0.00177020 -0.05821090
v 0.03134248 -0.00177020 -0.05802815
v 0.03150325 -0.00056525 -0.05720807
v 0.03158974 -0.00056525 -0.05600286
v 0.03154802 -0.00177020 -0.05600286
v 0.03135062 -0.00409643 -0.05479766
v 0.03135062 -0.00428769 -0.05359396
v 0.03149206 -0.00297754 -0.05359094
v 0.03156226 -0.00177020 -0.05479766
v 0.03156837 -0.00177020 -0.05359094
v 0.03156532 -0.00177020 -0.05238423
v 0.03159177 -0.00056525 -0.05359094
v 0.03158058 0.00064209 -0.04876861
v 0.03132112 0.00392702 -0.05118204
v 0.03132417 0.00395093 -0.05238423
v 0.02658566 0.01712411 -0.05479766
v 0.02619799 0.01772897 -0.05479766
v 0.02559563 0.01858726 -0.05479766
v 0.02557630 0.01868050 -0.05359094
v 0.02785245 0.01486482 -0.05600286
v 0.02902054 0.01243579 -0.05359094
v 0.02902258 0.01243579 -0.05600286
v 0.02552237 0.01868050 -0.05479766
v 0.02655106 0.01706912 -0.05600286
v 0.02898798 0.01236168 -0.05720807
v 0.02892388 0.01222062 -0.05800248
v 0.02900528 0.01186201 -0.05821090
v 0.02908261 0.01151773 -0.05841025
v 0.03013573 0.00867271 -0.05801758
v 0.03019169 0.00828779 -0.05820939
v 0.03025172 0.00786941 -0.05841932
v 0.03012860 0.00746298 -0.05910650
v 0.02910398 0.01028648 -0.05939798
v 0.02878855 0.01028648 -0.05986163
v 0.02862677 0.01069770 -0.05986163
v 0.02788297 0.01249556 -0.05986163
v 0.03041554 -0.00177020 -0.05986163
v 0.03147272 -0.00297754 -0.05479766
v 0.03047252 -0.00056525 -0.05986163
v 0.03062922 0.00064209 -0.05962150
v 0.03113186 0.00064209 -0.05865190
v 0.03130890 -0.00056525 -0.05821090
v 0.03135062 -0.00056525 -0.05808856
v 0.03133943 0.00064209 -0.05804779
v 0.03147577 0.00064209 -0.05720807
v 0.03155718 0.00064209 -0.05600286
v 0.03156430 0.00064209 -0.05479766
v 0.03159482 -0.00056525 -0.05479766
v 0.03152767 0.00184704 -0.05118204
v 0.03152767 0.00184704 -0.04997533
v 0.03152156 0.00184704 -0.04876861
v 0.03005127 0.00966966 -0.05479766
v 0.03142694 0.00305439 -0.05118204
v 0.03142389 0.00305439 -0.05238423
v 0.03141167 0.00305439 -0.05600286
v 0.03131501 0.00389594 -0.05600286
v 0.03055188 0.00787419 -0.05479766
v 0.03055596 0.00787419 -0.05359094
v 0.03024562 0.00905045 -0.05359094
v 0.02553051 0.01868050 -0.05462549
v 0.02938888 0.01149383 -0.05600286
v 0.02932478 0.01149383 -0.05720807
v 0.03019169 0.00890701 -0.05720807
v 0.03047048 0.00787419 -0.05720807
v 0.03053459 0.00666685 -0.05841630
v 0.03022323 0.00666685 -0.05925450
v 0.02978570 0.00666685 -0.05985862
v 0.03047557 0.00064209 -0.05986163
v 0.03046641 0.00106048 -0.05986163
v 0.03044403 0.00184704 -0.05986163
v 0.03059462 0.00184704 -0.05962150
v 0.03111253 0.00184704 -0.05856279
v 0.03128347 0.00064209 -0.05821090
v 0.03131806 0.00184704 -0.05796019
v 0.03142897 0.00184704 -0.05720807
v 0.03150223 0.00184704 -0.05600286
v 0.03024256 0.00906480 -0.05479766
v 0.03004720 0.00966249 -0.05600286
v 0.03130992 0.00382422 -0.05687128
v 0.03052441 0.00787419 -0.05600286
v 0.03022628 0.00906241 -0.05600286
v 0.03121123 0.00346321 -0.05767626
v 0.03129670 0.00266230 -0.05787712
v 0.03071163 0.00546907 -0.05841630
v 0.03034330 0.00546907 -0.05942969
v 0.03002889 0.00546907 -0.05986163
v 0.03036263 0.00306395 -0.05986163
v 0.03043691 0.00314284 -0.05973628
v 0.03043894 0.00426173 -0.05955354
v 0.03109116 0.00305917 -0.05833474
v 0.03114814 0.00294919 -0.05821090
v 0.03134757 0.00305917 -0.05724734
v -0.00013869 0.03148216 0.03285336
v -0.00013869 0.03147879 0.03286761
v 0.00052785 0.03147374 0.03286191
v -0.00013869 0.03119915 0.03347037
v 0.00052785 0.03120252 0.03346467
v 0.00173306 0.03119072 0.03335566
v 0.00061763 0.03147206 0.03285336
v 0.00414621 0.03050171 0.03437522
v 0.00290019 0.03116040 0.03314191
v 0.00263629 0.03131033 0.03285336
v 0.00227446 0.03134739 0.03285336
v 0.02754042 0.01427370 0.03321673
v 0.00535142 0.03039389 0.03420708
v 0.00535142 0.03077294 0.03324451
v 0.00655936 0.03058257 0.03324451
v 0.02708064 0.01511433 0.03324451
v 0.02660454 0.01597686 0.03324451
v 0.02752953 0.01427370 0.03324451
v 0.00655936 0.03026081 0.03397979
v 0.00717965 0.03019174 0.03385511
v 0.00765575 0.03034673 0.03323667
v 0.00854538 0.03026586 0.03285336
v 0.02647395 0.01574775 0.03387862
v 0.01017772 0.02917423 0.03415293
v 0.00798222 0.03007213 0.03363281
v 0.01093948 0.02903777 0.03393633
v 0.02542109 0.01717295 0.03412158
v 0.02469742 0.01879693 0.03333571
v 0.02513543 0.01797651 0.03365633
v 0.02425669 0.01961397 0.03301509
v 0.01343969 0.02789728 0.03403465
v 0.01174477 0.02887942 0.03362213
v 0.01135845 0.02918096 0.03322955
v 0.02401727 0.01931242 0.03381949
v 0.02311949 0.02085217 0.03324451
v 0.02291000 0.02062643 0.03396127
v 0.01573313 0.02665739 0.03397196
v 0.01423954 0.02768501 0.03366345
v 0.01255278 0.02866884 0.03322955
v 0.01216374 0.02901419 0.03285336
v 0.01210933 0.02903945 0.03285336
v 0.02265427 0.02154792 0.03285336
v 0.02257265 0.02145527 0.03324451
v 0.02175648 0.02188822 0.03401186
v 0.01497409 0.02745085 0.03325449
v 0.01712878 0.02558092 0.03417501
v 0.01793135 0.02529453 0.03372900
v 0.01653570 0.02638617 0.03348462
v 0.01616298 0.02679385 0.03314761
v 0.01382057 0.02805732 0.03325449
v 0.01455512 0.02786021 0.03285977
v 0.02197140 0.02210048 0.03324451
v 0.02137288 0.02270357 0.03324451
v 0.02055399 0.02306072 0.03398692
v 0.01929436 0.02421805 0.03393277
v 0.02008333 0.02385586 0.03324451
v 0.02076891 0.02325276 0.03324451
v 0.01948208 0.02437809 0.03324451
v 0.01819253 0.02549332 0.03292461
v -0.03097962 0.00064093 0.03324482
v -0.03093968 0.00184710 0.03324482
v -0.03050397 0.00052749 0.03453564
v -0.03052757 0.00184710 0.03431531
v -0.03087614 0.00305326 0.03324482
v -0.02641915 0.01662303 0.03324482
v -0.02679314 0.01602078 0.03324482
v -0.02788969 0.01463611 0.03278365
v -0.02807486 0.01387037 0.03320911
v -0.02904070 0.01094088 0.03387466
v -0.03047492 0.00305326 0.03422946
v -0.02668603 0.01704844 0.03178534
v -0.02801132 0.01484131 0.03164630
v -0.02798590 0.01479627 0.03203833
v -0.03091789 0.00546559 0.03203833
v -0.03077447 0.00425942 0.03324482
v -0.02658436 0.01690163 0.03258992
v -0.02845974 0.01390541 0.03203833
v -0.02889001 0.01309129 0.03203833
v -0.02909516 0.01225882 0.03278897
v -0.02921861 0.01140299 0.03321291
v -0.02951635 0.01028858 0.03324482
v -0.03014087 0.00692200 0.03368472
v -0.03039141 0.00425942 0.03411930
v -0.03060926 0.00546559 0.03324482
v -0.03072727 0.00667175 0.03203833
v -0.03076903 0.00667175 0.03164630
v -0.02919501 0.01248904 0.03203833
v -0.02955811 0.01149474 0.03203833
v -0.03018626 0.00844347 0.03260663
v -0.03030789 0.00763936 0.03288014
v -0.03038778 0.00658000 0.03326761
v -0.03023528 0.00611789 0.03386174
v -0.03028793 0.00546559 0.03395899
v -0.03043135 0.00797468 0.03213786
v -0.03031334 0.00885553 0.03180281
v -0.03028248 0.00906573 0.03164630
v -0.01366615 -0.01350546 0.05827893
v -0.01564265 -0.01074152 0.05912418
v -0.01493053 -0.01235571 0.05831136
v -0.01598748 -0.00993705 0.05929209
v -0.01703186 -0.00856823 0.05923485
v -0.01679209 -0.00937094 0.05891049
v -0.01596773 -0.01119020 0.05832090
v -0.01939091 -0.00259693 0.05799654
v -0.01635836 -0.00780231 0.05953632
v -0.01637722 -0.00898360 0.05938940
v -0.01714411 -0.00780231 0.05931308
v -0.01850189 -0.00539066 0.05843538
v -0.01831780 -0.00659649 0.05823313
v -0.01820016 -0.00727301 0.05803851
v -0.01866443 -0.00418483 0.05847927
v 0.01842220 0.00064107 0.05833525
v 0.01839240 0.00184803 0.05830254
v 0.01741118 0.00305300 0.05852242
v 0.01620597 0.00787684 0.05851152
v 0.01258829 0.01270068 0.05850789
v 0.01839548 -0.00056390 0.05834434
v 0.01899654 0.00064107 0.05736485
v 0.01892976 0.00184803 0.05736485
v 0.01831534 0.00305300 0.05825711
v 0.01741118 0.00546492 0.05840067
v 0.01745844 0.00658254 0.05827165
v 0.01708650 0.00787684 0.05821168
v 0.01624193 0.00905997 0.05827891
v 0.01499974 0.01028678 0.05846245
v 0.01379453 0.01149373 0.05849698
v 0.01381097 0.01269671 0.05828618
v 0.01258829 0.01392352 0.05829164
v 0.01894928 -0.00056390 0.05736485
v 0.01878592 0.00305300 0.05736485
v 0.01821773 0.00425995 0.05818260
v 0.01809752 0.00546492 0.05806630
v 0.01802868 0.00612001 0.05798634
v 0.01689951 0.00864508 0.05806448
v 0.01583609 0.01028678 0.05815898
v 0.01498432 0.01142822 0.05821713
v 0.01457231 0.01229373 0.05810083
v 0.01342053 0.01353444 0.05813354
v 0.01218656 0.01466397 0.05810628
v 0.01565423 0.01098355 0.05802450
v -0.00050456 0.03168635 0.03164630
v -0.00028919 0.03168492 0.03164630
v -0.00068101 0.03164649 0.03203833
v -0.00013869 0.03168350 0.03164630
v -0.00188761 0.03165218 0.03164630
v -0.00188761 0.03160947 0.03203833
v -0.00068101 0.03148276 0.03287178
v -0.00013869 0.03164079 0.03203833
v -0.00312015 0.03156391 0.03164630
v -0.00313572 0.03150839 0.03211355
v -0.00276206 0.03142439 0.03271831
v -0.00188761 0.03145429 0.03279809
v -0.00188761 0.03117810 0.03340057
v -0.00068101 0.03119518 0.03347503
v -0.00420738 0.03146283 0.03164630
v -0.00429820 0.03144575 0.03171316
v -0.00356646 0.03133612 0.03256560
v -0.00671139 0.03058443 0.03324482
v -0.00550480 0.03077805 0.03324482
v -0.00550480 0.03039935 0.03417248
v -0.00429820 0.03049046 0.03431835
v -0.02664745 0.01714353 0.03164630
v -0.00791798 0.03063140 0.03203833
v -0.00874574 0.03025841 0.03281860
v -0.00782457 0.03033955 0.03323039
v -0.00736269 0.03020003 0.03386858
v -0.00671139 0.03027549 0.03398407
v -0.02664486 0.01714353 0.03166150
v -0.02589236 0.01825542 0.03164630
v -0.00791798 0.03066415 0.03164630
v -0.00953197 0.03023420 0.03164630
v -0.00913756 0.03030681 0.03194565
v -0.00816709 0.03007617 0.03362318
v -0.01153518 0.02947254 0.03203833
v -0.01226951 0.02903974 0.03277074
v -0.01147290 0.02916787 0.03320152
v -0.01102659 0.02902266 0.03390961
v -0.02566142 0.01849033 0.03203833
v -0.01251343 0.02914652 0.03164630
v -0.01246412 0.02912374 0.03203833
v -0.01467492 0.02784528 0.03281404
v -0.01433240 0.02766874 0.03361862
v -0.01352800 0.02786236 0.03398558
v -0.01183098 0.02884612 0.03357456
v -0.02632050 0.01748237 0.03212799
v -0.02552130 0.01828247 0.03283987
v -0.02520732 0.01909396 0.03203833
v -0.02523846 0.01914237 0.03164630
v -0.01489807 0.02796629 0.03164630
v -0.01485136 0.02794067 0.03203833
v -0.01697653 0.02658106 0.03266285
v -0.01510566 0.02740394 0.03322735
v -0.01627852 0.02675190 0.03313694
v -0.01582442 0.02661523 0.03391644
v -0.02629455 0.01714353 0.03283380
v -0.02484664 0.01879784 0.03332992
v -0.02441330 0.01959225 0.03301614
v -0.02580413 0.01754928 0.03324254
v -0.02460532 0.01982146 0.03203833
v -0.02436400 0.02022721 0.03164630
v -0.01709848 0.02666648 0.03164630
v -0.01705956 0.02664085 0.03203833
v -0.01766416 0.02620663 0.03203833
v -0.01849710 0.02560442 0.03203833
v -0.01909910 0.02514884 0.03203833
v -0.01832584 0.02548341 0.03288318
v -0.01804819 0.02527413 0.03368700
v -0.01662882 0.02636466 0.03346743
v -0.02607399 0.01714353 0.03324330
v -0.02417199 0.01931179 0.03381995
v -0.02303804 0.02059736 0.03391188
v -0.02323266 0.02081234 0.03324482
v -0.02290052 0.02164946 0.03233768
v -0.02409155 0.02042367 0.03203833
v -0.02414344 0.02048489 0.03164630
v -0.01854121 0.02563432 0.03164630
v -0.02020968 0.02433023 0.03164630
v -0.01985160 0.02454663 0.03203833
v -0.01959211 0.02434020 0.03324482
v -0.01940010 0.02417932 0.03387618
v -0.02188335 0.02184877 0.03396811
v -0.02269553 0.02141455 0.03324482
v -0.02283046 0.02193134 0.03164630
v -0.02311589 0.02163095 0.03164630
v -0.02340651 0.02120669 0.03197679
v -0.02209093 0.02206232 0.03324482
v -0.02169652 0.02286954 0.03233540
v -0.02050290 0.02408536 0.03164630
v -0.02045360 0.02404407 0.03203833
v -0.02019411 0.02382768 0.03324482
v -0.02066118 0.02303042 0.03394152
v -0.02147855 0.02266454 0.03324482
v -0.02087396 0.02322404 0.03324482
v -0.02166538 0.02307598 0.03164630
f 917 941 942
f 942 943 917
f 1371 1373 1372
f 886 912 913
f 913 941 917
f 917 915 913
f 2649 2629 1681
f 2361 3215 3258
f 2351 3215 2361
f 2412 3252 3261
f 2769 2333 3397
f 940 942 941
f 943 942 940
f 917 943 944
f 943 964 944
f 3255 3276 3279
f 1467 1466 1430
f 1466 1431 1430
f 421 422 364
f 482 422 481
f 483 422 482
f 1471 1466 1473
f 916 915 917
f 917 890 916
f 916 890 915
f 3100 3098 3425
f 2776 3418 2769
f 2769 3407 2776
f 2776 3407 3418
f 2802 2797 2801
f 2336 2333 2769
f 2769 2797 2336
f 2336 2797 2333
f 3476 3469 3467
f 3467 3469 3468
f 3455 3450 2028
f 3443 3452 3453
f 2816 3453 2822
f 2822 3453 3452
f 2803 2797 2802
f 2333 2797 2803
f 2816 2818 2821
f 939 940 941
f 941 913 939
f 939 913 912
f 886 913 914
f 1314 886 914
f 914 1292 1314
f 2262 886 1314
f 2412 3261 2411
f 2351 3251 3253
f 3279 3280 3257
f 3258 3215 3257
f 3264 3280 3279
f 3279 3265 3264
f 3281 3264 3263
f 3280 3264 3281
f 3281 3257 3280
f 3263 3264 3229
f 1565 1543 2626
f 482 481 550
f 1559 1592 1590
f 1681 2629 1695
f 2605 1692 2613
f 1692 1695 2613
f 2590 2583 1620
f 2583 2580 1621
f 1590 1620 1621
f 1621 1620 2583
f 2584 2583 2590
f 2584 2580 2583
f 3258 2401 2381
f 2381 2361 3258
f 2351 2361 2362
f 3263 3229 3262
f 3262 3229 3226
f 3018 2767 3023
f 2774 3407 2769
f 3407 2774 3413
f 2768 2767 2769
f 3390 2714 3392
f 3392 2714 3398
f 2714 3397 3398
f 1943 1968 1969
f 1988 1969 1968
f 1942 1968 1943
f 2530 3025 3030
f 1063 1062 1095
f 2957 3039 2716
f 2716 3039 3045
f 904 905 879
f 875 879 876
f 934 904 903
f 903 904 879
f 879 875 903
f 918 890 917
f 917 944 918
f 3256 3255 3279
f 3215 3255 3256
f 3279 3257 3256
f 3256 3257 3215
f 3279 3276 3292
f 3276 3275 3292
f 3248 3213 3212
f 3248 3212 3210
f 3248 3210 3204
f 1468 1466 1471
f 1468 1431 1466
f 1471 1435 1468
f 1435 1431 1468
f 1462 1496 1500
f 1426 2453 1459
f 1426 1462 1458
f 1467 1430 1464
f 1430 1465 1464
f 1404 1430 1431
f 1463 1464 1428
f 1428 1464 1465
f 1428 1465 1430
f 553 483 482
f 557 483 553
f 558 483 557
f 1471 1473 1441
f 367 425 426
f 1314 1292 1291
f 1767 1803 1768
f 2062 1710 1711
f 1711 1723 1724
f 1798 1763 1769
f 289 290 242
f 3425 3103 3102
f 3102 3100 3425
f 3103 3100 3102
f 2769 3418 3408
f 3408 2797 2769
f 3418 3407 3417
f 3419 3408 3418
f 3418 3417 3419
f 3419 3417 3428
f 3425 3426 3415
f 3475 3476 3467
f 3456 3450 3455
f 3456 3468 3469
f 3467 3468 3456
f 3451 3452 3443
f 3443 3450 3451
f 3451 3450 3452
f 3449 3450 3443
f 3449 2028 3450
f 3459 2822 3452
f 3459 3450 3458
f 3452 3450 3459
f 2333 2818 2819
f 2819 2337 2333
f 800 2137 2175
f 804 805 800
f 801 2137 800
f 800 805 801
f 3366 3356 3367
f 3391 3390 3395
f 1276 1296 1293
f 2209 912 886
f 3221 3261 3222
f 3221 2411 3261
f 2400 2411 3221
f 3222 3178 3221
f 3221 3178 2400
f 3144 2360 3145
f 2576 1597 2578
f 3129 2360 3144
f 2374 2360 2359
f 3214 3215 2351
f 2351 3253 3214
f 3214 3253 3215
f 3254 3255 3215
f 3215 3253 3254
f 3278 3261 3252
f 3278 3262 3261
f 3278 3281 3263
f 3263 3262 3278
f 3258 3257 3277
f 3257 3281 3277
f 3277 3278 3252
f 3281 3278 3277
f 3230 3264 3265
f 3230 3229 3264
f 1523 2671 1541
f 2625 2626 1543
f 1599 1573 1603
f 2374 2359 2358
f 2061 1710 2062
f 2061 1709 1710
f 2060 1709 2061
f 2679 1564 1541
f 3347 2798 3431
f 3329 2798 3338
f 2805 2798 3329
f 2800 2801 2797
f 2800 2806 2801
f 1558 1559 1590
f 1603 1573 1572
f 1794 1768 1803
f 1707 659 1714
f 1660 1634 1633
f 1633 2710 2700
f 1600 2710 1633
f 1633 1634 1600
f 2708 2689 2688
f 1679 1674 1658
f 1654 1658 1673
f 1673 1674 1654
f 1658 1674 1673
f 1654 1674 1670
f 1595 1596 1561
f 3130 1522 1538
f 1559 1558 1538
f 1539 1561 1562
f 1539 1522 1536
f 1616 674 706
f 1616 706 1579
f 1645 1646 1612
f 1657 1646 1658
f 1667 1646 1657
f 1657 1678 1667
f 731 1678 1657
f 1612 1646 1647
f 1668 1646 1667
f 1667 1678 1668
f 1668 1678 731
f 740 742 720
f 2606 2598 2605
f 2605 2615 2606
f 2629 2649 2647
f 2649 2631 2647
f 2647 2628 2629
f 1590 1592 1619
f 1619 1620 1590
f 2587 2581 2586
f 2586 2581 2580
f 2509 2488 2348
f 2367 2509 2356
f 2356 2509 2348
f 2345 3172 2348
f 2348 2467 2345
f 2348 2488 2465
f 2511 2535 2536
f 2351 2362 2363
f 2367 2356 2366
f 2366 2356 2365
f 2382 2381 2401
f 2361 2381 2382
f 3225 3262 3226
f 3222 3261 3225
f 3261 3262 3225
f 2769 3397 2770
f 2770 3397 2714
f 1046 1079 1080
f 2745 2742 2740
f 2740 2744 2745
f 2556 2554 2535
f 2556 2738 2742
f 2535 2738 2556
f 2764 2774 2775
f 2775 2765 2764
f 2767 2765 2775
f 2769 2767 2775
f 2775 2774 2769
f 3406 2774 3405
f 3405 3413 3406
f 3406 3413 2774
f 3405 3410 3411
f 3422 3423 3411
f 2523 2543 2544
f 2542 2543 2523
f 2494 1386 1387
f 2540 2516 2515
f 2516 2540 2521
f 2456 2453 2478
f 2527 2504 2503
f 2499 2476 2498
f 2498 2523 2499
f 3389 3390 3391
f 3389 2718 3390
f 2714 3390 2717
f 2717 2718 2714
f 3390 2718 2717
f 2333 2335 2334
f 1901 1908 1910
f 3035 3042 3045
f 3045 3039 3035
f 1910 1926 1911
f 1911 1926 1927
f 1911 1901 1910
f 1912 1901 1911
f 1943 1969 1944
f 2913 1945 1944
f 1944 1969 1971
f 1944 1927 1943
f 1944 1945 1927
f 1987 1988 1968
f 1925 1942 1943
f 1943 1927 1925
f 1927 1926 1925
f 1925 1926 1910
f 1153 1192 1193
f 1155 1109 1108
f 1230 1229 1247
f 1474 1466 1467
f 1474 1473 1466
f 1475 1441 1474
f 1474 1441 1473
f 1450 1474 1485
f 1423 1450 1453
f 1489 1454 1453
f 367 427 428
f 422 483 484
f 491 561 568
f 491 484 561
f 1423 1453 1029
f 1029 1453 1454
f 1185 1229 1230
f 488 566 489
f 1133 1134 1095
f 1133 1181 1182
f 1182 1134 1133
f 1116 1079 1115
f 1096 1079 1116
f 1085 1096 1062
f 1182 1181 1223
f 1223 1224 1182
f 3044 3050 3051
f 1119 1079 1118
f 1115 1079 1119
f 1937 1958 1938
f 1938 1920 1937
f 1921 1920 1938
f 1938 1934 1921
f 1958 1934 1938
f 2928 3389 3391
f 2215 2222 940
f 943 940 962
f 940 2222 962
f 935 904 934
f 959 936 935
f 905 904 935
f 963 964 943
f 943 959 963
f 963 965 964
f 934 903 933
f 876 879 877
f 879 878 877
f 858 878 879
f 879 880 858
f 858 880 859
f 880 2238 881
f 945 944 964
f 945 918 944
f 964 965 945
f 946 920 945
f 945 920 918
f 2455 2453 2456
f 2444 2445 2435
f 1459 2453 2444
f 2444 2435 1459
f 2435 2445 2436
f 976 975 2422
f 1047 1046 1080
f 2427 2436 2437
f 2422 975 2424
f 2424 2425 2422
f 975 974 2424
f 2431 2425 2424
f 2424 974 2431
f 985 2433 2442
f 1425 2427 2428
f 1500 1496 1510
f 3283 3292 3275
f 3283 3284 3265
f 3279 3292 3283
f 3196 1408 3162
f 3173 3213 2348
f 3173 3212 3213
f 3205 3208 3238
f 2348 3172 3211
f 3211 3173 2348
f 3211 3210 3212
f 3212 3173 3211
f 3209 3208 3205
f 3205 3204 3209
f 3209 3204 3210
f 3209 3170 3208
f 3210 3170 3209
f 3246 3275 3276
f 3229 3230 3191
f 1008 1007 1027
f 1496 1462 1499
f 1462 1426 1461
f 1427 1426 1458
f 1427 1464 1463
f 1458 1464 1427
f 1463 1428 1427
f 2453 1426 1427
f 1427 1428 2453
f 1458 1462 1498
f 1498 1464 1458
f 1498 1462 1500
f 423 364 422
f 422 427 423
f 367 364 423
f 423 427 367
f 632 558 631
f 483 558 559
f 561 484 559
f 3140 3162 1408
f 3140 3128 3139
f 3140 1392 1391
f 1408 1392 3140
f 1409 1408 1435
f 1409 1392 1408
f 1435 1411 1409
f 1409 1411 1393
f 1393 1392 1409
f 1391 1392 1381
f 1381 1392 1393
f 696 724 726
f 688 724 696
f 1393 1411 1412
f 726 724 1412
f 657 2917 598
f 2887 650 584
f 434 500 443
f 500 510 443
f 434 443 379
f 379 443 439
f 1314 1291 1319
f 915 890 888
f 1366 1354 1353
f 1353 1359 1366
f 1366 1372 1373
f 1364 1373 1371
f 1364 1366 1373
f 1354 1366 1364
f 2298 1364 1371
f 2308 1364 2298
f 1372 1367 2266
f 2266 1367 1357
f 1337 1336 1355
f 1355 1356 1337
f 1802 1803 1767
f 1767 1796 1802
f 1802 1796 1803
f 1767 1768 1739
f 1769 1763 1739
f 1739 1768 1769
f 1722 1711 1710
f 1770 1771 1742
f 1770 1801 1806
f 1805 1798 1769
f 1769 1768 1805
f 1806 1801 1800
f 1801 1765 1800
f 1799 1840 1806
f 1799 1798 1840
f 1806 1800 1799
f 1763 1798 1799
f 1799 1800 1763
f 859 880 2240
f 2240 881 2241
f 880 881 2240
f 833 858 859
f 1295 1296 1276
f 1350 1354 1346
f 310 267 309
f 403 341 402
f 309 267 291
f 291 290 309
f 291 267 242
f 242 290 291
f 241 242 196
f 199 241 196
f 72 46 69
f 947 920 946
f 1776 1812 2197
f 3513 3514 3503
f 3502 2341 3503
f 2341 3513 3503
f 1884 1850 1810
f 1776 1773 1809
f 1809 1810 1776
f 1808 1809 1773
f 1810 1809 1808
f 2412 2411 2410
f 2410 2413 2412
f 2411 2397 2410
f 3101 3096 3100
f 3098 3100 3099
f 3099 3096 3098
f 3100 3096 3099
f 2383 2362 2361
f 2361 2382 2383
f 2383 2382 2404
f 2405 2404 2414
f 3096 3101 2405
f 2405 2383 2404
f 2403 2413 2414
f 2414 2404 2403
f 2404 2382 2403
f 2808 2801 2807
f 2801 2806 2807
f 2807 2806 2813
f 2807 2814 2808
f 2813 2814 2807
f 2373 2358 2357
f 3407 3413 3414
f 3414 3415 3407
f 3413 3423 3414
f 3425 3415 3414
f 3416 3417 3407
f 3407 3415 3416
f 3427 3432 3428
f 3427 3416 3415
f 3427 3415 3426
f 3426 3432 3427
f 3428 3417 3427
f 3417 3416 3427
f 3425 3098 3097
f 3097 3426 3425
f 3098 3096 3097
f 3096 3095 3097
f 3428 3432 3429
f 3430 3419 3429
f 3429 3419 3428
f 3328 3429 3432
f 3458 3450 3457
f 3457 3456 3458
f 3450 3456 3457
f 3458 3456 3465
f 3465 3456 3469
f 3467 3456 3466
f 2827 2834 3458
f 3458 3465 2827
f 2827 3465 3469
f 2333 2337 2338
f 2338 2339 2333
f 2340 2335 2333
f 2333 2339 2340
f 2817 2821 2818
f 2818 2815 2817
f 2816 2821 2817
f 2817 2815 2816
f 2810 2803 2802
f 2333 2803 2810
f 2175 2137 2174
f 808 807 814
f 808 817 2037
f 816 817 808
f 1728 1752 1753
f 1753 1752 1786
f 1728 1753 1750
f 804 800 1748
f 1748 803 804
f 1747 803 1748
f 906 2238 880
f 905 935 906
f 906 935 936
f 879 905 906
f 906 880 879
f 2238 906 938
f 759 765 760
f 761 3396 760
f 3356 3355 3362
f 3362 3367 3356
f 3379 3380 3371
f 2238 3380 3379
f 2951 2934 3395
f 1320 2310 2299
f 1320 1293 2310
f 1294 1291 1276
f 1276 1293 1294
f 1294 1319 1291
f 886 2262 2208
f 2208 2209 886
f 2214 939 912
f 940 939 2214
f 2214 2215 940
f 2398 2397 2411
f 2374 2394 2376
f 2376 2360 2374
f 2379 2360 2378
f 3178 3145 2379
f 2400 3178 2379
f 2378 2397 2379
f 2397 2398 2379
f 3220 3178 3222
f 3222 3225 3220
f 3220 3225 3185
f 3186 3225 3226
f 3185 3225 3186
f 1597 3129 3143
f 3143 3129 3144
f 1597 2576 2575
f 2575 3129 1597
f 3276 3255 3249
f 3255 3254 3249
f 3249 3254 3253
f 2346 2347 3213
f 2346 3251 2351
f 3259 2401 3258
f 3258 3277 3259
f 2412 2401 3259
f 3259 3252 2412
f 3259 3277 3252
f 750 752 751
f 757 742 740
f 740 752 757
f 750 742 757
f 757 752 750
f 3265 3232 3231
f 3231 3230 3265
f 3232 3191 3231
f 3231 3191 3230
f 1565 2626 1542
f 2626 1523 1542
f 1542 1523 1541
f 1543 1544 2624
f 2624 2625 1543
f 1544 1708 2624
f 2624 1709 2060
f 2624 1708 1709
f 1573 1599 1563
f 1541 1564 1563
f 1563 1599 1565
f 1565 1542 1563
f 1563 1542 1541
f 1758 1797 1796
f 1710 1709 1718
f 1717 1569 1718
f 1718 1569 1734
f 1718 1708 1717
f 1709 1708 1718
f 2621 3343 2612
f 2038 2061 2062
f 2039 2024 2038
f 2669 2061 2038
f 2038 2694 2669
f 2024 2694 2038
f 2697 2696 2708
f 2697 2677 2696
f 2676 2693 2677
f 3300 2814 2813
f 2813 2806 3305
f 2806 3311 3305
f 3305 3300 2813
f 3312 3311 2806
f 1622 1621 2580
f 1622 2580 2578
f 1590 1621 1622
f 2578 1597 1622
f 549 620 550
f 549 619 620
f 671 712 672
f 672 615 671
f 603 604 538
f 1555 611 610
f 542 605 610
f 1516 1517 1512
f 1527 1528 1516
f 1516 1526 1527
f 1803 1796 1795
f 1795 1794 1803
f 1768 1794 1804
f 1804 1805 1768
f 1730 659 601
f 1714 659 1730
f 1704 1707 1512
f 659 1707 1704
f 1715 1707 1714
f 1715 1714 1733
f 606 540 608
f 1659 1633 2700
f 1660 1633 1659
f 1659 1661 1660
f 2636 2654 2657
f 2657 2654 2683
f 2687 2703 2707
f 2687 2707 2708
f 2708 2688 2687
f 2688 2657 2687
f 2700 2710 2701
f 2710 2707 2701
f 2649 1661 2648
f 1682 2649 1681
f 1682 1661 2649
f 1680 1662 1660
f 1660 1661 1680
f 1661 1682 1680
f 1680 1683 1662
f 1680 1682 1683
f 1658 1646 1665
f 1665 1679 1658
f 1641 1664 1665
f 1674 1679 1665
f 1699 1700 1685
f 1685 1684 1699
f 1671 1670 1689
f 1689 1701 1702
f 1562 1561 1591
f 1561 1596 1591
f 1591 1559 1562
f 1592 1559 1591
f 1591 1596 1592
f 1654 1670 1651
f 1651 1670 1671
f 1654 1651 1630
f 1540 1538 1522
f 1540 1539 1562
f 1522 1539 1540
f 1562 1559 1540
f 1559 1538 1540
f 3130 1538 3131
f 1560 1587 1561
f 1561 1539 1560
f 1582 706 663
f 1612 1579 1611
f 1666 1645 1641
f 1646 1645 1666
f 1641 1665 1666
f 1666 1665 1646
f 707 674 714
f 1669 1647 1646
f 1646 1668 1669
f 707 1647 1669
f 731 707 730
f 730 1668 731
f 707 1669 730
f 730 1669 1668
f 721 720 742
f 742 743 721
f 680 720 721
f 672 712 713
f 1587 1560 1557
f 1557 1560 1539
f 2627 2613 1695
f 2627 1695 2629
f 2629 2628 2627
f 2628 2615 2627
f 2605 2613 2614
f 2614 2615 2605
f 2613 2627 2614
f 2614 2627 2615
f 2608 2606 2616
f 2616 2606 2615
f 2616 2615 2628
f 2591 2600 2601
f 2591 2584 2590
f 2590 2598 2591
f 2609 2600 2608
f 2601 2600 2609
f 2609 2602 2601
f 2598 2606 2607
f 2607 2606 2608
f 2608 2600 2607
f 2634 2636 2621
f 2634 2654 2636
f 1620 1619 1652
f 2590 1620 1652
f 1652 1651 1671
f 1619 1651 1652
f 1652 1672 2590
f 1671 1672 1652
f 2580 2584 2585
f 2585 2586 2580
f 2587 2586 2585
f 2355 2356 2348
f 2355 2364 2365
f 2365 2356 2355
f 2489 2465 2488
f 2488 2511 2489
f 3196 3238 3206
f 1389 3141 1390
f 3172 2345 3142
f 2365 2364 2386
f 2364 2363 2386
f 2386 2363 2385
f 2737 2738 2734
f 3410 3409 3421
f 2385 2363 3115
f 2363 3118 3115
f 3116 3410 3112
f 3410 3421 3112
f 3112 3421 2732
f 2733 2732 2734
f 2740 2742 2741
f 2741 2738 2740
f 2742 2738 2741
f 2488 2509 2510
f 2510 2511 2488
f 2535 2511 2510
f 2767 3018 2751
f 2751 2758 2767
f 2766 2765 2767
f 2767 2745 2766
f 2766 2745 2744
f 2766 2744 2740
f 2740 2765 2766
f 2568 2556 2742
f 2554 2556 2568
f 2742 2745 2746
f 2544 2543 2560
f 2558 2542 2541
f 2558 2543 2542
f 2541 2538 2558
f 2558 2538 2537
f 2773 2774 2764
f 2773 3409 2774
f 3405 2774 2778
f 2774 3409 2778
f 3412 3413 3405
f 3412 3423 3413
f 3405 3411 3412
f 3412 3411 3423
f 2771 2783 2782
f 2531 2532 2507
f 2507 2530 2531
f 3029 3037 3030
f 3023 2767 2762
f 2767 2768 2762
f 2770 2771 2762
f 2792 2761 2762
f 2762 2768 2769
f 2769 2770 2762
f 1401 2494 2473
f 2494 2474 2473
f 2453 1428 2473
f 2473 2474 2453
f 1404 1386 1403
f 1401 1430 1403
f 1430 1404 1403
f 2519 2518 2494
f 2494 1387 2519
f 1432 1404 1431
f 2495 2517 2516
f 2495 2474 2494
f 2494 2518 2495
f 2518 2517 2495
f 2522 2521 2540
f 2541 2542 2522
f 2522 2540 2541
f 2542 2523 2522
f 2522 2523 2498
f 2498 2521 2522
f 2505 2485 2483
f 2572 2563 2561
f 2544 2560 2561
f 2561 2560 2572
f 2565 2546 2564
f 2564 2757 2565
f 2546 2563 2564
f 2565 2757 2748
f 2573 2563 2572
f 2767 2758 2750
f 2758 2751 2750
f 3018 2743 2750
f 2750 2751 3018
f 3015 2743 3018
f 2453 2476 2477
f 2477 2478 2453
f 2456 2478 2477
f 2476 2499 2500
f 2527 2503 2500
f 2500 2526 2527
f 2499 2526 2500
f 3392 3398 3393
f 3393 3390 3392
f 3514 3505 3504
f 3504 3503 3514
f 2332 3397 2333
f 2332 2331 3397
f 2331 2332 2328
f 2328 2332 2333
f 2997 3009 1909
f 2957 2716 2956
f 2982 2956 2980
f 3044 3042 3034
f 3042 3035 3034
f 2986 2982 2987
f 1928 1911 1927
f 1912 1911 1928
f 1915 1903 1914
f 1972 1944 1971
f 2913 1944 1972
f 1988 1987 2003
f 2003 1987 2002
f 1924 1925 1910
f 1109 1155 1156
f 1108 1153 1154
f 1154 1155 1108
f 1154 1153 1193
f 1164 1198 1207
f 486 427 422
f 422 428 486
f 486 428 427
f 490 426 425
f 489 426 490
f 424 428 422
f 489 490 424
f 367 428 424
f 424 488 489
f 487 488 424
f 424 425 367
f 424 490 425
f 1010 1029 1445
f 1445 1029 1454
f 1172 1214 1215
f 1173 1123 1172
f 1244 1214 1233
f 1230 1247 1243
f 1064 1063 1095
f 1095 1097 1064
f 1095 1134 1135
f 1135 1097 1095
f 1172 1123 1171
f 566 488 565
f 565 488 487
f 487 564 565
f 565 564 639
f 648 578 641
f 641 578 566
f 1011 1034 1013
f 2743 3015 3016
f 2565 2748 3016
f 2527 2526 2548
f 2507 2485 2506
f 2485 2505 2506
f 2506 2505 2504
f 1094 1133 1095
f 1095 1062 1094
f 1167 1116 1115
f 1179 1133 1167
f 1115 1119 1167
f 1136 1133 1096
f 1096 1116 1136
f 1136 1167 1133
f 1116 1167 1136
f 1117 1079 1096
f 1096 1085 1117
f 1117 1085 1079
f 1204 1162 1179
f 1163 3050 1112
f 1112 1162 1163
f 1229 1185 1227
f 1224 1223 1242
f 3092 1119 1118
f 2793 2761 2792
f 3069 3079 3070
f 3069 2793 3076
f 3067 2761 3069
f 2761 2793 3069
f 2981 2724 2998
f 2997 2980 2981
f 2981 2998 2997
f 2714 2720 2721
f 1977 1982 1994
f 1977 1974 1982
f 1994 1992 1977
f 1954 1974 1977
f 1368 1367 1372
f 1971 1969 2896
f 1994 1982 1999
f 1355 2264 2260
f 2305 2975 2294
f 2000 1987 1985
f 1985 1996 2000
f 1335 1339 1937
f 1355 1336 1335
f 1527 1526 1545
f 1545 1546 1527
f 1526 1758 1545
f 1566 1544 1543
f 1566 1543 1565
f 2215 2214 2219
f 2222 2215 2219
f 2219 2226 2222
f 958 935 934
f 959 935 958
f 958 963 959
f 855 875 876
f 876 856 855
f 855 856 830
f 932 903 931
f 932 933 903
f 955 956 926
f 966 965 946
f 946 945 966
f 966 945 965
f 2445 2444 2454
f 2453 2455 2454
f 2454 2444 2453
f 2437 2436 2447
f 2458 2479 2459
f 988 976 2422
f 2422 998 988
f 2431 974 1491
f 1091 1058 1090
f 1080 1079 1084
f 1079 1085 1084
f 1080 1084 1049
f 1049 1084 1050
f 1002 1003 985
f 2533 2508 2507
f 2507 2532 2533
f 2508 2533 980
f 980 2533 2532
f 2483 2485 2463
f 2425 2433 2426
f 2422 2425 2426
f 2426 987 2422
f 2426 986 987
f 2432 2425 2431
f 2432 2433 2425
f 2432 2442 2433
f 2427 1425 1457
f 2436 2427 1457
f 1459 2435 1457
f 2435 2436 1457
f 1490 1491 1492
f 1492 1491 974
f 1495 1494 1489
f 1495 1510 1496
f 1487 1453 1450
f 1450 1485 1486
f 1485 1510 1486
f 1486 1487 1450
f 3289 3271 3288
f 3271 3240 3270
f 3270 3288 3271
f 3282 3265 3279
f 3279 3283 3282
f 3282 3283 3265
f 3205 3238 3197
f 3196 3162 3197
f 3197 3238 3196
f 750 748 758
f 758 748 743
f 758 742 750
f 758 743 742
f 723 743 744
f 749 748 750
f 749 3234 748
f 749 3191 3234
f 3229 3191 3228
f 3232 748 3233
f 3233 3191 3232
f 748 3234 3233
f 3234 3191 3233
f 550 620 554
f 482 550 554
f 683 625 624
f 624 554 620
f 625 554 624
f 624 677 680
f 620 677 624
f 1028 1029 1010
f 1027 1058 1028
f 1028 1008 1027
f 1460 1426 1459
f 1460 1461 1426
f 1509 1498 1500
f 1500 1510 1509
f 1509 1510 1485
f 557 629 630
f 630 627 557
f 3127 3138 3139
f 627 630 3127
f 3127 630 3138
f 623 553 621
f 557 553 623
f 623 629 557
f 3194 3159 629
f 3194 3195 3159
f 629 623 3194
f 557 627 628
f 628 558 557
f 628 631 558
f 560 484 483
f 483 559 560
f 560 559 484
f 561 559 633
f 632 688 633
f 633 558 632
f 633 559 558
f 687 688 632
f 687 724 688
f 632 689 687
f 3162 3140 3167
f 3205 3197 3167
f 3167 3197 3162
f 1421 1422 1399
f 697 696 726
f 644 643 697
f 697 643 696
f 1476 1441 1475
f 1476 1472 1441
f 644 1506 1476
f 1476 1482 644
f 1471 1441 1440
f 1441 1412 1440
f 1438 1411 1435
f 1438 1412 1411
f 1438 1435 1471
f 1442 1412 1441
f 1441 1472 1442
f 1393 1412 1410
f 650 2887 2906
f 2917 657 2906
f 2906 657 650
f 2888 2887 584
f 2872 2887 2888
f 2917 2906 2905
f 2905 2906 2887
f 598 2917 2905
f 507 509 526
f 526 464 507
f 597 596 584
f 584 650 597
f 597 657 598
f 650 657 597
f 439 443 506
f 512 510 584
f 509 506 512
f 512 506 443
f 378 375 434
f 434 379 378
f 497 498 432
f 373 432 375
f 372 432 373
f 440 508 446
f 507 464 440
f 464 508 440
f 440 509 507
f 440 506 509
f 439 506 440
f 440 379 439
f 320 373 375
f 2268 2262 1314
f 1314 1319 2268
f 915 888 887
f 887 888 865
f 887 913 915
f 887 914 913
f 1292 914 887
f 1275 1274 865
f 1276 1291 1277
f 1277 1264 1276
f 1346 1354 1347
f 1354 1364 1347
f 1347 1364 2308
f 2309 1345 1347
f 1347 2308 2309
f 2310 1293 1322
f 1322 1293 1296
f 2282 2298 1371
f 1371 1372 2282
f 1372 2266 2282
f 2282 2266 2281
f 2277 2291 2294
f 2274 2291 2277
f 2261 2266 1357
f 1357 1356 2261
f 2261 1356 1355
f 1355 2260 2261
f 1738 1723 1720
f 1738 1739 1723
f 1740 1739 1742
f 1723 1739 1740
f 1742 1739 1766
f 1766 1739 1765
f 1766 1770 1742
f 1766 1765 1801
f 1801 1770 1766
f 1764 1739 1763
f 1765 1739 1764
f 1763 1800 1764
f 1764 1800 1765
f 1710 1720 1721
f 1721 1722 1710
f 1720 1723 1721
f 1723 1711 1721
f 1711 1722 1721
f 1771 1770 1772
f 1772 1744 1771
f 1773 1744 1772
f 1772 1770 1806
f 1772 1808 1773
f 1839 1805 1842
f 1840 1798 1839
f 1798 1805 1839
f 1874 1873 1856
f 1842 1873 1874
f 1842 1805 1845
f 2224 817 2230
f 2230 817 833
f 2230 833 859
f 2230 2240 2241
f 859 2240 2230
f 831 830 857
f 830 856 857
f 876 877 857
f 857 856 876
f 857 877 878
f 878 858 857
f 858 833 857
f 2225 2037 2224
f 85 84 121
f 1353 1354 1332
f 1332 1330 1353
f 1354 1350 1332
f 1297 1299 1298
f 421 364 363
f 367 426 368
f 288 289 242
f 242 241 288
f 405 455 400
f 292 293 246
f 246 245 292
f 199 245 246
f 293 288 246
f 241 199 246
f 246 288 241
f 74 81 52
f 40 24 23
f 2831 3499 3512
f 3512 2837 2831
f 3486 3483 3500
f 2831 3486 3500
f 3500 3483 3499
f 3500 3499 2831
f 3498 3483 3497
f 3511 3512 3498
f 3499 3483 3498
f 3498 3512 3499
f 3474 3475 3467
f 3474 3486 2831
f 2831 2836 3474
f 2153 1775 1776
f 2153 1744 1775
f 3473 3474 3467
f 3483 3473 3482
f 2154 2144 2155
f 2143 2155 2144
f 1812 1813 2206
f 2206 1813 2207
f 1848 1882 1883
f 1884 1810 1849
f 1849 1883 1884
f 1848 1883 1849
f 1810 1808 1849
f 1811 1810 1850
f 1811 1813 1812
f 1811 1812 1776
f 1776 1810 1811
f 1824 1782 1821
f 1817 1816 1850
f 1850 1818 1817
f 2189 2188 1747
f 1747 1748 2189
f 2189 800 2175
f 2189 1748 800
f 2200 1813 1777
f 2199 2207 2200
f 2207 1813 2200
f 1862 1863 1833
f 1833 1863 1854
f 1785 1825 1824
f 2396 2410 2397
f 2397 2376 2396
f 2414 2413 2409
f 2413 2410 2409
f 2409 2396 2408
f 2410 2396 2409
f 2415 2405 2414
f 3096 2405 2415
f 3103 3109 3104
f 2383 2405 3104
f 2416 3101 3100
f 2416 2405 3101
f 2416 3104 2405
f 2416 3100 3103
f 3103 3104 2416
f 2402 2382 2401
f 2402 2403 2382
f 2413 2403 2402
f 2402 2401 2412
f 2412 2413 2402
f 2375 2394 2374
f 2374 2358 2375
f 2358 2373 2375
f 3096 2415 2421
f 2414 2409 2421
f 2421 2415 2414
f 3425 3414 3424
f 3424 3414 3423
f 3464 3456 3455
f 3464 3466 3456
f 3462 2070 3455
f 2043 2070 3462
f 3455 2028 3462
f 2028 2043 3462
f 2103 2070 2069
f 2069 2070 2043
f 3447 2020 2028
f 2025 2024 2039
f 2016 2019 2020
f 2016 3435 2013
f 2013 2015 2016
f 2016 2015 2019
f 2039 2038 2064
f 2028 2020 2027
f 2020 2029 2027
f 2098 1711 1724
f 2062 1711 2098
f 1775 1744 1774
f 1774 1744 1773
f 1776 1775 1774
f 1774 1773 1776
f 1742 1771 1743
f 1771 1744 1743
f 2042 2043 2028
f 2028 2027 2042
f 2042 2027 2029
f 2822 2827 2825
f 2826 2827 2822
f 2834 2827 2826
f 2822 3459 2826
f 2826 3459 3458
f 3458 2834 2826
f 3469 3476 2835
f 2835 2827 3469
f 3476 3475 2835
f 2828 2825 2829
f 2829 2825 2827
f 2831 2830 2829
f 2827 2835 2829
f 2829 2836 2831
f 2829 3474 2836
f 3475 3474 2829
f 2829 2835 3475
f 2823 2825 2828
f 2828 2829 2823
f 2823 2829 2830
f 2337 2819 2823
f 2808 2814 2809
f 2814 2810 2809
f 2809 2810 2802
f 2802 2801 2809
f 2809 2801 2808
f 2811 2810 2814
f 2811 2814 2816
f 2816 2815 2811
f 2811 2815 2818
f 2811 2818 2333
f 2333 2810 2811
f 2055 2053 2036
f 2036 2052 2055
f 831 857 832
f 833 817 832
f 832 857 833
f 2223 817 2224
f 1786 1827 1828
f 1828 1833 1854
f 1827 1833 1828
f 1752 1785 1787
f 1787 1827 1786
f 1832 1833 1787
f 1787 1833 1827
f 1893 1863 1862
f 1862 1880 1893
f 1893 1880 1879
f 1855 1874 1856
f 1855 1863 1842
f 1842 1874 1855
f 292 245 244
f 244 245 197
f 292 244 287
f 287 244 240
f 339 293 292
f 292 287 339
f 339 287 338
f 398 454 405
f 398 397 454
f 1791 1753 1790
f 810 1825 823
f 842 843 823
f 1825 1785 823
f 823 824 810
f 812 805 804
f 804 803 812
f 1747 1782 1781
f 1781 803 1747
f 937 936 959
f 937 906 936
f 937 938 906
f 761 760 766
f 766 760 765
f 759 760 2324
f 2324 760 3396
f 759 3354 3352
f 2218 3356 3366
f 2238 2228 2237
f 2229 962 2222
f 2222 2228 2229
f 2229 2228 962
f 2239 2228 2238
f 962 2228 2239
f 3388 3380 2235
f 3380 2228 2235
f 2235 2226 3388
f 3386 3377 3382
f 3382 3377 3376
f 3366 3367 3376
f 3376 3377 3366
f 3373 3381 3382
f 3380 3381 3373
f 2923 2928 3391
f 3391 3395 2923
f 768 3396 761
f 2209 2208 2270
f 2270 2208 2262
f 2220 2219 2221
f 2221 2219 2214
f 912 2209 2213
f 2213 2214 912
f 2213 2221 2214
f 2220 2221 2213
f 2399 2411 2400
f 2399 2398 2411
f 2400 2379 2399
f 2399 2379 2398
f 2377 2397 2378
f 2377 2376 2397
f 2378 2360 2377
f 2360 2376 2377
f 2380 3145 2360
f 2360 2379 2380
f 2380 2379 3145
f 3177 3145 3178
f 3178 3220 3177
f 3144 3145 3177
f 3188 3226 3189
f 3188 3186 3226
f 3189 3156 3188
f 3188 3156 3186
f 1597 3143 1631
f 1631 1622 1597
f 2577 2575 2576
f 3250 3253 3251
f 3250 3249 3253
f 3213 3249 3250
f 3251 2346 3250
f 3250 2346 3213
f 3247 3249 3213
f 3247 3213 3248
f 3247 3246 3276
f 3276 3249 3247
f 3248 3204 3247
f 3204 3246 3247
f 2347 2346 2352
f 2352 2363 2364
f 2351 2363 2352
f 2352 2346 2351
f 3236 3191 750
f 3192 3191 3236
f 3192 3236 3193
f 750 751 3193
f 3193 3236 750
f 3157 751 752
f 3157 3193 751
f 3192 3193 3157
f 3157 3191 3192
f 2645 2679 2646
f 2646 2642 1523
f 2646 2626 2645
f 2646 1523 2626
f 1541 2671 2672
f 2672 2679 1541
f 2671 1523 2672
f 1523 2642 2672
f 2672 2646 2679
f 2642 2646 2672
f 2641 2624 2060
f 2641 2061 2669
f 2060 2061 2641
f 2625 2624 2641
f 1759 1796 1767
f 1759 1758 1796
f 1797 1758 1524
f 1525 1796 1524
f 1796 1797 1524
f 1524 1516 1525
f 1524 1758 1526
f 1526 1516 1524
f 1710 1718 1719
f 1719 1720 1710
f 1719 1738 1720
f 1736 1545 1758
f 1569 1545 1736
f 1758 1759 1736
f 1734 1569 1736
f 2587 2595 2596
f 2611 2612 2603
f 3341 2612 3343
f 3347 2612 3339
f 3329 3338 3339
f 3339 2798 3347
f 3339 3338 2798
f 3324 3325 3318
f 3324 3318 2812
f 2812 3323 3324
f 3330 3323 2812
f 3330 2805 3329
f 3330 3324 3323
f 2677 2697 2678
f 2678 2679 2645
f 2678 2697 2679
f 2711 2697 2708
f 2711 2712 2697
f 2708 2707 2711
f 2711 2707 2710
f 2710 2712 2711
f 1564 2679 2699
f 1600 1564 2699
f 2699 2710 1600
f 2705 2693 2692
f 2625 2641 2643
f 2812 3318 3316
f 3316 2806 2812
f 3307 2705 2692
f 3311 3312 3307
f 3307 3305 3311
f 2799 3431 2798
f 2799 2795 3431
f 2797 3408 2794
f 3430 3431 3420
f 3431 2795 3420
f 3420 3419 3430
f 2795 2794 3420
f 3408 3419 3420
f 3420 2794 3408
f 1590 1617 1588
f 1617 1589 1588
f 1588 1558 1590
f 1588 1589 1558
f 3126 738 3121
f 673 615 672
f 673 619 615
f 619 549 618
f 615 614 669
f 708 707 731
f 731 709 708
f 544 614 615
f 1520 604 603
f 605 604 1534
f 1534 610 605
f 602 535 601
f 603 535 602
f 601 659 602
f 602 659 603
f 603 538 537
f 538 473 537
f 1529 1516 1528
f 1527 1546 1529
f 1529 1528 1527
f 1529 1546 1547
f 1547 1548 1529
f 1598 1564 1600
f 1573 1563 1598
f 1598 1563 1564
f 663 1584 1552
f 1581 1582 1552
f 1635 1634 1660
f 1660 1636 1635
f 1604 1636 1607
f 1604 1635 1636
f 1607 1636 1637
f 1637 1638 1607
f 1637 1636 1660
f 1660 1662 1637
f 1662 1640 1637
f 1640 1638 1637
f 1608 1640 1641
f 1607 1638 1608
f 1641 1611 1608
f 1608 1576 1607
f 1608 1609 1576
f 333 285 332
f 335 392 336
f 1757 1796 1525
f 1757 1795 1796
f 1525 1756 1757
f 1757 1756 1795
f 1805 1804 1841
f 1511 1704 1512
f 603 659 660
f 659 1704 660
f 660 1511 603
f 1704 1511 660
f 1716 1516 1512
f 1512 1707 1716
f 1707 1715 1716
f 663 606 662
f 606 608 662
f 662 608 611
f 543 608 540
f 611 608 543
f 542 610 543
f 543 610 611
f 523 524 460
f 460 524 525
f 344 341 403
f 344 343 341
f 289 343 344
f 403 402 457
f 523 460 457
f 362 418 419
f 362 310 309
f 362 363 310
f 421 363 362
f 525 524 595
f 524 594 595
f 595 535 525
f 601 535 595
f 522 524 523
f 523 457 522
f 456 521 522
f 522 457 456
f 2709 2689 2708
f 2709 2704 2689
f 2708 2696 2709
f 2696 2704 2709
f 2659 2655 2636
f 2662 2655 2685
f 2662 2637 2655
f 2689 2704 2684
f 2684 2659 2689
f 2655 2659 2684
f 2684 2704 2685
f 2685 2655 2684
f 2683 2703 2686
f 2686 2657 2683
f 2703 2687 2686
f 2686 2687 2657
f 2702 2703 2683
f 2683 2701 2702
f 2707 2703 2702
f 2702 2701 2707
f 2680 1659 2700
f 1661 1659 2680
f 2680 2648 1661
f 1683 1684 1663
f 1663 1685 1664
f 1684 1685 1663
f 1662 1683 1663
f 1663 1640 1662
f 1663 1664 1641
f 1641 1640 1663
f 1681 1693 1694
f 1694 1682 1681
f 1683 1682 1694
f 1694 1684 1683
f 1697 1693 1681
f 1702 1701 1697
f 1701 1700 1697
f 1674 1665 1687
f 1687 1665 1664
f 1686 1700 1701
f 1686 1685 1700
f 1674 1687 1686
f 1664 1685 1686
f 1686 1687 1664
f 1690 1689 1702
f 1671 1689 1690
f 1626 1619 1592
f 1626 1651 1619
f 1596 1595 1625
f 1595 1630 1625
f 1625 1630 1651
f 1651 1626 1625
f 1592 1596 1625
f 1625 1626 1592
f 3146 1538 1558
f 3146 3131 1538
f 661 606 663
f 663 609 661
f 661 609 606
f 664 609 663
f 663 706 664
f 664 706 674
f 1580 1579 706
f 706 1582 1580
f 1580 1582 1581
f 1581 1552 1580
f 1580 1552 1579
f 1585 1584 663
f 663 1586 1585
f 1585 1552 1584
f 1586 1552 1585
f 1616 1579 1615
f 1579 1614 1615
f 1615 674 1616
f 674 1615 1649
f 1649 1615 1614
f 1613 1579 1612
f 1613 1614 1579
f 1613 1649 1614
f 674 1649 1613
f 1642 1611 1641
f 1612 1611 1642
f 1641 1645 1642
f 1642 1645 1612
f 1629 1658 1654
f 1629 1657 1658
f 1654 1630 1629
f 1629 1630 1595
f 1643 1647 707
f 707 714 1643
f 680 721 681
f 681 624 680
f 722 743 723
f 722 721 743
f 722 681 721
f 675 673 672
f 619 673 675
f 672 713 675
f 739 752 740
f 739 738 752
f 2601 2602 2593
f 2593 2591 2601
f 2587 2585 2593
f 2630 2616 2628
f 2630 2647 2631
f 2628 2647 2630
f 2602 2609 2610
f 2611 2603 2610
f 2610 2603 2602
f 2598 2607 2599
f 2599 2607 2600
f 2599 2591 2598
f 2600 2591 2599
f 2683 2654 2653
f 2465 2489 2466
f 2466 2467 2348
f 2348 2465 2466
f 2539 2538 2541
f 2541 2540 2539
f 2539 2540 2515
f 2512 2511 2536
f 2512 2489 2511
f 2536 2537 2512
f 2537 2538 2512
f 1390 3141 1379
f 2467 2466 2469
f 3207 3238 3208
f 3207 3206 3238
f 3172 3142 3171
f 3171 3142 3170
f 3171 3170 3210
f 3171 3211 3172
f 3210 3211 3171
f 3141 3142 2468
f 2467 2469 2468
f 2468 2469 3141
f 2468 2345 2467
f 2468 3142 2345
f 2387 2386 2385
f 2385 3115 2387
f 2387 3115 2366
f 2387 2366 2365
f 2365 2386 2387
f 3108 3109 3103
f 3108 3104 3109
f 2740 2738 2739
f 2738 2737 2739
f 2739 2737 2764
f 2739 2765 2740
f 2764 2765 2739
f 2764 2737 2763
f 2732 3421 2736
f 2736 3421 2737
f 2734 2732 2736
f 2736 2737 2734
f 2732 2733 2731
f 2731 2733 2509
f 2389 2509 2367
f 2389 3105 2509
f 3111 3115 3116
f 3105 2389 3111
f 3116 3112 3111
f 3111 3112 3105
f 2734 2510 2534
f 2534 2510 2509
f 2534 2733 2734
f 2509 2733 2534
f 2734 2738 2735
f 2735 2510 2734
f 2735 2738 2535
f 2535 2510 2735
f 1046 1082 1083
f 1118 1079 1083
f 1079 1046 1083
f 3083 1083 1082
f 1081 1082 1046
f 1046 3068 1081
f 1081 3083 1082
f 1081 3068 3070
f 3070 3083 1081
f 2753 2746 2745
f 2753 2745 2767
f 2767 2752 2753
f 2536 2535 2555
f 2535 2554 2555
f 2554 2568 2555
f 2555 2568 2742
f 2742 2746 2555
f 2558 2555 2570
f 2777 3421 3409
f 3409 2773 2777
f 2777 2773 3421
f 3405 2778 3404
f 3404 2778 3409
f 3404 3410 3405
f 3404 3409 3410
f 3116 3115 3119
f 3119 3410 3116
f 3119 3115 3118
f 3118 3117 3119
f 3119 3411 3410
f 3119 3117 3411
f 2783 2771 2781
f 3049 2531 2530
f 2532 2531 3049
f 3030 3025 3024
f 3024 3029 3030
f 3036 2762 3046
f 3037 3029 3036
f 2760 2761 3046
f 3046 2762 2760
f 2760 2762 2761
f 2525 2499 2523
f 2525 2523 2544
f 2544 2545 2525
f 2525 2545 2546
f 2525 2526 2499
f 2525 2548 2526
f 1401 2473 1429
f 1429 2473 1428
f 1429 1430 1401
f 1429 1428 1430
f 1402 1386 2494
f 1402 1403 1386
f 1402 2494 1401
f 1401 1403 1402
f 2491 2517 2518
f 2515 2516 2491
f 2516 2517 2491
f 1378 1389 1390
f 1390 1379 1378
f 1470 1432 1431
f 2520 2495 2516
f 2498 2476 2497
f 2497 2520 2498
f 2495 2520 2497
f 2504 2505 2481
f 2481 2503 2504
f 2459 2479 2481
f 2482 2481 2505
f 2562 2563 2546
f 2562 2561 2563
f 2546 2545 2562
f 2562 2545 2544
f 2544 2561 2562
f 2757 2564 2756
f 2563 2573 2756
f 2756 2573 2757
f 2749 2750 2743
f 2749 2748 2757
f 2743 3016 2749
f 2749 3016 2748
f 2754 2749 2757
f 2750 2749 2754
f 2757 2573 2754
f 2479 2477 2502
f 2503 2481 2502
f 2502 2481 2479
f 2456 2477 2457
f 2457 2477 2479
f 2501 2500 2503
f 2503 2502 2501
f 2501 2502 2477
f 2501 2477 2476
f 2476 2500 2501
f 3397 2331 3399
f 3399 3398 3397
f 3399 3393 3398
f 2339 2338 2344
f 2341 2339 2344
f 2344 2338 2337
f 2337 2343 2344
f 2342 2343 2833
f 2341 2344 2342
f 2342 2344 2343
f 2342 2833 2837
f 2837 3512 2342
f 2833 2343 2832
f 2831 2837 2832
f 2837 2833 2832
f 2997 1909 2999
f 2999 2987 2997
f 2997 2987 2996
f 2987 2982 2996
f 2996 2980 2997
f 2996 2982 2980
f 1898 1903 1164
f 1897 1903 1898
f 1896 1901 1897
f 2942 2925 3026
f 1078 1102 1113
f 1102 1078 1069
f 3043 3050 3044
f 3044 3034 3043
f 2959 2986 2987
f 3031 3035 3039
f 2957 2956 2983
f 2983 2984 2957
f 2956 2982 2983
f 2982 2986 2983
f 1912 1928 1913
f 1902 1903 1897
f 1902 1914 1903
f 1897 1901 1902
f 1902 1901 1912
f 1912 1913 1902
f 1902 1913 1914
f 1950 2899 2898
f 1927 1945 1946
f 2902 2905 2903
f 2882 1950 2898
f 2002 2006 2010
f 2008 2006 1990
f 1990 1992 2008
f 1990 2006 2007
f 2007 2006 2002
f 1955 1933 1954
f 1956 1933 1955
f 1941 1964 1942
f 1940 1964 1941
f 1941 1924 1940
f 1968 1942 1967
f 1967 1987 1968
f 1985 1987 1986
f 1987 1964 1986
f 1963 1964 1940
f 1963 1986 1964
f 1910 1908 1922
f 1908 1909 1922
f 1915 1109 1157
f 1109 1156 1157
f 1157 1903 1915
f 1200 1156 1155
f 1237 1247 1229
f 1229 1227 1237
f 1237 1227 1226
f 572 562 493
f 487 424 493
f 493 562 487
f 484 491 485
f 491 424 485
f 422 484 485
f 485 424 422
f 1484 1474 1450
f 1450 1451 1484
f 1452 1451 1450
f 1450 1422 1452
f 1452 1422 1451
f 1423 1029 1415
f 1415 1416 1423
f 1424 1450 1423
f 1424 1422 1450
f 1399 1422 1400
f 1422 1424 1400
f 1423 1416 1400
f 1400 1424 1423
f 1060 1058 1061
f 1061 1058 1091
f 1397 1415 1029
f 1416 1415 1397
f 1397 1400 1416
f 1399 1400 1385
f 1385 1398 1399
f 1396 1398 1385
f 1108 1109 1075
f 1075 1107 1108
f 1218 1214 1244
f 1218 1215 1214
f 1216 1215 1174
f 1174 1173 1216
f 1172 1215 1216
f 1216 1173 1172
f 1089 1123 1126
f 1123 1173 1126
f 1126 1127 1089
f 1126 1173 1174
f 1234 1233 1214
f 1234 1191 1235
f 1193 1191 1234
f 1234 1214 1193
f 1214 1243 1236
f 1236 1243 1247
f 1236 1237 1193
f 1247 1237 1236
f 1098 1099 1065
f 1065 1064 1098
f 1098 1064 1097
f 1182 1226 1184
f 1226 1227 1184
f 1184 1227 1185
f 1213 1185 1230
f 1091 1129 1130
f 1128 1129 1091
f 1089 1127 1128
f 1174 1129 1128
f 1128 1090 1089
f 1091 1090 1128
f 1128 1126 1174
f 1127 1126 1128
f 563 564 487
f 563 562 635
f 487 562 563
f 639 564 638
f 1244 648 702
f 1174 1218 1219
f 1219 1218 1244
f 489 566 567
f 566 578 567
f 694 638 1176
f 639 638 694
f 640 641 566
f 566 565 640
f 640 565 639
f 1034 1011 1033
f 1033 1066 1034
f 1065 1066 1033
f 1033 1064 1065
f 1063 1064 1033
f 2422 987 996
f 987 986 996
f 985 1003 996
f 996 986 985
f 1024 1037 1053
f 1024 1014 1013
f 1013 1037 1024
f 3017 3015 3018
f 3018 3016 3017
f 3017 3016 3015
f 2549 2548 2546
f 2549 2546 2565
f 3019 3018 3023
f 3019 3016 3018
f 3016 3019 3020
f 3020 3019 3023
f 3023 3024 3020
f 3020 3024 3025
f 3025 2530 3020
f 2530 2551 3020
f 2529 2551 2530
f 2529 2530 2507
f 2507 2506 2529
f 2528 2549 2550
f 2548 2549 2528
f 2550 2529 2528
f 2528 2529 2506
f 2528 2506 2504
f 2528 2504 2527
f 2527 2548 2528
f 1096 1133 1093
f 1133 1094 1093
f 1062 1096 1093
f 1093 1094 1062
f 1181 1133 1180
f 1180 1203 1181
f 1180 1133 1179
f 1179 1162 1180
f 1162 1203 1180
f 1222 1223 1181
f 1222 1242 1223
f 1204 3084 1205
f 1162 1204 1205
f 1205 1163 1162
f 1224 1242 1239
f 1239 1242 1240
f 1168 3084 1204
f 1168 1167 1119
f 1179 1167 1168
f 1168 1204 1179
f 2791 2787 3075
f 3070 3079 3080
f 2792 2762 2788
f 2788 2793 2792
f 2788 2771 2782
f 2788 2762 2771
f 2788 2787 2791
f 2782 2787 2788
f 3076 2793 2788
f 2782 2783 2786
f 2786 2787 2782
f 2724 2730 2725
f 2714 2724 2725
f 2724 2981 2729
f 2729 2730 2724
f 2729 2981 2980
f 2980 2730 2729
f 2714 2721 2722
f 2719 2721 2720
f 2714 2718 2719
f 2719 2720 2714
f 2933 2927 2719
f 1372 1366 1369
f 1369 1368 1372
f 1369 1366 1359
f 1359 1368 1369
f 1340 1337 1356
f 1340 1356 1357
f 2004 2010 2880
f 1971 2896 2912
f 2912 1972 1971
f 2913 1972 2912
f 2912 2900 2913
f 2895 2912 2896
f 1981 1999 1982
f 1980 1999 1981
f 2867 2880 2881
f 599 600 532
f 467 412 411
f 411 466 467
f 467 466 412
f 2273 2288 2274
f 2274 2264 2273
f 1960 1959 1355
f 1960 1335 1937
f 1355 1335 1960
f 2930 2945 2931
f 1934 1933 1932
f 1954 1933 1953
f 1953 1933 1934
f 1953 1974 1954
f 1958 1974 1953
f 1953 1934 1958
f 2304 2305 2294
f 2955 2305 2304
f 2290 2291 2274
f 2294 2291 2290
f 2301 2304 2294
f 2002 1987 2001
f 1987 2000 2001
f 2001 2007 2002
f 2000 2007 2001
f 1547 1546 1571
f 1546 1545 1571
f 1571 1572 1547
f 1602 1569 1717
f 3378 3377 2226
f 2226 2219 3378
f 3366 3377 3378
f 3378 2219 3366
f 965 963 949
f 963 958 949
f 949 958 934
f 934 933 949
f 933 932 949
f 949 932 931
f 1728 834 836
f 875 855 854
f 854 855 830
f 946 965 967
f 967 955 946
f 965 955 967
f 950 925 924
f 926 925 950
f 954 955 926
f 972 146 107
f 955 146 972
f 2446 2454 2455
f 2446 2436 2445
f 2445 2454 2446
f 2446 2455 2456
f 2456 2457 2446
f 2446 2447 2436
f 2446 2449 2447
f 2459 2449 2446
f 2446 2458 2459
f 2430 2432 2431
f 2460 2449 2459
f 990 976 989
f 976 988 989
f 1051 1062 1035
f 1051 1085 1062
f 1035 1023 1051
f 1046 1047 1020
f 1020 1045 1046
f 1019 1045 1020
f 984 1002 985
f 1001 1002 984
f 1003 1002 1022
f 1022 1049 1050
f 1022 1023 1003
f 1050 1023 1022
f 2508 980 2487
f 2507 2508 2487
f 1001 982 981
f 981 2487 980
f 981 982 2464
f 2464 2487 981
f 2461 2482 2462
f 2483 2463 2462
f 2434 2426 2433
f 986 2426 2434
f 2434 2433 985
f 985 986 2434
f 1496 1499 1497
f 1497 1457 1496
f 1497 1499 1462
f 1462 1461 1497
f 1461 1460 1497
f 1459 1457 1497
f 1497 1460 1459
f 1456 1495 1496
f 1496 1457 1456
f 1456 1457 1425
f 1488 1495 1489
f 1510 1495 1488
f 1489 1453 1488
f 1453 1487 1488
f 1489 1494 1478
f 1010 1445 1478
f 1478 1454 1489
f 1478 1445 1454
f 1006 1024 1025
f 1010 994 993
f 1007 1008 993
f 993 1006 1007
f 975 976 977
f 977 976 990
f 975 977 978
f 978 993 994
f 3198 3240 3199
f 3199 3163 3198
f 3198 3163 3195
f 3284 3283 3291
f 3291 3290 3284
f 3272 3271 3289
f 3289 3290 3272
f 3290 3291 3272
f 3272 3291 3283
f 750 3191 3235
f 3235 749 750
f 3191 749 3235
f 3226 3229 3227
f 3229 3228 3227
f 685 684 719
f 719 679 685
f 723 741 719
f 719 684 723
f 719 741 3289
f 3269 3270 3240
f 3269 679 3270
f 3240 3268 3269
f 3288 3270 3287
f 3270 679 3287
f 679 719 3287
f 3289 3288 3287
f 3287 719 3289
f 482 556 551
f 621 551 622
f 622 551 556
f 679 3269 622
f 622 3269 3268
f 622 3268 3240
f 685 679 626
f 679 622 626
f 626 622 556
f 626 684 685
f 626 625 683
f 626 556 625
f 482 554 555
f 555 554 625
f 555 556 482
f 625 556 555
f 1009 1028 1010
f 1008 1028 1009
f 1010 993 1009
f 1009 993 1008
f 1059 1058 1060
f 1060 1028 1059
f 1059 1028 1058
f 1502 1509 1485
f 629 3159 3158
f 3158 630 629
f 3138 630 3158
f 3158 3159 3139
f 3139 3138 3158
f 3139 3159 3160
f 3159 3195 3160
f 3195 3163 3160
f 3195 3194 3237
f 3237 3194 623
f 3237 3198 3195
f 623 3198 3237
f 632 631 686
f 631 628 686
f 686 689 632
f 561 633 634
f 634 633 688
f 568 561 634
f 725 687 689
f 724 687 725
f 3166 3204 3205
f 3205 3167 3166
f 3166 3167 3140
f 627 3127 1375
f 1375 628 627
f 1375 686 628
f 689 686 1375
f 3139 3128 1375
f 1375 3127 3139
f 642 643 568
f 696 643 642
f 568 634 642
f 688 696 642
f 642 634 688
f 1420 1399 1419
f 1420 1421 1399
f 644 1482 1449
f 1449 1476 1475
f 1475 1474 1449
f 1474 1484 1449
f 1449 1484 1451
f 1451 1422 1449
f 1422 1421 1449
f 699 1506 644
f 644 697 699
f 1472 1476 1504
f 1439 1440 1412
f 1412 1438 1439
f 1471 1440 1439
f 1439 1438 1471
f 1443 1442 1472
f 726 1412 1443
f 1412 1442 1443
f 1437 1410 1412
f 1394 1381 1393
f 1393 1410 1394
f 1394 1395 1381
f 280 270 229
f 463 464 411
f 2902 2916 2915
f 2915 2905 2902
f 598 2905 2915
f 446 508 447
f 528 464 527
f 464 526 527
f 527 526 596
f 596 597 527
f 511 443 510
f 510 512 511
f 511 512 443
f 584 596 583
f 583 512 584
f 596 526 583
f 583 526 509
f 509 512 583
f 499 500 434
f 434 498 499
f 1016 1042 2846
f 1016 497 1040
f 433 498 434
f 433 432 498
f 434 375 433
f 375 432 433
f 430 372 377
f 1248 648 1244
f 489 567 501
f 1107 1075 1072
f 1071 1103 575
f 272 321 322
f 322 318 272
f 321 318 322
f 328 327 386
f 323 320 375
f 375 378 323
f 323 378 379
f 374 321 377
f 377 372 374
f 272 318 319
f 319 320 272
f 319 318 321
f 321 374 319
f 319 374 372
f 372 373 319
f 373 320 319
f 2283 2268 1319
f 918 920 894
f 890 918 891
f 891 894 867
f 865 1274 889
f 889 887 865
f 889 1274 1292
f 1292 887 889
f 1264 1255 1263
f 1263 1272 1264
f 1261 1255 1264
f 1264 1277 1273
f 1273 1261 1264
f 1273 1277 1291
f 1273 1291 1292
f 1292 1274 1273
f 1324 1347 1345
f 1324 1322 1296
f 1345 1322 1324
f 1346 1347 1324
f 1296 1295 1324
f 2318 1345 2309
f 2318 1322 1345
f 2310 1322 2318
f 2309 2317 2318
f 2309 2308 2314
f 2266 2277 2278
f 2275 2264 2274
f 2274 2277 2275
f 2267 2277 2266
f 2266 2261 2267
f 1767 1739 1762
f 1739 1738 1762
f 1724 1723 1741
f 1723 1740 1741
f 1742 1724 1741
f 1741 1740 1742
f 67 43 42
f 45 69 46
f 56 84 85
f 85 86 56
f 164 165 123
f 204 165 164
f 120 121 84
f 85 121 122
f 122 86 85
f 123 86 122
f 122 164 123
f 211 171 168
f 90 125 126
f 126 127 90
f 126 125 167
f 167 168 126
f 1295 1299 1323
f 1346 1324 1323
f 1323 1324 1295
f 1331 1299 1330
f 1330 1332 1331
f 1331 1332 1299
f 170 130 127
f 170 212 213
f 1299 1297 1325
f 1264 1272 1278
f 1278 1297 1298
f 1298 1299 1278
f 1278 1299 1295
f 1276 1264 1278
f 1278 1295 1276
f 178 179 139
f 139 136 178
f 82 117 83
f 82 52 81
f 115 155 158
f 115 113 112
f 112 155 115
f 83 117 118
f 132 96 118
f 156 115 158
f 401 455 456
f 456 457 401
f 401 457 402
f 401 400 455
f 401 402 341
f 341 400 401
f 454 397 452
f 342 288 341
f 289 288 342
f 341 343 342
f 342 343 289
f 405 400 347
f 293 339 347
f 340 288 293
f 293 347 340
f 340 347 400
f 341 288 340
f 340 400 341
f 198 199 158
f 198 245 199
f 158 197 198
f 197 245 198
f 76 65 63
f 31 50 51
f 51 52 31
f 50 52 51
f 83 67 66
f 67 42 66
f 63 65 64
f 41 48 31
f 24 40 41
f 41 64 65
f 40 64 41
f 61 60 93
f 6 14 7
f 7 14 16
f 3510 3521 3511
f 3510 3498 3497
f 3511 3498 3510
f 3518 3514 3513
f 3513 3524 3518
f 3518 3505 3514
f 2021 3515 3519
f 3519 3515 3505
f 3505 3518 3519
f 3519 3518 3524
f 3525 3519 3524
f 3494 3495 3483
f 3483 3482 3494
f 3497 3483 3496
f 3483 3495 3496
f 3485 3483 3486
f 3486 3474 3485
f 3485 3474 3483
f 1776 2197 2183
f 2183 2153 1776
f 1744 2153 2151
f 3483 3474 3484
f 3484 3473 3483
f 3474 3473 3484
f 2166 2171 2167
f 2167 2123 2166
f 2113 2155 2156
f 2154 2155 2113
f 2052 2051 2085
f 2085 2051 2084
f 2085 2055 2052
f 2125 2084 2083
f 2084 2051 2083
f 2083 2082 2125
f 2051 2050 2083
f 2050 2082 2083
f 2032 2022 2021
f 2034 2052 2036
f 2034 2051 2052
f 2036 2023 2034
f 2023 2022 2034
f 1860 1880 1862
f 1862 1833 1860
f 1886 1882 1860
f 1860 1833 1832
f 1881 1882 1848
f 1881 1860 1882
f 1880 1860 1881
f 1879 1880 1847
f 1847 1872 1879
f 1847 1881 1848
f 1880 1881 1847
f 1879 1872 1871
f 1871 1839 1842
f 1840 1839 1871
f 1871 1872 1840
f 1813 1811 1814
f 1777 1813 1814
f 1780 1782 1747
f 1780 1821 1782
f 1819 1818 1851
f 1851 1850 1884
f 1851 1818 1850
f 1861 1852 1886
f 1886 1860 1861
f 1861 1860 1832
f 1747 2188 1726
f 2395 2376 2394
f 2395 2396 2376
f 2408 2396 2395
f 2418 2421 2420
f 2420 2421 2409
f 2408 2418 2420
f 2420 2409 2408
f 3347 3431 3346
f 3346 3431 3430
f 3346 3349 3347
f 3345 3349 3346
f 2394 2375 2393
f 2408 2395 2393
f 2393 2395 2394
f 2419 2418 2408
f 3467 3466 3472
f 3472 3473 3467
f 3472 3482 3473
f 3455 2070 3463
f 3463 3464 3455
f 3463 2070 3466
f 3466 3464 3463
f 2043 2071 2068
f 2068 2069 2043
f 2103 2069 2068
f 3448 3447 2028
f 3442 3447 3448
f 3443 3442 3448
f 3448 3449 3443
f 2028 3449 3448
f 2020 3447 3441
f 3441 3447 3442
f 2040 2025 2039
f 2018 2025 2019
f 2019 2015 2018
f 2024 2025 2018
f 3438 3442 3443
f 3438 3441 3442
f 2020 3441 3438
f 2063 2038 2062
f 2063 2064 2038
f 2029 2044 2045
f 2045 2042 2029
f 2045 2071 2043
f 2043 2042 2045
f 2150 1743 1744
f 2150 2151 2109
f 1744 2151 2150
f 2138 2098 1724
f 3435 3438 3439
f 2820 2823 2819
f 2825 2823 2820
f 2820 2819 2818
f 2820 2818 2816
f 2816 2822 2820
f 2822 2825 2820
f 2337 2823 2824
f 2824 2823 2830
f 2824 2343 2337
f 2824 2832 2343
f 2824 2830 2831
f 2831 2832 2824
f 2136 2174 2137
f 2097 2137 801
f 2097 2136 2137
f 2037 2225 2056
f 2056 2057 2037
f 2037 817 2216
f 817 2223 2216
f 2224 2037 2216
f 2216 2223 2224
f 1826 1787 1785
f 1826 1785 1824
f 1786 1752 1788
f 1788 1787 1786
f 1752 1787 1788
f 1842 1863 1875
f 1863 1893 1875
f 1875 1871 1842
f 1875 1893 1879
f 1879 1871 1875
f 1854 1863 1887
f 1887 1855 1854
f 1863 1855 1887
f 191 197 158
f 158 155 191
f 399 398 405
f 338 398 399
f 399 339 338
f 405 347 399
f 399 347 339
f 337 398 338
f 397 398 337
f 336 397 337
f 187 151 186
f 80 81 74
f 107 146 108
f 197 191 192
f 187 235 188
f 188 151 187
f 234 235 187
f 234 236 235
f 238 236 283
f 235 236 189
f 189 188 235
f 153 188 189
f 818 330 281
f 1728 1750 1727
f 810 803 1822
f 803 1781 1822
f 1822 1781 1782
f 2326 3354 759
f 3355 3354 2326
f 3353 3352 3354
f 3353 3355 3356
f 3353 3354 3355
f 2287 3352 3353
f 2286 3352 2287
f 2287 2270 2286
f 764 765 759
f 3371 2335 3360
f 3371 3360 3359
f 2340 3358 3359
f 2335 2340 3359
f 3359 3360 2335
f 3502 3503 3489
f 3503 3504 3489
f 3489 3504 3505
f 2236 2228 3380
f 2236 2237 2228
f 2236 3380 2238
f 2238 2237 2236
f 962 2239 961
f 2226 2235 2227
f 2227 2235 2228
f 2222 2226 2227
f 2227 2228 2222
f 3382 3381 3387
f 3387 3386 3382
f 3387 3381 3380
f 3387 3380 3388
f 3388 2226 3387
f 3377 3386 3387
f 2226 3377 3387
f 3383 3376 3384
f 3382 3376 3383
f 3371 3380 3372
f 3380 3373 3372
f 3372 3373 3361
f 2315 2305 2955
f 2955 2954 2315
f 2975 2305 2315
f 2315 2954 2975
f 2306 2296 2943
f 2310 2318 2311
f 2311 2318 2317
f 2299 2310 2311
f 781 768 767
f 761 766 767
f 767 768 761
f 1319 1294 1321
f 1321 2283 1319
f 1321 1294 1293
f 2299 2283 1321
f 1293 1320 1321
f 1321 1320 2299
f 2212 2213 2209
f 2220 2213 2212
f 2212 2218 3366
f 2212 2219 2220
f 3366 2219 2212
f 2287 3353 2217
f 3356 2218 2217
f 2217 3353 3356
f 1624 1631 1617
f 1624 1617 1590
f 1618 1589 1617
f 2350 2359 2360
f 2360 3129 2350
f 3129 2575 2350
f 2357 2577 2579
f 2579 2581 2357
f 2580 2581 2579
f 2578 2580 2579
f 2579 2576 2578
f 2579 2577 2576
f 2347 2352 2353
f 3213 2347 2353
f 3190 3228 3191
f 3191 3157 3190
f 3190 3227 3228
f 3190 3156 3189
f 3190 3157 3156
f 3189 3226 3190
f 3226 3227 3190
f 3126 3121 3125
f 3124 738 3126
f 3124 3136 738
f 3126 3125 3124
f 3124 3121 1522
f 3124 3125 3121
f 3130 3131 3124
f 752 738 753
f 2669 2694 2670
f 2670 2641 2669
f 2670 2643 2641
f 1735 1719 1718
f 1735 1736 1719
f 1735 1718 1734
f 1734 1736 1735
f 1760 1759 1767
f 1760 1736 1759
f 1767 1762 1760
f 2604 2603 3350
f 2595 2603 2604
f 3350 2603 3351
f 3351 2603 2612
f 3347 3350 3351
f 3351 2612 3347
f 3329 3339 3340
f 3340 3341 3329
f 2636 2655 2635
f 2621 2636 2635
f 2635 3343 2621
f 2635 2637 3343
f 2660 2662 2685
f 3318 3325 2660
f 2660 3325 2661
f 2661 2637 2660
f 2637 2662 2660
f 2804 3330 2812
f 2805 3330 2804
f 2812 2806 2804
f 2806 2800 2804
f 2800 2799 2804
f 2798 2805 2804
f 2804 2799 2798
f 3337 3341 3343
f 3343 3330 3337
f 3329 3341 3337
f 3337 3330 3329
f 3342 3330 3343
f 3330 3342 3332
f 3343 2637 3332
f 3332 3342 3343
f 2644 2676 2677
f 2677 2678 2644
f 2644 2643 2676
f 2645 2626 2644
f 2644 2678 2645
f 2626 2625 2644
f 2625 2643 2644
f 2698 2699 2679
f 2679 2697 2698
f 2697 2712 2698
f 2698 2712 2710
f 2710 2699 2698
f 2693 2705 2695
f 2696 2677 2695
f 2677 2693 2695
f 2695 2704 2696
f 2685 2704 2695
f 2695 2705 2685
f 2693 2676 2666
f 2692 2693 2666
f 2640 2639 2666
f 2013 3435 3433
f 3433 2012 2013
f 2014 2015 2013
f 2013 2012 2014
f 2012 2668 2014
f 3317 3312 2806
f 2806 3316 3317
f 2692 2664 3306
f 3306 3307 2692
f 2664 3302 3306
f 3305 3307 3306
f 3300 3305 3306
f 2796 2800 2797
f 2797 2794 2796
f 2796 2799 2800
f 2795 2799 2796
f 2796 2794 2795
f 3149 3179 3147
f 3149 3146 1558
f 1558 1589 3149
f 1589 3179 3149
f 3147 3131 3149
f 3131 3146 3149
f 3148 3131 3147
f 480 481 422
f 480 550 481
f 615 619 617
f 619 618 617
f 615 669 670
f 709 710 670
f 670 669 709
f 712 671 670
f 670 671 615
f 709 669 668
f 668 708 709
f 668 669 614
f 607 540 606
f 540 607 541
f 541 607 606
f 606 609 541
f 609 544 541
f 1512 1520 1513
f 1513 1520 603
f 1513 1511 1512
f 603 1511 1513
f 1556 1534 1533
f 610 1534 1556
f 604 1520 1519
f 1519 1520 1512
f 419 418 472
f 472 473 419
f 472 537 473
f 419 473 474
f 540 541 474
f 542 543 474
f 474 543 540
f 539 538 604
f 539 473 538
f 539 474 473
f 542 474 539
f 539 605 542
f 539 604 605
f 536 535 603
f 603 537 536
f 1606 1609 1579
f 1576 1609 1606
f 1610 1611 1579
f 1579 1609 1610
f 1610 1608 1611
f 1609 1608 1610
f 1554 611 1555
f 1554 1586 611
f 1583 1582 663
f 663 1552 1583
f 1583 1552 1582
f 1550 1548 1547
f 1547 1572 1550
f 1550 1572 1573
f 1635 1604 1632
f 1600 1634 1632
f 1634 1635 1632
f 1632 1598 1600
f 1632 1604 1598
f 1639 1638 1640
f 1640 1608 1639
f 1639 1608 1638
f 284 285 240
f 238 283 284
f 284 283 331
f 331 332 284
f 284 332 285
f 240 285 286
f 286 287 240
f 338 287 286
f 336 337 286
f 286 337 338
f 286 335 336
f 286 285 333
f 333 332 390
f 392 335 391
f 391 335 333
f 391 390 392
f 333 390 391
f 1516 1716 1515
f 1515 1716 1715
f 1525 1516 1515
f 1515 1715 1733
f 1515 1756 1525
f 1733 1756 1515
f 611 1586 665
f 665 662 611
f 665 1586 663
f 663 662 665
f 476 478 421
f 404 460 418
f 418 362 404
f 404 344 403
f 601 595 656
f 1714 1731 1732
f 1733 1714 1732
f 1732 1756 1733
f 593 594 524
f 592 522 521
f 521 591 592
f 524 522 592
f 592 593 524
f 591 593 592
f 1889 1890 1856
f 1856 1873 1844
f 1844 1805 1843
f 1844 1845 1805
f 1844 1873 1842
f 1842 1845 1844
f 336 392 393
f 2658 2688 2689
f 2689 2659 2658
f 2658 2659 2636
f 2636 2657 2658
f 2658 2657 2688
f 2648 2680 2681
f 2681 2701 2683
f 2700 2701 2681
f 2681 2680 2700
f 1681 1695 1696
f 1696 1697 1681
f 1695 1702 1696
f 1702 1697 1696
f 1693 1697 1698
f 1698 1694 1693
f 1698 1700 1699
f 1698 1697 1700
f 1699 1684 1698
f 1684 1694 1698
f 1688 1686 1701
f 1701 1689 1688
f 1688 1689 1670
f 1688 1670 1674
f 1674 1686 1688
f 1703 1690 1702
f 1703 1695 1692
f 1703 1702 1695
f 1691 1692 2605
f 1691 1703 1692
f 1690 1703 1691
f 2605 2598 1691
f 2590 1672 1691
f 1691 1672 1671
f 1671 1690 1691
f 1691 2598 2590
f 666 674 707
f 707 708 666
f 616 544 609
f 609 664 616
f 616 664 674
f 674 666 616
f 1628 1629 1595
f 1657 1629 1656
f 1656 1629 1655
f 731 1657 1677
f 1677 1675 731
f 731 1675 732
f 732 1675 1655
f 732 709 731
f 1561 1587 756
f 1612 1647 1648
f 1648 1643 1612
f 1647 1643 1648
f 1612 1643 1644
f 1644 1643 714
f 1644 1613 1612
f 1644 714 674
f 674 1613 1644
f 681 722 682
f 683 624 682
f 624 681 682
f 682 626 683
f 684 626 682
f 723 684 682
f 682 722 723
f 715 675 713
f 715 736 716
f 738 739 717
f 717 677 716
f 3122 3121 738
f 754 736 1521
f 1536 1522 1521
f 2584 2591 2592
f 2591 2593 2592
f 2592 2585 2584
f 2592 2593 2585
f 2594 2595 2587
f 2587 2593 2594
f 2594 2593 2602
f 2602 2603 2594
f 2594 2603 2595
f 2651 2631 2649
f 2651 2650 2631
f 2649 2648 2651
f 3141 2471 2472
f 2472 1379 3141
f 2471 1378 2472
f 2472 1378 1379
f 2538 2539 2513
f 2513 2512 2538
f 2489 2512 2513
f 3141 1389 3168
f 3168 1408 3196
f 3196 3206 3168
f 3206 3207 3168
f 3169 3142 3141
f 3141 3168 3169
f 3169 3168 3207
f 3170 3142 3169
f 3208 3170 3169
f 3169 3207 3208
f 3107 3108 3103
f 3107 3103 3425
f 3425 3424 3107
f 3114 3117 3118
f 3108 3107 3114
f 3114 3118 2363
f 3114 2363 2362
f 2383 3104 3110
f 3104 3108 3110
f 2362 2383 3110
f 2737 3421 2772
f 2772 2763 2737
f 3421 2773 2772
f 2772 2773 2764
f 2764 2763 2772
f 3106 3112 2732
f 2732 2731 3106
f 3105 3112 3106
f 2509 3105 3106
f 3106 2731 2509
f 2366 3115 2388
f 3115 3111 2388
f 2367 2366 2388
f 2388 2389 2367
f 2388 3111 2389
f 3047 3036 3046
f 3037 3036 3047
f 3067 3069 3059
f 3070 3068 3059
f 3059 3069 3070
f 3059 2761 3067
f 2557 2558 2537
f 2557 2555 2558
f 2557 2537 2536
f 2536 2555 2557
f 2543 2558 2559
f 2558 2570 2559
f 2559 2570 2572
f 2572 2560 2559
f 2559 2560 2543
f 2569 2570 2555
f 2572 2570 2569
f 2713 2781 2771
f 2713 2770 2714
f 2713 2771 2770
f 2715 2727 2716
f 2714 2727 2715
f 2715 2713 2714
f 2785 2789 2783
f 2783 2781 2785
f 3045 3042 2785
f 2785 3042 3044
f 3044 2789 2785
f 3038 3049 2530
f 3037 3049 3038
f 3038 2530 3030
f 3030 3037 3038
f 3023 2762 3028
f 2762 3036 3028
f 3028 3036 3029
f 3028 3024 3023
f 3029 3024 3028
f 2546 2548 2547
f 2547 2525 2546
f 2548 2525 2547
f 2518 2519 2492
f 2492 2491 2518
f 2492 2519 1387
f 2469 2491 2492
f 2516 2521 2524
f 2524 2520 2516
f 2524 2521 2498
f 2498 2520 2524
f 2474 2495 2475
f 2475 2497 2476
f 2475 2476 2453
f 2453 2474 2475
f 2484 2505 2483
f 2484 2482 2505
f 2483 2462 2484
f 2484 2462 2482
f 2480 2461 2459
f 2480 2482 2461
f 2459 2481 2480
f 2481 2482 2480
f 2574 2564 2563
f 2563 2756 2574
f 2574 2756 2564
f 2750 2754 2759
f 2759 2752 2767
f 2767 2750 2759
f 2759 2753 2752
f 2759 2754 2753
f 2755 2573 2572
f 2755 2754 2573
f 3007 1922 3013
f 2995 3005 3006
f 3006 3007 2995
f 2721 2992 2723
f 2723 2722 2721
f 2992 2993 2723
f 2723 2724 2714
f 2714 2722 2723
f 2998 2724 2723
f 2324 3399 2327
f 2328 2326 2327
f 2331 2328 2327
f 2327 3399 2331
f 779 768 781
f 781 770 779
f 3396 768 779
f 779 770 3396
f 3396 3401 3400
f 3393 3399 3400
f 3400 3401 3393
f 771 3401 772
f 3523 2342 3512
f 3523 3513 2341
f 2341 2342 3523
f 3523 3524 3513
f 3523 3525 3524
f 2017 3515 2021
f 2023 2246 2017
f 3505 3515 2017
f 2021 2022 2017
f 2017 2022 2023
f 1144 1164 1113
f 1144 1898 1164
f 1900 1909 1908
f 1908 1901 1900
f 1901 1896 1900
f 1078 1111 1076
f 3027 3034 3035
f 3035 3031 3027
f 2942 3026 3027
f 2926 2925 2942
f 2926 1069 2925
f 1102 1069 1895
f 1895 1896 1897
f 1069 2926 1895
f 1897 1898 1895
f 1895 2926 2942
f 1898 1144 1895
f 1113 1102 1895
f 1895 1144 1113
f 2987 1896 2960
f 2960 2959 2987
f 2942 2959 2960
f 3040 3031 3039
f 2984 3031 3040
f 3040 3039 2957
f 2957 2984 3040
f 1970 1945 2913
f 2899 1950 1949
f 1949 2900 2899
f 1945 1970 1949
f 2913 2900 1949
f 1949 1970 2913
f 2872 2869 2857
f 2857 2844 1951
f 2883 2882 2898
f 2898 2899 2883
f 2899 2900 2883
f 2902 2903 2883
f 1951 1931 1930
f 1914 2882 1930
f 1915 1914 1930
f 1930 1931 1915
f 2011 2003 2002
f 2002 2010 2011
f 2005 2003 2011
f 2011 2004 2005
f 2010 2004 2011
f 1975 1992 1990
f 1954 1977 1975
f 1975 1977 1992
f 1966 1967 1942
f 1987 1967 1966
f 1940 1924 1923
f 1923 1924 1910
f 1910 1922 1923
f 3014 3009 3013
f 3013 1922 3014
f 3014 1909 3009
f 3014 1922 1909
f 1156 1200 1201
f 1903 1157 1201
f 1201 1157 1156
f 1199 1155 1198
f 1199 1200 1155
f 1210 1207 1240
f 1240 1242 1210
f 1202 1203 1162
f 1112 1111 1160
f 1114 1160 1111
f 1166 1160 1114
f 1114 1078 1113
f 1114 1111 1078
f 2873 510 500
f 2873 2870 510
f 2869 2870 2855
f 2846 1042 2855
f 2855 2857 2869
f 2844 2857 2855
f 2884 2870 2869
f 2884 2869 2872
f 2872 2888 2884
f 635 562 636
f 636 562 572
f 636 690 635
f 491 570 571
f 571 493 491
f 572 493 571
f 492 424 491
f 491 493 492
f 492 493 424
f 1060 1061 1030
f 1400 1397 1030
f 1030 1385 1400
f 1030 1028 1060
f 1029 1028 1030
f 1030 1397 1029
f 1031 1030 1061
f 1385 1030 1031
f 1174 1215 1217
f 1217 1218 1174
f 1215 1218 1217
f 1190 1234 1235
f 1233 1234 1190
f 1235 1191 1190
f 1191 1149 1190
f 1105 1147 1148
f 1148 1149 1105
f 1193 1214 1238
f 1238 1236 1193
f 1214 1236 1238
f 1137 1184 1185
f 1135 1184 1137
f 1097 1135 1137
f 1183 1134 1182
f 1182 1184 1183
f 1183 1135 1134
f 1183 1184 1135
f 1230 1243 1212
f 1212 1213 1230
f 1212 1214 1172
f 1212 1243 1214
f 1213 1212 1170
f 1170 1212 1172
f 1172 1171 1170
f 1170 1171 1123
f 1123 1169 1170
f 1139 1140 1097
f 1141 1098 1097
f 1097 1140 1141
f 1099 1098 1141
f 1141 1140 1099
f 1177 1129 1176
f 1176 638 1177
f 637 638 564
f 637 563 635
f 564 563 637
f 1244 702 1245
f 1245 702 1246
f 1245 1219 1244
f 1246 1219 1245
f 648 641 695
f 695 702 648
f 639 694 695
f 695 640 639
f 641 640 695
f 1246 702 1220
f 1220 1219 1246
f 702 695 1220
f 1220 695 694
f 1174 1219 1220
f 1063 1033 1032
f 1035 1062 1032
f 1062 1063 1032
f 1032 1033 1011
f 997 996 1011
f 1013 1014 997
f 997 1011 1013
f 2422 996 997
f 997 998 2422
f 1014 998 997
f 1011 996 1012
f 1012 1032 1011
f 1003 1023 1012
f 1012 996 1003
f 1012 1023 1035
f 1035 1032 1012
f 1067 1037 1065
f 1053 1037 1067
f 1065 1037 1036
f 1036 1066 1065
f 1034 1066 1036
f 1013 1034 1036
f 1036 1037 1013
f 1088 1125 1089
f 1004 988 998
f 1004 998 1014
f 1014 1024 1004
f 1004 989 988
f 1025 1055 1026
f 1026 1006 1025
f 1027 1007 1026
f 1007 1006 1026
f 1025 1024 1054
f 1054 1055 1025
f 1054 1024 1053
f 1053 1055 1054
f 2550 2549 2566
f 2565 3016 2566
f 2566 2549 2565
f 3016 3020 2567
f 2550 2566 2567
f 2567 2566 3016
f 3021 3020 2551
f 3021 2529 2550
f 2551 2529 3021
f 2550 2567 3021
f 3021 2567 3020
f 1181 1203 1221
f 1221 1222 1181
f 1203 1202 1221
f 3058 3057 3065
f 3065 2787 3058
f 3058 3051 3050
f 3050 3057 3058
f 3073 1168 3085
f 3084 1168 3073
f 3072 1205 3084
f 3084 3073 3072
f 3064 3072 3073
f 3065 3057 3064
f 1197 1239 1240
f 1197 1207 1198
f 1240 1207 1197
f 1198 1155 1197
f 1155 1154 1197
f 1119 3092 3093
f 3093 1168 1119
f 3093 3092 3085
f 3085 1168 3093
f 2791 3075 3077
f 3077 2788 2791
f 3076 2788 3077
f 3066 2787 3065
f 3065 3075 3066
f 3066 3075 2787
f 3078 3080 3079
f 3078 3069 3076
f 3079 3069 3078
f 3091 3092 1118
f 3091 3080 3092
f 3070 3080 3081
f 3080 3091 3081
f 1118 1083 3081
f 3081 3091 1118
f 2783 2789 2790
f 2790 2786 2783
f 3044 3051 2790
f 2790 2789 3044
f 2787 2786 2790
f 3051 3058 2790
f 2790 3058 2787
f 2716 2725 2728
f 2728 2725 2730
f 2728 2730 2980
f 2980 2956 2728
f 2728 2956 2716
f 2716 2727 2726
f 2726 2725 2716
f 2726 2727 2714
f 2714 2725 2726
f 1358 1340 1357
f 1357 1367 1358
f 1367 1368 1358
f 1358 1368 1359
f 1337 1340 1338
f 2897 2004 2880
f 2896 2004 2897
f 1989 2896 1969
f 1989 2004 2896
f 1969 1988 1989
f 2005 2004 1989
f 1989 2003 2005
f 1988 2003 1989
f 2920 2915 2914
f 1317 1333 1980
f 1980 1981 1317
f 1317 1316 1333
f 1317 1981 1982
f 1958 1316 1317
f 1982 1974 1317
f 1317 1974 1958
f 2867 2881 1998
f 1998 1999 1980
f 1994 1999 2009
f 1999 1998 2009
f 2009 1998 2881
f 2880 2010 2009
f 2009 2881 2880
f 2009 2010 2006
f 2006 2008 2009
f 2009 1992 1994
f 2009 2008 1992
f 2867 1998 1997
f 1997 1998 1980
f 411 412 354
f 466 530 468
f 529 597 598
f 598 530 529
f 529 527 597
f 529 530 466
f 2264 2271 2272
f 2272 2271 1919
f 2272 2273 2264
f 1919 2273 2272
f 1935 2271 1959
f 1920 1919 1935
f 1919 2271 1935
f 1355 1959 2263
f 1959 2271 2263
f 2263 2264 1355
f 2263 2271 2264
f 1906 2273 1919
f 1906 1919 1920
f 1906 1907 2288
f 2288 2273 1906
f 1906 1920 1921
f 1906 2301 1907
f 2928 2923 2936
f 2930 2931 2922
f 2718 3389 2922
f 3389 2928 2922
f 2922 2719 2718
f 2933 2719 2922
f 1899 2304 2312
f 1899 1906 1904
f 2301 1906 1899
f 2953 2955 2976
f 2976 2977 2953
f 2288 1907 2289
f 2274 2288 2289
f 2289 2290 2274
f 2294 2290 2289
f 2289 2301 2294
f 1907 2301 2289
f 1315 1316 1958
f 1315 1958 1937
f 1937 1339 1315
f 1603 1572 1570
f 1572 1571 1570
f 1570 1545 1569
f 1570 1571 1545
f 1568 1602 1717
f 1717 1708 1568
f 1568 1708 1544
f 971 955 965
f 965 949 971
f 956 955 971
f 971 949 956
f 926 956 957
f 956 949 957
f 864 834 863
f 864 836 834
f 1751 1752 1728
f 1751 1785 1752
f 1751 843 842
f 1751 836 843
f 872 897 873
f 873 852 872
f 844 823 843
f 824 823 844
f 844 864 863
f 863 869 844
f 843 836 844
f 836 864 844
f 926 957 948
f 948 957 949
f 899 925 926
f 924 925 899
f 853 854 830
f 852 873 853
f 810 824 825
f 811 812 803
f 811 803 810
f 810 825 811
f 811 825 826
f 805 812 813
f 812 811 813
f 813 811 826
f 813 827 814
f 813 826 827
f 828 826 849
f 827 826 828
f 849 826 845
f 845 825 824
f 826 825 845
f 946 969 970
f 946 955 968
f 968 969 946
f 955 969 968
f 94 76 63
f 94 970 969
f 946 970 94
f 94 947 946
f 63 947 94
f 953 146 955
f 955 954 953
f 953 952 146
f 953 954 926
f 926 952 953
f 973 969 955
f 955 972 973
f 973 972 107
f 973 94 969
f 2429 2427 2437
f 2428 2427 2429
f 2423 1425 2428
f 2428 2429 2423
f 2423 2429 2430
f 2423 1491 1490
f 2431 1491 2423
f 2423 2430 2431
f 2459 2461 2450
f 2450 2460 2459
f 2430 2429 2438
f 2447 2449 2438
f 2437 2447 2438
f 2438 2429 2437
f 1052 1084 1085
f 1085 1051 1052
f 1052 1051 1023
f 1050 1084 1052
f 1052 1023 1050
f 1018 1045 1019
f 999 1018 1019
f 3068 1018 999
f 1048 1020 1047
f 1048 1047 1080
f 1080 1049 1048
f 1049 1022 1048
f 985 2442 2443
f 2443 984 985
f 983 982 1001
f 1001 984 983
f 2464 2463 2486
f 2486 2487 2464
f 2507 2487 2486
f 2486 2485 2507
f 2486 2463 2485
f 2461 2462 2451
f 2451 2450 2461
f 1495 1456 1455
f 1494 1495 1455
f 1455 1493 1494
f 1492 1493 1455
f 1490 1492 1455
f 1455 1456 1425
f 1455 2423 1490
f 1425 2423 1455
f 991 977 990
f 1508 1478 1494
f 1494 1493 1508
f 1508 974 975
f 1508 1493 1492
f 1508 1492 974
f 992 978 977
f 992 991 1006
f 977 991 992
f 1006 993 992
f 993 978 992
f 723 744 745
f 3266 748 3232
f 3266 3267 748
f 3266 3232 3265
f 743 748 747
f 747 744 743
f 747 745 744
f 552 553 482
f 482 551 552
f 621 553 552
f 552 551 621
f 621 622 678
f 3240 3198 678
f 678 622 3240
f 1467 1502 1503
f 1503 1502 1485
f 1503 1474 1467
f 1503 1485 1474
f 1509 1502 1501
f 1464 1498 1501
f 1498 1509 1501
f 1467 1464 1501
f 1501 1502 1467
f 3161 3163 3140
f 3161 3160 3163
f 3161 3140 3139
f 3139 3160 3161
f 3243 3244 3203
f 3204 3166 3203
f 3274 3272 3283
f 3274 3244 3272
f 3274 3283 3275
f 3242 3244 3243
f 3271 3272 3241
f 3241 3242 3199
f 3199 3240 3241
f 3241 3240 3271
f 3243 3203 3202
f 3202 3203 3166
f 3202 3242 3243
f 3140 3163 3164
f 3163 3201 3164
f 1381 1395 1382
f 1382 1375 1381
f 1382 1395 689
f 689 1375 1382
f 1380 1375 3128
f 1381 1375 1380
f 3128 3140 1380
f 1380 3140 1391
f 1391 1381 1380
f 1482 1476 1483
f 1483 1449 1482
f 1476 1449 1483
f 1472 1504 1505
f 1505 1476 1506
f 1505 1504 1476
f 1505 697 1472
f 1506 699 1505
f 1505 699 697
f 726 1443 1477
f 1477 1443 1472
f 1477 697 726
f 1472 697 1477
f 1444 1412 724
f 724 1437 1444
f 1444 1437 1412
f 724 725 727
f 727 1437 724
f 725 1437 727
f 1410 1437 1436
f 1436 1437 725
f 689 1395 1414
f 1395 1394 1414
f 315 280 279
f 270 280 315
f 294 270 317
f 295 250 294
f 294 317 348
f 348 295 294
f 249 250 204
f 204 221 249
f 249 221 270
f 270 294 249
f 249 294 250
f 204 250 251
f 251 250 295
f 384 326 328
f 383 326 384
f 446 447 384
f 2846 2855 2859
f 2859 2855 2870
f 2859 1016 2846
f 431 430 495
f 431 495 496
f 431 432 372
f 372 430 431
f 496 497 431
f 497 432 431
f 377 321 376
f 376 368 426
f 321 368 376
f 438 430 377
f 1148 1147 573
f 573 581 1148
f 648 1248 649
f 649 1248 1231
f 1070 1103 1071
f 1071 1074 1070
f 1070 575 1103
f 1041 1074 1071
f 1071 1072 1041
f 1041 1016 1040
f 1042 1016 1041
f 1040 1070 1041
f 1041 1070 1074
f 495 575 576
f 576 497 496
f 496 495 576
f 1040 497 576
f 576 1070 1040
f 575 1070 576
f 387 440 446
f 387 386 440
f 328 386 387
f 446 384 387
f 387 384 328
f 441 386 442
f 440 386 441
f 441 442 379
f 379 440 441
f 382 327 325
f 920 947 921
f 921 894 920
f 921 947 63
f 867 894 895
f 894 921 895
f 866 888 890
f 890 891 866
f 865 888 866
f 866 838 865
f 866 891 867
f 918 894 919
f 919 891 918
f 894 891 919
f 1265 1275 865
f 865 838 1265
f 1254 1255 1250
f 1250 1253 1254
f 1260 1263 1255
f 1272 1263 1260
f 1260 1255 1254
f 1255 1261 1262
f 1275 1265 1262
f 1274 1275 1262
f 1262 1273 1274
f 1261 1273 1262
f 2316 2317 2309
f 2276 2275 2277
f 2277 2267 2276
f 2264 2275 2276
f 2234 2244 2245
f 2245 2243 2234
f 2224 2230 2231
f 2231 2225 2224
f 2231 2230 2241
f 2241 881 2249
f 2249 881 2238
f 2238 2248 2249
f 2242 2231 2241
f 2241 2249 2242
f 2242 2249 2248
f 2238 3379 2247
f 2247 2248 2238
f 2250 2242 2247
f 2247 2242 2248
f 2245 2244 2255
f 2255 2256 2245
f 2257 2246 2023
f 2023 2035 2257
f 43 44 25
f 25 42 43
f 45 44 68
f 67 96 68
f 68 43 67
f 68 44 43
f 84 56 55
f 57 89 58
f 57 56 87
f 87 56 86
f 124 86 123
f 124 89 86
f 124 123 167
f 167 125 124
f 124 125 90
f 90 89 124
f 1353 1330 1352
f 93 60 92
f 127 130 92
f 172 127 171
f 171 212 172
f 172 170 127
f 212 170 172
f 213 212 1365
f 1365 170 213
f 1349 170 1365
f 1349 1365 1351
f 1351 1365 212
f 1330 1349 1351
f 1351 1352 1330
f 169 168 171
f 169 126 168
f 171 127 169
f 127 126 169
f 1299 1332 1329
f 1329 1323 1299
f 1346 1323 1329
f 1329 1350 1346
f 1329 1332 1350
f 170 173 129
f 93 92 129
f 130 170 129
f 129 92 130
f 1272 1289 1290
f 1290 1278 1272
f 1297 1278 1290
f 1290 129 1297
f 1289 129 1290
f 229 179 228
f 179 227 228
f 228 280 229
f 279 280 228
f 228 227 279
f 279 227 278
f 278 326 279
f 325 327 278
f 278 327 328
f 328 326 278
f 230 179 229
f 230 221 179
f 229 270 230
f 270 221 230
f 180 221 204
f 179 221 180
f 268 215 267
f 136 139 137
f 72 102 100
f 100 102 136
f 136 137 100
f 242 267 243
f 196 242 243
f 267 215 248
f 248 243 267
f 247 243 248
f 95 67 83
f 95 96 67
f 83 118 95
f 95 118 96
f 81 115 116
f 116 82 81
f 117 82 116
f 158 199 195
f 195 156 158
f 195 199 196
f 196 156 195
f 193 156 196
f 454 452 461
f 461 452 455
f 405 454 461
f 461 455 405
f 456 455 520
f 49 80 74
f 74 52 49
f 49 52 50
f 49 50 31
f 31 48 49
f 49 41 65
f 48 41 49
f 53 82 83
f 83 66 53
f 52 82 53
f 31 52 53
f 54 42 31
f 54 66 42
f 31 53 54
f 54 53 66
f 1272 38 1287
f 37 38 21
f 37 61 38
f 8 12 5
f 14 6 11
f 23 24 11
f 24 14 11
f 11 6 841
f 841 868 11
f 7 16 15
f 15 8 7
f 12 8 15
f 15 25 12
f 29 14 24
f 29 16 14
f 31 16 29
f 29 41 31
f 24 41 29
f 3526 3521 2021
f 2021 3519 3526
f 3526 3519 3521
f 3522 3512 3511
f 3519 3525 3522
f 3522 3523 3512
f 3525 3523 3522
f 3511 3521 3522
f 3521 3519 3522
f 3493 2144 2154
f 3493 3494 2144
f 3493 2111 3494
f 2144 3494 3481
f 3481 3494 3482
f 3481 3472 2144
f 3482 3472 3481
f 2181 2183 2197
f 2190 2172 2171
f 2171 2166 2190
f 2173 2172 2190
f 2175 2174 2190
f 2190 2174 2173
f 2190 2189 2175
f 2115 2160 2118
f 2199 2200 2187
f 2187 1726 2188
f 1745 1726 2187
f 1777 1745 2187
f 2187 2200 1777
f 2161 2118 2160
f 2114 2113 2156
f 3494 2111 2077
f 3495 3494 2077
f 2081 2082 2050
f 2125 2082 2124
f 2124 2123 2167
f 2124 2081 2123
f 2082 2081 2124
f 2031 2032 2021
f 2021 2030 2031
f 2051 2034 2033
f 2033 2050 2051
f 2022 2032 2033
f 2033 2034 2022
f 2204 2197 1812
f 1812 2206 2204
f 1872 1847 1846
f 1806 1840 1846
f 1840 1872 1846
f 1815 1811 1850
f 1815 1814 1811
f 1850 1816 1815
f 1815 1816 1777
f 1777 1814 1815
f 1816 1817 1778
f 1777 1816 1778
f 1778 1745 1777
f 1778 1817 1818
f 1819 1851 1820
f 1820 1851 1852
f 1820 1852 1821
f 1820 1780 1819
f 1821 1780 1820
f 1852 1851 1885
f 1885 1882 1886
f 1886 1852 1885
f 1885 1883 1882
f 1884 1883 1885
f 1885 1851 1884
f 1853 1861 1832
f 1853 1826 1824
f 1824 1821 1853
f 1821 1852 1853
f 1852 1861 1853
f 3094 3097 3095
f 3094 3310 3097
f 3094 3304 3310
f 2417 3304 3094
f 3094 2418 2417
f 3094 3095 3096
f 3096 2421 3094
f 3094 2421 2418
f 3348 3350 3347
f 3347 3349 3348
f 3336 3346 3430
f 3430 3429 3336
f 3429 3328 3336
f 3345 3346 3336
f 2418 2406 3309
f 2406 2391 3309
f 2407 2393 2406
f 2407 2406 2418
f 2418 2419 2407
f 2408 2393 2407
f 2407 2419 2408
f 2026 2029 2020
f 2020 2019 2026
f 2019 2025 2026
f 2025 2040 2026
f 3435 2016 3437
f 3437 3438 3435
f 3437 2016 2020
f 2020 3438 3437
f 1742 1743 1725
f 1743 2150 1725
f 2176 2138 1724
f 2176 1724 1742
f 1742 1725 2176
f 2176 1725 2150
f 2064 2063 2100
f 3443 3453 3445
f 3445 3453 2816
f 3295 3299 2623
f 2623 2639 2640
f 2623 3299 2639
f 2814 3297 3296
f 3296 3297 3439
f 2127 2084 2125
f 2125 2169 2127
f 2167 2171 2134
f 2171 2172 2134
f 2134 2172 2173
f 2173 2174 2134
f 2136 2097 2096
f 2059 2097 801
f 2093 2097 2059
f 801 807 2059
f 807 808 2059
f 1832 1787 1831
f 1787 1826 1831
f 1831 1853 1832
f 1826 1853 1831
f 150 151 112
f 112 111 150
f 114 115 81
f 113 115 114
f 147 182 183
f 147 950 924
f 183 148 147
f 147 148 108
f 147 108 146
f 154 191 155
f 154 192 191
f 154 155 112
f 112 153 154
f 112 151 152
f 151 188 152
f 152 153 112
f 152 188 153
f 236 234 282
f 331 283 282
f 282 283 236
f 282 330 331
f 281 330 282
f 282 234 281
f 190 236 238
f 190 189 236
f 153 189 190
f 190 154 153
f 192 154 190
f 330 818 1705
f 835 818 281
f 834 818 835
f 1749 1727 1750
f 331 330 1749
f 330 1727 1749
f 1728 1727 1712
f 1712 1727 330
f 330 1705 1712
f 1791 1790 1789
f 1789 1835 1791
f 1789 1753 1786
f 1789 1790 1753
f 1786 1830 1789
f 448 1835 1834
f 1834 1789 1830
f 1835 1789 1834
f 810 1822 1823
f 1823 1825 810
f 1823 1822 1782
f 1823 1782 1824
f 1824 1825 1823
f 759 2324 2325
f 2325 2326 759
f 2324 2327 2325
f 2325 2327 2326
f 2329 3362 3355
f 3355 2326 2329
f 2329 2328 2333
f 2329 2326 2328
f 2269 2286 2270
f 2262 2268 2269
f 2269 2270 2262
f 759 3352 763
f 763 764 759
f 3352 2286 763
f 2286 764 763
f 765 764 780
f 780 764 2286
f 3357 3358 2340
f 3488 2341 3502
f 3502 3489 3488
f 3505 3517 3506
f 3506 3489 3505
f 962 961 960
f 960 959 943
f 943 962 960
f 960 937 959
f 938 937 960
f 2238 938 960
f 960 2239 2238
f 960 961 2239
f 2938 2955 2953
f 2938 2954 2955
f 2938 2939 2923
f 2951 2943 2963
f 2294 2975 2963
f 2277 2296 2292
f 2292 2293 2277
f 2266 2278 2279
f 2279 2278 2277
f 2277 2293 2279
f 786 787 772
f 3396 770 786
f 786 3401 3396
f 772 3401 786
f 2322 789 2317
f 2317 789 2323
f 2210 2270 2287
f 2287 2217 2210
f 3174 3143 3144
f 3144 3177 3174
f 3182 3218 3217
f 3216 3177 3220
f 3216 3174 3177
f 3217 3174 3216
f 1622 1631 1623
f 1631 1624 1623
f 1590 1622 1623
f 1623 1624 1590
f 1617 1631 1650
f 1650 1618 1617
f 2359 2350 2349
f 2349 2358 2359
f 2575 2577 2349
f 2349 2350 2575
f 2357 2358 2349
f 2349 2577 2357
f 2348 3213 2354
f 3213 2353 2354
f 2354 2353 2352
f 2354 2352 2364
f 2354 2355 2348
f 2364 2355 2354
f 3123 1522 3130
f 3130 3124 3123
f 3123 3124 1522
f 2673 2670 2694
f 2673 2694 2024
f 2024 2018 2673
f 2643 2670 2673
f 2673 2018 2015
f 1738 1719 1737
f 1737 1762 1738
f 1719 1736 1737
f 2622 3339 2612
f 2622 3340 3339
f 2612 3341 2622
f 3341 3340 2622
f 2655 2637 2656
f 2656 2635 2655
f 2637 2635 2656
f 3314 2660 2685
f 3333 3332 2637
f 3324 3332 3333
f 3333 2637 2661
f 2661 3325 3333
f 3325 3324 3333
f 3324 3330 3331
f 3331 3332 3324
f 3330 3332 3331
f 3440 2623 2640
f 3435 2623 3440
f 2640 2666 2667
f 2667 2668 2640
f 2676 2643 2675
f 2668 2667 2675
f 2675 2666 2676
f 2675 2667 2666
f 3435 3440 3436
f 2640 2668 3436
f 3436 3440 2640
f 3434 2668 2012
f 2012 3433 3434
f 3434 3436 2668
f 3434 3433 3435
f 3435 3436 3434
f 3300 3306 3301
f 3301 3306 3302
f 3186 3156 3187
f 3187 3153 3186
f 3156 3153 3187
f 3186 3153 3152
f 3135 3153 3156
f 3136 3124 3135
f 3135 3155 3136
f 753 3155 3135
f 3156 3157 3135
f 615 617 547
f 547 617 618
f 549 548 547
f 547 618 549
f 479 548 549
f 479 547 548
f 478 547 479
f 479 549 550
f 550 480 479
f 421 478 479
f 479 422 421
f 479 480 422
f 614 544 613
f 613 668 614
f 708 668 667
f 667 666 708
f 668 613 667
f 475 544 545
f 475 541 544
f 545 476 475
f 475 476 419
f 419 474 475
f 475 474 541
f 1535 1534 604
f 604 1519 1535
f 1518 1519 1512
f 1512 1517 1518
f 1518 1535 1519
f 1533 1534 1518
f 1534 1535 1518
f 471 472 418
f 471 460 525
f 418 460 471
f 525 535 471
f 535 536 471
f 537 472 471
f 471 536 537
f 1578 1552 1576
f 1576 1606 1578
f 1579 1552 1578
f 1578 1606 1579
f 1553 1552 1586
f 1586 1554 1553
f 1532 1554 1555
f 1532 1556 1533
f 1555 610 1532
f 610 1556 1532
f 1532 1518 1517
f 1533 1518 1532
f 1517 1516 1532
f 1576 1552 1577
f 1576 1550 1575
f 1548 1550 1549
f 333 335 334
f 334 286 333
f 335 286 334
f 389 448 392
f 392 390 389
f 389 332 331
f 389 390 332
f 331 1749 389
f 1791 1835 389
f 389 1835 448
f 1891 1892 1857
f 1856 1890 1857
f 1890 1891 1857
f 420 362 419
f 419 476 420
f 421 362 420
f 478 476 546
f 615 547 546
f 546 547 478
f 546 476 545
f 545 544 546
f 546 544 615
f 460 404 459
f 459 404 403
f 345 404 362
f 344 404 345
f 289 344 345
f 290 289 345
f 658 1730 601
f 601 656 658
f 1714 1730 658
f 658 1731 1714
f 594 593 655
f 655 595 594
f 655 656 595
f 1731 658 655
f 655 658 656
f 1856 1844 1878
f 449 393 392
f 449 1892 1891
f 449 514 515
f 392 448 449
f 1889 514 449
f 449 1891 1890
f 1890 1889 449
f 1655 1629 1653
f 1629 1628 1653
f 1655 1675 1676
f 1676 1656 1655
f 1657 1656 1676
f 1676 1677 1657
f 1675 1677 1676
f 735 715 713
f 736 715 735
f 675 715 676
f 676 677 620
f 716 677 676
f 676 715 716
f 620 619 676
f 619 675 676
f 738 717 737
f 737 736 754
f 716 736 737
f 737 717 716
f 737 3122 738
f 677 717 718
f 718 717 739
f 718 739 740
f 680 677 718
f 718 720 680
f 740 720 718
f 755 1521 736
f 1587 1557 755
f 755 756 1587
f 736 735 755
f 755 735 756
f 755 1557 1539
f 754 1521 1514
f 1514 737 754
f 1522 3121 1514
f 1514 1521 1522
f 2619 2612 2611
f 2611 2610 2619
f 2610 2618 2619
f 2617 2610 2609
f 2617 2618 2610
f 2617 2609 2608
f 2617 2630 2631
f 2608 2616 2617
f 2616 2630 2617
f 2617 2633 2618
f 2682 2651 2648
f 2650 2651 2682
f 2682 2681 2683
f 2648 2681 2682
f 2652 2650 2682
f 2683 2653 2682
f 2682 2653 2652
f 2490 2469 2466
f 2490 2466 2489
f 2515 2491 2490
f 2490 2491 2469
f 3117 3114 3113
f 3113 3114 3107
f 3422 3411 3113
f 3411 3117 3113
f 3113 3423 3422
f 3113 3424 3423
f 3113 3107 3424
f 2362 3110 2384
f 2384 3110 3108
f 2384 3114 2362
f 3108 3114 2384
f 3053 3047 3046
f 3037 3047 3048
f 2532 3049 3048
f 3048 3049 3037
f 3060 3059 3068
f 3052 3053 3046
f 3062 3053 3052
f 3046 2761 3052
f 2761 3059 3052
f 3059 3060 3052
f 2747 2555 2746
f 2746 2753 2747
f 2753 2754 2747
f 2754 2755 2747
f 2747 2755 2572
f 2716 2781 2780
f 2781 2713 2780
f 2784 2781 2716
f 2784 2785 2781
f 2784 2716 3045
f 3045 2785 2784
f 2493 1378 2471
f 2471 2492 2493
f 1387 1378 2493
f 2493 2492 1387
f 2470 2492 2471
f 2469 2492 2470
f 2470 2471 3141
f 3141 2469 2470
f 1405 1406 1387
f 1432 1406 1405
f 1405 1387 1386
f 1405 1386 1404
f 1404 1432 1405
f 1388 1378 1387
f 1387 1406 1388
f 1389 1378 1388
f 1388 1406 1389
f 1389 1406 1407
f 1408 3168 1407
f 1407 3168 1389
f 1432 1470 1433
f 1433 1406 1432
f 1408 1407 1433
f 1433 1407 1406
f 2495 2497 2496
f 2496 2475 2495
f 2497 2475 2496
f 2990 2995 2991
f 3001 3002 2992
f 2994 2995 2974
f 2974 2973 2994
f 3393 794 3394
f 3394 3395 3390
f 3390 3393 3394
f 3394 2951 3395
f 777 2943 2951
f 782 2943 777
f 777 776 775
f 776 777 762
f 3401 771 762
f 775 776 762
f 762 771 772
f 3396 3400 3403
f 3403 3400 3399
f 3403 2324 3396
f 3403 3399 2324
f 3516 2017 2246
f 3516 3517 3505
f 3505 2017 3516
f 2988 1896 2987
f 2988 1900 1896
f 2987 2999 2988
f 2988 2999 1909
f 1909 1900 2988
f 1043 3026 2925
f 2925 1069 1043
f 1043 1069 1078
f 1078 1076 1043
f 1077 1111 1112
f 1077 1076 1111
f 1112 1110 1077
f 1159 3043 3034
f 3050 3043 1159
f 1112 3050 1159
f 1159 1110 1112
f 3034 3027 3033
f 3033 1077 1110
f 3027 1077 3033
f 2958 2959 2942
f 2986 2959 2958
f 2958 2983 2986
f 2984 2983 2958
f 2961 1895 2942
f 1896 1895 2961
f 2942 2960 2961
f 2961 2960 1896
f 1947 1928 1927
f 1927 1946 1947
f 1950 2882 1929
f 1929 1949 1950
f 1914 1913 1929
f 1929 2882 1914
f 1929 1913 1928
f 1928 1947 1929
f 1158 2839 1109
f 1158 1109 1915
f 1915 1931 1158
f 1109 2839 2845
f 2845 2839 2844
f 2845 1075 1109
f 2844 1075 2845
f 2844 2839 2843
f 2886 2887 2872
f 2886 2883 2903
f 2886 2905 2887
f 2886 2903 2905
f 2900 2912 2901
f 2901 2883 2900
f 2902 2883 2901
f 2901 2916 2902
f 2912 2914 2901
f 2901 2915 2916
f 2901 2914 2915
f 2868 2857 1951
f 1951 1930 2868
f 2882 2883 2868
f 2868 1930 2882
f 1996 1995 1993
f 1993 2000 1996
f 1993 2007 2000
f 1942 1964 1965
f 1965 1966 1942
f 1965 1964 1987
f 1987 1966 1965
f 1983 1961 3006
f 3006 3005 1983
f 1983 3005 3012
f 1986 1963 1962
f 1985 1986 1962
f 1961 1983 1962
f 1940 1923 1939
f 1939 1923 1922
f 1939 1963 1940
f 1939 1962 1963
f 1922 3007 1939
f 1961 1962 1939
f 1939 3007 3006
f 3006 1961 1939
f 1208 1198 1164
f 1208 1199 1198
f 1188 1201 1200
f 1200 1199 1188
f 1903 1201 1188
f 1199 1208 1188
f 1164 1903 1188
f 1188 1208 1164
f 1241 1210 1242
f 1242 1222 1241
f 1222 1221 1241
f 1241 1221 1202
f 1166 1202 1161
f 1161 1160 1166
f 1112 1160 1161
f 1161 1162 1112
f 1161 1202 1162
f 1166 1114 1165
f 1207 1210 1165
f 1165 1114 1113
f 1113 1164 1165
f 1164 1207 1165
f 1073 1072 1075
f 1042 1041 1073
f 1073 1041 1072
f 2856 1075 2844
f 2844 2855 2856
f 510 2870 2885
f 2870 2884 2885
f 1419 1399 1418
f 569 643 644
f 644 645 569
f 568 643 569
f 569 645 570
f 569 491 568
f 569 570 491
f 646 571 570
f 570 645 646
f 645 700 646
f 1038 1068 690
f 1232 1248 1244
f 1231 1248 1232
f 1244 1233 1232
f 1233 1190 1232
f 1231 1232 1189
f 1189 1232 1190
f 1193 1192 1151
f 1151 1191 1193
f 1192 1153 1151
f 1106 1072 1071
f 1071 1105 1106
f 1107 1072 1106
f 1147 1105 1146
f 1186 1137 1185
f 1169 1139 1187
f 1142 1139 1169
f 1142 1169 1123
f 1123 1122 1142
f 1142 1122 1121
f 1099 1140 1100
f 1140 1139 1100
f 1065 1099 1100
f 1139 1142 1100
f 1142 1143 1100
f 691 637 635
f 635 690 691
f 690 1068 691
f 638 637 691
f 691 693 638
f 638 693 1131
f 1091 1130 1131
f 1175 694 1176
f 1175 1220 694
f 1174 1220 1175
f 1176 1129 1175
f 1175 1129 1174
f 1121 1122 1086
f 1053 1067 1086
f 1124 1123 1089
f 1089 1125 1124
f 1087 1055 1053
f 1053 1086 1087
f 1087 1086 1122
f 1087 1124 1125
f 1125 1088 1087
f 1087 1088 1055
f 1087 1122 1123
f 1123 1124 1087
f 1057 1088 1089
f 1089 1090 1057
f 1055 1088 1057
f 1057 1058 1027
f 1057 1090 1058
f 1005 1004 1024
f 1005 991 990
f 990 989 1005
f 989 1004 1005
f 1024 1006 1005
f 1006 991 1005
f 1027 1026 1056
f 1056 1026 1055
f 1056 1057 1027
f 1055 1057 1056
f 3050 1163 3056
f 3056 3057 3050
f 1163 1205 3071
f 1205 3072 3071
f 3072 3064 3071
f 3074 3064 3073
f 3074 3075 3065
f 3065 3064 3074
f 1225 1195 1237
f 1182 1224 1225
f 1225 1226 1182
f 1225 1237 1226
f 1224 1239 1196
f 1196 1225 1224
f 1195 1225 1196
f 1154 1195 1196
f 1196 1197 1154
f 1239 1197 1196
f 1194 1195 1154
f 1237 1195 1194
f 1194 1154 1193
f 1193 1237 1194
f 3087 3077 3075
f 3092 3089 3086
f 3077 3087 3086
f 3076 3077 3086
f 3086 3089 3076
f 3086 3087 3073
f 3085 3092 3086
f 3086 3073 3085
f 3090 3078 3076
f 3080 3078 3090
f 3076 3089 3090
f 3092 3080 3090
f 3090 3089 3092
f 1083 3083 3082
f 3082 3081 1083
f 3082 3083 3070
f 3070 3081 3082
f 2920 2914 2910
f 2910 2915 2920
f 1333 1301 2853
f 2853 1301 1997
f 1980 1333 2853
f 2853 1997 1980
f 411 354 410
f 297 295 348
f 301 354 355
f 532 468 531
f 531 468 530
f 531 530 598
f 598 599 531
f 531 599 532
f 465 529 466
f 527 529 465
f 528 527 465
f 465 464 528
f 411 464 465
f 465 466 411
f 1936 1960 1937
f 1937 1920 1936
f 1920 1935 1936
f 1916 1932 1933
f 1904 1906 1916
f 1916 1905 1904
f 1917 1916 1933
f 2935 2936 2923
f 2953 2945 2935
f 2945 2936 2935
f 2930 2922 2929
f 2929 2945 2930
f 2929 2936 2945
f 2928 2936 2929
f 2929 2922 2928
f 2300 1899 2312
f 2301 1899 2300
f 2312 2304 2300
f 2304 2301 2300
f 2977 1899 2978
f 2953 2977 2978
f 2304 1899 2979
f 2979 1899 2977
f 2955 2304 2979
f 2979 2976 2955
f 2977 2976 2979
f 2944 2927 2933
f 2944 2719 2927
f 2721 2719 2944
f 2944 2965 2721
f 2989 2965 2974
f 2989 2995 2990
f 2974 2995 2989
f 1957 1933 1956
f 1957 2947 1933
f 1933 2947 2950
f 2950 1917 1933
f 1601 1599 1603
f 1603 1570 1601
f 1565 1599 1601
f 1569 1602 1601
f 1601 1570 1569
f 1728 836 1729
f 1729 1751 1728
f 836 1751 1729
f 1784 1751 842
f 1785 1751 1784
f 842 823 1784
f 1784 823 1785
f 931 903 902
f 875 854 874
f 854 853 874
f 874 853 873
f 901 902 874
f 897 901 874
f 874 873 897
f 874 903 875
f 874 902 903
f 848 850 849
f 849 845 848
f 848 845 824
f 872 852 871
f 847 848 824
f 850 848 847
f 851 871 852
f 185 186 151
f 931 902 922
f 922 949 931
f 922 948 949
f 922 901 897
f 922 902 901
f 829 853 830
f 852 853 829
f 829 851 852
f 850 851 829
f 849 850 829
f 829 828 849
f 801 805 806
f 805 813 806
f 806 807 801
f 814 807 806
f 806 813 814
f 107 94 131
f 131 973 107
f 94 973 131
f 2442 2432 2441
f 2441 2451 2442
f 2450 2451 2441
f 2449 2460 2448
f 2448 2438 2449
f 2460 2450 2448
f 2430 2438 2448
f 1044 1018 3068
f 1045 1018 1044
f 1044 3068 1046
f 1046 1045 1044
f 980 2553 979
f 979 999 980
f 980 999 1000
f 1019 1020 1000
f 1000 999 1019
f 1001 981 1000
f 1000 981 980
f 1020 1048 1021
f 1001 1000 1021
f 1021 1000 1020
f 1021 1048 1022
f 1021 1002 1001
f 1021 1022 1002
f 2442 2451 2452
f 2452 2451 2462
f 2452 2443 2442
f 2452 2463 2464
f 2452 2462 2463
f 2464 982 2452
f 982 983 2452
f 984 2443 2452
f 2452 983 984
f 1478 1508 995
f 995 994 1010
f 1010 1478 995
f 1507 978 994
f 994 995 1507
f 1507 995 1508
f 975 978 1507
f 1507 1508 975
f 746 741 723
f 723 745 746
f 3289 741 746
f 3267 3266 3285
f 3289 746 3285
f 3285 3290 3289
f 3284 3290 3285
f 3265 3284 3285
f 3285 3266 3265
f 3267 745 728
f 745 747 728
f 748 3267 728
f 728 747 748
f 621 678 3239
f 3239 678 3198
f 3239 623 621
f 3239 3198 623
f 3245 3203 3244
f 3244 3274 3245
f 3245 3274 3275
f 3275 3246 3245
f 3245 3246 3204
f 3204 3203 3245
f 3272 3244 3273
f 3273 3241 3272
f 3244 3242 3273
f 3242 3241 3273
f 3165 3166 3140
f 3165 3202 3166
f 3140 3164 3165
f 3201 3202 3165
f 3165 3164 3201
f 3200 3202 3201
f 3200 3163 3199
f 3200 3201 3163
f 3199 3242 3200
f 3242 3202 3200
f 1413 1436 725
f 1413 1414 1394
f 1413 1394 1410
f 1410 1436 1413
f 1413 725 689
f 689 1414 1413
f 329 315 279
f 369 315 329
f 279 326 329
f 329 326 383
f 270 315 316
f 316 315 369
f 317 270 316
f 316 370 317
f 369 370 316
f 371 370 429
f 348 317 371
f 317 370 371
f 429 370 388
f 388 444 429
f 383 444 388
f 388 329 383
f 388 370 369
f 369 329 388
f 462 463 411
f 462 444 463
f 429 444 462
f 445 447 508
f 445 384 447
f 445 508 464
f 445 444 383
f 383 384 445
f 2860 2873 500
f 2870 2873 2860
f 2860 2859 2870
f 489 501 435
f 435 426 489
f 435 376 426
f 436 435 501
f 376 435 436
f 494 575 495
f 495 430 494
f 430 438 494
f 579 578 648
f 385 386 327
f 327 382 385
f 442 386 385
f 273 275 274
f 272 320 273
f 320 323 273
f 379 442 380
f 380 323 379
f 442 385 380
f 380 385 382
f 867 895 892
f 23 11 892
f 39 40 23
f 23 892 39
f 39 892 895
f 39 64 40
f 39 895 921
f 63 64 39
f 39 921 63
f 867 868 840
f 840 868 841
f 840 866 867
f 838 866 840
f 840 839 838
f 838 839 821
f 822 840 841
f 839 840 822
f 1 821 822
f 822 821 839
f 1256 1250 1255
f 1255 1262 1256
f 1256 1262 1265
f 1271 38 1272
f 1272 1260 1271
f 2309 2314 2313
f 2313 2316 2309
f 2265 2267 2261
f 2265 2276 2267
f 2265 2261 2260
f 2265 2260 2264
f 2264 2276 2265
f 2233 2234 2225
f 2225 2231 2233
f 2244 2234 2233
f 2233 2242 2244
f 2231 2242 2233
f 3365 3363 2250
f 2251 2255 2244
f 2251 2242 2250
f 2244 2242 2251
f 262 263 209
f 205 165 204
f 166 206 207
f 166 207 167
f 165 205 166
f 166 205 206
f 167 123 166
f 123 165 166
f 257 209 256
f 45 68 70
f 47 46 72
f 88 89 57
f 57 87 88
f 86 89 88
f 88 87 86
f 214 171 211
f 214 212 171
f 214 265 212
f 59 92 60
f 59 89 90
f 59 58 89
f 1330 1299 1328
f 1299 1325 1328
f 1328 1325 1297
f 1297 1327 1328
f 1328 1349 1330
f 1328 1327 173
f 1328 170 1349
f 1328 173 170
f 1297 129 1326
f 1326 1327 1297
f 1348 129 173
f 173 1327 1348
f 1348 1326 129
f 1327 1326 1348
f 277 278 227
f 121 120 162
f 204 164 163
f 163 180 204
f 164 122 163
f 163 122 121
f 121 162 163
f 163 162 180
f 215 216 177
f 216 217 177
f 177 217 178
f 178 136 177
f 267 310 311
f 311 312 267
f 310 363 311
f 311 363 364
f 366 364 367
f 269 216 215
f 215 268 269
f 267 312 313
f 313 268 267
f 97 96 132
f 132 133 97
f 97 133 98
f 97 68 96
f 97 70 68
f 136 102 144
f 98 133 99
f 72 69 99
f 99 69 98
f 160 133 132
f 132 118 160
f 118 161 160
f 160 161 200
f 72 100 73
f 84 55 73
f 73 47 72
f 55 47 73
f 179 180 141
f 138 137 139
f 139 100 138
f 138 100 137
f 203 248 215
f 247 248 203
f 203 202 247
f 174 160 203
f 203 160 202
f 115 156 157
f 157 116 115
f 157 156 117
f 117 116 157
f 117 156 159
f 159 118 117
f 159 161 118
f 455 452 516
f 516 520 455
f 65 76 75
f 75 49 65
f 76 49 75
f 1288 1289 1272
f 1272 1287 1288
f 62 1287 38
f 62 61 93
f 38 61 62
f 93 1288 62
f 62 1288 1287
f 21 38 22
f 22 10 21
f 38 1271 22
f 22 1271 1260
f 2 8 5
f 2 6 7
f 7 8 2
f 1 822 2
f 841 6 2
f 2 822 841
f 1254 1253 1252
f 1252 10 1254
f 1253 1250 1252
f 57 58 36
f 36 35 57
f 61 37 36
f 21 35 36
f 36 37 21
f 60 61 36
f 36 59 60
f 58 59 36
f 18 35 19
f 21 10 19
f 19 35 21
f 5 12 13
f 18 17 33
f 33 47 55
f 33 55 56
f 25 15 30
f 31 42 30
f 42 25 30
f 30 16 31
f 30 15 16
f 3509 3510 3497
f 3497 2030 3509
f 3521 3510 3509
f 2103 2068 2102
f 2102 2068 2071
f 2071 2105 2102
f 2073 2105 2071
f 2072 2105 2073
f 2044 2072 2073
f 2073 2045 2044
f 2071 2045 2073
f 2196 2181 2197
f 2197 2204 2196
f 2196 2204 2203
f 2152 2110 2153
f 2147 2110 2152
f 2153 2183 2152
f 2183 2181 2152
f 2152 2181 2147
f 2149 2151 2153
f 2153 2110 2149
f 2109 2151 2149
f 2149 2110 2109
f 2107 2110 2147
f 2109 2110 2076
f 2076 2072 2044
f 2076 2107 2072
f 2110 2107 2076
f 2079 2118 2119
f 2119 2161 2162
f 2118 2161 2119
f 2122 2164 2123
f 2123 2081 2122
f 2122 2163 2164
f 2188 2189 2165
f 2165 2163 2188
f 2164 2163 2165
f 2189 2190 2165
f 2165 2190 2166
f 2165 2166 2123
f 2123 2164 2165
f 2188 2163 2186
f 2186 2163 2162
f 2186 2187 2188
f 2162 2161 2186
f 2186 2161 2187
f 2162 2163 2121
f 2163 2122 2121
f 2199 2187 2185
f 2187 2161 2185
f 2185 2160 2158
f 2185 2161 2160
f 2159 2160 2115
f 2115 2114 2159
f 2158 2160 2159
f 2159 2114 2158
f 2157 2114 2156
f 2158 2114 2157
f 2154 2113 2112
f 2112 2077 2111
f 2112 3493 2154
f 2111 3493 2112
f 3508 3496 3495
f 3495 2077 3508
f 3497 3496 3508
f 3508 2077 3497
f 2046 2031 2030
f 2078 2114 2115
f 2113 2114 2078
f 2078 2112 2113
f 2077 2112 2078
f 2078 2046 2077
f 2078 2117 2079
f 2048 2078 2079
f 2079 2050 2048
f 2031 2046 2048
f 2046 2078 2048
f 2198 2207 2199
f 2198 2206 2207
f 2199 2185 2198
f 2179 2178 2192
f 2143 2178 2179
f 2179 2157 2156
f 2156 2155 2179
f 2155 2143 2179
f 1807 1772 1806
f 1806 1846 1807
f 1808 1772 1807
f 1848 1849 1807
f 1807 1849 1808
f 1807 1847 1848
f 1807 1846 1847
f 1819 1780 1779
f 1779 1818 1819
f 1779 1778 1818
f 1746 1726 1745
f 1745 1778 1746
f 1747 1726 1746
f 1746 1780 1747
f 1746 1779 1780
f 1778 1779 1746
f 2597 3348 3349
f 2587 2596 2597
f 3350 3348 2597
f 2597 3349 3345
f 2597 2604 3350
f 2597 2588 2587
f 2597 2596 2595
f 2595 2604 2597
f 2588 2589 2582
f 2582 2581 2587
f 2587 2588 2582
f 2357 2581 2582
f 2357 2582 2369
f 3326 3328 3432
f 2406 2393 2392
f 2392 2391 2406
f 2417 2418 3308
f 2418 3309 3308
f 3308 3304 2417
f 3310 3304 3308
f 3443 3445 3444
f 3444 3445 3439
f 3444 3438 3443
f 3444 3439 3438
f 3446 3445 2816
f 3439 3445 3446
f 3446 3296 3439
f 2816 2814 3446
f 2814 3296 3446
f 2639 3299 2638
f 3295 2623 3294
f 3294 2623 3439
f 3294 3297 3295
f 3439 3297 3294
f 3435 3439 3293
f 3293 2623 3435
f 3439 2623 3293
f 2168 2169 2125
f 2167 2134 2168
f 2125 2124 2168
f 2168 2124 2167
f 2130 2253 2128
f 2243 2253 2130
f 2170 2132 2130
f 2057 2056 2090
f 2090 2094 2057
f 2057 2096 2091
f 2091 2096 2097
f 2133 2096 2132
f 2170 2169 2133
f 2133 2132 2170
f 2134 2096 2133
f 2169 2168 2133
f 2133 2168 2134
f 2136 2096 2135
f 2135 2096 2134
f 2174 2136 2135
f 2135 2134 2174
f 2058 2057 2093
f 2093 2059 2058
f 2037 2057 2058
f 2058 808 2037
f 2058 2059 808
f 2245 2256 2254
f 2254 2243 2245
f 108 148 109
f 149 111 110
f 149 150 111
f 110 109 149
f 149 109 148
f 924 899 923
f 923 147 924
f 950 147 951
f 926 950 951
f 951 952 926
f 146 952 951
f 951 147 146
f 238 284 239
f 239 190 238
f 239 284 240
f 240 190 239
f 237 190 240
f 192 190 237
f 197 192 237
f 240 244 237
f 237 244 197
f 819 818 834
f 281 234 233
f 233 234 187
f 187 884 233
f 1783 1750 1753
f 1783 1749 1750
f 1783 1753 1791
f 1791 389 1783
f 1783 389 1749
f 1829 1830 1786
f 1854 1855 1829
f 1786 1828 1829
f 1829 1828 1854
f 1829 1855 1856
f 1856 1857 1829
f 3375 3376 3367
f 3367 3362 3375
f 3362 2329 3375
f 3384 2329 2330
f 3361 3373 2330
f 2330 3372 3361
f 2330 2335 3371
f 3371 3372 2330
f 2330 2334 2335
f 2333 2334 2330
f 2330 2329 2333
f 3368 3357 3487
f 3368 3365 3359
f 3363 3365 3368
f 3368 3359 3358
f 3358 3357 3368
f 3478 3490 2340
f 3478 2340 2339
f 3478 2339 2341
f 2341 3488 3478
f 3478 3488 3489
f 3487 3490 3478
f 3478 3368 3487
f 3487 3357 3501
f 3501 3490 3487
f 3501 3357 2340
f 2340 3490 3501
f 3507 3506 3517
f 3507 3516 2246
f 3517 3516 3507
f 2975 2954 2952
f 2954 2938 2952
f 2934 2951 2952
f 2952 2963 2975
f 2951 2963 2952
f 3395 2934 2924
f 2294 2963 2962
f 2962 2963 2943
f 2302 2292 2296
f 2316 2313 2302
f 2281 2266 2280
f 2266 2279 2280
f 787 795 788
f 788 2323 789
f 2284 2283 2299
f 2268 2283 2284
f 2284 2269 2268
f 787 786 785
f 781 795 785
f 785 795 787
f 785 770 781
f 785 786 770
f 2211 2210 2217
f 2218 2212 2211
f 2211 2217 2218
f 2270 2210 2211
f 2209 2270 2211
f 2211 2212 2209
f 1589 1618 3223
f 1618 1650 3223
f 3223 1650 1631
f 3176 1631 3143
f 3181 3182 3147
f 3218 3182 3181
f 3185 3186 3150
f 3150 3148 3147
f 3186 3152 3150
f 3150 3152 3151
f 3151 3133 3150
f 3137 753 738
f 3137 3155 753
f 738 3136 3137
f 3136 3155 3137
f 1761 1760 1762
f 1762 1737 1761
f 1736 1760 1761
f 1761 1737 1736
f 2706 3314 2685
f 3307 3314 2706
f 2685 2705 2706
f 2705 3307 2706
f 3313 3307 3312
f 3313 3314 3307
f 3312 3317 3313
f 3317 3314 3313
f 2690 3317 3316
f 2690 3314 3317
f 2690 3316 3318
f 2660 3314 2690
f 2674 2014 2668
f 2668 2675 2674
f 2015 2014 2674
f 2674 2673 2015
f 2643 2673 2674
f 2674 2675 2643
f 3124 3133 3134
f 3134 3135 3124
f 3153 3135 3134
f 3134 3133 3151
f 3151 3152 3134
f 3134 3152 3153
f 3154 3135 3157
f 666 667 612
f 544 616 612
f 612 616 666
f 612 613 544
f 612 667 613
f 1551 1577 1552
f 1551 1550 1576
f 1576 1577 1551
f 1576 1575 1605
f 1607 1576 1605
f 1605 1604 1607
f 1598 1604 1574
f 1574 1575 1550
f 1604 1605 1574
f 1574 1605 1575
f 1573 1598 1574
f 1574 1550 1573
f 477 476 421
f 421 420 477
f 477 420 476
f 458 457 460
f 460 459 458
f 403 457 458
f 458 459 403
f 346 362 309
f 346 345 362
f 309 290 346
f 290 345 346
f 652 590 651
f 651 587 586
f 515 585 586
f 651 590 589
f 1793 1837 1794
f 1888 1889 1856
f 1888 514 1889
f 1856 515 1888
f 515 514 1888
f 515 1844 1870
f 1877 1844 515
f 1877 1878 1844
f 1877 515 1856
f 1856 1878 1877
f 515 453 451
f 336 393 394
f 394 395 336
f 394 451 395
f 711 732 1655
f 1655 1653 711
f 712 670 711
f 711 670 710
f 711 710 709
f 709 732 711
f 1536 1521 1537
f 1521 755 1537
f 1537 1539 1536
f 1537 755 1539
f 3122 737 3120
f 737 1514 3120
f 3121 3122 3120
f 3120 1514 3121
f 2618 2633 2620
f 2612 2619 2620
f 2620 2619 2618
f 2621 2612 2620
f 2620 2634 2621
f 2620 2633 2634
f 2632 2617 2631
f 2633 2617 2632
f 2632 2653 2654
f 2654 2634 2632
f 2634 2633 2632
f 2652 2653 2632
f 2631 2650 2632
f 2632 2650 2652
f 2489 2513 2514
f 2514 2490 2489
f 2514 2513 2539
f 2514 2539 2515
f 2515 2490 2514
f 3047 3053 3055
f 2571 2569 2555
f 2555 2747 2571
f 2572 2569 2571
f 2571 2747 2572
f 2779 2715 2716
f 2716 2780 2779
f 2713 2715 2779
f 2779 2780 2713
f 1435 1433 1469
f 1469 1433 1470
f 1469 1431 1435
f 1469 1470 1431
f 1435 1408 1434
f 1434 1433 1435
f 1408 1433 1434
f 2992 3002 3003
f 3003 2993 2992
f 2998 2723 3003
f 3003 2723 2993
f 3013 3009 3011
f 3011 3007 3013
f 2992 2991 3000
f 3000 2991 2995
f 3000 3001 2992
f 3000 2995 3007
f 3007 3001 3000
f 2990 2991 2966
f 2966 2989 2990
f 2965 2989 2966
f 2721 2965 2966
f 2966 2991 2992
f 2966 2992 2721
f 3005 2995 3004
f 2995 2994 3004
f 3012 3005 3004
f 2970 1995 1996
f 1996 2994 2970
f 2947 1957 2970
f 793 3394 794
f 796 3394 793
f 794 777 793
f 793 777 2951
f 778 794 3393
f 3393 762 778
f 778 777 794
f 778 762 777
f 3393 3401 3402
f 3402 762 3393
f 3401 762 3402
f 775 762 774
f 1076 1077 3032
f 3032 1077 3027
f 3032 3027 3026
f 3026 1043 3032
f 3032 1043 1076
f 3041 1159 3034
f 1110 1159 3041
f 3034 3033 3041
f 3041 3033 1110
f 3027 2958 3022
f 2942 3027 3022
f 3022 2958 2942
f 2985 3031 2984
f 2984 2958 2985
f 2985 3027 3031
f 2985 2958 3027
f 1973 1947 1946
f 1973 1946 1945
f 1945 1949 1973
f 1949 1929 1948
f 1948 1929 1947
f 1948 1973 1949
f 1947 1973 1948
f 1951 2844 2854
f 2844 2843 2854
f 1952 1931 1951
f 1952 1158 1931
f 2839 1158 1952
f 1952 2843 2839
f 2857 2868 2871
f 2871 2868 2883
f 2872 2857 2871
f 2871 2886 2872
f 2883 2886 2871
f 1976 1955 1954
f 1954 1975 1976
f 1956 1955 1978
f 1955 1976 1978
f 1978 1976 1993
f 1991 1975 1990
f 1990 2007 1991
f 2007 1993 1991
f 1991 1976 1975
f 1993 1976 1991
f 1985 1962 1984
f 1984 1996 1985
f 1984 1983 3012
f 1984 1962 1983
f 3012 3004 1984
f 1984 2994 1996
f 1984 3004 2994
f 1166 1165 1209
f 1209 1165 1210
f 1209 1202 1166
f 1210 1241 1209
f 1209 1241 1202
f 2858 2856 2855
f 2858 2855 1042
f 1042 1073 2858
f 2858 1073 1075
f 1075 2856 2858
f 2904 2885 2884
f 2904 2888 584
f 2904 2884 2888
f 584 510 2904
f 510 2885 2904
f 571 646 647
f 647 636 572
f 572 571 647
f 1399 1398 1417
f 1417 1418 1399
f 701 646 700
f 1419 1418 701
f 1039 1031 1061
f 1061 1068 1039
f 1068 1038 1039
f 1396 1385 1383
f 1385 1384 1383
f 1385 1031 1377
f 1377 1384 1385
f 580 1149 1148
f 1148 581 580
f 580 1190 1149
f 580 1189 1190
f 580 649 1231
f 1231 1189 580
f 648 649 580
f 580 579 648
f 1150 1106 1105
f 1151 1106 1150
f 1150 1105 1149
f 1150 1149 1191
f 1191 1151 1150
f 1107 1106 1152
f 1152 1106 1151
f 1108 1107 1152
f 1152 1153 1108
f 1152 1151 1153
f 1071 575 1104
f 1104 1105 1071
f 1185 1213 1228
f 1228 1186 1185
f 1228 1187 1186
f 1211 1170 1169
f 1169 1187 1211
f 1213 1170 1211
f 1211 1228 1213
f 1187 1228 1211
f 1186 1187 1138
f 1097 1137 1138
f 1137 1186 1138
f 1138 1139 1097
f 1138 1187 1139
f 1065 1100 1101
f 1101 1100 1143
f 1101 1067 1065
f 1101 1086 1067
f 1120 1142 1121
f 1120 1143 1142
f 1120 1101 1143
f 1121 1086 1120
f 1086 1101 1120
f 1091 1131 1132
f 693 691 1132
f 1132 1131 693
f 1092 1068 1061
f 1092 691 1068
f 1092 1132 691
f 1092 1061 1091
f 1091 1132 1092
f 1178 1177 638
f 638 1131 1178
f 1178 1131 1130
f 1178 1130 1129
f 1129 1177 1178
f 1206 3056 1163
f 1163 3071 1206
f 1206 3071 3064
f 1206 3064 3057
f 3057 3056 1206
f 3088 3087 3075
f 3073 3087 3088
f 3075 3074 3088
f 3088 3074 3073
f 2912 2895 2911
f 2921 2914 2912
f 2921 2910 2914
f 2912 2911 2921
f 2921 2911 2910
f 532 600 2918
f 2918 2910 532
f 600 599 2918
f 2915 2910 2919
f 598 2915 2919
f 2919 599 598
f 2919 2918 599
f 2910 2918 2919
f 2909 2910 2893
f 2867 2874 2866
f 2877 2878 2866
f 2892 2908 2893
f 2893 2878 2892
f 2879 2880 2867
f 2867 2866 2879
f 2879 2866 2878
f 2879 2878 2895
f 2879 2897 2880
f 2879 2895 2896
f 2896 2897 2879
f 2863 2852 2851
f 2851 2866 2863
f 2863 2866 2874
f 2863 2874 2867
f 2867 1997 2863
f 1997 1301 2863
f 1301 2852 2863
f 1305 1340 1309
f 1305 1338 1340
f 1333 1316 1302
f 1316 1315 1302
f 1304 1335 1336
f 1338 1305 1304
f 1304 1305 1282
f 1336 1337 1304
f 1337 1338 1304
f 1339 1335 1304
f 1304 1315 1339
f 210 168 167
f 167 209 210
f 210 209 263
f 211 168 210
f 258 297 298
f 258 209 257
f 300 352 301
f 301 260 300
f 300 260 298
f 413 354 412
f 413 355 354
f 412 466 413
f 466 468 413
f 301 355 302
f 302 260 301
f 303 302 355
f 260 302 303
f 305 263 262
f 350 305 299
f 299 305 262
f 1932 1916 1918
f 1918 1916 1906
f 1918 1906 1921
f 1921 1934 1918
f 1934 1932 1918
f 2953 2935 2940
f 2940 2938 2953
f 2939 2938 2940
f 2923 2939 2940
f 2940 2935 2923
f 2974 2965 2964
f 2965 2944 2964
f 2964 2949 2974
f 2964 2944 2949
f 2932 2944 2933
f 2949 2944 2932
f 2933 2922 2932
f 2932 2922 2931
f 2932 2950 2947
f 2946 2931 2945
f 1917 2950 2946
f 2946 2932 2931
f 2950 2932 2946
f 1567 1566 1565
f 1565 1601 1567
f 1544 1566 1567
f 1567 1568 1544
f 898 899 872
f 885 869 863
f 871 851 870
f 869 885 870
f 870 885 871
f 870 844 869
f 900 922 897
f 900 897 872
f 872 899 900
f 948 922 927
f 926 948 927
f 927 899 926
f 930 929 182
f 899 929 930
f 182 923 930
f 930 923 899
f 815 829 830
f 815 830 831
f 831 832 815
f 814 827 815
f 827 828 815
f 828 829 815
f 815 817 816
f 815 832 817
f 815 808 814
f 816 808 815
f 2432 2430 2440
f 2440 2441 2432
f 2430 2448 2439
f 2439 2448 2450
f 2450 2441 2439
f 2439 2440 2430
f 2441 2440 2439
f 3061 3055 3053
f 3061 3053 3062
f 3061 3060 3068
f 3062 3052 3061
f 3061 3052 3060
f 3286 745 3267
f 3267 3285 3286
f 3286 746 745
f 3286 3285 746
f 409 371 429
f 429 462 409
f 409 410 354
f 411 410 409
f 409 462 411
f 464 463 513
f 513 445 464
f 463 444 513
f 444 445 513
f 500 499 577
f 577 2860 500
f 2859 2860 577
f 577 499 498
f 577 498 497
f 1016 2859 577
f 497 1016 577
f 437 438 377
f 437 436 438
f 377 376 437
f 376 436 437
f 502 436 501
f 502 503 436
f 578 579 502
f 579 580 502
f 502 567 578
f 502 501 567
f 581 503 502
f 502 580 581
f 573 494 504
f 436 503 504
f 504 494 438
f 575 494 574
f 574 494 573
f 574 1146 575
f 574 573 1147
f 1147 1146 574
f 324 382 325
f 325 273 324
f 324 273 323
f 323 380 381
f 381 380 382
f 381 324 323
f 382 324 381
f 893 11 868
f 893 892 11
f 893 868 867
f 867 892 893
f 838 821 820
f 1250 1256 820
f 769 783 2306
f 782 783 769
f 2306 2943 769
f 769 2943 782
f 784 2316 2306
f 2306 783 784
f 782 777 791
f 791 783 782
f 791 777 775
f 3370 2247 3379
f 3370 3379 3371
f 3371 3359 3370
f 298 260 259
f 260 209 259
f 259 258 298
f 209 258 259
f 207 206 208
f 206 256 208
f 208 256 209
f 167 207 208
f 208 209 167
f 257 256 255
f 255 256 206
f 206 205 254
f 205 253 254
f 254 255 206
f 252 205 204
f 252 253 205
f 295 253 252
f 204 251 252
f 252 251 295
f 69 45 71
f 45 70 71
f 70 97 71
f 98 69 71
f 71 97 98
f 1361 1351 212
f 1352 1351 1361
f 212 265 1363
f 92 59 91
f 90 127 91
f 91 59 90
f 274 275 225
f 225 277 227
f 180 162 145
f 365 311 364
f 312 311 365
f 364 366 365
f 365 366 312
f 215 177 176
f 176 177 136
f 136 144 176
f 176 203 215
f 134 99 133
f 133 160 134
f 134 160 174
f 101 144 102
f 101 102 72
f 72 99 101
f 201 243 247
f 247 202 201
f 202 160 201
f 201 160 200
f 196 243 201
f 201 193 196
f 140 100 139
f 140 141 100
f 140 139 179
f 179 141 140
f 142 141 180
f 100 141 142
f 180 145 142
f 156 193 194
f 194 159 156
f 161 159 194
f 200 161 194
f 194 201 200
f 193 201 194
f 520 516 518
f 518 521 456
f 456 520 518
f 518 516 452
f 518 589 590
f 518 591 521
f 518 590 591
f 49 78 79
f 80 49 79
f 79 109 110
f 78 109 79
f 110 111 79
f 81 80 79
f 79 114 81
f 113 114 79
f 112 113 79
f 79 111 112
f 107 108 77
f 77 78 49
f 108 109 77
f 77 109 78
f 77 49 76
f 1318 1288 93
f 1289 1288 1318
f 93 129 1318
f 1318 129 1289
f 1254 10 1259
f 10 22 1259
f 1259 1260 1254
f 1259 22 1260
f 10 1252 1251
f 1251 4 10
f 1249 4 1251
f 1251 1252 1250
f 1250 1249 1251
f 18 19 9
f 9 17 18
f 5 13 9
f 9 13 17
f 10 4 9
f 34 35 18
f 18 33 34
f 57 35 34
f 34 56 57
f 34 33 56
f 12 25 26
f 26 44 45
f 26 25 44
f 28 13 12
f 17 13 28
f 46 47 28
f 3521 3509 3520
f 3520 3509 2030
f 2021 3521 3520
f 3520 2030 2021
f 2103 2102 2104
f 2104 2070 2103
f 3466 2070 2104
f 2104 2102 2105
f 2104 2143 2144
f 2201 2196 2203
f 2106 2105 2072
f 2072 2107 2106
f 2115 2118 2116
f 2116 2078 2115
f 2117 2078 2116
f 2116 2118 2079
f 2079 2117 2116
f 2080 2122 2081
f 2080 2050 2079
f 2080 2081 2050
f 2079 2121 2080
f 2080 2121 2122
f 2120 2119 2162
f 2162 2121 2120
f 2079 2119 2120
f 2120 2121 2079
f 3497 2077 2047
f 2077 2046 2047
f 2047 2030 3497
f 2047 2046 2030
f 2050 2033 2049
f 2049 2048 2050
f 2049 2033 2032
f 2032 2031 2049
f 2031 2048 2049
f 2206 2198 2205
f 2205 2204 2206
f 2203 2204 2205
f 2205 2201 2203
f 2184 2185 2158
f 2158 2157 2184
f 2157 2179 2184
f 3345 3336 3344
f 3336 3335 3344
f 3335 3334 3344
f 3344 3334 2588
f 3344 2597 3345
f 2588 2597 3344
f 3327 3336 3328
f 3327 3335 3336
f 3327 3334 3335
f 2588 3334 3327
f 2368 2589 2588
f 2588 2369 2368
f 2368 2582 2589
f 2368 2369 2582
f 2391 2392 2372
f 2372 2373 2357
f 2372 2375 2373
f 2372 2393 2375
f 2372 2392 2393
f 3315 3308 3309
f 3097 3310 3315
f 3310 3308 3315
f 3315 3432 3426
f 3426 3097 3315
f 3315 3319 3432
f 3315 3309 2391
f 2391 3319 3315
f 2099 2140 2100
f 2062 2098 2099
f 2099 2139 2140
f 2099 2063 2062
f 2099 2100 2063
f 2098 2138 2099
f 2138 2139 2099
f 2109 2076 2108
f 2639 2638 2665
f 2665 2638 2664
f 2665 2664 2692
f 2692 2666 2665
f 2665 2666 2639
f 3298 3301 3302
f 3300 3301 3298
f 3295 3297 3298
f 3298 3299 3295
f 2814 3300 3298
f 3298 3297 2814
f 2088 2089 2055
f 2055 2085 2088
f 2128 2087 2086
f 2086 2089 2128
f 2055 2089 2086
f 2053 2055 2086
f 2129 2169 2170
f 2129 2127 2169
f 2170 2130 2129
f 2128 2089 2129
f 2129 2130 2128
f 2232 2234 2243
f 2243 2130 2232
f 2225 2234 2232
f 2232 2130 2094
f 2094 2090 2232
f 2232 2056 2225
f 2232 2090 2056
f 2095 2096 2057
f 2057 2094 2095
f 2094 2130 2095
f 2093 2057 2092
f 2057 2091 2092
f 2092 2097 2093
f 2092 2091 2097
f 2053 2054 2258
f 2258 2257 2035
f 2246 2257 2258
f 2036 2053 2258
f 2258 2256 2246
f 2258 2054 2256
f 2258 2023 2036
f 2258 2035 2023
f 2243 2254 2252
f 2252 2253 2243
f 2252 2254 2256
f 2252 2087 2128
f 2128 2253 2252
f 2252 2054 2087
f 2256 2054 2252
f 184 148 183
f 184 149 148
f 150 149 184
f 183 185 184
f 151 150 184
f 184 185 151
f 182 147 181
f 181 923 182
f 147 923 181
f 1706 1705 818
f 818 819 1706
f 1706 1712 1705
f 883 233 884
f 883 882 233
f 882 883 861
f 231 232 187
f 187 186 231
f 186 185 231
f 183 182 231
f 231 185 183
f 182 929 909
f 909 231 182
f 908 231 909
f 909 929 910
f 910 885 909
f 909 885 908
f 1859 1834 1830
f 1830 1829 1859
f 3385 2329 3384
f 3385 3375 2329
f 3384 3376 3385
f 3376 3375 3385
f 3384 2330 3374
f 3374 2330 3373
f 3374 3373 3382
f 3374 3383 3384
f 3382 3383 3374
f 2286 2269 2285
f 2285 780 2286
f 2269 2284 2285
f 2285 766 765
f 765 780 2285
f 2285 767 766
f 781 767 2285
f 2285 795 781
f 2299 795 2285
f 2285 2284 2299
f 3479 3478 3489
f 2941 2924 2934
f 2938 2924 2941
f 2934 2952 2941
f 2941 2952 2938
f 2937 2938 2923
f 2937 2924 2938
f 2937 2923 3395
f 3395 2924 2937
f 2295 2943 2296
f 2295 2962 2943
f 2294 2962 2295
f 2295 2277 2294
f 2295 2296 2277
f 2307 2296 2306
f 2307 2302 2296
f 2306 2316 2307
f 2316 2302 2307
f 2297 2279 2293
f 2308 2298 2297
f 2297 2280 2279
f 2281 2280 2297
f 2297 2282 2281
f 2298 2282 2297
f 2293 2292 2303
f 2292 2302 2303
f 2303 2297 2293
f 2308 2297 2303
f 2303 2314 2308
f 2303 2313 2314
f 2303 2302 2313
f 787 788 773
f 773 788 789
f 773 774 762
f 772 787 773
f 773 762 772
f 2311 788 798
f 798 788 795
f 2299 2311 798
f 798 795 2299
f 2319 2311 2317
f 2317 2323 2319
f 1631 3176 3219
f 3219 3176 3218
f 3143 3174 3175
f 3175 3176 3143
f 3175 3174 3217
f 3217 3218 3175
f 3218 3176 3175
f 3147 3179 3180
f 3180 3181 3147
f 3180 3179 1589
f 3218 3181 3180
f 1589 3223 3180
f 3180 3223 3218
f 3224 3220 3185
f 3224 3216 3220
f 3224 3182 3217
f 3217 3216 3224
f 3147 3182 3183
f 3183 3150 3147
f 3148 3150 3132
f 3132 3150 3133
f 3131 3148 3132
f 3132 3124 3131
f 3132 3133 3124
f 3318 2660 2691
f 2691 2690 3318
f 2660 2690 2691
f 753 3135 729
f 3135 3154 729
f 729 3154 3157
f 729 3157 752
f 752 753 729
f 1554 1532 1530
f 1530 1553 1554
f 1552 1553 1530
f 1530 1551 1552
f 1516 1529 1530
f 1530 1549 1550
f 1550 1551 1530
f 1530 1529 1548
f 1548 1549 1530
f 654 655 593
f 651 586 1867
f 591 590 653
f 590 652 653
f 653 593 591
f 653 654 593
f 653 652 704
f 704 654 653
f 452 453 517
f 517 518 452
f 589 518 517
f 396 453 452
f 396 452 397
f 395 451 396
f 396 451 453
f 396 397 336
f 336 395 396
f 515 586 519
f 519 586 587
f 519 453 515
f 587 517 519
f 519 517 453
f 588 587 651
f 651 589 588
f 588 517 587
f 589 517 588
f 1794 1795 1755
f 1755 1793 1794
f 1795 1756 1755
f 1756 1732 1755
f 1876 585 515
f 515 1870 1876
f 1837 1867 1838
f 1838 1867 586
f 1838 1844 1843
f 1838 1870 1844
f 1843 1805 1838
f 1805 1841 1838
f 1838 1841 1804
f 1838 1804 1794
f 1794 1837 1838
f 450 394 393
f 451 394 450
f 393 449 450
f 450 449 515
f 515 451 450
f 1594 1595 1561
f 756 735 734
f 734 735 713
f 734 713 712
f 712 711 734
f 1627 1653 1628
f 1627 711 1653
f 1627 1628 1595
f 1595 1594 1627
f 2532 3055 2552
f 2552 3055 2553
f 2552 980 2532
f 2552 2553 980
f 3054 3055 2532
f 3047 3055 3054
f 2532 3048 3054
f 3054 3048 3047
f 2998 3003 3008
f 3008 3003 3002
f 2997 2998 3008
f 3008 3009 2997
f 3008 3011 3009
f 3002 3011 3008
f 3002 3001 3010
f 3010 3011 3002
f 3010 3001 3007
f 3007 3011 3010
f 2971 2994 2973
f 2971 2970 2994
f 2971 2972 2947
f 2947 2970 2971
f 1979 1957 1956
f 1979 2970 1957
f 1995 2970 1979
f 1979 1993 1995
f 1956 1978 1979
f 1979 1978 1993
f 792 793 2951
f 796 793 792
f 2951 3394 792
f 792 3394 796
f 1421 1420 1446
f 1446 1447 1421
f 1446 1420 1419
f 700 1447 1446
f 1419 701 1446
f 1446 701 700
f 1448 1449 1421
f 1421 1447 1448
f 636 647 692
f 690 636 692
f 1396 1383 692
f 692 1398 1396
f 692 647 646
f 646 701 692
f 692 1417 1398
f 1418 1417 692
f 692 701 1418
f 1376 1383 1384
f 690 692 1376
f 1376 692 1383
f 1384 1377 1376
f 1145 1146 1105
f 1105 1104 1145
f 575 1146 1145
f 1145 1104 575
f 2894 2911 2895
f 2910 2911 2894
f 2895 2878 2894
f 2893 2910 2894
f 2894 2878 2893
f 358 416 2862
f 357 416 358
f 2851 2862 2864
f 2862 416 2864
f 1300 2852 1301
f 1300 2848 2852
f 1306 1305 1309
f 1306 1284 1282
f 1282 1305 1306
f 1282 1284 1283
f 1334 1301 1333
f 1333 1302 1334
f 1334 1302 1301
f 1282 1302 1303
f 1303 1304 1282
f 1303 1302 1315
f 1315 1304 1303
f 211 210 264
f 264 214 211
f 265 214 264
f 264 210 263
f 352 300 349
f 349 297 348
f 298 297 349
f 349 300 298
f 348 371 349
f 349 371 352
f 357 303 356
f 355 413 356
f 356 303 355
f 261 299 262
f 260 299 261
f 262 209 261
f 261 209 260
f 1282 1283 1267
f 1267 1283 1284
f 1301 1302 1281
f 1281 1302 1282
f 2947 2972 2948
f 2948 2932 2947
f 2948 2971 2973
f 2972 2971 2948
f 2948 2973 2974
f 2974 2949 2948
f 2949 2932 2948
f 2969 2946 2945
f 1917 2946 2968
f 1905 1916 2968
f 1916 1917 2968
f 2946 2969 2968
f 2968 2969 2945
f 872 871 896
f 896 898 872
f 871 885 896
f 896 885 898
f 863 834 862
f 862 885 863
f 834 861 862
f 862 861 883
f 884 885 862
f 862 883 884
f 907 885 884
f 907 884 187
f 187 232 907
f 908 885 907
f 232 231 907
f 907 231 908
f 899 898 911
f 898 885 911
f 911 929 899
f 910 929 911
f 911 885 910
f 844 870 846
f 846 870 851
f 824 844 846
f 846 847 824
f 850 847 846
f 846 851 850
f 922 900 928
f 928 927 922
f 928 900 899
f 899 927 928
f 3063 979 2553
f 2553 3055 3063
f 3055 3061 3063
f 999 979 3063
f 353 354 301
f 353 409 354
f 371 409 353
f 301 352 353
f 352 371 353
f 581 573 582
f 573 504 582
f 582 503 581
f 582 504 503
f 438 436 505
f 505 504 438
f 436 504 505
f 1250 820 809
f 809 820 821
f 1 1250 809
f 809 821 1
f 838 820 837
f 837 820 1256
f 837 1265 838
f 837 1256 1265
f 790 2322 2317
f 789 2322 790
f 783 791 790
f 790 791 775
f 790 773 789
f 775 774 790
f 774 773 790
f 2247 3370 3369
f 3359 3365 3369
f 3369 3370 3359
f 3454 2251 2250
f 3454 3460 2251
f 2250 3363 3454
f 3363 3460 3454
f 296 253 295
f 296 254 253
f 255 254 296
f 296 258 257
f 257 255 296
f 295 297 296
f 297 258 296
f 1370 1363 1362
f 1362 1361 1370
f 127 92 128
f 128 91 127
f 92 91 128
f 277 225 276
f 325 278 276
f 278 277 276
f 276 225 275
f 276 273 325
f 275 273 276
f 220 179 178
f 226 227 179
f 179 225 226
f 226 225 227
f 272 273 223
f 223 273 274
f 216 269 223
f 223 217 216
f 119 162 120
f 119 145 162
f 119 120 84
f 175 176 144
f 174 203 175
f 203 176 175
f 144 101 143
f 143 175 144
f 135 101 99
f 135 134 174
f 99 134 135
f 135 143 101
f 174 175 135
f 175 143 135
f 107 77 106
f 106 77 76
f 106 94 107
f 76 94 106
f 1 2 3
f 3 4 1
f 3 2 5
f 5 9 3
f 3 9 4
f 1 4 802
f 802 4 1249
f 802 1250 1
f 802 1249 1250
f 20 19 10
f 10 9 20
f 20 9 19
f 12 26 27
f 27 28 12
f 46 28 27
f 27 45 46
f 27 26 45
f 32 33 17
f 17 28 32
f 47 33 32
f 32 28 47
f 3471 3472 3466
f 3466 2104 3471
f 2144 3472 3471
f 3471 2104 2144
f 2193 2179 2192
f 2194 2179 2193
f 2193 2201 2194
f 2202 2198 2194
f 2202 2205 2198
f 2194 2201 2202
f 2201 2205 2202
f 2195 2184 2179
f 2194 2198 2195
f 2195 2179 2194
f 2195 2198 2185
f 2185 2184 2195
f 3322 3320 2391
f 3322 2369 2588
f 2588 3327 3322
f 3322 3327 3328
f 3328 3326 3322
f 3326 3320 3322
f 2357 2369 2370
f 3321 3319 2391
f 2391 3320 3321
f 3432 3319 3321
f 3321 3326 3432
f 3321 3320 3326
f 2140 2139 2148
f 2148 2108 2140
f 2138 2176 2148
f 2148 2139 2138
f 2109 2108 2148
f 2148 2150 2109
f 2148 2176 2150
f 2066 2040 2039
f 2029 2026 2041
f 2041 2026 2040
f 2041 2044 2029
f 2040 2066 2041
f 2044 2074 2075
f 2075 2076 2044
f 2075 2108 2076
f 2075 2101 2108
f 2074 2101 2075
f 3303 3302 2664
f 3303 3298 3302
f 2127 2129 2126
f 2084 2127 2126
f 2126 2085 2084
f 2126 2088 2085
f 2131 2130 2132
f 2131 2095 2130
f 2132 2096 2131
f 2096 2095 2131
f 1713 1706 819
f 1713 834 1728
f 1713 819 834
f 1728 1712 1713
f 1712 1706 1713
f 882 861 860
f 233 882 860
f 834 835 860
f 860 861 834
f 860 835 281
f 281 233 860
f 1858 1859 1829
f 1858 1857 1892
f 1858 1829 1857
f 1858 449 448
f 1892 449 1858
f 3489 3506 3491
f 3491 3479 3489
f 2246 2256 3480
f 3480 3479 2246
f 2256 2255 3480
f 2255 3479 3480
f 3363 3368 3477
f 3368 3478 3470
f 3478 3479 3470
f 3470 3477 3368
f 3470 3460 3363
f 3363 3477 3470
f 2323 788 2320
f 2320 2319 2323
f 2320 788 2311
f 2311 2319 2320
f 3218 3223 3260
f 3260 3219 3218
f 3260 3223 1631
f 1631 3219 3260
f 3182 3224 3184
f 3184 3183 3182
f 3150 3183 3184
f 3185 3150 3184
f 3184 3224 3185
f 1531 1532 1516
f 1516 1530 1531
f 1531 1530 1532
f 703 652 651
f 704 652 703
f 1793 1755 705
f 1754 1755 1732
f 1754 1732 1731
f 1731 655 1754
f 655 654 1754
f 585 1876 1894
f 1894 1876 1870
f 1894 586 585
f 1870 1838 1869
f 1561 756 1593
f 1593 1594 1561
f 711 1627 733
f 733 1627 1594
f 756 734 733
f 733 734 711
f 733 1593 756
f 1594 1593 733
f 644 1449 1481
f 1449 1448 1481
f 1015 1377 1031
f 1015 1038 690
f 1031 1039 1015
f 1015 1039 1038
f 350 299 351
f 2851 2864 2865
f 2865 2864 416
f 416 2875 2865
f 2865 2875 2876
f 2865 2876 2877
f 2865 2866 2851
f 2877 2866 2865
f 2848 1300 2847
f 307 264 263
f 533 470 532
f 2908 470 533
f 532 2910 533
f 2910 2909 533
f 2893 2908 533
f 533 2909 2893
f 2908 2892 2907
f 2907 470 2908
f 2891 2878 2877
f 414 356 413
f 1313 406 1286
f 1268 1267 1286
f 1257 1267 1268
f 1342 1360 1359
f 1342 1359 1353
f 1353 1352 1342
f 1352 1361 1342
f 999 3063 1017
f 1017 3063 3061
f 3068 999 1017
f 1017 3061 3068
f 797 784 783
f 783 790 797
f 2316 784 797
f 2247 3369 3364
f 3364 3369 3365
f 2250 2247 3364
f 3364 3365 2250
f 212 1363 266
f 1363 1370 266
f 266 1361 212
f 266 1370 1361
f 274 225 224
f 224 223 274
f 224 225 179
f 179 223 224
f 268 313 314
f 314 269 268
f 314 313 312
f 312 366 314
f 314 321 272
f 314 368 321
f 367 368 314
f 314 366 367
f 217 223 218
f 178 217 218
f 100 142 103
f 103 73 100
f 105 142 145
f 145 119 105
f 84 73 105
f 105 119 84
f 2142 2104 2105
f 2105 2146 2142
f 2142 2178 2143
f 2143 2104 2142
f 2145 2146 2105
f 2105 2106 2145
f 2147 2180 2145
f 2145 2107 2147
f 2145 2106 2107
f 2390 3322 2391
f 2369 3322 2390
f 2391 2370 2390
f 2390 2370 2369
f 2391 2372 2371
f 2371 2370 2391
f 2371 2372 2357
f 2357 2370 2371
f 2100 2140 2141
f 2140 2108 2141
f 2108 2101 2141
f 2064 2100 2065
f 2100 2141 2065
f 2065 2141 2101
f 2074 2066 2065
f 2065 2101 2074
f 2039 2064 2065
f 2065 2066 2039
f 2067 2074 2044
f 2044 2041 2067
f 2067 2066 2074
f 2067 2041 2066
f 3298 3303 2663
f 2663 2638 3299
f 3299 3298 2663
f 2664 2638 2663
f 2663 3303 2664
f 1864 1858 448
f 1859 1858 1864
f 448 1834 1864
f 1834 1859 1864
f 3506 3507 3492
f 3492 3491 3506
f 3492 3507 2246
f 2246 3479 3492
f 3479 3491 3492
f 2259 3479 2255
f 2259 3470 3479
f 651 1867 1866
f 1866 703 651
f 1866 1867 1837
f 1792 705 1755
f 1792 1754 654
f 1755 1754 1792
f 1792 654 704
f 704 705 1792
f 1870 1869 1868
f 586 1894 1868
f 1868 1894 1870
f 1868 1838 586
f 1868 1869 1838
f 1479 1448 1447
f 1479 1447 700
f 1479 700 645
f 698 645 644
f 644 1481 698
f 698 1479 645
f 1374 1376 1377
f 1377 1015 1374
f 690 1376 1374
f 1374 1015 690
f 2849 358 2862
f 2841 2847 1257
f 2842 2849 2841
f 2848 2847 2841
f 2851 2852 2841
f 2852 2848 2841
f 1257 1258 407
f 350 351 407
f 407 406 350
f 407 1258 406
f 304 351 299
f 304 303 357
f 357 358 304
f 358 351 304
f 260 303 304
f 304 299 260
f 2876 2875 2889
f 2877 2876 2889
f 2889 2875 416
f 416 470 2889
f 2861 1300 1301
f 2861 2847 1300
f 1257 2847 1266
f 1266 1267 1257
f 1282 1267 1266
f 1266 1281 1282
f 263 305 306
f 306 307 263
f 406 1313 417
f 2877 2889 2890
f 2890 2889 470
f 470 2907 534
f 534 2890 470
f 534 2907 2892
f 534 2891 2877
f 2877 2890 534
f 534 2892 2878
f 2878 2891 534
f 469 413 468
f 469 414 413
f 470 414 469
f 469 468 532
f 532 470 469
f 357 356 415
f 356 414 415
f 415 416 357
f 415 470 416
f 415 414 470
f 1308 1313 1286
f 1307 1313 1308
f 264 307 308
f 265 264 308
f 1362 1363 1343
f 1343 1361 1362
f 1343 1342 1361
f 1343 1363 265
f 1360 1342 1341
f 1359 1360 1341
f 1341 1358 1359
f 1309 1340 1341
f 1340 1358 1341
f 1905 2968 2967
f 2967 2968 2945
f 2967 2978 1899
f 1904 1905 2967
f 2967 1899 1904
f 2967 2945 2953
f 2953 2978 2967
f 2317 2316 2321
f 271 223 269
f 269 314 271
f 272 223 271
f 271 314 272
f 222 218 223
f 179 220 222
f 222 223 179
f 104 103 142
f 142 105 104
f 73 103 104
f 104 105 73
f 2191 2193 2192
f 2196 2201 2191
f 2201 2193 2191
f 2146 2145 2177
f 2177 2145 2180
f 2177 2142 2146
f 2178 2142 2177
f 2192 2178 2177
f 2177 2191 2192
f 3470 2259 3461
f 2251 3460 3461
f 3460 3470 3461
f 2255 2251 3461
f 3461 2259 2255
f 1837 1793 1836
f 1793 705 1836
f 704 703 1836
f 1836 705 704
f 1480 1481 1448
f 1448 1479 1480
f 1480 698 1481
f 1479 698 1480
f 1257 1268 1269
f 1269 1258 1257
f 358 2849 408
f 408 2849 2842
f 408 351 358
f 2842 407 408
f 408 407 351
f 2850 2849 2862
f 2850 2841 2849
f 2850 2862 2851
f 2851 2841 2850
f 1279 2861 1301
f 2847 2861 1279
f 307 306 360
f 360 308 307
f 406 417 360
f 360 361 308
f 360 417 1313
f 360 1313 1307
f 1307 361 360
f 1344 1343 265
f 265 308 1344
f 1344 308 1312
f 1285 1308 1286
f 1285 1306 1309
f 1312 308 1285
f 1307 1308 1285
f 1284 1306 1285
f 308 361 1285
f 1285 361 1307
f 1286 1267 1285
f 1285 1267 1284
f 799 797 790
f 799 790 2317
f 2317 2321 799
f 2316 797 799
f 799 2321 2316
f 219 222 220
f 218 222 219
f 219 220 178
f 178 218 219
f 2182 2177 2180
f 2147 2181 2182
f 2182 2180 2147
f 2191 2177 2182
f 2181 2196 2182
f 2196 2191 2182
f 1865 1866 1837
f 1837 1836 1865
f 703 1866 1865
f 1865 1836 703
f 406 1258 1270
f 1258 1269 1270
f 1270 1269 1268
f 1286 406 1270
f 1270 1268 1286
f 2847 1279 1280
f 1280 1266 2847
f 1281 1266 1280
f 1301 1281 1280
f 1280 1279 1301
f 359 360 306
f 359 305 350
f 359 306 305
f 350 406 359
f 406 360 359
f 1311 1344 1312
f 1312 1285 1311
f 2840 2841 1257
f 2842 2841 2840
f 1343 1344 1310
f 1344 1311 1310
f 1310 1311 1285
f 1342 1343 1310
f 1310 1341 1342
f 1309 1341 1310
f 1310 1285 1309
f 1257 407 2838
f 2838 2840 1257
f 2838 407 2842
f 2842 2840 2838
f 1925 1924 1941
f 1942 1925 1941
f 2446 2457 2479
f 2479 2458 2446
f 1487 1486 1488
f 1488 1486 1510
f 1936 1935 1959
f 1959 1960 1936
f 1952 2854 2843
f 1951 2854 1952
f 1567 1601 1602
f 1602 1568 1567
f 2087 2054 2086
f 2086 2054 2053
f 2126 2129 2089
f 2089 2088 2126

