# https://github.com/mikedh/trimesh
v 0.06356436 -0.00241929 -0.08535968
v 0.06360324 0.00054484 -0.08554763
v 0.06352547 -0.00425666 -0.08517847
v 0.06276714 -0.00425666 -0.08679160
v 0.06285140 -0.00241929 -0.08679160
v 0.06253380 0.00054484 -0.08760323
v 0.06260511 -0.00609404 -0.08679160
v 0.06206715 -0.00609404 -0.08781140
v 0.06215788 -0.00425666 -0.08793950
v 0.06220325 -0.00241929 -0.08800524
v 0.06224862 -0.00058192 -0.08806846
v 0.06227455 0.00054484 -0.08809711
v 0.06228103 -0.00976878 -0.08640728
v 0.06233936 -0.00776496 -0.08687504
v 0.06200233 -0.00703513 -0.08771531
v 0.06136715 -0.00609404 -0.08873089
v 0.06144492 -0.00425666 -0.08885816
v 0.06155511 -0.00058192 -0.08898711
v 0.02801356 -0.04651625 -0.09350877
v -0.00132801 -0.06485798 -0.08489866
v -0.00229375 -0.06482597 -0.08492647
v 0.06258566 -0.01161256 -0.08495428
v 0.06211899 -0.01161256 -0.08610387
v 0.06160696 -0.01161256 -0.08702253
v 0.06051807 -0.01344993 -0.08819487
v 0.06068659 -0.01161256 -0.08844603
v 0.06010975 -0.01047300 -0.08949869
v 0.06022641 -0.00924382 -0.08961416
v 0.06033012 -0.00793141 -0.08972288
v 0.06044678 -0.00609404 -0.08984425
v 0.06052456 -0.00425666 -0.08992179
v 0.06058289 -0.00241929 -0.08998668
v 0.06063474 -0.00058192 -0.09003219
v 0.06065419 0.00054484 -0.09003893
v 0.03351631 -0.04284151 -0.09341859
v 0.03168206 -0.04467888 -0.09345651
v 0.02991262 -0.04661229 -0.09339920
v 0.02617282 -0.04835363 -0.09345651
v 0.02249783 -0.05019100 -0.09345482
v 0.00045439 -0.06482597 -0.08495428
v -0.00138634 -0.06484518 -0.08495428
v 0.06223566 -0.01332189 -0.08496018
v 0.06202177 -0.01262407 -0.08591508
v 0.06029770 -0.01528731 -0.08789315
v 0.05959123 -0.01528731 -0.08881181
v 0.05980511 -0.01344993 -0.08911353
v 0.05999956 -0.01161256 -0.08936384
v 0.05867086 -0.01528731 -0.08987037
v 0.05889123 -0.01344993 -0.09002461
v 0.05909215 -0.00793781 -0.09074857
v 0.05837919 -0.00732962 -0.09141945
v 0.05935789 -0.00609404 -0.09076291
v 0.05943567 -0.00425666 -0.09084044
v 0.05951345 -0.00241929 -0.09090534
v 0.05956530 -0.00058192 -0.09095085
v 0.05957826 0.00054484 -0.09095759
v 0.00412938 -0.05504372 -0.09327783
v 0.05740698 0.00054484 -0.09213752
v 0.05556624 -0.00241929 -0.09252100
v 0.03833852 -0.03916676 -0.09324329
v 0.03535705 -0.04100414 -0.09336211
v 0.03815704 -0.04012706 -0.09322979
v 0.03168206 -0.04595288 -0.09330228
v 0.03638112 -0.04202845 -0.09324244
v 0.02934225 -0.04769422 -0.09328710
v 0.02786448 -0.04832162 -0.09332840
v 0.02354135 -0.05114490 -0.09323569
v 0.02066358 -0.05166346 -0.09333430
v 0.01888766 -0.05216282 -0.09336464
v 0.00596363 -0.05501170 -0.09328037
v 0.00045439 -0.06426900 -0.08647976
v 0.00412938 -0.06472354 -0.08495428
v -0.00138634 -0.06428181 -0.08647976
v 0.06031715 -0.01855873 -0.08617973
v 0.06045974 -0.01695823 -0.08679160
v 0.06016807 -0.01623480 -0.08772375
v 0.05830790 -0.01800175 -0.08953325
v 0.05848290 -0.01677897 -0.08970434
v 0.05592272 -0.01896205 -0.09103344
v 0.05759494 -0.01344993 -0.09094326
v 0.05789956 -0.01161256 -0.09108149
v 0.05812641 -0.00976878 -0.09121718
v 0.05826253 -0.00855240 -0.09131409
v 0.05844401 -0.00609404 -0.09146074
v 0.05698568 -0.01161256 -0.09167481
v 0.05721253 -0.00976878 -0.09178101
v 0.05754957 -0.00793781 -0.09178017
v 0.05740698 -0.00609404 -0.09197907
v 0.05852178 -0.00425666 -0.09150710
v 0.05859956 -0.00241929 -0.09155092
v 0.05865141 -0.00058192 -0.09158042
v 0.05901437 0.00054484 -0.09134528
v -0.00138634 -0.05754050 -0.09255218
v -0.00229375 -0.05754050 -0.09255218
v 0.05788660 0.00054484 -0.09192850
v 0.05740698 -0.00058192 -0.09212235
v 0.05556624 -0.00425666 -0.09249739
v 0.05556624 -0.00609404 -0.09245610
v 0.05556624 -0.00793141 -0.09239879
v 0.05189125 -0.01896205 -0.09244177
v 0.04270703 -0.03916676 -0.09220242
v 0.04086629 -0.04100414 -0.09226563
v 0.05189125 -0.02079943 -0.09236002
v 0.05005700 -0.02447417 -0.09240974
v 0.05005700 -0.02631155 -0.09227574
v 0.04821626 -0.02998629 -0.09229007
v 0.04638201 -0.03365464 -0.09225889
v 0.03451446 -0.04382101 -0.09323654
v 0.03261539 -0.04560717 -0.09322474
v 0.03903204 -0.04284151 -0.09229343
v 0.02715152 -0.04929473 -0.09322979
v 0.03168206 -0.04835363 -0.09246200
v 0.02422838 -0.05186832 -0.09279659
v 0.01953581 -0.05286064 -0.09316827
v 0.01831081 -0.05303349 -0.09325002
v 0.01698859 -0.05318074 -0.09328205
v 0.01515434 -0.05337280 -0.09331492
v 0.00780437 -0.05489007 -0.09325171
v 0.00596363 -0.05754050 -0.09236339
v 0.00228865 -0.05754050 -0.09248897
v 0.00045439 -0.05754050 -0.09253701
v 0.00045439 -0.06373763 -0.08739842
v 0.00228865 -0.06371842 -0.08733352
v 0.00228865 -0.06423058 -0.08641487
v 0.00412938 -0.06418577 -0.08632216
v 0.00596363 -0.06462111 -0.08495428
v 0.00602197 -0.06462751 -0.08489866
v -0.00138634 -0.06372482 -0.08739842
v 0.06060881 -0.01908369 -0.08509166
v 0.05997363 -0.01745758 -0.08740433
v 0.06008381 -0.01978151 -0.08579624
v 0.05847641 -0.02396201 -0.08613674
v 0.05864493 -0.02247035 -0.08676632
v 0.05850882 -0.02079943 -0.08798333
v 0.05881993 -0.01896205 -0.08842075
v 0.05814586 -0.01896205 -0.08933856
v 0.05662920 -0.02210543 -0.08968158
v 0.05688846 -0.02079943 -0.08988807
v 0.05722550 -0.01896205 -0.09011479
v 0.05547550 -0.02088265 -0.09088342
v 0.05459402 -0.02155486 -0.09131916
v 0.05479494 -0.02033208 -0.09146664
v 0.05500235 -0.01896205 -0.09156778
v 0.05388106 -0.02088265 -0.09178944
v 0.05373199 -0.01896205 -0.09208611
v 0.05556624 -0.01161256 -0.09217460
v 0.05556624 -0.00976878 -0.09231450
v 0.05740698 -0.00425666 -0.09204228
v 0.05740698 -0.00241929 -0.09208695
v 0.05865790 0.00054484 -0.09158885
v 0.00045439 -0.05929464 -0.09185939
v -0.00138634 -0.05928824 -0.09186529
v 0.04263573 -0.04091451 -0.09168661
v 0.04647275 -0.03553683 -0.09181388
v 0.04472276 -0.03750224 -0.09192429
v 0.04417831 -0.03916676 -0.09166387
v 0.04081444 -0.04276469 -0.09171359
v 0.05189125 -0.02263680 -0.09223866
v 0.05373199 -0.01712468 -0.09221759
v 0.05189125 -0.02447417 -0.09203217
v 0.05005700 -0.02814892 -0.09204649
v 0.04821626 -0.03182367 -0.09202711
v 0.03719130 -0.04467888 -0.09225214
v 0.03334780 -0.04633700 -0.09275782
v 0.03535705 -0.04651625 -0.09214342
v 0.03894130 -0.04461486 -0.09170768
v 0.02984781 -0.05019100 -0.09220494
v 0.02786448 -0.05001815 -0.09276035
v 0.02617282 -0.05202838 -0.09230186
v 0.03358113 -0.04844966 -0.09188721
v 0.03155891 -0.05017180 -0.09173803
v 0.02431264 -0.05394897 -0.09182063
v 0.02249783 -0.05386575 -0.09220916
v 0.02066358 -0.05386575 -0.09252352
v 0.01888766 -0.05373131 -0.09287918
v 0.01698859 -0.05570312 -0.09227996
v 0.01515434 -0.05570312 -0.09246790
v 0.01147936 -0.05754050 -0.09207852
v 0.00888029 -0.05480684 -0.09322810
v 0.00780437 -0.05754050 -0.09228922
v 0.00596363 -0.05908978 -0.09177258
v 0.00412938 -0.05918581 -0.09180883
v 0.00228865 -0.05924343 -0.09183916
v -0.00229375 -0.06219475 -0.08961247
v -0.00138634 -0.06218835 -0.08961163
v 0.00045439 -0.06217555 -0.08959224
v 0.00239235 -0.06268130 -0.08880676
v 0.00412938 -0.06276453 -0.08856823
v 0.00412938 -0.06368642 -0.08724082
v 0.00596363 -0.06412175 -0.08617803
v 0.00733770 -0.06404493 -0.08601116
v 0.00788863 -0.06430741 -0.08509503
v -0.00229375 -0.06329589 -0.08800524
v 0.05873568 -0.02453179 -0.08502340
v 0.05819771 -0.02518480 -0.08568162
v 0.05673939 -0.02778401 -0.08630530
v 0.05702456 -0.02634356 -0.08686746
v 0.05664864 -0.02575457 -0.08792096
v 0.05810697 -0.02296971 -0.08736134
v 0.05833383 -0.02174692 -0.08772543
v 0.05690142 -0.02447417 -0.08825725
v 0.05780882 -0.02079943 -0.08890199
v 0.05639587 -0.02333462 -0.08945234
v 0.05485976 -0.02631155 -0.08973636
v 0.05524216 -0.02447417 -0.09004989
v 0.05402365 -0.02447417 -0.09096855
v 0.05438661 -0.02263680 -0.09119358
v 0.05288291 -0.02556251 -0.09142704
v 0.05310328 -0.02447417 -0.09154418
v 0.05346625 -0.02263680 -0.09170938
v 0.00045439 -0.06021013 -0.09129471
v -0.00138634 -0.06021013 -0.09128713
v 0.04197462 -0.04210528 -0.09147844
v 0.04375702 -0.04024230 -0.09145822
v 0.04819682 -0.03349459 -0.09165122
v 0.04756812 -0.03496065 -0.09152059
v 0.04591534 -0.03700929 -0.09160402
v 0.04545516 -0.03823847 -0.09137562
v 0.04016629 -0.04396186 -0.09149699
v 0.05193662 -0.02622832 -0.09169589
v 0.05008293 -0.02988386 -0.09170432
v 0.04942182 -0.03182367 -0.09153575
v 0.03704223 -0.04641382 -0.09163689
v 0.03535705 -0.04780946 -0.09160234
v 0.03826723 -0.04574161 -0.09146243
v 0.02984781 -0.05146500 -0.09159643
v 0.02798115 -0.05208599 -0.09181304
v 0.02617282 -0.05337280 -0.09164869
v 0.03301076 -0.04955080 -0.09155935
v 0.03086540 -0.05117051 -0.09142619
v 0.02368394 -0.05490287 -0.09146496
v 0.02249783 -0.05513975 -0.09160571
v 0.02066358 -0.05548546 -0.09178438
v 0.01698859 -0.05703474 -0.09166049
v 0.01515434 -0.05731643 -0.09179787
v 0.01896544 -0.05586317 -0.09188552
v 0.01333953 -0.05768774 -0.09182146
v 0.00963862 -0.05881450 -0.09162341
v 0.00780437 -0.05896174 -0.09171611
v 0.00963862 -0.05754050 -0.09219483
v 0.00596363 -0.06001167 -0.09115902
v 0.00412938 -0.06010130 -0.09120959
v 0.00184791 -0.06214993 -0.08957034
v 0.00307290 -0.06211792 -0.08953746
v 0.00596363 -0.06269410 -0.08847216
v 0.00596363 -0.06360959 -0.08709670
v 0.01268491 -0.06218835 -0.08778696
v 0.01330064 -0.06252766 -0.08689780
v 0.05643475 -0.02901319 -0.08582153
v 0.05635697 -0.02697735 -0.08752990
v 0.05494402 -0.03142034 -0.08633059
v 0.05528105 -0.03003751 -0.08688262
v 0.05484031 -0.02946773 -0.08796816
v 0.05506068 -0.02796966 -0.08859942
v 0.05465235 -0.02723984 -0.08955348
v 0.05616253 -0.02447417 -0.08917590
v 0.05372551 -0.02796966 -0.08998331
v 0.05358939 -0.02622832 -0.09071402
v 0.05257829 -0.02678530 -0.09123909
v 0.05104866 -0.02920525 -0.09142619
v 0.05131440 -0.02814892 -0.09155092
v -0.00229375 -0.05972358 -0.09156778
v 0.04319961 -0.04146508 -0.09114132
v 0.04509868 -0.03916676 -0.09114722
v 0.04454776 -0.04101054 -0.09049574
v 0.04915608 -0.03277757 -0.09139754
v 0.04714034 -0.03618343 -0.09126774
v 0.04879311 -0.03400035 -0.09118346
v 0.04647275 -0.03750224 -0.09106210
v 0.04139129 -0.04332806 -0.09113543
v 0.04094407 -0.04474290 -0.09051343
v 0.03949222 -0.04518464 -0.09111688
v 0.03632279 -0.04747015 -0.09140681
v 0.03754778 -0.04696439 -0.09108149
v 0.02734597 -0.05307830 -0.09146917
v 0.03209040 -0.05077359 -0.09114975
v 0.03423576 -0.04912827 -0.09126100
v 0.02984781 -0.05238049 -0.09098456
v 0.02856448 -0.05273900 -0.09123487
v 0.03162373 -0.05198997 -0.09046202
v 0.03116355 -0.05319354 -0.08977514
v 0.02490894 -0.05461479 -0.09124751
v 0.02444875 -0.05574794 -0.09051681
v 0.02398857 -0.05686829 -0.08978609
v 0.02249783 -0.05605523 -0.09096349
v 0.02066358 -0.05640094 -0.09121464
v 0.01967192 -0.05658660 -0.09134612
v 0.01844692 -0.05680427 -0.09151216
v 0.01515434 -0.05823191 -0.09119863
v 0.01396823 -0.05839837 -0.09132000
v 0.01274324 -0.05852640 -0.09142956
v 0.01147936 -0.05864804 -0.09151047
v 0.00963862 -0.05972998 -0.09096012
v 0.00780437 -0.05988363 -0.09107306
v 0.00780437 -0.06097837 -0.09015439
v 0.00596363 -0.06106800 -0.09024036
v 0.00412938 -0.06206671 -0.08948605
v 0.00596363 -0.06198348 -0.08938997
v 0.00780437 -0.06189386 -0.08926523
v 0.00780437 -0.06256606 -0.08834742
v 0.00963862 -0.06242523 -0.08815273
v 0.01147936 -0.06228438 -0.08792855
v 0.01515434 -0.06235480 -0.08633733
v 0.01515434 -0.06286696 -0.08495428
v 0.01563397 -0.06019733 -0.08944391
v 0.01390990 -0.06202830 -0.08758131
v 0.00963862 -0.06174661 -0.08907139
v 0.05694031 -0.02880833 -0.08489866
v 0.05452921 -0.03069052 -0.08755518
v 0.05456161 -0.03264312 -0.08576506
v 0.05265606 -0.03431404 -0.08743972
v 0.05301902 -0.03309126 -0.08796310
v 0.05434125 -0.02846902 -0.08919276
v 0.05323292 -0.03164441 -0.08859689
v 0.05281810 -0.03091458 -0.08955432
v 0.05304495 -0.02998629 -0.08974311
v 0.05223477 -0.02814892 -0.09100647
v 0.05071811 -0.03042803 -0.09121802
v 0.04276536 -0.04289913 -0.09052607
v 0.04411998 -0.04246379 -0.08991588
v 0.04644034 -0.03918597 -0.09021170
v 0.04586998 -0.04055599 -0.08985098
v 0.05033570 -0.03182367 -0.09095675
v 0.04819682 -0.03553683 -0.09087415
v 0.05001163 -0.03358422 -0.09046876
v 0.04959033 -0.03549201 -0.08991504
v 0.04819034 -0.03722056 -0.09001196
v 0.04755515 -0.03859058 -0.08974648
v 0.04233110 -0.04430756 -0.08991083
v 0.04172184 -0.04553035 -0.08949363
v 0.04049684 -0.04606171 -0.08989144
v 0.03902556 -0.04651625 -0.09048646
v 0.03660797 -0.04954440 -0.08976080
v 0.03524686 -0.05017180 -0.09000944
v 0.03535705 -0.04873135 -0.09099299
v 0.03856537 -0.04780946 -0.08985689
v 0.02798115 -0.05375692 -0.09071571
v 0.02617282 -0.05429468 -0.09101659
v 0.03358113 -0.05017180 -0.09084297
v 0.03456631 -0.05118331 -0.08961500
v 0.02966633 -0.05382734 -0.08996224
v 0.02893392 -0.05478124 -0.08954842
v 0.03238854 -0.05280302 -0.08940177
v 0.02801356 -0.05500530 -0.08974142
v 0.02617282 -0.05544704 -0.09009708
v 0.02521357 -0.05659300 -0.08952229
v 0.02249783 -0.05809747 -0.08915146
v 0.02130525 -0.05834075 -0.08943211
v 0.02008025 -0.05857762 -0.08966557
v 0.02249783 -0.05718198 -0.09004483
v 0.01896544 -0.05746367 -0.09086572
v 0.01698859 -0.05795663 -0.09099805
v 0.01698859 -0.05908978 -0.09007938
v 0.01440897 -0.06032537 -0.08958045
v 0.01147936 -0.05956993 -0.09080841
v 0.00963862 -0.06082472 -0.09004146
v 0.01695619 -0.06245083 -0.08489866
v 0.01515434 -0.06186185 -0.08725598
v 0.01632101 -0.06220115 -0.08600780
v 0.01695619 -0.06242523 -0.08498294
v 0.01882933 -0.05878889 -0.08984593
v 0.01698859 -0.06000527 -0.08920456
v 0.01698859 -0.06069028 -0.08828674
v 0.01847933 -0.06046621 -0.08796985
v 0.01147936 -0.06062626 -0.08988976
v 0.05104866 -0.03834730 -0.08598335
v 0.05299310 -0.03487742 -0.08621512
v 0.05102922 -0.03649072 -0.08778527
v 0.05135977 -0.03549201 -0.08815189
v 0.05087366 -0.03439727 -0.08944812
v 0.05244866 -0.03214377 -0.08918770
v 0.05174866 -0.02988386 -0.09070727
v 0.05122366 -0.03316809 -0.08975491
v 0.04534498 -0.04178518 -0.08944391
v 0.04355609 -0.04368657 -0.08948858
v 0.04709497 -0.03981336 -0.08936216
v 0.04923385 -0.03654194 -0.08962680
v 0.04284962 -0.04481972 -0.08913545
v 0.04365980 -0.04563278 -0.08774650
v 0.04270703 -0.04606171 -0.08815695
v 0.04176073 -0.04740613 -0.08768076
v 0.04053574 -0.04794390 -0.08819909
v 0.03979037 -0.04729090 -0.08942284
v 0.03783296 -0.04903224 -0.08933266
v 0.03579131 -0.05077359 -0.08920372
v 0.02875892 -0.05651618 -0.08757373
v 0.02753393 -0.05683628 -0.08798502
v 0.02617282 -0.05636253 -0.08927535
v 0.03015892 -0.05442272 -0.08914134
v 0.03104688 -0.05494769 -0.08791675
v 0.02966633 -0.05518456 -0.08856908
v 0.03172095 -0.05388496 -0.08865926
v 0.03351631 -0.05243811 -0.08900649
v 0.03448205 -0.05297587 -0.08774566
v 0.02377468 -0.05860963 -0.08790916
v 0.02249783 -0.05887211 -0.08823280
v 0.02068303 -0.05912179 -0.08874354
v 0.01970433 -0.06026775 -0.08768919
v 0.02066358 -0.06061986 -0.08648482
v 0.02190154 -0.06040859 -0.08609714
v 0.01898488 -0.05980681 -0.08860110
v 0.05127551 -0.03868661 -0.08495428
v 0.04889682 -0.04160592 -0.08536220
v 0.04936348 -0.04037674 -0.08619321
v 0.04890978 -0.03978135 -0.08741781
v 0.05059496 -0.03771991 -0.08720795
v 0.04936996 -0.03855217 -0.08797658
v 0.04991441 -0.03713093 -0.08849323
v 0.05051070 -0.03549201 -0.08907055
v 0.04653108 -0.04117699 -0.08879158
v 0.04597368 -0.04250220 -0.08821931
v 0.04878015 -0.03776472 -0.08920202
v 0.04823571 -0.03918597 -0.08867022
v 0.04768479 -0.04057520 -0.08813756
v 0.04542924 -0.04372498 -0.08767739
v 0.04590887 -0.04424355 -0.08645279
v 0.04402276 -0.04597849 -0.08679160
v 0.04279776 -0.04699000 -0.08695763
v 0.04224684 -0.04782866 -0.08645616
v 0.04104129 -0.04850088 -0.08701831
v 0.03982925 -0.04916668 -0.08757962
v 0.03919407 -0.04848807 -0.08876630
v 0.03860426 -0.04964684 -0.08810890
v 0.03720427 -0.05021021 -0.08865673
v 0.03657557 -0.05133056 -0.08797912
v 0.03227187 -0.05457637 -0.08740601
v 0.02942652 -0.05690030 -0.08634829
v 0.02577097 -0.05869286 -0.08629182
v 0.02499968 -0.05832154 -0.08751641
v 0.03520149 -0.05321914 -0.08661208
v 0.03351631 -0.05419866 -0.08679244
v 0.03570705 -0.05255334 -0.08710513
v 0.02436450 -0.05896814 -0.08685903
v 0.02251080 -0.05980040 -0.08674272
v 0.02066358 -0.06011410 -0.08740348
v 0.02312654 -0.06014611 -0.08555858
v 0.02251080 -0.06061346 -0.08494923
v 0.04713386 -0.04358414 -0.08551475
v 0.04767182 -0.04235496 -0.08636852
v 0.04828756 -0.04108736 -0.08689358
v 0.04719868 -0.04179798 -0.08759312
v 0.04655053 -0.04303997 -0.08702338
v 0.04533850 -0.04546633 -0.08562431
v 0.04347184 -0.04729730 -0.08559735
v 0.04031537 -0.04957641 -0.08635503
v 0.03907741 -0.05022301 -0.08685818
v 0.03780056 -0.05086961 -0.08736134
v 0.03290706 -0.05496049 -0.08618141
v 0.03065151 -0.05651618 -0.08571197
v 0.02699597 -0.05836636 -0.08574568
v 0.03413206 -0.05459557 -0.08547261
v 0.03628390 -0.05295027 -0.08587969
v 0.03704223 -0.05191314 -0.08662051
v 0.04154036 -0.04905785 -0.08546924
v 0.03955055 -0.05079919 -0.08533186
v 0.03832556 -0.05127294 -0.08613590
v 0.02663949 -0.05884010 -0.08489866
v 0.02630245 -0.05892973 -0.08506132
v 0.00228097 0.06548146 -0.08515104
v 0.00228097 0.06499838 -0.08655914
v 0.00412296 0.06496024 -0.08653284
v 0.00412296 0.06443902 -0.08745082
v 0.00228097 0.06442631 -0.08747800
v 0.00043897 0.06441996 -0.08747186
v -0.00141564 0.06442631 -0.08743680
v -0.00141564 0.06497295 -0.08653459
v 0.00595233 0.06487761 -0.08639606
v 0.00595233 0.06439453 -0.08731492
v 0.00412296 0.06290714 -0.08966292
v 0.00228097 0.06295799 -0.08971640
v 0.00043897 0.06297705 -0.08974183
v 0.00607850 0.06337751 -0.08880544
v -0.00141564 0.06297705 -0.08971202
v -0.00323240 0.06440088 -0.08741575
v -0.00323240 0.06494753 -0.08649689
v 0.00779433 0.06477591 -0.08616722
v 0.00779433 0.06429918 -0.08708608
v 0.00963632 0.06325674 -0.08840212
v 0.00779433 0.06338386 -0.08855555
v 0.00554861 0.06284993 -0.08960067
v 0.00412296 0.06196639 -0.09058178
v 0.00228097 0.06202360 -0.09063527
v 0.00043897 0.06204903 -0.09066069
v -0.00137779 0.06204267 -0.09065017
v -0.00141564 0.06295799 -0.08973131
v 0.00678501 0.06278636 -0.08953491
v -0.00323240 0.06291349 -0.08967520
v -0.00506177 0.06435639 -0.08729739
v -0.00506177 0.06489668 -0.08637765
v 0.00913166 0.06469963 -0.08599099
v 0.00971202 0.06422290 -0.08667926
v 0.01146569 0.06309783 -0.08815926
v 0.00963632 0.06260839 -0.08932098
v 0.00779433 0.06272916 -0.08947266
v 0.00524582 0.06098116 -0.09140157
v 0.00412296 0.06104472 -0.09144803
v 0.00228097 0.06110829 -0.09149976
v 0.00043897 0.06112735 -0.09151204
v -0.00141564 0.06114007 -0.09148837
v -0.00141564 0.06204267 -0.09064929
v -0.00323240 0.06200453 -0.09059406
v 0.00779433 0.06084132 -0.09124988
v -0.00506177 0.06102565 -0.09143839
v -0.00618463 0.06097480 -0.09139981
v -0.00467066 0.06285629 -0.08960944
v -0.00518793 0.06334572 -0.08880632
v -0.00689115 0.06335209 -0.08853890
v -0.00689115 0.06428011 -0.08711151
v -0.00689115 0.06480134 -0.08619352
v 0.01036807 0.06456615 -0.08579197
v 0.01429176 0.06281815 -0.08772788
v 0.01330769 0.06291985 -0.08787518
v 0.01146569 0.06243677 -0.08907811
v 0.00963632 0.06169307 -0.09022669
v 0.01330769 0.06129898 -0.08990316
v 0.01146569 0.06151509 -0.09008203
v 0.00779433 0.05991964 -0.09192500
v 0.00590187 0.06020568 -0.09188028
v 0.00412296 0.06004678 -0.09208457
v 0.00228097 0.06004678 -0.09213805
v -0.00137779 0.06112100 -0.09150503
v 0.00043897 0.06004678 -0.09215559
v -0.00141564 0.06004678 -0.09215559
v -0.00141564 0.06112100 -0.09150415
v -0.00323240 0.06108922 -0.09148398
v 0.00963632 0.06070147 -0.09114555
v 0.00963632 0.05977981 -0.09183995
v -0.00506177 0.06004678 -0.09207493
v -0.00684068 0.06019297 -0.09187941
v -0.00740842 0.06091760 -0.09133405
v -0.00589445 0.06278002 -0.08953404
v -0.00874576 0.06324402 -0.08839159
v -0.00890977 0.06425469 -0.08669943
v -0.00840511 0.06471869 -0.08602519
v 0.01697905 0.06293892 -0.08615495
v 0.01499828 0.06311054 -0.08683094
v 0.01550294 0.06265288 -0.08747011
v 0.01882105 0.06129262 -0.08818381
v 0.01734493 0.06082860 -0.08938411
v 0.01612114 0.06098116 -0.08956122
v 0.01330769 0.06222701 -0.08879404
v 0.01513706 0.06109557 -0.08968922
v 0.01532631 0.05993871 -0.09076064
v 0.01330769 0.06033281 -0.09082202
v 0.01146569 0.06052350 -0.09100088
v 0.00779433 0.05838776 -0.09284386
v 0.00595233 0.05851489 -0.09291050
v 0.00412296 0.05861023 -0.09293856
v 0.00043897 0.05867380 -0.09294645
v -0.00141564 0.05871829 -0.09293943
v -0.00323240 0.06004678 -0.09213192
v -0.00323240 0.05867380 -0.09294907
v -0.00506177 0.05864837 -0.09294118
v 0.01330769 0.05941749 -0.09160673
v 0.01146569 0.05960818 -0.09173562
v 0.00976248 0.05806994 -0.09283860
v -0.00689115 0.05857845 -0.09291137
v -0.00874576 0.05988786 -0.09191711
v -0.00874576 0.06080318 -0.09124462
v -0.01057513 0.06157865 -0.09018285
v -0.00874576 0.06168671 -0.09032489
v -0.00874576 0.06260839 -0.08930958
v -0.01057513 0.06249397 -0.08912020
v -0.01057513 0.06310418 -0.08820134
v -0.00962890 0.06462971 -0.08586298
v 0.01697905 0.06246855 -0.08707380
v 0.01791267 0.06279908 -0.08587789
v 0.02008268 0.06108922 -0.08789359
v 0.01882105 0.06060613 -0.08910266
v 0.02174805 0.05919502 -0.08961733
v 0.02065042 0.05938571 -0.08979706
v 0.01882105 0.05969081 -0.09008640
v 0.01682766 0.06014847 -0.09019337
v 0.01604544 0.05911874 -0.09137965
v 0.01483427 0.05925858 -0.09148661
v 0.01046900 0.05726904 -0.09319983
v 0.00924521 0.05736439 -0.09325594
v 0.00779433 0.05747245 -0.09330416
v 0.00595233 0.05759957 -0.09335415
v 0.00412296 0.05768856 -0.09338396
v 0.00228097 0.05772670 -0.09339886
v 0.00043897 0.05775848 -0.09340762
v -0.00137779 0.05869287 -0.09295346
v -0.00141564 0.05869287 -0.09295346
v -0.00323240 0.05775212 -0.09341377
v -0.00506177 0.05772034 -0.09340675
v -0.00689115 0.05766314 -0.09339534
v 0.01532631 0.05839412 -0.09193026
v 0.01146569 0.05820978 -0.09255978
v -0.00874576 0.05754236 -0.09334800
v -0.00874576 0.05845133 -0.09283685
v -0.01057513 0.05831784 -0.09272900
v -0.01057513 0.05970353 -0.09181014
v -0.01240451 0.05952555 -0.09167951
v -0.01057513 0.06061885 -0.09110259
v -0.01240451 0.06044086 -0.09092899
v -0.01240451 0.06139432 -0.09001013
v -0.01240451 0.06230964 -0.08885366
v -0.01240451 0.06293256 -0.08793480
v -0.01347690 0.06282450 -0.08776032
v -0.01415818 0.06315503 -0.08686952
v -0.01608849 0.06300884 -0.08628646
v 0.01864442 0.06220158 -0.08661175
v 0.02067565 0.06142610 -0.08687302
v 0.02345126 0.06098116 -0.08590419
v 0.02249241 0.06115913 -0.08622684
v 0.02530587 0.05915052 -0.08774191
v 0.02433441 0.05934757 -0.08802423
v 0.02298445 0.05894712 -0.08932273
v 0.02433441 0.05770127 -0.08993647
v 0.02433441 0.05665248 -0.09085446
v 0.01882105 0.05862930 -0.09100439
v 0.01697905 0.05897255 -0.09126215
v 0.01882105 0.05771399 -0.09166460
v 0.01697905 0.05804452 -0.09186801
v 0.01146569 0.05716098 -0.09312706
v 0.01637347 0.05553375 -0.09325331
v 0.01513706 0.05570538 -0.09331118
v 0.01330769 0.05597870 -0.09338746
v 0.01146569 0.05623931 -0.09344708
v 0.00976248 0.05654442 -0.09344971
v 0.00779433 0.05636644 -0.09358473
v 0.00595233 0.05636644 -0.09365401
v 0.00412296 0.05636644 -0.09369960
v 0.00228097 0.05636644 -0.09371626
v -0.00137779 0.05636644 -0.09373554
v -0.00137779 0.05777120 -0.09341377
v -0.00141564 0.05779026 -0.09340587
v -0.00141564 0.05777120 -0.09341377
v -0.00323240 0.05636644 -0.09374256
v -0.00506177 0.05636644 -0.09373642
v -0.00689115 0.05636644 -0.09372853
v -0.00874576 0.05636644 -0.09368995
v -0.01057513 0.05636644 -0.09361980
v 0.01513706 0.05662069 -0.09290786
v 0.01330769 0.05820978 -0.09230815
v -0.01230357 0.05646814 -0.09348565
v -0.01162229 0.05731354 -0.09323753
v -0.01424650 0.05930308 -0.09151555
v -0.01528104 0.05915688 -0.09140858
v -0.01424650 0.06021839 -0.09069927
v -0.01424650 0.06117185 -0.08978041
v -0.01538197 0.06102565 -0.08961821
v -0.01603802 0.06148967 -0.08873091
v -0.01470069 0.06265288 -0.08753061
v -0.01608849 0.06249397 -0.08720533
v -0.01719873 0.06285629 -0.08598924
v 0.02726141 0.05921409 -0.08604185
v 0.02602500 0.05941113 -0.08670907
v 0.02652966 0.05886449 -0.08726582
v 0.02896462 0.05731354 -0.08774279
v 0.02800577 0.05756779 -0.08806018
v 0.02800577 0.05684317 -0.08897904
v 0.02675675 0.05713556 -0.08937008
v 0.02553296 0.05740888 -0.08967520
v 0.02800577 0.05592149 -0.08996716
v 0.02535633 0.05550833 -0.09142349
v 0.02249241 0.05700207 -0.09115168
v 0.02433441 0.05573080 -0.09156553
v 0.02015838 0.05745338 -0.09149275
v 0.02249241 0.05609311 -0.09179085
v 0.02065042 0.05477099 -0.09288244
v 0.01699167 0.05623931 -0.09282019
v 0.02065042 0.05385567 -0.09330504
v 0.01882105 0.05418621 -0.09339184
v 0.01699167 0.05465657 -0.09342867
v 0.02171020 0.05367769 -0.09324718
v 0.01513706 0.05453580 -0.09357773
v 0.01330769 0.05453580 -0.09367066
v 0.01146569 0.05453580 -0.09372239
v -0.01057513 0.05452945 -0.09394071
v -0.01240451 0.05452945 -0.09394071
v -0.01424650 0.05452945 -0.09389862
v -0.01424650 0.05604862 -0.09349355
v -0.01608849 0.05578166 -0.09339009
v -0.01608849 0.05670968 -0.09288156
v -0.01597494 0.05830513 -0.09186362
v -0.01791787 0.05784111 -0.09180225
v -0.01650483 0.05897890 -0.09125602
v -0.01791787 0.05971624 -0.09014954
v -0.01661838 0.06084132 -0.08940866
v -0.01791787 0.06131804 -0.08820923
v -0.01922997 0.06110193 -0.08790324
v -0.02160185 0.06119727 -0.08631013
v -0.02262378 0.06100023 -0.08595943
v 0.03092016 0.05737710 -0.08601467
v 0.02793008 0.05848311 -0.08670907
v 0.03256029 0.05541934 -0.08767527
v 0.02970899 0.05630288 -0.08853539
v 0.02921695 0.05561638 -0.08970150
v 0.02800577 0.05482184 -0.09088602
v 0.02658012 0.05519687 -0.09117711
v 0.02898985 0.05364591 -0.09140770
v 0.02800577 0.05390652 -0.09157517
v 0.02605023 0.05456123 -0.09176806
v 0.02065042 0.05269245 -0.09353564
v 0.02605023 0.05254626 -0.09273690
v 0.02535633 0.05182799 -0.09324104
v 0.02605023 0.05084911 -0.09336993
v 0.02239148 0.05268610 -0.09337606
v 0.01882105 0.05269245 -0.09364874
v 0.01697905 0.05269245 -0.09370310
v -0.02894459 0.04718785 -0.09410817
v 0.04453324 0.03249193 -0.09353301
v -0.02710259 0.04902483 -0.09399857
v -0.01975986 0.05269245 -0.09386268
v -0.01608849 0.05452945 -0.09377412
v -0.01975986 0.05423705 -0.09348830
v -0.01740060 0.05557189 -0.09328663
v -0.01796833 0.05626473 -0.09276232
v -0.02160185 0.05481548 -0.09284386
v -0.01975986 0.05752965 -0.09158043
v -0.02084487 0.05735167 -0.09143664
v -0.01791787 0.05875007 -0.09106576
v -0.01975986 0.05845133 -0.09077906
v -0.01975986 0.05941113 -0.08986020
v -0.02094580 0.05921409 -0.08964451
v -0.01791787 0.06063156 -0.08912896
v -0.02216959 0.05899161 -0.08938850
v -0.02343123 0.05941113 -0.08812769
v -0.02046638 0.06084767 -0.08759461
v -0.02160185 0.06065698 -0.08722900
v -0.02331768 0.06033916 -0.08666173
v -0.02518491 0.05950012 -0.08676694
v -0.02649701 0.05926494 -0.08613829
v 0.03433920 0.05535578 -0.08574725
v 0.03311541 0.05579436 -0.08644955
v 0.03335512 0.05411629 -0.08859238
v 0.03044074 0.05526043 -0.08932800
v 0.03595410 0.05339801 -0.08734473
v 0.03473031 0.05383024 -0.08795584
v 0.03264860 0.05365227 -0.08957963
v 0.03167714 0.05395102 -0.08985055
v 0.03177807 0.05268610 -0.09084570
v 0.03020102 0.05327724 -0.09114379
v 0.03247197 0.05169451 -0.09130687
v 0.03123557 0.05206318 -0.09156290
v 0.02969637 0.05268610 -0.09172597
v 0.02800577 0.05269245 -0.09217313
v 0.02433441 0.05086182 -0.09352774
v 0.02896462 0.04995922 -0.09322876
v 0.02800577 0.05017534 -0.09329189
v 0.02800577 0.04901848 -0.09350583
v 0.02984777 0.04718785 -0.09356633
v 0.03903250 0.03983353 -0.09355054
v -0.03078658 0.04535085 -0.09409326
v -0.03812931 0.03982718 -0.09400909
v -0.03628732 0.04166416 -0.09402137
v -0.03261596 0.04535085 -0.09401873
v -0.03078658 0.04718785 -0.09394597
v 0.04086187 0.03799654 -0.09352774
v 0.04270386 0.03615955 -0.09348040
v 0.04637523 0.03065494 -0.09348127
v 0.04821722 0.02698096 -0.09342691
v 0.05283482 0.01457333 -0.09322613
v -0.02894459 0.04902483 -0.09376360
v -0.02527322 0.05086182 -0.09378289
v -0.02160185 0.05269245 -0.09370485
v -0.02334291 0.05274331 -0.09348040
v -0.02160185 0.05389381 -0.09336028
v -0.02151354 0.05644271 -0.09184872
v -0.02267424 0.05367133 -0.09325770
v -0.02343123 0.05591513 -0.09171546
v -0.02478118 0.05562910 -0.09152169
v -0.02208127 0.05711649 -0.09123673
v -0.02151354 0.05817164 -0.09044150
v -0.02343123 0.05780933 -0.09005572
v -0.02479380 0.05749787 -0.08975849
v -0.02343123 0.05871829 -0.08904655
v -0.02451624 0.05920137 -0.08781556
v -0.02574002 0.05891534 -0.08736402
v -0.02949971 0.05710378 -0.08740961
v -0.03014314 0.05744702 -0.08618300
v 0.03645875 0.05375397 -0.08612075
v 0.03534851 0.05414171 -0.08675642
v 0.03387239 0.05327089 -0.08917982
v 0.03725358 0.05274967 -0.08686864
v 0.03803580 0.05170722 -0.08761565
v 0.03679939 0.05218395 -0.08818030
v 0.03606765 0.05163094 -0.08940603
v 0.03484385 0.05203775 -0.08980233
v 0.03351913 0.05132584 -0.09105875
v 0.03456629 0.05004185 -0.09144453
v 0.03351913 0.05041052 -0.09165583
v 0.03177807 0.05099531 -0.09192237
v 0.02968375 0.05069020 -0.09269656
v 0.03351913 0.04901848 -0.09226519
v 0.03534851 0.04718785 -0.09247123
v 0.03637043 0.04451181 -0.09324893
v 0.03310279 0.04660306 -0.09331469
v 0.02968375 0.04894220 -0.09333924
v 0.03163929 0.04720691 -0.09339272
v 0.03363268 0.04547163 -0.09342867
v 0.03534851 0.04350751 -0.09351986
v 0.03719050 0.04167052 -0.09354440
v 0.03891895 0.04158153 -0.09335063
v 0.04077355 0.03973819 -0.09334800
v -0.03995869 0.03799018 -0.09398016
v -0.03995869 0.03982718 -0.09382760
v -0.03812931 0.04166416 -0.09382147
v -0.03628732 0.04350751 -0.09376798
v -0.03271689 0.04730862 -0.09357071
v 0.04259032 0.03785035 -0.09332258
v 0.04405382 0.03615955 -0.09330416
v 0.04467202 0.03444969 -0.09339534
v 0.04636262 0.03242201 -0.09336028
v 0.04777565 0.03065494 -0.09331118
v 0.04834339 0.02891329 -0.09335677
v 0.05013491 0.02508676 -0.09331206
v 0.05144702 0.02147635 -0.09329277
v 0.05176243 0.01963300 -0.09327962
v 0.05283482 0.01595902 -0.09322613
v 0.05740195 0.00493073 -0.09218453
v 0.05740195 0.00309374 -0.09217225
v -0.04915603 0.02515668 -0.09375395
v -0.04731404 0.02881795 -0.09380832
v -0.03066042 0.04901212 -0.09346111
v -0.02705213 0.05091267 -0.09349530
v -0.02527322 0.05213945 -0.09337956
v -0.02640869 0.05187884 -0.09326559
v -0.02705213 0.05256533 -0.09269656
v -0.02534892 0.05465657 -0.09194692
v -0.02334291 0.05438325 -0.09265448
v -0.02710259 0.05414171 -0.09174614
v -0.02600497 0.05536213 -0.09130337
v -0.02343123 0.05683045 -0.09097546
v -0.02849040 0.05566724 -0.08978304
v -0.02601759 0.05718641 -0.08945074
v -0.02526060 0.05820343 -0.08863534
v -0.02710259 0.05768220 -0.08821449
v -0.02827592 0.05739617 -0.08786553
v -0.02900767 0.05639186 -0.08866515
v -0.03078658 0.05582615 -0.08817416
v -0.03180851 0.05550833 -0.08779890
v -0.03076135 0.05673511 -0.08679499
v -0.03250241 0.05576894 -0.08666085
v -0.03360003 0.05548926 -0.08595855
v -0.03137955 0.05709106 -0.08545002
v 0.03975163 0.05163094 -0.08554033
v 0.03852784 0.05209496 -0.08639080
v 0.03909558 0.05131948 -0.08691861
v 0.04001657 0.05001007 -0.08778750
v 0.03744283 0.05105887 -0.08885629
v 0.03808627 0.04992108 -0.08953229
v 0.03686248 0.05040416 -0.08991894
v 0.03531066 0.05083640 -0.09047306
v 0.03579008 0.04957148 -0.09114467
v 0.03780871 0.04786798 -0.09123410
v 0.03658491 0.04835106 -0.09152431
v 0.03524758 0.04898034 -0.09172861
v 0.03719050 0.04722598 -0.09183206
v 0.03706434 0.04521102 -0.09272812
v 0.03534851 0.04487413 -0.09332258
v 0.03891895 0.04340581 -0.09275706
v 0.03825028 0.04272568 -0.09325945
v 0.03706434 0.04340581 -0.09333397
v 0.04010489 0.04090776 -0.09326384
v 0.04190903 0.03906441 -0.09325945
v -0.04364267 0.03431620 -0.09390300
v -0.03990823 0.04161967 -0.09344971
v -0.04180068 0.03799018 -0.09378464
v -0.04175022 0.03973819 -0.09343218
v -0.03801577 0.04343759 -0.09341727
v -0.03463458 0.04552884 -0.09361279
v -0.03414254 0.04676832 -0.09339799
v -0.03217438 0.04840191 -0.09335415
v 0.04367532 0.03714479 -0.09323753
v 0.04574441 0.03391575 -0.09329365
v 0.04740977 0.03176095 -0.09325682
v 0.04903729 0.02957436 -0.09317002
v 0.04927700 0.02835394 -0.09326296
v 0.04959241 0.02698096 -0.09330153
v 0.05100544 0.02442570 -0.09323139
v 0.05114422 0.02330698 -0.09325945
v 0.05280958 0.01869861 -0.09322000
v 0.05282220 0.01747184 -0.09322350
v 0.05740195 0.00676772 -0.09215822
v 0.05866359 0.00493073 -0.09161024
v 0.05866359 0.00309374 -0.09160498
v -0.05098541 0.02331969 -0.09363735
v -0.04915603 0.02698732 -0.09370135
v -0.04547205 0.03249193 -0.09382673
v -0.02996651 0.05000371 -0.09324981
v -0.02894459 0.05028340 -0.09335502
v -0.02763248 0.05156738 -0.09308936
v -0.02894459 0.05120507 -0.09289033
v -0.02895720 0.05278145 -0.09193728
v -0.02836423 0.05379846 -0.09151993
v -0.02958802 0.05344886 -0.09125690
v -0.02710259 0.05505703 -0.09104209
v -0.02971419 0.05536213 -0.08946565
v -0.03078658 0.05504431 -0.08909301
v -0.03404161 0.05391924 -0.08806193
v -0.03526540 0.05353150 -0.08760338
v -0.03303229 0.05514601 -0.08718516
v -0.03430655 0.05467565 -0.08665208
v -0.03578267 0.05389381 -0.08637765
v 0.04171978 0.04987659 -0.08575514
v 0.04040768 0.05034060 -0.08679149
v 0.04132868 0.04955877 -0.08679149
v 0.04195949 0.04826842 -0.08789096
v 0.03734190 0.04913925 -0.09057652
v 0.04125298 0.04763279 -0.08911581
v 0.04001657 0.04816673 -0.08961120
v 0.03903250 0.04860532 -0.08994086
v 0.03852784 0.04664119 -0.09159095
v 0.03909558 0.04722598 -0.09089041
v 0.03975163 0.04608819 -0.09125865
v 0.03909558 0.04542077 -0.09189606
v 0.04093757 0.04359014 -0.09191798
v 0.04077355 0.04158153 -0.09276232
v 0.04259032 0.03973819 -0.09275004
v -0.04364267 0.03615319 -0.09371888
v -0.03926479 0.04278288 -0.09330066
v -0.04110678 0.04097132 -0.09330592
v -0.04284784 0.03906441 -0.09327085
v -0.04499263 0.03615319 -0.09337343
v -0.03536633 0.04625981 -0.09321386
v -0.03339817 0.04799511 -0.09313758
v -0.03733448 0.04451817 -0.09326033
v -0.03119030 0.04962233 -0.09304026
v 0.04438184 0.03785035 -0.09270445
v 0.04637523 0.03615955 -0.09243266
v 0.04497481 0.03615955 -0.09301834
v 0.04537854 0.03513617 -0.09317353
v 0.04868403 0.03065494 -0.09303500
v 0.05004660 0.03065494 -0.09240635
v 0.04995828 0.02891329 -0.09288507
v 0.05188859 0.02698096 -0.09241512
v 0.05051340 0.02698096 -0.09303324
v 0.05081620 0.02564612 -0.09315424
v 0.05373058 0.01963300 -0.09279476
v 0.05723794 0.01412203 -0.09183995
v 0.05740195 0.01044805 -0.09201706
v 0.05740195 0.00861742 -0.09209422
v 0.05862574 0.00676772 -0.09159183
v 0.05958459 0.00493073 -0.09094126
v 0.05958459 0.00309374 -0.09095441
v -0.05649877 0.00126310 -0.09348830
v -0.05649877 0.00310009 -0.09343480
v -0.05377363 0.02068180 -0.09323490
v -0.05234798 0.02331969 -0.09335853
v -0.05113681 0.02526474 -0.09347689
v -0.04731404 0.03065494 -0.09371538
v -0.03066042 0.05071563 -0.09259748
v -0.03078658 0.05218395 -0.09165671
v -0.02903290 0.05458030 -0.09051865
v -0.03183374 0.05186613 -0.09144453
v -0.03078658 0.05308655 -0.09094565
v -0.03078658 0.05413535 -0.09002678
v -0.03194729 0.05377304 -0.08970413
v -0.03430655 0.05296578 -0.08890539
v -0.03636302 0.05316919 -0.08691072
v -0.03531586 0.05173264 -0.08950423
v -0.03628732 0.05140211 -0.08913948
v -0.03742280 0.05010542 -0.08969186
v -0.03734710 0.05187249 -0.08782257
v -0.03700646 0.05346158 -0.08559293
v 0.04363747 0.04812223 -0.08589543
v 0.04262817 0.04854175 -0.08662052
v 0.04319590 0.04767729 -0.08711940
v 0.04380149 0.04645050 -0.08790937
v 0.04315805 0.04585301 -0.08913423
v 0.04193426 0.04640601 -0.08966205
v 0.04038245 0.04485506 -0.09161901
v 0.04381410 0.04462623 -0.08970150
v 0.04279217 0.04359014 -0.09096932
v 0.04161885 0.04425756 -0.09126215
v 0.04223705 0.04303714 -0.09162076
v 0.04279217 0.04176586 -0.09191623
v 0.04459632 0.03987803 -0.09187502
v -0.04562345 0.03444969 -0.09355668
v -0.04048858 0.04219810 -0.09303763
v -0.03990823 0.04343759 -0.09270796
v -0.03854566 0.04400966 -0.09303149
v -0.04408425 0.03833979 -0.09301659
v -0.04233057 0.04029119 -0.09303412
v -0.04175022 0.04161967 -0.09272374
v -0.04458890 0.03711301 -0.09323403
v -0.04678416 0.03392211 -0.09335940
v -0.03628732 0.04587208 -0.09304903
v -0.03430655 0.04748660 -0.09303062
v -0.03812931 0.04683189 -0.09175754
v -0.03646395 0.04736582 -0.09217137
v -0.03597191 0.04854811 -0.09170143
v -0.03449580 0.04910747 -0.09201355
v -0.03271689 0.04901212 -0.09281844
v 0.04638785 0.03796476 -0.09179699
v 0.04748547 0.03734184 -0.09150328
v 0.04788920 0.03615955 -0.09171721
v 0.05008445 0.03245379 -0.09183294
v 0.04809106 0.03242201 -0.09277985
v 0.05144702 0.03065494 -0.09167337
v 0.05200214 0.02886244 -0.09188028
v 0.05172458 0.02508676 -0.09286315
v 0.05327639 0.02698096 -0.09168389
v 0.05381890 0.02513761 -0.09185836
v 0.05373058 0.02330698 -0.09226870
v 0.05373058 0.02147635 -0.09255014
v 0.05572397 0.01974106 -0.09188467
v 0.05555996 0.01779601 -0.09220469
v 0.05756596 0.01233589 -0.09181891
v 0.05702346 0.01595902 -0.09173737
v 0.05828509 0.01299060 -0.09134808
v 0.05853743 0.00861742 -0.09153922
v 0.05954674 0.00676772 -0.09091145
v 0.06065698 0.00125675 -0.09004344
v 0.06059390 0.00676772 -0.08999347
v 0.06061913 0.00493073 -0.09002328
v 0.06064436 0.00309374 -0.09003555
v -0.05750808 0.00126310 -0.09326208
v -0.05745762 0.00310009 -0.09324104
v -0.05741977 0.00405355 -0.09322350
v -0.05326898 0.02331969 -0.09297889
v -0.05208304 0.02472445 -0.09329014
v -0.05834077 0.01045441 -0.09212491
v -0.05813890 0.01412839 -0.09182242
v -0.05792442 0.01596538 -0.09171721
v -0.05661232 0.01963300 -0.09187327
v -0.05449277 0.02136829 -0.09273076
v -0.05065738 0.02698732 -0.09340061
v -0.04736451 0.03249193 -0.09346462
v -0.04928220 0.02891965 -0.09348478
v -0.04875231 0.03065494 -0.09339622
v -0.03251502 0.05084911 -0.09179962
v -0.03391544 0.05022619 -0.09158569
v -0.03305753 0.05145297 -0.09112450
v -0.03407945 0.05213310 -0.08989877
v -0.03855827 0.05141483 -0.08712027
v -0.03906293 0.05178985 -0.08589454
v -0.03864659 0.04962869 -0.08922190
v -0.03799053 0.05076012 -0.08852311
v -0.03646395 0.04910747 -0.09102017
v -0.03720832 0.04810316 -0.09137877
v -0.03812931 0.04775356 -0.09111749
v -0.03942880 0.04840191 -0.08980846
v -0.03937834 0.05018805 -0.08799706
v -0.04060213 0.04971132 -0.08738068
v 0.04730884 0.04444825 -0.08589367
v 0.04685465 0.04397788 -0.08711765
v 0.04563086 0.04460716 -0.08790148
v 0.04441969 0.04523008 -0.08851785
v 0.04503789 0.04396517 -0.08912721
v 0.04558040 0.04273839 -0.08964977
v 0.04447016 0.04341852 -0.09000224
v 0.04346085 0.04243328 -0.09127268
v 0.04401597 0.04121286 -0.09161550
v 0.04578226 0.03928053 -0.09156553
v -0.04360482 0.04163874 -0.09182680
v -0.04175022 0.04346937 -0.09181014
v -0.03988300 0.04528093 -0.09178033
v -0.03801577 0.04521737 -0.09267113
v -0.04352913 0.03973819 -0.09271497
v -0.04591363 0.03615319 -0.09298678
v -0.04530804 0.03783763 -0.09264308
v -0.04480338 0.04100310 -0.09154185
v -0.04632996 0.03514889 -0.09314898
v -0.04841167 0.03187536 -0.09330066
v -0.04800794 0.03308943 -0.09307621
v -0.04736451 0.03444969 -0.09291225
v -0.03922694 0.04641237 -0.09149100
v 0.04700605 0.03856226 -0.09119289
v 0.04826769 0.03807918 -0.09053093
v 0.04881019 0.03615955 -0.09115081
v 0.04911299 0.03521245 -0.09136299
v 0.04950409 0.03399203 -0.09161813
v 0.05110637 0.03181815 -0.09148048
v 0.05268342 0.02949808 -0.09128407
v 0.05297360 0.02827766 -0.09149450
v 0.05476512 0.02453376 -0.09148048
v 0.05499222 0.02330698 -0.09163304
v 0.05533287 0.02147635 -0.09182154
v 0.05679636 0.01779601 -0.09159884
v 0.05836079 0.01176382 -0.09141647
v 0.05843649 0.01044805 -0.09146995
v 0.05815893 0.01412203 -0.09125426
v 0.05899161 0.01595902 -0.09017409
v 0.05937010 0.01399491 -0.09018812
v 0.06016494 0.01330206 -0.08956385
v 0.06024063 0.01228504 -0.08964626
v 0.06037942 0.01044805 -0.08978742
v 0.06051820 0.00861742 -0.08991193
v 0.05945842 0.00861742 -0.09083079
v 0.06156536 0.00309374 -0.08903340
v 0.06157797 0.00125675 -0.08903427
v 0.06150227 0.00676772 -0.08892994
v 0.06154012 0.00493073 -0.08898956
v -0.05842908 0.00126310 -0.09277722
v -0.05837861 0.00310009 -0.09273251
v -0.05985473 0.00493708 -0.09175228
v -0.05971595 0.00677408 -0.09167249
v -0.05957717 0.00861742 -0.09158832
v -0.05273909 0.02526474 -0.09284912
v -0.05184332 0.02595123 -0.09316914
v -0.05465678 0.02331969 -0.09222661
v -0.05030413 0.02836665 -0.09330679
v -0.05942577 0.01045441 -0.09149889
v -0.05847954 0.01230411 -0.09184960
v -0.05931222 0.01170661 -0.09143050
v -0.05905990 0.01412839 -0.09121131
v -0.05884542 0.01596538 -0.09104121
v -0.05767209 0.01780237 -0.09157342
v -0.05617074 0.02148270 -0.09178033
v -0.05749547 0.01901008 -0.09144541
v -0.03983253 0.05076012 -0.08663893
v -0.04110678 0.05010542 -0.08615495
v -0.04065259 0.04791247 -0.08934816
v -0.04000916 0.04905662 -0.08867304
v -0.03993346 0.04716242 -0.09045903
v -0.04134649 0.04668569 -0.08988562
v -0.04130865 0.04848455 -0.08812419
v -0.04253243 0.04792518 -0.08749115
v -0.04302447 0.04838920 -0.08626629
v 0.04906252 0.04252863 -0.08574461
v 0.04772518 0.04342488 -0.08661964
v 0.04744762 0.04275746 -0.08787605
v 0.04681680 0.04202648 -0.08910091
v 0.04627430 0.04151797 -0.08990842
v 0.04638785 0.03987803 -0.09083342
v 0.04459632 0.04176586 -0.09092460
v 0.04733407 0.04079334 -0.08957875
v 0.04523976 0.04051366 -0.09123936
v -0.04296139 0.04282738 -0.09153571
v -0.04109417 0.04462623 -0.09151379
v -0.04543420 0.03975725 -0.09178033
v -0.04731404 0.03615319 -0.09232832
v -0.04722573 0.03784399 -0.09168038
v -0.04654444 0.03908984 -0.09147609
v -0.04602717 0.04031026 -0.09112889
v -0.04419780 0.04222988 -0.09114379
v -0.04997610 0.02959342 -0.09314547
v -0.05094756 0.02891965 -0.09284649
v -0.04967331 0.03065494 -0.09300081
v -0.05098541 0.03065494 -0.09228974
v -0.04908033 0.03249193 -0.09274215
v -0.04926959 0.03439884 -0.09196182
v -0.04045073 0.04585301 -0.09110960
v 0.04772518 0.03983353 -0.08988562
v 0.04950409 0.03758973 -0.08986896
v 0.05008445 0.03610870 -0.09017496
v 0.05072789 0.03303222 -0.09121306
v 0.05236801 0.03065494 -0.09103245
v 0.05494175 0.02848742 -0.08981460
v 0.05418478 0.02698096 -0.09102806
v 0.05448757 0.02575418 -0.09125426
v 0.05529502 0.02698096 -0.09010920
v 0.05643049 0.02595123 -0.08949897
v 0.05667020 0.02473081 -0.08972605
v 0.05591322 0.02330698 -0.09089654
v 0.05625386 0.02147635 -0.09118763
v 0.05644310 0.02042755 -0.09133756
v 0.05660712 0.01919441 -0.09147697
v 0.05794445 0.01595902 -0.09109294
v 0.05875190 0.01779601 -0.08997330
v 0.05991261 0.01595902 -0.08926838
v 0.06006401 0.01452884 -0.08945250
v 0.06204478 0.00990776 -0.08779101
v 0.06142658 0.00861742 -0.08882297
v 0.06228449 0.00309374 -0.08811454
v 0.06228449 0.00125675 -0.08811630
v 0.06219618 0.00676772 -0.08801108
v 0.06224664 0.00493073 -0.08807070
v -0.06000613 0.00126310 -0.09185749
v -0.05995566 0.00310009 -0.09181365
v -0.06087666 0.00310009 -0.09120692
v -0.06077573 0.00493708 -0.09113766
v -0.05282741 0.02698732 -0.09235024
v -0.05469463 0.02500413 -0.09178910
v -0.05157838 0.02698732 -0.09304465
v -0.05581749 0.02331969 -0.09155062
v -0.06062433 0.00677408 -0.09102105
v -0.06048555 0.00861742 -0.09088690
v -0.06033415 0.01045441 -0.09072733
v -0.06109114 0.01322579 -0.08955333
v -0.05859309 0.01780237 -0.09079045
v -0.05981688 0.01596538 -0.09012235
v -0.05730622 0.02023050 -0.09128934
v -0.04405902 0.04806503 -0.08515104
v -0.04257028 0.04611998 -0.08940603
v -0.04322634 0.04489955 -0.08990579
v -0.04445012 0.04432112 -0.08944461
v -0.04320110 0.04670476 -0.08818030
v -0.04442489 0.04613269 -0.08755077
v -0.04487908 0.04658399 -0.08632592
v -0.04424826 0.04781077 -0.08531588
v -0.04429873 0.04785526 -0.08515104
v 0.04873449 0.04210911 -0.08679149
v 0.05077835 0.04049459 -0.08549298
v 0.04946624 0.04119379 -0.08679149
v 0.04916345 0.04078699 -0.08774279
v 0.04800274 0.04140991 -0.08842140
v 0.04904991 0.03882287 -0.08947091
v -0.04231795 0.04405416 -0.09113152
v -0.04865138 0.03615319 -0.09164180
v -0.04827289 0.03713208 -0.09141297
v -0.04552252 0.04172137 -0.09052392
v -0.04776824 0.03835885 -0.09104998
v -0.04855045 0.03929324 -0.08982425
v -0.04680939 0.04121286 -0.08990404
v -0.04370576 0.04357743 -0.09052567
v -0.04503048 0.04309434 -0.08991894
v -0.05286526 0.02872260 -0.09181979
v -0.05220920 0.03065494 -0.09159095
v -0.05096018 0.03235209 -0.09174526
v -0.05032936 0.03384583 -0.09156290
v 0.05072789 0.03669349 -0.08927802
v 0.05111899 0.03547306 -0.08968046
v 0.05147225 0.03431620 -0.08997856
v 0.05191382 0.03253642 -0.09050112
v 0.05306191 0.03203427 -0.08979005
v 0.05344041 0.03065494 -0.09011359
v 0.05462635 0.02970784 -0.08952790
v 0.05620340 0.02698096 -0.08924032
v 0.05696038 0.02698096 -0.08832233
v 0.05842388 0.02447020 -0.08784274
v 0.05785614 0.02330698 -0.08903603
v 0.05812109 0.02186408 -0.08934553
v 0.05693515 0.02330698 -0.08997944
v 0.05834818 0.02064366 -0.08957875
v 0.05746503 0.02134286 -0.09014427
v 0.05730102 0.01974106 -0.09076503
v 0.05770475 0.01779601 -0.09089216
v 0.05849957 0.01963300 -0.08972605
v 0.05967290 0.01779601 -0.08895098
v 0.06061913 0.01595902 -0.08834951
v 0.06169152 0.01412203 -0.08723776
v 0.06239804 0.01228504 -0.08658720
v 0.06244851 0.01049255 -0.08694229
v 0.06212048 0.00861742 -0.08790411
v 0.06360921 0.00125675 -0.08558855
v 0.06272607 0.00861742 -0.08679149
v -0.06058648 0.00054484 -0.09148398
v -0.06092712 0.00126310 -0.09122796
v -0.06189859 0.00126310 -0.09030911
v -0.06281958 0.00126310 -0.08943584
v -0.06182289 0.00310009 -0.09028807
v -0.06174719 0.00493708 -0.09021880
v -0.06163364 0.00677408 -0.09010219
v -0.05406381 0.02698732 -0.09160849
v -0.05560301 0.02429222 -0.09140157
v -0.05709174 0.02148270 -0.09110434
v -0.06149486 0.00861742 -0.08996804
v -0.06117945 0.01229140 -0.08963837
v -0.06255464 0.00677408 -0.08903953
v -0.06240324 0.00861742 -0.08880895
v -0.06304667 0.00861742 -0.08789008
v -0.06294575 0.00964079 -0.08774279
v -0.06150748 0.01395041 -0.08868795
v -0.06093974 0.01445256 -0.08933852
v -0.05955194 0.01780237 -0.08987159
v -0.04625427 0.04243328 -0.08940077
v -0.04683462 0.04304349 -0.08817504
v -0.04501786 0.04490591 -0.08821975
v -0.04625427 0.04427027 -0.08752710
v -0.04670846 0.04474700 -0.08630224
v -0.04611549 0.04597378 -0.08533604
v 0.05286005 0.03716386 -0.08597609
v 0.05121992 0.03927417 -0.08628997
v 0.05042509 0.03986531 -0.08685812
v 0.05082881 0.03872752 -0.08751483
v 0.05125777 0.03750074 -0.08805229
v 0.05017276 0.03815545 -0.08876160
v -0.04996348 0.03507261 -0.09129460
v -0.04955976 0.03615319 -0.09098072
v -0.04902987 0.03783763 -0.09037925
v -0.05024105 0.03731641 -0.08970939
v -0.04977424 0.03853683 -0.08921840
v -0.04804579 0.04052002 -0.08934553
v -0.05381148 0.02804883 -0.09143664
v -0.05194426 0.03164018 -0.09141384
v 0.05288528 0.03537772 -0.08782082
v 0.05239325 0.03431620 -0.08910617
v 0.05272127 0.03324834 -0.08945951
v 0.05436140 0.03065494 -0.08923593
v 0.05481559 0.03188807 -0.08792516
v 0.05564827 0.02898957 -0.08874494
v 0.05665758 0.02827766 -0.08796023
v 0.05814632 0.02569062 -0.08745170
v 0.05851219 0.02652330 -0.08622684
v 0.05875190 0.02510583 -0.08682042
v 0.06020278 0.02253150 -0.08596469
v 0.05955935 0.02320528 -0.08666260
v 0.06037942 0.02147635 -0.08626454
v 0.05982430 0.02147635 -0.08718341
v 0.05863836 0.02330698 -0.08811717
v 0.05881499 0.02134286 -0.08869146
v 0.06021540 0.01894016 -0.08780591
v 0.06037942 0.01779601 -0.08803212
v 0.06210786 0.01551408 -0.08607429
v 0.06223403 0.01412203 -0.08631978
v -0.06093974 0.00054484 -0.09123410
v -0.06274388 0.00310009 -0.08932975
v -0.06343778 0.00126310 -0.08851610
v -0.06339993 0.00310009 -0.08841089
v -0.06265557 0.00493708 -0.08920437
v -0.05532544 0.02551900 -0.09118412
v -0.05673848 0.02331969 -0.09077642
v -0.05802536 0.02148270 -0.09018548
v -0.05770994 0.02331969 -0.08985844
v -0.06329901 0.00493708 -0.08828551
v -0.06317284 0.00677408 -0.08811980
v -0.06356395 0.00861742 -0.08679149
v -0.06326116 0.01032728 -0.08687215
v -0.06266818 0.01229140 -0.08726582
v -0.06136869 0.01596538 -0.08813471
v -0.06120468 0.01726208 -0.08787255
v -0.06072526 0.01596538 -0.08905356
v -0.05935007 0.01904822 -0.08966468
v -0.04744020 0.04180400 -0.08876160
v -0.04805841 0.04239514 -0.08749378
v -0.04849999 0.04289094 -0.08626805
v -0.04793224 0.04411772 -0.08528080
v 0.05450018 0.03502176 -0.08558241
v 0.05317546 0.03605785 -0.08666962
v 0.05248156 0.03659178 -0.08720094
v -0.05065738 0.03615319 -0.09006186
v -0.05155315 0.03286695 -0.09111223
v -0.05227228 0.03399839 -0.08988825
v -0.05189379 0.03522516 -0.08953579
v -0.05156576 0.03615319 -0.08913773
v -0.05195688 0.03715114 -0.08778926
v -0.05027889 0.03919790 -0.08799267
v -0.04919388 0.03985896 -0.08866866
v -0.04860092 0.04117472 -0.08812068
v -0.05350869 0.02926925 -0.09119289
v -0.05498480 0.02698732 -0.09088515
v -0.05314281 0.03065494 -0.09087024
v -0.05271385 0.03232666 -0.09038889
v 0.05413431 0.03437977 -0.08682743
v 0.05447495 0.03310214 -0.08746310
v 0.05320069 0.03431620 -0.08818731
v 0.05634217 0.02949808 -0.08752359
v 0.05704869 0.02886244 -0.08686338
v 0.05673328 0.03022906 -0.08629962
v 0.05819678 0.02775644 -0.08572445
v 0.05996308 0.02375192 -0.08549211
v 0.06191861 0.01674085 -0.08579197
v 0.06059390 0.01958215 -0.08686601
v -0.06435878 0.00126310 -0.08682305
v -0.06477512 0.00222292 -0.08588140
v -0.05599412 0.02698732 -0.08996629
v -0.05749547 0.02440663 -0.08962961
v -0.05914821 0.02026864 -0.08942181
v -0.05894635 0.02148270 -0.08915790
v -0.06313499 0.01229140 -0.08634696
v -0.06300882 0.01351818 -0.08606376
v -0.06149486 0.01784686 -0.08688530
v -0.06099021 0.01848886 -0.08755866
v -0.05940054 0.02277305 -0.08792691
v -0.05961502 0.02148270 -0.08823904
v -0.04981209 0.04042467 -0.08733421
v -0.04915603 0.04166416 -0.08680113
v -0.05021581 0.04093318 -0.08610848
v 0.05638002 0.03146220 -0.08573585
v 0.05486606 0.03380134 -0.08623736
v -0.05386195 0.03178002 -0.08966468
v -0.05350869 0.03300679 -0.08924996
v -0.05294095 0.03450689 -0.08878089
v -0.05360962 0.03501540 -0.08748414
v -0.05229751 0.03615319 -0.08821888
v -0.05219658 0.03785670 -0.08660999
v -0.05190641 0.03891821 -0.08587701
v -0.05150268 0.03837792 -0.08710274
v -0.05463155 0.02874167 -0.09044325
v -0.05571656 0.02821409 -0.08969361
v -0.05417736 0.03065494 -0.08995138
v -0.05767209 0.02667586 -0.08807771
v -0.05721791 0.02563341 -0.08930257
v -0.06110375 0.02059281 -0.08589806
v -0.06124253 0.01963936 -0.08623736
v -0.06052339 0.02131108 -0.08662315
v -0.05912298 0.02399982 -0.08752009
v -0.05741977 0.02790263 -0.08770859
v -0.05970333 0.02335783 -0.08686163
v -0.05542638 0.02944087 -0.08936657
v -0.05588057 0.03027355 -0.08814172
v -0.05396288 0.03379498 -0.08802511
v -0.05320590 0.03616591 -0.08684058
v -0.05551470 0.03149398 -0.08763669
v -0.05586795 0.03213597 -0.08641360
v -0.05552731 0.03335004 -0.08579722
v -0.05395026 0.03555570 -0.08625840
v -0.05354654 0.03678247 -0.08539566
v -0.06088927 0.02181959 -0.08535358
v -0.05945101 0.02469902 -0.08629435
v -0.05770994 0.02847471 -0.08648374
v -0.05736930 0.02970148 -0.08583230
v -0.06077573 0.02234081 -0.08515104
v -0.06516681 -0.00058786 -0.08489866
v -0.06514835 -0.00058786 -0.08495485
v -0.06479755 -0.00242450 -0.08593121
v -0.06478523 -0.00359559 -0.08590224
v -0.06479140 0.00054484 -0.08591453
v -0.06479755 -0.00058786 -0.08593209
v -0.06434828 -0.00242450 -0.08684963
v -0.06436059 -0.00058786 -0.08685050
v -0.06339435 -0.00426113 -0.08845465
v -0.06333896 -0.00609777 -0.08835895
v -0.06325895 -0.00793440 -0.08820353
v -0.06470523 -0.00482428 -0.08580478
v -0.06436059 0.00054484 -0.08683294
v -0.06344359 -0.00058786 -0.08854421
v -0.06342512 -0.00242450 -0.08850119
v -0.06400979 0.00054484 -0.08748882
v -0.06278507 -0.00426113 -0.08937306
v -0.06285277 -0.00058786 -0.08946174
v -0.06272352 -0.00609777 -0.08927912
v -0.06260659 -0.00793440 -0.08912195
v -0.06314202 -0.00977104 -0.08800949
v -0.06371438 -0.00977104 -0.08679168
v -0.06344359 0.00054484 -0.08852665
v -0.06321587 0.00054484 -0.08888312
v -0.06186806 -0.00426113 -0.09031869
v -0.06180653 -0.00609777 -0.09023528
v -0.06098183 -0.00242450 -0.09126520
v -0.06283431 0.00054484 -0.08944418
v -0.06191730 0.00054484 -0.09031606
v -0.06168959 -0.00793440 -0.09013870
v -0.06156035 -0.00977104 -0.09003422
v -0.06142495 -0.01160767 -0.08990954
v -0.06247735 -0.00977104 -0.08892790
v -0.06125263 -0.01345071 -0.08971900
v -0.06301893 -0.01116611 -0.08783740
v -0.06338820 -0.01171006 -0.08694884
v -0.06327126 -0.01345071 -0.08654056
v -0.06381900 -0.01345071 -0.08495485
v -0.00229990 -0.06483170 -0.08489866
v -0.06093876 -0.00426113 -0.09123798
v -0.06083413 -0.00609777 -0.09115369
v -0.06072951 -0.00793440 -0.09105711
v -0.06063104 -0.00977104 -0.09095263
v -0.06006483 -0.00242450 -0.09192196
v -0.06002175 -0.00426113 -0.09191406
v -0.06048949 -0.01160767 -0.09082795
v -0.06008330 -0.01362989 -0.09078492
v -0.05890781 -0.01712398 -0.09106940
v -0.06112954 -0.01450661 -0.08958203
v -0.06158496 -0.01518495 -0.08872508
v -0.06287739 -0.01238840 -0.08766443
v -0.06276045 -0.01345071 -0.08745897
v -0.06145572 -0.01712398 -0.08823603
v -0.06264351 -0.01545373 -0.08680221
v -0.06308663 -0.01494817 -0.08619638
v -0.06337588 -0.01545373 -0.08512519
v -0.05466745 -0.00793440 -0.09377547
v -0.00322921 -0.06479330 -0.08495398
v -0.05991713 -0.00609777 -0.09186137
v -0.05970788 -0.00977104 -0.09173670
v -0.05957248 -0.01160767 -0.09163485
v -0.06004022 -0.00058786 -0.09189211
v -0.05845854 -0.00058786 -0.09281052
v -0.05847085 -0.00242450 -0.09284125
v -0.05845239 -0.00426113 -0.09283335
v -0.05840931 -0.00609777 -0.09277979
v -0.05743692 -0.00892631 -0.09322670
v -0.05837238 -0.00793440 -0.09271833
v -0.05941247 -0.01313714 -0.09150666
v -0.05925861 -0.01435943 -0.09138198
v -0.05799082 -0.01712398 -0.09182362
v -0.05772002 -0.01896061 -0.09161641
v -0.05863702 -0.01896061 -0.09082882
v -0.05962172 -0.01896061 -0.08991041
v -0.05986790 -0.01712398 -0.09014923
v -0.06096953 -0.01572890 -0.08939853
v -0.06079105 -0.01712398 -0.08915531
v -0.06124647 -0.01851265 -0.08794627
v -0.06218809 -0.01712398 -0.08679168
v -0.06290200 -0.01617046 -0.08585043
v -0.04731913 -0.02814379 -0.09382727
v -0.05099944 -0.02079725 -0.09386854
v -0.05650761 -0.00609777 -0.09352259
v -0.05650761 -0.00426113 -0.09352874
v -0.05650761 -0.00242450 -0.09353051
v -0.05650761 -0.00058786 -0.09351820
v -0.05283345 -0.01712398 -0.09385274
v -0.05466745 -0.00977104 -0.09376581
v -0.05650761 0.00054484 -0.09350065
v -0.00506937 -0.06472290 -0.08495398
v -0.00322921 -0.06424935 -0.08642730
v -0.05677840 -0.01528734 -0.09288603
v -0.05822468 -0.01528734 -0.09196586
v -0.06002175 0.00054484 -0.09187104
v -0.05941247 0.00054484 -0.09222751
v -0.05752308 0.00054484 -0.09326797
v -0.05755385 -0.00242450 -0.09327763
v -0.05753539 -0.00058786 -0.09327412
v -0.05745538 -0.00793440 -0.09323724
v -0.05752924 -0.00426113 -0.09326709
v -0.05661223 -0.00963025 -0.09342249
v -0.05621220 -0.01160767 -0.09343655
v -0.05603372 -0.01345071 -0.09339441
v -0.05585524 -0.01528734 -0.09333558
v -0.05570754 -0.01672721 -0.09327587
v -0.05650761 -0.00793440 -0.09350679
v -0.05639067 -0.01725837 -0.09282193
v -0.05650761 -0.01896061 -0.09236975
v -0.05610757 -0.02263388 -0.09175690
v -0.05751693 -0.02012531 -0.09145837
v -0.05555983 -0.01795590 -0.09319334
v -0.05940632 -0.02028529 -0.08970056
v -0.05917246 -0.02151399 -0.08944945
v -0.05964018 -0.02263388 -0.08825007
v -0.05940632 -0.02388177 -0.08791379
v -0.06084028 -0.02079725 -0.08725264
v -0.06114800 -0.02185955 -0.08597512
v -0.06130802 -0.02079725 -0.08633423
v -0.00322921 -0.05753635 -0.09255326
v -0.01058368 -0.05491259 -0.09325480
v -0.04548513 -0.03182346 -0.09380268
v -0.05099944 -0.02263388 -0.09382375
v -0.05283345 -0.01896061 -0.09381322
v -0.05712304 0.00054484 -0.09336280
v -0.05466745 -0.01345071 -0.09371576
v -0.05466745 -0.01160767 -0.09374737
v -0.00885431 -0.06428774 -0.08510850
v -0.00831272 -0.06403817 -0.08602341
v -0.00690337 -0.06412137 -0.08619814
v -0.00506937 -0.06419816 -0.08634476
v -0.00506937 -0.06369260 -0.08726405
v -0.00322921 -0.06371180 -0.08734571
v -0.05466745 -0.01528734 -0.09365079
v -0.05483362 -0.01725837 -0.09348660
v -0.05442128 -0.01896061 -0.09346201
v -0.05581832 -0.02413135 -0.09156109
v -0.05385508 -0.02197474 -0.09327850
v -0.05834776 -0.02082285 -0.09047674
v -0.05557214 -0.02536004 -0.09136529
v -0.05702457 -0.02263388 -0.09104130
v -0.05406432 -0.02079725 -0.09336982
v -0.05767694 -0.02447052 -0.08980241
v -0.05747384 -0.02550082 -0.08960222
v -0.05895089 -0.02263388 -0.08916848
v -0.05762155 -0.02766383 -0.08799808
v -0.05911091 -0.02510406 -0.08750200
v -0.05949248 -0.02591039 -0.08627803
v -0.05973865 -0.02448332 -0.08685050
v -0.06055103 -0.02254429 -0.08666963
v -0.06090799 -0.02308824 -0.08544830
v -0.00506937 -0.05753635 -0.09253921
v -0.01241769 -0.05487419 -0.09324865
v -0.02160001 -0.05173207 -0.09331977
v -0.02711433 -0.04835318 -0.09340757
v -0.04180481 -0.03732697 -0.09362971
v -0.04364497 -0.03549033 -0.09365343
v -0.04548513 -0.03365370 -0.09362884
v -0.04731913 -0.02998042 -0.09377547
v -0.03078849 -0.04650375 -0.09342601
v -0.05099944 -0.02447052 -0.09371576
v -0.05283345 -0.02079725 -0.09369030
v -0.00953744 -0.06391019 -0.08582322
v -0.01241769 -0.06298867 -0.08679255
v -0.01241769 -0.06236152 -0.08803056
v -0.00885431 -0.06360301 -0.08669861
v -0.00690337 -0.06365421 -0.08711655
v -0.00690337 -0.06272629 -0.08850031
v -0.00508783 -0.06266869 -0.08878654
v -0.00448470 -0.06216954 -0.08958642
v -0.00322921 -0.06285428 -0.08862938
v -0.00229990 -0.06371820 -0.08737293
v -0.05440897 -0.02630715 -0.09182538
v -0.05210108 -0.02580160 -0.09330924
v -0.05275959 -0.02636475 -0.09277891
v -0.05653838 -0.02619196 -0.09014396
v -0.05645837 -0.02464331 -0.09084287
v -0.05402739 -0.02776622 -0.09158392
v -0.05370737 -0.02898851 -0.09133632
v -0.05532597 -0.02630715 -0.09117125
v -0.05236572 -0.02447052 -0.09339529
v -0.05589217 -0.02814379 -0.08984280
v -0.05563369 -0.02914850 -0.08959433
v -0.05531366 -0.03037719 -0.08923873
v -0.05717228 -0.02672312 -0.08922379
v -0.05582447 -0.03130510 -0.08801476
v -0.05731998 -0.02889252 -0.08757487
v -0.05768925 -0.02960926 -0.08634915
v -0.05917861 -0.02713268 -0.08574682
v -0.05973250 -0.02643514 -0.08506197
v -0.00229990 -0.05925780 -0.09186137
v -0.00322921 -0.05921940 -0.09185699
v -0.00506937 -0.05915541 -0.09183504
v -0.00690337 -0.05753635 -0.09247687
v -0.01352547 -0.05480380 -0.09323022
v -0.01793201 -0.05320394 -0.09327850
v -0.01937828 -0.05304396 -0.09324865
v -0.02344017 -0.05136731 -0.09328904
v -0.02521263 -0.05020901 -0.09333118
v -0.03997081 -0.03916360 -0.09357703
v -0.03816758 -0.04240171 -0.09332855
v -0.03984157 -0.04091704 -0.09334611
v -0.04172481 -0.03909961 -0.09337948
v -0.04358343 -0.03723737 -0.09338475
v -0.04746068 -0.03194505 -0.09351294
v -0.04539281 -0.03534314 -0.09336103
v -0.04915928 -0.02814379 -0.09368151
v -0.02887448 -0.04835958 -0.09333821
v -0.03249325 -0.04644615 -0.09332768
v -0.03448727 -0.04474390 -0.09337157
v -0.05109176 -0.02636475 -0.09347167
v -0.01748274 -0.06223353 -0.08609277
v -0.01609185 -0.06239992 -0.08642378
v -0.01431939 -0.06258550 -0.08691636
v -0.01374703 -0.06222713 -0.08785848
v -0.01241769 -0.06160639 -0.08894985
v -0.01058368 -0.06250230 -0.08820617
v -0.00874353 -0.06263030 -0.08835983
v -0.00874353 -0.06188156 -0.08927736
v -0.01058368 -0.06082566 -0.09006582
v -0.00874353 -0.06096005 -0.09015626
v -0.00874353 -0.05987214 -0.09107555
v -0.00690337 -0.05998733 -0.09113438
v -0.00322921 -0.06218874 -0.08961364
v -0.00229990 -0.06329584 -0.08800510
v -0.05251342 -0.02998042 -0.09179026
v -0.05052556 -0.02814379 -0.09336894
v -0.05021169 -0.02929568 -0.09327850
v -0.05144871 -0.02814379 -0.09297032
v -0.05214416 -0.03126671 -0.09154616
v -0.05343042 -0.02998042 -0.09113086
v -0.05465514 -0.02828458 -0.09085692
v -0.05468591 -0.02984604 -0.09010797
v -0.05408894 -0.03146509 -0.08986914
v -0.05371353 -0.03268098 -0.08951267
v -0.05544906 -0.03252100 -0.08748882
v -0.05618758 -0.03188105 -0.08684260
v -0.05387354 -0.03476080 -0.08786813
v -0.05735691 -0.03083155 -0.08577932
v -0.00690337 -0.05906582 -0.09178499
v -0.00874353 -0.05753635 -0.09236448
v -0.01241769 -0.05578931 -0.09288076
v -0.01418399 -0.05553333 -0.09286671
v -0.02059685 -0.05290957 -0.09319860
v -0.02456026 -0.05119452 -0.09325217
v -0.02711433 -0.04958827 -0.09330133
v -0.03596431 -0.04417435 -0.09331099
v -0.03914613 -0.04200495 -0.09324602
v -0.03718903 -0.04373279 -0.09320211
v -0.04106013 -0.04024510 -0.09327324
v -0.04292491 -0.03844047 -0.09328816
v -0.04471583 -0.03656543 -0.09327236
v -0.04858693 -0.03142029 -0.09334260
v -0.04918391 -0.02993563 -0.09344181
v -0.04684525 -0.03365370 -0.09334787
v -0.04645136 -0.03463281 -0.09324163
v -0.03078849 -0.04770684 -0.09328552
v -0.03178550 -0.04748286 -0.09323812
v -0.01846743 -0.06241912 -0.08489866
v -0.01803047 -0.06247671 -0.08507514
v -0.01870746 -0.06205435 -0.08576790
v -0.01803047 -0.06172798 -0.08674075
v -0.01609185 -0.06190076 -0.08734220
v -0.01976601 -0.06048649 -0.08795681
v -0.01793201 -0.06076806 -0.08831065
v -0.01543333 -0.06037130 -0.08962066
v -0.01058368 -0.06174717 -0.08912458
v -0.01425169 -0.06050568 -0.08976115
v -0.01241769 -0.06069127 -0.08993851
v -0.01058368 -0.05974415 -0.09098511
v -0.01058368 -0.05882904 -0.09162606
v -0.00874353 -0.05895063 -0.09171036
v -0.05089482 -0.02993563 -0.09271570
v -0.04816844 -0.03264258 -0.09315646
v -0.04918391 -0.03194505 -0.09289657
v -0.04915928 -0.03365370 -0.09232849
v -0.05108561 -0.03184906 -0.09192986
v -0.05045786 -0.03365370 -0.09163485
v -0.05013783 -0.03465840 -0.09142324
v -0.05175028 -0.03248260 -0.09125730
v -0.05292576 -0.03197705 -0.09056278
v -0.05138101 -0.03365370 -0.09095350
v -0.05247649 -0.03365370 -0.09003509
v -0.05208877 -0.03483759 -0.08971374
v -0.05339965 -0.03365370 -0.08918253
v -0.05168873 -0.03606628 -0.08931511
v -0.05580601 -0.03308414 -0.08626311
v -0.05223032 -0.03685981 -0.08809115
v -0.05179336 -0.03808210 -0.08752658
v -0.05345504 -0.03598309 -0.08722454
v -0.05413202 -0.03541994 -0.08668455
v -0.05542444 -0.03431284 -0.08546586
v -0.05704919 -0.03184906 -0.08508217
v -0.01241769 -0.05753635 -0.09211513
v -0.01609185 -0.05569332 -0.09255765
v -0.01990140 -0.05374150 -0.09293696
v -0.01430708 -0.05768354 -0.09185435
v -0.02160001 -0.05385669 -0.09260331
v -0.02711433 -0.05346632 -0.09168753
v -0.02711433 -0.05202005 -0.09232673
v -0.02887448 -0.05005543 -0.09279910
v -0.02821596 -0.04934508 -0.09324777
v -0.02531725 -0.05399107 -0.09184821
v -0.03984157 -0.04270248 -0.09274115
v -0.03816758 -0.04333603 -0.09305198
v -0.03816758 -0.04463511 -0.09255063
v -0.03646282 -0.04474390 -0.09300983
v -0.04186636 -0.04289447 -0.09188420
v -0.04371882 -0.04106423 -0.09188069
v -0.04539281 -0.03723737 -0.09273062
v -0.04594055 -0.03586150 -0.09302827
v -0.04776224 -0.03365370 -0.09299579
v -0.04717143 -0.03534314 -0.09267004
v -0.03249325 -0.04819959 -0.09274379
v -0.03629665 -0.04650375 -0.09235043
v -0.03078849 -0.05018981 -0.09229688
v -0.02353864 -0.06071047 -0.08506285
v -0.02421562 -0.06019851 -0.08574771
v -0.02298474 -0.06044809 -0.08614457
v -0.01976601 -0.06116483 -0.08679255
v -0.02073224 -0.06031370 -0.08773643
v -0.02344017 -0.05889303 -0.08824919
v -0.02219699 -0.05833628 -0.08942223
v -0.01976601 -0.05968016 -0.08887522
v -0.01793201 -0.05998094 -0.08922819
v -0.01665805 -0.06017932 -0.08943101
v -0.01976601 -0.05877144 -0.08985246
v -0.01793201 -0.05906582 -0.09010182
v -0.01793201 -0.05795232 -0.09102023
v -0.01430708 -0.05925780 -0.09077527
v -0.01241769 -0.05960337 -0.09085692
v -0.01241769 -0.05868185 -0.09153739
v -0.04910390 -0.03535594 -0.09170773
v -0.04846384 -0.03666782 -0.09150929
v -0.04968856 -0.03588710 -0.09112296
v -0.05091329 -0.03536234 -0.09041879
v -0.05046402 -0.03697500 -0.08989725
v -0.05003937 -0.03819729 -0.08951355
v -0.05381815 -0.03651424 -0.08600058
v -0.05047017 -0.03916360 -0.08817017
v -0.05216877 -0.03857485 -0.08630262
v -0.05280883 -0.03730137 -0.08676358
v -0.05010090 -0.04011071 -0.08774345
v -0.01609185 -0.05730597 -0.09180958
v -0.02160001 -0.05550134 -0.09183328
v -0.01372857 -0.05856026 -0.09145661
v -0.02836367 -0.05312715 -0.09149875
v -0.03078849 -0.05154009 -0.09165241
v -0.02896680 -0.05211604 -0.09185699
v -0.02473874 -0.05491898 -0.09148207
v -0.02596346 -0.05468221 -0.09129681
v -0.02344017 -0.05516217 -0.09163573
v -0.03816758 -0.04467351 -0.09253483
v -0.03997081 -0.04470550 -0.09184908
v -0.04128785 -0.04411036 -0.09159446
v -0.04315262 -0.04231852 -0.09159446
v -0.04495585 -0.04049468 -0.09158392
v -0.04553436 -0.03920200 -0.09186401
v -0.04671600 -0.03861965 -0.09156372
v -0.04732528 -0.03730137 -0.09181836
v -0.03461035 -0.04851316 -0.09196322
v -0.03256095 -0.05021541 -0.09180255
v -0.03629665 -0.04795641 -0.09168138
v -0.02799440 -0.05840667 -0.08583024
v -0.02676353 -0.05873305 -0.08634651
v -0.02534187 -0.05904662 -0.08689177
v -0.02353864 -0.05985295 -0.08677148
v -0.02195697 -0.06008333 -0.08736941
v -0.02144615 -0.06062087 -0.08677148
v -0.02477567 -0.05863705 -0.08794013
v -0.02344017 -0.05808670 -0.08916760
v -0.02491722 -0.05686441 -0.08978661
v -0.02344017 -0.05717159 -0.09005792
v -0.02096611 -0.05856026 -0.08965315
v -0.02344017 -0.05609008 -0.09097633
v -0.01991987 -0.05745956 -0.09088062
v -0.02063377 -0.05659564 -0.09136178
v -0.01941521 -0.05679402 -0.09149700
v -0.01793201 -0.05702440 -0.09164362
v -0.04794688 -0.03789011 -0.09119760
v -0.04925160 -0.03743576 -0.09054873
v -0.04869771 -0.03916360 -0.08988934
v -0.04827306 -0.04011711 -0.08957677
v -0.04773147 -0.04134580 -0.08904819
v -0.04962087 -0.03916360 -0.08908858
v -0.05337503 -0.03773013 -0.08495485
v -0.05039017 -0.04048188 -0.08679168
v -0.04998397 -0.04180656 -0.08564235
v -0.05168873 -0.03979715 -0.08532625
v -0.04833460 -0.04202414 -0.08782247
v -0.04869771 -0.04243371 -0.08679168
v -0.04961471 -0.04140340 -0.08679168
v -0.03078849 -0.05246161 -0.09103076
v -0.03190243 -0.05122652 -0.09146187
v -0.02711433 -0.05437504 -0.09107291
v -0.02160001 -0.05642286 -0.09123886
v -0.02711433 -0.05543094 -0.09015450
v -0.02861599 -0.05506618 -0.08983139
v -0.03816758 -0.04635016 -0.09175953
v -0.03816758 -0.04640775 -0.09173143
v -0.03935537 -0.04583180 -0.09153563
v -0.04251257 -0.04354081 -0.09124501
v -0.04437734 -0.04172337 -0.09126081
v -0.04058009 -0.04533905 -0.09121516
v -0.04186636 -0.04470550 -0.09088150
v -0.04618057 -0.03984194 -0.09124852
v -0.03410570 -0.04962666 -0.09160499
v -0.03736136 -0.04754685 -0.09145661
v -0.03533041 -0.04922989 -0.09134686
v -0.02909604 -0.05819549 -0.08511290
v -0.03041922 -0.05690281 -0.08640184
v -0.02976071 -0.05654444 -0.08762667
v -0.02600654 -0.05834908 -0.08757224
v -0.02853599 -0.05684521 -0.08798052
v -0.02614194 -0.05658283 -0.08951882
v -0.04732528 -0.03920200 -0.09084287
v -0.04719604 -0.04084025 -0.08990426
v -0.04650676 -0.04203694 -0.08963472
v -0.04592209 -0.04325923 -0.08912195
v -0.04656215 -0.04393117 -0.08789623
v -0.04819920 -0.04371359 -0.08580215
v -0.04787302 -0.04334882 -0.08679168
v -0.03219784 -0.05322314 -0.08981295
v -0.03266557 -0.05203925 -0.09051274
v -0.03312715 -0.05084895 -0.09121164
v -0.02984072 -0.05475900 -0.08952584
v -0.03858608 -0.04706049 -0.09114140
v -0.04284490 -0.04569102 -0.08963032
v -0.04371882 -0.04289447 -0.09091751
v -0.04469737 -0.04388638 -0.08964525
v -0.04538051 -0.04272168 -0.08995080
v -0.04553436 -0.04106423 -0.09091487
v -0.03997081 -0.04647174 -0.09077439
v -0.04163249 -0.04638856 -0.08986651
v -0.03629665 -0.04887153 -0.09110803
v -0.03461035 -0.05021541 -0.09097019
v -0.03624742 -0.05020901 -0.09013958
v -0.03165010 -0.05655724 -0.08579951
v -0.03393337 -0.05502778 -0.08628593
v -0.03331793 -0.05464381 -0.08751078
v -0.03209321 -0.05498938 -0.08796120
v -0.03078849 -0.05534775 -0.08834314
v -0.03078849 -0.05451582 -0.08926068
v -0.02918835 -0.05580851 -0.08875406
v -0.02711433 -0.05634606 -0.08926858
v -0.04406962 -0.04510867 -0.08912195
v -0.04533127 -0.04451992 -0.08850909
v -0.04474660 -0.04576781 -0.08789623
v -0.04597133 -0.04515347 -0.08710688
v -0.04684525 -0.04459031 -0.08661344
v -0.04640828 -0.04559502 -0.08588117
v -0.03275789 -0.05393348 -0.08871542
v -0.03342256 -0.05285838 -0.08946701
v -0.03560121 -0.05125212 -0.08967862
v -0.03445649 -0.05161688 -0.08997539
v -0.03816758 -0.04831478 -0.09048991
v -0.03997081 -0.04780922 -0.08982875
v -0.04090012 -0.04743806 -0.08955394
v -0.04212484 -0.04691970 -0.08904029
v -0.04345419 -0.04634375 -0.08846782
v -0.03767523 -0.04960746 -0.08982700
v -0.03515809 -0.05462461 -0.08553611
v -0.03731827 -0.05301196 -0.08600146
v -0.03621664 -0.05333833 -0.08668543
v -0.03555197 -0.05305036 -0.08784706
v -0.03445649 -0.05338953 -0.08821320
v -0.04283875 -0.04752765 -0.08781457
v -0.04414963 -0.04706049 -0.08679168
v -0.04540512 -0.04603018 -0.08661344
v -0.04451274 -0.04737407 -0.08577405
v -0.03445649 -0.05253840 -0.08913161
v -0.03682593 -0.05082976 -0.08928262
v -0.03816758 -0.04942188 -0.08967247
v -0.03889995 -0.04914671 -0.08943979
v -0.03997081 -0.04872435 -0.08901044
v -0.04089396 -0.04926829 -0.08771272
v -0.04150940 -0.04809720 -0.08837651
v -0.03816758 -0.05289677 -0.08495398
v -0.03816758 -0.05273679 -0.08530080
v -0.03940461 -0.05137370 -0.08630788
v -0.03816758 -0.05197525 -0.08674338
v -0.03677054 -0.05263439 -0.08722629
v -0.03887533 -0.05097694 -0.08753185
v -0.03816758 -0.05123292 -0.08783740
v -0.03765061 -0.05140571 -0.08805779
v -0.04216177 -0.04878834 -0.08679168
v -0.04323263 -0.04786682 -0.08679168
v -0.04258027 -0.04913390 -0.08562391
v -0.03816758 -0.05033700 -0.08879093
v -0.03827836 -0.05029221 -0.08875054
v -0.03997081 -0.04963306 -0.08809203
v -0.04000158 -0.05053538 -0.08686806
v -0.04124477 -0.04956267 -0.08679168
v -0.03858608 -0.05259600 -0.08495485
v -0.04062933 -0.05088735 -0.08535962
v -0.03816758 -0.05049058 -0.08862850
v -0.01241305 0.05432652 0.08592293
v -0.01713285 0.05366111 0.08507422
v -0.01125137 0.05356429 0.08856226
v -0.01608865 0.05378884 0.08532208
v -0.02126007 0.05198626 0.08537959
v -0.01856341 0.05166694 0.08836693
v -0.01733647 0.05187501 0.08880121
v -0.01425085 0.05226025 0.08922853
v -0.01002704 0.05367348 0.08874767
v -0.01608865 0.05203570 0.08900347
v -0.02619394 0.04994677 0.08500778
v -0.02527243 0.05019191 0.08542718
v -0.02358081 0.05066161 0.08607561
v -0.02119481 0.05018574 0.08894695
v -0.02241914 0.04987878 0.08858605
v -0.01976425 0.05049681 0.08917896
v -0.01241305 0.05249510 0.08932471
v -0.01793950 0.05097681 0.08927216
v -0.01608865 0.05086351 0.08967867
v -0.03199188 0.04645078 0.08532605
v -0.02851729 0.04838109 0.08552534
v -0.02612345 0.04805765 0.08860984
v -0.02489912 0.04837903 0.08900248
v -0.02343462 0.04872101 0.08922952
v -0.01976425 0.04902590 0.08977979
v -0.01425085 0.05086351 0.08983631
v -0.03144367 0.04609438 0.08655152
v -0.03021934 0.04649404 0.08722574
v -0.03081193 0.04683396 0.08593185
v -0.03484517 0.04403017 0.08592293
v -0.03392627 0.04472648 0.08592293
v -0.03261057 0.04566383 0.08593185
v -0.02963981 0.04612117 0.08845022
v -0.02841287 0.04650640 0.08894100
v -0.02711022 0.04686898 0.08917202
v -0.02541600 0.04734280 0.08934949
v -0.02343462 0.04718830 0.08980756
v -0.01792645 0.04902590 0.08989085
v -0.01241305 0.05086351 0.08988291
v -0.03248788 0.04473266 0.08758267
v -0.03178565 0.04449163 0.08874767
v -0.03081193 0.04574211 0.08780675
v -0.03558394 0.04276527 0.08710973
v -0.03623657 0.04303308 0.08578014
v -0.03355035 0.04444219 0.08685194
v -0.03078582 0.04482330 0.08902329
v -0.02899501 0.04544545 0.08931082
v -0.02711022 0.04535069 0.08974609
v -0.03384534 0.04282089 0.08889540
v -0.03300998 0.04404459 0.08807742
v -0.03506967 0.04236561 0.08833422
v -0.03431001 0.04340596 0.08759358
v -0.03248788 0.04346570 0.08909171
v -0.03445881 0.04172492 0.08924142
v -0.03078582 0.04351721 0.08959240
v -0.03628356 0.04097299 0.08881409
v -0.03585805 0.04114192 0.08898463
v -0.03813577 -0.03365547 0.09073877
v -0.03981407 -0.03349638 0.09061451
v -0.03909578 -0.03461577 0.09053545
v -0.03017708 -0.04397914 0.08889502
v -0.03078716 -0.04416506 0.08761606
v -0.03174027 -0.04378555 0.08690944
v -0.03708136 -0.04179978 0.08090750
v -0.04105956 -0.03197639 0.09054673
v -0.04092603 -0.03277759 0.09053294
v -0.04032055 -0.03400240 0.09010871
v -0.03977494 -0.03530005 0.08948869
v -0.03922931 -0.03656320 0.08886866
v -0.03542148 -0.04012453 0.08871052
v -0.03341167 -0.04179978 0.08851723
v -0.03140185 -0.04347695 0.08813316
v -0.03376621 -0.04210455 0.08729224
v -0.03564940 -0.04032196 0.08775914
v -0.03899679 -0.04003253 0.08112966
v -0.04105956 -0.03290027 0.09031580
v -0.04105956 -0.03474035 0.08889125
v -0.04105035 -0.03475953 0.08888372
v -0.03950557 -0.03685262 0.08775914
v -0.03852024 -0.03777076 0.08775914
v -0.04042415 -0.03594216 0.08775914
v -0.04105956 -0.03527705 0.08775914
v -0.04105956 -0.03476911 0.08884607
v 0.00950047 0.06480378 0.04888196
v 0.00963826 0.06479484 0.04884101
v 0.01000719 0.06476504 0.04873044
v 0.01147399 0.05484732 0.08408548
v 0.05299797 0.03736316 0.04884920
v 0.05279794 0.03707707 0.05007371
v 0.01331417 0.05391455 0.08547790
v 0.01457207 0.05372681 0.08517893
v 0.01331417 0.05440924 0.08408548
v 0.01705675 0.06312301 0.04924645
v 0.01514990 0.06359386 0.04917683
v 0.05139782 0.03951180 0.04917683
v 0.05240680 0.03798898 0.04934883
v 0.04321925 0.03472281 0.08408548
v 0.04202358 0.03551253 0.08536732
v 0.01147399 0.05242153 0.08935618
v 0.01331417 0.05221292 0.08920056
v 0.01481654 0.05199538 0.08896712
v 0.01603888 0.05176889 0.08864769
v 0.01579885 0.05353906 0.08470387
v 0.01703897 0.06324519 0.04873044
v 0.04913093 0.04258725 0.04873044
v 0.04229916 0.03583438 0.08408548
v 0.04147686 0.03675522 0.08408548
v 0.04025453 0.03741978 0.08550247
v 0.03841435 0.03740786 0.08895484
v 0.01147399 0.05086294 0.09012201
v 0.01331417 0.05086294 0.08997048
v 0.01699008 0.05067222 0.08932751
v 0.01882581 0.05032057 0.08912683
v 0.02007037 0.05007620 0.08887702
v 0.01994592 0.05187617 0.08515845
v 0.01695007 0.05332747 0.08408957
v 0.04876200 0.04302830 0.04873044
v 0.04821084 0.04351406 0.04916454
v 0.04722853 0.04436934 0.04993037
v 0.03973448 0.03869526 0.08408548
v 0.03785430 0.04050715 0.08440082
v 0.03845879 0.03928233 0.08549837
v 0.03657861 0.03920187 0.08896302
v 0.03719201 0.03801282 0.08927837
v 0.00963826 0.05086294 0.09015068
v 0.01831909 0.04639878 0.09053972
v 0.01699008 0.04903019 0.09014248
v 0.01882581 0.04903019 0.08988447
v 0.02250171 0.04860404 0.08917189
v 0.02384407 0.04831497 0.08893435
v 0.02129716 0.04978713 0.08829548
v 0.02374183 0.05009408 0.08523627
v 0.02250171 0.05108645 0.08408548
v 0.02127493 0.05163479 0.08408548
v 0.02035484 0.05202815 0.08408548
v 0.01882581 0.05264205 0.08408548
v 0.02254172 0.06130218 0.04917273
v 0.04744188 0.04459881 0.04873044
v 0.04567282 0.04644944 0.04873044
v 0.03811654 0.04076344 0.08317631
v 0.03867660 0.03987537 0.08390529
v 0.03722312 0.04127601 0.08390529
v 0.03595633 0.04232202 0.08408548
v 0.03472511 0.04283459 0.08537960
v 0.03663196 0.04108827 0.08548608
v 0.03468066 0.04098396 0.08890569
v 0.03344054 0.04163064 0.08918827
v 0.03532072 0.03982471 0.08926199
v 0.03719645 0.03616815 0.08983943
v 0.03352055 0.03984259 0.08990905
v 0.03535628 0.03800388 0.08992952
v 0.02433745 0.04243825 0.09056839
v 0.01769237 0.04639878 0.09053972
v 0.02433745 0.04309088 0.09056839
v 0.02205723 0.04466437 0.09055201
v 0.02259950 0.04530806 0.09040868
v 0.01888804 0.04708419 0.09037592
v 0.02066154 0.04719148 0.09020801
v 0.02250171 0.04719148 0.08996639
v 0.02440857 0.04731962 0.08941351
v 0.02617318 0.04678321 0.08918007
v 0.02734218 0.04643454 0.08888931
v 0.02507085 0.04801696 0.08834463
v 0.02496417 0.04979905 0.08448682
v 0.02434633 0.05025500 0.08395853
v 0.02711549 0.05914162 0.05012285
v 0.02332846 0.06112636 0.04873044
v 0.04372152 0.04834477 0.04873044
v 0.03504069 0.04310578 0.08408548
v 0.03392947 0.04402365 0.08408548
v 0.03273825 0.04454517 0.08517075
v 0.03277381 0.04273923 0.08884016
v 0.03168482 0.04312367 0.08908997
v 0.03000021 0.04366902 0.08944218
v 0.03168482 0.04167832 0.08980667
v 0.02561312 0.04278393 0.09054792
v 0.02801335 0.04351703 0.09015886
v 0.02561312 0.04245613 0.09054792
v 0.02433745 0.04535277 0.09025715
v 0.02617318 0.04535277 0.08995819
v 0.02797779 0.04539151 0.08932342
v 0.02948905 0.04480443 0.08904494
v 0.02730218 0.04822855 0.08517075
v 0.03071139 0.04438126 0.08857807
v 0.03074250 0.04625573 0.08493321
v 0.02602205 0.04937886 0.08395853
v 0.02739107 0.05928466 0.04917683
v 0.02754220 0.05932638 0.04873044
v 0.04097015 0.05061858 0.04916454
v 0.03975670 0.05162882 0.04917683
v 0.03301383 0.04475973 0.08408548
v 0.02620429 0.04344551 0.09038820
v 0.02760443 0.04842822 0.08408548
v 0.03883661 0.05230530 0.04917683
v 0.03756982 0.05322317 0.04917683
v 0.03664973 0.05387581 0.04917683
v 0.03415172 0.05568174 0.04873044
v 0.00044926 -0.06541490 -0.07943276
v 0.00044926 -0.06484114 -0.08489866
v 0.03504619 -0.05516305 -0.02614640
v 0.03596721 -0.05453433 -0.02614640
v 0.03506893 -0.05518891 -0.03166223
v 0.00044926 -0.06536318 -0.08126720
v 0.00228750 -0.06535833 -0.07943276
v 0.00596400 -0.06500922 0.00874555
v 0.03457620 -0.05488183 -0.08423726
v 0.00412575 -0.06473931 -0.08489866
v 0.00228750 -0.06513206 -0.08311413
v 0.00044926 -0.06517408 -0.08311413
v 0.03260151 -0.05662414 -0.02152908
v 0.03505756 -0.05516952 -0.02799333
v 0.03355285 -0.05610694 -0.03166223
v 0.03515231 -0.05526003 -0.07943276
v 0.00412575 -0.06507387 -0.08311413
v 0.00596400 -0.06500599 -0.08311413
v 0.00780224 -0.06500599 -0.08126720
v 0.00780224 -0.06502216 -0.07943276
v 0.00780224 -0.06487507 0.00691110
v 0.00780224 -0.06486700 0.00874555
v 0.00596400 -0.06499953 0.01058000
v 0.03702846 -0.05347246 -0.08311413
v 0.03572084 -0.05439048 -0.08311413
v 0.03480361 -0.05503214 -0.08311413
v 0.03143034 -0.05697486 -0.08311413
v 0.03109301 -0.05679223 -0.08447436
v 0.03094140 -0.05670010 -0.08489866
v 0.03350358 -0.05521962 -0.08489866
v 0.03434121 -0.05473151 -0.08489866
v 0.00418260 -0.06473769 -0.08489866
v 0.03002418 -0.05807715 -0.02799333
v 0.03168428 -0.05718336 -0.02982778
v 0.03260530 -0.05662575 -0.02247751
v 0.03262804 -0.05663868 -0.02982778
v 0.03362865 -0.05617805 -0.07943276
v 0.03267731 -0.05666616 -0.08071811
v 0.03504240 -0.05518891 -0.08126720
v 0.00780224 -0.06483628 -0.08311413
v 0.00963670 -0.06482982 -0.08126720
v 0.00963670 -0.06487184 -0.07943276
v 0.00963670 -0.06460031 0.00691110
v 0.01147494 -0.06460678 -0.07943276
v 0.03338229 -0.05616351 -0.08130463
v 0.03254845 -0.05654494 -0.08194108
v 0.03183589 -0.05705891 -0.08130463
v 0.02976644 -0.05812240 -0.08142943
v 0.02891744 -0.05843918 -0.08215322
v 0.02779175 -0.05879961 -0.08311413
v 0.02742410 -0.05861858 -0.08451180
v 0.02729144 -0.05854262 -0.08489866
v 0.03025159 -0.05705244 -0.08489866
v 0.02908800 -0.05854262 -0.02614640
v 0.02910316 -0.05854908 -0.02799333
v 0.03002797 -0.05808522 -0.02982778
v 0.02800779 -0.05901780 -0.01880861
v 0.03270764 -0.05668071 -0.07943276
v 0.03168428 -0.05723023 -0.07943276
v 0.02910316 -0.05854585 -0.08093026
v 0.00963670 -0.06456637 -0.08311413
v 0.00787805 -0.06436110 -0.08489866
v 0.01147494 -0.06453890 -0.08126720
v 0.01281288 -0.06406372 -0.00412054
v 0.01147494 -0.06427868 0.00322973
v 0.01147494 -0.06426898 0.00507666
v 0.01331319 -0.06424312 -0.07943276
v 0.01283184 -0.06406695 -0.00595499
v 0.02818593 -0.05890628 -0.08142943
v 0.02520683 -0.06023321 -0.08195356
v 0.02400155 -0.06054192 -0.08311413
v 0.02363390 -0.06038999 -0.08432462
v 0.02800779 -0.05908245 -0.02614640
v 0.02800779 -0.05903558 -0.02065554
v 0.02800779 -0.05909053 -0.02799333
v 0.02911074 -0.05855070 -0.02982778
v 0.02913348 -0.05856202 -0.07943276
v 0.03005071 -0.05809007 -0.07943276
v 0.02620365 -0.05988896 -0.01697416
v 0.02800779 -0.05911316 -0.07943276
v 0.02632494 -0.05992775 -0.07943276
v 0.02540771 -0.06036898 -0.07943276
v 0.02532054 -0.06032696 -0.08073059
v 0.00860576 -0.06425282 -0.08489866
v 0.00963670 -0.06417039 -0.08461164
v 0.01098222 -0.06404917 -0.08426221
v 0.01154696 -0.06421242 -0.08320148
v 0.01291522 -0.06407826 -0.08265240
v 0.01344206 -0.06413806 -0.08120481
v 0.01278256 -0.06406049 -0.00227362
v 0.01275224 -0.06405564 -0.00043917
v 0.02005974 -0.06224059 -0.01880861
v 0.02004837 -0.06223575 -0.01697416
v 0.01434033 -0.06399906 -0.07834706
v 0.01882035 -0.06280304 -0.07943276
v 0.01882035 -0.06261880 -0.02247751
v 0.01426453 -0.06397967 -0.08054341
v 0.01433655 -0.06399906 -0.07943276
v 0.02449049 -0.06062273 -0.08131712
v 0.01886583 -0.06238606 -0.08305173
v 0.02009765 -0.06226322 -0.08126720
v 0.01986265 -0.06217433 -0.08240281
v 0.01828972 -0.06226160 -0.08438701
v 0.02621123 -0.05989865 -0.01880861
v 0.02621882 -0.05990512 -0.02065554
v 0.02622261 -0.05990997 -0.02247751
v 0.02622639 -0.05991482 -0.02431195
v 0.02623019 -0.05991805 -0.02614640
v 0.02623397 -0.05991966 -0.02799333
v 0.02800779 -0.05909376 -0.02982778
v 0.02526369 -0.06030110 -0.01407898
v 0.02527506 -0.06030595 -0.01513971
v 0.02433509 -0.06079567 -0.07943276
v 0.02531296 -0.06032211 -0.02614640
v 0.02433509 -0.06070678 -0.02065554
v 0.00938276 -0.06410574 -0.08489866
v 0.01520450 -0.06287254 -0.08489866
v 0.01413945 -0.06388432 -0.08176637
v 0.01714129 -0.06240545 -0.08489866
v 0.01698589 -0.06291942 -0.08311413
v 0.01882035 -0.06268830 -0.08126720
v 0.02007111 -0.06224382 -0.02065554
v 0.02433509 -0.06069062 -0.01513971
v 0.02026062 -0.06232302 -0.07943276
v 0.02007869 -0.06224706 -0.02247751
v 0.02529401 -0.06031403 -0.01880861
v 0.02530159 -0.06031726 -0.02065554
v 0.02530538 -0.06031888 -0.02247751
v 0.02528264 -0.06031080 -0.01697416
v 0.02433509 -0.06070193 -0.01880861
v 0.02433509 -0.06069707 -0.01697416
v 0.06383279 0.00125605 -0.08515104
v 0.06405718 0.00054484 -0.08462684
v 0.05307730 0.03746348 -0.08515104
v 0.06409100 0.00309460 -0.08466616
v 0.06407716 0.00125605 -0.08466616
v 0.06463046 0.00125605 0.04732819
v 0.05301736 0.03738781 0.04873044
v 0.05323099 0.03768289 0.04732819
v 0.05407938 0.03611293 -0.08495446
v 0.05421002 0.03578380 -0.08515104
v 0.05312494 0.03753157 -0.08494136
v 0.05478791 0.03546603 -0.08435163
v 0.05271611 0.03882159 -0.08373569
v 0.06406640 0.00493316 -0.08458752
v 0.06456283 0.00309460 -0.08310665
v 0.06454285 0.00125605 -0.08310665
v 0.06485793 0.00125605 0.04549348
v 0.06483334 0.00309460 0.04549348
v 0.06458896 0.00309460 0.04732819
v 0.06425698 0.00309460 0.04873044
v 0.05420695 0.03610536 0.04743303
v 0.05477408 0.03545090 0.04689573
v 0.05335855 0.03787961 0.04549348
v 0.05494621 0.03457702 -0.08515104
v 0.05670293 0.03195159 -0.08450889
v 0.05495697 0.03573084 -0.08310665
v 0.05682435 0.03253418 -0.08293628
v 0.05333858 0.03812550 -0.08311976
v 0.05272687 0.03919232 -0.08266108
v 0.05288518 0.03902208 -0.08250382
v 0.06401876 0.00676793 -0.08448268
v 0.06450443 0.00493316 -0.08310665
v 0.06367602 0.00676793 -0.08515104
v 0.06478723 0.00493316 -0.08127194
v 0.06482411 0.00309460 -0.08127194
v 0.06481643 0.00125605 -0.08127194
v 0.06463969 0.00054484 -0.08239898
v 0.06484871 0.00054484 0.04549348
v 0.06487176 0.00309460 -0.07943723
v 0.06486254 0.00493316 -0.07943723
v 0.06474727 0.00493316 0.04549348
v 0.06450136 0.00493316 0.04732819
v 0.06417707 0.00491803 0.04873044
v 0.05669525 0.03194403 0.04732819
v 0.05684895 0.03224667 0.04549348
v 0.05485707 0.03556817 0.04549348
v 0.05427764 0.03648745 0.04549348
v 0.05655385 0.03168300 0.04848144
v 0.05514141 0.03600701 0.00507742
v 0.05696575 0.03086208 -0.08515104
v 0.05839049 0.02985201 -0.08246450
v 0.05819684 0.02956071 -0.08369638
v 0.05851498 0.02833501 -0.08449579
v 0.05649237 0.03341185 -0.08220240
v 0.05511528 0.03597296 -0.08127194
v 0.05603437 0.03446731 -0.08127194
v 0.05278989 0.03919232 -0.08230724
v 0.05294051 0.03919232 -0.08127194
v 0.05297739 0.03913936 -0.08127194
v 0.06393115 0.00860649 -0.08427300
v 0.06437840 0.00676793 -0.08310665
v 0.06355000 0.00848543 -0.08515104
v 0.06467350 0.00676793 -0.08127194
v 0.06477647 0.00676793 -0.07943723
v 0.06462584 0.00676793 0.04549348
v 0.06437071 0.00676793 0.04732819
v 0.06413864 0.00545522 0.04873044
v 0.05852574 0.02833123 0.04732819
v 0.05841816 0.02809290 0.04854697
v 0.05863179 0.02856956 0.04549348
v 0.05866868 0.02867170 0.04365877
v 0.05686431 0.03228828 0.04365877
v 0.05607432 0.03453919 0.00322961
v 0.05633407 0.03194025 0.04873044
v 0.05651235 0.03162247 0.04873044
v 0.05667834 0.03132361 0.04873044
v 0.05515524 0.03602214 0.00322961
v 0.05703491 0.03072211 -0.08515104
v 0.06014106 0.02604628 -0.08213687
v 0.05868405 0.02889490 -0.08309355
v 0.05657383 0.03355182 -0.08127194
v 0.05847349 0.03001468 -0.08127194
v 0.05901449 0.02881546 -0.08127194
v 0.06025326 0.02444605 -0.08425990
v 0.05878087 0.02702230 -0.08515104
v 0.05301736 0.03919232 -0.07977796
v 0.05303426 0.03919232 -0.07943723
v 0.05513987 0.03601836 -0.07943723
v 0.05605896 0.03455054 -0.07943723
v 0.05662301 0.03363126 -0.07943723
v 0.06386353 0.00972248 -0.08410263
v 0.06353769 0.00860649 -0.08515104
v 0.06419397 0.00860649 -0.08310665
v 0.06450904 0.00860649 -0.08127194
v 0.06461971 0.00860649 -0.07943723
v 0.06443373 0.00860649 0.04549348
v 0.06417552 0.00860649 0.04732819
v 0.06402491 0.00693060 0.04873044
v 0.06404181 0.00676793 0.04873044
v 0.06027324 0.02446875 0.04696125
v 0.06011340 0.02418881 0.04818003
v 0.06057602 0.02346624 0.04747235
v 0.06034547 0.02464655 0.04549348
v 0.06022252 0.02620138 0.00691213
v 0.05981062 0.02712066 0.00691213
v 0.05904062 0.02881546 0.00691213
v 0.05847502 0.03002981 0.00691213
v 0.05848425 0.03005251 0.00507742
v 0.05799089 0.03094530 0.00691213
v 0.05661225 0.03361991 0.00322961
v 0.05662147 0.03363883 0.00139490
v 0.05663069 0.03365396 -0.00043982
v 0.05608047 0.03455432 0.00139490
v 0.05608355 0.03456945 -0.00043982
v 0.05516138 0.03602970 0.00139490
v 0.06052683 0.02531615 -0.08142920
v 0.06041464 0.02483949 -0.08310665
v 0.06022252 0.02619760 -0.08091810
v 0.05851652 0.03010926 -0.07943723
v 0.06026248 0.02628083 -0.07943723
v 0.06203304 0.02064789 -0.08230724
v 0.06204226 0.01885473 -0.08415505
v 0.06041771 0.02320143 -0.08490204
v 0.06037007 0.02304633 -0.08515104
v 0.06023328 0.02342842 -0.08515104
v 0.05516292 0.03604484 -0.00410924
v 0.05608508 0.03457702 -0.00227453
v 0.05662916 0.03365774 -0.00227453
v 0.06391270 0.01184476 -0.08255624
v 0.06398341 0.01038073 -0.08314596
v 0.06272466 0.01411837 -0.08515104
v 0.06280457 0.01411837 -0.08494136
v 0.06430002 0.01044504 -0.08127194
v 0.06439224 0.01044504 -0.07943723
v 0.06416323 0.01044504 0.04549348
v 0.06388044 0.01158373 0.04662052
v 0.06395113 0.01027480 0.04727577
v 0.06384201 0.00955224 0.04825866
v 0.06390657 0.00860649 0.04846834
v 0.06397419 0.00740726 0.04873044
v 0.06088187 0.02330358 0.04549348
v 0.06208990 0.01907793 0.04697436
v 0.06076045 0.02199086 0.04873044
v 0.06196695 0.01868449 0.04820624
v 0.05905291 0.02881546 0.00507742
v 0.06060983 0.02513835 0.00874685
v 0.06071895 0.02513835 -0.07943723
v 0.05516446 0.03603349 -0.00043982
v 0.06209913 0.02086352 -0.08127194
v 0.06244186 0.01963025 -0.08127194
v 0.06257865 0.01779548 -0.08310665
v 0.06216521 0.01953189 -0.08300181
v 0.06217904 0.01779548 -0.08452200
v 0.06191622 0.01779548 -0.08515104
v 0.05516599 0.03603727 -0.00227453
v 0.06389581 0.01354713 -0.08080015
v 0.06400800 0.01238574 -0.08136367
v 0.06238960 0.01605906 -0.08508552
v 0.06268316 0.01436426 -0.08515104
v 0.06237270 0.01602502 -0.08515104
v 0.06410483 0.01227981 -0.07943723
v 0.06392808 0.01185233 0.04549348
v 0.06389888 0.01358118 -0.07943723
v 0.06280765 0.01595692 0.04732819
v 0.06214062 0.01923681 0.04549348
v 0.06206992 0.02075381 0.01058155
v 0.06230661 0.01796193 0.04748545
v 0.06254176 0.01779548 0.04549348
v 0.06216521 0.01748905 0.04873044
v 0.06215138 0.02102619 -0.07943723
v 0.06253254 0.01963025 -0.07943723
v 0.06286298 0.01779548 -0.08127194
v 0.06232352 0.01963025 0.01058155
v 0.06248951 0.01605150 0.04873044
v 0.00949603 0.06544873 0.04549708
v 0.00779767 0.06563555 0.04549708
v 0.00779767 0.06563125 0.04553546
v 0.00949603 0.06493568 -0.08515104
v 0.00779767 0.06567580 0.04365499
v 0.00596039 0.06569448 0.04549708
v -0.03591162 0.05581714 0.04553546
v -0.03591610 0.05582145 0.04549708
v -0.03628356 0.05415726 -0.08515104
v 0.00805309 0.06512395 -0.08515104
v 0.00779767 0.06522311 -0.08494636
v 0.00228583 0.06578790 0.04365499
v 0.00044856 0.06617879 -0.02431069
v 0.00044856 0.06582382 0.04365499
v -0.00138872 0.06582526 0.04549708
v -0.03360830 0.05733474 0.04484468
v -0.03610431 0.05591917 0.00874470
v -0.03628356 0.05579271 0.00874470
v -0.03391750 0.05569642 -0.08515104
v -0.03399368 0.05574241 -0.08494636
v 0.00779767 0.06515269 -0.08515104
v 0.00596039 0.06539125 -0.08494636
v 0.00779767 0.06560395 -0.08310427
v 0.00949603 0.06560538 -0.08127496
v 0.00779767 0.06569304 -0.08127496
v 0.00044856 0.06599915 -0.08127496
v -0.00138872 0.06598765 -0.08127496
v -0.00138872 0.06614143 -0.02431069
v -0.00322600 0.06580226 0.04549708
v -0.03273896 0.05771414 0.04553546
v -0.03275240 0.05771701 0.04547150
v -0.03001889 0.05921737 0.04553546
v -0.03002337 0.05921881 0.04549708
v -0.03005474 0.05923318 0.04365499
v -0.03097338 0.05874743 0.04365499
v -0.03363071 0.05734193 0.00910289
v -0.03454038 0.05682169 0.01058680
v -0.03261348 0.05781474 -0.07943287
v -0.03353212 0.05728301 -0.07943287
v -0.03445973 0.05670959 -0.07943287
v -0.03590266 0.05580420 -0.07943287
v -0.03628356 0.05554840 -0.07943287
v -0.03197716 0.05687486 -0.08515104
v -0.03251938 0.05667079 -0.08488239
v -0.03529322 0.05536300 -0.08382063
v -0.03183824 0.05737785 -0.08421721
v 0.00596039 0.06532083 -0.08515104
v 0.00412311 0.06542861 -0.08515104
v 0.00412311 0.06549616 -0.08494636
v 0.00596039 0.06569304 -0.08310427
v 0.00412311 0.06574047 -0.08310427
v 0.00228583 0.06578358 -0.08310427
v 0.00044856 0.06580945 -0.08310427
v -0.00138872 0.06580226 -0.08310427
v -0.00322600 0.06578214 -0.08310427
v -0.00506328 0.06573472 -0.08310427
v -0.00873783 0.06565999 -0.08127496
v -0.00873783 0.06568874 -0.07943287
v -0.00873783 0.06569592 -0.03166629
v -0.00873783 0.06569161 0.00140190
v -0.00873783 0.06566142 0.04365499
v -0.00690056 0.06570023 0.04549708
v -0.02894789 0.05973043 0.04549708
v -0.02894789 0.05977354 0.04365499
v -0.03002785 0.05921593 -0.07943287
v -0.03094649 0.05873306 -0.07943287
v -0.03248801 0.05774288 -0.08127496
v -0.03340665 0.05717522 -0.08127496
v -0.03575478 0.05571797 -0.08127496
v -0.03628356 0.05534863 -0.08127496
v -0.03148871 0.05716803 -0.08515104
v -0.03553521 0.05556708 -0.08259257
v -0.03458967 0.05599534 -0.08316823
v -0.03213400 0.05755606 -0.08310427
v -0.02824435 0.05923893 -0.08429395
v -0.03077172 0.05768109 -0.08488239
v -0.03105852 0.05740659 -0.08515104
v 0.00228583 0.06554790 -0.08494636
v 0.00044856 0.06554790 -0.08494636
v -0.00138872 0.06553496 -0.08494636
v -0.00322600 0.06551340 -0.08494636
v -0.00690056 0.06562981 -0.08310427
v -0.00506328 0.06542861 -0.08494636
v -0.00873783 0.06546886 -0.08310427
v -0.01057511 0.06548753 -0.08127496
v -0.01057511 0.06555508 -0.07943287
v -0.01057511 0.06552347 0.04365499
v -0.00873783 0.06563125 0.04549708
v -0.02894789 0.05972468 0.04553546
v -0.02625023 0.06099366 0.04478071
v -0.02536296 0.06126527 0.04553546
v -0.02717783 0.06059126 0.04365499
v -0.02716887 0.06057401 -0.07943287
v -0.02894789 0.05973905 -0.07943287
v -0.02624127 0.06099366 -0.08049463
v -0.02995615 0.05918001 -0.08069930
v -0.02978587 0.05903342 -0.08192738
v -0.02858940 0.05939701 -0.08310427
v -0.02446224 0.06101090 -0.08414044
v -0.02710613 0.05952491 -0.08492078
v -0.02733915 0.05931079 -0.08515104
v -0.02787689 0.05904204 -0.08515104
v -0.03064177 0.05763366 -0.08515104
v 0.00067261 0.06548035 -0.08515104
v 0.00044856 0.06547891 -0.08515104
v -0.00116466 0.06546742 -0.08515104
v -0.00299746 0.06544586 -0.08515104
v -0.00322600 0.06544155 -0.08515104
v -0.00690056 0.06525759 -0.08494636
v -0.00483026 0.06536682 -0.08515104
v -0.00506328 0.06535532 -0.08515104
v -0.00690056 0.06518718 -0.08515104
v -0.01057511 0.06523030 -0.08310427
v -0.00889916 0.06495724 -0.08515104
v -0.01241687 0.06517424 -0.08127496
v -0.01241687 0.06525473 -0.07943287
v -0.01241687 0.06525185 0.04365499
v -0.01057511 0.06545592 0.04549708
v -0.02538984 0.06126814 0.04543312
v -0.02107000 0.06294814 0.04549708
v -0.02527333 0.06138024 0.04365499
v -0.02625919 0.06099796 0.04365499
v -0.02625023 0.06099653 -0.07943287
v -0.02534503 0.06126958 -0.08117262
v -0.02908232 0.05951773 -0.08130055
v -0.02527333 0.06140611 -0.07943287
v -0.02118203 0.06297544 -0.07943287
v -0.02102519 0.06292228 -0.08127496
v -0.02475800 0.06114599 -0.08310427
v -0.01912069 0.06289497 -0.08428116
v -0.02331955 0.06118479 -0.08483123
v -0.02312686 0.06113737 -0.08515104
v -0.02396484 0.06080396 -0.08515104
v -0.02438606 0.06062718 -0.08515104
v -0.02515234 0.06043605 -0.08483123
v -0.02080561 0.06285042 -0.08237510
v -0.02699410 0.05947893 -0.08515104
v -0.01057511 0.06485090 -0.08467772
v -0.01191498 0.06473305 -0.08428116
v -0.01248409 0.06487101 -0.08318102
v -0.00893052 0.06495293 -0.08515104
v -0.01372537 0.06472874 -0.08260536
v -0.01430344 0.06478909 -0.08115983
v -0.01521760 0.06465688 -0.08048183
v -0.01424967 0.06488395 -0.07943287
v -0.01420037 0.06486814 0.04365499
v -0.01420934 0.06483509 0.04549708
v -0.01241687 0.06517999 0.04549708
v -0.01527137 0.06466981 -0.07943287
v -0.01057511 0.06545161 0.04553546
v -0.01976150 0.06335916 0.04549708
v -0.01976150 0.06339078 0.04365499
v -0.02109689 0.06296108 0.04365499
v -0.01976150 0.06342527 -0.07943287
v -0.01976150 0.06332611 -0.08127496
v -0.01792422 0.06352874 -0.08310427
v -0.01785252 0.06305449 -0.08492078
v -0.01771361 0.06301425 -0.08515104
v -0.01974358 0.06302718 -0.08304030
v -0.01020317 0.06476466 -0.08515104
v -0.01608695 0.06342527 -0.08515104
v -0.01608695 0.06349569 -0.08494636
v -0.01518175 0.06464826 0.00637812
v -0.01512798 0.06459652 0.04549708
v -0.01509661 0.06460083 0.04553546
v 0.05305631 0.03926483 -0.00410924
v 0.05238195 0.04018413 -0.00410924
v 0.05305204 0.03925965 -0.00227453
v 0.05304777 0.03924670 -0.00043982
v 0.05146430 0.04135461 -0.00410924
v 0.05138747 0.04128728 0.00691213
v 0.05137467 0.04127433 0.00874685
v 0.05236487 0.04017636 -0.00227453
v 0.05303924 0.03923117 0.00139490
v 0.05232646 0.04012457 -0.07943723
v 0.05140882 0.04132612 -0.07943723
v 0.05070031 0.04224542 -0.07943723
v 0.05230086 0.04006242 -0.08127194
v 0.05138321 0.04128469 -0.08127194
v 0.05069178 0.04226355 -0.00227453
v 0.05064909 0.04219363 0.00874685
v 0.04977841 0.04337705 -0.07943723
v 0.05232646 0.04013233 0.00322961
v 0.05041862 0.04188547 0.04549348
v 0.05112712 0.04096617 0.04549348
v 0.05065336 0.04220399 -0.08127194
v 0.05124663 0.04110083 -0.08310665
v 0.04976560 0.04329678 -0.00043982
v 0.04892478 0.04420831 0.00691213
v 0.04973572 0.04328901 0.00691213
v 0.04972292 0.04326570 0.01058155
v 0.04898454 0.04429635 -0.07943723
v 0.04950098 0.04301452 0.04549348
v 0.04973146 0.04329937 -0.08127194
v 0.05106737 0.04088331 0.04681710
v 0.05047837 0.04202012 -0.08310665
v 0.05223683 0.03971800 -0.08311976
v 0.05108444 0.04089367 -0.08425990
v 0.04892905 0.04421866 0.00139490
v 0.04892478 0.04421348 0.00507742
v 0.04800287 0.04516644 0.00874685
v 0.04892052 0.04419795 0.00874685
v 0.04892905 0.04421866 -0.08127194
v 0.04801141 0.04522341 -0.08127194
v 0.04716205 0.04614012 -0.08127194
v 0.04720047 0.04617637 -0.07943723
v 0.04868150 0.04393381 0.04549348
v 0.04854919 0.04376549 0.04732819
v 0.04935159 0.04284878 0.04732819
v 0.04955646 0.04308961 -0.08310665
v 0.04875832 0.04400891 -0.08310665
v 0.05036740 0.04156954 0.04739372
v 0.05090091 0.04069686 0.04804898
v 0.04933452 0.04282030 -0.08450889
v 0.05120395 0.04013492 -0.08515104
v 0.04712791 0.04610386 -0.00227453
v 0.04710657 0.04608315 0.01058155
v 0.04799007 0.04516385 0.01058155
v 0.04776386 0.04491526 0.04549348
v 0.04784068 0.04501884 -0.08310665
v 0.04697425 0.04593813 -0.08310665
v 0.04536092 0.04800460 -0.08127194
v 0.04538226 0.04802532 -0.07943723
v 0.04763155 0.04478319 0.04732819
v 0.04918513 0.04265716 0.04838970
v 0.04750777 0.04465889 -0.08494136
v 0.04860467 0.04334339 -0.08515104
v 0.04853212 0.04346769 -0.08505931
v 0.04746936 0.04461487 -0.08515104
v 0.04529263 0.04793468 0.00874685
v 0.04528836 0.04793209 0.01058155
v 0.04509202 0.04775083 0.04182406
v 0.04597552 0.04681600 0.04365877
v 0.04508349 0.04773270 0.04365877
v 0.04686755 0.04583455 0.04549348
v 0.04583468 0.04664508 0.04732819
v 0.04675232 0.04570248 0.04732819
v 0.04661573 0.04557818 -0.08494136
v 0.04516031 0.04779744 -0.08310665
v 0.04423840 0.04868566 -0.08310665
v 0.04444327 0.04884362 -0.08127194
v 0.04253970 0.05060452 -0.07943723
v 0.04340185 0.04973443 0.00322961
v 0.04437498 0.04881513 0.00507742
v 0.04565968 0.04646641 0.04871733
v 0.04839980 0.04357386 -0.08515104
v 0.04676085 0.04533994 -0.08515104
v 0.04437498 0.04880996 0.00691213
v 0.04437498 0.04879960 0.00874685
v 0.04437071 0.04878665 0.01058155
v 0.04227081 0.05038441 0.04549348
v 0.04318845 0.04952727 0.04549348
v 0.04412317 0.04861056 0.04549348
v 0.04504080 0.04768350 0.04549348
v 0.04491276 0.04756438 0.04732819
v 0.04569810 0.04651302 -0.08494136
v 0.04479326 0.04743231 -0.08494136
v 0.04387134 0.04834384 -0.08494136
v 0.04323113 0.04960495 -0.08310665
v 0.04343173 0.04976032 -0.08127194
v 0.04251409 0.05056568 -0.08127194
v 0.04148120 0.05152382 -0.07943723
v 0.04248421 0.05055532 0.00139490
v 0.04248421 0.05055014 0.00322961
v 0.04339759 0.04973184 0.00507742
v 0.04380732 0.04828169 0.04867802
v 0.04386281 0.04821177 0.04873044
v 0.04399512 0.04847331 0.04732819
v 0.04338478 0.04972925 0.00691213
v 0.04120805 0.05130371 0.04549348
v 0.04210008 0.05022904 0.04732819
v 0.04302200 0.04939261 0.04732819
v 0.04493411 0.04719148 -0.08515104
v 0.04454998 0.04757733 -0.08515104
v 0.04382440 0.04829723 -0.08515104
v 0.04204033 0.05016430 -0.08452200
v 0.04009407 0.05189930 -0.08431231
v 0.04231349 0.05038441 -0.08310665
v 0.04142572 0.05148498 -0.08127194
v 0.04050808 0.05221782 -0.08127194
v 0.04055930 0.05225926 -0.07943723
v 0.04049101 0.05221523 0.00139490
v 0.04140865 0.05147462 0.00139490
v 0.04379879 0.04827392 0.04873044
v 0.00963688 0.06482122 0.04873044
v 0.00967102 0.06491186 -0.08515104
v 0.00949603 0.06496105 -0.08507241
v 0.04028613 0.05204950 0.04549348
v 0.03816062 0.05365503 0.04652878
v 0.04015383 0.05195110 0.04702678
v 0.04048247 0.05221005 0.00322961
v 0.04080685 0.05127263 0.04751167
v 0.04190802 0.05004777 0.04853386
v 0.04277444 0.04923205 -0.08515104
v 0.04255677 0.04942368 -0.08515104
v 0.04104159 0.05073400 -0.08515104
v 0.04090928 0.05089973 -0.08503310
v 0.03808380 0.05357734 -0.08391917
v 0.04028613 0.05204950 -0.08310665
v 0.04120378 0.05130112 -0.08310665
v 0.04064466 0.05106806 -0.08515104
v 0.03933435 0.05211942 -0.08515104
v 0.03931301 0.05313453 -0.08127194
v 0.03630399 0.05547808 -0.08057737
v 0.03937276 0.05317596 -0.07943723
v 0.03824171 0.05371977 -0.08270039
v 0.03843805 0.05386737 -0.02982140
v 0.03930447 0.05312935 -0.00043982
v 0.03929594 0.05312935 0.00139490
v 0.03928313 0.05311899 0.00507742
v 0.04186960 0.05001410 0.04873044
v 0.00963688 0.06515010 0.04732819
v 0.00963688 0.06543236 0.04549348
v 0.00976919 0.06489632 -0.08515104
v 0.00970943 0.06492739 -0.08508552
v 0.00949603 0.06542718 -0.08310665
v 0.00963688 0.06541164 -0.08310665
v 0.03909960 0.05296621 0.04549348
v 0.03817770 0.05366798 0.04549348
v 0.03499369 0.05579401 0.04365877
v 0.03260355 0.05729596 0.04460234
v 0.03181395 0.05771546 0.04532312
v 0.03473333 0.05564123 0.04732819
v 0.03454981 0.05553246 0.04845523
v 0.03789600 0.05345045 0.04776066
v 0.03985079 0.05170508 0.04873044
v 0.03994896 0.05178278 0.04824555
v 0.04162632 0.05022127 0.04873044
v 0.03478455 0.05566712 -0.08452200
v 0.03603511 0.05527092 -0.08310665
v 0.03736249 0.05426358 -0.08322459
v 0.03686312 0.05404864 -0.08494136
v 0.03679910 0.05399944 -0.08515104
v 0.03839537 0.05383371 -0.08127194
v 0.03550586 0.05591572 -0.08121952
v 0.03384130 0.05693342 -0.08127194
v 0.03291939 0.05748499 -0.08127194
v 0.03535648 0.05607109 -0.07943723
v 0.03632107 0.05548844 -0.07943723
v 0.03723871 0.05479961 -0.07943723
v 0.03845512 0.05388032 -0.07943723
v 0.03621864 0.05538486 -0.08179615
v 0.03838683 0.05381817 -0.00043982
v 0.03835695 0.05379486 0.00874685
v 0.03834842 0.05378968 0.01058155
v 0.01085755 0.06469434 0.04846834
v 0.01147216 0.06484453 0.04738062
v 0.01282515 0.06473836 0.04680399
v 0.01147643 0.06512161 0.04549348
v 0.00963688 0.06548933 0.04365877
v 0.01147643 0.06480309 -0.08454821
v 0.00963688 0.06559809 -0.08127194
v 0.01147643 0.06535467 -0.08127194
v 0.01147643 0.06512678 -0.08310665
v 0.01268857 0.06469692 -0.08419437
v 0.03592840 0.05520100 0.04182406
v 0.03525404 0.05599340 -0.00043982
v 0.03379008 0.05690234 0.00322961
v 0.03003842 0.05873575 0.04549348
v 0.03288098 0.05745910 0.00139490
v 0.03139567 0.05765331 0.04732819
v 0.03108837 0.05746169 0.04873044
v 0.03277427 0.05739694 -0.08258244
v 0.03511319 0.05587428 -0.08310665
v 0.03538208 0.05500937 -0.08505931
v 0.03524551 0.05505598 -0.08515104
v 0.03120361 0.05753419 -0.08515104
v 0.03126763 0.05757045 -0.08494136
v 0.03547172 0.05490320 -0.08515104
v 0.02943661 0.05939609 -0.08127194
v 0.02949210 0.05943494 -0.07943723
v 0.03294927 0.05750053 -0.07943723
v 0.03387117 0.05695672 -0.07943723
v 0.03290658 0.05747463 -0.00595705
v 0.03382423 0.05692047 -0.00410924
v 0.03526685 0.05600118 -0.00410924
v 0.03526258 0.05599858 -0.00227453
v 0.01698655 0.06357305 0.04732819
v 0.01882611 0.06339438 0.04549348
v 0.01315380 0.06480051 0.04549348
v 0.01331171 0.06499472 0.00507742
v 0.01147643 0.06537021 -0.00043982
v 0.01147643 0.06537797 -0.00227453
v 0.00963688 0.06561881 -0.00227453
v 0.00963688 0.06563953 -0.02248256
v 0.01147643 0.06540388 -0.01880003
v 0.01331171 0.06499990 -0.08127194
v 0.01330745 0.06478756 -0.08302802
v 0.01882611 0.06337625 -0.08310665
v 0.01991021 0.06286351 -0.08418126
v 0.01698655 0.06339178 -0.08494136
v 0.01698655 0.06331669 -0.08515104
v 0.03381569 0.05691788 -0.00227453
v 0.02911651 0.05923036 0.04549348
v 0.02898420 0.05916044 0.04652878
v 0.02938113 0.05936760 0.00322961
v 0.03289805 0.05746946 -0.00227453
v 0.02892871 0.05912678 -0.08402400
v 0.02920614 0.05926920 -0.08279213
v 0.03005122 0.05814792 -0.08515104
v 0.02566361 0.06113110 -0.08127194
v 0.02577031 0.06116994 -0.07943723
v 0.02545447 0.06104823 -0.08262176
v 0.02944088 0.05939350 -0.00779176
v 0.03290232 0.05747204 -0.00410924
v 0.01818162 0.06294120 0.04873044
v 0.01887305 0.06306291 0.04732819
v 0.01997423 0.06287387 0.04672536
v 0.01829259 0.06292307 0.04867802
v 0.02021324 0.06296451 0.04549348
v 0.01882611 0.06358082 0.00322961
v 0.01460068 0.06473577 -0.00043982
v 0.01455373 0.06472282 0.00507742
v 0.01452812 0.06471764 0.00691213
v 0.01331171 0.06500249 0.00322961
v 0.01331171 0.06502321 -0.00410924
v 0.01331171 0.06502838 -0.00595705
v 0.01147643 0.06538574 -0.00595705
v 0.01147643 0.06539869 -0.01329590
v 0.00963688 0.06562140 -0.00410924
v 0.01147643 0.06540388 -0.01697842
v 0.01331171 0.06504133 -0.01697842
v 0.01456654 0.06472541 -0.07943723
v 0.01454946 0.06472541 -0.08127194
v 0.01431899 0.06466585 -0.08237276
v 0.02022604 0.06296451 -0.08310665
v 0.01882611 0.06357046 -0.08127194
v 0.01864685 0.06298004 -0.08486273
v 0.02447281 0.06133826 -0.08318528
v 0.02384540 0.06113886 -0.08494136
v 0.02376430 0.06110779 -0.08515104
v 0.01843771 0.06293343 -0.08515104
v 0.01718715 0.06326748 -0.08515104
v 0.02801107 0.05976381 0.04549348
v 0.02521119 0.06090322 0.04626668
v 0.02805375 0.05946601 0.04721025
v 0.02537765 0.06102492 0.04503481
v 0.02941954 0.05938573 -0.00410924
v 0.02563374 0.06113627 -0.00043982
v 0.02363626 0.06105600 0.04854697
v 0.02400759 0.06121137 0.04732819
v 0.02517278 0.06087990 -0.08385364
v 0.02819460 0.05963951 -0.08329012
v 0.02860007 0.05896622 -0.08494136
v 0.02768243 0.05942716 -0.08494136
v 0.02835678 0.05901024 -0.08515104
v 0.02433623 0.06164383 -0.08127194
v 0.02433623 0.06170857 -0.07943723
v 0.02433623 0.06167749 -0.00779176
v 0.02565507 0.06114145 -0.00595705
v 0.02564227 0.06113886 -0.00227453
v 0.02449415 0.06133308 0.04558522
v 0.02433623 0.06165678 -0.00043982
v 0.02051628 0.06307068 -0.00227453
v 0.01882611 0.06360413 -0.00227453
v 0.01461349 0.06473836 -0.00227453
v 0.01462202 0.06474094 -0.00410924
v 0.01331171 0.06503616 -0.01146119
v 0.01462629 0.06474094 -0.00595705
v 0.01462629 0.06474094 -0.00779176
v 0.01882611 0.06363002 -0.07943723
v 0.02051201 0.06306809 -0.08127194
v 0.02760560 0.05938832 -0.08515104
v 0.02433623 0.06166454 -0.00227453
v 0.02055896 0.06310175 -0.07943723
v 0.02057603 0.06307845 -0.01146119
v 0.02056323 0.06308103 -0.00962648
v 0.02433623 0.06167490 -0.00595705
v 0.02433623 0.06166972 -0.00410924
v 0.02053762 0.06307845 -0.00595705
v 0.02055042 0.06308103 -0.00779176
v 0.01882611 0.06360930 -0.00410924
v 0.01882611 0.06361449 -0.00779176
v -0.00139077 -0.06541941 -0.07943317
v -0.00069538 -0.06540743 -0.08057652
v -0.00690252 -0.06499650 0.00324028
v -0.00322802 -0.06532352 -0.07943317
v -0.00322802 -0.06530983 -0.08126757
v -0.00139077 -0.06540229 -0.08126757
v -0.00690252 -0.06499992 0.00139332
v -0.00133545 -0.06485781 -0.08489867
v -0.00690252 -0.06498964 0.00507467
v -0.00873977 -0.06485952 0.00324028
v -0.00873977 -0.06486636 0.00139332
v -0.00873977 -0.06487492 -0.00227547
v -0.00873977 -0.06501190 -0.07943317
v -0.00873977 -0.06499307 -0.08126757
v -0.00690252 -0.06497423 -0.08311453
v -0.00506527 -0.06505642 -0.08311453
v -0.00139077 -0.06515402 -0.08311453
v -0.00069538 -0.06516258 -0.08311453
v -0.00317270 -0.06480644 -0.08489867
v -0.04008364 -0.05150081 -0.08489867
v -0.04094103 -0.05114981 -0.08413224
v -0.01057702 -0.06460439 0.00324028
v -0.00690252 -0.06476534 0.04182541
v -0.00873977 -0.06484753 0.00507467
v -0.01057702 -0.06459755 0.00507467
v -0.01057702 -0.06465234 -0.01330698
v -0.01057702 -0.06482699 -0.07943317
v -0.01057702 -0.06481329 -0.08126757
v -0.00873977 -0.06481671 -0.08311453
v -0.00690252 -0.06460439 -0.08489867
v -0.00506527 -0.06473966 -0.08489867
v -0.00322802 -0.06480473 -0.08489867
v -0.03921045 -0.05215659 -0.08489867
v -0.04000067 -0.05159327 -0.08482328
v -0.03892993 -0.05282950 -0.08361710
v -0.04105956 -0.05124912 -0.08346633
v -0.03859803 -0.05261204 -0.08489867
v -0.04105956 -0.05144945 -0.00780379
v -0.03997697 -0.05227303 -0.00962562
v -0.03905241 -0.05294935 -0.00855765
v -0.03808440 -0.05357431 0.00324028
v -0.00690252 -0.06474309 0.04345878
v -0.01241427 -0.06426367 0.00507467
v -0.01241427 -0.06433216 -0.01330698
v -0.00710797 -0.06471740 0.04345878
v -0.00873977 -0.06453248 0.04182541
v -0.01241427 -0.06425682 0.00690907
v -0.01057702 -0.06425682 0.04182541
v -0.01197965 -0.06404451 0.04182541
v -0.01241427 -0.06451879 -0.07943317
v -0.01241427 -0.06450338 -0.08126757
v -0.01057702 -0.06457528 -0.08311453
v -0.03670152 -0.05444240 -0.08311453
v -0.03824244 -0.05343391 -0.08305170
v -0.03911168 -0.05299044 -0.08239836
v -0.03982287 -0.05229529 -0.08305170
v -0.03771695 -0.05323872 -0.08489867
v -0.03554386 -0.05488586 -0.08430814
v -0.03677264 -0.05449206 0.00324028
v -0.04105956 -0.05145629 -0.00962562
v -0.03906821 -0.05295791 -0.01330698
v -0.03905636 -0.05295106 -0.00962562
v -0.03923021 -0.05308462 -0.07943317
v -0.03909192 -0.05297503 -0.02247895
v -0.01372998 -0.06405307 -0.00779123
v -0.01425152 -0.06417292 -0.07943317
v -0.00873977 -0.06450851 0.04345878
v -0.01057702 -0.06423627 0.04345878
v -0.01192829 -0.06403594 0.04345878
v -0.01352057 -0.06401711 0.00874346
v -0.01354823 -0.06402224 0.00690907
v -0.01379714 -0.06407703 -0.08266221
v -0.01517212 -0.06397088 -0.08035037
v -0.01434634 -0.06411812 -0.08109166
v -0.01249329 -0.06421743 -0.08320247
v -0.01193224 -0.06405135 -0.08430814
v -0.01057702 -0.06416950 -0.08465994
v -0.00966432 -0.06423285 -0.08489867
v -0.03578487 -0.05504167 -0.08311453
v -0.03605355 -0.05521803 -0.08126757
v -0.03921045 -0.05306749 -0.08126757
v -0.04012710 -0.05237404 -0.08126757
v -0.04105956 -0.05164978 -0.08126757
v -0.03617208 -0.05424721 -0.08489867
v -0.02979900 -0.05839248 -0.08381813
v -0.03243436 -0.05704325 -0.08311453
v -0.03207481 -0.05684121 -0.08457199
v -0.03585599 -0.05508448 0.00324028
v -0.03608515 -0.05523858 -0.07943317
v -0.04015081 -0.05238774 -0.07943317
v -0.01519582 -0.06397773 -0.07847828
v -0.01519187 -0.06397601 -0.07943317
v -0.01976327 -0.06275007 -0.08126757
v -0.01792602 -0.06297094 -0.08311453
v -0.01934445 -0.06229119 -0.08453430
v -0.01801689 -0.06252576 -0.08489867
v -0.01976327 -0.06278260 -0.07943317
v -0.03353276 -0.05661007 -0.08215964
v -0.03436644 -0.05622653 -0.08144347
v -0.03369476 -0.05671109 -0.08094089
v -0.02533823 -0.06059097 -0.08303914
v -0.02627464 -0.06033242 -0.08237323
v -0.02909175 -0.05886334 -0.08316478
v -0.02996889 -0.05851405 -0.08258682
v -0.03135967 -0.05710147 -0.08489867
v -0.03075911 -0.05743022 -0.08489867
v -0.02857416 -0.05870410 -0.08459712
v -0.02476928 -0.06047453 -0.08450917
v -0.03255289 -0.05708606 -0.00044108
v -0.03462326 -0.05615804 -0.07943317
v -0.03370266 -0.05671794 -0.07943317
v -0.02121726 -0.06230832 -0.08126757
v -0.02094464 -0.06222442 -0.08263708
v -0.01987785 -0.06245214 -0.08318991
v -0.02130419 -0.06233400 -0.07943317
v -0.02390794 -0.06064747 -0.08489867
v -0.03109495 -0.05812709 -0.07943317
v -0.03262006 -0.05730522 -0.07943317
v -0.03014274 -0.05859966 -0.08126757
v -0.02527106 -0.06081869 -0.08126757
v -0.02636551 -0.06037180 -0.08126757
v -0.02894556 -0.05916298 -0.08126757
v -0.02887445 -0.05840961 -0.08489867
v -0.02987407 -0.05846268 0.01157044
v -0.02527106 -0.06082040 -0.07943317
v -0.03017435 -0.05861165 -0.07943317
v 0.00949603 0.05086502 0.09015144
v -0.00873724 0.06544722 0.04733914
v 0.00949603 0.06544521 0.04553983
v 0.00596049 0.05270237 0.08977586
v 0.00412351 0.05270237 0.08986757
v 0.00228653 0.05270237 0.08989814
v 0.00779747 0.05270237 0.08960991
v -0.00873724 0.06505120 0.04917776
v -0.00690026 0.06524016 0.04917776
v -0.00690026 0.06558592 0.04733914
v -0.00322442 0.06575679 0.04733914
v 0.00776380 0.06563417 0.04553983
v 0.00779747 0.06540500 0.04733914
v 0.00949603 0.06543113 0.04564464
v 0.00412351 0.05393263 0.08909456
v 0.00228653 0.05401103 0.08916008
v 0.00044767 0.05404520 0.08917754
v -0.00322442 0.05403917 0.08912950
v 0.00044767 0.05270237 0.08986320
v 0.00596049 0.05383212 0.08898975
v -0.00780566 0.05545839 0.08498060
v -0.00506141 0.06535073 0.04917776
v -0.00658038 0.05552875 0.08517713
v -0.00506141 0.05560514 0.08534745
v -0.00322442 0.05568354 0.08549157
v -0.00322442 0.06544118 0.04917776
v -0.00138744 0.06550350 0.04917776
v -0.00138744 0.06577287 0.04733914
v 0.00592495 0.06569447 0.04553983
v 0.00228653 0.06572061 0.04733914
v 0.00412351 0.06566030 0.04733914
v 0.00596049 0.06556381 0.04733914
v 0.00412351 0.06533866 0.04917776
v 0.00596049 0.06515774 0.04917776
v 0.00789101 0.06490244 0.04932624
v 0.00949603 0.06513160 0.04750073
v 0.00949603 0.06516980 0.04733914
v 0.00228653 0.05471059 0.08775818
v 0.00044767 0.05477693 0.08775818
v -0.00138744 0.05404520 0.08915134
v -0.00506141 0.05399695 0.08908582
v -0.00506141 0.05270237 0.08971909
v -0.00138744 0.05574585 0.08560511
v -0.00690026 0.05270237 0.08965357
v 0.00878144 0.05363511 0.08870151
v 0.00779747 0.05370949 0.08881943
v 0.00707540 0.05549256 0.08506358
v 0.00596049 0.05555689 0.08518586
v -0.00961458 0.05370547 0.08878012
v -0.00690026 0.05444926 0.08775818
v -0.00506141 0.05459801 0.08775818
v 0.00044767 0.06551154 0.04917776
v 0.00044767 0.05574988 0.08562695
v 0.00228653 0.06545927 0.04917776
v 0.00412351 0.05563730 0.08534309
v 0.00830068 0.05538200 0.08461376
v 0.00228653 0.05569560 0.08550467
v -0.00690026 0.05389443 0.08898975
v -0.00873724 0.05270237 0.08954439
v -0.00873724 0.05376779 0.08885437
v -0.06165583 0.02146810 0.04917854
v -0.06123998 0.02277336 0.04917854
v -0.06142595 0.02341552 0.04737571
v -0.05213768 0.02100742 0.08546691
v -0.06150602 0.02339109 0.04693788
v -0.05955590 0.02696833 0.04907553
v -0.06123223 0.02415191 0.04693788
v -0.05239081 0.01969868 0.08601635
v -0.05179157 0.02035480 0.08669026
v -0.05035286 0.02289551 0.08730408
v -0.05062924 0.02342948 0.08600776
v -0.04652494 0.03179150 0.08523942
v -0.05775559 0.03065725 0.04904119
v -0.05930277 0.02798043 0.04839302
v -0.03628356 0.05522330 0.04734137
v -0.05997176 0.02698229 0.04734137
v -0.05943708 0.02823520 0.04734137
v -0.05946292 0.02828755 0.04693788
v -0.04996542 0.02215214 0.08852743
v -0.04847765 0.02470682 0.08902536
v -0.04816769 0.02593180 0.08853602
v -0.04657918 0.03001858 0.08717960
v -0.04625631 0.02950555 0.08840295
v -0.04466264 0.03171821 0.08884507
v -0.04577072 0.03244064 0.08587898
v -0.04484602 0.03378079 0.08592191
v -0.04273317 0.03708930 0.08500762
v -0.05391216 0.03731615 0.04873642
v -0.05587004 0.03388898 0.04917854
v -0.05745080 0.03161700 0.04833722
v -0.03657543 0.05503135 0.04734137
v -0.05757478 0.03184734 0.04734137
v -0.04836916 0.02263725 0.09062644
v -0.04875918 0.02327243 0.08962201
v -0.04663859 0.02828057 0.08900389
v -0.04693304 0.02691947 0.08960913
v -0.04493384 0.03053161 0.08951470
v -0.04462131 0.02983710 0.09055776
v -0.04301472 0.03375985 0.08901248
v -0.04423903 0.03294320 0.08806814
v -0.04410988 0.03470215 0.08592191
v -0.04250071 0.03498484 0.08826130
v -0.04074430 0.03691481 0.08842012
v -0.04097677 0.03901229 0.08514068
v -0.04811087 0.04428218 0.04971081
v -0.05006616 0.04258604 0.04823420
v -0.05176574 0.04058628 0.04780496
v -0.05225908 0.03937525 0.04917854
v -0.05342916 0.03850624 0.04734137
v -0.05409297 0.03758837 0.04734137
v -0.05580030 0.03501974 0.04693788
v -0.05605084 0.03443691 0.04732849
v -0.05703494 0.03276521 0.04734137
v -0.03831634 0.05391455 0.04693788
v -0.03790565 0.05411348 0.04734137
v -0.03750529 0.05383429 0.04917854
v -0.04844407 0.02146810 0.09065219
v -0.04677290 0.02514306 0.09076380
v -0.04651203 0.02626684 0.09061356
v -0.04616591 0.02749183 0.09023154
v -0.04488735 0.02881803 0.09073376
v -0.04284424 0.03170076 0.09056205
v -0.03951999 0.03760931 0.08905540
v -0.04127639 0.03568982 0.08904252
v -0.03897240 0.03883430 0.08854031
v -0.03916871 0.04087245 0.08516215
v -0.04631055 0.04617376 0.04981812
v -0.04731274 0.04534313 0.04915279
v -0.04831492 0.04451252 0.04848317
v -0.04848281 0.04470447 0.04734137
v -0.05023146 0.04278148 0.04701085
v -0.03889750 0.05347830 0.04693788
v -0.03882518 0.05342247 0.04734137
v -0.03727024 0.04263490 0.08507201
v -0.04736956 0.02327243 0.09072946
v -0.04552792 0.02691947 0.09078526
v -0.03640496 0.03995808 0.08932153
v -0.03774809 0.03942411 0.08903394
v -0.03708686 0.04064909 0.08848879
v -0.04446375 0.04800251 0.04978807
v -0.04651203 0.04637617 0.04859047
v -0.04763044 0.04562233 0.04734137
v -0.04767177 0.04566072 0.04693788
v -0.04833559 0.04494528 0.04693788
v -0.04080629 0.05201600 0.04693788
v -0.04010632 0.05242433 0.04738430
v -0.04080371 0.05168096 0.04802387
v -0.04278225 0.04999181 0.04840590
v -0.04362429 0.04899716 0.04909698
v -0.04466522 0.04819795 0.04856043
v -0.04671091 0.04656812 0.04734137
v -0.04675224 0.04661001 0.04693788
v -0.04292431 0.05012093 0.04734137
v -0.04484344 0.04835849 0.04734137
v -0.04576039 0.04748948 0.04734137
v -0.04654560 0.04681242 0.04693788
v -0.04274092 0.05036523 0.04693788
v -0.04296822 0.05016281 0.04693788
v -0.04317227 0.04997785 0.04693788
v -0.04466780 0.04860279 0.04693788
v -0.04488477 0.04840037 0.04693788
v -0.04580171 0.04753136 0.04693788
v 0.05189390 0.00054484 0.08956993
v 0.04347047 0.03439500 0.08408599
v 0.04392275 0.03380189 0.08408599
v 0.04557576 0.03175087 0.08345075
v 0.05306477 0.00054484 0.08899515
v 0.05189390 0.00125723 0.08957665
v 0.05005723 0.00493184 0.08984821
v 0.04369776 0.03351362 0.08512232
v 0.04487782 0.03241355 0.08407255
v 0.04531632 0.03136319 0.08467516
v 0.04576401 0.03013722 0.08549080
v 0.04731141 0.02791721 0.08502061
v 0.05493359 0.00125723 0.08378372
v 0.05492900 0.00309619 0.08376838
v 0.05305559 0.00125723 0.08898747
v 0.05189390 0.00309619 0.08954787
v 0.05005723 0.00677080 0.08985109
v 0.04271055 0.02881515 0.08990290
v 0.04179910 0.03341753 0.08868617
v 0.04351180 0.03143278 0.08844244
v 0.04556887 0.02805969 0.08880612
v 0.04918481 0.02433206 0.08508874
v 0.05483028 0.00459718 0.08353136
v 0.05344359 0.00309619 0.08776019
v 0.05351706 0.00125723 0.08776019
v 0.05282142 0.00772839 0.08868905
v 0.05286045 0.00677080 0.08874086
v 0.05300049 0.00309619 0.08892606
v 0.05189390 0.00493184 0.08947781
v 0.05005723 0.01228106 0.08971771
v 0.05005723 0.01044541 0.08977336
v 0.05005723 0.00860645 0.08981942
v 0.04822056 0.01412002 0.08984533
v 0.04454492 0.02514054 0.08987892
v 0.04638160 0.02330158 0.08971195
v 0.04454492 0.02697619 0.08968892
v 0.04282534 0.03075352 0.08939337
v 0.04087388 0.03248977 0.08960544
v 0.04395260 0.03020680 0.08902874
v 0.04455640 0.02872900 0.08923408
v 0.04586503 0.02697619 0.08905944
v 0.04743309 0.02449773 0.08884834
v 0.04892997 0.02190993 0.08811618
v 0.04919400 0.02068396 0.08875430
v 0.05105821 0.01711538 0.08707888
v 0.05121663 0.01775156 0.08583529
v 0.05376272 0.01044541 0.08408599
v 0.05293162 0.00493184 0.08883490
v 0.05158396 0.01044541 0.08923408
v 0.05199033 0.00844740 0.08916979
v 0.05189390 0.00677080 0.08938281
v 0.05317268 0.01041228 0.08601280
v 0.05299361 0.01228106 0.08538429
v 0.05103067 0.01521677 0.08876293
v 0.05117530 0.01412002 0.08893374
v 0.05139570 0.01228106 0.08913524
v 0.05005723 0.01412002 0.08956993
v 0.04822056 0.01779132 0.08975513
v 0.04822056 0.01595567 0.08981174
v 0.04638160 0.02146593 0.08983573
v 0.04822056 0.01962697 0.08958720
v 0.04770400 0.02330158 0.08907959
v 0.04645736 0.02512398 0.08928686
v 0.04937996 0.01962697 0.08895677
v 0.05120744 0.01587946 0.08771893
v 0.05283519 0.01327178 0.08505420
v 0.05336324 0.01228106 0.08408599
v 0.04965775 0.01779132 0.08916979
v 0.04827796 0.02136322 0.08919761
v 0.04087368 -0.02997944 0.08984657
v 0.03903491 -0.03365126 0.08984657
v 0.04270984 -0.02814354 0.08982103
v 0.04822355 -0.01528187 0.08977420
v 0.03897213 -0.03543027 0.08924630
v 0.04081091 -0.03353748 0.08917394
v 0.04087368 -0.03181535 0.08972737
v 0.04454862 -0.02630246 0.08961668
v 0.04638478 -0.02263583 0.08966351
v 0.04638478 -0.02079475 0.08976994
v 0.04822355 -0.01705054 0.08969757
v 0.05005971 -0.01161006 0.08966351
v 0.04015439 -0.03477865 0.08890999
v 0.03831561 -0.03659904 0.08890573
v 0.04188331 -0.03284966 0.08879078
v 0.04225211 -0.03181535 0.08908027
v 0.04284062 -0.03009839 0.08939105
v 0.04455123 -0.02802460 0.08919096
v 0.04645540 -0.02445105 0.08925908
v 0.04771089 -0.02263583 0.08910581
v 0.04974584 -0.01712294 0.08917394
v 0.04822355 -0.01895885 0.08950174
v 0.05005971 -0.01344596 0.08955283
v 0.05189587 -0.00426127 0.08948897
v 0.05189587 -0.00242536 0.08954005
v 0.05308597 -0.00242536 0.08899938
v 0.05308074 -0.00058429 0.08900364
v 0.04548762 -0.04561308 0.04830886
v 0.04708314 -0.04352894 0.04918160
v 0.04792537 -0.04260840 0.04918160
v 0.04884345 -0.04156892 0.04918160
v 0.04210302 -0.04771273 0.05102071
v 0.04341606 -0.04722143 0.04918160
v 0.04374563 -0.03288586 0.08338837
v 0.04354161 -0.03079138 0.08821606
v 0.04394179 -0.02956572 0.08903345
v 0.04957844 -0.04064837 0.04918160
v 0.04583027 -0.02630246 0.08903345
v 0.04744671 -0.02382529 0.08885890
v 0.04920702 -0.02003453 0.08875673
v 0.04941365 -0.01895885 0.08896107
v 0.05109287 -0.01473885 0.08880781
v 0.05125766 -0.01344596 0.08896959
v 0.04976153 -0.01705054 0.08917819
v 0.05145906 -0.01161006 0.08912285
v 0.05163430 -0.00976898 0.08919096
v 0.05189587 -0.00609717 0.08935273
v 0.05303366 -0.00426127 0.08893979
v 0.05353586 -0.00242536 0.08775628
v 0.05355416 -0.00058429 0.08775628
v 0.04742317 -0.04387543 0.04695081
v 0.04727408 -0.04372546 0.04817689
v 0.04360700 -0.04740760 0.04818541
v 0.04374563 -0.04754724 0.04695933
v 0.04556086 -0.04568548 0.04734248
v 0.04904485 -0.04182232 0.04794275
v 0.03822669 -0.05118802 0.05029698
v 0.04021193 -0.04948141 0.05063331
v 0.04145173 -0.04896425 0.04918160
v 0.04249798 -0.04804888 0.04918160
v 0.04583027 -0.02959675 0.08374172
v 0.05119227 -0.03852287 0.04918160
v 0.05288457 -0.03651113 0.04849192
v 0.04740486 -0.02740918 0.08333728
v 0.04553209 -0.02732643 0.08876524
v 0.05146691 -0.03887970 0.04734248
v 0.04712760 -0.02511301 0.08775202
v 0.04763765 -0.02419247 0.08775202
v 0.05105364 -0.02007073 0.08330748
v 0.05087316 -0.01595934 0.08825437
v 0.05288457 -0.01458888 0.08333302
v 0.05302843 -0.01344596 0.08372895
v 0.05296304 -0.01126873 0.08548292
v 0.05269362 -0.00836232 0.08830546
v 0.05283487 -0.00714183 0.08870138
v 0.05291073 -0.00609717 0.08879930
v 0.05341815 -0.00426127 0.08775628
v 0.05486982 -0.00242536 0.08360123
v 0.05492475 -0.00058429 0.08370766
v 0.04920702 -0.04199298 0.04671666
v 0.04169498 -0.04916077 0.04790017
v 0.04185715 -0.04932109 0.04667409
v 0.03847517 -0.05136903 0.04918160
v 0.03939325 -0.05066052 0.04918160
v 0.04053365 -0.04974515 0.04918160
v 0.05329783 -0.03556473 0.04913477
v 0.05238498 -0.03765404 0.04734248
v 0.05303628 -0.03673350 0.04734248
v 0.05467103 -0.03460282 0.04651232
v 0.05505291 -0.03371331 0.04721476
v 0.05488551 -0.03311858 0.04918160
v 0.05471288 -0.03283932 0.05025015
v 0.05646534 -0.03088447 0.04822798
v 0.05681060 -0.02967949 0.04918160
v 0.04925933 -0.02378391 0.08336708
v 0.05830673 -0.02721266 0.04824075
v 0.05858137 -0.02597666 0.04918160
v 0.06029459 -0.02208764 0.04872607
v 0.06208367 -0.01651270 0.04852173
v 0.06221706 -0.01520947 0.04915179
v 0.06262510 -0.01344596 0.04917734
v 0.06053000 -0.02089818 0.04927526
v 0.05323506 -0.01177038 0.08424833
v 0.06389629 -0.00740558 0.04847064
v 0.05476257 -0.00393029 0.08340114
v 0.06397476 -0.00609717 0.04877290
v 0.06405061 -0.00426127 0.04905388
v 0.06406369 -0.00252879 0.04934763
v 0.06418139 -0.00058429 0.04917734
v 0.04921487 -0.04200850 0.04635905
v 0.03972543 -0.05090358 0.04734248
v 0.04099923 -0.04987444 0.04730842
v 0.03880735 -0.05161209 0.04734248
v 0.05660135 -0.03111202 0.04700615
v 0.05612793 -0.03176363 0.04750851
v 0.05844274 -0.02747641 0.04701467
v 0.05878016 -0.02647830 0.04751277
v 0.06019520 -0.02363394 0.04659320
v 0.06040968 -0.02267203 0.04726159
v 0.06203397 -0.01815725 0.04661023
v 0.06215690 -0.01705054 0.04742336
v 0.06258064 -0.01528187 0.04734248
v 0.06394860 -0.00944317 0.04689121
v 0.06404538 -0.00798479 0.04744039
v 0.06428863 -0.00609717 0.04734248
v 0.06445079 -0.00426127 0.04734248
v 0.06455542 -0.00242536 0.04734248
v 0.06461820 -0.00058429 0.04734248
v 0.06462605 0.00054311 0.04734248
v 0.06445603 0.00054311 0.04805343
v 0.05663012 -0.03116373 0.04635905
v 0.06204705 -0.01819863 0.04635905
v 0.06211244 -0.01792453 0.04635905
v 0.06216737 -0.01712294 0.04727010
v 0.06406631 -0.00886913 0.04636331
v 0.06439064 -0.00609717 0.04636331
v 0.06463389 -0.00327867 0.04636331
v 0.06473328 -0.00058429 0.04636331
v -0.06116901 -0.02371106 -0.08421148
v -0.06133826 -0.02254944 -0.08489866
v -0.06128532 -0.02399962 -0.08310708
v -0.06178859 -0.02262836 -0.08310708
v -0.06293829 -0.01987106 -0.08218676
v -0.06299198 -0.01821372 -0.08416240
v -0.06134795 -0.02252231 -0.08489866
v -0.06513629 0.00054484 -0.08489866
v -0.06142027 -0.02431283 -0.08127870
v -0.06188701 -0.02446574 -0.07575674
v -0.06297781 -0.02000177 -0.08095966
v -0.06319403 -0.01913857 -0.08145049
v -0.06374651 -0.01711622 -0.08127870
v -0.06353626 -0.01711622 -0.08310708
v -0.06311276 -0.01862805 -0.08310708
v -0.06314780 -0.01711622 -0.08456734
v -0.06560527 -0.00058225 -0.08310708
v -0.06177964 -0.02465071 -0.07606351
v -0.06301136 -0.02022127 -0.07759739
v -0.06333718 -0.01895360 -0.07943805
v -0.06301957 -0.02012262 -0.07943805
v -0.06180350 -0.02465071 -0.07575674
v -0.06486713 -0.01118481 -0.08257943
v -0.06378006 -0.01711622 -0.07943805
v -0.06478214 -0.01254866 -0.08046881
v -0.06489845 -0.01171999 -0.08115599
v -0.06391576 -0.01527884 -0.08310708
v -0.06328350 -0.01612970 -0.08489866
v -0.06557172 -0.00241963 -0.08310708
v -0.06576408 -0.00241963 -0.08127870
v -0.06576929 -0.00058225 -0.08127870
v -0.06574693 0.00054484 -0.08127870
v -0.06522278 -0.00976916 -0.08127870
v -0.06525111 -0.00793178 -0.08310708
v -0.06497822 -0.00977902 -0.08315617
v -0.06483582 -0.00917232 -0.08421148
v -0.06478437 -0.01256099 -0.07943805
v -0.06494467 -0.01160654 -0.07943805
v -0.06524142 -0.00976916 -0.07943805
v -0.06513032 -0.00241963 -0.08489866
v -0.06548821 -0.00425702 -0.08310708
v -0.06571263 -0.00425702 -0.08127870
v -0.06546658 -0.00793178 -0.08127870
v -0.06548747 -0.00793178 -0.07943805
v -0.06540396 -0.00609440 -0.08310708
v -0.06492827 -0.00793178 -0.08446917
v -0.06499090 -0.00527559 -0.08489866
v -0.06499612 -0.00609440 -0.08473913
v -0.06561720 -0.00609440 -0.08127870
v -0.01196665 0.06473595 0.04856665
v -0.00961458 0.06492623 0.04917991
v -0.01041862 0.06481052 0.04917991
v -0.01057525 0.06521422 0.04734015
v -0.01251225 0.06487995 0.04744739
v -0.01391148 0.06474367 0.04690451
v -0.01608865 0.06362256 0.04917991
v -0.00961458 0.06533765 0.04734015
v -0.01800215 0.06314171 0.04925699
v -0.01979818 0.06334485 0.04553725
v -0.01792645 0.06360970 0.04734015
v -0.01924998 0.06293858 0.04869735
v -0.02346856 0.06129548 0.04919332
v -0.02107211 0.06294629 0.04553725
v -0.02090243 0.06288458 0.04674701
v -0.01982429 0.06308772 0.04735021
v -0.02458064 0.06106406 0.04859011
v -0.02489912 0.06119777 0.04734015
v -0.03545342 0.05550223 0.04839910
v -0.02838676 0.05929497 0.04876103
v -0.02897935 0.05942611 0.04720946
v -0.02990086 0.05915098 0.04650908
v -0.03200754 0.05745646 0.04879453
v -0.03232080 0.05763388 0.04734015
v -0.03565181 0.05563080 0.04734015
v 0.05481813 0.03367598 0.05047763
v 0.05502378 0.03402720 0.04917568
v 0.05688915 0.03071376 0.04913576
v 0.06418367 0.00054484 0.04917568
v 0.06418367 0.00125723 0.04917568
v 0.06414980 0.00309619 0.04917568
v 0.06385705 0.00428240 0.05014907
v 0.06429254 0.00125723 0.04873044
v 0.05849322 0.02778799 0.04873044
v 0.06404092 0.00490865 0.04930772
v 0.06400947 0.00677080 0.04886555
v 0.05868435 0.02702258 0.04917261
v 0.06035616 0.02288409 0.04917568
v 0.06041423 0.02303651 0.04873044
v 0.06082553 0.02146593 0.04917568
v 0.06280460 0.01412002 0.04917568
v 0.06215620 0.01745998 0.04880414
v 0.06280702 0.01456403 0.04873044
v 0.06235459 0.01609484 0.04932000
v -0.05240795 0.01411622 0.08911059
v -0.05283504 0.00125696 0.08978200
v -0.05199048 0.01703198 0.08874971
v -0.05216170 0.01595353 0.08890497
v -0.05383543 0.00990519 0.08877489
v -0.05394124 0.00860617 0.08888399
v -0.05426829 0.00125696 0.08924486
v -0.05427022 0.00054484 0.08925746
v -0.05421250 0.00309426 0.08915255
v -0.05404705 0.00676887 0.08897211
v -0.05209051 0.01912722 0.08711315
v -0.05229059 0.01770298 0.08773840
v -0.05397587 0.01595353 0.08545142
v -0.05386622 0.01357045 0.08705860
v -0.05353916 0.01227892 0.08830490
v -0.05367575 0.01112756 0.08857346
v -0.05417595 0.01048647 0.08788107
v -0.05452416 0.00860617 0.08775938
v -0.05517442 0.00294660 0.08757894
v -0.05518789 0.00125696 0.08777197
v -0.05520135 0.00054484 0.08769224
v -0.05236370 0.01963935 0.08612283
v -0.05380273 0.01700955 0.08511151
v -0.05567269 0.00817629 0.08523321
v -0.05417980 0.01415734 0.08603051
v -0.06306020 0.01728805 0.04863729
v -0.06322950 0.01597595 0.04922058
v -0.06366814 0.01411622 0.04917862
v -0.05402974 0.01227892 0.08738592
v -0.05559574 0.00223635 0.08684878
v -0.05576311 0.00676887 0.08547240
v -0.05559766 0.00125696 0.08685298
v -0.05559766 0.00054484 0.08685298
v -0.05547839 0.00054484 0.08711734
v -0.06560159 0.00125696 0.04734064
v -0.06518219 0.00054484 0.04917862
v -0.06306982 0.01870855 0.04693360
v -0.06321411 0.01785625 0.04737840
v -0.06487438 0.01044161 0.04693360
v -0.06488784 0.01036124 0.04693360
v -0.06484360 0.00817442 0.04849042
v -0.06492247 0.00676887 0.04886809
v -0.06474356 0.00564929 0.05006403
v -0.06368738 0.01595353 0.04734064
v -0.05581698 0.00493157 0.08568642
v -0.06517834 0.00125696 0.04917862
v -0.06496672 0.00499512 0.04934227
v -0.06554772 0.00309426 0.04734064
v -0.06532071 0.00676887 0.04693360
v -0.06526300 0.00676887 0.04734064
v -0.06500520 0.00871458 0.04747911
v -0.06543229 0.00493157 0.04734064
v -0.06510331 0.00309426 0.04917862
v -0.06549001 0.00493157 0.04693360
v -0.06510412 0.00125696 -0.08494417
v -0.06557021 0.00054484 -0.08310823
v -0.06497584 0.00293656 -0.08504761
v -0.06554775 0.00125696 -0.08310823
v -0.06568352 0.00054484 -0.08198339
v -0.06494163 0.00493109 -0.08458216
v -0.06543444 0.00309545 -0.08310823
v -0.06573270 0.00125696 -0.08127230
v -0.06564610 0.00309545 -0.08127230
v -0.06484649 0.00676957 -0.08424601
v -0.05942019 0.02643109 -0.08446579
v -0.06526126 0.00493109 -0.08310823
v -0.06479090 0.00776825 -0.08406500
v -0.06564824 0.00309545 -0.07943635
v -0.06578080 0.00309545 0.04366251
v -0.06569635 0.00493109 0.04366251
v -0.06551034 0.00493109 -0.07943635
v -0.06546652 0.00493109 -0.08127230
v -0.06580859 0.00054484 0.04366251
v -0.06580538 0.00125696 0.04366251
v -0.05970241 0.02523380 -0.08503468
v -0.06113275 0.02246190 -0.08411671
v -0.05957199 0.02679424 -0.08310823
v -0.05926091 0.02789222 -0.08217733
v -0.06504852 0.00676957 -0.08310823
v -0.06485397 0.00846903 -0.08299187
v -0.06479731 0.00962942 -0.08230662
v -0.06370585 0.01411781 -0.08310823
v -0.06364278 0.01228217 -0.08494417
v -0.06357329 0.01228217 -0.08513812
v -0.06577545 0.00309545 0.04549846
v -0.06569314 0.00493109 0.04549846
v -0.06554241 0.00676957 0.04366251
v -0.06531471 0.00676957 -0.07943635
v -0.06535640 0.00860521 0.04366251
v -0.06500363 0.00860521 -0.08127230
v -0.06579256 0.00125696 0.04549846
v -0.05955810 0.02846533 0.04549846
v -0.06567390 0.00054484 0.04662330
v -0.06126103 0.02130150 -0.08481489
v -0.06308690 0.01554207 -0.08442701
v -0.06322052 0.01607261 -0.08319873
v -0.06302276 0.01715641 -0.08264279
v -0.06162984 0.02146606 -0.08310823
v -0.06121720 0.02268320 -0.08310823
v -0.05967034 0.02716023 -0.08145330
v -0.05934429 0.02805394 -0.08096199
v -0.06483366 0.00987626 -0.08127230
v -0.06350488 0.01595345 -0.08127230
v -0.06324404 0.01412065 -0.08500882
v -0.06552316 0.00676957 0.04549846
v -0.06507418 0.00860521 -0.07943635
v -0.06511801 0.01044369 0.04181364
v -0.06530403 0.00860521 0.04549846
v -0.06510732 0.01044369 0.04366251
v -0.06126316 0.02459828 0.04549846
v -0.06116802 0.02439117 0.04677845
v -0.05957520 0.02850221 0.04366251
v -0.06129203 0.02467488 0.04366251
v -0.06310935 0.01747985 -0.08127230
v -0.06185540 0.02146606 -0.08127230
v -0.06133800 0.02300947 -0.08127230
v -0.06140107 0.02317970 -0.07943635
v -0.05983497 0.02697866 -0.07943635
v -0.05935391 0.02808515 -0.07943635
v -0.06485932 0.01002663 -0.07943635
v -0.06361605 0.01595345 -0.07943635
v -0.06488284 0.01044369 0.04689481
v -0.06486680 0.01182822 0.04366251
v -0.06486893 0.01181687 0.04181364
v -0.06479945 0.01147358 0.04653279
v -0.06503784 0.01044369 0.04549846
v -0.06483366 0.01166934 0.04549846
v -0.06176240 0.02330170 0.04549846
v -0.05957947 0.02851640 0.04181364
v -0.06181477 0.02330170 0.04366251
v -0.06315958 0.01766993 -0.07943635
v -0.06314997 0.01940344 0.04366251
v -0.06361391 0.01779193 0.04366251
v -0.06356046 0.01779193 0.04549846
v -0.06312110 0.01930414 0.04549846
v -0.06302276 0.01899205 0.04677845
v 0.03830564 -0.05307905 -0.07943816
v 0.03823197 -0.05303422 -0.03350566
v 0.03822378 -0.05302177 -0.08092854
v 0.03922448 -0.05240656 -0.07943816
v 0.03914262 -0.05230445 -0.03166837
v 0.03822378 -0.05302924 -0.03166837
v 0.04040117 -0.05148750 -0.07943816
v 0.03810918 -0.05293210 -0.08214913
v 0.03891547 -0.05245389 -0.08142962
v 0.04033569 -0.05142025 -0.08127545
v 0.04029885 -0.05138538 -0.03166837
v 0.04028657 -0.05138289 -0.02983106
v 0.03912421 -0.05230195 -0.02983106
v 0.03895231 -0.05172661 0.04549821
v 0.03802733 -0.05239162 0.04549821
v 0.04125453 -0.05065063 -0.08127545
v 0.04233094 -0.04973156 -0.08127545
v 0.04132001 -0.05070044 -0.07943816
v 0.04121769 -0.05062822 -0.03166837
v 0.04000007 -0.05114378 -0.08410207
v 0.04014742 -0.05126334 -0.08311275
v 0.04191962 -0.04937788 0.04549821
v 0.04187255 -0.04934052 0.04635904
v 0.03820332 -0.05216497 0.04635904
v 0.03802733 -0.05229199 0.04635904
v 0.04324979 -0.04894201 -0.08127545
v 0.04106626 -0.05047628 -0.08311275
v 0.04238211 -0.04978138 -0.07943816
v 0.04329890 -0.04898435 -0.07943816
v 0.04226546 -0.04970914 -0.03166837
v 0.04190734 -0.04937788 -0.08424339
v 0.04304310 -0.04874524 -0.08311275
v 0.04212425 -0.04955721 -0.08311275
v 0.03971358 -0.05092460 -0.08489866
v 0.04283845 -0.04854848 0.04549821
v 0.04211402 -0.04912134 0.04635904
v 0.04427709 -0.04802294 -0.08127545
v 0.04433234 -0.04806529 -0.07943816
v 0.04525118 -0.04722841 -0.07943816
v 0.04318225 -0.04884985 -0.03166837
v 0.04380027 -0.04759206 -0.08437187
v 0.04405198 -0.04782618 -0.08311275
v 0.04366112 -0.04746503 -0.08489866
v 0.04381869 -0.04762942 0.04549821
v 0.04377571 -0.04758209 0.04635904
v 0.04519593 -0.04716116 -0.08127545
v 0.04617617 -0.04630934 -0.07943816
v 0.04757182 -0.04403534 0.04366091
v 0.04583646 -0.04597061 0.01242682
v 0.04507314 -0.04704659 -0.03166837
v 0.04415430 -0.04793079 -0.03166837
v 0.04488283 -0.04688968 0.01242682
v 0.04562568 -0.04577136 -0.08439758
v 0.04497082 -0.04693451 -0.08311275
v 0.04445103 -0.04670038 -0.08489866
v 0.04474776 -0.04640648 -0.08489866
v 0.04662228 -0.04495441 0.04366091
v 0.04753089 -0.04399300 0.04549821
v 0.04746745 -0.04392575 0.04635904
v 0.04607998 -0.04624210 -0.08127545
v 0.04709500 -0.04538032 -0.07943816
v 0.04936653 -0.04218226 0.01058952
v 0.04848862 -0.04295438 0.04366091
v 0.04923351 -0.04204030 0.04549821
v 0.04844973 -0.04295936 0.04549821
v 0.04795041 -0.04446125 -0.07943816
v 0.04886720 -0.04343758 -0.07943816
v 0.04741220 -0.04387842 -0.08428194
v 0.04584874 -0.04601544 -0.08311275
v 0.04551107 -0.04564682 -0.08489866
v 0.04727713 -0.04373148 -0.08489866
v 0.04898385 -0.04227940 0.04635904
v 0.04699882 -0.04527073 -0.08127545
v 0.04786241 -0.04435415 -0.08127545
v 0.05101389 -0.04013491 0.00875222
v 0.04961210 -0.04251851 -0.07943816
v 0.05157256 -0.03901410 0.04549821
v 0.04877716 -0.04335289 -0.08127545
v 0.04955275 -0.04243382 -0.08127545
v 0.05674182 -0.02954448 -0.08459029
v 0.04918849 -0.04197554 -0.08412776
v 0.04852545 -0.04308141 -0.08311275
v 0.04760865 -0.04409263 -0.08311275
v 0.04676757 -0.04501169 -0.08311275
v 0.05641234 -0.03155696 0.04635904
v 0.05666814 -0.03123068 0.04549821
v 0.05893148 -0.02781096 -0.07576355
v 0.05317286 -0.03690199 0.04549821
v 0.05249141 -0.03782106 0.04549821
v 0.05053094 -0.04134290 -0.07943816
v 0.05122877 -0.04042633 -0.07943816
v 0.05047159 -0.04126320 -0.08127545
v 0.05201255 -0.03831670 0.04635904
v 0.04934402 -0.04216234 -0.08311275
v 0.05104868 -0.04018722 -0.08247034
v 0.05666609 -0.02940998 -0.08489866
v 0.05693622 -0.03008496 -0.08313844
v 0.05505762 -0.03371888 -0.08307420
v 0.05487139 -0.03315100 -0.08453891
v 0.05478135 -0.03300156 -0.08489866
v 0.05086041 -0.03995807 -0.08370377
v 0.05033653 -0.04087963 -0.08309991
v 0.04900840 -0.04174639 -0.08489866
v 0.05061075 -0.03962183 -0.08489866
v 0.05476293 -0.03446858 0.04635904
v 0.05615859 -0.03214725 0.04549821
v 0.05881074 -0.02802765 -0.07576355
v 0.05881074 -0.02801021 -0.07760085
v 0.05408966 -0.03556449 0.04549821
v 0.05458694 -0.03474754 0.04635904
v 0.05244229 -0.03774385 0.04635904
v 0.05341025 -0.03729303 -0.07943816
v 0.05116942 -0.04034662 -0.08127545
v 0.05333249 -0.03719091 -0.08127545
v 0.05313603 -0.03689452 -0.08311275
v 0.05658833 -0.03109120 -0.08256027
v 0.05471995 -0.03469025 -0.08243179
v 0.05450713 -0.03437643 -0.08365237
v 0.05293548 -0.03659812 -0.08428194
v 0.05278200 -0.03635155 -0.08489866
v 0.05467698 -0.03461304 0.04635904
v 0.05469540 -0.03464542 0.04549821
v 0.05528272 -0.03365662 0.04549821
v 0.05490004 -0.03498416 -0.07943816
v 0.05684823 -0.03152956 -0.07760085
v 0.05681958 -0.03153455 -0.07943816
v 0.05867978 -0.02788319 -0.07943816
v 0.05432909 -0.03590322 -0.07943816
v 0.05425133 -0.03576624 -0.08127545
v 0.05408761 -0.03538018 -0.08307420
v 0.05671726 -0.03134525 -0.08127545
v 0.05481614 -0.03484717 -0.08127545
v 0.05838228 -0.02557658 -0.08489866
v 0.05848447 -0.02579863 -0.08444896
v 0.05818561 -0.02702268 -0.08374232
v 0.06474801 0.00054206 0.04635904
v 0.06013881 -0.02169070 -0.08399928
v 0.05865511 -0.02636763 -0.08312560
v 0.05841023 -0.02740571 -0.08250888
v 0.05848254 -0.02755005 0.04635904
v 0.05853075 -0.02764997 0.04549821
v 0.06397676 -0.00241953 -0.08443612
v 0.06377141 -0.00241953 -0.08489866
v 0.06474705 0.00039495 0.04635904
v 0.06029402 -0.02028346 -0.08489866
v 0.06036922 -0.02046665 -0.08456460
v 0.06058517 -0.02096349 -0.08327977
v 0.06030463 -0.02209872 -0.08277869
v 0.06040682 -0.02267882 -0.08117267
v 0.06018894 -0.02362254 -0.08050455
v 0.05904652 -0.02630379 -0.08127545
v 0.05853364 -0.02765552 -0.08127545
v 0.06024196 -0.02373634 0.04549821
v 0.05973101 -0.02637318 -0.07576355
v 0.06019665 -0.02545445 -0.07576355
v 0.06446362 -0.00058207 -0.08311275
v 0.06437299 -0.00241953 -0.08311275
v 0.06391506 -0.00425699 -0.08425625
v 0.06364705 -0.00425699 -0.08489866
v 0.06451182 0.00054206 -0.08311275
v 0.06483285 -0.00058207 0.04549821
v 0.06484827 0.00054206 0.04549821
v 0.06052154 -0.01959510 -0.08489866
v 0.06211611 -0.01481270 -0.08434618
v 0.06209972 -0.01656412 -0.08262452
v 0.06203320 -0.01814068 -0.08055595
v 0.06017737 -0.02542114 -0.07675286
v 0.06064398 -0.02262886 0.04549821
v 0.06206020 -0.01823782 -0.07943816
v 0.06237159 -0.01711647 -0.07760085
v 0.06045599 -0.02446633 -0.07576355
v 0.06209972 -0.01835995 0.04366091
v 0.06471910 -0.00241953 -0.08127545
v 0.06423899 -0.00425699 -0.08311275
v 0.06361717 -0.00456509 -0.08489866
v 0.06386299 -0.00543386 -0.08410207
v 0.06479236 -0.00058207 -0.08127545
v 0.06468342 -0.00241953 0.04635904
v 0.06479333 -0.00241953 0.04549821
v 0.06487238 -0.00058207 -0.07943816
v 0.06222409 -0.01346930 -0.08489866
v 0.06259333 -0.01166236 -0.08489866
v 0.06275722 -0.01344432 -0.08311275
v 0.06228578 -0.01536783 -0.08318984
v 0.06264731 -0.01527901 -0.08127545
v 0.06218552 -0.01715255 -0.08121120
v 0.06278517 -0.01527901 -0.07943816
v 0.06234363 -0.01711647 -0.07943816
v 0.06209297 -0.01833497 0.04549821
v 0.06281602 -0.01527901 -0.07760085
v 0.06242076 -0.01711647 0.04366091
v 0.06457352 -0.00425699 -0.08127545
v 0.06482707 -0.00241953 -0.07943816
v 0.06469306 -0.00425699 -0.07943816
v 0.06402014 -0.00606670 -0.08320269
v 0.06391314 -0.00793192 -0.08254743
v 0.06373092 -0.00665791 -0.08387079
v 0.06480779 0.00054206 -0.08127545
v 0.06457256 -0.00425699 0.04635904
v 0.06467860 -0.00425699 0.04549821
v 0.06483864 0.00054206 -0.08055595
v 0.06384468 -0.00889507 -0.08222622
v 0.06390639 -0.00926145 -0.08127545
v 0.06385240 -0.01075196 -0.07878289
v 0.06238027 -0.01711647 0.04549821
v 0.06284881 -0.01527901 0.04366091
v 0.06436142 -0.00609446 -0.08127545
v 0.06449639 -0.00609446 -0.07943816
v 0.06449736 -0.00511744 0.04635904
v 0.06447904 -0.00609446 0.04549821
v 0.06410498 -0.00793192 -0.08127545
v 0.06426116 -0.00793192 -0.07943816
v 0.06396519 -0.00988874 -0.07941245
v 0.06385240 -0.01075196 -0.07839744
v 0.06381287 -0.01066869 0.04616632
v 0.06384854 -0.01035227 0.04635904
v 0.06384468 -0.01071865 0.04494573
v 0.06425730 -0.00793192 0.04549821
v 0.06396423 -0.00994148 0.04553676
v -0.04106159 -0.05169479 -0.07943805
v -0.04136007 -0.05146713 -0.07943805
v -0.04106159 -0.05164714 -0.08127870
v -0.04119560 -0.05135329 -0.00962810
v -0.04227784 -0.05074443 -0.07943805
v -0.04131133 -0.05145124 -0.08127870
v -0.04106159 -0.05136653 -0.08299665
v -0.04119154 -0.05134800 -0.00778744
v -0.04207073 -0.05058560 0.00507260
v -0.04211134 -0.05060678 -0.00778744
v -0.04336211 -0.04982585 -0.07943805
v -0.04223114 -0.05068355 -0.08127870
v -0.04322201 -0.04968025 -0.00227775
v -0.04416212 -0.04891785 -0.01146876
v -0.04204230 -0.05054324 -0.08310708
v -0.04112250 -0.05130035 -0.08310708
v -0.04106159 -0.05134800 -0.08310708
v -0.04115295 -0.05130829 0.00507260
v -0.04319967 -0.04966702 0.00507260
v -0.04320779 -0.04966966 0.00323195
v -0.04428192 -0.04901050 -0.07943805
v -0.04422709 -0.04896285 -0.08127870
v -0.04330932 -0.04976496 -0.08127870
v -0.04314079 -0.04962466 -0.08310708
v -0.04414587 -0.04889932 -0.00411840
v -0.04516720 -0.04799397 -0.00962810
v -0.04516923 -0.04799926 -0.01146876
v -0.04293368 -0.04944200 -0.08439555
v -0.04412557 -0.04887814 0.00323195
v -0.04414181 -0.04889403 -0.00227775
v -0.04527279 -0.04809191 -0.07943805
v -0.04520578 -0.04804426 -0.08127870
v -0.04406060 -0.04880402 -0.08310708
v -0.04515299 -0.04798073 -0.00411840
v -0.04607686 -0.04711773 -0.00594679
v -0.04605655 -0.04710450 0.00139129
v -0.04606264 -0.04710715 -0.00043709
v -0.04608498 -0.04712303 -0.00962810
v -0.04619259 -0.04722627 -0.07943805
v -0.04481187 -0.04767365 -0.08454280
v -0.04511847 -0.04794367 0.00691326
v -0.04513269 -0.04795955 0.00323195
v -0.04513878 -0.04796485 0.00139129
v -0.04514893 -0.04797543 -0.00227775
v -0.04612558 -0.04716274 -0.08127870
v -0.04502101 -0.04788543 -0.08310708
v -0.04699666 -0.04619915 -0.00594679
v -0.04698245 -0.04618591 0.00139129
v -0.04605046 -0.04709920 0.00323195
v -0.04697838 -0.04618061 0.00323195
v -0.04709819 -0.04630768 -0.07943805
v -0.04797332 -0.04533880 -0.08127870
v -0.04664132 -0.04577294 -0.08489866
v -0.04658447 -0.04582853 -0.08489866
v -0.04781697 -0.04517731 -0.08310708
v -0.04604437 -0.04709126 0.00507260
v -0.04791646 -0.04525409 -0.00778744
v -0.04801799 -0.04536262 -0.07943805
v -0.04790834 -0.04523820 -0.00227775
v -0.04791443 -0.04524879 -0.00594679
v -0.04789616 -0.04522232 0.00323195
v -0.04790428 -0.04523291 -0.00043709
v -0.04887687 -0.04442021 -0.08127870
v -0.04847687 -0.04401254 -0.08456734
v -0.04871647 -0.04425873 -0.08310708
v -0.04876520 -0.04433020 -0.00594679
v -0.04887687 -0.04444403 -0.07943805
v -0.04876317 -0.04432490 -0.00411840
v -0.04873880 -0.04429844 0.00507260
v -0.04874490 -0.04430373 0.00323195
v -0.04875911 -0.04431961 -0.00227775
v -0.04979668 -0.04342485 -0.08127870
v -0.05021699 -0.04208800 -0.08440782
v -0.04953069 -0.04265716 -0.08489866
v -0.04963424 -0.04323160 -0.08310708
v -0.04967688 -0.04330043 -0.00227775
v -0.04968094 -0.04330308 -0.00411840
v -0.04979668 -0.04343015 -0.07943805
v -0.04965861 -0.04328455 0.00507260
v -0.05056623 -0.04250626 -0.08127870
v -0.05057638 -0.04251156 -0.07943805
v -0.05039567 -0.04231302 -0.08310708
v -0.05194086 -0.04011581 -0.08408877
v -0.05964042 -0.02677114 -0.08489866
v -0.05942316 -0.02755208 -0.08451825
v -0.06122825 -0.02559578 -0.07759739
v -0.06132571 -0.02569372 -0.07575674
v -0.05045455 -0.04237390 0.00139129
v -0.05046064 -0.04238184 -0.00227775
v -0.05043831 -0.04236066 0.00691326
v -0.05044440 -0.04236596 0.00507260
v -0.05148400 -0.04138649 -0.08127870
v -0.05149212 -0.04140237 -0.07943805
v -0.05131548 -0.04118000 -0.08310708
v -0.05205660 -0.04026141 -0.08310708
v -0.05376016 -0.03825746 -0.08222357
v -0.05360788 -0.03806951 -0.08345068
v -0.05338453 -0.03774655 -0.08489866
v -0.05299062 -0.03828394 -0.08489866
v -0.05236523 -0.03918134 -0.08480049
v -0.05224949 -0.03928723 -0.08489866
v -0.05759979 -0.03125025 -0.08454280
v -0.05959168 -0.02792798 -0.08310708
v -0.06114703 -0.02547665 -0.07899629
v -0.05926275 -0.02906099 -0.08218676
v -0.05930336 -0.02914041 -0.08095966
v -0.05891757 -0.02984457 -0.08145049
v -0.05795919 -0.03181941 -0.07943805
v -0.05744750 -0.03276976 -0.07943805
v -0.05745360 -0.03278035 -0.07840728
v -0.05582109 -0.03493519 0.01058230
v -0.05138248 -0.04125677 -0.00594679
v -0.05211345 -0.04033818 -0.00594679
v -0.05138045 -0.04124883 -0.00411840
v -0.05221092 -0.04046790 -0.08127870
v -0.05222512 -0.04048113 -0.07943805
v -0.05312869 -0.03922635 -0.08127870
v -0.05379468 -0.03830776 -0.08127870
v -0.05593074 -0.03511785 -0.08127870
v -0.05579673 -0.03490343 -0.08310708
v -0.05519774 -0.03582202 -0.08310708
v -0.05417641 -0.03740770 -0.08294756
v -0.05566678 -0.03469165 -0.08423602
v -0.05400382 -0.03686237 -0.08489866
v -0.05724243 -0.03163939 -0.08489866
v -0.05778253 -0.03155204 -0.08310708
v -0.05603430 -0.03368305 -0.08489866
v -0.05781502 -0.03194647 -0.08109464
v -0.05742923 -0.03273799 -0.08037064
v -0.05688506 -0.03368835 -0.07943805
v -0.05596526 -0.03515756 -0.07943805
v -0.05522617 -0.03585907 0.00507260
v -0.05522007 -0.03585907 0.00691326
v -0.05431246 -0.03725681 -0.00227775
v -0.05382311 -0.03834482 -0.07943805
v -0.05314290 -0.03926341 -0.07943805
v -0.05405458 -0.03678560 -0.08489866
v -0.05753309 0.02997142 -0.08513812
v -0.05784372 0.02953183 -0.08487954
v -0.05566485 0.03356271 -0.08513812
v -0.05765290 0.03018736 -0.08459509
v -0.05520777 0.03434677 -0.08508641
v -0.05577801 0.03374523 -0.08456924
v -0.05778381 0.03074264 -0.08303066
v -0.05728902 0.03141103 -0.08359955
v -0.05382990 0.03651645 -0.08513812
v -0.05416716 0.03617455 -0.08484074
v -0.05597548 0.03409999 -0.08310823
v -0.05542300 0.03502030 -0.08310823
v -0.05380327 0.03716170 -0.08416843
v -0.05745987 0.03163725 -0.08237127
v -0.03717108 0.05358084 -0.08513812
v -0.05805229 0.03065524 -0.08127230
v -0.05813882 0.03065524 -0.07943635
v -0.05360579 0.03686607 -0.08513812
v -0.05554726 0.03522082 -0.08203511
v -0.05394749 0.03738793 -0.08310823
v -0.05305109 0.03786608 -0.08484074
v -0.05333732 0.03830824 -0.08310823
v -0.05210366 0.03917714 -0.08494417
v -0.05751534 0.03174779 -0.08127230
v -0.05704051 0.03266810 -0.08127230
v -0.05604205 0.03449845 -0.08136280
v -0.03777460 0.05313867 -0.08513812
v -0.03808745 0.05300242 -0.08495711
v -0.03744178 0.05376850 -0.08436237
v -0.05757081 0.03184547 -0.07943635
v -0.05772834 0.03216681 0.04181364
v -0.05333066 0.03727224 -0.08513812
v -0.05410281 0.03762957 -0.08127230
v -0.05563157 0.03531593 -0.08080684
v -0.05206373 0.03912316 -0.08513812
v -0.05348154 0.03854732 -0.08127230
v -0.05241873 0.03958074 -0.08310823
v -0.05140474 0.04009489 -0.08494417
v -0.05708267 0.03276579 -0.07943635
v -0.03937880 0.05203841 -0.08494417
v -0.04069455 0.05162195 -0.08359955
v -0.04097190 0.05184561 -0.08237127
v -0.03769916 0.05395359 -0.08310823
v -0.03913473 0.05367852 0.04500715
v -0.03902157 0.05356798 0.04623542
v -0.05769728 0.03209483 0.04549846
v -0.05772390 0.03215910 0.04366251
v -0.05577357 0.03554473 0.04366251
v -0.05564488 0.03533650 -0.07943635
v -0.05621956 0.03432878 -0.07943635
v -0.05413609 0.03767071 -0.07943635
v -0.05505468 0.03625681 -0.07943635
v -0.05043956 0.04121828 -0.08513812
v -0.05349264 0.03859102 -0.07943635
v -0.05191950 0.04076584 -0.08039311
v -0.05243649 0.03998177 -0.08111714
v -0.05182187 0.04068872 -0.08162138
v -0.05013780 0.04266817 -0.08243592
v -0.04996695 0.04248822 -0.08366419
v -0.05048393 0.04127484 -0.08494417
v -0.04029739 0.05132632 -0.08494417
v -0.04459744 0.04813350 -0.08407792
v -0.04144895 0.05040858 -0.08494417
v -0.04475053 0.04828003 -0.08310823
v -0.04288451 0.05008209 -0.08257814
v -0.04395842 0.04940600 -0.08127230
v -0.04303983 0.05021320 -0.08127230
v -0.04198146 0.05113352 -0.08127230
v -0.04106287 0.05192273 -0.08127230
v -0.03798539 0.05415668 -0.08127230
v -0.03667629 0.05507442 -0.08127230
v -0.03682495 0.05517982 -0.07943635
v -0.03918798 0.05373507 0.00690482
v -0.04118491 0.05202041 0.04366251
v -0.04117381 0.05201270 0.04549846
v -0.04102072 0.05189188 0.04679138
v -0.05565820 0.03535707 0.04670088
v -0.05573585 0.03549074 0.04549846
v -0.05517228 0.03640849 0.04549846
v -0.05519668 0.03646247 0.04366251
v -0.05427809 0.03787893 0.04366251
v -0.04973841 0.04219259 -0.08494417
v -0.05029755 0.04287896 -0.07943635
v -0.05023764 0.04279927 -0.08127230
v -0.05360802 0.03879667 0.04366251
v -0.05203044 0.04090209 0.04366251
v -0.04947881 0.04371959 -0.08127230
v -0.04836497 0.04457049 -0.08310823
v -0.04824959 0.04444196 -0.08405206
v -0.04364556 0.04860137 -0.08480196
v -0.04535849 0.04706408 -0.08471145
v -0.04644348 0.04631086 -0.08410378
v -0.04566912 0.04737771 -0.08310823
v -0.04236753 0.04962451 -0.08494417
v -0.04589766 0.04759622 -0.08127230
v -0.04497907 0.04848568 -0.08127230
v -0.04406048 0.04948827 -0.07943635
v -0.04313968 0.05029032 -0.07943635
v -0.04202362 0.05120807 -0.07943635
v -0.04110503 0.05195614 -0.07943635
v -0.03902157 0.05356798 -0.07943635
v -0.03810298 0.05426207 -0.07943635
v -0.04317518 0.05033660 0.04366251
v -0.04210350 0.05125434 0.04366251
v -0.04209240 0.05122606 0.04549846
v -0.05425369 0.03784294 0.04549846
v -0.05359470 0.03876325 0.04549846
v -0.04866007 0.04335969 -0.08513812
v -0.04870889 0.04351136 -0.08477610
v -0.04955203 0.04379928 -0.07943635
v -0.05200604 0.04087124 0.04549846
v -0.05127605 0.04182240 0.04366251
v -0.05036856 0.04292781 0.04181364
v -0.04856022 0.04477872 -0.08127230
v -0.04750186 0.04548824 -0.08310823
v -0.04770377 0.04569903 -0.08127230
v -0.04678740 0.04667847 -0.08127230
v -0.04658327 0.04645739 -0.08310823
v -0.04797446 0.04415661 -0.08513812
v -0.04455528 0.04761164 -0.08513812
v -0.04777699 0.04436227 -0.08513812
v -0.04596866 0.04766306 -0.07943635
v -0.04505007 0.04857052 -0.07943635
v -0.04509889 0.04860908 0.04366251
v -0.04409377 0.04952683 0.04366251
v -0.04312636 0.05030832 0.04549846
v -0.05195944 0.04081726 0.04657158
v -0.04863345 0.04485584 -0.07943635
v -0.05032418 0.04289439 0.04549846
v -0.05035746 0.04292524 0.04366251
v -0.04956978 0.04384555 0.04366251
v -0.04777033 0.04577615 -0.07943635
v -0.04685396 0.04674531 -0.07943635
v -0.04690722 0.04680187 0.04366251
v -0.04601747 0.04771962 0.04366251
v -0.04595091 0.04767848 0.04549846
v -0.04503232 0.04854481 0.04549846
v -0.04404495 0.04946255 0.04549846
v -0.04955425 0.04381213 0.04549846
v -0.04865120 0.04489440 0.04366251
v -0.04782359 0.04581214 0.04366251
v -0.04863567 0.04488669 0.04549846
v -0.04781027 0.04580443 0.04549846
v -0.04689390 0.04676074 0.04549846
v 0.00540292 -0.05298807 0.08875644
v 0.00412508 -0.05304172 0.08886091
v 0.00044948 -0.05314665 0.08903369
v -0.00069538 -0.05312996 0.08901561
v 0.00228832 -0.05310968 0.08897543
v 0.01984562 -0.04932292 0.08877051
v 0.00662674 -0.05291295 0.08848120
v 0.01147214 -0.05149649 0.08922656
v 0.00963745 -0.05166341 0.08938126
v 0.00780069 -0.05185538 0.08950983
v 0.00599509 -0.05219161 0.08943349
v 0.00044948 -0.05202826 0.08987146
v 0.00228832 -0.05202826 0.08981722
v 0.00412508 -0.05202826 0.08972480
v 0.00780069 -0.05019092 0.09015474
v 0.02053129 -0.04664619 0.09007438
v 0.01434364 -0.05114238 0.08875443
v 0.01882127 -0.04953157 0.08907588
v 0.01147214 -0.05207238 0.08775996
v 0.01330890 -0.05127949 0.08896739
v 0.01698451 -0.04981415 0.08939934
v 0.01330890 -0.05019092 0.08981320
v 0.01147214 -0.05019092 0.08996990
v 0.01698451 -0.04835476 0.09004022
v 0.02053129 -0.04838458 0.08936719
v 0.01882127 -0.04835476 0.08985740
v 0.03766907 -0.05264599 0.04550304
v 0.00045282 -0.06412105 0.05054667
v 0.00229071 -0.06498636 0.04366562
v 0.03752128 -0.05253596 0.04734046
v 0.03660424 -0.05317231 0.04734046
v 0.03674823 -0.05326152 0.04550304
v 0.00045282 -0.06448085 0.04917788
v 0.00229071 -0.06443030 0.04917788
v 0.00229071 -0.06407347 0.05043547
v 0.00412860 -0.06493284 0.04366562
v 0.00412860 -0.06492095 0.04550304
v 0.00229071 -0.06496257 0.04550304
v 0.03640718 -0.05304147 0.04853716
v 0.03336804 -0.05525977 0.04734046
v 0.03441393 -0.05474236 0.04595048
v 0.03368635 -0.05524489 0.04540508
v 0.03444046 -0.05478697 0.04472465
v 0.03199626 -0.05627673 0.04550304
v 0.00045282 -0.06482579 0.04734046
v 0.00229071 -0.06480794 0.04734046
v 0.00412860 -0.06473658 0.04734046
v 0.00412860 -0.06433515 0.04917788
v 0.03484971 -0.05322286 0.05101265
v 0.00596648 -0.06477524 0.04550304
v 0.03271247 -0.05485238 0.05030045
v 0.03392888 -0.05443311 0.04917788
v 0.03301183 -0.05502485 0.04917788
v 0.03075710 -0.05661274 0.04824857
v 0.03162868 -0.05626186 0.04751785
v 0.03098447 -0.05674358 0.04702540
v 0.03107921 -0.05679116 0.04550304
v 0.00596648 -0.06456411 0.04734046
v 0.00584901 -0.06415376 0.04924671
v 0.00515933 -0.06398129 0.05012836
v 0.01147635 -0.06283052 0.05101265
v 0.00963847 -0.06429055 0.04550304
v 0.00780437 -0.06453438 0.04550304
v 0.01090035 -0.06403779 0.04675534
v 0.02924511 -0.05678819 0.05052285
v 0.03054111 -0.05647596 0.04917788
v 0.02962027 -0.05698444 0.04917788
v 0.02712681 -0.05847718 0.04833065
v 0.02730112 -0.05856342 0.04734046
v 0.02746407 -0.05864966 0.04550304
v 0.00780437 -0.06433515 0.04734046
v 0.00890331 -0.06399319 0.04836242
v 0.00780437 -0.06406753 0.04865365
v 0.01331424 -0.06295541 0.04917788
v 0.01332940 -0.06243205 0.05108413
v 0.01111635 -0.06407050 0.04550304
v 0.00956647 -0.06410915 0.04735634
v 0.01698622 -0.06292864 0.04366562
v 0.01698622 -0.06278888 0.04550304
v 0.01515213 -0.06295243 0.04734046
v 0.01529233 -0.06248855 0.04932349
v 0.02550492 -0.05856937 0.05041429
v 0.02613776 -0.05871805 0.04903755
v 0.02206409 -0.06048733 0.04883369
v 0.02260599 -0.06057654 0.04723720
v 0.02616807 -0.05907190 0.04734046
v 0.02357988 -0.06036839 0.04550304
v 0.02363293 -0.06039217 0.04366562
v 0.01476939 -0.06226851 0.05051755
v 0.01863085 -0.06241124 0.04366562
v 0.01841106 -0.06232203 0.04550304
v 0.01811927 -0.06220904 0.04689037
v 0.01712264 -0.06243503 0.04743842
v 0.01660349 -0.06228932 0.04880721
v 0.02082115 -0.06076685 0.04933938
v 0.01782748 -0.06204846 0.04811620
v 0.02249609 -0.06080550 0.04550304
v 0.02345103 -0.06030891 0.04655677
v 0.02249609 -0.06087985 0.04366562
v 0.02066143 -0.04651588 0.09009091
v 0.02249885 -0.04651588 0.08986468
v 0.02433627 -0.04467829 0.09004886
v 0.02421126 -0.04654062 0.08933214
v 0.02617368 -0.04467829 0.08970051
v 0.02801110 -0.04284070 0.08987268
v 0.03719648 -0.03549260 0.08982264
v 0.03802528 -0.03466489 0.08983664
v 0.02249885 -0.04773945 0.08910791
v 0.02617368 -0.04586137 0.08901182
v 0.02782959 -0.04462431 0.08913995
v 0.02986051 -0.04290818 0.08941422
v 0.03352164 -0.03916553 0.08966447
v 0.03535906 -0.03733019 0.08976057
v 0.03712113 -0.03726271 0.08922203
v 0.03802528 -0.03546561 0.08955637
v 0.02351431 -0.04748303 0.08877157
v 0.02709496 -0.04559822 0.08868149
v 0.02925774 -0.04397655 0.08899780
v 0.03131606 -0.04234364 0.08913394
v 0.03522720 -0.03908456 0.08913394
v 0.03645843 -0.03841880 0.08890571
v 0.03802528 -0.03636753 0.08923604
v 0.03452854 -0.04015517 0.08879760
v 0.03802528 -0.03676339 0.08898579
v -0.02970053 -0.04734059 0.08089551
v -0.03183531 -0.04569198 0.08151565
v -0.02610510 -0.04922711 0.08111056
v -0.02805603 -0.04561652 0.08870731
v -0.02454232 -0.04753343 0.08883983
v -0.03075260 -0.04418800 0.08761956
v -0.02159720 -0.04467954 0.09128790
v -0.00384478 -0.05115975 0.09053522
v -0.02108308 -0.05127504 0.08173070
v -0.02710951 -0.04589844 0.08907489
v -0.02069153 -0.04927847 0.08868730
v -0.01975863 -0.04946712 0.08900987
v -0.02343577 -0.04777763 0.08918741
v -0.02343577 -0.04706705 0.09010763
v -0.02526413 -0.04651576 0.08962251
v -0.02343577 -0.04467954 0.09115286
v -0.01975863 -0.04651681 0.09112787
v -0.00506369 -0.05118491 0.09054773
v -0.01792687 -0.05218687 0.08224582
v -0.02598594 -0.04528847 0.09040269
v -0.02476363 -0.04582718 0.09066525
v -0.01792687 -0.05049318 0.08775958
v -0.01517582 -0.05111050 0.08867980
v -0.01840354 -0.04907095 0.09033518
v -0.01784856 -0.04971552 0.08967252
v -0.02231220 -0.04732801 0.09042020
v -0.02343577 -0.04614894 0.09083529
v -0.02165849 -0.04663629 0.09095032
v -0.01975863 -0.04787301 0.09076528
v -0.01718463 -0.04932249 0.09055522
v -0.01608830 -0.04939586 0.09059524
v -0.00788623 -0.05111364 0.09051772
v -0.00690226 -0.05115032 0.09053522
v -0.00138995 -0.05311964 0.08900237
v -0.00475045 -0.05299912 0.08879232
v -0.00322852 -0.05305676 0.08890485
v -0.02108649 -0.04760890 0.09065275
v -0.01241456 -0.05207577 0.08775958
v -0.01425313 -0.05123312 0.08890985
v -0.01241456 -0.05148046 0.08930744
v -0.01057599 -0.05169951 0.08951749
v -0.00859442 -0.05170789 0.08976505
v -0.00597616 -0.05294567 0.08867480
v -0.00690226 -0.05289011 0.08839224
v -0.01057599 -0.05247403 0.08775958
v -0.04106110 -0.03180651 0.09055219
v -0.05283337 -0.00058728 0.08982653
v -0.05283337 -0.00242698 0.08982163
v -0.05283337 -0.00426162 0.08976279
v -0.05283337 -0.00610131 0.08968434
v -0.05283337 -0.00794101 0.08953725
v -0.04548752 -0.02629753 0.08987065
v -0.05426765 -0.00058728 0.08928229
v -0.05420950 -0.00242698 0.08925287
v -0.05412713 -0.00426162 0.08915971
v -0.04160623 -0.03339350 0.08942448
v -0.04549721 -0.02805131 0.08933132
v -0.04489151 -0.02955238 0.08906166
v -0.04316892 -0.03180651 0.08914010
v -0.05292059 -0.00965941 0.08922835
v -0.05245542 -0.01161029 0.08918422
v -0.05403507 -0.00610131 0.08904694
v -0.04741604 -0.02445784 0.08929700
v -0.04682246 -0.02629753 0.08909597
v -0.05521496 -0.00045082 0.08758092
v -0.04278370 -0.03279206 0.08874785
v -0.04650750 -0.02738416 0.08881649
v -0.04448933 -0.03078052 0.08844386
v -0.05389212 -0.00794101 0.08886553
v -0.05220103 -0.01344999 0.08895379
v -0.05460684 -0.00610131 0.08775743
v -0.04864923 -0.02262825 0.08900281
v -0.04839000 -0.02383618 0.08882140
v -0.05559291 0.00024664 0.08685036
v -0.04297509 -0.03303971 0.08775743
v -0.04222161 -0.03395956 0.08775743
v -0.04130338 -0.03502092 0.08775743
v -0.04673282 -0.02775311 0.08775743
v -0.04616104 -0.02866791 0.08775743
v -0.04808715 -0.02505927 0.08825754
v -0.04767528 -0.02619139 0.08769369
v -0.04636698 -0.02899137 0.08653166
v -0.05388001 -0.03659275 0.04864063
v -0.05320648 -0.03725484 0.04922410
v -0.05221556 -0.03865482 0.04917997
v -0.05152749 -0.03957467 0.04917997
v -0.05435245 -0.00794101 0.08775743
v -0.05377825 -0.00896699 0.08871353
v -0.05202659 -0.01458211 0.08878217
v -0.05011259 -0.01996979 0.08870372
v -0.05510836 -0.00610131 0.08591878
v -0.05562441 -0.00366018 0.08516860
v -0.04986304 -0.02119794 0.08835560
v -0.05022889 -0.02199143 0.08712983
v -0.06518468 -0.00058728 0.04917997
v -0.06511442 -0.00242698 0.04917997
v -0.06497632 -0.00420097 0.04930255
v -0.06493998 -0.00610131 0.04888088
v -0.05060926 -0.04070679 0.04917997
v -0.05004233 -0.04186924 0.04810619
v -0.04807504 -0.04356236 0.04961634
v -0.04648812 -0.04568004 0.04846412
v -0.04463227 -0.04748940 0.04840528
v -0.05552750 -0.03447002 0.04801794
v -0.04831974 -0.02551414 0.08703668
v -0.05436456 -0.03560214 0.04922410
v -0.05406898 -0.03685556 0.04734131
v -0.05342453 -0.03777541 0.04734131
v -0.05250387 -0.03900861 0.04734131
v -0.05179400 -0.03992846 0.04734131
v -0.05485396 -0.00794101 0.08591878
v -0.05455839 -0.00977565 0.08591878
v -0.05375160 -0.01253519 0.08683565
v -0.05400357 -0.00965941 0.08775253
v -0.05312652 -0.01326804 0.08757111
v -0.05235366 -0.01523409 0.08776724
v -0.05190545 -0.01801890 0.08679643
v -0.05041544 -0.02066220 0.08774763
v -0.06485034 -0.00759733 0.04857690
v -0.06028098 -0.02447805 0.04917997
v -0.05956384 -0.02629248 0.04908191
v -0.05930703 -0.02732351 0.04840528
v -0.05744634 -0.03093720 0.04832193
v -0.05107201 -0.02078855 0.08591878
v -0.06559171 -0.00058728 0.04734131
v -0.06553598 -0.00242698 0.04734131
v -0.06543422 -0.00426162 0.04734131
v -0.06526221 -0.00610131 0.04734131
v -0.05019254 -0.04206635 0.04688042
v -0.04948752 -0.04274360 0.04743448
v -0.04845299 -0.04397680 0.04734131
v -0.04828824 -0.04380496 0.04839057
v -0.04758079 -0.04489160 0.04734131
v -0.04666014 -0.04584682 0.04734131
v -0.04570799 -0.04676667 0.04734131
v -0.04478975 -0.04763092 0.04734131
v -0.04270859 -0.04924318 0.04816504
v -0.04251477 -0.04907640 0.04917997
v -0.04106352 -0.05101212 0.04668430
v -0.05608958 -0.03377761 0.04738054
v -0.05567529 -0.03470756 0.04679708
v -0.05506959 -0.03538987 0.04738054
v -0.05706838 -0.03209965 0.04734131
v -0.05424343 -0.03708805 0.04550756
v -0.05356989 -0.03800790 0.04550756
v -0.05188606 -0.04004470 0.04616948
v -0.06474616 -0.00882548 0.04823368
v -0.06368983 -0.01344999 0.04917997
v -0.06323434 -0.01535033 0.04924371
v -0.06305022 -0.01660375 0.04867005
v -0.06304052 -0.01833226 0.04681668
v -0.06153841 -0.02097050 0.04935158
v -0.06126463 -0.02223908 0.04885637
v -0.06498843 -0.00810274 0.04751292
v -0.06101024 -0.02346218 0.04803265
v -0.05939425 -0.02752062 0.04734131
v -0.05758201 -0.03118485 0.04734131
v -0.06114833 -0.02368456 0.04681179
v -0.05992726 -0.02630259 0.04734131
v -0.04106352 -0.05108793 0.04550756
v -0.04305020 -0.04953632 0.04366891
v -0.06579038 0.00053473 0.04550756
v -0.06578553 -0.00058728 0.04550756
v -0.06575888 -0.00242698 0.04550756
v -0.06566440 -0.00426162 0.04550756
v -0.06548511 -0.00610131 0.04550756
v -0.06479461 -0.01080163 0.04654211
v -0.06486245 -0.00977565 0.04695397
v -0.05028461 -0.04217754 0.04550756
v -0.04953113 -0.04309738 0.04550756
v -0.04861289 -0.04415369 0.04550756
v -0.04774554 -0.04507354 0.04550756
v -0.04682731 -0.04600350 0.04550756
v -0.04586546 -0.04692335 0.04550756
v -0.04494965 -0.04778255 0.04550756
v -0.04392724 -0.04869734 0.04550756
v -0.04287334 -0.04938975 0.04693926
v -0.04355172 -0.04868218 0.04746880
v -0.04159411 -0.04984967 0.04917997
v -0.04188485 -0.05042079 0.04550756
v -0.04300659 -0.04950094 0.04550756
v -0.05574555 -0.03483392 0.04550756
v -0.05515923 -0.03574871 0.04550756
v -0.05772011 -0.03143756 0.04550756
v -0.05719437 -0.03235741 0.04550756
v -0.05358201 -0.03800790 0.04366891
v -0.05272192 -0.03916529 0.04366891
v -0.05195875 -0.04013568 0.04493881
v -0.05253537 -0.03932197 0.04553698
v -0.06367287 -0.01528463 0.04734131
v -0.06321739 -0.01717992 0.04739525
v -0.06308898 -0.01850410 0.04550756
v -0.06163047 -0.02263836 0.04550756
v -0.06139303 -0.02276471 0.04739035
v -0.06347420 -0.01712433 0.04550756
v -0.05951781 -0.02776322 0.04550756
v -0.06119922 -0.02382607 0.04550756
v -0.04396843 -0.04871250 0.04366891
v -0.06581218 -0.00058728 0.04366891
v -0.06580007 -0.00242698 0.04366891
v -0.06571769 -0.00426162 0.04366891
v -0.06556021 -0.00610131 0.04366891
v -0.06525494 -0.00793596 0.04550756
v -0.06533005 -0.00793596 0.04366891
v -0.06480915 -0.01088755 0.04550756
v -0.05032337 -0.04221292 0.04366891
v -0.04953355 -0.04313276 0.04366891
v -0.04588243 -0.04693345 0.04366891
v -0.04496177 -0.04779265 0.04366891
v -0.05956627 -0.02782892 0.04366891
v -0.05196844 -0.04014579 0.04366891
v -0.05124161 -0.04106563 0.04366891
v -0.06172738 -0.02263836 0.04183025
v -0.06170557 -0.02263836 0.04366891
v -0.06481642 -0.01093304 0.04366891
v -0.06123555 -0.02393221 0.04366891
v -0.06501994 -0.00977565 0.04366891
v -0.06124283 -0.02394737 0.04183025
v -0.00322802 -0.06409785 0.05047995
v -0.00139077 -0.06413740 0.05057372
v -0.00139077 -0.06499820 0.04550061
v -0.00139077 -0.06500751 0.04366449
v -0.00322802 -0.06442821 0.04917564
v -0.00506527 -0.06403737 0.05030082
v -0.00506527 -0.06433515 0.04917564
v -0.00139077 -0.06448870 0.04917564
v -0.00069538 -0.06448638 0.04917564
v -0.00069538 -0.06413275 0.05056392
v -0.00069538 -0.06482372 0.04733812
v -0.00139077 -0.06482139 0.04733812
v -0.00322802 -0.06497262 0.04550061
v -0.00322802 -0.06499122 0.04366449
v -0.04096078 -0.05116723 0.04550061
v -0.03883510 -0.05275622 0.04550061
v -0.03925787 -0.05127425 0.05044496
v -0.00322802 -0.06477951 0.04733812
v -0.00506527 -0.06469344 0.04733812
v -0.00747938 -0.06394198 0.04998593
v -0.00625454 -0.06399316 0.05016927
v -0.00688276 -0.06417928 0.04929459
v -0.00506527 -0.06486094 0.04550061
v -0.00506527 -0.06489816 0.04366449
v -0.04093312 -0.05115094 0.04656841
v -0.03791450 -0.05341462 0.04550061
v -0.04047085 -0.05077638 0.04917564
v -0.03955420 -0.05150224 0.04917564
v -0.03810020 -0.05250961 0.04931279
v -0.03717565 -0.05292373 0.05001673
v -0.00690252 -0.06455152 0.04733812
v -0.01503778 -0.06210870 0.05185144
v -0.00873977 -0.06385358 0.04967945
v -0.00873977 -0.06410716 0.04876000
v -0.00690252 -0.06468412 0.04550061
v -0.00690252 -0.06473996 0.04366449
v -0.00527073 -0.06488421 0.04345877
v -0.04006389 -0.05165114 0.04724436
v -0.04073952 -0.05099275 0.04779295
v -0.04105956 -0.05075777 0.04766700
v -0.03867311 -0.05267479 0.04733812
v -0.03562683 -0.05495475 0.04366449
v -0.03653953 -0.05433358 0.04550061
v -0.03775646 -0.05329829 0.04733812
v -0.04105956 -0.05029479 0.04917564
v -0.03746408 -0.05311683 0.04879218
v -0.03645656 -0.05361702 0.04931279
v -0.03504997 -0.05457786 0.04917564
v -0.02787087 -0.05838399 0.04984739
v -0.00998041 -0.06401642 0.04842412
v -0.00873977 -0.06433283 0.04733812
v -0.01706468 -0.06214825 0.05013708
v -0.01608877 -0.06225527 0.05052614
v -0.01425152 -0.06302302 0.04917564
v -0.01241427 -0.06338362 0.04917564
v -0.01058492 -0.06372561 0.04909167
v -0.00873977 -0.06445148 0.04550061
v -0.00873977 -0.06450499 0.04366449
v -0.03224866 -0.05691831 0.04550061
v -0.03561893 -0.05494545 0.04550061
v -0.03550040 -0.05486169 0.04683151
v -0.03618788 -0.05430799 0.04740110
v -0.03531469 -0.05474537 0.04805605
v -0.03412937 -0.05514087 0.04917564
v -0.03250943 -0.05609240 0.04911686
v -0.03147030 -0.05649024 0.04968925
v -0.02889025 -0.05804898 0.04921203
v -0.02823832 -0.05856081 0.04862284
v -0.02719919 -0.05885395 0.04921203
v -0.02664604 -0.05865852 0.05061570
v -0.01120524 -0.06392802 0.04783494
v -0.01162010 -0.06398851 0.04661039
v -0.01828952 -0.06198773 0.04953391
v -0.01777588 -0.06225527 0.04902309
v -0.01608877 -0.06262286 0.04917564
v -0.01425152 -0.06345109 0.04733812
v -0.01608877 -0.06306489 0.04733812
v -0.01057702 -0.06418626 0.04550061
v -0.01177419 -0.06401177 0.04550061
v -0.01269479 -0.06387684 0.04550061
v -0.01057702 -0.06423279 0.04366449
v -0.02864133 -0.05875391 0.04550061
v -0.02941969 -0.05822579 0.04733812
v -0.03078281 -0.05750924 0.04733812
v -0.03205506 -0.05682525 0.04733812
v -0.03460745 -0.05529675 0.04740110
v -0.03297171 -0.05628550 0.04733812
v -0.03182195 -0.05668566 0.04846330
v -0.03082627 -0.05702998 0.04911686
v -0.02850304 -0.05868411 0.04733812
v -0.02710831 -0.05929365 0.04733812
v -0.02464284 -0.06041502 0.04694347
v -0.02527106 -0.05965659 0.04917564
v -0.02269496 -0.06036151 0.05027703
v -0.01230759 -0.06380472 0.04726815
v -0.01425152 -0.06363022 0.04550061
v -0.01960918 -0.06173646 0.04902309
v -0.01889008 -0.06214593 0.04830936
v -0.01608877 -0.06324636 0.04550061
v -0.01792602 -0.06258098 0.04733812
v -0.01192038 -0.06403271 0.04366449
v -0.01284098 -0.06389312 0.04366449
v -0.02476928 -0.06046155 0.04550061
v -0.02343381 -0.06096407 0.04550061
v -0.02159656 -0.06160618 0.04550061
v -0.02159656 -0.06143170 0.04733812
v -0.02358791 -0.06069420 0.04746827
v -0.02429910 -0.06027543 0.04816801
v -0.02398697 -0.06015678 0.04917564
v -0.02306636 -0.06050575 0.04917564
v -0.02159656 -0.06103852 0.04917564
v -0.01274616 -0.06391174 0.04345877
v -0.02005170 -0.06194120 0.04733812
v -0.01913505 -0.06222270 0.04733812
v -0.01792602 -0.06274848 0.04550061
v -0.01941162 -0.06230878 0.04550061
v -0.02036778 -0.06202960 0.04366449
v -0.02032827 -0.06202262 0.04550061
v -0.01944718 -0.06231111 0.04366449
f 2398 2805 2770
f 2398 2770 2737
f 4419 3363 4422
f 746 747 703
f 1489 1521 1490
f 1521 1491 1490
f 747 746 1475
f 704 702 745
f 745 751 704
f 704 751 752
f 61 755 60
f 2511 2512 2480
f 2531 2502 2534
f 3520 3515 3384
f 3534 3517 3535
f 2512 2511 2506
f 2410 2411 2398
f 2412 2413 2398
f 2398 2411 2412
f 2806 2770 2805
f 4405 3384 3383
f 3935 3914 4350
f 4388 3911 3912
f 3911 4390 3888
f 4390 4416 3888
f 4267 4275 4276
f 4267 4266 4275
f 703 747 748
f 1494 1521 1489
f 1494 1513 1521
f 1445 1475 1476
f 1502 1503 1466
f 3517 3534 3518
f 3521 3511 1385
f 1385 3522 3521
f 3521 3522 3511
f 3511 3522 3523
f 795 745 744
f 744 745 702
f 701 744 702
f 743 744 701
f 803 752 751
f 796 745 795
f 755 754 811
f 810 754 809
f 810 811 754
f 2238 2237 2265
f 2301 2292 2267
f 2292 2265 2267
f 2267 2265 2237
f 2238 2265 2262
f 2262 2265 2292
f 2362 2332 2361
f 2228 2251 2229
f 3294 3264 3293
f 1757 1801 1802
f 704 754 36
f 2426 2427 2402
f 2423 2424 2402
f 2423 2421 2451
f 2450 2479 2480
f 2501 2502 2471
f 2527 2540 2529
f 2529 2501 2500
f 2469 2498 2470
f 2498 2500 2470
f 2470 2501 2471
f 2500 2501 2470
f 2541 2540 2527
f 2512 2540 2513
f 2480 2512 2513
f 2513 2509 2480
f 647 685 2515
f 2444 2471 2445
f 2445 2413 2444
f 2445 2446 2413
f 2471 2502 2472
f 2472 2445 2471
f 2446 2445 2472
f 2534 2529 2539
f 2539 2540 2512
f 2539 2529 2540
f 758 757 708
f 758 706 757
f 757 706 705
f 696 701 668
f 619 620 576
f 619 668 620
f 3490 3472 3484
f 3519 3384 4405
f 3519 3520 3384
f 3535 3517 3533
f 3517 3516 3533
f 3969 3968 3575
f 3969 3977 3968
f 3575 3968 3955
f 3955 3968 3547
f 3547 3563 3564
f 3563 3559 3564
f 3046 3047 3582
f 3050 3047 3046
f 3051 3050 3060
f 3051 3047 3050
f 3571 3474 3490
f 3470 3474 3571
f 3578 3579 3580
f 3490 3484 3580
f 3573 3571 3580
f 3580 3571 3490
f 3563 3561 3577
f 3578 3563 3577
f 3577 3579 3578
f 4021 3993 4024
f 3987 4018 3990
f 4019 3990 4018
f 2422 2423 2402
f 2421 2423 2422
f 2508 2511 2480
f 4072 4070 4066
f 4071 4070 4072
f 4060 4071 4072
f 3464 3463 3470
f 4275 4266 4268
f 4271 4268 4261
f 3463 3464 3451
f 4213 3120 3102
f 4420 4419 4422
f 4276 4275 4294
f 3105 3102 3120
f 3406 2533 3408
f 3219 3153 4213
f 2990 1993 2989
f 2398 2737 2409
f 2409 2410 2398
f 2411 2410 2435
f 2413 2412 2443
f 2443 2471 2444
f 2444 2413 2443
f 2439 2412 2411
f 2771 2737 2770
f 2770 2806 2771
f 2373 2384 2377
f 2318 2283 2282
f 2282 2317 2318
f 2321 2283 2320
f 2559 2260 2288
f 1993 2990 2008
f 2281 2282 2256
f 2256 2282 2283
f 3515 3520 3531
f 4405 3383 4406
f 4406 3383 3395
f 4406 4369 4405
f 3395 3394 3398
f 3517 3518 3509
f 3509 3516 3517
f 3514 3516 3509
f 3363 3358 3362
f 3904 3354 3886
f 3363 3373 3374
f 1850 1866 1867
f 3921 3897 3920
f 3894 3914 3917
f 4422 3363 4424
f 4424 4416 4422
f 3363 4416 4424
f 4389 4388 3912
f 3912 3934 4389
f 4389 3935 4350
f 4389 3934 3935
f 4391 4390 3911
f 3911 4388 4391
f 4326 4327 4300
f 1956 1954 1953
f 4257 1949 4256
f 4266 4267 4257
f 4257 4268 4266
f 4256 4261 4257
f 4261 4268 4257
f 801 800 863
f 863 864 801
f 749 800 801
f 703 748 749
f 1514 1494 1476
f 1513 1494 1514
f 1476 1475 1514
f 1514 1475 1513
f 1629 1630 1582
f 1582 1581 1629
f 1802 1801 1832
f 1582 1630 1631
f 1856 1838 1835
f 3856 3866 3865
f 1777 1778 1730
f 1730 1772 1777
f 1725 1772 1730
f 3543 3522 3542
f 1347 1306 1346
f 1384 1369 3522
f 3541 3542 3522
f 1369 1370 3541
f 3541 1370 1347
f 1347 1346 3541
f 3541 1346 3550
f 3544 3522 3543
f 3562 3561 3563
f 3562 3544 3561
f 3511 3523 3945
f 605 2848 648
f 2499 2498 2469
f 740 699 743
f 740 701 696
f 743 701 740
f 696 700 740
f 740 700 699
f 699 700 667
f 667 696 664
f 667 700 696
f 795 744 794
f 794 744 743
f 867 803 858
f 751 745 797
f 797 803 751
f 745 796 797
f 858 803 797
f 871 873 872
f 872 873 809
f 872 808 871
f 809 808 872
f 755 811 812
f 812 813 755
f 809 873 874
f 874 810 809
f 874 873 875
f 875 810 874
f 809 754 753
f 753 808 809
f 753 754 704
f 704 752 753
f 753 752 805
f 805 806 753
f 871 808 807
f 807 753 806
f 808 753 807
f 875 873 932
f 62 60 100
f 60 99 100
f 2295 2332 2333
f 2328 2332 2295
f 1215 1281 1282
f 2263 2262 2291
f 2328 2295 2291
f 2361 2332 2360
f 3775 3759 3762
f 3762 3761 3775
f 2333 2332 2363
f 2363 2362 2333
f 2332 2362 2363
f 3762 2246 2250
f 2246 2251 2250
f 2250 2228 3762
f 2251 2228 2250
f 379 374 411
f 368 407 408
f 1219 1224 1155
f 1008 1009 937
f 1084 1009 1008
f 1074 1002 1004
f 1006 1082 1008
f 1008 937 1006
f 1006 937 936
f 3721 3716 3720
f 3720 3716 3719
f 28 29 16
f 16 15 28
f 3673 3657 3672
f 3657 3658 3672
f 3717 3716 3721
f 3699 3698 3713
f 3721 3698 3679
f 3702 3701 366
f 3681 3701 3702
f 2946 2947 2968
f 3743 3761 3762
f 3767 3748 3768
f 3767 3765 3784
f 3755 3775 3776
f 3759 3775 3755
f 3776 3775 3782
f 3782 3775 3761
f 3796 3794 3800
f 3313 3314 3317
f 3320 3290 3319
f 3293 3290 3320
f 3286 3317 3314
f 3286 3284 3313
f 3313 3317 3286
f 3293 3264 3292
f 3292 3290 3293
f 1754 1706 1705
f 35 754 755
f 35 36 754
f 755 61 35
f 62 36 35
f 35 60 62
f 35 61 60
f 113 67 111
f 111 169 113
f 168 169 111
f 65 112 111
f 2402 2424 2425
f 2425 2426 2402
f 2424 2423 2452
f 2452 2423 2451
f 2480 2510 2481
f 2481 2450 2480
f 2451 2450 2481
f 2481 2452 2451
f 2528 2500 2527
f 2527 2529 2528
f 2528 2529 2500
f 2530 2529 2534
f 2501 2529 2530
f 2534 2502 2530
f 2502 2501 2530
f 2540 2541 2521
f 2521 2513 2540
f 2515 2484 2521
f 2509 2513 2521
f 719 770 720
f 770 722 720
f 602 2524 565
f 647 2524 602
f 685 647 684
f 2509 2521 2514
f 2514 2521 2484
f 2515 685 2517
f 2502 2533 2503
f 2503 2472 2502
f 2548 2531 2534
f 2531 2548 2537
f 2537 2539 2512
f 2534 2539 2537
f 2537 2548 2534
f 669 701 702
f 669 668 701
f 620 668 669
f 668 619 666
f 3050 3046 3048
f 3072 3056 3071
f 3469 3484 3472
f 3469 3048 3046
f 3052 3048 3469
f 3458 3457 3469
f 3527 3518 3536
f 3536 3518 3534
f 3534 3552 3536
f 3985 3969 3575
f 3988 3969 3987
f 3977 3969 3988
f 3986 4018 3987
f 3987 3969 3986
f 3969 3985 3986
f 3984 4016 3986
f 3986 3985 3984
f 3050 3048 3058
f 3060 3050 3058
f 3575 3559 3558
f 3558 3985 3575
f 3547 3564 3565
f 3565 3559 3575
f 3565 3564 3559
f 3565 3955 3547
f 3575 3955 3565
f 3582 3047 3049
f 3047 3051 3049
f 3582 3580 3483
f 3483 3580 3484
f 3484 3469 3483
f 3579 3570 3569
f 3573 3580 3569
f 3569 3580 3579
f 3560 3577 3561
f 3560 3544 3543
f 3561 3544 3560
f 3481 4331 4301
f 4048 4021 4024
f 3993 4021 4022
f 4021 4048 4022
f 4022 4048 4025
f 4024 3993 4023
f 3993 4019 4023
f 3990 4019 3989
f 3409 1885 3408
f 2480 2479 2478
f 2478 2508 2480
f 4060 4072 4073
f 4073 4074 4062
f 1885 3409 3411
f 3408 3413 3411
f 3411 3409 3408
f 3088 3109 3110
f 3111 3088 3110
f 4044 4019 4018
f 3479 4301 4280
f 3479 3478 4301
f 3466 3478 3479
f 3465 3466 3456
f 4280 4271 3480
f 3480 3479 4280
f 3466 3479 3480
f 3466 3480 3467
f 3467 3480 4271
f 3447 3451 3077
f 3101 3102 3077
f 3460 3471 3475
f 3470 3463 3475
f 3475 3471 3470
f 3460 3475 3461
f 3101 3077 3453
f 4422 4416 4402
f 4402 4416 4390
f 4276 4294 4295
f 4295 4294 4321
f 1931 3106 1920
f 1931 1938 3106
f 1931 1930 1938
f 3106 1938 1937
f 1938 1930 1937
f 3082 3105 3106
f 3407 3406 3408
f 3153 3219 3227
f 1900 1909 3043
f 1920 3106 1921
f 1921 1908 1920
f 1909 1908 1921
f 3106 3105 1921
f 3026 1909 3003
f 1922 1921 3105
f 1909 1921 1922
f 2990 3003 1922
f 1922 3003 1909
f 2999 2991 3004
f 2442 2443 2412
f 2469 2470 2442
f 2442 2470 2471
f 2471 2443 2442
f 2629 2633 2615
f 2803 2802 2804
f 2804 2806 2805
f 2843 2802 2842
f 2806 2804 2843
f 2843 2804 2802
f 605 2775 2816
f 2816 2848 605
f 2830 2848 2816
f 2842 2857 2858
f 2381 2377 2382
f 2381 2357 2377
f 2382 2361 2381
f 2361 2360 2381
f 2358 2331 2315
f 2315 2357 2358
f 2357 2381 2358
f 2358 2381 2360
f 2384 2373 2374
f 2382 2377 2374
f 2377 2384 2374
f 2318 2317 2319
f 2320 2283 2319
f 2319 2283 2318
f 2319 2321 2320
f 2322 2321 2319
f 2316 2282 2315
f 2317 2282 2316
f 2377 2357 2352
f 2352 2357 2315
f 2301 2338 2339
f 2284 2321 2322
f 2288 2260 2284
f 2283 2321 2284
f 2266 2267 2237
f 2301 2267 2266
f 2647 2665 2666
f 2666 2665 2690
f 2666 2667 2647
f 2989 1993 2988
f 2991 2999 2988
f 1993 1994 2988
f 2988 1994 2991
f 2988 3000 2989
f 2988 2999 3000
f 2074 2073 2068
f 3168 3190 3191
f 3189 3190 3168
f 3208 3190 3188
f 3190 3189 3188
f 3168 3167 3188
f 3188 3189 3168
f 3520 3519 3537
f 3537 3531 3520
f 3537 3519 4405
f 3537 3481 3531
f 4356 4355 4397
f 3372 3373 3363
f 3363 4401 3372
f 3372 4401 3373
f 4398 4401 3363
f 3363 4419 4398
f 4419 4420 4398
f 3390 4401 4421
f 3396 3398 3387
f 4407 3397 4408
f 4408 4371 4407
f 4407 4406 3395
f 3370 3383 3384
f 3509 3504 3508
f 3514 3509 3508
f 3515 3516 3508
f 3508 3516 3514
f 3358 3354 3357
f 3356 3354 3904
f 3356 3357 3354
f 3356 3362 3358
f 3358 3357 3356
f 1577 3354 1535
f 3377 3366 3373
f 3377 4401 3390
f 3373 4401 3377
f 3378 3377 3390
f 3366 3377 3378
f 3358 3366 3367
f 3367 3366 3376
f 3364 3358 3363
f 3363 3374 3364
f 3365 3374 3373
f 3373 3366 3365
f 3365 3364 3374
f 3365 3366 3358
f 3358 3364 3365
f 1705 1752 1753
f 1753 1754 1705
f 1757 1754 1753
f 1801 1757 1800
f 1757 1753 1800
f 1800 1753 1752
f 1797 1798 1751
f 1751 1798 1752
f 1751 1752 1705
f 3864 3853 3852
f 3856 3853 3864
f 3864 3866 3856
f 3841 1838 1857
f 1857 3829 3841
f 1875 3829 1857
f 1857 1874 1875
f 3807 3803 3806
f 3907 3908 3888
f 3898 3897 3923
f 4394 4393 4417
f 4417 4393 3914
f 4350 3914 4392
f 3914 4393 4392
f 3914 3894 3913
f 3912 3911 3932
f 1949 4257 4258
f 4258 4257 4267
f 4286 4279 4300
f 4300 4311 4286
f 4330 4323 4359
f 4359 4326 4330
f 4300 4323 4330
f 4330 4326 4300
f 4327 4326 4361
f 4361 4326 4359
f 4211 4220 4221
f 4220 4227 4221
f 4233 4222 1943
f 1943 4227 4233
f 4226 4227 1943
f 1943 1953 4226
f 1949 1950 1943
f 1943 1952 1953
f 1457 1458 1435
f 1400 1410 3399
f 3399 3398 3401
f 3387 3398 3399
f 1385 3511 1386
f 1399 1410 1400
f 1455 1494 1489
f 1489 1490 1455
f 1455 1490 1491
f 1438 1423 1422
f 1438 1464 1441
f 1423 1438 1439
f 1439 1438 1441
f 1630 1629 1681
f 1580 262 212
f 1622 1573 1571
f 1495 1481 1480
f 1480 1499 1495
f 1771 1772 1725
f 1806 1807 1771
f 1777 1772 1771
f 1771 1807 1777
f 1831 1832 1801
f 1813 1831 1830
f 1832 1831 1813
f 1813 1785 1802
f 1802 1832 1813
f 1810 1813 1830
f 1785 1813 1810
f 1802 1785 1784
f 1784 1759 1802
f 1586 1547 1542
f 1835 1838 1836
f 1836 1807 1835
f 1835 1807 1834
f 1834 1807 1806
f 1809 1778 1777
f 1777 1807 1809
f 1808 3865 1775
f 1838 3865 1808
f 1808 1809 1838
f 1778 1809 1808
f 3875 3874 1775
f 1775 3865 3875
f 3875 3865 3874
f 3897 3896 3916
f 3916 3918 3897
f 3874 3865 3876
f 3876 3865 3866
f 1624 1575 1573
f 1535 1575 1576
f 1576 1577 1535
f 1535 1503 1534
f 1503 1533 1534
f 1573 1575 1574
f 1574 1533 1573
f 1574 1575 1535
f 1535 1534 1574
f 1574 1534 1533
f 1571 1573 1572
f 1573 1533 1572
f 1779 1730 1778
f 1779 1808 1775
f 1778 1808 1779
f 1775 1774 1779
f 1779 1774 1730
f 1573 1622 1625
f 3550 1346 3529
f 3968 3977 3963
f 1388 3522 1385
f 1385 1384 1388
f 1388 1384 3522
f 3522 1369 3540
f 3540 3541 3522
f 1369 3541 3540
f 3542 3541 3528
f 3528 3541 3550
f 3550 3529 3528
f 3546 3563 3547
f 3546 3562 3563
f 3522 3544 3545
f 3544 3562 3545
f 3545 3523 3522
f 3545 3546 3523
f 3562 3546 3545
f 3524 3945 3523
f 3524 3546 3547
f 3523 3546 3524
f 3952 3524 3547
f 3945 3524 3952
f 3949 3945 3952
f 3952 3957 3949
f 3952 3963 3964
f 3964 3957 3952
f 4060 4073 4061
f 4061 4073 4062
f 708 757 759
f 708 759 760
f 762 820 821
f 649 607 605
f 605 648 649
f 478 477 491
f 2525 2524 2527
f 2498 2524 2525
f 2527 2500 2525
f 2525 2500 2498
f 2515 2541 2542
f 2526 2499 565
f 2441 2442 2412
f 962 1041 1042
f 2238 2262 2236
f 2236 2262 2263
f 803 867 804
f 805 752 804
f 752 803 804
f 969 910 965
f 965 910 909
f 931 873 871
f 931 932 873
f 876 812 811
f 876 810 875
f 811 810 876
f 875 813 876
f 813 812 876
f 869 807 806
f 999 931 995
f 932 931 999
f 1004 1002 933
f 933 1003 1004
f 875 932 933
f 1072 1151 1152
f 936 937 878
f 877 935 936
f 877 878 813
f 936 878 877
f 877 813 875
f 875 935 877
f 936 935 934
f 934 933 1002
f 934 935 875
f 875 933 934
f 2334 2295 2333
f 2263 2291 2264
f 2264 2291 2295
f 2264 2236 2263
f 2264 1335 1334
f 2262 2294 2290
f 2328 2291 2290
f 2290 2291 2262
f 2293 2262 2292
f 2293 2294 2262
f 3762 3759 3780
f 379 411 415
f 415 411 441
f 322 374 320
f 62 107 101
f 376 374 322
f 438 439 403
f 416 439 438
f 379 415 416
f 2107 2130 2108
f 454 3602 3616
f 444 3602 454
f 1155 1156 1077
f 1224 1219 1287
f 938 878 937
f 56 878 938
f 1008 1082 1086
f 1082 1158 1086
f 1007 938 937
f 56 938 1007
f 1079 1080 1004
f 1079 1158 1080
f 1081 1082 1004
f 1004 1080 1081
f 1081 1158 1082
f 1080 1158 1081
f 1005 1006 936
f 1005 934 1002
f 936 934 1005
f 1082 1006 1083
f 1004 1082 1083
f 1083 1074 1004
f 3731 3732 3721
f 3731 3749 3732
f 3748 3749 3731
f 3721 3732 3733
f 3732 3749 3733
f 3751 3748 3770
f 3751 3749 3748
f 3737 3749 3751
f 3751 3752 3737
f 3770 3752 3751
f 3736 3749 3737
f 3713 3709 3708
f 13 24 15
f 15 24 25
f 27 28 15
f 3728 3729 3719
f 366 3701 402
f 3648 3649 3630
f 3621 3628 3629
f 3629 3630 3621
f 3696 3710 3694
f 3716 3717 3662
f 3662 3717 3721
f 3721 3679 3662
f 3714 3699 3713
f 3713 3708 3714
f 3714 3708 3706
f 3698 3699 3680
f 3680 3679 3698
f 3681 3662 3680
f 3680 3662 3679
f 2921 2947 2917
f 2947 2946 2917
f 2917 4467 4450
f 2969 2946 2968
f 2969 2967 2946
f 4509 4483 4508
f 4509 4484 4483
f 3762 2228 2249
f 2249 3743 3762
f 3785 3767 3784
f 3776 3782 3790
f 3790 3782 3792
f 3792 3800 3790
f 3790 3800 3794
f 3746 129 74
f 3770 3748 3769
f 3748 3767 3769
f 3742 3755 3738
f 3724 2213 3738
f 3285 3286 3257
f 3284 3286 3285
f 3350 3800 3792
f 3792 3338 3350
f 3319 3338 3339
f 3772 3752 3770
f 3770 3769 3772
f 3264 3265 3241
f 3241 3265 3242
f 3294 3324 3159
f 3160 3265 3159
f 3264 3294 3159
f 3159 3265 3264
f 3333 3334 3313
f 3309 3310 3279
f 3279 3308 3309
f 3691 3694 3710
f 39 1508 1542
f 39 38 67
f 37 63 65
f 36 63 37
f 64 36 62
f 64 63 36
f 113 169 172
f 231 232 172
f 172 228 231
f 169 228 172
f 167 169 168
f 168 111 167
f 167 111 112
f 231 286 287
f 65 63 109
f 109 112 65
f 67 38 66
f 66 111 67
f 65 111 66
f 66 37 65
f 38 37 66
f 191 246 247
f 2453 2425 2424
f 2424 2452 2453
f 2483 2514 2484
f 2509 2514 2483
f 2480 2509 2483
f 2483 2510 2480
f 2544 2541 2515
f 2515 2521 2544
f 2544 2521 2541
f 724 725 685
f 685 725 2519
f 771 724 770
f 725 724 771
f 683 684 647
f 683 718 719
f 719 720 683
f 601 565 600
f 600 602 601
f 601 602 565
f 2516 2484 2515
f 2515 2517 2516
f 2516 2517 2484
f 2533 3406 2535
f 2535 2503 2533
f 2531 2537 2549
f 609 610 570
f 609 608 607
f 650 651 607
f 607 649 650
f 650 649 648
f 686 651 650
f 728 731 776
f 689 651 688
f 731 728 688
f 688 651 686
f 661 615 614
f 661 667 662
f 662 615 661
f 617 667 664
f 478 491 492
f 570 539 569
f 515 513 542
f 671 704 703
f 671 702 704
f 531 532 507
f 531 507 505
f 588 636 589
f 556 589 576
f 546 556 576
f 576 620 577
f 577 546 576
f 548 579 580
f 624 580 623
f 580 579 623
f 696 668 665
f 668 666 665
f 664 696 665
f 665 617 664
f 666 617 665
f 3054 3065 3056
f 3054 3064 3065
f 3468 3048 3052
f 3457 3048 3468
f 3052 3469 3468
f 3468 3469 3457
f 3074 3056 3073
f 3056 3072 3073
f 3092 3072 3071
f 4065 3072 3092
f 3459 3469 3472
f 3459 3474 3470
f 3470 3471 3459
f 3459 3471 3460
f 3458 3469 3459
f 3977 3988 3972
f 3972 3963 3977
f 3964 3963 3972
f 3972 3988 3987
f 3972 3957 3964
f 3987 3990 3972
f 3990 3989 3972
f 4015 4016 3984
f 3984 3076 4015
f 3074 3058 3057
f 3057 3058 3048
f 3057 3056 3074
f 3057 3048 3056
f 3074 3076 3061
f 3061 3058 3074
f 3061 3076 3984
f 3060 3058 3061
f 3557 3051 3060
f 3060 3061 3557
f 3557 3061 3556
f 3538 3558 3559
f 3559 3556 3538
f 3984 3985 3538
f 3985 3558 3538
f 3576 3563 3578
f 3576 3559 3563
f 3578 3580 3581
f 3581 3580 3582
f 3582 3049 3581
f 3572 3571 3573
f 3572 3554 3571
f 3535 3533 3551
f 3551 3554 3535
f 3582 3483 3045
f 3045 3483 3469
f 3045 3046 3582
f 3045 3469 3046
f 3553 3569 3570
f 3553 3534 3535
f 3553 3552 3534
f 3566 3552 3553
f 3553 3570 3566
f 3543 3542 3549
f 3549 3560 3543
f 3542 3528 3549
f 3549 3528 3527
f 3499 3493 3494
f 3494 3492 3499
f 3481 3492 3494
f 3531 3481 3494
f 4027 4056 4030
f 3992 4019 3993
f 3992 3989 4019
f 4066 4054 4052
f 4052 4048 4066
f 4025 4048 4052
f 4051 4048 4024
f 4066 4048 4051
f 4074 4073 4082
f 4082 4073 4072
f 3140 4074 4082
f 4082 3136 3140
f 3114 3090 3113
f 4079 4072 4066
f 2508 2478 2477
f 2507 2506 2511
f 2507 2475 2506
f 2511 2508 2507
f 2508 2477 2507
f 2507 2477 2475
f 3419 3417 3420
f 3146 4074 3140
f 3134 3132 3138
f 4062 4074 4075
f 3118 1903 3100
f 3424 2416 2415
f 3071 3088 3089
f 3089 3088 3113
f 3089 3090 3071
f 3113 3090 3089
f 4045 4023 4019
f 4019 4044 4045
f 4024 4023 4045
f 4045 4049 4024
f 4045 4044 4065
f 4065 4049 4045
f 3093 3072 4065
f 4017 4044 4018
f 4018 3986 4017
f 4017 3986 4016
f 4016 4015 4017
f 4017 4015 4044
f 4301 3478 3482
f 3482 3481 4301
f 3482 3492 3481
f 3452 3465 3456
f 3464 3465 3452
f 3452 3451 3464
f 3456 3077 3452
f 3452 3077 3451
f 3477 3464 3470
f 3470 3489 3477
f 3489 3493 3477
f 3102 3105 3103
f 3103 3077 3102
f 3105 3082 3103
f 3460 3461 3449
f 3458 3459 3449
f 3449 3459 3460
f 3449 3457 3458
f 3448 4253 3101
f 3101 3453 3448
f 3448 3453 4253
f 3455 3077 3456
f 3455 3453 3077
f 3456 3466 3455
f 3466 3453 3455
f 3466 3467 4260
f 4260 4261 4256
f 4260 4271 4261
f 4260 3467 4271
f 3101 4252 1941
f 4213 3102 1941
f 1941 4222 4213
f 4256 1949 1948
f 4327 4361 4328
f 4328 4361 4364
f 4300 4327 4328
f 4321 4323 4322
f 4322 4295 4321
f 4323 4295 4322
f 4276 4295 4296
f 1928 1923 1915
f 1914 1903 3118
f 3118 1913 1914
f 1915 1903 1914
f 1914 1928 1915
f 1927 1913 3118
f 1919 1931 1920
f 1920 1908 1907
f 1907 1919 1920
f 3107 3122 3109
f 3106 3122 3107
f 3107 3082 3106
f 2503 2535 2986
f 3016 3038 3017
f 2767 2735 2766
f 2769 2804 2805
f 2803 2804 2769
f 3240 3147 3153
f 3153 3227 3240
f 3240 3241 3147
f 3158 3167 3168
f 3153 3147 3152
f 3147 3241 3152
f 3152 3241 3242
f 3174 3197 3175
f 3161 3170 3174
f 3174 3175 3161
f 3161 3175 3162
f 3242 3265 3161
f 2036 3105 3120
f 2036 1922 3105
f 4213 3153 2061
f 1885 1890 1886
f 1885 3419 1888
f 1902 1908 1909
f 1902 1909 1900
f 3028 1909 3026
f 3028 3043 1909
f 3026 3025 3028
f 3025 3043 3028
f 3002 3025 3026
f 3026 3003 3002
f 3024 3023 3002
f 3002 3003 2990
f 3001 3023 3024
f 3000 3023 3001
f 3024 3002 3001
f 3001 3002 2990
f 3001 2990 2989
f 2989 3000 3001
f 3000 2999 3022
f 3022 3023 3000
f 3037 3023 3022
f 3022 2999 3004
f 3403 3005 3405
f 3408 1885 3403
f 3403 3407 3408
f 3406 3407 3403
f 2411 2435 2436
f 2436 2437 2411
f 2438 2439 2411
f 2411 2437 2438
f 2434 2435 2408
f 2408 2409 2737
f 2410 2409 2408
f 2408 2435 2410
f 2787 2835 2789
f 2836 2789 2835
f 2824 2789 2836
f 2616 2635 2636
f 2615 2633 2616
f 2653 2640 2638
f 2618 2619 2604
f 2022 2023 2002
f 2798 2797 2766
f 2798 2799 2764
f 2764 2797 2798
f 2842 2802 2841
f 2841 2857 2842
f 2766 2797 2800
f 2797 2841 2800
f 2796 2797 2764
f 536 511 510
f 537 511 536
f 2367 2361 2382
f 2382 2374 2367
f 2356 2319 2317
f 2317 2316 2356
f 2315 2331 2356
f 2356 2316 2315
f 2379 2373 2377
f 2315 2282 2314
f 2314 2352 2315
f 2314 2282 2281
f 2323 2284 2322
f 2323 2339 2338
f 2322 2319 2323
f 2325 2323 2338
f 2570 2559 2568
f 2559 2558 2568
f 2552 2558 2559
f 2784 2788 2755
f 2828 2788 2784
f 2991 1994 1982
f 3029 3030 1982
f 3004 2991 1982
f 1982 3030 3004
f 3031 3030 3029
f 3004 3030 3031
f 2741 2704 2742
f 2705 2704 2741
f 2741 2742 2705
f 1974 1984 1985
f 2013 2045 2046
f 2044 2013 2043
f 2044 2045 2013
f 2043 2063 2044
f 2076 2068 2709
f 2709 2068 2079
f 2067 2045 2055
f 2055 2068 2067
f 2067 2068 2045
f 3168 3191 3192
f 3200 3191 3190
f 3196 3195 3197
f 3168 2280 3430
f 3430 3158 3168
f 3168 3439 3436
f 3436 2280 3168
f 2281 2256 2279
f 2256 2255 2279
f 2279 2255 2280
f 4405 4369 4368
f 4368 3537 4405
f 3481 3537 4368
f 4280 4301 4302
f 4302 4303 4280
f 4280 4303 4304
f 4304 4298 4280
f 4304 4325 4298
f 4318 4353 4354
f 4331 4369 4370
f 4369 4406 4370
f 4406 4407 4370
f 4370 4407 4371
f 4372 4371 4408
f 4354 4353 4373
f 4399 4398 4420
f 4364 4361 4400
f 4400 4361 4359
f 4401 4398 4357
f 4357 4373 4401
f 4357 4400 4359
f 4364 4400 4357
f 4359 4358 4357
f 4357 4399 4364
f 4398 4399 4357
f 4356 4397 4357
f 3402 3396 3397
f 3402 4407 3395
f 3397 4407 3402
f 3395 3398 3402
f 3398 3396 3402
f 3387 3376 3386
f 3386 3396 3387
f 3397 3396 3386
f 3382 3394 3395
f 3395 3383 3382
f 3383 3370 3382
f 3385 3370 3384
f 3384 3515 3385
f 3515 3508 3385
f 3505 3508 3504
f 3370 3385 3505
f 3505 3385 3508
f 1536 1503 1535
f 1535 1537 1536
f 1536 1537 1503
f 1504 1466 1503
f 1503 1537 1504
f 3885 3886 3354
f 3354 1577 3885
f 3885 1576 3886
f 1577 1576 3885
f 3376 3366 3379
f 3366 3378 3379
f 3379 3386 3376
f 3378 3386 3379
f 1442 1441 1466
f 1425 1441 1442
f 1801 1800 1799
f 1752 1798 1799
f 1799 1800 1752
f 1799 1831 1801
f 1830 1831 1799
f 2965 1751 1705
f 1825 1798 1797
f 4439 4440 4449
f 4449 4463 4345
f 4450 4465 4449
f 4449 4440 4450
f 4308 1964 4307
f 4367 3810 4366
f 4439 4449 4366
f 3846 3853 3856
f 3840 3848 3852
f 3839 3848 3840
f 3852 3853 3840
f 3853 3846 3840
f 3859 3864 3852
f 3868 3864 3859
f 3852 3848 3859
f 1855 1856 1835
f 1855 1874 1857
f 1857 1838 1855
f 1838 1856 1855
f 1842 1810 1841
f 3854 3865 1838
f 3856 3865 3854
f 3854 3841 3856
f 3817 3829 2894
f 3829 2879 2894
f 3808 3807 3817
f 2939 2947 2921
f 2893 2894 2879
f 3911 3888 3910
f 3888 3908 3909
f 3908 3930 3909
f 3909 3910 3888
f 3930 3910 3909
f 3929 3930 3908
f 3920 3930 3929
f 3375 3887 3888
f 3375 4416 3363
f 3375 3888 4416
f 3898 3924 3925
f 1674 1726 1679
f 1726 3924 1679
f 3927 3924 3921
f 3927 3921 3920
f 3920 3929 3927
f 3921 3924 3922
f 3897 3921 3922
f 3922 3923 3897
f 3922 3924 3898
f 3898 3923 3922
f 4350 4392 4351
f 4351 4392 4393
f 4351 4393 4394
f 4394 4395 4351
f 3882 3894 3881
f 3914 3913 3915
f 3935 3934 3933
f 3933 3932 3935
f 3933 3934 3912
f 3912 3932 3933
f 3917 3914 3937
f 3937 3916 3917
f 3897 3918 3919
f 3920 3897 3919
f 3919 3932 3920
f 4274 4291 4292
f 4291 4315 4292
f 4269 4267 4276
f 4269 4258 4267
f 4310 4312 4288
f 4274 4264 4273
f 4279 4286 4273
f 4283 4282 4307
f 1951 1943 1950
f 1952 1943 1951
f 4272 4264 4274
f 1953 1954 1944
f 4226 1953 1944
f 4216 4227 4226
f 4226 1944 4216
f 4216 1944 4210
f 4216 4221 4227
f 4211 4221 4216
f 4216 4210 4211
f 983 1061 985
f 1052 1061 983
f 1051 1061 1052
f 1424 3399 1410
f 1423 1439 1424
f 1424 1439 1425
f 1385 1386 1373
f 1373 1372 1385
f 3511 3945 3942
f 1434 1435 1422
f 1457 1435 1434
f 1392 1399 1400
f 3401 3400 1392
f 1392 3399 3401
f 1400 3399 1392
f 1422 1423 1409
f 1423 1424 1409
f 1410 1399 1409
f 1409 1424 1410
f 1493 1499 1480
f 1480 1455 1493
f 3512 3509 3518
f 1437 1438 1422
f 1464 1438 1437
f 1440 1441 1425
f 1425 1439 1440
f 1440 1439 1441
f 301 307 247
f 212 152 211
f 1707 1706 1756
f 1706 1754 1755
f 1755 1754 1757
f 1611 1557 212
f 1656 1654 1603
f 1554 1519 1518
f 1557 1605 1606
f 1606 1654 1656
f 1542 1508 1541
f 1541 1586 1542
f 212 1557 1610
f 1557 1609 1610
f 1610 1580 212
f 1607 1606 1656
f 1557 1606 1607
f 1630 1681 1684
f 1684 1682 1630
f 1731 1682 1684
f 69 67 115
f 262 1580 1579
f 1581 1580 1627
f 1627 1610 1609
f 1580 1610 1627
f 1724 1722 1725
f 1460 1495 1499
f 1560 1525 1562
f 1562 1613 1560
f 1499 1493 1523
f 1523 1493 1522
f 1721 1722 1666
f 1666 1720 1721
f 1565 1527 1560
f 1560 1613 1565
f 1590 1589 1637
f 1638 1590 1637
f 1637 1695 1638
f 1638 1695 1696
f 1824 1841 1848
f 1770 1771 1725
f 1815 1847 1835
f 1689 1645 1633
f 1837 1836 1838
f 1838 1809 1837
f 1807 1836 1837
f 1837 1809 1807
f 3884 1776 1775
f 1775 3874 3884
f 3884 3897 3898
f 3884 3896 3897
f 3893 3916 3896
f 3881 3894 3893
f 3893 3894 3917
f 3917 3916 3893
f 1726 1729 1728
f 1775 1776 1728
f 1728 1774 1775
f 1730 1774 1728
f 1678 1726 1674
f 1674 1625 1678
f 1725 1730 1727
f 1674 1624 1623
f 1623 1625 1674
f 1623 1624 1573
f 1573 1625 1623
f 1673 1724 1725
f 1305 1346 1306
f 1305 1304 1346
f 3968 3963 3962
f 3963 3952 3962
f 1348 1306 1347
f 1347 1370 1348
f 1348 1370 1369
f 1369 1371 1348
f 4004 4034 4035
f 4035 4034 4061
f 4035 4061 4062
f 1254 1311 1255
f 1130 1129 1196
f 1196 1129 1199
f 1036 1110 1107
f 562 532 531
f 531 560 562
f 750 705 703
f 703 749 750
f 750 749 801
f 822 762 821
f 760 762 711
f 711 762 763
f 831 771 770
f 490 491 477
f 510 511 490
f 2527 2524 2547
f 2547 2541 2527
f 2547 2542 2541
f 2523 2524 2498
f 2498 2499 2523
f 2499 2526 2523
f 2469 2442 2467
f 2442 2441 2467
f 856 796 795
f 795 794 856
f 796 856 855
f 855 856 789
f 1042 1041 1116
f 1191 1117 1116
f 1116 1041 1040
f 1040 1039 1116
f 1042 966 963
f 963 962 1042
f 1191 1116 1190
f 2224 2237 2223
f 2223 2237 2238
f 2238 2236 2223
f 1271 1275 1331
f 1271 1330 1275
f 1214 1277 1215
f 1332 1277 1275
f 1332 1330 1334
f 1275 1330 1332
f 1334 1333 1332
f 1333 1277 1332
f 1331 1275 1273
f 1215 1216 1147
f 1147 1214 1215
f 1147 1070 1146
f 1210 1273 1212
f 1212 1211 1210
f 868 806 805
f 805 804 868
f 868 869 806
f 868 804 867
f 657 692 693
f 903 963 964
f 964 963 966
f 1071 1151 1072
f 1071 1070 1151
f 1150 1219 1151
f 1151 1070 1150
f 1067 1068 993
f 1139 1206 1207
f 969 965 968
f 968 1046 969
f 970 910 969
f 969 1046 1047
f 1047 970 969
f 971 970 1047
f 995 931 930
f 993 1068 1069
f 1069 1068 1070
f 925 868 867
f 869 868 925
f 871 807 870
f 807 869 870
f 870 931 871
f 870 930 931
f 1001 933 932
f 1003 933 1001
f 1003 1001 1000
f 1000 1001 932
f 1000 999 1072
f 932 999 1000
f 1073 1152 1153
f 1003 1000 1073
f 1072 1152 1073
f 1073 1000 1072
f 326 373 370
f 106 107 62
f 62 105 106
f 62 100 103
f 103 100 99
f 2295 2334 2335
f 2333 1281 2335
f 2335 2334 2333
f 1280 1281 1215
f 2364 2365 2333
f 2333 2362 2364
f 1283 1281 2333
f 2333 2365 1283
f 1283 1282 1281
f 1215 1282 1283
f 2296 2264 2295
f 2327 2358 2360
f 2327 2360 2332
f 2327 2332 2328
f 2328 2290 2327
f 2331 2293 2330
f 2330 2356 2331
f 2319 2356 2330
f 2301 2339 2330
f 2330 2292 2301
f 2330 2293 2292
f 2330 2323 2319
f 2339 2323 2330
f 3762 3780 3783
f 3783 3780 2247
f 3783 2246 3762
f 3783 2247 2246
f 2248 3780 3759
f 3759 3755 2248
f 441 439 442
f 442 415 441
f 439 416 442
f 442 416 415
f 375 320 374
f 375 374 379
f 379 378 375
f 333 273 274
f 154 101 107
f 440 439 441
f 441 405 440
f 407 368 406
f 406 405 407
f 406 368 366
f 366 405 406
f 414 405 441
f 407 405 414
f 408 407 412
f 322 321 328
f 328 376 322
f 255 198 254
f 254 253 255
f 198 253 254
f 366 403 404
f 404 403 439
f 439 440 404
f 404 405 366
f 404 440 405
f 379 416 417
f 427 448 449
f 2133 427 2108
f 2152 436 450
f 427 2133 450
f 450 2133 2108
f 2089 2107 2108
f 2119 2096 2118
f 2130 2107 2129
f 2140 2149 2129
f 379 417 418
f 418 417 444
f 444 417 443
f 443 416 438
f 443 417 416
f 1076 1077 1004
f 1153 1077 1076
f 1076 1073 1153
f 1004 1003 1076
f 1003 1073 1076
f 1155 1077 1154
f 1225 1289 1226
f 1225 1156 1155
f 1286 1287 1219
f 1285 1216 1215
f 1285 1286 1219
f 1287 1286 1285
f 1162 1086 1161
f 1161 2225 1162
f 1087 1084 1008
f 1008 1086 1087
f 1086 1162 1087
f 1010 937 1009
f 1010 1007 937
f 1009 1084 1010
f 1084 1007 1010
f 33 18 32
f 32 17 31
f 18 17 32
f 1078 1079 1004
f 1156 1079 1078
f 1004 1077 1078
f 1078 1077 1156
f 1006 1005 1075
f 1075 1083 1006
f 1074 1083 1075
f 1002 1074 1075
f 1075 1005 1002
f 250 253 198
f 367 310 366
f 251 196 249
f 251 3662 3681
f 3729 3748 3730
f 3748 3731 3730
f 3730 3731 3721
f 3721 3720 3730
f 3719 3729 3730
f 3730 3720 3719
f 3709 3749 3690
f 3690 3708 3709
f 3749 3736 3690
f 3690 3689 3707
f 3707 3706 3690
f 3706 3708 3690
f 3734 3749 3709
f 3721 3733 3734
f 3734 3733 3749
f 3734 3709 3713
f 3713 3698 3734
f 3734 3698 3721
f 3740 3758 3757
f 3724 3 3725
f 3725 2213 3724
f 74 134 130
f 130 76 74
f 134 76 130
f 74 76 75
f 43 75 76
f 74 75 43
f 42 3746 43
f 43 3746 74
f 14 13 15
f 46 25 45
f 47 25 46
f 26 25 47
f 47 27 26
f 15 25 26
f 26 27 15
f 74 129 131
f 131 132 74
f 133 134 74
f 74 132 133
f 194 132 3728
f 3719 3716 194
f 194 3728 3719
f 196 132 195
f 249 196 195
f 132 194 195
f 199 132 198
f 199 133 132
f 198 132 197
f 197 132 196
f 197 250 198
f 196 250 197
f 135 76 134
f 134 136 135
f 3695 3677 3696
f 3695 3694 3673
f 3696 3694 3695
f 3686 403 366
f 366 402 3686
f 3683 3677 3684
f 3683 3686 402
f 3683 402 3701
f 3644 3630 3649
f 3644 3658 3657
f 3644 3649 3658
f 3648 3630 3643
f 3630 3629 3643
f 3643 3629 3628
f 3628 3642 3643
f 3716 3662 308
f 3696 3699 3711
f 3699 3714 3711
f 3711 3710 3696
f 3706 3710 3711
f 3711 3714 3706
f 3681 3680 3700
f 3700 3680 3699
f 3699 3712 3700
f 3700 3701 3681
f 3700 3712 3701
f 3697 3712 3699
f 3697 3699 3696
f 3696 3677 3697
f 3677 3683 3697
f 3701 3712 3697
f 3697 3683 3701
f 2975 2977 2984
f 4466 2967 4483
f 4483 4484 4466
f 2946 2967 4466
f 4466 2917 2946
f 4467 2917 4466
f 4466 4484 4467
f 4485 4509 4511
f 4484 4509 4485
f 4467 4484 4485
f 3795 3785 3794
f 3789 3790 3794
f 3763 3746 42
f 129 3746 3745
f 3745 3746 3728
f 3745 131 129
f 3747 3767 3768
f 3768 3748 3747
f 3747 3748 3729
f 3729 3728 3747
f 3728 3746 3747
f 3283 3310 3284
f 3284 3254 3283
f 3279 3310 3283
f 3255 3254 3284
f 3284 3285 3255
f 3257 3256 3255
f 3255 3285 3257
f 3230 3249 3250
f 3279 3280 3250
f 3280 3251 3250
f 3250 3251 3230
f 3279 3250 3276
f 3276 3250 3249
f 3278 3276 3249
f 3245 3267 3271
f 3230 3251 3231
f 3340 3339 3338
f 3319 3339 3340
f 3289 3290 3257
f 3257 3288 3289
f 3289 3288 3290
f 3257 3286 3287
f 3287 3288 3257
f 3257 3290 3258
f 3290 3260 3258
f 3238 3258 3260
f 3263 3292 3264
f 3264 3241 3263
f 2349 3193 3169
f 3198 3193 3199
f 3342 3760 3343
f 3343 3760 3761
f 3324 3342 3343
f 2275 2276 2252
f 2229 2251 2252
f 2251 2275 2252
f 3437 2254 2278
f 3160 3434 3437
f 3335 3314 3313
f 3313 3334 3335
f 3334 3333 3335
f 3737 3752 3753
f 3735 3333 3723
f 3737 3735 3723
f 3723 3736 3737
f 3750 3333 3735
f 3771 3333 3750
f 3750 3735 3737
f 3284 3310 3311
f 3310 3309 3311
f 3311 3309 3308
f 3271 3267 3295
f 2884 2908 2885
f 2885 2869 2884
f 2984 2979 2982
f 2982 2975 2984
f 2967 2975 2982
f 4483 2967 2982
f 2984 2977 2980
f 2980 2979 2984
f 2908 2884 2902
f 1599 1647 1648
f 1706 1707 1648
f 1705 1706 1648
f 2930 2933 2910
f 2910 2909 2930
f 38 39 19
f 703 704 19
f 704 36 19
f 36 37 19
f 19 37 38
f 68 67 69
f 69 39 68
f 68 39 67
f 226 167 171
f 171 167 112
f 224 273 229
f 165 109 163
f 223 224 165
f 223 273 224
f 165 163 223
f 173 232 233
f 233 174 173
f 113 172 173
f 173 172 232
f 234 236 233
f 234 290 235
f 227 167 226
f 169 167 227
f 227 228 169
f 285 286 231
f 165 112 164
f 164 109 165
f 112 109 164
f 63 64 108
f 108 109 63
f 108 163 109
f 1518 1519 1479
f 41 1479 73
f 126 191 192
f 358 303 306
f 248 303 2166
f 248 191 247
f 247 306 248
f 248 306 303
f 359 303 358
f 2885 2871 2870
f 2870 2869 2885
f 2081 2087 2088
f 2426 2425 2454
f 2425 2453 2454
f 2427 2426 2454
f 2510 2483 2482
f 2482 2481 2510
f 2452 2481 2482
f 723 724 685
f 770 724 723
f 685 684 723
f 723 722 770
f 723 684 722
f 2518 2517 685
f 685 2519 2518
f 2484 2517 2518
f 2518 2519 2484
f 2520 2519 725
f 2520 2485 2484
f 2484 2519 2520
f 722 684 721
f 684 683 721
f 721 720 722
f 721 683 720
f 647 602 646
f 646 683 647
f 719 718 717
f 687 648 686
f 686 650 687
f 687 650 648
f 727 688 686
f 898 2679 959
f 618 619 576
f 576 617 618
f 618 666 619
f 618 617 666
f 588 615 635
f 460 461 462
f 462 472 469
f 493 513 515
f 493 479 478
f 478 492 493
f 493 492 513
f 495 517 496
f 607 608 568
f 570 569 568
f 568 609 570
f 608 609 568
f 571 539 570
f 571 572 539
f 570 612 571
f 612 572 571
f 574 588 575
f 574 615 588
f 574 614 615
f 513 511 541
f 513 492 512
f 512 511 513
f 512 492 491
f 491 490 512
f 512 490 511
f 670 671 624
f 624 623 670
f 670 623 669
f 670 669 702
f 702 671 670
f 703 705 673
f 673 705 706
f 534 533 565
f 565 2499 534
f 532 533 508
f 488 507 508
f 508 507 532
f 533 534 508
f 473 474 465
f 509 508 534
f 509 2497 2496
f 509 534 2497
f 475 474 488
f 506 507 488
f 488 505 506
f 506 505 507
f 488 474 487
f 487 505 488
f 487 474 473
f 473 465 471
f 578 577 620
f 551 525 521
f 483 482 497
f 581 548 580
f 581 580 624
f 548 581 582
f 582 627 628
f 496 517 518
f 622 623 579
f 579 578 622
f 620 669 622
f 669 623 622
f 3056 3048 3055
f 3055 3054 3056
f 3048 3054 3055
f 3053 3048 3457
f 3457 3054 3053
f 3053 3054 3048
f 3064 3054 3063
f 3063 3054 3457
f 3063 3449 3077
f 3457 3449 3063
f 3091 3090 4065
f 4065 3092 3091
f 3071 3090 3091
f 3091 3092 3071
f 3473 3459 3472
f 3474 3459 3473
f 3473 3472 3490
f 3490 3474 3473
f 3074 3073 3096
f 3096 3073 3072
f 3574 3557 3556
f 3574 3581 3049
f 3574 3049 3051
f 3051 3557 3574
f 3574 3556 3559
f 3559 3576 3574
f 3574 3576 3578
f 3578 3581 3574
f 3062 3061 3984
f 3984 3538 3062
f 3556 3061 3062
f 3062 3538 3556
f 3470 3571 3485
f 3485 3486 3470
f 3571 3486 3485
f 3470 3486 3487
f 3487 3486 3497
f 3571 3554 3568
f 3568 3486 3571
f 3554 3486 3568
f 3532 3533 3516
f 3532 3551 3533
f 3532 3516 3515
f 3515 3531 3532
f 3531 3494 3532
f 3569 3553 3555
f 3573 3569 3555
f 3555 3572 3573
f 3555 3553 3535
f 3535 3554 3555
f 3554 3572 3555
f 3548 3549 3527
f 3527 3536 3548
f 3548 3552 3566
f 3548 3536 3552
f 3577 3560 3567
f 3560 3549 3567
f 3579 3577 3567
f 3567 3548 3566
f 3549 3548 3567
f 3566 3570 3567
f 3567 3570 3579
f 3498 3494 3493
f 4057 4027 4030
f 4026 4052 4054
f 4025 4052 4026
f 4030 4056 4031
f 4033 4031 4056
f 4060 4061 4033
f 4061 4034 4033
f 4024 4049 4050
f 4050 4051 4024
f 4068 4051 4050
f 4077 4080 4068
f 4068 4080 4069
f 4069 4051 4068
f 4066 4051 4069
f 4081 4082 4072
f 4072 4079 4081
f 3113 3088 3112
f 3088 3111 3112
f 3126 3112 3111
f 3136 4082 3126
f 3126 3114 3113
f 3113 3112 3126
f 4065 3090 3115
f 3090 3114 3115
f 3115 3114 4080
f 3115 4077 4065
f 4080 4077 3115
f 3413 3417 3418
f 3415 3419 1885
f 3415 3417 3419
f 2449 2478 2479
f 2449 2477 2478
f 2479 2450 2449
f 2475 2477 2449
f 2504 3416 2475
f 3417 3416 2504
f 3131 3132 3118
f 3118 3132 3133
f 3132 3134 3133
f 3124 3111 3110
f 3124 3133 3134
f 3124 3110 3118
f 3118 3133 3124
f 4036 4035 4041
f 4011 4036 4041
f 2401 2415 2416
f 2402 2393 2401
f 2401 2422 2402
f 2421 2422 2401
f 2401 2416 3424
f 4044 4015 3094
f 4065 4044 3094
f 3094 3093 4065
f 3094 4015 3072
f 3072 3093 3094
f 3499 3492 3491
f 3491 3493 3499
f 3491 3477 3493
f 3476 3465 3464
f 3464 3477 3476
f 3477 3491 3476
f 3476 3478 3466
f 3466 3465 3476
f 3476 3491 3492
f 3476 3482 3478
f 3492 3482 3476
f 3080 3064 3077
f 3077 3103 3080
f 3450 3451 3447
f 3447 3077 3450
f 3077 3449 3450
f 3462 3449 3461
f 3462 3461 3475
f 3451 3450 3462
f 3462 3450 3449
f 3463 3451 3462
f 3462 3475 3463
f 4255 4260 4256
f 4256 1948 4255
f 4255 1948 4252
f 4253 3453 4259
f 3466 4260 4259
f 3119 3102 3101
f 3101 1941 3119
f 3119 1941 3102
f 1942 1941 4252
f 1942 1948 1949
f 4252 1948 1942
f 1949 1943 1942
f 4222 1941 1942
f 1942 1943 4222
f 4364 4402 4362
f 4362 4402 4390
f 4300 4279 4299
f 4279 4296 4299
f 1935 1934 1933
f 1933 1928 1935
f 3106 1937 3121
f 3121 3122 3106
f 1937 1932 1940
f 3122 3121 1940
f 1940 3121 1937
f 1913 1927 1926
f 1926 1927 3118
f 1934 1935 1926
f 1926 1935 1928
f 1926 1914 1913
f 1928 1914 1926
f 1929 1932 1936
f 1936 1932 1937
f 1936 1930 1929
f 1936 1937 1930
f 3056 3065 3066
f 3066 3067 3056
f 3082 3107 3108
f 3108 3083 3082
f 3108 3107 3109
f 3109 3083 3108
f 3071 3056 3070
f 3036 3011 3037
f 3037 3038 3036
f 3410 2535 3406
f 3410 2986 2535
f 2390 2805 2398
f 2390 2769 2805
f 2735 2769 2390
f 2735 2767 2768
f 2768 2769 2735
f 2803 2769 2768
f 2768 2802 2803
f 2768 2767 2766
f 2766 2800 2768
f 3239 3240 3227
f 3227 3238 3239
f 3262 3263 3239
f 3241 3240 3239
f 3239 3263 3241
f 3226 3227 3219
f 3226 3238 3227
f 3224 3238 3226
f 3235 3255 3256
f 3254 3255 3235
f 3225 3226 3219
f 3224 3226 3225
f 3167 3158 3157
f 3157 3158 3150
f 2002 2023 2003
f 2003 1990 2002
f 3242 3161 3151
f 3151 3161 3162
f 3151 3152 3242
f 3162 3152 3151
f 3171 3265 3160
f 3171 3161 3265
f 3160 3170 3171
f 3170 3161 3171
f 3163 2061 3153
f 2059 2061 3163
f 3153 3152 3163
f 3163 3152 3162
f 2985 2008 2990
f 1922 2036 2985
f 2990 1922 2985
f 2037 3120 4213
f 1891 1902 1900
f 1884 1886 3005
f 1884 3403 1885
f 3005 3403 1884
f 1894 1888 3419
f 1895 1888 1894
f 3419 3422 1894
f 3422 3425 1894
f 1894 3425 1903
f 1894 1905 1895
f 1896 1888 1895
f 3423 3422 3419
f 3423 3420 3424
f 3419 3420 3423
f 3424 3425 3423
f 3423 3425 3422
f 1906 1907 1897
f 1899 1907 1908
f 1908 1902 1899
f 1897 1907 1899
f 1899 1890 1897
f 3027 3023 3037
f 3027 3002 3023
f 3025 3002 3027
f 3037 3011 3027
f 2993 2994 2986
f 2434 2408 2407
f 2407 2433 2434
f 461 2433 2407
f 2823 2824 2781
f 2823 2789 2824
f 2846 2847 2812
f 2832 2833 2787
f 2832 2847 2833
f 2619 2618 2617
f 2604 2619 2620
f 2653 2638 2637
f 2637 2636 2657
f 2657 2653 2637
f 2637 2638 2619
f 2619 2617 2637
f 2637 2616 2636
f 2637 2617 2616
f 2565 2566 2555
f 2576 2566 2565
f 2592 2587 2604
f 2604 2609 2592
f 2652 2669 2023
f 2023 2022 2652
f 2630 2640 2653
f 2630 2652 2022
f 2021 2022 2002
f 2021 2609 2022
f 2633 2629 2628
f 2857 2841 2840
f 2840 2841 2797
f 2797 2796 2840
f 2801 2841 2802
f 2801 2800 2841
f 2802 2768 2801
f 2801 2768 2800
f 2807 2843 2842
f 2807 2771 2806
f 2806 2843 2807
f 2809 2808 2846
f 2846 2812 2809
f 2699 2736 510
f 510 490 2699
f 2736 2702 2740
f 2740 536 510
f 510 2736 2740
f 2857 2840 2856
f 2834 2835 2787
f 2787 2833 2834
f 2833 2851 2834
f 2850 2847 2846
f 2846 2858 2850
f 2858 2851 2850
f 2833 2847 2850
f 2850 2851 2833
f 2383 2362 2361
f 2361 2367 2383
f 2383 2367 2362
f 2377 2352 2376
f 2376 2379 2377
f 2288 2284 2324
f 2324 2325 2288
f 2284 2323 2324
f 2323 2325 2324
f 2239 2237 2224
f 2301 2266 2300
f 2266 2299 2300
f 2300 2338 2301
f 2300 2299 2338
f 2338 2299 2337
f 2266 2297 2298
f 2298 2299 2266
f 2560 2552 2298
f 2662 2683 2684
f 2662 2644 2661
f 959 2679 2660
f 2679 2661 2660
f 2615 2616 2602
f 2602 2601 2615
f 2616 2617 2602
f 2602 2617 2618
f 2555 2552 2562
f 686 648 2831
f 2831 648 2848
f 2749 2715 2714
f 2714 727 686
f 2714 2683 2717
f 2714 2715 2683
f 2756 2755 2787
f 2787 2789 2756
f 2759 2756 2789
f 2757 2756 2759
f 2829 2848 2830
f 2829 2831 2848
f 686 2831 2829
f 2665 2684 2691
f 2691 2684 2683
f 1994 1995 1983
f 1983 1982 1994
f 1984 3029 1983
f 3029 1982 1983
f 2043 2013 2012
f 2059 3164 2034
f 2997 3016 3017
f 1973 3031 3029
f 1973 1984 1974
f 1973 3029 1984
f 1970 1976 1977
f 1970 1973 1974
f 3037 3022 3041
f 3041 3038 3037
f 3032 3022 3004
f 3004 3031 3032
f 3032 3031 3017
f 2023 2026 2025
f 2724 2723 2760
f 2723 2759 2760
f 2657 2636 2656
f 2696 2026 2023
f 2696 2052 2026
f 2713 2052 2696
f 2703 2673 2676
f 2667 2676 2668
f 2647 2667 2668
f 2668 2648 2647
f 2080 2076 2709
f 1996 2012 2013
f 1984 1983 1996
f 1996 1983 1995
f 1997 1998 1985
f 1997 1996 2013
f 1997 1985 1984
f 1984 1996 1997
f 1974 1985 1986
f 1985 1998 1986
f 2013 2046 2015
f 2015 2046 2047
f 2047 2046 2066
f 2068 2076 2066
f 2045 2068 2066
f 2066 2046 2045
f 2056 2030 2055
f 2078 2079 2068
f 3211 3200 3199
f 3191 3200 3211
f 3195 3196 3172
f 3199 3200 3172
f 3172 3198 3199
f 3172 3196 3197
f 3160 3169 3172
f 3169 3193 3172
f 3193 3198 3172
f 2257 2256 2283
f 2283 2284 2257
f 2257 2284 2260
f 2260 2258 2257
f 2280 2255 2259
f 2570 2580 2234
f 2234 2559 2570
f 2260 2559 2234
f 2234 2258 2260
f 2219 2234 2580
f 3539 4368 4369
f 3481 4368 3539
f 3539 4369 4331
f 4331 3481 3539
f 4325 4304 4334
f 4371 4372 4334
f 4372 4373 4334
f 4354 4355 4319
f 4319 4318 4354
f 4319 4355 4356
f 4319 4323 4321
f 4356 4357 4319
f 4319 4357 4358
f 4321 4294 4319
f 4294 4320 4319
f 4359 4323 4319
f 4319 4358 4359
f 4298 4325 4297
f 4325 4353 4317
f 4353 4318 4317
f 4317 4297 4325
f 4411 4421 4401
f 4401 4373 4411
f 4360 4353 4325
f 4325 4334 4360
f 4410 4372 4408
f 4410 4411 4373
f 4408 3397 4410
f 4403 4420 4422
f 4403 4399 4420
f 4364 4399 4403
f 4422 4402 4403
f 4403 4402 4364
f 4396 4357 4397
f 4373 4357 4396
f 4354 4373 4396
f 4396 4355 4354
f 4396 4397 4355
f 3380 3367 3376
f 3388 3376 3387
f 1425 1426 3389
f 3389 1424 1425
f 3399 1424 3389
f 3387 3399 3389
f 3389 3388 3387
f 3389 1426 3376
f 3376 3388 3389
f 1505 1537 1535
f 1505 1504 1537
f 1466 1504 1505
f 2981 1825 1797
f 2965 1825 2981
f 1797 1751 2981
f 1751 2965 2981
f 2963 1825 2964
f 2964 1825 2965
f 1826 1849 1850
f 1798 1825 1826
f 1826 1799 1798
f 1827 1799 1826
f 4385 1947 4344
f 4309 4342 4343
f 4343 4344 4309
f 4385 4344 4343
f 4335 4337 4336
f 4465 4463 4462
f 4462 4449 4465
f 4463 4449 4462
f 4345 4343 4384
f 4384 4343 4342
f 4383 4384 4342
f 4383 4449 4345
f 4345 4384 4383
f 1964 4308 1958
f 1958 4308 4309
f 4309 4344 1958
f 1958 4344 1947
f 4338 4308 4307
f 4337 4308 4338
f 4386 4449 4387
f 4386 4366 4449
f 4386 4387 4367
f 4367 4366 4386
f 3803 3802 3805
f 3805 3802 2948
f 3806 3803 3805
f 3819 4366 3810
f 4439 4366 3819
f 3819 4440 4439
f 3820 3810 4367
f 4367 3830 3820
f 3806 3814 3815
f 4367 4387 4382
f 4382 4383 4342
f 4387 4449 4382
f 4449 4383 4382
f 4414 4380 4379
f 4379 4340 4378
f 4404 3830 4367
f 4404 3843 3830
f 3828 3815 3827
f 3822 3815 3828
f 3839 3840 3828
f 3858 3859 3848
f 3868 3859 3858
f 3858 3867 3868
f 1858 1853 1852
f 1827 1826 1852
f 1858 1841 1840
f 1840 1841 1810
f 1840 1853 1858
f 1848 1841 1859
f 1859 1860 1848
f 1859 1841 1858
f 1858 1852 1859
f 1828 1799 1827
f 1827 1852 1828
f 1828 1852 1853
f 1850 1867 1868
f 1868 1869 1850
f 1867 1875 1880
f 1880 1879 1867
f 1838 3841 3855
f 3855 3854 1838
f 3841 3854 3855
f 1882 2879 3829
f 3829 1875 1882
f 1882 2878 2879
f 1882 1875 1867
f 1867 2891 1882
f 2891 2878 1882
f 1881 1867 1866
f 1881 2891 1867
f 3804 3808 2913
f 3807 3808 3804
f 3832 3823 3822
f 3822 3828 3832
f 3832 3828 3840
f 3833 3840 3846
f 3833 3832 3840
f 3823 3832 3833
f 3856 3841 3847
f 3847 3846 3856
f 3847 3833 3846
f 2913 2893 2912
f 2914 2893 2913
f 3817 2894 3818
f 2894 2893 3818
f 2893 2914 3818
f 3818 2914 2913
f 3818 3808 3817
f 2913 3808 3818
f 3920 3932 3931
f 3931 3930 3920
f 3931 3910 3930
f 3931 3932 3911
f 3911 3910 3931
f 3371 3375 3363
f 3887 3375 3371
f 3371 3905 3887
f 3363 3362 3371
f 3362 3905 3371
f 3938 3924 1726
f 1726 3925 3938
f 3938 3925 3924
f 1773 3925 1726
f 1726 1728 1773
f 3924 3927 3903
f 3904 3886 3903
f 3906 3929 3908
f 3906 3927 3929
f 3908 3907 3906
f 3904 3903 3906
f 3906 3903 3927
f 3906 3356 3904
f 3362 3356 3906
f 3906 3905 3362
f 3887 3905 3906
f 3888 3887 3906
f 3906 3907 3888
f 4394 4417 4418
f 4418 4412 4394
f 4418 4417 3914
f 4377 3862 4378
f 4378 4337 4377
f 4352 4351 4395
f 3894 3882 3890
f 3890 3913 3894
f 3889 3913 3890
f 3873 3882 3881
f 3873 3864 3868
f 3881 3876 3873
f 3866 3864 3873
f 3873 3876 3866
f 3932 3919 3936
f 3935 3932 3936
f 3936 3919 3918
f 3914 3935 3936
f 3936 3937 3914
f 3918 3916 3936
f 3916 3937 3936
f 4305 4282 4281
f 4281 4292 4305
f 4274 4292 4281
f 4281 4272 4274
f 4282 4272 4281
f 4335 4336 4306
f 4305 4292 4306
f 4306 4338 4307
f 4306 4336 4337
f 4337 4338 4306
f 4307 4282 4306
f 4306 4282 4305
f 4276 4296 4278
f 4278 4269 4276
f 4278 4296 4279
f 4279 4269 4278
f 4390 4391 4347
f 4347 4349 4390
f 4347 4391 4388
f 4347 4348 4310
f 4388 4389 4347
f 4347 4389 4350
f 4300 4328 4329
f 4329 4311 4300
f 4329 4310 4311
f 4329 4349 4310
f 4289 4312 4310
f 4274 4288 4289
f 4289 4288 4312
f 4311 4310 4284
f 4310 4288 4284
f 4270 4269 4279
f 4279 4273 4270
f 4258 4269 4270
f 4307 1964 1965
f 1965 4283 4307
f 1952 1951 1961
f 1961 1951 1950
f 1949 4264 4265
f 4264 4272 4265
f 4265 1959 1949
f 4486 4485 4487
f 4511 4509 4487
f 1956 4208 1946
f 1946 4208 4210
f 1956 1947 4451
f 4210 4208 4207
f 4211 4210 4207
f 4207 4209 4211
f 975 920 914
f 914 865 863
f 920 865 914
f 1475 1445 859
f 913 859 882
f 3940 1386 3511
f 3511 3942 3940
f 3940 3942 1386
f 3946 3945 3949
f 3946 3942 3945
f 1428 1448 1429
f 1449 1434 1431
f 1431 1448 1449
f 1457 1434 1449
f 1480 1481 1449
f 1449 1481 1457
f 1449 1455 1480
f 1449 1448 1455
f 1422 1409 1421
f 1492 1455 1491
f 1492 1493 1455
f 1522 1493 1492
f 1492 1491 1521
f 1521 1522 1492
f 1389 3382 3370
f 3370 3361 1389
f 247 246 302
f 302 301 247
f 246 301 302
f 307 301 299
f 356 307 299
f 299 295 356
f 244 245 188
f 242 241 244
f 185 211 186
f 186 122 185
f 244 241 296
f 296 295 244
f 241 295 296
f 1552 1516 1551
f 1649 1707 1651
f 1599 1648 1649
f 1649 1648 1707
f 1650 1649 1651
f 1599 1649 1650
f 1599 1601 1600
f 1708 1707 1756
f 1651 1707 1708
f 1756 1706 1708
f 1706 1755 1708
f 1708 1755 1757
f 1757 1709 1708
f 1708 1709 1651
f 212 211 184
f 184 1611 212
f 184 211 185
f 185 122 184
f 184 122 1611
f 1656 1603 1655
f 1655 1603 1653
f 1655 1718 1656
f 1553 1516 1552
f 1552 1554 1553
f 1553 1554 1516
f 1604 1554 1552
f 1605 1554 1604
f 1552 1603 1604
f 1604 1603 1654
f 1654 1606 1604
f 1604 1606 1605
f 1517 1554 1518
f 1516 1554 1517
f 1517 2888 1516
f 1519 1554 1555
f 1555 1605 1557
f 1555 1554 1605
f 1583 1541 1540
f 1540 1541 1508
f 1582 1583 1540
f 1540 1581 1582
f 1584 1541 1583
f 1584 1583 1582
f 1582 1631 1584
f 1632 1633 1586
f 1632 1584 1631
f 1689 1633 1632
f 1608 1609 1557
f 1557 1607 1608
f 1658 1609 1657
f 1609 1608 1657
f 1657 1608 1607
f 1657 1607 1656
f 1656 1718 1657
f 1717 1655 1653
f 1718 1655 1717
f 114 115 67
f 114 173 174
f 114 67 113
f 113 173 114
f 115 177 178
f 178 177 235
f 1581 1540 1539
f 1539 1580 1581
f 1539 1579 1580
f 1539 1540 1508
f 1508 39 57
f 1581 1627 1628
f 1628 1627 1681
f 1628 1629 1581
f 1628 1681 1629
f 1658 1681 1659
f 1681 1627 1659
f 1659 1609 1658
f 1659 1627 1609
f 1457 1481 1459
f 1459 1458 1457
f 1481 1495 1459
f 1495 1460 1459
f 1436 1435 1458
f 1458 1459 1436
f 1436 1459 1460
f 1422 1435 1436
f 1436 1437 1422
f 1499 1525 1497
f 1613 1562 1616
f 1529 1525 1499
f 1499 1523 1529
f 1511 1522 1521
f 1521 1513 1511
f 1513 1475 1511
f 1722 1724 1723
f 1723 1666 1722
f 1660 1616 1615
f 1613 1616 1660
f 1589 1590 1543
f 1543 1547 1587
f 1691 1695 1637
f 1721 1720 1700
f 1700 1747 1721
f 1593 1592 1545
f 1740 1786 1741
f 1741 1691 1740
f 1742 1695 1741
f 1695 1691 1741
f 1750 1740 1702
f 1750 1786 1740
f 1742 1741 1788
f 1588 1543 1587
f 1589 1543 1588
f 1694 1645 1702
f 1636 1645 1694
f 1702 1645 1701
f 1793 1744 1790
f 1696 1695 1743
f 1743 1744 1696
f 1743 1695 1742
f 1742 1790 1743
f 1790 1744 1743
f 1789 1790 1742
f 1833 1834 1806
f 1835 1834 1833
f 1833 1815 1835
f 1845 1844 1848
f 1848 1860 1845
f 1815 1821 1845
f 1845 1820 1844
f 1845 1821 1820
f 1759 1784 1738
f 1738 1784 1785
f 1731 1732 1683
f 1683 1682 1731
f 1683 1631 1630
f 1630 1682 1683
f 1685 1732 1690
f 1685 1632 1631
f 1690 1632 1685
f 1631 1683 1685
f 1685 1683 1732
f 1737 1690 1739
f 1690 1732 1739
f 1547 1586 1595
f 1586 1633 1595
f 3874 3876 3883
f 3883 3884 3874
f 3883 3876 3881
f 3881 3893 3883
f 1676 1727 1730
f 1730 1728 1676
f 1676 1728 1729
f 1672 1625 1622
f 1622 1673 1672
f 1672 1673 1625
f 1304 1305 1248
f 1249 1305 1306
f 1249 1248 1305
f 1174 1248 1249
f 1346 1304 1345
f 1301 1300 1340
f 3525 3527 3526
f 3525 3518 3527
f 3525 3512 3518
f 3507 3503 3504
f 3507 3504 3509
f 3509 3512 3507
f 3504 3503 3501
f 3501 3503 1340
f 3501 3361 3370
f 1340 1389 3501
f 3501 1389 3361
f 3547 3968 3954
f 3968 3962 3954
f 3954 3952 3547
f 3954 3962 3952
f 3949 3957 3950
f 1380 1373 1386
f 1251 1199 1268
f 1268 1267 1323
f 1385 1372 1374
f 1374 1371 1369
f 1374 1384 1385
f 1369 1384 1374
f 1349 1373 1367
f 1372 1373 1349
f 1306 1348 1349
f 1349 1374 1372
f 1349 1348 1371
f 1371 1374 1349
f 1184 1255 1256
f 3980 3967 3979
f 4006 4007 3980
f 4036 4007 4006
f 4039 4007 4038
f 4011 4039 4038
f 2459 2453 2452
f 2452 2482 2459
f 2459 2482 2483
f 1254 1255 1183
f 1183 1255 1184
f 1183 1253 1254
f 1184 1113 1183
f 1183 1113 1112
f 1112 1182 1183
f 1181 1199 1251
f 1253 1183 1181
f 1181 1183 1182
f 985 1061 1034
f 1109 1036 1061
f 1110 1036 1109
f 1061 1137 1109
f 1109 1137 1110
f 561 560 531
f 643 679 680
f 600 598 643
f 532 562 563
f 563 562 560
f 819 818 820
f 820 762 819
f 819 759 757
f 757 818 819
f 819 760 759
f 819 762 760
f 817 818 756
f 756 818 757
f 757 705 756
f 705 750 756
f 817 756 802
f 802 756 750
f 801 864 802
f 802 750 801
f 864 863 802
f 863 865 802
f 918 865 920
f 821 820 885
f 820 883 885
f 884 818 817
f 817 883 884
f 820 818 884
f 884 883 820
f 865 918 919
f 638 594 592
f 638 637 674
f 638 590 637
f 638 676 639
f 639 594 638
f 710 676 709
f 709 711 710
f 760 711 709
f 708 760 709
f 639 676 677
f 678 676 710
f 710 711 678
f 678 711 712
f 678 677 676
f 712 679 678
f 639 677 678
f 763 762 823
f 762 822 823
f 826 765 825
f 761 711 763
f 712 711 761
f 713 761 763
f 712 761 713
f 713 679 712
f 725 771 772
f 771 831 772
f 2546 2524 647
f 647 2547 2546
f 2546 2547 2524
f 2543 2547 647
f 2542 2547 2543
f 2543 647 2515
f 2515 2542 2543
f 2545 2526 565
f 2545 2523 2526
f 565 2524 2545
f 2524 2523 2545
f 2496 2497 2468
f 2469 2467 2468
f 2468 2467 2441
f 2463 2438 2437
f 2437 2436 2463
f 2463 2435 2434
f 2463 2436 2435
f 2439 2465 2440
f 2412 2439 2440
f 2440 2441 2412
f 853 790 789
f 853 856 794
f 789 856 853
f 790 853 792
f 854 789 852
f 854 855 789
f 854 852 909
f 909 910 854
f 1043 966 1042
f 1042 1116 1043
f 1043 1116 1117
f 1044 966 1043
f 1043 1117 1044
f 1187 1190 1116
f 2214 2223 2220
f 1260 1190 1259
f 1259 1258 1260
f 2236 2264 2261
f 2261 1354 2236
f 1334 1354 2261
f 2221 2223 1313
f 2220 2223 2221
f 2221 2214 2220
f 2235 2236 1313
f 1313 2223 2235
f 2235 2223 2236
f 1261 1271 1206
f 1260 1271 1261
f 1261 1190 1260
f 1313 2236 1355
f 2236 1354 1355
f 1334 1330 1355
f 1355 1354 1334
f 1313 1355 1314
f 1207 1206 1272
f 1272 1273 1207
f 1206 1271 1272
f 1272 1271 1331
f 1331 1273 1272
f 1217 1147 1216
f 1217 1285 1219
f 1216 1285 1217
f 1275 1277 1276
f 1276 1212 1275
f 1274 1273 1275
f 1275 1212 1274
f 1274 1212 1273
f 1143 1147 1146
f 1211 1212 1143
f 789 790 741
f 729 728 776
f 729 688 728
f 689 688 729
f 729 690 689
f 693 692 691
f 691 690 693
f 654 609 607
f 611 657 658
f 611 612 570
f 611 658 612
f 570 610 611
f 692 657 656
f 656 691 692
f 690 691 656
f 657 611 656
f 656 611 610
f 657 695 659
f 659 667 661
f 659 695 667
f 661 614 659
f 614 660 659
f 658 657 659
f 612 658 659
f 659 660 612
f 904 844 903
f 903 964 904
f 1146 1070 1145
f 1070 1068 1145
f 998 1071 1072
f 1072 999 998
f 998 999 995
f 990 989 1066
f 993 927 991
f 991 1067 993
f 991 1066 1067
f 990 1066 991
f 1044 1117 1121
f 1121 1118 1044
f 1206 1139 1192
f 1191 1190 1192
f 1192 1117 1191
f 1192 1121 1117
f 1140 1139 1207
f 1140 1064 1139
f 1207 1141 1140
f 1141 1064 1140
f 1208 1141 1207
f 1208 1209 1141
f 1210 1209 1208
f 1207 1273 1208
f 1208 1273 1210
f 1068 1067 1142
f 1142 1209 1210
f 1142 1067 1141
f 1141 1209 1142
f 1210 1211 1142
f 1211 1143 1142
f 1142 1143 1068
f 966 1046 967
f 1046 968 967
f 1045 966 1044
f 1044 1120 1045
f 1045 1046 966
f 1045 1120 1046
f 988 922 971
f 1139 1064 1063
f 1064 989 1063
f 1063 989 1062
f 971 922 912
f 912 970 971
f 912 867 858
f 912 922 867
f 1046 1120 1122
f 1122 1047 1046
f 867 922 923
f 922 988 923
f 923 989 990
f 923 988 989
f 990 991 923
f 923 991 927
f 928 870 927
f 755 813 814
f 814 59 755
f 755 59 97
f 59 814 97
f 98 97 149
f 98 99 60
f 60 755 98
f 755 97 98
f 89 84 88
f 31 17 30
f 16 29 30
f 30 17 16
f 48 27 47
f 52 30 29
f 268 267 216
f 409 368 408
f 264 321 322
f 104 105 62
f 62 103 104
f 2336 2335 1281
f 2295 2335 2336
f 1215 1277 1278
f 1337 1283 2365
f 1289 1287 1338
f 1338 1337 1289
f 1283 1337 1338
f 2246 2247 2226
f 1157 1225 1226
f 1156 1225 1157
f 1157 1079 1156
f 1158 1079 1157
f 1227 1157 1226
f 1228 1157 1227
f 1335 2264 1279
f 2264 2296 1279
f 1279 1280 1215
f 1215 1278 1279
f 1281 1280 1279
f 1279 2296 2295
f 1279 1333 1334
f 1334 1335 1279
f 1279 1277 1333
f 1279 1278 1277
f 2331 2358 2329
f 2358 2327 2329
f 2329 2293 2331
f 2294 2293 2329
f 2329 2290 2294
f 2329 2327 2290
f 331 272 330
f 330 375 378
f 330 378 379
f 274 272 332
f 332 272 331
f 340 333 385
f 407 414 413
f 413 414 376
f 413 412 407
f 376 412 413
f 376 414 410
f 410 411 374
f 374 376 410
f 441 411 410
f 410 414 441
f 3651 3635 3650
f 3650 3666 3651
f 426 448 427
f 452 2089 2111
f 3602 2089 452
f 3616 3602 452
f 2108 427 2109
f 427 449 2109
f 2109 2089 2108
f 451 449 448
f 451 452 2111
f 2108 2130 2131
f 3592 3589 3586
f 3628 3624 3636
f 3651 3642 3636
f 3636 3642 3628
f 3636 3635 3651
f 3619 3624 3628
f 3619 3628 3621
f 3635 3636 3623
f 3623 3636 3624
f 2140 2129 2128
f 2128 2129 2107
f 2117 2118 2096
f 280 276 340
f 340 281 280
f 444 454 445
f 445 454 3616
f 3616 455 445
f 4112 4121 4113
f 3601 3612 3604
f 3593 3589 3601
f 3612 3601 3611
f 3587 3589 3593
f 4213 4222 4223
f 4233 4227 4243
f 4230 4218 4231
f 4099 4163 4176
f 1223 1219 1155
f 1155 1154 1223
f 1222 1152 1151
f 1153 1152 1222
f 1222 1077 1153
f 1222 1154 1077
f 1288 1287 1289
f 1289 1225 1288
f 1224 1287 1288
f 1155 1224 1288
f 1288 1225 1155
f 1287 1285 1284
f 1284 1338 1287
f 1283 1338 1284
f 1215 1283 1284
f 1284 1285 1215
f 16 17 9
f 9 17 18
f 56 1007 34
f 1085 1007 1084
f 1085 34 1007
f 33 34 1085
f 1085 18 33
f 255 253 313
f 312 314 253
f 370 371 312
f 252 250 196
f 196 251 252
f 3682 251 3681
f 310 251 3682
f 3681 3702 3682
f 3682 3702 366
f 366 310 3682
f 3778 3779 3758
f 3758 3777 3778
f 3778 3789 3784
f 3777 3789 3778
f 3756 3777 3758
f 3756 3758 3740
f 3741 3757 3
f 3740 3757 3741
f 3741 3 3724
f 3724 3740 3741
f 24 13 23
f 23 43 24
f 44 43 76
f 45 25 44
f 44 25 24
f 24 43 44
f 3728 132 3727
f 132 131 3727
f 3727 3745 3728
f 131 3745 3727
f 249 195 3715
f 3716 308 3715
f 3715 308 249
f 3715 194 3716
f 3715 195 194
f 134 133 200
f 133 199 200
f 200 199 198
f 203 137 136
f 3658 3649 3661
f 3686 3683 3663
f 3663 3683 3684
f 249 308 3678
f 3678 308 3662
f 3678 251 249
f 3662 251 3678
f 2921 2917 2922
f 2917 2919 2922
f 2922 2897 2921
f 2922 2919 2897
f 2899 2917 4450
f 4450 4440 2899
f 2967 2969 2976
f 2976 2975 2967
f 2883 2882 2904
f 4209 4207 4513
f 3786 3794 3796
f 3786 3795 3794
f 3786 3772 3769
f 3786 3769 3767
f 3767 3785 3786
f 3785 3795 3786
f 3794 3785 3793
f 3793 3789 3794
f 3793 3785 3784
f 3784 3789 3793
f 3776 3790 3774
f 3790 3789 3774
f 3774 3755 3776
f 3774 3756 3755
f 3774 3789 3777
f 3777 3756 3774
f 3766 3746 3765
f 3766 3747 3746
f 3765 3767 3766
f 3767 3747 3766
f 4090 4102 4103
f 4183 4108 4107
f 4108 4103 4107
f 4188 4189 4184
f 4184 4187 4188
f 4213 4182 4184
f 4184 4182 4183
f 3282 3254 3280
f 3282 3283 3254
f 3282 3280 3279
f 3279 3283 3282
f 3277 3278 3249
f 3279 3276 3301
f 3276 3278 3301
f 4196 4203 4204
f 3801 3350 3338
f 3800 3350 3801
f 3796 3800 3801
f 3801 3799 3796
f 3796 3799 3788
f 3788 3786 3796
f 3772 3786 3788
f 3351 3338 3792
f 3351 3340 3338
f 3792 3782 3351
f 3316 3287 3286
f 3314 3338 3316
f 3316 3338 3319
f 3319 3290 3316
f 3261 3263 3262
f 3260 3263 3261
f 3262 3239 3261
f 3261 3238 3260
f 3261 3239 3238
f 3291 3260 3290
f 3291 3263 3260
f 3290 3292 3291
f 3292 3263 3291
f 3438 3437 2278
f 3160 3437 3438
f 3438 3169 3160
f 3438 2351 3169
f 3199 3193 3213
f 3169 2351 2350
f 2350 2349 3169
f 3761 3743 3353
f 3353 3343 3761
f 2217 2228 2229
f 3321 3322 3293
f 3321 3320 3319
f 3293 3320 3321
f 3319 3340 3321
f 3323 3294 3293
f 3293 3322 3323
f 3323 3324 3294
f 3323 3342 3324
f 3323 3322 3342
f 3337 3338 3314
f 3347 3333 3771
f 3347 3335 3333
f 3689 3690 3669
f 3669 3690 3736
f 3313 3284 3312
f 3284 3311 3312
f 3312 3333 3313
f 3312 3311 3333
f 3331 3311 3308
f 3278 3277 3302
f 3630 3644 3645
f 2979 2980 2960
f 2960 2980 2977
f 2960 2962 2961
f 2977 2962 2960
f 2880 2902 2884
f 2880 2884 2869
f 2924 2902 2923
f 2908 2902 2924
f 2931 2909 2924
f 2924 2909 2908
f 2953 1648 1646
f 1646 1648 1647
f 2953 2974 1704
f 1704 1648 2953
f 1704 2974 1705
f 1705 1648 1704
f 2952 2972 2953
f 2953 1646 2952
f 2952 1646 2930
f 170 112 165
f 170 171 112
f 165 224 170
f 224 229 170
f 170 229 171
f 340 276 339
f 276 335 339
f 273 333 334
f 334 335 273
f 334 333 340
f 340 339 334
f 334 339 335
f 273 335 277
f 277 229 273
f 277 335 276
f 276 229 277
f 273 223 225
f 274 273 225
f 225 272 274
f 288 232 231
f 231 287 288
f 233 232 288
f 288 234 233
f 247 307 305
f 305 306 247
f 349 362 305
f 398 359 358
f 390 342 389
f 349 285 350
f 2860 2081 2859
f 2196 248 2166
f 191 248 2196
f 73 1479 1520
f 1520 1479 1519
f 1520 1519 1557
f 73 122 71
f 71 122 123
f 71 41 73
f 190 191 126
f 126 125 190
f 246 191 190
f 2120 2142 2141
f 2100 2088 2087
f 2122 2101 2100
f 2101 2088 2100
f 2124 2101 2122
f 2124 2123 2101
f 4448 4438 4437
f 2871 2862 2865
f 2865 2870 2871
f 2865 2862 2859
f 2868 2882 2883
f 2883 2880 2868
f 2868 2880 2869
f 2146 2123 2145
f 3980 4007 4008
f 3981 3967 3980
f 3980 2454 3981
f 2522 2520 725
f 2485 2520 2522
f 725 2486 2522
f 2522 2486 2485
f 645 602 600
f 645 646 602
f 2549 2550 2532
f 2531 2549 2532
f 3408 2533 2532
f 2532 2550 3408
f 2502 2531 2532
f 2532 2533 2502
f 731 688 730
f 688 727 730
f 730 779 731
f 730 778 779
f 616 617 576
f 616 635 617
f 576 589 616
f 616 589 636
f 616 636 588
f 588 635 616
f 663 635 615
f 617 635 663
f 615 662 663
f 663 662 667
f 667 617 663
f 516 493 515
f 514 493 516
f 469 472 480
f 554 545 575
f 575 588 554
f 588 589 554
f 527 546 517
f 556 546 527
f 514 516 526
f 526 516 545
f 545 554 526
f 605 607 606
f 607 568 606
f 606 2775 605
f 606 567 2775
f 538 511 537
f 539 511 538
f 538 569 539
f 538 568 569
f 613 572 612
f 613 574 572
f 614 574 613
f 612 660 613
f 613 660 614
f 515 542 543
f 542 574 543
f 539 572 573
f 572 574 573
f 672 671 703
f 703 673 672
f 672 630 671
f 674 673 707
f 707 758 708
f 706 758 707
f 707 673 706
f 624 671 625
f 625 581 624
f 625 582 581
f 2494 534 2499
f 2497 534 2494
f 2494 2499 2469
f 2469 2468 2494
f 2494 2468 2497
f 460 465 466
f 466 465 474
f 474 475 466
f 489 509 2496
f 2496 475 489
f 489 475 488
f 488 508 489
f 508 509 489
f 470 462 469
f 470 471 462
f 469 482 470
f 470 482 483
f 483 471 470
f 460 462 463
f 462 471 463
f 503 525 528
f 528 529 503
f 528 551 553
f 525 551 528
f 503 487 501
f 501 525 503
f 473 471 485
f 485 487 473
f 485 501 487
f 525 501 500
f 501 485 500
f 587 553 586
f 523 551 521
f 550 552 523
f 553 551 523
f 523 552 553
f 583 582 628
f 548 520 519
f 519 520 497
f 519 497 496
f 496 518 519
f 579 548 547
f 517 546 547
f 547 518 517
f 548 519 547
f 547 519 518
f 547 578 579
f 546 577 547
f 577 578 547
f 621 578 620
f 620 622 621
f 621 622 578
f 3077 3064 3078
f 3078 3063 3077
f 3064 3063 3078
f 3097 4015 3076
f 3097 3096 4015
f 3097 3076 3074
f 3074 3096 3097
f 3072 4015 3095
f 3095 3096 3072
f 4015 3096 3095
f 3500 3532 3494
f 3494 3498 3500
f 3488 3493 3489
f 3488 3498 3493
f 3488 3489 3470
f 3470 3487 3488
f 3554 3551 3495
f 3551 3532 3495
f 3532 3500 3495
f 4047 4020 4027
f 4027 4057 4047
f 4056 4027 4053
f 4027 4026 4053
f 4029 1256 4030
f 4002 4033 4034
f 4031 4033 4002
f 4055 4033 4056
f 4056 4053 4055
f 4055 4026 4054
f 4055 4053 4026
f 4055 4070 4071
f 4055 4071 4060
f 4060 4033 4055
f 4066 4070 4055
f 4055 4054 4066
f 4067 4077 4068
f 4068 4050 4067
f 4067 4050 4049
f 4067 4049 4065
f 4065 4077 4067
f 4078 4069 4080
f 4080 4081 4078
f 4078 4081 4079
f 4078 4079 4066
f 4066 4069 4078
f 3136 3126 3135
f 3140 3136 3135
f 3114 3126 3127
f 4082 4081 3127
f 3127 3126 4082
f 2506 2475 2505
f 2475 3416 2505
f 2536 2549 2537
f 2537 2505 2536
f 2536 2505 3416
f 2536 2550 2549
f 3414 3411 3413
f 3413 3418 3414
f 1885 3411 3414
f 3414 3418 3417
f 3414 3415 1885
f 3417 3415 3414
f 2476 3420 3417
f 3417 2504 2476
f 2476 2504 2475
f 3118 3100 3117
f 3117 3100 3099
f 4063 4035 4062
f 4063 4041 4035
f 3138 3132 3137
f 4062 4075 4076
f 3421 3100 1903
f 1903 3425 3421
f 3099 3100 3421
f 3104 3103 3082
f 3104 3080 3103
f 4253 4259 4254
f 4254 4255 4252
f 4260 4255 4254
f 4254 4259 4260
f 3101 4253 4254
f 4254 4252 3101
f 3454 3453 3466
f 3466 4259 3454
f 3454 4259 3453
f 4365 4328 4364
f 4364 4362 4365
f 4365 4362 4328
f 4328 4362 4363
f 4363 4329 4328
f 4349 4329 4363
f 4390 4349 4363
f 4363 4362 4390
f 4324 4323 4300
f 4300 4299 4324
f 4324 4299 4296
f 4324 4295 4323
f 4324 4296 4295
f 3123 1932 1934
f 3109 3122 3123
f 1934 1926 3123
f 3118 3110 3123
f 3110 3109 3123
f 3123 1926 3118
f 3087 3083 3109
f 3087 3086 3083
f 3109 3088 3087
f 3087 3088 3071
f 3071 3086 3087
f 3082 3081 3079
f 3079 3066 3065
f 3067 3066 3079
f 3065 3064 3079
f 3064 3080 3079
f 3079 3104 3082
f 3080 3104 3079
f 3085 3086 3071
f 3071 3070 3085
f 3085 3070 3086
f 3083 3086 3084
f 3086 3070 3084
f 3014 3036 3038
f 2398 2400 2399
f 3224 3235 3236
f 3236 3235 3256
f 3236 3256 3257
f 3257 3258 3236
f 3234 3235 3224
f 1990 2003 1991
f 2024 2003 2023
f 3208 3188 3187
f 3187 3188 3167
f 3167 3186 3187
f 3185 3186 3167
f 2059 3163 3179
f 3181 3207 3208
f 3207 3181 3204
f 4213 2061 2035
f 2035 2037 4213
f 2055 2030 2029
f 2030 2006 2029
f 2029 2028 2055
f 2029 2006 2028
f 3042 3044 1900
f 1900 3043 3042
f 3042 3043 3025
f 1893 1886 1890
f 1893 1891 1886
f 1890 1899 1893
f 1886 1891 1892
f 1900 3044 1892
f 1892 1891 1900
f 3005 1886 1892
f 1885 1886 1887
f 1887 1884 1885
f 1886 1884 1887
f 1911 1916 1905
f 1897 1890 1889
f 1888 1896 1889
f 1889 1890 1885
f 1885 1888 1889
f 1895 1905 1898
f 1898 1896 1895
f 1898 1906 1897
f 1905 1906 1898
f 1897 1889 1898
f 1898 1889 1896
f 1907 1906 1918
f 1919 1907 1918
f 1930 1931 1918
f 1931 1919 1918
f 1917 1906 1905
f 1905 1916 1917
f 1917 1918 1906
f 1929 1930 1917
f 1930 1918 1917
f 3005 2993 2992
f 2992 2993 2986
f 2986 3410 2992
f 2992 3410 3406
f 3406 3403 2992
f 3009 3027 3006
f 3006 2993 3009
f 2994 2993 3006
f 2815 2816 2775
f 2775 2814 2815
f 2830 2816 2815
f 2783 2829 2830
f 2828 2784 2783
f 2811 2812 2847
f 2811 2814 2775
f 2788 2814 2811
f 2811 2832 2788
f 2847 2832 2811
f 2786 2832 2787
f 2788 2832 2786
f 2787 2755 2786
f 2755 2788 2786
f 2619 2638 2639
f 2639 2620 2619
f 2640 2630 2621
f 2620 2639 2621
f 2604 2620 2621
f 2621 2638 2640
f 2621 2639 2638
f 2556 2552 2555
f 2555 2566 2556
f 2587 2576 2575
f 2576 2565 2575
f 2584 2591 2601
f 2569 2580 2570
f 2578 2576 2587
f 2587 2592 2578
f 2578 2566 2576
f 2578 2569 2566
f 2594 2580 2578
f 2580 2569 2578
f 2651 2630 2653
f 2652 2630 2651
f 2669 2652 2651
f 2651 2653 2657
f 2633 2628 2650
f 2608 2628 2629
f 2608 2629 2615
f 2608 2591 2607
f 2615 2601 2608
f 2601 2591 2608
f 2808 2807 2845
f 2846 2808 2845
f 2771 2807 2772
f 2772 2807 2808
f 2808 2809 2772
f 2772 2809 2810
f 2817 2813 2775
f 2775 567 2817
f 566 538 537
f 568 538 566
f 2736 2699 2700
f 2672 2702 2700
f 2700 2702 2736
f 2701 2408 2737
f 2737 2702 2701
f 2773 2772 2810
f 2855 2839 2838
f 2855 2840 2839
f 2855 2856 2840
f 2852 2834 2851
f 2857 2856 2852
f 2852 2858 2857
f 2852 2851 2858
f 2372 2367 2374
f 2372 2345 2367
f 2306 2345 2307
f 2306 2276 2275
f 2306 2307 2276
f 2275 2274 2306
f 2345 2306 2344
f 2367 2345 2344
f 2344 2368 2367
f 2288 2325 2326
f 2326 2325 2338
f 2551 2298 2552
f 2551 2337 2299
f 2299 2298 2551
f 2644 2646 2645
f 2663 2646 2644
f 2663 2644 2662
f 2679 898 2680
f 2680 2661 2679
f 898 2661 2680
f 2612 1039 2631
f 2241 2239 2224
f 2241 2266 2237
f 2237 2239 2241
f 2563 2298 2297
f 2591 2584 2577
f 2590 2606 2607
f 2607 2591 2590
f 2591 2577 2590
f 2571 2572 2581
f 2755 2756 2722
f 2722 2756 2757
f 2757 2759 2758
f 2758 2759 2723
f 2758 2722 2757
f 2723 2722 2758
f 2743 2706 2705
f 2743 2742 2778
f 2743 2705 2742
f 2706 2743 2745
f 2662 2661 2682
f 2717 2683 2687
f 2687 839 2717
f 2687 2683 2662
f 2662 839 2687
f 2683 2715 2716
f 2716 2691 2683
f 2715 2691 2716
f 2010 1994 1993
f 2038 2037 2059
f 1992 2006 2007
f 2735 2390 2387
f 1968 3031 1969
f 3031 2731 1969
f 3040 2731 3031
f 3031 1973 3040
f 1973 1970 3040
f 3040 1970 1977
f 3039 3041 3022
f 3022 3032 3039
f 3038 3041 3039
f 3017 3038 3039
f 3039 3032 3017
f 2053 2073 2074
f 2053 2052 2073
f 2074 2068 2053
f 2072 2713 2073
f 2073 2052 2072
f 2072 2052 2713
f 2026 2052 2027
f 2055 2028 2027
f 2052 2053 2027
f 2761 2728 2724
f 2724 2760 2761
f 2692 2725 2724
f 2724 2728 2692
f 2726 2725 2692
f 2690 2726 2692
f 2692 2666 2690
f 2667 2666 2692
f 2730 2742 2704
f 2655 2656 2636
f 2676 2673 2655
f 2655 2668 2676
f 2023 2669 2051
f 2051 2696 2023
f 2669 2651 2051
f 2657 2656 2051
f 2051 2651 2657
f 2047 2066 2069
f 2069 2066 2076
f 2708 2746 2709
f 2746 2708 2707
f 2747 2070 2047
f 2047 2069 2747
f 2746 2780 2747
f 2747 2080 2709
f 2709 2746 2747
f 2076 2080 2747
f 2747 2069 2076
f 2047 2070 2049
f 2049 2048 2047
f 2048 2049 2016
f 2047 2048 2016
f 2016 2015 2047
f 1998 2015 2016
f 2838 2839 2795
f 2795 2796 2764
f 2839 2840 2795
f 2795 2840 2796
f 2014 1997 2013
f 1998 1997 2014
f 2013 2015 2014
f 2014 2015 1998
f 2019 1998 2018
f 1976 1970 1975
f 1975 1986 1976
f 1975 1970 1974
f 1974 1986 1975
f 2064 2044 2063
f 2063 2058 2064
f 2077 2068 2073
f 2077 2078 2068
f 3195 3172 3202
f 3194 3197 3174
f 3174 3170 3194
f 2280 3436 2312
f 2312 2313 2280
f 2312 3436 3439
f 2311 2279 2280
f 2280 2313 2311
f 2311 2314 2281
f 2281 2279 2311
f 2352 2314 2311
f 2311 2313 2352
f 2287 3430 2280
f 2280 2259 2287
f 3158 3430 2287
f 2597 2580 2594
f 2001 2021 2002
f 2021 2001 2000
f 2000 2001 1988
f 2233 2255 2256
f 2256 2257 2233
f 2233 2257 2258
f 2258 2234 2233
f 2234 2219 2233
f 4333 4304 4303
f 4333 4334 4304
f 4303 4302 4333
f 4371 4334 4333
f 4275 4268 4277
f 4280 4298 4277
f 4298 4297 4277
f 4277 4271 4280
f 4268 4271 4277
f 4374 4373 4353
f 4353 4360 4374
f 4374 4334 4373
f 4374 4360 4334
f 4409 4373 4372
f 4372 4410 4409
f 4409 4410 4373
f 4421 4411 4423
f 4411 4410 4423
f 3390 4421 4423
f 4423 4410 3390
f 3397 3386 3392
f 3392 4410 3397
f 3392 3386 3378
f 1538 1505 1535
f 1466 1505 1506
f 1425 1442 1443
f 1443 1442 1466
f 3359 3354 3358
f 3367 3369 3359
f 4345 4463 4464
f 4464 4343 4345
f 4463 4343 4464
f 4341 4380 4342
f 4341 4342 4309
f 4341 4379 4380
f 4340 4379 4341
f 4309 4308 4341
f 4308 4340 4341
f 4339 4308 4337
f 4339 4340 4308
f 4339 4337 4378
f 4378 4340 4339
f 1953 1952 1963
f 1957 1958 1947
f 1957 1956 1953
f 1957 1947 1956
f 1953 1963 1957
f 1957 1963 1958
f 3811 3805 3810
f 3811 3814 3806
f 3806 3805 3811
f 2897 3819 2896
f 3810 3820 3821
f 3821 3811 3810
f 3814 3811 3821
f 3821 3815 3814
f 3806 3815 3812
f 3812 3815 3822
f 3822 3823 3812
f 3823 3824 3812
f 3849 3858 3848
f 3849 3863 3860
f 4414 4379 3857
f 3842 4415 4414
f 4414 3857 3842
f 3842 3857 3843
f 3843 4404 3842
f 3842 4404 4415
f 4381 4380 4414
f 4414 4415 4381
f 4415 4404 4381
f 4342 4380 4381
f 4381 4382 4342
f 4367 4382 4381
f 4381 4404 4367
f 1869 1852 1851
f 1851 1852 1826
f 1850 1869 1851
f 1851 1826 1850
f 1872 1852 1871
f 1872 1859 1852
f 1853 1840 1839
f 1839 1828 1853
f 1839 1840 1810
f 1839 1810 1830
f 1830 1828 1839
f 1830 1799 1829
f 1829 1828 1830
f 1799 1828 1829
f 1873 1875 1874
f 1873 1880 1875
f 2892 2891 2879
f 2879 2878 2892
f 2892 2878 2891
f 1865 1881 1866
f 1865 1866 1850
f 1850 2915 1865
f 2891 1881 2895
f 2879 2891 2895
f 2895 2893 2879
f 1881 1865 2895
f 2915 2893 2895
f 2895 1865 2915
f 2913 2939 2940
f 2940 3804 2913
f 2940 3802 3803
f 2948 3802 2940
f 2921 2948 2940
f 2940 2939 2921
f 3813 3807 3806
f 3806 3812 3813
f 3813 3812 3824
f 3825 3824 3823
f 3825 3813 3824
f 1776 3884 3902
f 3899 3884 3898
f 3898 3925 3899
f 3925 1773 3899
f 3928 1679 3924
f 3924 3903 3928
f 4377 4413 3880
f 3880 4413 4412
f 4412 4413 4376
f 4376 4413 4377
f 4376 4337 4335
f 4376 4377 4337
f 3878 3890 3879
f 3879 3890 3882
f 3882 3873 3879
f 3879 3867 3878
f 3868 3867 3879
f 3879 3873 3868
f 4316 4292 4315
f 4316 4306 4292
f 4335 4306 4316
f 4316 4352 4335
f 4315 4351 4316
f 4351 4352 4316
f 4310 4349 4346
f 4346 4347 4310
f 4349 4347 4346
f 4314 4347 4350
f 4314 4315 4291
f 4291 4289 4314
f 4350 4351 4314
f 4314 4351 4315
f 4290 4291 4274
f 4274 4289 4290
f 4290 4289 4291
f 4287 4273 4286
f 4287 4284 4273
f 4287 4286 4311
f 4311 4284 4287
f 4285 4288 4274
f 4285 4284 4288
f 4274 4273 4285
f 4273 4284 4285
f 1949 4258 4263
f 4258 4270 4263
f 4263 4264 1949
f 4263 4273 4264
f 4263 4270 4273
f 4283 1965 1966
f 4282 4283 1966
f 1966 1965 1964
f 1964 1961 1966
f 1966 4272 4282
f 1966 1961 4272
f 1959 4265 4262
f 4262 4265 4272
f 4510 4485 4511
f 4511 4487 4510
f 4510 4487 4485
f 4486 4487 4468
f 4468 4485 4486
f 4468 4465 4450
f 4450 4467 4468
f 4467 4485 4468
f 4512 4487 4509
f 4488 4487 4512
f 4512 4509 4508
f 4508 4492 4512
f 4472 4487 4488
f 4488 4207 4472
f 1955 1944 1954
f 4210 1944 1955
f 1954 1956 1955
f 1956 1946 1955
f 4454 4207 4208
f 4454 4472 4207
f 4463 4451 4469
f 4385 4343 4469
f 4469 4343 4463
f 4469 1947 4385
f 4469 4451 1947
f 4441 4208 1956
f 1956 4451 4441
f 915 914 860
f 860 863 800
f 860 914 863
f 747 1475 798
f 1475 859 798
f 943 881 880
f 882 859 816
f 816 881 882
f 816 859 1445
f 3944 3946 3949
f 3942 3946 3944
f 3949 3950 3944
f 1430 1448 1431
f 1430 1429 1448
f 1455 1448 1456
f 1456 1433 1455
f 1340 1300 1294
f 1300 1295 1294
f 1413 1405 1406
f 1406 1405 1397
f 1397 1392 1395
f 1431 1434 1420
f 1420 1419 1431
f 1420 1434 1422
f 1422 1421 1420
f 1407 1419 1420
f 1429 1430 1414
f 1407 1405 1414
f 1405 1413 1414
f 1428 1429 1414
f 1414 1413 1428
f 1414 1430 1431
f 1472 1473 1445
f 3382 1389 3393
f 3393 3400 3401
f 3393 1392 3400
f 3393 1389 1392
f 3394 3382 3393
f 3401 3398 3393
f 3393 3398 3394
f 1392 1389 1391
f 1395 1392 1391
f 1390 1389 1340
f 1394 1391 1390
f 1390 1391 1389
f 298 245 244
f 298 299 245
f 295 299 298
f 300 299 301
f 245 299 300
f 300 301 246
f 246 245 300
f 244 188 187
f 187 188 123
f 123 122 187
f 122 186 187
f 189 245 246
f 189 188 245
f 123 188 189
f 246 190 189
f 189 190 125
f 243 186 211
f 243 242 244
f 211 242 243
f 244 187 243
f 243 187 186
f 182 242 211
f 356 293 355
f 356 295 294
f 294 293 356
f 294 295 241
f 241 239 294
f 1516 2888 1515
f 1515 2936 1516
f 1515 2888 2910
f 2910 2936 1515
f 1552 1551 1602
f 1602 1551 1601
f 1602 1650 1651
f 1602 1601 1599
f 1599 1650 1602
f 1602 1603 1552
f 1653 1603 1602
f 1651 1709 1710
f 1557 1519 1556
f 1556 1555 1557
f 1519 1555 1556
f 1586 1541 1585
f 1585 1632 1586
f 1541 1584 1585
f 1584 1632 1585
f 1718 1717 1733
f 1731 1684 1733
f 69 115 116
f 116 117 69
f 233 236 176
f 236 234 176
f 176 234 235
f 115 114 176
f 235 177 176
f 176 177 115
f 175 174 233
f 175 114 174
f 233 176 175
f 175 176 114
f 240 178 239
f 152 1539 1507
f 1507 1539 1508
f 1508 57 1507
f 1578 1539 152
f 1579 1539 1578
f 262 1579 1578
f 1578 152 212
f 212 262 1578
f 118 180 119
f 119 182 120
f 1464 1437 1462
f 1564 1528 1527
f 1527 1528 1498
f 1460 1497 1498
f 1496 1460 1499
f 1499 1497 1496
f 1496 1497 1460
f 1525 1529 1561
f 1561 1562 1525
f 1615 1616 1561
f 1561 1616 1562
f 1549 1529 1523
f 1549 1511 1548
f 1549 1523 1522
f 1522 1511 1549
f 1671 1723 1724
f 1670 1723 1671
f 1671 1673 1622
f 1724 1673 1671
f 1667 1666 1669
f 1666 1723 1669
f 1669 1723 1670
f 1527 1565 1566
f 1566 1565 1613
f 1621 1669 1670
f 1621 1622 1571
f 1571 1570 1621
f 1621 1671 1622
f 1670 1671 1621
f 1544 1543 1590
f 1509 1544 1545
f 1543 1544 1509
f 1509 19 39
f 1509 39 1542
f 1542 1547 1509
f 1547 1543 1509
f 1635 1691 1637
f 1635 1588 1636
f 1637 1589 1635
f 1589 1588 1635
f 1640 1661 1615
f 1643 1661 1640
f 1663 1700 1720
f 1720 1666 1663
f 1666 1665 1663
f 1663 1665 1660
f 1663 1660 1615
f 1697 1638 1696
f 1697 1744 1745
f 1696 1744 1697
f 1591 1593 1545
f 1545 1544 1591
f 1590 1638 1591
f 1591 1544 1590
f 1748 1750 1702
f 1702 1701 1748
f 1748 1701 1749
f 1848 1844 1843
f 1742 1788 1791
f 1820 1821 1791
f 1791 1821 1815
f 1634 1645 1636
f 1636 1588 1634
f 1634 1588 1587
f 1703 1701 1645
f 1749 1701 1703
f 1817 1833 1806
f 1815 1833 1817
f 1744 1793 1746
f 1745 1744 1746
f 1721 1747 1746
f 1746 1697 1745
f 1747 1697 1746
f 1769 1770 1725
f 1767 1722 1721
f 1721 1746 1767
f 1767 1746 1793
f 1790 1789 1816
f 1816 1789 1815
f 1816 1817 1790
f 1815 1817 1816
f 1835 1847 1854
f 1854 1873 1874
f 1854 1855 1835
f 1874 1855 1854
f 1847 1815 1846
f 1815 1845 1846
f 1846 1854 1847
f 1861 1845 1860
f 1860 1859 1861
f 1796 1795 1750
f 1811 1780 1810
f 1811 1812 1780
f 1811 1810 1842
f 1842 1812 1811
f 1781 1734 1780
f 1780 1812 1781
f 1759 1738 1760
f 1760 1710 1759
f 1761 1710 1760
f 1780 1734 1782
f 1734 1738 1782
f 1810 1780 1782
f 1785 1810 1782
f 1782 1738 1785
f 1644 1633 1645
f 1644 1595 1633
f 3896 3884 3895
f 3884 3883 3895
f 3895 3893 3896
f 3895 3883 3893
f 1625 1676 1677
f 1677 1676 1729
f 1677 1729 1726
f 1726 1678 1677
f 1677 1678 1625
f 1675 1676 1625
f 1675 1673 1725
f 1625 1673 1675
f 1725 1727 1675
f 1727 1676 1675
f 1307 1249 1306
f 1304 1248 1247
f 1174 1246 1247
f 1247 1248 1174
f 3526 3527 3513
f 3513 3525 3526
f 3527 3528 3513
f 3513 3528 3529
f 3512 3525 3513
f 3513 3507 3512
f 1244 1295 1300
f 1300 1301 1244
f 1244 1301 1246
f 3502 3501 3370
f 3370 3505 3502
f 3504 3501 3502
f 3502 3505 3504
f 1353 4020 1311
f 1353 1351 1362
f 3993 4022 3994
f 3948 3944 3951
f 3951 3944 3950
f 3996 4026 4027
f 3996 4022 4025
f 4025 4026 3996
f 4027 4020 3998
f 1386 3942 3939
f 1362 1351 1363
f 1310 1311 1254
f 1198 1268 1199
f 1198 1197 1265
f 1267 1268 1198
f 1199 1129 1198
f 1129 1197 1198
f 1367 1373 1368
f 1016 1013 1092
f 941 1013 1016
f 942 880 941
f 943 880 942
f 943 942 1015
f 941 1014 1015
f 1015 942 941
f 1350 1343 1306
f 1306 1349 1350
f 4059 4057 4030
f 4030 1256 4059
f 1312 1256 1255
f 1312 1255 1311
f 1311 4057 1312
f 4057 4059 1312
f 1312 4059 1256
f 1185 1113 1184
f 1186 1113 1185
f 1184 1256 1185
f 1185 1256 1186
f 3978 3979 3967
f 4005 3980 4004
f 4005 4006 3980
f 4004 4035 4005
f 4005 4035 4036
f 4036 4006 4005
f 4037 4007 4036
f 4037 4038 4007
f 4037 4036 4011
f 4011 4038 4037
f 2460 2459 2483
f 2460 2483 2484
f 2484 2485 2460
f 2460 2486 2487
f 2485 2486 2460
f 1038 1113 1106
f 1112 1113 1038
f 1031 1036 1107
f 1111 1182 1112
f 1112 1038 1111
f 1111 1038 1037
f 1110 1137 1180
f 1180 1181 1110
f 1193 1123 1130
f 1193 1137 1123
f 1193 1180 1137
f 1124 1137 1061
f 1123 1137 1124
f 1061 1051 1124
f 1051 1050 1124
f 1124 1050 1123
f 1130 1196 1201
f 1201 1196 1199
f 1199 1181 1201
f 1107 1110 1179
f 1110 1181 1179
f 1179 1181 1182
f 1179 1111 1107
f 1182 1111 1179
f 1061 1036 1035
f 1035 1034 1061
f 503 529 504
f 504 487 503
f 505 487 504
f 530 504 529
f 530 559 560
f 560 561 530
f 505 504 530
f 531 505 530
f 530 561 531
f 557 553 587
f 587 590 557
f 557 528 553
f 529 528 557
f 596 594 639
f 681 643 680
f 681 717 718
f 599 598 600
f 599 563 598
f 600 565 599
f 598 563 597
f 597 563 560
f 560 596 597
f 981 920 975
f 981 918 920
f 975 1052 981
f 981 919 918
f 821 885 886
f 886 885 883
f 866 802 865
f 865 919 866
f 817 802 866
f 866 883 817
f 985 1034 1026
f 945 886 883
f 984 983 985
f 985 919 984
f 984 919 983
f 708 709 675
f 675 707 708
f 674 707 675
f 675 638 674
f 676 638 675
f 675 709 676
f 639 678 640
f 640 678 679
f 640 596 639
f 763 823 764
f 764 823 822
f 764 825 765
f 764 713 763
f 765 713 764
f 887 945 946
f 886 945 887
f 824 822 821
f 824 764 822
f 825 764 824
f 821 886 824
f 886 887 824
f 826 825 767
f 767 765 826
f 766 765 767
f 719 717 767
f 767 717 766
f 680 679 714
f 679 713 714
f 716 681 680
f 717 681 716
f 476 490 477
f 477 467 476
f 468 462 461
f 461 467 468
f 468 467 477
f 478 479 468
f 468 477 478
f 479 472 468
f 472 462 468
f 2466 2468 2441
f 2441 2440 2466
f 2466 2440 2465
f 793 853 794
f 793 792 853
f 793 794 743
f 743 792 793
f 910 970 911
f 911 854 910
f 911 912 858
f 970 912 911
f 1115 1116 1039
f 1115 1187 1116
f 2224 2223 2583
f 2583 2572 2224
f 2581 2572 2583
f 2583 2595 2581
f 2289 2264 1334
f 1334 2261 2289
f 2289 2261 2264
f 1330 1271 1329
f 1329 1355 1330
f 1271 1314 1329
f 1329 1314 1355
f 1260 1258 1257
f 1313 1314 1257
f 1257 2221 1313
f 2214 2221 1257
f 1277 1214 1213
f 1213 1276 1277
f 1214 1147 1213
f 1212 1276 1213
f 1147 1143 1213
f 1213 1143 1212
f 899 839 898
f 959 1039 961
f 961 1039 1040
f 1040 1041 961
f 1041 962 961
f 909 852 906
f 852 851 906
f 906 965 909
f 852 789 788
f 788 851 852
f 789 741 788
f 780 843 844
f 779 843 780
f 731 779 780
f 776 731 780
f 780 781 776
f 790 792 791
f 791 741 790
f 791 792 743
f 743 741 791
f 743 699 742
f 742 741 743
f 699 667 698
f 698 742 699
f 741 742 698
f 690 729 732
f 776 781 732
f 732 729 776
f 653 654 607
f 689 690 653
f 690 654 653
f 655 654 690
f 690 656 655
f 655 656 610
f 610 609 655
f 609 654 655
f 1068 1143 1144
f 1144 1145 1068
f 1144 1143 1146
f 1146 1145 1144
f 1219 1150 1220
f 1220 1218 1219
f 1070 1147 1148
f 1219 1218 1148
f 1148 1217 1219
f 1147 1217 1148
f 1149 1150 1070
f 1070 1148 1149
f 1149 1148 1218
f 1149 1220 1150
f 1218 1220 1149
f 1065 1064 1141
f 1141 1067 1065
f 1067 1066 1065
f 1065 989 1064
f 1065 1066 989
f 1262 1261 1206
f 1206 1192 1262
f 1190 1261 1262
f 1262 1192 1190
f 989 988 1048
f 1062 989 1048
f 971 1047 1048
f 1048 988 971
f 1048 1122 1062
f 1047 1122 1048
f 1121 1192 1138
f 1138 1063 1062
f 1138 1192 1139
f 1139 1063 1138
f 1062 1118 1138
f 1118 1121 1138
f 1119 1118 1062
f 1062 1122 1119
f 1044 1118 1119
f 1119 1120 1044
f 1119 1122 1120
f 924 925 867
f 867 923 924
f 924 923 925
f 869 925 926
f 927 870 926
f 926 870 869
f 994 927 993
f 993 1069 994
f 930 870 929
f 870 928 929
f 995 930 929
f 929 998 995
f 929 928 927
f 927 994 929
f 91 92 56
f 149 97 96
f 96 91 149
f 55 91 56
f 33 32 55
f 56 34 55
f 55 34 33
f 53 84 54
f 84 89 54
f 54 55 32
f 31 53 54
f 54 32 31
f 28 27 49
f 27 48 49
f 47 46 78
f 78 48 47
f 78 46 45
f 265 263 214
f 265 264 322
f 214 264 265
f 322 320 265
f 320 263 265
f 270 263 319
f 319 263 320
f 324 268 326
f 267 268 324
f 325 373 326
f 326 268 325
f 218 264 214
f 214 156 218
f 216 267 218
f 161 106 105
f 79 78 139
f 48 78 79
f 205 138 137
f 255 257 204
f 204 203 255
f 137 203 204
f 204 205 137
f 105 104 158
f 158 104 103
f 2369 2364 2362
f 2362 2367 2340
f 2367 2368 2340
f 2340 2369 2362
f 2343 2369 2340
f 2368 2344 2340
f 2227 3755 3742
f 2227 2248 3755
f 3780 2248 2227
f 2247 3780 2227
f 2227 2226 2247
f 2246 2226 2245
f 2245 2251 2246
f 2245 2275 2251
f 2245 2274 2275
f 2243 2226 2225
f 2274 2245 2243
f 2243 2245 2226
f 2242 2243 2225
f 2303 1231 1228
f 1228 1227 2303
f 1229 1157 1228
f 1228 1231 1229
f 1229 1231 1161
f 1158 1157 1229
f 1226 1289 1290
f 1290 1227 1226
f 1336 1279 2295
f 1281 1279 1336
f 1336 2336 1281
f 2295 2336 1336
f 271 330 272
f 101 154 155
f 155 156 101
f 154 156 155
f 217 154 216
f 217 156 154
f 216 218 217
f 217 218 156
f 328 327 377
f 377 324 326
f 327 324 377
f 326 370 377
f 377 412 376
f 376 328 377
f 370 409 377
f 408 412 377
f 377 409 408
f 2151 2181 2182
f 2152 2131 2151
f 2151 2131 2130
f 394 426 390
f 394 385 425
f 393 385 394
f 456 455 3616
f 3616 452 456
f 456 452 453
f 456 445 455
f 2110 2109 449
f 2089 2109 2110
f 2111 2089 2110
f 2110 451 2111
f 449 451 2110
f 427 450 428
f 428 450 436
f 391 342 390
f 457 2131 2152
f 3585 3591 3592
f 3592 3586 3585
f 3585 3590 3591
f 3585 3586 3583
f 2119 3590 3585
f 3583 2096 3585
f 3585 2096 2119
f 2106 3590 2119
f 2106 2089 3602
f 2107 2089 2106
f 2106 2126 2107
f 3592 3591 3603
f 3591 3590 3603
f 3603 3590 3602
f 3602 3609 3603
f 3614 3619 3608
f 3624 3619 3614
f 444 443 3637
f 3613 3602 444
f 3613 3614 3602
f 3613 3623 3624
f 3624 3614 3613
f 2107 2126 2127
f 2127 2126 2118
f 2127 2128 2107
f 2127 2118 2140
f 2140 2128 2127
f 2140 2118 2139
f 230 280 281
f 276 280 230
f 230 229 276
f 226 171 230
f 171 229 230
f 419 418 444
f 444 445 419
f 447 456 453
f 3607 3596 3606
f 3621 3612 3620
f 3612 3611 3620
f 3620 3619 3621
f 3608 3619 3620
f 3620 3611 3608
f 3600 3601 3589
f 3621 3630 3631
f 3631 3632 3621
f 3621 3632 3633
f 3640 3626 3630
f 3594 3587 3593
f 3593 3601 3594
f 3594 3601 3604
f 3604 3596 3594
f 4113 4114 4109
f 4109 4112 4113
f 3607 4112 4109
f 3604 3612 3617
f 3247 4203 4205
f 3328 3606 3596
f 3328 4112 3607
f 3607 3606 3328
f 4121 4112 3328
f 4089 4102 4090
f 4089 4101 4099
f 4099 4102 4089
f 4249 4445 4241
f 4243 4230 4236
f 4236 4230 4231
f 4211 4218 4219
f 4218 4230 4219
f 4219 4220 4211
f 4231 4218 4229
f 2140 2160 2161
f 2191 4181 2203
f 4143 4156 4157
f 4157 4156 4163
f 4157 4089 4143
f 4101 4089 4157
f 4099 4101 4157
f 4175 4166 4178
f 4178 4176 4175
f 4166 4176 4178
f 4099 4176 4177
f 4177 4176 4166
f 4444 4445 4249
f 4430 4241 4445
f 1221 1223 1154
f 1221 1222 1151
f 1154 1222 1221
f 1151 1219 1221
f 1219 1223 1221
f 8 15 16
f 16 9 8
f 1 3725 3
f 2213 3725 1
f 316 257 255
f 314 312 315
f 315 312 371
f 253 314 315
f 315 313 253
f 255 313 315
f 315 316 255
f 315 371 370
f 315 370 373
f 373 325 315
f 315 325 268
f 315 268 323
f 369 312 368
f 370 312 369
f 368 409 369
f 369 409 370
f 311 251 310
f 311 312 251
f 310 367 311
f 311 367 366
f 366 368 311
f 368 312 311
f 253 250 309
f 250 252 309
f 309 312 253
f 251 312 309
f 309 252 251
f 3739 3740 3724
f 3739 3756 3740
f 3724 3738 3739
f 3739 3738 3755
f 3755 3756 3739
f 2213 1 2216
f 2226 2227 2216
f 2216 3738 2213
f 2216 2227 3742
f 3742 3738 2216
f 43 23 22
f 42 43 22
f 22 13 3758
f 22 23 13
f 3758 3779 22
f 22 3778 3784
f 3779 3778 22
f 202 136 134
f 202 203 136
f 256 198 255
f 255 203 256
f 3660 3649 3648
f 3660 3661 3649
f 3677 3695 3674
f 3674 3661 3677
f 3673 3672 3674
f 3674 3695 3673
f 3674 3672 3658
f 3658 3661 3674
f 403 3686 3685
f 3686 3663 3685
f 438 403 3685
f 3685 3663 438
f 438 3663 3653
f 3653 3663 3650
f 3653 3635 438
f 3653 3650 3635
f 2917 2899 2898
f 2898 2899 4440
f 2898 3819 2897
f 4440 3819 2898
f 2881 2904 2882
f 2882 2868 2881
f 4520 2905 2883
f 4518 4494 4517
f 4217 4229 4218
f 4217 4218 4211
f 4209 4513 4491
f 4491 4512 4492
f 4513 4512 4491
f 4508 4483 4507
f 4507 4492 4508
f 4507 4514 4492
f 4483 2982 4506
f 4506 4507 4483
f 4514 4507 4506
f 3224 3225 3218
f 3218 3225 3219
f 4213 3216 3218
f 3218 3219 4213
f 3221 3228 3230
f 3230 3231 3221
f 4098 4108 4183
f 4183 4182 4098
f 4214 4096 4105
f 4214 4182 4213
f 4213 4223 4214
f 4165 4166 4150
f 4165 4164 4166
f 4104 4103 4108
f 4090 4103 4104
f 4088 4165 4150
f 4164 4165 4088
f 4166 4164 4088
f 4099 4177 4088
f 4088 4177 4166
f 4193 4194 4187
f 4196 4194 4193
f 4147 4088 4150
f 4198 4088 4147
f 3252 3277 3249
f 3252 3249 3230
f 3308 3305 3330
f 3707 3689 3688
f 3689 3669 3688
f 3688 3706 3707
f 3688 3669 3736
f 3278 3305 3306
f 3306 3301 3278
f 3279 3301 3306
f 3306 3305 3308
f 4195 4196 4188
f 4195 4194 4196
f 4188 4187 4195
f 4187 4194 4195
f 3787 3788 3799
f 3752 3772 3773
f 3772 3788 3773
f 3773 3787 3771
f 3788 3787 3773
f 3791 3351 3782
f 3340 3351 3791
f 3782 3781 3791
f 3341 3760 3342
f 3342 3322 3341
f 3340 3791 3341
f 3341 3791 3781
f 3341 3321 3340
f 3322 3321 3341
f 3315 3286 3314
f 3314 3316 3315
f 3315 3316 3286
f 3288 3287 3318
f 3287 3316 3318
f 3290 3288 3318
f 3318 3316 3290
f 2373 2347 2346
f 2346 2347 2307
f 2307 2345 2346
f 2345 2372 2346
f 2346 2374 2373
f 2346 2372 2374
f 2348 2347 2349
f 2308 2350 2351
f 2349 2350 2308
f 2308 2348 2349
f 2307 2347 2308
f 2347 2348 2308
f 3743 2249 3744
f 3744 3353 3743
f 3744 2249 2228
f 2228 2217 3718
f 2229 2252 2230
f 2230 2217 2229
f 2254 3437 2230
f 2217 2230 2231
f 2231 2230 3437
f 3335 3337 3349
f 3797 3337 3335
f 3799 3801 3797
f 3797 3787 3799
f 3722 3723 3333
f 3333 3331 3722
f 3333 3311 3332
f 3332 3331 3333
f 3311 3331 3332
f 3304 3305 3278
f 3304 3330 3305
f 3271 3295 3281
f 3281 3252 3271
f 3281 3302 3277
f 3277 3252 3281
f 3295 3659 3671
f 3671 3659 3657
f 2978 2983 2979
f 2979 2960 2978
f 2978 2960 2970
f 2970 2960 2959
f 2902 2880 2901
f 2923 2902 2901
f 2901 2905 2923
f 2883 2905 2901
f 2901 2880 2883
f 2949 2924 2923
f 1647 2930 2954
f 2954 1646 1647
f 2930 1646 2954
f 2951 2952 2930
f 2931 2955 2951
f 2972 2952 2951
f 110 108 64
f 163 108 110
f 101 156 153
f 153 156 214
f 166 223 163
f 163 110 166
f 166 110 157
f 166 225 223
f 214 263 213
f 213 153 214
f 157 153 213
f 351 288 287
f 351 287 286
f 286 285 351
f 351 285 349
f 290 234 289
f 234 288 289
f 354 305 307
f 290 305 354
f 354 355 290
f 363 305 362
f 306 305 363
f 397 362 349
f 343 342 281
f 343 389 342
f 343 281 340
f 393 394 343
f 340 385 343
f 343 385 393
f 231 228 275
f 226 230 275
f 275 227 226
f 228 227 275
f 2864 2860 2859
f 2864 2876 2092
f 2863 2862 2871
f 2871 2872 2863
f 2859 2862 2863
f 2863 2864 2859
f 2886 2909 2910
f 2885 2908 2886
f 2908 2909 2886
f 2886 2871 2885
f 2886 2872 2871
f 2165 2196 2166
f 2166 2141 2165
f 2164 192 191
f 191 2196 2164
f 2196 2165 2164
f 2164 2142 192
f 2164 2165 2141
f 2141 2142 2164
f 1611 122 128
f 128 122 73
f 437 436 2152
f 2152 2183 437
f 2180 2183 2152
f 2152 2151 2180
f 2180 2151 2182
f 2166 303 304
f 303 359 304
f 127 2098 126
f 127 2120 2098
f 2142 2120 127
f 126 192 127
f 192 2142 127
f 2141 2143 2121
f 2121 2120 2141
f 2121 2124 2122
f 2143 2124 2121
f 2082 2091 2092
f 4495 4479 4500
f 4455 4475 4459
f 4448 4437 4447
f 4447 4455 4459
f 2869 2870 2861
f 2870 2865 2861
f 2861 2868 2869
f 2859 4438 2861
f 2861 2865 2859
f 2103 2088 2102
f 2102 2088 2101
f 2101 2123 2102
f 4175 4176 4162
f 4162 4176 4163
f 2144 2145 2123
f 2144 2124 2148
f 2123 2124 2144
f 2103 2102 4118
f 4118 2102 4132
f 4118 2088 2103
f 4428 4438 2859
f 2859 2081 4428
f 2427 2454 4010
f 4011 2403 4010
f 2402 2427 4010
f 4010 2403 2402
f 2457 3981 2454
f 2457 2454 2453
f 2453 2459 2457
f 3967 3981 2457
f 840 778 777
f 778 730 777
f 774 777 730
f 840 777 774
f 774 839 840
f 545 516 544
f 575 545 544
f 544 574 575
f 544 543 574
f 544 516 515
f 515 543 544
f 495 480 486
f 486 472 479
f 486 480 472
f 481 495 496
f 481 480 495
f 469 480 481
f 481 482 469
f 496 497 481
f 481 497 482
f 502 526 527
f 517 495 502
f 502 527 517
f 514 526 502
f 495 486 502
f 555 526 554
f 527 526 555
f 555 554 589
f 589 556 555
f 556 527 555
f 604 606 568
f 567 606 604
f 540 574 542
f 540 573 574
f 539 573 540
f 540 542 513
f 513 541 540
f 540 511 539
f 540 541 511
f 587 586 632
f 671 630 626
f 626 625 671
f 630 627 626
f 627 582 626
f 582 625 626
f 464 471 465
f 464 463 471
f 464 465 460
f 460 463 464
f 484 471 483
f 484 485 471
f 484 500 485
f 525 500 499
f 500 484 499
f 499 484 483
f 550 520 549
f 549 520 548
f 549 583 550
f 548 582 549
f 582 583 549
f 550 523 522
f 522 520 550
f 584 583 628
f 584 552 550
f 550 583 584
f 3498 3488 3496
f 3496 3487 3497
f 3496 3488 3487
f 3497 3486 3496
f 3496 3500 3498
f 3496 3495 3500
f 3496 3486 3554
f 3554 3495 3496
f 4046 4057 1311
f 4046 4047 4057
f 1311 4020 4046
f 4020 4047 4046
f 1186 1256 4058
f 4058 4029 1186
f 1256 4029 4058
f 3979 4001 4000
f 1186 4029 4000
f 3980 3979 4000
f 4000 4002 3980
f 4000 4029 4030
f 4030 4031 4000
f 4031 4002 4000
f 4004 3980 4003
f 3980 4002 4003
f 4003 4034 4004
f 4003 4002 4034
f 3134 3135 3125
f 3111 3124 3125
f 3125 3124 3134
f 3125 3126 3111
f 3125 3135 3126
f 3139 3134 3138
f 3139 3135 3134
f 3138 3146 3139
f 3139 3146 3140
f 3140 3135 3139
f 3114 3127 3128
f 3128 3127 4081
f 4080 3114 3128
f 3128 4081 4080
f 2512 2506 2538
f 2506 2505 2538
f 2538 2537 2512
f 2538 2505 2537
f 3412 3416 3417
f 3412 2536 3416
f 3412 3417 3413
f 3412 3413 3408
f 3408 2550 3412
f 2550 2536 3412
f 3130 3131 3118
f 3118 3117 3130
f 3145 4075 4074
f 4074 3146 3145
f 3145 3146 3138
f 3138 3137 3143
f 3143 3137 3142
f 4042 4012 4011
f 4011 4041 4042
f 3099 3421 3075
f 2415 2401 3426
f 3426 3421 3425
f 3424 2415 3426
f 3426 3425 3424
f 2417 2401 3424
f 2417 2418 2401
f 2401 2418 2419
f 2451 2421 2419
f 2419 2450 2451
f 2419 2449 2450
f 2419 2418 2449
f 1939 1940 1932
f 1932 3123 1939
f 3122 1940 1939
f 1939 3123 3122
f 3083 3084 3068
f 3082 3083 3068
f 3068 3081 3082
f 3067 3079 3068
f 3068 3079 3081
f 3056 3067 3068
f 3068 3084 3070
f 3038 3016 3015
f 3015 3014 3038
f 3015 2387 3014
f 2994 2995 2473
f 2986 2994 2473
f 2503 2986 2473
f 2446 2472 2473
f 2472 2503 2473
f 3036 3014 3012
f 3011 3036 3012
f 3012 2995 3011
f 3012 3014 2400
f 2400 2995 3012
f 2397 2390 2398
f 2398 2399 2397
f 3237 3238 3224
f 3224 3236 3237
f 3223 3234 3224
f 3224 3218 3223
f 3223 3218 3222
f 3223 3233 3234
f 3280 3254 3253
f 3253 3251 3280
f 3254 3235 3253
f 3235 3234 3253
f 3253 3233 3251
f 3234 3233 3253
f 3156 3157 3150
f 3156 3154 3157
f 1990 1991 1981
f 1981 1991 1992
f 3167 3157 3166
f 3157 3154 3166
f 3166 3185 3167
f 3154 1981 3166
f 2004 1991 2003
f 2003 2024 2004
f 2004 2006 1992
f 2028 2006 2004
f 2004 2027 2028
f 2023 2025 2004
f 2004 2024 2023
f 2004 2025 2026
f 2026 2027 2004
f 3180 3164 2059
f 2059 3179 3180
f 3180 3181 3164
f 3210 3200 3190
f 3210 3190 3208
f 3207 3214 3210
f 3164 3181 3182
f 3195 3202 3203
f 3207 3204 3203
f 3203 3214 3207
f 3203 3202 3214
f 3178 3179 3163
f 3178 3163 3162
f 3005 1892 3007
f 3007 2993 3005
f 1901 1899 1902
f 1901 1893 1899
f 1902 1891 1901
f 1891 1893 1901
f 1903 1911 1912
f 1905 1894 1904
f 1904 1911 1905
f 1904 1912 1911
f 1904 1894 1903
f 1903 1912 1904
f 1910 1903 1915
f 1910 1911 1903
f 1915 1923 1910
f 3405 3005 3404
f 3005 2992 3404
f 3404 3403 3405
f 3404 2992 3403
f 3010 3027 3011
f 3010 3006 3027
f 3011 2995 3010
f 3010 2995 2994
f 2994 3006 3010
f 2406 476 467
f 490 476 2406
f 2827 2815 2814
f 2827 2814 2788
f 2830 2815 2827
f 2827 2783 2830
f 2827 2788 2828
f 2828 2783 2827
f 2752 2783 2753
f 2752 2714 686
f 2753 2714 2752
f 686 2829 2785
f 2829 2783 2785
f 2785 2752 686
f 2783 2752 2785
f 2812 2811 2774
f 2810 2809 2774
f 2774 2809 2812
f 2774 2811 2775
f 2774 2773 2810
f 2775 2740 2774
f 2740 2773 2774
f 2622 2630 2022
f 2622 2621 2630
f 2022 2609 2622
f 2622 2609 2604
f 2604 2621 2622
f 2558 2552 2557
f 2552 2556 2557
f 2557 2568 2558
f 2570 2568 2557
f 2557 2569 2570
f 2557 2556 2566
f 2566 2569 2557
f 2604 2587 2603
f 2603 2618 2604
f 2603 2602 2618
f 2601 2602 2586
f 2586 2584 2601
f 2602 2603 2586
f 2586 2603 2587
f 2593 2592 2609
f 2593 2578 2592
f 2594 2578 2593
f 2593 2021 2594
f 2609 2021 2593
f 2633 2650 2634
f 2634 2616 2633
f 2635 2616 2634
f 2636 2635 2654
f 2635 2634 2654
f 2654 2634 2650
f 2649 2628 2648
f 2649 2650 2628
f 2649 2654 2650
f 2636 2654 2649
f 2649 2655 2636
f 2648 2668 2649
f 2668 2655 2649
f 2628 2608 2627
f 2647 2648 2627
f 2648 2628 2627
f 2627 2646 2647
f 2627 2645 2646
f 2844 2807 2842
f 2844 2845 2807
f 2842 2858 2844
f 2844 2858 2846
f 2846 2845 2844
f 2737 2771 2738
f 2771 2772 2738
f 2738 2702 2737
f 2772 2773 2738
f 2818 2817 567
f 2813 2817 2818
f 2671 2699 490
f 2671 2700 2699
f 2672 2700 2671
f 2739 2740 2702
f 2739 2773 2740
f 2702 2738 2739
f 2739 2738 2773
f 2849 2854 2856
f 2849 2855 2838
f 2856 2855 2849
f 2838 2824 2849
f 2824 2836 2849
f 2836 2854 2849
f 2834 2852 2853
f 2853 2854 2836
f 2856 2854 2853
f 2853 2852 2856
f 2853 2836 2835
f 2835 2834 2853
f 2305 2306 2274
f 2305 2344 2306
f 2338 2337 2366
f 2337 2551 2366
f 2554 2552 2559
f 2554 2559 2288
f 2644 2645 2626
f 2607 2625 2626
f 2626 2625 2644
f 2626 2608 2607
f 2626 2627 2608
f 2645 2627 2626
f 2662 2684 2685
f 2685 2663 2662
f 2631 1039 2614
f 2224 2572 2582
f 2268 2241 2572
f 2572 2563 2268
f 2561 2552 2560
f 2561 2562 2552
f 2565 2577 2573
f 2573 2577 2584
f 2589 2577 2588
f 2589 2590 2577
f 2579 2571 2581
f 2581 2595 2579
f 2588 2577 2579
f 2579 2596 2588
f 2595 2596 2579
f 2564 2563 2572
f 2572 2571 2564
f 2564 2561 2560
f 2564 2571 2562
f 2562 2561 2564
f 2560 2298 2564
f 2298 2563 2564
f 2689 2723 2724
f 2689 2722 2723
f 2724 2725 2689
f 2689 2725 2726
f 2690 2665 2689
f 2689 2726 2690
f 2748 2784 2755
f 2755 2722 2748
f 2748 2783 2784
f 2748 2720 2749
f 2753 2783 2748
f 2749 2714 2748
f 2748 2714 2753
f 2782 2823 2781
f 2781 2745 2782
f 2789 2823 2782
f 2778 2760 2782
f 2782 2743 2778
f 2782 2745 2743
f 898 839 2686
f 2686 839 2662
f 2662 2682 2686
f 2665 2691 2688
f 2691 2719 2688
f 2688 2689 2665
f 2719 2689 2688
f 2011 1995 1994
f 1994 2010 2011
f 2011 1996 1995
f 2043 2012 2011
f 2012 1996 2011
f 2037 2038 2009
f 2009 2036 3120
f 3120 2037 2009
f 2009 2010 1993
f 1993 2008 2009
f 2008 2985 2009
f 2009 2985 2036
f 2075 2062 2059
f 2031 2006 2030
f 2031 2007 2006
f 3186 3185 3183
f 3183 3185 1992
f 1992 2007 3183
f 3164 3182 3183
f 3183 3182 3186
f 1968 2997 1967
f 2997 3019 1967
f 1967 3031 1968
f 1967 3019 3031
f 3018 2997 3017
f 3018 3019 2997
f 3017 3031 3018
f 3031 3019 3018
f 3016 2997 2996
f 2996 3015 3016
f 2387 3015 2996
f 3014 2387 3013
f 2400 3014 3013
f 3013 2399 2400
f 2732 2697 2731
f 3021 1969 2731
f 2731 2697 3021
f 2054 2053 2068
f 2054 2027 2053
f 2054 2068 2055
f 2055 2027 2054
f 2728 2761 2762
f 2762 2761 2760
f 2778 2742 2762
f 2762 2760 2778
f 2667 2692 2693
f 2693 2692 2728
f 2073 2713 2711
f 2713 2712 2711
f 2711 2077 2073
f 2678 2712 2713
f 2713 2696 2678
f 2678 2051 2656
f 2696 2051 2678
f 2656 2655 2675
f 2712 2675 2674
f 2709 2079 2674
f 2674 2711 2712
f 2077 2711 2674
f 2674 2708 2709
f 2674 2703 2704
f 2674 2707 2708
f 2673 2703 2674
f 2706 2707 2674
f 2674 2655 2673
f 2674 2675 2655
f 2704 2705 2674
f 2705 2706 2674
f 2744 2707 2706
f 2706 2745 2744
f 2779 2780 2744
f 2781 2779 2744
f 2744 2745 2781
f 2744 2780 2746
f 2746 2707 2744
f 2018 1998 2017
f 1998 2016 2017
f 2017 2049 2018
f 2017 2016 2049
f 1999 2019 2020
f 2020 2794 1999
f 1999 2794 1986
f 1999 1986 1998
f 1998 2019 1999
f 1976 1986 2791
f 1986 2794 2791
f 2791 1987 1976
f 2763 1987 2791
f 2791 2794 2763
f 2057 2058 2030
f 2057 2064 2058
f 2030 2056 2057
f 2056 2064 2057
f 2065 2056 2055
f 2065 2064 2056
f 2055 2045 2065
f 2045 2044 2065
f 2044 2064 2065
f 3201 3172 3200
f 3201 3202 3172
f 3214 3202 3201
f 3200 3210 3201
f 3201 3210 3214
f 3173 3172 3197
f 3197 3194 3173
f 3173 3194 3170
f 3173 3170 3160
f 3160 3172 3173
f 2313 2312 3441
f 3168 3192 3440
f 3440 3439 3168
f 3440 2312 3439
f 3440 3441 2312
f 2379 2376 2353
f 2353 2376 2352
f 2352 2313 2353
f 2313 2355 2353
f 3193 2349 3443
f 2349 2347 3443
f 3199 3213 3446
f 3446 3213 3193
f 3193 3443 3446
f 3212 2355 3191
f 3212 3211 3199
f 3191 3211 3212
f 2286 2259 2285
f 2286 2287 2259
f 3158 2287 2286
f 2610 2000 1988
f 2594 2021 2610
f 2021 2000 2610
f 2285 2259 3429
f 3429 2259 2255
f 2255 2233 3429
f 3150 3158 3429
f 2598 2219 2580
f 2598 1978 2219
f 2580 2597 2598
f 2598 2610 1988
f 2598 2597 2594
f 2594 2610 2598
f 4332 4333 4302
f 4301 4331 4332
f 4332 4302 4301
f 4331 4370 4332
f 4332 4370 4371
f 4371 4333 4332
f 4297 4317 4293
f 4293 4277 4297
f 4293 4317 4318
f 4318 4319 4293
f 4293 4319 4320
f 4293 4320 4294
f 4293 4294 4275
f 4275 4277 4293
f 3390 4410 3391
f 4410 3392 3391
f 3391 3378 3390
f 3391 3392 3378
f 1444 1426 1425
f 1425 1443 1444
f 3367 3380 1444
f 3376 1426 1444
f 1444 3380 3376
f 1468 1506 1505
f 1468 1444 1443
f 1505 3359 1468
f 1468 3359 3369
f 3354 3359 3360
f 3360 3359 1505
f 3358 3367 3368
f 3368 3359 3358
f 3367 3359 3368
f 1964 1958 1962
f 1958 1963 1962
f 1962 1963 1952
f 1962 1961 1964
f 1952 1961 1962
f 2897 2896 2918
f 2918 2896 3805
f 2921 2897 2918
f 2918 2948 2921
f 2918 3805 2948
f 3805 2896 3809
f 3809 2896 3819
f 3810 3805 3809
f 3809 3819 3810
f 3831 3820 3830
f 3831 3821 3820
f 3836 3848 3839
f 3836 3849 3848
f 3836 3828 3827
f 3839 3828 3836
f 3861 3849 3860
f 3858 3849 3861
f 3867 3858 3861
f 3843 3857 3850
f 3837 3845 3844
f 3843 3850 3844
f 3844 3850 3837
f 3845 3831 3844
f 3830 3843 3844
f 3844 3831 3830
f 2941 2940 3803
f 3804 2940 2941
f 3803 3807 2941
f 3807 3804 2941
f 3834 3825 3823
f 3823 3833 3834
f 3833 3847 3834
f 3834 3847 3841
f 3834 3841 3829
f 3829 3825 3834
f 3807 3813 3816
f 3813 3825 3816
f 3817 3807 3816
f 3816 3829 3817
f 3816 3825 3829
f 2963 2964 2943
f 2961 2962 2943
f 2943 2964 2965
f 2943 2960 2961
f 2943 2959 2960
f 2958 2962 2977
f 2958 2976 2969
f 2958 2969 2968
f 2977 2975 2958
f 2975 2976 2958
f 2968 2947 2958
f 2911 2912 2893
f 2913 2912 2911
f 3900 3899 1773
f 1776 3902 3900
f 3884 3899 3900
f 3900 1728 1776
f 3900 1773 1728
f 1674 1679 1626
f 1626 1624 1674
f 1575 1624 1626
f 1626 1576 1575
f 3886 1576 1626
f 1626 3903 3886
f 3878 3867 3877
f 3877 3880 3889
f 3889 3890 3877
f 3877 3890 3878
f 3891 3880 4412
f 4412 4418 3891
f 3891 4418 3914
f 4394 4412 4375
f 4412 4376 4375
f 4375 4376 4335
f 4335 4352 4375
f 4375 4395 4394
f 4375 4352 4395
f 4348 4347 4313
f 4347 4314 4313
f 4313 4314 4289
f 4310 4348 4313
f 4313 4289 4310
f 4272 1961 1960
f 1960 4262 4272
f 1959 4262 1960
f 1949 1959 1960
f 1960 1950 1949
f 1960 1961 1950
f 4489 4207 4488
f 4488 4512 4489
f 4210 1955 1945
f 1945 1955 1946
f 4487 4472 4471
f 4472 4454 4471
f 4453 4454 4208
f 4208 4441 4453
f 859 913 861
f 1059 1136 1126
f 1058 1134 1135
f 1135 1059 1058
f 1136 1059 1135
f 913 917 862
f 862 861 913
f 915 860 862
f 977 978 915
f 1053 978 977
f 1053 977 976
f 976 977 915
f 972 917 913
f 944 881 943
f 882 881 944
f 1022 972 944
f 944 913 882
f 944 972 913
f 1012 1013 939
f 940 1013 941
f 941 880 940
f 940 939 1013
f 880 939 940
f 815 880 881
f 881 816 815
f 1445 880 815
f 815 816 1445
f 1234 1417 1235
f 1447 1456 1448
f 1433 1456 1447
f 1447 1448 1428
f 1428 1433 1447
f 1416 1412 1235
f 1406 1412 1416
f 1235 1417 1416
f 1416 1417 1406
f 1235 1294 1292
f 1292 1294 1295
f 1402 1412 1406
f 1411 1412 1402
f 1398 1405 1407
f 1398 1397 1405
f 1398 1407 1399
f 1399 1392 1398
f 1392 1397 1398
f 1407 1420 1408
f 1408 1420 1421
f 1399 1407 1408
f 1408 1409 1399
f 1408 1421 1409
f 1418 1419 1407
f 1407 1414 1418
f 1431 1419 1418
f 1418 1414 1431
f 1476 1494 1471
f 1471 1445 1476
f 1471 1472 1445
f 1473 1472 1485
f 1472 1471 1485
f 1485 1453 1452
f 1485 1471 1494
f 1393 1390 1340
f 1394 1390 1393
f 1340 1294 1339
f 1339 1393 1340
f 1339 1401 1394
f 1394 1393 1339
f 1394 1401 1396
f 1396 1391 1394
f 1395 1391 1396
f 1396 1402 1395
f 244 295 297
f 297 298 244
f 295 298 297
f 124 189 125
f 124 71 123
f 123 189 124
f 235 290 291
f 290 355 291
f 293 292 291
f 291 355 293
f 237 178 235
f 235 291 237
f 237 291 292
f 151 211 152
f 152 93 151
f 93 121 151
f 241 242 181
f 242 182 181
f 181 239 241
f 180 240 181
f 181 240 239
f 181 119 180
f 182 119 181
f 238 292 293
f 293 294 238
f 238 294 239
f 238 237 292
f 239 178 238
f 178 237 238
f 1516 2936 1550
f 1550 1551 1516
f 1601 1551 1550
f 1652 1602 1651
f 1653 1602 1652
f 1651 1712 1652
f 1711 1712 1651
f 1761 1712 1711
f 1651 1710 1711
f 1711 1710 1761
f 1758 1709 1757
f 1758 1710 1709
f 1759 1710 1758
f 1758 1757 1802
f 1802 1759 1758
f 1714 1712 1761
f 1714 1715 1653
f 1761 1760 1714
f 1719 1657 1718
f 1718 1733 1719
f 1658 1657 1719
f 1719 1733 1684
f 1719 1681 1658
f 1719 1684 1681
f 1764 1739 1732
f 1737 1739 1764
f 179 180 118
f 179 240 180
f 118 117 179
f 117 116 179
f 178 240 179
f 115 178 179
f 179 116 115
f 94 93 152
f 152 1507 94
f 94 57 93
f 94 1507 57
f 93 57 70
f 70 121 93
f 70 117 118
f 120 121 70
f 69 117 70
f 118 119 70
f 70 119 120
f 70 39 69
f 70 57 39
f 1437 1436 1463
f 1463 1462 1437
f 1436 1462 1463
f 1502 1466 1501
f 1441 1464 1465
f 1464 1462 1465
f 1466 1441 1465
f 1527 1498 1524
f 1524 1498 1497
f 1560 1527 1524
f 1524 1525 1560
f 1524 1497 1525
f 1615 1561 1614
f 1548 1594 1598
f 1598 1561 1548
f 1594 1614 1598
f 1598 1614 1561
f 1568 1561 1529
f 1529 1549 1568
f 1548 1561 1568
f 1568 1549 1548
f 1660 1665 1664
f 1527 1566 1567
f 1563 1527 1567
f 1618 1619 1567
f 1567 1566 1618
f 1617 1566 1613
f 1618 1566 1617
f 1617 1621 1618
f 1617 1666 1667
f 1617 1665 1666
f 1617 1664 1665
f 1613 1660 1617
f 1660 1664 1617
f 1667 1669 1668
f 1669 1621 1668
f 1668 1617 1667
f 1621 1617 1668
f 1620 1619 1618
f 1618 1621 1620
f 703 19 1469
f 19 1509 1469
f 1510 1469 1509
f 1548 1511 1510
f 1546 1509 1545
f 1545 1592 1546
f 1546 1592 1594
f 1546 1510 1509
f 1546 1594 1548
f 1548 1510 1546
f 1692 1635 1636
f 1740 1691 1693
f 1691 1635 1693
f 1635 1692 1693
f 1693 1692 1636
f 1636 1694 1693
f 1702 1740 1693
f 1693 1694 1702
f 1594 1592 1641
f 1592 1640 1641
f 1641 1640 1615
f 1615 1614 1641
f 1641 1614 1594
f 1592 1593 1642
f 1642 1640 1592
f 1642 1593 1643
f 1643 1640 1642
f 1699 1663 1661
f 1700 1663 1699
f 1699 1661 1643
f 1643 1700 1699
f 1615 1661 1662
f 1662 1663 1615
f 1661 1663 1662
f 1747 1700 1698
f 1698 1697 1747
f 1698 1700 1643
f 1794 1748 1749
f 1750 1748 1794
f 1794 1796 1750
f 1749 1781 1794
f 1812 1796 1794
f 1794 1781 1812
f 1815 1789 1792
f 1792 1791 1815
f 1792 1789 1742
f 1742 1791 1792
f 1787 1795 1788
f 1787 1741 1786
f 1787 1788 1741
f 1786 1750 1787
f 1750 1795 1787
f 1814 1791 1788
f 1788 1795 1814
f 1820 1791 1814
f 1844 1820 1814
f 1814 1843 1844
f 1645 1634 1596
f 1596 1644 1645
f 1547 1595 1596
f 1595 1644 1596
f 1688 1645 1689
f 1688 1703 1645
f 1689 1632 1688
f 1632 1687 1688
f 1686 1738 1734
f 1686 1690 1737
f 1737 1738 1686
f 1686 1632 1690
f 1686 1687 1632
f 1703 1688 1686
f 1686 1688 1687
f 1804 1793 1805
f 1770 1769 1805
f 1805 1769 1804
f 1805 1817 1806
f 1806 1771 1805
f 1771 1770 1805
f 1803 1793 1804
f 1804 1769 1803
f 1803 1767 1793
f 1768 1769 1725
f 1725 1722 1768
f 1722 1767 1768
f 1768 1803 1769
f 1767 1803 1768
f 1879 1880 1863
f 1880 1873 1863
f 1873 1854 1863
f 1859 1872 1876
f 1876 1861 1859
f 1841 1824 1823
f 1824 1796 1823
f 1842 1841 1823
f 1823 1812 1842
f 1823 1796 1812
f 1795 1796 1822
f 1843 1814 1822
f 1822 1814 1795
f 1848 1843 1822
f 1822 1824 1848
f 1822 1796 1824
f 1295 1244 1238
f 1340 3513 1302
f 1302 1301 1340
f 1246 1301 1302
f 1340 3503 3506
f 3503 3507 3506
f 3530 3513 3529
f 1345 3513 3530
f 3530 3529 1346
f 1346 1345 3530
f 1245 1246 1174
f 1174 1244 1245
f 1245 1244 1246
f 1352 1353 1311
f 1351 1353 1352
f 1311 1310 1352
f 1352 1310 1351
f 3995 3994 4022
f 3975 3994 3995
f 4022 3996 3995
f 3995 3996 3975
f 3974 3994 3975
f 3989 3992 3974
f 3974 3992 3993
f 3993 3994 3974
f 3951 3961 3959
f 3959 3956 3951
f 3997 3996 4027
f 3975 3996 3997
f 4027 3998 3997
f 3976 3961 3975
f 3975 3997 3976
f 3976 3997 3998
f 3976 3998 1362
f 3991 1353 1362
f 1362 3998 3991
f 4020 1353 3991
f 3991 3998 4020
f 1386 3939 1387
f 1373 1380 1379
f 1379 1376 1373
f 1373 1376 1375
f 1375 1368 1373
f 1365 1368 1375
f 1375 1376 1357
f 1375 1366 1365
f 1381 3939 3942
f 1381 1387 3939
f 1381 1380 1386
f 1386 1387 1381
f 1357 1376 1377
f 1376 1379 1377
f 1263 1319 1316
f 1359 1381 1382
f 1380 1381 1359
f 1359 1379 1380
f 1359 1377 1379
f 1319 1359 1360
f 1321 1363 1351
f 1321 1267 1320
f 1321 1360 1359
f 1320 1319 1321
f 1319 1360 1321
f 1362 1363 1321
f 1251 1268 1309
f 1342 1349 1367
f 1367 1368 1342
f 1342 1368 1365
f 1318 1319 1263
f 1099 1173 1174
f 1174 1100 1099
f 1099 1172 1173
f 1250 1175 1176
f 1176 1174 1250
f 1174 1249 1250
f 1249 1307 1250
f 1176 1175 1101
f 1101 1174 1176
f 1101 1100 1174
f 1020 1014 941
f 941 1019 1020
f 1343 1350 1344
f 1344 1350 1349
f 1349 1342 1344
f 3966 3978 3967
f 3999 4001 3979
f 3979 3978 3999
f 1106 4001 3999
f 3999 3978 1106
f 894 953 897
f 897 953 958
f 3967 2457 2430
f 2459 2460 2431
f 2431 2430 2459
f 1195 1197 1129
f 1263 1264 1195
f 1265 1197 1195
f 1195 1264 1265
f 1056 978 1053
f 1056 1129 1130
f 1130 1123 1056
f 1037 1038 957
f 1038 1029 957
f 957 953 894
f 957 1029 953
f 1107 1111 1108
f 1108 1111 1037
f 1108 1031 1107
f 1037 1031 1108
f 1200 1193 1130
f 1180 1193 1200
f 1130 1201 1200
f 1181 1180 1200
f 1200 1201 1181
f 952 954 894
f 952 951 954
f 559 530 558
f 558 530 529
f 529 557 558
f 590 638 591
f 591 557 590
f 591 638 592
f 592 558 591
f 591 558 557
f 559 594 595
f 594 596 595
f 560 559 595
f 595 596 560
f 683 646 682
f 718 683 682
f 682 681 718
f 532 563 564
f 563 599 564
f 564 533 532
f 565 533 564
f 564 599 565
f 982 981 1052
f 919 981 982
f 1052 983 982
f 983 919 982
f 986 919 985
f 985 1026 986
f 1034 1033 1027
f 1027 1026 1034
f 883 866 921
f 921 945 883
f 921 866 919
f 946 945 1025
f 596 640 641
f 641 597 596
f 679 643 641
f 641 640 679
f 888 887 946
f 888 824 887
f 888 946 889
f 889 825 888
f 825 824 888
f 680 714 715
f 715 716 680
f 715 714 713
f 715 765 766
f 715 713 765
f 766 717 715
f 717 716 715
f 2491 2466 2465
f 460 466 2491
f 2493 466 475
f 2468 2466 2493
f 460 2489 459
f 459 461 460
f 459 2463 2434
f 459 2433 461
f 2434 2433 459
f 2438 2463 2464
f 2463 459 2464
f 2464 459 2489
f 2439 2438 2464
f 2464 2465 2439
f 855 854 857
f 854 911 857
f 857 911 858
f 796 855 857
f 858 797 857
f 857 797 796
f 1188 1257 1258
f 2214 1257 1188
f 2223 2214 2222
f 2222 2583 2223
f 2214 2583 2222
f 1260 1257 1315
f 1315 1257 1314
f 1315 1271 1260
f 1315 1314 1271
f 841 778 840
f 840 839 841
f 839 899 841
f 778 841 842
f 842 841 899
f 844 843 842
f 842 843 779
f 779 778 842
f 844 904 905
f 905 904 964
f 849 906 851
f 908 968 965
f 965 906 908
f 966 967 908
f 908 967 968
f 851 788 850
f 850 849 851
f 787 788 741
f 784 850 787
f 787 850 788
f 693 690 735
f 735 736 693
f 690 732 733
f 733 732 781
f 741 698 697
f 667 695 697
f 697 698 667
f 784 787 786
f 786 787 741
f 693 738 694
f 694 657 693
f 694 695 657
f 607 651 652
f 652 653 607
f 652 651 689
f 689 653 652
f 925 923 992
f 992 926 925
f 992 923 927
f 927 926 992
f 1071 998 997
f 998 929 997
f 1070 1071 997
f 879 814 813
f 813 878 879
f 56 92 879
f 879 878 56
f 149 91 148
f 148 98 149
f 148 88 99
f 99 98 148
f 58 97 814
f 58 96 97
f 91 96 58
f 88 84 51
f 51 87 88
f 53 52 51
f 51 84 53
f 51 52 29
f 51 49 83
f 77 78 45
f 45 44 77
f 77 44 76
f 76 135 77
f 77 135 136
f 136 137 77
f 137 138 77
f 77 138 139
f 139 78 77
f 159 158 103
f 145 158 159
f 85 51 83
f 264 218 269
f 321 264 269
f 267 324 269
f 269 218 267
f 269 328 321
f 269 327 328
f 269 324 327
f 107 106 162
f 106 161 162
f 162 154 107
f 205 204 206
f 208 207 206
f 138 205 206
f 160 161 105
f 105 158 160
f 160 158 145
f 2341 2340 2344
f 2244 2242 2225
f 1231 2242 2244
f 2244 2225 1161
f 1161 1231 2244
f 2273 2242 1231
f 1231 2303 2273
f 2271 2242 2273
f 2273 2303 2271
f 1227 1290 2302
f 2271 2303 2302
f 2302 2303 1227
f 2343 2340 2302
f 2340 2341 2302
f 270 319 329
f 329 271 270
f 330 271 329
f 375 330 329
f 320 375 329
f 329 319 320
f 336 333 274
f 274 332 336
f 336 332 331
f 331 330 336
f 330 383 336
f 384 385 333
f 333 336 384
f 384 336 383
f 382 383 330
f 2147 2124 2143
f 2148 2124 2147
f 2167 2141 2166
f 2175 2178 2177
f 2178 2147 2177
f 453 452 432
f 432 394 425
f 425 447 432
f 432 447 453
f 430 451 448
f 452 451 430
f 430 432 452
f 394 432 430
f 427 428 386
f 390 426 386
f 386 426 427
f 386 391 390
f 386 387 342
f 342 391 386
f 400 428 436
f 400 2183 359
f 436 437 400
f 400 437 2183
f 428 400 433
f 2152 450 458
f 458 457 2152
f 450 457 458
f 2132 457 450
f 2131 457 2132
f 2132 450 2108
f 2108 2131 2132
f 3602 3590 2104
f 2118 2126 2125
f 2126 2106 2125
f 2119 2118 2125
f 2125 2106 2119
f 3592 3603 3598
f 3598 3589 3592
f 3599 3609 3608
f 3599 3603 3609
f 3599 3598 3603
f 3589 3598 3599
f 3599 3600 3589
f 3608 3600 3599
f 3608 3609 3615
f 3615 3614 3608
f 3615 3609 3602
f 3602 3614 3615
f 444 3637 3625
f 3625 3637 3623
f 3625 3613 444
f 3623 3613 3625
f 438 3635 3652
f 3652 443 438
f 2118 2117 2138
f 2138 2139 2118
f 2157 2160 2140
f 420 419 445
f 3608 3611 3610
f 3610 3600 3608
f 3610 3611 3601
f 3601 3600 3610
f 3630 3626 3639
f 3639 3631 3630
f 3622 3617 3612
f 3626 3617 3622
f 3622 3612 3621
f 3621 3633 3622
f 3634 3639 3626
f 3631 3639 3634
f 3626 3622 3634
f 3634 3622 3633
f 3632 3631 3634
f 3634 3633 3632
f 3596 3588 3595
f 3595 3588 3587
f 3595 3594 3596
f 3587 3594 3595
f 3589 3587 3584
f 3587 3588 3584
f 3584 3586 3589
f 3583 3586 3584
f 3584 2096 3583
f 3597 3596 3607
f 3607 4109 3597
f 3597 3588 3596
f 3597 4109 3588
f 3604 3617 3605
f 3605 3596 3604
f 3605 3297 3596
f 3266 3295 3267
f 3626 3640 3627
f 3640 3269 3627
f 3627 3617 3626
f 3627 3269 3617
f 3618 3269 3297
f 3617 3269 3618
f 3297 3605 3618
f 3618 3605 3617
f 3297 3269 3268
f 4205 4200 3272
f 3272 3273 4205
f 3299 3273 3272
f 3596 3297 3326
f 3326 3328 3596
f 4121 3328 3298
f 3298 3272 4121
f 3299 3272 3298
f 3298 3326 3299
f 3328 3326 3298
f 4239 4223 4238
f 4248 4241 4238
f 4238 4241 4242
f 4238 4240 4239
f 4242 4240 4238
f 4233 4243 4234
f 4234 4222 4233
f 4234 4223 4222
f 4220 4219 4232
f 4232 4219 4230
f 4232 4230 4243
f 4232 4227 4220
f 4232 4243 4227
f 4458 4444 4457
f 4457 4444 4249
f 4249 4250 4457
f 4251 4250 4249
f 4500 4479 4478
f 4248 4238 4247
f 4247 4238 4236
f 4249 4241 4247
f 4247 4241 4248
f 4246 4247 4236
f 4244 4251 4246
f 4246 4251 4249
f 4249 4247 4246
f 2175 2181 2204
f 2181 2151 2179
f 2179 2204 2181
f 4171 4163 4099
f 4099 4157 4171
f 4171 4157 4163
f 4 8 9
f 4 1 3
f 18 1085 1160
f 1160 12 18
f 6 12 1160
f 3764 3763 42
f 42 22 3764
f 3746 3763 3764
f 3765 3746 3764
f 3784 3765 3764
f 3764 22 3784
f 203 202 201
f 198 256 201
f 201 256 203
f 201 202 134
f 201 200 198
f 134 200 201
f 3648 3643 3656
f 3656 3660 3648
f 3651 3666 3656
f 3666 3650 3665
f 3665 3656 3666
f 3660 3656 3665
f 3661 3660 3676
f 3676 3663 3684
f 3684 3677 3676
f 3677 3661 3676
f 2920 2919 2917
f 2917 2898 2920
f 2897 2919 2920
f 2920 2898 2897
f 4244 4229 4476
f 4542 4529 4541
f 2926 2904 2925
f 2926 2927 2904
f 4536 2927 4526
f 2907 2927 4536
f 2883 2907 4536
f 4536 4520 2883
f 4526 4520 4536
f 2904 2927 2906
f 2906 2927 2907
f 2883 2904 2906
f 2906 2907 2883
f 4461 2881 2868
f 4523 2949 2923
f 2955 2949 4523
f 4523 4520 4500
f 4459 4475 4481
f 4492 4517 4493
f 4493 4517 4494
f 4215 4494 4518
f 4518 4217 4215
f 4215 4217 4494
f 4225 4217 4518
f 3228 3221 3220
f 3220 4206 3228
f 3220 4204 4203
f 4203 4206 3220
f 4093 4096 4087
f 4106 4098 4182
f 4182 4214 4106
f 4108 4098 4106
f 4106 4104 4108
f 4105 4104 4106
f 4224 4223 4239
f 4224 4214 4223
f 4239 4085 4224
f 4085 4094 4224
f 4224 4094 4214
f 4105 4096 4092
f 4092 4104 4105
f 4096 4093 4092
f 4100 4107 4103
f 4099 4088 4100
f 4100 4102 4099
f 4100 4103 4102
f 4202 4203 4196
f 4196 4193 4202
f 4201 4200 4205
f 4201 4193 4200
f 4201 4202 4193
f 4205 4203 4201
f 4203 4202 4201
f 4186 4193 4187
f 4186 4184 4183
f 4187 4184 4186
f 4200 4193 4192
f 4192 4191 4200
f 4149 4147 4150
f 4148 4147 4149
f 4199 4147 4148
f 4199 4191 4198
f 4198 4147 4199
f 4200 4191 4199
f 4121 3272 4199
f 4199 3272 4200
f 4138 4152 4139
f 4113 4121 4122
f 4121 4135 4122
f 4138 4122 4137
f 3271 3252 3246
f 3246 3252 3230
f 3246 3245 3271
f 3230 3228 3246
f 3228 3245 3246
f 3736 3723 3668
f 3668 3688 3736
f 3307 3308 3279
f 3279 3306 3307
f 3307 3306 3308
f 3754 3753 3752
f 3752 3773 3754
f 3737 3753 3754
f 3754 3773 3771
f 3754 3750 3737
f 3771 3750 3754
f 3761 3760 3352
f 3760 3341 3352
f 3352 3341 3781
f 3352 3782 3761
f 3352 3781 3782
f 2278 2254 2277
f 2276 2307 2277
f 2307 2308 2277
f 3726 3744 2228
f 3353 3744 3726
f 2228 3718 3726
f 3343 3353 3726
f 3344 3718 2217
f 2217 3345 3344
f 3343 3726 3344
f 3344 3726 3718
f 3324 3343 3344
f 3344 3345 3324
f 3160 3159 3432
f 3314 3335 3336
f 3335 3349 3336
f 3336 3337 3314
f 3336 3349 3337
f 3338 3337 3798
f 3337 3797 3798
f 3798 3801 3338
f 3798 3797 3801
f 3348 3797 3335
f 3787 3797 3348
f 3335 3347 3348
f 3348 3347 3771
f 3771 3787 3348
f 3278 3302 3303
f 3303 3304 3278
f 3302 3304 3303
f 3704 3710 3706
f 3704 3691 3710
f 3675 3281 3295
f 3295 3671 3675
f 3670 3304 3302
f 3673 3694 3670
f 3694 3691 3670
f 3670 3657 3673
f 3670 3671 3657
f 3647 3640 3630
f 3325 3659 3295
f 2966 2974 2953
f 2953 2972 2966
f 1705 2974 2966
f 2966 2965 1705
f 2966 2943 2965
f 2959 2943 2966
f 2931 2924 2950
f 2924 2949 2950
f 2950 2955 2931
f 2950 2949 2955
f 2931 2951 2932
f 2932 2951 2930
f 2932 2909 2931
f 2932 2930 2909
f 157 110 102
f 102 153 157
f 101 153 102
f 102 110 64
f 62 101 102
f 102 64 62
f 219 166 157
f 157 213 219
f 225 166 219
f 272 225 219
f 219 263 270
f 219 213 263
f 270 271 219
f 219 271 272
f 288 351 352
f 352 289 288
f 353 305 290
f 290 289 353
f 289 352 353
f 356 355 365
f 355 354 365
f 365 307 356
f 365 354 307
f 306 363 364
f 358 306 364
f 364 398 358
f 364 363 362
f 364 397 398
f 389 343 392
f 392 343 394
f 390 389 392
f 392 394 390
f 278 230 281
f 342 387 388
f 388 346 342
f 387 346 388
f 342 346 344
f 231 275 282
f 282 275 338
f 338 344 282
f 348 397 349
f 231 282 283
f 2876 2864 2875
f 2864 2863 2873
f 2873 2863 2872
f 2888 2889 2873
f 1557 1611 1558
f 1558 1520 1557
f 2168 2167 2166
f 2168 2143 2141
f 2141 2167 2168
f 2182 2181 2201
f 2201 2180 2182
f 2201 2181 2175
f 2175 2177 2201
f 360 304 359
f 2098 2120 2099
f 2120 2121 2099
f 2099 2100 2087
f 2122 2100 2099
f 2099 2121 2122
f 2091 2097 2086
f 2092 2091 2086
f 2086 2097 2098
f 2086 2864 2092
f 2860 2864 2086
f 2086 2087 2081
f 2086 2099 2087
f 2098 2099 2086
f 2081 2860 2086
f 20 2082 2092
f 41 2082 20
f 2092 2876 20
f 2876 2875 20
f 2112 2097 2091
f 2098 2097 2112
f 126 2098 2112
f 4474 4495 4475
f 4474 4455 4458
f 4475 4455 4474
f 4479 4495 4474
f 4458 4457 4474
f 4475 4495 4496
f 4496 4481 4475
f 4446 4444 4458
f 4458 4455 4446
f 4445 4444 4446
f 4158 2102 2123
f 4158 2123 2146
f 2146 2171 4158
f 4443 4447 4437
f 4455 4447 4443
f 4443 4446 4455
f 2146 2145 2170
f 2145 2144 2170
f 2170 2171 2146
f 2081 2088 4111
f 2088 4118 4111
f 4111 4428 2081
f 2175 2202 2176
f 4008 4010 4009
f 3980 4008 4009
f 4040 4039 4011
f 4011 4010 4040
f 4040 4007 4039
f 4040 4008 4007
f 4040 4010 4008
f 726 774 727
f 727 2714 726
f 775 730 727
f 727 774 775
f 775 774 730
f 2718 774 2750
f 2750 2714 2718
f 2718 2714 2717
f 2717 839 2718
f 839 774 2718
f 514 502 494
f 494 502 486
f 494 493 514
f 479 493 494
f 494 486 479
f 603 604 568
f 567 604 603
f 568 566 603
f 603 566 567
f 630 672 631
f 672 632 631
f 585 632 586
f 585 631 632
f 630 631 585
f 585 584 628
f 552 584 585
f 553 552 585
f 585 586 553
f 634 590 587
f 637 590 634
f 674 637 634
f 634 673 674
f 521 525 524
f 524 499 521
f 525 499 524
f 498 523 521
f 498 522 523
f 521 499 498
f 497 520 498
f 520 522 498
f 483 497 498
f 498 499 483
f 1186 4000 1178
f 1106 1113 1178
f 1178 1113 1186
f 4028 4000 4001
f 1106 1178 4028
f 4028 1178 4000
f 4014 3137 3132
f 3132 3131 4014
f 3138 3143 3144
f 3144 3145 3138
f 3144 4076 4075
f 4075 3145 3144
f 3421 3426 3427
f 3427 3426 2401
f 2418 2417 2448
f 2475 2449 2448
f 2449 2418 2448
f 2448 2417 3424
f 2448 2476 2475
f 3420 2476 2448
f 2421 2401 2420
f 2420 2419 2421
f 2401 2419 2420
f 3069 3070 3056
f 3056 3068 3069
f 3069 3068 3070
f 2446 2473 2447
f 2447 2473 2995
f 3238 3237 3259
f 3259 3237 3236
f 3258 3238 3259
f 3259 3236 3258
f 3232 3223 3222
f 3233 3223 3232
f 3251 3233 3232
f 3232 3231 3251
f 3232 3221 3231
f 3222 3221 3232
f 3155 3156 3150
f 3154 3156 3155
f 3165 1981 1992
f 3165 3166 1981
f 1992 3185 3165
f 3185 3166 3165
f 1992 1991 2005
f 2005 2004 1992
f 1991 2004 2005
f 3206 3180 3179
f 3206 3204 3181
f 3181 3180 3206
f 3208 3207 3215
f 3215 3210 3208
f 3207 3210 3215
f 3209 3182 3181
f 3208 3187 3209
f 3209 3181 3208
f 3209 3187 3186
f 3186 3182 3209
f 3176 3203 3204
f 3176 3175 3197
f 3162 3175 3176
f 3197 3195 3176
f 3195 3203 3176
f 3035 3042 3025
f 3025 3027 3035
f 3035 3027 3009
f 3034 3007 1892
f 3044 3042 3034
f 3042 3035 3034
f 1924 1910 1923
f 1924 1928 1933
f 1923 1928 1924
f 1933 1934 1924
f 1934 1932 1924
f 1924 1932 1929
f 1929 1917 1924
f 1924 1917 1916
f 1916 1911 1925
f 1911 1910 1925
f 1925 1924 1916
f 1910 1924 1925
f 2407 2406 2432
f 2432 2406 467
f 461 2407 2432
f 2432 467 461
f 2396 2406 2407
f 2396 2407 2408
f 2408 2701 2396
f 2396 2701 2702
f 2396 2702 2672
f 2574 2586 2587
f 2565 2573 2574
f 2587 2575 2574
f 2574 2575 2565
f 535 2818 567
f 567 566 535
f 536 2740 535
f 537 536 535
f 535 566 537
f 2775 2813 2776
f 2813 2818 2776
f 2776 2740 2775
f 2389 2671 490
f 2672 2671 2389
f 2274 2243 2272
f 2272 2305 2274
f 2271 2302 2272
f 2272 2242 2271
f 2243 2242 2272
f 2359 2326 2338
f 2338 2366 2359
f 2359 2551 2326
f 2359 2366 2551
f 2553 2551 2552
f 2552 2554 2553
f 2326 2551 2553
f 2288 2326 2553
f 2553 2554 2288
f 2646 2663 2664
f 2663 2685 2664
f 2664 2665 2647
f 2647 2646 2664
f 2664 2684 2665
f 2664 2685 2684
f 2606 2611 2623
f 2611 2614 2623
f 2572 2241 2240
f 2240 2582 2572
f 2240 2241 2224
f 2224 2582 2240
f 2270 2297 2266
f 2266 2241 2270
f 2605 2611 2606
f 2606 2590 2605
f 2590 2589 2605
f 2605 2589 2588
f 2588 2596 2605
f 2599 2614 2611
f 2611 2605 2599
f 2599 2605 2596
f 2595 2583 2599
f 2599 2596 2595
f 2567 2579 2577
f 2571 2579 2567
f 2562 2571 2567
f 2555 2562 2567
f 2567 2565 2555
f 2567 2577 2565
f 2727 2715 2749
f 2749 2720 2727
f 2720 2689 2727
f 2727 2691 2715
f 2727 2719 2691
f 2727 2689 2719
f 2722 2689 2721
f 2721 2689 2720
f 2721 2748 2722
f 2720 2748 2721
f 2790 2759 2789
f 2789 2782 2790
f 2790 2760 2759
f 2790 2782 2760
f 898 2686 2681
f 2681 2686 2682
f 2681 2661 898
f 2681 2682 2661
f 2042 2010 2041
f 2042 2011 2010
f 2041 2062 2042
f 2042 2062 2063
f 2042 2063 2043
f 2043 2011 2042
f 2041 2010 2040
f 2010 2009 2040
f 2040 2062 2041
f 2039 2009 2038
f 2039 2038 2059
f 2059 2062 2039
f 2062 2040 2039
f 2039 2040 2009
f 2063 2062 2060
f 2062 2075 2060
f 2060 2058 2063
f 2059 2034 2060
f 2060 2075 2059
f 2034 2007 2033
f 2007 2031 2033
f 2033 2060 2034
f 2058 2060 2033
f 2030 2058 2033
f 2033 2031 2030
f 3164 3183 3184
f 3184 3183 2007
f 2391 2397 2399
f 2399 3013 2391
f 2390 2397 2391
f 2391 2387 2390
f 2391 3013 2387
f 2697 2732 2733
f 2733 2763 2764
f 2733 1987 2763
f 2733 2732 2731
f 1977 1976 2733
f 1976 1987 2733
f 2733 3040 1977
f 2731 3040 2733
f 1968 1969 2670
f 1969 3021 2670
f 2670 2997 1968
f 2998 3021 2697
f 2697 2733 2998
f 2998 2733 2698
f 2698 2987 2998
f 2997 3021 2998
f 2998 2987 2997
f 2728 2762 2729
f 2742 2730 2729
f 2729 2762 2742
f 2677 2678 2656
f 2712 2678 2677
f 2656 2675 2677
f 2677 2675 2712
f 2078 2077 2710
f 2077 2674 2710
f 2079 2078 2710
f 2710 2674 2079
f 2018 2049 2825
f 2825 2049 2070
f 2070 2826 2825
f 2793 2795 2764
f 2793 2794 2020
f 2764 2763 2793
f 2793 2825 2826
f 2781 2824 2822
f 2822 2824 2838
f 2838 2795 2822
f 3191 2355 3442
f 3442 3192 3191
f 3442 3440 3192
f 2378 2353 2355
f 3445 3443 2347
f 3445 3446 3443
f 2285 3429 3428
f 3428 3429 3158
f 3428 2286 2285
f 3158 2286 3428
f 3150 3429 1972
f 2232 2233 2219
f 2232 3429 2233
f 1988 2001 1989
f 1990 1981 1989
f 2002 1990 1989
f 1989 2001 2002
f 3381 1468 3369
f 1444 1468 3381
f 3381 3369 3367
f 3367 1444 3381
f 1467 1443 1466
f 1467 1468 1443
f 1466 1506 1467
f 1506 1468 1467
f 1505 1538 3355
f 3355 3360 1505
f 3355 1538 1535
f 1535 3354 3355
f 3354 3360 3355
f 3815 3821 3826
f 3821 3831 3826
f 3827 3815 3826
f 3837 3849 3838
f 3849 3836 3838
f 3827 3837 3838
f 3838 3836 3827
f 3851 3850 3857
f 3851 3857 4379
f 3851 4379 4378
f 3851 3849 3837
f 3837 3850 3851
f 4378 3862 3851
f 3862 3863 3851
f 3863 3849 3851
f 2937 2911 2916
f 2916 2893 2915
f 2916 2911 2893
f 2956 2943 2962
f 2962 2958 2956
f 2913 2911 2938
f 2938 2911 2937
f 2938 2939 2913
f 2937 2956 2938
f 2947 2939 2938
f 2938 2958 2947
f 3901 3902 3884
f 3884 3900 3901
f 3901 3900 3902
f 1679 3928 1680
f 1680 1626 1679
f 3869 3877 3867
f 3880 3877 3869
f 3860 3863 3869
f 3869 3861 3860
f 3867 3861 3869
f 3862 4377 3870
f 3870 3871 3862
f 4377 3880 3870
f 3880 3871 3870
f 3914 3915 3892
f 3892 3891 3914
f 3892 3913 3889
f 3892 3915 3913
f 3889 3880 3892
f 3880 3891 3892
f 4490 4512 4513
f 4490 4489 4512
f 4490 4513 4207
f 4207 4489 4490
f 4212 1946 4210
f 4210 1945 4212
f 4212 1945 1946
f 4470 4471 4454
f 4454 4453 4470
f 4487 4471 4470
f 4470 4468 4487
f 4465 4468 4470
f 4470 4453 4465
f 4452 4441 4451
f 4452 4453 4441
f 4452 4451 4463
f 4452 4463 4465
f 4465 4453 4452
f 974 1050 1051
f 975 914 974
f 974 1052 975
f 974 1051 1052
f 1058 1059 980
f 917 972 980
f 980 1022 1058
f 980 972 1022
f 799 862 860
f 861 862 799
f 799 860 800
f 799 748 747
f 747 798 799
f 799 749 748
f 800 749 799
f 799 798 859
f 859 861 799
f 1125 1056 1053
f 916 976 915
f 915 862 916
f 916 862 917
f 1021 944 943
f 943 1015 1021
f 1445 1473 1474
f 1474 880 1445
f 1455 1433 1454
f 1454 1453 1455
f 1433 1453 1454
f 1451 1088 1012
f 1406 1397 1403
f 1403 1402 1406
f 1403 1397 1395
f 1395 1402 1403
f 1488 1485 1494
f 1453 1485 1488
f 1293 1339 1294
f 1293 1412 1411
f 1235 1412 1293
f 1293 1294 1235
f 1401 1339 1404
f 1411 1402 1404
f 1402 1396 1404
f 1404 1396 1401
f 1404 1293 1411
f 1339 1293 1404
f 183 182 211
f 211 151 183
f 183 151 121
f 120 182 183
f 183 121 120
f 2935 1550 2936
f 1601 1550 2935
f 2935 2936 2910
f 1713 1714 1653
f 1712 1714 1713
f 1653 1652 1713
f 1713 1652 1712
f 1765 1764 1732
f 1715 1714 1716
f 1764 1765 1716
f 1716 1733 1717
f 1716 1717 1653
f 1653 1715 1716
f 1762 1714 1760
f 1762 1738 1737
f 1762 1760 1738
f 1531 1533 1503
f 1531 1572 1533
f 1571 1572 1531
f 1531 1570 1571
f 1531 1527 1563
f 1531 1564 1527
f 1526 1498 1528
f 1500 1465 1462
f 1500 1501 1466
f 1466 1465 1500
f 1498 1526 1500
f 1500 1531 1501
f 1569 1621 1570
f 1569 1620 1621
f 1619 1620 1569
f 1569 1567 1619
f 1563 1567 1569
f 1569 1531 1563
f 1570 1531 1569
f 1470 1511 1475
f 1470 1510 1511
f 1469 1510 1470
f 703 1469 1470
f 1470 746 703
f 1470 1475 746
f 1638 1697 1639
f 1697 1698 1639
f 1639 1698 1643
f 1643 1593 1639
f 1639 1591 1638
f 1593 1591 1639
f 1597 1634 1587
f 1597 1596 1634
f 1587 1547 1597
f 1547 1596 1597
f 1734 1781 1735
f 1735 1686 1734
f 1735 1781 1749
f 1749 1703 1735
f 1790 1817 1818
f 1817 1805 1818
f 1879 1863 1870
f 1867 1879 1870
f 1870 1868 1867
f 1869 1868 1870
f 1871 1852 1870
f 1870 1852 1869
f 1845 1861 1862
f 1862 1863 1845
f 1864 1846 1845
f 1845 1863 1864
f 1854 1846 1864
f 1864 1863 1854
f 1883 1872 1871
f 1883 1876 1872
f 1878 1862 1861
f 1863 1862 1878
f 1878 1883 1871
f 1871 1870 1878
f 1878 1870 1863
f 1173 1172 1242
f 1242 1238 1244
f 1303 3513 1345
f 1303 1302 3513
f 1303 1345 1304
f 1304 1247 1303
f 1303 1247 1246
f 1246 1302 1303
f 3510 3513 1340
f 1340 3506 3510
f 3507 3513 3510
f 3510 3506 3507
f 3960 3974 3975
f 3975 3961 3960
f 3960 3961 3951
f 3971 3972 3989
f 3989 3974 3971
f 3957 3972 3971
f 3974 3960 3971
f 1362 1382 1383
f 1383 3956 1362
f 1382 1381 3947
f 3948 3951 3947
f 3951 3956 3947
f 3947 1383 1382
f 3956 1383 3947
f 1362 3956 3970
f 3970 3959 1362
f 3956 3959 3970
f 3973 3976 1362
f 3961 3976 3973
f 1362 3959 3973
f 3973 3959 3961
f 1267 1198 1266
f 1266 1316 1319
f 1266 1198 1265
f 1320 1267 1266
f 1266 1319 1320
f 1265 1264 1266
f 1266 1264 1263
f 1263 1316 1266
f 1378 1382 1362
f 1362 1359 1378
f 1378 1359 1382
f 1358 1359 1319
f 1377 1359 1358
f 1358 1319 1357
f 1357 1377 1358
f 1267 1321 1322
f 1322 1321 1351
f 1323 1267 1322
f 1361 1359 1362
f 1362 1321 1361
f 1361 1321 1359
f 1324 1309 1268
f 1310 1309 1324
f 1324 1268 1323
f 1351 1310 1324
f 1323 1322 1324
f 1324 1322 1351
f 1252 1309 1310
f 1252 1310 1254
f 1252 1181 1251
f 1251 1309 1252
f 1254 1253 1252
f 1253 1181 1252
f 1341 1342 1365
f 1356 1375 1357
f 1366 1375 1356
f 1357 1319 1356
f 1319 1318 1356
f 1365 1366 1364
f 1018 1099 1100
f 1018 1019 941
f 1102 1019 1018
f 1018 1101 1102
f 1100 1101 1018
f 1175 1250 1177
f 1250 1241 1177
f 1298 1241 1250
f 3953 3966 3967
f 3953 897 958
f 958 953 1030
f 1106 3978 1030
f 3978 3966 1030
f 953 1029 1030
f 2458 2457 2459
f 2459 2430 2458
f 2458 2430 2457
f 772 835 773
f 725 772 773
f 773 2460 2487
f 2487 2486 773
f 773 2486 725
f 3967 2430 2405
f 2430 2431 2405
f 1194 1127 1126
f 1194 1195 1127
f 1126 1136 1194
f 1263 1195 1194
f 978 1056 1049
f 1050 974 1049
f 1049 974 978
f 1123 1050 1049
f 1049 1056 1123
f 1127 1195 1128
f 1128 1125 1127
f 1056 1125 1128
f 1128 1195 1129
f 1129 1056 1128
f 1105 1038 1106
f 1105 1029 1038
f 1106 1030 1105
f 1105 1030 1029
f 1032 1031 1037
f 1037 957 1032
f 768 767 825
f 719 767 768
f 951 891 950
f 950 947 889
f 891 947 950
f 593 594 559
f 559 558 593
f 592 594 593
f 593 558 592
f 681 682 644
f 600 643 644
f 643 681 644
f 644 645 600
f 646 645 644
f 644 682 646
f 954 951 1028
f 951 1027 1028
f 919 986 987
f 987 921 919
f 987 986 1026
f 1026 1025 987
f 945 921 987
f 987 1025 945
f 946 1025 948
f 889 946 948
f 1026 1027 948
f 948 1025 1026
f 948 1027 951
f 951 950 948
f 642 641 643
f 597 641 642
f 642 643 598
f 598 597 642
f 2495 475 2496
f 2495 2493 475
f 2496 2468 2495
f 2468 2493 2495
f 2492 2491 466
f 466 2493 2492
f 2466 2491 2492
f 2492 2493 2466
f 2490 2491 2465
f 2490 2464 2489
f 2465 2464 2490
f 2490 2489 460
f 460 2491 2490
f 2600 2583 2214
f 2214 1188 2600
f 2600 1188 2583
f 1258 1259 1189
f 1189 1188 1258
f 1190 1187 1189
f 1189 1259 1190
f 900 842 899
f 900 899 898
f 784 736 783
f 783 850 784
f 849 850 783
f 907 905 964
f 907 964 966
f 966 908 907
f 781 736 734
f 734 733 781
f 736 735 734
f 734 735 690
f 690 733 734
f 784 786 785
f 785 786 738
f 738 786 739
f 695 694 739
f 739 694 738
f 739 697 695
f 741 697 739
f 739 786 741
f 996 929 994
f 996 997 929
f 996 994 1069
f 996 1069 1070
f 1070 997 996
f 150 91 814
f 814 879 150
f 92 91 150
f 150 879 92
f 88 148 90
f 90 148 91
f 90 89 88
f 90 54 89
f 91 55 90
f 55 54 90
f 814 91 95
f 95 58 814
f 91 58 95
f 29 28 50
f 50 51 29
f 28 49 50
f 49 51 50
f 144 85 143
f 145 85 144
f 144 160 145
f 210 160 144
f 99 88 147
f 145 159 147
f 147 103 99
f 147 159 103
f 82 85 83
f 83 49 82
f 79 85 81
f 85 82 81
f 81 49 48
f 81 82 49
f 216 154 215
f 154 162 215
f 221 162 161
f 257 316 317
f 141 207 208
f 139 138 140
f 207 141 140
f 138 206 140
f 140 206 207
f 140 79 139
f 140 141 79
f 258 206 204
f 258 204 257
f 258 259 208
f 208 206 258
f 257 317 258
f 258 317 259
f 209 160 210
f 209 141 208
f 2371 2369 2343
f 2343 2370 2371
f 2371 2370 1289
f 1289 1337 2371
f 2364 2369 2371
f 2371 1337 2365
f 2365 2364 2371
f 2342 2302 1290
f 2342 1290 1289
f 1289 2370 2342
f 2342 2370 2343
f 2343 2302 2342
f 425 385 424
f 385 384 424
f 381 382 330
f 379 418 381
f 418 419 381
f 419 420 381
f 422 384 383
f 383 382 422
f 431 430 448
f 394 430 431
f 448 426 431
f 426 394 431
f 359 398 399
f 399 400 359
f 395 346 387
f 3590 2106 2105
f 2105 2104 3590
f 2105 2106 3602
f 3602 2104 2105
f 3638 3637 443
f 443 3652 3638
f 3638 3652 3635
f 3635 3623 3638
f 3623 3637 3638
f 2140 2139 2158
f 2158 2157 2140
f 445 456 446
f 456 447 446
f 3270 3269 3640
f 3244 3245 3228
f 3267 3245 3244
f 3228 4206 3229
f 3229 4206 4203
f 4203 3247 3248
f 3274 3247 4205
f 4205 3273 3274
f 4086 4085 4239
f 4239 4240 4086
f 4223 4236 4237
f 4237 4238 4223
f 4236 4238 4237
f 4243 4236 4235
f 4235 4234 4243
f 4235 4236 4223
f 4223 4234 4235
f 4477 4478 4456
f 4456 4251 4244
f 4479 4251 4456
f 4456 4478 4479
f 4244 4476 4456
f 4456 4476 4477
f 4245 4229 4244
f 4244 4246 4245
f 4231 4229 4245
f 4245 4236 4231
f 4245 4246 4236
f 4150 4166 4167
f 2172 2202 2203
f 2174 2147 2178
f 2174 2178 2175
f 2205 2204 2195
f 2205 2202 2175
f 2175 2204 2205
f 2203 2202 2211
f 2202 2205 2211
f 2204 2179 2193
f 2195 2204 2193
f 2150 2179 2151
f 2150 2151 2130
f 2150 2149 2140
f 2130 2129 2150
f 2150 2129 2149
f 2140 2161 2162
f 2162 2193 2179
f 2195 2193 2162
f 8 4 7
f 7 14 15
f 15 8 7
f 7 4 3
f 3 3757 7
f 7 3757 3758
f 13 14 7
f 3758 13 7
f 5 2216 1
f 1 4 5
f 5 4 9
f 1159 1085 1084
f 1159 1160 1085
f 1084 1087 1159
f 1159 1087 1162
f 6 1160 1230
f 1230 5 6
f 1160 1159 1230
f 3655 3643 3642
f 3655 3656 3643
f 3655 3642 3651
f 3651 3656 3655
f 3660 3665 3664
f 3664 3676 3660
f 3663 3676 3664
f 3650 3663 3664
f 3664 3665 3650
f 4514 4506 4516
f 4516 4517 4492
f 4497 4476 4229
f 4499 4478 4477
f 4477 4476 4499
f 4543 4541 2973
f 2970 2951 2973
f 2973 2951 2955
f 2973 4541 4529
f 2973 2978 2970
f 2983 2978 2973
f 2868 2861 2867
f 2867 4461 2868
f 4448 4461 2867
f 2867 4438 4448
f 2867 2861 4438
f 4460 4447 4459
f 4448 4447 4460
f 4459 4481 4460
f 4460 4481 4482
f 4460 4461 4448
f 2905 4520 2928
f 4520 4523 2928
f 4505 4525 2927
f 2927 2926 4505
f 4505 2926 2925
f 2925 4482 4505
f 4473 4493 4494
f 4473 4217 4211
f 4494 4217 4473
f 4492 4493 4473
f 4473 4491 4492
f 4211 4209 4473
f 4209 4491 4473
f 4229 4217 4228
f 4228 4225 4229
f 4217 4225 4228
f 4189 3220 3217
f 3222 3218 3217
f 3217 3221 3222
f 3217 3220 3221
f 3217 3218 3216
f 3217 4184 4189
f 3217 3216 4213
f 4213 4184 3217
f 4197 3220 4189
f 4204 3220 4197
f 4197 4189 4188
f 4188 4196 4197
f 4196 4204 4197
f 4097 4214 4105
f 4105 4106 4097
f 4097 4106 4214
f 4096 4214 4095
f 4214 4094 4095
f 4095 4094 4085
f 4095 4085 4087
f 4087 4096 4095
f 4090 4104 4091
f 4104 4092 4091
f 4107 4100 4190
f 4198 4191 4190
f 4190 4100 4088
f 4190 4088 4198
f 4148 4149 4136
f 4138 4137 4136
f 4150 4138 4136
f 4136 4149 4150
f 4136 4135 4148
f 4136 4122 4135
f 4136 4137 4122
f 4148 4135 4133
f 4133 4199 4148
f 4181 2191 4170
f 2191 4152 4170
f 4181 4170 4169
f 4169 4170 4152
f 4150 4167 4168
f 4168 4167 4180
f 4180 4169 4168
f 4168 4169 4152
f 4123 4114 4113
f 4113 4122 4123
f 3330 3304 3329
f 3329 3331 3308
f 3308 3330 3329
f 3329 3722 3331
f 3723 3722 3329
f 2310 3438 2278
f 2278 2277 2310
f 2309 2308 2351
f 2309 2277 2308
f 2309 2310 2277
f 2351 3438 2309
f 3438 2310 2309
f 2254 2230 2253
f 2253 2277 2254
f 2253 2230 2252
f 2253 2252 2276
f 2276 2277 2253
f 3435 3345 2217
f 3433 3434 3160
f 3160 3432 3433
f 3433 3437 3434
f 3433 2231 3437
f 3432 3435 3433
f 2217 2231 3433
f 3433 3435 2217
f 3691 3704 3703
f 3302 3281 3693
f 3281 3675 3693
f 3693 3675 3671
f 3693 3670 3302
f 3671 3670 3693
f 3654 3325 3295
f 3295 3640 3654
f 3640 3647 3654
f 3657 3659 3646
f 3659 3325 3646
f 3646 3644 3657
f 3646 3645 3644
f 3630 3645 3646
f 3646 3647 3630
f 3646 3654 3647
f 3325 3654 3646
f 2971 2966 2972
f 2959 2966 2971
f 2970 2959 2971
f 2971 2951 2970
f 2972 2951 2971
f 361 353 352
f 361 351 349
f 361 352 351
f 349 305 361
f 305 353 361
f 362 397 401
f 401 364 362
f 397 364 401
f 337 278 342
f 338 275 337
f 342 344 337
f 337 344 338
f 279 275 230
f 230 278 279
f 279 337 275
f 278 337 279
f 281 342 341
f 341 278 281
f 342 278 341
f 284 344 346
f 284 350 285
f 349 350 284
f 284 348 349
f 284 285 231
f 231 283 284
f 345 282 344
f 345 283 282
f 344 284 345
f 345 284 283
f 1479 41 1446
f 1446 2890 2889
f 2874 2875 2864
f 2864 2873 2874
f 2889 2890 2874
f 2874 2873 2889
f 2872 2886 2887
f 2887 2873 2872
f 2887 2886 2910
f 2910 2888 2887
f 2888 2873 2887
f 1520 1558 1559
f 73 1520 1559
f 1559 128 73
f 2169 2168 2198
f 2198 2201 2169
f 2169 2201 2177
f 2143 2168 2169
f 2169 2147 2143
f 2169 2177 2147
f 2180 2201 2200
f 2183 2180 2200
f 2200 2168 2183
f 2198 2168 2200
f 2200 2201 2198
f 359 2183 2199
f 2199 360 359
f 2183 2168 2199
f 21 1446 41
f 2091 2082 2090
f 2090 2112 2091
f 4480 4251 4479
f 4479 4474 4480
f 4250 4251 4480
f 4480 4457 4250
f 4480 4474 4457
f 4504 4496 4520
f 4504 4520 4526
f 4525 4505 4504
f 4526 2927 4504
f 2927 4525 4504
f 4504 4505 4482
f 4519 4495 4500
f 4519 4496 4495
f 4500 4520 4519
f 4520 4496 4519
f 2102 4158 4144
f 4437 4436 4442
f 4442 4443 4437
f 4429 4443 4442
f 4431 4443 4429
f 4446 4443 4431
f 4431 4430 4445
f 4445 4446 4431
f 4083 4092 4093
f 4083 4089 4090
f 4090 4091 4083
f 4083 4091 4092
f 4428 4111 4427
f 4427 4437 4438
f 4438 4428 4427
f 4427 4436 4437
f 2455 2454 3980
f 3980 4009 2455
f 2455 4010 2454
f 2455 4009 4010
f 2750 774 2754
f 2751 2714 2750
f 2751 726 2714
f 2750 2754 2751
f 774 726 2751
f 2751 2754 774
f 629 627 630
f 630 585 629
f 628 627 629
f 629 585 628
f 587 632 633
f 633 634 587
f 673 634 633
f 633 672 673
f 633 632 672
f 4032 4001 1106
f 1106 4028 4032
f 4032 4028 4001
f 3131 3130 3129
f 3129 4014 3131
f 3129 3130 3117
f 4043 4042 4041
f 4041 4063 4043
f 3116 3117 3099
f 3116 3129 3117
f 4014 3129 3116
f 3059 3075 3421
f 3421 3427 3059
f 2392 2401 2393
f 2392 3427 2401
f 2392 3059 3427
f 2393 3075 2392
f 3075 3059 2392
f 3424 3420 2474
f 2474 2448 3424
f 3420 2448 2474
f 2414 2995 2400
f 2414 2447 2995
f 2398 2413 2414
f 2414 2400 2398
f 2413 2446 2414
f 2446 2447 2414
f 1978 2598 3149
f 3150 1978 3149
f 3149 3155 3150
f 3154 3155 3149
f 3204 3206 3205
f 3205 3176 3204
f 3179 3178 3205
f 3205 3206 3179
f 3033 1892 3044
f 3044 3034 3033
f 3033 3034 1892
f 3008 3035 3009
f 3008 3034 3035
f 3007 3034 3008
f 3009 2993 3008
f 2993 3007 3008
f 2584 2586 2585
f 2586 2574 2585
f 2585 2573 2584
f 2585 2574 2573
f 2777 535 2740
f 2818 535 2777
f 2740 2776 2777
f 2777 2776 2818
f 2395 2396 2672
f 2672 2389 2395
f 2395 2389 490
f 490 2406 2395
f 2406 2396 2395
f 2305 2272 2304
f 2344 2305 2304
f 2304 2341 2344
f 2304 2302 2341
f 2304 2272 2302
f 2643 2642 2660
f 2643 2660 2661
f 2643 2661 2644
f 2644 2625 2643
f 2659 1039 959
f 959 2660 2659
f 2660 2642 2659
f 2606 2623 2624
f 2607 2606 2624
f 2624 2625 2607
f 2624 2643 2625
f 2642 2643 2624
f 2632 2614 1039
f 2632 2623 2614
f 1039 2642 2632
f 2269 2268 2563
f 2269 2563 2297
f 2297 2270 2269
f 2241 2268 2269
f 2269 2270 2241
f 2613 2612 2631
f 2613 2599 2612
f 2631 2614 2613
f 2614 2599 2613
f 2032 2034 3164
f 3164 3184 2032
f 2032 2007 2034
f 2032 3184 2007
f 2765 2733 2764
f 2764 2799 2765
f 2766 2735 2765
f 2765 2798 2766
f 2799 2798 2765
f 3020 3021 2997
f 2997 2670 3020
f 3020 2670 3021
f 2387 2987 2386
f 2386 2987 2698
f 2735 2387 2386
f 2386 2698 2735
f 2387 2996 2388
f 2388 2987 2387
f 2388 2996 2997
f 2997 2987 2388
f 2694 2693 2728
f 2728 2729 2694
f 2667 2693 2694
f 2071 2747 2780
f 2780 2821 2071
f 2070 2747 2071
f 2071 2826 2070
f 2071 2821 2826
f 2763 2794 2792
f 2792 2793 2763
f 2794 2793 2792
f 2050 2793 2020
f 2825 2793 2050
f 2020 2019 2050
f 2050 2019 2018
f 2018 2825 2050
f 2819 2780 2779
f 2819 2822 2780
f 2819 2779 2781
f 2781 2822 2819
f 2820 2821 2780
f 2780 2822 2820
f 2826 2821 2820
f 3441 3440 2354
f 3440 3442 2354
f 2313 3441 2354
f 2354 2355 2313
f 2354 3442 2355
f 2375 3445 2347
f 2373 2379 2375
f 2375 2347 2373
f 2379 2353 2375
f 2353 2378 2375
f 2355 3212 3444
f 3199 3446 3444
f 3444 3212 3199
f 1979 1978 3150
f 3150 1972 1979
f 2218 2232 2219
f 3429 2232 2218
f 2219 1978 2218
f 3835 3831 3845
f 3835 3826 3831
f 3827 3826 3835
f 3835 3837 3827
f 3835 3845 3837
f 2963 2943 2945
f 2943 2916 2945
f 2945 2916 1849
f 1849 1826 2945
f 2945 1825 2963
f 2945 1826 1825
f 1849 2916 2942
f 2942 2916 2915
f 1850 1849 2942
f 2942 2915 1850
f 2937 2916 2944
f 2944 2956 2937
f 2944 2916 2943
f 2943 2956 2944
f 2957 2956 2958
f 2958 2938 2957
f 2957 2938 2956
f 3903 1626 3926
f 1626 1680 3926
f 3926 3928 3903
f 3926 1680 3928
f 3872 3871 3880
f 3880 3869 3872
f 3862 3871 3872
f 3872 3863 3862
f 3872 3869 3863
f 973 974 914
f 978 974 973
f 973 914 915
f 915 978 973
f 1060 1059 1126
f 1060 980 1059
f 1054 1060 1126
f 1058 1022 1024
f 1022 944 1024
f 1096 1021 1015
f 1169 1132 1096
f 1058 1024 1096
f 1096 1024 1021
f 1012 939 1477
f 1477 939 880
f 880 1474 1477
f 1011 1451 1012
f 1452 1451 1011
f 1473 1485 1486
f 1486 1474 1473
f 1486 1485 1452
f 1089 1013 1012
f 1012 1088 1089
f 1092 1166 1097
f 1097 1166 1099
f 1097 1016 1092
f 1238 1166 1237
f 1237 1236 1235
f 1235 1292 1237
f 1237 1292 1295
f 1295 1238 1237
f 1171 1166 1238
f 1171 1242 1172
f 1238 1242 1171
f 1172 1099 1171
f 1099 1166 1171
f 1494 1455 1487
f 1487 1488 1494
f 1455 1453 1487
f 1453 1488 1487
f 2934 1600 1601
f 1601 2935 2934
f 1599 1600 2934
f 2934 1647 1599
f 2934 2930 1647
f 2933 2930 2934
f 2910 2933 2934
f 2934 2935 2910
f 1731 1733 1766
f 1766 1732 1731
f 1766 1765 1732
f 1733 1716 1766
f 1766 1716 1765
f 1763 1716 1714
f 1764 1716 1763
f 1714 1762 1763
f 1532 1531 1503
f 1501 1531 1532
f 1532 1503 1502
f 1502 1501 1532
f 1461 1500 1462
f 1498 1500 1461
f 1460 1498 1461
f 1461 1436 1460
f 1461 1462 1436
f 1564 1531 1530
f 1531 1500 1530
f 1528 1564 1530
f 1530 1526 1528
f 1530 1500 1526
f 1703 1686 1736
f 1736 1735 1703
f 1686 1735 1736
f 1790 1818 1819
f 1819 1818 1805
f 1819 1793 1790
f 1819 1805 1793
f 1861 1876 1877
f 1877 1878 1861
f 1876 1883 1877
f 1883 1878 1877
f 1243 1244 1174
f 1243 1242 1244
f 1174 1173 1243
f 1173 1242 1243
f 3958 3951 3950
f 3958 3960 3951
f 3958 3950 3957
f 3957 3971 3958
f 3958 3971 3960
f 3942 3944 3941
f 3941 1381 3942
f 3943 3947 1381
f 1381 3941 3943
f 3948 3947 3943
f 3943 3941 3944
f 3943 3944 3948
f 1342 1341 1297
f 1240 1241 1297
f 1326 1341 1365
f 1365 1364 1326
f 1326 1364 1325
f 1016 1097 1098
f 1098 1097 1099
f 1102 1101 1104
f 1104 1019 1102
f 1104 1101 1175
f 1175 1177 1104
f 1170 1241 1240
f 1170 1177 1241
f 1308 1298 1250
f 1308 1250 1307
f 1306 1343 1308
f 1308 1307 1306
f 1343 1344 1299
f 1299 1344 1342
f 1299 1308 1343
f 1298 1308 1299
f 1342 1297 1299
f 1241 1298 1299
f 1299 1297 1241
f 1133 1134 1058
f 1058 1132 1133
f 1133 1132 1134
f 1202 1203 1134
f 1134 1132 1202
f 3966 3953 3965
f 3965 1030 3966
f 3965 3953 958
f 958 1030 3965
f 835 895 836
f 836 773 835
f 837 773 836
f 2461 2431 2460
f 2429 2405 2431
f 2429 2456 2428
f 2431 2456 2429
f 2404 837 897
f 2404 2429 2428
f 2405 2429 2404
f 956 1032 957
f 956 957 894
f 1031 1032 956
f 1036 1031 956
f 956 1027 1033
f 954 1028 956
f 956 1028 1027
f 956 1035 1036
f 1034 1035 956
f 956 1033 1034
f 825 891 827
f 827 768 825
f 828 827 891
f 768 827 828
f 769 770 719
f 719 768 769
f 768 828 769
f 772 833 834
f 834 835 772
f 834 895 835
f 894 895 834
f 892 891 951
f 892 833 891
f 890 891 825
f 890 947 891
f 890 825 889
f 889 947 890
f 949 950 889
f 889 948 949
f 949 948 950
f 1114 1189 1187
f 1188 1189 1114
f 2583 1188 1114
f 1114 1115 1039
f 1187 1115 1114
f 1039 2612 1114
f 1114 2599 2583
f 2612 2599 1114
f 842 900 901
f 901 961 962
f 901 963 903
f 962 963 901
f 903 844 901
f 844 842 901
f 782 736 781
f 782 783 736
f 845 780 844
f 781 780 845
f 784 785 737
f 737 785 738
f 737 736 784
f 693 736 737
f 737 738 693
f 145 147 146
f 48 79 80
f 80 81 48
f 79 81 80
f 222 215 162
f 162 221 222
f 161 160 220
f 220 221 161
f 220 261 221
f 208 261 220
f 220 209 208
f 160 209 220
f 318 317 372
f 323 318 372
f 372 315 323
f 316 315 372
f 372 317 316
f 142 144 143
f 210 144 142
f 79 141 142
f 142 209 210
f 141 209 142
f 143 85 142
f 142 85 79
f 380 330 379
f 379 381 380
f 380 381 330
f 421 422 382
f 382 381 421
f 421 447 425
f 421 446 447
f 421 381 420
f 421 420 445
f 445 446 421
f 398 397 396
f 397 348 396
f 435 399 398
f 400 399 435
f 398 396 435
f 435 396 395
f 434 433 400
f 434 395 433
f 400 435 434
f 434 435 395
f 428 433 429
f 433 395 429
f 429 395 387
f 387 386 429
f 429 386 428
f 346 395 347
f 347 284 346
f 348 284 347
f 347 396 348
f 395 396 347
f 2139 2138 2136
f 2136 2158 2139
f 2157 2158 2136
f 3641 3640 3295
f 3295 3266 3641
f 3243 3268 3269
f 3269 3270 3243
f 3243 3248 3268
f 3243 3266 3267
f 3267 3244 3243
f 3243 3641 3266
f 3243 3244 3228
f 3243 3270 3640
f 3640 3641 3243
f 3228 3229 3243
f 3243 3229 4203
f 4203 3248 3243
f 3300 3273 3299
f 3300 3274 3273
f 3299 3326 3300
f 3275 3248 3247
f 3247 3274 3275
f 3268 3248 3275
f 3275 3274 3268
f 2210 2205 2195
f 2210 2211 2205
f 2140 2162 2163
f 2163 2162 2179
f 2163 2150 2140
f 2179 2150 2163
f 18 12 11
f 11 12 6
f 6 5 11
f 2216 5 2
f 5 1230 2
f 2225 2226 2215
f 2226 2216 2215
f 2215 1230 1159
f 2215 1162 2225
f 2215 1159 1162
f 4534 4535 4518
f 4522 4535 4530
f 4530 4516 4529
f 4492 4514 4515
f 4515 4516 4492
f 4514 4516 4515
f 4527 4516 4506
f 4527 4506 2982
f 4527 2982 2979
f 2979 2983 4527
f 2983 2973 4527
f 4521 4535 4522
f 4522 4497 4521
f 4518 4535 4521
f 4521 4225 4518
f 4229 4225 4521
f 4521 4497 4229
f 4498 4499 4476
f 4498 4497 4522
f 4476 4497 4498
f 2903 4482 2925
f 2903 4460 4482
f 2925 2904 2903
f 2904 2881 2903
f 2929 4523 2923
f 2929 2928 4523
f 2923 2905 2929
f 2905 2928 2929
f 4523 4524 4539
f 2955 4523 4539
f 4539 2973 2955
f 4543 2973 4539
f 4501 4523 4500
f 4501 4524 4523
f 4522 4524 4501
f 4500 4478 4501
f 4478 4499 4501
f 4501 4498 4522
f 4499 4498 4501
f 4183 4107 4185
f 4107 4190 4185
f 4185 4190 4191
f 4185 4186 4183
f 4193 4186 4185
f 4185 4192 4193
f 4191 4192 4185
f 4134 4135 4121
f 4121 4133 4134
f 4134 4133 4135
f 4121 4199 4131
f 4131 4133 4121
f 4199 4133 4131
f 4180 4167 4179
f 4179 4169 4180
f 4181 4169 4179
f 4151 4138 4150
f 4150 4168 4151
f 4151 4152 4138
f 4151 4168 4152
f 4124 4123 4122
f 4114 4123 4124
f 3688 3668 3667
f 3431 3435 3432
f 3431 3159 3324
f 3431 3432 3159
f 3324 3345 3431
f 3345 3435 3431
f 3304 3670 3692
f 3692 3703 3304
f 3692 3670 3691
f 3691 3703 3692
f 3706 3688 3705
f 3705 3704 3706
f 1479 1446 1478
f 1478 1446 2889
f 1518 1479 1478
f 1478 1517 1518
f 2888 1517 1478
f 1478 2889 2888
f 1446 21 1427
f 1427 21 41
f 128 1559 1612
f 1612 1559 1558
f 304 360 2197
f 2166 304 2197
f 2197 2168 2166
f 2112 2090 72
f 71 124 72
f 72 124 125
f 72 125 126
f 126 2112 72
f 4481 4496 4502
f 4482 4481 4502
f 4132 2102 4145
f 2102 4144 4145
f 4146 4144 4158
f 4146 4145 4144
f 4132 4145 4146
f 4163 4156 4146
f 4146 4162 4163
f 4146 4156 4143
f 4087 4130 4084
f 4130 4083 4084
f 4084 4093 4087
f 4084 4083 4093
f 4429 4442 4432
f 4432 4442 4436
f 4116 4129 4130
f 4116 4128 4129
f 4115 4128 4116
f 3137 4014 3141
f 4014 4043 3141
f 3142 3137 3141
f 4064 4043 4063
f 4064 4063 4062
f 4062 4076 4064
f 4064 3143 3142
f 3142 3141 4064
f 4064 3141 4043
f 4076 3144 4064
f 4064 3144 3143
f 3098 3116 3099
f 3099 3075 3098
f 4011 4012 3982
f 3982 2393 2402
f 3982 2403 4011
f 2402 2403 3982
f 1980 2598 1988
f 1988 1989 1980
f 1980 1989 1981
f 1980 1981 3154
f 3177 3205 3178
f 3176 3205 3177
f 3177 3178 3162
f 3162 3176 3177
f 2658 2642 1039
f 1039 2659 2658
f 2658 2659 2642
f 2642 2624 2641
f 2641 2624 2623
f 2641 2632 2642
f 2623 2632 2641
f 2698 2733 2734
f 2733 2765 2734
f 2735 2698 2734
f 2734 2765 2735
f 2695 2729 2730
f 2695 2694 2729
f 2695 2703 2676
f 2695 2676 2667
f 2667 2694 2695
f 2704 2703 2695
f 2695 2730 2704
f 2826 2820 2837
f 2837 2820 2822
f 2837 2793 2826
f 2795 2793 2837
f 2837 2822 2795
f 3446 3445 2385
f 3445 2375 2385
f 2385 3444 3446
f 2375 3444 2385
f 2380 2378 2355
f 2355 3444 2380
f 2380 2375 2378
f 2380 3444 2375
f 1971 1972 3429
f 3429 2218 1971
f 1971 1979 1972
f 1978 1979 1971
f 1971 2218 1978
f 917 980 979
f 979 1054 976
f 979 916 917
f 976 916 979
f 1055 1054 1126
f 976 1054 1055
f 1126 1127 1055
f 1127 1125 1055
f 1053 976 1055
f 1055 1125 1053
f 944 1021 1023
f 1023 1024 944
f 1021 1024 1023
f 1094 1096 1015
f 1169 1096 1094
f 1094 1015 1014
f 1014 1093 1094
f 1131 1132 1058
f 1058 1096 1131
f 1131 1096 1132
f 1474 1486 1484
f 1452 1011 1484
f 1484 1486 1452
f 1088 1451 1483
f 1451 1450 1483
f 1432 1451 1452
f 1432 1450 1451
f 1432 1453 1433
f 1452 1453 1432
f 1092 1013 1091
f 1091 1166 1092
f 1764 1763 1783
f 1783 1763 1762
f 1737 1764 1783
f 1783 1762 1737
f 1366 1356 1327
f 1327 1270 1325
f 1327 1364 1366
f 1325 1364 1327
f 1328 1356 1318
f 1328 1327 1356
f 1270 1327 1328
f 1205 1270 1263
f 1263 1194 1205
f 1205 1194 1136
f 1296 1297 1341
f 1341 1326 1296
f 1240 1297 1296
f 1099 1018 1017
f 1017 1098 1099
f 1016 1098 1017
f 941 1016 1017
f 1017 1018 941
f 1103 1104 1177
f 1177 1170 1103
f 1019 1104 1103
f 1103 1020 1019
f 1167 1132 1169
f 1167 1202 1132
f 1169 1094 1167
f 1167 1094 1093
f 837 836 896
f 896 836 895
f 896 895 894
f 894 897 896
f 897 837 896
f 2428 2456 838
f 838 2404 2428
f 837 2404 838
f 838 773 837
f 838 2456 773
f 2460 773 2488
f 2488 2461 2460
f 897 3953 2394
f 2394 2404 897
f 2394 3953 3967
f 3967 2405 2394
f 2405 2404 2394
f 894 954 955
f 955 956 894
f 954 956 955
f 832 828 891
f 891 833 832
f 832 772 831
f 832 833 772
f 770 769 829
f 829 769 828
f 893 892 951
f 893 952 894
f 951 952 893
f 833 892 893
f 894 834 893
f 893 834 833
f 960 901 900
f 960 898 959
f 960 900 898
f 959 961 960
f 961 901 960
f 783 782 847
f 844 905 902
f 902 845 844
f 902 847 845
f 86 85 145
f 145 146 86
f 87 51 86
f 51 85 86
f 88 87 86
f 86 147 88
f 86 146 147
f 323 268 266
f 266 318 323
f 215 222 266
f 266 268 216
f 216 215 266
f 260 222 221
f 221 261 260
f 318 266 260
f 260 266 222
f 260 261 208
f 208 259 260
f 260 317 318
f 259 317 260
f 384 422 423
f 422 421 423
f 423 424 384
f 425 424 423
f 423 421 425
f 2114 2138 2117
f 2114 2136 2138
f 2113 2136 2114
f 2160 2157 2190
f 2190 2161 2160
f 2190 2162 2161
f 3296 3300 3326
f 3274 3300 3296
f 3297 3268 3296
f 3268 3274 3296
f 2173 2172 2203
f 10 5 9
f 10 11 5
f 10 9 18
f 18 11 10
f 2216 2 2212
f 2212 2 1230
f 2212 2215 2216
f 1230 2215 2212
f 4517 4516 4532
f 4535 4534 4531
f 4531 4530 4535
f 4516 4530 4531
f 4531 4532 4516
f 4534 4532 4531
f 4518 4517 4533
f 4533 4534 4518
f 4517 4532 4533
f 4533 4532 4534
f 4522 4530 4537
f 4537 4529 4542
f 4537 4530 4529
f 4529 4516 4528
f 4516 4527 4528
f 4528 2973 4529
f 4528 4527 2973
f 2900 2903 2881
f 4460 2903 2900
f 2881 4461 2900
f 4461 4460 2900
f 4173 4179 4167
f 3346 3667 3668
f 3329 3667 3346
f 3346 3668 3723
f 3723 3329 3346
f 3687 3703 3704
f 3704 3705 3687
f 3304 3703 3687
f 3687 3705 3688
f 3687 3329 3304
f 3688 3667 3687
f 3687 3667 3329
f 2890 1446 2877
f 1446 1427 2877
f 2877 2874 2890
f 2877 1427 2874
f 41 20 2866
f 2866 1427 41
f 2874 1427 2866
f 2866 20 2875
f 2875 2874 2866
f 193 1558 1611
f 193 1612 1558
f 1611 128 193
f 128 1612 193
f 360 2199 357
f 357 2197 360
f 357 2199 2168
f 2168 2197 357
f 40 2090 2082
f 40 72 2090
f 71 72 40
f 41 71 40
f 40 2082 41
f 4496 4504 4503
f 4503 4502 4496
f 4503 4504 4482
f 4482 4502 4503
f 4085 4086 4426
f 4426 4086 4240
f 4429 4432 4426
f 4127 4128 4115
f 4132 4129 4119
f 4129 4128 4119
f 4119 4118 4132
f 4119 4111 4118
f 4013 4043 4014
f 4013 3982 4012
f 4012 4042 4013
f 4042 4043 4013
f 4014 3116 3983
f 3983 4013 4014
f 3982 4013 3983
f 3116 3098 3983
f 2393 3982 3983
f 3983 3075 2393
f 3983 3098 3075
f 3148 3149 2598
f 2598 1980 3148
f 3154 3149 3148
f 3148 1980 3154
f 1057 979 980
f 1054 979 1057
f 980 1060 1057
f 1060 1054 1057
f 1474 1484 1512
f 1512 1484 1011
f 1512 1477 1474
f 1012 1477 1512
f 1512 1011 1012
f 1164 1089 1088
f 1415 1433 1428
f 1415 1432 1433
f 1406 1417 1415
f 1428 1413 1415
f 1415 1413 1406
f 1317 1328 1318
f 1270 1328 1317
f 1317 1318 1263
f 1263 1270 1317
f 1270 1205 1204
f 1204 1135 1134
f 1136 1135 1204
f 1204 1205 1136
f 1134 1203 1204
f 1203 1270 1204
f 1269 1326 1325
f 1269 1296 1326
f 1240 1296 1269
f 1203 1202 1269
f 1325 1270 1269
f 1269 1270 1203
f 1095 1103 1170
f 1020 1103 1095
f 1014 1020 1095
f 1095 1093 1014
f 1168 1167 1093
f 1093 1095 1168
f 1168 1095 1170
f 1168 1170 1240
f 2461 2488 2462
f 2462 2456 2431
f 2431 2461 2462
f 773 2456 2462
f 2462 2488 773
f 830 832 831
f 828 832 830
f 830 829 828
f 830 831 770
f 770 829 830
f 846 782 781
f 846 847 782
f 781 845 846
f 845 847 846
f 847 902 848
f 849 783 848
f 783 847 848
f 906 849 848
f 905 907 848
f 848 902 905
f 848 908 906
f 848 907 908
f 2085 3584 3588
f 2096 3584 2085
f 4139 2113 2093
f 2113 2114 2093
f 2157 2136 2156
f 2156 2190 2157
f 3327 3326 3297
f 3297 3296 3327
f 3327 3296 3326
f 4538 4524 4522
f 4522 4537 4538
f 4174 4173 4167
f 4174 4166 4175
f 4174 4167 4166
f 4175 4162 4161
f 4161 4174 4175
f 4173 4174 4161
f 4162 4146 4161
f 4089 4083 4141
f 4141 4155 4089
f 4132 4146 4140
f 4146 4153 4140
f 4140 4129 4132
f 4155 4141 4140
f 4130 4129 4140
f 4140 4141 4130
f 4159 4153 4146
f 4117 4130 4087
f 4117 4116 4130
f 4115 4116 4110
f 4116 4117 4110
f 4087 4085 4110
f 4110 4117 4087
f 4425 4426 4240
f 4425 4240 4242
f 4429 4426 4425
f 4242 4241 4425
f 4241 4430 4425
f 4425 4431 4429
f 4430 4431 4425
f 4433 4127 4115
f 4432 4127 4433
f 4115 4426 4433
f 4433 4426 4432
f 4435 4432 4436
f 4435 4127 4432
f 4436 4427 4435
f 4427 4127 4435
f 4120 4119 4128
f 4120 4127 4427
f 4128 4127 4120
f 4120 4427 4111
f 4111 4119 4120
f 1166 1091 1090
f 1090 1091 1013
f 1013 1089 1090
f 1089 1164 1090
f 1166 1090 1165
f 1165 1090 1164
f 1235 1236 1165
f 1165 1234 1235
f 1236 1237 1165
f 1165 1237 1166
f 1239 1269 1202
f 1202 1167 1239
f 1167 1168 1239
f 1240 1269 1239
f 1239 1168 1240
f 4114 4124 4125
f 4124 2093 4125
f 3588 4109 2084
f 2084 2085 3588
f 4139 2093 4126
f 4126 2093 4124
f 4138 4139 4126
f 4126 4122 4138
f 4126 4124 4122
f 2116 2114 2117
f 2134 4139 4152
f 2134 2113 4139
f 2162 2190 2189
f 2207 2210 2195
f 2211 2210 2207
f 4540 4539 4524
f 4524 4538 4540
f 4543 4539 4540
f 4540 4537 4542
f 4540 4538 4537
f 4542 4541 4540
f 4540 4541 4543
f 4179 4173 4172
f 4181 4179 4172
f 4173 4161 4172
f 2203 4181 4172
f 4172 2173 2203
f 2172 2173 4172
f 4142 4083 4130
f 4130 4141 4142
f 4142 4141 4083
f 4153 4159 4154
f 4155 4140 4154
f 4154 4140 4153
f 4143 4089 4154
f 4089 4155 4154
f 4154 4146 4143
f 4154 4159 4146
f 4434 4426 4115
f 4115 4110 4434
f 4085 4426 4434
f 4434 4110 4085
f 1163 1165 1164
f 1088 1483 1163
f 1163 1164 1088
f 1417 1234 1233
f 1234 1165 1233
f 2083 4125 2093
f 4114 4125 2083
f 2083 4109 4114
f 2083 2084 4109
f 2115 2093 2114
f 2114 2116 2115
f 2195 2162 2194
f 2162 2189 2194
f 2194 2189 2188
f 2192 2191 2203
f 2203 2211 2206
f 2211 2207 2206
f 4160 4172 4161
f 2172 4172 4160
f 4160 4158 2171
f 4160 4146 4158
f 4160 4161 4146
f 2171 2170 4160
f 2202 2172 4160
f 4160 2170 2144
f 4160 2176 2202
f 2175 2176 4160
f 4160 2144 2148
f 4160 2174 2175
f 2148 2147 4160
f 2147 2174 4160
f 1482 1483 1450
f 1482 1163 1483
f 1165 1163 1482
f 1432 1415 1291
f 1291 1233 1432
f 1291 1415 1417
f 1417 1233 1291
f 1450 1432 1232
f 1432 1233 1232
f 1232 1482 1450
f 1232 1233 1165
f 1165 1482 1232
f 2094 2093 2085
f 2094 2083 2093
f 2085 2084 2094
f 2084 2083 2094
f 2095 2115 2116
f 2095 2116 2117
f 2085 2093 2095
f 2093 2115 2095
f 2095 2117 2096
f 2096 2085 2095
f 2190 2156 2155
f 2155 2189 2190
f 2188 2189 2155
f 2134 2153 2135
f 2135 2156 2136
f 2135 2155 2156
f 2153 2155 2135
f 2135 2136 2113
f 2113 2134 2135
f 2154 2153 2134
f 2208 2207 2195
f 2195 2194 2208
f 2188 2207 2208
f 2208 2194 2188
f 2209 2192 2203
f 2203 2206 2209
f 2209 2206 2192
f 2188 2155 2187
f 2187 2207 2188
f 2185 2153 2184
f 2185 2155 2153
f 2184 2192 2185
f 2192 2206 2185
f 2185 2206 2207
f 2137 2134 4152
f 2137 2154 2134
f 2184 2153 2159
f 2153 2154 2159
f 2154 2137 2159
f 2159 2137 4152
f 2159 4152 2191
f 2191 2192 2159
f 2159 2192 2184
f 2186 2187 2155
f 2155 2185 2186
f 2207 2187 2186
f 2186 2185 2207
f 31 30 52
f 52 53 31
f 2059 2037 2035
f 2035 2061 2059
f 1229 1086 1158
f 1161 1086 1229

